ec5_uuid,created_at,uploaded_at,recordedBy,title,lat_gps,long_gps,accuracy_gps,UTM_Northing_gps,UTM_Easting_gps,UTM_Zone_gps,eventDate,verbatimEventDate,eventTime,vernacularName,individualCount,occurrenceRemarks,habitat,photo,eventRemarks
88d4d67d-fd7c-4cb7-8e91-800d13a76740,2024-10-04T04:49:29.000Z,2024-10-04T04:49:35.000Z,Ganesh Raghunathan,01/10/2024 Elephant Sighting,10.366827,76.988201,4,1146650,717690,43P,2024-10-01,01/10/2024,15:17,Elephant,2,Sighting,Other,88d4d67d-fd7c-4cb7-8e91-800d13a76740_1728017345.jpg,Bordering the PA
ba04ef43-76c5-4b53-bba9-329bd04d9d77,2024-09-12T12:27:55.000Z,2024-09-13T04:46:41.000Z,Srinivasan Kasinathan,12/09/2024 Nilgiri Tahr Sighting,10.449574,76.983368,8,1155801,717103,43P,2024-09-12,12/09/2024,17:57,Nilgiri Tahr,6,Sighting,Human settlement/habitation,NA,NA
8e5ebac5-3742-43b5-961d-750c0b341828,2024-09-12T05:46:59.000Z,2024-09-13T06:13:35.000Z,Divya Mudappa,12/09/2024 Nilgiri Langur Sighting,10.342737,76.933735,17,1143948,711740,43P,2024-09-12,12/09/2024,11:16,Nilgiri Langur,2,Sighting,Rainforest fragment,NA,NA
0409153f-9754-4e85-a670-a0b339ea8f15,2024-09-12T05:44:40.000Z,2024-09-13T06:13:33.000Z,Divya Mudappa,12/09/2024 Bonnet Macaque Sighting,10.342847,76.933871,15,1143961,711755,43P,2024-09-12,12/09/2024,11:14,Bonnet Macaque,10,Sighting,Rainforest fragment,NA,NA
2b431312-3293-4689-846e-83e3070ddefa,2024-09-12T03:05:14.000Z,2024-09-13T06:13:31.000Z,Divya Mudappa,12/09/2024 Gaur Sighting,10.330332,76.961195,3384,1142594,714757,43P,2024-09-12,12/09/2024,08:34,Gaur,9,Sighting,Tea Plantation,NA,Going into the selaliparai 1 fragment
9bbd73a3-061e-42e4-98f8-eee1f6f6531f,2024-09-10T13:03:30.000Z,2024-09-13T04:46:39.000Z,Srinivasan Kasinathan,10/09/2024 Nilgiri Tahr Sighting,10.448674,76.984308,4,1155702,717207,43P,2024-09-10,10/09/2024,18:28,Nilgiri Tahr,2,Sighting,Human settlement/habitation,NA,NA
c3a30312-e94c-47c4-9fe7-cc6121ed06d3,2024-09-09T12:10:11.000Z,2024-09-13T04:46:37.000Z,Srinivasan Kasinathan,09/09/2024 Sambar Sighting,NA,NA,NA,NA,NA,NA,2024-09-09,09/09/2024,17:35,Sambar,1,Sighting,Tea Plantation,NA,NA
be2e4ed5-3558-4e76-a402-10b9433a6914,2024-09-09T11:43:59.000Z,2024-09-13T04:46:35.000Z,Srinivasan Kasinathan,09/09/2024 Nilgiri Langur Sighting,10.349174,76.934735,8,1144661,711845,43P,2024-09-09,09/09/2024,17:12,Nilgiri Langur,5,Sighting,Coffee plantation,NA,NA
6f916cf9-77ed-4867-9f1c-a5795405a10e,2024-09-09T02:34:00.000Z,2024-09-13T04:46:32.000Z,Srinivasan Kasinathan,09/09/2024 Nilgiri Langur Sighting,10.301997,76.882783,4,1139408,706186,43P,2024-09-09,09/09/2024,08:03,Nilgiri Langur,1,Sighting,Human settlement/habitation,NA,NA
7f5b4382-c461-4b19-8b62-59493e676363,2024-09-07T12:50:44.000Z,2024-09-13T04:46:30.000Z,Srinivasan Kasinathan,07/09/2024 Gaur Sighting,10.346348,76.972841,4,1144374,716021,43P,2024-09-07,07/09/2024,18:20,Gaur,31,Sighting,Tea Plantation,NA,NA
9347643f-b8e4-4480-bd3e-1431a4b7701f,2024-09-07T06:00:13.000Z,2024-09-07T06:00:28.000Z,Ganesh Raghunathan,"06/09/2024 Lion-tailed Macaque Electrocution, Death",10.339448,76.965562,4,1143606,715229,43P,2024-09-06,06/09/2024,09:30,Lion-tailed Macaque,1,"Electrocution, Death",Human settlement/habitation,9347643f-b8e4-4480-bd3e-1431a4b7701f_1725688809.jpg,Adult female
398d2f90-89d2-4d01-8e97-ce6a52b69a59,2024-09-07T00:58:06.000Z,2024-09-13T04:46:28.000Z,Srinivasan Kasinathan,07/09/2024 Jungle-striped Squirrel Sighting,10.308324,76.851166,3,1140088,702718,43P,2024-09-07,07/09/2024,06:27,Jungle-striped Squirrel,2,Sighting,Tea Plantation,NA,NA
722a1685-33fa-4dc4-aabb-607adfc18802,2024-09-07T00:57:25.000Z,2024-09-13T04:46:26.000Z,Srinivasan Kasinathan,07/09/2024 Barking Deer Sighting,10.308323,76.851147,3,1140088,702716,43P,2024-09-07,07/09/2024,06:26,Barking Deer,1,Sighting,Tea Plantation,NA,NA
64270d38-ebe5-4d5e-ac65-37dad6c5dbab,2024-09-06T15:19:07.000Z,2024-09-13T04:46:23.000Z,Srinivasan Kasinathan,06/09/2024 Black-Naped Hare Sighting,10.313279,76.857501,4,1140640,703409,43P,2024-09-06,06/09/2024,20:48,Black-Naped Hare,2,Sighting,Tea Plantation,NA,NA
f38d2e5f-7461-40d7-8cae-b547863fc68e,2024-09-06T14:26:52.000Z,2024-09-08T11:05:14.000Z,Divya Mudappa,06/09/2024 Sambar Sign-vocalisation,10.330268,76.959988,12,1142586,714624,43P,2024-09-06,06/09/2024,19:56,Sambar,1,Sign-vocalisation,Tea Plantation,NA,Heard from home
385140bb-ffe0-487a-a163-4ec56a09e732,2024-09-06T05:40:16.000Z,2024-10-04T03:16:20.000Z,A. Sathish Kumar,06/09/2024 Nilgiri Langur Sighting,10.286576,77.005283,13,1137784,719616,43P,2024-09-06,06/09/2024,11:07,Nilgiri Langur,9,Sighting,Rainforest,385140bb-ffe0-487a-a163-4ec56a09e732_1725601168.jpg,Riverside
8f09398e-6633-456c-abfb-4a697b723fc7,2024-09-06T05:00:26.000Z,2024-09-06T14:11:12.000Z,Srinivasan Kasinathan,06/09/2024 Nilgiri Langur Sighting,10.303081,76.841214,8,1139502,701631,43P,2024-09-06,06/09/2024,10:30,Nilgiri Langur,3,Sighting,Rainforest fragment,NA,NA
7a164221-9d05-4af6-ad74-4c4ff6e2d586,2024-09-05T05:47:55.000Z,2024-09-08T11:05:12.000Z,Divya Mudappa,05/09/2024 Nilgiri Langur Sighting,10.337823,76.936381,4,1143406,712033,43P,2024-09-05,05/09/2024,11:17,Nilgiri Langur,3,Sighting,Rainforest fragment,NA,Selaliparai 1
f4530412-41fc-4d35-a486-7a2ad029ea37,2024-09-05T04:02:50.000Z,2024-09-08T11:05:11.000Z,Divya Mudappa,05/09/2024 Bonnet Macaque Sighting,10.341465,76.933475,6,1143807,711713,43P,2024-09-05,05/09/2024,09:32,Bonnet Macaque,32,Sighting,Tea Plantation,NA,NA
2a869752-e2a2-41a5-a56c-c04e350fed83,2024-09-05T02:44:35.000Z,2024-10-04T12:39:51.000Z,Sonia K. B.,05/09/2024 Gaur Sighting,10.309979,76.856069,7,1140274,703254,43P,2024-09-05,05/09/2024,08:13,Gaur,1,Sighting,Tea Plantation,NA,NA
52245049-f851-4550-9450-516d1d1fcc47,2024-09-01T03:28:33.000Z,2024-09-01T03:29:43.000Z,Divya Mudappa,31/08/2024 Sambar Sign-vocalisation,10.330113,76.960019,14,1142569,714628,43P,2024-08-31,31/08/2024,03:45,Sambar,1,Sign-vocalisation,Tea Plantation,NA,NA
1b875352-2722-4926-b46d-c1b5b47252d6,2024-09-01T03:27:06.000Z,2024-09-01T03:29:41.000Z,Divya Mudappa,29/08/2024 Brown Mongoose Sighting,10.330267,76.959987,12,1142586,714624,43P,2024-08-29,29/08/2024,08:55,Brown Mongoose,1,Sighting,Human settlement/habitation,NA,NA
378870cf-d0a5-4d4e-92a7-ab585223b9d1,2024-08-31T17:52:45.000Z,2024-09-01T02:09:50.000Z,Srinivasan Kasinathan,31/08/2024 Sambar Sighting,10.363391,76.977108,4,1146262,716477,43P,2024-08-31,31/08/2024,23:22,Sambar,1,Sighting,Tea Plantation,NA,NA
293e4ee4-edf4-4513-9d00-9a0a35266413,2024-08-31T17:31:36.000Z,2024-09-01T02:09:48.000Z,Srinivasan Kasinathan,31/08/2024 Black-Naped Hare Sighting,10.352383,76.977286,4,1145045,716504,43P,2024-08-31,31/08/2024,23:00,Black-Naped Hare,2,Sighting,Tea Plantation,NA,NA
f51d1e42-acdf-45c0-9faa-24037e718bab,2024-08-31T17:21:29.000Z,2024-09-01T02:09:46.000Z,Srinivasan Kasinathan,31/08/2024 Sambar Sighting,10.347373,76.977059,4,1144490,716483,43P,2024-08-31,31/08/2024,22:51,Sambar,2,Sighting,Tea Plantation,NA,NA
e9221b1a-083c-4b08-859a-c4349dda47d1,2024-08-31T03:54:50.000Z,2024-09-01T02:09:44.000Z,Srinivasan Kasinathan,31/08/2024 Dhole Sighting,10.324426,76.946324,4,1141931,713132,43P,2024-08-31,31/08/2024,09:24,Dhole,1,Sighting,Tea Plantation,NA,NA
8e14569b-b466-4736-9dfa-bba71e686dea,2024-08-28T07:09:14.000Z,2024-09-01T02:09:42.000Z,Srinivasan Kasinathan,28/08/2024 Gaur Sighting,10.30792,76.961243,4,1140115,714777,43P,2024-08-28,28/08/2024,12:38,Gaur,10,Sighting,Tea Plantation,NA,NA
1e016b8f-f01a-42d4-9d2f-0557f4609f97,2024-08-24T12:02:59.000Z,2024-08-27T03:08:52.000Z,Srinivasan Kasinathan,24/08/2024 Barking Deer Sighting,10.348282,76.972813,4,1144588,716017,43P,2024-08-24,24/08/2024,17:31,Barking Deer,1,Sighting,Tea Plantation,NA,NA
04f04ced-9469-4825-80ad-cf92d0f5b400,2024-08-24T04:22:54.000Z,2024-08-27T03:08:49.000Z,Srinivasan Kasinathan,23/08/2024 Lion-tailed Macaque Roadkill,10.340608,76.967099,4,1143735,715396,43P,2024-08-23,23/08/2024,14:00,Lion-tailed Macaque,1,Roadkill,Other,NA,Road
7f204709-f8e0-45bc-b3c3-2f34cfc208c1,2024-08-23T12:39:27.000Z,2024-08-23T14:36:57.000Z,T R Shankar Raman,23/08/2024 Gaur Sighting,10.299547,76.826428,32,1139101,700014,43P,2024-08-23,23/08/2024,18:08,Gaur,7,Sighting,Rainforest,7f204709-f8e0-45bc-b3c3-2f34cfc208c1_1724423765.jpg,NA
5fce40eb-dd9f-477e-88d1-dbdc6cb0d971,2024-08-23T12:39:02.000Z,2024-08-27T03:08:46.000Z,Srinivasan Kasinathan,23/08/2024 Gaur Sighting,10.29896,76.82616,6,1139036,699985,43P,2024-08-23,23/08/2024,18:08,Gaur,7,Sighting,Rainforest,NA,NA
3a7346ba-7298-4a5e-b36a-5da14e5d6a82,2024-08-23T12:18:27.000Z,2024-08-23T14:36:55.000Z,T R Shankar Raman,23/08/2024 Lion-tailed Macaque Sighting,10.303293,76.758907,16,1139474,692615,43P,2024-08-23,23/08/2024,17:47,Lion-tailed Macaque,3,Sighting,Rainforest,NA,NA
08890ba9-9078-47fa-8ac9-57811e8c1522,2024-08-23T10:13:52.000Z,2024-09-01T03:29:39.000Z,Divya Mudappa,23/08/2024 Sambar Sighting,10.288369,76.567099,5,1137715,671613,43P,2024-08-23,23/08/2024,15:43,Sambar,3,Sighting,Human settlement/habitation,NA,NA
0f0d0c88-3f5a-4da7-89b2-dcf2b43e6088,2024-08-23T10:13:12.000Z,2024-09-01T03:29:37.000Z,Divya Mudappa,23/08/2024 Bonnet Macaque Sighting,10.288268,76.567084,6,1137703,671612,43P,2024-08-23,23/08/2024,15:42,Bonnet Macaque,8,Sighting,Human settlement/habitation,0f0d0c88-3f5a-4da7-89b2-dcf2b43e6088_1724407988.jpg,NA
f0113e4d-e58a-4e3d-bf7b-2ca5324aadbe,2024-08-23T08:51:13.000Z,2024-08-23T14:36:53.000Z,T R Shankar Raman,23/08/2024 Bonnet Macaque Sighting,10.30369,76.597774,16,1139426,674965,43P,2024-08-23,23/08/2024,14:20,Bonnet Macaque,1,Sighting,Dry or mixed forest,NA,NA
ce5aad44-58d8-4f3d-a721-5038696c9bb5,2024-08-23T08:47:42.000Z,2024-08-23T14:36:46.000Z,T R Shankar Raman,23/08/2024 Bonnet Macaque Sighting,10.300436,76.612619,21,1139074,676593,43P,2024-08-23,23/08/2024,14:17,Bonnet Macaque,2,Sighting,Dry or mixed forest,NA,NA
e364d456-b576-448e-9fc1-472bb6138494,2024-08-23T08:45:41.000Z,2024-08-23T14:36:43.000Z,T R Shankar Raman,23/08/2024 Malabar Giant Squirrel Sighting,10.306122,76.61885,9,1139706,677272,43P,2024-08-23,23/08/2024,14:15,Malabar Giant Squirrel,1,Sighting,Dry or mixed forest,NA,NA
3ad6a32e-d4fa-40f6-b2ce-572ddbbaa1cd,2024-08-23T08:26:12.000Z,2024-08-23T14:36:39.000Z,T R Shankar Raman,23/08/2024 Nilgiri Langur Sighting,10.29243,76.670477,6,1138221,682935,43P,2024-08-23,23/08/2024,13:55,Nilgiri Langur,15,Sighting,Dry or mixed forest,NA,NA
072e2ce5-0025-4ea1-b016-bd8b78b12044,2024-08-23T08:25:41.000Z,2024-08-23T14:36:41.000Z,T R Shankar Raman,23/08/2024 Malabar Giant Squirrel Sighting,10.29593,76.673064,4,1138610,683216,43P,2024-08-23,23/08/2024,13:55,Malabar Giant Squirrel,2,Sighting,Dry or mixed forest,NA,NA
8d28b012-3dd5-44a0-9548-f1d324695f25,2024-08-23T08:24:19.000Z,2024-08-23T14:36:37.000Z,T R Shankar Raman,23/08/2024 Elephant Sighting,10.29593,76.673064,9,1138610,683216,43P,2024-08-23,23/08/2024,13:53,Elephant,7,Sighting,Dry or mixed forest,NA,NA
8e8f312f-0cd2-4bdd-adf9-e587a24ef526,2024-08-23T07:44:47.000Z,2024-08-23T14:36:35.000Z,T R Shankar Raman,23/08/2024 Nilgiri Langur Sighting,10.312199,76.715855,20,1140434,687894,43P,2024-08-23,23/08/2024,13:14,Nilgiri Langur,2,Sighting,Rainforest,NA,NA
cb70ad90-e7d7-4535-b4e5-caf2b7f32b9a,2024-08-23T07:43:31.000Z,2024-08-23T14:36:32.000Z,T R Shankar Raman,23/08/2024 Nilgiri Langur Sighting,10.310619,76.720727,47,1140262,688428,43P,2024-08-23,23/08/2024,13:12,Nilgiri Langur,3,Sighting,Rainforest,NA,NA
67831044-218e-46d3-9483-45179f9b0f3a,2024-08-23T07:40:59.000Z,2024-08-23T14:36:30.000Z,T R Shankar Raman,23/08/2024 Nilgiri Langur Sighting,10.308943,76.722065,16,1140077,688576,43P,2024-08-23,23/08/2024,13:10,Nilgiri Langur,1,Sighting,Rainforest,NA,NA
c28fe34b-de65-44c4-bb28-238888d412df,2024-08-23T07:39:23.000Z,2024-08-23T14:36:28.000Z,T R Shankar Raman,23/08/2024 Nilgiri Langur Sighting,10.309945,76.725023,32,1140190,688899,43P,2024-08-23,23/08/2024,13:08,Nilgiri Langur,1,Sighting,Rainforest,NA,NA
a34c3b2a-f347-4eb4-acca-1806c77668b0,2024-08-23T06:14:13.000Z,2024-08-23T14:36:26.000Z,T R Shankar Raman,23/08/2024 Nilgiri Langur Sighting,10.293319,76.803689,11,1138398,697527,43P,2024-08-23,23/08/2024,11:43,Nilgiri Langur,2,Sighting,Rainforest,NA,NA
3074b1da-fd38-46f0-bd45-182951e0dde4,2024-08-23T06:05:01.000Z,2024-08-23T14:36:24.000Z,T R Shankar Raman,23/08/2024 Bonnet Macaque Sighting,10.289543,76.809978,36,1137985,698218,43P,2024-08-23,23/08/2024,11:33,Bonnet Macaque,5,Sighting,Rainforest,NA,NA
4d511045-fcff-4372-a9ca-176637bb1ca0,2024-08-23T05:29:01.000Z,2024-08-23T14:36:21.000Z,T R Shankar Raman,23/08/2024 Malabar Giant Squirrel Sighting,10.300582,76.825841,13,1139216,699949,43P,2024-08-23,23/08/2024,10:57,Malabar Giant Squirrel,1,Sighting,Rainforest,NA,NA
663b39f7-4031-4d66-a228-5ffb84052dec,2024-08-23T05:04:35.000Z,2024-08-23T14:36:19.000Z,T R Shankar Raman,23/08/2024 Nilgiri Langur Sighting,10.298773,76.834436,14,1139021,700891,43P,2024-08-23,23/08/2024,10:34,Nilgiri Langur,1,Sighting,Rainforest,NA,NA
0b979642-63ed-44c0-b6e5-d1226f57be9e,2024-08-23T05:01:46.000Z,2024-08-23T09:08:03.000Z,T R Shankar Raman,23/08/2024 Malabar Giant Squirrel Sighting,10.298559,76.837612,13,1138999,701239,43P,2024-08-23,23/08/2024,10:30,Malabar Giant Squirrel,2,Sighting,Rainforest,NA,One eating/gnawing at Turpinia malabarica fruit
fc67926f-fdd2-49c1-b755-3ee15d1d7d41,2024-08-23T04:49:51.000Z,2024-08-23T09:08:00.000Z,T R Shankar Raman,23/08/2024 Lion-tailed Macaque Sighting,10.294944,76.841165,11,1138601,701631,43P,2024-08-23,23/08/2024,10:19,Lion-tailed Macaque,4,Sighting,Rainforest,NA,NA
259ae0d4-2c4a-46ab-905e-3bd3271a31f7,2024-08-23T04:33:37.000Z,2024-08-27T03:08:43.000Z,Srinivasan Kasinathan,23/08/2024 Nilgiri Langur Sighting,10.283296,76.846329,7,1137316,702204,43P,2024-08-23,23/08/2024,10:02,Nilgiri Langur,4,Sighting,Rainforest,NA,NA
9c2c8fb4-a678-429c-ab4c-3f4f6c4e84c7,2024-08-23T04:17:31.000Z,2024-08-27T03:08:40.000Z,Srinivasan Kasinathan,23/08/2024 Malabar Giant Squirrel Sighting,10.282501,76.846725,4,1137229,702248,43P,2024-08-23,23/08/2024,09:47,Malabar Giant Squirrel,1,Sighting,Rainforest,NA,NA
0445c576-088a-4090-99ed-1b9253819cc7,2024-08-23T04:16:52.000Z,2024-08-23T09:07:56.000Z,T R Shankar Raman,23/08/2024 Malabar Giant Squirrel Sighting,10.282408,76.846717,15,1137218,702247,43P,2024-08-23,23/08/2024,09:46,Malabar Giant Squirrel,1,Sighting,Coffee plantation,NA,NA
e472cdab-19e4-4cfd-b93e-b31084b57e23,2024-08-23T04:12:44.000Z,2024-08-23T09:07:53.000Z,T R Shankar Raman,23/08/2024 Nilgiri Langur Sighting,10.279649,76.850901,8,1136916,702707,43P,2024-08-23,23/08/2024,09:41,Nilgiri Langur,1,Sighting,Coffee plantation,NA,Malakkapara
7119896d-57c9-4de8-937d-feb36ff19288,2024-08-23T03:28:46.000Z,2024-09-01T03:29:34.000Z,Divya Mudappa,23/08/2024 Jungle-striped Squirrel Roadkill,10.323103,76.89779,4,1141753,707816,43P,2024-08-23,23/08/2024,08:58,Jungle-striped Squirrel,1,Roadkill,Tea Plantation,NA,NA
71abd891-8f16-48d0-885d-036d89f2738b,2024-08-23T02:19:31.000Z,2024-09-01T03:29:32.000Z,Divya Mudappa,23/08/2024 Lion-tailed Macaque Sighting,10.328185,76.955789,7,1142353,714166,43P,2024-08-23,23/08/2024,07:48,Lion-tailed Macaque,3,Sighting,Human settlement/habitation,NA,In the town
e3013f7e-8116-4e87-b6d8-77735cfa3c56,2024-08-22T07:31:17.000Z,2024-08-27T03:08:35.000Z,Srinivasan Kasinathan,22/08/2024 Nilgiri Tahr Sighting,10.449484,76.983087,4,1155791,717072,43P,2024-08-22,22/08/2024,13:00,Nilgiri Tahr,6,Sighting,Rainforest,NA,NA
be2eb6ad-3632-4eaa-8a15-076916c94907,2024-08-20T03:09:59.000Z,2024-08-27T03:08:33.000Z,Srinivasan Kasinathan,20/08/2024 Stripe-necked Mongoose Sighting,10.358995,76.956527,4,1145762,714226,43P,2024-08-20,20/08/2024,08:39,Stripe-necked Mongoose,1,Sighting,Tea Plantation,NA,NA
45395d67-d4fa-41b4-b80f-f63d8301d31b,2024-08-20T03:07:17.000Z,2024-08-27T03:08:30.000Z,Srinivasan Kasinathan,20/08/2024 Gaur Sighting,10.35845,76.968865,4,1145710,715578,43P,2024-08-20,20/08/2024,08:37,Gaur,1,Sighting,Tea Plantation,NA,NA
0a3e03c2-7f60-451a-a7a0-9c73f5cbeda7,2024-08-20T02:59:04.000Z,2024-08-20T02:59:11.000Z,Ganesh Raghunathan,20/08/2024 Stripe-necked Mongoose Sighting,10.363614,76.976577,4,1146287,716419,43P,2024-08-20,20/08/2024,07:10,Stripe-necked Mongoose,2,Sighting,Tea Plantation,NA,NA
4eb5302c-829c-4bca-965c-20c757cd5f18,2024-08-20T02:53:25.000Z,2024-09-01T03:29:30.000Z,Divya Mudappa,20/08/2024 Lion-tailed Macaque Sighting,10.330268,76.959987,12,1142586,714624,43P,2024-08-20,20/08/2024,08:22,Lion-tailed Macaque,1,Sighting,Human settlement/habitation,NA,NA
77a206d5-067a-46e3-be1c-de6608a32a68,2024-08-19T13:22:36.000Z,2024-08-27T03:08:28.000Z,Srinivasan Kasinathan,19/08/2024 Wild pig Sighting,10.362727,76.978917,4,1146190,716676,43P,2024-08-19,19/08/2024,18:51,Wild pig,1,Sighting,Human settlement/habitation,NA,NA
d3ef278e-ddbc-4099-a915-328e36942125,2024-08-19T07:10:16.000Z,2024-08-19T07:41:28.000Z,Divya Mudappa,19/08/2024 Gaur Sighting,10.356659,76.95258,4,1145501,713795,43P,2024-08-19,19/08/2024,12:39,Gaur,30,Sighting,Swamp or riverine,NA,Also in tea. May be large.
db41deed-799a-46fa-a733-4f420d920af7,2024-08-19T07:05:34.000Z,2024-08-19T07:41:26.000Z,Divya Mudappa,19/08/2024 Bonnet Macaque Sighting,10.35246,76.941009,9,1145029,712530,43P,2024-08-19,19/08/2024,12:35,Bonnet Macaque,13,Sighting,Human settlement/habitation,NA,NA
be4d5201-9c7b-4f85-ab7b-f0196a9fcfbb,2024-08-19T06:54:09.000Z,2024-08-19T07:41:23.000Z,Divya Mudappa,19/08/2024 Malabar Giant Squirrel Sighting,10.361407,76.938303,15,1146017,712228,43P,2024-08-19,19/08/2024,12:23,Malabar Giant Squirrel,2,Sighting,Swamp or riverine,NA,NA
7db8cfc4-363c-4d13-95ff-2c454a5e090a,2024-08-19T06:47:15.000Z,2024-08-19T07:41:21.000Z,Divya Mudappa,19/08/2024 Jungle-striped Squirrel Sighting,10.373165,76.945792,4,1147322,713040,43P,2024-08-19,19/08/2024,12:16,Jungle-striped Squirrel,1,Sighting,Rainforest fragment,NA,NA
fe282335-f1d8-46e8-a57b-c12fbfb0c87a,2024-08-19T05:55:12.000Z,2024-08-19T07:41:20.000Z,Divya Mudappa,19/08/2024 Gaur Sighting,10.365841,76.944128,11,1146511,712863,43P,2024-08-19,19/08/2024,11:24,Gaur,8,Sighting,Coffee plantation,NA,NA
bb37ce3e-bc25-4587-b1b7-795d1fad2b53,2024-08-17T11:55:25.000Z,2024-08-27T03:08:26.000Z,Srinivasan Kasinathan,17/08/2024 Brown Mongoose Sighting,10.390631,76.979538,4,1149277,716724,43P,2024-08-17,17/08/2024,17:25,Brown Mongoose,1,Sighting,Tea Plantation,NA,NA
0c7fbc65-2b05-436c-91a1-d9f241f57bb4,2024-08-17T11:17:12.000Z,2024-08-27T03:08:24.000Z,Srinivasan Kasinathan,17/08/2024 Gaur Sighting,10.357826,76.953458,4,1145631,713890,43P,2024-08-17,17/08/2024,16:45,Gaur,1,Sighting,Other,NA,Grass landAnamalai club
a2641994-a042-4d9f-b3a4-b1567db71f71,2024-08-17T05:38:23.000Z,2024-08-17T05:59:08.000Z,Divya Mudappa,17/08/2024 Barking Deer Sighting,10.344342,76.971205,44,1144151,715843,43P,2024-08-17,17/08/2024,11:07,Barking Deer,1,Sighting,Rainforest fragment,NA,Female
9dd4adca-593c-4a70-b67b-fb39066fa4da,2024-08-17T04:27:47.000Z,2024-08-17T05:59:06.000Z,Divya Mudappa,17/08/2024 Bonnet Macaque Sighting,10.356421,76.935149,6,1145463,711886,43P,2024-08-17,17/08/2024,09:57,Bonnet Macaque,22,Sighting,Human settlement/habitation,NA,NA
f95089a2-8195-4c8c-94ac-40923f5bc7fb,2024-08-17T03:54:15.000Z,2024-08-17T05:59:04.000Z,Divya Mudappa,17/08/2024 Barking Deer Sighting,10.349107,76.934222,39,1144653,711789,43P,2024-08-17,17/08/2024,09:23,Barking Deer,1,Sighting,Coffee plantation,NA,NA
fc811865-b035-400e-ada2-7363b0713427,2024-08-17T03:34:52.000Z,2024-08-17T05:59:01.000Z,Divya Mudappa,17/08/2024 Malabar Giant Squirrel Sign-vocalisation,10.349647,76.935069,5,1144714,711882,43P,2024-08-17,17/08/2024,09:03,Malabar Giant Squirrel,2,Sign-vocalisation,Rainforest fragment,NA,NA
1bc41d16-73cd-4736-862a-0ebe4be0f03e,2024-08-17T03:33:52.000Z,2024-08-17T05:58:59.000Z,Divya Mudappa,17/08/2024 Nilgiri Langur Sighting,10.349632,76.935089,9,1144712,711884,43P,2024-08-17,17/08/2024,09:03,Nilgiri Langur,7,Sighting,Rainforest fragment,NA,Also on coffee
2a49f5e7-abeb-4178-9e58-c32c6733caf0,2024-08-16T10:15:37.000Z,2024-08-27T03:08:22.000Z,Srinivasan Kasinathan,16/08/2024 Bat Sighting,10.366359,76.985237,4,1146596,717365,43P,2024-08-16,16/08/2024,15:45,Bat,1,Sighting,Human settlement/habitation,NA,NA
4d3f9de7-1047-4741-b8b8-4dcf9af6feec,2024-08-16T09:42:11.000Z,2024-08-27T03:08:20.000Z,Srinivasan Kasinathan,16/08/2024 Gaur Sighting,10.344973,76.969925,10,1144220,715703,43P,2024-08-16,16/08/2024,15:09,Gaur,1,Sighting,Rainforest fragment,NA,NA
c35d603c-df4e-4579-99b4-b5c3ee743b13,2024-08-15T01:34:24.000Z,2024-08-15T04:56:12.000Z,T R Shankar Raman,15/08/2024 Sambar Sign-vocalisation,10.330227,76.959987,20,1142582,714624,43P,2024-08-15,15/08/2024,07:03,Sambar,1,Sign-vocalisation,Tea Plantation,NA,Alarm call
29a1bb7c-b37f-4045-b98f-de69aebf75db,2024-08-14T08:10:06.000Z,2024-08-27T03:08:17.000Z,Srinivasan Kasinathan,14/08/2024 Gaur Sighting,10.354698,76.972543,10,1145298,715983,43P,2024-08-14,14/08/2024,13:39,Gaur,11,Sighting,Tea Plantation,NA,NA
1561bd29-6ab1-420b-bed6-20d14c608fab,2024-08-13T08:47:39.000Z,2024-08-27T03:08:15.000Z,Srinivasan Kasinathan,13/08/2024 Nilgiri Langur Sighting,10.345289,76.902484,10,1144210,708315,43P,2024-08-13,13/08/2024,14:17,Nilgiri Langur,2,Sighting,Rainforest,NA,NA
cff3ff8d-0eea-41a7-86db-d1314bde7e0b,2024-08-13T07:10:09.000Z,2024-08-17T05:58:57.000Z,Divya Mudappa,13/08/2024 Bonnet Macaque Sighting,10.354649,76.935703,11,1145267,711948,43P,2024-08-13,13/08/2024,12:39,Bonnet Macaque,20,Sighting,Coffee plantation,NA,NA
d3779389-7a50-44fe-96c1-ff39a3660d17,2024-08-13T05:10:46.000Z,2024-08-27T03:08:13.000Z,Srinivasan Kasinathan,13/08/2024 Nilgiri Langur Sign-vocalisation,10.357858,76.889576,4,1145592,706893,43P,2024-08-13,13/08/2024,10:40,Nilgiri Langur,3,Sign-vocalisation,Rainforest,NA,NA
c1494a2b-b83d-4f01-943b-0dbc85e9edca,2024-08-13T05:05:26.000Z,2024-08-27T03:08:11.000Z,Srinivasan Kasinathan,13/08/2024 Malabar Giant Squirrel Sign-vocalisation,10.357923,76.889678,5,1145599,706904,43P,2024-08-13,13/08/2024,10:34,Malabar Giant Squirrel,1,Sign-vocalisation,Rainforest,NA,NA
999102c9-a8b8-4483-bcbb-8d1e8c881d8e,2024-08-12T13:29:53.000Z,2024-10-04T03:16:18.000Z,A. Sathish Kumar,12/08/2024 Brown Mongoose Sighting,10.313903,76.956193,9,1140773,714220,43P,2024-08-12,12/08/2024,18:57,Brown Mongoose,1,Sighting,Tea Plantation,NA,Crossing road
3a4f65df-c976-4ff6-b9fc-af2c9d46fb66,2024-08-12T12:58:19.000Z,2024-08-12T13:11:48.000Z,Divya Mudappa,12/08/2024 Stripe-necked Mongoose Sighting,10.328553,76.936823,9,1142381,712088,43P,2024-08-12,12/08/2024,18:27,Stripe-necked Mongoose,1,Sighting,Tea Plantation,NA,NA
421edd37-56ba-4e78-9382-d2fdbfa7ad2b,2024-08-12T11:16:00.000Z,2024-08-12T13:11:45.000Z,Divya Mudappa,12/08/2024 Stripe-necked Mongoose Sighting,10.35299,76.940403,4,1145087,712464,43P,2024-08-12,12/08/2024,16:44,Stripe-necked Mongoose,1,Sighting,Human settlement/habitation,NA,NA
b22a1dc9-869d-47c4-85f9-4ce75f3d314e,2024-08-12T10:53:40.000Z,2024-08-12T13:11:43.000Z,Divya Mudappa,12/08/2024 Bonnet Macaque Sighting,10.340912,76.933511,4,1143746,711717,43P,2024-08-12,12/08/2024,16:23,Bonnet Macaque,30,Sighting,Tea Plantation,NA,NA
7aeef9f9-9785-4c28-875d-b370e8396181,2024-08-12T09:49:26.000Z,2024-08-27T03:08:09.000Z,Srinivasan Kasinathan,12/08/2024 Nilgiri Langur Sighting,10.307398,76.834729,6,1139975,700918,43P,2024-08-12,12/08/2024,15:19,Nilgiri Langur,1,Sighting,Rainforest fragment,NA,NA
ab282a6b-94e0-49ee-87a2-f5d138834394,2024-08-12T06:56:59.000Z,2024-08-12T13:11:41.000Z,Divya Mudappa,12/08/2024 Jungle-striped Squirrel Sighting,10.358313,76.960237,5,1145689,714633,43P,2024-08-12,12/08/2024,12:26,Jungle-striped Squirrel,2,Sighting,Tea Plantation,NA,NA
cea8d627-db58-4d56-a408-396976858a3b,2024-08-11T03:55:39.000Z,2024-08-15T04:56:10.000Z,T R Shankar Raman,11/08/2024 Jungle-striped Squirrel Sighting,10.373403,76.945873,7,1147349,713049,43P,2024-08-11,11/08/2024,09:22,Jungle-striped Squirrel,1,Sighting,Coffee plantation,NA,NA
991e66f4-fc62-4e48-be36-9b8087e061df,2024-08-11T03:38:01.000Z,2024-08-11T06:05:15.000Z,Divya Mudappa,11/08/2024 Bonnet Macaque Sighting,10.360706,76.934581,11,1145937,711821,43P,2024-08-11,11/08/2024,09:07,Bonnet Macaque,8,Sighting,Human settlement/habitation,NA,Near curing works
b9214246-7007-4893-a9a0-cf85b0d3426f,2024-08-11T03:04:15.000Z,2024-08-11T06:05:13.000Z,Divya Mudappa,11/08/2024 Bonnet Macaque Sighting,10.356493,76.935175,5,1145471,711889,43P,2024-08-11,11/08/2024,08:33,Bonnet Macaque,20,Sighting,Human settlement/habitation,NA,Mostly in coffe though near houses
55f5c711-bea9-47c9-a743-05e48bfdba3e,2024-08-11T02:54:30.000Z,2024-08-11T06:05:10.000Z,Divya Mudappa,11/08/2024 Sambar Sighting,10.356628,76.948702,12,1145495,713370,43P,2024-08-11,11/08/2024,08:24,Sambar,7,Sighting,Other,NA,Club grassland
490677e0-9a50-4e94-bbb0-9b7a6ff0e47e,2024-08-11T02:43:04.000Z,2024-08-11T06:05:08.000Z,Divya Mudappa,11/08/2024 Lion-tailed Macaque Sighting,10.339187,76.965311,38,1143577,715201,43P,2024-08-11,11/08/2024,08:12,Lion-tailed Macaque,16,Sighting,Coffee plantation,NA,Close to houses
1d261cbe-504a-48c7-9f46-19cf7878e9e7,2024-08-10T05:19:20.000Z,2024-08-27T03:08:06.000Z,Srinivasan Kasinathan,10/08/2024 Large Brown Flying Squirrel Sighting,10.359612,76.936589,3,1145817,712041,43P,2024-08-10,10/08/2024,10:48,Large Brown Flying Squirrel,1,Sighting,Coffee plantation,NA,NA
81f91059-3148-401c-af67-d9c25676133b,2024-08-09T10:28:38.000Z,2024-08-10T00:54:00.000Z,Srinivasan Kasinathan,09/08/2024 Brown Mongoose Sighting,10.365514,76.983304,4,1146501,717154,43P,2024-08-09,09/08/2024,15:57,Brown Mongoose,1,Sighting,Tea Plantation,NA,NA
4cbbcbb8-b6b9-4d16-9972-32651ca3e0df,2024-08-09T03:38:18.000Z,2024-08-11T06:05:06.000Z,Divya Mudappa,09/08/2024 Bonnet Macaque Sighting,10.356542,76.935142,6,1145476,711885,43P,2024-08-09,09/08/2024,09:07,Bonnet Macaque,12,Sighting,Human settlement/habitation,NA,NA
b600288f-27e5-4739-928c-360c0cb148bc,2024-08-09T02:52:46.000Z,2024-08-10T00:53:58.000Z,Srinivasan Kasinathan,09/08/2024 Barking Deer Sighting,10.344382,76.969358,10,1144154,715641,43P,2024-08-09,09/08/2024,08:22,Barking Deer,1,Sighting,Rainforest fragment,NA,NA
535c02ef-4095-4b52-853b-da576102d40a,2024-08-08T09:17:54.000Z,2024-08-10T00:53:56.000Z,Srinivasan Kasinathan,08/08/2024 Sambar Sighting,10.359084,76.891805,4,1145729,707137,43P,2024-08-08,08/08/2024,14:47,Sambar,1,Sighting,Rainforest,NA,NA
5fbb61e0-3eab-439d-b4a8-4ea59dd7dd28,2024-08-08T09:15:57.000Z,2024-08-10T00:53:54.000Z,Srinivasan Kasinathan,08/08/2024 Wild pig Sighting,10.359475,76.889382,4,1145771,706871,43P,2024-08-08,08/08/2024,14:45,Wild pig,14,Sighting,Rainforest,NA,NA
ed713de2-e4dd-43b1-b0fb-f1a9854e3fc9,2024-08-08T05:31:59.000Z,2024-08-11T02:45:59.000Z,T R Shankar Raman,08/08/2024 Bonnet Macaque Sighting,11.360473,76.919759,11,1256529,709499,43P,2024-08-08,08/08/2024,11:01,Bonnet Macaque,5,Sighting,Human settlement/habitation,NA,Checkpointarea near plantationsof coffee and tea
f27992f4-0ff9-44ef-9592-518dfb70e9ff,2024-08-08T05:20:15.000Z,2024-08-11T02:45:56.000Z,T R Shankar Raman,08/08/2024 Bonnet Macaque Sighting,11.389446,76.89027,6,1259713,706259,43P,2024-08-08,08/08/2024,10:49,Bonnet Macaque,6,Sighting,Human settlement/habitation,NA,Small town between Aravenu and Mettupalayam
7ce6c459-ac99-4d90-b6ca-0ec2f171cf38,2024-08-08T04:59:29.000Z,2024-08-11T02:45:54.000Z,T R Shankar Raman,08/08/2024 Malabar Giant Squirrel Sighting,11.381149,76.834979,13,1258756,700229,43P,2024-08-08,08/08/2024,10:28,Malabar Giant Squirrel,1,Sighting,Rainforest fragment,NA,White tail tip
4a93fa18-f34a-421a-ab30-123941372693,2024-08-08T04:26:32.000Z,2024-08-10T00:53:51.000Z,Srinivasan Kasinathan,08/08/2024 Gaur Sighting,10.347392,76.90151,4,1144442,708207,43P,2024-08-08,08/08/2024,09:56,Gaur,1,Sighting,Rainforest,NA,NA
3581628d-e9e9-46d9-933b-959d718ecfb3,2024-08-07T13:44:48.000Z,2024-08-10T00:53:49.000Z,Srinivasan Kasinathan,07/08/2024 Sambar Sighting,10.344683,76.970855,4,1144188,715805,43P,2024-08-07,07/08/2024,19:14,Sambar,1,Sighting,Rainforest fragment,NA,NA
036566ce-2d88-4c23-93f7-26b16331a9cf,2024-08-07T07:37:21.000Z,2024-08-11T06:05:04.000Z,Divya Mudappa,07/08/2024 Nilgiri Langur Sighting,10.357304,76.934653,74,1145560,711831,43P,2024-08-07,07/08/2024,13:06,Nilgiri Langur,7,Sighting,Rainforest fragment,NA,One infant
c9b91263-df16-4b54-bff6-69e0481010c5,2024-08-07T02:29:41.000Z,2024-08-11T02:45:52.000Z,T R Shankar Raman,07/08/2024 Barking Deer Sighting,11.287008,76.736216,12,1248276,689512,43P,2024-08-07,07/08/2024,07:59,Barking Deer,1,Sighting,Tea Plantation,NA,Male
0c6701f5-a7a1-4b0b-bd5d-c383f8575dba,2024-08-06T06:51:45.000Z,2024-08-11T02:45:49.000Z,T R Shankar Raman,06/08/2024 Malabar Giant Squirrel Sighting,11.255213,76.747753,3,1244766,690792,43P,2024-08-06,06/08/2024,12:20,Malabar Giant Squirrel,1,Sighting,Dry or mixed forest,NA,White tail tip
bc0ace13-2ed4-400b-a3ad-979a06691eaa,2024-08-06T05:33:31.000Z,2024-08-11T02:45:47.000Z,T R Shankar Raman,06/08/2024 Three-striped Palm Squirrel Sighting,11.265851,76.747262,4,1245943,690732,43P,2024-08-06,06/08/2024,11:02,Three-striped Palm Squirrel,1,Sighting,Tea Plantation,NA,NA
6f589e90-36a0-4c63-87d6-d78a10e0be1b,2024-08-06T03:19:20.000Z,2024-08-11T02:45:45.000Z,T R Shankar Raman,06/08/2024 Common Mongoose Sighting,11.281694,76.744248,7,1247693,690392,43P,2024-08-06,06/08/2024,08:48,Common Mongoose,1,Sighting,Tea Plantation,NA,Near Woodlands estate boundary
24aabbd5-129e-43b2-8b72-e0e0fbe9d195,2024-08-05T10:05:51.000Z,2024-08-11T06:05:02.000Z,Divya Mudappa,05/08/2024 Nilgiri Langur Sighting,10.350032,76.935395,5,1144756,711917,43P,2024-08-05,05/08/2024,15:35,Nilgiri Langur,5,Sighting,Rainforest fragment,NA,Feeding on spathodea
5ae60ad8-23b1-4912-97c3-6e2dcd8ccf75,2024-08-05T04:55:39.000Z,2024-08-10T00:53:47.000Z,Srinivasan Kasinathan,05/08/2024 Nilgiri Langur Sighting,10.311636,76.836048,7,1140445,701060,43P,2024-08-05,05/08/2024,10:25,Nilgiri Langur,2,Sighting,Rainforest fragment,NA,NA
b46eda1c-32b5-4111-a040-29d7c4556f88,2024-08-05T04:13:37.000Z,2024-08-11T06:05:00.000Z,Divya Mudappa,05/08/2024 Nilgiri Langur Sighting,10.341025,76.933512,5,1143759,711717,43P,2024-08-05,05/08/2024,09:43,Nilgiri Langur,1,Sighting,Tea Plantation,NA,On the bischofia by the road
aefef0ef-b220-486f-83f6-95b3205aea91,2024-08-05T03:08:53.000Z,2024-08-10T00:53:45.000Z,Srinivasan Kasinathan,05/08/2024 Otter Roadkill,10.356839,76.93222,3,1145507,711565,43P,2024-08-05,05/08/2024,08:34,Otter,1,Roadkill,Human settlement/habitation,NA,NA
faa1f116-316a-40de-aed1-301d015e3047,2024-08-05T00:46:11.000Z,2024-08-10T00:53:43.000Z,Srinivasan Kasinathan,05/08/2024 Gaur Sighting,10.364557,76.980213,4,1146393,716816,43P,2024-08-05,05/08/2024,06:15,Gaur,9,Sighting,Tea Plantation,NA,NA
02a217b4-f4fb-48b4-ae2a-a427e064878d,2024-08-05T00:09:12.000Z,2024-08-10T00:53:41.000Z,Srinivasan Kasinathan,05/08/2024 Wild pig Sighting,10.447049,76.984836,4,1155523,717266,43P,2024-08-05,05/08/2024,05:38,Wild pig,1,Sighting,Human settlement/habitation,NA,NA
d06662a3-1f21-421a-97bd-1566c29f8dc1,2024-08-04T03:52:08.000Z,2024-08-11T02:45:42.000Z,T R Shankar Raman,04/08/2024 Barking Deer Sighting,11.260379,76.739226,8,1245332,689858,43P,2024-08-04,04/08/2024,09:21,Barking Deer,1,Sighting,Tea Plantation,NA,"Near Manar shola, male"
8a5a337c-92d5-4f14-90ae-dc2957cf6f41,2024-08-04T03:33:43.000Z,2024-08-11T02:45:40.000Z,T R Shankar Raman,04/08/2024 Dusky-striped Squirrel Sighting,11.263456,76.741857,16,1245674,690143,43P,2024-08-04,04/08/2024,09:02,Dusky-striped Squirrel,1,Sighting,Rainforest fragment,NA,In Manar shola near Craigmore
832bf2f4-d9dd-4e7d-84ba-513575ca9876,2024-08-02T13:42:11.000Z,2024-08-04T12:06:53.000Z,Divya Mudappa,02/08/2024 Brown Mongoose Sighting,10.328287,76.937028,5,1142352,712111,43P,2024-08-02,02/08/2024,19:11,Brown Mongoose,1,Sighting,Tea Plantation,NA,NA
b3e6413b-f3e8-409d-bd69-498f1f8a2024,2024-08-02T12:56:55.000Z,2024-08-10T00:53:38.000Z,Srinivasan Kasinathan,02/08/2024 Wild pig Sighting,10.444375,76.985647,4,1155227,717356,43P,2024-08-02,02/08/2024,18:26,Wild pig,5,Sighting,Human settlement/habitation,NA,NA
b6422dcc-ad0f-4885-a0cf-87304219b2b9,2024-08-02T11:07:21.000Z,2024-08-04T12:06:50.000Z,Divya Mudappa,02/08/2024 Barking Deer Sighting,10.338637,76.963756,20,1143515,715031,43P,2024-08-02,02/08/2024,16:36,Barking Deer,1,Sighting,Coffee plantation,NA,Edge. Female.
5a0a66ae-9ec3-4873-829b-ca1be35b3cda,2024-08-01T12:16:03.000Z,2024-08-04T12:06:48.000Z,Divya Mudappa,01/08/2024 Lion-tailed Macaque Sighting,10.329833,76.957779,9,1142537,714383,43P,2024-08-01,01/08/2024,17:45,Lion-tailed Macaque,3,Sighting,Human settlement/habitation,NA,Near gh
8eb8d99b-ff06-47fc-82a0-dd8a9b242074,2024-08-01T12:02:47.000Z,2024-08-11T02:45:38.000Z,T R Shankar Raman,01/08/2024 Gaur Sighting,10.362304,76.980443,3,1146144,716843,43P,2024-08-01,01/08/2024,17:32,Gaur,5,Sighting,Swamp or riverine,NA,NA
ad39b230-bd55-4c09-a8ae-60eda8336c76,2024-08-01T07:14:29.000Z,2024-08-04T12:06:46.000Z,Divya Mudappa,01/08/2024 Bonnet Macaque Sighting,10.330474,76.959298,7,1142609,714549,43P,2024-08-01,01/08/2024,12:43,Bonnet Macaque,6,Sighting,Human settlement/habitation,NA,NA
26bbed8d-2475-4a3c-9b08-92aea1f5ee63,2024-07-30T11:54:29.000Z,2024-07-30T11:55:00.000Z,Divya Mudappa,30/07/2024 Lion-tailed Macaque Sighting,10.338393,76.964666,4,1143488,715131,43P,2024-07-30,30/07/2024,17:23,Lion-tailed Macaque,12,Sighting,Rainforest fragment,NA,NA
1d080430-6584-4235-b5a3-08818c3486a1,2024-07-30T11:50:09.000Z,2024-07-30T11:54:54.000Z,Divya Mudappa,30/07/2024 Gaur Sighting,10.346831,76.972865,4,1144427,716024,43P,2024-07-30,30/07/2024,17:18,Gaur,38,Sighting,Tea Plantation,NA,Upper paralai
ffad27c2-d830-48b7-ad03-e4ef28d26189,2024-07-30T10:35:24.000Z,2024-07-30T11:54:52.000Z,Divya Mudappa,30/07/2024 Bonnet Macaque Sighting,10.360914,76.937942,6,1145962,712189,43P,2024-07-30,30/07/2024,16:05,Bonnet Macaque,3,Sighting,Coffee plantation,NA,NA
f00c6efa-525f-4edf-be7e-fd63baa8fa1e,2024-07-30T10:34:11.000Z,2024-07-30T11:54:45.000Z,Divya Mudappa,30/07/2024 Gaur Sighting,10.363738,76.94113,7,1146276,712536,43P,2024-07-30,30/07/2024,16:03,Gaur,7,Sighting,Coffee plantation,NA,NA
73c97363-857b-46c3-9d62-d5d9eb7372e4,2024-07-30T10:32:30.000Z,2024-07-30T11:54:42.000Z,Divya Mudappa,30/07/2024 Jungle-striped Squirrel Sighting,10.366967,76.945459,7,1146637,713008,43P,2024-07-30,30/07/2024,16:02,Jungle-striped Squirrel,1,Sighting,Coffee plantation,NA,NA
6b6870b5-dedb-418b-8bfe-09e8739fe59b,2024-07-29T11:27:58.000Z,2024-07-29T11:29:03.000Z,Divya Mudappa,29/07/2024 Jungle-striped Squirrel Sighting,10.35356,76.972354,5,1145172,715963,43P,2024-07-29,29/07/2024,16:57,Jungle-striped Squirrel,1,Sighting,Tea Plantation,NA,NA
6f336071-e252-4260-9e08-d3c852e06b4c,2024-07-28T17:04:14.000Z,2024-08-10T00:53:36.000Z,Srinivasan Kasinathan,28/07/2024 Sambar Sighting,10.345019,76.971679,7,1144226,715895,43P,2024-07-28,28/07/2024,22:33,Sambar,1,Sighting,Human settlement/habitation,NA,NA
adaab874-3b60-4f69-bc05-361d9f302451,2024-07-28T08:36:53.000Z,2024-08-10T00:53:34.000Z,Srinivasan Kasinathan,28/07/2024 Stripe-necked Mongoose Sighting,10.344564,76.969397,4,1144174,715645,43P,2024-07-28,28/07/2024,14:06,Stripe-necked Mongoose,1,Sighting,Human settlement/habitation,NA,NA
7947d2b0-b8b4-4899-bde7-860f0e2f13b1,2024-07-26T16:49:41.000Z,2024-07-27T10:30:25.000Z,Srinivasan Kasinathan,"26/07/2024 Leopard Cat Sighting, Roadkill",10.368357,76.993448,4,1146823,718263,43P,2024-07-26,26/07/2024,22:18,Leopard Cat,1,"Roadkill, Sighting",Human settlement/habitation,NA,NA
67fe3f84-78ce-4c43-a2ab-9eeabae34cc5,2024-07-26T16:32:22.000Z,2024-07-27T10:30:17.000Z,Srinivasan Kasinathan,26/07/2024 Gaur Sighting,10.382657,76.988415,4,1148401,717702,43P,2024-07-26,26/07/2024,22:01,Gaur,4,Sighting,Tea Plantation,NA,NA
910020cd-9598-420e-b6e1-0ea753f53b25,2024-07-24T15:00:55.000Z,2024-07-27T10:30:12.000Z,Srinivasan Kasinathan,24/07/2024 Sambar Sighting,10.345022,76.971751,4,1144227,715903,43P,2024-07-24,24/07/2024,20:30,Sambar,1,Sighting,Rainforest fragment,NA,NA
5759727b-4a5a-4e5f-9315-f7f4a3a458a0,2024-07-24T14:57:20.000Z,2024-07-27T10:30:07.000Z,Srinivasan Kasinathan,24/07/2024 Sambar Sighting,10.337815,76.963053,10,1143423,714955,43P,2024-07-24,24/07/2024,20:26,Sambar,1,Sighting,Rainforest fragment,NA,NA
bc1f3baa-e86c-471b-8c63-47190042dbe0,2024-07-23T08:29:31.000Z,2024-07-27T13:15:24.000Z,Divya Mudappa,23/07/2024 Jungle-striped Squirrel Sighting,10.334052,76.99347,5,1143028,718290,43P,2024-07-23,23/07/2024,13:59,Jungle-striped Squirrel,2,Sighting,Tea Plantation,NA,NA
ae30b2e0-94fd-4a6a-972d-9528f6508915,2024-07-23T08:25:58.000Z,2024-07-27T10:30:04.000Z,Srinivasan Kasinathan,23/07/2024 Barking Deer Sighting,10.351617,76.939978,10,1144935,712418,43P,2024-07-23,23/07/2024,13:55,Barking Deer,1,Sighting,Human settlement/habitation,NA,NA
d858529f-0c8e-4215-b2a3-d0d917118d5b,2024-07-23T07:51:57.000Z,2024-07-27T13:15:22.000Z,Divya Mudappa,23/07/2024 Malabar Giant Squirrel Sign-vocalisation,10.325915,77.03071,5,1142153,722375,43P,2024-07-23,23/07/2024,13:21,Malabar Giant Squirrel,1,Sign-vocalisation,Rainforest,NA,NA
80dc59c9-fca5-416c-b836-c0551c4d088b,2024-07-23T07:51:29.000Z,2024-07-27T13:15:20.000Z,Divya Mudappa,23/07/2024 Nilgiri Langur Sighting,10.325867,77.03074,6,1142148,722378,43P,2024-07-23,23/07/2024,13:21,Nilgiri Langur,3,Sighting,Rainforest,NA,Akkamalai
47b23861-c9f7-466a-9eb0-c373d39867d6,2024-07-22T16:06:38.000Z,2024-07-27T10:30:01.000Z,Srinivasan Kasinathan,22/07/2024 Gaur Sighting,10.403089,76.969051,4,1150649,715567,43P,2024-07-22,22/07/2024,21:36,Gaur,4,Sighting,Coffee plantation,NA,NA
379d6b73-172d-4d11-8f6c-218cacc923c8,2024-07-22T11:59:51.000Z,2024-07-27T10:29:59.000Z,Srinivasan Kasinathan,22/07/2024 Gaur Sighting,10.357477,76.950588,4,1145590,713576,43P,2024-07-22,22/07/2024,17:29,Gaur,28,Sighting,Other,NA,Grass land
96382769-cb9e-4e62-a367-ec436f7a837e,2024-07-22T11:59:21.000Z,2024-07-27T10:29:57.000Z,Srinivasan Kasinathan,22/07/2024 Elephant Sighting,10.357481,76.950584,4,1145591,713576,43P,2024-07-22,22/07/2024,17:28,Elephant,1,Sighting,Other,NA,Grass land
59726e79-52c7-4b36-a9f8-faf2637e275c,2024-07-22T07:49:11.000Z,2024-07-27T13:15:17.000Z,Divya Mudappa,22/07/2024 Bonnet Macaque Sighting,10.338359,76.934452,13,1143464,711822,43P,2024-07-22,22/07/2024,13:18,Bonnet Macaque,12,Sighting,Rainforest fragment,NA,Selaliparai 2
3d495c8a-56d8-424c-ba42-8bb59912ed27,2024-07-22T04:28:31.000Z,2024-07-27T13:15:15.000Z,Divya Mudappa,22/07/2024 Gaur Sighting,10.354243,76.935595,13,1145222,711936,43P,2024-07-22,22/07/2024,09:58,Gaur,1,Sighting,Coffee plantation,NA,NA
cad11563-2362-4e78-905f-50a5c11be227,2024-07-20T04:21:24.000Z,2024-08-11T02:45:36.000Z,T R Shankar Raman,20/07/2024 Bonnet Macaque Sighting,10.357704,76.933525,4,1145604,711707,43P,2024-07-20,20/07/2024,09:49,Bonnet Macaque,20,Sighting,Coffee plantation,NA,NA
c741d511-0857-4209-ad3e-7946a3953ccc,2024-07-18T07:32:05.000Z,2024-08-11T02:45:34.000Z,T R Shankar Raman,18/07/2024 Gaur Sighting,10.339234,76.935138,4,1143562,711896,43P,2024-07-18,18/07/2024,13:01,Gaur,8,Sighting,Tea Plantation,NA,NA
3f01af6e-2380-4ccd-9dd2-1df81d40314a,2024-07-18T07:23:17.000Z,2024-07-27T13:15:13.000Z,Divya Mudappa,18/07/2024 Lion-tailed Macaque Sighting,10.353608,76.937737,20,1145154,712171,43P,2024-07-18,18/07/2024,12:52,Lion-tailed Macaque,6,Sighting,Coffee plantation,NA,NA
5dc8b281-ec87-4b09-8534-fee9fbc9ef12,2024-07-18T07:23:03.000Z,2024-08-11T02:45:32.000Z,T R Shankar Raman,18/07/2024 Gaur Sighting,10.353293,76.937536,15,1145119,712149,43P,2024-07-18,18/07/2024,12:52,Gaur,2,Sighting,Coffee plantation,NA,NA
37a20923-fce5-4f80-a063-2d9479487de4,2024-07-18T06:32:27.000Z,2024-07-27T13:15:11.000Z,Divya Mudappa,18/07/2024 Lion-tailed Macaque Sighting,10.324071,76.956092,18,1141898,714202,43P,2024-07-18,18/07/2024,12:01,Lion-tailed Macaque,7,Sighting,Human settlement/habitation,NA,NA
c2418dc3-7e2d-45df-8b38-36a328ad2b83,2024-07-17T07:18:54.000Z,2024-07-27T13:15:09.000Z,Divya Mudappa,17/07/2024 Lion-tailed Macaque Sighting,10.330251,76.960009,36,1142585,714627,43P,2024-07-17,17/07/2024,12:48,Lion-tailed Macaque,40,Sighting,Human settlement/habitation,NA,Large troop
63168510-bab7-4942-a69b-e9e02f8bdb79,2024-07-17T02:25:35.000Z,2024-08-11T02:45:29.000Z,T R Shankar Raman,17/07/2024 Lion-tailed Macaque Sighting,10.352255,76.972353,11,1145027,715964,43P,2024-07-17,17/07/2024,07:54,Lion-tailed Macaque,10,Sighting,Rainforest fragment,NA,Near Iyerpadi hospital
95849db9-6255-480d-a40b-433ab2a10576,2024-07-17T02:24:03.000Z,2024-08-11T02:45:27.000Z,T R Shankar Raman,17/07/2024 Gaur Sighting,10.347283,76.972457,11,1144477,715979,43P,2024-07-17,17/07/2024,07:53,Gaur,30,Sighting,Tea Plantation,NA,At least 30
fab5cd27-c332-4e39-911d-105497fc3e40,2024-07-17T02:15:55.000Z,2024-08-11T02:45:25.000Z,T R Shankar Raman,17/07/2024 Lion-tailed Macaque Sighting,10.330247,76.957053,46,1142582,714303,43P,2024-07-17,17/07/2024,07:45,Lion-tailed Macaque,10,Sighting,Human settlement/habitation,NA,Near post office
d4e88c37-8ace-4443-ae00-f1061c642b5b,2024-07-11T12:43:32.000Z,2024-07-27T10:29:54.000Z,Srinivasan Kasinathan,11/07/2024 Gaur Sighting,10.346595,76.972885,4,1144401,716026,43P,2024-07-11,11/07/2024,18:12,Gaur,29,Sighting,Tea Plantation,NA,NA
bc848a70-b5e0-48e0-a4f5-016dfc2a8ae9,2024-07-11T04:08:53.000Z,2024-07-27T13:15:07.000Z,Divya Mudappa,11/07/2024 Malabar Giant Squirrel Sighting,10.351134,76.935557,25,1144878,711934,43P,2024-07-11,11/07/2024,09:38,Malabar Giant Squirrel,1,Sighting,Coffee plantation,NA,NA
6218fef6-78ab-4b73-96db-c0f64bebc8d1,2024-07-11T04:01:14.000Z,2024-07-11T04:01:34.000Z,Divya Mudappa,11/07/2024 Bonnet Macaque Sighting,10.343909,76.934543,9,1144078,711828,43P,2024-07-11,11/07/2024,09:30,Bonnet Macaque,6,Sighting,Rainforest fragment,NA,Selaliparai 2
3d0e777e-b547-4c9d-a0ef-a95acfeb194e,2024-07-10T14:46:11.000Z,2024-07-10T14:46:18.000Z,Divya Mudappa,10/07/2024 Sambar Sign-vocalisation,10.330312,76.960025,137,1142591,714628,43P,2024-07-10,10/07/2024,20:15,Sambar,1,Sign-vocalisation,Tea Plantation,NA,Edge of coop colony
cecbe516-06b0-4761-baea-c1dfbc4038bb,2024-07-10T04:15:33.000Z,2024-07-27T10:29:52.000Z,Srinivasan Kasinathan,10/07/2024 Barking Deer Sighting,10.342499,76.969476,4,1143946,715655,43P,2024-07-10,10/07/2024,09:44,Barking Deer,1,Sighting,Rainforest fragment,NA,NA
d617586b-4478-4413-8dd1-59cee0e181d6,2024-07-07T10:55:27.000Z,2024-07-27T10:29:50.000Z,Srinivasan Kasinathan,07/07/2024 Nilgiri Langur Sighting,10.454342,76.980245,10,1156326,716758,43P,2024-07-07,07/07/2024,16:22,Nilgiri Langur,1,Sighting,Rainforest,NA,NA
aef958f9-518c-4c50-a76d-e3434be783d1,2024-07-07T05:31:47.000Z,2024-07-27T10:29:48.000Z,Srinivasan Kasinathan,07/07/2024 Wild pig Sighting,10.439031,76.985257,4,1154636,717317,43P,2024-07-07,07/07/2024,11:00,Wild pig,8,Sighting,Human settlement/habitation,NA,NA
65607c19-6d45-4973-ad34-a1876ffa3e5c,2024-07-06T07:04:35.000Z,2024-07-10T14:19:43.000Z,Divya Mudappa,06/07/2024 Lion-tailed Macaque Sighting,10.340473,76.966898,12,1143720,715374,43P,2024-07-06,06/07/2024,12:33,Lion-tailed Macaque,20,Sighting,Rainforest fragment,NA,Puthuthottam
dd3b3d3b-e7d4-4e63-90e6-9aed5a99693a,2024-07-05T13:32:31.000Z,2024-07-27T10:29:45.000Z,Srinivasan Kasinathan,05/07/2024 Gaur Sighting,10.362806,76.97873,4,1146199,716655,43P,2024-07-05,05/07/2024,19:01,Gaur,13,Sighting,Human settlement/habitation,NA,NA
c46fdac4-55e7-45bc-b5b2-0bb98186733f,2024-07-05T13:15:47.000Z,2024-07-27T10:29:43.000Z,Srinivasan Kasinathan,05/07/2024 Gaur Sighting,10.346455,76.97287,5,1144386,716024,43P,2024-07-05,05/07/2024,18:45,Gaur,25,Sighting,Tea Plantation,NA,NA
caab0fd7-041e-4f18-a0d4-750395ae2a94,2024-07-05T10:05:52.000Z,2024-07-27T10:29:41.000Z,Srinivasan Kasinathan,05/07/2024 Gaur Sighting,10.289791,76.969554,4,1138115,715700,43P,2024-07-05,05/07/2024,15:21,Gaur,1,Sighting,Tea Plantation,NA,NA
e7a14e04-a62c-4274-b576-5f8d5a1351a1,2024-07-05T08:46:31.000Z,2024-07-27T10:29:39.000Z,Srinivasan Kasinathan,05/07/2024 Malabar Giant Squirrel Sighting,10.338778,76.966133,5,1143532,715292,43P,2024-07-05,05/07/2024,14:15,Malabar Giant Squirrel,1,Sighting,Rainforest fragment,NA,NA
2eee9696-45e7-48e2-a725-edd1087589c2,2024-07-05T04:46:10.000Z,2024-07-27T10:29:36.000Z,Srinivasan Kasinathan,05/07/2024 Barking Deer Sighting,10.355473,76.972519,4,1145383,715980,43P,2024-07-05,05/07/2024,10:15,Barking Deer,1,Sighting,Tea Plantation,NA,NA
e96de39e-f98b-47a3-b67f-db2c89a1f7fa,2024-07-04T11:27:26.000Z,2024-07-05T01:00:20.000Z,Srinivasan Kasinathan,04/07/2024 Gaur Sighting,10.352877,76.972046,4,1145096,715930,43P,2024-07-04,04/07/2024,16:56,Gaur,4,Sighting,Tea Plantation,NA,NA
f758397b-11f5-4487-8212-fba38c6e4507,2024-07-03T10:33:23.000Z,2024-07-05T01:00:18.000Z,Srinivasan Kasinathan,03/07/2024 Gaur Sighting,10.353886,76.937106,5,1145184,712102,43P,2024-07-03,03/07/2024,16:02,Gaur,6,Sighting,Coffee plantation,NA,NA
db892aaf-2afc-472f-8546-dcb16d4fcf77,2024-07-03T02:41:13.000Z,2024-07-10T14:19:41.000Z,Divya Mudappa,03/07/2024 Dusky-striped Squirrel Sighting,11.256066,76.743448,4,1244858,690321,43P,2024-07-03,03/07/2024,08:09,Dusky-striped Squirrel,2,Sighting,Other,NA,Lantana-coffee
b88debaa-f8fb-43fc-8e85-9962e22271b0,2024-07-03T02:21:14.000Z,2024-07-10T14:19:39.000Z,Divya Mudappa,03/07/2024 Malabar Giant Squirrel Sighting,11.256734,76.744434,4,1244932,690429,43P,2024-07-03,03/07/2024,07:49,Malabar Giant Squirrel,1,Sighting,Other,NA,Same as dusky
1fd5306f-af9e-4146-8cdd-527b893be736,2024-07-03T02:19:03.000Z,2024-07-10T14:19:37.000Z,Divya Mudappa,03/07/2024 Dusky-striped Squirrel Sighting,11.257403,76.745197,4,1245007,690512,43P,2024-07-03,03/07/2024,07:47,Dusky-striped Squirrel,1,Sighting,Other,NA,Abandoned coffee with silver oak. Potential nursery site.
5643c371-04b1-48be-b806-fd82e98cf069,2024-07-03T01:03:36.000Z,2024-07-10T14:19:35.000Z,Divya Mudappa,03/07/2024 Malabar Giant Squirrel Sighting,11.288535,76.738799,102,1248447,689793,43P,2024-07-03,03/07/2024,06:32,Malabar Giant Squirrel,2,Sighting,Human settlement/habitation,NA,Near the chairman’s bungalow. Two around. One of them full black tail and a bit darker too. The other is the normal Nilgiri one with off white tail tip.
716557f1-3329-4606-bfdf-63c3b652be82,2024-07-02T09:42:26.000Z,2024-07-05T01:00:15.000Z,Srinivasan Kasinathan,02/07/2024 Gaur Sighting,10.357985,76.96047,4,1145653,714658,43P,2024-07-02,02/07/2024,15:11,Gaur,1,Sighting,Tea Plantation,NA,NA
8aa3a681-44af-4f8a-be99-b51a79bddd54,2024-07-02T02:29:24.000Z,2024-07-05T01:00:13.000Z,Srinivasan Kasinathan,02/07/2024 Brown Mongoose Sighting,10.358237,76.969912,4,1145687,715692,43P,2024-07-02,02/07/2024,07:59,Brown Mongoose,1,Sighting,Rainforest fragment,NA,NA
d7851008-6e69-450b-922e-bb8956a7fa87,2024-06-30T12:53:06.000Z,2024-07-05T01:00:11.000Z,Srinivasan Kasinathan,30/06/2024 Wild pig Sighting,10.362371,76.97993,6,1146151,716787,43P,2024-06-30,30/06/2024,18:22,Wild pig,1,Sighting,Human settlement/habitation,NA,NA
8263eb67-5618-45d5-a756-7d698c1bbb47,2024-06-28T09:36:58.000Z,2024-07-05T01:00:08.000Z,Srinivasan Kasinathan,28/06/2024 Nilgiri Langur Sighting,10.348978,76.934678,7,1144639,711839,43P,2024-06-28,28/06/2024,15:05,Nilgiri Langur,3,Sighting,Rainforest fragment,NA,NA
b79c66f2-9497-4f71-932c-fe9bf959445c,2024-06-28T06:56:25.000Z,2024-07-05T01:00:06.000Z,Srinivasan Kasinathan,28/06/2024 Gaur Sighting,10.357933,76.959481,4,1145647,714550,43P,2024-06-28,28/06/2024,12:24,Gaur,40,Sighting,Tea Plantation,NA,NA
ecc84778-260e-4ecc-af4f-c30e89fd7592,2024-06-28T06:03:08.000Z,2024-07-10T14:19:33.000Z,Divya Mudappa,28/06/2024 Elephant Sighting,10.464016,76.967209,5,1157388,715324,43P,2024-06-28,28/06/2024,11:32,Elephant,1,Sighting,Swamp or riverine,NA,Aliyar backwaters
276a03d9-da08-48cf-bdf3-d7dcd1b421a5,2024-06-27T12:44:04.000Z,2024-06-27T12:44:10.000Z,Divya Mudappa,18/06/2024 Nilgiri Marten Sighting,11.468619,76.684616,4,1268332,683761,43P,2024-06-18,18/06/2024,12:30,Nilgiri Marten,1,Sighting,Human settlement/habitation,276a03d9-da08-48cf-bdf3-d7dcd1b421a5_1719492240.jpg,Farm lands
a17be129-5a07-4aa8-a4c3-234201759145,2024-06-27T12:24:36.000Z,2024-06-27T12:38:01.000Z,Divya Mudappa,27/06/2024 Gaur Sighting,10.352444,76.972276,5,1145048,715955,43P,2024-06-27,27/06/2024,17:54,Gaur,1,Sighting,Tea Plantation,NA,NA
2100fd18-6115-4943-9bba-cebb02d8bd77,2024-06-27T12:18:38.000Z,2024-06-27T12:37:59.000Z,Divya Mudappa,27/06/2024 Elephant Sighting,10.358132,76.969922,5,1145676,715694,43P,2024-06-27,27/06/2024,17:47,Elephant,1,Sighting,Other,NA,On the rotikadai slope. Tenzing?
fe440c8f-9851-4b80-a9e8-07fead7c8e17,2024-06-27T10:41:31.000Z,2024-06-27T12:37:57.000Z,Divya Mudappa,27/06/2024 Gaur Sighting,10.337245,76.934707,10,1143341,711850,43P,2024-06-27,27/06/2024,16:11,Gaur,1,Sighting,Rainforest fragment,NA,Between tea and fragment in selaliparai 1
88db958c-ea62-4442-a92c-b68827c0f363,2024-06-23T08:02:59.000Z,2024-06-27T12:37:55.000Z,Divya Mudappa,23/06/2024 Wild pig Sighting,10.442443,76.985798,4,1155014,717374,43P,2024-06-23,23/06/2024,13:32,Wild pig,12,Sighting,Human settlement/habitation,NA,Attakatti. Many juveniles/young
aed31f9a-8943-4e47-8037-8603b67f35cc,2024-06-23T07:52:34.000Z,2024-06-27T12:37:52.000Z,Divya Mudappa,23/06/2024 Bonnet Macaque Sighting,10.450616,76.978472,5,1155913,716566,43P,2024-06-23,23/06/2024,13:21,Bonnet Macaque,20,Sighting,Other,NA,Between aliyar and attakatti. Moist deciduous forests
01f370c1-271b-47e2-b168-e4995983cc07,2024-06-21T10:48:25.000Z,2024-06-21T10:48:41.000Z,T R Shankar Raman,21/06/2024 Stripe-necked Mongoose Sighting,10.330221,76.959973,25,1142581,714623,43P,2024-06-21,21/06/2024,16:16,Stripe-necked Mongoose,3,Sighting,Human settlement/habitation,NA,"2 adults, 1 sub-adult"
cda4ed0e-33ae-4586-9264-3f8edfe5d35f,2024-06-21T09:33:09.000Z,2024-06-22T02:06:18.000Z,Srinivasan Kasinathan,21/06/2024 Gaur Sighting,10.356837,76.952487,4,1145521,713785,43P,2024-06-21,21/06/2024,15:02,Gaur,20,Sighting,Tea Plantation,NA,NA
e5a38432-9610-4e0d-81ab-6c1da08c76ce,2024-06-19T12:37:07.000Z,2024-06-22T04:38:54.000Z,Divya Mudappa,19/06/2024 Malabar Giant Squirrel Sign-vocalisation,11.279736,76.730755,5,1247468,688920,43P,2024-06-19,19/06/2024,18:06,Malabar Giant Squirrel,2,Sign-vocalisation,Other,NA,Nancol Shola.
80e5de27-e0b7-47f5-8ece-bf0e9a5e0216,2024-06-19T12:35:50.000Z,2024-06-22T04:38:51.000Z,Divya Mudappa,"19/06/2024 Bonnet Macaque Sighting, Sign-vocalisation",11.279613,76.730745,4,1247454,688919,43P,2024-06-19,19/06/2024,18:04,Bonnet Macaque,10,"Sighting, Sign-vocalisation",Other,NA,Nancol Shola. Two troops
da7b4e0b-9854-430d-bd69-71f118fc700a,2024-06-19T08:37:17.000Z,2024-06-22T02:06:16.000Z,Srinivasan Kasinathan,19/06/2024 Gaur Sighting,10.357883,76.971508,4,1145649,715867,43P,2024-06-19,19/06/2024,14:06,Gaur,2,Sighting,Tea Plantation,NA,NA
49fb9947-d156-4c35-ab72-29978512b5f0,2024-06-19T03:13:43.000Z,2024-06-22T04:38:49.000Z,Divya Mudappa,19/06/2024 Malabar Giant Squirrel Sighting,11.276949,76.733451,5,1247161,689216,43P,2024-06-19,19/06/2024,08:40,Malabar Giant Squirrel,2,Sighting,Other,NA,Craigmore Shola. Feeding on scolopia seeds
d8a5860a-9151-42f7-ad7c-1ebfa5e7798f,2024-06-16T15:46:44.000Z,2024-06-17T08:46:40.000Z,Srinivasan Kasinathan,16/06/2024 Sambar Sighting,10.344752,76.969788,10,1144195,715688,43P,2024-06-16,16/06/2024,21:16,Sambar,1,Sighting,Rainforest fragment,NA,NA
d36b008d-e92c-40d5-97ea-f46ac1f4966c,2024-06-16T12:23:42.000Z,2024-06-17T08:46:38.000Z,Srinivasan Kasinathan,16/06/2024 Sambar Sighting,10.317353,76.947869,4,1141150,713306,43P,2024-06-16,16/06/2024,17:52,Sambar,1,Sighting,Tea Plantation,NA,NA
b403f0eb-04fc-4af0-b47c-d92aae4caa91,2024-06-15T08:52:58.000Z,2024-06-17T08:46:35.000Z,Srinivasan Kasinathan,15/06/2024 Gaur Sighting,10.305478,76.874385,4,1139788,705263,43P,2024-06-15,15/06/2024,14:22,Gaur,10,Sighting,Tea Plantation,NA,NA
4397f6ac-f8f1-436f-94c3-45442e31facb,2024-06-15T04:46:48.000Z,2024-06-17T08:46:33.000Z,Srinivasan Kasinathan,15/06/2024 Malabar Giant Squirrel Sighting,10.314295,76.830665,5,1140735,700469,43P,2024-06-15,15/06/2024,10:15,Malabar Giant Squirrel,1,Sighting,Rainforest fragment,NA,NA
6fe72bfe-1f6d-459e-b44b-ea9fc6307491,2024-06-15T04:45:54.000Z,2024-06-17T08:46:31.000Z,Srinivasan Kasinathan,15/06/2024 Barking Deer Sighting,10.30781,76.841542,4,1140025,701664,43P,2024-06-15,15/06/2024,09:03,Barking Deer,1,Sighting,Tea Plantation,NA,NA
94e601ed-cd67-4a05-8a0e-a5a5159fd054,2024-06-14T03:03:28.000Z,2024-06-21T10:48:38.000Z,T R Shankar Raman,14/06/2024 Brown Mongoose Sighting,10.3409,76.903757,19,1143725,708458,43P,2024-06-14,14/06/2024,08:33,Brown Mongoose,1,Sighting,Tea Plantation,NA,NA
bc33d91c-3bf7-496a-8bc7-aee80a77ad31,2024-06-13T07:41:21.000Z,2024-06-17T08:46:29.000Z,Srinivasan Kasinathan,13/06/2024 Stripe-necked Mongoose Sighting,10.358103,76.960442,4,1145666,714655,43P,2024-06-13,13/06/2024,13:10,Stripe-necked Mongoose,1,Sighting,Human settlement/habitation,NA,NA
1baf2df0-c417-4f7f-afd9-4447dde44b62,2024-06-11T16:15:34.000Z,2024-06-21T10:48:36.000Z,T R Shankar Raman,11/06/2024 Sambar Sighting,10.344683,76.970891,6,1144188,715809,43P,2024-06-11,11/06/2024,21:45,Sambar,1,Sighting,Rainforest fragment,NA,NA
69bc22e7-5712-4e45-8426-56651a3c3b65,2024-06-11T15:59:15.000Z,2024-06-21T10:48:34.000Z,T R Shankar Raman,11/06/2024 Black-Naped Hare Sighting,10.345267,76.984787,8,1144263,717331,43P,2024-06-11,11/06/2024,21:28,Black-Naped Hare,1,Sighting,Tea Plantation,NA,NA
b14f2db3-8e18-4e91-8a4a-3ca6b95f237e,2024-06-11T11:20:08.000Z,2024-06-17T08:46:27.000Z,Srinivasan Kasinathan,11/06/2024 Brown Mongoose Sighting,10.330231,76.960212,3,1142582,714649,43P,2024-06-11,11/06/2024,16:48,Brown Mongoose,1,Sighting,Human settlement/habitation,NA,NA
f4462600-9816-4b4f-9a9a-0ce2cfcd7b59,2024-06-11T05:08:47.000Z,2024-06-11T05:09:00.000Z,T R Shankar Raman,11/06/2024 Nilgiri Tahr Sighting,10.449781,76.981848,27,1155823,716936,43P,2024-06-11,11/06/2024,10:37,Nilgiri Tahr,3,Sighting,Dry or mixed forest,NA,Near 7th bend
9c86d7e3-229f-4dba-bfc6-5f922ac223d8,2024-06-10T14:16:00.000Z,2024-06-17T08:46:24.000Z,Srinivasan Kasinathan,10/06/2024 Leopard Sighting,10.345275,76.970342,5,1144254,715748,43P,2024-06-10,10/06/2024,19:45,Leopard,1,Sighting,Rainforest fragment,NA,NA
b942ecd8-8147-44c6-96dd-86e68917fc54,2024-06-09T12:03:49.000Z,2024-10-04T03:16:16.000Z,A. Sathish Kumar,09/06/2024 Bonnet Macaque Sighting,10.432603,76.987384,17,1153926,717555,43P,2024-06-09,09/06/2024,17:32,Bonnet Macaque,3,Sighting,Dry or mixed forest,NA,NA
188f85b7-abae-4dbc-a613-d6212a7a2714,2024-06-09T11:44:59.000Z,2024-06-09T11:45:11.000Z,A. Sathish Kumar,09/06/2024 Bonnet Macaque Sighting,10.449779,76.983881,1710,1155824,717159,43P,2024-06-09,09/06/2024,17:13,Bonnet Macaque,9,Sighting,Dry or mixed forest,188f85b7-abae-4dbc-a613-d6212a7a2714_1717933474.jpg,NA
047eb9aa-13c0-442b-b6c4-12d5a7c3539e,2024-06-09T11:40:06.000Z,2024-06-09T11:40:23.000Z,A. Sathish Kumar,09/06/2024 Bonnet Macaque Sighting,10.449794,76.980442,11,1155823,716783,43P,2024-06-09,09/06/2024,17:09,Bonnet Macaque,3,Sighting,Dry or mixed forest,NA,NA
1693b428-8a76-4173-bc41-18268e2d53c2,2024-06-09T11:26:40.000Z,2024-06-09T11:26:54.000Z,A. Sathish Kumar,09/06/2024 Common Langur Sighting,10.45249,76.974676,5,1156118,716149,43P,2024-06-09,09/06/2024,16:55,Common Langur,2,Sighting,Dry or mixed forest,NA,NA
dba39880-2f55-4e7b-b999-e9fc1035dab2,2024-06-06T07:55:29.000Z,2024-06-22T04:38:47.000Z,Divya Mudappa,06/06/2024 Lion-tailed Macaque Sighting,10.353628,76.972534,12,1145179,715983,43P,2024-06-06,06/06/2024,13:24,Lion-tailed Macaque,1,Sighting,Human settlement/habitation,NA,Near Iyerpadi hospital. Male
b372ced9-a0f0-47c2-88ae-a0ac0b7896fb,2024-06-05T08:45:42.000Z,2024-06-17T08:46:22.000Z,Srinivasan Kasinathan,05/06/2024 Gaur Sighting,10.358482,76.941397,4,1145695,712569,43P,2024-06-05,05/06/2024,13:17,Gaur,10,Sighting,Coffee plantation,NA,NA
002e6520-acb0-416d-81cc-3dfa80888a18,2024-06-03T11:15:17.000Z,2024-06-17T08:46:20.000Z,Srinivasan Kasinathan,03/06/2024 Gaur Sighting,10.342469,76.933387,5,1143918,711702,43P,2024-06-03,03/06/2024,16:44,Gaur,2,Sighting,Tea Plantation,NA,NA
95c38a43-561e-4e07-83d9-904dab5502c7,2024-06-03T06:09:59.000Z,2024-06-03T07:38:15.000Z,T R Shankar Raman,03/06/2024 Jungle-striped Squirrel Sighting,10.360569,76.995379,5,1145963,718480,43P,2024-06-03,03/06/2024,11:39,Jungle-striped Squirrel,1,Sighting,Tea Plantation,NA,NA
227813e1-218f-4968-bab0-d0d29ab3c246,2024-06-01T10:17:58.000Z,2024-06-17T08:46:18.000Z,Srinivasan Kasinathan,01/06/2024 Gaur Sighting,10.366421,76.944748,4,1146576,712931,43P,2024-06-01,01/06/2024,15:47,Gaur,3,Sighting,Coffee plantation,NA,NA
e9168569-7f5c-488c-958f-d5be3d9c58c8,2024-06-01T07:45:14.000Z,2024-06-01T07:46:05.000Z,T R Shankar Raman,01/06/2024 Stripe-necked Mongoose Sighting,10.330002,76.95985,4,1142557,714609,43P,2024-06-01,01/06/2024,11:20,Stripe-necked Mongoose,2,Sighting,Human settlement/habitation,NA,Two together
f6f09de4-7891-489c-96bb-b572144b56b2,2024-06-01T06:23:18.000Z,2024-06-01T07:46:01.000Z,T R Shankar Raman,01/06/2024 Lion-tailed Macaque Sighting,10.330192,76.959913,409,1142578,714616,43P,2024-06-01,01/06/2024,21:10,Lion-tailed Macaque,40,Sighting,Human settlement/habitation,NA,Maybe more than 40
7c7da196-8878-4e61-81e8-553a54580563,2024-06-01T01:05:21.000Z,2024-06-17T08:46:16.000Z,Srinivasan Kasinathan,01/06/2024 Wild pig Sighting,10.362645,76.979192,4,1146181,716706,43P,2024-06-01,01/06/2024,06:34,Wild pig,1,Sighting,Human settlement/habitation,NA,NA
ed4069ad-b493-4cd2-8492-e28fa8e23068,2024-05-31T13:48:33.000Z,2024-06-17T08:46:14.000Z,Srinivasan Kasinathan,31/05/2024 Gaur Sighting,10.363501,76.977198,4,1146275,716487,43P,2024-05-31,31/05/2024,19:18,Gaur,9,Sighting,Human settlement/habitation,NA,NA
11a7a206-4f05-447b-bfbd-82ceba9d9136,2024-05-31T01:09:47.000Z,2024-06-17T08:46:11.000Z,Srinivasan Kasinathan,31/05/2024 Gaur Sighting,10.364769,76.979679,4,1146417,716758,43P,2024-05-31,31/05/2024,06:39,Gaur,13,Sighting,Tea Plantation,NA,NA
d568afed-cb2a-4592-882b-034b9ffaa850,2024-05-30T07:46:09.000Z,2024-05-30T08:01:07.000Z,Divya Mudappa,30/05/2024 Sambar Sighting,10.324379,76.946212,36,1141926,713119,43P,2024-05-30,30/05/2024,13:15,Sambar,1,Sighting,Tea Plantation,NA,Female
7c0ffb01-bec6-440e-b484-4ce281f024a7,2024-05-30T06:14:34.000Z,2024-06-01T07:45:56.000Z,T R Shankar Raman,30/05/2024 Nilgiri Langur Sighting,10.312885,76.835013,6,1140582,700946,43P,2024-05-30,30/05/2024,11:43,Nilgiri Langur,2,Sighting,Rainforest fragment,NA,Candura
dd221155-6b77-4b81-925e-eeedeb959d7b,2024-05-30T06:13:45.000Z,2024-06-01T07:45:51.000Z,T R Shankar Raman,30/05/2024 Lion-tailed Macaque Sighting,10.313009,76.834813,11,1140596,700924,43P,2024-05-30,30/05/2024,11:42,Lion-tailed Macaque,8,Sighting,Rainforest fragment,NA,Troop in Candura near J13 grid
08a752c0-b8dc-48ac-9e36-b97ed9a1877f,2024-05-29T03:11:57.000Z,2024-06-17T08:46:09.000Z,Srinivasan Kasinathan,29/05/2024 Mouse Deer Sighting,10.349739,76.993059,4,1144763,718234,43P,2024-05-29,29/05/2024,08:41,Mouse Deer,1,Sighting,Rainforest fragment,NA,NA
548e9807-fda6-4959-98a9-2aaccc047b00,2024-05-27T07:34:02.000Z,2024-06-17T08:46:07.000Z,Srinivasan Kasinathan,27/05/2024 Gaur Sighting,10.354174,76.975181,4,1145241,716272,43P,2024-05-27,27/05/2024,13:03,Gaur,4,Sighting,Tea Plantation,NA,NA
38dc69ce-2400-4793-b70d-682651436f36,2024-05-26T12:20:49.000Z,2024-05-30T08:01:04.000Z,Divya Mudappa,26/05/2024 Nilgiri Langur Sighting,10.324597,76.925924,4,1141936,710897,43P,2024-05-26,26/05/2024,17:50,Nilgiri Langur,1,Sighting,Rainforest fragment,NA,NA
5a2ddbf0-717e-4933-b9aa-b2e7b80e7e76,2024-05-26T12:08:29.000Z,2024-05-30T08:01:02.000Z,Divya Mudappa,26/05/2024 Barking Deer Sighting,10.308546,76.907352,7,1140149,708873,43P,2024-05-26,26/05/2024,17:37,Barking Deer,2,Sighting,Rainforest fragment,NA,Moved from tea into fragment. Female.
29bb8e0c-069d-4df1-86d4-b66996193192,2024-05-26T12:03:39.000Z,2024-05-30T08:00:57.000Z,Divya Mudappa,26/05/2024 Nilgiri Langur Sighting,10.308845,76.908875,10,1140183,709039,43P,2024-05-26,26/05/2024,17:33,Nilgiri Langur,1,Sighting,Rainforest fragment,NA,Must be more.
a0a6eb95-20cd-4e4a-8088-86df4abb6be5,2024-05-26T12:02:06.000Z,2024-05-30T08:00:55.000Z,Divya Mudappa,26/05/2024 Brown Palm Civet Roadkill,10.308919,76.908962,5,1140191,709049,43P,2024-05-26,26/05/2024,17:30,Brown Palm Civet,1,Roadkill,Rainforest fragment,NA,On the road. Being inspected by LTMs.
8a6609d9-b6db-4d78-9b7f-5e5645a9ee06,2024-05-26T12:00:54.000Z,2024-05-30T08:01:00.000Z,Divya Mudappa,26/05/2024 Lion-tailed Macaque Sighting,10.30891,76.908919,5,1140190,709044,43P,2024-05-26,26/05/2024,17:28,Lion-tailed Macaque,10,Sighting,Rainforest fragment,NA,Most be more around. Koramgumudi. Feeding on jack and they are inspecting a dead brown palm civet.
fe6760c1-50fe-4b68-a665-7f20ded56f7f,2024-05-26T11:46:45.000Z,2024-05-30T08:00:53.000Z,Divya Mudappa,26/05/2024 Malabar Giant Squirrel Sighting,10.322219,76.926229,9,1141674,710932,43P,2024-05-26,26/05/2024,17:16,Malabar Giant Squirrel,1,Sighting,Rainforest fragment,NA,In injipara fragment open area plot.
a257f870-78ca-4802-b3cb-8504150dcbcf,2024-05-26T11:26:42.000Z,2024-05-30T08:00:51.000Z,Divya Mudappa,26/05/2024 Malabar Giant Squirrel Sighting,10.324085,76.927994,11,1141881,711124,43P,2024-05-26,26/05/2024,16:56,Malabar Giant Squirrel,1,Sighting,Rainforest fragment,NA,NA
a080f1d4-5592-4ff8-8f1d-30f32f1ee31a,2024-05-25T10:38:41.000Z,2024-06-17T08:46:05.000Z,Srinivasan Kasinathan,25/05/2024 Barking Deer Sighting,10.359276,76.9572,5,1145794,714299,43P,2024-05-25,25/05/2024,16:08,Barking Deer,1,Sighting,Swamp or riverine,NA,NA
0a19078e-1d51-431d-be33-b177193d0f02,2024-05-23T03:07:50.000Z,2024-06-17T08:46:03.000Z,Srinivasan Kasinathan,23/05/2024 Sambar Sighting,10.338573,76.963587,10,1143508,715013,43P,2024-05-23,23/05/2024,08:36,Sambar,3,Sighting,Rainforest fragment,NA,NA
5010e070-c6e5-419b-9f89-36669b98750f,2024-05-23T03:06:34.000Z,2024-06-17T08:46:00.000Z,Srinivasan Kasinathan,23/05/2024 Barking Deer Sighting,10.33857,76.963589,12,1143507,715013,43P,2024-05-23,23/05/2024,08:36,Barking Deer,1,Sighting,Rainforest fragment,NA,NA
df656bbd-59ee-421a-a387-ab11f2ecacbd,2024-05-22T05:13:31.000Z,2024-06-17T08:45:58.000Z,Srinivasan Kasinathan,22/05/2024 Nilgiri Langur Sighting,10.311727,76.834378,4,1140454,700877,43P,2024-05-22,22/05/2024,10:43,Nilgiri Langur,3,Sighting,Rainforest fragment,NA,NA
13625aa7-786e-4fa9-b78c-03b84717d17c,2024-05-21T04:54:26.000Z,2024-05-30T08:00:49.000Z,Divya Mudappa,21/05/2024 Bonnet Macaque Sighting,10.357291,76.934693,165,1145559,711835,43P,2024-05-21,21/05/2024,10:23,Bonnet Macaque,40,Sighting,Coffee plantation,NA,NA
fed96b84-a981-45c6-94a6-71b670265346,2024-05-19T06:25:52.000Z,2024-06-01T07:45:45.000Z,T R Shankar Raman,19/05/2024 Wild pig Sighting,10.443789,76.985771,7,1155163,717370,43P,2024-05-19,19/05/2024,11:55,Wild pig,2,Sighting,Dry or mixed forest,NA,Female and grown young striper
d9319d4a-22a4-4e43-ac33-5e6f241f3206,2024-05-19T06:22:20.000Z,2024-06-01T07:45:41.000Z,T R Shankar Raman,19/05/2024 Nilgiri Tahr Sighting,10.448844,76.983388,4,1155720,717106,43P,2024-05-19,19/05/2024,11:50,Nilgiri Tahr,2,Sighting,Dry or mixed forest,NA,NA
fc53f3c4-e576-4565-8518-4f96998894ee,2024-05-18T13:35:32.000Z,2024-06-17T08:45:56.000Z,Srinivasan Kasinathan,18/05/2024 Sambar Sighting,10.338432,76.964502,4,1143493,715113,43P,2024-05-18,18/05/2024,18:53,Sambar,1,Sighting,Rainforest fragment,NA,NA
2f738764-a3db-4ddc-9227-36f23c653076,2024-05-17T11:03:24.000Z,2024-06-17T08:45:54.000Z,Srinivasan Kasinathan,17/05/2024 Sambar Sighting,10.324317,76.945973,4,1141919,713093,43P,2024-05-17,17/05/2024,16:33,Sambar,1,Sighting,Tea Plantation,NA,NA
a88e0f72-ce8a-41e8-bbfe-041c58db6845,2024-05-17T08:42:25.000Z,2024-05-30T08:00:47.000Z,Divya Mudappa,17/05/2024 Bonnet Macaque Sighting,10.468386,76.962791,9,1157868,714837,43P,2024-05-17,17/05/2024,14:11,Bonnet Macaque,13,Sighting,Dry or mixed forest,NA,With infants -3
71e48402-d00c-4dfa-a1ab-576e15efea26,2024-05-17T08:40:23.000Z,2024-05-30T08:00:44.000Z,Divya Mudappa,17/05/2024 Bonnet Macaque Sighting,10.460722,76.967648,13,1157023,715374,43P,2024-05-17,17/05/2024,14:09,Bonnet Macaque,7,Sighting,Dry or mixed forest,NA,With infants -2
112f7cc2-6acc-40e5-babc-b52067df14d1,2024-05-17T08:38:28.000Z,2024-05-30T08:00:42.000Z,Divya Mudappa,17/05/2024 Common Langur Sighting,10.455256,76.969646,10,1156420,715597,43P,2024-05-17,17/05/2024,14:07,Common Langur,3,Sighting,Dry or mixed forest,NA,Along with one bonnet
4c759348-affb-485a-90ea-06546f7fb351,2024-05-17T08:37:13.000Z,2024-05-30T08:00:40.000Z,Divya Mudappa,17/05/2024 Bonnet Macaque Sighting,10.454683,76.971446,15,1156358,715794,43P,2024-05-17,17/05/2024,14:06,Bonnet Macaque,3,Sighting,Dry or mixed forest,NA,NA
4246a97d-7681-48ac-8aad-5ce50c4f6bad,2024-05-17T08:34:39.000Z,2024-06-01T07:45:35.000Z,T R Shankar Raman,17/05/2024 Bonnet Macaque Sighting,10.454433,76.98035,10,1156336,716769,43P,2024-05-17,17/05/2024,14:04,Bonnet Macaque,14,Sighting,Dry or mixed forest,NA,NA
bb556208-a4f9-4df3-bbe6-3648a07d9380,2024-05-17T08:33:18.000Z,2024-06-01T07:45:31.000Z,T R Shankar Raman,17/05/2024 Bonnet Macaque Sighting,10.451068,76.977016,13,1155962,716406,43P,2024-05-17,17/05/2024,14:02,Bonnet Macaque,8,Sighting,Dry or mixed forest,NA,NA
d596d612-43a1-463d-9c49-85d167e7f2c2,2024-05-17T08:28:24.000Z,2024-06-01T07:45:25.000Z,T R Shankar Raman,17/05/2024 Nilgiri Tahr Sighting,10.449688,76.981858,15,1155812,716938,43P,2024-05-17,17/05/2024,13:57,Nilgiri Tahr,4,Sighting,Dry or mixed forest,NA,2 yearlings
e3a1e842-5ec2-40a9-bb68-11aef99b63c0,2024-05-17T03:29:32.000Z,2024-05-17T03:29:44.000Z,Divya Mudappa,17/05/2024 Sambar Sign-vocalisation,10.330275,76.959982,8,1142587,714624,43P,2024-05-17,17/05/2024,08:58,Sambar,1,Sign-vocalisation,Tea Plantation,NA,NA
dce62a82-ac44-436f-9c17-f73512faa1a6,2024-05-16T08:03:30.000Z,2024-05-16T08:05:50.000Z,Srinivasan Kasinathan,16/05/2024 Sambar Sighting,10.340039,76.966682,4,1143672,715351,43P,2024-05-16,16/05/2024,13:32,Sambar,1,Sighting,Rainforest fragment,NA,NA
c4bc6021-290c-4d39-b818-14475801cf6a,2024-05-16T08:02:45.000Z,2024-05-16T08:05:40.000Z,Srinivasan Kasinathan,16/05/2024 Gaur Sighting,10.352045,76.972279,4,1145004,715956,43P,2024-05-16,16/05/2024,00:29,Gaur,13,Sighting,Tea Plantation,NA,NA
57d628d5-bef3-4116-a3b9-d714cbac5a3b,2024-05-14T14:32:19.000Z,2024-05-16T08:05:30.000Z,Srinivasan Kasinathan,14/05/2024 Leopard Sighting,10.341548,76.969244,5,1143841,715631,43P,2024-05-14,14/05/2024,20:01,Leopard,1,Sighting,Rainforest fragment,NA,NA
fa6c4c7c-cadd-4438-a5fe-5cb800d3791f,2024-05-14T05:37:20.000Z,2024-05-17T03:27:53.000Z,Divya Mudappa,14/05/2024 Nilgiri Langur Sighting,10.342858,76.933855,11,1143962,711753,43P,2024-05-14,14/05/2024,11:06,Nilgiri Langur,3,Sighting,Rainforest fragment,NA,NA
6fdaeacd-9268-44a3-831d-1e179d16dcf8,2024-05-14T03:23:37.000Z,2024-05-17T03:27:50.000Z,Divya Mudappa,"14/05/2024 Nilgiri Langur Sighting, Sign-vocalisation",10.350082,76.935048,4,1144762,711879,43P,2024-05-14,14/05/2024,08:53,Nilgiri Langur,4,"Sighting, Sign-vocalisation",Coffee plantation,NA,NA
d48cfb59-f2b2-4427-8d6c-0fa67110fd66,2024-05-14T03:13:59.000Z,2024-05-17T03:27:48.000Z,Divya Mudappa,14/05/2024 Barking Deer Sighting,10.349053,76.93446,12,1144647,711815,43P,2024-05-14,14/05/2024,08:42,Barking Deer,1,Sighting,Coffee plantation,NA,Female going into fragment.
c4c18422-1861-49cf-b782-e9de90954d22,2024-05-14T01:51:17.000Z,2024-05-17T03:27:46.000Z,Divya Mudappa,14/05/2024 Malabar Giant Squirrel Sighting,10.342871,76.933779,6,1143963,711745,43P,2024-05-14,14/05/2024,07:20,Malabar Giant Squirrel,1,Sighting,Rainforest fragment,NA,Selaliparai 2
39f2e334-0e18-4782-a109-8f8d84581408,2024-05-13T10:41:06.000Z,2024-05-16T08:05:22.000Z,Srinivasan Kasinathan,13/05/2024 Gaur Sighting,10.364674,76.979122,4,1146406,716697,43P,2024-05-13,13/05/2024,16:10,Gaur,7,Sighting,Tea Plantation,NA,NA
025e105c-2ed5-45d0-89f3-23434453b3b4,2024-05-13T04:51:13.000Z,2024-05-16T08:05:13.000Z,Srinivasan Kasinathan,13/05/2024 Gaur Sighting,10.351402,76.99798,4,1144950,718772,43P,2024-05-13,13/05/2024,10:21,Gaur,1,Sighting,Tea Plantation,NA,NA
f77743cd-81ca-42e8-9953-960512e043ad,2024-05-13T04:48:11.000Z,2024-05-16T08:05:08.000Z,Srinivasan Kasinathan,13/05/2024 Nilgiri Langur Sighting,10.348986,76.996504,4,1144682,718612,43P,2024-05-13,13/05/2024,10:17,Nilgiri Langur,1,Sighting,Swamp or riverine,NA,NA
587d4f31-1d59-4678-a193-6436c0a78edd,2024-05-12T03:59:30.000Z,2024-05-16T08:04:57.000Z,Srinivasan Kasinathan,12/05/2024 Barking Deer Sign-vocalisation,10.357715,76.889862,9,1145576,706925,43P,2024-05-12,12/05/2024,09:29,Barking Deer,1,Sign-vocalisation,Rainforest,NA,NA
71019d54-ea95-4c4b-943a-3ae6e46252d9,2024-05-12T03:04:21.000Z,2024-05-16T08:04:48.000Z,Srinivasan Kasinathan,12/05/2024 Barking Deer Sighting,10.35639,76.894934,4,1145433,707481,43P,2024-05-12,12/05/2024,08:33,Barking Deer,1,Sighting,Coffee plantation,NA,NA
10ef4c1a-8859-473f-92d2-b8f5ceb3bc15,2024-05-12T02:23:21.000Z,2024-05-16T08:04:43.000Z,Srinivasan Kasinathan,12/05/2024 Gaur Sighting,10.356831,76.95259,4,1145520,713796,43P,2024-05-12,12/05/2024,07:53,Gaur,1,Sighting,Tea Plantation,NA,NA
ca13a7bc-1d1b-4c9d-b837-8a143d21fa93,2024-05-11T09:38:58.000Z,2024-05-16T08:04:38.000Z,Srinivasan Kasinathan,11/05/2024 Gaur Sighting,10.307483,76.836038,4,1139985,701061,43P,2024-05-11,11/05/2024,15:08,Gaur,8,Sighting,Rainforest fragment,NA,NA
d99cd286-7551-4d59-96f9-ec6b9e3dc4ee,2024-05-11T05:34:18.000Z,2024-05-17T03:27:43.000Z,Divya Mudappa,11/05/2024 Gaur Sighting,10.35788,76.941286,4,1145629,712557,43P,2024-05-11,11/05/2024,11:03,Gaur,4,Sighting,Coffee plantation,NA,Two female and two young resting
fc27c4ac-ef06-4d23-ac15-1d3785a4cb51,2024-05-11T04:46:29.000Z,2024-05-17T03:27:41.000Z,Divya Mudappa,11/05/2024 Small-clawed Otter Sighting,10.359394,76.93603,22,1145792,711980,43P,2024-05-11,11/05/2024,10:15,Small-clawed Otter,1,Sighting,Swamp or riverine,NA,Near nursery
2ae0b080-4c0f-4d1c-94e8-7572a23db54d,2024-05-11T03:45:43.000Z,2024-05-17T03:27:36.000Z,Divya Mudappa,11/05/2024 Bonnet Macaque Sighting,10.36294,76.927965,5,1146179,711095,43P,2024-05-11,11/05/2024,09:15,Bonnet Macaque,6,Sighting,Coffee plantation,NA,NA
d75887eb-70ea-41a5-9c7a-0d4c7f4d0fce,2024-05-11T03:45:06.000Z,2024-05-17T03:27:39.000Z,Divya Mudappa,"11/05/2024 Nilgiri Langur Sighting, Sign-vocalisation",10.359798,76.927847,5,1145832,711084,43P,2024-05-11,11/05/2024,09:14,Nilgiri Langur,5,"Sighting, Sign-vocalisation",Coffee plantation,NA,NA
396e1fff-acc3-44b3-a632-428dab3a694a,2024-05-11T03:02:52.000Z,2024-05-17T03:27:31.000Z,Divya Mudappa,11/05/2024 Nilgiri Langur Sign-vocalisation,10.35831,76.930579,8,1145669,711384,43P,2024-05-11,11/05/2024,08:32,Nilgiri Langur,1,Sign-vocalisation,Coffee plantation,NA,NA
c424972c-4b0d-4c18-857b-eca1d54bb7ac,2024-05-11T03:00:56.000Z,2024-05-17T03:27:33.000Z,Divya Mudappa,11/05/2024 Malabar Giant Squirrel Sign-vocalisation,10.358492,76.930543,4,1145689,711380,43P,2024-05-11,11/05/2024,08:29,Malabar Giant Squirrel,4,Sign-vocalisation,Coffee plantation,NA,NA
54cf8cc1-0e36-4f29-8e81-7c4997743d19,2024-05-11T02:33:39.000Z,2024-05-17T03:27:28.000Z,Divya Mudappa,11/05/2024 Nilgiri Langur Sighting,10.349862,76.934865,4,1144737,711859,43P,2024-05-11,11/05/2024,08:03,Nilgiri Langur,6,Sighting,Coffee plantation,NA,NA
8db59a0b-afda-4377-ac62-e2228198faf0,2024-05-11T02:28:05.000Z,2024-05-17T03:27:26.000Z,Divya Mudappa,11/05/2024 Nilgiri Langur Sighting,10.35136,76.936908,5,1144904,712082,43P,2024-05-11,11/05/2024,07:57,Nilgiri Langur,1,Sighting,Rainforest fragment,NA,NA
3be9a85f-bb93-4bdb-8369-afd29769ffe7,2024-05-11T02:27:42.000Z,2024-05-17T03:27:24.000Z,Divya Mudappa,11/05/2024 Malabar Giant Squirrel Sighting,10.351325,76.936762,15,1144900,712066,43P,2024-05-11,11/05/2024,07:57,Malabar Giant Squirrel,2,Sighting,Coffee plantation,NA,NA
2ebf54b7-34ff-41ac-81f7-ecc094efd920,2024-05-11T02:24:25.000Z,2024-05-17T03:27:20.000Z,Divya Mudappa,11/05/2024 Stripe-necked Mongoose Sighting,10.351376,76.936927,17,1144906,712084,43P,2024-05-11,11/05/2024,07:53,Stripe-necked Mongoose,1,Sighting,Rainforest fragment,NA,NA
6f5c1df4-bbd1-4e42-aa46-ce9f41ee06cd,2024-05-11T02:20:21.000Z,2024-05-17T03:27:18.000Z,Divya Mudappa,11/05/2024 Malabar Giant Squirrel Sighting,10.351379,76.936944,4,1144906,712086,43P,2024-05-11,11/05/2024,07:49,Malabar Giant Squirrel,1,Sighting,Rainforest fragment,NA,NA
8d2b6343-6f2f-46de-a09b-7458a2e5ea0a,2024-05-11T02:18:39.000Z,2024-05-17T03:27:16.000Z,Divya Mudappa,11/05/2024 Bonnet Macaque Sighting,10.352944,76.939967,7,1145082,712416,43P,2024-05-11,11/05/2024,07:48,Bonnet Macaque,4,Sighting,Rainforest fragment,NA,NA
a9623651-a4e2-4580-9b30-4b36cbfc73e5,2024-05-11T02:16:57.000Z,2024-05-17T03:27:12.000Z,Divya Mudappa,11/05/2024 Barking Deer Sighting,10.349929,76.938009,4,1144747,712204,43P,2024-05-11,11/05/2024,07:46,Barking Deer,1,Sighting,Rainforest fragment,NA,Male hard antler
ddce8c99-5cbf-48d2-bc6d-a0e54e13f72c,2024-05-11T02:13:12.000Z,2024-05-17T03:27:10.000Z,Divya Mudappa,11/05/2024 Nilgiri Langur Sighting,10.342965,76.933588,5,1143973,711724,43P,2024-05-11,11/05/2024,07:42,Nilgiri Langur,1,Sighting,Rainforest fragment,NA,Selaliparai 2
495fd8b4-6e3f-4628-a3a8-ba54a87ff70c,2024-05-11T01:50:36.000Z,2024-05-17T03:27:08.000Z,Divya Mudappa,11/05/2024 Sambar Sighting,10.325357,76.948505,14,1142035,713370,43P,2024-05-11,11/05/2024,07:20,Sambar,1,Sighting,Tea Plantation,NA,Female and fawn
b283ef63-f4a9-49a7-8b4d-e67eec8f26e0,2024-05-10T13:59:11.000Z,2024-05-16T08:04:33.000Z,Srinivasan Kasinathan,10/05/2024 Sambar Sighting,10.360487,76.97769,4,1145941,716543,43P,2024-05-10,10/05/2024,19:10,Sambar,4,Sighting,Human settlement/habitation,NA,NA
2ea83053-7cb7-4e47-9282-6973ccc1a2dd,2024-05-10T00:40:27.000Z,2024-05-10T00:41:01.000Z,M. Ananda Kumar,10/05/2024 Sambar Sighting,10.342263,76.969425,10,1143920,715650,43P,2024-05-10,10/05/2024,06:09,Sambar,3,Sighting,Coffee plantation,NA,Puthuthottam
3ef16dcf-11e6-4d44-b71d-5954979f23b0,2024-05-09T14:18:07.000Z,2024-05-09T14:18:44.000Z,M. Ananda Kumar,09/05/2024 Wild pig Sighting,10.362269,76.980212,10,1146140,716818,43P,2024-05-09,09/05/2024,19:45,Wild pig,1,Sighting,Human settlement/habitation,NA,One in Iyerpadipost officecolony
737cfcba-6598-494c-978c-10c3fda53064,2024-05-09T09:48:47.000Z,2024-05-16T08:04:27.000Z,Srinivasan Kasinathan,09/05/2024 Gaur Sighting,10.350548,76.972721,4,1144839,716005,43P,2024-05-09,09/05/2024,15:18,Gaur,1,Sighting,Tea Plantation,NA,NA
cedd556f-3403-49b7-b1e5-cbfef3599d93,2024-05-08T14:00:54.000Z,2024-05-16T08:04:24.000Z,Srinivasan Kasinathan,08/05/2024 Sambar Sighting,10.338422,76.964161,4,1143491,715076,43P,2024-05-08,08/05/2024,19:03,Sambar,2,Sighting,Rainforest fragment,NA,NA
6aadf1e1-4f0e-4ffa-8567-a49306f44f50,2024-05-08T10:46:30.000Z,2024-05-16T08:04:22.000Z,Srinivasan Kasinathan,08/05/2024 Nilgiri Langur Sighting,10.349381,76.934727,4,1144684,711844,43P,2024-05-08,08/05/2024,16:15,Nilgiri Langur,4,Sighting,Rainforest fragment,NA,NA
c3c334a7-88e9-4c9d-8827-3d74b42d8a4b,2024-05-08T10:17:44.000Z,2024-05-16T08:04:16.000Z,Srinivasan Kasinathan,08/05/2024 Gaur Sighting,10.353113,76.935919,4,1145098,711972,43P,2024-05-08,08/05/2024,15:27,Gaur,2,Sighting,Coffee plantation,NA,NA
014fc3b4-5992-4621-8272-315311ed97a8,2024-05-07T16:21:37.000Z,2024-05-08T14:20:46.000Z,Divya Mudappa,07/05/2024 Sambar Sighting,10.340993,76.968538,4,1143779,715554,43P,2024-05-07,07/05/2024,21:50,Sambar,1,Sighting,Rainforest fragment,NA,NA
6846cf29-5dec-4779-abaa-5b26c430c9fa,2024-05-07T03:35:04.000Z,2024-05-16T08:04:11.000Z,Srinivasan Kasinathan,07/05/2024 Gaur Sighting,10.362923,76.940132,4,1146186,712427,43P,2024-05-07,07/05/2024,09:04,Gaur,1,Sighting,Coffee plantation,NA,NA
1be23d85-1f47-4a5c-bf80-84762b1cc8d9,2024-05-07T02:28:01.000Z,2024-05-16T08:04:06.000Z,Srinivasan Kasinathan,07/05/2024 Nilgiri Langur Sighting,10.349131,76.93473,4,1144656,711845,43P,2024-05-07,07/05/2024,07:57,Nilgiri Langur,3,Sighting,Rainforest fragment,NA,NA
8187b4bb-607c-4fab-9c44-f9725c34dfc5,2024-05-06T11:11:29.000Z,2024-05-16T08:03:57.000Z,Srinivasan Kasinathan,06/05/2024 Sambar Sighting,10.325532,76.948272,4,1142055,713344,43P,2024-05-06,06/05/2024,16:40,Sambar,2,Sighting,Tea Plantation,NA,NA
32db9355-0aff-4549-8278-d1815f96a2da,2024-05-06T02:17:02.000Z,2024-05-16T08:03:52.000Z,Srinivasan Kasinathan,06/05/2024 Nilgiri Langur Sighting,10.350076,76.935502,4,1144761,711929,43P,2024-05-06,06/05/2024,07:46,Nilgiri Langur,4,Sighting,Rainforest fragment,NA,NA
df2826b5-c1b9-4bf3-a67f-d775d6d73d7d,2024-05-03T10:54:31.000Z,2024-05-17T03:36:08.000Z,T R Shankar Raman,03/05/2024 Common Mongoose Sighting,12.908121,75.670397,8,1427070,572726,43P,2024-05-03,03/05/2024,16:21,Common Mongoose,1,Sighting,Human settlement/habitation,NA,NA
3e7196e5-d82e-4574-91bc-b0d2f4015d0d,2024-05-03T09:30:53.000Z,2024-05-16T08:03:47.000Z,Srinivasan Kasinathan,03/05/2024 Wild pig Sighting,10.360921,76.996388,4,1146002,718591,43P,2024-05-03,03/05/2024,15:00,Wild pig,1,Sighting,Swamp or riverine,NA,NA
de765107-0ce8-440d-be1d-d12bb1f3e7c2,2024-05-02T14:37:14.000Z,2024-05-17T03:36:05.000Z,T R Shankar Raman,02/05/2024 Brown Mongoose Sighting,12.933476,75.66065,34,1429871,571662,43P,2024-05-02,02/05/2024,20:06,Brown Mongoose,1,Sighting,Rainforest,NA,In Kadamane
20d37d03-774e-4585-bcde-e475971b0247,2024-05-02T10:22:08.000Z,2024-05-16T08:03:41.000Z,Srinivasan Kasinathan,02/05/2024 Stripe-necked Mongoose Sighting,10.359008,76.996271,6,1145791,718579,43P,2024-05-02,02/05/2024,15:51,Stripe-necked Mongoose,1,Sighting,Rainforest fragment,NA,NA
d5276a3a-2c1b-4168-a408-701e387f4432,2024-05-01T01:30:31.000Z,2024-05-02T04:29:52.000Z,Srinivasan Kasinathan,01/05/2024 Lion-tailed Macaque Sighting,10.366772,76.995275,3,1146649,718465,43P,2024-05-01,01/05/2024,07:00,Lion-tailed Macaque,2,Sighting,Rainforest,NA,NA
a1fd0abe-7c78-4be6-9d9b-b3bb5e6e7dbc,2024-05-01T01:16:15.000Z,2024-05-02T04:29:49.000Z,Srinivasan Kasinathan,01/05/2024 Jungle-striped Squirrel Roadkill,10.365206,76.986948,3,1146470,717554,43P,2024-05-01,01/05/2024,06:45,Jungle-striped Squirrel,1,Roadkill,Human settlement/habitation,NA,NA
fdb3a4d5-eb7e-482d-b548-f643ceb1f127,2024-04-27T04:18:43.000Z,2024-05-02T04:29:46.000Z,Srinivasan Kasinathan,27/04/2024 Stripe-necked Mongoose Sighting,10.377653,76.996571,4,1147853,718599,43P,2024-04-27,27/04/2024,09:48,Stripe-necked Mongoose,1,Sighting,Human settlement/habitation,NA,NA
8fc013af-b9a7-40e6-8ba8-c0cc0ea00d68,2024-04-26T11:48:17.000Z,2024-05-02T04:29:44.000Z,Srinivasan Kasinathan,26/04/2024 Gaur Sighting,10.350843,76.93559,10,1144846,711938,43P,2024-04-26,26/04/2024,17:17,Gaur,1,Sighting,Coffee plantation,NA,NA
6d87193d-f056-4bc5-b9de-2fa572b510fc,2024-04-26T11:25:30.000Z,2024-05-02T04:29:41.000Z,Srinivasan Kasinathan,26/04/2024 Nilgiri Langur Sighting,10.312756,76.88802,4,1140602,706752,43P,2024-04-26,26/04/2024,16:54,Nilgiri Langur,4,Sighting,Rainforest fragment,NA,NA
f3f99fb7-cf42-472c-b20b-37eea58525da,2024-04-26T10:10:45.000Z,2024-05-01T01:18:29.000Z,Srinivasan Kasinathan,26/04/2024 Nilgiri Langur Sighting,10.301056,76.788443,5,1139245,695852,43P,2024-04-26,26/04/2024,15:40,Nilgiri Langur,2,Sighting,Rainforest,NA,NA
1f18b03f-45ba-49c0-9c6d-ae627e7ba460,2024-04-26T09:09:05.000Z,2024-05-01T01:18:24.000Z,Srinivasan Kasinathan,26/04/2024 Nilgiri Langur Sighting,10.30123,76.605372,8,1139158,675798,43P,2024-04-26,26/04/2024,14:38,Nilgiri Langur,10,Sighting,Rainforest fragment,NA,NA
1712f044-a673-460c-aa40-127def51c16b,2024-04-26T08:59:54.000Z,2024-05-08T14:20:44.000Z,Divya Mudappa,26/04/2024 Sambar Sighting,10.324203,76.943153,4,1141904,712784,43P,2024-04-26,26/04/2024,14:29,Sambar,1,Sighting,Swamp or riverine,NA,Within tea.
4f3b91de-0943-4f6e-bac0-b752ca7a6e5b,2024-04-26T04:57:54.000Z,2024-05-01T01:18:11.000Z,Srinivasan Kasinathan,26/04/2024 Malabar Giant Squirrel Sighting,10.302819,76.875066,4,1139494,705340,43P,2024-04-26,26/04/2024,10:27,Malabar Giant Squirrel,1,Sighting,Coffee plantation,NA,NA
17cbf480-37e4-43b6-a780-4aa9300ef9e6,2024-04-26T04:56:24.000Z,2024-05-01T01:18:06.000Z,Srinivasan Kasinathan,26/04/2024 Malabar Giant Squirrel Sighting,10.303782,76.87485,4,1139601,705315,43P,2024-04-26,26/04/2024,10:26,Malabar Giant Squirrel,1,Sighting,Rainforest fragment,NA,NA
822b78ea-4207-4593-a2b6-ca802e71ee07,2024-04-26T04:24:01.000Z,2024-05-01T01:18:01.000Z,Srinivasan Kasinathan,26/04/2024 Sambar Sighting,10.308568,76.858055,4,1140119,703473,43P,2024-04-26,26/04/2024,09:52,Sambar,2,Sighting,Tea Plantation,NA,NA
ff36a23e-255c-4fe7-9630-cd13168edbb0,2024-04-25T12:51:05.000Z,2024-05-01T01:17:50.000Z,Srinivasan Kasinathan,25/04/2024 Nilgiri Langur Sighting,10.310918,76.855812,10,1140378,703225,43P,2024-04-25,25/04/2024,18:20,Nilgiri Langur,6,Sighting,Rainforest fragment,NA,NA
7f723204-f03e-4586-8f56-b2261d6eb116,2024-04-25T12:49:31.000Z,2024-05-01T01:17:45.000Z,Srinivasan Kasinathan,25/04/2024 Barking Deer Sighting,10.309806,76.854883,5,1140254,703124,43P,2024-04-25,25/04/2024,18:18,Barking Deer,1,Sighting,Tea Plantation,NA,NA
5d9252cc-5cc4-413d-a247-055b13ef69cb,2024-04-25T12:09:54.000Z,2024-05-17T03:36:03.000Z,T R Shankar Raman,25/04/2024 Nilgiri Langur Sighting,10.34977,76.93487,6,1144727,711860,43P,2024-04-25,25/04/2024,17:39,Nilgiri Langur,5,Sighting,Coffee plantation,NA,NA
4c549cd5-acf0-4fe5-b125-e834df9fb5d5,2024-04-25T11:47:55.000Z,2024-05-17T03:36:00.000Z,T R Shankar Raman,25/04/2024 Sambar Sighting,10.307802,76.887385,11,1140053,706686,43P,2024-04-25,25/04/2024,17:17,Sambar,3,Sighting,Other,NA,Rocky slope above road
317cae46-2280-4346-b73b-e275f25fb50d,2024-04-25T01:42:03.000Z,2024-05-08T14:20:41.000Z,Divya Mudappa,25/04/2024 Stripe-necked Mongoose Sighting,10.330298,76.960014,35,1142590,714627,43P,2024-04-25,25/04/2024,07:11,Stripe-necked Mongoose,1,Sighting,Human settlement/habitation,NA,NA
0956c4d8-3429-48ae-9b81-c74cbc2a2624,2024-04-24T14:50:13.000Z,2024-05-17T03:35:58.000Z,T R Shankar Raman,24/04/2024 Black-Naped Hare Sighting,10.308967,76.865274,8,1140168,704263,43P,2024-04-24,24/04/2024,20:19,Black-Naped Hare,1,Sighting,Tea Plantation,NA,NA
8d5fbead-c691-4e8a-8b89-63d771e044e0,2024-04-24T14:38:34.000Z,2024-05-17T03:35:55.000Z,T R Shankar Raman,24/04/2024 Gaur Sighting,10.313176,76.863767,9,1140633,704095,43P,2024-04-24,24/04/2024,20:08,Gaur,1,Sighting,Swamp or riverine,NA,NA
6ae2dce3-8736-442f-a0e8-dabea57467f6,2024-04-24T14:35:28.000Z,2024-05-17T03:35:53.000Z,T R Shankar Raman,24/04/2024 Gaur Sighting,10.315511,76.864891,11,1140892,704217,43P,2024-04-24,24/04/2024,20:04,Gaur,2,Sighting,Tea Plantation,NA,NA
8db3384a-5625-4865-bc3d-77cee1cd4376,2024-04-24T14:22:52.000Z,2024-05-17T03:35:51.000Z,T R Shankar Raman,24/04/2024 Large Brown Flying Squirrel Sighting,10.317484,76.867165,5,1141111,704465,43P,2024-04-24,24/04/2024,19:52,Large Brown Flying Squirrel,2,Sighting,Rainforest,NA,NA
a0202b6e-2508-48fe-ba92-5ff726da6b69,2024-04-24T13:30:22.000Z,2024-05-17T03:35:48.000Z,T R Shankar Raman,24/04/2024 Black-Naped Hare Sighting,10.310156,76.857931,13,1140295,703458,43P,2024-04-24,24/04/2024,19:00,Black-Naped Hare,1,Sighting,Tea Plantation,NA,NA
daccf296-6bfe-406f-ad3c-82f200c8861f,2024-04-24T07:55:56.000Z,2024-05-08T14:20:39.000Z,Divya Mudappa,24/04/2024 Jungle-striped Squirrel Roadkill,10.338572,76.934381,7,1143488,711814,43P,2024-04-24,24/04/2024,13:25,Jungle-striped Squirrel,1,Roadkill,Rainforest fragment,daccf296-6bfe-406f-ad3c-82f200c8861f_1713945353.jpg,NA
a2c89531-1cd4-4557-841f-f3d2d7907107,2024-04-24T07:44:02.000Z,2024-05-08T14:20:37.000Z,Divya Mudappa,24/04/2024 Bonnet Macaque Sighting,10.359428,76.93687,9,1145797,712072,43P,2024-04-24,24/04/2024,13:13,Bonnet Macaque,35,Sighting,Coffee plantation,NA,At nursery and moving. A few infants.
15b37240-dde3-4ab0-83fc-f32cd8a7c26f,2024-04-22T10:16:19.000Z,2024-04-22T10:17:00.000Z,Divya Mudappa,22/04/2024 Sambar Sighting,10.330311,76.959947,35,1142591,714620,43P,2024-04-22,22/04/2024,15:45,Sambar,2,Sighting,Tea Plantation,NA,Females. Seen from my seat.
b86d30b1-05d8-4fc8-b517-e184b57a90fa,2024-04-22T07:15:44.000Z,2024-05-01T01:17:40.000Z,Srinivasan Kasinathan,22/04/2024 Lion-tailed Macaque Sighting,10.357524,76.998347,4,1145628,718807,43P,2024-04-22,22/04/2024,12:45,Lion-tailed Macaque,3,Sighting,Human settlement/habitation,NA,NA
e6509c3e-0832-45f8-a718-4feba31c183d,2024-04-22T04:20:38.000Z,2024-04-22T10:16:58.000Z,Divya Mudappa,22/04/2024 Malabar Giant Squirrel Sighting,10.352138,76.936655,4,1144990,712054,43P,2024-04-22,22/04/2024,09:49,Malabar Giant Squirrel,1,Sighting,Coffee plantation,NA,NA
2c5f4e15-2cc0-4d6a-8b9b-79522711784e,2024-04-21T16:02:19.000Z,2024-04-22T10:17:02.000Z,Divya Mudappa,21/04/2024 Sambar Sighting,10.34298,76.915974,6,1143963,709795,43P,2024-04-21,21/04/2024,21:31,Sambar,1,Sighting,Tea Plantation,NA,Female With soar patch
0813df73-261c-4635-8024-2e73a6afed07,2024-04-21T12:00:29.000Z,2024-05-01T01:17:35.000Z,Srinivasan Kasinathan,21/04/2024 Stripe-necked Mongoose Sighting,10.363976,76.977856,4,1146328,716559,43P,2024-04-21,21/04/2024,17:30,Stripe-necked Mongoose,2,Sighting,Human settlement/habitation,NA,NA
ba7f9874-6e4c-4b25-8320-6aa677f09056,2024-04-20T07:30:55.000Z,2024-04-20T09:06:24.000Z,Divya Mudappa,20/04/2024 Nilgiri Langur Sighting,10.349103,76.934687,8,1144653,711840,43P,2024-04-20,20/04/2024,13:00,Nilgiri Langur,5,Sighting,Rainforest fragment,NA,NA
958e8442-a0d3-47ec-bb33-34f64a8b75e8,2024-04-20T07:22:57.000Z,2024-04-20T09:06:22.000Z,Divya Mudappa,20/04/2024 Lion-tailed Macaque Sighting,10.359424,76.936453,8,1145796,712027,43P,2024-04-20,20/04/2024,12:51,Lion-tailed Macaque,29,Sighting,Coffee plantation,NA,Nursery. Eating jack. Two infants
8c36cd29-9239-4e8f-9935-8ad0827e1979,2024-04-20T05:01:00.000Z,2024-04-20T09:06:19.000Z,Divya Mudappa,20/04/2024 Bonnet Macaque Sighting,10.351818,76.937564,5,1144955,712153,43P,2024-04-20,20/04/2024,10:30,Bonnet Macaque,5,Sighting,Rainforest fragment,NA,NA
1c16833c-830d-4917-882b-d58dc7371199,2024-04-18T12:36:31.000Z,2024-04-18T17:27:28.000Z,T R Shankar Raman,18/04/2024 Sambar Sighting,10.354791,76.874892,6,1145243,705287,43P,2024-04-18,18/04/2024,18:05,Sambar,4,Sighting,Rainforest,NA,"Female and fawn, sub ad, big fawn, yearling"
c8e94bab-6938-448e-846b-7ccb75a31aa7,2024-04-18T06:04:22.000Z,2024-04-20T09:06:17.000Z,Divya Mudappa,18/04/2024 Malabar Giant Squirrel Sign-vocalisation,10.398986,76.877308,5,1150134,705523,43P,2024-04-18,18/04/2024,11:33,Malabar Giant Squirrel,1,Sign-vocalisation,Rainforest,NA,NA
ed108a48-3a83-4283-bd60-73d018b7d36b,2024-04-18T06:03:55.000Z,2024-04-20T09:06:15.000Z,Divya Mudappa,18/04/2024 Nilgiri Langur Sighting,10.398976,76.877341,11,1150133,705526,43P,2024-04-18,18/04/2024,11:32,Nilgiri Langur,4,Sighting,Rainforest,NA,NA
29daee85-5737-408b-9fec-2ff150e0cecc,2024-04-18T03:58:38.000Z,2024-04-18T17:27:26.000Z,T R Shankar Raman,18/04/2024 Malabar Giant Squirrel Sighting,10.397322,76.875484,28,1149948,705324,43P,2024-04-18,18/04/2024,09:27,Malabar Giant Squirrel,1,Sighting,Rainforest,NA,NA
d544babf-c206-4818-b0f6-f6ac1ab319de,2024-04-18T03:49:00.000Z,2024-04-18T17:27:23.000Z,T R Shankar Raman,18/04/2024 Dhole Sighting,10.388912,76.87383,16,1149017,705148,43P,2024-04-18,18/04/2024,09:18,Dhole,1,Sighting,Rainforest fragment,NA,NA
52eda530-da0e-4f14-94b1-25d0a686d24a,2024-04-18T03:19:55.000Z,2024-04-18T17:27:21.000Z,T R Shankar Raman,18/04/2024 Nilgiri Langur Sighting,10.37532,76.8783,20,1147516,705647,43P,2024-04-18,18/04/2024,08:49,Nilgiri Langur,5,Sighting,Dry or mixed forest,NA,NA
83c67cf8-fef1-4b5c-bd16-e9ac7f1e03d8,2024-04-18T02:49:25.000Z,2024-04-18T17:27:19.000Z,T R Shankar Raman,18/04/2024 Nilgiri Langur Sighting,10.357727,76.885387,11,1145575,706435,43P,2024-04-18,18/04/2024,08:18,Nilgiri Langur,2,Sighting,Dry or mixed forest,NA,NA
8878cf9b-ecfd-4ec4-89a8-be1e1e19db1e,2024-04-18T02:40:30.000Z,2024-04-18T17:27:16.000Z,T R Shankar Raman,18/04/2024 Gaur Sighting,10.359966,76.890192,7,1145826,706959,43P,2024-04-18,18/04/2024,08:09,Gaur,8,Sighting,Rainforest,NA,NA
41065c0b-09b3-46bd-8845-e1696470fedd,2024-04-18T02:35:26.000Z,2024-04-18T17:27:14.000Z,T R Shankar Raman,18/04/2024 Lion-tailed Macaque Sighting,10.356983,76.89317,19,1145498,707287,43P,2024-04-18,18/04/2024,08:04,Lion-tailed Macaque,9,Sighting,Rainforest,NA,NA
46402d7b-6ceb-4486-be0b-fea38455661d,2024-04-18T02:20:20.000Z,2024-04-18T17:27:11.000Z,T R Shankar Raman,18/04/2024 Lion-tailed Macaque Sighting,10.349611,76.897592,13,1144685,707777,43P,2024-04-18,18/04/2024,07:49,Lion-tailed Macaque,3,Sighting,Rainforest,NA,Partialcoint
6ae8a8b8-82e3-4b3d-9b9a-821c45683022,2024-04-17T02:59:20.000Z,2024-04-20T09:06:12.000Z,Divya Mudappa,17/04/2024 Stripe-necked Mongoose Sighting,10.390391,76.985417,6,1149255,717368,43P,2024-04-17,17/04/2024,08:28,Stripe-necked Mongoose,1,Sighting,Tea Plantation,NA,Crossing from fragment to tea
0754ef1d-a686-453c-acc6-ecba1c68a6a5,2024-04-16T14:58:12.000Z,2024-05-01T01:17:25.000Z,Srinivasan Kasinathan,16/04/2024 Small Indian Civet Sighting,10.363745,76.977639,4,1146302,716535,43P,2024-04-16,16/04/2024,20:27,Small Indian Civet,1,Sighting,Human settlement/habitation,NA,NA
2aad6fe6-3c16-42ef-a2d0-b69a5033a017,2024-04-16T14:57:38.000Z,2024-05-01T01:17:15.000Z,Srinivasan Kasinathan,16/04/2024 Elephant Sighting,10.363745,76.977639,8,1146302,716535,43P,2024-04-16,16/04/2024,20:27,Elephant,1,Sighting,Human settlement/habitation,NA,NA
b550f312-1d19-49df-b6c7-025e2dd3bafe,2024-04-16T12:48:23.000Z,2024-04-20T09:06:10.000Z,Divya Mudappa,16/04/2024 Nilgiri Langur Sighting,10.353112,76.937236,5,1145098,712117,43P,2024-04-16,16/04/2024,18:17,Nilgiri Langur,2,Sighting,Coffee plantation,NA,NA
064fd4cd-6aa9-4513-bd4c-2ac049f6605b,2024-04-16T12:47:16.000Z,2024-04-20T09:06:08.000Z,Divya Mudappa,16/04/2024 Gaur Sighting,10.351796,76.936425,9,1144952,712029,43P,2024-04-16,16/04/2024,18:16,Gaur,2,Sighting,Coffee plantation,NA,NA
7865c75b-aa24-44dc-96d4-4b4a15d7a927,2024-04-16T10:23:28.000Z,2024-04-16T14:07:12.000Z,Srinivasan Kasinathan,16/04/2024 Malabar Giant Squirrel Sighting,10.350941,76.897654,10,1144832,707783,43P,2024-04-16,16/04/2024,15:52,Malabar Giant Squirrel,2,Sighting,Coffee plantation,NA,NA
a2bc2ae7-0679-4ef6-b3a8-7deb970796fb,2024-04-16T10:22:48.000Z,2024-04-16T14:07:10.000Z,Srinivasan Kasinathan,16/04/2024 Lion-tailed Macaque Sighting,10.35094,76.897648,10,1144832,707782,43P,2024-04-16,16/04/2024,15:52,Lion-tailed Macaque,7,Sighting,Coffee plantation,NA,NA
f3e6d17c-f8de-420c-971a-09963bf3bd32,2024-04-16T08:31:38.000Z,2024-04-16T14:07:07.000Z,Srinivasan Kasinathan,16/04/2024 Sambar Sign-vocalisation,10.359554,76.887955,10,1145779,706715,43P,2024-04-16,16/04/2024,14:00,Sambar,1,Sign-vocalisation,Rainforest,NA,Call
6443b5ad-a858-4ed3-924d-9c92fa5fbd6c,2024-04-16T05:16:51.000Z,2024-04-16T14:07:05.000Z,Srinivasan Kasinathan,16/04/2024 Lion-tailed Macaque Sighting,10.359381,76.888008,4,1145759,706721,43P,2024-04-16,16/04/2024,10:46,Lion-tailed Macaque,4,Sighting,Rainforest,NA,NA
72d3d801-7c2d-4c06-a25b-ec11ce33fdf4,2024-04-16T04:04:22.000Z,2024-04-16T14:07:03.000Z,Srinivasan Kasinathan,16/04/2024 Malabar Giant Squirrel Sighting,10.357376,76.887192,4,1145537,706632,43P,2024-04-16,16/04/2024,09:34,Malabar Giant Squirrel,1,Sighting,Rainforest,NA,NA
39cc65d6-cc59-4eeb-89f5-00055a94b960,2024-04-16T04:00:17.000Z,2024-04-16T14:07:01.000Z,Srinivasan Kasinathan,16/04/2024 Malabar Giant Squirrel Sighting,10.357513,76.892799,10,1145556,707247,43P,2024-04-16,16/04/2024,09:29,Malabar Giant Squirrel,1,Sighting,Rainforest,NA,NA
9566aed2-fc45-4f08-b536-8024d2b461ad,2024-04-16T03:59:33.000Z,2024-04-16T14:06:58.000Z,Srinivasan Kasinathan,16/04/2024 Nilgiri Langur Sighting,10.35751,76.892779,10,1145556,707244,43P,2024-04-16,16/04/2024,09:29,Nilgiri Langur,5,Sighting,Rainforest,NA,NA
61a03de9-8e2e-4b46-80b3-2062fe30b1e3,2024-04-16T03:05:19.000Z,2024-04-16T14:06:56.000Z,Srinivasan Kasinathan,16/04/2024 Barking Deer Sighting,10.343922,76.903681,4,1144060,708447,43P,2024-04-16,16/04/2024,08:34,Barking Deer,2,Sighting,Rainforest,NA,NA
16459703-3b5e-48c9-8d20-e3533b4e78ff,2024-04-15T07:57:30.000Z,2024-04-16T14:06:54.000Z,Srinivasan Kasinathan,15/04/2024 Lion-tailed Macaque Sighting,10.369353,76.991923,4,1146932,718096,43P,2024-04-15,15/04/2024,13:26,Lion-tailed Macaque,1,Sighting,Rainforest,NA,NA
ae043b87-f6b9-48d1-97e6-22ff269ca70c,2024-04-14T02:13:14.000Z,2024-04-16T14:06:52.000Z,Srinivasan Kasinathan,14/04/2024 Jungle-striped Squirrel Roadkill,10.36624,76.985387,7,1146583,717382,43P,2024-04-14,14/04/2024,07:42,Jungle-striped Squirrel,1,Roadkill,Human settlement/habitation,NA,NA
3c16af66-055d-44a8-9318-6bffec0b0111,2024-04-13T07:18:26.000Z,2024-04-13T07:18:37.000Z,Ganesh Raghunathan,13/04/2024 Lion-tailed Macaque Death,10.339716,76.964964,906,1143635,715163,43P,2024-04-13,13/04/2024,12:46,Lion-tailed Macaque,1,Death,Coffee plantation,3c16af66-055d-44a8-9318-6bffec0b0111_1712992651.jpg,"Adult female, injury on right hind leg, found in its final stages, probably hit by a vehicle few weeks ago."
be82d313-0f86-4ad4-9a13-7664cda48fc4,2024-04-12T02:47:41.000Z,2024-04-14T02:40:55.000Z,Divya Mudappa,12/04/2024 Bonnet Macaque Sighting,10.359302,76.936211,5,1145782,712000,43P,2024-04-12,12/04/2024,08:15,Bonnet Macaque,14,Sighting,Other,NA,Nursery
347fd15b-2a29-4041-8bf3-f583983d2dac,2024-04-12T02:23:49.000Z,2024-04-14T02:40:53.000Z,Divya Mudappa,12/04/2024 Malabar Giant Squirrel Sighting,10.354353,76.935414,8,1145234,711916,43P,2024-04-12,12/04/2024,07:53,Malabar Giant Squirrel,1,Sighting,Rainforest fragment,NA,NA
d71f6e30-7563-451a-809b-7530cb3211eb,2024-04-11T06:49:29.000Z,2024-04-14T02:40:51.000Z,Divya Mudappa,11/04/2024 Sambar Sighting,10.327004,76.937207,7,1142210,712131,43P,2024-04-11,11/04/2024,12:18,Sambar,1,Sighting,Human settlement/habitation,d71f6e30-7563-451a-809b-7530cb3211eb_1712818144.jpg,People taking selfie.Male with velvet antlers
6fb4853e-95dc-4485-9287-63ea368bd35c,2024-04-10T09:35:49.000Z,2024-04-16T14:06:48.000Z,Srinivasan Kasinathan,10/04/2024 Elephant Sighting,10.340512,76.967131,4,1143725,715400,43P,2024-04-10,10/04/2024,15:05,Elephant,1,Sighting,Rainforest fragment,NA,NA
8e27d4de-c45d-48ee-8d9c-9359f43a1a8c,2024-04-10T07:51:36.000Z,2024-04-10T09:42:06.000Z,Ganesh Raghunathan,10/04/2024 Lion-tailed Macaque Roadkill,10.354833,76.979065,1692,1145317,716697,43P,2024-04-10,10/04/2024,12:40,Lion-tailed Macaque,1,Roadkill,Other,8e27d4de-c45d-48ee-8d9c-9359f43a1a8c_1712735418.jpg,Very young LTM was run over by a tempo traveller’s rear wheels at Puthuthottam main road
dbb78c76-1cae-4251-8422-8a94b149515e,2024-04-09T08:49:53.000Z,2024-04-16T14:06:46.000Z,Srinivasan Kasinathan,09/04/2024 Elephant Sighting,10.344608,76.971374,4,1144181,715862,43P,2024-04-09,09/04/2024,14:19,Elephant,1,Sighting,Rainforest fragment,NA,NA
4d13ead1-7931-4aab-ac69-6779be88a66b,2024-04-07T11:10:37.000Z,2024-04-16T14:06:44.000Z,Srinivasan Kasinathan,07/04/2024 Nilgiri Tahr Sighting,10.451174,76.981,3,1155976,716843,43P,2024-04-07,07/04/2024,16:40,Nilgiri Tahr,1,Sighting,Dry or mixed forest,NA,NA
ab72eb78-f13c-484e-bf80-06be65814014,2024-04-07T04:52:37.000Z,2024-04-16T14:06:42.000Z,Srinivasan Kasinathan,07/04/2024 Common Langur Sighting,10.464724,76.976189,5,1157472,716306,43P,2024-04-07,07/04/2024,10:22,Common Langur,13,Sighting,Dry or mixed forest,NA,NA
56def522-16ca-440a-a317-cf91fc52a014,2024-04-07T04:25:46.000Z,2024-04-16T14:06:40.000Z,Srinivasan Kasinathan,07/04/2024 Malabar Giant Squirrel Sighting,10.457993,76.969911,4,1156723,715624,43P,2024-04-07,07/04/2024,09:54,Malabar Giant Squirrel,2,Sighting,Dry or mixed forest,NA,NA
aea16602-028c-4e54-8cdd-983f35547b29,2024-04-06T12:10:25.000Z,2024-04-16T14:06:37.000Z,Srinivasan Kasinathan,06/04/2024 Barking Deer Sighting,10.342726,76.969311,10,1143971,715637,43P,2024-04-06,06/04/2024,17:39,Barking Deer,1,Sighting,Rainforest fragment,NA,NA
3a45f4c1-3e01-47d1-9587-2ec2310df7b4,2024-04-06T04:12:44.000Z,2024-04-16T14:06:35.000Z,Srinivasan Kasinathan,06/04/2024 Nilgiri Langur Sighting,10.3492,76.934744,7,1144664,711846,43P,2024-04-06,06/04/2024,09:42,Nilgiri Langur,4,Sighting,Coffee plantation,NA,NA
43a43cae-adde-4384-a7a1-9a0ba02ff98a,2024-04-04T07:19:47.000Z,2024-04-04T14:47:21.000Z,Divya Mudappa,04/04/2024 Nilgiri Langur Sighting,10.349384,76.934865,10,1144684,711859,43P,2024-04-04,04/04/2024,12:49,Nilgiri Langur,3,Sighting,Coffee plantation,NA,On jack tree
1c71b619-b2cb-4428-9409-63f6b829ccbe,2024-04-03T11:39:29.000Z,2024-04-14T02:40:59.000Z,Divya Mudappa,03/04/2024 Sambar Sighting,10.324709,76.94706,6,1141963,713212,43P,2024-04-03,03/04/2024,17:10,Sambar,1,Sighting,Tea Plantation,NA,Female below fruiting ficus exasperata
5c555e9a-1164-43fd-b4bd-490a08a2a6e0,2024-04-03T11:35:45.000Z,2024-04-03T11:50:33.000Z,Divya Mudappa,03/04/2024 Stripe-necked Mongoose Sighting,10.328472,76.936091,4,1142372,712008,43P,2024-04-03,03/04/2024,17:05,Stripe-necked Mongoose,1,Sighting,Tea Plantation,NA,Crossing main road
5640cb95-50e6-4361-a45c-8e5b55d196ac,2024-04-03T03:40:23.000Z,2024-04-16T14:06:33.000Z,Srinivasan Kasinathan,03/04/2024 Nilgiri Langur Sighting,10.359184,76.935889,4,1145769,711965,43P,2024-04-03,03/04/2024,09:08,Nilgiri Langur,2,Sighting,Coffee plantation,NA,NA
d400d270-c4a1-4576-ab9e-836218ead4fe,2024-04-02T13:06:36.000Z,2024-04-16T14:06:31.000Z,Srinivasan Kasinathan,02/04/2024 Sambar Sighting,10.353853,76.937072,4,1145180,712098,43P,2024-04-02,02/04/2024,18:35,Sambar,1,Sighting,Human settlement/habitation,NA,NA
399313c8-622b-432f-a9ae-5dd2d9057d8a,2024-03-31T03:24:27.000Z,2024-03-31T16:20:28.000Z,Divya Mudappa,"31/03/2024 Malabar Giant Squirrel Sighting, Sign-vocalisation",10.351331,76.936952,5,1144901,712087,43P,2024-03-31,31/03/2024,08:53,Malabar Giant Squirrel,2,"Sighting, Sign-vocalisation",Rainforest fragment,NA,NA
930360d4-2858-4932-a2cb-8a1ba9f2cbfa,2024-03-31T03:23:43.000Z,2024-03-31T16:20:26.000Z,Divya Mudappa,31/03/2024 Nilgiri Langur Sighting,10.351296,76.936931,6,1144897,712085,43P,2024-03-31,31/03/2024,08:52,Nilgiri Langur,3,Sighting,Rainforest fragment,NA,"2 females, 1 young, feeding on cinn fruits."
56aaf5af-db45-46ed-8207-921b946b768a,2024-03-31T02:02:47.000Z,2024-04-16T14:06:28.000Z,Srinivasan Kasinathan,31/03/2024 Jungle-striped Squirrel Sighting,10.364758,76.979706,5,1146415,716761,43P,2024-03-31,31/03/2024,07:32,Jungle-striped Squirrel,1,Sighting,Human settlement/habitation,NA,NA
4cc951a2-b9ff-47a3-bc56-ac05f615e4dd,2024-03-31T01:17:27.000Z,2024-04-16T14:06:26.000Z,Srinivasan Kasinathan,31/03/2024 Jungle-striped Squirrel Sighting,10.36475,76.981733,4,1146416,716983,43P,2024-03-31,31/03/2024,06:46,Jungle-striped Squirrel,1,Sighting,Tea Plantation,NA,NA
37f2df79-47d3-40d2-b3ab-3f8bfe71a142,2024-03-30T11:17:42.000Z,2024-04-16T14:06:24.000Z,Srinivasan Kasinathan,30/03/2024 Malabar Giant Squirrel Sign-vocalisation,10.367707,76.994246,3,1146751,718351,43P,2024-03-30,30/03/2024,16:47,Malabar Giant Squirrel,1,Sign-vocalisation,Rainforest,NA,NA
8ba5c02a-f1e9-448f-a8b8-80ad0a5bd9b9,2024-03-30T01:21:58.000Z,2024-04-16T14:06:22.000Z,Srinivasan Kasinathan,30/03/2024 Wild pig Sighting,10.363384,76.977077,4,1146262,716474,43P,2024-03-30,30/03/2024,06:51,Wild pig,3,Sighting,Human settlement/habitation,NA,NA
7d6e18c1-cd96-4543-9660-82d876db5458,2024-03-29T03:27:31.000Z,2024-04-16T14:06:20.000Z,Srinivasan Kasinathan,29/03/2024 Malabar Giant Squirrel Sighting,10.349687,76.935065,4,1144718,711881,43P,2024-03-29,29/03/2024,08:57,Malabar Giant Squirrel,1,Sighting,Human settlement/habitation,NA,NA
b6674644-829d-4123-96b8-f977ba2e699e,2024-03-27T11:48:47.000Z,2024-03-29T01:14:10.000Z,Srinivasan Kasinathan,27/03/2024 Malabar Giant Squirrel Sighting,10.344196,76.969323,6,1144134,715637,43P,2024-03-27,27/03/2024,17:18,Malabar Giant Squirrel,1,Sighting,Rainforest fragment,NA,NA
cad30522-2773-40d5-94a5-3b74346dbe75,2024-03-27T11:48:19.000Z,2024-03-29T01:14:08.000Z,Srinivasan Kasinathan,27/03/2024 Nilgiri Langur Sighting,10.344235,76.969314,4,1144138,715636,43P,2024-03-27,27/03/2024,17:17,Nilgiri Langur,1,Sighting,Rainforest fragment,NA,NA
5853c42b-af72-4b9c-bcc2-1db07656c27f,2024-03-27T11:47:43.000Z,2024-03-29T01:14:06.000Z,Srinivasan Kasinathan,27/03/2024 Lion-tailed Macaque Sighting,10.344226,76.969297,7,1144137,715635,43P,2024-03-27,27/03/2024,17:17,Lion-tailed Macaque,20,Sighting,Rainforest fragment,NA,NA
0e15664b-38ce-466e-8b9a-5524075bca41,2024-03-27T11:33:29.000Z,2024-03-29T01:14:03.000Z,Srinivasan Kasinathan,27/03/2024 Barking Deer Sighting,10.343539,76.969276,4,1144061,715633,43P,2024-03-27,27/03/2024,17:03,Barking Deer,1,Sighting,Rainforest fragment,NA,NA
e536764e-a4b9-4325-b721-3a037d997776,2024-03-27T09:22:42.000Z,2024-03-29T01:14:01.000Z,Srinivasan Kasinathan,27/03/2024 Nilgiri Langur Sighting,10.319806,76.897873,4,1141388,707827,43P,2024-03-27,27/03/2024,14:52,Nilgiri Langur,1,Sighting,Human settlement/habitation,NA,NA
81708a44-370b-4911-be61-5907b6321827,2024-03-27T03:39:24.000Z,2024-03-29T01:13:59.000Z,Srinivasan Kasinathan,27/03/2024 Barking Deer Sighting,10.308868,76.871034,4,1140161,704894,43P,2024-03-27,27/03/2024,09:08,Barking Deer,1,Sighting,Rainforest fragment,NA,NA
ae838ce9-9102-4db6-8cd5-df6a47a3ec2f,2024-03-27T02:36:20.000Z,2024-03-29T01:13:57.000Z,Srinivasan Kasinathan,27/03/2024 Stripe-necked Mongoose Sighting,10.363346,76.977068,6,1146257,716473,43P,2024-03-27,27/03/2024,08:05,Stripe-necked Mongoose,1,Sighting,Human settlement/habitation,NA,NA
9d4da535-b747-4efd-9ffd-c7aa366b84e9,2024-03-26T22:26:49.000Z,2024-03-26T22:27:13.000Z,T R Shankar Raman,27/03/2024 Leopard Sign-vocalisation,10.330168,76.960171,100,1142575,714644,43P,2024-03-27,27/03/2024,03:56,Leopard,1,Sign-vocalisation,Human settlement/habitation,NA,Loud sawing call just outside window
af53c4b5-5240-44fc-8801-d05d9e26e843,2024-03-26T13:21:13.000Z,2024-03-29T01:13:55.000Z,Srinivasan Kasinathan,26/03/2024 Sambar Sighting,10.345081,76.970042,4,1144232,715716,43P,2024-03-26,26/03/2024,18:50,Sambar,1,Sighting,Rainforest fragment,NA,NA
11df3ad3-cb57-4577-8b4a-39f42810cbcd,2024-03-26T11:49:33.000Z,2024-03-26T22:27:11.000Z,T R Shankar Raman,26/03/2024 Nilgiri Tahr Sighting,10.448602,76.983102,6,1155693,717075,43P,2024-03-26,26/03/2024,17:18,Nilgiri Tahr,1,Sighting,Dry or mixed forest,NA,By road
191c0a11-3394-40cc-ae5f-a90ceea86de3,2024-03-24T02:17:23.000Z,2024-03-24T09:27:07.000Z,Ganesh Raghunathan,24/03/2024 Gaur Sighting,10.34874,76.95851,4,1144629,714450,43P,2024-03-24,24/03/2024,07:47,Gaur,3,Sighting,Tea Plantation,NA,NA
4be7e5c2-45a6-4216-b663-2245f02ae3f8,2024-03-24T02:16:57.000Z,2024-03-24T09:27:04.000Z,Ganesh Raghunathan,24/03/2024 Gaur Sighting,10.35143,76.959,4,1144927,714502,43P,2024-03-24,24/03/2024,07:42,Gaur,41,Sighting,Tea Plantation,4be7e5c2-45a6-4216-b663-2245f02ae3f8_1711246613.jpg,NA
1697bcbc-b282-4806-83b5-016e6075bbd5,2024-03-23T09:03:04.000Z,2024-03-29T01:13:52.000Z,Srinivasan Kasinathan,23/03/2024 Malabar Giant Squirrel Sighting,10.303421,76.841134,6,1139539,701622,43P,2024-03-23,23/03/2024,09:00,Malabar Giant Squirrel,1,Sighting,Rainforest fragment,NA,NA
fc4a2151-94e0-4396-a067-51d64c2445ae,2024-03-23T09:02:29.000Z,2024-03-29T01:13:50.000Z,Srinivasan Kasinathan,23/03/2024 Nilgiri Langur Sighting,10.303439,76.84111,8,1139541,701620,43P,2024-03-23,23/03/2024,21:00,Nilgiri Langur,3,Sighting,Rainforest fragment,NA,NA
71004768-5ad8-442a-8fbb-97486340048b,2024-03-23T02:50:57.000Z,2024-03-29T01:13:48.000Z,Srinivasan Kasinathan,22/03/2024 Barking Deer Sighting,10.308419,76.850758,3,1140098,702673,43P,2024-03-22,22/03/2024,08:01,Barking Deer,1,Sighting,Tea Plantation,NA,NA
53cc53cc-1da0-4ac1-a3bf-795d2abfcb1f,2024-03-22T14:43:36.000Z,2024-03-29T01:13:46.000Z,Srinivasan Kasinathan,22/03/2024 Black-Naped Hare Sighting,10.308841,76.857443,4,1140149,703405,43P,2024-03-22,22/03/2024,20:13,Black-Naped Hare,2,Sighting,Tea Plantation,NA,NA
b22d8f3e-5668-4d01-957b-02055654e29b,2024-03-22T14:34:34.000Z,2024-03-22T14:34:42.000Z,Ganesh Raghunathan,20/03/2024 Stripe-necked Mongoose Sighting,10.34142,76.96916,4,1143826,715621,43P,2024-03-20,20/03/2024,15:50,Stripe-necked Mongoose,1,Sighting,Rainforest fragment,NA,Road crossing
ecf3f3ad-bf85-43d9-b80c-c8c6fc4cc0ae,2024-03-22T14:32:43.000Z,2024-03-22T14:32:57.000Z,Ganesh Raghunathan,22/03/2024 Elephant Sighting,10.34045,76.96706,4,1143718,715392,43P,2024-03-22,22/03/2024,09:30,Elephant,1,Sighting,Rainforest fragment,NA,NA
fdf9fb7e-cb0e-4f0e-8d24-3a04b8d3d998,2024-03-22T14:30:41.000Z,2024-03-22T14:32:54.000Z,Ganesh Raghunathan,21/03/2024 Barking Deer Sighting,10.34024,77.00575,4,1143721,719630,43P,2024-03-21,21/03/2024,17:56,Barking Deer,1,Sighting,Tea Plantation,NA,NA
952927b5-35c4-4edd-9fee-41d9dba7ef1e,2024-03-22T14:29:34.000Z,2024-03-22T14:32:52.000Z,Ganesh Raghunathan,21/03/2024 Elephant Sighting,10.34655,77.00278,4,1144417,719301,43P,2024-03-21,21/03/2024,17:35,Elephant,7,Sighting,Tea Plantation,NA,NA
0e066c33-39a6-45a2-ab76-791a3a827afe,2024-03-22T12:44:11.000Z,2024-03-22T14:28:03.000Z,Ganesh Raghunathan,22/03/2024 Gaur Sighting,10.35291,76.96912,4,1145097,715609,43P,2024-03-22,22/03/2024,18:13,Gaur,30,Sighting,Tea Plantation,NA,NA
caebfab1-4bef-47ad-9a54-55f3f15735d6,2024-03-22T12:43:30.000Z,2024-03-22T14:28:00.000Z,Ganesh Raghunathan,22/03/2024 Leopard Sighting,10.35168,76.96723,4,1144960,715403,43P,2024-03-22,22/03/2024,18:11,Leopard,1,Sighting,Tea Plantation,caebfab1-4bef-47ad-9a54-55f3f15735d6_1711117474.jpg,At the lower paralai tower
2ebef526-194b-4654-9bcc-a5f45f1aff86,2024-03-22T11:17:47.000Z,2024-03-31T16:20:24.000Z,Divya Mudappa,22/03/2024 Common Langur Sighting,11.262959,76.762957,4,1245633,692447,43P,2024-03-22,22/03/2024,16:46,Common Langur,14,Sighting,Coffee plantation,NA,With young. Some tea also
264a76f1-5a19-4478-a2fa-31889e132bb2,2024-03-22T03:29:00.000Z,2024-03-29T01:13:43.000Z,Srinivasan Kasinathan,22/03/2024 Malabar Giant Squirrel Sign-vocalisation,10.303438,76.841649,5,1139541,701679,43P,2024-03-22,22/03/2024,08:58,Malabar Giant Squirrel,1,Sign-vocalisation,Rainforest fragment,NA,NA
e8b638b5-2953-4bfa-9d6d-f7782ceb5c81,2024-03-22T03:28:06.000Z,2024-03-29T01:13:41.000Z,Srinivasan Kasinathan,22/03/2024 Nilgiri Langur Sighting,10.303437,76.841643,4,1139541,701678,43P,2024-03-22,22/03/2024,08:57,Nilgiri Langur,1,Sighting,Rainforest fragment,NA,NA
09cc009c-9313-497b-9b2e-e2a654b427ea,2024-03-21T18:35:57.000Z,2024-03-29T01:13:39.000Z,Srinivasan Kasinathan,22/03/2024 Black-Naped Hare Sighting,10.307964,76.854802,4,1140050,703117,43P,2024-03-22,22/03/2024,00:05,Black-Naped Hare,1,Sighting,Tea Plantation,NA,NA
4bdc8fae-983c-4d4b-bbb3-7948e68d2342,2024-03-21T07:00:18.000Z,2024-03-29T01:13:37.000Z,Srinivasan Kasinathan,21/03/2024 Mouse Deer Sighting,10.313337,76.835952,5,1140633,701048,43P,2024-03-21,21/03/2024,12:29,Mouse Deer,1,Sighting,Rainforest fragment,NA,NA
6e908dc9-3a80-4818-9e1b-d009a9cca2ad,2024-03-21T04:07:52.000Z,2024-03-29T01:13:35.000Z,Srinivasan Kasinathan,21/03/2024 Malabar Giant Squirrel Sign-vocalisation,10.313089,76.835799,4,1140605,701032,43P,2024-03-21,21/03/2024,09:37,Malabar Giant Squirrel,2,Sign-vocalisation,Rainforest fragment,NA,NA
3e17e2c7-7c32-476e-bda5-48016943c5c2,2024-03-21T03:54:15.000Z,2024-03-29T01:13:32.000Z,Srinivasan Kasinathan,21/03/2024 Nilgiri Langur Sign-vocalisation,10.3134,76.835375,4,1140639,700985,43P,2024-03-21,21/03/2024,09:23,Nilgiri Langur,1,Sign-vocalisation,Rainforest fragment,NA,NA
6329656a-df98-49bb-9151-3f22c83775ed,2024-03-20T11:50:02.000Z,2024-03-20T13:49:08.000Z,Srinivasan Kasinathan,20/03/2024 Stripe-necked Mongoose Sighting,10.30812,76.852774,4,1140066,702894,43P,2024-03-20,20/03/2024,17:19,Stripe-necked Mongoose,1,Sighting,Tea Plantation,NA,NA
91c62ec2-d2ee-4f3d-b93d-5c241cf1a035,2024-03-20T10:23:17.000Z,2024-03-20T13:49:06.000Z,Srinivasan Kasinathan,20/03/2024 Nilgiri Langur Sighting,10.309712,76.836004,4,1140232,701056,43P,2024-03-20,20/03/2024,15:52,Nilgiri Langur,4,Sighting,Rainforest fragment,NA,NA
4981ba66-b365-4667-b2ba-28c98a51f88f,2024-03-20T08:02:29.000Z,2024-03-31T16:20:21.000Z,Divya Mudappa,20/03/2024 Malabar Giant Squirrel Sighting,11.43384,76.874309,4,1264613,704485,43P,2024-03-20,20/03/2024,13:31,Malabar Giant Squirrel,1,Sighting,Other,NA,Longwood Shola
957bc974-8d5b-4194-b230-f900705a9fad,2024-03-20T05:54:41.000Z,2024-03-20T13:49:03.000Z,Srinivasan Kasinathan,20/03/2024 Nilgiri Langur Sighting,10.312668,76.835837,4,1140559,701036,43P,2024-03-20,20/03/2024,11:23,Nilgiri Langur,4,Sighting,Rainforest fragment,NA,NA
41acb027-01cf-4bae-bc25-13be4390bf97,2024-03-20T05:28:06.000Z,2024-03-31T16:20:19.000Z,Divya Mudappa,20/03/2024 Malabar Giant Squirrel Sighting,11.440646,77.009382,7,1265465,719221,43P,2024-03-20,20/03/2024,10:56,Malabar Giant Squirrel,1,Sighting,Coffee plantation,NA,Samaigudal. Elephants were also around.
9bed2d72-d11f-4b4b-b93a-8cc340408339,2024-03-20T03:52:00.000Z,2024-03-31T16:20:17.000Z,Divya Mudappa,20/03/2024 Malabar Giant Squirrel Sighting,11.441104,76.946893,8,1265469,712401,43P,2024-03-20,20/03/2024,09:20,Malabar Giant Squirrel,1,Sighting,Other,NA,Evergreen
9dd4b24b-bbf0-4822-add5-c5b2906ed6f1,2024-03-19T11:38:01.000Z,2024-03-31T16:20:14.000Z,Divya Mudappa,19/03/2024 Malabar Giant Squirrel Sighting,11.486069,76.795404,4,1270336,695838,43P,2024-03-19,19/03/2024,17:07,Malabar Giant Squirrel,1,Sighting,Other,NA,Shola
e4aad378-0f2d-4df7-a8d5-a4290294267d,2024-03-19T11:23:31.000Z,2024-03-31T16:20:12.000Z,Divya Mudappa,19/03/2024 Malabar Giant Squirrel Sign-vocalisation,11.484404,76.794311,4,1270151,695720,43P,2024-03-19,19/03/2024,16:52,Malabar Giant Squirrel,1,Sign-vocalisation,Other,NA,Shola
3b304602-4190-4eca-bf84-954f56269199,2024-03-19T10:52:52.000Z,2024-03-20T13:49:01.000Z,Srinivasan Kasinathan,19/03/2024 Jungle-striped Squirrel Sighting,10.308855,76.857945,4,1140151,703460,43P,2024-03-19,19/03/2024,16:22,Jungle-striped Squirrel,1,Sighting,Tea Plantation,NA,NA
77948aaf-15b4-433f-ba57-72c099362c26,2024-03-19T03:02:42.000Z,2024-03-31T16:20:10.000Z,Divya Mudappa,19/03/2024 Malabar Giant Squirrel Sighting,11.273023,76.734261,5,1246728,689307,43P,2024-03-19,19/03/2024,08:32,Malabar Giant Squirrel,1,Sighting,Other,NA,Shola
e6e5c321-317a-4c83-a3f8-79a1f5c180c8,2024-03-19T02:59:44.000Z,2024-03-20T13:48:58.000Z,Srinivasan Kasinathan,19/03/2024 Nilgiri Langur Sighting,10.304536,76.840804,4,1139662,701585,43P,2024-03-19,19/03/2024,08:29,Nilgiri Langur,1,Sighting,Rainforest fragment,NA,NA
fab39d58-529d-4b1e-91b9-21e4363c9cb6,2024-03-19T02:38:48.000Z,2024-03-31T16:20:07.000Z,Divya Mudappa,19/03/2024 Malabar Giant Squirrel Sign-vocalisation,11.272054,76.734325,5,1246621,689315,43P,2024-03-19,19/03/2024,08:08,Malabar Giant Squirrel,1,Sign-vocalisation,Other,NA,Craigmore shola edge
a5e670a8-3b2f-4ed5-b76b-ecc364beb5ae,2024-03-19T02:37:58.000Z,2024-03-31T16:20:04.000Z,Divya Mudappa,19/03/2024 Bonnet Macaque Sighting,11.272155,76.734342,5,1246632,689317,43P,2024-03-19,19/03/2024,08:06,Bonnet Macaque,4,Sighting,Other,NA,Craigmore shola
f45cac5e-cab5-4faa-8ae6-d94d62794484,2024-03-19T01:46:46.000Z,2024-03-31T16:20:02.000Z,Divya Mudappa,19/03/2024 Malabar Giant Squirrel Sign-vocalisation,11.279925,76.737482,5,1247493,689654,43P,2024-03-19,19/03/2024,07:15,Malabar Giant Squirrel,2,Sign-vocalisation,Other,NA,Craigmore shola
27af6c27-3f3b-49cc-9ce7-f9420f359929,2024-03-19T01:45:31.000Z,2024-03-31T16:19:59.000Z,Divya Mudappa,19/03/2024 Barking Deer Sign-vocalisation,11.279862,76.73759,5,1247486,689666,43P,2024-03-19,19/03/2024,07:15,Barking Deer,1,Sign-vocalisation,Other,NA,Craigmore shola
e5d62147-7dee-4e53-b3b3-8d2a4e1cfb97,2024-03-19T01:45:00.000Z,2024-03-31T16:19:57.000Z,Divya Mudappa,"19/03/2024 Bonnet Macaque Sighting, Sign-vocalisation",11.279779,76.737563,5,1247477,689663,43P,2024-03-19,19/03/2024,07:14,Bonnet Macaque,6,"Sighting, Sign-vocalisation",Other,NA,Craigmore shola
fe4fb699-b626-40bb-8564-f7b439259612,2024-03-18T16:35:16.000Z,2024-03-20T13:48:56.000Z,Srinivasan Kasinathan,18/03/2024 Gaur Sighting,10.309976,76.855133,4,1140273,703152,43P,2024-03-18,18/03/2024,22:04,Gaur,1,Sighting,Tea Plantation,NA,NA
ce0b8850-6906-4a41-9d94-edd4a4707be6,2024-03-18T12:54:57.000Z,2024-03-20T13:48:54.000Z,Srinivasan Kasinathan,18/03/2024 Jungle-striped Squirrel Sighting,10.310188,76.857822,4,1140298,703446,43P,2024-03-18,18/03/2024,18:24,Jungle-striped Squirrel,1,Sighting,Tea Plantation,NA,NA
4cce1f22-ace2-42fd-acd8-040b89115d21,2024-03-18T11:20:31.000Z,2024-03-20T13:48:51.000Z,Srinivasan Kasinathan,18/03/2024 Bonnet Macaque Sighting,10.324652,76.897029,4,1141924,707731,43P,2024-03-18,18/03/2024,16:49,Bonnet Macaque,5,Sighting,Tea Plantation,NA,NA
d73b1354-1589-41eb-91dc-b8ead03f6de0,2024-03-18T11:16:57.000Z,2024-03-20T13:48:49.000Z,Srinivasan Kasinathan,18/03/2024 Bonnet Macaque Sighting,10.33971,76.897059,4,1143589,707725,43P,2024-03-18,18/03/2024,16:46,Bonnet Macaque,27,Sighting,Human settlement/habitation,NA,NA
1306b10f-afe8-4cec-b3f9-626f77e32989,2024-03-18T07:19:07.000Z,2024-03-20T13:48:46.000Z,Srinivasan Kasinathan,18/03/2024 Sambar Sighting,10.339302,76.965076,4,1143589,715176,43P,2024-03-18,18/03/2024,12:45,Sambar,1,Sighting,Coffee plantation,NA,NA
cc37726f-c502-4d43-b93a-1e5a7fc47b52,2024-03-18T04:15:24.000Z,2024-03-20T13:48:44.000Z,Srinivasan Kasinathan,18/03/2024 Nilgiri Langur Sighting,10.350613,76.935994,4,1144821,711982,43P,2024-03-18,18/03/2024,09:44,Nilgiri Langur,6,Sighting,Rainforest fragment,NA,NA
b13c3807-7202-4cea-a820-ad6ae69d25bb,2024-03-18T04:14:32.000Z,2024-03-20T13:48:42.000Z,Srinivasan Kasinathan,18/03/2024 Nilgiri Langur Sighting,10.34908,76.934702,4,1144651,711842,43P,2024-03-18,18/03/2024,09:44,Nilgiri Langur,3,Sighting,Coffee plantation,NA,NA
5fbce14c-eca2-4066-b820-926e6e3ea05d,2024-03-18T04:13:49.000Z,2024-03-20T13:48:39.000Z,Srinivasan Kasinathan,18/03/2024 Lion-tailed Macaque Sighting,10.351347,76.936196,4,1144902,712004,43P,2024-03-18,18/03/2024,09:43,Lion-tailed Macaque,2,Sighting,Coffee plantation,NA,NA
6f120817-c74a-45c3-bffe-99412f1011fa,2024-03-18T02:28:19.000Z,2024-03-31T16:19:55.000Z,Divya Mudappa,18/03/2024 Bonnet Macaque Sighting,10.456872,76.97128,4,1156600,715774,43P,2024-03-18,18/03/2024,07:57,Bonnet Macaque,4,Sighting,Dry or mixed forest,NA,NA
3b112997-1fe2-423c-bde4-f346265381b0,2024-03-18T02:28:16.000Z,2024-03-26T22:27:09.000Z,T R Shankar Raman,18/03/2024 Common Langur Sighting,10.456348,76.970765,14,1156542,715718,43P,2024-03-18,18/03/2024,07:57,Common Langur,5,Sighting,Dry or mixed forest,NA,NA
0cee4039-d94b-4eac-a18a-3e304fe0008a,2024-03-18T02:27:55.000Z,2024-03-18T02:29:23.000Z,Divya Mudappa,18/03/2024 Nilgiri Langur Sighting,10.457117,76.972075,217,1156628,715861,43P,2024-03-18,18/03/2024,07:56,Nilgiri Langur,1,Sighting,Dry or mixed forest,NA,Close to common langurs
ecd4b0b4-f82d-4698-a387-69f789919975,2024-03-18T02:18:54.000Z,2024-03-26T22:27:06.000Z,T R Shankar Raman,18/03/2024 Nilgiri Tahr Sighting,10.450326,76.983202,4,1155884,717084,43P,2024-03-18,18/03/2024,07:48,Nilgiri Tahr,2,Sighting,Other,NA,Cliff and grass by road. Saddleback and female.
bf724cd3-0b47-413e-83ad-6ea7b34c6dc4,2024-03-18T02:15:05.000Z,2024-03-26T22:27:04.000Z,T R Shankar Raman,18/03/2024 Common Langur Sighting,10.448737,76.983057,27,1155708,717070,43P,2024-03-18,18/03/2024,07:44,Common Langur,5,Sighting,Dry or mixed forest,NA,Near 14th bend
0610c4ef-aee5-4f17-be81-ac11273c1fae,2024-03-18T02:11:17.000Z,2024-03-26T22:27:01.000Z,T R Shankar Raman,18/03/2024 Wild pig Sighting,10.441898,76.985471,9,1154953,717339,43P,2024-03-18,18/03/2024,07:40,Wild pig,1,Sighting,Dry or mixed forest,NA,At Attakatti
156bd4f9-6a9e-44a6-a7db-af840e109461,2024-03-18T01:55:00.000Z,2024-03-26T22:26:59.000Z,T R Shankar Raman,18/03/2024 Stripe-necked Mongoose Sighting,10.395333,76.99163,11,1149806,718046,43P,2024-03-18,18/03/2024,07:24,Stripe-necked Mongoose,1,Sighting,Rainforest,NA,Crossed road at Andiparai
d8eaf12b-d27c-434b-a860-bde8f79aaebe,2024-03-16T11:09:26.000Z,2024-03-20T13:48:37.000Z,Srinivasan Kasinathan,16/03/2024 Bonnet Macaque Sighting,10.359556,76.936482,4,1145811,712030,43P,2024-03-16,16/03/2024,16:38,Bonnet Macaque,9,Sighting,Coffee plantation,NA,NA
fdc06d5f-0944-4e3c-b95b-49c379e65bec,2024-03-15T03:58:36.000Z,2024-03-20T13:48:34.000Z,Srinivasan Kasinathan,15/03/2024 Stripe-necked Mongoose Sighting,10.364264,76.97763,4,1146359,716534,43P,2024-03-15,15/03/2024,09:28,Stripe-necked Mongoose,2,Sighting,Tea Plantation,NA,NA
6d6bdb39-53da-4ddc-b23a-9ab7b947a7f3,2024-03-14T07:29:58.000Z,2024-03-16T04:33:53.000Z,T R Shankar Raman,14/03/2024 Lion-tailed Macaque Sighting,10.351731,76.971788,9,1144969,715902,43P,2024-03-14,14/03/2024,12:59,Lion-tailed Macaque,13,Sighting,Rainforest fragment,NA,Partial count
3fc0a6b7-964f-4c9b-945b-fcc92f6ad3ef,2024-03-14T04:50:13.000Z,2024-03-15T14:02:18.000Z,Divya Mudappa,14/03/2024 Malabar Giant Squirrel Sign-vocalisation,10.32986,76.934269,5,1142524,711807,43P,2024-03-14,14/03/2024,10:17,Malabar Giant Squirrel,1,Sign-vocalisation,Rainforest fragment,NA,NA
1c650bea-fd8e-4048-bcb3-8fc77dae9ce0,2024-03-14T02:08:01.000Z,2024-03-22T14:27:58.000Z,Ganesh Raghunathan,14/03/2024 Nilgiri Langur Sighting,10.288427,76.895617,10,1137915,707600,43P,2024-03-14,14/03/2024,07:37,Nilgiri Langur,6,Sighting,Rainforest fragment,NA,NA
1a7d7ab0-e14f-4ee1-9f7a-0a16c487383f,2024-03-13T23:01:35.000Z,2024-03-13T23:01:44.000Z,Divya Mudappa,14/03/2024 Leopard Sign-vocalisation,10.330235,76.959977,35,1142583,714623,43P,2024-03-14,14/03/2024,04:30,Leopard,11,Sign-vocalisation,Human settlement/habitation,NA,NA
baaace3c-fe0a-4315-bd31-af9c0a185fdc,2024-03-13T12:07:27.000Z,2024-03-20T13:48:32.000Z,Srinivasan Kasinathan,13/03/2024 Sambar Sighting,10.347023,76.972838,4,1144449,716021,43P,2024-03-13,13/03/2024,17:36,Sambar,1,Sighting,Tea Plantation,NA,From road around 300m
79bce5dc-87b5-4b5b-b428-66d3df2ac24b,2024-03-13T08:56:09.000Z,2024-03-20T13:48:30.000Z,Srinivasan Kasinathan,13/03/2024 Nilgiri Langur Sighting,10.34519,76.970599,5,1144244,715777,43P,2024-03-13,13/03/2024,14:25,Nilgiri Langur,1,Sighting,Rainforest fragment,NA,NA
dd4af016-09d7-466f-bf6b-b2db03be4edd,2024-03-13T08:52:00.000Z,2024-03-20T13:48:27.000Z,Srinivasan Kasinathan,13/03/2024 Lion-tailed Macaque Sighting,10.338704,76.965678,4,1143524,715242,43P,2024-03-13,13/03/2024,14:21,Lion-tailed Macaque,17,Sighting,Rainforest fragment,NA,NA
557089bc-1aad-4993-af4e-074cbc81cbb4,2024-03-13T05:22:40.000Z,2024-03-16T04:33:51.000Z,T R Shankar Raman,13/03/2024 Bonnet Macaque Sighting,10.35692,76.935118,4,1145518,711882,43P,2024-03-13,13/03/2024,10:50,Bonnet Macaque,10,Sighting,Coffee plantation,NA,Partial count
f872a057-e31d-45c2-b6f8-52fbcfa84866,2024-03-13T04:23:05.000Z,2024-03-13T04:23:27.000Z,Divya Mudappa,"13/03/2024 Nilgiri Langur Sighting, Sign-vocalisation",10.290054,76.875462,4,1138082,705391,43P,2024-03-13,13/03/2024,09:52,Nilgiri Langur,2,"Sighting, Sign-vocalisation",Human settlement/habitation,NA,Continuous with a fragment
01686a4d-e1fd-4ff0-975d-c6adc756dea5,2024-03-13T02:21:36.000Z,2024-03-13T04:23:25.000Z,Divya Mudappa,13/03/2024 Gaur Sighting,10.272822,76.922906,5,1136207,710600,43P,2024-03-13,13/03/2024,07:49,Gaur,2,Sighting,Swamp or riverine,NA,Within tea. 2 bulls
e7334cca-40dd-46cd-9c66-653c2788b237,2024-03-12T07:09:49.000Z,2024-03-20T13:48:25.000Z,Srinivasan Kasinathan,12/03/2024 Gaur Sighting,10.359571,76.936398,4,1145812,712021,43P,2024-03-12,12/03/2024,12:39,Gaur,1,Sighting,Coffee plantation,NA,NA
b2dbcba1-52a4-4fe7-958b-c8494083492f,2024-03-12T04:04:16.000Z,2024-03-20T13:48:23.000Z,Srinivasan Kasinathan,12/03/2024 Lion-tailed Macaque Sighting,10.355114,76.972509,4,1145344,715979,43P,2024-03-12,12/03/2024,09:33,Lion-tailed Macaque,15,Sighting,Human settlement/habitation,NA,NA
aa7238a4-b71d-4ac7-8b2e-beb451b2a1ed,2024-03-12T01:24:16.000Z,2024-03-20T13:48:20.000Z,Srinivasan Kasinathan,12/03/2024 Jungle-striped Squirrel Sighting,10.364727,76.979846,4,1146412,716776,43P,2024-03-12,12/03/2024,06:53,Jungle-striped Squirrel,1,Sighting,Tea Plantation,NA,NA
35d24291-4aeb-4b8f-b6b3-52fe7c75cf0e,2024-03-11T07:52:43.000Z,2024-03-17T04:04:49.000Z,Rintu Mandal,11/03/2024 Wild pig Sighting,10.36448,76.878392,55,1146317,705664,43P,2024-03-11,11/03/2024,13:22,Wild pig,12,Sighting,Dry or mixed forest,NA,NA
acb5001a-8b90-41ac-a586-efc25660307a,2024-03-11T06:26:37.000Z,2024-03-13T04:23:20.000Z,Divya Mudappa,11/03/2024 Nilgiri Langur Sighting,10.342773,76.933724,5,1143952,711739,43P,2024-03-11,11/03/2024,11:55,Nilgiri Langur,1,Sighting,Rainforest fragment,NA,Selaliparai 2
6ffda382-7cd6-444e-bc63-311c25adbe06,2024-03-11T06:23:35.000Z,2024-03-11T07:52:18.000Z,Srinivasan Kasinathan,11/03/2024 Jungle-striped Squirrel Roadkill,10.346723,76.936245,4,1144391,712012,43P,2024-03-11,11/03/2024,11:52,Jungle-striped Squirrel,1,Roadkill,Human settlement/habitation,NA,NA
c0abb420-ccd4-4830-a4e3-aad146953c14,2024-03-11T06:13:26.000Z,2024-03-13T04:23:18.000Z,Divya Mudappa,11/03/2024 Bonnet Macaque Sighting,10.353747,76.937217,7,1145169,712114,43P,2024-03-11,11/03/2024,11:42,Bonnet Macaque,42,Sighting,Coffee plantation,NA,NA
c3802cb7-4657-4266-bdd6-619e7558b732,2024-03-11T04:30:33.000Z,2024-03-11T04:30:45.000Z,Ganesh Raghunathan,11/03/2024 Bonnet Macaque Roadkill,10.355114,76.94653,4,1145326,713133,43P,2024-03-11,11/03/2024,06:55,Bonnet Macaque,1,Roadkill,Human settlement/habitation,c3802cb7-4657-4266-bdd6-619e7558b732_1710131420.jpg,Juvenile roadkill
28ea0769-d971-4df8-9967-3d1fdadaf1c4,2024-03-11T04:27:14.000Z,2024-03-11T04:30:42.000Z,Ganesh Raghunathan,11/03/2024 Elephant Sighting,10.285702,76.900218,4,1137617,708106,43P,2024-03-11,11/03/2024,08:30,Elephant,9,Sighting,Rainforest fragment,NA,NA
5ee90794-8d4b-4bae-acdc-d9c64df01876,2024-03-11T04:25:45.000Z,2024-03-11T04:30:40.000Z,Ganesh Raghunathan,11/03/2024 Elephant Sighting,10.29402,76.90339,4,1138539,708448,43P,2024-03-11,11/03/2024,07:30,Elephant,3,Sighting,Tea Plantation,5ee90794-8d4b-4bae-acdc-d9c64df01876_1710131127.jpg,Murugan estate field #1
0494efc0-8590-4434-80ac-e7a11b7554d1,2024-03-11T01:58:23.000Z,2024-03-11T04:28:04.000Z,Divya Mudappa,11/03/2024 Stripe-necked Mongoose Sighting,10.310675,76.980352,5,1140433,716869,43P,2024-03-11,11/03/2024,07:27,Stripe-necked Mongoose,2,Sighting,Swamp or riverine,NA,Within tea and near habitation
14e6276c-a74d-4d40-a846-3d37db28cb5f,2024-03-11T01:38:18.000Z,2024-03-11T04:28:02.000Z,Divya Mudappa,11/03/2024 Gaur Sighting,10.324057,76.98387,6,1141915,717245,43P,2024-03-11,11/03/2024,07:06,Gaur,29,Sighting,Swamp or riverine,NA,In tea. Euc along swamp. Most resting. A large oldBull slightly separately resting. Lots of yealjngs
5261f816-2221-4c5b-831c-98eef24050f8,2024-03-10T14:02:08.000Z,2024-03-10T14:02:19.000Z,T R Shankar Raman,10/03/2024 Small Indian Civet Sighting,10.330208,76.959962,15,1142580,714622,43P,2024-03-10,10/03/2024,19:29,Small Indian Civet,1,Sighting,Human settlement/habitation,NA,In front of doorstep
211c21ea-387e-4ffb-a981-5b7cf24aec51,2024-03-10T05:17:47.000Z,2024-03-11T07:52:16.000Z,Srinivasan Kasinathan,10/03/2024 Jungle-striped Squirrel Sighting,10.364615,76.977806,4,1146398,716553,43P,2024-03-10,10/03/2024,10:47,Jungle-striped Squirrel,2,Sighting,Tea Plantation,NA,NA
ac1db026-b212-4ed5-b64d-8e526c063fe5,2024-03-10T04:13:24.000Z,2024-03-11T07:52:13.000Z,Srinivasan Kasinathan,10/03/2024 Jungle-striped Squirrel Sighting,10.406145,76.956273,4,1150978,714166,43P,2024-03-10,10/03/2024,09:42,Jungle-striped Squirrel,1,Sighting,Coffee plantation,NA,NA
0bc9f064-d2d4-4793-8399-c62090c241e4,2024-03-10T04:06:12.000Z,2024-03-10T05:48:58.000Z,Divya Mudappa,10/03/2024 Malabar Giant Squirrel Sign-vocalisation,10.291825,77.013072,6,1138370,720466,43P,2024-03-10,10/03/2024,09:35,Malabar Giant Squirrel,1,Sign-vocalisation,Rainforest,NA,NA
7455a863-d43d-42b7-b718-086ce52303d7,2024-03-10T03:46:55.000Z,2024-03-10T05:48:56.000Z,Divya Mudappa,10/03/2024 Malabar Giant Squirrel Sighting,10.290395,77.007686,5,1138208,719877,43P,2024-03-10,10/03/2024,09:16,Malabar Giant Squirrel,1,Sighting,Rainforest,NA,NA
deef0e67-058c-4063-8fea-d7c2590bd6fe,2024-03-10T03:46:13.000Z,2024-03-10T05:02:09.000Z,Divya Mudappa,10/03/2024 Nilgiri Langur Sighting,10.290389,77.007703,5,1138207,719879,43P,2024-03-10,10/03/2024,09:14,Nilgiri Langur,2,Sighting,Tea Plantation,NA,Next to forest
f63a174f-b6ff-486b-8a6b-e6cb88aaf1fb,2024-03-10T03:32:28.000Z,2024-03-11T07:52:11.000Z,Srinivasan Kasinathan,10/03/2024 Nilgiri Langur Sighting,10.405444,76.956959,4,1150901,714241,43P,2024-03-10,10/03/2024,09:02,Nilgiri Langur,2,Sighting,Coffee plantation,NA,NA
e90d6d92-654c-425e-b7ba-c41ac6b05754,2024-03-10T03:30:21.000Z,2024-03-10T03:31:51.000Z,Divya Mudappa,10/03/2024 Malabar Giant Squirrel Sign-vocalisation,10.288482,76.99928,4,1137990,718957,43P,2024-03-10,10/03/2024,08:59,Malabar Giant Squirrel,1,Sign-vocalisation,Rainforest,NA,NA
1cce3b33-8117-453c-9e7c-2a66bbcdfb0b,2024-03-10T03:12:53.000Z,2024-03-10T03:31:47.000Z,Divya Mudappa,10/03/2024 Nilgiri Langur Sign-vocalisation,10.290135,76.985564,7,1138164,717454,43P,2024-03-10,10/03/2024,08:42,Nilgiri Langur,1,Sign-vocalisation,Rainforest,NA,Close to cinchona school
7426493b-4b96-4687-910c-11853bc6c586,2024-03-10T02:52:45.000Z,2024-03-10T03:31:44.000Z,Divya Mudappa,10/03/2024 Gaur Sighting,10.283836,76.975091,4,1137460,716310,43P,2024-03-10,10/03/2024,08:19,Gaur,19,Sighting,Tea Plantation,7426493b-4b96-4687-910c-11853bc6c586_1710039069.jpg,"Along swamp in tea. Only 4 yearlings, 2-3 bulls"
cab29741-16b5-487c-8348-4972f7c3ecc9,2024-03-10T02:52:22.000Z,2024-03-11T07:52:09.000Z,Srinivasan Kasinathan,10/03/2024 Stripe-necked Mongoose Sighting,10.395267,76.979741,4,1149790,716743,43P,2024-03-10,10/03/2024,08:21,Stripe-necked Mongoose,1,Sighting,Swamp or riverine,NA,NA
e316f0b4-a2e0-4b69-8a93-15b3123ad26a,2024-03-10T02:40:32.000Z,2024-03-10T03:31:39.000Z,Divya Mudappa,10/03/2024 Gaur Sighting,10.28954,76.969763,4,1138087,715723,43P,2024-03-10,10/03/2024,08:09,Gaur,1,Sighting,Swamp or riverine,NA,NA
2dd2acae-d0ce-4674-a7b0-446dc42045e6,2024-03-10T02:36:08.000Z,2024-03-10T03:31:37.000Z,Divya Mudappa,10/03/2024 Dusky-striped Squirrel Sighting,10.298204,76.96811,4,1139045,715536,43P,2024-03-10,10/03/2024,08:04,Dusky-striped Squirrel,1,Sighting,Swamp or riverine,NA,Near Sirukundra factory swamp with a few Mallory’s tetracoccus trees at the bridge.
c1cc4eb7-c4a9-44e1-8d82-81de8505e49d,2024-03-10T02:14:19.000Z,2024-03-10T03:31:32.000Z,Divya Mudappa,10/03/2024 Nilgiri Langur Sighting,10.309571,76.959573,10,1140297,714593,43P,2024-03-10,10/03/2024,07:43,Nilgiri Langur,3,Sighting,Rainforest fragment,NA,NA
2f3ecda0-57b5-454f-b5a2-36b4c5744654,2024-03-10T01:00:01.000Z,2024-03-10T03:31:30.000Z,Divya Mudappa,10/03/2024 Malabar Giant Squirrel Sign-vocalisation,10.342603,76.969395,5,1143957,715646,43P,2024-03-10,10/03/2024,06:28,Malabar Giant Squirrel,3,Sign-vocalisation,Rainforest fragment,NA,As we birded thru pttm
c8d68f27-a88e-4cea-a30d-8cb4569f51a9,2024-03-10T00:38:02.000Z,2024-03-10T14:02:16.000Z,T R Shankar Raman,10/03/2024 Sambar Sighting,10.341014,76.968686,10,1143781,715570,43P,2024-03-10,10/03/2024,06:07,Sambar,2,Sighting,Rainforest fragment,NA,NA
9a82e3d9-6fa2-42c5-9c22-5f9febed0795,2024-03-10T00:37:03.000Z,2024-03-10T14:02:14.000Z,T R Shankar Raman,10/03/2024 Sambar Sighting,10.338909,76.964595,11,1143545,715123,43P,2024-03-10,10/03/2024,06:06,Sambar,4,Sighting,Rainforest fragment,NA,"Ad femal, sa and young"
49a73e1a-3d9b-4688-b737-78726db366a7,2024-03-09T12:12:39.000Z,2024-03-09T12:38:45.000Z,Srinivasan Kasinathan,09/03/2024 Bonnet Macaque Sighting,10.352914,76.941402,4,1145079,712573,43P,2024-03-09,09/03/2024,17:41,Bonnet Macaque,22,Sighting,Eucalyptus plantation,NA,NA
a6c07dae-16ee-453d-b151-2b270e9a78d3,2024-03-09T04:50:57.000Z,2024-03-09T04:51:18.000Z,T R Shankar Raman,09/03/2024 Malabar Giant Squirrel Sighting,10.337699,76.962626,4,1143410,714908,43P,2024-03-09,09/03/2024,10:18,Malabar Giant Squirrel,1,Sighting,Rainforest fragment,NA,NA
ba26eb8b-7be6-490f-a9a9-1b3d6f6c02ad,2024-03-09T04:25:25.000Z,2024-03-09T04:43:10.000Z,T R Shankar Raman,09/03/2024 Nilgiri Marten Sighting,10.353529,76.999273,3,1145186,718912,43P,2024-03-09,09/03/2024,09:54,Nilgiri Marten,2,Sighting,Rainforest fragment,ba26eb8b-7be6-490f-a9a9-1b3d6f6c02ad_1709958321.jpg,"D saw one at edge of road, then we saw 2 inside fragmenton low branch. Then moved off."
228bb9c6-63c5-4deb-9462-38ca7cca0902,2024-03-09T03:55:36.000Z,2024-03-09T04:43:06.000Z,T R Shankar Raman,09/03/2024 Jungle-striped Squirrel Roadkill,10.339418,76.993022,4,1143621,718237,43P,2024-03-09,09/03/2024,09:23,Jungle-striped Squirrel,1,Roadkill,Human settlement/habitation,228bb9c6-63c5-4deb-9462-38ca7cca0902_1709956479.jpg,NA
5ed5accb-f28f-44da-9c95-7c81af0dd4b4,2024-03-09T03:27:02.000Z,2024-03-10T03:31:19.000Z,Divya Mudappa,09/03/2024 Nilgiri Langur Sighting,10.331676,77.019318,5,1142783,721123,43P,2024-03-09,09/03/2024,08:56,Nilgiri Langur,6,Sighting,Rainforest,NA,NA
c7e62360-7d0c-461c-b08c-749b622436f3,2024-03-09T03:26:26.000Z,2024-03-10T03:30:47.000Z,Divya Mudappa,09/03/2024 Malabar Giant Squirrel Sign-vocalisation,10.331683,77.019309,5,1142783,721122,43P,2024-03-09,09/03/2024,08:55,Malabar Giant Squirrel,2,Sign-vocalisation,Rainforest,NA,NA
1f48bf72-2529-49c0-a6f5-3bc351cac477,2024-03-09T03:25:26.000Z,2024-03-10T03:30:44.000Z,Divya Mudappa,"09/03/2024 Jungle-striped Squirrel Sighting, Sign-vocalisation",10.331692,77.019329,8,1142784,721124,43P,2024-03-09,09/03/2024,08:53,Jungle-striped Squirrel,12,"Sighting, Sign-vocalisation",Tea Plantation,NA,On the road from Valparai to akkamalai lots of jungle striped.
ca6c7850-439c-43c6-b7bd-3f6e45a74126,2024-03-09T00:39:23.000Z,2024-03-09T04:43:00.000Z,T R Shankar Raman,09/03/2024 Sambar Sighting,10.363788,76.98154,12,1146309,716962,43P,2024-03-09,09/03/2024,06:08,Sambar,1,Sighting,Tea Plantation,NA,Ad male. BH2
288b6c6f-b2a1-49c8-911a-c89727ea0a6f,2024-03-09T00:30:37.000Z,2024-03-09T04:42:56.000Z,T R Shankar Raman,09/03/2024 Sambar Sighting,10.338396,76.96428,6,1143488,715089,43P,2024-03-09,09/03/2024,05:59,Sambar,2,Sighting,Rainforest fragment,NA,"Pttm, ad fem and yearling"
d0534560-6d74-4c38-bc7e-3acc29fa890e,2024-03-08T16:16:45.000Z,2024-03-08T16:17:58.000Z,T R Shankar Raman,08/03/2024 Large Brown Flying Squirrel Sighting,10.338394,76.964162,5,1143488,715076,43P,2024-03-08,08/03/2024,21:46,Large Brown Flying Squirrel,4,Sighting,Rainforest fragment,NA,NA
9d21d20a-0050-4591-8fe5-936daa557306,2024-03-08T07:28:34.000Z,2024-03-08T16:17:33.000Z,T R Shankar Raman,08/03/2024 Nilgiri Langur Sighting,10.310264,76.835366,7,1140292,700986,43P,2024-03-08,08/03/2024,12:58,Nilgiri Langur,8,Sighting,Rainforest fragment,NA,NA
6806af67-49eb-4012-ae2b-c225214e06de,2024-03-08T07:21:45.000Z,2024-03-08T16:17:14.000Z,T R Shankar Raman,08/03/2024 Gaur Sighting,10.303995,76.840059,4,1139602,701504,43P,2024-03-08,08/03/2024,12:49,Gaur,1,Sighting,Tea Plantation,NA,NA
5f47bf10-8c9b-42bb-a1cd-6af564797621,2024-03-08T05:39:03.000Z,2024-03-08T16:17:04.000Z,T R Shankar Raman,08/03/2024 Elephant Sighting,10.302667,76.838032,4,1139454,701283,43P,2024-03-08,08/03/2024,11:07,Elephant,1,Sighting,Rainforest,NA,Backwaters edge Kerala
2ca771b5-9bda-4a28-9c1a-a1a0902b4ae6,2024-03-08T03:04:31.000Z,2024-03-10T03:30:38.000Z,Divya Mudappa,"08/03/2024 Jungle-striped Squirrel Sighting, Sign-vocalisation",10.331087,76.895067,4,1142634,707512,43P,2024-03-08,08/03/2024,08:33,Jungle-striped Squirrel,3,"Sign-vocalisation, Sighting",Tea Plantation,NA,In three different locations
984cd428-34cc-4fea-afb0-587e3d8d0fa4,2024-03-08T02:39:12.000Z,2024-03-08T02:41:36.000Z,Divya Mudappa,08/03/2024 Black-Naped Hare Sighting,10.340067,76.908534,5,1143636,708982,43P,2024-03-08,08/03/2024,08:07,Black-Naped Hare,1,Sighting,Tea Plantation,NA,Running across the swamp
508ebb75-7d95-40e0-94df-6e01b3eafc44,2024-03-08T02:22:57.000Z,2024-03-08T02:41:32.000Z,Divya Mudappa,08/03/2024 Bonnet Macaque Sighting,10.341905,76.912633,5,1143842,709429,43P,2024-03-08,08/03/2024,07:51,Bonnet Macaque,6,Sighting,Eucalyptus plantation,NA,Logged near Periyar Nagar
f39cda7c-99e8-4b60-b860-cc2bf5cfbf89,2024-03-08T02:20:54.000Z,2024-03-09T12:38:41.000Z,Srinivasan Kasinathan,08/03/2024 Bonnet Macaque Sighting,10.359307,76.936163,6,1145783,711995,43P,2024-03-08,08/03/2024,07:50,Bonnet Macaque,5,Sighting,Coffee plantation,NA,NA
e258b78c-a80c-470e-91d8-e449759fcd9f,2024-03-08T02:20:30.000Z,2024-03-09T12:38:36.000Z,Srinivasan Kasinathan,08/03/2024 Nilgiri Langur Sighting,10.359305,76.93617,5,1145783,711996,43P,2024-03-08,08/03/2024,07:50,Nilgiri Langur,3,Sighting,Coffee plantation,NA,NA
96441c51-ac2f-492f-b805-ae8a789b3bad,2024-03-08T02:20:01.000Z,2024-03-09T12:38:33.000Z,Srinivasan Kasinathan,07/03/2024 Nilgiri Langur Sighting,NA,NA,NA,NA,NA,NA,2024-03-07,07/03/2024,17:15,Nilgiri Langur,9,Sighting,Coffee plantation,NA,NA
b7797dcd-9aa7-496b-8172-33be21544a41,2024-03-08T01:57:52.000Z,2024-03-08T02:41:29.000Z,Divya Mudappa,08/03/2024 Nilgiri Langur Sign-vocalisation,10.355736,76.929791,5,1145384,711299,43P,2024-03-08,08/03/2024,07:27,Nilgiri Langur,2,Sign-vocalisation,Rainforest fragment,NA,NA
8e4cbab8-7176-4f7f-be01-fc4e0b2dd272,2024-03-08T01:57:07.000Z,2024-03-08T02:41:27.000Z,Divya Mudappa,08/03/2024 Malabar Giant Squirrel Sign-vocalisation,10.355759,76.929772,9,1145386,711297,43P,2024-03-08,08/03/2024,07:26,Malabar Giant Squirrel,2,Sign-vocalisation,Rainforest fragment,NA,NA
579d038f-7445-4fed-80b8-e26657958b0e,2024-03-08T01:30:53.000Z,2024-03-08T02:41:23.000Z,Divya Mudappa,08/03/2024 Bonnet Macaque Sighting,10.355576,76.935696,5,1145370,711946,43P,2024-03-08,08/03/2024,07:00,Bonnet Macaque,5,Sighting,Human settlement/habitation,NA,NA
e5671921-1518-40ac-bde8-b1d4a75d20d1,2024-03-08T01:19:15.000Z,2024-03-08T02:41:21.000Z,Divya Mudappa,08/03/2024 Nilgiri Langur Sighting,10.348919,76.934394,8,1144633,711808,43P,2024-03-08,08/03/2024,06:48,Nilgiri Langur,4,Sighting,Coffee plantation,NA,NA
b664864a-7d64-4e3d-91ac-1f533f125c5f,2024-03-08T00:48:06.000Z,2024-03-08T02:41:19.000Z,Divya Mudappa,08/03/2024 Sambar Sign-vocalisation,10.329818,76.934557,6,1142520,711839,43P,2024-03-08,08/03/2024,06:17,Sambar,1,Sign-vocalisation,Tea Plantation,NA,NA
0b51b321-45c0-4d64-bca0-53e11588ea96,2024-03-08T00:44:58.000Z,2024-03-09T12:38:31.000Z,Srinivasan Kasinathan,08/03/2024 Sambar Sighting,10.338731,76.963931,4,1143525,715051,43P,2024-03-08,08/03/2024,06:13,Sambar,3,Sighting,Rainforest fragment,NA,NA
04d1eab2-69a1-4c93-b017-0fd4bc1d9829,2024-03-07T12:53:50.000Z,2024-03-08T02:41:16.000Z,Divya Mudappa,07/03/2024 Gaur Sighting,10.336491,76.934855,4,1143258,711867,43P,2024-03-07,07/03/2024,18:22,Gaur,6,Sighting,Tea Plantation,NA,NA
eab27f38-e71e-4c2b-af21-3fccbc098417,2024-03-07T03:59:19.000Z,2024-03-09T12:38:29.000Z,Srinivasan Kasinathan,05/03/2024 Elephant Sighting,10.345057,76.970064,4,1144229,715718,43P,2024-03-05,05/03/2024,20:03,Elephant,1,Sighting,Rainforest fragment,NA,NA
cb292135-2bc9-470f-baf7-9c43ea5e1fd2,2024-03-06T07:56:20.000Z,2024-03-06T11:27:50.000Z,Srinivasan Kasinathan,06/03/2024 Bonnet Macaque Sighting,10.3574,76.933376,11,1145570,711691,43P,2024-03-06,06/03/2024,13:25,Bonnet Macaque,9,Sighting,Coffee plantation,NA,NA
9b0dc8ce-e8cf-4c00-bfe4-3cccf361bad3,2024-03-06T05:38:16.000Z,2024-03-06T11:27:45.000Z,Srinivasan Kasinathan,06/03/2024 Bonnet Macaque Sighting,10.348701,76.934924,5,1144609,711866,43P,2024-03-06,06/03/2024,11:07,Bonnet Macaque,9,Sighting,Rainforest fragment,NA,NA
c2f55c0e-164c-4e23-8bc1-6eaf80a6c45e,2024-03-06T05:06:59.000Z,2024-03-06T11:27:38.000Z,Srinivasan Kasinathan,06/03/2024 Nilgiri Langur Sighting,10.348557,76.934464,6,1144593,711816,43P,2024-03-06,06/03/2024,10:36,Nilgiri Langur,2,Sighting,Rainforest fragment,NA,NA
a557ed31-b306-474f-b711-4ff733b145e4,2024-03-05T13:12:50.000Z,2024-03-06T11:27:33.000Z,Srinivasan Kasinathan,05/03/2024 Sambar Sign-vocalisation,10.359564,76.93654,9,1145812,712036,43P,2024-03-05,05/03/2024,18:40,Sambar,1,Sign-vocalisation,Coffee plantation,NA,NA
7275a7e6-988e-428c-b3e8-e7e36accef12,2024-03-05T10:28:02.000Z,2024-03-06T11:27:23.000Z,Srinivasan Kasinathan,05/03/2024 Nilgiri Langur Sighting,10.341399,76.969181,4,1143824,715624,43P,2024-03-05,05/03/2024,15:56,Nilgiri Langur,16,Sighting,Rainforest fragment,NA,NA
171fe88c-8225-4bde-9996-cc47f574ee37,2024-03-05T09:59:21.000Z,2024-03-06T11:27:18.000Z,Srinivasan Kasinathan,05/03/2024 Jungle-striped Squirrel Sighting,10.284253,76.983651,4,1137512,717248,43P,2024-03-05,05/03/2024,15:28,Jungle-striped Squirrel,1,Sighting,Tea Plantation,NA,NA
c1ffdb38-d094-41b1-a0c9-f88f0ea8e721,2024-03-05T07:31:42.000Z,2024-03-06T11:27:13.000Z,Srinivasan Kasinathan,05/03/2024 Nilgiri Langur Sighting,10.34273,76.933661,4,1143947,711732,43P,2024-03-05,05/03/2024,13:01,Nilgiri Langur,1,Sighting,Rainforest fragment,NA,NA
149fd54c-6461-4fa7-a42c-b53a6fefb125,2024-03-05T06:06:19.000Z,2024-03-05T06:06:29.000Z,T R Shankar Raman,05/03/2024 Stripe-necked Mongoose Sighting,10.339366,76.966459,12,1143597,715327,43P,2024-03-05,05/03/2024,11:35,Stripe-necked Mongoose,1,Sighting,Swamp or riverine,NA,Near bridge
833d1c76-c986-4817-8638-bd3ba4f460b8,2024-03-04T09:01:20.000Z,2024-03-06T11:27:08.000Z,Srinivasan Kasinathan,04/03/2024 Bonnet Macaque Sighting,10.352757,76.972126,4,1145083,715939,43P,2024-03-04,04/03/2024,14:30,Bonnet Macaque,2,Sighting,Human settlement/habitation,NA,NA
a95c6053-8931-44d6-84a8-c8dd716ff577,2024-03-04T08:59:18.000Z,2024-03-06T11:27:02.000Z,Srinivasan Kasinathan,04/03/2024 Lion-tailed Macaque Sighting,10.352782,76.972139,4,1145085,715940,43P,2024-03-04,04/03/2024,14:28,Lion-tailed Macaque,104,Sighting,Human settlement/habitation,NA,NA
a8d0de65-c579-4293-828c-2d99f18dfceb,2024-03-04T06:17:41.000Z,2024-03-06T11:26:57.000Z,Srinivasan Kasinathan,04/03/2024 Lion-tailed Macaque Sign-vocalisation,10.373176,76.993439,4,1147356,718259,43P,2024-03-04,04/03/2024,11:46,Lion-tailed Macaque,1,Sign-vocalisation,Rainforest,NA,NA
15e4ad25-acde-4ce7-836e-c3304678c42d,2024-03-04T05:38:40.000Z,2024-03-06T11:26:47.000Z,Srinivasan Kasinathan,04/03/2024 Malabar Giant Squirrel Sign-vocalisation,10.365039,76.997169,5,1146458,718673,43P,2024-03-04,04/03/2024,11:08,Malabar Giant Squirrel,2,Sign-vocalisation,Rainforest,NA,NA
f6f784c5-6a96-49d0-b8db-926e8392256f,2024-03-04T04:23:40.000Z,2024-03-06T11:26:42.000Z,Srinivasan Kasinathan,04/03/2024 Malabar Giant Squirrel Sign-vocalisation,10.394453,76.991815,4,1149709,718066,43P,2024-03-04,04/03/2024,09:53,Malabar Giant Squirrel,1,Sign-vocalisation,Rainforest fragment,NA,NA
9ff1c769-a057-4518-b3e6-19e0a0e11a97,2024-03-04T01:52:05.000Z,2024-03-08T02:41:14.000Z,Divya Mudappa,04/03/2024 Bonnet Macaque Sighting,10.359473,76.936423,4,1145801,712023,43P,2024-03-04,04/03/2024,07:21,Bonnet Macaque,20,Sighting,Coffee plantation,NA,In the nursery feeding on jackfruit
d4fabc59-6576-4b94-9f44-9392a4c6084f,2024-03-02T12:22:45.000Z,2024-03-06T11:26:37.000Z,Srinivasan Kasinathan,02/03/2024 Bonnet Macaque Sighting,10.352593,76.941121,4,1145044,712543,43P,2024-03-02,02/03/2024,17:52,Bonnet Macaque,12,Sighting,Human settlement/habitation,NA,NA
dca9621d-0e08-415c-aa44-388d4334928b,2024-03-02T12:17:01.000Z,2024-03-06T11:26:32.000Z,Srinivasan Kasinathan,02/03/2024 Bonnet Macaque Sighting,10.353574,76.935664,4,1145148,711944,43P,2024-03-02,02/03/2024,17:46,Bonnet Macaque,9,Sighting,Coffee plantation,NA,NA
42f0a227-da77-46ed-a96a-da77c00437fa,2024-03-02T10:27:39.000Z,2024-03-06T11:26:27.000Z,Srinivasan Kasinathan,02/03/2024 Malabar Giant Squirrel Sighting,10.356832,76.938441,4,1145511,712246,43P,2024-03-02,02/03/2024,15:57,Malabar Giant Squirrel,1,Sighting,Coffee plantation,NA,NA
f869ed2c-a2cb-4896-b968-797b8ba3d1ca,2024-03-02T10:26:49.000Z,2024-03-06T11:26:22.000Z,Srinivasan Kasinathan,02/03/2024 Elephant Sighting,10.356853,76.938454,4,1145513,712248,43P,2024-03-02,02/03/2024,15:55,Elephant,4,Sighting,Coffee plantation,NA,NA
185ccaad-45c0-4ae7-878f-abbc80f35439,2024-03-02T02:58:47.000Z,2024-03-08T02:41:11.000Z,Divya Mudappa,02/03/2024 Malabar Giant Squirrel Sighting,10.350142,76.935064,5,1144768,711881,43P,2024-03-02,02/03/2024,08:28,Malabar Giant Squirrel,1,Sighting,Coffee plantation,NA,NA
05c00daf-7f7e-4770-87cf-0423e42ebc54,2024-03-02T02:58:15.000Z,2024-03-08T02:41:08.000Z,Divya Mudappa,02/03/2024 Lion-tailed Macaque Sighting,10.349339,76.934599,4,1144679,711830,43P,2024-03-02,02/03/2024,08:24,Lion-tailed Macaque,15,Sighting,Coffee plantation,NA,NA
ae673b6f-af31-402a-abae-f4daef03c251,2024-03-02T02:51:35.000Z,2024-03-08T02:41:06.000Z,Divya Mudappa,02/03/2024 Bonnet Macaque Sighting,10.35035,76.939918,4,1144795,712412,43P,2024-03-02,02/03/2024,08:21,Bonnet Macaque,14,Sighting,Coffee plantation,NA,NA
5a823c83-3591-4869-bc12-3078dbf47d38,2024-03-01T04:06:52.000Z,2024-03-01T10:49:00.000Z,Divya Mudappa,01/03/2024 Malabar Giant Squirrel Sighting,10.349989,76.935277,17,1144752,711904,43P,2024-03-01,01/03/2024,09:36,Malabar Giant Squirrel,1,Sighting,Coffee plantation,NA,Feeding on pepper
3221cd5a-8e83-4fe7-8e14-8f5d5977c2f5,2024-03-01T04:05:59.000Z,2024-03-01T10:48:57.000Z,Divya Mudappa,01/03/2024 Nilgiri Langur Sighting,10.349742,76.935123,7,1144724,711888,43P,2024-03-01,01/03/2024,09:35,Nilgiri Langur,5,Sighting,Rainforest fragment,NA,NA
cd2b81a2-0b36-4ce0-a762-6fb194d60ab6,2024-03-01T01:07:45.000Z,2024-03-07T12:05:36.000Z,Rintu Mandal,01/03/2024 Chital Sighting,10.356891,76.879122,1700,1145478,705749,43P,2024-03-01,01/03/2024,06:36,Chital,8,Sighting,Dry or mixed forest,NA,NA
f646e040-639c-4af3-a925-48b814ad6d83,2024-02-29T16:08:50.000Z,2024-02-29T16:10:57.000Z,Divya Mudappa,29/02/2024 Leopard Sign-vocalisation,10.330261,76.960179,12,1142586,714645,43P,2024-02-29,29/02/2024,21:37,Leopard,1,Sign-vocalisation,Human settlement/habitation,NA,Parking area. People in the lodges.
51b5876c-edd4-456a-8433-86a19191058e,2024-02-29T07:44:29.000Z,2024-02-29T16:10:55.000Z,Divya Mudappa,29/02/2024 Nilgiri Langur Sighting,10.308446,76.871931,9,1140115,704993,43P,2024-02-29,29/02/2024,13:13,Nilgiri Langur,5,Sighting,Rainforest fragment,NA,In black bridge and sholayar murugali fragments
20bace02-09de-418f-a298-5be80a69b533,2024-02-28T10:26:42.000Z,2024-03-06T11:26:17.000Z,Srinivasan Kasinathan,28/02/2024 Nilgiri Langur Sighting,10.349073,76.934571,4,1144650,711828,43P,2024-02-28,28/02/2024,15:56,Nilgiri Langur,4,Sighting,Coffee plantation,NA,NA
9613ac08-99b2-48dc-a872-2afec17b41e3,2024-02-28T08:12:34.000Z,2024-02-28T08:48:17.000Z,Divya Mudappa,28/02/2024 Sambar Sighting,10.326879,76.937968,4,1142197,712215,43P,2024-02-28,28/02/2024,13:41,Sambar,1,Sighting,Human settlement/habitation,NA,Near old Chintamani. An old male.
40064ab7-2bd2-4001-af86-7ce0b72769e3,2024-02-28T01:48:15.000Z,2024-03-06T11:26:12.000Z,Srinivasan Kasinathan,28/02/2024 Stripe-necked Mongoose Sighting,10.364163,76.978074,4,1146348,716582,43P,2024-02-28,28/02/2024,07:17,Stripe-necked Mongoose,1,Sighting,Human settlement/habitation,NA,NA
f074b822-5cfb-4f0c-9975-9ba627026a12,2024-02-27T11:45:52.000Z,2024-02-27T12:21:56.000Z,Divya Mudappa,27/02/2024 Lion-tailed Macaque Sighting,10.344943,76.972407,4,1144218,715975,43P,2024-02-27,27/02/2024,17:14,Lion-tailed Macaque,5,Sighting,Rainforest fragment,NA,On ficus
4a6a3ea0-c82c-40b4-8d36-9e57a7e90e6c,2024-02-26T15:04:01.000Z,2024-03-06T11:26:07.000Z,Srinivasan Kasinathan,26/02/2024 Sambar Sighting,10.363532,76.977197,4,1146278,716487,43P,2024-02-26,26/02/2024,20:30,Sambar,1,Sighting,Tea Plantation,NA,NA
56a2de9f-702d-4e43-9c68-e5bb04d1475c,2024-02-26T11:38:26.000Z,2024-03-06T11:26:04.000Z,Srinivasan Kasinathan,26/02/2024 Nilgiri Langur Sighting,10.354402,76.935597,4,1145240,711936,43P,2024-02-26,26/02/2024,17:07,Nilgiri Langur,10,Sighting,Human settlement/habitation,NA,NA
e8e94e72-f347-4f54-84fe-1798c130b8cb,2024-02-26T08:21:02.000Z,2024-03-06T11:26:02.000Z,Srinivasan Kasinathan,26/02/2024 Malabar Giant Squirrel Sighting,10.353494,76.935635,6,1145140,711941,43P,2024-02-26,26/02/2024,13:49,Malabar Giant Squirrel,1,Sighting,Coffee plantation,NA,Sleeping on the silver oak tree
1237bc5c-3b1e-4b7e-b040-06bc2cb2798a,2024-02-26T02:55:03.000Z,2024-02-26T11:54:47.000Z,Srinivasan Kasinathan,26/02/2024 Bonnet Macaque Sighting,10.352458,76.94093,4,1145028,712522,43P,2024-02-26,26/02/2024,08:23,Bonnet Macaque,21,Sighting,Human settlement/habitation,NA,NA
2d13a87e-1518-4c6e-84f3-c22e1db0464e,2024-02-25T13:23:46.000Z,2024-03-07T12:05:34.000Z,Rintu Mandal,25/02/2024 Sambar Sighting,10.3557,76.881567,9,1145348,706017,43P,2024-02-25,25/02/2024,18:42,Sambar,5,Sighting,Rainforest,NA,Feeding under a Ficus drupacea
acce6499-5063-4cec-867d-b4fa5b69f0f6,2024-02-24T02:40:03.000Z,2024-02-24T07:03:17.000Z,Divya Mudappa,24/02/2024 Gaur Sighting,10.359512,76.93639,4,1145806,712020,43P,2024-02-24,24/02/2024,08:08,Gaur,1,Sighting,Swamp or riverine,NA,Near nursery
691ee07a-f456-4a50-bbd2-401791aa5df8,2024-02-24T02:21:06.000Z,2024-02-26T11:54:39.000Z,Srinivasan Kasinathan,24/02/2024 Bonnet Macaque Sighting,10.354909,76.935595,4,1145296,711936,43P,2024-02-24,24/02/2024,07:50,Bonnet Macaque,44,Sighting,Human settlement/habitation,NA,Feeding on Ficus
8bc80f34-a715-40f8-baf1-471eeaad26b3,2024-02-24T02:17:11.000Z,2024-02-24T07:03:15.000Z,Divya Mudappa,24/02/2024 Bonnet Macaque Sighting,10.352868,76.939529,7,1145073,712368,43P,2024-02-24,24/02/2024,07:45,Bonnet Macaque,12,Sighting,Rainforest fragment,NA,Coming up to the bus stop
ecc10eb7-d890-4093-b77e-842333b13429,2024-02-24T02:13:57.000Z,2024-02-24T07:03:13.000Z,Divya Mudappa,24/02/2024 Barking Deer Sighting,10.347469,76.936388,4,1144474,712028,43P,2024-02-24,24/02/2024,07:42,Barking Deer,2,Sighting,Eucalyptus plantation,ecc10eb7-d890-4093-b77e-842333b13429_1708740823.jpg,Female with calf
dad52789-e4f0-4db6-80ce-aa928760a8b4,2024-02-24T01:33:50.000Z,2024-02-24T01:50:07.000Z,Srinivasan Kasinathan,24/02/2024 Sambar Sighting,10.338064,76.963272,4,1143451,714979,43P,2024-02-24,24/02/2024,07:03,Sambar,1,Sighting,Rainforest fragment,NA,NA
0999f17f-7666-4b60-be0d-328b7eb5ce0d,2024-02-23T03:08:44.000Z,2024-02-24T01:50:05.000Z,Srinivasan Kasinathan,23/02/2024 Bonnet Macaque Sighting,10.357261,76.934873,4,1145556,711855,43P,2024-02-23,23/02/2024,08:37,Bonnet Macaque,14,Sighting,Coffee plantation,NA,NA
05b57bb0-3fa7-4d0b-abd3-68df6144f563,2024-02-23T01:42:56.000Z,2024-02-24T01:50:03.000Z,Srinivasan Kasinathan,23/02/2024 Jungle-striped Squirrel Sighting,10.324283,76.939974,4,1141911,712436,43P,2024-02-23,23/02/2024,07:12,Jungle-striped Squirrel,1,Sighting,Tea Plantation,NA,NA
815a59c7-06e5-4451-889a-b5ccdd285d34,2024-02-22T16:21:32.000Z,2024-02-22T16:21:38.000Z,Divya Mudappa,22/02/2024 Sambar Sign-vocalisation,10.330228,76.95998,5,1142582,714624,43P,2024-02-22,22/02/2024,21:50,Sambar,1,Sign-vocalisation,Tea Plantation,NA,Heard from home.. loud so probably close.
3403b8f8-1797-4010-b02b-fea56f197093,2024-02-22T12:56:00.000Z,2024-02-22T16:20:34.000Z,Divya Mudappa,22/02/2024 Porcupine Sign-Dropping,10.336508,76.92684,6,1143255,710989,43P,2024-02-22,22/02/2024,18:25,Porcupine,2,Sign-Dropping,Tea Plantation,NA,Selaliparai
baf85566-d83a-44a5-9f9f-3bba08b73072,2024-02-22T12:52:02.000Z,2024-02-22T16:20:32.000Z,Divya Mudappa,22/02/2024 Elephant Sighting,10.336513,76.92717,4,1143255,711025,43P,2024-02-22,22/02/2024,18:18,Elephant,13,Sighting,Rainforest fragment,baf85566-d83a-44a5-9f9f-3bba08b73072_1708606164.jpg,Edge of Monika fragment and tea
55a96cde-c1b3-4e3c-b36d-fecdd27b9bed,2024-02-22T09:22:18.000Z,2024-02-22T16:20:30.000Z,Divya Mudappa,22/02/2024 Sambar Sighting,10.324632,76.942568,5,1141951,712720,43P,2024-02-22,22/02/2024,14:51,Sambar,1,Sighting,Tea Plantation,NA,Stanmore across the river
613e0891-3d06-4d58-828e-40a322eb8ae0,2024-02-21T03:42:23.000Z,2024-02-21T04:20:41.000Z,Divya Mudappa,21/02/2024 Lion-tailed Macaque Sighting,10.358523,76.97255,4,1145721,715981,43P,2024-02-21,21/02/2024,09:11,Lion-tailed Macaque,8,Sighting,Human settlement/habitation,NA,Rotikadai
998d6f6e-bde9-468d-8e0e-61a2546c93a9,2024-02-21T03:34:02.000Z,2024-02-24T01:50:00.000Z,Srinivasan Kasinathan,21/02/2024 Brown Mongoose Sighting,10.354308,76.945054,6,1145236,712972,43P,2024-02-21,21/02/2024,09:03,Brown Mongoose,32,Sighting,Coffee plantation,NA,NA
e1fc375a-bb74-47ee-b0d7-06c425c66866,2024-02-21T03:31:12.000Z,2024-02-24T01:49:58.000Z,Srinivasan Kasinathan,21/02/2024 Bonnet Macaque Sighting,10.353367,76.942417,4,1145130,712684,43P,2024-02-21,21/02/2024,09:00,Bonnet Macaque,10,Sighting,Eucalyptus plantation,NA,Close to human habitation
66b75d86-c7a1-4c63-98c5-df7bb03c555b,2024-02-21T03:26:52.000Z,2024-02-21T04:20:39.000Z,Divya Mudappa,21/02/2024 Malabar Giant Squirrel Sighting,10.349393,76.934641,6,1144685,711835,43P,2024-02-21,21/02/2024,08:55,Malabar Giant Squirrel,2,Sighting,Coffee plantation,NA,On ficus glomerata
0c6348cc-3667-4b3e-aa6f-d4848d2158e2,2024-02-21T02:17:45.000Z,2024-02-24T01:49:56.000Z,Srinivasan Kasinathan,21/02/2024 Bonnet Macaque Sighting,10.356497,76.935239,4,1145471,711896,43P,2024-02-21,21/02/2024,07:46,Bonnet Macaque,14,Sighting,Human settlement/habitation,NA,NA
7dc6fce6-4e79-4d7b-83ef-61f3a5765871,2024-02-21T02:13:29.000Z,2024-02-21T04:20:37.000Z,Divya Mudappa,21/02/2024 Nilgiri Langur Sighting,10.349248,76.934572,5,1144669,711827,43P,2024-02-21,21/02/2024,07:43,Nilgiri Langur,3,Sighting,Coffee plantation,NA,NA
32ba9851-7c5b-4bad-8c6f-bd7c58bdc283,2024-02-21T01:42:41.000Z,2024-02-21T04:20:35.000Z,Divya Mudappa,21/02/2024 Lion-tailed Macaque Sighting,10.329558,76.957096,5,1142506,714308,43P,2024-02-21,21/02/2024,07:11,Lion-tailed Macaque,9,Sighting,Human settlement/habitation,NA,Partial count. Troop in town
d2576c68-c58a-46df-8e29-5cd9910f0d54,2024-02-20T02:21:10.000Z,2024-02-20T16:05:09.000Z,Divya Mudappa,20/02/2024 Gaur Sighting,10.359654,76.936672,5,1145822,712051,43P,2024-02-20,20/02/2024,07:50,Gaur,1,Sighting,Swamp or riverine,NA,In coffee near nursery. Youngish individual
fb1910e8-0cda-45fe-8e7f-7ff71a25528c,2024-02-20T01:48:52.000Z,2024-02-20T16:05:07.000Z,Divya Mudappa,20/02/2024 Sambar Sighting,10.341506,76.969237,7,1143836,715630,43P,2024-02-20,20/02/2024,07:18,Sambar,1,Sighting,Rainforest fragment,NA,Abandoned coffee opp the old pttm temple
2b54443a-b756-4661-95c3-7388c4c92874,2024-02-19T11:22:23.000Z,2024-02-20T16:05:04.000Z,Divya Mudappa,19/02/2024 Bonnet Macaque Sighting,10.352211,76.94094,5,1145001,712523,43P,2024-02-19,19/02/2024,16:51,Bonnet Macaque,19,Sighting,Human settlement/habitation,NA,At the junction near coffee
6bffbf11-505d-4eae-a7e7-02ab0f7a16e1,2024-02-19T11:18:59.000Z,2024-02-19T11:53:47.000Z,Srinivasan Kasinathan,19/02/2024 Sambar Sign-vocalisation,10.350207,76.935131,4,1144776,711888,43P,2024-02-19,19/02/2024,16:48,Sambar,1,Sign-vocalisation,Coffee plantation,NA,NA
2bb464bc-91b4-4391-9f3c-4573220491ba,2024-02-19T11:17:49.000Z,2024-02-19T11:53:44.000Z,Srinivasan Kasinathan,19/02/2024 Lion-tailed Macaque Sighting,10.350227,76.935066,4,1144778,711881,43P,2024-02-19,19/02/2024,16:45,Lion-tailed Macaque,1,Sighting,Coffee plantation,NA,NA
6a4cb7d1-2c09-407c-b84c-09ae3f9bb513,2024-02-19T11:16:33.000Z,2024-02-20T16:05:02.000Z,Divya Mudappa,19/02/2024 Nilgiri Langur Sighting,10.350322,76.935387,6,1144788,711916,43P,2024-02-19,19/02/2024,16:44,Nilgiri Langur,8,Sighting,Coffee plantation,NA,"Three different troops- one near nursery, two in old Valparai coffee."
64b8c268-ee19-4a1e-bd97-f1abad7683c7,2024-02-19T03:26:20.000Z,2024-02-20T16:05:00.000Z,Divya Mudappa,19/02/2024 Barking Deer Sighting,10.342862,76.933684,7,1143962,711735,43P,2024-02-19,19/02/2024,08:55,Barking Deer,1,Sighting,Rainforest fragment,NA,Selaliparai 2
6ee6d208-8d5b-4299-939c-a19f11c1d33c,2024-02-19T01:43:01.000Z,2024-02-19T11:53:42.000Z,Srinivasan Kasinathan,19/02/2024 Malabar Giant Squirrel Sign-vocalisation,10.351302,76.936058,7,1144897,711989,43P,2024-02-19,19/02/2024,07:12,Malabar Giant Squirrel,1,Sign-vocalisation,Coffee plantation,NA,NA
8f188e61-92c2-4609-b559-39e497bcaaee,2024-02-18T10:05:01.000Z,2024-02-18T15:38:07.000Z,Divya Mudappa,18/02/2024 Brown Mongoose Sighting,10.330245,76.960041,4,1142584,714630,43P,2024-02-18,18/02/2024,15:34,Brown Mongoose,3,Sighting,Human settlement/habitation,NA,Outside home
6a9154a7-84b8-475b-b4ca-55f6c1ac682b,2024-02-18T03:49:40.000Z,2024-02-18T04:51:58.000Z,Divya Mudappa,18/02/2024 Barking Deer Sign-vocalisation,10.352823,76.939189,4,1145068,712331,43P,2024-02-18,18/02/2024,09:18,Barking Deer,1,Sign-vocalisation,Rainforest fragment,NA,Near the hornbill nest
8a55b343-d339-4834-854f-1db6221c6799,2024-02-18T02:55:13.000Z,2024-02-18T04:51:55.000Z,Divya Mudappa,18/02/2024 Nilgiri Langur Sighting,10.360549,76.928297,5,1145915,711133,43P,2024-02-18,18/02/2024,08:24,Nilgiri Langur,4,Sighting,Rainforest fragment,NA,NA
4e36a19b-3d53-44f4-9103-f21cf46c1035,2024-02-18T02:34:38.000Z,2024-02-18T04:51:53.000Z,Divya Mudappa,18/02/2024 Nilgiri Langur Sighting,10.358846,76.92737,5,1145726,711032,43P,2024-02-18,18/02/2024,08:02,Nilgiri Langur,2,Sighting,Rainforest fragment,NA,NA
b80a1556-5524-456b-9dda-28ad306aed75,2024-02-18T02:32:43.000Z,2024-02-18T04:51:51.000Z,Divya Mudappa,18/02/2024 Malabar Giant Squirrel Sign-vocalisation,10.358838,76.9274,4,1145725,711035,43P,2024-02-18,18/02/2024,08:01,Malabar Giant Squirrel,1,Sign-vocalisation,Rainforest fragment,NA,NA
f32ad505-de87-43d5-8b70-3ec50ca70ebd,2024-02-18T02:09:47.000Z,2024-02-18T04:51:48.000Z,Divya Mudappa,18/02/2024 Small-clawed Otter Sighting,10.35856,76.930452,7,1145697,711370,43P,2024-02-18,18/02/2024,07:38,Small-clawed Otter,3,Sighting,Swamp or riverine,NA,Anali river
633b7547-f938-4cd8-aca7-ba1d2a68370c,2024-02-17T13:49:49.000Z,2024-02-17T14:32:00.000Z,T R Shankar Raman,17/02/2024 Large Brown Flying Squirrel Sighting,10.363776,76.943867,9,1146282,712836,43P,2024-02-17,17/02/2024,19:19,Large Brown Flying Squirrel,1,Sighting,Coffee plantation,NA,NA
acdab674-5b70-4264-9386-962a263bc7db,2024-02-17T13:33:16.000Z,2024-02-18T04:51:46.000Z,Divya Mudappa,17/02/2024 Dhole Sighting,10.364914,76.946612,4,1146410,713136,43P,2024-02-17,17/02/2024,19:01,Dhole,16,Sighting,Tea Plantation,NA,Wild dogs spotted using pulsar thermal camera
66947a48-39e4-4e15-9172-885827a75e4d,2024-02-17T13:07:49.000Z,2024-02-19T11:53:40.000Z,Srinivasan Kasinathan,17/02/2024 Sambar Sighting,10.339313,76.964991,5,1143590,715166,43P,2024-02-17,17/02/2024,18:37,Sambar,1,Sighting,Rainforest fragment,NA,NA
f9fd0e36-4154-40f2-9d34-076b6a5daf51,2024-02-17T11:26:08.000Z,2024-02-17T14:31:58.000Z,T R Shankar Raman,17/02/2024 Sambar Sighting,10.335804,76.934969,4,1143182,711880,43P,2024-02-17,17/02/2024,16:55,Sambar,1,Sighting,Tea Plantation,NA,NA
e10a1b5f-41c7-456b-b54a-a1c966257c83,2024-02-17T09:49:01.000Z,2024-02-19T11:53:38.000Z,Srinivasan Kasinathan,17/02/2024 Stripe-necked Mongoose Sighting,10.357975,76.967099,4,1145656,715384,43P,2024-02-17,17/02/2024,15:18,Stripe-necked Mongoose,1,Sighting,Tea Plantation,NA,NA
bf30fcbb-35e8-4839-af0f-b7db0175a834,2024-02-17T07:14:40.000Z,2024-02-18T04:51:44.000Z,Divya Mudappa,17/02/2024 Nilgiri Langur Sighting,10.394372,76.99317,9,1149701,718215,43P,2024-02-17,17/02/2024,12:44,Nilgiri Langur,3,Sighting,Rainforest,NA,NA
77db9a8c-6384-4723-b6dd-6583ed1a3002,2024-02-17T07:11:27.000Z,2024-02-18T04:51:41.000Z,Divya Mudappa,"17/02/2024 Malabar Giant Squirrel Sighting, Sign-vocalisation",10.394522,76.992547,8,1149717,718147,43P,2024-02-17,17/02/2024,12:40,Malabar Giant Squirrel,3,"Sighting, Sign-vocalisation",Rainforest,NA,NA
d80896e2-4852-4657-94b9-2a7c5ab9d75b,2024-02-17T04:30:32.000Z,2024-02-17T14:31:56.000Z,T R Shankar Raman,17/02/2024 Dhole Sighting,10.462064,76.983751,4,1157183,717136,43P,2024-02-17,17/02/2024,09:58,Dhole,2,Sighting,Dry or mixed forest,NA,"Hunting 3 sambar, 2 ad fem, 1 calf in water at reservoiredge"
c0db33f3-99df-4856-9e93-e4418e9f05d4,2024-02-16T12:10:53.000Z,2024-02-18T04:51:39.000Z,Divya Mudappa,16/02/2024 Lion-tailed Macaque Sighting,10.340115,76.966596,5,1143680,715342,43P,2024-02-16,16/02/2024,17:15,Lion-tailed Macaque,4,Sighting,Rainforest fragment,NA,Feeding on ficus. Partial count
061e34e7-5b3c-4e4f-ae1c-95dcb0e2a98d,2024-02-16T12:06:24.000Z,2024-02-18T04:51:37.000Z,Divya Mudappa,16/02/2024 Stripe-necked Mongoose Sighting,10.340095,76.966778,6,1143678,715361,43P,2024-02-16,16/02/2024,17:35,Stripe-necked Mongoose,1,Sighting,Rainforest fragment,NA,Trying to cross the road towards coffee and habitation
9261b038-ae74-431a-b190-90b20772b979,2024-02-16T11:56:30.000Z,2024-02-16T13:40:26.000Z,Srinivasan Kasinathan,16/02/2024 Elephant Sighting,10.377138,76.949253,4,1147764,713417,43P,2024-02-16,16/02/2024,17:25,Elephant,3,Sighting,Rainforest fragment,NA,NA
6d3f17e3-4bd2-4146-a528-6a7406e4e21b,2024-02-16T01:23:42.000Z,2024-02-18T04:51:21.000Z,Rintu Mandal,16/02/2024 Sambar Sighting,10.373503,76.87689,4,1147314,705494,43P,2024-02-16,16/02/2024,06:34,Sambar,1,Sighting,Dry or mixed forest,NA,NA
4bc74892-c892-40ae-862f-43669c905c51,2024-02-15T09:22:54.000Z,2024-02-16T13:40:24.000Z,Srinivasan Kasinathan,15/02/2024 Nilgiri Langur Sighting,10.350039,76.935292,4,1144757,711906,43P,2024-02-15,15/02/2024,14:52,Nilgiri Langur,1,Sighting,Rainforest fragment,NA,NA
05e83e7a-e82d-4285-a354-ea43f999855b,2024-02-15T05:59:51.000Z,2024-02-15T07:02:55.000Z,Divya Mudappa,15/02/2024 Bonnet Macaque Sighting,10.350569,76.935942,4,1144816,711977,43P,2024-02-15,15/02/2024,11:28,Bonnet Macaque,25,Sighting,Rainforest fragment,NA,NA
9d0a2be2-389d-4e4e-8cf4-fbcf027eb9a8,2024-02-15T05:58:26.000Z,2024-02-15T07:02:53.000Z,Divya Mudappa,15/02/2024 Nilgiri Langur Sighting,10.349652,76.93497,5,1144714,711871,43P,2024-02-15,15/02/2024,11:27,Nilgiri Langur,10,Sighting,Rainforest fragment,NA,"Old Valparai feeding on sterculia, females with young also seen"
2cf27210-a36c-4e21-b647-194260b89fcd,2024-02-15T05:58:01.000Z,2024-02-15T10:28:00.000Z,T R Shankar Raman,15/02/2024 Sambar Sighting,10.349626,76.93501,17,1144711,711875,43P,2024-02-15,15/02/2024,11:27,Sambar,5,Sighting,Rainforest fragment,NA,Total
1b23a5e5-b4e9-4145-b43c-f10a7a4f15ac,2024-02-14T11:09:24.000Z,2024-02-16T13:40:22.000Z,Srinivasan Kasinathan,14/02/2024 Nilgiri Langur Sighting,10.349601,76.934982,4,1144708,711872,43P,2024-02-14,14/02/2024,16:38,Nilgiri Langur,2,Sighting,Rainforest fragment,NA,NA
e7ebdf85-d744-4f0b-b4ad-ca6337f485e6,2024-02-14T03:52:30.000Z,2024-02-16T13:40:19.000Z,Srinivasan Kasinathan,14/02/2024 Lion-tailed Macaque Sighting,10.352527,76.938637,5,1145035,712271,43P,2024-02-14,14/02/2024,09:21,Lion-tailed Macaque,1,Sighting,Rainforest fragment,NA,NA
c621dffa-1315-4795-bc58-5e7e2620e867,2024-02-14T02:15:37.000Z,2024-02-14T02:15:43.000Z,Srinivasan Kasinathan,14/02/2024 Jungle-striped Squirrel Sighting,10.36383,76.977521,4,1146311,716522,43P,2024-02-14,14/02/2024,07:45,Jungle-striped Squirrel,1,Sighting,Human settlement/habitation,NA,NA
466a947f-03ca-4dad-9931-7a3fa8874db0,2024-02-13T10:43:58.000Z,2024-02-14T02:14:53.000Z,Srinivasan Kasinathan,13/02/2024 Nilgiri Langur Sighting,10.358245,76.929261,8,1145661,711240,43P,2024-02-13,13/02/2024,16:13,Nilgiri Langur,4,Sighting,Coffee plantation,NA,NA
c4cbe526-1232-4f91-b999-52993acd1429,2024-02-13T10:41:34.000Z,2024-02-14T02:14:51.000Z,Srinivasan Kasinathan,"13/02/2024 Malabar Giant Squirrel Sighting, Sign-vocalisation",10.358293,76.929237,5,1145666,711237,43P,2024-02-13,13/02/2024,16:10,Malabar Giant Squirrel,2,"Sighting, Sign-vocalisation",Coffee plantation,NA,On Bischofia javanica tree
897c8dd1-de92-43f6-a7ff-b38ff7d59901,2024-02-12T04:43:31.000Z,2024-02-12T05:25:13.000Z,T R Shankar Raman,12/02/2024 Gaur Sighting,10.348918,76.934722,19,1144633,711844,43P,2024-02-12,12/02/2024,10:12,Gaur,1,Sighting,Rainforest fragment,897c8dd1-de92-43f6-a7ff-b38ff7d59901_1707713006.jpg,NA
efd07969-7b1f-4fd0-a91b-fa44cfef49c0,2024-02-12T02:20:03.000Z,2024-02-12T14:07:42.000Z,Divya Mudappa,12/02/2024 Malabar Giant Squirrel Sighting,10.356096,76.943146,2567,1145432,712762,43P,2024-02-12,12/02/2024,07:49,Malabar Giant Squirrel,1,Sighting,Coffee plantation,NA,NA
fee7a682-45b9-44b8-a808-8749bc510c96,2024-02-12T02:13:56.000Z,2024-02-12T14:07:44.000Z,Divya Mudappa,12/02/2024 Nilgiri Langur Sighting,10.356096,76.943146,2567,1145432,712762,43P,2024-02-12,12/02/2024,07:41,Nilgiri Langur,8,Sighting,Coffee plantation,NA,NA
cf77efe3-01a6-43eb-acf8-8563b3c42e0b,2024-02-10T11:11:11.000Z,2024-02-14T02:14:49.000Z,Srinivasan Kasinathan,10/02/2024 Bonnet Macaque Sighting,10.341181,76.899044,6,1143753,707941,43P,2024-02-10,10/02/2024,16:39,Bonnet Macaque,18,Sighting,Other,NA,On the road
b099d3b4-38ef-42f0-9c4d-dd2874660d9c,2024-02-10T10:45:58.000Z,2024-02-14T02:14:47.000Z,Srinivasan Kasinathan,10/02/2024 Jungle-striped Squirrel Sighting,10.309896,76.855069,4,1140264,703145,43P,2024-02-10,10/02/2024,16:15,Jungle-striped Squirrel,2,Sighting,Tea Plantation,NA,NA
a927d871-6d14-4d76-8f92-cfcace186e5b,2024-02-10T05:58:37.000Z,2024-02-10T06:12:15.000Z,T R Shankar Raman,10/02/2024 Bonnet Macaque Sighting,10.351387,76.972472,8,1144931,715977,43P,2024-02-10,10/02/2024,11:27,Bonnet Macaque,2,Sighting,Human settlement/habitation,NA,Moving with LTM troop
3fe86b8b-fe9f-4627-aa69-cd9ae3f28662,2024-02-10T05:57:55.000Z,2024-02-10T06:12:12.000Z,T R Shankar Raman,10/02/2024 Lion-tailed Macaque Sighting,10.351365,76.972497,3,1144929,715980,43P,2024-02-10,10/02/2024,11:25,Lion-tailed Macaque,170,Sighting,Human settlement/habitation,NA,3 troops movingfrom Rottikadai to Pttmvis Iypd hospital
772046d8-37d4-46e7-b265-15109e1595cb,2024-02-10T02:43:25.000Z,2024-02-10T07:47:52.000Z,Divya Mudappa,10/02/2024 Nilgiri Langur Sighting,10.344385,76.93486,4,1144131,711862,43P,2024-02-10,10/02/2024,08:11,Nilgiri Langur,2,Sighting,Eucalyptus plantation,NA,Tea; erythrina flowers being eaten. The large tree on the road
4c6ce66b-05bf-4b59-a4ca-185b1cbce6b7,2024-02-09T09:59:49.000Z,2024-02-10T01:26:02.000Z,Srinivasan Kasinathan,09/02/2024 Nilgiri Langur Sighting,10.358459,76.935418,5,1145689,711914,43P,2024-02-09,09/02/2024,15:29,Nilgiri Langur,3,Sighting,Coffee plantation,NA,NA
5cc401c7-a320-4657-854e-3724da3f2519,2024-02-09T01:38:47.000Z,2024-02-09T01:41:58.000Z,Divya Mudappa,09/02/2024 Stripe-necked Mongoose Sighting,10.342543,76.933305,8,1143927,711693,43P,2024-02-09,09/02/2024,07:07,Stripe-necked Mongoose,1,Sighting,Tea Plantation,NA,Near selaliparai 2 euc and tea boundary
c470b636-1c21-421a-8aaf-e0d515df5c54,2024-02-09T01:38:38.000Z,2024-02-10T06:12:10.000Z,T R Shankar Raman,09/02/2024 Stripe-necked Mongoose Sighting,10.342508,76.933378,11,1143923,711701,43P,2024-02-09,09/02/2024,07:07,Stripe-necked Mongoose,1,Sighting,Other,NA,Eucalyptus tea edge
ad7e8a05-a227-41da-9577-480db0381bb0,2024-02-09T01:34:00.000Z,2024-02-10T06:12:06.000Z,T R Shankar Raman,09/02/2024 Stripe-necked Mongoose Sighting,10.32612,76.9387,15,1142113,712295,43P,2024-02-09,09/02/2024,07:03,Stripe-necked Mongoose,1,Sighting,Tea Plantation,NA,NA
dd13b36f-9e22-4a9d-9a4a-c7df36fdc9e9,2024-02-08T15:23:36.000Z,2024-02-08T15:25:08.000Z,Rintu Mandal,08/02/2024 Wild pig Sighting,10.357308,76.877314,11,1145523,705551,43P,2024-02-08,08/02/2024,20:53,Wild pig,4,Sighting,Human settlement/habitation,NA,NA
1444f876-4358-4309-91b1-8f04966f4b44,2024-02-06T20:13:17.000Z,2024-02-06T20:14:34.000Z,Divya Mudappa,07/02/2024 Leopard Sign-vocalisation,10.330231,76.959979,5,1142582,714623,43P,2024-02-07,07/02/2024,01:30,Leopard,1,Sign-vocalisation,Tea Plantation,NA,Close to coop colony
cdf6e8d5-f7fa-4b75-81ae-89bcdc9150b3,2024-02-05T07:34:45.000Z,2024-02-07T03:53:36.000Z,Srinivasan Kasinathan,05/02/2024 Elephant Sighting,10.345121,76.972899,5,1144238,716029,43P,2024-02-05,05/02/2024,13:04,Elephant,1,Sighting,Rainforest fragment,NA,NA
6ff2c423-14d0-411f-9309-3dd85fe0b95a,2024-02-05T07:22:19.000Z,2024-02-05T16:08:06.000Z,Divya Mudappa,05/02/2024 Malabar Giant Squirrel Sighting,10.342708,76.904674,5,1143926,708557,43P,2024-02-05,05/02/2024,12:50,Malabar Giant Squirrel,1,Sighting,Rainforest,NA,Feeeding on spathodea pod/seeds
519c85b5-ecb2-45d1-b584-f99fdbe1cefc,2024-02-05T07:00:56.000Z,2024-02-05T16:08:04.000Z,Divya Mudappa,05/02/2024 Nilgiri Langur Sighting,10.344751,76.903855,5,1144151,708466,43P,2024-02-05,05/02/2024,12:30,Nilgiri Langur,9,Sighting,Rainforest,NA,On semecarpus
bc7de245-df7c-47e9-8019-9b74235451e3,2024-02-05T06:29:49.000Z,2024-02-08T01:33:21.000Z,T R Shankar Raman,05/02/2024 Barking Deer Sign-vocalisation,10.349215,76.904439,5,1144646,708527,43P,2024-02-05,05/02/2024,11:59,Barking Deer,1,Sign-vocalisation,Rainforest,NA,NA
3e604282-0bc8-48b0-ac3a-8da507e342ed,2024-02-05T06:13:46.000Z,2024-02-05T16:08:02.000Z,Divya Mudappa,05/02/2024 Dusky-striped Squirrel Sighting,10.34924,76.90434,8,1144648,708516,43P,2024-02-05,05/02/2024,11:42,Dusky-striped Squirrel,1,Sighting,Rainforest,NA,Near hornbill nest
b94fbe2d-4344-4f0c-be7b-15d03fa55e5f,2024-02-05T05:32:02.000Z,2024-02-08T01:33:19.000Z,T R Shankar Raman,05/02/2024 Nilgiri Langur Sighting,10.346008,76.919151,4,1144300,710141,43P,2024-02-05,05/02/2024,11:00,Nilgiri Langur,1,Sighting,Rainforest fragment,NA,NA
a778380b-aa95-4af1-9533-719e350fa71c,2024-02-04T02:22:49.000Z,2024-02-04T02:23:11.000Z,Divya Mudappa,04/02/2024 Jungle-striped Squirrel Sighting,10.330231,76.959979,5,1142582,714623,43P,2024-02-04,04/02/2024,07:52,Jungle-striped Squirrel,1,Sighting,Human settlement/habitation,NA,NA
932c0e2b-7b22-48d5-bcb5-d28512d75a53,2024-02-03T12:06:46.000Z,2024-02-04T02:20:03.000Z,T R Shankar Raman,03/02/2024 Bonnet Macaque Sighting,10.357337,76.93462,10,1145564,711827,43P,2024-02-03,03/02/2024,17:36,Bonnet Macaque,25,Sighting,Coffee plantation,NA,NA
dc91a7d4-2d3e-4ead-84e7-578f4964a31d,2024-02-03T11:37:05.000Z,2024-02-04T02:20:01.000Z,T R Shankar Raman,03/02/2024 Nilgiri Langur Sighting,10.34926,76.934658,9,1144671,711837,43P,2024-02-03,03/02/2024,17:06,Nilgiri Langur,3,Sighting,Coffee plantation,NA,Partial count
87a77b28-5bcd-40b3-93c4-4c92d3d4981a,2024-02-03T11:34:01.000Z,2024-02-04T02:19:59.000Z,T R Shankar Raman,03/02/2024 Malabar Giant Squirrel Sighting,10.349034,76.934468,8,1144645,711816,43P,2024-02-03,03/02/2024,17:03,Malabar Giant Squirrel,1,Sighting,Coffee plantation,NA,NA
be7eaaec-e4ee-41e5-8db5-108fc9589da0,2024-02-03T11:31:10.000Z,2024-02-04T02:19:57.000Z,T R Shankar Raman,03/02/2024 Barking Deer Sighting,10.34888,76.934484,8,1144628,711818,43P,2024-02-03,03/02/2024,17:00,Barking Deer,1,Sighting,Rainforest fragment,NA,NA
8c3551b2-2409-4984-b4be-8f92aa547193,2024-02-03T11:28:42.000Z,2024-02-04T02:20:14.000Z,Divya Mudappa,03/02/2024 Bonnet Macaque Sighting,10.35217,76.940842,6,1144997,712512,43P,2024-02-03,03/02/2024,16:57,Bonnet Macaque,20,Sighting,Human settlement/habitation,NA,Close to Tata coffee
915e1e39-8ee0-4afc-aa2a-26b9c9be62c8,2024-01-29T04:58:10.000Z,2024-01-29T05:19:39.000Z,Divya Mudappa,29/01/2024 Bonnet Macaque Sighting,10.330161,76.959907,5,1142575,714616,43P,2024-01-29,29/01/2024,10:27,Bonnet Macaque,2,Sighting,Human settlement/habitation,NA,One young one and one adult with large ltm troop.
b2dd5b7f-8c33-4389-a47f-483370fd697c,2024-01-29T04:57:27.000Z,2024-01-29T04:59:46.000Z,Divya Mudappa,29/01/2024 Lion-tailed Macaque Sighting,10.330193,76.959883,5,1142578,714613,43P,2024-01-29,29/01/2024,10:25,Lion-tailed Macaque,30,Sighting,Human settlement/habitation,b2dd5b7f-8c33-4389-a47f-483370fd697c_1706504229.jpg,One young bonnet with the troop. Partial count.
6559c89b-9ee7-45f0-ab05-29aeb59ce611,2024-01-26T12:11:52.000Z,2024-05-09T14:18:41.000Z,M. Ananda Kumar,26/01/2024 Elephant Sighting,10.345145,76.972864,4,1144241,716025,43P,2024-01-26,26/01/2024,17:39,Elephant,2,Sighting,Tea Plantation,NA,Sighted in the tea plantationsnext to Puthuthottam. GPS locationshkuld adjusted to the lseampy locationbelow Puthuthottam temple region.
ca1cdfcf-3546-4e53-acb0-583cdeda9fee,2024-01-25T13:48:31.000Z,2024-01-25T15:18:15.000Z,M. Ananda Kumar,25/01/2024 Large Brown Flying Squirrel Sighting,10.362668,76.938681,4,1146156,712269,43P,2024-01-25,25/01/2024,19:17,Large Brown Flying Squirrel,1,Sighting,Coffee plantation,NA,NA
b4c213be-6c28-46b3-b350-4f04cecd5523,2024-01-25T13:14:37.000Z,2024-01-29T04:59:44.000Z,Divya Mudappa,25/01/2024 Gaur Sighting,10.365247,76.948562,5,1146448,713349,43P,2024-01-25,25/01/2024,18:42,Gaur,30,Sighting,Tea Plantation,NA,Velonie tea
9bca9ff0-9304-4d57-b4fb-3c2eea234c42,2024-01-25T12:19:25.000Z,2024-01-25T15:18:13.000Z,M. Ananda Kumar,25/01/2024 Nilgiri Langur Sighting,10.349341,76.934813,4,1144680,711854,43P,2024-01-25,25/01/2024,17:47,Nilgiri Langur,4,Sighting,Coffee plantation,NA,There are morethan four. One male and three females were sighted.
74cb2a37-5c70-49ee-9780-effe273996a6,2024-01-25T11:56:24.000Z,2024-01-29T04:59:42.000Z,Divya Mudappa,25/01/2024 Nilgiri Langur Sighting,10.351469,76.937117,5,1144917,712105,43P,2024-01-25,25/01/2024,17:25,Nilgiri Langur,2,Sighting,Rainforest fragment,NA,Seen two troops. Other entered by Anand
c09a4869-9e49-4aaf-b00e-2b642c004a4f,2024-01-25T11:55:18.000Z,2024-01-29T04:59:40.000Z,Divya Mudappa,25/01/2024 Malabar Giant Squirrel Sighting,10.351565,76.937143,6,1144927,712108,43P,2024-01-25,25/01/2024,17:24,Malabar Giant Squirrel,1,Sighting,Rainforest fragment,NA,1 seen one heard earlier
9dd5d175-fb21-433f-81c4-bc99ce0f7c7e,2024-01-25T11:22:57.000Z,2024-01-29T04:59:38.000Z,Divya Mudappa,25/01/2024 Bonnet Macaque Sighting,10.353136,76.940594,7,1145103,712484,43P,2024-01-25,25/01/2024,16:51,Bonnet Macaque,10,Sighting,Human settlement/habitation,NA,Partial count
2c98d9ae-c9cd-4e18-a1cf-fb6ab1c0a7bd,2024-01-24T13:50:38.000Z,2024-01-29T13:07:49.000Z,T R Shankar Raman,24/01/2024 Stripe-necked Mongoose Sighting,10.369389,76.991128,3300,1146935,718009,43P,2024-01-24,24/01/2024,19:20,Stripe-necked Mongoose,1,Sighting,Tea Plantation,NA,NA
c5e65f85-5590-4061-8071-156ca53e56cb,2024-01-24T13:34:42.000Z,2024-02-07T03:53:33.000Z,Srinivasan Kasinathan,24/01/2024 Brown Palm Civet Sighting,10.346187,76.985906,4,1144365,717453,43P,2024-01-24,24/01/2024,19:04,Brown Palm Civet,1,Sighting,Human settlement/habitation,NA,NA
0a1f5ee4-a5e0-4a17-a5bd-28ed22285c4d,2024-01-24T11:51:20.000Z,2024-02-07T03:53:31.000Z,Srinivasan Kasinathan,24/01/2024 Lion-tailed Macaque Sighting,10.347698,76.972781,7,1144523,716014,43P,2024-01-24,24/01/2024,17:19,Lion-tailed Macaque,8,Sighting,Rainforest fragment,NA,NA
79905659-05d4-4eec-bdb5-c3ea28243870,2024-01-24T02:47:43.000Z,2024-01-24T07:57:28.000Z,T R Shankar Raman,24/01/2024 Jungle-striped Squirrel Sighting,10.34509,76.976901,12,1144238,716467,43P,2024-01-24,24/01/2024,08:17,Jungle-striped Squirrel,1,Sighting,Tea Plantation,NA,NA
9d8bcf31-5674-4cdb-b5c9-704e01ae3470,2024-01-24T02:46:00.000Z,2024-01-24T07:57:31.000Z,T R Shankar Raman,24/01/2024 Stripe-necked Mongoose Sighting,10.344721,76.974332,4,1144195,716186,43P,2024-01-24,24/01/2024,08:15,Stripe-necked Mongoose,2,Sighting,Tea Plantation,NA,NA
64038399-85c4-4f88-8b9d-534780d94eb6,2024-01-23T04:38:53.000Z,2024-01-23T04:43:23.000Z,Srinivasan Kasinathan,22/01/2024 Lion-tailed Macaque Sighting,NA,NA,NA,NA,NA,NA,2024-01-22,22/01/2024,04:30,Lion-tailed Macaque,2,Sighting,Rainforest fragment,NA,NA
bfdc076c-99b0-4fba-b1f7-687791aaaa8e,2024-01-23T04:37:51.000Z,2024-01-23T04:43:20.000Z,Srinivasan Kasinathan,23/01/2024 Gaur Sighting,10.347364,76.97282,8,1144486,716018,43P,2024-01-23,23/01/2024,10:07,Gaur,27,Sighting,Tea Plantation,NA,NA
a6e90b8b-b46f-4268-b3f7-d3b407121a90,2024-01-23T02:45:33.000Z,2024-01-24T07:57:26.000Z,T R Shankar Raman,23/01/2024 Gaur Sighting,10.353117,76.977509,8,1145126,716528,43P,2024-01-23,23/01/2024,08:14,Gaur,34,Sighting,Tea Plantation,NA,Partial count
5b276e78-f142-465f-a7a6-f717a684c674,2024-01-22T18:29:35.000Z,2024-01-22T18:29:41.000Z,T R Shankar Raman,22/01/2024 Gaur Sighting,10.353381,76.972339,4,1145152,715962,43P,2024-01-22,22/01/2024,23:04,Gaur,7,Sighting,Tea Plantation,NA,"At least7, including 1 calf"
2a20fc9b-98e5-4194-9027-777b96c2d637,2024-01-22T18:26:38.000Z,2024-01-22T18:27:03.000Z,T R Shankar Raman,22/01/2024 Leopard Sighting,10.333057,76.962362,4,1142897,714883,43P,2024-01-22,22/01/2024,23:15,Leopard,1,Sighting,Tea Plantation,NA,NA
c12a5efb-f5f7-4d66-bfcc-eb72735989d2,2024-01-22T18:24:32.000Z,2024-01-22T18:27:00.000Z,T R Shankar Raman,22/01/2024 Black-Naped Hare Sighting,10.348819,76.980179,4,1144652,716823,43P,2024-01-22,22/01/2024,23:00,Black-Naped Hare,1,Sighting,Tea Plantation,NA,NA
792f1d8c-b92f-4795-a27a-29ecc10a9196,2024-01-22T17:20:38.000Z,2024-01-29T04:59:36.000Z,Divya Mudappa,22/01/2024 Large Brown Flying Squirrel Sign-vocalisation,10.35372,76.972636,5,1145189,715994,43P,2024-01-22,22/01/2024,22:49,Large Brown Flying Squirrel,1,Sign-vocalisation,Other,NA,Call heard from the puthuthottam fragment
9cc0735c-8bd6-4437-8589-f23872810d3f,2024-01-21T08:04:57.000Z,2024-01-22T18:26:58.000Z,T R Shankar Raman,21/01/2024 Black-Naped Hare Sighting,10.330198,76.959927,20,1142579,714618,43P,2024-01-21,21/01/2024,13:32,Black-Naped Hare,1,Sighting,Tea Plantation,NA,NA
a3a9daa6-e99a-4446-8171-11e7334dbc8f,2024-01-21T04:02:04.000Z,2024-01-21T04:50:18.000Z,T R Shankar Raman,19/01/2024 Brown Mongoose Sighting,10.330331,76.960329,4,1142594,714662,43P,2024-01-19,19/01/2024,07:30,Brown Mongoose,3,Sighting,Human settlement/habitation,NA,Femalewith grown pups
40c56730-4a94-4545-b114-de614e846029,2024-01-13T16:55:04.000Z,2024-01-21T04:50:00.000Z,T R Shankar Raman,13/01/2024 Leopard Cat Sighting,10.365247,76.982569,12,1146471,717074,43P,2024-01-13,13/01/2024,22:24,Leopard Cat,1,Sighting,Tea Plantation,40c56730-4a94-4545-b114-de614e846029_1705166168.jpg,In tea
15d420bf-f6a6-4d18-bcb2-a0325a015908,2024-01-06T04:06:56.000Z,2024-01-21T04:49:53.000Z,T R Shankar Raman,06/01/2024 Jungle-striped Squirrel Sighting,10.33024,76.959953,3,1142583,714621,43P,2024-01-06,06/01/2024,09:35,Jungle-striped Squirrel,1,Sighting,Human settlement/habitation,NA,NA
5e3590e7-f87c-4415-8948-7bccf5431d85,2023-11-02T12:04:43.000Z,2024-01-21T04:49:41.000Z,T R Shankar Raman,01/11/2023 Jungle-striped Squirrel Sighting,10.330203,76.959923,8,1142579,714617,43P,2023-11-01,01/11/2023,17:15,Jungle-striped Squirrel,1,Sighting,Human settlement/habitation,NA,NA
