DateTime,Treatment,Site_ID,Species_name,Height,GBH1,GBH2,GBH3,GBH4,GBH5,GBH6,GBH7,GBH8,GBH9,GBH10,GBH11,GBH12,Remarks,Accept_name_WFO,Habit,Distribution,IUCN_status,wden_sps,Wden_final,seed_size,disperser,habt_new,ad_ht,DBH,Basal,Carbon
2016-10-05T00:00:00Z,Fragment,IPTO_04U,Ficus hispida,5,16,30,0,0,0,0,0,0,0,0,0,0,NONE,Ficus hispida,Tree,Native,LC,0.413,0.413,S,Mammal,Secondary,10,10.8225361302489,0.00919915571071155,0.00670633418975445
2016-10-05T00:00:00Z,Fragment,IPTO_04U,Acronychia pedunculata,6,20,79,20,0,0,0,0,0,0,0,0,0,NONE,Acronychia pedunculata,Tree,Native,LC,0.4795,0.4795,S,Mammal_bird,Secondary,10,26.7095947933641,0.0560304977155018,0.054062085609866
2016-10-05T00:00:00Z,Fragment,IPTO_04U,Acronychia pedunculata,5.5,28,25,0,0,0,0,0,0,0,0,0,0,NONE,Acronychia pedunculata,Tree,Native,LC,0.4795,0.4795,S,Mammal_bird,Secondary,10,11.9482863939585,0.011212465740824,0.0103289736548755
2016-10-05T00:00:00Z,Fragment,IPTO_04U,Acronychia pedunculata,6,27,17,0,0,0,0,0,0,0,0,0,0,NONE,Acronychia pedunculata,Tree,Native,LC,0.4795,0.4795,S,Mammal_bird,Secondary,10,10.1560309643039,0.00810098660337747,0.00818772989324988
2016-10-05T00:00:00Z,Fragment,IPTO_04U,Macaranga peltata,6,39,0,0,0,0,0,0,0,0,0,0,0,NONE,Macaranga peltata,Tree,Endemic,NA,0.466512198,0.466512198,S,Bird,Secondary,12,12.4140855611678,0.0121037334221386,0.0117956097477275
2016-10-05T00:00:00Z,Fragment,IPTO_04U,Macaranga peltata,9,36,0,0,0,0,0,0,0,0,0,0,0,NONE,Macaranga peltata,Tree,Endemic,NA,0.466512198,0.466512198,S,Bird,Secondary,12,11.4591559026165,0.0103132403123548,0.014987521982868
2016-10-05T00:00:00Z,Fragment,IPTO_04U,Ficus hispida,6,38,0,0,0,0,0,0,0,0,0,0,0,NONE,Ficus hispida,Tree,Native,LC,0.413,0.413,S,Mammal,Secondary,10,12.095775674984,0.0114909868912348,0.00995535662327957
2016-10-05T00:00:00Z,Fragment,IPTO_05U,Cinnamomum malabatrum,5.5,25,30,0,0,0,0,0,0,0,0,0,0,NONE,Cinnamomum malabathrum,Tree,Endemic,LC,NA,0.475,S,Bird,Secondary,15,12.4303984270242,0.012135564410757,0.0110559148709811
2016-10-05T00:00:00Z,Fragment,IPTO_05U,Cinnamomum malabatrum,4,30,0,0,0,0,0,0,0,0,0,0,0,NONE,Cinnamomum malabathrum,Tree,Endemic,LC,NA,0.475,S,Bird,Secondary,15,9.54929658551372,0.00716197243913529,0.00484262204136209
2016-10-05T00:00:00Z,Fragment,IPTO_05U,Clerodendrum infortunatum,4.5,32,0,0,0,0,0,0,0,0,0,0,0,NONE,Clerodendrum infortunatum,Tree,Native,LC,0.484259167,0.484259167,S,Bird,Secondary,4,10.1859163578813,0.00814873308630504,0.00627914517308296
2016-10-05T00:00:00Z,Fragment,IPTO_05U,Mallotus tetracoccus,6.5,30,0,0,0,0,0,0,0,0,0,0,0,NONE,Mallotus tetracoccus,Tree,Native,NA,0.484597734,0.484597734,S,Bird,Secondary,12,9.54929658551372,0.00716197243913529,0.0079314523944364
2016-10-05T00:00:00Z,Fragment,IPTO_05U,Macaranga peltata,6.5,37,0,0,0,0,0,0,0,0,0,0,0,NONE,Macaranga peltata,Tree,Endemic,NA,0.466512198,0.466512198,S,Bird,Secondary,12,11.7774657888003,0.0108941558546402,0.011508530257138
2016-10-05T00:00:00Z,Fragment,IPTO_05U,Neolitsea zeylanica,5.5,24,27,0,0,0,0,0,0,0,0,0,0,NONE,Neolitsea zeylanica,Tree,Native,LC,NA,0.535334221,S,Bird,Mature,20,11.4988757995402,0.0103848600367462,0.0106719607966749
2016-10-05T00:00:00Z,Fragment,IPTO_05U,Mesua ferrea,6,23,19,16,0,0,0,0,0,0,0,0,0,NONE,Mesua ferrea,Tree,Native,NA,0.9,0.9,L,Gravity,Mature,35,10.775624179328,0.0091195782391656,0.0169924838978885
2016-10-05T00:00:00Z,Fragment,IPTO_05U,Mallotus tetracoccus,7.5,55,0,0,0,0,0,0,0,0,0,0,0,NONE,Mallotus tetracoccus,Tree,Native,NA,0.484597734,0.484597734,S,Bird,Secondary,12,17.5070437401085,0.0240721851426492,0.0297753146484158
2016-10-05T00:00:00Z,Fragment,IPTO_05U,Cinnamomum malabatrum,4,37,0,0,0,0,0,0,0,0,0,0,0,NONE,Cinnamomum malabathrum,Tree,Endemic,LC,NA,0.475,S,Bird,Secondary,15,11.7774657888003,0.0108941558546402,0.00729238603252301
2016-10-05T00:00:00Z,Fragment,IPTO_05U,Mallotus tetracoccus,6.5,40,0,0,0,0,0,0,0,0,0,0,0,NONE,Mallotus tetracoccus,Tree,Native,NA,0.484597734,0.484597734,S,Bird,Secondary,12,12.7323954473516,0.0127323954473516,0.0139069897879467
2016-10-05T00:00:00Z,Fragment,IPTO_05U,Trema orientale,6.5,31,0,0,0,0,0,0,0,0,0,0,0,NONE,Trema orientalis,Tree,Native,LC,NA,0.34,S,Mammal_bird,Secondary,5,9.86760647169751,0.00764739501556557,0.00598330657747175
2016-10-05T00:00:00Z,Fragment,IPTO_05U,Macaranga peltata,5,30,0,0,0,0,0,0,0,0,0,0,0,NONE,Macaranga peltata,Tree,Endemic,NA,0.466512198,0.466512198,S,Bird,Secondary,12,9.54929658551372,0.00716197243913529,0.00591591704905955
2016-10-05T00:00:00Z,Fragment,IPTO_05U,Persea macrantha,6,33,0,0,0,0,0,0,0,0,0,0,0,NONE,Machilus glaucescens,Tree,Endemic,NA,0.427,0.427,S,Bird,Secondary,30,10.5042262440651,0.0086659866513537,0.00780888105504304
2016-10-05T00:00:00Z,Fragment,IPTO_05U,Mallotus tetracoccus,8.5,70,0,0,0,0,0,0,0,0,0,0,0,NONE,Mallotus tetracoccus,Tree,Native,NA,0.484597734,0.484597734,S,Bird,Secondary,12,22.2816920328653,0.0389929610575144,0.0538707277056453
2016-10-05T00:00:00Z,Fragment,IPTO_05U,Ficus hispida,5.5,31,27,0,0,0,0,0,0,0,0,0,0,NONE,Ficus hispida,Tree,Native,LC,0.413,0.413,S,Mammal,Secondary,10,13.0855951471666,0.0134485926912652,0.0106624014404628
2016-10-05T00:00:00Z,Fragment,IPTO_05U,Cinnamomum malabatrum,5,37,0,0,0,0,0,0,0,0,0,0,0,NONE,Cinnamomum malabathrum,Tree,Endemic,LC,NA,0.475,S,Bird,Secondary,15,11.7774657888003,0.0108941558546402,0.00906679555974315
2016-10-10T00:00:00Z,Fragment,SEL1_07U,Spathodea campanulata,18,83,56,44,245,0,0,0,0,0,0,0,0,NONE,Spathodea campanulata,Tree,Introduced,LC,0.475,0.475,S,Wind,Int,15,85.4032009100205,0.572846386670659,1.51338486959491
2016-10-10T00:00:00Z,Fragment,SEL1_07U,Vernonia arborea,7,31,0,0,0,0,0,0,0,0,0,0,0,NONE,Strobocalyx arborea,Tree,Native,LC,0.33,0.33,S,Wind,Secondary,15,9.86760647169751,0.00764739501556557,0.00624740541097592
2016-10-10T00:00:00Z,Fragment,SEL1_07U,Eucalyptus sp.,37,262,0,0,0,0,0,0,0,0,0,0,0,NONE,Eucalyptus sp.,Tree,Introduced,NA,NA,0.544,S,Wind,Int,45,83.3971901801532,0.546251595680003,3.33203765065654
2016-10-10T00:00:00Z,Fragment,SEL1_07U,Actinodaphne malabarica,6.5,34,0,0,0,0,0,0,0,0,0,0,0,NONE,Actinodaphne wightiana,Tree,Endemic,LC,0.619460212,0.619460212,S,Bird,Secondary,12,10.8225361302489,0.00919915571071155,0.0128686132124022
2016-10-10T00:00:00Z,Fragment,SEL1_07U,Eucalyptus sp.,32,190,0,0,0,0,0,0,0,0,0,0,0,NONE,Eucalyptus sp.,Tree,Introduced,NA,NA,0.544,S,Wind,Int,45,60.4788783749202,0.287274672280871,1.54445160614964
2016-10-10T00:00:00Z,Fragment,SEL1_07U,Eucalyptus sp.,38,275,0,0,0,0,0,0,0,0,0,0,0,NONE,Eucalyptus sp.,Tree,Introduced,NA,NA,0.544,S,Wind,Int,45,87.5352187005425,0.601804628566229,3.75895481645718
2016-10-10T00:00:00Z,Fragment,SEL1_07U,Eucalyptus sp.,39,195,0,0,0,0,0,0,0,0,0,0,0,NONE,Eucalyptus sp.,Tree,Introduced,NA,NA,0.544,S,Wind,Int,45,62.0704278058392,0.302593335553466,1.97082251282625
2016-10-12T00:00:00Z,Fragment,HP40_05U,Cinnamomum malabatrum,5,50,0,0,0,0,0,0,0,0,0,0,0,NONE,Cinnamomum malabathrum,Tree,Endemic,LC,NA,0.475,S,Bird,Secondary,15,15.9154943091895,0.0198943678864869,0.0163197501795821
2016-10-12T00:00:00Z,Fragment,HP40_05U,Olea dioica,6,35,0,0,0,0,0,0,0,0,0,0,0,NONE,Olea dioica,Tree,Native,NA,0.697202827,0.697202827,S,Mammal,Secondary,15,11.1408460164327,0.00974824026437859,0.0141348542174538
2016-10-12T00:00:00Z,Fragment,HP40_05U,Macaranga peltata,8,74,0,0,0,0,0,0,0,0,0,0,0,NONE,Macaranga peltata,Tree,Endemic,NA,0.466512198,0.466512198,S,Bird,Secondary,12,23.5549315776005,0.0435766234185609,0.0545309177164851
2016-10-12T00:00:00Z,Fragment,HP40_05U,Mallotus tetracoccus,10,130,0,0,0,0,0,0,0,0,0,0,0,NONE,Mallotus tetracoccus,Tree,Native,NA,0.484597734,0.484597734,S,Bird,Secondary,12,41.3802852038928,0.134485926912652,0.211361567108536
2016-10-12T00:00:00Z,Fragment,HP40_05U,Acronychia pedunculata,6,66,39,0,0,0,0,0,0,0,0,0,0,NONE,Acronychia pedunculata,Tree,Native,LC,0.4795,0.4795,S,Mammal_bird,Secondary,10,24.4021432719755,0.0467676800275534,0.0453208065330621
2016-10-12T00:00:00Z,Fragment,HP40_05U,Mallotus tetracoccus,7.5,31,0,0,0,0,0,0,0,0,0,0,0,NONE,Mallotus tetracoccus,Tree,Native,NA,0.484597734,0.484597734,S,Bird,Secondary,12,9.86760647169751,0.00764739501556557,0.00972313724574456
2016-10-12T00:00:00Z,Fragment,HP40_05U,Ficus microcarpa,7,38,20,0,0,0,0,0,0,0,0,0,0,NONE,Ficus microcarpa,Tree,Native,LC,0.610367064,0.610367064,S,Mammal_bird,Secondary,18,13.6688061891473,0.0146740857530728,0.0215085739451424
2016-10-12T00:00:00Z,Fragment,HP40_08U,Villebrunea integrifolia,8,95,32,38,41,16,0,0,0,0,0,0,0,NONE,Oreocnide integrifolia,Tree,Native,NA,NA,0.55,S,Bird,Secondary,8,36.8882568891049,0.106872544286208,0.153705133078399
2016-10-12T00:00:00Z,Fragment,HP40_08U,Clerodendrum infortunatum,7,39,0,0,0,0,0,0,0,0,0,0,0,NONE,Clerodendrum infortunatum,Tree,Native,LC,0.484259167,0.484259167,S,Bird,Secondary,4,12.4140855611678,0.0121037334221386,0.0142195598282557
2016-10-12T00:00:00Z,Fragment,HP40_08U,Persea macrantha,14,134,0,0,0,0,0,0,0,0,0,0,0,NONE,Machilus glaucescens,Tree,Endemic,NA,0.427,0.427,S,Bird,Secondary,30,42.653524748628,0.142889307907904,0.275234902522982
2016-10-12T00:00:00Z,Fragment,HP40_08U,Clerodendrum infortunatum,8.5,82,0,0,0,0,0,0,0,0,0,0,0,NONE,Clerodendrum infortunatum,Tree,Native,LC,0.484259167,0.484259167,S,Bird,Secondary,4,26.1014106670708,0.0535078918674952,0.073314497835296
2016-10-12T00:00:00Z,Fragment,HP40_08U,Clerodendrum infortunatum,8,80,0,0,0,0,0,0,0,0,0,0,0,NONE,Clerodendrum infortunatum,Tree,Native,LC,0.484259167,0.484259167,S,Bird,Secondary,4,25.4647908947033,0.0509295817894065,0.0658506149190073
2016-10-12T00:00:00Z,Fragment,HP40_08U,Dimocarpus longan,10,70,0,0,0,0,0,0,0,0,0,0,0,NONE,Dimocarpus longan,Tree,Native,DD,0.748685273,0.748685273,S,Mammal,Mature,25,22.2816920328653,0.0389929610575144,0.0965214532725454
2016-10-12T00:00:00Z,Fragment,HP40_08U,Ficus hispida,8,50,0,0,0,0,0,0,0,0,0,0,0,NONE,Ficus hispida,Tree,Native,LC,0.413,0.413,S,Mammal,Secondary,10,15.9154943091895,0.0198943678864869,0.0225241752044888
2016-10-12T00:00:00Z,Fragment,HP40_08U,Clerodendrum infortunatum,8,49,0,0,0,0,0,0,0,0,0,0,0,NONE,Clerodendrum infortunatum,Tree,Native,LC,0.484259167,0.484259167,S,Bird,Secondary,4,15.5971844230057,0.019106550918182,0.0252924516472129
2016-10-12T00:00:00Z,Fragment,HP40_08U,Acronychia pedunculata,5.5,51,0,0,0,0,0,0,0,0,0,0,0,NONE,Acronychia pedunculata,Tree,Native,LC,0.4795,0.4795,S,Mammal_bird,Secondary,10,16.2338041953733,0.020698100349101,0.0187887126371598
2016-10-13T00:00:00Z,Fragment,SEL2_07U,Eucalyptus sp.,31,149,0,0,0,0,0,0,0,0,0,0,0,NONE,Eucalyptus sp.,Tree,Introduced,NA,NA,0.544,S,Wind,Int,45,47.4281730413848,0.176669944579158,0.931642958585104
2016-10-13T00:00:00Z,Fragment,SEL2_07U,Eucalyptus sp.,19,55,0,0,0,0,0,0,0,0,0,0,0,NONE,Eucalyptus sp.,Tree,Introduced,NA,NA,0.544,S,Wind,Int,45,17.5070437401085,0.0240721851426492,0.0825795251366036
2016-10-13T00:00:00Z,Fragment,SEL2_07U,Eucalyptus sp.,28,79,0,0,0,0,0,0,0,0,0,0,0,NONE,Eucalyptus sp.,Tree,Introduced,NA,NA,0.544,S,Wind,Int,45,25.1464810085195,0.049664299991826,0.244464171123291
2016-10-13T00:00:00Z,Fragment,SEL2_07U,Eucalyptus sp.,40,126,0,0,0,0,0,0,0,0,0,0,0,NONE,Eucalyptus sp.,Tree,Introduced,NA,NA,0.544,S,Wind,Int,45,40.1070456591576,0.126337193826347,0.861300605189795
2016-10-13T00:00:00Z,Fragment,SEL2_07U,Eucalyptus sp.,15,47,0,0,0,0,0,0,0,0,0,0,0,NONE,Eucalyptus sp.,Tree,Introduced,NA,NA,0.544,S,Wind,Int,45,14.9605646506382,0.0175786634644998,0.0482415201267555
2016-10-13T00:00:00Z,Fragment,SEL2_07U,Eucalyptus sp.,36,83,0,0,0,0,0,0,0,0,0,0,0,NONE,Eucalyptus sp.,Tree,Introduced,NA,NA,0.544,S,Wind,Int,45,26.4197205532546,0.0548209201480034,0.34404287946383
2016-10-13T00:00:00Z,Fragment,SEL2_07U,Eucalyptus sp.,33,107,48.5,0,0,0,0,0,0,0,0,0,0,NONE,Eucalyptus sp.,Tree,Introduced,NA,NA,0.544,S,Wind,Int,45,37.3946384625365,0.109826857917351,0.622659878864387
2016-10-13T00:00:00Z,Fragment,SEL2_07U,Eucalyptus sp.,25,75,0,0,0,0,0,0,0,0,0,0,0,NONE,Eucalyptus sp.,Tree,Introduced,NA,NA,0.544,S,Wind,Int,45,23.8732414637843,0.0447623277445956,0.197756119449408
2016-10-13T00:00:00Z,Fragment,SEL2_07U,Eucalyptus sp.,9,36,0,0,0,0,0,0,0,0,0,0,0,NONE,Eucalyptus sp.,Tree,Introduced,NA,NA,0.544,S,Wind,Int,45,11.4591559026165,0.0103132403123548,0.0174126177976651
2016-10-13T00:00:00Z,Fragment,SEL2_07U,Eucalyptus sp.,25,57,0,0,0,0,0,0,0,0,0,0,0,NONE,Eucalyptus sp.,Tree,Introduced,NA,NA,0.544,S,Wind,Int,45,18.1436635124761,0.0258547205052784,0.11573855703166
2016-10-13T00:00:00Z,Fragment,SEL2_07U,Eucalyptus sp.,33,63,0,0,0,0,0,0,0,0,0,0,0,NONE,Eucalyptus sp.,Tree,Introduced,NA,NA,0.544,S,Wind,Int,45,20.0535228295788,0.0315842984565866,0.184502924585131
2016-10-13T00:00:00Z,Fragment,SEL2_07U,Eucalyptus sp.,15,57,0,0,0,0,0,0,0,0,0,0,0,NONE,Eucalyptus sp.,Tree,Introduced,NA,NA,0.544,S,Wind,Int,45,18.1436635124761,0.0258547205052784,0.0702997343459056
2016-10-15T00:00:00Z,Fragment,OLV2_08U,Cinnamomum malabatrum,12,87,0,0,0,0,0,0,0,0,0,0,0,Check with Page,Cinnamomum malabathrum,Tree,Endemic,LC,NA,0.475,S,Bird,Secondary,15,27.6929600979898,0.0602321882131278,0.113071150439214
2016-10-15T00:00:00Z,Fragment,OLV2_08U,Ficus nervosa,9,70,0,0,0,0,0,0,0,0,0,0,0,NONE,Ficus nervosa,Tree,Native,LC,0.28,0.28,S,Mammal_bird,Mature,35,22.2816920328653,0.0389929610575144,0.0333483747012748
2016-10-15T00:00:00Z,Fragment,OLV2_08U,Cinnamomum malabatrum,10,33,0,0,0,0,0,0,0,0,0,0,0,NONE,Cinnamomum malabathrum,Tree,Endemic,LC,NA,0.475,S,Bird,Secondary,15,10.5042262440651,0.0086659866513537,0.0142648938508641
2016-10-15T00:00:00Z,Fragment,OLV2_08U,Clerodendrum infortunatum,8.5,54,0,0,0,0,0,0,0,0,0,0,0,NONE,Clerodendrum infortunatum,Tree,Native,LC,0.484259167,0.484259167,S,Bird,Secondary,4,17.1887338539247,0.0232047907027983,0.032438281892663
2016-10-15T00:00:00Z,Fragment,OLV2_08U,Maesa indica,5,19,25,17,0,0,0,0,0,0,0,0,0,NONE,Maesa indica,Tree,Native,LC,NA,0.55,S,Mammal_bird,Secondary,4,11.3659363513958,0.0101461276221083,0.0097598472395883
2016-10-15T00:00:00Z,Fragment,OLV2_08U,Clerodendrum infortunatum,7.5,33,0,0,0,0,0,0,0,0,0,0,0,NONE,Clerodendrum infortunatum,Tree,Native,LC,0.484259167,0.484259167,S,Bird,Secondary,4,10.5042262440651,0.0086659866513537,0.0109776999607009
2016-10-15T00:00:00Z,Fragment,OLV2_08U,Clerodendrum infortunatum,6,39,0,0,0,0,0,0,0,0,0,0,0,NONE,Clerodendrum infortunatum,Tree,Native,LC,0.484259167,0.484259167,S,Bird,Secondary,4,12.4140855611678,0.0121037334221386,0.0122333692942455
2016-10-15T00:00:00Z,Fragment,OLV2_08U,Actinodaphne malabarica,9,42,35,14,0,0,0,0,0,0,0,0,0,NONE,Actinodaphne wightiana,Tree,Endemic,LC,0.619460212,0.619460212,S,Bird,Secondary,12,17.9640744237171,0.0253454246873843,0.0475397578087345
2016-10-15T00:00:00Z,Fragment,OLV2_08U,Clerodendrum infortunatum,6,32,0,0,0,0,0,0,0,0,0,0,0,NONE,Clerodendrum infortunatum,Tree,Native,LC,0.484259167,0.484259167,S,Bird,Secondary,4,10.1859163578813,0.00814873308630504,0.00831458793832827
2016-10-15T00:00:00Z,Fragment,OLV2_08U,Clerodendrum infortunatum,7,32,0,0,0,0,0,0,0,0,0,0,0,NONE,Clerodendrum infortunatum,Tree,Native,LC,0.484259167,0.484259167,S,Bird,Secondary,4,10.1859163578813,0.00814873308630504,0.00966453131533981
2016-10-15T00:00:00Z,Fragment,OLV1_10U,Eucalyptus sp.,35,161,0,0,0,0,0,0,0,0,0,0,0,NONE,Eucalyptus sp.,Tree,Introduced,NA,NA,0.544,S,Wind,Int,45,51.2478916755903,0.206272763994251,1.21998760436687
2016-10-15T00:00:00Z,Fragment,OLV1_10U,Clerodendrum infortunatum,8,43,0,0,0,0,0,0,0,0,0,0,0,NONE,Clerodendrum infortunatum,Tree,Native,LC,0.484259167,0.484259167,S,Bird,Secondary,4,13.687325105903,0.0147138744888457,0.0196001143670672
2016-10-24T00:00:00Z,Fragment,VAR2_10U,Montanoa sp.,5.5,10,12,10,12,11,10,16,10,0,0,0,0,NONE,Montanoa sp.,Shrub,Introduced,NA,NA,0.55,NA,Gravity,Int,6,10.3878323330274,0.00847500071964343,0.00898581675144713
2016-10-24T00:00:00Z,Fragment,VAR2_10U,Montanoa sp.,6,14,16,10,14,17,16,13,14,16,0,0,0,NONE,Montanoa sp.,Shrub,Introduced,NA,NA,0.55,NA,Gravity,Int,6,13.9258301544804,0.0152311280538944,0.0173348984967506
2016-10-24T00:00:00Z,Fragment,VAR2_10U,Montanoa sp.,5.5,14,14,10,11,15,14,12,14,12,11,0,0,NONE,Montanoa sp.,Shrub,Introduced,NA,NA,0.55,NA,Gravity,Int,6,12.8866372646161,0.0130427475863808,0.0136865314352804
2016-10-24T00:00:00Z,Fragment,VAR2_10U,Solanum sp.,5,14,31,0,0,0,0,0,0,0,0,0,0,NONE,Solanum sp.,Shrub,Native,NA,NA,0.35,S,Mammal_bird,Int,NA,10.8272161460915,0.00920711345786614,0.00571077256564286
2016-10-24T00:00:00Z,Fragment,VAR3_10U,Montanoa sp.,6,17,16,10,30,0,0,0,0,0,0,0,0,NONE,Montanoa sp.,Shrub,Introduced,NA,NA,0.55,NA,Gravity,Int,6,12.5116437260422,0.0122947193538489,0.0140650142378329
2016-10-24T00:00:00Z,Fragment,VAR3_10U,Montanoa sp.,6,16,12,14,13,16,0,0,0,0,0,0,0,NONE,Montanoa sp.,Shrub,Introduced,NA,NA,0.55,NA,Gravity,Int,6,10.1709846376261,0.00812485984484126,0.00938761132589647
2016-10-24T00:00:00Z,Fragment,VAR3_10U,Villebrunea integrifolia,7.5,43,62,0,0,0,0,0,0,0,0,0,0,NONE,Oreocnide integrifolia,Tree,Native,NA,NA,0.55,S,Bird,Secondary,8,24.01710845368,0.045303454551108,0.0624515388374759
2016-10-24T00:00:00Z,Fragment,VAR3_10U,Villebrunea integrifolia,7,57,0,0,0,0,0,0,0,0,0,0,0,NONE,Oreocnide integrifolia,Tree,Native,NA,NA,0.55,S,Bird,Secondary,8,18.1436635124761,0.0258547205052784,0.033771765182708
2016-10-24T00:00:00Z,Fragment,VAR3_10U,Villebrunea integrifolia,7,97,0,0,0,0,0,0,0,0,0,0,0,NONE,Oreocnide integrifolia,Tree,Native,NA,NA,0.55,S,Bird,Secondary,8,30.8760589598277,0.0748744429775822,0.0953376555433754
2016-10-24T00:00:00Z,Fragment,VAR3_10U,Villebrunea integrifolia,6.5,76,0,0,0,0,0,0,0,0,0,0,0,NONE,Oreocnide integrifolia,Tree,Native,NA,NA,0.55,S,Bird,Secondary,8,24.1915513499681,0.0459639475649394,0.0550835502687928
2016-10-24T00:00:00Z,Fragment,VAR3_10U,Villebrunea integrifolia,7,83,0,0,0,0,0,0,0,0,0,0,0,NONE,Oreocnide integrifolia,Tree,Native,NA,NA,0.55,S,Bird,Secondary,8,26.4197205532546,0.0548209201480034,0.0703277104477766
2016-10-24T00:00:00Z,Fragment,VAR3_10U,Villebrunea integrifolia,6.5,72,0,0,0,0,0,0,0,0,0,0,0,NONE,Oreocnide integrifolia,Tree,Native,NA,NA,0.55,S,Bird,Secondary,8,22.9183118052329,0.0412529612494193,0.049566336933062
2016-10-24T00:00:00Z,Fragment,VAR3_10U,Villebrunea integrifolia,7,55,0,0,0,0,0,0,0,0,0,0,0,NONE,Oreocnide integrifolia,Tree,Native,NA,NA,0.55,S,Bird,Secondary,8,17.5070437401085,0.0240721851426492,0.0314973497233959
2016-10-24T00:00:00Z,Fragment,VAR4_10U,Rauwolfia densiflora,6,25,23,17,0,0,0,0,0,0,0,0,0,NONE,Rauvolfia verticillata,Shrub,Native,NA,NA,0.53,S,Bird,Secondary,4,12.0915866616376,0.0114830291440802,0.012690805230393
2016-10-24T00:00:00Z,Fragment,VAR4_10U,Litsea oleoides,9.5,51,0,0,0,0,0,0,0,0,0,0,0,NONE,Litsea oleoides,Tree,Endemic,NA,NA,0.42,M,Bird,Mature,12,16.2338041953733,0.020698100349101,0.0281451067748602
2016-10-24T00:00:00Z,Fragment,VAR4_10U,Clerodendrum infortunatum,7.5,35,0,0,0,0,0,0,0,0,0,0,0,NONE,Clerodendrum infortunatum,Tree,Native,LC,0.484259167,0.484259167,S,Bird,Secondary,4,11.1408460164327,0.00974824026437859,0.0123138247526856
2016-10-24T00:00:00Z,Fragment,VAR4_10U,Cinnamomum malabatrum,8,31,0,0,0,0,0,0,0,0,0,0,0,NONE,Cinnamomum malabathrum,Tree,Endemic,LC,NA,0.475,S,Bird,Secondary,15,9.86760647169751,0.00764739501556557,0.0101550762182923
2016-10-24T00:00:00Z,Fragment,VAR4_10U,Bhesa indica,8.5,71,0,0,0,0,0,0,0,0,0,0,0,NONE,Bhesa indica,Tree,Native,NA,NA,0.655,L,Mammal,Mature,30,22.6000019190491,0.0401150034063122,0.0743185191855828
2016-10-24T00:00:00Z,Fragment,VAR4_10U,Dimocarpus longan,8.5,46,23,0,0,0,0,0,0,0,0,0,0,NONE,Dimocarpus longan,Tree,Native,DD,0.748685273,0.748685273,S,Mammal,Mature,25,16.3705384985951,0.0210482412239032,0.0451224642740484
2016-10-24T00:00:00Z,Fragment,VAR4_10U,Cinnamomum malabatrum,7.5,30,0,0,0,0,0,0,0,0,0,0,0,NONE,Cinnamomum malabathrum,Tree,Endemic,LC,NA,0.475,S,Bird,Secondary,15,9.54929658551372,0.00716197243913529,0.00894395933445024
2016-10-24T00:00:00Z,Fragment,VAR4_10U,Chrysophyllum lanceolatum,9.5,99,0,0,0,0,0,0,0,0,0,0,0,NONE,Chrysophyllum roxburghii,Tree,Native,LC,0.626319445,0.626319445,L,Mammal,Mature,30,31.5126787321953,0.0779938798621833,0.151735535952878
2016-10-24T00:00:00Z,Fragment,VAR4_10U,Actinodaphne malabarica,7,31,21,0,0,0,0,0,0,0,0,0,0,NONE,Actinodaphne wightiana,Tree,Endemic,LC,0.619460212,0.619460212,S,Bird,Secondary,12,11.9185695226633,0.0111567615107419,0.0167002592798492
2016-10-24T00:00:00Z,Fragment,VAR4_10U,Diospyros sylvatica,0,36,0,0,0,0,0,0,0,0,0,0,0,cut,Diospyros sylvatica,Tree,Endemic,NA,0.701678322,0.701678322,S,Mammal,Mature,35,11.4591559026165,0.0103132403123548,0
2016-10-24T00:00:00Z,Fragment,VAR4_10U,Clerodendrum infortunatum,6,42,0,0,0,0,0,0,0,0,0,0,0,NONE,Clerodendrum infortunatum,Tree,Native,LC,0.484259167,0.484259167,S,Bird,Secondary,4,13.3690152197192,0.0140374659807052,0.0141374339239396
2016-11-09T00:00:00Z,Fragment,IPCO_07U,Persea macrantha,12,105,0,0,0,0,0,0,0,0,0,0,0,NONE,Machilus glaucescens,Tree,Endemic,NA,0.427,0.427,S,Bird,Secondary,30,33.422538049298,0.0877341623794073,0.147101257258811
2016-11-09T00:00:00Z,Fragment,IPCO_07U,Gliricidia sepium,0,60,0,0,0,0,0,0,0,0,0,0,0,cut,Gliricidia sepium,Tree,Introduced,LC,0.74,0.74,S,Gravity,Int,12,19.0985931710274,0.0286478897565412,0
2016-11-09T00:00:00Z,Fragment,IPCO_07U,Erythrina sp.,15,175,0,0,0,0,0,0,0,0,0,0,0,NONE,Erythrina sp.,Tree,Native,NA,NA,0.23,M,Gravity,Secondary,NA,55.7042300821634,0.243706006609465,0.271017964082328
2016-11-09T00:00:00Z,Fragment,IPCO_08U,Persea macrantha,13,160,0,0,0,0,0,0,0,0,0,0,0,NONE,Machilus glaucescens,Tree,Endemic,NA,0.427,0.427,S,Bird,Secondary,30,50.9295817894065,0.203718327157626,0.361930259899978
2016-11-09T00:00:00Z,Fragment,IPCO_08U,Ficus hispida,9.5,44,0,0,0,0,0,0,0,0,0,0,0,NONE,Ficus hispida,Tree,Native,LC,0.413,0.413,S,Mammal,Secondary,10,14.0056349920868,0.0154061984912955,0.0207549401011412
2016-11-09T00:00:00Z,Fragment,IPCO_08U,Artocarpus heterophyllus,10,128,0,0,0,0,0,0,0,0,0,0,0,NONE,Artocarpus heterophyllus,Tree,Native,NA,0.484,0.484,L,Mammal,Mature,20,40.7436654315252,0.130379729380881,0.204813842008728
2016-11-09T00:00:00Z,Fragment,IPCO_08U,Persea macrantha,12.5,123,0,0,0,0,0,0,0,0,0,0,0,NONE,Machilus glaucescens,Tree,Endemic,NA,0.427,0.427,S,Bird,Secondary,30,39.1521160006063,0.120392756701864,0.20847449328041
2016-11-09T00:00:00Z,Fragment,IPCO_08U,Vernonia arborea,8.5,44,0,0,0,0,0,0,0,0,0,0,0,NONE,Strobocalyx arborea,Tree,Native,LC,0.33,0.33,S,Wind,Secondary,15,14.0056349920868,0.0154061984912955,0.0149581702512903
2016-11-12T00:00:00Z,Fragment,IPTO_06U,Eucalyptus sp.,18.5,92,0,0,0,0,0,0,0,0,0,0,0,NONE,Eucalyptus sp.,Tree,Introduced,NA,NA,0.544,S,Wind,Int,45,29.2845095289087,0.0673543719164901,0.219631355877831
2016-11-12T00:00:00Z,Fragment,IPTO_06U,Eucalyptus sp.,17.5,75,0,0,0,0,0,0,0,0,0,0,0,NONE,Eucalyptus sp.,Tree,Introduced,NA,NA,0.544,S,Wind,Int,45,23.8732414637843,0.0447623277445956,0.139619352126322
2016-11-12T00:00:00Z,Fragment,IPTO_06U,Ficus hispida,5.5,21,29,0,0,0,0,0,0,0,0,0,0,NONE,Ficus hispida,Tree,Native,LC,0.413,0.413,S,Mammal,Secondary,10,11.397094253777,0.0102018318521905,0.0081420978737862
2016-11-12T00:00:00Z,Fragment,IPTO_06U,Erythrina sp.,7.5,52,0,0,0,0,0,0,0,0,0,0,0,NONE,Erythrina sp.,Tree,Native,NA,NA,0.23,M,Gravity,Secondary,NA,16.5521140815571,0.0215177483060242,0.0128949914483205
2016-11-12T00:00:00Z,Fragment,IPTO_06U,Mallotus tetracoccus,7.5,47,0,0,0,0,0,0,0,0,0,0,0,NONE,Mallotus tetracoccus,Tree,Native,NA,0.484597734,0.484597734,S,Bird,Secondary,12,14.9605646506382,0.0175786634644998,0.021908034105642
2016-11-12T00:00:00Z,Fragment,IPTO_06U,Syzygium gardneri,5.5,37,0,0,0,0,0,0,0,0,0,0,0,NONE,Syzygium gardneri,Tree,Endemic,NA,0.789375,0.789375,S,Mammal_bird,Mature,60,11.7774657888003,0.0108941558546402,0.0163361114654836
2016-11-12T00:00:00Z,Fragment,IPTO_07U,Ficus hispida,4.5,17,10,15,20,21,0,0,0,0,0,0,0,NONE,Ficus hispida,Tree,Native,LC,0.413,0.413,S,Mammal,Secondary,10,12.1417594359138,0.0115785221099354,0.00757413978495095
2016-11-17T00:00:00Z,Fragment,THEN_10U,Maesopsis eminii,0,29,31,0,0,0,0,0,0,0,0,0,0,cut,Maesopsis eminii,Tree,Introduced,LC,0.34,0.34,L,Mammal_bird,Int,30,13.512245295416,0.0143398603725798,0
2016-11-17T00:00:00Z,Fragment,THEN_10U,Meliosma pinnata,12,71,0,0,0,0,0,0,0,0,0,0,0,NONE,Meliosma pinnata,Tree,Native,NA,0.32,0.32,S,Bird,Secondary,18,22.6000019190491,0.0401150034063122,0.0517177880912385
2016-11-17T00:00:00Z,Fragment,THEN_10U,Maesopsis eminii,0,31,0,0,0,0,0,0,0,0,0,0,0,cut,Maesopsis eminii,Tree,Introduced,LC,0.34,0.34,L,Mammal_bird,Int,30,9.86760647169751,0.00764739501556557,0
2016-11-17T00:00:00Z,Fragment,THEN_10U,Clerodendrum infortunatum,6,37,0,0,0,0,0,0,0,0,0,0,0,NONE,Clerodendrum infortunatum,Tree,Native,LC,0.484259167,0.484259167,S,Bird,Secondary,4,11.7774657888003,0.0108941558546402,0.0110386951199727
2016-11-17T00:00:00Z,Fragment,THEN_10U,Clerodendrum infortunatum,6,32,0,0,0,0,0,0,0,0,0,0,0,NONE,Clerodendrum infortunatum,Tree,Native,LC,0.484259167,0.484259167,S,Bird,Secondary,4,10.1859163578813,0.00814873308630504,0.00831458793832827
2016-11-17T00:00:00Z,Fragment,THEN_10U,Apollonias arnottii,6.5,32,0,0,0,0,0,0,0,0,0,0,0,NONE,Apollonias arnottii,Tree,Endemic,NA,NA,0.55,S,Bird,Mature,6,10.1859163578813,0.00814873308630504,0.0101795024063671
2016-11-17T00:00:00Z,Fragment,THEN_10U,Clerodendrum infortunatum,5.5,32,0,0,0,0,0,0,0,0,0,0,0,NONE,Clerodendrum infortunatum,Tree,Native,LC,0.484259167,0.484259167,S,Bird,Secondary,4,10.1859163578813,0.00814873308630504,0.0076376384428002
2016-11-17T00:00:00Z,Fragment,THEN_10U,Clerodendrum infortunatum,6.5,30,0,0,0,0,0,0,0,0,0,0,0,NONE,Clerodendrum infortunatum,Tree,Native,LC,0.484259167,0.484259167,S,Bird,Secondary,4,9.54929658551372,0.00716197243913529,0.00792604398666997
2016-11-17T00:00:00Z,Fragment,THEN_10U,Litsea floribunda,7,25,25,0,0,0,0,0,0,0,0,0,0,NONE,Litsea floribunda,Tree,Endemic,NT,0.56358678,0.56358678,S,Bird,Secondary,10,11.2539539519638,0.00994718394324346,0.0136148847261398
2016-11-17T00:00:00Z,Fragment,THEN_10U,Callicarpa tomentosa,7.5,53,0,0,0,0,0,0,0,0,0,0,0,NONE,Callicarpa tomentosa,Tree,Endemic,LC,0.421548375,0.421548375,S,Bird,Secondary,5,16.8704239677409,0.0223533117572567,0.0241754041242904
2016-12-23T00:00:00Z,Fragment,CH05_08U,Gliricidia sepium,8,45,0,0,0,0,0,0,0,0,0,0,0,NONE,Gliricidia sepium,Tree,Introduced,LC,0.74,0.74,S,Gravity,Int,12,14.3239448782706,0.0161144379880544,0.032399117681226
2016-12-23T00:00:00Z,Fragment,CH05_08U,Gliricidia sepium,7,32,0,0,0,0,0,0,0,0,0,0,0,NONE,Gliricidia sepium,Tree,Introduced,LC,0.74,0.74,S,Gravity,Int,12,10.1859163578813,0.00814873308630504,0.0146189093751841
2016-12-23T00:00:00Z,Fragment,CH05_08U,Maesopsis eminii,12,36,20,12,10,0,0,0,0,0,0,0,0,NONE,Maesopsis eminii,Tree,Introduced,LC,0.34,0.34,L,Mammal_bird,Int,30,14.020096157521,0.0154380294799138,0.0216060401228064
2016-12-23T00:00:00Z,Fragment,CH05_08U,Maesopsis eminii,15,59,0,0,0,0,0,0,0,0,0,0,0,NONE,Maesopsis eminii,Tree,Introduced,LC,0.34,0.34,L,Mammal_bird,Int,30,18.7802832848437,0.0277009178451444,0.0475300191482858
2016-12-23T00:00:00Z,Fragment,CH05_08U,Maesopsis eminii,15,65,41,0,0,0,0,0,0,0,0,0,0,NONE,Maesopsis eminii,Tree,Introduced,LC,0.34,0.34,L,Mammal_bird,Int,30,24.462275253779,0.0469984546950367,0.0796245997982299
2016-12-23T00:00:00Z,Fragment,CH05_08U,Maesopsis eminii,15,33,0,0,0,0,0,0,0,0,0,0,0,NONE,Maesopsis eminii,Tree,Introduced,LC,0.34,0.34,L,Mammal_bird,Int,30,10.5042262440651,0.0086659866513537,0.0152898798674134
2016-12-23T00:00:00Z,Fragment,CH05_08U,Maesopsis eminii,16,54,5,0,0,0,0,0,0,0,0,0,0,NONE,Maesopsis eminii,Tree,Introduced,LC,0.34,0.34,L,Mammal_bird,Int,30,17.262259443425,0.0234037343816632,0.0429409887992482
2016-12-23T00:00:00Z,Fragment,CH05_08U,Macaranga indica,17,51,0,0,0,0,0,0,0,0,0,0,0,NONE,Macaranga indica,Tree,Native,LC,NA,0.33,S,Bird,Secondary,16,16.2338041953733,0.020698100349101,0.0392501306763307
2016-12-23T00:00:00Z,Fragment,CH05_08U,Vateria indica,25,150,0,0,0,0,0,0,0,0,0,0,0,NONE,Vateria indica,Tree,Endemic,VU,0.48,0.48,L,Gravity,Mature,60,47.7464829275686,0.179049310978382,0.677153931801687
2016-12-23T00:00:00Z,Fragment,CH05_08U,Maesopsis eminii,16,77,0,0,0,0,0,0,0,0,0,0,0,NONE,Maesopsis eminii,Tree,Introduced,LC,0.34,0.34,L,Mammal_bird,Int,30,24.5098612361519,0.0471814828795924,0.0851237587680742
2016-12-23T00:00:00Z,Fragment,CH05_08U,Spathodea campanulata,13,74,0,0,0,0,0,0,0,0,0,0,0,NONE,Spathodea campanulata,Tree,Introduced,LC,0.475,0.475,S,Wind,Int,15,23.5549315776005,0.0435766234185609,0.0891411766524067
2016-12-23T00:00:00Z,Fragment,CH05_08U,Spathodea campanulata,8.5,46,0,0,0,0,0,0,0,0,0,0,0,NONE,Spathodea campanulata,Tree,Introduced,LC,0.475,0.475,S,Wind,Int,15,14.6422547644544,0.0168385929791225,0.0232779908206255
2016-12-23T00:00:00Z,Fragment,CH05_08U,Maesopsis eminii,9.5,23,13,14,0,0,0,0,0,0,0,0,0,NONE,Maesopsis eminii,Tree,Introduced,LC,0.34,0.34,L,Mammal_bird,Int,30,9.51741236766853,0.00711422595620772,0.00807538897900185
2016-12-23T00:00:00Z,Fragment,CH05_08U,Turpinia malabarica,24,183,0,0,0,0,0,0,0,0,0,0,0,NONE,Turpinia malabarica,Tree,Endemic,NA,NA,0.453,S,Mammal,Mature,12,58.2507091716337,0.266496994460224,0.906606680448739
2016-12-23T00:00:00Z,Fragment,CH05_08U,Glochidion malabaricum,8.5,31,0,0,0,0,0,0,0,0,0,0,0,NONE,Phyllanthus assamicus,Tree,Endemic,LC,0.544681677,0.544681677,S,Gravity,Mature,8,9.86760647169751,0.00764739501556557,0.01231409807161
2016-12-23T00:00:00Z,Fragment,CH05_08U,Gliricidia sepium,7,32,13,0,0,0,0,0,0,0,0,0,0,NONE,Gliricidia sepium,Tree,Introduced,LC,0.74,0.74,S,Gravity,Int,12,10.994370017664,0.00949359235543155,0.0169692750546208
2016-12-23T00:00:00Z,Fragment,CH05_08U,Gliricidia sepium,8.5,65,31,0,0,0,0,0,0,0,0,0,0,NONE,Gliricidia sepium,Tree,Introduced,LC,0.74,0.74,S,Gravity,Int,12,22.9227323495513,0.0412688767437285,0.0860668548426491
2016-12-23T00:00:00Z,Fragment,CH05_08U,Litsea oleoides,8,36,0,0,0,0,0,0,0,0,0,0,0,NONE,Litsea oleoides,Tree,Endemic,NA,NA,0.42,M,Bird,Mature,12,11.4591559026165,0.0103132403123548,0.0120582972889679
2016-12-23T00:00:00Z,Fragment,CH05_08U,Spathodea campanulata,10,62,0,0,0,0,0,0,0,0,0,0,0,NONE,Spathodea campanulata,Tree,Introduced,LC,0.475,0.475,S,Wind,Int,15,19.735212943395,0.0305895800622623,0.0488515009170876
2016-12-23T00:00:00Z,Fragment,CH05_08U,Macaranga peltata,21,202,0,0,0,0,0,0,0,0,0,0,0,NONE,Macaranga peltata,Tree,Endemic,NA,0.466512198,0.466512198,S,Bird,Secondary,12,64.2985970091257,0.324707914896085,0.993158507616712
2016-12-23T00:00:00Z,Fragment,CH05_08U,Glochidion malabaricum,8.5,31,0,0,0,0,0,0,0,0,0,0,0,NONE,Phyllanthus assamicus,Tree,Endemic,LC,0.544681677,0.544681677,S,Gravity,Mature,8,9.86760647169751,0.00764739501556557,0.01231409807161
2016-12-23T00:00:00Z,Fragment,CH05_08U,Glochidion malabaricum,8,42,0,0,0,0,0,0,0,0,0,0,0,NONE,Phyllanthus assamicus,Tree,Endemic,LC,0.544681677,0.544681677,S,Gravity,Mature,8,13.3690152197192,0.0140374659807052,0.0209966569361734
2016-12-23T00:00:00Z,Fragment,CH05_08U,Turpinia malabarica,8,24,16,15,0,0,0,0,0,0,0,0,0,NONE,Turpinia malabarica,Tree,Endemic,NA,NA,0.453,S,Mammal,Mature,12,10.3487434556061,0.00841133874240667,0.0106399902683703
2016-12-23T00:00:00Z,Fragment,CH05_08U,Cryptocarya wightiana,19,117,13,18,0,0,0,0,0,0,0,0,0,NONE,Cryptocarya wightiana,Tree,Native,VU,NA,0.515,M,Bird,Mature,25,37.9069522174447,0.112856770146463,0.353638485700415
2016-12-23T00:00:00Z,Fragment,CH05_08U,Maesopsis eminii,16,69,0,0,0,0,0,0,0,0,0,0,0,NONE,Maesopsis eminii,Tree,Introduced,LC,0.34,0.34,L,Mammal_bird,Int,30,21.9633821466816,0.0378868342030257,0.0687154384434029
2016-12-23T00:00:00Z,Fragment,CH05_08U,Vernonia arborea,8.5,36,0,0,0,0,0,0,0,0,0,0,0,NONE,Strobocalyx arborea,Tree,Native,LC,0.33,0.33,S,Wind,Secondary,15,11.4591559026165,0.0103132403123548,0.0101102368303903
2016-12-23T00:00:00Z,Fragment,CH05_08U,Gliricidia sepium,9.5,40,26,0,0,0,0,0,0,0,0,0,0,NONE,Gliricidia sepium,Tree,Introduced,LC,0.74,0.74,S,Gravity,Int,12,15.1857503591347,0.0181118325238577,0.0429442370475151
2016-12-23T00:00:00Z,Fragment,CH06_09U,Maesopsis eminii,16,23,63,0,0,0,0,0,0,0,0,0,0,NONE,Maesopsis eminii,Tree,Introduced,LC,0.34,0.34,L,Mammal_bird,Int,30,21.3481306915438,0.0357939467013673,0.0650081610713619
2016-12-23T00:00:00Z,Fragment,CH06_09U,Macaranga indica,18,44,0,0,0,0,0,0,0,0,0,0,0,NONE,Macaranga indica,Tree,Native,LC,NA,0.33,S,Bird,Secondary,16,14.0056349920868,0.0154061984912955,0.031110827688981
2016-12-23T00:00:00Z,Fragment,CH06_09U,Maesopsis eminii,9.5,42,0,0,0,0,0,0,0,0,0,0,0,NONE,Maesopsis eminii,Tree,Introduced,LC,0.34,0.34,L,Mammal_bird,Int,30,13.3690152197192,0.0140374659807052,0.0156761946454787
2016-12-23T00:00:00Z,Fragment,CH06_09U,Macaranga indica,16,63,0,0,0,0,0,0,0,0,0,0,0,NONE,Macaranga indica,Tree,Native,LC,NA,0.33,S,Bird,Secondary,16,20.0535228295788,0.0315842984565866,0.0558830153165816
2016-12-23T00:00:00Z,Fragment,CH06_09U,Macaranga indica,15,60,0,0,0,0,0,0,0,0,0,0,0,NONE,Macaranga indica,Tree,Native,LC,NA,0.33,S,Bird,Secondary,16,19.0985931710274,0.0286478897565412,0.0477048226431043
2016-12-23T00:00:00Z,Fragment,CH06_09U,Maesopsis eminii,14,36,0,0,0,0,0,0,0,0,0,0,0,NONE,Maesopsis eminii,Tree,Introduced,LC,0.34,0.34,L,Mammal_bird,Int,30,11.4591559026165,0.0103132403123548,0.0169403835100241
2016-12-23T00:00:00Z,Fragment,CH06_09U,Drypetes wightii,17,90,0,0,0,0,0,0,0,0,0,0,0,NONE,Drypetes wightii,Tree,Endemic,VU,NA,0.7175,M,Bird,Mature,12,28.6478897565412,0.0644577519522176,0.253838840924806
2016-12-23T00:00:00Z,Fragment,CH06_09U,Maesopsis eminii,11,35,0,0,0,0,0,0,0,0,0,0,0,NONE,Maesopsis eminii,Tree,Introduced,LC,0.34,0.34,L,Mammal_bird,Int,30,11.1408460164327,0.00974824026437859,0.012671262180594
2016-12-23T00:00:00Z,Fragment,CH06_09U,Drypetes malabarica,21,137,0,0,0,0,0,0,0,0,0,0,0,NONE,Drypetes malabarica,Tree,Endemic,NA,NA,0.7175,S,Gravity,Mature,20,43.6084544071793,0.149358956344589,0.708472714858643
2016-12-23T00:00:00Z,Fragment,CH06_09U,Maesopsis eminii,15,43,0,0,0,0,0,0,0,0,0,0,0,NONE,Maesopsis eminii,Tree,Introduced,LC,0.34,0.34,L,Mammal_bird,Int,30,13.687325105903,0.0147138744888457,0.0256327550769658
2016-12-23T00:00:00Z,Fragment,CH06_09U,Vateria indica,23,165,0,0,0,0,0,0,0,0,0,0,0,NONE,Vateria indica,Tree,Endemic,VU,0.48,0.48,L,Gravity,Mature,60,52.5211312203255,0.216649666283843,0.751870153734666
2016-12-23T00:00:00Z,Fragment,CH06_09U,Drypetes malabarica,23,128,0,0,0,0,0,0,0,0,0,0,0,NONE,Drypetes malabarica,Tree,Endemic,NA,NA,0.7175,S,Gravity,Mature,20,40.7436654315252,0.130379729380881,0.678076633784953
2016-12-23T00:00:00Z,Fragment,CH06_09U,Macaranga indica,13,31,0,0,0,0,0,0,0,0,0,0,0,NONE,Macaranga indica,Tree,Native,LC,NA,0.33,S,Bird,Secondary,16,9.86760647169751,0.00764739501556557,0.0114312234516365
2016-12-23T00:00:00Z,Fragment,CH06_09U,Vateria indica,8,159,0,0,0,0,0,0,0,0,0,0,0,NONE,Vateria indica,Tree,Endemic,VU,0.48,0.48,L,Gravity,Mature,60,50.6112719032227,0.20117980581531,0.249523143085519
2016-12-23T00:00:00Z,Fragment,CH06_09U,Maesopsis eminii,4.5,65,0,0,0,0,0,0,0,0,0,0,0,NONE,Maesopsis eminii,Tree,Introduced,LC,0.34,0.34,L,Mammal_bird,Int,30,20.6901426019464,0.0336214817281629,0.0177313613034551
2016-12-23T00:00:00Z,Fragment,CH06_09U,Maesopsis eminii,8,35,38,0,0,0,0,0,0,0,0,0,0,NONE,Maesopsis eminii,Tree,Introduced,LC,0.34,0.34,L,Mammal_bird,Int,30,16.4446416543931,0.0212392271556134,0.0198578318550909
2016-12-23T00:00:00Z,Fragment,CH06_09U,Maesopsis eminii,18,37,0,0,0,0,0,0,0,0,0,0,0,NONE,Maesopsis eminii,Tree,Introduced,LC,0.34,0.34,L,Mammal_bird,Int,30,11.7774657888003,0.0108941558546402,0.022838917937553
2016-12-23T00:00:00Z,Fragment,CH06_09U,Palaquium ellipticum,9.5,93,0,0,0,0,0,0,0,0,0,0,0,NONE,Palaquium ellipticum,Tree,Endemic,NA,0.55093772,0.55093772,L,Mammal,Mature,35,29.6028194150925,0.0688265551400901,0.118503007427314
2016-12-23T00:00:00Z,Fragment,CH06_09U,Macaranga indica,6.5,88,0,0,0,0,0,0,0,0,0,0,0,NONE,Macaranga indica,Tree,Native,LC,NA,0.33,S,Bird,Secondary,16,28.0112699841736,0.0616247939651819,0.0445430127593215
2016-12-28T00:00:00Z,Benchmark,HP37_P1B,Dimocarpus longan,20.5,185,0,0,0,0,0,0,0,0,0,0,0,NONE,Dimocarpus longan,Tree,Native,DD,0.748685273,0.748685273,S,Mammal,Mature,25,58.8873289440013,0.272353896366006,1.29653265736712
2016-12-28T00:00:00Z,Benchmark,HP37_P1B,Gomphandra coriacea,10,58,0,0,0,0,0,0,0,0,0,0,0,NONE,Gomphandra coriacea,Tree,Endemic,NA,NA,0.48,M,Bird,Mature,10,18.4619733986599,0.0267698614280568,0.0433290594429168
2016-12-28T00:00:00Z,Benchmark,HP37_P1B,Ardisia pauciflora,8,29,20,0,0,0,0,0,0,0,0,0,0,NONE,Ardisia pauciflora,Tree,Endemic,NA,NA,0.62,S,Bird,Mature,6,11.2133665283955,0.0098755642188521,0.0169039323371013
2016-12-28T00:00:00Z,Benchmark,HP37_P1B,Gomphandra coriacea,8.5,51,0,0,0,0,0,0,0,0,0,0,0,NONE,Gomphandra coriacea,Tree,Endemic,NA,NA,0.48,M,Bird,Mature,10,16.2338041953733,0.020698100349101,0.0287645559198423
2016-12-28T00:00:00Z,Benchmark,HP37_P1B,Bhesa indica,10,33,0,0,0,0,0,0,0,0,0,0,0,NONE,Bhesa indica,Tree,Native,NA,NA,0.655,L,Mammal,Mature,30,10.5042262440651,0.0086659866513537,0.0195194281439318
2016-12-28T00:00:00Z,Benchmark,HP37_P1B,Villebrunea integrifolia,10,47,0,0,0,0,0,0,0,0,0,0,0,NONE,Oreocnide integrifolia,Tree,Native,NA,NA,0.55,S,Bird,Secondary,8,14.9605646506382,0.0175786634644998,0.0328250483376829
2016-12-28T00:00:00Z,Benchmark,HP37_P1B,Gomphandra coriacea,9,59,0,0,0,0,0,0,0,0,0,0,0,NONE,Gomphandra coriacea,Tree,Endemic,NA,NA,0.48,M,Bird,Mature,10,18.7802832848437,0.0277009178451444,0.0404214263395636
2016-12-28T00:00:00Z,Benchmark,HP37_P1B,Gomphandra coriacea,11,86,0,0,0,0,0,0,0,0,0,0,0,NONE,Gomphandra coriacea,Tree,Endemic,NA,NA,0.48,M,Bird,Mature,10,27.374650211806,0.0588554979553829,0.102590714826286
2016-12-28T00:00:00Z,Benchmark,HP37_P1B,Bhesa indica,15,52,0,0,0,0,0,0,0,0,0,0,0,NONE,Bhesa indica,Tree,Native,NA,NA,0.655,L,Mammal,Mature,30,16.5521140815571,0.0215177483060242,0.0704419670802878
2016-12-28T00:00:00Z,Benchmark,HP37_P1B,Antidesma menasu,7.5,37,0,0,0,0,0,0,0,0,0,0,0,NONE,Antidesma montanum,Tree,Native,LC,NA,0.624,S,Mammal_bird,Mature,10,11.7774657888003,0.0108941558546402,0.0175778635397525
2016-12-28T00:00:00Z,Benchmark,HP37_P1B,Dimocarpus longan,23,225,0,0,0,0,0,0,0,0,0,0,0,NONE,Dimocarpus longan,Tree,Native,DD,0.748685273,0.748685273,S,Mammal,Mature,25,71.6197243913529,0.40286094970136,2.12568604497475
2016-12-28T00:00:00Z,Benchmark,HP37_P1B,Litsea bourdillonii,6,33,0,0,0,0,0,0,0,0,0,0,0,NONE,Litsea bourdillonii,Tree,Endemic,NT,NA,0.42,S,Bird,Mature,18,10.5042262440651,0.0086659866513537,0.00768391424070322
2016-12-28T00:00:00Z,Benchmark,HP37_P1B,Mesua ferrea,27,185,0,0,0,0,0,0,0,0,0,0,0,NONE,Mesua ferrea,Tree,Native,NA,0.9,0.9,L,Gravity,Mature,35,58.8873289440013,0.272353896366006,2.03023966106152
2016-12-28T00:00:00Z,Benchmark,HP37_P1B,Antidesma menasu,8.5,68,33,0,0,0,0,0,0,0,0,0,0,NONE,Antidesma montanum,Tree,Native,LC,NA,0.624,S,Mammal_bird,Mature,10,24.0592585535938,0.0454626094941999,0.0800919530990605
2016-12-28T00:00:00Z,Benchmark,HP37_P1B,Myristica dactyloides,23,173,0,0,0,0,0,0,0,0,0,0,0,NONE,Myristica beddomei,Tree,Endemic,EN,0.575521845,0.575521845,L,Bird,Mature,20,55.0676103097958,0.238167414589867,0.984484904121754
2016-12-28T00:00:00Z,Benchmark,HP37_P1B,Holigarna nigra,25,195,0,0,0,0,0,0,0,0,0,0,0,NONE,Holigarna nigra,Tree,Endemic,NA,NA,0.493977646,L,Mammal,Mature,35,62.0704278058392,0.302593335553466,1.162175462104
2016-12-28T00:00:00Z,Benchmark,HP37_P1B,Mesua ferrea,25,182,0,0,0,0,0,0,0,0,0,0,0,NONE,Mesua ferrea,Tree,Native,NA,0.9,0.9,L,Gravity,Mature,35,57.9323992854499,0.263592416748797,1.82417230416542
2016-12-28T00:00:00Z,Benchmark,HP37_P1B,Syzygium gardneri,30,345,0,0,0,0,0,0,0,0,0,0,0,NONE,Syzygium gardneri,Tree,Endemic,NA,0.789375,0.789375,S,Mammal_bird,Mature,60,109.816910733408,0.947170855075642,6.68217978047205
2016-12-28T00:00:00Z,Benchmark,HP37_P1B,Bhesa indica,26,193,0,0,0,0,0,0,0,0,0,0,0,NONE,Bhesa indica,Tree,Native,NA,NA,0.655,L,Mammal,Mature,30,61.4338080334716,0.2964181237615,1.55865405684463
2016-12-28T00:00:00Z,Benchmark,HP37_P1B,Pseudoglochidion anamalayanum,8,36,0,0,0,0,0,0,0,0,0,0,0,NONE,Phyllanthus anamalayanus,Tree,Endemic,CR,NA,0.642090339,S,Gravity,Mature,10,11.4591559026165,0.0103132403123548,0.0182477157717969
2016-12-28T00:00:00Z,Benchmark,HP37_P1B,Syzygium hemisphericum,7.5,36,0,0,0,0,0,0,0,0,0,0,0,NONE,Syzygium hemisphericum,Tree,Endemic,NA,NA,0.68,M,Mammal_bird,Mature,20,11.4591559026165,0.0103132403123548,0.0181203817967843
2016-12-28T00:00:00Z,Benchmark,HP37_P1B,Antidesma menasu,6,30,0,0,0,0,0,0,0,0,0,0,0,NONE,Antidesma montanum,Tree,Native,LC,NA,0.624,S,Mammal_bird,Mature,10,9.54929658551372,0.00716197243913529,0.00938842713026516
2016-12-28T00:00:00Z,Benchmark,HP37_P1B,Villebrunea integrifolia,8.5,31,0,0,0,0,0,0,0,0,0,0,0,NONE,Oreocnide integrifolia,Tree,Native,NA,NA,0.55,S,Bird,Secondary,8,9.86760647169751,0.00764739501556557,0.0124314347121225
2016-12-28T00:00:00Z,Benchmark,HP37_P1B,Clerodendrum infortunatum,7.5,36,0,0,0,0,0,0,0,0,0,0,0,NONE,Clerodendrum infortunatum,Tree,Native,LC,0.484259167,0.484259167,S,Bird,Secondary,4,11.4591559026165,0.0103132403123548,0.0130099200427594
2016-12-28T00:00:00Z,Benchmark,HP37_P2B,Villebrunea integrifolia,11,86,0,0,0,0,0,0,0,0,0,0,0,NONE,Oreocnide integrifolia,Tree,Native,NA,NA,0.55,S,Bird,Secondary,8,27.374650211806,0.0588554979553829,0.117168425284798
2016-12-28T00:00:00Z,Benchmark,HP37_P2B,Villebrunea integrifolia,11,62,0,0,0,0,0,0,0,0,0,0,0,NONE,Oreocnide integrifolia,Tree,Native,NA,NA,0.55,S,Bird,Secondary,8,19.735212943395,0.0305895800622623,0.0618611791913408
2016-12-28T00:00:00Z,Benchmark,HP37_P2B,Macaranga indica,16,123,0,0,0,0,0,0,0,0,0,0,0,NONE,Macaranga indica,Tree,Native,LC,NA,0.33,S,Bird,Secondary,16,39.1521160006063,0.120392756701864,0.206282248482741
2016-12-28T00:00:00Z,Benchmark,HP37_P2B,Antidesma menasu,10,36,0,0,0,0,0,0,0,0,0,0,0,NONE,Antidesma montanum,Tree,Native,LC,NA,0.624,S,Mammal_bird,Mature,10,11.4591559026165,0.0103132403123548,0.0220637339325354
2016-12-28T00:00:00Z,Benchmark,HP37_P2B,Gomphandra coriacea,8,105,0,0,0,0,0,0,0,0,0,0,0,NONE,Gomphandra coriacea,Tree,Endemic,NA,NA,0.48,M,Bird,Mature,10,33.422538049298,0.0877341623794073,0.11100566871593
2016-12-28T00:00:00Z,Benchmark,HP37_P2B,Nothopegia beddomei,6,41,0,0,0,0,0,0,0,0,0,0,0,NONE,Nothopegia beddomei,Tree,Endemic,EN,0.734771295,0.734771295,S,Mammal,Secondary,12,13.0507053335354,0.0133769729668738,0.0202614540293961
2016-12-28T00:00:00Z,Benchmark,HP37_P2B,Villebrunea integrifolia,8.5,55,0,0,0,0,0,0,0,0,0,0,0,NONE,Oreocnide integrifolia,Tree,Native,NA,NA,0.55,S,Bird,Secondary,8,17.5070437401085,0.0240721851426492,0.0380689761678192
2016-12-28T00:00:00Z,Benchmark,HP37_P2B,Villebrunea integrifolia,8.5,50,0,0,0,0,0,0,0,0,0,0,0,NONE,Oreocnide integrifolia,Tree,Native,NA,NA,0.55,S,Bird,Secondary,8,15.9154943091895,0.0198943678864869,0.0316062285013394
2016-12-28T00:00:00Z,Benchmark,HP37_P2B,Gomphandra coriacea,9.5,37,0,0,0,0,0,0,0,0,0,0,0,NONE,Gomphandra coriacea,Tree,Endemic,NA,NA,0.48,M,Bird,Mature,10,11.7774657888003,0.0108941558546402,0.0171378296835522
2016-12-28T00:00:00Z,Benchmark,HP37_P2B,Myristica dactyloides,23,170,0,0,0,0,0,0,0,0,0,0,0,NONE,Myristica beddomei,Tree,Endemic,EN,0.575521845,0.575521845,L,Bird,Mature,20,54.1126806512444,0.229978892767789,0.951435523158829
2016-12-28T00:00:00Z,Benchmark,HP37_P2B,Antidesma menasu,8,73,0,0,0,0,0,0,0,0,0,0,0,NONE,Antidesma montanum,Tree,Native,LC,NA,0.624,S,Mammal_bird,Mature,10,23.2366216914167,0.0424068345868355,0.070534010875529
2016-12-28T00:00:00Z,Benchmark,HP37_P2B,Epiprinus mallotiformis,4.5,32,0,0,0,0,0,0,0,0,0,0,0,NONE,Epiprinus mallotiformis,Tree,Endemic,NA,NA,0.55,S,Gravity,Mature,12,10.1859163578813,0.00814873308630504,0.00710981870569095
2016-12-28T00:00:00Z,Benchmark,HP37_P2B,Villebrunea integrifolia,9.5,57,0,0,0,0,0,0,0,0,0,0,0,NONE,Oreocnide integrifolia,Tree,Native,NA,NA,0.55,S,Bird,Secondary,8,18.1436635124761,0.0258547205052784,0.0454984197110275
2016-12-28T00:00:00Z,Benchmark,HP37_P2B,Pseudoglochidion anamalayanum,8.5,49,0,0,0,0,0,0,0,0,0,0,0,NONE,Phyllanthus anamalayanus,Tree,Endemic,CR,NA,0.642090339,S,Gravity,Mature,10,15.5971844230057,0.019106550918182,0.0353399408780894
2016-12-28T00:00:00Z,Benchmark,HP37_P2B,Cullenia exarillata,28,325,0,0,0,0,0,0,0,0,0,0,0,NONE,Cullenia exarillata,Tree,Endemic,NA,NA,0.55,L,Gravity,Mature,40,103.450713009732,0.840537043204072,3.90744536969478
2016-12-28T00:00:00Z,Benchmark,HP37_P2B,Dimocarpus longan,9.5,34,26,0,0,0,0,0,0,0,0,0,0,NONE,Dimocarpus longan,Tree,Native,DD,0.748685273,0.748685273,S,Mammal,Mature,25,13.6242580874249,0.0145785927872176,0.0351451964280638
2016-12-28T00:00:00Z,Benchmark,HP37_P2B,Pseudoglochidion anamalayanum,6.5,26,27,0,0,0,0,0,0,0,0,0,0,NONE,Phyllanthus anamalayanus,Tree,Endemic,CR,NA,0.642090339,S,Gravity,Mature,10,11.9313143876727,0.0111806347522057,0.0161222528281512
2016-12-28T00:00:00Z,Benchmark,HP37_P2B,Litsea bourdillonii,5,26,27,0,0,0,0,0,0,0,0,0,0,NONE,Litsea bourdillonii,Tree,Endemic,NT,NA,0.42,S,Bird,Mature,18,11.9313143876727,0.0111806347522057,0.00824697152004538
2016-12-29T00:00:00Z,Benchmark,HP37_P3B,Cullenia exarillata,19,71,0,0,0,0,0,0,0,0,0,0,0,NONE,Cullenia exarillata,Tree,Endemic,NA,NA,0.55,L,Gravity,Mature,40,22.6000019190491,0.0401150034063122,0.137401086472515
2016-12-29T00:00:00Z,Benchmark,HP37_P3B,Diospyros sylvatica,19.5,127,0,0,0,0,0,0,0,0,0,0,0,NONE,Diospyros sylvatica,Tree,Endemic,NA,0.701678322,0.701678322,S,Mammal,Mature,35,40.4253555453414,0.128350503856459,0.556167696779995
2016-12-29T00:00:00Z,Benchmark,HP37_P3B,Cullenia exarillata,11,59,0,0,0,0,0,0,0,0,0,0,0,NONE,Cullenia exarillata,Tree,Endemic,NA,NA,0.55,L,Gravity,Mature,40,18.7802832848437,0.0277009178451444,0.0561529714830405
2016-12-29T00:00:00Z,Benchmark,HP37_P3B,Gomphandra coriacea,12.5,87,0,0,0,0,0,0,0,0,0,0,0,NONE,Gomphandra coriacea,Tree,Endemic,NA,NA,0.48,M,Bird,Mature,10,27.6929600979898,0.0602321882131278,0.118875832713644
2016-12-29T00:00:00Z,Benchmark,HP37_P3B,Cullenia exarillata,21,167,0,0,0,0,0,0,0,0,0,0,0,NONE,Cullenia exarillata,Tree,Endemic,NA,NA,0.55,L,Gravity,Mature,40,53.157750992693,0.221933610394493,0.804449783147275
2016-12-29T00:00:00Z,Benchmark,HP37_P3B,Cullenia exarillata,25,235,0,0,0,0,0,0,0,0,0,0,0,NONE,Cullenia exarillata,Tree,Endemic,NA,NA,0.55,L,Gravity,Mature,40,74.8028232531908,0.439466586612496,1.85773717250009
2016-12-29T00:00:00Z,Benchmark,HP37_P3B,Agrostistachys borneensis,15,92,0,0,0,0,0,0,0,0,0,0,0,NONE,Agrostistachys borneensis,Tree,Native,LC,0.82,0.82,S,Gravity,Mature,15,29.2845095289087,0.0673543719164901,0.267139186064273
2016-12-29T00:00:00Z,Benchmark,HP37_P3B,Gomphandra coriacea,14.5,101,0,0,0,0,0,0,0,0,0,0,0,NONE,Gomphandra coriacea,Tree,Endemic,NA,NA,0.48,M,Bird,Mature,10,32.1492985045629,0.0811769787240212,0.183864679960852
2016-12-29T00:00:00Z,Benchmark,HP37_P3B,Cullenia exarillata,20,82,0,0,0,0,0,0,0,0,0,0,0,NONE,Cullenia exarillata,Tree,Endemic,NA,NA,0.55,L,Gravity,Mature,40,26.1014106670708,0.0535078918674952,0.19135520120322
2016-12-29T00:00:00Z,Benchmark,HP37_P3B,Gomphandra coriacea,8,40,0,0,0,0,0,0,0,0,0,0,0,NONE,Gomphandra coriacea,Tree,Endemic,NA,NA,0.48,M,Bird,Mature,10,12.7323954473516,0.0127323954473516,0.0168734834053474
2016-12-29T00:00:00Z,Benchmark,HP37_P3B,Antidesma menasu,9.5,35,0,0,0,0,0,0,0,0,0,0,0,NONE,Antidesma montanum,Tree,Native,LC,NA,0.624,S,Mammal_bird,Mature,10,11.1408460164327,0.00974824026437859,0.01986349162151
2016-12-29T00:00:00Z,Benchmark,HP37_P3B,Cullenia exarillata,24,150,0,0,0,0,0,0,0,0,0,0,0,NONE,Cullenia exarillata,Tree,Endemic,NA,NA,0.55,L,Gravity,Mature,40,47.7464829275686,0.179049310978382,0.743167425121448
2016-12-29T00:00:00Z,Benchmark,HP37_P3B,Palaquium ellipticum,25,195,0,0,0,0,0,0,0,0,0,0,0,NONE,Palaquium ellipticum,Tree,Endemic,NA,0.55093772,0.55093772,L,Mammal,Mature,35,62.0704278058392,0.302593335553466,1.29279429738446
2016-12-29T00:00:00Z,Benchmark,HP37_P3B,Agrostistachys borneensis,17,82,0,0,0,0,0,0,0,0,0,0,0,NONE,Agrostistachys borneensis,Tree,Native,LC,0.82,0.82,S,Gravity,Mature,15,26.1014106670708,0.0535078918674952,0.241124576404224
2016-12-29T00:00:00Z,Benchmark,HP37_P4B,Macaranga indica,10.5,40,0,0,0,0,0,0,0,0,0,0,0,NONE,Macaranga indica,Tree,Native,LC,NA,0.33,S,Bird,Secondary,16,12.7323954473516,0.0127323954473516,0.0152632787227576
2016-12-29T00:00:00Z,Benchmark,HP37_P4B,Persea macrantha,15,60,0,0,0,0,0,0,0,0,0,0,0,NONE,Machilus glaucescens,Tree,Endemic,NA,0.427,0.427,S,Bird,Secondary,30,19.0985931710274,0.0286478897565412,0.0613465701040953
2016-12-29T00:00:00Z,Benchmark,HP37_P4B,Macaranga indica,8.5,34,0,0,0,0,0,0,0,0,0,0,0,NONE,Macaranga indica,Tree,Native,LC,NA,0.33,S,Bird,Secondary,16,10.8225361302489,0.00919915571071155,0.00904285763304947
2016-12-29T00:00:00Z,Benchmark,HP37_P4B,Cullenia exarillata,23,300,0,0,0,0,0,0,0,0,0,0,0,NONE,Cullenia exarillata,Tree,Endemic,NA,NA,0.55,L,Gravity,Mature,40,95.4929658551372,0.716197243913529,2.75840107103556
2016-12-29T00:00:00Z,Benchmark,HP37_P4B,Macaranga indica,8.5,58,0,0,0,0,0,0,0,0,0,0,0,NONE,Macaranga indica,Tree,Native,LC,NA,0.33,S,Bird,Secondary,16,18.4619733986599,0.0267698614280568,0.0256489913392664
2016-12-29T00:00:00Z,Benchmark,HP37_P4B,Macaranga indica,15,51,0,0,0,0,0,0,0,0,0,0,0,NONE,Macaranga indica,Tree,Native,LC,NA,0.33,S,Bird,Secondary,16,16.2338041953733,0.020698100349101,0.0347366576593392
2016-12-29T00:00:00Z,Benchmark,HP37_P4B,Acronychia pedunculata,12,50,0,0,0,0,0,0,0,0,0,0,0,NONE,Acronychia pedunculata,Tree,Native,LC,0.4795,0.4795,S,Mammal_bird,Secondary,10,15.9154943091895,0.0198943678864869,0.038707613872431
2016-12-29T00:00:00Z,Benchmark,HP37_P4B,Syzygium densiflorum,30,203,0,0,0,0,0,0,0,0,0,0,0,NONE,Syzygium densiflorum,Tree,Endemic,VU,NA,0.68,M,Mammal_bird,Mature,15,64.6169068953095,0.327930802493696,2.05167081223031
2016-12-29T00:00:00Z,Benchmark,HP37_P4B,Antidesma menasu,7.5,42,0,0,0,0,0,0,0,0,0,0,0,NONE,Antidesma montanum,Tree,Native,LC,NA,0.624,S,Mammal_bird,Mature,10,13.3690152197192,0.0140374659807052,0.0225122518211094
2016-12-29T00:00:00Z,Benchmark,HP37_P4B,Palaquium ellipticum,30,187,0,0,0,0,0,0,0,0,0,0,0,NONE,Palaquium ellipticum,Tree,Endemic,NA,0.55093772,0.55093772,L,Mammal,Mature,35,59.5239487163689,0.278274460249024,1.42330370035328
2016-12-29T00:00:00Z,Benchmark,HP37_P4B,Palaquium ellipticum,30,173,0,0,0,0,0,0,0,0,0,0,0,NONE,Palaquium ellipticum,Tree,Endemic,NA,0.55093772,0.55093772,L,Mammal,Mature,35,55.0676103097958,0.238167414589867,1.22272489824433
2016-12-29T00:00:00Z,Benchmark,HP37_P4B,Cinnamomum malabatrum,9.5,48,0,0,0,0,0,0,0,0,0,0,0,NONE,Cinnamomum malabathrum,Tree,Endemic,LC,NA,0.475,S,Bird,Secondary,15,15.278874536822,0.0183346494441863,0.0281948941036338
2016-12-29T00:00:00Z,Benchmark,HP37_P4B,Ardisia pauciflora,7.5,30,20,0,0,0,0,0,0,0,0,0,0,NONE,Ardisia pauciflora,Tree,Endemic,NA,NA,0.62,S,Bird,Mature,6,11.4768261612276,0.0103450713009732,0.0166080699192413
2016-12-29T00:00:00Z,Benchmark,HP37_P4B,Cullenia exarillata,30,185,0,0,0,0,0,0,0,0,0,0,0,NONE,Cullenia exarillata,Tree,Endemic,NA,NA,0.55,L,Gravity,Mature,40,58.8873289440013,0.272353896366006,1.39142535855258
2016-12-29T00:00:00Z,Benchmark,HP37_P4B,Macaranga indica,10.5,43,0,0,0,0,0,0,0,0,0,0,0,NONE,Macaranga indica,Tree,Native,LC,NA,0.33,S,Bird,Secondary,16,13.687325105903,0.0147138744888457,0.0175775020462602
2016-12-29T00:00:00Z,Benchmark,HP37_P4B,Actinodaphne malabarica,10.5,11,22,29,18,0,0,0,0,0,0,0,0,NONE,Actinodaphne wightiana,Tree,Endemic,LC,0.619460212,0.619460212,S,Bird,Secondary,12,13.3917323392808,0.0140852124636327,0.031144698381791
2016-12-29T00:00:00Z,Benchmark,HP37_P4B,Macaranga indica,9,50,0,0,0,0,0,0,0,0,0,0,0,NONE,Macaranga indica,Tree,Native,LC,NA,0.33,S,Bird,Secondary,16,15.9154943091895,0.0198943678864869,0.0202990687123257
2016-12-29T00:00:00Z,Benchmark,HP37_P4B,Clerodendrum infortunatum,10.5,37,0,0,0,0,0,0,0,0,0,0,0,NONE,Clerodendrum infortunatum,Tree,Native,LC,0.484259167,0.484259167,S,Bird,Secondary,4,11.7774657888003,0.0108941558546402,0.0190599990280842
2016-12-29T00:00:00Z,Benchmark,HP37_P4B,Macaranga indica,11,69,0,0,0,0,0,0,0,0,0,0,0,NONE,Macaranga indica,Tree,Native,LC,NA,0.33,S,Bird,Secondary,16,21.9633821466816,0.0378868342030257,0.0462997516850736
2016-12-29T00:00:00Z,Benchmark,HP37_P4B,Acronychia pedunculata,12,17,40,0,0,0,0,0,0,0,0,0,0,NONE,Acronychia pedunculata,Tree,Native,LC,0.4795,0.4795,S,Mammal_bird,Secondary,10,13.834584052308,0.0150321843750295,0.0294448497503122
2016-12-29T00:00:00Z,Benchmark,HP37_P4B,Litsea oleoides,19,108,0,0,0,0,0,0,0,0,0,0,0,NONE,Litsea oleoides,Tree,Endemic,NA,NA,0.42,M,Bird,Mature,12,34.3774677078494,0.0928191628111934,0.239482819914783
2016-12-29T00:00:00Z,Benchmark,HP37_P4B,Acronychia pedunculata,16,84,0,0,0,0,0,0,0,0,0,0,0,NONE,Acronychia pedunculata,Tree,Native,LC,0.4795,0.4795,S,Mammal_bird,Secondary,10,26.7380304394384,0.0561498639228207,0.141104324805978
2016-12-29T00:00:00Z,Benchmark,HP37_P4B,Macaranga indica,12,67,0,0,0,0,0,0,0,0,0,0,0,NONE,Macaranga indica,Tree,Native,LC,NA,0.33,S,Bird,Secondary,16,21.326762374314,0.0357223269769759,0.0475910061960427
2016-12-29T00:00:00Z,Benchmark,HP37_P4B,Villebrunea integrifolia,9.5,33,13,21,0,0,0,0,0,0,0,0,0,NONE,Oreocnide integrifolia,Tree,Native,NA,NA,0.55,S,Bird,Secondary,8,13.120392181956,0.0135202124156565,0.0241655860656204
2016-12-29T00:00:00Z,Benchmark,HP37_P4B,Acronychia pedunculata,11,32,34,0,0,0,0,0,0,0,0,0,0,NONE,Acronychia pedunculata,Tree,Native,LC,0.4795,0.4795,S,Mammal_bird,Secondary,10,14.8620382296742,0.0173478887970166,0.0311070519125542
2016-12-29T00:00:00Z,Benchmark,HP37_P4B,Calophyllum polyanthum,32,282,0,0,0,0,0,0,0,0,0,0,0,NONE,Calophyllum polyanthum,Tree,Native,NA,0.447545977,0.447545977,L,Mammal,Mature,35,89.763387903829,0.632831884721994,2.75934855286947
2016-12-29T00:00:00Z,Benchmark,HP37_P4B,Macaranga indica,12,60,0,0,0,0,0,0,0,0,0,0,0,NONE,Macaranga indica,Tree,Native,LC,NA,0.33,S,Bird,Secondary,16,19.0985931710274,0.0286478897565412,0.0383687908296033
2016-12-29T00:00:00Z,Benchmark,HP37_P4B,Macaranga indica,11,58,0,0,0,0,0,0,0,0,0,0,0,NONE,Macaranga indica,Tree,Native,LC,NA,0.33,S,Bird,Secondary,16,18.4619733986599,0.0267698614280568,0.032988052732881
2016-12-29T00:00:00Z,Benchmark,HP37_P4B,Syzygium densiflorum,13,53,0,0,0,0,0,0,0,0,0,0,0,NONE,Syzygium densiflorum,Tree,Endemic,VU,NA,0.68,M,Mammal_bird,Mature,15,16.8704239677409,0.0223533117572567,0.0659477949269181
2016-12-29T00:00:00Z,Benchmark,HP37_P4B,Macaranga indica,12,70,0,0,0,0,0,0,0,0,0,0,0,NONE,Macaranga indica,Tree,Native,LC,NA,0.33,S,Bird,Secondary,16,22.2816920328653,0.0389929610575144,0.0518391946878638
2016-12-29T00:00:00Z,Benchmark,HP37_P4B,Glochidion malabaricum,10,27,25,0,0,0,0,0,0,0,0,0,0,NONE,Phyllanthus assamicus,Tree,Endemic,LC,0.544681677,0.544681677,S,Gravity,Mature,8,11.7127657985518,0.0107747896473213,0.0201656175624267
2016-12-29T00:00:00Z,Benchmark,HP37_P4B,Litsea stocksii,13.7180056412741,50,0,0,0,0,0,0,0,0,0,0,0,no height noted,Litsea stocksii,Tree,Endemic,NT,NA,0.42,M,Bird,Mature,8,15.9154943091895,0.0198943678864869,0.0387572648035845
2016-12-30T00:00:00Z,Benchmark,HP36_P1B,Clerodendrum infortunatum,12,32,0,0,0,0,0,0,0,0,0,0,0,NONE,Clerodendrum infortunatum,Tree,Native,LC,0.484259167,0.484259167,S,Bird,Secondary,4,10.1859163578813,0.00814873308630504,0.016354828964039
2016-12-30T00:00:00Z,Benchmark,HP36_P1B,Dimocarpus longan,19,125,0,0,0,0,0,0,0,0,0,0,0,NONE,Dimocarpus longan,Tree,Native,DD,0.748685273,0.748685273,S,Mammal,Mature,25,39.7887357729738,0.124339799290543,0.560046823137872
2016-12-30T00:00:00Z,Benchmark,HP36_P1B,Syzygium gardneri,13.5,55,0,0,0,0,0,0,0,0,0,0,0,NONE,Syzygium gardneri,Tree,Endemic,NA,0.789375,0.789375,S,Mammal_bird,Mature,60,17.5070437401085,0.0240721851426492,0.0850782730153303
2016-12-30T00:00:00Z,Benchmark,HP36_P1B,Cryptocarya wightiana,20.5,94,0,0,0,0,0,0,0,0,0,0,0,NONE,Cryptocarya wightiana,Tree,Native,VU,NA,0.515,M,Bird,Mature,25,29.9211293012763,0.0703146538579994,0.24000349430536
2016-12-30T00:00:00Z,Benchmark,HP36_P1B,Cinnamomum malabatrum,10.5,61,0,0,0,0,0,0,0,0,0,0,0,NONE,Cinnamomum malabathrum,Tree,Endemic,LC,NA,0.475,S,Bird,Secondary,15,19.4169030572112,0.0296107771622471,0.0496333886993342
2016-12-30T00:00:00Z,Benchmark,HP36_P1B,Myristica dactyloides,27,145,0,0,0,0,0,0,0,0,0,0,0,NONE,Myristica beddomei,Tree,Endemic,EN,0.575521845,0.575521845,L,Bird,Mature,20,46.1549334966496,0.167311633925355,0.815639170074896
2016-12-30T00:00:00Z,Benchmark,HP36_P1B,Bhesa indica,26,160,0,0,0,0,0,0,0,0,0,0,0,NONE,Bhesa indica,Tree,Native,NA,NA,0.655,L,Mammal,Mature,30,50.9295817894065,0.203718327157626,1.0808964070178
2016-12-30T00:00:00Z,Benchmark,HP36_P1B,Antidesma menasu,13,54,12,0,0,0,0,0,0,0,0,0,0,NONE,Antidesma montanum,Tree,Native,LC,NA,0.624,S,Mammal_bird,Mature,10,17.6080328812038,0.02435070629306,0.0659248809636399
2016-12-30T00:00:00Z,Benchmark,HP36_P1B,Ardisia pauciflora,6,29,11,0,0,0,0,0,0,0,0,0,0,NONE,Ardisia pauciflora,Tree,Endemic,NA,NA,0.62,S,Bird,Mature,6,9.87273916721843,0.00765535276272016,0.00995646451601157
2016-12-30T00:00:00Z,Benchmark,HP36_P1B,Clerodendrum infortunatum,12,31,0,0,0,0,0,0,0,0,0,0,0,NONE,Clerodendrum infortunatum,Tree,Native,LC,0.484259167,0.484259167,S,Bird,Secondary,4,9.86760647169751,0.00764739501556557,0.0153720318416866
2016-12-30T00:00:00Z,Benchmark,HP36_P1B,Mastixia arborea,15,73,0,0,0,0,0,0,0,0,0,0,0,NONE,Mastixia arborea,Tree,Native,LC,NA,0.465,L,Mammal,Mature,20,23.2366216914167,0.0424068345868355,0.0977646262840645
2016-12-30T00:00:00Z,Benchmark,HP36_P1B,Palaquium ellipticum,25,215,0,0,0,0,0,0,0,0,0,0,0,NONE,Palaquium ellipticum,Tree,Endemic,NA,0.55093772,0.55093772,L,Mammal,Mature,35,68.436625529515,0.367846862221143,1.56423406727133
2016-12-30T00:00:00Z,Benchmark,HP36_P1B,Palaquium ellipticum,28,165,0,0,0,0,0,0,0,0,0,0,0,NONE,Palaquium ellipticum,Tree,Endemic,NA,0.55093772,0.55093772,L,Mammal,Mature,35,52.5211312203255,0.216649666283843,1.04219099316029
2016-12-30T00:00:00Z,Benchmark,HP36_P1B,Diospyros sylvatica,20,96,0,0,0,0,0,0,0,0,0,0,0,NONE,Diospyros sylvatica,Tree,Endemic,NA,0.701678322,0.701678322,S,Mammal,Mature,35,30.5577490736439,0.0733385977767454,0.330145847603559
2016-12-30T00:00:00Z,Benchmark,HP36_P1B,Aphanamixis polystachya,6.5,42,0,0,0,0,0,0,0,0,0,0,0,NONE,Aphanamixis polystachya,Tree,Native,LC,0.57,0.57,L,Bird,Mature,20,13.3690152197192,0.0140374659807052,0.0179224047402807
2016-12-30T00:00:00Z,Benchmark,HP36_P1B,Dimocarpus longan,23,137,0,0,0,0,0,0,0,0,0,0,0,NONE,Dimocarpus longan,Tree,Native,DD,0.748685273,0.748685273,S,Mammal,Mature,25,43.6084544071793,0.149358956344589,0.807081501264124
2016-12-30T00:00:00Z,Benchmark,HP36_P1B,Ardisia pauciflora,7.5,32,26,0,0,0,0,0,0,0,0,0,0,NONE,Ardisia pauciflora,Tree,Endemic,NA,NA,0.62,S,Bird,Mature,6,13.124252824141,0.0135281701628111,0.0215788650952308
2016-12-30T00:00:00Z,Benchmark,HP36_P1B,Cullenia exarillata,31,267,0,0,0,0,0,0,0,0,0,0,0,NONE,Cullenia exarillata,Tree,Endemic,NA,NA,0.55,L,Gravity,Mature,40,84.9887396110721,0.567299836903906,2.94028447615831
2016-12-30T00:00:00Z,Benchmark,HP36_P1B,Mastixia arborea,18,87,0,0,0,0,0,0,0,0,0,0,0,NONE,Mastixia arborea,Tree,Native,LC,NA,0.465,L,Mammal,Mature,20,27.6929600979898,0.0602321882131278,0.164512157804344
2016-12-30T00:00:00Z,Benchmark,HP36_P2B,Bhesa indica,28,129,0,0,0,0,0,0,0,0,0,0,0,NONE,Bhesa indica,Tree,Native,NA,NA,0.655,L,Mammal,Mature,30,41.061975317709,0.132424870399612,0.76317692806239
2016-12-30T00:00:00Z,Benchmark,HP36_P2B,Cullenia exarillata,25,142,0,0,0,0,0,0,0,0,0,0,0,NONE,Cullenia exarillata,Tree,Endemic,NA,NA,0.55,L,Gravity,Mature,40,45.2000038380983,0.160460013625249,0.694906945326541
2016-12-30T00:00:00Z,Benchmark,HP36_P2B,Cullenia exarillata,20,177,0,0,0,0,0,0,0,0,0,0,0,NONE,Cullenia exarillata,Tree,Endemic,NA,NA,0.55,L,Gravity,Mature,40,56.340849854531,0.249308260606299,0.859249815018845
2016-12-30T00:00:00Z,Benchmark,HP36_P2B,Diospyros sylvatica,23,131,12,0,0,0,0,0,0,0,0,0,0,NONE,Diospyros sylvatica,Tree,Endemic,NA,0.701678322,0.701678322,S,Mammal,Mature,35,41.8731785625435,0.137708814510262,0.699856450427492
2016-12-30T00:00:00Z,Benchmark,HP36_P2B,Palaquium ellipticum,30,180,0,0,0,0,0,0,0,0,0,0,0,NONE,Palaquium ellipticum,Tree,Endemic,NA,0.55093772,0.55093772,L,Mammal,Mature,35,57.2957795130823,0.25783100780887,1.32115779789267
2016-12-30T00:00:00Z,Benchmark,HP36_P2B,Clerodendrum infortunatum,9,33,0,0,0,0,0,0,0,0,0,0,0,NONE,Clerodendrum infortunatum,Tree,Native,LC,0.484259167,0.484259167,S,Bird,Secondary,4,10.5042262440651,0.0086659866513537,0.0131157235076774
2016-12-30T00:00:00Z,Benchmark,HP36_P3B,Gomphandra coriacea,10,73,0,0,0,0,0,0,0,0,0,0,0,NONE,Gomphandra coriacea,Tree,Endemic,NA,NA,0.48,M,Bird,Mature,10,23.2366216914167,0.0424068345868355,0.0678850342253047
2016-12-30T00:00:00Z,Benchmark,HP36_P3B,Aglaia canarana,16,103,0,0,0,0,0,0,0,0,0,0,0,NONE,Aglaia lawii,Tree,Native,LC,0.595,0.595,L,Bird,Mature,30,32.7859182769304,0.0844237395630959,0.259348831078811
2016-12-30T00:00:00Z,Benchmark,HP36_P3B,Lepisanthes deficiens,4.5,30,0,0,0,0,0,0,0,0,0,0,0,NONE,Lepisanthes tetraphylla,Tree,Endemic,LC,0.81,0.81,L,Mammal,Mature,5,9.54929658551372,0.00716197243913529,0.00914605590665721
2016-12-30T00:00:00Z,Benchmark,HP36_P3B,Persea macrantha,10,44,0,0,0,0,0,0,0,0,0,0,0,NONE,Machilus glaucescens,Tree,Endemic,NA,0.427,0.427,S,Bird,Secondary,30,14.0056349920868,0.0154061984912955,0.0225420599885753
2016-12-30T00:00:00Z,Benchmark,HP36_P3B,Ardisia pauciflora,8,23,24,0,0,0,0,0,0,0,0,0,0,NONE,Ardisia pauciflora,Tree,Endemic,NA,NA,0.62,S,Bird,Mature,6,10.581110902206,0.00879331060582722,0.0150934343557939
2016-12-30T00:00:00Z,Benchmark,HP36_P3B,Clerodendrum infortunatum,12,39,0,0,0,0,0,0,0,0,0,0,0,NONE,Clerodendrum infortunatum,Tree,Native,LC,0.484259167,0.484259167,S,Bird,Secondary,4,12.4140855611678,0.0121037334221386,0.0240630881464389
2016-12-30T00:00:00Z,Benchmark,HP36_P3B,Ardisia pauciflora,7.5,31,0,0,0,0,0,0,0,0,0,0,0,NONE,Ardisia pauciflora,Tree,Endemic,NA,NA,0.62,S,Bird,Mature,6,9.86760647169751,0.00764739501556557,0.0123665477586602
2016-12-30T00:00:00Z,Benchmark,HP36_P3B,Cinnamomum malabatrum,12,31,0,0,0,0,0,0,0,0,0,0,0,NONE,Cinnamomum malabathrum,Tree,Endemic,LC,NA,0.475,S,Bird,Secondary,15,9.86760647169751,0.00764739501556557,0.0150851021770971
2016-12-30T00:00:00Z,Benchmark,HP36_P3B,Beilschmiedia wightii,22,176,0,0,0,0,0,0,0,0,0,0,0,NONE,Beilschmiedia wightii,Tree,Endemic,NT,NA,0.495,L,Bird,Mature,25,56.0225399683472,0.246499175860728,0.841504240627317
2016-12-30T00:00:00Z,Benchmark,HP36_P3B,Litsea oleoides,23,120,0,0,0,0,0,0,0,0,0,0,0,NONE,Litsea oleoides,Tree,Endemic,NA,NA,0.42,M,Bird,Mature,12,38.1971863420549,0.114591559026165,0.354467023397828
2016-12-30T00:00:00Z,Benchmark,HP36_P3B,Bhesa indica,27,182,0,0,0,0,0,0,0,0,0,0,0,NONE,Bhesa indica,Tree,Native,NA,NA,0.655,L,Mammal,Mature,30,57.9323992854499,0.263592416748797,1.44210958239989
2016-12-30T00:00:00Z,Benchmark,HP36_P3B,Villebrunea integrifolia,12,82,24,0,0,0,0,0,0,0,0,0,0,NONE,Oreocnide integrifolia,Tree,Native,NA,NA,0.55,S,Bird,Secondary,8,27.196408597259,0.0580915542285418,0.125937295680714
2016-12-30T00:00:00Z,Benchmark,HP36_P3B,Cullenia exarillata,29,226,0,0,0,0,0,0,0,0,0,0,0,NONE,Cullenia exarillata,Tree,Endemic,NA,NA,0.55,L,Gravity,Mature,40,71.9380342775367,0.406449893668082,1.98971317093456
2016-12-30T00:00:00Z,Benchmark,HP36_P3B,Villebrunea integrifolia,12,45,0,0,0,0,0,0,0,0,0,0,0,NONE,Oreocnide integrifolia,Tree,Native,NA,NA,0.55,S,Bird,Secondary,8,14.3239448782706,0.0161144379880544,0.0360265005378551
2016-12-30T00:00:00Z,Benchmark,HP36_P3B,Persea macrantha,15,39,0,0,0,0,0,0,0,0,0,0,0,NONE,Machilus glaucescens,Tree,Endemic,NA,0.427,0.427,S,Bird,Secondary,30,12.4140855611678,0.0121037334221386,0.0264604458989736
2016-12-30T00:00:00Z,Benchmark,HP36_P3B,Persea macrantha,14,66,0,0,0,0,0,0,0,0,0,0,0,NONE,Machilus glaucescens,Tree,Endemic,NA,0.427,0.427,S,Bird,Secondary,30,21.0084524881302,0.0346639466054148,0.0690787868068761
2016-12-30T00:00:00Z,Benchmark,HP36_P3B,Ardisia pauciflora,6.5,20,25,22,0,0,0,0,0,0,0,0,0,NONE,Ardisia pauciflora,Tree,Endemic,NA,NA,0.62,S,Bird,Mature,6,12.3650178372814,0.0120082404562835,0.0167053197884924
2016-12-30T00:00:00Z,Benchmark,HP36_P3B,Villebrunea integrifolia,12.5,52,0,0,0,0,0,0,0,0,0,0,0,NONE,Oreocnide integrifolia,Tree,Native,NA,NA,0.55,S,Bird,Secondary,8,16.5521140815571,0.0215177483060242,0.0497156423497287
2016-12-30T00:00:00Z,Benchmark,HP36_P3B,Neolitsea zeylanica,13,47,0,0,0,0,0,0,0,0,0,0,0,NONE,Neolitsea zeylanica,Tree,Native,LC,NA,0.535334221,S,Bird,Mature,20,14.9605646506382,0.0175786634644998,0.041300766082362
2016-12-30T00:00:00Z,Benchmark,HP36_P3B,Villebrunea integrifolia,6,23,21,0,0,0,0,0,0,0,0,0,0,NONE,Oreocnide integrifolia,Tree,Native,NA,NA,0.55,S,Bird,Secondary,8,9.91370506587056,0.00771901473995693,0.0089296654557352
2016-12-30T00:00:00Z,Benchmark,HP36_P3B,Lepisanthes deficiens,7.5,39,0,0,0,0,0,0,0,0,0,0,0,NONE,Lepisanthes tetraphylla,Tree,Endemic,LC,0.81,0.81,L,Mammal,Mature,5,12.4140855611678,0.0121037334221386,0.0251290259646782
2016-12-30T00:00:00Z,Benchmark,HP36_P3B,Elaeocarpus tuberculatus,36,588,110,0,0,0,0,0,0,0,0,0,0,NONE,Elaeocarpus tuberculatus,Tree,Native,NA,0.45065475,0.45065475,L,Mammal,Mature,40,190.413176117906,2.84763207278881,13.5264676915843
2016-12-30T00:00:00Z,Benchmark,HP36_P3B,Lepisanthes deficiens,7.5,30,0,0,0,0,0,0,0,0,0,0,0,NONE,Lepisanthes tetraphylla,Tree,Endemic,LC,0.81,0.81,L,Mammal,Mature,5,9.54929658551372,0.00716197243913529,0.0150576858222373
2016-12-30T00:00:00Z,Benchmark,HP36_P3B,Cinnamomum malabatrum,15,72,0,0,0,0,0,0,0,0,0,0,0,NONE,Cinnamomum malabathrum,Tree,Endemic,LC,NA,0.475,S,Bird,Secondary,15,22.9183118052329,0.0412529612494193,0.0971644586896725
2016-12-30T00:00:00Z,Benchmark,HP36_P4B,Cullenia exarillata,23,168,0,0,0,0,0,0,0,0,0,0,0,NONE,Cullenia exarillata,Tree,Endemic,NA,NA,0.55,L,Gravity,Mature,40,53.4760608788768,0.224599455691283,0.889447751336027
2016-12-30T00:00:00Z,Benchmark,HP36_P4B,Villebrunea integrifolia,9,49,0,0,0,0,0,0,0,0,0,0,0,NONE,Oreocnide integrifolia,Tree,Native,NA,NA,0.55,S,Bird,Secondary,8,15.5971844230057,0.019106550918182,0.0321272677726008
2016-12-30T00:00:00Z,Benchmark,HP36_P4B,Actinodaphne bourdillonii,24,110,0,0,0,0,0,0,0,0,0,0,0,NONE,Actinodaphne bourdillonii,Tree,Endemic,NT,NA,0.52,S,Bird,Secondary,10,35.014087480217,0.0962887405705967,0.384043418985295
2016-12-30T00:00:00Z,Benchmark,HP36_P4B,Myristica dactyloides,3.5,47,0,0,0,0,0,0,0,0,0,0,0,cut,Myristica beddomei,Tree,Endemic,EN,0.575521845,0.575521845,L,Bird,Mature,20,14.9605646506382,0.0175786634644998,0.0123152187338775
2016-12-30T00:00:00Z,Benchmark,HP36_P4B,Acronychia pedunculata,14,54,0,0,0,0,0,0,0,0,0,0,0,NONE,Acronychia pedunculata,Tree,Native,LC,0.4795,0.4795,S,Mammal_bird,Secondary,10,17.1887338539247,0.0232047907027983,0.0522853040032873
2016-12-30T00:00:00Z,Benchmark,HP36_P4B,Cryptocarya wightiana,13,58,0,0,0,0,0,0,0,0,0,0,0,NONE,Cryptocarya wightiana,Tree,Native,VU,NA,0.515,M,Bird,Mature,25,18.4619733986599,0.0267698614280568,0.0599543061814559
2016-12-30T00:00:00Z,Benchmark,HP36_P4B,Syzygium densiflorum,21,108,0,0,0,0,0,0,0,0,0,0,0,NONE,Syzygium densiflorum,Tree,Endemic,VU,NA,0.68,M,Mammal_bird,Mature,15,34.3774677078494,0.0928191628111934,0.422604650452304
2016-12-30T00:00:00Z,Benchmark,HP36_P4B,Hydnocarpus alpina,13,86,0,0,0,0,0,0,0,0,0,0,0,NONE,Hydnocarpus alpina,Tree,Endemic,NA,0.669757732,0.669757732,M,Mammal,Mature,8,27.374650211806,0.0588554979553829,0.167155922885039
2016-12-30T00:00:00Z,Benchmark,HP36_P4B,Myristica dactyloides,19,129,0,0,0,0,0,0,0,0,0,0,0,NONE,Myristica beddomei,Tree,Endemic,EN,0.575521845,0.575521845,L,Bird,Mature,20,41.061975317709,0.132424870399612,0.460713914384587
2016-12-30T00:00:00Z,Benchmark,HP36_P4B,Gomphandra coriacea,9.5,80,0,0,0,0,0,0,0,0,0,0,0,NONE,Gomphandra coriacea,Tree,Endemic,NA,NA,0.48,M,Bird,Mature,10,25.4647908947033,0.0509295817894065,0.0772071838426169
2016-12-30T00:00:00Z,Benchmark,HP36_P4B,Cryptocarya wightiana,15,10,18,83,10,0,0,0,0,0,0,0,0,cut,Cryptocarya wightiana,Tree,Native,VU,NA,0.515,M,Bird,Mature,25,27.4060930148872,0.058990779657011,0.149066288762524
2016-12-30T00:00:00Z,Benchmark,HP36_P4B,Cinnamomum malabatrum,19,110,0,0,0,0,0,0,0,0,0,0,0,NONE,Cinnamomum malabathrum,Tree,Endemic,LC,NA,0.475,S,Bird,Secondary,15,35.014087480217,0.0962887405705967,0.279892569827195
2016-12-30T00:00:00Z,Benchmark,HP36_P4B,Litsea stocksii,12,50,0,0,0,0,0,0,0,0,0,0,0,NONE,Litsea stocksii,Tree,Endemic,NT,NA,0.42,M,Bird,Mature,8,15.9154943091895,0.0198943678864869,0.0340124583283234
2016-12-30T00:00:00Z,Benchmark,HP36_P4B,Heritiera papilio,30,238,0,0,0,0,0,0,0,0,0,0,0,NONE,Heritiera papilio,Tree,Native,NA,NA,0.688,M,Wind,Mature,30,75.7577529117422,0.450758629824866,2.8308134549835
2016-12-30T00:00:00Z,Benchmark,HP36_P4B,Holigarna nigra,26,160,0,0,0,0,0,0,0,0,0,0,0,NONE,Holigarna nigra,Tree,Endemic,NA,NA,0.493977646,L,Mammal,Mature,35,50.9295817894065,0.203718327157626,0.820712192839753
2016-12-30T00:00:00Z,Benchmark,HP36_P4B,Mesua ferrea,22,238,0,0,0,0,0,0,0,0,0,0,0,NONE,Mesua ferrea,Tree,Native,NA,0.9,0.9,L,Gravity,Mature,35,75.7577529117422,0.450758629824866,2.71831521849613
2016-12-30T00:00:00Z,Benchmark,HP36_P4B,Clerodendrum infortunatum,7.5,34,0,0,0,0,0,0,0,0,0,0,0,NONE,Clerodendrum infortunatum,Tree,Native,LC,0.484259167,0.484259167,S,Bird,Secondary,4,10.8225361302489,0.00919915571071155,0.0116364093876017
2017-01-03T00:00:00Z,Benchmark,OLCA_P1B,Cullenia exarillata,36,282,0,0,0,0,0,0,0,0,0,0,0,NONE,Cullenia exarillata,Tree,Endemic,NA,NA,0.55,L,Gravity,Mature,40,89.763387903829,0.632831884721994,3.7853658152462
2017-01-03T00:00:00Z,Benchmark,OLCA_P1B,Mangifera indica,4.5,34,0,0,0,0,0,0,0,0,0,0,0,NONE,Mangifera indica,Tree,Native,DD,0.543,0.543,L,Mammal,Mature,35,10.8225361302489,0.00919915571071155,0.00790356926776714
2017-01-03T00:00:00Z,Benchmark,OLCA_P1B,Villebrunea integrifolia,7,30,0,0,0,0,0,0,0,0,0,0,0,NONE,Oreocnide integrifolia,Tree,Native,NA,NA,0.55,S,Bird,Secondary,8,9.54929658551372,0.00716197243913529,0.0096477653439341
2017-01-03T00:00:00Z,Benchmark,OLCA_P1B,Palaquium ellipticum,34,295,0,0,0,0,0,0,0,0,0,0,0,NONE,Palaquium ellipticum,Tree,Endemic,NA,0.55093772,0.55093772,L,Mammal,Mature,35,93.9014164242183,0.69252294612861,3.91569102906668
2017-01-03T00:00:00Z,Benchmark,OLCA_P1B,Villebrunea integrifolia,6,31,0,0,0,0,0,0,0,0,0,0,0,NONE,Oreocnide integrifolia,Tree,Native,NA,NA,0.55,S,Bird,Secondary,8,9.86760647169751,0.00764739501556557,0.00884879231916244
2017-01-03T00:00:00Z,Benchmark,OLCA_P1B,Cinnamomum malabatrum,12,35,0,0,0,0,0,0,0,0,0,0,0,NONE,Cinnamomum malabathrum,Tree,Endemic,LC,NA,0.475,S,Bird,Secondary,15,11.1408460164327,0.00974824026437859,0.0191174979534317
2017-01-03T00:00:00Z,Benchmark,OLCA_P1B,Gomphandra coriacea,5.5,46,0,0,0,0,0,0,0,0,0,0,0,NONE,Gomphandra coriacea,Tree,Endemic,NA,NA,0.48,M,Bird,Mature,10,14.6422547644544,0.0168385929791225,0.0153767690203129
2017-01-03T00:00:00Z,Benchmark,OLCA_P1B,Gomphandra coriacea,6.5,70,0,0,0,0,0,0,0,0,0,0,0,NONE,Gomphandra coriacea,Tree,Endemic,NA,NA,0.48,M,Bird,Mature,10,22.2816920328653,0.0389929610575144,0.041077369871889
2017-01-03T00:00:00Z,Benchmark,OLCA_P1B,Palaquium ellipticum,25,162,0,0,0,0,0,0,0,0,0,0,0,NONE,Palaquium ellipticum,Tree,Endemic,NA,0.55093772,0.55093772,L,Mammal,Mature,35,51.5662015617741,0.208843116325185,0.90023350957633
2017-01-03T00:00:00Z,Benchmark,OLCA_P1B,Neolitsea sp.,6.5,30,0,0,0,0,0,0,0,0,0,0,0,NONE,Neolitsea sp.,Tree,Native,NA,NA,0.535334221,S,Bird,Mature,NA,9.54929658551372,0.00716197243913529,0.00874094730631933
2017-01-03T00:00:00Z,Benchmark,OLCA_P1B,Villebrunea integrifolia,8,48,17,0,0,0,0,0,0,0,0,0,0,NONE,Oreocnide integrifolia,Tree,Native,NA,NA,0.55,S,Bird,Secondary,8,16.2088194876919,0.0206344383718642,0.0308714792124283
2017-01-03T00:00:00Z,Benchmark,OLCA_P1B,Villebrunea integrifolia,7,35,17,0,0,0,0,0,0,0,0,0,0,NONE,Oreocnide integrifolia,Tree,Native,NA,NA,0.55,S,Bird,Secondary,8,12.3854863463047,0.0120480291920565,0.0160283529366077
2017-01-03T00:00:00Z,Benchmark,OLCA_P1B,Mesua ferrea,29,220,0,0,0,0,0,0,0,0,0,0,0,NONE,Mesua ferrea,Tree,Native,NA,0.9,0.9,L,Gravity,Mature,35,70.0281749604339,0.385154962282387,3.05299841470627
2017-01-03T00:00:00Z,Benchmark,OLCA_P1B,Palaquium ellipticum,30,215,0,0,0,0,0,0,0,0,0,0,0,NONE,Palaquium ellipticum,Tree,Endemic,NA,0.55093772,0.55093772,L,Mammal,Mature,35,68.436625529515,0.367846862221143,1.86888524928409
2017-01-03T00:00:00Z,Benchmark,OLCA_P2B,Villebrunea integrifolia,7,77,0,0,0,0,0,0,0,0,0,0,0,NONE,Oreocnide integrifolia,Tree,Native,NA,NA,0.55,S,Bird,Secondary,8,24.5098612361519,0.0471814828795924,0.0607457555573669
2017-01-03T00:00:00Z,Benchmark,OLCA_P2B,Villebrunea integrifolia,7.5,23,28,0,0,0,0,0,0,0,0,0,0,NONE,Oreocnide integrifolia,Tree,Native,NA,NA,0.55,S,Bird,Secondary,8,11.5340675445564,0.0104485220139829,0.0149195773830825
2017-01-03T00:00:00Z,Benchmark,OLCA_P2B,Villebrunea integrifolia,12,35,116,0,0,0,0,0,0,0,0,0,0,NONE,Oreocnide integrifolia,Tree,Native,NA,NA,0.55,S,Bird,Secondary,8,38.5680735460453,0.116827685976606,0.249060442341114
2017-01-03T00:00:00Z,Benchmark,OLCA_P2B,Holigarna nigra,24.5,101,0,0,0,0,0,0,0,0,0,0,0,NONE,Holigarna nigra,Tree,Endemic,NA,NA,0.493977646,L,Mammal,Mature,35,32.1492985045629,0.0811769787240212,0.315497637651018
2017-01-03T00:00:00Z,Benchmark,OLCA_P2B,Dimocarpus longan,14.5,101,0,0,0,0,0,0,0,0,0,0,0,NONE,Dimocarpus longan,Tree,Native,DD,0.748685273,0.748685273,S,Mammal,Mature,25,32.1492985045629,0.0811769787240212,0.283741571620378
2017-01-03T00:00:00Z,Benchmark,OLCA_P2B,Villebrunea integrifolia,7.5,36,11,0,0,0,0,0,0,0,0,0,0,NONE,Oreocnide integrifolia,Tree,Native,NA,NA,0.55,S,Bird,Secondary,8,11.98215828727,0.0112761277180608,0.0160718963351262
2017-01-03T00:00:00Z,Benchmark,OLCA_P2B,Villebrunea integrifolia,8,33,0,0,0,0,0,0,0,0,0,0,0,NONE,Oreocnide integrifolia,Tree,Native,NA,NA,0.55,S,Bird,Secondary,8,10.5042262440651,0.0086659866513537,0.0132380919572968
2017-01-03T00:00:00Z,Benchmark,OLCA_P2B,Villebrunea integrifolia,8.5,49,0,0,0,0,0,0,0,0,0,0,0,NONE,Oreocnide integrifolia,Tree,Native,NA,NA,0.55,S,Bird,Secondary,8,15.5971844230057,0.019106550918182,0.0303840719156518
2017-01-03T00:00:00Z,Benchmark,OLCA_P2B,Agrostistachys borneensis,15,94,0,0,0,0,0,0,0,0,0,0,0,NONE,Agrostistachys borneensis,Tree,Native,LC,0.82,0.82,S,Gravity,Mature,15,29.9211293012763,0.0703146538579994,0.278592441667567
2017-01-03T00:00:00Z,Benchmark,OLCA_P2B,Dimocarpus longan,23,203,0,0,0,0,0,0,0,0,0,0,0,NONE,Dimocarpus longan,Tree,Native,DD,0.748685273,0.748685273,S,Mammal,Mature,25,64.6169068953095,0.327930802493696,1.73888600460297
2017-01-03T00:00:00Z,Benchmark,OLCA_P2B,Villebrunea integrifolia,8.5,74,17,21,14,0,0,0,0,0,0,0,0,NONE,Oreocnide integrifolia,Tree,Native,NA,NA,0.55,S,Bird,Secondary,8,25.4687694574796,0.0509454972837157,0.079131121490798
2017-01-03T00:00:00Z,Benchmark,OLCA_P2B,Cullenia exarillata,34,345,0,0,0,0,0,0,0,0,0,0,0,NONE,Cullenia exarillata,Tree,Endemic,NA,NA,0.55,L,Gravity,Mature,40,109.816910733408,0.947170855075642,5.30660366000735
2017-02-14T00:00:00Z,Benchmark,UPMA_P1B,Dendrocnide sinuata,5.5,23,23,0,0,0,0,0,0,0,0,0,0,NONE,Dendrocnide sinuata,Tree,Endemic,NA,NA,0.55,S,Bird,Secondary,5,10.3536376358067,0.00841929648956126,0.00892816796923079
2017-02-14T00:00:00Z,Benchmark,UPMA_P1B,Dendrocnide sinuata,5,20,23,11,21,0,0,0,0,0,0,0,0,NONE,Dendrocnide sinuata,Tree,Endemic,NA,NA,0.55,S,Bird,Secondary,5,12.2910489711304,0.0118650010075008,0.0113704920753523
2017-02-14T00:00:00Z,Benchmark,UPMA_P1B,Drypetes malabarica,21.5,170,0,0,0,0,0,0,0,0,0,0,0,NONE,Drypetes malabarica,Tree,Endemic,NA,NA,0.7175,S,Gravity,Mature,20,54.1126806512444,0.229978892767789,1.10472652499482
2017-02-14T00:00:00Z,Benchmark,UPMA_P1B,Drypetes malabarica,22.5,173,0,0,0,0,0,0,0,0,0,0,0,NONE,Drypetes malabarica,Tree,Endemic,NA,NA,0.7175,S,Gravity,Mature,20,55.0676103097958,0.238167414589867,1.19496361364031
2017-02-14T00:00:00Z,Benchmark,UPMA_P1B,Paracroton pendulus,24,145,0,0,0,0,0,0,0,0,0,0,0,NONE,Paracroton pendulus,Tree,Endemic,LC,0.46,0.46,S,Gravity,Mature,30,46.1549334966496,0.167311633925355,0.584257810228528
2017-02-14T00:00:00Z,Benchmark,UPMA_P1B,Palaquium ellipticum,36,177,0,0,0,0,0,0,0,0,0,0,0,NONE,Palaquium ellipticum,Tree,Endemic,NA,0.55093772,0.55093772,L,Mammal,Mature,35,56.340849854531,0.249308260606299,1.52752200254803
2017-02-14T00:00:00Z,Benchmark,UPMA_P1B,Mesua ferrea,27,410,0,0,0,0,0,0,0,0,0,0,0,NONE,Mesua ferrea,Tree,Native,NA,0.9,0.9,L,Gravity,Mature,35,130.507053335354,1.33769729668738,9.59803174508875
2017-02-14T00:00:00Z,Benchmark,UPMA_P1B,Mallotus stenanthus,6.5,39,0,0,0,0,0,0,0,0,0,0,0,NONE,Mallotus resinosus,Tree,Endemic,LC,NA,0.477298867,S,Gravity,Mature,5,12.4140855611678,0.0121037334221386,0.0130417945208668
2017-02-14T00:00:00Z,Benchmark,UPMA_P1B,Dimocarpus longan,20,103,0,0,0,0,0,0,0,0,0,0,0,NONE,Dimocarpus longan,Tree,Native,DD,0.748685273,0.748685273,S,Mammal,Mature,25,32.7859182769304,0.0844237395630959,0.403511592883921
2017-02-14T00:00:00Z,Benchmark,UPMA_P1B,Villebrunea integrifolia,7.5,50,0,0,0,0,0,0,0,0,0,0,0,NONE,Oreocnide integrifolia,Tree,Native,NA,NA,0.55,S,Bird,Secondary,8,15.9154943091895,0.0198943678864869,0.0279717473658234
2017-02-14T00:00:00Z,Benchmark,UPMA_P1B,Palaquium ellipticum,36.5,390,0,0,0,0,0,0,0,0,0,0,0,NONE,Palaquium ellipticum,Tree,Endemic,NA,0.55093772,0.55093772,L,Mammal,Mature,35,124.140855611678,1.21037334221386,7.23682992923548
2017-02-14T00:00:00Z,Benchmark,UPMA_P1B,Mesua ferrea,27.5,200,0,0,0,0,0,0,0,0,0,0,0,NONE,Mesua ferrea,Tree,Native,NA,0.9,0.9,L,Gravity,Mature,35,63.6619772367581,0.318309886183791,2.40666875992327
2017-02-14T00:00:00Z,Benchmark,UPMA_P2B,Villebrunea integrifolia,9,113,20,32,15,39,0,0,0,0,0,0,0,NONE,Oreocnide integrifolia,Tree,Native,NA,NA,0.55,S,Bird,Secondary,8,40.1865443410506,0.126838531897086,0.203804162478717
2017-02-14T00:00:00Z,Benchmark,UPMA_P2B,Palaquium ellipticum,21.5,233,0,0,0,0,0,0,0,0,0,0,0,NONE,Palaquium ellipticum,Tree,Endemic,NA,0.55093772,0.55093772,L,Mammal,Mature,35,74.1662034808232,0.432018135275795,1.57954176114212
2017-02-14T00:00:00Z,Benchmark,UPMA_P2B,Garcinia morella,16.5,92,0,0,0,0,0,0,0,0,0,0,0,NONE,Garcinia morella,Tree,Native,LC,0.652374698,0.652374698,S,Mammal,Mature,12,29.2845095289087,0.0673543719164901,0.234532869625207
2017-02-14T00:00:00Z,Benchmark,UPMA_P2B,Litsea floribunda,17.5,97,0,0,0,0,0,0,0,0,0,0,0,NONE,Litsea floribunda,Tree,Endemic,NT,0.56358678,0.56358678,S,Bird,Secondary,10,30.8760589598277,0.0748744429775822,0.238779847054367
2017-02-14T00:00:00Z,Benchmark,UPMA_P2B,Antidesma menasu,8,68,0,0,0,0,0,0,0,0,0,0,0,NONE,Antidesma montanum,Tree,Native,LC,NA,0.624,S,Mammal_bird,Mature,10,21.6450722604978,0.0367966228428462,0.0614115070380965
2017-02-14T00:00:00Z,Benchmark,UPMA_P2B,Paracroton pendulus,11.5,32,0,0,0,0,0,0,0,0,0,0,0,NONE,Paracroton pendulus,Tree,Endemic,LC,0.46,0.46,S,Gravity,Mature,30,10.1859163578813,0.00814873308630504,0.0149218223158141
2017-02-14T00:00:00Z,Benchmark,UPMA_P2B,Antidesma menasu,15,83,0,0,0,0,0,0,0,0,0,0,0,NONE,Antidesma montanum,Tree,Native,LC,NA,0.624,S,Mammal_bird,Mature,10,26.4197205532546,0.0548209201480034,0.167371703102795
2017-02-14T00:00:00Z,Benchmark,UPMA_P2B,Villebrunea integrifolia,8,37,0,0,0,0,0,0,0,0,0,0,0,NONE,Oreocnide integrifolia,Tree,Native,NA,NA,0.55,S,Bird,Secondary,8,11.7774657888003,0.0108941558546402,0.0165506840556412
2017-02-14T00:00:00Z,Benchmark,UPMA_P2B,Semecarpus travancorica,14.5,44,0,0,0,0,0,0,0,0,0,0,0,NONE,Semecarpus travancorica,Tree,Endemic,NA,NA,0.33,L,Mammal,Mature,35,14.0056349920868,0.0154061984912955,0.0251918911236712
2017-02-14T00:00:00Z,Benchmark,UPMA_P2B,Coffea robusta,7.5,90,27,0,0,0,0,0,0,0,0,0,0,NONE,Coffea canephora,Tree,Introduced,EN,NA,0.55,S,Mammal,Int,6,29.9092749891769,0.0702589496279172,0.0958384517338915
2017-02-14T00:00:00Z,Benchmark,UPMA_P2B,Paracroton pendulus,9.5,33,0,0,0,0,0,0,0,0,0,0,0,NONE,Paracroton pendulus,Tree,Endemic,LC,0.46,0.46,S,Gravity,Mature,30,10.5042262440651,0.0086659866513537,0.0131499912481545
2017-02-14T00:00:00Z,Benchmark,UPMA_P2B,Unidentified,30.5,120,0,0,0,0,0,0,0,0,0,0,0,NONE,NA,NA,NA,NA,NA,0.55,NA,NA,NA,NA,38.1971863420549,0.114591559026165,0.607447558840394
2017-02-14T00:00:00Z,Benchmark,UPMA_P2B,Antidesma menasu,11.5,58,0,0,0,0,0,0,0,0,0,0,0,NONE,Antidesma montanum,Tree,Native,LC,NA,0.624,S,Mammal_bird,Mature,10,18.4619733986599,0.0267698614280568,0.0641547867628925
2017-02-14T00:00:00Z,Benchmark,UPMA_P2B,Vateria indica,19.5,92,0,0,0,0,0,0,0,0,0,0,0,NONE,Vateria indica,Tree,Endemic,VU,0.48,0.48,L,Gravity,Mature,60,29.2845095289087,0.0673543719164901,0.204623466635757
2017-02-14T00:00:00Z,Benchmark,UPMA_P2B,Villebrunea integrifolia,10.5,38,0,0,0,0,0,0,0,0,0,0,0,NONE,Oreocnide integrifolia,Tree,Native,NA,NA,0.55,S,Bird,Secondary,8,12.095775674984,0.0114909868912348,0.0227346719584943
2017-02-14T00:00:00Z,Benchmark,UPMA_P2B,Palaquium ellipticum,31.5,245,0,0,0,0,0,0,0,0,0,0,0,NONE,Palaquium ellipticum,Tree,Endemic,NA,0.55093772,0.55093772,L,Mammal,Mature,35,77.9859221150287,0.477663772954551,2.52927304142179
2017-02-14T00:00:00Z,Benchmark,UPMA_P3B,Dendrocnide sinuata,6.5,35,0,0,0,0,0,0,0,0,0,0,0,NONE,Dendrocnide sinuata,Tree,Endemic,NA,NA,0.55,S,Bird,Secondary,5,11.1408460164327,0.00974824026437859,0.0121253592367553
2017-02-14T00:00:00Z,Benchmark,UPMA_P3B,Paracroton pendulus,10.5,56,0,0,0,0,0,0,0,0,0,0,0,NONE,Paracroton pendulus,Tree,Endemic,LC,0.46,0.46,S,Gravity,Mature,30,17.8253536262923,0.0249554950768092,0.0407072532445751
2017-02-14T00:00:00Z,Benchmark,UPMA_P3B,Vateria indica,15,65,0,0,0,0,0,0,0,0,0,0,0,NONE,Vateria indica,Tree,Endemic,VU,0.48,0.48,L,Gravity,Mature,60,20.6901426019464,0.0336214817281629,0.0803969844343646
2017-02-14T00:00:00Z,Benchmark,UPMA_P3B,Vateria indica,34.5,289,0,0,0,0,0,0,0,0,0,0,0,NONE,Vateria indica,Tree,Endemic,VU,0.48,0.48,L,Gravity,Mature,60,91.9915571071155,0.66463900009891,3.33543010413081
2017-02-14T00:00:00Z,Benchmark,UPMA_P3B,Diospyros sylvatica,9.5,61,0,0,0,0,0,0,0,0,0,0,0,NONE,Diospyros sylvatica,Tree,Endemic,NA,0.701678322,0.701678322,S,Mammal,Mature,35,19.4169030572112,0.0296107771622471,0.0658762991975672
2017-02-14T00:00:00Z,Benchmark,UPMA_P3B,Aglaia exstipulata,11.5,67,0,0,0,0,0,0,0,0,0,0,0,NONE,Aglaia exstipulata,Tree,Native,NT,0.83,0.83,L,Bird,Mature,20,21.326762374314,0.0357223269769759,0.112314465814503
2017-02-14T00:00:00Z,Benchmark,UPMA_P3B,Cryptocarya wightiana,10.5,36,0,0,0,0,0,0,0,0,0,0,0,NONE,Cryptocarya wightiana,Tree,Native,VU,NA,0.515,M,Bird,Mature,25,11.4591559026165,0.0103132403123548,0.0191859568590967
2017-02-14T00:00:00Z,Benchmark,UPMA_P3B,Palaquium ellipticum,32.5,180,0,0,0,0,0,0,0,0,0,0,0,NONE,Palaquium ellipticum,Tree,Endemic,NA,0.55093772,0.55093772,L,Mammal,Mature,35,57.2957795130823,0.25783100780887,1.42850744503283
2017-02-14T00:00:00Z,Benchmark,UPMA_P3B,Syzygium densiflorum,10.5,33,0,0,0,0,0,0,0,0,0,0,0,NONE,Syzygium densiflorum,Tree,Endemic,VU,NA,0.68,M,Mammal_bird,Mature,15,10.5042262440651,0.0086659866513537,0.0212336686528681
2017-02-14T00:00:00Z,Benchmark,UPMA_P3B,Syzygium sp.,14,33,0,0,0,0,0,0,0,0,0,0,0,NONE,Syzygium sp.,Tree,Native,NA,NA,0.68,NA,Mammal_bird,NA,NA,10.5042262440651,0.0086659866513537,0.0281167579982728
2017-02-14T00:00:00Z,Benchmark,UPMA_P3B,Cryptocarya wightiana,10,33,17,27,0,0,0,0,0,0,0,0,0,NONE,Cryptocarya wightiana,Tree,Native,VU,NA,0.515,M,Bird,Mature,25,14.6110825722944,0.0167669732547312,0.0293965803692573
2017-02-14T00:00:00Z,Benchmark,UPMA_P3B,Paracroton pendulus,10.5,40,0,0,0,0,0,0,0,0,0,0,0,NONE,Paracroton pendulus,Tree,Endemic,LC,0.46,0.46,S,Gravity,Mature,30,12.7323954473516,0.0127323954473516,0.0211071634546116
2017-02-14T00:00:00Z,Benchmark,UPMA_P3B,Diospyros sylvatica,10.5,32,0,0,0,0,0,0,0,0,0,0,0,NONE,Diospyros sylvatica,Tree,Endemic,NA,0.701678322,0.701678322,S,Mammal,Mature,35,10.1859163578813,0.00814873308630504,0.0206177196611751
2017-02-14T00:00:00Z,Benchmark,UPMA_P3B,Cinnamomum malabatrum,12.5,44,0,0,0,0,0,0,0,0,0,0,0,NONE,Cinnamomum malabathrum,Tree,Endemic,LC,NA,0.475,S,Bird,Secondary,15,14.0056349920868,0.0154061984912955,0.0310980480925159
2017-02-14T00:00:00Z,Benchmark,UPMA_P3B,Palaquium ellipticum,34,216,0,0,0,0,0,0,0,0,0,0,0,NONE,Palaquium ellipticum,Tree,Endemic,NA,0.55093772,0.55093772,L,Mammal,Mature,35,68.7549354156988,0.371276651244773,2.13093186244478
2017-02-14T00:00:00Z,Benchmark,UPMA_P3B,Dendrocnide sinuata,6.5,34,0,0,0,0,0,0,0,0,0,0,0,NONE,Dendrocnide sinuata,Tree,Endemic,NA,NA,0.55,S,Bird,Secondary,5,10.8225361302489,0.00919915571071155,0.0114583118474095
2017-02-14T00:00:00Z,Benchmark,UPMA_P3B,Vateria indica,25.5,110,0,0,0,0,0,0,0,0,0,0,0,NONE,Vateria indica,Tree,Endemic,VU,0.48,0.48,L,Gravity,Mature,60,35.014087480217,0.0962887405705967,0.376833544971857
2017-02-14T00:00:00Z,Benchmark,UPMA_P3B,Vateria indica,34.5,241,0,0,0,0,0,0,0,0,0,0,0,NONE,Vateria indica,Tree,Endemic,VU,0.48,0.48,L,Gravity,Mature,60,76.7126825702936,0.462193912486019,2.33978806975261
2017-02-15T00:00:00Z,Benchmark,UPMA_P4B,Vateria indica,32.5,96,0,0,0,0,0,0,0,0,0,0,0,NONE,Vateria indica,Tree,Endemic,VU,0.48,0.48,L,Gravity,Mature,60,30.5577490736439,0.0733385977767454,0.366066026817248
2017-02-15T00:00:00Z,Benchmark,UPMA_P4B,Reinwardtiodendron anaimalaiense,17.5,30,0,0,0,0,0,0,0,0,0,0,0,NONE,Reinwardtiodendron anamalaiense,Tree,Endemic,NA,0.738828128,0.738828128,S,Bird,Mature,20,9.54929658551372,0.00716197243913529,0.0314717269355636
2017-02-15T00:00:00Z,Benchmark,UPMA_P4B,Apollonias arnottii,7,33,15,10,0,0,0,0,0,0,0,0,0,NONE,Apollonias arnottii,Tree,Endemic,NA,NA,0.55,S,Bird,Mature,6,11.9694675600156,0.011252254476597,0.0149942471933267
2017-02-15T00:00:00Z,Benchmark,UPMA_P4B,Harpullia arborea,20.5,133,0,0,0,0,0,0,0,0,0,0,0,NONE,Harpullia arborea,Tree,Native,LC,0.54,0.54,M,Gravity,Mature,15,42.3352148624442,0.140764589417627,0.49490615131996
2017-02-15T00:00:00Z,Benchmark,UPMA_P4B,Glochidion malabaricum,11,69,0,0,0,0,0,0,0,0,0,0,0,NONE,Phyllanthus assamicus,Tree,Endemic,LC,0.544681677,0.544681677,S,Gravity,Mature,8,21.9633821466816,0.0378868342030257,0.0755065098103486
2017-02-15T00:00:00Z,Benchmark,UPMA_P4B,Vateria indica,11.5,40,0,0,0,0,0,0,0,0,0,0,0,NONE,Vateria indica,Tree,Endemic,VU,0.48,0.48,L,Gravity,Mature,60,12.7323954473516,0.0127323954473516,0.0240452896852129
2017-02-15T00:00:00Z,Benchmark,UPMA_P4B,Palaquium ellipticum,25.5,182,0,0,0,0,0,0,0,0,0,0,0,NONE,Palaquium ellipticum,Tree,Endemic,NA,0.55093772,0.55093772,L,Mammal,Mature,35,57.9323992854499,0.263592416748797,1.15195359208717
2017-02-15T00:00:00Z,Benchmark,UPMA_P4B,Villebrunea integrifolia,8.5,33,0,0,0,0,0,0,0,0,0,0,0,NONE,Oreocnide integrifolia,Tree,Native,NA,NA,0.55,S,Bird,Secondary,8,10.5042262440651,0.0086659866513537,0.0140450224505813
2017-02-15T00:00:00Z,Benchmark,UPMA_P4B,Ardisia pauciflora,7.5,31,21,0,0,0,0,0,0,0,0,0,0,NONE,Ardisia pauciflora,Tree,Endemic,NA,NA,0.62,S,Bird,Mature,6,11.9185695226633,0.0111567615107419,0.0178787237491273
2017-02-15T00:00:00Z,Benchmark,UPMA_P4B,Drypetes malabarica,12.5,75,0,0,0,0,0,0,0,0,0,0,0,NONE,Drypetes malabarica,Tree,Endemic,NA,NA,0.7175,S,Gravity,Mature,20,23.8732414637843,0.0447623277445956,0.131723211079801
2017-02-15T00:00:00Z,Benchmark,UPMA_P4B,Meiogyne pannosa,4.5,20,24,0,0,0,0,0,0,0,0,0,0,NONE,Meiogyne pannosa,Tree,Endemic,NT,NA,0.55,S,Bird,Mature,8,9.94431874161934,0.00776676122288449,0.00678435853422856
2017-02-15T00:00:00Z,Benchmark,UPMA_P4B,Calophyllum polyanthum,38.5,48,0,0,0,0,0,0,0,0,0,0,0,NONE,Calophyllum polyanthum,Tree,Native,NA,0.447545977,0.447545977,L,Mammal,Mature,35,15.278874536822,0.0183346494441863,0.104252503259639
2017-02-15T00:00:00Z,Benchmark,UPMA_P4B,Mesua ferrea,34,279,0,0,0,0,0,0,0,0,0,0,0,NONE,Mesua ferrea,Tree,Native,NA,0.9,0.9,L,Gravity,Mature,35,88.8084582452776,0.619438996260811,5.66969749287068
2017-02-15T00:00:00Z,Benchmark,UPMA_P4B,Cullenia exarillata,21.5,134,0,0,0,0,0,0,0,0,0,0,0,NONE,Cullenia exarillata,Tree,Endemic,NA,NA,0.55,L,Gravity,Mature,40,42.653524748628,0.142889307907904,0.535597891803585
2017-02-15T00:00:00Z,Benchmark,UPMA_P4B,Gomphandra coriacea,7,61,0,0,0,0,0,0,0,0,0,0,0,NONE,Gomphandra coriacea,Tree,Endemic,NA,NA,0.48,M,Bird,Mature,10,19.4169030572112,0.0296107771622471,0.0337557174763833
2017-02-15T00:00:00Z,Benchmark,UPMA_P4B,Paracroton pendulus,10,37,0,0,0,0,0,0,0,0,0,0,0,NONE,Paracroton pendulus,Tree,Endemic,LC,0.46,0.46,S,Gravity,Mature,30,11.7774657888003,0.0108941558546402,0.0172845381601586
2017-02-15T00:00:00Z,Benchmark,UPMA_P4B,Villebrunea integrifolia,10.5,33,0,0,0,0,0,0,0,0,0,0,0,NONE,Oreocnide integrifolia,Tree,Native,NA,NA,0.55,S,Bird,Secondary,8,10.5042262440651,0.0086659866513537,0.0172619685944374
2017-02-15T00:00:00Z,Benchmark,UPMA_P4B,Glochidion malabaricum,12.5,113,0,0,0,0,0,0,0,0,0,0,0,NONE,Phyllanthus assamicus,Tree,Endemic,LC,0.544681677,0.544681677,S,Gravity,Mature,8,35.9690171387683,0.101612473417021,0.224050029060581
2017-02-15T00:00:00Z,Benchmark,UPMA_P4B,Syzygium densiflorum,6.5,14,48,0,0,0,0,0,0,0,0,0,0,NONE,Syzygium densiflorum,Tree,Endemic,VU,NA,0.68,M,Mammal_bird,Mature,15,15.9154943091895,0.0198943678864869,0.0299225053988062
2017-02-15T00:00:00Z,Benchmark,UPMA_P4B,Villebrunea integrifolia,10.5,42,0,0,0,0,0,0,0,0,0,0,0,NONE,Oreocnide integrifolia,Tree,Native,NA,NA,0.55,S,Bird,Secondary,8,13.3690152197192,0.0140374659807052,0.0276397255487724
2017-02-15T00:00:00Z,Benchmark,UPMA_P4B,Villebrunea integrifolia,12.5,66,0,0,0,0,0,0,0,0,0,0,0,NONE,Oreocnide integrifolia,Tree,Native,NA,NA,0.55,S,Bird,Secondary,8,21.0084524881302,0.0346639466054148,0.0791779567925952
2017-02-15T00:00:00Z,Benchmark,UPMA_P5B,Drypetes malabarica,21.5,112,0,0,0,0,0,0,0,0,0,0,0,NONE,Drypetes malabarica,Tree,Endemic,NA,NA,0.7175,S,Gravity,Mature,20,35.6507072525846,0.0998219803072368,0.489206329536509
2017-02-15T00:00:00Z,Benchmark,UPMA_P5B,Agrostistachys borneensis,8.5,45,0,0,0,0,0,0,0,0,0,0,0,NONE,Agrostistachys borneensis,Tree,Native,LC,0.82,0.82,S,Gravity,Mature,15,14.3239448782706,0.0161144379880544,0.0379963945750864
2017-02-15T00:00:00Z,Benchmark,UPMA_P5B,Vateria indica,21,58,0,0,0,0,0,0,0,0,0,0,0,NONE,Vateria indica,Tree,Endemic,VU,0.48,0.48,L,Gravity,Mature,60,18.4619733986599,0.0267698614280568,0.0893851335655871
2017-02-15T00:00:00Z,Benchmark,UPMA_P5B,Actinodaphne malabarica,6.5,60,0,0,0,0,0,0,0,0,0,0,0,NONE,Actinodaphne wightiana,Tree,Endemic,LC,0.619460212,0.619460212,S,Bird,Secondary,12,19.0985931710274,0.0286478897565412,0.0389974439292014
2017-02-15T00:00:00Z,Benchmark,UPMA_P5B,Diospyros sylvatica,8.5,32,0,0,0,0,0,0,0,0,0,0,0,NONE,Diospyros sylvatica,Tree,Endemic,NA,0.701678322,0.701678322,S,Mammal,Mature,35,10.1859163578813,0.00814873308630504,0.0167753946449833
2017-02-15T00:00:00Z,Benchmark,UPMA_P5B,Agrostistachys borneensis,11.5,38,0,0,0,0,0,0,0,0,0,0,0,NONE,Agrostistachys borneensis,Tree,Native,LC,0.82,0.82,S,Gravity,Mature,15,12.095775674984,0.0114909868912348,0.0366891257595208
2017-02-15T00:00:00Z,Benchmark,UPMA_P5B,Vateria indica,20,52,0,0,0,0,0,0,0,0,0,0,0,NONE,Vateria indica,Tree,Endemic,VU,0.48,0.48,L,Gravity,Mature,60,16.5521140815571,0.0215177483060242,0.0688670723597711
2017-02-15T00:00:00Z,Benchmark,UPMA_P5B,Agrostistachys borneensis,12.5,40,0,0,0,0,0,0,0,0,0,0,0,NONE,Agrostistachys borneensis,Tree,Native,LC,0.82,0.82,S,Gravity,Mature,15,12.7323954473516,0.0127323954473516,0.0439910133623491
2017-02-15T00:00:00Z,Benchmark,UPMA_P5B,Vateria indica,31,250,0,0,0,0,0,0,0,0,0,0,0,NONE,Vateria indica,Tree,Endemic,VU,0.48,0.48,L,Gravity,Mature,60,79.5774715459477,0.497359197162173,2.26420491317172
2017-02-15T00:00:00Z,Benchmark,UPMA_P5B,Palaquium ellipticum,26.5,122,0,0,0,0,0,0,0,0,0,0,0,NONE,Palaquium ellipticum,Tree,Endemic,NA,0.55093772,0.55093772,L,Mammal,Mature,35,38.8338061144225,0.118443108648989,0.547841314005596
2017-02-15T00:00:00Z,Benchmark,UPMA_P5B,Paracroton pendulus,18.5,85,0,0,0,0,0,0,0,0,0,0,0,NONE,Paracroton pendulus,Tree,Endemic,LC,0.46,0.46,S,Gravity,Mature,30,27.0563403256222,0.0574947231919472,0.159776669546984
2017-02-15T00:00:00Z,Benchmark,UPMA_P5B,Orophea malabarica,12,45,0,0,0,0,0,0,0,0,0,0,0,NONE,Orophea malabarica,Tree,Endemic,NA,NA,0.55,NA,Bird,Mature,NA,14.3239448782706,0.0161144379880544,0.0360265005378551
2017-02-15T00:00:00Z,Benchmark,UPMA_P5B,Vateria indica,21.5,71,0,0,0,0,0,0,0,0,0,0,0,NONE,Vateria indica,Tree,Endemic,VU,0.48,0.48,L,Gravity,Mature,60,22.6000019190491,0.0401150034063122,0.135732563651649
2017-02-15T00:00:00Z,Benchmark,UPMA_P5B,Vateria indica,17,57,0,0,0,0,0,0,0,0,0,0,0,NONE,Vateria indica,Tree,Endemic,VU,0.48,0.48,L,Gravity,Mature,60,18.1436635124761,0.0258547205052784,0.0702997343459056
2017-02-15T00:00:00Z,Benchmark,UPMA_P5B,Paracroton pendulus,24.5,111,0,0,0,0,0,0,0,0,0,0,0,NONE,Paracroton pendulus,Tree,Endemic,LC,0.46,0.46,S,Gravity,Mature,30,35.3323973664008,0.0980474026917621,0.353854373199306
2017-02-15T00:00:00Z,Benchmark,UPMA_P5B,Drypetes wightii,17,90,0,0,0,0,0,0,0,0,0,0,0,NONE,Drypetes wightii,Tree,Endemic,VU,NA,0.7175,M,Bird,Mature,12,28.6478897565412,0.0644577519522176,0.253838840924806
2017-02-15T00:00:00Z,Benchmark,UPMA_P5B,Agrostistachys borneensis,17.5,77,0,0,0,0,0,0,0,0,0,0,0,NONE,Agrostistachys borneensis,Tree,Native,LC,0.82,0.82,S,Gravity,Mature,15,24.5098612361519,0.0471814828795924,0.219378327734144
2017-02-15T00:00:00Z,Benchmark,UPMA_P5B,Agrostistachys borneensis,15.5,38,57,0,0,0,0,0,0,0,0,0,0,NONE,Agrostistachys borneensis,Tree,Native,LC,0.82,0.82,S,Gravity,Mature,15,21.8059697063325,0.0373457073965133,0.155116561438775
2017-02-15T00:00:00Z,Benchmark,UPMA_P5B,Agrostistachys borneensis,14.5,46,0,0,0,0,0,0,0,0,0,0,0,NONE,Agrostistachys borneensis,Tree,Native,LC,0.82,0.82,S,Gravity,Mature,15,14.6422547644544,0.0168385929791225,0.0667970292871882
2017-02-15T00:00:00Z,Benchmark,UPMA_P5B,Agrostistachys borneensis,14.5,71,0,0,0,0,0,0,0,0,0,0,0,NONE,Agrostistachys borneensis,Tree,Native,LC,0.82,0.82,S,Gravity,Mature,15,22.6000019190491,0.0401150034063122,0.155851202485514
2017-02-15T00:00:00Z,Benchmark,UPMA_P5B,Paracroton pendulus,25.5,148,0,0,0,0,0,0,0,0,0,0,0,NONE,Paracroton pendulus,Tree,Endemic,LC,0.46,0.46,S,Gravity,Mature,30,47.109863155201,0.174306493674244,0.645152075749978
2017-02-15T00:00:00Z,Benchmark,UPMA_P5B,Drypetes confertiflora,20.5,79,0,0,0,0,0,0,0,0,0,0,0,NONE,Drypetes confertiflora,Tree,Endemic,NA,NA,0.7175,L,Mammal,Mature,25,25.1464810085195,0.049664299991826,0.236264461620533
2017-02-15T00:00:00Z,Benchmark,UPMA_P5B,Villebrunea integrifolia,11,44,0,0,0,0,0,0,0,0,0,0,0,NONE,Oreocnide integrifolia,Tree,Native,NA,NA,0.55,S,Bird,Secondary,8,14.0056349920868,0.0154061984912955,0.0316730029202367
2017-02-15T00:00:00Z,Benchmark,UPMA_P5B,Agrostistachys borneensis,14.5,55,0,0,0,0,0,0,0,0,0,0,0,NONE,Agrostistachys borneensis,Tree,Native,LC,0.82,0.82,S,Gravity,Mature,15,17.5070437401085,0.0240721851426492,0.0946764206700268
2017-02-15T00:00:00Z,Benchmark,UPMA_P5B,Aglaia elaeagnoidea,13.5,37,0,0,0,0,0,0,0,0,0,0,0,NONE,Aglaia elaeagnoidea,Tree,Native,LC,0.641083454,0.641083454,M,Mammal_bird,Mature,10,11.7774657888003,0.0108941558546402,0.0320302635845583
2017-02-15T00:00:00Z,Benchmark,UPMA_P5B,Paracroton pendulus,15.5,75,0,0,0,0,0,0,0,0,0,0,0,NONE,Paracroton pendulus,Tree,Endemic,LC,0.46,0.46,S,Gravity,Mature,30,23.8732414637843,0.0447623277445956,0.105295870161854
2017-02-15T00:00:00Z,Benchmark,UPMA_P5B,Croton malabaricus,20.5,78,0,0,0,0,0,0,0,0,0,0,0,NONE,Croton malabaricus,Tree,Endemic,NA,NA,0.53,S,Gravity,Secondary,18,24.8281711223357,0.0484149336885546,0.171478648598913
2017-02-15T00:00:00Z,Benchmark,UPMA_P5B,Vateria indica,16.5,86,0,0,0,0,0,0,0,0,0,0,0,NONE,Vateria indica,Tree,Endemic,VU,0.48,0.48,L,Gravity,Mature,60,27.374650211806,0.0588554979553829,0.15239584443377
2017-02-15T00:00:00Z,Benchmark,UPMA_P5B,Mangifera indica,11.5,31,20,0,0,0,0,0,0,0,0,0,0,NONE,Mangifera indica,Tree,Native,DD,0.543,0.543,L,Mammal,Mature,35,11.7430034887682,0.0108304938774035,0.0231594172226368
2017-02-15T00:00:00Z,Benchmark,UPMA_P5B,Croton malabaricus,22.5,102,0,0,0,0,0,0,0,0,0,0,0,NONE,Croton malabaricus,Tree,Endemic,NA,NA,0.53,S,Gravity,Secondary,18,32.4676083907466,0.082792401396404,0.317020460397528
2017-02-15T00:00:00Z,Benchmark,UPMA_P5B,Dysoxylum malabaricum,11.5,30,13,0,0,0,0,0,0,0,0,0,0,NONE,Dysoxylum malabaricum,Tree,Endemic,EN,0.58,0.58,L,Bird,Mature,35,10.4073217166406,0.00850683170826181,0.0195121634282907
2017-03-28T00:00:00Z,Fragment,STM2_04U,Eucalyptus sp.,19,98,0,0,0,0,0,0,0,0,0,0,0,NONE,Eucalyptus sp.,Tree,Introduced,NA,NA,0.544,S,Wind,Int,45,31.1943688460115,0.0764262036727281,0.255010293468975
2017-03-28T00:00:00Z,Fragment,STM2_04U,Eucalyptus sp.,19,20,65,86,0,0,0,0,0,0,0,0,0,fissured bark,Eucalyptus sp.,Tree,Introduced,NA,NA,0.544,S,Wind,Int,45,34.8995981146566,0.0956600785453837,0.317472735512751
2017-03-28T00:00:00Z,Fragment,STM2_04U,Actinodaphne malabarica,7,30,0,0,0,0,0,0,0,0,0,0,0,NONE,Actinodaphne wightiana,Tree,Endemic,LC,0.619460212,0.619460212,S,Bird,Secondary,12,9.54929658551372,0.00716197243913529,0.010835222694971
2017-03-28T00:00:00Z,Fragment,STM2_04U,Eucalyptus sp.,12,74,0,0,0,0,0,0,0,0,0,0,0,NONE,Eucalyptus sp.,Tree,Introduced,NA,NA,0.544,S,Wind,Int,45,23.5549315776005,0.0435766234185609,0.0941113730856686
2017-03-28T00:00:00Z,Fragment,STM2_04U,Clerodendrum infortunatum,5.5,31,0,0,0,0,0,0,0,0,0,0,0,NONE,Clerodendrum infortunatum,Tree,Native,LC,0.484259167,0.484259167,S,Bird,Secondary,4,9.86760647169751,0.00764739501556557,0.00717867619381204
2017-03-28T00:00:00Z,Fragment,STM2_04U,Eucalyptus sp.,18,64,31,0,0,0,0,0,0,0,0,0,0,NONE,Eucalyptus sp.,Tree,Introduced,NA,NA,0.544,S,Wind,Int,45,22.6358394074375,0.0402423273607857,0.12934998553686
2017-03-28T00:00:00Z,Fragment,STM1_02U,Artocarpus heterophyllus,11,171,0,0,0,0,0,0,0,0,0,0,0,NONE,Artocarpus heterophyllus,Tree,Native,NA,0.484,0.484,L,Mammal,Mature,20,54.4309905374282,0.232692484547506,0.395633548965982
2017-03-28T00:00:00Z,Fragment,STM1_02U,Elaeocarpus tuberculatus,12.5,107,0,0,0,0,0,0,0,0,0,0,0,NONE,Elaeocarpus tuberculatus,Tree,Native,NA,0.45065475,0.45065475,L,Mammal,Mature,40,34.0591578216656,0.0911082471729555,0.167405366303246
2017-03-28T00:00:00Z,Fragment,STM1_02U,Syzygium munronii,7,35,0,0,0,0,0,0,0,0,0,0,0,NONE,Syzygium munronii,Tree,Endemic,NA,0.662791,0.662791,M,Mammal_bird,Mature,8,11.1408460164327,0.00974824026437859,0.0156378284438157
2017-03-28T00:00:00Z,Fragment,STM1_02U,Actinodaphne malabarica,11.5,82,0,0,0,0,0,0,0,0,0,0,0,NONE,Actinodaphne wightiana,Tree,Endemic,LC,0.619460212,0.619460212,S,Bird,Secondary,12,26.1014106670708,0.0535078918674952,0.125223891954983
2017-03-28T00:00:00Z,Fragment,STM1_02U,Ficus exasperata,7,49,0,0,0,0,0,0,0,0,0,0,0,NONE,Ficus exasperata,Tree,Native,LC,NA,0.42,S,Mammal_bird,Secondary,18,15.5971844230057,0.019106550918182,0.0193217346417302
2017-03-28T00:00:00Z,Fragment,STM1_02U,Ficus exasperata,8,42,30,65,44,0,0,0,0,0,0,0,0,NONE,Ficus exasperata,Tree,Native,LC,NA,0.42,S,Mammal_bird,Secondary,18,29.9024989866003,0.0702271186392988,0.0784153465844067
2017-05-11T00:00:00Z,Fragment,STIN_02U,Eucalyptus sp.,8,37,0,0,0,0,0,0,0,0,0,0,0,NONE,Eucalyptus sp.,Tree,Introduced,NA,NA,0.544,S,Wind,Int,45,11.7774657888003,0.0108941558546402,0.0163744412535471
2017-05-11T00:00:00Z,Fragment,STIN_02U,Ficus racemosa,5.5,31,41,19,28,0,0,0,0,0,0,0,0,NONE,Ficus racemosa,Tree,Native,LC,0.383,0.383,S,Mammal_bird,Secondary,30,19.5883465982592,0.0301359884744504,0.0217715112774513
2017-05-11T00:00:00Z,Fragment,STIN_02U,Macaranga indica,8,32,0,0,0,0,0,0,0,0,0,0,0,NONE,Macaranga indica,Tree,Native,LC,NA,0.33,S,Bird,Secondary,16,10.1859163578813,0.00814873308630504,0.00757206896818678
2017-05-11T00:00:00Z,Fragment,STIN_02U,Eucalyptus sp.,28,119,0,0,0,0,0,0,0,0,0,0,0,NONE,Eucalyptus sp.,Tree,Introduced,NA,NA,0.544,S,Wind,Int,45,37.8788764558711,0.112689657456217,0.543894671390541
2017-05-11T00:00:00Z,Fragment,INOA_03U,Eucalyptus sp.,23.5,78,0,0,0,0,0,0,0,0,0,0,0,NONE,Eucalyptus sp.,Tree,Introduced,NA,NA,0.544,S,Wind,Int,45,24.8281711223357,0.0484149336885546,0.200979515433201
2017-05-11T00:00:00Z,Fragment,INOA_03U,Eucalyptus sp.,19,76,33,76,0,0,0,0,0,0,0,0,0,NONE,Eucalyptus sp.,Tree,Introduced,NA,NA,0.544,S,Wind,Int,45,35.7882813560919,0.100593881781232,0.333444139086592
2017-05-11T00:00:00Z,Fragment,INOA_03U,Eucalyptus sp.,29,147,21,9,0,0,0,0,0,0,0,0,0,NONE,Eucalyptus sp.,Tree,Introduced,NA,NA,0.544,S,Wind,Int,45,47.3533432313768,0.176112902278337,0.870246641638387
2017-05-11T00:00:00Z,Fragment,INOA_03U,Eucalyptus sp.,25.5,115,55,0,0,0,0,0,0,0,0,0,0,NONE,Eucalyptus sp.,Tree,Introduced,NA,NA,0.544,S,Wind,Int,45,40.5767080255162,0.129313391262165,0.567802103920125
2017-05-11T00:00:00Z,Fragment,INOA_03U,Eucalyptus sp.,21.5,101,0,0,0,0,0,0,0,0,0,0,0,NONE,Eucalyptus sp.,Tree,Introduced,NA,NA,0.544,S,Wind,Int,45,32.1492985045629,0.0811769787240212,0.305151954013336
2017-05-11T00:00:00Z,Fragment,INOA_03U,Eucalyptus sp.,31.5,103,108,0,0,0,0,0,0,0,0,0,0,NONE,Eucalyptus sp.,Tree,Introduced,NA,NA,0.544,S,Wind,Int,45,47.5050178745971,0.177242902374289,0.949301189640193
2017-05-11T00:00:00Z,Fragment,INOA_03U,Eucalyptus sp.,20,61,0,0,0,0,0,0,0,0,0,0,0,NONE,Eucalyptus sp.,Tree,Introduced,NA,NA,0.544,S,Wind,Int,45,19.4169030572112,0.0296107771622471,0.106264942234538
2017-05-11T00:00:00Z,Fragment,INOA_03U,Eucalyptus sp.,30,122,98,45,119,0,0,0,0,0,0,0,0,NONE,Eucalyptus sp.,Tree,Introduced,NA,NA,0.544,S,Wind,Int,45,64.1960888486865,0.323673407765988,1.62923796067928
2017-05-11T00:00:00Z,Fragment,INBS_04U,Eucalyptus sp.,13,39,0,0,0,0,0,0,0,0,0,0,0,NONE,Eucalyptus sp.,Tree,Introduced,NA,NA,0.544,S,Wind,Int,45,12.4140855611678,0.0121037334221386,0.0291465879644969
2017-05-11T00:00:00Z,Fragment,INBS_04U,Eucalyptus sp.,11,48,0,0,0,0,0,0,0,0,0,0,0,NONE,Eucalyptus sp.,Tree,Introduced,NA,NA,0.544,S,Wind,Int,45,15.278874536822,0.0183346494441863,0.0371366780675365
2017-05-11T00:00:00Z,Fragment,INBS_04U,Eucalyptus sp.,9.5,39,0,0,0,0,0,0,0,0,0,0,0,NONE,Eucalyptus sp.,Tree,Introduced,NA,NA,0.544,S,Wind,Int,45,12.4140855611678,0.0121037334221386,0.0214603721269179
2017-05-11T00:00:00Z,Fragment,INBS_04U,Eucalyptus sp.,15,54,0,0,0,0,0,0,0,0,0,0,0,NONE,Eucalyptus sp.,Tree,Introduced,NA,NA,0.544,S,Wind,Int,45,17.1887338539247,0.0232047907027983,0.0632584555986404
2017-05-11T00:00:00Z,Fragment,INBS_04U,Eucalyptus sp.,10.5,32,0,0,0,0,0,0,0,0,0,0,0,NONE,Eucalyptus sp.,Tree,Introduced,NA,NA,0.544,S,Wind,Int,45,10.1859163578813,0.00814873308630504,0.0160825314865249
2017-05-11T00:00:00Z,Fragment,INBS_04U,Eucalyptus sp.,15,37,0,0,0,0,0,0,0,0,0,0,0,NONE,Eucalyptus sp.,Tree,Introduced,NA,NA,0.544,S,Wind,Int,45,11.7774657888003,0.0108941558546402,0.0302423636296995
2017-05-11T00:00:00Z,Fragment,INBS_04U,Eucalyptus sp.,16.5,54,0,0,0,0,0,0,0,0,0,0,0,NONE,Eucalyptus sp.,Tree,Introduced,NA,NA,0.544,S,Wind,Int,45,17.1887338539247,0.0232047907027983,0.069425312852158
2017-05-11T00:00:00Z,Fragment,INBS_04U,Eucalyptus sp.,10.5,45,0,0,0,0,0,0,0,0,0,0,0,NONE,Eucalyptus sp.,Tree,Introduced,NA,NA,0.544,S,Wind,Int,45,14.3239448782706,0.0161144379880544,0.0312876164874165
2017-05-11T00:00:00Z,Fragment,INBS_04U,Eucalyptus sp.,11,39,0,0,0,0,0,0,0,0,0,0,0,NONE,Eucalyptus sp.,Tree,Introduced,NA,NA,0.544,S,Wind,Int,45,12.4140855611678,0.0121037334221386,0.0247615752946111
2017-05-11T00:00:00Z,Fragment,INBS_04U,Eucalyptus sp.,8.5,30,0,0,0,0,0,0,0,0,0,0,0,NONE,Eucalyptus sp.,Tree,Introduced,NA,NA,0.544,S,Wind,Int,45,9.54929658551372,0.00716197243913529,0.0115365102819232
2017-05-11T00:00:00Z,Fragment,INBS_04U,Eucalyptus sp.,17.5,53,0,0,0,0,0,0,0,0,0,0,0,NONE,Eucalyptus sp.,Tree,Introduced,NA,NA,0.544,S,Wind,Int,45,16.8704239677409,0.0223533117572567,0.0708944976900527
2017-05-11T00:00:00Z,Fragment,INDS_03U,Maesopsis eminii,13.5,80,0,0,0,0,0,0,0,0,0,0,0,NONE,Maesopsis eminii,Tree,Introduced,LC,0.34,0.34,L,Mammal_bird,Int,30,25.4647908947033,0.0509295817894065,0.0777028961829366
2017-05-11T00:00:00Z,Fragment,INDS_03U,Eucalyptus sp.,33,122,0,0,0,0,0,0,0,0,0,0,0,NONE,Eucalyptus sp.,Tree,Introduced,NA,NA,0.544,S,Wind,Int,45,38.8338061144225,0.118443108648989,0.670293320362408
2017-05-11T00:00:00Z,Fragment,INDS_03U,Maesopsis eminii,9.5,53,0,0,0,0,0,0,0,0,0,0,0,NONE,Maesopsis eminii,Tree,Introduced,LC,0.34,0.34,L,Mammal_bird,Int,30,16.8704239677409,0.0223533117572567,0.024685647883516
2017-05-11T00:00:00Z,Fragment,INDS_03U,Maesopsis eminii,7,36,0,0,0,0,0,0,0,0,0,0,0,NONE,Maesopsis eminii,Tree,Introduced,LC,0.34,0.34,L,Mammal_bird,Int,30,11.4591559026165,0.0103132403123548,0.00861227645442262
2017-05-11T00:00:00Z,Fragment,INDS_03U,Eucalyptus sp.,45,196,0,0,0,0,0,0,0,0,0,0,0,NONE,Eucalyptus sp.,Tree,Introduced,NA,NA,0.544,S,Wind,Int,45,62.388737692023,0.305704814690913,2.28897032041996
2017-05-11T00:00:00Z,Fragment,INDS_03U,Macaranga indica,13,54,0,0,0,0,0,0,0,0,0,0,0,NONE,Macaranga indica,Tree,Native,LC,NA,0.33,S,Bird,Secondary,16,17.1887338539247,0.0232047907027983,0.0337743739054238
2017-05-11T00:00:00Z,Fragment,INDS_03U,Meliosma pinnata,8,70,0,0,0,0,0,0,0,0,0,0,0,NONE,Meliosma pinnata,Tree,Native,NA,0.32,0.32,S,Bird,Secondary,18,22.2816920328653,0.0389929610575144,0.0338649119617359
2017-05-11T00:00:00Z,Fragment,INDS_03U,Acronychia pedunculata,12.5,52,0,0,0,0,0,0,0,0,0,0,0,NONE,Acronychia pedunculata,Tree,Native,LC,0.4795,0.4795,S,Mammal_bird,Secondary,10,16.5521140815571,0.0215177483060242,0.0434859292521877
2017-05-11T00:00:00Z,Fragment,INDS_03U,Euodia lunu-ankenda,12,36,0,0,0,0,0,0,0,0,0,0,0,NONE,Melicope lunu-ankenda,Tree,Native,LC,0.411118888,0.411118888,S,Mammal,Secondary,10,11.4591559026165,0.0103132403123548,0.0175425191775765
2017-05-11T00:00:00Z,Fragment,INDS_03U,Spathodea campanulata,24,162,72,19,13,89,21,10,25,10,14,20,0,NONE,Spathodea campanulata,Tree,Introduced,LC,0.475,0.475,S,Wind,Int,15,65.0326650723682,0.33216432397994,1.17729377193619
2017-05-11T00:00:00Z,Fragment,INDS_03U,Spathodea campanulata,22,148,147,45,6,5,0,0,0,0,0,0,0,NONE,Spathodea campanulata,Tree,Introduced,LC,0.475,0.475,S,Wind,Int,15,67.9716459481964,0.362865312502367,1.17889265277659
2017-05-11T00:00:00Z,Fragment,INDS_03U,Cryptocarya wightiana,10,34,5,3,5,0,0,0,0,0,0,0,0,NONE,Cryptocarya wightiana,Tree,Native,VU,NA,0.515,M,Bird,Mature,25,11.095279993107,0.00966866279283264,0.0171769746006823
2017-05-11T00:00:00Z,Fragment,INDS_03U,Actinodaphne malabarica,20.5,195,0,0,0,0,0,0,0,0,0,0,0,NONE,Actinodaphne wightiana,Tree,Endemic,LC,0.619460212,0.619460212,S,Bird,Secondary,12,62.0704278058392,0.302593335553466,1.19426524889599
2017-05-11T00:00:00Z,Fragment,INDS_03U,Elaeocarpus tuberculatus,22,212,0,0,0,0,0,0,0,0,0,0,0,NONE,Elaeocarpus tuberculatus,Tree,Native,NA,0.45065475,0.45065475,L,Mammal,Mature,40,67.4816958709636,0.357652988116107,1.10418083719963
2017-05-11T00:00:00Z,Fragment,INDS_03U,Spathodea campanulata,21,220,20,0,0,0,0,0,0,0,0,0,0,NONE,Spathodea campanulata,Tree,Introduced,LC,0.475,0.475,S,Wind,Int,15,70.3169521647951,0.388338061144225,1.20368572917767
2017-05-11T00:00:00Z,Fragment,INDS_03U,Spathodea campanulata,10,31,0,0,0,0,0,0,0,0,0,0,0,NONE,Spathodea campanulata,Tree,Introduced,LC,0.475,0.475,S,Wind,Int,15,9.86760647169751,0.00764739501556557,0.0126260457899827
2017-05-17T00:00:00Z,Fragment,INME_03U,Maesopsis eminii,16,85,75,55,0,0,0,0,0,0,0,0,0,NONE,Maesopsis eminii,Tree,Introduced,LC,0.34,0.34,L,Mammal_bird,Int,30,40.1057825047974,0.126329236079192,0.222596074432125
2017-05-17T00:00:00Z,Fragment,INME_03U,Actinodaphne malabarica,14,97,0,0,0,0,0,0,0,0,0,0,0,NONE,Actinodaphne wightiana,Tree,Endemic,LC,0.619460212,0.619460212,S,Bird,Secondary,12,30.8760589598277,0.0748744429775822,0.210610904652159
2017-05-17T00:00:00Z,Fragment,INME_03U,Cinnamomum malabatrum,7.5,41,11,0,0,0,0,0,0,0,0,0,0,NONE,Cinnamomum malabathrum,Tree,Endemic,LC,NA,0.475,S,Bird,Secondary,15,13.512245295416,0.0143398603725798,0.0176118832763586
2017-05-17T00:00:00Z,Fragment,INME_03U,Eucalyptus sp.,19.5,62,0,0,0,0,0,0,0,0,0,0,0,NONE,Eucalyptus sp.,Tree,Introduced,NA,NA,0.544,S,Wind,Int,45,19.735212943395,0.0305895800622623,0.107014654910232
2017-05-17T00:00:00Z,Fragment,INME_03U,Eucalyptus sp.,29,171,0,0,0,0,0,0,0,0,0,0,0,NONE,Eucalyptus sp.,Tree,Introduced,NA,NA,0.544,S,Wind,Int,45,54.4309905374282,0.232692484547506,1.14216737350762
2017-05-17T00:00:00Z,Fragment,INME_03U,Litsea floribunda,8.5,40,0,0,0,0,0,0,0,0,0,0,0,stalked fruits,Litsea floribunda,Tree,Endemic,NT,0.56358678,0.56358678,S,Bird,Secondary,10,12.7323954473516,0.0127323954473516,0.0209386213583431
2017-05-17T00:00:00Z,Fragment,INME_03U,Eucalyptus sp.,37,116,147,0,0,0,0,0,0,0,0,0,0,NONE,Eucalyptus sp.,Tree,Introduced,NA,NA,0.544,S,Wind,Int,45,59.6055979285383,0.279038403975865,1.72974725649217
2017-05-17T00:00:00Z,Fragment,INME_03U,Mallotus tetracoccus,11,69,0,0,0,0,0,0,0,0,0,0,0,NONE,Mallotus tetracoccus,Tree,Native,NA,0.484597734,0.484597734,S,Bird,Secondary,12,21.9633821466816,0.0378868342030257,0.0673660808879645
2017-05-17T00:00:00Z,Fragment,INME_03U,Litsea floribunda,9,41,0,0,0,0,0,0,0,0,0,0,0,NONE,Litsea floribunda,Tree,Endemic,NT,0.56358678,0.56358678,S,Bird,Secondary,10,13.0507053335354,0.0133769729668738,0.0232331922644552
2017-05-17T00:00:00Z,Fragment,INME_03U,Litsea floribunda,7.5,44,0,0,0,0,0,0,0,0,0,0,0,NONE,Litsea floribunda,Tree,Endemic,NT,0.56358678,0.56358678,S,Bird,Secondary,10,14.0056349920868,0.0154061984912955,0.0223199658840481
2017-05-17T00:00:00Z,Fragment,INME_03U,Mallotus tetracoccus,12,76,65,0,0,0,0,0,0,0,0,0,0,NONE,Mallotus tetracoccus,Tree,Native,NA,0.484597734,0.484597734,S,Bird,Secondary,12,31.8325801280232,0.0795854292931023,0.151332385397692
2017-05-12T00:00:00Z,Fragment,PANM_P1B,Villebrunea integrifolia,8,8,73,9,6,4,11,0,0,0,0,0,0,NONE,Oreocnide integrifolia,Tree,Native,NA,NA,0.55,S,Bird,Secondary,8,23.919881354812,0.0449373981819966,0.0659872977252281
2017-05-12T00:00:00Z,Fragment,PANM_P1B,Villebrunea integrifolia,8,35,0,0,0,0,0,0,0,0,0,0,0,NONE,Oreocnide integrifolia,Tree,Native,NA,NA,0.55,S,Bird,Secondary,8,11.1408460164327,0.00974824026437859,0.0148493350160466
2017-05-12T00:00:00Z,Fragment,PANM_P1B,Villebrunea integrifolia,9.5,58,20,0,0,0,0,0,0,0,0,0,0,NONE,Oreocnide integrifolia,Tree,Native,NA,NA,0.55,S,Bird,Secondary,8,19.5287719846835,0.0299529602898947,0.0525245836292635
2017-05-12T00:00:00Z,Fragment,PANM_P1B,Canarium strictum,41,322,0,0,0,0,0,0,0,0,0,0,0,NONE,Canarium strictum,Tree,Native,NA,0.536397312,0.536397312,L,Bird,Mature,30,102.495783351181,0.825091055977004,5.43334135646834
2017-05-12T00:00:00Z,Fragment,PANM_P1B,Antidesma menasu,7.5,42,14,0,0,0,0,0,0,0,0,0,0,NONE,Antidesma montanum,Tree,Native,LC,NA,0.624,S,Mammal_bird,Mature,10,14.0921793892564,0.0155971844230057,0.024950442304481
2017-05-12T00:00:00Z,Fragment,PANM_P1B,Antidesma menasu,10,53,0,0,0,0,0,0,0,0,0,0,0,NONE,Antidesma montanum,Tree,Native,LC,NA,0.624,S,Mammal_bird,Mature,10,16.8704239677409,0.0223533117572567,0.0469421554895798
2017-05-12T00:00:00Z,Fragment,PANM_P1B,Dendrocnide sinuata,4,30,0,0,0,0,0,0,0,0,0,0,0,NONE,Dendrocnide sinuata,Tree,Endemic,NA,NA,0.55,S,Bird,Secondary,5,9.54929658551372,0.00716197243913529,0.00558755223774174
2017-05-12T00:00:00Z,Fragment,PANM_P1B,Cullenia exarillata,31,159,0,0,0,0,0,0,0,0,0,0,0,NONE,Cullenia exarillata,Tree,Endemic,NA,NA,0.55,L,Gravity,Mature,40,50.6112719032227,0.20117980581531,1.06897255566017
2017-05-12T00:00:00Z,Fragment,PANM_P1B,Villebrunea integrifolia,4.5,32,15,0,0,0,0,0,0,0,0,0,0,NONE,Oreocnide integrifolia,Tree,Native,NA,NA,0.55,S,Bird,Secondary,8,11.2494514697064,0.00993922619608886,0.00863079316378865
2017-05-12T00:00:00Z,Fragment,PANM_P1B,Villebrunea integrifolia,9,55,14,0,0,0,0,0,0,0,0,0,0,NONE,Oreocnide integrifolia,Tree,Native,NA,NA,0.55,S,Bird,Secondary,8,18.0653129646837,0.0256319035849497,0.0427966714071474
2017-05-12T00:00:00Z,Fragment,PANM_P1B,Glochidion malabaricum,11.8,54,0,0,0,0,0,0,0,0,0,0,0,NONE,Phyllanthus assamicus,Tree,Endemic,LC,0.544681677,0.544681677,S,Gravity,Mature,8,17.1887338539247,0.0232047907027983,0.0501119345140825
2017-05-12T00:00:00Z,Fragment,PANM_P1B,Aglaia canarana,9.5,58,0,0,0,0,0,0,0,0,0,0,0,NONE,Aglaia lawii,Tree,Native,LC,0.595,0.595,L,Bird,Mature,30,18.4619733986599,0.0267698614280568,0.0508246751403745
2017-05-12T00:00:00Z,Fragment,PANM_P1B,Antidesma menasu,10,45,0,0,0,0,0,0,0,0,0,0,0,NONE,Antidesma montanum,Tree,Native,LC,NA,0.624,S,Mammal_bird,Mature,10,14.3239448782706,0.0161144379880544,0.0341073012491313
2017-05-12T00:00:00Z,Fragment,PANM_P1B,Villebrunea integrifolia,10,75,55,14,0,0,0,0,0,0,0,0,0,NONE,Oreocnide integrifolia,Tree,Native,NA,NA,0.55,S,Bird,Secondary,8,29.9380558904569,0.0703942313295453,0.12714385180977
2017-05-12T00:00:00Z,Fragment,PANM_P1B,Dimocarpus longan,16.5,51,0,0,0,0,0,0,0,0,0,0,0,NONE,Dimocarpus longan,Tree,Native,DD,0.748685273,0.748685273,S,Mammal,Mature,25,16.2338041953733,0.020698100349101,0.0848074082942203
2017-05-12T00:00:00Z,Fragment,PANM_P1B,Villebrunea integrifolia,9,61,25,24,0,0,0,0,0,0,0,0,0,NONE,Oreocnide integrifolia,Tree,Native,NA,NA,0.55,S,Bird,Secondary,8,22.3316561384862,0.0391680314949154,0.0647353135028296
2017-05-12T00:00:00Z,Fragment,PANM_P1B,Cullenia exarillata,30,260,0,0,0,0,0,0,0,0,0,0,0,NONE,Cullenia exarillata,Tree,Endemic,NA,NA,0.55,L,Gravity,Mature,40,82.7605704077856,0.537943707650606,2.70376334155833
2017-05-12T00:00:00Z,Fragment,PANM_P1B,Villebrunea integrifolia,11,41,0,0,0,0,0,0,0,0,0,0,0,NONE,Oreocnide integrifolia,Tree,Native,NA,NA,0.55,S,Bird,Secondary,8,13.0507053335354,0.0133769729668738,0.0275945746826893
2017-05-12T00:00:00Z,Fragment,PANM_P1B,Villebrunea integrifolia,10,114,21,61,0,0,0,0,0,0,0,0,0,NONE,Oreocnide integrifolia,Tree,Native,NA,NA,0.55,S,Bird,Secondary,8,41.6949501610834,0.136539025678537,0.242722378469275
2017-05-12T00:00:00Z,Fragment,PANM_P1B,Palaquium ellipticum,28,132,0,0,0,0,0,0,0,0,0,0,0,NONE,Palaquium ellipticum,Tree,Endemic,NA,0.55093772,0.55093772,L,Mammal,Mature,35,42.0169049762604,0.138655786421659,0.674184820781125
2017-05-12T00:00:00Z,Fragment,PANM_P1B,Villebrunea integrifolia,8,39,6,15,8,0,0,0,0,0,0,0,0,NONE,Oreocnide integrifolia,Tree,Native,NA,NA,0.55,S,Bird,Secondary,8,13.6762167650179,0.0146900012473819,0.0221578857571326
2017-05-12T00:00:00Z,Fragment,PANM_P2B,Dimocarpus longan,19,140,0,0,0,0,0,0,0,0,0,0,0,NONE,Dimocarpus longan,Tree,Native,DD,0.748685273,0.748685273,S,Mammal,Mature,25,44.5633840657307,0.155971844230057,0.698711543416508
2017-05-12T00:00:00Z,Fragment,PANM_P2B,Artocarpus heterophyllus,27,185,0,0,0,0,0,0,0,0,0,0,0,NONE,Artocarpus heterophyllus,Tree,Native,NA,0.484,0.484,L,Mammal,Mature,20,58.8873289440013,0.272353896366006,1.10819373671645
2017-05-12T00:00:00Z,Fragment,PANM_P2B,Macaranga indica,10,75,0,0,0,0,0,0,0,0,0,0,0,NONE,Macaranga indica,Tree,Native,LC,NA,0.33,S,Bird,Secondary,16,23.8732414637843,0.0447623277445956,0.0496438622776664
2017-05-12T00:00:00Z,Fragment,PANM_P2B,Villebrunea integrifolia,7.5,21,40,43,19,0,0,0,0,0,0,0,0,NONE,Oreocnide integrifolia,Tree,Native,NA,NA,0.55,S,Bird,Secondary,8,20.7537069378841,0.0338283831541823,0.0469610141442048
2017-05-12T00:00:00Z,Fragment,PANM_P2B,Dimocarpus longan,27,144,0,0,0,0,0,0,0,0,0,0,0,NONE,Dimocarpus longan,Tree,Native,DD,0.748685273,0.748685273,S,Mammal,Mature,25,45.8366236104659,0.165011844997677,1.04022454355174
2017-05-12T00:00:00Z,Fragment,PANM_P2B,Dendrocnide sinuata,8,26,16,12,0,0,0,0,0,0,0,0,0,NONE,Dendrocnide sinuata,Tree,Endemic,NA,NA,0.55,S,Bird,Secondary,5,10.4413406035411,0.00856253593834397,0.0130838320211341
2017-05-12T00:00:00Z,Fragment,PANM_P2B,Apollonias arnottii,5,16,16,16,10,8,0,0,0,0,0,0,0,NONE,Apollonias arnottii,Tree,Endemic,NA,NA,0.55,S,Bird,Mature,6,9.71757907889917,0.00741662034808232,0.00718811489550961
2017-05-12T00:00:00Z,Fragment,PANM_P2B,Cullenia exarillata,40,428,0,0,0,0,0,0,0,0,0,0,0,NONE,Cullenia exarillata,Tree,Endemic,NA,NA,0.55,L,Gravity,Mature,40,136.236631286662,1.45773195476729,9.47238070004255
2017-05-12T00:00:00Z,Fragment,PANM_P2B,Dendrocnide sinuata,6,18,26,17,16,0,0,0,0,0,0,0,0,NONE,Dendrocnide sinuata,Tree,Endemic,NA,NA,0.55,S,Bird,Secondary,5,12.5116437260422,0.0122947193538489,0.0140650142378329
2017-05-12T00:00:00Z,Fragment,PANM_P2B,Villebrunea integrifolia,9,37,53,27,15,14,0,0,0,0,0,0,0,NONE,Oreocnide integrifolia,Tree,Native,NA,NA,0.55,S,Bird,Secondary,8,23.234441384427,0.0423988768396809,0.0699419473278423
2017-05-12T00:00:00Z,Fragment,PANM_P2B,Antidesma menasu,7,56,0,0,0,0,0,0,0,0,0,0,0,NONE,Antidesma montanum,Tree,Native,LC,NA,0.624,S,Mammal_bird,Mature,10,17.8253536262923,0.0249554950768092,0.0369024538652046
2017-05-12T00:00:00Z,Fragment,PANM_P2B,Villebrunea integrifolia,7.5,39,11,0,0,0,0,0,0,0,0,0,0,NONE,Oreocnide integrifolia,Tree,Native,NA,NA,0.55,S,Bird,Secondary,8,12.8984256225602,0.0130666208278446,0.0185581356900102
2017-05-12T00:00:00Z,Fragment,PANM_P2B,Villebrunea integrifolia,7.5,35,18,16,0,0,0,0,0,0,0,0,0,NONE,Oreocnide integrifolia,Tree,Native,NA,NA,0.55,S,Bird,Secondary,8,13.5234883249264,0.0143637336140436,0.0203540999103594
2017-05-12T00:00:00Z,Fragment,PANM_P2B,Villebrunea integrifolia,9,80,28,42,32,0,0,0,0,0,0,0,0,NONE,Oreocnide integrifolia,Tree,Native,NA,NA,0.55,S,Bird,Secondary,8,31.7863939961958,0.079354654625619,0.128950354432431
2017-05-12T00:00:00Z,Fragment,PANM_P2B,Villebrunea integrifolia,9,33,35,24,14,20,17,0,0,0,0,0,0,NONE,Oreocnide integrifolia,Tree,Native,NA,NA,0.55,S,Bird,Secondary,8,19.5572868325293,0.0300404955085952,0.0499668525588736
2017-05-12T00:00:00Z,Fragment,PANM_P2B,Antidesma menasu,10,47,0,0,0,0,0,0,0,0,0,0,0,NONE,Antidesma montanum,Tree,Native,LC,NA,0.624,S,Mammal_bird,Mature,10,14.9605646506382,0.0175786634644998,0.0371288543553997
2017-05-12T00:00:00Z,Fragment,PANM_P2B,Dimocarpus longan,23,97,0,0,0,0,0,0,0,0,0,0,0,NONE,Dimocarpus longan,Tree,Native,DD,0.748685273,0.748685273,S,Mammal,Mature,25,30.8760589598277,0.0748744429775822,0.411355464932124
2017-05-12T00:00:00Z,Fragment,PANM_P2B,Dimocarpus longan,16,77,0,0,0,0,0,0,0,0,0,0,0,NONE,Dimocarpus longan,Tree,Native,DD,0.748685273,0.748685273,S,Mammal,Mature,25,24.5098612361519,0.0471814828795924,0.183926148550027
2017-05-12T00:00:00Z,Fragment,PANM_P2B,Dimocarpus longan,26,140,0,0,0,0,0,0,0,0,0,0,0,NONE,Dimocarpus longan,Tree,Native,DD,0.748685273,0.748685273,S,Mammal,Mature,25,44.5633840657307,0.155971844230057,0.948961059088745
2017-05-12T00:00:00Z,Fragment,PANM_P2B,Dimocarpus longan,18,75,0,0,0,0,0,0,0,0,0,0,0,NONE,Dimocarpus longan,Tree,Native,DD,0.748685273,0.748685273,S,Mammal,Mature,25,23.8732414637843,0.0447623277445956,0.196000883608902
2017-05-12T00:00:00Z,Fragment,PANM_P2B,Palaquium ellipticum,37,196,0,0,0,0,0,0,0,0,0,0,0,NONE,Palaquium ellipticum,Tree,Endemic,NA,0.55093772,0.55093772,L,Mammal,Mature,35,62.388737692023,0.305704814690913,1.91443732020586
2020-04-27T00:00:00Z,Fragment,PANM_P3B,Unidentified,11,59.2,0,0,0,0,0,0,0,0,0,0,0,NONE,NA,NA,NA,NA,NA,0.55,NA,NA,NA,NA,18.8439452620804,0.027889038987879,0.056525132343911
2020-04-27T00:00:00Z,Fragment,PANM_P3B,Villebrunea integrifolia,7.5,49.4,27,25,17.3,0,0,0,0,0,0,0,0,NA,Oreocnide integrifolia,Tree,Native,NA,NA,0.55,S,Bird,Secondary,8,20.3659879067394,0.0325762316394069,0.0452637154736907
2020-04-27T00:00:00Z,Fragment,PANM_P3B,Villebrunea integrifolia,8,43.2,40,0,0,0,0,0,0,0,0,0,0,NA,Oreocnide integrifolia,Tree,Native,NA,NA,0.55,S,Bird,Secondary,8,18.7404252776829,0.0275834614971426,0.0409815335093209
2020-04-27T00:00:00Z,Fragment,PANM_P3B,Villebrunea integrifolia,6,32,18.7,23.9,0,0,0,0,0,0,0,0,0,NA,Oreocnide integrifolia,Tree,Native,NA,NA,0.55,S,Bird,Secondary,8,14.0377907829538,0.0154770224409714,0.017607987355455
2020-04-27T00:00:00Z,Fragment,PANM_P3B,Unidentified,12,68.2,0,0,0,0,0,0,0,0,0,0,0,NA,NA,NA,NA,NA,NA,0.55,NA,NA,NA,NA,21.7087342377345,0.0370133918753374,0.0811144730293364
2020-04-27T00:00:00Z,Fragment,PANM_P3B,Litsea floribunda,9,53.5,0,0,0,0,0,0,0,0,0,0,0,NA,Litsea floribunda,Tree,Endemic,NT,0.56358678,0.56358678,S,Bird,Secondary,10,17.0295789108328,0.0227770617932389,0.0390572247297496
2020-04-27T00:00:00Z,Fragment,PANM_P3B,Litsea floribunda,6,31.3,0,0,0,0,0,0,0,0,0,0,0,NA,Litsea floribunda,Tree,Endemic,NT,0.56358678,0.56358678,S,Bird,Secondary,10,9.96309943755265,0.00779612530988495,0.00923405115514951
2020-04-27T00:00:00Z,Fragment,PANM_P3B,Villebrunea integrifolia,8,38,0,0,0,0,0,0,0,0,0,0,0,NA,Oreocnide integrifolia,Tree,Native,NA,NA,0.55,S,Bird,Secondary,8,12.095775674984,0.0114909868912348,0.017435072735708
2020-04-27T00:00:00Z,Fragment,PANM_P3B,Glochidion malabaricum,9.5,66.5,0,0,0,0,0,0,0,0,0,0,0,NA,Phyllanthus assamicus,Tree,Endemic,LC,0.544681677,0.544681677,S,Gravity,Mature,8,21.1676074312221,0.0351911473544067,0.0608916581560339
2020-04-27T00:00:00Z,Fragment,PANM_P3B,Palaquium ellipticum,16,99.3,0,0,0,0,0,0,0,0,0,0,0,NA,Palaquium ellipticum,Tree,Endemic,NA,0.55093772,0.55093772,L,Mammal,Mature,35,31.6081716980504,0.0784672862404102,0.224005382572828
2020-04-27T00:00:00Z,Fragment,PANM_P3B,Dimocarpus longan,20,148,0,0,0,0,0,0,0,0,0,0,0,NA,Dimocarpus longan,Tree,Native,DD,0.748685273,0.748685273,S,Mammal,Mature,25,47.109863155201,0.174306493674244,0.818744927471615
2020-04-27T00:00:00Z,Fragment,PANM_P3B,Villebrunea integrifolia,10,24.3,23.1,0,0,0,0,0,0,0,0,0,0,NA,Oreocnide integrifolia,Tree,Native,NA,NA,0.55,S,Bird,Secondary,8,10.6721667215403,0.00894530357647997,0.0169768059541554
2020-04-27T00:00:00Z,Fragment,PANM_P3B,Villebrunea integrifolia,10,54.7,57.8,0,0,0,0,0,0,0,0,0,0,NA,Oreocnide integrifolia,Tree,Native,NA,NA,0.55,S,Bird,Secondary,8,25.3310079452846,0.0503958556877478,0.0917564348134008
2020-04-27T00:00:00Z,Fragment,PANM_P3B,Drypetes malabarica,4,30.4,0,0,0,0,0,0,0,0,0,0,0,NA,Drypetes malabarica,Tree,Endemic,NA,NA,0.7175,S,Gravity,Mature,20,9.67662053998724,0.0073542316103903,0.00743255851630246
2020-04-27T00:00:00Z,Fragment,PANM_P3B,Phoebe lanceolata,7.5,32,0,0,0,0,0,0,0,0,0,0,0,NA,Phoebe lanceolata,Tree,Native,LC,NA,0.49,S,Bird,Mature,8,10.1859163578813,0.00814873308630504,0.0104573175352017
2020-04-27T00:00:00Z,Fragment,PANM_P3B,Villebrunea integrifolia,7.5,51.5,0,0,0,0,0,0,0,0,0,0,0,NA,Oreocnide integrifolia,Tree,Native,NA,NA,0.55,S,Bird,Secondary,8,16.3929591384652,0.021105934890774,0.0296331527555729
2020-04-27T00:00:00Z,Fragment,PANM_P3B,Litsea stocksii,11,69.7,0,0,0,0,0,0,0,0,0,0,0,NA,Litsea stocksii,Tree,Endemic,NT,NA,0.42,M,Bird,Mature,8,22.1861990670102,0.0386594518742653,0.0597526707563707
2020-04-27T00:00:00Z,Fragment,PANM_P3B,Villebrunea integrifolia,7.5,37.7,0,0,0,0,0,0,0,0,0,0,0,NA,Oreocnide integrifolia,Tree,Native,NA,NA,0.55,S,Bird,Secondary,8,12.0002827091289,0.011310266453354,0.0161193848535143
2020-04-27T00:00:00Z,Fragment,PANM_P3B,Acronychia pedunculata,12,71.7,0,0,0,0,0,0,0,0,0,0,0,NA,Acronychia pedunculata,Tree,Native,LC,0.4795,0.4795,S,Mammal_bird,Secondary,10,22.8228188393778,0.0409099027695847,0.0782312633157907
2020-04-27T00:00:00Z,Fragment,PANM_P3B,Villebrunea integrifolia,10,60,68.7,18.7,24.5,52.4,12.3,0,0,0,0,0,0,NA,Oreocnide integrifolia,Tree,Native,NA,NA,0.55,S,Bird,Secondary,8,35.1104317631891,0.0968193631508651,0.173539487769872
2020-04-27T00:00:00Z,Fragment,PANM_P3B,Dimocarpus longan,6.5,29.4,16.7,11.8,0,0,0,0,0,0,0,0,0,NA,Dimocarpus longan,Tree,Native,DD,0.748685273,0.748685273,S,Mammal,Mature,25,11.3992721175285,0.0102057311482962,0.0171339149169365
2020-04-27T00:00:00Z,Fragment,PANM_P3B,Beilschmiedia wightii,18,111.2,0,0,0,0,0,0,0,0,0,0,0,NA,Beilschmiedia wightii,Tree,Endemic,NT,NA,0.495,L,Bird,Mature,25,35.3960593436375,0.0984010449753123,0.282327741839557
2020-04-27T00:00:00Z,Fragment,PANM_P4B,Cryptocarya wightiana,6.5,32,0,0,0,0,0,0,0,0,0,0,0,NA,Cryptocarya wightiana,Tree,Native,VU,NA,0.515,M,Bird,Mature,25,10.1859163578813,0.00814873308630504,0.00954676912653398
2020-04-27T00:00:00Z,Fragment,PANM_P4B,Myristica dactyloides,10,42.5,0,0,0,0,0,0,0,0,0,0,0,NA,Myristica beddomei,Tree,Endemic,EN,0.575521845,0.575521845,L,Bird,Mature,20,13.5281701628111,0.0143736807979868,0.0281910915114074
2020-04-27T00:00:00Z,Fragment,PANM_P4B,Gomphandra coriacea,10.5,72.3,0,0,0,0,0,0,0,0,0,0,0,NA,Gomphandra coriacea,Tree,Endemic,NA,NA,0.48,M,Bird,Mature,10,23.0138047710881,0.0415974521237417,0.0698693222566666
2020-04-27T00:00:00Z,Fragment,PANM_P4B,Mesua ferrea,31,375,0,0,0,0,0,0,0,0,0,0,0,NA,Mesua ferrea,Tree,Native,NA,0.9,0.9,L,Gravity,Mature,35,119.366207318922,1.11905819361489,9.22773486406903
2020-04-27T00:00:00Z,Fragment,PANM_P4B,Cryptocarya wightiana,12,91.4,0,0,0,0,0,0,0,0,0,0,0,NA,Cryptocarya wightiana,Tree,Native,VU,NA,0.515,M,Bird,Mature,25,29.0935235971985,0.0664787014195985,0.134724970266381
2020-04-27T00:00:00Z,Fragment,PANM_P4B,Aporosa sp.,5.5,31.5,0,0,0,0,0,0,0,0,0,0,0,NA,Aporosa sp.,Tree,Endemic,NA,NA,0.614922652,S,Bird,Mature,NA,10.0267614147894,0.00789607461414666,0.00935107103956258
2020-04-27T00:00:00Z,Fragment,PANM_P4B,Myristica dactyloides,20,79.6,0,0,0,0,0,0,0,0,0,0,0,NA,Myristica beddomei,Tree,Endemic,EN,0.575521845,0.575521845,L,Bird,Mature,20,25.3374669402297,0.0504215592110572,0.1887488367959
2020-04-27T00:00:00Z,Fragment,PANM_P4B,Mesua ferrea,27.5,158,0,0,0,0,0,0,0,0,0,0,0,NA,Mesua ferrea,Tree,Native,NA,0.9,0.9,L,Gravity,Mature,35,50.2929620170389,0.198657199967304,1.51909314089291
2020-04-27T00:00:00Z,Fragment,PANM_P4B,Litsea floribunda,8,40,0,0,0,0,0,0,0,0,0,0,0,NA,Litsea floribunda,Tree,Endemic,NT,0.56358678,0.56358678,S,Bird,Secondary,10,12.7323954473516,0.0127323954473516,0.0197356320344858
2020-04-27T00:00:00Z,Fragment,PANM_P4B,Unidentified,15,124.2,0,0,0,0,0,0,0,0,0,0,0,NA,NA,NA,NA,NA,NA,0.55,NA,NA,NA,NA,39.5340878640268,0.122753342817803,0.324983101831556
2020-04-27T00:00:00Z,Fragment,PANM_P4B,Dimocarpus longan,26.5,130,0,0,0,0,0,0,0,0,0,0,0,NA,Dimocarpus longan,Tree,Native,DD,0.748685273,0.748685273,S,Mammal,Mature,25,41.3802852038928,0.134485926912652,0.836561502043853
2020-03-24T00:00:00Z,Benchmark,UPMA_P6B,Drypetes malabarica,10,52,0,0,0,0,0,0,0,0,0,0,0,NA,Drypetes malabarica,Tree,Endemic,NA,NA,0.7175,S,Gravity,Mature,20,16.5521140815571,0.0215177483060242,0.0518318938016257
2020-03-24T00:00:00Z,Benchmark,UPMA_P6B,Vateria indica,19.5,152,0,0,0,0,0,0,0,0,0,0,0,NA,Vateria indica,Tree,Endemic,VU,0.48,0.48,L,Gravity,Mature,60,48.3831026999362,0.183855790259757,0.545255785864067
2020-03-24T00:00:00Z,Benchmark,UPMA_P6B,Hydnocarpus alpina,5.5,26.5,21.5,0,0,0,0,0,0,0,0,0,0,NA,Hydnocarpus alpina,Tree,Endemic,NA,0.669757732,0.669757732,M,Mammal,Mature,8,10.862251992635,0.00926679656152561,0.0118827842246994
2020-03-24T00:00:00Z,Benchmark,UPMA_P6B,Syzygium laetum,7.5,56,0,0,0,0,0,0,0,0,0,0,0,NA,Syzygium laetum,Tree,Endemic,NA,0.662842,0.662842,M,Mammal_bird,Mature,7,17.8253536262923,0.0249554950768092,0.041869268274121
2020-03-24T00:00:00Z,Benchmark,UPMA_P6B,Holigarna nigra,17,99,0,0,0,0,0,0,0,0,0,0,0,NA,Holigarna nigra,Tree,Endemic,NA,NA,0.493977646,L,Mammal,Mature,35,31.5126787321953,0.0779938798621833,0.212389351509673
2020-03-24T00:00:00Z,Benchmark,UPMA_P6B,Antidesma menasu,12,92,0,0,0,0,0,0,0,0,0,0,0,NA,Antidesma montanum,Tree,Native,LC,NA,0.624,S,Mammal_bird,Mature,10,29.2845095289087,0.0673543719164901,0.164577804825159
2020-03-24T00:00:00Z,Benchmark,UPMA_P6B,Vateria indica,22,96.5,0,0,0,0,0,0,0,0,0,0,0,NA,Vateria indica,Tree,Endemic,VU,0.48,0.48,L,Gravity,Mature,60,30.7169040167358,0.0741045309403751,0.252679303127397
2020-03-24T00:00:00Z,Benchmark,UPMA_P6B,Palaquium ellipticum,22,164.5,0,0,0,0,0,0,0,0,0,0,0,NA,Palaquium ellipticum,Tree,Endemic,NA,0.55093772,0.55093772,L,Mammal,Mature,35,52.3619762772336,0.215338627440123,0.818752795119628
2020-03-24T00:00:00Z,Benchmark,UPMA_P6B,Drypetes malabarica,13.5,94,0,0,0,0,0,0,0,0,0,0,0,NA,Drypetes malabarica,Tree,Endemic,NA,NA,0.7175,S,Gravity,Mature,20,29.9211293012763,0.0703146538579994,0.220653021400044
2020-03-24T00:00:00Z,Benchmark,UPMA_P6B,Vateria indica,21,216,0,0,0,0,0,0,0,0,0,0,0,NA,Vateria indica,Tree,Endemic,VU,0.48,0.48,L,Gravity,Mature,60,68.7549354156988,0.371276651244773,1.16387830324845
2020-03-24T00:00:00Z,Benchmark,UPMA_P6B,Myristica dactyloides,24.5,140,0,0,0,0,0,0,0,0,0,0,0,NA,Myristica beddomei,Tree,Endemic,EN,0.575521845,0.575521845,L,Bird,Mature,20,44.5633840657307,0.155971844230057,0.692731161007616
2020-03-24T00:00:00Z,Benchmark,UPMA_P6B,Paracroton pendulus,15,74.5,0,0,0,0,0,0,0,0,0,0,0,NA,Paracroton pendulus,Tree,Endemic,LC,0.46,0.46,S,Gravity,Mature,30,23.7140865206924,0.0441674861447896,0.100656570103315
2020-03-24T00:00:00Z,Benchmark,UPMA_P6B,Dimorphocalyx beddomei,10,79,0,0,0,0,0,0,0,0,0,0,0,NA,Dimorphocalyx beddomei,Tree,Endemic,EN,NA,0.82,S,Gravity,Mature,8,25.1464810085195,0.049664299991826,0.133575489012558
2020-03-24T00:00:00Z,Benchmark,UPMA_P6B,Aglaia elaeagnoidea,18.5,155,0,0,0,0,0,0,0,0,0,0,0,NA,Aglaia elaeagnoidea,Tree,Native,LC,0.641083454,0.641083454,M,Mammal_bird,Mature,10,49.3380323584876,0.191184875389139,0.713694041470642
2020-03-24T00:00:00Z,Benchmark,UPMA_P6B,Nothopegia racemosa,10,69.5,0,0,0,0,0,0,0,0,0,0,0,NA,Nothopegia castaneifolia,Tree,Endemic,NA,NA,0.708976792,S,Mammal,Mature,15,22.1225370897735,0.0384379081934814,0.0902500725646907
2020-03-24T00:00:00Z,Benchmark,UPMA_P6B,Palaquium ellipticum,18.5,180.5,0,0,0,0,0,0,0,0,0,0,0,NA,Palaquium ellipticum,Tree,Endemic,NA,0.55093772,0.55093772,L,Mammal,Mature,35,57.4549344561742,0.259265391733486,0.828696551109863
2020-03-24T00:00:00Z,Benchmark,UPMA_P6B,Drypetes malabarica,16.5,80.5,0,0,0,0,0,0,0,0,0,0,0,NA,Drypetes malabarica,Tree,Endemic,NA,NA,0.7175,S,Gravity,Mature,20,25.6239458377952,0.0515681909985627,0.19830626658766
2020-03-24T00:00:00Z,Benchmark,UPMA_P6B,Mesua ferrea,23,240.8,0,0,0,0,0,0,0,0,0,0,0,NA,Mesua ferrea,Tree,Native,NA,0.9,0.9,L,Gravity,Mature,35,76.6490205930568,0.461427103970202,2.90440303450613
2020-03-24T00:00:00Z,Benchmark,UPMA_P6B,Cullenia exarillata,28,185,0,0,0,0,0,0,0,0,0,0,0,NA,Cullenia exarillata,Tree,Endemic,NA,NA,0.55,L,Gravity,Mature,40,58.8873289440013,0.272353896366006,1.3008158141368
2020-03-24T00:00:00Z,Benchmark,UPMA_P6B,Elaeocarpus serratus,27.5,433,0,0,0,0,0,0,0,0,0,0,0,NA,Elaeocarpus serratus,Tree,Native,NA,0.569530272,0.569530272,L,Mammal,Mature,18,137.828180717581,1.49199005626782,6.95462733033428
2020-03-24T00:00:00Z,Benchmark,UPMA_P6B,Dimocarpus longan,8.5,31.5,0,0,0,0,0,0,0,0,0,0,0,NA,Dimocarpus longan,Tree,Native,DD,0.748685273,0.748685273,S,Mammal,Mature,25,10.0267614147894,0.00789607461414666,0.0173303586551251
2020-03-24T00:00:00Z,Benchmark,UPMA_P6B,Palaquium ellipticum,16.5,150.5,0,0,0,0,0,0,0,0,0,0,0,NA,Palaquium ellipticum,Tree,Endemic,NA,0.55093772,0.55093772,L,Mammal,Mature,35,47.9056378706605,0.18024496248836,0.519766153392313
2020-03-24T00:00:00Z,Benchmark,UPMA_P6B,Drypetes wightii,6.5,55.5,0,0,0,0,0,0,0,0,0,0,0,NA,Drypetes wightii,Tree,Endemic,VU,NA,0.7175,M,Bird,Mature,12,17.6661986832004,0.0245118506729405,0.0386564429874934
2018-11-12T00:00:00Z,Fragment,PTTM_P1D,Maesopsis eminii,26,113,0,0,0,0,0,0,0,0,0,0,0,NA,Maesopsis eminii,Tree,Introduced,LC,0.34,0.34,L,Mammal_bird,Int,30,35.9690171387683,0.101612473417021,0.289083232954131
2018-11-12T00:00:00Z,Fragment,PTTM_P1D,Maesopsis eminii,6.5,46,0,0,0,0,0,0,0,0,0,0,0,NA,Maesopsis eminii,Tree,Introduced,LC,0.34,0.34,L,Mammal_bird,Int,30,14.6422547644544,0.0168385929791225,0.0129272609989501
2018-11-12T00:00:00Z,Fragment,PTTM_P1D,Maesopsis eminii,20,65,52,0,0,0,0,0,0,0,0,0,0,NA,Maesopsis eminii,Tree,Introduced,LC,0.34,0.34,L,Mammal_bird,Int,30,26.496310714093,0.0551392300341871,0.123225201593684
2018-11-12T00:00:00Z,Fragment,PTTM_P1D,Spathodea campanulata,30,260,0,0,0,0,0,0,0,0,0,0,0,NA,Spathodea campanulata,Tree,Introduced,LC,0.475,0.475,S,Wind,Int,15,82.7605704077856,0.537943707650606,2.34329871030413
2018-11-12T00:00:00Z,Fragment,PTTM_P1D,Maesopsis eminii,8.5,32,0,0,0,0,0,0,0,0,0,0,0,NA,Maesopsis eminii,Tree,Introduced,LC,0.34,0.34,L,Mammal_bird,Int,30,10.1859163578813,0.00814873308630504,0.00827114097081138
2018-11-12T00:00:00Z,Fragment,PTTM_P1D,Maesopsis eminii,8.5,40,0,0,0,0,0,0,0,0,0,0,0,NA,Maesopsis eminii,Tree,Introduced,LC,0.34,0.34,L,Mammal_bird,Int,30,12.7323954473516,0.0127323954473516,0.0127859725660261
2018-11-12T00:00:00Z,Fragment,PTTM_P1D,Cullenia exarillata,27,250,0,0,0,0,0,0,0,0,0,0,0,NA,Cullenia exarillata,Tree,Endemic,NA,NA,0.55,L,Gravity,Mature,40,79.5774715459477,0.497359197162173,2.25974943434805
2018-11-12T00:00:00Z,Fragment,PTTM_P1D,Maesopsis eminii,12.5,40,0,0,0,0,0,0,0,0,0,0,0,NA,Maesopsis eminii,Tree,Introduced,LC,0.34,0.34,L,Mammal_bird,Int,30,12.7323954473516,0.0127323954473516,0.0186296660299743
2018-11-12T00:00:00Z,Fragment,PTTM_P1D,Maesopsis eminii,13,38,0,0,0,0,0,0,0,0,0,0,0,NA,Maesopsis eminii,Tree,Introduced,LC,0.34,0.34,L,Mammal_bird,Int,30,12.095775674984,0.0114909868912348,0.0175124168459215
2018-11-12T00:00:00Z,Fragment,PTTM_P1D,Maesopsis eminii,15,42,0,0,0,0,0,0,0,0,0,0,0,NA,Maesopsis eminii,Tree,Introduced,LC,0.34,0.34,L,Mammal_bird,Int,30,13.3690152197192,0.0140374659807052,0.0244820329093398
2018-11-12T00:00:00Z,Fragment,PTTM_P1D,Maesopsis eminii,16,39,0,0,0,0,0,0,0,0,0,0,0,NA,Maesopsis eminii,Tree,Introduced,LC,0.34,0.34,L,Mammal_bird,Int,30,12.4140855611678,0.0121037334221386,0.0225620734999376
2018-11-12T00:00:00Z,Fragment,PTTM_P1D,Maesopsis eminii,16,26,57,0,0,0,0,0,0,0,0,0,0,NA,Maesopsis eminii,Tree,Introduced,LC,0.34,0.34,L,Mammal_bird,Int,30,19.9420572107337,0.0312341575817845,0.0569125973232992
2018-11-12T00:00:00Z,Fragment,PTTM_P1D,Maesopsis eminii,12,32,0,0,0,0,0,0,0,0,0,0,0,NA,Maesopsis eminii,Tree,Introduced,LC,0.34,0.34,L,Mammal_bird,Int,30,10.1859163578813,0.00814873308630504,0.0115806636343854
2018-11-12T00:00:00Z,Fragment,PTTM_P1D,Maesopsis eminii,25,77,108,0,0,0,0,0,0,0,0,0,0,NA,Maesopsis eminii,Tree,Introduced,LC,0.34,0.34,L,Mammal_bird,Int,30,42.2201798174717,0.140000645690786,0.380400419490636
2018-11-12T00:00:00Z,Fragment,PTTM_P1D,Maesopsis eminii,23.5,49,0,0,0,0,0,0,0,0,0,0,0,NA,Maesopsis eminii,Tree,Introduced,LC,0.34,0.34,L,Mammal_bird,Int,30,15.5971844230057,0.019106550918182,0.0512654501879261
2018-11-12T00:00:00Z,Fragment,PTTM_P1D,Maesopsis eminii,21.5,65,45,0,0,0,0,0,0,0,0,0,0,NA,Maesopsis eminii,Tree,Introduced,LC,0.34,0.34,L,Mammal_bird,Int,30,25.1646060522435,0.0497359197162173,0.119574514854412
2018-11-12T00:00:00Z,Fragment,PTTM_P1D,Maesopsis eminii,23.5,92,0,0,0,0,0,0,0,0,0,0,0,NA,Maesopsis eminii,Tree,Introduced,LC,0.34,0.34,L,Mammal_bird,Int,30,29.2845095289087,0.0673543719164901,0.175337926440593
2018-11-12T00:00:00Z,Fragment,PTTM_P1D,Maesopsis eminii,12,37,27,0,0,0,0,0,0,0,0,0,0,NA,Maesopsis eminii,Tree,Introduced,LC,0.34,0.34,L,Mammal_bird,Int,30,14.5798437331003,0.0166953535303398,0.0233218416401864
2018-11-12T00:00:00Z,Fragment,PTTM_P1D,Maesopsis eminii,9,28,27,20,0,0,0,0,0,0,0,0,0,NA,Maesopsis eminii,Tree,Introduced,LC,0.34,0.34,L,Mammal_bird,Int,30,13.9221917925229,0.0152231703067398,0.0160951227669565
2018-11-12T00:00:00Z,Fragment,PTTM_P1D,Maesopsis eminii,24,88,36,0,0,0,0,0,0,0,0,0,0,NA,Maesopsis eminii,Tree,Introduced,LC,0.34,0.34,L,Mammal_bird,Int,30,30.2645584822699,0.0719380342775367,0.190856235638336
2018-11-12T00:00:00Z,Fragment,PTTM_P1D,Maesopsis eminii,20,62,0,0,0,0,0,0,0,0,0,0,0,NA,Maesopsis eminii,Tree,Introduced,LC,0.34,0.34,L,Mammal_bird,Int,30,19.735212943395,0.0305895800622623,0.0693351800011299
2018-11-12T00:00:00Z,Fragment,PTTM_P1D,Maesopsis eminii,12.5,37,32,0,0,0,0,0,0,0,0,0,0,NA,Maesopsis eminii,Tree,Introduced,LC,0.34,0.34,L,Mammal_bird,Int,30,15.5711782616511,0.0190428889409453,0.0275951043221411
2018-11-12T00:00:00Z,Fragment,PTTM_P1D,Maesopsis eminii,20,87,60,0,0,0,0,0,0,0,0,0,0,NA,Maesopsis eminii,Tree,Introduced,LC,0.34,0.34,L,Mammal_bird,Int,30,33.6400995851866,0.0888800779696689,0.196366327283011
2018-11-12T00:00:00Z,Fragment,PTTM_P1D,Maesopsis eminii,28,43,100,55,43,0,0,0,0,0,0,0,0,NA,Maesopsis eminii,Tree,Introduced,LC,0.34,0.34,L,Mammal_bird,Int,30,41.1630192533397,0.133077405666288,0.404371632644812
2018-11-12T00:00:00Z,Fragment,PTTM_P1D,Cassine sp.,16,71,0,0,0,0,0,0,0,0,0,0,0,NA,Cassine sp.,Tree,Native,NA,NA,0.71,S,Mammal,Mature,NA,22.6000019190491,0.0401150034063122,0.149067139864395
2018-11-12T00:00:00Z,Fragment,PTTM_P1D,Persea macrantha,25,140,0,0,0,0,0,0,0,0,0,0,0,NA,Machilus glaucescens,Tree,Endemic,NA,0.427,0.427,S,Bird,Secondary,30,44.5633840657307,0.155971844230057,0.527965264622167
2018-11-12T00:00:00Z,Fragment,PTTM_P2D,Bhesa indica,31,222,0,0,0,0,0,0,0,0,0,0,0,NA,Bhesa indica,Tree,Native,NA,NA,0.655,L,Mammal,Mature,30,70.6647947328015,0.392189610767048,2.43208023741051
2018-11-12T00:00:00Z,Fragment,PTTM_P2D,Maesopsis eminii,12,38,0,0,0,0,0,0,0,0,0,0,0,NA,Maesopsis eminii,Tree,Introduced,LC,0.34,0.34,L,Mammal_bird,Int,30,12.095775674984,0.0114909868912348,0.0161963916648711
2018-11-12T00:00:00Z,Fragment,PTTM_P2D,Maesopsis eminii,23,91,0,0,0,0,0,0,0,0,0,0,0,NA,Maesopsis eminii,Tree,Introduced,LC,0.34,0.34,L,Mammal_bird,Int,30,28.9661996427249,0.0658981041871993,0.168071841871196
2018-11-12T00:00:00Z,Fragment,PTTM_P2D,Maesopsis eminii,15,61,24,36,0,0,0,0,0,0,0,0,0,NA,Maesopsis eminii,Tree,Introduced,LC,0.34,0.34,L,Mammal_bird,Int,30,23.8052385014642,0.0445076798356486,0.0755033473878528
2018-11-12T00:00:00Z,Fragment,PTTM_P2D,Maesopsis eminii,16,63,0,0,0,0,0,0,0,0,0,0,0,NA,Maesopsis eminii,Tree,Introduced,LC,0.34,0.34,L,Mammal_bird,Int,30,20.0535228295788,0.0315842984565866,0.0575352029412825
2018-11-12T00:00:00Z,Fragment,PTTM_P2D,Cullenia exarillata,37,290,0,0,0,0,0,0,0,0,0,0,0,NA,Cullenia exarillata,Tree,Endemic,NA,NA,0.55,L,Gravity,Mature,40,92.3098669932993,0.66924653570142,4.10616247884533
2018-11-12T00:00:00Z,Fragment,PTTM_P2D,Maesopsis eminii,25,40,25,0,0,0,0,0,0,0,0,0,0,NA,Maesopsis eminii,Tree,Introduced,LC,0.34,0.34,L,Mammal_bird,Int,30,15.0146473020248,0.0177059874189734,0.0505572376730415
2018-11-12T00:00:00Z,Fragment,PTTM_P2D,Maesopsis eminii,13,26,37,0,0,0,0,0,0,0,0,0,0,NA,Maesopsis eminii,Tree,Introduced,LC,0.34,0.34,L,Mammal_bird,Int,30,14.3945066101128,0.0162735929311463,0.0245949066420358
2018-11-12T00:00:00Z,Fragment,PTTM_P2D,Artocarpus heterophyllus,21,245,0,0,0,0,0,0,0,0,0,0,0,NA,Artocarpus heterophyllus,Tree,Native,NA,0.484,0.484,L,Mammal,Mature,20,77.9859221150287,0.477663772954551,1.50045740771506
2018-11-12T00:00:00Z,Fragment,PTTM_P2D,Coffea robusta,5,111,0,0,0,0,0,0,0,0,0,0,0,NA,Coffea canephora,Tree,Introduced,EN,NA,0.55,S,Mammal,Int,6,35.3323973664008,0.0980474026917621,0.0893172893578071
2018-11-12T00:00:00Z,Fragment,PTTM_P2D,Maesopsis eminii,16,46,53,40,0,0,0,0,0,0,0,0,0,NA,Maesopsis eminii,Tree,Introduced,LC,0.34,0.34,L,Mammal_bird,Int,30,25.7122679525991,0.0519243001837309,0.0934655315905711
2018-11-12T00:00:00Z,Fragment,PTTM_P2D,Maesopsis eminii,17,60,0,0,0,0,0,0,0,0,0,0,0,NA,Maesopsis eminii,Tree,Introduced,LC,0.34,0.34,L,Mammal_bird,Int,30,19.0985931710274,0.0286478897565412,0.0554969584179185
2018-11-12T00:00:00Z,Fragment,PTTM_P2D,Maesopsis eminii,13,47,0,0,0,0,0,0,0,0,0,0,0,NA,Maesopsis eminii,Tree,Introduced,LC,0.34,0.34,L,Mammal_bird,Int,30,14.9605646506382,0.0175786634644998,0.026518168401541
2018-11-12T00:00:00Z,Fragment,PTTM_P2D,Maesopsis eminii,25,33,83,17,34,0,0,0,0,0,0,0,0,NA,Maesopsis eminii,Tree,Introduced,LC,0.34,0.34,L,Mammal_bird,Int,30,30.8990212379251,0.0749858514377465,0.206822552033454
2018-11-12T00:00:00Z,Fragment,PTTM_P2D,Maesopsis eminii,25,99,50,0,0,0,0,0,0,0,0,0,0,NA,Maesopsis eminii,Tree,Introduced,LC,0.34,0.34,L,Mammal_bird,Int,30,35.303709153351,0.0978882477486703,0.268269370766288
2018-11-12T00:00:00Z,Fragment,PTTM_P2D,Maesopsis eminii,24,85,34,30,0,0,0,0,0,0,0,0,0,NA,Maesopsis eminii,Tree,Introduced,LC,0.34,0.34,L,Mammal_bird,Int,30,30.6653208915957,0.073855851341794,0.195820639141124
2018-11-12T00:00:00Z,Fragment,PTTM_P2D,Maesopsis eminii,19,55,0,0,0,0,0,0,0,0,0,0,0,NA,Maesopsis eminii,Tree,Introduced,LC,0.34,0.34,L,Mammal_bird,Int,30,17.5070437401085,0.0240721851426492,0.0521976893171428
2018-11-12T00:00:00Z,Fragment,PTTM_P2D,Spathodea campanulata,15.5,55,0,0,0,0,0,0,0,0,0,0,0,NA,Spathodea campanulata,Tree,Introduced,LC,0.475,0.475,S,Wind,Int,15,17.5070437401085,0.0240721851426492,0.0593035976969109
2018-11-12T00:00:00Z,Fragment,PTTM_P2D,Dimocarpus longan,25,290,0,0,0,0,0,0,0,0,0,0,0,NA,Dimocarpus longan,Tree,Native,DD,0.748685273,0.748685273,S,Mammal,Mature,25,92.3098669932993,0.66924653570142,3.78427613104098
2018-11-12T00:00:00Z,Fragment,SIRK_P1D,Acronychia pedunculata,14,65,25,0,0,0,0,0,0,0,0,0,0,NA,Acronychia pedunculata,Tree,Native,LC,0.4795,0.4795,S,Mammal_bird,Secondary,10,22.1677184361706,0.0385950736997846,0.0859074751557202
2018-11-12T00:00:00Z,Fragment,SIRK_P1D,Litsea floribunda,10,31,0,0,0,0,0,0,0,0,0,0,0,NA,Litsea floribunda,Tree,Endemic,NT,0.56358678,0.56358678,S,Bird,Secondary,10,9.86760647169751,0.00764739501556557,0.0149194267055887
2018-11-12T00:00:00Z,Fragment,SIRK_P1D,Litsea floribunda,11,33,34,0,0,0,0,0,0,0,0,0,0,NA,Litsea floribunda,Tree,Endemic,NT,0.56358678,0.56358678,S,Bird,Secondary,10,15.0819778967166,0.0178651423620653,0.0374800811598379
2018-11-12T00:00:00Z,Fragment,SIRK_P1D,Acronychia pedunculata,13,32,31,45,42,0,0,0,0,0,0,0,0,NA,Acronychia pedunculata,Tree,Native,LC,0.4795,0.4795,S,Mammal_bird,Secondary,10,24.1873626993697,0.0459480320706302,0.0947405941874613
2018-11-12T00:00:00Z,Fragment,SIRK_P1D,Melicope lunu-ankenda,10,30,0,0,0,0,0,0,0,0,0,0,0,NA,Melicope lunu-ankenda,Tree,Native,LC,0.411118888,0.411118888,S,Mammal,Secondary,10,9.54929658551372,0.00716197243913529,0.0102860651692667
2018-11-12T00:00:00Z,Fragment,SIRK_P1D,Syzygium cumini,12,47,0,0,0,0,0,0,0,0,0,0,0,NA,Syzygium cumini,Tree,Native,LC,0.645435271,0.645435271,S,Mammal_bird,Secondary,20,14.9605646506382,0.0175786634644998,0.0458467458492803
2018-11-12T00:00:00Z,Fragment,SIRK_P1D,Melicope lunu-ankenda,11.5,35,0,0,0,0,0,0,0,0,0,0,0,NA,Melicope lunu-ankenda,Tree,Native,LC,0.411118888,0.411118888,S,Mammal,Secondary,10,11.1408460164327,0.00974824026437859,0.0159283392553059
2018-11-12T00:00:00Z,Fragment,SIRK_P1D,Eucalyptus sp.,21.5,58,0,0,0,0,0,0,0,0,0,0,0,NA,Eucalyptus sp.,Tree,Introduced,NA,NA,0.544,S,Wind,Int,45,18.4619733986599,0.0267698614280568,0.103345668072867
2018-11-12T00:00:00Z,Fragment,SIRK_P1D,Eucalyptus sp.,17,49,0,0,0,0,0,0,0,0,0,0,0,NA,Eucalyptus sp.,Tree,Introduced,NA,NA,0.544,S,Wind,Int,45,15.5971844230057,0.019106550918182,0.0591291712832109
2018-11-12T00:00:00Z,Fragment,SIRK_P1D,Melicope lunu-ankenda,12,42,34,0,0,0,0,0,0,0,0,0,0,NA,Melicope lunu-ankenda,Tree,Native,LC,0.411118888,0.411118888,S,Mammal,Secondary,10,17.2005190687847,0.0232366216914167,0.0387617290538476
2018-11-12T00:00:00Z,Fragment,SIRK_P1D,Litsea floribunda,11.5,23,48,0,0,0,0,0,0,0,0,0,0,NA,Litsea floribunda,Tree,Endemic,NT,0.56358678,0.56358678,S,Bird,Secondary,10,16.9423408435417,0.022544297688967,0.0491188123948194
2018-11-12T00:00:00Z,Fragment,SIRK_P1D,Eucalyptus sp.,25.5,51,0,0,0,0,0,0,0,0,0,0,0,NA,Eucalyptus sp.,Tree,Introduced,NA,NA,0.544,S,Wind,Int,45,16.2338041953733,0.020698100349101,0.0949688319704667
2018-11-12T00:00:00Z,Fragment,SIRK_P1D,Eucalyptus sp.,30,119,0,0,0,0,0,0,0,0,0,0,0,NA,Eucalyptus sp.,Tree,Introduced,NA,NA,0.544,S,Wind,Int,45,37.8788764558711,0.112689657456217,0.581780164362943
2018-11-12T00:00:00Z,Fragment,SIRK_P1D,Syzygium cumini,13.5,32,0,0,0,0,0,0,0,0,0,0,0,NA,Syzygium cumini,Tree,Native,LC,0.645435271,0.645435271,S,Mammal_bird,Secondary,20,10.1859163578813,0.00814873308630504,0.0242857274212057
2018-11-12T00:00:00Z,Fragment,SIRK_P1D,Melicope lunu-ankenda,14,36,0,0,0,0,0,0,0,0,0,0,0,NA,Melicope lunu-ankenda,Tree,Native,LC,0.411118888,0.411118888,S,Mammal,Secondary,10,11.4591559026165,0.0103132403123548,0.0203906949086553
2018-11-12T00:00:00Z,Fragment,SIRK_P1D,Syzygium cumini,12,50,0,0,0,0,0,0,0,0,0,0,0,NA,Syzygium cumini,Tree,Native,LC,0.645435271,0.645435271,S,Mammal_bird,Secondary,20,15.9154943091895,0.0198943678864869,0.0517324379052162
2018-11-12T00:00:00Z,Fragment,SIRK_P1D,Eucalyptus sp.,21,71,0,0,0,0,0,0,0,0,0,0,0,NA,Eucalyptus sp.,Tree,Introduced,NA,NA,0.544,S,Wind,Int,45,22.6000019190491,0.0401150034063122,0.149886743872601
2018-11-12T00:00:00Z,Fragment,SIRK_P1D,Mallotus tetracoccus,11,33,0,0,0,0,0,0,0,0,0,0,0,NA,Mallotus tetracoccus,Tree,Native,NA,0.484597734,0.484597734,S,Bird,Secondary,12,10.5042262440651,0.0086659866513537,0.0159641966161789
2018-11-12T00:00:00Z,Fragment,SIRK_P1D,Syzygium cumini,12,44,0,0,0,0,0,0,0,0,0,0,0,NA,Syzygium cumini,Tree,Native,LC,0.645435271,0.645435271,S,Mammal_bird,Secondary,20,14.0056349920868,0.0154061984912955,0.0403081736791852
2018-11-12T00:00:00Z,Fragment,SIRK_P1D,Litsea floribunda,10,39,26,44,0,0,0,0,0,0,0,0,0,NA,Litsea floribunda,Tree,Endemic,NT,0.56358678,0.56358678,S,Bird,Secondary,10,20.4636373109421,0.0328893689899402,0.061956823623874
2018-11-12T00:00:00Z,Fragment,SIRK_P1D,Melicope lunu-ankenda,11,43,0,0,0,0,0,0,0,0,0,0,0,NA,Melicope lunu-ankenda,Tree,Native,LC,0.411118888,0.411118888,S,Mammal,Secondary,10,13.687325105903,0.0147138744888457,0.0227949302863978
2018-11-12T00:00:00Z,Fragment,SIRK_P1D,Eucalyptus sp.,20,50,0,0,0,0,0,0,0,0,0,0,0,Cut,Eucalyptus sp.,Tree,Introduced,NA,NA,0.544,S,Wind,Int,45,15.9154943091895,0.0198943678864869,0.0720801399176275
2018-11-12T00:00:00Z,Fragment,SIRK_P1D,Melicope lunu-ankenda,12,42,0,0,0,0,0,0,0,0,0,0,0,NA,Melicope lunu-ankenda,Tree,Native,LC,0.411118888,0.411118888,S,Mammal,Secondary,10,13.3690152197192,0.0140374659807052,0.02370129595693
2018-11-12T00:00:00Z,Fragment,SIRK_P1D,Eucalyptus sp.,30,120,117,0,0,0,0,0,0,0,0,0,0,NA,Eucalyptus sp.,Tree,Introduced,NA,NA,0.544,S,Wind,Int,45,53.3480152145291,0.223525159825412,1.13517455755856
2018-11-12T00:00:00Z,Fragment,SIRK_P1D,Syzygium cumini,12.5,54,56,0,0,0,0,0,0,0,0,0,0,NA,Syzygium cumini,Tree,Native,LC,0.645435271,0.645435271,S,Mammal_bird,Secondary,20,24.7627907030574,0.0481602857796075,0.127588084841374
2018-11-12T00:00:00Z,Fragment,SIRK_P1D,Litsea floribunda,12,35,10,0,0,0,0,0,0,0,0,0,0,NA,Litsea floribunda,Tree,Endemic,NT,0.56358678,0.56358678,S,Bird,Secondary,10,11.5866547513119,0.0105440149798381,0.0243880851242074
2018-11-12T00:00:00Z,Fragment,SIRK_P1D,Syzygium cumini,13,31,0,0,0,0,0,0,0,0,0,0,0,NA,Syzygium cumini,Tree,Native,LC,0.645435271,0.645435271,S,Mammal_bird,Secondary,20,9.86760647169751,0.00764739501556557,0.022000843854527
2018-11-12T00:00:00Z,Fragment,SIRK_P1D,Litsea floribunda,5,27,22,0,0,0,0,0,0,0,0,0,0,NA,Litsea floribunda,Tree,Endemic,NT,0.56358678,0.56358678,S,Bird,Secondary,10,11.0861443143302,0.00965274729852345,0.00952043900039408
2018-11-12T00:00:00Z,Fragment,SIRK_P1D,Eucalyptus sp.,18,58,0,0,0,0,0,0,0,0,0,0,0,NA,Eucalyptus sp.,Tree,Introduced,NA,NA,0.544,S,Wind,Int,45,18.4619733986599,0.0267698614280568,0.0868917022177944
2018-11-12T00:00:00Z,Fragment,SIRK_P1D,Eucalyptus sp.,35,117,95,97,70,79,39,0,0,0,0,0,0,NA,Eucalyptus sp.,Tree,Introduced,NA,NA,0.544,S,Wind,Int,45,67.362223904961,0.356387706318527,2.0803514250985
2018-11-12T00:00:00Z,Fragment,SIRK_P1D,Litsea floribunda,11,41,0,0,0,0,0,0,0,0,0,0,0,NA,Litsea floribunda,Tree,Endemic,NT,0.56358678,0.56358678,S,Bird,Secondary,10,13.0507053335354,0.0133769729668738,0.0282596941935087
2018-11-12T00:00:00Z,Fragment,SIRK_P1D,Litsea floribunda,10,22,31,37,28,0,0,0,0,0,0,0,0,NA,Litsea floribunda,Tree,Endemic,NT,0.56358678,0.56358678,S,Bird,Secondary,10,19.0932872692245,0.028631974262232,0.0541165123805647
2018-11-12T00:00:00Z,Fragment,SIRK_P1D,Eucalyptus sp.,12,65,0,0,0,0,0,0,0,0,0,0,0,NA,Eucalyptus sp.,Tree,Introduced,NA,NA,0.544,S,Wind,Int,45,20.6901426019464,0.0336214817281629,0.0730648782708942
2018-11-12T00:00:00Z,Fragment,SIRK_P1D,Macaranga peltata,22,45,46,0,0,0,0,0,0,0,0,0,0,NA,Macaranga peltata,Tree,Endemic,NA,0.466512198,0.466512198,S,Bird,Secondary,12,20.4834328534775,0.0329530309671769,0.11142583668661
2018-11-12T00:00:00Z,Fragment,SIRK_P1D,Syzygium cumini,12,40,24,26,0,0,0,0,0,0,0,0,0,NA,Syzygium cumini,Tree,Native,LC,0.645435271,0.645435271,S,Mammal_bird,Secondary,20,16.9990592606752,0.0226954948849043,0.0588300786971368
2018-11-12T00:00:00Z,Fragment,SIRK_P1D,Litsea floribunda,24.5,30,31,67,37,0,0,0,0,0,0,0,0,NA,Litsea floribunda,Tree,Endemic,NT,0.56358678,0.56358678,S,Bird,Secondary,10,27.9660189611465,0.061425850286317,0.273337855733096
2018-11-12T00:00:00Z,Fragment,SIRK_P1D,Eucalyptus sp.,20,49,0,0,0,0,0,0,0,0,0,0,0,NA,Eucalyptus sp.,Tree,Introduced,NA,NA,0.544,S,Wind,Int,45,15.5971844230057,0.019106550918182,0.0692929292355973
2018-11-12T00:00:00Z,Fragment,SIRK_P1D,Litsea floribunda,11,40,0,0,0,0,0,0,0,0,0,0,0,NA,Litsea floribunda,Tree,Endemic,NT,0.56358678,0.56358678,S,Bird,Secondary,10,12.7323954473516,0.0127323954473516,0.02692988337773
2018-11-12T00:00:00Z,Fragment,SIRK_P1D,Eucalyptus sp.,25.5,37,73,71,0,0,0,0,0,0,0,0,0,NA,Eucalyptus sp.,Tree,Introduced,NA,NA,0.544,S,Wind,Int,45,34.4878148739146,0.093415993847788,0.413393904850332
2018-11-12T00:00:00Z,Fragment,SIRK_P1D,Eucalyptus sp.,25,59,0,0,0,0,0,0,0,0,0,0,0,NA,Eucalyptus sp.,Tree,Introduced,NA,NA,0.544,S,Wind,Int,45,18.7802832848437,0.0277009178451444,0.123797955358635
2018-11-12T00:00:00Z,Fragment,SIRK_P2D,Eucalyptus sp.,29,50,25,75,0,0,0,0,0,0,0,0,0,NA,Eucalyptus sp.,Tree,Introduced,NA,NA,0.544,S,Wind,Int,45,29.7751634230688,0.0696302876027042,0.351820549402744
2018-11-12T00:00:00Z,Fragment,SIRK_P2D,Litsea floribunda,9,34,31,0,0,0,0,0,0,0,0,0,0,NA,Litsea floribunda,Tree,Endemic,NT,0.56358678,0.56358678,S,Bird,Secondary,10,14.645714245841,0.0168465507262771,0.0290976794691487
2018-11-12T00:00:00Z,Fragment,SIRK_P2D,Litsea floribunda,11,36,0,0,0,0,0,0,0,0,0,0,0,NA,Litsea floribunda,Tree,Endemic,NT,0.56358678,0.56358678,S,Bird,Secondary,10,11.4591559026165,0.0103132403123548,0.0219238009856934
2018-11-12T00:00:00Z,Fragment,SIRK_P2D,Litsea floribunda,12,44,17,0,0,0,0,0,0,0,0,0,0,NA,Litsea floribunda,Tree,Endemic,NT,0.56358678,0.56358678,S,Bird,Secondary,10,15.0146473020248,0.0177059874189734,0.0404472593699409
2018-11-12T00:00:00Z,Fragment,SIRK_P2D,Eucalyptus sp.,31,33,74,0,0,0,0,0,0,0,0,0,0,NA,Eucalyptus sp.,Tree,Introduced,NA,NA,0.544,S,Wind,Int,45,25.7909590867022,0.0522426100699146,0.283668431187967
2018-11-12T00:00:00Z,Fragment,SIRK_P2D,Litsea floribunda,7,33,0,0,0,0,0,0,0,0,0,0,0,NA,Litsea floribunda,Tree,Endemic,NT,0.56358678,0.56358678,S,Bird,Secondary,10,10.5042262440651,0.0086659866513537,0.0119006040700991
2018-11-12T00:00:00Z,Fragment,SIRK_P2D,Litsea floribunda,9,32,0,0,0,0,0,0,0,0,0,0,0,NA,Litsea floribunda,Tree,Endemic,NT,0.56358678,0.56358678,S,Bird,Secondary,10,10.1859163578813,0.00814873308630504,0.0143221281641735
2018-11-12T00:00:00Z,Fragment,SIRK_P2D,Eucalyptus sp.,22,51,52,0,0,0,0,0,0,0,0,0,0,NA,Eucalyptus sp.,Tree,Introduced,NA,NA,0.544,S,Wind,Int,45,23.1842377321878,0.0422158486551253,0.164861167917364
2018-11-12T00:00:00Z,Fragment,SIRK_P2D,Litsea floribunda,9,31,0,0,0,0,0,0,0,0,0,0,0,NA,Litsea floribunda,Tree,Endemic,NT,0.56358678,0.56358678,S,Bird,Secondary,10,9.86760647169751,0.00764739501556557,0.0134614804388648
2018-11-12T00:00:00Z,Fragment,SIRK_P2D,Maesopsis eminii,8,76,20,0,0,0,0,0,0,0,0,0,0,NA,Maesopsis eminii,Tree,Introduced,LC,0.34,0.34,L,Mammal_bird,Int,30,25.0151879900008,0.0491470464267773,0.0450345609856927
2018-11-12T00:00:00Z,Fragment,SIRK_P2D,Litsea floribunda,11,34,24,0,0,0,0,0,0,0,0,0,0,NA,Litsea floribunda,Tree,Endemic,NT,0.56358678,0.56358678,S,Bird,Secondary,10,13.2471993292367,0.0137828180717581,0.0290961889241926
2018-11-12T00:00:00Z,Fragment,SIRK_P2D,Melicope lunu-ankenda,11,35,0,0,0,0,0,0,0,0,0,0,0,NA,Melicope lunu-ankenda,Tree,Native,LC,0.411118888,0.411118888,S,Mammal,Secondary,10,11.1408460164327,0.00974824026437859,0.0152520656382535
2018-11-12T00:00:00Z,Fragment,SIRK_P2D,Symplocos sp.,11,33,34,30,0,0,0,0,0,0,0,0,0,NA,Symplocos sp.,Tree,Native,NA,NA,0.52,NA,Bird,NA,NA,17.8509137736742,0.0250271148012005,0.0481473788385995
2018-11-12T00:00:00Z,Fragment,SIRK_P2D,Symplocos sp.,12,32,12,34,0,0,0,0,0,0,0,0,0,NA,Symplocos sp.,Tree,Native,NA,NA,0.52,NA,Bird,NA,NA,15.3450458058877,0.0184938043872782,0.039014225239568
2018-11-12T00:00:00Z,Fragment,SIRK_P2D,Symplocos sp.,13,30,0,0,0,0,0,0,0,0,0,0,0,NA,Symplocos sp.,Tree,Native,NA,NA,0.52,NA,Bird,NA,NA,9.54929658551372,0.00716197243913529,0.0167126391067803
2018-11-12T00:00:00Z,Fragment,SIRK_P2D,Eucalyptus sp.,38,157,0,0,0,0,0,0,0,0,0,0,0,NA,Eucalyptus sp.,Tree,Introduced,NA,NA,0.544,S,Wind,Int,45,49.9746521308551,0.196150509613606,1.25859443913655
2018-11-12T00:00:00Z,Fragment,SIRK_P2D,Litsea floribunda,9.5,32,10,0,0,0,0,0,0,0,0,0,0,NA,Litsea floribunda,Tree,Endemic,NT,0.56358678,0.56358678,S,Bird,Secondary,10,10.6716920127029,0.00894450780176452,0.0165356117780542
2018-11-12T00:00:00Z,Fragment,SIRK_P2D,Litsea floribunda,10,34,0,0,0,0,0,0,0,0,0,0,0,NA,Litsea floribunda,Tree,Endemic,NT,0.56358678,0.56358678,S,Bird,Secondary,10,10.8225361302489,0.00919915571071155,0.0178673833303
2018-11-12T00:00:00Z,Fragment,SIRK_P2D,Litsea floribunda,9,35,0,0,0,0,0,0,0,0,0,0,0,NA,Litsea floribunda,Tree,Endemic,NT,0.56358678,0.56358678,S,Bird,Secondary,10,11.1408460164327,0.00974824026437859,0.0170598661990425
2018-11-12T00:00:00Z,Fragment,SIRK_P2D,Eucalyptus sp.,14,35,0,0,0,0,0,0,0,0,0,0,0,NA,Eucalyptus sp.,Tree,Introduced,NA,NA,0.544,S,Wind,Int,45,11.1408460164327,0.00974824026437859,0.0253666246186514
2018-11-12T00:00:00Z,Fragment,SIRK_P2D,Litsea floribunda,10,35,0,0,0,0,0,0,0,0,0,0,0,NA,Litsea floribunda,Tree,Endemic,NT,0.56358678,0.56358678,S,Bird,Secondary,10,11.1408460164327,0.00974824026437859,0.0189075358033374
2018-11-12T00:00:00Z,Fragment,SIRK_P2D,Eucalyptus sp.,31,112,0,0,0,0,0,0,0,0,0,0,0,NA,Eucalyptus sp.,Tree,Introduced,NA,NA,0.544,S,Wind,Int,45,35.6507072525846,0.0998219803072368,0.533658572538602
2018-11-12T00:00:00Z,Fragment,SIRK_P2D,Litsea floribunda,8,33,0,0,0,0,0,0,0,0,0,0,0,NA,Litsea floribunda,Tree,Endemic,NT,0.56358678,0.56358678,S,Bird,Secondary,10,10.5042262440651,0.0086659866513537,0.0135571732748408
2018-11-12T00:00:00Z,Fragment,SIRK_P2D,Eucalyptus sp.,18,69,0,0,0,0,0,0,0,0,0,0,0,NA,Eucalyptus sp.,Tree,Introduced,NA,NA,0.544,S,Wind,Int,45,21.9633821466816,0.0378868342030257,0.121955189921448
2018-11-12T00:00:00Z,Fragment,SIRK_P2D,Litsea floribunda,10,35,34,0,0,0,0,0,0,0,0,0,0,NA,Litsea floribunda,Tree,Endemic,NT,0.56358678,0.56358678,S,Bird,Secondary,10,15.532087375894,0.0189473959750901,0.0361685650390964
2018-11-12T00:00:00Z,Fragment,SIRK_P2D,Litsea floribunda,12,52,0,0,0,0,0,0,0,0,0,0,0,NA,Litsea floribunda,Tree,Endemic,NT,0.56358678,0.56358678,S,Bird,Secondary,10,16.5521140815571,0.0215177483060242,0.0489253038811479
2018-11-12T00:00:00Z,Fragment,SIRK_P2D,Litsea floribunda,10.5,38,0,0,0,0,0,0,0,0,0,0,0,NA,Litsea floribunda,Tree,Endemic,NT,0.56358678,0.56358678,S,Bird,Secondary,10,12.095775674984,0.0114909868912348,0.023282651917075
2018-11-12T00:00:00Z,Fragment,SIRK_P2D,Symplocos sp.,11,57,0,0,0,0,0,0,0,0,0,0,0,NA,Symplocos sp.,Tree,Native,NA,NA,0.52,NA,Bird,NA,NA,18.1436635124761,0.0258547205052784,0.0497007123047712
2018-11-12T00:00:00Z,Fragment,SIRK_P2D,Eucalyptus sp.,34,67,85,0,0,0,0,0,0,0,0,0,0,NA,Eucalyptus sp.,Tree,Introduced,NA,NA,0.544,S,Wind,Int,45,34.4510717567153,0.0932170501689231,0.546261526784868
2018-11-12T00:00:00Z,Fragment,SIRK_P2D,Litsea floribunda,10,31,0,0,0,0,0,0,0,0,0,0,0,NA,Litsea floribunda,Tree,Endemic,NT,0.56358678,0.56358678,S,Bird,Secondary,10,9.86760647169751,0.00764739501556557,0.0149194267055887
2018-11-12T00:00:00Z,Fragment,SIRK_P2D,Eucalyptus sp.,12,56,0,0,0,0,0,0,0,0,0,0,0,NA,Eucalyptus sp.,Tree,Introduced,NA,NA,0.544,S,Wind,Int,45,17.8253536262923,0.0249554950768092,0.0546216508226772
2018-11-12T00:00:00Z,Fragment,SIRK_P2D,Litsea floribunda,14,35,29,30,35,0,0,0,0,0,0,0,0,NA,Litsea floribunda,Tree,Endemic,NT,0.56358678,0.56358678,S,Bird,Secondary,10,20.6067241609393,0.0333509183249067,0.0872202061208606
2018-11-12T00:00:00Z,Fragment,SIRK_P2D,Eucalyptus sp.,15,35,32,0,0,0,0,0,0,0,0,0,0,NA,Eucalyptus sp.,Tree,Introduced,NA,NA,0.544,S,Wind,Int,45,15.0954079776473,0.0178969733506836,0.0490939158777259
2018-11-12T00:00:00Z,Fragment,SIRK_P2D,Litsea floribunda,12,53,21,0,0,0,0,0,0,0,0,0,0,NA,Litsea floribunda,Tree,Endemic,NT,0.56358678,0.56358678,S,Bird,Secondary,10,18.1464554896431,0.025862678252433,0.0585454522718357
2018-11-12T00:00:00Z,Fragment,SIRK_P2D,Maesopsis eminii,21,108,0,0,0,0,0,0,0,0,0,0,0,NA,Maesopsis eminii,Tree,Introduced,LC,0.34,0.34,L,Mammal_bird,Int,30,34.3774677078494,0.0928191628111934,0.214846852697652
2018-11-12T00:00:00Z,Fragment,SIRK_P2D,Eucalyptus sp.,38,114,0,0,0,0,0,0,0,0,0,0,0,NA,Eucalyptus sp.,Tree,Introduced,NA,NA,0.544,S,Wind,Int,45,36.2873270249521,0.103418882021114,0.673857330046177
2018-11-12T00:00:00Z,Fragment,SIRK_P2D,Eucalyptus sp.,30,40,80,36,0,0,0,0,0,0,0,0,0,NA,Eucalyptus sp.,Tree,Introduced,NA,NA,0.544,S,Wind,Int,45,30.6900916117755,0.073975217549113,0.385787586884641
2018-11-12T00:00:00Z,Fragment,SIRK_P2D,Litsea floribunda,11,35,0,0,0,0,0,0,0,0,0,0,0,NA,Litsea floribunda,Tree,Endemic,NT,0.56358678,0.56358678,S,Bird,Secondary,10,11.1408460164327,0.00974824026437859,0.0207507688258879
2018-11-12T00:00:00Z,Fragment,SIRK_P2D,Litsea floribunda,12.5,40,0,0,0,0,0,0,0,0,0,0,0,NA,Litsea floribunda,Tree,Endemic,NT,0.56358678,0.56358678,S,Bird,Secondary,10,12.7323954473516,0.0127323954473516,0.0305083966839181
2018-11-12T00:00:00Z,Fragment,SIRK_P3D,Eucalyptus sp.,30,117,0,0,0,0,0,0,0,0,0,0,0,NA,Eucalyptus sp.,Tree,Introduced,NA,NA,0.544,S,Wind,Int,45,37.2422566835035,0.108933600799248,0.562846595490489
2018-11-12T00:00:00Z,Fragment,SIRK_P3D,Litsea floribunda,12,54,0,0,0,0,0,0,0,0,0,0,0,NA,Litsea floribunda,Tree,Endemic,NT,0.56358678,0.56358678,S,Bird,Secondary,10,17.1887338539247,0.0232047907027983,0.0526656712913184
2018-11-12T00:00:00Z,Fragment,SIRK_P3D,Litsea floribunda,12,31,0,0,0,0,0,0,0,0,0,0,0,NA,Litsea floribunda,Tree,Endemic,NT,0.56358678,0.56358678,S,Bird,Secondary,10,9.86760647169751,0.00764739501556557,0.017825143360091
2018-11-12T00:00:00Z,Fragment,SIRK_P3D,Litsea floribunda,12,34,0,0,0,0,0,0,0,0,0,0,0,NA,Litsea floribunda,Tree,Endemic,NT,0.56358678,0.56358678,S,Bird,Secondary,10,10.8225361302489,0.00919915571071155,0.0213472458169586
2018-11-12T00:00:00Z,Fragment,SIRK_P3D,Litsea floribunda,12,39,0,0,0,0,0,0,0,0,0,0,0,NA,Litsea floribunda,Tree,Endemic,NT,0.56358678,0.56358678,S,Bird,Secondary,10,12.4140855611678,0.0121037334221386,0.0279031425587861
2018-11-12T00:00:00Z,Fragment,SIRK_P3D,Eucalyptus sp.,28,36,62,74,0,0,0,0,0,0,0,0,0,NA,Eucalyptus sp.,Tree,Introduced,NA,NA,0.544,S,Wind,Int,45,32.7967328486704,0.0844794437931781,0.410567892496056
2018-11-12T00:00:00Z,Fragment,SIRK_P3D,Litsea floribunda,8,32,0,0,0,0,0,0,0,0,0,0,0,NA,Litsea floribunda,Tree,Endemic,NT,0.56358678,0.56358678,S,Bird,Secondary,10,10.1859163578813,0.00814873308630504,0.0127668187822514
2018-11-12T00:00:00Z,Fragment,SIRK_P3D,Litsea floribunda,11,56,0,0,0,0,0,0,0,0,0,0,0,NA,Litsea floribunda,Tree,Endemic,NT,0.56358678,0.56358678,S,Bird,Secondary,10,17.8253536262923,0.0249554950768092,0.0519369447657646
2018-11-12T00:00:00Z,Fragment,SIRK_P3D,Litsea floribunda,10,36,0,0,0,0,0,0,0,0,0,0,0,NA,Litsea floribunda,Tree,Endemic,NT,0.56358678,0.56358678,S,Bird,Secondary,10,11.4591559026165,0.0103132403123548,0.0199763707822284
2018-11-12T00:00:00Z,Fragment,SIRK_P3D,Litsea floribunda,11,36,0,0,0,0,0,0,0,0,0,0,0,NA,Litsea floribunda,Tree,Endemic,NT,0.56358678,0.56358678,S,Bird,Secondary,10,11.4591559026165,0.0103132403123548,0.0219238009856934
2018-11-12T00:00:00Z,Fragment,SIRK_P3D,Litsea floribunda,13,42,0,0,0,0,0,0,0,0,0,0,0,NA,Litsea floribunda,Tree,Endemic,NT,0.56358678,0.56358678,S,Bird,Secondary,10,13.3690152197192,0.0140374659807052,0.0348662657152291
2018-11-12T00:00:00Z,Fragment,SIRK_P3D,Litsea floribunda,12,33,0,0,0,0,0,0,0,0,0,0,0,NA,Litsea floribunda,Tree,Endemic,NT,0.56358678,0.56358678,S,Bird,Secondary,10,10.5042262440651,0.0086659866513537,0.0201388290631633
2018-11-12T00:00:00Z,Fragment,SIRK_P3D,Melicope lunu-ankenda,9.5,50,0,0,0,0,0,0,0,0,0,0,0,NA,Melicope lunu-ankenda,Tree,Native,LC,0.411118888,0.411118888,S,Mammal,Secondary,10,15.9154943091895,0.0198943678864869,0.0265189466467556
2018-11-12T00:00:00Z,Fragment,SIRK_P3D,Litsea floribunda,13.5,43,0,0,0,0,0,0,0,0,0,0,0,NA,Litsea floribunda,Tree,Endemic,NT,0.56358678,0.56358678,S,Bird,Secondary,10,13.687325105903,0.0147138744888457,0.0378747951180065
2018-11-12T00:00:00Z,Fragment,SIRK_P3D,Litsea floribunda,11.5,38,0,0,0,0,0,0,0,0,0,0,0,NA,Litsea floribunda,Tree,Endemic,NT,0.56358678,0.56358678,S,Bird,Secondary,10,12.095775674984,0.0114909868912348,0.0254444332399859
2018-11-12T00:00:00Z,Fragment,SIRK_P3D,Litsea floribunda,10,30,0,0,0,0,0,0,0,0,0,0,0,NA,Litsea floribunda,Tree,Endemic,NT,0.56358678,0.56358678,S,Bird,Secondary,10,9.54929658551372,0.00716197243913529,0.0139944165936538
2018-11-12T00:00:00Z,Fragment,SIRK_P3D,Litsea floribunda,11,37,0,0,0,0,0,0,0,0,0,0,0,NA,Litsea floribunda,Tree,Endemic,NT,0.56358678,0.56358678,S,Bird,Secondary,10,11.7774657888003,0.0108941558546402,0.0231282692711686
2018-11-12T00:00:00Z,Fragment,SIRK_P3D,Acronychia pedunculata,12.5,43,0,0,0,0,0,0,0,0,0,0,0,NA,Acronychia pedunculata,Tree,Native,LC,0.4795,0.4795,S,Mammal_bird,Secondary,10,13.687325105903,0.0147138744888457,0.0300082489079323
2018-11-12T00:00:00Z,Fragment,SIRK_P3D,Litsea floribunda,11,30,0,0,0,0,0,0,0,0,0,0,0,NA,Litsea floribunda,Tree,Endemic,NT,0.56358678,0.56358678,S,Bird,Secondary,10,9.54929658551372,0.00716197243913529,0.015358685902201
2018-11-12T00:00:00Z,Fragment,SIRK_P3D,Acronychia pedunculata,13,44,0,0,0,0,0,0,0,0,0,0,0,NA,Acronychia pedunculata,Tree,Native,LC,0.4795,0.4795,S,Mammal_bird,Secondary,10,14.0056349920868,0.0154061984912955,0.0326102697926244
2018-11-12T00:00:00Z,Fragment,SIRK_P3D,Eucalyptus sp.,28,54,40,0,0,0,0,0,0,0,0,0,0,NA,Eucalyptus sp.,Tree,Introduced,NA,NA,0.544,S,Wind,Int,45,21.3908032885349,0.03593718615015,0.178273575220668
2018-11-12T00:00:00Z,Fragment,SIRK_P3D,Litsea floribunda,14,34,30,0,0,0,0,0,0,0,0,0,0,NA,Litsea floribunda,Tree,Endemic,NT,0.56358678,0.56358678,S,Bird,Secondary,10,14.4331685214525,0.0163611281498468,0.0435256862705823
2018-11-12T00:00:00Z,Fragment,SIRK_P3D,Acronychia pedunculata,14,39,17,0,0,0,0,0,0,0,0,0,0,NA,Acronychia pedunculata,Tree,Native,LC,0.4795,0.4795,S,Mammal_bird,Secondary,10,13.542205964784,0.0144035223498165,0.0328277643614718
2018-11-12T00:00:00Z,Fragment,SIRK_P3D,Eucalyptus sp.,32,82,52,75,24,0,0,0,0,0,0,0,0,NA,Eucalyptus sp.,Tree,Introduced,NA,NA,0.544,S,Wind,Int,45,39.7938284052452,0.124371630279162,0.682219483393984
2018-11-12T00:00:00Z,Fragment,SIRK_P3D,Elaeocarpus serratus,13,55,0,0,0,0,0,0,0,0,0,0,0,NA,Elaeocarpus serratus,Tree,Native,NA,0.569530272,0.569530272,L,Mammal,Mature,18,17.5070437401085,0.0240721851426492,0.0596289911664994
2018-11-12T00:00:00Z,Fragment,SIRK_P3D,Eucalyptus sp.,37,103,0,0,0,0,0,0,0,0,0,0,0,NA,Eucalyptus sp.,Tree,Introduced,NA,NA,0.544,S,Wind,Int,45,32.7859182769304,0.0844237395630959,0.53857233619193
2018-11-12T00:00:00Z,Fragment,SIRK_P3D,Litsea floribunda,11,34,0,0,0,0,0,0,0,0,0,0,0,NA,Litsea floribunda,Tree,Endemic,NT,0.56358678,0.56358678,S,Bird,Secondary,10,10.8225361302489,0.00919915571071155,0.019609215334403
2018-11-12T00:00:00Z,Fragment,SIRK_P3D,Litsea floribunda,12,31,0,0,0,0,0,0,0,0,0,0,0,NA,Litsea floribunda,Tree,Endemic,NT,0.56358678,0.56358678,S,Bird,Secondary,10,9.86760647169751,0.00764739501556557,0.017825143360091
2018-11-12T00:00:00Z,Fragment,SIRK_P3D,Litsea floribunda,14,55,0,0,0,0,0,0,0,0,0,0,0,NA,Litsea floribunda,Tree,Endemic,NT,0.56358678,0.56358678,S,Bird,Secondary,10,17.5070437401085,0.0240721851426492,0.0634487457759206
2018-11-12T00:00:00Z,Fragment,SIRK_P3D,Litsea floribunda,10,31,0,0,0,0,0,0,0,0,0,0,0,NA,Litsea floribunda,Tree,Endemic,NT,0.56358678,0.56358678,S,Bird,Secondary,10,9.86760647169751,0.00764739501556557,0.0149194267055887
2018-11-12T00:00:00Z,Fragment,SIRK_P3D,Eucalyptus sp.,16,33,0,0,0,0,0,0,0,0,0,0,0,NA,Eucalyptus sp.,Tree,Introduced,NA,NA,0.544,S,Wind,Int,45,10.5042262440651,0.0086659866513537,0.0257620969624772
2018-11-12T00:00:00Z,Fragment,SIRK_P3D,Litsea floribunda,11,38,0,0,0,0,0,0,0,0,0,0,0,NA,Litsea floribunda,Tree,Endemic,NT,0.56358678,0.56358678,S,Bird,Secondary,10,12.095775674984,0.0114909868912348,0.0243641323608266
2018-11-12T00:00:00Z,Fragment,SIRK_P3D,Acronychia pedunculata,14,39,36,0,0,0,0,0,0,0,0,0,0,NA,Acronychia pedunculata,Tree,Native,LC,0.4795,0.4795,S,Mammal_bird,Secondary,10,16.8944302751074,0.0224169737344935,0.0505520743350683
2018-11-12T00:00:00Z,Fragment,SIRK_P3D,Eucalyptus sp.,34,70,0,0,0,0,0,0,0,0,0,0,0,NA,Eucalyptus sp.,Tree,Introduced,NA,NA,0.544,S,Wind,Int,45,22.2816920328653,0.0389929610575144,0.233332746964544
2018-11-12T00:00:00Z,Fragment,SIRK_P3D,Litsea floribunda,13.5,45,0,0,0,0,0,0,0,0,0,0,0,NA,Litsea floribunda,Tree,Endemic,NT,0.56358678,0.56358678,S,Bird,Secondary,10,14.3239448782706,0.0161144379880544,0.0413895489684471
2018-11-12T00:00:00Z,Fragment,SIRK_P3D,Litsea floribunda,10.5,39,0,0,0,0,0,0,0,0,0,0,0,NA,Litsea floribunda,Tree,Endemic,NT,0.56358678,0.56358678,S,Bird,Secondary,10,12.4140855611678,0.0121037334221386,0.0244936201058879
2018-11-12T00:00:00Z,Fragment,SIRK_P3D,Eucalyptus sp.,35,93,53,0,0,0,0,0,0,0,0,0,0,NA,Eucalyptus sp.,Tree,Introduced,NA,NA,0.544,S,Wind,Int,45,34.072542056235,0.0911798668973468,0.549947857353404
2018-11-12T00:00:00Z,Fragment,SIRK_P3D,Eucalyptus sp.,41,97,115,0,0,0,0,0,0,0,0,0,0,NA,Eucalyptus sp.,Tree,Introduced,NA,NA,0.544,S,Wind,Int,45,47.8884502835566,0.180115649097098,1.24722549830981
2018-11-12T00:00:00Z,Fragment,SIRK_P3D,Acronychia pedunculata,11,32,19,33,25,0,0,0,0,0,0,0,0,NA,Acronychia pedunculata,Tree,Native,LC,0.4795,0.4795,S,Mammal_bird,Secondary,10,17.7198856685816,0.0246610584320892,0.0438487860654888
2018-11-12T00:00:00Z,Fragment,SIRK_P3D,Acronychia pedunculata,11.5,30,17,0,0,0,0,0,0,0,0,0,0,NA,Acronychia pedunculata,Tree,Native,LC,0.4795,0.4795,S,Mammal_bird,Secondary,10,10.9759230751103,0.00946176136681318,0.0179781350211296
2018-11-12T00:00:00Z,Fragment,SIRK_P3D,Acronychia pedunculata,11.5,30,0,0,0,0,0,0,0,0,0,0,0,NA,Acronychia pedunculata,Tree,Native,LC,0.4795,0.4795,S,Mammal_bird,Secondary,10,9.54929658551372,0.00716197243913529,0.0136995984243128
2018-11-12T00:00:00Z,Fragment,SIRK_P3D,Eucalyptus sp.,34.5,56,80,0,0,0,0,0,0,0,0,0,0,NA,Eucalyptus sp.,Tree,Introduced,NA,NA,0.544,S,Wind,Int,45,31.0837386299224,0.0758850768662157,0.453308420185874
2018-11-12T00:00:00Z,Fragment,SIRK_P3D,Eucalyptus sp.,23,79,0,0,0,0,0,0,0,0,0,0,0,NA,Eucalyptus sp.,Tree,Introduced,NA,NA,0.544,S,Wind,Int,45,25.1464810085195,0.049664299991826,0.201760129006028
2018-11-12T00:00:00Z,Fragment,SIRK_P3D,Melicope lunu-ankenda,11.5,33,0,0,0,0,0,0,0,0,0,0,0,NA,Melicope lunu-ankenda,Tree,Native,LC,0.411118888,0.411118888,S,Mammal,Secondary,10,10.5042262440651,0.0086659866513537,0.0142000176816604
2018-11-12T00:00:00Z,Fragment,SIRK_P3D,Acronychia pedunculata,13,40,15,0,0,0,0,0,0,0,0,0,0,NA,Acronychia pedunculata,Tree,Native,LC,0.4795,0.4795,S,Mammal_bird,Secondary,10,13.5982042986295,0.0145228885571354,0.0307841613953017
2018-11-12T00:00:00Z,Fragment,SIRK_P3D,Eucalyptus sp.,16,47,0,0,0,0,0,0,0,0,0,0,0,NA,Eucalyptus sp.,Tree,Introduced,NA,NA,0.544,S,Wind,Int,45,14.9605646506382,0.0175786634644998,0.0513779791934179
2018-11-12T00:00:00Z,Fragment,SIRK_P3D,Melicope lunu-ankenda,15.5,56,0,0,0,0,0,0,0,0,0,0,0,NA,Melicope lunu-ankenda,Tree,Native,LC,0.411118888,0.411118888,S,Mammal,Secondary,10,17.8253536262923,0.0249554950768092,0.0533501135934276
2018-11-12T00:00:00Z,Fragment,SIRK_P3D,Litsea floribunda,10.5,27,18,0,0,0,0,0,0,0,0,0,0,NA,Litsea floribunda,Tree,Endemic,NT,0.56358678,0.56358678,S,Bird,Secondary,10,10.3291435451049,0.00837950775378829,0.0171074372250263
2020-04-28T00:00:00Z,Benchmark,OLCA_P3B,Cullenia exarillata,27,260.9,0,0,0,0,0,0,0,0,0,0,0,NA,Cullenia exarillata,Tree,Endemic,NA,NA,0.55,L,Gravity,Mature,40,83.047049305351,0.541674379094152,2.45605898029736
2020-04-28T00:00:00Z,Benchmark,OLCA_P3B,Ficus hispida,5.5,52.5,0,0,0,0,0,0,0,0,0,0,0,NA,Ficus hispida,Tree,Native,LC,0.413,0.413,S,Mammal,Secondary,10,16.711269024649,0.0219335405948518,0.0171865444756102
2020-04-28T00:00:00Z,Benchmark,OLCA_P3B,Villebrunea integrifolia,7.5,42.9,32.2,24.7,0,0,0,0,0,0,0,0,0,NA,Oreocnide integrifolia,Tree,Native,NA,NA,0.55,S,Bird,Secondary,8,18.7973779172328,0.0277513699621045,0.0387083426571175
2020-04-28T00:00:00Z,Benchmark,OLCA_P3B,Villebrunea integrifolia,7.5,45.5,36.8,0,0,0,0,0,0,0,0,0,0,NA,Oreocnide integrifolia,Tree,Native,NA,NA,0.55,S,Bird,Secondary,8,18.6272214828554,0.0272512255534382,0.0380273226322391
2020-04-28T00:00:00Z,Benchmark,OLCA_P3B,Villebrunea integrifolia,8,31.2,0,0,0,0,0,0,0,0,0,0,0,NA,Oreocnide integrifolia,Tree,Native,NA,NA,0.55,S,Bird,Secondary,8,9.93126844893427,0.00774638939016873,0.0118652242428655
2020-04-28T00:00:00Z,Benchmark,OLCA_P3B,Villebrunea integrifolia,5.5,19.8,31.5,19.6,0,0,0,0,0,0,0,0,0,NA,Oreocnide integrifolia,Tree,Native,NA,NA,0.55,S,Bird,Secondary,8,13.3858674434006,0.0140728779555431,0.0147405910973525
2020-04-28T00:00:00Z,Benchmark,OLCA_P3B,Cullenia exarillata,30,296,0,0,0,0,0,0,0,0,0,0,0,NA,Cullenia exarillata,Tree,Endemic,NA,NA,0.55,L,Gravity,Mature,40,94.219726310402,0.697225974696975,3.48258816813924
2020-04-28T00:00:00Z,Benchmark,OLCA_P3B,Palaquium ellipticum,25,215,0,0,0,0,0,0,0,0,0,0,0,NA,Palaquium ellipticum,Tree,Endemic,NA,0.55093772,0.55093772,L,Mammal,Mature,35,68.436625529515,0.367846862221143,1.56423406727133
2020-04-28T00:00:00Z,Benchmark,OLCA_P4B,Gomphandra coriacea,11,110,0,0,0,0,0,0,0,0,0,0,0,NA,Gomphandra coriacea,Tree,Endemic,NA,NA,0.48,M,Bird,Mature,10,35.014087480217,0.0962887405705967,0.165869142884625
2020-04-28T00:00:00Z,Benchmark,OLCA_P4B,Villebrunea integrifolia,12,97.5,0,0,0,0,0,0,0,0,0,0,0,NA,Oreocnide integrifolia,Tree,Native,NA,NA,0.55,S,Bird,Secondary,8,31.0352139029196,0.0756483338883665,0.162962718784247
2020-04-28T00:00:00Z,Benchmark,OLCA_P4B,Villebrunea integrifolia,11,55.5,25,0,0,0,0,0,0,0,0,0,0,NA,Oreocnide integrifolia,Tree,Native,NA,NA,0.55,S,Bird,Secondary,8,19.3757661962249,0.0294854426445623,0.059680920355272
2020-04-28T00:00:00Z,Benchmark,OLCA_P4B,Villebrunea integrifolia,11,63.6,14.8,64.8,0,0,0,0,0,0,0,0,0,NA,Oreocnide integrifolia,Tree,Native,NA,NA,0.55,S,Bird,Secondary,8,29.2828487345827,0.0673467324792217,0.133639664420513
2020-04-28T00:00:00Z,Benchmark,OLCA_P4B,Villebrunea integrifolia,6.5,58,0,0,0,0,0,0,0,0,0,0,0,NA,Oreocnide integrifolia,Tree,Native,NA,NA,0.55,S,Bird,Secondary,8,18.4619733986599,0.0267698614280568,0.0325001402502134
2020-04-28T00:00:00Z,Benchmark,OLCA_P4B,Villebrunea integrifolia,7,72.4,57,0,0,0,0,0,0,0,0,0,0,NA,Oreocnide integrifolia,Tree,Native,NA,NA,0.55,S,Bird,Secondary,8,29.330766325192,0.0675673212303471,0.0862457871700917
2020-04-28T00:00:00Z,Benchmark,OLCA_P4B,Villebrunea integrifolia,6,30,0,0,0,0,0,0,0,0,0,0,0,NA,Oreocnide integrifolia,Tree,Native,NA,NA,0.55,S,Bird,Secondary,8,9.54929658551372,0.00716197243913529,0.00830016384065858
2020-04-28T00:00:00Z,Benchmark,OLCA_P4B,Villebrunea integrifolia,7,151,0,0,0,0,0,0,0,0,0,0,0,NA,Oreocnide integrifolia,Tree,Native,NA,NA,0.55,S,Bird,Secondary,8,48.0647928137524,0.181444592871915,0.226177314800767
2020-04-28T00:00:00Z,Benchmark,OLCA_P4B,Villebrunea integrifolia,8,44,59.5,0,0,0,0,0,0,0,0,0,0,NA,Oreocnide integrifolia,Tree,Native,NA,NA,0.55,S,Bird,Secondary,8,23.5554692570824,0.0435786128553496,0.0640391930380072
2020-04-28T00:00:00Z,Benchmark,OLCA_P4B,Villebrunea integrifolia,6.5,37.5,0,0,0,0,0,0,0,0,0,0,0,NA,Oreocnide integrifolia,Tree,Native,NA,NA,0.55,S,Bird,Secondary,8,11.9366207318922,0.0111905819361489,0.0138733973867089
2020-04-28T00:00:00Z,Benchmark,OLCA_P4B,Villebrunea integrifolia,7,116,0,0,0,0,0,0,0,0,0,0,0,NA,Oreocnide integrifolia,Tree,Native,NA,NA,0.55,S,Bird,Secondary,8,36.9239467973197,0.107079445712227,0.135178629054703
2020-04-28T00:00:00Z,Benchmark,OLCA_P4B,Villebrunea integrifolia,7,39.4,0,0,0,0,0,0,0,0,0,0,0,NA,Oreocnide integrifolia,Tree,Native,NA,NA,0.55,S,Bird,Secondary,8,12.5414095156414,0.0123532883729067,0.0164245949317681
2020-04-28T00:00:00Z,Benchmark,OLCA_P4B,Villebrunea integrifolia,6.5,17.5,16.5,18.6,0,0,0,0,0,0,0,0,0,NA,Oreocnide integrifolia,Tree,Native,NA,NA,0.55,S,Bird,Secondary,8,9.67819102053662,0.00735661893453668,0.00921256576898885
2020-04-28T00:00:00Z,Benchmark,OLCA_P4B,Villebrunea integrifolia,8,38.1,0,0,0,0,0,0,0,0,0,0,0,NA,Oreocnide integrifolia,Tree,Native,NA,NA,0.55,S,Bird,Secondary,8,12.1276066636024,0.0115515453470813,0.0175247461339318
2020-04-28T00:00:00Z,Benchmark,OLCA_P4B,Palaquium ellipticum,30,199.2,0,0,0,0,0,0,0,0,0,0,0,NA,Palaquium ellipticum,Tree,Endemic,NA,0.55093772,0.55093772,L,Mammal,Mature,35,63.4073293278111,0.315768500052499,1.61018413265477
2020-04-28T00:00:00Z,Benchmark,OLCA_P4B,Cullenia exarillata,35,451.5,0,0,0,0,0,0,0,0,0,0,0,NA,Cullenia exarillata,Tree,Endemic,NA,NA,0.55,L,Gravity,Mature,40,143.716913611982,1.62220466239524,9.22938375016756
2020-04-28T00:00:00Z,Benchmark,OLCA_P5B,Ficus exasperata,15,100,0,0,0,0,0,0,0,0,0,0,0,NA,Ficus exasperata,Tree,Native,LC,NA,0.42,S,Mammal_bird,Secondary,18,31.8309886183791,0.0795774715459477,0.163618628112858
2020-04-28T00:00:00Z,Benchmark,OLCA_P5B,Antidesma menasu,8,79.8,0,0,0,0,0,0,0,0,0,0,0,NA,Antidesma montanum,Tree,Native,LC,NA,0.624,S,Mammal_bird,Mature,10,25.4011289174665,0.0506752521903457,0.0839270583669004
2020-04-28T00:00:00Z,Benchmark,OLCA_P5B,Ficus exasperata,11,92.5,0,0,0,0,0,0,0,0,0,0,0,NA,Ficus exasperata,Tree,Native,LC,NA,0.42,S,Mammal_bird,Secondary,18,29.4436644720006,0.0680884740915015,0.103818703512726
2020-04-28T00:00:00Z,Benchmark,OLCA_P5B,Persea macrantha,6,22.5,15,15.9,0,0,0,0,0,0,0,0,0,NA,Machilus glaucescens,Tree,Endemic,NA,0.427,0.427,S,Bird,Secondary,30,9.98529538747247,0.00783090066495052,0.00707357004066245
2020-04-28T00:00:00Z,Benchmark,OLCA_P5B,Clerodendrum infortunatum,6,31.5,0,0,0,0,0,0,0,0,0,0,0,NA,Clerodendrum infortunatum,Tree,Native,LC,0.484259167,0.484259167,S,Bird,Secondary,4,10.0267614147894,0.00789607461414666,0.00806287959198774
2020-04-28T00:00:00Z,Benchmark,OLCA_P5B,Ficus callosa,17,177.5,0,0,0,0,0,0,0,0,0,0,0,NA,Ficus callosa,Tree,Native,NA,0.32,0.32,S,Mammal_bird,Secondary,25,56.5000047976228,0.250718771289451,0.434566346053007
2020-04-28T00:00:00Z,Benchmark,OLCA_P5B,Diospyros sylvatica,13,89.3,0,0,0,0,0,0,0,0,0,0,0,NA,Diospyros sylvatica,Tree,Endemic,NA,0.701678322,0.701678322,S,Mammal,Mature,35,28.4250728362125,0.0634589751068444,0.188268592690286
2020-04-28T00:00:00Z,Benchmark,OLCA_P5B,Syzygium sp.,7,15,24.5,22,0,0,0,0,0,0,0,0,0,NA,Syzygium sp.,Tree,Native,NA,NA,0.68,NA,Mammal_bird,NA,NA,11.5175848025413,0.0104186804621532,0.0171094006827448
2020-04-28T00:00:00Z,Benchmark,OLCA_P5B,Mastixia arborea,27,196.5,0,0,0,0,0,0,0,0,0,0,0,NA,Mastixia arborea,Tree,Native,LC,NA,0.465,L,Mammal,Mature,20,62.5478926351149,0.307266522570002,1.19885095424591
2020-04-28T00:00:00Z,Benchmark,OLCA_P5B,Heritiera papilio,30,274,0,0,0,0,0,0,0,0,0,0,0,NA,Heritiera papilio,Tree,Native,NA,NA,0.688,M,Wind,Mature,30,87.2169088143587,0.597435825378357,3.72668023130954
2020-04-28T00:00:00Z,Benchmark,OLCA_P5B,Antidesma menasu,6,74.6,0,0,0,0,0,0,0,0,0,0,0,NA,Antidesma montanum,Tree,Native,LC,NA,0.624,S,Mammal_bird,Mature,10,23.7459175093108,0.0442861361548646,0.0555697370546403
2020-04-28T00:00:00Z,Benchmark,OLCA_P5B,Macaranga peltata,8,59,0,0,0,0,0,0,0,0,0,0,0,NA,Macaranga peltata,Tree,Endemic,NA,0.466512198,0.466512198,S,Bird,Secondary,12,18.7802832848437,0.0277009178451444,0.0350433500145511
2020-04-28T00:00:00Z,Benchmark,OLCA_P5B,Cullenia exarillata,26,404.5,0,0,0,0,0,0,0,0,0,0,0,Flutted,Cullenia exarillata,Tree,Endemic,NA,NA,0.55,L,Gravity,Mature,40,128.756348961343,1.30204857887158,5.57172028888449
2017-02-16T00:00:00Z,Fragment,L17,Acronychia pedunculata,15.5,101,0,0,0,0,0,0,0,0,0,0,0,NA,Acronychia pedunculata,Tree,Native,LC,0.4795,0.4795,S,Mammal_bird,Secondary,10,32.1492985045629,0.0811769787240212,0.196031162121908
2017-02-16T00:00:00Z,Fragment,L17,Elaeocarpus tuberculatus,18.5,148,0,0,0,0,0,0,0,0,0,0,0,NA,Elaeocarpus tuberculatus,Tree,Native,NA,0.45065475,0.45065475,L,Mammal,Mature,40,47.109863155201,0.174306493674244,0.462315595724435
2017-02-16T00:00:00Z,Fragment,L17,Artocarpus heterophyllus,0,33,0,0,0,0,0,0,0,0,0,0,0,Cut,Artocarpus heterophyllus,Tree,Native,NA,0.484,0.484,L,Mammal,Mature,20,10.5042262440651,0.0086659866513537,0
2017-02-16T00:00:00Z,Fragment,L17,Maesopsis eminii,11,30,0,0,0,0,0,0,0,0,0,0,0,NA,Maesopsis eminii,Tree,Introduced,LC,0.34,0.34,L,Mammal_bird,Int,30,9.54929658551372,0.00716197243913529,0.00937863736274624
2017-02-16T00:00:00Z,Fragment,L17,Otonephelium stipulaceum,10.5,70,0,0,0,0,0,0,0,0,0,0,0,NA,Otonephelium stipulaceum,Tree,Endemic,NA,0.709023925,0.709023925,S,Mammal_bird,Mature,28,22.2816920328653,0.0389929610575144,0.0959916660360821
2017-02-16T00:00:00Z,Fragment,L17,Maesopsis eminii,9,30,0,0,0,0,0,0,0,0,0,0,0,NA,Maesopsis eminii,Tree,Introduced,LC,0.34,0.34,L,Mammal_bird,Int,30,9.54929658551372,0.00716197243913529,0.00771047568792648
2017-02-16T00:00:00Z,Fragment,L17,Vernonia arborea,13.5,147,42,0,0,0,0,0,0,0,0,0,0,NA,Strobocalyx arborea,Tree,Native,LC,0.33,0.33,S,Wind,Secondary,15,48.6639499555098,0.185996424244344,0.267188059652866
2017-02-16T00:00:00Z,Fragment,L17,Maesopsis eminii,10.5,30,0,0,0,0,0,0,0,0,0,0,0,NA,Maesopsis eminii,Tree,Introduced,LC,0.34,0.34,L,Mammal_bird,Int,30,9.54929658551372,0.00716197243913529,0.00896233635326904
2017-02-16T00:00:00Z,Fragment,L17,Maesopsis eminii,10,21,31,0,0,0,0,0,0,0,0,0,0,NA,Maesopsis eminii,Tree,Introduced,LC,0.34,0.34,L,Mammal_bird,Int,30,11.9185695226633,0.0111567615107419,0.0131712154849997
2017-02-17T00:00:00Z,Fragment,L16,Maesopsis eminii,15.5,87,0,0,0,0,0,0,0,0,0,0,0,NA,Maesopsis eminii,Tree,Introduced,LC,0.34,0.34,L,Mammal_bird,Int,30,27.6929600979898,0.0602321882131278,0.104738201506769
2017-02-17T00:00:00Z,Fragment,L16,Maesopsis eminii,12,37,0,0,0,0,0,0,0,0,0,0,0,NA,Maesopsis eminii,Tree,Introduced,LC,0.34,0.34,L,Mammal_bird,Int,30,11.7774657888003,0.0108941558546402,0.0153748346995821
2017-02-17T00:00:00Z,Fragment,L16,Alstonia scholaris,18.5,194,0,0,0,0,0,0,0,0,0,0,0,NA,Alstonia scholaris,Tree,Native,LC,0.415,0.415,S,Wind,Secondary,30,61.7521179196554,0.299497771910329,0.723502267890571
2017-02-17T00:00:00Z,Fragment,L16,Maesopsis eminii,10,37,0,0,0,0,0,0,0,0,0,0,0,NA,Maesopsis eminii,Tree,Introduced,LC,0.34,0.34,L,Mammal_bird,Int,30,11.7774657888003,0.0108941558546402,0.0128685483632365
2017-02-17T00:00:00Z,Fragment,L16,Melicope lunu-ankenda,8.5,33,0,0,0,0,0,0,0,0,0,0,0,NA,Melicope lunu-ankenda,Tree,Native,LC,0.411118888,0.411118888,S,Mammal,Secondary,10,10.5042262440651,0.0086659866513537,0.0105720854443463
2017-02-17T00:00:00Z,Fragment,L16,Maesopsis eminii,8.5,32,0,0,0,0,0,0,0,0,0,0,0,NA,Maesopsis eminii,Tree,Introduced,LC,0.34,0.34,L,Mammal_bird,Int,30,10.1859163578813,0.00814873308630504,0.00827114097081138
2017-02-17T00:00:00Z,Fragment,L16,Maesopsis eminii,18,77,0,0,0,0,0,0,0,0,0,0,0,NA,Maesopsis eminii,Tree,Introduced,LC,0.34,0.34,L,Mammal_bird,Int,30,24.5098612361519,0.0471814828795924,0.095493905230912
2017-02-17T00:00:00Z,Fragment,L16,Maesopsis eminii,20,86,0,0,0,0,0,0,0,0,0,0,0,NA,Maesopsis eminii,Tree,Introduced,LC,0.34,0.34,L,Mammal_bird,Int,30,27.374650211806,0.0588554979553829,0.131324587791039
2017-02-17T00:00:00Z,Fragment,L16,Maesopsis eminii,12,30,31,0,0,0,0,0,0,0,0,0,0,NA,Maesopsis eminii,Tree,Introduced,LC,0.34,0.34,L,Mammal_bird,Int,30,13.7316686079439,0.0148093674547009,0.0207468969598323
2017-02-17T00:00:00Z,Fragment,L16,Maesopsis eminii,19.5,100,0,0,0,0,0,0,0,0,0,0,0,NA,Maesopsis eminii,Tree,Introduced,LC,0.34,0.34,L,Mammal_bird,Int,30,31.8309886183791,0.0795774715459477,0.171978269404152
2017-02-17T00:00:00Z,Fragment,L16,Maesopsis eminii,17,93,0,0,0,0,0,0,0,0,0,0,0,NA,Maesopsis eminii,Tree,Introduced,LC,0.34,0.34,L,Mammal_bird,Int,30,29.6028194150925,0.0688265551400901,0.13055594616602
2017-02-17T00:00:00Z,Fragment,M17,Maesopsis eminii,7.5,29,10,0,0,0,0,0,0,0,0,0,0,NA,Maesopsis eminii,Tree,Introduced,LC,0.34,0.34,L,Mammal_bird,Int,30,9.76438599234175,0.00748824007247367,0.00674035948124393
2017-02-17T00:00:00Z,Fragment,M17,Gliricidia sepium,6.5,28,27,18,0,0,0,0,0,0,0,0,0,NA,Gliricidia sepium,Tree,Introduced,LC,0.74,0.74,S,Gravity,Int,12,13.6428374743297,0.0146183815229906,0.0240558386279633
2017-02-17T00:00:00Z,Fragment,M17,Toona ciliata,9,46,0,0,0,0,0,0,0,0,0,0,0,NA,Toona ciliata,Tree,Native,LC,0.496,0.496,S,Wind,Secondary,28,14.6422547644544,0.0168385929791225,0.0256750006681068
2017-02-17T00:00:00Z,Fragment,M17,Melicope lunu-ankenda,7.5,27,15,0,0,0,0,0,0,0,0,0,0,NA,Melicope lunu-ankenda,Tree,Native,LC,0.411118888,0.411118888,S,Mammal,Secondary,10,9.83160257510393,0.00759169078548341,0.00822257018420952
2017-02-17T00:00:00Z,Fragment,M17,Turpinia malabarica,13,160,0,0,0,0,0,0,0,0,0,0,0,NA,Turpinia malabarica,Tree,Endemic,NA,NA,0.453,S,Mammal,Mature,12,50.9295817894065,0.203718327157626,0.383423858959344
2017-02-17T00:00:00Z,Fragment,M17,Gliricidia sepium,6,26,21,0,0,0,0,0,0,0,0,0,0,NA,Gliricidia sepium,Tree,Introduced,LC,0.74,0.74,S,Gravity,Int,12,10.638409755621,0.00888880357168235,0.0136905862760312
2017-02-17T00:00:00Z,Fragment,M17,Melicope lunu-ankenda,7.5,40,0,0,0,0,0,0,0,0,0,0,0,NA,Melicope lunu-ankenda,Tree,Native,LC,0.411118888,0.411118888,S,Mammal,Secondary,10,12.7323954473516,0.0127323954473516,0.0136203879718953
2017-02-17T00:00:00Z,Fragment,M17,Melicope lunu-ankenda,0,33,0,0,0,0,0,0,0,0,0,0,0,Cut,Melicope lunu-ankenda,Tree,Native,LC,0.411118888,0.411118888,S,Mammal,Secondary,10,10.5042262440651,0.0086659866513537,0
2017-02-17T00:00:00Z,Fragment,M17,Gliricidia sepium,7,30,0,0,0,0,0,0,0,0,0,0,0,NA,Gliricidia sepium,Tree,Introduced,LC,0.74,0.74,S,Gravity,Int,12,9.54929658551372,0.00716197243913529,0.0128885157141422
2017-02-17T00:00:00Z,Fragment,M17,Melicope lunu-ankenda,7.5,30,0,0,0,0,0,0,0,0,0,0,0,NA,Melicope lunu-ankenda,Tree,Native,LC,0.411118888,0.411118888,S,Mammal,Secondary,10,9.54929658551372,0.00716197243913529,0.00776799727619502
2017-02-17T00:00:00Z,Fragment,M17,Maesa indica,6,31,13,15,0,0,0,0,0,0,0,0,0,NA,Maesa indica,Tree,Native,LC,NA,0.55,S,Mammal_bird,Secondary,4,11.7170902461049,0.0107827473944759,0.0123742455031776
2017-02-17T00:00:00Z,Fragment,M17,Maesopsis eminii,16.5,94,54,0,0,0,0,0,0,0,0,0,0,NA,Maesopsis eminii,Tree,Introduced,LC,0.34,0.34,L,Mammal_bird,Int,30,34.5069058329598,0.0935194445607977,0.171038241688205
2017-02-18T00:00:00Z,Fragment,N14,Aglaia exstipulata,10.5,67,0,0,0,0,0,0,0,0,0,0,0,NA,Aglaia exstipulata,Tree,Native,NT,0.83,0.83,L,Bird,Mature,20,21.326762374314,0.0357223269769759,0.102772130475355
2017-02-18T00:00:00Z,Fragment,N14,Macaranga indica,14,77,0,0,0,0,0,0,0,0,0,0,0,NA,Macaranga indica,Tree,Native,LC,NA,0.33,S,Bird,Secondary,16,24.5098612361519,0.0471814828795924,0.0725766359991236
2017-02-18T00:00:00Z,Fragment,N14,Drypetes wightii,12,93,0,0,0,0,0,0,0,0,0,0,0,NA,Drypetes wightii,Tree,Endemic,VU,NA,0.7175,M,Bird,Mature,12,29.6028194150925,0.0688265551400901,0.192627444042362
2017-02-18T00:00:00Z,Fragment,N14,Mallotus tetracoccus,11.5,59,13,0,0,0,0,0,0,0,0,0,0,NA,Mallotus tetracoccus,Tree,Native,NA,0.484597734,0.484597734,S,Bird,Secondary,12,19.230764943042,0.0290457771142709,0.0542809605751666
2017-02-18T00:00:00Z,Fragment,N14,Aglaia exstipulata,10.5,59,0,0,0,0,0,0,0,0,0,0,0,NA,Aglaia exstipulata,Tree,Native,NT,0.83,0.83,L,Bird,Mature,20,18.7802832848437,0.0277009178451444,0.0801826621948867
2017-02-18T00:00:00Z,Fragment,N14,Memecylon sp.,10.5,43,0,0,0,0,0,0,0,0,0,0,0,NA,Memecylon sp.,Tree,Endemic,NA,NA,0.77,S,Bird,NA,NA,13.687325105903,0.0147138744888457,0.0401885650328897
2017-02-18T00:00:00Z,Fragment,N14,Cullenia exarillata,23.5,193,0,0,0,0,0,0,0,0,0,0,0,NA,Cullenia exarillata,Tree,Endemic,NA,NA,0.55,L,Gravity,Mature,40,61.4338080334716,0.2964181237615,1.19080447041237
2017-02-18T00:00:00Z,Fragment,N14,Otonephelium stipulaceum,10.5,73,0,0,0,0,0,0,0,0,0,0,0,NA,Otonephelium stipulaceum,Tree,Endemic,NA,0.709023925,0.709023925,S,Mammal_bird,Mature,28,23.2366216914167,0.0424068345868355,0.10418576338655
2017-02-18T00:00:00Z,Fragment,N14,Myristica dactyloides,11.5,137,0,0,0,0,0,0,0,0,0,0,0,NA,Myristica beddomei,Tree,Endemic,EN,0.575521845,0.575521845,L,Bird,Mature,20,43.6084544071793,0.149358956344589,0.317406882211646
2017-02-18T00:00:00Z,Fragment,K13,Canarium strictum,11,91,0,0,0,0,0,0,0,0,0,0,0,NA,Canarium strictum,Tree,Native,NA,0.536397312,0.536397312,L,Bird,Mature,30,28.9661996427249,0.0658981041871993,0.127674258364709
2017-02-18T00:00:00Z,Fragment,K13,Macaranga indica,8,36,0,0,0,0,0,0,0,0,0,0,0,NA,Macaranga indica,Tree,Native,LC,NA,0.33,S,Bird,Secondary,16,11.4591559026165,0.0103132403123548,0.00952937208478551
2017-02-18T00:00:00Z,Fragment,K13,Turpinia malabarica,13,103,0,0,0,0,0,0,0,0,0,0,0,NA,Turpinia malabarica,Tree,Endemic,NA,NA,0.453,S,Mammal,Mature,12,32.7859182769304,0.0844237395630959,0.162291281767632
2017-02-18T00:00:00Z,Fragment,K13,Epiprinus mallotiformis,10,86,0,0,0,0,0,0,0,0,0,0,0,NA,Epiprinus mallotiformis,Tree,Endemic,NA,NA,0.55,S,Gravity,Mature,12,27.374650211806,0.0588554979553829,0.106760680275575
2017-02-18T00:00:00Z,Fragment,K13,Maesopsis eminii,18.5,79,0,0,0,0,0,0,0,0,0,0,0,NA,Maesopsis eminii,Tree,Introduced,LC,0.34,0.34,L,Mammal_bird,Int,30,25.1464810085195,0.049664299991826,0.103116338336966
2017-02-18T00:00:00Z,Fragment,K13,Macaranga indica,10.5,30,0,0,0,0,0,0,0,0,0,0,0,NA,Macaranga indica,Tree,Native,LC,NA,0.33,S,Bird,Secondary,16,9.54929658551372,0.00716197243913529,0.00870497285311089
2017-02-18T00:00:00Z,Fragment,K13,Elaeocarpus tuberculatus,23.5,231,12,15,0,0,0,0,0,0,0,0,0,NA,Elaeocarpus tuberculatus,Tree,Native,NA,0.45065475,0.45065475,L,Mammal,Mature,40,73.7833802228036,0.427569754616377,1.40178671168105
2017-02-18T00:00:00Z,Fragment,K13,Macaranga indica,14.5,107,0,0,0,0,0,0,0,0,0,0,0,Dry,Macaranga indica,Tree,Native,LC,NA,0.33,S,Bird,Secondary,16,34.0591578216656,0.0911082471729555,0.142757285125684
2017-02-18T00:00:00Z,Fragment,K13,Macaranga indica,13.5,64,0,0,0,0,0,0,0,0,0,0,0,NA,Macaranga indica,Tree,Native,LC,NA,0.33,S,Bird,Secondary,16,20.3718327157626,0.0325949323452202,0.0488219411914276
2017-02-18T00:00:00Z,Fragment,K13,Semecarpus travancorica,18.5,170,0,0,0,0,0,0,0,0,0,0,0,NA,Semecarpus travancorica,Tree,Endemic,NA,NA,0.33,L,Mammal,Mature,35,54.1126806512444,0.229978892767789,0.447035360753443
2017-02-18T00:00:00Z,Fragment,K13,Turpinia malabarica,15.5,83,0,0,0,0,0,0,0,0,0,0,0,NA,Turpinia malabarica,Tree,Endemic,NA,NA,0.453,S,Mammal,Mature,12,26.4197205532546,0.0548209201480034,0.12642483327098
2017-02-18T00:00:00Z,Fragment,K13,Erythrina sp.,9,95,0,0,0,0,0,0,0,0,0,0,0,Dry,Erythrina sp.,Tree,Native,NA,NA,0.23,M,Gravity,Secondary,NA,30.2394391874601,0.0718186680702178,0.0499551083592255
2017-02-18T00:00:00Z,Fragment,K13,Macaranga indica,7.5,35,0,0,0,0,0,0,0,0,0,0,0,NA,Macaranga indica,Tree,Native,LC,NA,0.33,S,Bird,Secondary,16,11.1408460164327,0.00974824026437859,0.00846889194316442
2017-02-18T00:00:00Z,Fragment,K13,Elaeocarpus tuberculatus,20.5,354,0,0,0,0,0,0,0,0,0,0,0,NA,Elaeocarpus tuberculatus,Tree,Native,NA,0.45065475,0.45065475,L,Mammal,Mature,40,112.681699709062,0.997233042425198,2.80384631068075
2017-02-18T00:00:00Z,Fragment,K15,Unidentified,6.5,80,0,0,0,0,0,0,0,0,0,0,0,Dry,NA,NA,NA,NA,NA,0.55,NA,NA,NA,NA,25.4647908947033,0.0509295817894065,0.0608843180951915
2017-02-18T00:00:00Z,Fragment,K15,Glochidion malabaricum,7,71,0,0,0,0,0,0,0,0,0,0,0,NA,Phyllanthus assamicus,Tree,Endemic,LC,0.544681677,0.544681677,S,Gravity,Mature,8,22.6000019190491,0.0401150034063122,0.0513598437655578
2017-02-18T00:00:00Z,Fragment,K15,Maesopsis eminii,7.5,31,0,0,0,0,0,0,0,0,0,0,0,NA,Maesopsis eminii,Tree,Introduced,LC,0.34,0.34,L,Mammal_bird,Int,30,9.86760647169751,0.00764739501556557,0.00688014534822599
2017-02-18T00:00:00Z,Fragment,K15,Persea macrantha,20,203,11,0,0,0,0,0,0,0,0,0,0,NA,Machilus glaucescens,Tree,Endemic,NA,0.427,0.427,S,Bird,Secondary,30,64.7117031141804,0.328893689899402,0.879537352607402
2017-02-18T00:00:00Z,Fragment,K15,Maesopsis eminii,11,12,41,0,0,0,0,0,0,0,0,0,0,NA,Maesopsis eminii,Tree,Introduced,LC,0.34,0.34,L,Mammal_bird,Int,30,13.5982042986295,0.0145228885571354,0.018697847543258
2017-02-18T00:00:00Z,Fragment,K15,Bombax ceiba,18,131,0,0,0,0,0,0,0,0,0,0,0,NA,Bombax ceiba,Tree,Native,LC,0.3,0.3,S,Wind,Secondary,40,41.6985950900766,0.136562898920001,0.238454899015457
2017-02-18T00:00:00Z,Fragment,K15,Xanthophyllum flavescens,2.5,44,32,0,0,0,0,0,0,0,0,0,0,NA,Xanthophyllum flavescens,Tree,Endemic,NA,0.682,0.682,M,Mammal,Secondary,8,17.3179301182711,0.0235549315776005,0.0139257976003244
2017-02-18T00:00:00Z,Fragment,K15,Elaeocarpus tuberculatus,14.5,85,0,0,0,0,0,0,0,0,0,0,0,NA,Elaeocarpus tuberculatus,Tree,Native,NA,0.45065475,0.45065475,L,Mammal,Mature,40,27.0563403256222,0.0574947231919472,0.123466455909523
2017-02-18T00:00:00Z,Fragment,K15,Xanthophyllum flavescens,6.5,60,0,0,0,0,0,0,0,0,0,0,0,NA,Xanthophyllum flavescens,Tree,Endemic,NA,0.682,0.682,M,Mammal,Secondary,8,19.0985931710274,0.0286478897565412,0.042835574621613
2017-02-18T00:00:00Z,Fragment,K15,Spathodea campanulata,11.5,83,0,0,0,0,0,0,0,0,0,0,0,NA,Spathodea campanulata,Tree,Introduced,LC,0.475,0.475,S,Wind,Int,15,26.4197205532546,0.0548209201480034,0.0989488752966053
2017-02-18T00:00:00Z,Fragment,K15,Elaeocarpus tuberculatus,15,201,0,0,0,0,0,0,0,0,0,0,0,NA,Elaeocarpus tuberculatus,Tree,Native,NA,0.45065475,0.45065475,L,Mammal,Mature,40,63.9802871229419,0.321500942792783,0.684749685878299
2017-02-18T00:00:00Z,Fragment,K15,Citrus sp.,4.5,11,18,17,14,15,16,0,0,0,0,0,0,NA,Citrus sp.,Tree,Introduced,NA,NA,0.75,S,Mammal_bird,Int,NA,11.9567633630234,0.0112283812351332,0.0131586077965012
2017-02-22T00:00:00Z,Fragment,K11,Macaranga indica,9.5,30,0,0,0,0,0,0,0,0,0,0,0,NA,Macaranga indica,Tree,Native,LC,NA,0.33,S,Bird,Secondary,16,9.54929658551372,0.00716197243913529,0.00789486856052545
2017-02-22T00:00:00Z,Fragment,K11,Turpinia malabarica,18.5,149,0,0,0,0,0,0,0,0,0,0,0,NA,Turpinia malabarica,Tree,Endemic,NA,NA,0.453,S,Mammal,Mature,12,47.4281730413848,0.176669944579158,0.470811886311013
2017-02-22T00:00:00Z,Fragment,K11,Bombax ceiba,6.5,35,0,0,0,0,0,0,0,0,0,0,0,NA,Bombax ceiba,Tree,Native,LC,0.3,0.3,S,Wind,Secondary,40,11.1408460164327,0.00974824026437859,0.00671074866901566
2017-02-22T00:00:00Z,Fragment,K11,Coffea canephora,6.5,14,24,10,15,16,10,0,0,0,0,0,0,NA,Coffea canephora,Tree,Introduced,EN,NA,0.55,S,Mammal,Int,6,12.1334117144485,0.0115626066156262,0.0143233640806466
2017-02-22T00:00:00Z,Fragment,K11,Erythrina sp.,7,33,0,0,0,0,0,0,0,0,0,0,0,NA,Erythrina sp.,Tree,Native,NA,NA,0.23,M,Gravity,Secondary,NA,10.5042262440651,0.0086659866513537,0.00496223852721664
2017-02-22T00:00:00Z,Fragment,K11,Macaranga indica,17.5,86,0,0,0,0,0,0,0,0,0,0,0,NA,Macaranga indica,Tree,Native,LC,NA,0.33,S,Bird,Secondary,16,27.374650211806,0.0588554979553829,0.111967527559648
2017-02-22T00:00:00Z,Fragment,K11,Macaranga indica,12.5,62,0,0,0,0,0,0,0,0,0,0,0,NA,Macaranga indica,Tree,Native,LC,NA,0.33,S,Bird,Secondary,16,19.735212943395,0.0305895800622623,0.0425675570328092
2017-02-22T00:00:00Z,Fragment,K11,Artocarpus heterophyllus,19.5,175,0,0,0,0,0,0,0,0,0,0,0,NA,Artocarpus heterophyllus,Tree,Native,NA,0.484,0.484,L,Mammal,Mature,20,55.7042300821634,0.243706006609465,0.723718201648631
2017-02-22T00:00:00Z,Fragment,K11,Macaranga peltata,15.5,84,0,0,0,0,0,0,0,0,0,0,0,NA,Macaranga peltata,Tree,Endemic,NA,0.466512198,0.466512198,S,Bird,Secondary,12,26.7380304394384,0.0561498639228207,0.133181397034039
2017-02-22T00:00:00Z,Fragment,K11,Erythrina sp.,7.5,31,0,0,0,0,0,0,0,0,0,0,0,NA,Erythrina sp.,Tree,Native,NA,NA,0.23,M,Gravity,Secondary,NA,9.86760647169751,0.00764739501556557,0.004698081625652
2017-02-22T00:00:00Z,Fragment,K11,Maesopsis eminii,19.5,82,0,0,0,0,0,0,0,0,0,0,0,NA,Maesopsis eminii,Tree,Introduced,LC,0.34,0.34,L,Mammal_bird,Int,30,26.1014106670708,0.0535078918674952,0.11674497976691
2017-02-22T00:00:00Z,Fragment,K11,Macaranga indica,14,48,0,0,0,0,0,0,0,0,0,0,0,NA,Macaranga indica,Tree,Native,LC,NA,0.33,S,Bird,Secondary,16,15.278874536822,0.0183346494441863,0.028850266826863
2017-02-22T00:00:00Z,Fragment,K11,Erythrina sp.,10.5,39,0,0,0,0,0,0,0,0,0,0,0,NA,Erythrina sp.,Tree,Native,NA,NA,0.23,M,Gravity,Secondary,NA,12.4140855611678,0.0121037334221386,0.0102131946113414
2017-02-22T00:00:00Z,Fragment,K11,Erythrina sp.,6.5,35,26,0,0,0,0,0,0,0,0,0,0,NA,Erythrina sp.,Tree,Native,NA,NA,0.23,M,Gravity,Secondary,NA,13.8784570505544,0.0151276773408846,0.00795083463237129
2017-02-22T00:00:00Z,Fragment,K11,Macaranga peltata,16.5,34,0,0,0,0,0,0,0,0,0,0,0,NA,Macaranga peltata,Tree,Endemic,NA,0.466512198,0.466512198,S,Bird,Secondary,12,10.8225361302489,0.00919915571071155,0.0242213217079832
2017-02-22T00:00:00Z,Fragment,K11,Spathodea campanulata,9,50,0,0,0,0,0,0,0,0,0,0,0,NA,Spathodea campanulata,Tree,Introduced,LC,0.475,0.475,S,Wind,Int,15,15.9154943091895,0.0198943678864869,0.0289640621919454
2017-02-22T00:00:00Z,Fragment,K11,Drypetes malabarica,24.5,180,0,0,0,0,0,0,0,0,0,0,0,NA,Drypetes malabarica,Tree,Endemic,NA,NA,0.7175,S,Gravity,Mature,20,57.2957795130823,0.25783100780887,1.40306108287245
2017-02-22T00:00:00Z,Fragment,K11,Holigarna nigra,34.5,310,0,0,0,0,0,0,0,0,0,0,0,NA,Holigarna nigra,Tree,Endemic,NA,NA,0.493977646,L,Mammal,Mature,35,98.6760647169751,0.764739501556557,3.93354529012617
2017-02-22T00:00:00Z,Fragment,N10,Macaranga peltata,25,204,0,0,0,0,0,0,0,0,0,0,0,NA,Macaranga peltata,Tree,Endemic,NA,0.466512198,0.466512198,S,Bird,Secondary,12,64.9352167814933,0.331169605585616,1.20025686232552
2017-02-22T00:00:00Z,Fragment,N10,Turpinia malabarica,19,178,0,0,0,0,0,0,0,0,0,0,0,NA,Turpinia malabarica,Tree,Endemic,NA,NA,0.453,S,Mammal,Mature,12,56.6591597407147,0.252133260846181,0.683772412665171
2017-02-22T00:00:00Z,Fragment,N10,Xanthophyllum flavescens,3.5,10,10,56,0,0,0,0,0,0,0,0,0,NA,Xanthophyllum flavescens,Tree,Endemic,NA,0.682,0.682,M,Mammal,Secondary,8,18.3849794297094,0.0265470445077281,0.0217334638233374
2017-02-22T00:00:00Z,Fragment,N10,Otonephelium stipulaceum,12.5,80,0,0,0,0,0,0,0,0,0,0,0,NA,Otonephelium stipulaceum,Tree,Endemic,NA,0.709023925,0.709023925,S,Mammal_bird,Mature,28,25.4647908947033,0.0509295817894065,0.14768528542549
2017-02-22T00:00:00Z,Fragment,N10,Maesopsis eminii,9,41,0,0,0,0,0,0,0,0,0,0,0,NA,Maesopsis eminii,Tree,Introduced,LC,0.34,0.34,L,Mammal_bird,Int,30,13.0507053335354,0.0133769729668738,0.014187130748996
2017-02-22T00:00:00Z,Fragment,N10,Maesopsis eminii,13,31,52,0,0,0,0,0,0,0,0,0,0,NA,Maesopsis eminii,Tree,Introduced,LC,0.34,0.34,L,Mammal_bird,Int,30,19.270239698799,0.0291651433215898,0.0434655029208626
2017-02-22T00:00:00Z,Fragment,N10,Cryptocarya anamalayana,12,95,0,0,0,0,0,0,0,0,0,0,0,NA,Cryptocarya anamalayana,Tree,Endemic,EN,NA,0.515,M,Bird,Mature,8,30.2394391874601,0.0718186680702178,0.145277246493297
2017-02-22T00:00:00Z,Fragment,N10,Maesopsis eminii,15.5,51,0,0,0,0,0,0,0,0,0,0,0,NA,Maesopsis eminii,Tree,Introduced,LC,0.34,0.34,L,Mammal_bird,Int,30,16.2338041953733,0.020698100349101,0.0369267014222652
2017-02-22T00:00:00Z,Fragment,N10,Macaranga peltata,16.5,74,0,0,0,0,0,0,0,0,0,0,0,NA,Macaranga peltata,Tree,Endemic,NA,0.466512198,0.466512198,S,Bird,Secondary,12,23.5549315776005,0.0435766234185609,0.110532834924093
2017-02-22T00:00:00Z,Fragment,N10,Glochidion malabaricum,7.5,40,0,0,0,0,0,0,0,0,0,0,0,NA,Phyllanthus assamicus,Tree,Endemic,LC,0.544681677,0.544681677,S,Gravity,Mature,8,12.7323954473516,0.0127323954473516,0.0179239038832081
2017-02-22T00:00:00Z,Fragment,L12,Maesopsis eminii,8.5,31,0,0,0,0,0,0,0,0,0,0,0,NA,Maesopsis eminii,Tree,Introduced,LC,0.34,0.34,L,Mammal_bird,Int,30,9.86760647169751,0.00764739501556557,0.00777411018176687
2017-02-22T00:00:00Z,Fragment,L12,Maesopsis eminii,8.5,31,0,0,0,0,0,0,0,0,0,0,0,NA,Maesopsis eminii,Tree,Introduced,LC,0.34,0.34,L,Mammal_bird,Int,30,9.86760647169751,0.00764739501556557,0.00777411018176687
2017-02-22T00:00:00Z,Fragment,L12,Heynea trijuga,8.5,74,0,0,0,0,0,0,0,0,0,0,0,NA,Heynea trijuga,Tree,Native,LC,0.493174229,0.493174229,M,Bird,Secondary,10,23.5549315776005,0.0435766234185609,0.0610798447321847
2017-02-22T00:00:00Z,Fragment,L12,Melicope lunu-ankenda,8.5,37,0,0,0,0,0,0,0,0,0,0,0,NA,Melicope lunu-ankenda,Tree,Native,LC,0.411118888,0.411118888,S,Mammal,Secondary,10,11.7774657888003,0.0108941558546402,0.0132175578295611
2017-02-22T00:00:00Z,Fragment,L12,Toona ciliata,7,36,0,0,0,0,0,0,0,0,0,0,0,NA,Toona ciliata,Tree,Native,LC,0.496,0.496,S,Wind,Secondary,28,11.4591559026165,0.0103132403123548,0.012450438731326
2017-02-22T00:00:00Z,Fragment,L12,Antidesma menasu,6.5,48,0,0,0,0,0,0,0,0,0,0,0,NA,Antidesma montanum,Tree,Native,LC,NA,0.624,S,Mammal_bird,Mature,10,15.278874536822,0.0183346494441863,0.0254075542545436
2017-02-22T00:00:00Z,Fragment,L12,Macaranga peltata,10.5,56,0,0,0,0,0,0,0,0,0,0,0,NA,Macaranga peltata,Tree,Endemic,NA,0.466512198,0.466512198,S,Bird,Secondary,12,17.8253536262923,0.0249554950768092,0.0412696178124733
2017-02-22T00:00:00Z,Fragment,L12,Vateria indica,19,160,0,0,0,0,0,0,0,0,0,0,0,NA,Vateria indica,Tree,Endemic,VU,0.48,0.48,L,Gravity,Mature,60,50.9295817894065,0.203718327157626,0.587588840428725
2017-02-22T00:00:00Z,Fragment,L12,Maesopsis eminii,12,61,0,0,0,0,0,0,0,0,0,0,0,NA,Maesopsis eminii,Tree,Introduced,LC,0.34,0.34,L,Mammal_bird,Int,30,19.4169030572112,0.0296107771622471,0.0407985311596409
2017-02-22T00:00:00Z,Fragment,L12,Cinnamomum malabatrum,28,240,0,0,0,0,0,0,0,0,0,0,0,NA,Cinnamomum malabathrum,Tree,Endemic,LC,NA,0.475,S,Bird,Secondary,15,76.3943726841098,0.458366236104659,1.8738201986258
2017-02-22T00:00:00Z,Fragment,L12,Artocarpus heterophyllus,25.5,203,0,0,0,0,0,0,0,0,0,0,0,NA,Artocarpus heterophyllus,Tree,Native,NA,0.484,0.484,L,Mammal,Mature,20,64.6169068953095,0.327930802493696,1.25632188653589
2017-02-22T00:00:00Z,Fragment,L12,Maesopsis eminii,8.5,38,12,0,0,0,0,0,0,0,0,0,0,NA,Maesopsis eminii,Tree,Introduced,LC,0.34,0.34,L,Mammal_bird,Int,30,12.6845591024691,0.0126369024814965,0.0126923708017979
2017-02-22T00:00:00Z,Fragment,L12,Actinodaphne malabarica,12,54,0,0,0,0,0,0,0,0,0,0,0,NA,Actinodaphne wightiana,Tree,Endemic,LC,0.619460212,0.619460212,S,Bird,Secondary,12,17.1887338539247,0.0232047907027983,0.057755717144667
2017-02-22T00:00:00Z,Fragment,L12,Xanthophyllum flavescens,4.5,23,13,18,0,0,0,0,0,0,0,0,0,NA,Xanthophyllum flavescens,Tree,Endemic,NA,0.682,0.682,M,Mammal,Secondary,8,10.1759643121657,0.00813281759199585,0.00875405776548525
2017-02-22T00:00:00Z,Fragment,L12,Actinodaphne malabarica,14.5,101,0,0,0,0,0,0,0,0,0,0,0,NA,Actinodaphne wightiana,Tree,Endemic,LC,0.619460212,0.619460212,S,Bird,Secondary,12,32.1492985045629,0.0811769787240212,0.235837008460473
2017-02-22T00:00:00Z,Fragment,L12,Toona ciliata,12,43,0,0,0,0,0,0,0,0,0,0,0,NA,Toona ciliata,Tree,Native,LC,0.496,0.496,S,Wind,Secondary,28,13.687325105903,0.0147138744888457,0.029804223284801
2017-02-22T00:00:00Z,Fragment,L12,Vateria indica,14.5,83,0,0,0,0,0,0,0,0,0,0,0,NA,Vateria indica,Tree,Endemic,VU,0.48,0.48,L,Gravity,Mature,60,26.4197205532546,0.0548209201480034,0.125343963914726
2017-02-22T00:00:00Z,Fragment,L12,Maesopsis eminii,12,42,44,33,0,0,0,0,0,0,0,0,0,NA,Maesopsis eminii,Tree,Introduced,LC,0.34,0.34,L,Mammal_bird,Int,30,22.0278720820499,0.0381096511233543,0.0521914846171058
2017-02-22T00:00:00Z,Fragment,L12,Maesopsis eminii,12,47,0,0,0,0,0,0,0,0,0,0,0,NA,Maesopsis eminii,Tree,Introduced,LC,0.34,0.34,L,Mammal_bird,Int,30,14.9605646506382,0.0175786634644998,0.0245253779329946
2017-02-22T00:00:00Z,Fragment,L12,Toona ciliata,11.5,47,0,0,0,0,0,0,0,0,0,0,0,NA,Toona ciliata,Tree,Native,LC,0.496,0.496,S,Wind,Secondary,28,14.9605646506382,0.0175786634644998,0.0340128166360284
2017-02-22T00:00:00Z,Fragment,L12,Maesopsis eminii,14.5,32,32,0,0,0,0,0,0,0,0,0,0,NA,Maesopsis eminii,Tree,Introduced,LC,0.34,0.34,L,Mammal_bird,Int,30,14.4050610585137,0.0162974661726101,0.0274001535952767
2017-02-23T00:00:00Z,Fragment,L09,Drypetes malabarica,12.5,114,0,0,0,0,0,0,0,0,0,0,0,NA,Drypetes malabarica,Tree,Endemic,NA,NA,0.7175,S,Gravity,Mature,20,36.2873270249521,0.103418882021114,0.298277842325391
2017-02-23T00:00:00Z,Fragment,L09,Macaranga indica,17.5,167,0,0,0,0,0,0,0,0,0,0,0,NA,Macaranga indica,Tree,Native,LC,NA,0.33,S,Bird,Secondary,16,53.157750992693,0.221933610394493,0.408972082719678
2017-02-23T00:00:00Z,Fragment,L09,Vernonia arborea,12,51,0,0,0,0,0,0,0,0,0,0,0,NA,Strobocalyx arborea,Tree,Native,LC,0.33,0.33,S,Wind,Secondary,15,16.2338041953733,0.020698100349101,0.0279385495638852
2017-02-23T00:00:00Z,Fragment,L09,Spathodea campanulata,6,23,15,12,0,0,0,0,0,0,0,0,0,NA,Spathodea campanulata,Tree,Introduced,LC,0.475,0.475,S,Wind,Int,15,9.53868035478804,0.0071460569448261,0.00717798685399199
2017-02-23T00:00:00Z,Fragment,L09,Maesopsis eminii,15.5,53,0,0,0,0,0,0,0,0,0,0,0,NA,Maesopsis eminii,Tree,Introduced,LC,0.34,0.34,L,Mammal_bird,Int,30,16.8704239677409,0.0223533117572567,0.0398061365595413
2017-02-23T00:00:00Z,Fragment,L09,Vernonia arborea,13,54,0,0,0,0,0,0,0,0,0,0,0,NA,Strobocalyx arborea,Tree,Native,LC,0.33,0.33,S,Wind,Secondary,15,17.1887338539247,0.0232047907027983,0.0337743739054238
2017-02-23T00:00:00Z,Fragment,L09,Antidesma menasu,6.5,70,14,0,0,0,0,0,0,0,0,0,0,NA,Antidesma montanum,Tree,Native,LC,NA,0.624,S,Mammal_bird,Mature,10,22.7229564942891,0.040552679499815,0.0551360791909489
2017-02-23T00:00:00Z,Fragment,L09,Apollonias arnottii,8.5,84,0,0,0,0,0,0,0,0,0,0,0,NA,Apollonias arnottii,Tree,Endemic,NA,NA,0.55,S,Bird,Mature,6,26.7380304394384,0.0561498639228207,0.0870114474940051
2017-02-23T00:00:00Z,Fragment,L09,Casuarina equisetifolia,15,37,0,0,0,0,0,0,0,0,0,0,0,NA,Casuarina equisetifolia,Tree,Introduced,LC,0.83,0.83,S,Gravity,Int,35,11.7774657888003,0.0108941558546402,0.0456763532511213
2017-02-23T00:00:00Z,Fragment,K08,Vernonia arborea,9.5,33,0,0,0,0,0,0,0,0,0,0,0,NA,Strobocalyx arborea,Tree,Native,LC,0.33,0.33,S,Wind,Secondary,15,10.5042262440651,0.0086659866513537,0.00950918781929238
2017-02-23T00:00:00Z,Fragment,K08,Vernonia arborea,13.5,36,0,0,0,0,0,0,0,0,0,0,0,NA,Strobocalyx arborea,Tree,Native,LC,0.33,0.33,S,Wind,Secondary,15,11.4591559026165,0.0103132403123548,0.0158801359289424
2017-02-23T00:00:00Z,Fragment,K08,Vernonia arborea,15.5,55,0,0,0,0,0,0,0,0,0,0,0,NA,Strobocalyx arborea,Tree,Native,LC,0.33,0.33,S,Wind,Secondary,15,17.5070437401085,0.0240721851426492,0.041562119172375
2017-02-23T00:00:00Z,Fragment,K08,Vernonia arborea,8,34,0,0,0,0,0,0,0,0,0,0,0,NA,Strobocalyx arborea,Tree,Native,LC,0.33,0.33,S,Wind,Secondary,15,10.8225361302489,0.00919915571071155,0.00852331716266479
2017-02-23T00:00:00Z,Fragment,K08,Vernonia arborea,8,38,0,0,0,0,0,0,0,0,0,0,0,NA,Strobocalyx arborea,Tree,Native,LC,0.33,0.33,S,Wind,Secondary,15,12.095775674984,0.0114909868912348,0.0105900834869277
2017-02-23T00:00:00Z,Fragment,K08,Maesopsis eminii,14.5,32,0,0,0,0,0,0,0,0,0,0,0,NA,Maesopsis eminii,Tree,Introduced,LC,0.34,0.34,L,Mammal_bird,Int,30,10.1859163578813,0.00814873308630504,0.0139298911099934
2017-02-23T00:00:00Z,Fragment,K08,Myristica dactyloides,26,208,0,0,0,0,0,0,0,0,0,0,0,NA,Myristica beddomei,Tree,Endemic,EN,0.575521845,0.575521845,L,Bird,Mature,20,66.2084563262285,0.344283972896388,1.58990185976775
2017-02-23T00:00:00Z,Fragment,K08,Macaranga indica,12,32,0,0,0,0,0,0,0,0,0,0,0,NA,Macaranga indica,Tree,Native,LC,NA,0.33,S,Bird,Secondary,16,10.1859163578813,0.00814873308630504,0.0112481119414318
2017-02-23T00:00:00Z,Fragment,K08,Vernonia arborea,5.5,31,0,0,0,0,0,0,0,0,0,0,0,NA,Strobocalyx arborea,Tree,Native,LC,0.33,0.33,S,Wind,Secondary,15,9.86760647169751,0.00764739501556557,0.00493716893015727
2017-02-23T00:00:00Z,Fragment,K08,Macaranga indica,13,46,0,0,0,0,0,0,0,0,0,0,0,NA,Macaranga indica,Tree,Native,LC,NA,0.33,S,Bird,Secondary,16,14.6422547644544,0.0168385929791225,0.0246977832713807
2017-02-23T00:00:00Z,Fragment,K08,Vernonia arborea,9.5,31,0,0,0,0,0,0,0,0,0,0,0,NA,Strobocalyx arborea,Tree,Native,LC,0.33,0.33,S,Wind,Secondary,15,9.86760647169751,0.00764739501556557,0.00841670762412705
2017-02-23T00:00:00Z,Fragment,K08,Glochidion malabaricum,10,90,0,0,0,0,0,0,0,0,0,0,0,Cut,Phyllanthus assamicus,Tree,Endemic,LC,0.544681677,0.544681677,S,Gravity,Mature,8,28.6478897565412,0.0644577519522176,0.115566800168269
2017-02-23T00:00:00Z,Fragment,K08,Drypetes malabarica,17.5,132,0,0,0,0,0,0,0,0,0,0,0,NA,Drypetes malabarica,Tree,Endemic,NA,NA,0.7175,S,Gravity,Mature,20,42.0169049762604,0.138655786421659,0.551472676498353
2017-02-23T00:00:00Z,Fragment,K08,Maesopsis eminii,18,60,62,0,0,0,0,0,0,0,0,0,0,NA,Maesopsis eminii,Tree,Introduced,LC,0.34,0.34,L,Mammal_bird,Int,30,27.4633372158877,0.0592374698188034,0.119241867855108
2017-02-23T00:00:00Z,Fragment,K08,Litsea oleoides,11,48,0,0,0,0,0,0,0,0,0,0,0,NA,Litsea oleoides,Tree,Endemic,NA,NA,0.42,M,Bird,Mature,12,15.278874536822,0.0183346494441863,0.028850266826863
2017-02-23T00:00:00Z,Fragment,K08,Myristica dactyloides,6.5,62,0,0,0,0,0,0,0,0,0,0,0,NA,Myristica beddomei,Tree,Endemic,EN,0.575521845,0.575521845,L,Bird,Mature,20,19.735212943395,0.0305895800622623,0.0386944531950833
2017-02-23T00:00:00Z,Fragment,K08,Actinodaphne malabarica,11,61,0,0,0,0,0,0,0,0,0,0,0,NA,Actinodaphne wightiana,Tree,Endemic,LC,0.619460212,0.619460212,S,Bird,Secondary,12,19.4169030572112,0.0296107771622471,0.0673045715789823
2017-02-23T00:00:00Z,Fragment,K08,Litsea coriacea,10.5,47,0,0,0,0,0,0,0,0,0,0,0,NA,Litsea coriacea,Tree,Endemic,NT,NA,0.42,S,Mammal_bird,Mature,12,14.9605646506382,0.0175786634644998,0.026459610854992
2017-02-23T00:00:00Z,Fragment,K08,Actinodaphne malabarica,11,47,0,0,0,0,0,0,0,0,0,0,0,NA,Actinodaphne wightiana,Tree,Endemic,LC,0.619460212,0.619460212,S,Bird,Secondary,12,14.9605646506382,0.0175786634644998,0.040459055943311
2017-02-23T00:00:00Z,Fragment,K08,Turpinia malabarica,21.5,33,180,0,0,0,0,0,0,0,0,0,0,NA,Turpinia malabarica,Tree,Endemic,NA,NA,0.453,S,Mammal,Mature,12,58.2507091716337,0.266496994460224,0.814315459600603
2017-02-23T00:00:00Z,Fragment,K08,Myristica dactyloides,17.5,110,0,0,0,0,0,0,0,0,0,0,0,NA,Myristica beddomei,Tree,Endemic,EN,0.575521845,0.575521845,L,Bird,Mature,20,35.014087480217,0.0962887405705967,0.311530345563115
2017-02-23T00:00:00Z,Fragment,K08,Maesopsis eminii,13,49,0,0,0,0,0,0,0,0,0,0,0,NA,Maesopsis eminii,Tree,Introduced,LC,0.34,0.34,L,Mammal_bird,Int,30,15.5971844230057,0.019106550918182,0.0287654553878605
2017-02-23T00:00:00Z,Fragment,K08,Maesopsis eminii,13.5,47,0,0,0,0,0,0,0,0,0,0,0,NA,Maesopsis eminii,Tree,Introduced,LC,0.34,0.34,L,Mammal_bird,Int,30,14.9605646506382,0.0175786634644998,0.0275131661240042
2017-02-23T00:00:00Z,Fragment,K08,Vernonia arborea,15.5,62,0,0,0,0,0,0,0,0,0,0,0,NA,Strobocalyx arborea,Tree,Native,LC,0.33,0.33,S,Wind,Secondary,15,19.735212943395,0.0305895800622623,0.0525119675859659
2017-02-23T00:00:00Z,Fragment,K08,Vernonia arborea,8,11,34,0,0,0,0,0,0,0,0,0,0,NA,Strobocalyx arborea,Tree,Native,LC,0.33,0.33,S,Wind,Secondary,15,11.3748473181518,0.0101620431164175,0.00939299560252052
2017-02-23T00:00:00Z,Fragment,L07,Drypetes wightii,5,54,0,0,0,0,0,0,0,0,0,0,0,NA,Drypetes wightii,Tree,Endemic,VU,NA,0.7175,M,Bird,Mature,12,17.1887338539247,0.0232047907027983,0.0283652028520896
2017-02-23T00:00:00Z,Fragment,L07,Mallotus tetracoccus,7.5,27,26,0,0,0,0,0,0,0,0,0,0,NA,Mallotus tetracoccus,Tree,Native,NA,0.484597734,0.484597734,S,Bird,Secondary,12,11.9313143876727,0.0111806347522057,0.0140864151012524
2017-02-23T00:00:00Z,Fragment,L07,Macaranga peltata,9,22,26,0,0,0,0,0,0,0,0,0,0,NA,Macaranga peltata,Tree,Endemic,NA,0.466512198,0.466512198,S,Bird,Secondary,12,10.8412440718357,0.00923098669932993,0.0134504975309858
2017-02-23T00:00:00Z,Fragment,L07,Drypetes wightii,4.5,62,0,0,0,0,0,0,0,0,0,0,0,NA,Drypetes wightii,Tree,Endemic,VU,NA,0.7175,M,Bird,Mature,12,19.735212943395,0.0305895800622623,0.0335152560511616
2017-02-23T00:00:00Z,Fragment,L07,Diospyros sylvatica,24,121,0,0,0,0,0,0,0,0,0,0,0,NA,Diospyros sylvatica,Tree,Endemic,NA,0.701678322,0.701678322,S,Mammal,Mature,35,38.5154962282387,0.116509376090422,0.619712607293505
2017-02-23T00:00:00Z,Fragment,L07,Macaranga indica,17,75,0,0,0,0,0,0,0,0,0,0,0,NA,Macaranga indica,Tree,Native,LC,NA,0.33,S,Bird,Secondary,16,23.8732414637843,0.0447623277445956,0.0833266091802166
2017-02-23T00:00:00Z,Fragment,L07,Drypetes wightii,17,98,0,0,0,0,0,0,0,0,0,0,0,NA,Drypetes wightii,Tree,Endemic,VU,NA,0.7175,M,Bird,Mature,12,31.1943688460115,0.0764262036727281,0.299743654081711
2017-02-23T00:00:00Z,Fragment,L07,Vernonia arborea,9,38,0,0,0,0,0,0,0,0,0,0,0,NA,Strobocalyx arborea,Tree,Native,LC,0.33,0.33,S,Wind,Secondary,15,12.095775674984,0.0114909868912348,0.0118802135094086
2017-02-23T00:00:00Z,Fragment,L07,Vernonia arborea,8,35,0,0,0,0,0,0,0,0,0,0,0,NA,Strobocalyx arborea,Tree,Native,LC,0.33,0.33,S,Wind,Secondary,15,11.1408460164327,0.00974824026437859,0.00901950338430329
2017-02-23T00:00:00Z,Fragment,L07,Syzygium densiflorum,28,208,0,0,0,0,0,0,0,0,0,0,0,NA,Syzygium densiflorum,Tree,Endemic,VU,NA,0.68,M,Mammal_bird,Mature,15,66.2084563262285,0.344283972896388,2.01136522809751
2017-02-23T00:00:00Z,Fragment,L07,Vernonia arborea,12.5,35,0,0,0,0,0,0,0,0,0,0,0,NA,Strobocalyx arborea,Tree,Native,LC,0.33,0.33,S,Wind,Secondary,15,11.1408460164327,0.00974824026437859,0.0139428312536146
2017-02-23T00:00:00Z,Fragment,L07,Maesopsis eminii,15,43,21,0,0,0,0,0,0,0,0,0,0,NA,Maesopsis eminii,Tree,Introduced,LC,0.34,0.34,L,Mammal_bird,Int,30,15.2323836132417,0.018223240984022,0.0315837936298483
2017-02-23T00:00:00Z,Fragment,L07,Maesopsis eminii,17,61,0,0,0,0,0,0,0,0,0,0,0,NA,Maesopsis eminii,Tree,Introduced,LC,0.34,0.34,L,Mammal_bird,Int,30,19.4169030572112,0.0296107771622471,0.0573167793036843
2017-02-23T00:00:00Z,Fragment,L07,Vernonia arborea,11,40,0,0,0,0,0,0,0,0,0,0,0,NA,Strobocalyx arborea,Tree,Native,LC,0.33,0.33,S,Wind,Secondary,15,12.7323954473516,0.0127323954473516,0.0159722588468854
2017-02-23T00:00:00Z,Fragment,L07,Vernonia arborea,9,36,0,0,0,0,0,0,0,0,0,0,0,NA,Strobocalyx arborea,Tree,Native,LC,0.33,0.33,S,Wind,Secondary,15,11.4591559026165,0.0103132403123548,0.0106902816316413
2017-02-23T00:00:00Z,Fragment,L07,Maesopsis eminii,12,38,0,0,0,0,0,0,0,0,0,0,0,NA,Maesopsis eminii,Tree,Introduced,LC,0.34,0.34,L,Mammal_bird,Int,30,12.095775674984,0.0114909868912348,0.0161963916648711
2017-02-23T00:00:00Z,Fragment,L07,Maesopsis eminii,10.5,30,0,0,0,0,0,0,0,0,0,0,0,NA,Maesopsis eminii,Tree,Introduced,LC,0.34,0.34,L,Mammal_bird,Int,30,9.54929658551372,0.00716197243913529,0.00896233635326904
2017-02-23T00:00:00Z,Fragment,L07,Vernonia arborea,15,57,0,0,0,0,0,0,0,0,0,0,0,NA,Strobocalyx arborea,Tree,Native,LC,0.33,0.33,S,Wind,Secondary,15,18.1436635124761,0.0258547205052784,0.043159734367343
2017-02-23T00:00:00Z,Fragment,L07,Maesopsis eminii,11,31,0,0,0,0,0,0,0,0,0,0,0,NA,Maesopsis eminii,Tree,Introduced,LC,0.34,0.34,L,Mammal_bird,Int,30,9.86760647169751,0.00764739501556557,0.00999855133619797
2017-02-23T00:00:00Z,Fragment,L07,Macaranga peltata,12,34,0,0,0,0,0,0,0,0,0,0,0,NA,Macaranga peltata,Tree,Endemic,NA,0.466512198,0.466512198,S,Bird,Secondary,12,10.8225361302489,0.00919915571071155,0.017750655875954
2017-02-23T00:00:00Z,Fragment,L07,Drypetes malabarica,17.5,127,0,0,0,0,0,0,0,0,0,0,0,NA,Drypetes malabarica,Tree,Endemic,NA,NA,0.7175,S,Gravity,Mature,20,40.4253555453414,0.128350503856459,0.511432766710399
2017-02-23T00:00:00Z,Fragment,J06,Gliricidia sepium,7.5,32,0,0,0,0,0,0,0,0,0,0,0,NA,Gliricidia sepium,Tree,Introduced,LC,0.74,0.74,S,Gravity,Int,12,10.1859163578813,0.00814873308630504,0.0156372032058291
2017-02-23T00:00:00Z,Fragment,J06,Gliricidia sepium,9.5,44,0,0,0,0,0,0,0,0,0,0,0,NA,Gliricidia sepium,Tree,Introduced,LC,0.74,0.74,S,Gravity,Int,12,14.0056349920868,0.0154061984912955,0.0366711384165713
2017-02-23T00:00:00Z,Fragment,J06,Cinnamomum malabatrum,10.5,65,0,0,0,0,0,0,0,0,0,0,0,NA,Cinnamomum malabathrum,Tree,Endemic,LC,NA,0.475,S,Bird,Secondary,15,20.6901426019464,0.0336214817281629,0.0561845571027902
2017-02-23T00:00:00Z,Fragment,J06,Spathodea campanulata,8.5,30,40,0,0,0,0,0,0,0,0,0,0,NA,Spathodea campanulata,Tree,Introduced,LC,0.475,0.475,S,Wind,Int,15,15.9154943091895,0.0198943678864869,0.0273924989463315
2017-02-23T00:00:00Z,Fragment,J06,Vernonia arborea,10,45,0,0,0,0,0,0,0,0,0,0,0,NA,Strobocalyx arborea,Tree,Native,LC,0.33,0.33,S,Wind,Secondary,15,14.3239448782706,0.0161144379880544,0.0183154166571151
2017-02-23T00:00:00Z,Fragment,J06,Vernonia arborea,10,31,0,0,0,0,0,0,0,0,0,0,0,NA,Strobocalyx arborea,Tree,Native,LC,0.33,0.33,S,Wind,Secondary,15,9.86760647169751,0.00764739501556557,0.00884879231916244
2017-02-23T00:00:00Z,Fragment,J06,Maesopsis eminii,17.5,60,0,0,0,0,0,0,0,0,0,0,0,NA,Maesopsis eminii,Tree,Introduced,LC,0.34,0.34,L,Mammal_bird,Int,30,19.0985931710274,0.0286478897565412,0.0570894908726233
2017-02-23T00:00:00Z,Fragment,J06,Spathodea campanulata,10.5,28,45,0,0,0,0,0,0,0,0,0,0,NA,Spathodea campanulata,Tree,Introduced,LC,0.475,0.475,S,Wind,Int,15,16.8704239677409,0.0223533117572567,0.0377221629699559
2017-02-23T00:00:00Z,Fragment,J06,Maesopsis eminii,16.5,51,0,0,0,0,0,0,0,0,0,0,0,NA,Maesopsis eminii,Tree,Introduced,LC,0.34,0.34,L,Mammal_bird,Int,30,16.2338041953733,0.020698100349101,0.0392501306763307
2017-02-23T00:00:00Z,Fragment,J06,Maesopsis eminii,18.5,59,0,0,0,0,0,0,0,0,0,0,0,NA,Maesopsis eminii,Tree,Introduced,LC,0.34,0.34,L,Mammal_bird,Int,30,18.7802832848437,0.0277009178451444,0.0583260448331553
2017-02-23T00:00:00Z,Fragment,J06,Vernonia arborea,11.5,58,0,0,0,0,0,0,0,0,0,0,0,NA,Strobocalyx arborea,Tree,Native,LC,0.33,0.33,S,Wind,Secondary,15,18.4619733986599,0.0267698614280568,0.034450736560128
2017-02-23T00:00:00Z,Fragment,J06,Maesopsis eminii,16.5,51,0,0,0,0,0,0,0,0,0,0,0,NA,Maesopsis eminii,Tree,Introduced,LC,0.34,0.34,L,Mammal_bird,Int,30,16.2338041953733,0.020698100349101,0.0392501306763307
2017-02-23T00:00:00Z,Fragment,J06,Gliricidia sepium,12.5,34,0,0,0,0,0,0,0,0,0,0,0,NA,Gliricidia sepium,Tree,Introduced,LC,0.74,0.74,S,Gravity,Int,12,10.8225361302489,0.00919915571071155,0.0289786098528449
2017-02-23T00:00:00Z,Fragment,J06,Maesopsis eminii,18.5,62,0,0,0,0,0,0,0,0,0,0,0,NA,Maesopsis eminii,Tree,Introduced,LC,0.34,0.34,L,Mammal_bird,Int,30,19.735212943395,0.0305895800622623,0.0642551554379582
2017-02-23T00:00:00Z,Fragment,J06,Epiprinus mallotiformis,9,92,0,0,0,0,0,0,0,0,0,0,0,NA,Epiprinus mallotiformis,Tree,Endemic,NA,NA,0.55,S,Gravity,Mature,12,29.2845095289087,0.0673543719164901,0.10988157702312
2017-02-23T00:00:00Z,Fragment,J06,Maesopsis eminii,18.5,65,0,0,0,0,0,0,0,0,0,0,0,NA,Maesopsis eminii,Tree,Introduced,LC,0.34,0.34,L,Mammal_bird,Int,30,20.6901426019464,0.0336214817281629,0.0704638344777079
2017-02-23T00:00:00Z,Fragment,J06,Maesopsis eminii,15,58,0,0,0,0,0,0,0,0,0,0,0,NA,Maesopsis eminii,Tree,Introduced,LC,0.34,0.34,L,Mammal_bird,Int,30,18.4619733986599,0.0267698614280568,0.0459701907647578
2017-02-23T00:00:00Z,Fragment,J06,Macaranga indica,17.5,50,0,0,0,0,0,0,0,0,0,0,0,NA,Macaranga indica,Tree,Native,LC,NA,0.33,S,Bird,Secondary,16,15.9154943091895,0.0198943678864869,0.0388454860573151
2017-02-23T00:00:00Z,Fragment,J06,Spathodea campanulata,12.5,45,0,0,0,0,0,0,0,0,0,0,0,NA,Spathodea campanulata,Tree,Introduced,LC,0.475,0.475,S,Wind,Int,15,14.3239448782706,0.0161144379880544,0.0324925902014706
2017-02-23T00:00:00Z,Fragment,J06,Elaeocarpus tuberculatus,31,375,0,0,0,0,0,0,0,0,0,0,0,NA,Elaeocarpus tuberculatus,Tree,Native,NA,0.45065475,0.45065475,L,Mammal,Mature,40,119.366207318922,1.11905819361489,4.69792540410227
2017-02-23T00:00:00Z,Fragment,J06,Macaranga peltata,25.5,232,0,0,0,0,0,0,0,0,0,0,0,NA,Macaranga peltata,Tree,Endemic,NA,0.466512198,0.466512198,S,Bird,Secondary,12,73.8478935946394,0.428317782848909,1.57290475380075
2017-02-23T00:00:00Z,Fragment,J06,Antidesma menasu,8.5,61,0,0,0,0,0,0,0,0,0,0,0,NA,Antidesma montanum,Tree,Native,LC,NA,0.624,S,Mammal_bird,Mature,10,19.4169030572112,0.0296107771622471,0.0527051725662551
2017-02-23T00:00:00Z,Fragment,J06,Macaranga indica,17,70,0,0,0,0,0,0,0,0,0,0,0,NA,Macaranga indica,Tree,Native,LC,NA,0.33,S,Bird,Secondary,16,22.2816920328653,0.0389929610575144,0.0728275160097985
2017-02-23T00:00:00Z,Fragment,J06,Maesopsis eminii,17.5,55,0,0,0,0,0,0,0,0,0,0,0,NA,Maesopsis eminii,Tree,Introduced,LC,0.34,0.34,L,Mammal_bird,Int,30,17.5070437401085,0.0240721851426492,0.0481718027204654
2017-02-23T00:00:00Z,Fragment,J06,Maesopsis eminii,14.5,13,22,39,0,0,0,0,0,0,0,0,0,NA,Maesopsis eminii,Tree,Introduced,LC,0.34,0.34,L,Mammal_bird,Int,30,14.8415717913718,0.017300142314089,0.0290442572465361
2017-02-23T00:00:00Z,Fragment,J06,Vateria indica,22,155,0,0,0,0,0,0,0,0,0,0,0,NA,Vateria indica,Tree,Endemic,VU,0.48,0.48,L,Gravity,Mature,60,49.3380323584876,0.191184875389139,0.637235305682793
2017-02-23T00:00:00Z,Fragment,J06,Maesopsis eminii,15.5,77,0,0,0,0,0,0,0,0,0,0,0,NA,Maesopsis eminii,Tree,Introduced,LC,0.34,0.34,L,Mammal_bird,Int,30,24.5098612361519,0.0471814828795924,0.0825264999701739
2017-02-23T00:00:00Z,Fragment,F03,Macaranga indica,11.5,54,0,0,0,0,0,0,0,0,0,0,0,NA,Macaranga indica,Tree,Native,LC,NA,0.33,S,Bird,Secondary,16,17.1887338539247,0.0232047907027983,0.029965372952196
2017-02-23T00:00:00Z,Fragment,F03,Vernonia arborea,9.5,38,0,0,0,0,0,0,0,0,0,0,0,NA,Strobocalyx arborea,Tree,Native,LC,0.33,0.33,S,Wind,Secondary,15,12.095775674984,0.0114909868912348,0.012523963560737
2017-02-23T00:00:00Z,Fragment,F03,Macaranga indica,12,33,0,0,0,0,0,0,0,0,0,0,0,NA,Macaranga indica,Tree,Native,LC,NA,0.33,S,Bird,Secondary,16,10.5042262440651,0.0086659866513537,0.0119444479635596
2017-02-23T00:00:00Z,Fragment,F03,Macaranga indica,7.5,35,0,0,0,0,0,0,0,0,0,0,0,NA,Macaranga indica,Tree,Native,LC,NA,0.33,S,Bird,Secondary,16,11.1408460164327,0.00974824026437859,0.00846889194316442
2017-02-23T00:00:00Z,Fragment,F03,Vernonia arborea,10,36,0,0,0,0,0,0,0,0,0,0,0,NA,Strobocalyx arborea,Tree,Native,LC,0.33,0.33,S,Wind,Secondary,15,11.4591559026165,0.0103132403123548,0.0118480930823105
2017-02-23T00:00:00Z,Fragment,F03,Meliosma simplicifolia,17,30,21,33,79,0,0,0,0,0,0,0,0,NA,Meliosma simplicifolia,Tree,Native,NA,0.455,0.455,S,Bird,Mature,15,29.6404450601321,0.0690016255774912,0.173927865352287
2017-02-23T00:00:00Z,Fragment,F03,Macaranga indica,15.5,63,0,0,0,0,0,0,0,0,0,0,0,NA,Macaranga indica,Tree,Native,LC,NA,0.33,S,Bird,Secondary,16,20.0535228295788,0.0315842984565866,0.0541779372598238
2017-02-23T00:00:00Z,Fragment,F03,Macaranga indica,14.5,45,0,0,0,0,0,0,0,0,0,0,0,NA,Macaranga indica,Tree,Native,LC,NA,0.33,S,Bird,Secondary,16,14.3239448782706,0.0161144379880544,0.0263215810923679
2017-02-23T00:00:00Z,Fragment,F03,Turpinia malabarica,7.5,23,22,0,0,0,0,0,0,0,0,0,0,NA,Turpinia malabarica,Tree,Endemic,NA,NA,0.453,S,Mammal,Mature,12,10.1310591267492,0.0080611978676045,0.00958435359114521
2017-02-23T00:00:00Z,Fragment,F03,Macaranga indica,12.5,39,0,0,0,0,0,0,0,0,0,0,0,NA,Macaranga indica,Tree,Native,LC,NA,0.33,S,Bird,Secondary,16,12.4140855611678,0.0121037334221386,0.0172221854560254
2017-02-23T00:00:00Z,Fragment,F03,Macaranga indica,20.5,168,0,0,0,0,0,0,0,0,0,0,0,NA,Macaranga indica,Tree,Native,LC,NA,0.33,S,Bird,Secondary,16,53.4760608788768,0.224599455691283,0.482860258227533
2017-02-23T00:00:00Z,Fragment,F03,Turpinia malabarica,10.5,30,0,0,0,0,0,0,0,0,0,0,0,NA,Turpinia malabarica,Tree,Endemic,NA,NA,0.453,S,Mammal,Mature,12,9.54929658551372,0.00716197243913529,0.0118590434681861
2017-02-23T00:00:00Z,Fragment,F03,Macaranga indica,21.5,100,0,0,0,0,0,0,0,0,0,0,0,NA,Macaranga indica,Tree,Native,LC,NA,0.33,S,Bird,Secondary,16,31.8309886183791,0.0795774715459477,0.183740931118633
2017-02-23T00:00:00Z,Fragment,F03,Macaranga indica,17.5,78,0,0,0,0,0,0,0,0,0,0,0,NA,Macaranga indica,Tree,Native,LC,NA,0.33,S,Bird,Secondary,16,24.8281711223357,0.0484149336885546,0.0925379290414356
2017-02-24T00:00:00Z,Fragment,L05,Maesopsis eminii,12,32,0,0,0,0,0,0,0,0,0,0,0,NA,Maesopsis eminii,Tree,Introduced,LC,0.34,0.34,L,Mammal_bird,Int,30,10.1859163578813,0.00814873308630504,0.0115806636343854
2017-02-24T00:00:00Z,Fragment,L05,Vernonia arborea,8.5,63,12,0,0,0,0,0,0,0,0,0,0,NA,Strobocalyx arborea,Tree,Native,LC,0.33,0.33,S,Wind,Secondary,15,20.4140644733217,0.0327302140468483,0.0312088487143577
2017-02-24T00:00:00Z,Fragment,L05,Elaeocarpus tuberculatus,22.5,240,0,0,0,0,0,0,0,0,0,0,0,NA,Elaeocarpus tuberculatus,Tree,Native,NA,0.45065475,0.45065475,L,Mammal,Mature,40,76.3943726841098,0.458366236104659,1.43790617998664
2017-02-24T00:00:00Z,Fragment,L05,Xanthophyllum flavescens,2,14,22,21,0,0,0,0,0,0,0,0,0,Cut,Xanthophyllum flavescens,Tree,Endemic,NA,0.682,0.682,M,Mammal,Secondary,8,10.6574409152977,0.00892063456030073,0.00434180459559607
2017-02-24T00:00:00Z,Fragment,L05,Maesopsis eminii,17.5,25,51,0,0,0,0,0,0,0,0,0,0,NA,Maesopsis eminii,Tree,Introduced,LC,0.34,0.34,L,Mammal_bird,Int,30,18.0793290370573,0.0256716923207227,0.0512933834859975
2017-02-24T00:00:00Z,Fragment,L05,Maesopsis eminii,13,35,29,0,0,0,0,0,0,0,0,0,0,NA,Maesopsis eminii,Tree,Introduced,LC,0.34,0.34,L,Mammal_bird,Int,30,14.4682260628271,0.0164407056213928,0.0248413786736078
2017-02-24T00:00:00Z,Fragment,L05,Vateria indica,29.5,142,0,0,0,0,0,0,0,0,0,0,0,NA,Vateria indica,Tree,Endemic,VU,0.48,0.48,L,Gravity,Mature,60,45.2000038380983,0.160460013625249,0.715123342491382
2017-02-24T00:00:00Z,Fragment,L05,Maesopsis eminii,17.5,36,0,0,0,0,0,0,0,0,0,0,0,NA,Maesopsis eminii,Tree,Introduced,LC,0.34,0.34,L,Mammal_bird,Int,30,11.4591559026165,0.0103132403123548,0.0210623783908341
2017-02-24T00:00:00Z,Fragment,L05,Maesopsis eminii,17.5,34,30,0,0,0,0,0,0,0,0,0,0,NA,Maesopsis eminii,Tree,Introduced,LC,0.34,0.34,L,Mammal_bird,Int,30,14.4331685214525,0.0163611281498468,0.0330457402531522
2017-02-24T00:00:00Z,Fragment,L05,Dimocarpus longan,12.5,86,10,0,0,0,0,0,0,0,0,0,0,NA,Dimocarpus longan,Tree,Native,DD,0.748685273,0.748685273,S,Mammal,Mature,25,27.5590927387489,0.0596512726708424,0.181723176165785
2017-02-24T00:00:00Z,Fragment,L05,Mastixia arborea,19.5,141,0,0,0,0,0,0,0,0,0,0,0,NA,Mastixia arborea,Tree,Native,LC,NA,0.465,L,Mammal,Mature,20,44.8816939519145,0.158207971180499,0.456520139470529
2017-02-24T00:00:00Z,Fragment,L05,Maesopsis eminii,16.5,51,51,0,0,0,0,0,0,0,0,0,0,NA,Maesopsis eminii,Tree,Introduced,LC,0.34,0.34,L,Mammal_bird,Int,30,22.9580660620062,0.041396200698202,0.077205169851945
2017-02-24T00:00:00Z,Fragment,L05,Litsea oleoides,11.5,31,0,0,0,0,0,0,0,0,0,0,0,NA,Litsea oleoides,Tree,Endemic,NA,NA,0.42,M,Bird,Mature,12,9.86760647169751,0.00764739501556557,0.0128335496946646
2017-02-24T00:00:00Z,Fragment,L05,Vernonia arborea,12,37,0,0,0,0,0,0,0,0,0,0,0,NA,Strobocalyx arborea,Tree,Native,LC,0.33,0.33,S,Wind,Secondary,15,11.7774657888003,0.0108941558546402,0.0149333291460448
2017-02-24T00:00:00Z,Fragment,L05,Macaranga indica,15.5,35,0,0,0,0,0,0,0,0,0,0,0,NA,Macaranga indica,Tree,Native,LC,NA,0.33,S,Bird,Secondary,16,11.1408460164327,0.00974824026437859,0.017200082736298
2017-02-24T00:00:00Z,Fragment,L05,Macaranga indica,13.5,33,0,0,0,0,0,0,0,0,0,0,0,NA,Macaranga indica,Tree,Native,LC,NA,0.33,S,Bird,Secondary,16,10.5042262440651,0.0086659866513537,0.0133995725561817
2017-02-24T00:00:00Z,Fragment,L05,Vernonia arborea,11.5,30,0,0,0,0,0,0,0,0,0,0,0,NA,Strobocalyx arborea,Tree,Native,LC,0.33,0.33,S,Wind,Secondary,15,9.54929658551372,0.00716197243913529,0.00951322475660222
2017-02-24T00:00:00Z,Fragment,L05,Maesopsis eminii,17.5,42,41,0,0,0,0,0,0,0,0,0,0,NA,Maesopsis eminii,Tree,Introduced,LC,0.34,0.34,L,Mammal_bird,Int,30,18.6829194091248,0.027414438947579,0.0546892054796768
2017-02-24T00:00:00Z,Fragment,L05,Syzygium densiflorum,21.5,186,0,0,0,0,0,0,0,0,0,0,0,NA,Syzygium densiflorum,Tree,Endemic,VU,NA,0.68,M,Mammal_bird,Mature,15,59.2056388301851,0.275306220560361,1.249551825891
2017-02-24T00:00:00Z,Fragment,L05,Maesopsis eminii,18,65,0,0,0,0,0,0,0,0,0,0,0,NA,Maesopsis eminii,Tree,Introduced,LC,0.34,0.34,L,Mammal_bird,Int,30,20.6901426019464,0.0336214817281629,0.0686045043226582
2017-02-24T00:00:00Z,Fragment,L05,Vateria indica,19.5,116,0,0,0,0,0,0,0,0,0,0,0,NA,Vateria indica,Tree,Endemic,VU,0.48,0.48,L,Gravity,Mature,60,36.9239467973197,0.107079445712227,0.321709283921413
2017-02-24T00:00:00Z,Fragment,L05,Vateria indica,23.5,149,0,0,0,0,0,0,0,0,0,0,0,NA,Vateria indica,Tree,Endemic,VU,0.48,0.48,L,Gravity,Mature,60,47.4281730413848,0.176669944579158,0.629201353031959
2017-02-24T00:00:00Z,Fragment,L05,Vernonia arborea,13.5,24,46,0,0,0,0,0,0,0,0,0,0,NA,Strobocalyx arborea,Tree,Native,LC,0.33,0.33,S,Wind,Secondary,15,16.5153451785052,0.0214222553401691,0.0324119371616491
2017-02-24T00:00:00Z,Fragment,L05,Macaranga indica,12,36,0,0,0,0,0,0,0,0,0,0,0,NA,Macaranga indica,Tree,Native,LC,NA,0.33,S,Bird,Secondary,16,11.4591559026165,0.0103132403123548,0.0141556349250857
2017-02-24T00:00:00Z,Fragment,E04,Alstonia scholaris,21.5,260,0,0,0,0,0,0,0,0,0,0,0,NA,Alstonia scholaris,Tree,Native,LC,0.415,0.415,S,Wind,Secondary,30,82.7605704077856,0.537943707650606,1.48381318265468
2017-02-24T00:00:00Z,Fragment,E04,Vernonia arborea,12.5,80,0,0,0,0,0,0,0,0,0,0,0,NA,Strobocalyx arborea,Tree,Native,LC,0.33,0.33,S,Wind,Secondary,15,25.4647908947033,0.0509295817894065,0.070010278179586
2017-02-24T00:00:00Z,Fragment,E04,Vernonia arborea,11.5,41,0,0,0,0,0,0,0,0,0,0,0,NA,Strobocalyx arborea,Tree,Native,LC,0.33,0.33,S,Wind,Secondary,15,13.0507053335354,0.0133769729668738,0.0175041552465871
2017-02-24T00:00:00Z,Fragment,E04,Vernonia arborea,11,68,39,0,0,0,0,0,0,0,0,0,0,NA,Strobocalyx arborea,Tree,Native,LC,0.33,0.33,S,Wind,Secondary,15,24.9523280172846,0.0489003562649849,0.0593940032807469
2017-02-24T00:00:00Z,Fragment,E04,Vernonia arborea,6.5,35,0,0,0,0,0,0,0,0,0,0,0,NA,Strobocalyx arborea,Tree,Native,LC,0.33,0.33,S,Wind,Secondary,15,11.1408460164327,0.00974824026437859,0.0073649573232488
2017-02-24T00:00:00Z,Fragment,E04,Vernonia arborea,6,17,18,20,0,0,0,0,0,0,0,0,0,NA,Strobocalyx arborea,Tree,Native,LC,0.33,0.33,S,Wind,Secondary,15,10.1310591267492,0.0080611978676045,0.00565843608969043
2017-02-24T00:00:00Z,Fragment,E04,Vernonia arborea,12.5,34,0,0,0,0,0,0,0,0,0,0,0,NA,Strobocalyx arborea,Tree,Native,LC,0.33,0.33,S,Wind,Secondary,15,10.8225361302489,0.00919915571071155,0.0131758000254082
2017-02-24T00:00:00Z,Fragment,E04,Vernonia arborea,12,49,0,0,0,0,0,0,0,0,0,0,0,NA,Strobocalyx arborea,Tree,Native,LC,0.33,0.33,S,Wind,Secondary,15,15.5971844230057,0.019106550918182,0.0258398281095331
2017-02-24T00:00:00Z,Fragment,E04,Vernonia arborea,11,35,0,0,0,0,0,0,0,0,0,0,0,NA,Strobocalyx arborea,Tree,Native,LC,0.33,0.33,S,Wind,Secondary,15,11.1408460164327,0.00974824026437859,0.0123073927320847
2017-02-24T00:00:00Z,Fragment,E04,Vernonia arborea,12.5,35,0,0,0,0,0,0,0,0,0,0,0,NA,Strobocalyx arborea,Tree,Native,LC,0.33,0.33,S,Wind,Secondary,15,11.1408460164327,0.00974824026437859,0.0139428312536146
2017-02-24T00:00:00Z,Fragment,E04,Vernonia arborea,13.5,45,0,0,0,0,0,0,0,0,0,0,0,NA,Strobocalyx arborea,Tree,Native,LC,0.33,0.33,S,Wind,Secondary,15,14.3239448782706,0.0161144379880544,0.0245483643730359
2017-02-24T00:00:00Z,Fragment,E04,Vernonia arborea,13,40,0,0,0,0,0,0,0,0,0,0,0,NA,Strobocalyx arborea,Tree,Native,LC,0.33,0.33,S,Wind,Secondary,15,12.7323954473516,0.0127323954473516,0.0188007766845825
2017-02-24T00:00:00Z,Fragment,E04,Vernonia arborea,13.5,78,0,0,0,0,0,0,0,0,0,0,0,NA,Strobocalyx arborea,Tree,Native,LC,0.33,0.33,S,Wind,Secondary,15,24.8281711223357,0.0484149336885546,0.0718324035642773
2017-02-24T00:00:00Z,Fragment,E04,Vernonia arborea,9.5,33,0,0,0,0,0,0,0,0,0,0,0,NA,Strobocalyx arborea,Tree,Native,LC,0.33,0.33,S,Wind,Secondary,15,10.5042262440651,0.0086659866513537,0.00950918781929238
2017-02-24T00:00:00Z,Fragment,E04,Vernonia arborea,12,70,0,0,0,0,0,0,0,0,0,0,0,NA,Strobocalyx arborea,Tree,Native,LC,0.33,0.33,S,Wind,Secondary,15,22.2816920328653,0.0389929610575144,0.0518391946878638
2017-02-24T00:00:00Z,Fragment,E04,Vernonia arborea,10,46,0,0,0,0,0,0,0,0,0,0,0,NA,Strobocalyx arborea,Tree,Native,LC,0.33,0.33,S,Wind,Secondary,15,14.6422547644544,0.0168385929791225,0.0191182996148016
2017-02-24T00:00:00Z,Fragment,E04,Vernonia arborea,13.5,48,0,0,0,0,0,0,0,0,0,0,0,NA,Strobocalyx arborea,Tree,Native,LC,0.33,0.33,S,Wind,Secondary,15,15.278874536822,0.0183346494441863,0.0278441926159604
2017-02-24T00:00:00Z,Fragment,E04,Vernonia arborea,9.5,47,0,0,0,0,0,0,0,0,0,0,0,NA,Strobocalyx arborea,Tree,Native,LC,0.33,0.33,S,Wind,Secondary,15,14.9605646506382,0.0175786634644998,0.0189644055232579
2017-02-24T00:00:00Z,Fragment,E04,Melicope lunu-ankenda,22.5,196,0,0,0,0,0,0,0,0,0,0,0,NA,Melicope lunu-ankenda,Tree,Native,LC,0.411118888,0.411118888,S,Mammal,Secondary,10,62.388737692023,0.305704814690913,0.885365452011998
2017-02-24T00:00:00Z,Fragment,E04,Vateria indica,19,140,0,0,0,0,0,0,0,0,0,0,0,NA,Vateria indica,Tree,Endemic,VU,0.48,0.48,L,Gravity,Mature,60,44.5633840657307,0.155971844230057,0.452765428701822
2017-02-24T00:00:00Z,Fragment,E04,Vernonia arborea,11.5,40,0,0,0,0,0,0,0,0,0,0,0,NA,Strobocalyx arborea,Tree,Native,LC,0.33,0.33,S,Wind,Secondary,15,12.7323954473516,0.0127323954473516,0.016680465690409
2017-02-24T00:00:00Z,Fragment,E04,Vernonia arborea,12.5,62,0,0,0,0,0,0,0,0,0,0,0,NA,Strobocalyx arborea,Tree,Native,LC,0.33,0.33,S,Wind,Secondary,15,19.735212943395,0.0305895800622623,0.0425675570328092
2017-02-24T00:00:00Z,Fragment,E04,Glochidion malabaricum,11.5,88,0,0,0,0,0,0,0,0,0,0,0,NA,Phyllanthus assamicus,Tree,Endemic,LC,0.544681677,0.544681677,S,Gravity,Mature,8,28.0112699841736,0.0616247939651819,0.126771893881599
2017-02-24T00:00:00Z,Fragment,E04,Phoebe lanceolata,9.5,86,46,16,13,20,15,16,0,0,0,0,0,NA,Phoebe lanceolata,Tree,Native,LC,NA,0.49,S,Bird,Mature,8,33.1072886936217,0.0860869087184062,0.131490214302341
2017-02-24T00:00:00Z,Fragment,E04,Vateria indica,11.5,87,0,0,0,0,0,0,0,0,0,0,0,NA,Vateria indica,Tree,Endemic,VU,0.48,0.48,L,Gravity,Mature,60,27.6929600979898,0.0602321882131278,0.109584843472691
2017-02-24T00:00:00Z,Fragment,E04,Vateria indica,19,179,0,0,0,0,0,0,0,0,0,0,0,NA,Vateria indica,Tree,Endemic,VU,0.48,0.48,L,Gravity,Mature,60,56.9774696268985,0.254974176580371,0.731476619835347
2017-02-24T00:00:00Z,Fragment,E04,Vernonia arborea,8.5,30,0,0,0,0,0,0,0,0,0,0,0,NA,Strobocalyx arborea,Tree,Native,LC,0.33,0.33,S,Wind,Secondary,15,9.54929658551372,0.00716197243913529,0.00708271124957565
2017-02-24T00:00:00Z,Fragment,E04,Vernonia arborea,16.5,58,28,0,0,0,0,0,0,0,0,0,0,NA,Strobocalyx arborea,Tree,Native,LC,0.33,0.33,S,Wind,Secondary,15,20.5007382732529,0.0330087351972591,0.0601202701344618
2017-02-24T00:00:00Z,Fragment,D02,Macaranga indica,16.5,54,54,0,0,0,0,0,0,0,0,0,0,NA,Macaranga indica,Tree,Native,LC,NA,0.33,S,Bird,Secondary,16,24.3085405362419,0.0464095814055967,0.0838394075040931
2017-02-24T00:00:00Z,Fragment,D02,Vateria indica,24,205,0,0,0,0,0,0,0,0,0,0,0,NA,Vateria indica,Tree,Endemic,VU,0.48,0.48,L,Gravity,Mature,60,65.2535266676771,0.334424324171845,1.19728495998204
2017-02-24T00:00:00Z,Fragment,D02,Ficus beddomei,26.5,310,0,0,0,0,0,0,0,0,0,0,0,NA,Ficus beddomei,Tree,Endemic,NA,NA,0.42,S,Mammal,Mature,25,98.6760647169751,0.764739501556557,2.59533651705697
2017-02-24T00:00:00Z,Fragment,D02,Vateria indica,36.5,445,0,0,0,0,0,0,0,0,0,0,0,NA,Vateria indica,Tree,Endemic,VU,0.48,0.48,L,Gravity,Mature,60,141.647899351787,1.57583288028863,8.18397691154103
2017-02-24T00:00:00Z,Fragment,D02,Vernonia arborea,14.5,34,0,0,0,0,0,0,0,0,0,0,0,NA,Strobocalyx arborea,Tree,Native,LC,0.33,0.33,S,Wind,Secondary,15,10.8225361302489,0.00919915571071155,0.0152295823026209
2017-02-24T00:00:00Z,Fragment,D02,Maesopsis eminii,19.5,63,0,0,0,0,0,0,0,0,0,0,0,NA,Maesopsis eminii,Tree,Introduced,LC,0.34,0.34,L,Mammal_bird,Int,30,20.0535228295788,0.0315842984565866,0.0697888957911265
2017-02-24T00:00:00Z,Fragment,D02,Elaeocarpus tuberculatus,16.5,265,0,0,0,0,0,0,0,0,0,0,0,NA,Elaeocarpus tuberculatus,Tree,Native,NA,0.45065475,0.45065475,L,Mammal,Mature,40,84.3521198387045,0.558832793931417,1.28904578834571
2017-02-24T00:00:00Z,Fragment,D02,Turpinia malabarica,6.5,24,17,22,0,0,0,0,0,0,0,0,0,NA,Turpinia malabarica,Tree,Endemic,NA,NA,0.453,S,Mammal,Mature,12,11.691119567155,0.0107350009115483,0.0110235966661257
2017-02-24T00:00:00Z,Fragment,D02,Vernonia arborea,6,26,31,0,0,0,0,0,0,0,0,0,0,NA,Strobocalyx arborea,Tree,Native,LC,0.33,0.33,S,Wind,Secondary,15,12.878772364729,0.0130268320920716,0.00903926476833544
2017-02-24T00:00:00Z,Fragment,D02,Vateria indica,19.5,170,0,0,0,0,0,0,0,0,0,0,0,NA,Vateria indica,Tree,Endemic,VU,0.48,0.48,L,Gravity,Mature,60,54.1126806512444,0.229978892767789,0.678387588361304
2017-02-24T00:00:00Z,Fragment,D02,Glochidion malabaricum,5,40,0,0,0,0,0,0,0,0,0,0,0,NA,Phyllanthus assamicus,Tree,Endemic,LC,0.544681677,0.544681677,S,Gravity,Mature,8,12.7323954473516,0.0127323954473516,0.0120661171483262
2017-02-24T00:00:00Z,Fragment,D02,Cinnamomum malabatrum,7,25,30,0,0,0,0,0,0,0,0,0,0,NA,Cinnamomum malabathrum,Tree,Endemic,LC,NA,0.475,S,Bird,Secondary,15,12.4303984270242,0.012135564410757,0.0139899572741693
2017-02-24T00:00:00Z,Fragment,D02,Heynea trijuga,10.5,60,0,0,0,0,0,0,0,0,0,0,0,NA,Heynea trijuga,Tree,Native,LC,0.493174229,0.493174229,M,Bird,Secondary,10,19.0985931710274,0.0286478897565412,0.0498513280636316
2017-02-24T00:00:00Z,Fragment,D02,Unidentified,6.5,35,16,16,0,0,0,0,0,0,0,0,0,NA,NA,NA,NA,NA,NA,0.55,NA,NA,NA,NA,13.2663067952894,0.0138226068075311,0.0170497656707196
2017-02-24T00:00:00Z,Fragment,D02,Clerodendrum infortunatum,5,18,26,0,0,0,0,0,0,0,0,0,0,NA,Clerodendrum infortunatum,Tree,Native,LC,0.484259167,0.484259167,S,Bird,Secondary,4,10.0658424208974,0.00795774715459477,0.00679997125918569
2016-12-23T00:00:00Z,Fragment,J07,Cinnamomum malabatrum,20.5,133,0,0,0,0,0,0,0,0,0,0,0,NONE,Cinnamomum malabathrum,Tree,Endemic,LC,NA,0.475,S,Bird,Secondary,15,42.3352148624442,0.140764589417627,0.436676182742403
2016-12-23T00:00:00Z,Fragment,J07,Vateria indica,21.5,133,0,0,0,0,0,0,0,0,0,0,0,NONE,Vateria indica,Tree,Endemic,VU,0.48,0.48,L,Gravity,Mature,60,42.3352148624442,0.140764589417627,0.462153406336589
2016-12-23T00:00:00Z,Fragment,J07,Actinodaphne malabarica,6,31,0,0,0,0,0,0,0,0,0,0,0,NONE,Actinodaphne wightiana,Tree,Endemic,LC,0.619460212,0.619460212,S,Bird,Secondary,12,9.86760647169751,0.00764739501556557,0.00993791120966226
2016-12-23T00:00:00Z,Fragment,J07,Litsea floribunda,6.5,19,22,23,0,0,0,0,0,0,0,0,0,NONE,Litsea floribunda,Tree,Endemic,NT,0.56358678,0.56358678,S,Bird,Secondary,10,11.7989536114256,0.0109339445904132,0.013889691379949
2016-12-23T00:00:00Z,Fragment,J07,Actinodaphne malabarica,18,190,0,0,0,0,0,0,0,0,0,0,0,NONE,Actinodaphne wightiana,Tree,Endemic,LC,0.619460212,0.619460212,S,Bird,Secondary,12,60.4788783749202,0.287274672280871,0.9998951446709
2016-12-23T00:00:00Z,Fragment,J07,Cinnamomum malabatrum,20.5,133,0,0,0,0,0,0,0,0,0,0,0,NA,Cinnamomum malabathrum,Tree,Endemic,LC,NA,0.475,S,Bird,Secondary,15,42.3352148624442,0.140764589417627,0.436676182742403
2016-12-23T00:00:00Z,Fragment,J07,Vateria indica,21.5,133,0,0,0,0,0,0,0,0,0,0,0,NA,Vateria indica,Tree,Endemic,VU,0.48,0.48,L,Gravity,Mature,60,42.3352148624442,0.140764589417627,0.462153406336589
2016-12-23T00:00:00Z,Fragment,J07,Actinodaphne malabarica,6,31,0,0,0,0,0,0,0,0,0,0,0,NA,Actinodaphne wightiana,Tree,Endemic,LC,0.619460212,0.619460212,S,Bird,Secondary,12,9.86760647169751,0.00764739501556557,0.00993791120966226
2016-12-23T00:00:00Z,Fragment,J07,Litsea floribunda,6.5,19,22,23,0,0,0,0,0,0,0,0,0,NA,Litsea floribunda,Tree,Endemic,NT,0.56358678,0.56358678,S,Bird,Secondary,10,11.7989536114256,0.0109339445904132,0.013889691379949
2016-12-23T00:00:00Z,Fragment,J07,Actinodaphne malabarica,18,190,0,0,0,0,0,0,0,0,0,0,0,NA,Actinodaphne wightiana,Tree,Endemic,LC,0.619460212,0.619460212,S,Bird,Secondary,12,60.4788783749202,0.287274672280871,0.9998951446709
2018-09-13T00:00:00Z,Fragment,J12,Maesopsis eminii,13,48,22,0,0,0,0,0,0,0,0,0,0,NA,Maesopsis eminii,Tree,Introduced,LC,0.34,0.34,L,Mammal_bird,Int,30,16.8072442712908,0.0221861990670102,0.0332823703192279
2018-09-13T00:00:00Z,Fragment,J12,Maesopsis eminii,10.5,27,17,0,0,0,0,0,0,0,0,0,0,NA,Maesopsis eminii,Tree,Introduced,LC,0.34,0.34,L,Mammal_bird,Int,30,10.1560309643039,0.00810098660337747,0.0101074681366827
2018-09-13T00:00:00Z,Fragment,J12,Maesopsis eminii,14,45,0,0,0,0,0,0,0,0,0,0,0,NA,Maesopsis eminii,Tree,Introduced,LC,0.34,0.34,L,Mammal_bird,Int,30,14.3239448782706,0.0161144379880544,0.0261873518516372
2018-09-13T00:00:00Z,Fragment,J12,Grevillea robusta,16,55,0,0,0,0,0,0,0,0,0,0,0,NA,Grevillea robusta,Tree,Introduced,LC,0.48,0.48,NA,NA,Int,35,17.5070437401085,0.0240721851426492,0.061798351652236
2018-09-13T00:00:00Z,Fragment,J12,Maesopsis eminii,11.5,34,0,0,0,0,0,0,0,0,0,0,0,NA,Maesopsis eminii,Tree,Introduced,LC,0.34,0.34,L,Mammal_bird,Int,30,10.8225361302489,0.00919915571071155,0.0125051162089421
2018-09-13T00:00:00Z,Fragment,J12,Maesopsis eminii,11.5,32,0,0,0,0,0,0,0,0,0,0,0,NA,Maesopsis eminii,Tree,Introduced,LC,0.34,0.34,L,Mammal_bird,Int,30,10.1859163578813,0.00814873308630504,0.0111094777516991
2018-09-13T00:00:00Z,Fragment,J12,Spathodea campanulata,5,34,0,0,0,0,0,0,0,0,0,0,0,NA,Spathodea campanulata,Tree,Introduced,LC,0.475,0.475,S,Wind,Int,15,10.8225361302489,0.00919915571071155,0.00768724820865203
2018-09-13T00:00:00Z,Fragment,J12,Peltophorum pterocarpum,13,46,0,0,0,0,0,0,0,0,0,0,0,NA,Peltophorum pterocarpum,Tree,Introduced,NA,0.565,0.565,S,Gravity,Int,15,14.6422547644544,0.0168385929791225,0.0417433841953696
2018-09-13T00:00:00Z,Fragment,J12,Actinodaphne malabarica,6.5,24,19,0,0,0,0,0,0,0,0,0,0,NA,Actinodaphne wightiana,Tree,Endemic,LC,0.619460212,0.619460212,S,Bird,Secondary,12,9.74361067945915,0.0074564090838553,0.0104834141311449
2018-09-13T00:00:00Z,Fragment,J12,Grevillea robusta,21.5,48,0,0,0,0,0,0,0,0,0,0,0,NA,Grevillea robusta,Tree,Introduced,LC,0.48,0.48,NA,NA,Int,35,15.278874536822,0.0183346494441863,0.0632136184230129
2018-09-13T00:00:00Z,Fragment,J12,Maesopsis eminii,10,32,0,0,0,0,0,0,0,0,0,0,0,NA,Maesopsis eminii,Tree,Introduced,LC,0.34,0.34,L,Mammal_bird,Int,30,10.1859163578813,0.00814873308630504,0.00969287364510751
2018-09-13T00:00:00Z,Fragment,J12,Maesopsis eminii,12.5,26,17,0,0,0,0,0,0,0,0,0,0,NA,Maesopsis eminii,Tree,Introduced,LC,0.34,0.34,L,Mammal_bird,Int,30,9.88812126821147,0.00767922600418395,0.0113731986341693
2018-09-13T00:00:00Z,Fragment,J12,Macaranga peltata,16,189,0,0,0,0,0,0,0,0,0,0,0,NA,Macaranga peltata,Tree,Endemic,NA,0.466512198,0.466512198,S,Bird,Secondary,12,60.1605684887364,0.28425868610928,0.668900017345237
2018-09-13T00:00:00Z,Fragment,J12,Maesopsis eminii,8.5,31,19,0,0,0,0,0,0,0,0,0,0,NA,Maesopsis eminii,Tree,Introduced,LC,0.34,0.34,L,Mammal_bird,Int,30,11.573530350553,0.0105201417383743,0.0106129120549748
2018-09-13T00:00:00Z,Fragment,J12,Actinodaphne malabarica,8.5,40,0,0,0,0,0,0,0,0,0,0,0,NA,Actinodaphne wightiana,Tree,Endemic,LC,0.619460212,0.619460212,S,Bird,Secondary,12,12.7323954473516,0.0127323954473516,0.0229623028230744
2018-09-13T00:00:00Z,Fragment,J12,Maesopsis eminii,10,35,0,0,0,0,0,0,0,0,0,0,0,NA,Maesopsis eminii,Tree,Introduced,LC,0.34,0.34,L,Mammal_bird,Int,30,11.1408460164327,0.00974824026437859,0.0115457092391759
2018-09-13T00:00:00Z,Fragment,J12,Maesopsis eminii,9,50,22,22,0,0,0,0,0,0,0,0,0,NA,Maesopsis eminii,Tree,Introduced,LC,0.34,0.34,L,Mammal_bird,Int,30,18.7451824443409,0.0275974671321346,0.0287645559198423
2018-09-13T00:00:00Z,Fragment,J12,Persea macrantha,8,36,0,0,0,0,0,0,0,0,0,0,0,NA,Machilus glaucescens,Tree,Endemic,NA,0.427,0.427,S,Bird,Secondary,30,11.4591559026165,0.0103132403123548,0.0122544065831844
2018-09-13T00:00:00Z,Fragment,J12,Actinodaphne malabarica,8.5,33,0,0,0,0,0,0,0,0,0,0,0,NA,Actinodaphne wightiana,Tree,Endemic,LC,0.619460212,0.619460212,S,Bird,Secondary,12,10.5042262440651,0.0086659866513537,0.015773698942999
2018-09-13T00:00:00Z,Fragment,J12,Macaranga peltata,18.5,181,0,0,0,0,0,0,0,0,0,0,0,NA,Macaranga peltata,Tree,Endemic,NA,0.466512198,0.466512198,S,Bird,Secondary,12,57.6140893992661,0.260703754531679,0.708328714028808
2018-09-13T00:00:00Z,Fragment,J12,Spathodea campanulata,14,72,51,12,0,0,0,0,0,0,0,0,0,NA,Spathodea campanulata,Tree,Introduced,LC,0.475,0.475,S,Wind,Int,15,28.3438823222948,0.0630969771887819,0.13752684257237
2018-09-13T00:00:00Z,Fragment,N12,Cullenia exarillata,31.5,209,0,0,0,0,0,0,0,0,0,0,0,NA,Cullenia exarillata,Tree,Endemic,NA,NA,0.55,L,Gravity,Mature,40,66.5267662124123,0.347602353459854,1.85159929432727
2018-09-13T00:00:00Z,Fragment,N12,Epiprinus mallotiformis,14.5,64,0,0,0,0,0,0,0,0,0,0,0,NA,Epiprinus mallotiformis,Tree,Endemic,NA,NA,0.55,S,Gravity,Mature,12,20.3718327157626,0.0325949323452202,0.0861844342341343
2018-09-13T00:00:00Z,Fragment,N12,Holigarna nigra,16.5,102,0,0,0,0,0,0,0,0,0,0,0,NA,Holigarna nigra,Tree,Endemic,NA,NA,0.493977646,L,Mammal,Mature,35,32.4676083907466,0.082792401396404,0.218668666542955
2018-09-13T00:00:00Z,Fragment,N12,Antidesma menasu,12.5,72,0,0,0,0,0,0,0,0,0,0,0,NA,Antidesma montanum,Tree,Native,LC,NA,0.624,S,Mammal_bird,Mature,10,22.9183118052329,0.0412529612494193,0.106138693129463
2018-09-13T00:00:00Z,Fragment,N12,Otonephelium stipulaceum,15.5,59,0,0,0,0,0,0,0,0,0,0,0,NA,Otonephelium stipulaceum,Tree,Endemic,NA,0.709023925,0.709023925,S,Mammal_bird,Mature,28,18.7802832848437,0.0277009178451444,0.100551432821535
2018-09-13T00:00:00Z,Fragment,N12,Drypetes malabarica,17.5,112,0,0,0,0,0,0,0,0,0,0,0,NA,Drypetes malabarica,Tree,Endemic,NA,NA,0.7175,S,Gravity,Mature,20,35.6507072525846,0.0998219803072368,0.400163309433868
2018-09-13T00:00:00Z,Fragment,N12,Elaeocarpus tuberculatus,18.5,111,0,0,0,0,0,0,0,0,0,0,0,NA,Elaeocarpus tuberculatus,Tree,Native,NA,0.45065475,0.45065475,L,Mammal,Mature,40,35.3323973664008,0.0980474026917621,0.263668428222471
2018-09-13T00:00:00Z,Fragment,N12,Villebrunea integrifolia,6,31,0,0,0,0,0,0,0,0,0,0,0,NA,Oreocnide integrifolia,Tree,Native,NA,NA,0.55,S,Bird,Secondary,8,9.86760647169751,0.00764739501556557,0.00884879231916244
2018-09-13T00:00:00Z,Fragment,N12,Elaeocarpus tuberculatus,22.5,212,0,0,0,0,0,0,0,0,0,0,0,NA,Elaeocarpus tuberculatus,Tree,Native,NA,0.45065475,0.45065475,L,Mammal,Mature,40,67.4816958709636,0.357652988116107,1.12866694716394
2018-09-13T00:00:00Z,Fragment,N12,Vateria indica,12.5,70,0,0,0,0,0,0,0,0,0,0,0,NA,Vateria indica,Tree,Endemic,VU,0.48,0.48,L,Gravity,Mature,60,22.2816920328653,0.0389929610575144,0.0777648547477828
2018-09-13T00:00:00Z,Fragment,N12,Epiprinus mallotiformis,15,81,0,0,0,0,0,0,0,0,0,0,0,NA,Epiprinus mallotiformis,Tree,Endemic,NA,NA,0.55,S,Gravity,Mature,12,25.783100780887,0.0522107790812963,0.1410906327966
2018-09-13T00:00:00Z,Fragment,N12,Villebrunea integrifolia,10.5,51,0,0,0,0,0,0,0,0,0,0,0,NA,Oreocnide integrifolia,Tree,Native,NA,NA,0.55,S,Bird,Secondary,8,16.2338041953733,0.020698100349101,0.0403764465814791
2018-09-13T00:00:00Z,Fragment,N12,Coffea canephora,7.5,21,22,0,0,0,0,0,0,0,0,0,0,NA,Coffea canephora,Tree,Introduced,EN,NA,0.55,S,Mammal,Int,6,9.68101724351127,0.00736091611800016,0.0105994780499655
2018-09-13T00:00:00Z,Fragment,N12,Villebrunea integrifolia,11.5,45,30,0,0,0,0,0,0,0,0,0,0,NA,Oreocnide integrifolia,Tree,Native,NA,NA,0.55,S,Bird,Secondary,8,17.2152392418415,0.0232764104271897,0.0494823477780389
2018-09-13T00:00:00Z,Fragment,N12,Dendrocnide sinuata,8,36,0,0,0,0,0,0,0,0,0,0,0,NA,Dendrocnide sinuata,Tree,Endemic,NA,NA,0.55,S,Bird,Secondary,5,11.4591559026165,0.0103132403123548,0.0156887616258124
2018-09-13T00:00:00Z,Fragment,N12,Myristica dactyloides,34.5,173,0,0,0,0,0,0,0,0,0,0,0,NA,Myristica beddomei,Tree,Endemic,EN,0.575521845,0.575521845,L,Bird,Mature,20,55.0676103097958,0.238167414589867,1.46242677565877
2018-09-13T00:00:00Z,Fragment,N12,Epiprinus mallotiformis,17,80,0,0,0,0,0,0,0,0,0,0,0,NA,Epiprinus mallotiformis,Tree,Endemic,NA,NA,0.55,S,Gravity,Mature,12,25.4647908947033,0.0509295817894065,0.155603785235902
2018-09-13T00:00:00Z,Fragment,N12,Epiprinus mallotiformis,15,63,0,0,0,0,0,0,0,0,0,0,0,NA,Epiprinus mallotiformis,Tree,Endemic,NA,NA,0.55,S,Gravity,Mature,12,20.0535228295788,0.0315842984565866,0.0863869571642104
2018-09-13T00:00:00Z,Fragment,M12,Coffea canephora,8,21,13,15,11,0,0,0,0,0,0,0,0,NA,Coffea canephora,Tree,Introduced,EN,NA,0.55,S,Mammal,Int,6,9.84190284254396,0.0076076062797926,0.0116577056586768
2018-09-13T00:00:00Z,Fragment,M12,Turpinia malabarica,22,153,18,0,0,0,0,0,0,0,0,0,0,NA,Turpinia malabarica,Tree,Endemic,NA,NA,0.453,S,Mammal,Mature,12,49.0372883771483,0.188861213219998,0.595082156542282
2018-09-13T00:00:00Z,Fragment,M12,Syzygium laetum,11.5,62,0,0,0,0,0,0,0,0,0,0,0,NA,Syzygium laetum,Tree,Endemic,NA,0.662842,0.662842,M,Mammal_bird,Mature,7,19.735212943395,0.0305895800622623,0.0775108000012302
2018-09-13T00:00:00Z,Fragment,M12,Holigarna nigra,24.5,149,0,0,0,0,0,0,0,0,0,0,0,NA,Holigarna nigra,Tree,Endemic,NA,NA,0.493977646,L,Mammal,Mature,35,47.4281730413848,0.176669944579158,0.673938684787817
2018-09-13T00:00:00Z,Fragment,M12,Coffea canephora,6.5,16,18,12,15,16,12,0,0,0,0,0,0,NA,Coffea canephora,Tree,Introduced,EN,NA,0.55,S,Mammal,Int,6,11.691119567155,0.0107350009115483,0.0133218780749327
2018-09-13T00:00:00Z,Fragment,M12,Macaranga indica,19.5,121,0,0,0,0,0,0,0,0,0,0,0,NA,Macaranga indica,Tree,Native,LC,NA,0.33,S,Bird,Secondary,16,38.5154962282387,0.116509376090422,0.242335366328259
2018-09-13T00:00:00Z,Fragment,M12,Macaranga indica,18.5,57,0,0,0,0,0,0,0,0,0,0,0,NA,Macaranga indica,Tree,Native,LC,NA,0.33,S,Bird,Secondary,16,18.1436635124761,0.0258547205052784,0.0529630883135781
2018-09-13T00:00:00Z,Fragment,M12,Coffea canephora,6,15,17,11,11,10,12,0,0,0,0,0,0,NA,Coffea canephora,Tree,Introduced,EN,NA,0.55,S,Mammal,Int,6,10.0658424208974,0.00795774715459477,0.00919911347250937
2018-09-13T00:00:00Z,Fragment,M12,Coffea canephora,7.5,21,14,20,11,0,0,0,0,0,0,0,0,NA,Coffea canephora,Tree,Introduced,EN,NA,0.55,S,Mammal,Int,6,10.831894139892,0.00921507120502074,0.0131980479735075
2018-09-13T00:00:00Z,Fragment,M12,Clerodendrum infortunatum,8,30,39,0,0,0,0,0,0,0,0,0,0,NA,Clerodendrum infortunatum,Tree,Native,LC,0.484259167,0.484259167,S,Bird,Secondary,4,15.6620109053116,0.0192657058612739,0.025498057413801
2018-09-13T00:00:00Z,Fragment,M12,Clerodendrum infortunatum,7,30,0,0,0,0,0,0,0,0,0,0,0,NA,Clerodendrum infortunatum,Tree,Native,LC,0.484259167,0.484259167,S,Bird,Secondary,4,9.54929658551372,0.00716197243913529,0.00852057157827537
2018-09-13T00:00:00Z,Fragment,M12,Coffea canephora,8,13,20,24,0,0,0,0,0,0,0,0,0,NA,Coffea canephora,Tree,Introduced,EN,NA,0.55,S,Mammal,Int,6,10.770921746558,0.00911162049201101,0.0139020977519904
2018-09-13T00:00:00Z,Fragment,M12,Coffea canephora,7.5,14,17,13,12,18,0,0,0,0,0,0,0,NA,Coffea canephora,Tree,Introduced,EN,NA,0.55,S,Mammal,Int,6,10.6621933975474,0.00892859230745533,0.0127974422090687
2018-09-13T00:00:00Z,Fragment,M12,Symplocos cochinchinensis,7.5,35,24,0,0,0,0,0,0,0,0,0,0,NA,Symplocos cochinchinensis,Tree,Native,NA,0.538,0.538,S,Bird,Secondary,10,13.5084955394689,0.0143319026254252,0.0198774673371459
2018-09-13T00:00:00Z,Fragment,M12,Melicope lunu-ankenda,10.5,57,0,0,0,0,0,0,0,0,0,0,0,NA,Melicope lunu-ankenda,Tree,Native,LC,0.411118888,0.411118888,S,Mammal,Secondary,10,18.1436635124761,0.0258547205052784,0.037762179865333
2018-09-13T00:00:00Z,Fragment,M12,Villebrunea integrifolia,6.5,17,19,22,24,24,13,31,28,22,0,0,0,NA,Oreocnide integrifolia,Tree,Native,NA,NA,0.55,S,Bird,Secondary,8,21.7850504745963,0.0372740876721219,0.0448947825957061
2018-09-13T00:00:00Z,Fragment,M12,Coffea canephora,9,36,30,13,13,0,0,0,0,0,0,0,0,NA,Coffea canephora,Tree,Introduced,EN,NA,0.55,S,Mammal,Int,6,16.0233541853659,0.0201649312897431,0.03386306753226
2018-09-13T00:00:00Z,Fragment,M12,Clerodendrum infortunatum,9,42,0,0,0,0,0,0,0,0,0,0,0,NA,Clerodendrum infortunatum,Tree,Native,LC,0.484259167,0.484259167,S,Bird,Secondary,4,13.3690152197192,0.0140374659807052,0.0210007911984387
2018-09-13T00:00:00Z,Fragment,M12,Coffea canephora,7.5,16,13,23,0,0,0,0,0,0,0,0,0,NA,Coffea canephora,Tree,Introduced,EN,NA,0.55,S,Mammal,Int,6,9.83160257510393,0.00759169078548341,0.0109236898856567
2018-09-13T00:00:00Z,Fragment,M12,Coffea canephora,7,16,11,14,18,16,0,0,0,0,0,0,0,NA,Coffea canephora,Tree,Introduced,EN,NA,0.55,S,Mammal,Int,6,10.8084839241966,0.00917528246924777,0.0122865922731159
2018-09-13T00:00:00Z,Fragment,M12,Coffea canephora,8,19,15,12,12,17,0,0,0,0,0,0,0,NA,Coffea canephora,Tree,Introduced,EN,NA,0.55,S,Mammal,Int,6,10.8552538697185,0.00925485994079371,0.0141153608306943
2018-09-13T00:00:00Z,Fragment,M12,Cullenia exarillata,22,123,0,0,0,0,0,0,0,0,0,0,0,NA,Cullenia exarillata,Tree,Endemic,NA,NA,0.55,L,Gravity,Mature,40,39.1521160006063,0.120392756701864,0.463414554529584
2018-09-13T00:00:00Z,Fragment,M12,Macaranga indica,17.5,85,0,0,0,0,0,0,0,0,0,0,0,NA,Macaranga indica,Tree,Native,LC,NA,0.33,S,Bird,Secondary,16,27.0563403256222,0.0574947231919472,0.109440194065901
2018-09-13T00:00:00Z,Fragment,M12,Coffea canephora,4.5,15,16,13,19,0,0,0,0,0,0,0,0,NA,Coffea canephora,Tree,Introduced,EN,NA,0.55,S,Mammal,Int,6,10.1210531399852,0.00804528237329531,0.00702171012902025
2018-09-13T00:00:00Z,Fragment,M12,Macaranga indica,12.5,72,0,0,0,0,0,0,0,0,0,0,0,NA,Macaranga indica,Tree,Native,LC,NA,0.33,S,Bird,Secondary,16,22.9183118052329,0.0412529612494193,0.0569958430281051
2018-09-13T00:00:00Z,Fragment,M12,Coffea canephora,8,12,23,10,12,14,0,0,0,0,0,0,0,NA,Coffea canephora,Tree,Introduced,EN,NA,0.55,S,Mammal,Int,6,10.6193444898413,0.00885697258306398,0.0135227638297401
2018-09-13T00:00:00Z,Fragment,M12,Macaranga indica,13.5,42,0,0,0,0,0,0,0,0,0,0,0,NA,Macaranga indica,Tree,Native,LC,NA,0.33,S,Bird,Secondary,16,13.3690152197192,0.0140374659807052,0.0214552880164011
2018-09-13T00:00:00Z,Fragment,M12,Coffea canephora,5,23,12,11,11,0,0,0,0,0,0,0,0,NA,Coffea canephora,Tree,Introduced,EN,NA,0.55,S,Mammal,Int,6,9.6285452189175,0.00728133864645421,0.00706011975424958
2018-09-13T00:00:00Z,Fragment,M12,Macaranga indica,19.5,110,0,0,0,0,0,0,0,0,0,0,0,NA,Macaranga indica,Tree,Native,LC,NA,0.33,S,Bird,Secondary,16,35.014087480217,0.0962887405705967,0.201195507028145
2018-09-13T00:00:00Z,Fragment,M12,Coffea canephora,6,15,12,16,13,13,0,0,0,0,0,0,0,NA,Coffea canephora,Tree,Introduced,EN,NA,0.55,S,Mammal,Int,6,9.87786919571075,0.00766331050987476,0.00886676569225442
2018-09-13T00:00:00Z,Fragment,M12,Mastixia arborea,18.5,135,0,0,0,0,0,0,0,0,0,0,0,NA,Mastixia arborea,Tree,Native,LC,NA,0.465,L,Mammal,Mature,20,42.9718346348117,0.14502994189249,0.398365367834312
2018-09-13T00:00:00Z,Fragment,M12,Macaranga indica,12,31,0,0,0,0,0,0,0,0,0,0,0,NA,Macaranga indica,Tree,Native,LC,NA,0.33,S,Bird,Secondary,16,9.86760647169751,0.00764739501556557,0.0105721885140304
2018-09-13T00:00:00Z,Fragment,M12,Macaranga indica,18,95,0,0,0,0,0,0,0,0,0,0,0,NA,Macaranga indica,Tree,Native,LC,NA,0.33,S,Bird,Secondary,16,30.2394391874601,0.0718186680702178,0.13976821490998
2018-09-13T00:00:00Z,Fragment,K12,Erythrina sp.,8.5,24,25,0,0,0,0,0,0,0,0,0,0,NA,Erythrina sp.,Tree,Native,NA,NA,0.23,M,Gravity,Secondary,NA,11.0311713591281,0.00955725433266832,0.00659887019205801
2018-09-13T00:00:00Z,Fragment,K12,Glochidion malabaricum,5,16,22,15,0,0,0,0,0,0,0,0,0,NA,Phyllanthus assamicus,Tree,Endemic,LC,0.544681677,0.544681677,S,Gravity,Mature,8,9.88812126821147,0.00767922600418395,0.0073662269012377
2018-09-13T00:00:00Z,Fragment,K12,Turpinia malabarica,8.5,39,0,0,0,0,0,0,0,0,0,0,0,NA,Turpinia malabarica,Tree,Endemic,NA,NA,0.453,S,Mammal,Mature,12,12.4140855611678,0.0121037334221386,0.0161027184765932
2018-09-13T00:00:00Z,Fragment,K12,Maesopsis eminii,10.5,28,31,34,17,0,0,0,0,0,0,0,0,NA,Maesopsis eminii,Tree,Introduced,LC,0.34,0.34,L,Mammal_bird,Int,30,17.9781694234718,0.0253852134231573,0.0308162831747489
2018-09-13T00:00:00Z,Fragment,K12,Erythrina sp.,12,49,0,0,0,0,0,0,0,0,0,0,0,NA,Erythrina sp.,Tree,Native,NA,NA,0.23,M,Gravity,Secondary,NA,15.5971844230057,0.019106550918182,0.018166295862241
2018-09-13T00:00:00Z,Fragment,K12,Erythrina sp.,7,48,0,0,0,0,0,0,0,0,0,0,0,NA,Erythrina sp.,Tree,Native,NA,NA,0.23,M,Gravity,Secondary,NA,15.278874536822,0.0183346494441863,0.0103114875328181
2018-09-13T00:00:00Z,Fragment,K12,Macaranga indica,13,50,0,0,0,0,0,0,0,0,0,0,0,NA,Macaranga indica,Tree,Native,LC,NA,0.33,S,Bird,Secondary,16,15.9154943091895,0.0198943678864869,0.029063247230022
2018-09-13T00:00:00Z,Fragment,K12,Myristica dactyloides,20.5,124,0,0,0,0,0,0,0,0,0,0,0,NA,Myristica beddomei,Tree,Endemic,EN,0.575521845,0.575521845,L,Bird,Mature,20,39.47042588679,0.122358320249049,0.45933294714408
2018-09-13T00:00:00Z,Fragment,K12,Actinodaphne malabarica,6.5,34,0,0,0,0,0,0,0,0,0,0,0,NA,Actinodaphne wightiana,Tree,Endemic,LC,0.619460212,0.619460212,S,Bird,Secondary,12,10.8225361302489,0.00919915571071155,0.0128686132124022
2018-09-13T00:00:00Z,Fragment,K12,Dimocarpus longan,18.5,103,0,0,0,0,0,0,0,0,0,0,0,NA,Dimocarpus longan,Tree,Native,DD,0.748685273,0.748685273,S,Mammal,Mature,25,32.7859182769304,0.0844237395630959,0.373947253347462
2018-09-13T00:00:00Z,Fragment,K12,Macaranga indica,13,46,0,0,0,0,0,0,0,0,0,0,0,NA,Macaranga indica,Tree,Native,LC,NA,0.33,S,Bird,Secondary,16,14.6422547644544,0.0168385929791225,0.0246977832713807
2018-09-13T00:00:00Z,Fragment,K12,Turpinia malabarica,8,32,0,0,0,0,0,0,0,0,0,0,0,NA,Turpinia malabarica,Tree,Endemic,NA,NA,0.453,S,Mammal,Mature,12,10.1859163578813,0.00814873308630504,0.0103156548047981
2018-09-13T00:00:00Z,Fragment,K12,Aglaia exstipulata,21.5,117,0,0,0,0,0,0,0,0,0,0,0,NA,Aglaia exstipulata,Tree,Native,NT,0.83,0.83,L,Bird,Mature,20,37.2422566835035,0.108933600799248,0.614122950560456
2018-09-13T00:00:00Z,Fragment,N13,Cullenia exarillata,28.5,237,0,0,0,0,0,0,0,0,0,0,0,NA,Cullenia exarillata,Tree,Endemic,NA,NA,0.55,L,Gravity,Mature,40,75.4394430255584,0.446978699926433,2.1463854239316
2018-09-13T00:00:00Z,Fragment,N13,Macaranga indica,8.5,34,0,0,0,0,0,0,0,0,0,0,0,NA,Macaranga indica,Tree,Native,LC,NA,0.33,S,Bird,Secondary,16,10.8225361302489,0.00919915571071155,0.00904285763304947
2018-09-13T00:00:00Z,Fragment,N13,Drypetes malabarica,16.5,137,0,0,0,0,0,0,0,0,0,0,0,NA,Drypetes malabarica,Tree,Endemic,NA,NA,0.7175,S,Gravity,Mature,20,43.6084544071793,0.149358956344589,0.559888344930997
2018-09-13T00:00:00Z,Fragment,N13,Turpinia malabarica,15,103,30,0,0,0,0,0,0,0,0,0,0,NA,Turpinia malabarica,Tree,Endemic,NA,NA,0.453,S,Mammal,Mature,12,34.1482869634725,0.0915857120022312,0.202053311487198
2018-09-13T00:00:00Z,Fragment,N13,Leea indica,6,25,13,10,0,0,0,0,0,0,0,0,0,NA,Leea indica,Tree,Native,LC,0.483333,0.483333,S,Unknown,Secondary,5,9.51741236766853,0.00711422595620772,0.00726912174572256
2018-09-13T00:00:00Z,Fragment,N13,Xanthophyllum flavescens,5,46,33,0,0,0,0,0,0,0,0,0,0,NA,Xanthophyllum flavescens,Tree,Endemic,NA,0.682,0.682,M,Mammal,Secondary,8,18.0203882747762,0.0255045796304762,0.029602800993359
2018-09-13T00:00:00Z,Fragment,N13,Vateria indica,26,172,0,0,0,0,0,0,0,0,0,0,0,NA,Vateria indica,Tree,Endemic,VU,0.48,0.48,L,Gravity,Mature,60,54.749300423612,0.235421991821532,0.919037715456226
2018-09-13T00:00:00Z,Fragment,N13,Vernonia arborea,10.5,43,0,0,0,0,0,0,0,0,0,0,0,NA,Strobocalyx arborea,Tree,Native,LC,0.33,0.33,S,Wind,Secondary,15,13.687325105903,0.0147138744888457,0.0175775020462602
2018-09-13T00:00:00Z,Fragment,N13,Vernonia arborea,13.5,48,42,0,0,0,0,0,0,0,0,0,0,NA,Strobocalyx arborea,Tree,Native,LC,0.33,0.33,S,Wind,Secondary,15,20.302083022612,0.0323721154248915,0.0484961805196189
2018-09-13T00:00:00Z,Fragment,N13,Phoebe lanceolata,8.5,62,11,0,0,0,0,0,0,0,0,0,0,NA,Phoebe lanceolata,Tree,Native,LC,NA,0.49,S,Bird,Mature,8,20.0434152065428,0.0315524674679682,0.0442900296801839
2018-09-13T00:00:00Z,Fragment,N13,Paracroton pendulus,16.5,104,0,0,0,0,0,0,0,0,0,0,0,NA,Paracroton pendulus,Tree,Endemic,LC,0.46,0.46,S,Gravity,Mature,30,33.1042281631142,0.086070993224097,0.211856319045376
2018-09-12T00:00:00Z,Fragment,L14,Spathodea campanulata,15.5,128,20,50,14,19,24,27,49,49,124,121,127,NA,Spathodea campanulata,Tree,Introduced,LC,0.475,0.475,S,Wind,Int,15,85.4672417567731,0.573705823363355,1.30979284699024
2018-09-12T00:00:00Z,Fragment,L14,Melicope lunu-ankenda,6.5,32,0,0,0,0,0,0,0,0,0,0,0,NA,Melicope lunu-ankenda,Tree,Native,LC,0.411118888,0.411118888,S,Mammal,Secondary,10,10.1859163578813,0.00814873308630504,0.00766239923073867
2018-09-12T00:00:00Z,Fragment,L14,Grevillea robusta,7.5,30,0,0,0,0,0,0,0,0,0,0,0,NA,Grevillea robusta,Tree,Introduced,LC,0.48,0.48,NA,NA,Int,35,9.54929658551372,0.00716197243913529,0.00903583518289537
2018-09-12T00:00:00Z,Fragment,L14,Maesopsis eminii,4.5,87,0,0,0,0,0,0,0,0,0,0,0,NA,Maesopsis eminii,Tree,Introduced,LC,0.34,0.34,L,Mammal_bird,Int,30,27.6929600979898,0.0602321882131278,0.031323969198881
2018-09-12T00:00:00Z,Fragment,L14,Maesopsis eminii,15,68,0,0,0,0,0,0,0,0,0,0,0,NA,Maesopsis eminii,Tree,Introduced,LC,0.34,0.34,L,Mammal_bird,Int,30,21.6450722604978,0.0367966228428462,0.0627079004377542
2018-09-12T00:00:00Z,Fragment,L14,Maesopsis eminii,8.5,38,22,0,0,0,0,0,0,0,0,0,0,NA,Maesopsis eminii,Tree,Introduced,LC,0.34,0.34,L,Mammal_bird,Int,30,13.9766677739162,0.0153425365140587,0.0153382964052594
2018-09-12T00:00:00Z,Fragment,L14,Coffea canephora,18.5,97,0,0,0,0,0,0,0,0,0,0,0,NA,Coffea canephora,Tree,Introduced,EN,NA,0.55,S,Mammal,Int,6,30.8760589598277,0.0748744429775822,0.246154844728567
2018-09-12T00:00:00Z,Fragment,L14,Chionanthus courtallensis,9,80,0,0,0,0,0,0,0,0,0,0,0,NA,Chionanthus albidiflorus,Tree,Endemic,NA,NA,0.668601818,M,Mammal_bird,Mature,22,25.4647908947033,0.0509295817894065,0.101207394943915
2018-09-12T00:00:00Z,Fragment,L14,Bombax ceiba,25.5,284,0,0,0,0,0,0,0,0,0,0,0,NA,Bombax ceiba,Tree,Native,LC,0.3,0.3,S,Wind,Secondary,40,90.4000076761966,0.641840054500995,1.51707597636469
2018-09-12T00:00:00Z,Fragment,L14,Melicope lunu-ankenda,12,59,0,0,0,0,0,0,0,0,0,0,0,NA,Melicope lunu-ankenda,Tree,Native,LC,0.411118888,0.411118888,S,Mammal,Secondary,10,18.7802832848437,0.0277009178451444,0.0460142772801481
2018-09-12T00:00:00Z,Fragment,L14,Actinodaphne malabarica,10.5,50,0,0,0,0,0,0,0,0,0,0,0,NA,Actinodaphne wightiana,Tree,Endemic,LC,0.619460212,0.619460212,S,Bird,Secondary,12,15.9154943091895,0.0198943678864869,0.0436266303253358
2018-09-12T00:00:00Z,Fragment,L14,Grevillea robusta,12,61,0,0,0,0,0,0,0,0,0,0,0,NA,Grevillea robusta,Tree,Introduced,LC,0.48,0.48,NA,NA,Int,35,19.4169030572112,0.0296107771622471,0.0571232031716232
2018-09-12T00:00:00Z,Fragment,L14,Grevillea robusta,8.5,31,0,0,0,0,0,0,0,0,0,0,0,NA,Grevillea robusta,Tree,Introduced,LC,0.48,0.48,NA,NA,Int,35,9.86760647169751,0.00764739501556557,0.0108847564549322
2018-09-12T00:00:00Z,Fragment,L14,Maesopsis eminii,10,48,0,0,0,0,0,0,0,0,0,0,0,NA,Maesopsis eminii,Tree,Introduced,LC,0.34,0.34,L,Mammal_bird,Int,30,15.278874536822,0.0183346494441863,0.021388616275896
2018-09-12T00:00:00Z,Fragment,L14,Grevillea robusta,8.5,37,0,0,0,0,0,0,0,0,0,0,0,NA,Grevillea robusta,Tree,Introduced,LC,0.48,0.48,NA,NA,Int,35,11.7774657888003,0.0108941558546402,0.0153748346995821
2018-09-12T00:00:00Z,Fragment,L14,Maesopsis eminii,8,38,0,0,0,0,0,0,0,0,0,0,0,NA,Maesopsis eminii,Tree,Introduced,LC,0.34,0.34,L,Mammal_bird,Int,30,12.095775674984,0.0114909868912348,0.0109031804947131
2018-09-12T00:00:00Z,Fragment,K14,Meliosma simplicifolia,12.5,203,38,25,0,0,0,0,0,0,0,0,0,NA,Meliosma simplicifolia,Tree,Native,NA,0.455,0.455,S,Bird,Mature,15,66.2191678116925,0.344395381356552,0.618694758408255
2018-09-12T00:00:00Z,Fragment,K14,Ficus nervosa,5,30,0,0,0,0,0,0,0,0,0,0,0,NA,Ficus nervosa,Tree,Native,LC,0.28,0.28,S,Mammal_bird,Mature,35,9.54929658551372,0.00716197243913529,0.00359449614927721
2018-09-12T00:00:00Z,Fragment,K14,Melicope lunu-ankenda,11.5,69,62,42,0,0,0,0,0,0,0,0,0,NA,Melicope lunu-ankenda,Tree,Native,LC,0.411118888,0.411118888,S,Mammal,Secondary,10,32.4129503931284,0.0825138802459932,0.128088123722865
2018-09-12T00:00:00Z,Fragment,K14,Actinodaphne malabarica,8,50,0,0,0,0,0,0,0,0,0,0,0,NA,Actinodaphne wightiana,Tree,Endemic,LC,0.619460212,0.619460212,S,Bird,Secondary,12,15.9154943091895,0.0198943678864869,0.0334569803481102
2018-09-12T00:00:00Z,Fragment,K14,Actinodaphne malabarica,6.5,42,0,0,0,0,0,0,0,0,0,0,0,NA,Actinodaphne wightiana,Tree,Endemic,LC,0.619460212,0.619460212,S,Bird,Secondary,12,13.3690152197192,0.0140374659807052,0.0194387133887639
2018-09-12T00:00:00Z,Fragment,K14,Tetrameles nudiflora,10,64,0,0,0,0,0,0,0,0,0,0,0,NA,Tetrameles nudiflora,Tree,Native,LC,NA,0.55,S,Wind,Secondary,40,20.3718327157626,0.0325949323452202,0.059969946973041
2018-09-12T00:00:00Z,Fragment,K14,Mastixia arborea,15.5,144,0,0,0,0,0,0,0,0,0,0,0,NA,Mastixia arborea,Tree,Native,LC,NA,0.465,L,Mammal,Mature,20,45.8366236104659,0.165011844997677,0.380187448226679
2018-09-12T00:00:00Z,Fragment,K14,Macaranga indica,7,54,0,0,0,0,0,0,0,0,0,0,0,NA,Macaranga indica,Tree,Native,LC,NA,0.33,S,Bird,Secondary,16,17.1887338539247,0.0232047907027983,0.0184584097390609
2018-09-12T00:00:00Z,Fragment,K14,Tetrameles nudiflora,9.5,41,0,0,0,0,0,0,0,0,0,0,0,NA,Tetrameles nudiflora,Tree,Native,LC,NA,0.55,S,Wind,Secondary,40,13.0507053335354,0.0133769729668738,0.0239156771864761
2018-09-12T00:00:00Z,Fragment,K14,Melicope lunu-ankenda,11.5,71,0,0,0,0,0,0,0,0,0,0,0,NA,Melicope lunu-ankenda,Tree,Native,LC,0.411118888,0.411118888,S,Mammal,Secondary,10,22.6000019190491,0.0401150034063122,0.0633586581944835
2018-09-12T00:00:00Z,Fragment,K14,Grevillea robusta,16,72,0,0,0,0,0,0,0,0,0,0,0,NA,Grevillea robusta,Tree,Introduced,LC,0.48,0.48,NA,NA,Int,35,22.9183118052329,0.0412529612494193,0.104544684048362
2018-09-12T00:00:00Z,Fragment,K14,Xanthophyllum flavescens,3.5,79,0,0,0,0,0,0,0,0,0,0,0,NA,Xanthophyllum flavescens,Tree,Endemic,NA,0.682,0.682,M,Mammal,Secondary,8,25.1464810085195,0.049664299991826,0.0400523879216269
2018-09-12T00:00:00Z,Fragment,K14,Spathodea campanulata,6.5,40,0,0,0,0,0,0,0,0,0,0,0,NA,Spathodea campanulata,Tree,Introduced,LC,0.475,0.475,S,Wind,Int,15,12.7323954473516,0.0127323954473516,0.01363810007126
2018-09-12T00:00:00Z,Fragment,K14,Clerodendrum infortunatum,4.5,33,0,0,0,0,0,0,0,0,0,0,0,NA,Clerodendrum infortunatum,Tree,Native,LC,0.484259167,0.484259167,S,Bird,Secondary,4,10.5042262440651,0.0086659866513537,0.00666786774225318
2018-09-12T00:00:00Z,Fragment,K14,Grevillea robusta,9,44,0,0,0,0,0,0,0,0,0,0,0,NA,Grevillea robusta,Tree,Introduced,LC,0.48,0.48,NA,NA,Int,35,14.0056349920868,0.0154061984912955,0.0227996474751082
2018-09-12T00:00:00Z,Fragment,K14,Vernonia arborea,9,41,0,0,0,0,0,0,0,0,0,0,0,NA,Strobocalyx arborea,Tree,Native,LC,0.33,0.33,S,Wind,Secondary,15,13.0507053335354,0.0133769729668738,0.0137797314411769
2018-09-12T00:00:00Z,Fragment,M14,Persea macrantha,22,231,0,0,0,0,0,0,0,0,0,0,0,NA,Machilus glaucescens,Tree,Endemic,NA,0.427,0.427,S,Bird,Secondary,30,73.5295837084557,0.424633345916331,1.23865140017884
2018-09-12T00:00:00Z,Fragment,M14,Actinodaphne malabarica,8.5,31,0,0,0,0,0,0,0,0,0,0,0,NA,Actinodaphne wightiana,Tree,Endemic,LC,0.619460212,0.619460212,S,Bird,Secondary,12,9.86760647169751,0.00764739501556557,0.0139615090875452
2018-09-12T00:00:00Z,Fragment,M14,Litsea floribunda,7,41,0,0,0,0,0,0,0,0,0,0,0,NA,Litsea floribunda,Tree,Endemic,NT,0.56358678,0.56358678,S,Bird,Secondary,10,13.0507053335354,0.0133769729668738,0.018179581619334
2018-09-12T00:00:00Z,Fragment,M14,Ficus hispida,2,24,23,0,0,0,0,0,0,0,0,0,0,NA,Ficus hispida,Tree,Native,LC,0.413,0.413,S,Mammal,Secondary,10,10.581110902206,0.00879331060582722,0.00262404017641764
2018-09-12T00:00:00Z,Fragment,M14,Macaranga indica,15,111,0,0,0,0,0,0,0,0,0,0,0,NA,Macaranga indica,Tree,Native,LC,NA,0.33,S,Bird,Secondary,16,35.3323973664008,0.0980474026917621,0.158519064036418
2018-09-12T00:00:00Z,Fragment,M14,Heynea trijuga,10.5,47,0,0,0,0,0,0,0,0,0,0,0,NA,Heynea trijuga,Tree,Native,LC,0.493174229,0.493174229,M,Bird,Secondary,10,14.9605646506382,0.0175786634644998,0.0309499898236134
2018-09-12T00:00:00Z,Fragment,M14,Melicope lunu-ankenda,10,35,0,0,0,0,0,0,0,0,0,0,0,NA,Melicope lunu-ankenda,Tree,Native,LC,0.411118888,0.411118888,S,Mammal,Secondary,10,11.1408460164327,0.00974824026437859,0.0138972671109111
2018-09-12T00:00:00Z,Fragment,M14,Macaranga indica,9.5,42,0,0,0,0,0,0,0,0,0,0,0,NA,Macaranga indica,Tree,Native,LC,NA,0.33,S,Bird,Secondary,16,13.3690152197192,0.0140374659807052,0.0152260352044475
2018-09-12T00:00:00Z,Fragment,M14,Macaranga indica,9,50,0,0,0,0,0,0,0,0,0,0,0,NA,Macaranga indica,Tree,Native,LC,NA,0.33,S,Bird,Secondary,16,15.9154943091895,0.0198943678864869,0.0202990687123257
2018-09-12T00:00:00Z,Fragment,M14,Villebrunea integrifolia,6,21,26,19,12,18,12,18,22,16,12,0,0,NA,Oreocnide integrifolia,Tree,Native,NA,NA,0.55,S,Bird,Secondary,8,18.2799689182567,0.0262446501158536,0.0294821133544149
2018-09-12T00:00:00Z,Fragment,M14,Macaranga indica,16,89,0,0,0,0,0,0,0,0,0,0,0,NA,Macaranga indica,Tree,Native,LC,NA,0.33,S,Bird,Secondary,16,28.3295798703574,0.0630333152115452,0.109692357908344
2018-09-12T00:00:00Z,Fragment,M14,Maesopsis eminii,10,33,0,0,0,0,0,0,0,0,0,0,0,NA,Maesopsis eminii,Tree,Introduced,LC,0.34,0.34,L,Mammal_bird,Int,30,10.5042262440651,0.0086659866513537,0.0102929296466983
2018-09-12T00:00:00Z,Fragment,M14,Macaranga indica,13,67,0,0,0,0,0,0,0,0,0,0,0,NA,Macaranga indica,Tree,Native,LC,NA,0.33,S,Bird,Secondary,16,21.326762374314,0.0357223269769759,0.0514579763114519
2018-09-12T00:00:00Z,Fragment,M14,Diospyros paniculata,8.5,53,0,0,0,0,0,0,0,0,0,0,0,NA,Diospyros paniculata,Tree,Endemic,VU,NA,0.672,M,Mammal,Mature,16,16.8704239677409,0.0223533117572567,0.0430614004703188
2018-09-12T00:00:00Z,Fragment,M14,Villebrunea integrifolia,4.5,13,15,14,16,12,20,14,13,15,12,12,0,NA,Oreocnide integrifolia,Tree,Native,NA,NA,0.55,S,Bird,Secondary,8,15.1590383765205,0.0180481705466209,0.0154494629098028
2018-09-12T00:00:00Z,Fragment,M14,Melicope lunu-ankenda,6,31,0,0,0,0,0,0,0,0,0,0,0,NA,Melicope lunu-ankenda,Tree,Native,LC,0.411118888,0.411118888,S,Mammal,Secondary,10,9.86760647169751,0.00764739501556557,0.0066607361295879
2018-09-12T00:00:00Z,Fragment,M14,Actinodaphne malabarica,6,24,22,0,0,0,0,0,0,0,0,0,0,NA,Actinodaphne wightiana,Tree,Endemic,LC,0.619460212,0.619460212,S,Bird,Secondary,12,10.3634190623017,0.00843521198387045,0.0109359271965772
2018-09-12T00:00:00Z,Fragment,M14,Macaranga indica,11,68,0,0,0,0,0,0,0,0,0,0,0,NA,Macaranga indica,Tree,Native,LC,NA,0.33,S,Bird,Secondary,16,21.6450722604978,0.0367966228428462,0.0449989763365252
2018-09-12T00:00:00Z,Fragment,M13,Maesopsis eminii,18.5,80,0,0,0,0,0,0,0,0,0,0,0,NA,Maesopsis eminii,Tree,Introduced,LC,0.34,0.34,L,Mammal_bird,Int,30,25.4647908947033,0.0509295817894065,0.105679574310941
2018-09-12T00:00:00Z,Fragment,M13,Melicope lunu-ankenda,10,31,0,0,0,0,0,0,0,0,0,0,0,NA,Melicope lunu-ankenda,Tree,Native,LC,0.411118888,0.411118888,S,Mammal,Secondary,10,9.86760647169751,0.00764739501556557,0.0109659587703982
2018-09-12T00:00:00Z,Fragment,M13,Macaranga indica,18,79,0,0,0,0,0,0,0,0,0,0,0,NA,Macaranga indica,Tree,Native,LC,NA,0.33,S,Bird,Secondary,16,25.1464810085195,0.049664299991826,0.0975124398823182
2018-09-12T00:00:00Z,Fragment,M13,Melicope lunu-ankenda,8.5,40,0,0,0,0,0,0,0,0,0,0,0,NA,Melicope lunu-ankenda,Tree,Native,LC,0.411118888,0.411118888,S,Mammal,Secondary,10,12.7323954473516,0.0127323954473516,0.0153901395177979
2018-09-12T00:00:00Z,Fragment,M13,Maesopsis eminii,21.5,93,0,0,0,0,0,0,0,0,0,0,0,NA,Maesopsis eminii,Tree,Introduced,LC,0.34,0.34,L,Mammal_bird,Int,30,29.6028194150925,0.0688265551400901,0.164186878484712
2018-09-12T00:00:00Z,Fragment,M13,Maesopsis eminii,14,52,0,0,0,0,0,0,0,0,0,0,0,NA,Maesopsis eminii,Tree,Introduced,LC,0.34,0.34,L,Mammal_bird,Int,30,16.5521140815571,0.0215177483060242,0.034726361609519
2018-09-12T00:00:00Z,Fragment,M13,Bhesa indica,26.5,193,0,0,0,0,0,0,0,0,0,0,0,NA,Bhesa indica,Tree,Native,NA,NA,0.655,L,Mammal,Mature,30,61.4338080334716,0.2964181237615,1.58790208732224
2018-09-12T00:00:00Z,Fragment,M13,Holigarna nigra,25.5,192,0,0,0,0,0,0,0,0,0,0,0,NA,Holigarna nigra,Tree,Endemic,NA,NA,0.493977646,L,Mammal,Mature,35,61.1154981472878,0.293354391106981,1.14953422574737
2018-09-12T00:00:00Z,Fragment,M13,Elaeocarpus tuberculatus,10.5,34,0,0,0,0,0,0,0,0,0,0,0,NA,Elaeocarpus tuberculatus,Tree,Native,NA,0.45065475,0.45065475,L,Mammal,Mature,40,10.8225361302489,0.00919915571071155,0.0150645329177716
2018-09-12T00:00:00Z,Fragment,M13,Maesopsis eminii,18,72,0,0,0,0,0,0,0,0,0,0,0,NA,Maesopsis eminii,Tree,Introduced,LC,0.34,0.34,L,Mammal_bird,Int,30,22.9183118052329,0.0412529612494193,0.0837642668579182
2018-09-12T00:00:00Z,Fragment,M13,Coffea canephora,6,25,16,14,11,0,0,0,0,0,0,0,0,NA,Coffea canephora,Tree,Introduced,EN,NA,0.55,S,Mammal,Int,6,11.0173852616454,0.00953338109120453,0.0109728598034844
2018-09-12T00:00:00Z,Fragment,L13,Toona ciliata,19,121,0,0,0,0,0,0,0,0,0,0,0,NA,Toona ciliata,Tree,Native,LC,0.496,0.496,S,Wind,Secondary,28,38.5154962282387,0.116509376090422,0.351663297659405
2018-09-12T00:00:00Z,Fragment,L13,Erythrina sp.,5,40.5,0,0,0,0,0,0,0,0,0,0,0,NA,Erythrina sp.,Tree,Native,NA,NA,0.23,M,Gravity,Secondary,NA,12.8915503904435,0.0130526947703241,0.00532929386047853
2018-09-12T00:00:00Z,Fragment,L13,Maesopsis eminii,8,16,38,0,0,0,0,0,0,0,0,0,0,NA,Maesopsis eminii,Tree,Introduced,LC,0.34,0.34,L,Mammal_bird,Int,30,13.124252824141,0.0135281701628111,0.0127859725660261
2018-09-12T00:00:00Z,Fragment,L13,Maesopsis eminii,14,53,0,0,0,0,0,0,0,0,0,0,0,NA,Maesopsis eminii,Tree,Introduced,LC,0.34,0.34,L,Mammal_bird,Int,30,16.8704239677409,0.0223533117572567,0.0360418648635003
2018-09-12T00:00:00Z,Fragment,L13,Maesopsis eminii,10,26,18,0,0,0,0,0,0,0,0,0,0,NA,Maesopsis eminii,Tree,Introduced,LC,0.34,0.34,L,Mammal_bird,Int,30,10.0658424208974,0.00795774715459477,0.00947108629558267
2018-09-12T00:00:00Z,Fragment,L13,Melicope lunu-ankenda,11,41,0,0,0,0,0,0,0,0,0,0,0,NA,Melicope lunu-ankenda,Tree,Native,LC,0.411118888,0.411118888,S,Mammal,Secondary,10,13.0507053335354,0.0133769729668738,0.0207712164485512
2018-09-12T00:00:00Z,Fragment,L13,Erythrina sp.,4.5,38,0,0,0,0,0,0,0,0,0,0,0,NA,Erythrina sp.,Tree,Native,NA,NA,0.23,M,Gravity,Secondary,NA,12.095775674984,0.0114909868912348,0.00424615391686501
2018-09-12T00:00:00Z,Fragment,L13,Coffea canephora,5,10,11,11,12,17,19,17,16,11,0,0,0,NA,Coffea canephora,Tree,Introduced,EN,NA,0.55,S,Mammal,Int,6,13.512245295416,0.0143398603725798,0.0136798631113342
2018-09-12T00:00:00Z,Fragment,L13,Vateria indica,14.5,76,0,0,0,0,0,0,0,0,0,0,0,NA,Vateria indica,Tree,Endemic,VU,0.48,0.48,L,Gravity,Mature,60,24.1915513499681,0.0459639475649394,0.105538549408673
2018-09-12T00:00:00Z,Fragment,L13,Spathodea campanulata,15,143,44,0,0,0,0,0,0,0,0,0,0,NA,Spathodea campanulata,Tree,Introduced,LC,0.475,0.475,S,Wind,Int,15,47.6243078252454,0.178134170055604,0.405090940651381
2018-09-12T00:00:00Z,Fragment,L13,Maesopsis eminii,12,32,0,0,0,0,0,0,0,0,0,0,0,NA,Maesopsis eminii,Tree,Introduced,LC,0.34,0.34,L,Mammal_bird,Int,30,10.1859163578813,0.00814873308630504,0.0115806636343854
2018-09-12T00:00:00Z,Fragment,L13,Spathodea campanulata,16,156,0,0,0,0,0,0,0,0,0,0,0,NA,Spathodea campanulata,Tree,Introduced,LC,0.475,0.475,S,Wind,Int,15,49.6563422446713,0.193659734754218,0.468090312028734
2018-09-12T00:00:00Z,Fragment,L13,Maesopsis eminii,10,40,0,0,0,0,0,0,0,0,0,0,0,NA,Maesopsis eminii,Tree,Introduced,LC,0.34,0.34,L,Mammal_bird,Int,30,12.7323954473516,0.0127323954473516,0.0149837630563495
2018-09-14T00:00:00Z,Fragment,N11,Coffea canephora,5,21,18,16,0,0,0,0,0,0,0,0,0,NA,Coffea canephora,Tree,Introduced,EN,NA,0.55,S,Mammal,Int,6,10.1709846376261,0.00812485984484126,0.00785731571903336
2018-09-14T00:00:00Z,Fragment,N11,Maesopsis eminii,9.5,41,0,0,0,0,0,0,0,0,0,0,0,NA,Maesopsis eminii,Tree,Introduced,LC,0.34,0.34,L,Mammal_bird,Int,30,13.0507053335354,0.0133769729668738,0.0149558851270748
2018-09-14T00:00:00Z,Fragment,N11,Maesopsis eminii,7.5,31,20,0,0,0,0,0,0,0,0,0,0,NA,Maesopsis eminii,Tree,Introduced,LC,0.34,0.34,L,Mammal_bird,Int,30,11.7430034887682,0.0108304938774035,0.00966284730970192
2018-09-14T00:00:00Z,Fragment,N11,Litsea floribunda,6,54,16,0,0,0,0,0,0,0,0,0,0,NA,Litsea floribunda,Tree,Endemic,NT,0.56358678,0.56358678,S,Bird,Secondary,10,17.927375561233,0.0252419739743746,0.0290663776306284
2018-09-14T00:00:00Z,Fragment,N11,Vateria indica,20.5,123,0,0,0,0,0,0,0,0,0,0,0,NA,Vateria indica,Tree,Endemic,VU,0.48,0.48,L,Gravity,Mature,60,39.1521160006063,0.120392756701864,0.378734060669866
2018-09-14T00:00:00Z,Fragment,N11,Maesopsis eminii,8.5,36,28,0,0,0,0,0,0,0,0,0,0,NA,Maesopsis eminii,Tree,Introduced,LC,0.34,0.34,L,Mammal_bird,Int,30,14.5171643917145,0.0165521140815571,0.0165174301957821
2018-09-14T00:00:00Z,Fragment,N11,Antidesma menasu,10,100,0,0,0,0,0,0,0,0,0,0,0,NA,Antidesma montanum,Tree,Native,LC,NA,0.624,S,Mammal_bird,Mature,10,31.8309886183791,0.0795774715459477,0.162097579625776
2018-09-14T00:00:00Z,Fragment,N11,Maesopsis eminii,10,43,0,0,0,0,0,0,0,0,0,0,0,NA,Maesopsis eminii,Tree,Introduced,LC,0.34,0.34,L,Mammal_bird,Int,30,13.687325105903,0.0147138744888457,0.0172556061228813
2018-09-14T00:00:00Z,Fragment,N11,Melicope lunu-ankenda,9.5,42,0,0,0,0,0,0,0,0,0,0,0,NA,Melicope lunu-ankenda,Tree,Native,LC,0.411118888,0.411118888,S,Mammal,Secondary,10,13.3690152197192,0.0140374659807052,0.0188690239601426
2018-09-14T00:00:00Z,Fragment,M11,Drypetes malabarica,10.5,78,0,0,0,0,0,0,0,0,0,0,0,NA,Drypetes malabarica,Tree,Endemic,NA,NA,0.7175,S,Gravity,Mature,20,24.8281711223357,0.0484149336885546,0.119952131796782
2018-09-14T00:00:00Z,Fragment,M11,Holigarna nigra,19,133,0,0,0,0,0,0,0,0,0,0,0,NA,Holigarna nigra,Tree,Endemic,NA,NA,0.493977646,L,Mammal,Mature,35,42.3352148624442,0.140764589417627,0.421266194426263
2018-09-14T00:00:00Z,Fragment,M11,Macaranga peltata,9.5,51,0,0,0,0,0,0,0,0,0,0,0,NA,Macaranga peltata,Tree,Endemic,NA,0.466512198,0.466512198,S,Bird,Secondary,12,16.2338041953733,0.020698100349101,0.0311832865028227
2018-09-14T00:00:00Z,Fragment,M11,Maesopsis eminii,12,37,0,0,0,0,0,0,0,0,0,0,0,NA,Maesopsis eminii,Tree,Introduced,LC,0.34,0.34,L,Mammal_bird,Int,30,11.7774657888003,0.0108941558546402,0.0153748346995821
2018-09-14T00:00:00Z,Fragment,M11,Coffea canephora,5,10,10,11,16,19,17,15,10,18,13,0,0,NA,Coffea canephora,Tree,Introduced,EN,NA,0.55,S,Mammal,Int,6,14.3945066101128,0.0162735929311463,0.0154775335000462
2018-09-14T00:00:00Z,Fragment,M11,Epiprinus mallotiformis,15.5,90,0,0,0,0,0,0,0,0,0,0,0,NA,Epiprinus mallotiformis,Tree,Endemic,NA,NA,0.55,S,Gravity,Mature,12,28.6478897565412,0.0644577519522176,0.178943312065329
2018-09-14T00:00:00Z,Fragment,M11,Actinodaphne malabarica,8.5,23,32,0,0,0,0,0,0,0,0,0,0,NA,Actinodaphne wightiana,Tree,Endemic,LC,0.619460212,0.619460212,S,Bird,Secondary,12,12.5439945071955,0.0123583813310857,0.0223037391780756
2018-09-14T00:00:00Z,Fragment,M11,Maesopsis eminii,14.5,51,0,0,0,0,0,0,0,0,0,0,0,NA,Maesopsis eminii,Tree,Introduced,LC,0.34,0.34,L,Mammal_bird,Int,30,16.2338041953733,0.020698100349101,0.0345996692798326
2018-09-14T00:00:00Z,Fragment,M11,Actinodaphne malabarica,9.5,41,0,0,0,0,0,0,0,0,0,0,0,NA,Actinodaphne wightiana,Tree,Endemic,LC,0.619460212,0.619460212,S,Bird,Secondary,12,13.0507053335354,0.0133769729668738,0.0268592444963881
2018-09-14T00:00:00Z,Fragment,M11,Wrightia sp.,6.5,21,24,15,12,24,0,0,0,0,0,0,0,NA,Wrightia sp.,Tree,Native,NA,NA,0.535161577,S,Wind,Secondary,NA,14.0993674434801,0.0156130999173149,0.018696285029157
2018-09-14T00:00:00Z,Fragment,M11,Actinodaphne malabarica,9,33,0,0,0,0,0,0,0,0,0,0,0,NA,Actinodaphne wightiana,Tree,Endemic,LC,0.619460212,0.619460212,S,Bird,Secondary,12,10.5042262440651,0.0086659866513537,0.0166786680571628
2018-09-14T00:00:00Z,Fragment,M11,Macaranga indica,17,81,0,0,0,0,0,0,0,0,0,0,0,NA,Macaranga indica,Tree,Native,LC,NA,0.33,S,Bird,Secondary,16,25.783100780887,0.0522107790812963,0.0968337788427375
2018-09-14T00:00:00Z,Fragment,M11,Epiprinus mallotiformis,10,83,0,0,0,0,0,0,0,0,0,0,0,NA,Epiprinus mallotiformis,Tree,Endemic,NA,NA,0.55,S,Gravity,Mature,12,26.4197205532546,0.0548209201480034,0.0996118009151823
2018-09-14T00:00:00Z,Fragment,M11,Actinodaphne malabarica,9,37,0,0,0,0,0,0,0,0,0,0,0,NA,Actinodaphne wightiana,Tree,Endemic,LC,0.619460212,0.619460212,S,Bird,Secondary,12,11.7774657888003,0.0108941558546402,0.0208522018409808
2018-09-14T00:00:00Z,Fragment,M11,Coffea canephora,6,17,27,0,0,0,0,0,0,0,0,0,0,NA,Coffea canephora,Tree,Introduced,EN,NA,0.55,S,Mammal,Int,6,10.1560309643039,0.00810098660337747,0.00936068880276981
2018-09-14T00:00:00Z,Fragment,M11,Actinodaphne malabarica,9,32,0,0,0,0,0,0,0,0,0,0,0,NA,Actinodaphne wightiana,Tree,Endemic,LC,0.619460212,0.619460212,S,Bird,Secondary,12,10.1859163578813,0.00814873308630504,0.0157063370289942
2018-09-14T00:00:00Z,Fragment,M11,Coffea canephora,7,17,15,15,14,0,0,0,0,0,0,0,0,NA,Coffea canephora,Tree,Introduced,EN,NA,0.55,S,Mammal,Int,6,9.73320639386558,0.00744049358954611,0.0100137829752485
2018-09-14T00:00:00Z,Fragment,M11,Coffea canephora,5,23,22,15,10,0,0,0,0,0,0,0,0,NA,Coffea canephora,Tree,Introduced,EN,NA,0.55,S,Mammal,Int,6,11.6433562048684,0.0106474656928478,0.0102302499931431
2018-09-14T00:00:00Z,Fragment,M11,Maesopsis eminii,8,37,0,0,0,0,0,0,0,0,0,0,0,NA,Maesopsis eminii,Tree,Introduced,LC,0.34,0.34,L,Mammal_bird,Int,30,11.7774657888003,0.0108941558546402,0.0103501200313346
2018-09-14T00:00:00Z,Fragment,M11,Turpinia malabarica,6,21,26,0,0,0,0,0,0,0,0,0,0,NA,Turpinia malabarica,Tree,Endemic,NA,NA,0.453,S,Mammal,Mature,12,10.638409755621,0.00888880357168235,0.00848015388330636
2018-09-14T00:00:00Z,Fragment,M11,Drypetes malabarica,16.5,134,0,0,0,0,0,0,0,0,0,0,0,NA,Drypetes malabarica,Tree,Endemic,NA,NA,0.7175,S,Gravity,Mature,20,42.653524748628,0.142889307907904,0.536205724653815
2018-09-14T00:00:00Z,Fragment,M11,Maesopsis eminii,9,38,0,0,0,0,0,0,0,0,0,0,0,NA,Maesopsis eminii,Tree,Introduced,LC,0.34,0.34,L,Mammal_bird,Int,30,12.095775674984,0.0114909868912348,0.0122314533562182
2018-09-14T00:00:00Z,Fragment,M11,Maesopsis eminii,7,32,0,0,0,0,0,0,0,0,0,0,0,NA,Maesopsis eminii,Tree,Introduced,LC,0.34,0.34,L,Mammal_bird,Int,30,10.1859163578813,0.00814873308630504,0.00684334190183393
2018-09-14T00:00:00Z,Fragment,L11,Myristica dactyloides,25,128,0,0,0,0,0,0,0,0,0,0,0,NA,Myristica beddomei,Tree,Endemic,EN,0.575521845,0.575521845,L,Bird,Mature,20,40.7436654315252,0.130379729380881,0.593143819019034
2018-09-14T00:00:00Z,Fragment,L11,Macaranga peltata,14.5,82,0,0,0,0,0,0,0,0,0,0,0,NA,Macaranga peltata,Tree,Endemic,NA,0.466512198,0.466512198,S,Bird,Secondary,12,26.1014106670708,0.0535078918674952,0.119054680104653
2018-09-14T00:00:00Z,Fragment,L11,Macaranga indica,13.5,66,0,0,0,0,0,0,0,0,0,0,0,NA,Macaranga indica,Tree,Native,LC,NA,0.33,S,Bird,Secondary,16,21.0084524881302,0.0346639466054148,0.0518443574421561
2018-09-14T00:00:00Z,Fragment,L11,Actinodaphne malabarica,14.5,49,0,0,0,0,0,0,0,0,0,0,0,NA,Actinodaphne wightiana,Tree,Endemic,LC,0.619460212,0.619460212,S,Bird,Secondary,12,15.5971844230057,0.019106550918182,0.0574697600531357
2018-09-14T00:00:00Z,Fragment,L11,Garcinia gummi-gutta,17.5,159,0,0,0,0,0,0,0,0,0,0,0,NA,Garcinia gummi-gutta,Tree,Endemic,LC,0.690402909,0.690402909,L,Mammal,Mature,12,50.6112719032227,0.20117980581531,0.763788020988581
2018-09-14T00:00:00Z,Fragment,L11,Maesopsis eminii,12,39,0,0,0,0,0,0,0,0,0,0,0,NA,Maesopsis eminii,Tree,Introduced,LC,0.34,0.34,L,Mammal_bird,Int,30,12.4140855611678,0.0121037334221386,0.0170387920559248
2018-09-14T00:00:00Z,Fragment,L11,Wrightia sp.,9,37,61,0,0,0,0,0,0,0,0,0,0,NA,Wrightia sp.,Tree,Native,NA,NA,0.535161577,S,Wind,Secondary,NA,22.7095756177763,0.0405049330168874,0.0651290737929472
2018-09-14T00:00:00Z,Fragment,L11,Vateria indica,26.5,221,0,0,0,0,0,0,0,0,0,0,0,NA,Vateria indica,Tree,Endemic,VU,0.48,0.48,L,Gravity,Mature,60,70.3464848466177,0.388664328777563,1.52724780468256
2018-09-14T00:00:00Z,Fragment,L11,Macaranga peltata,12.5,45,0,0,0,0,0,0,0,0,0,0,0,NA,Macaranga peltata,Tree,Endemic,NA,0.466512198,0.466512198,S,Bird,Secondary,12,14.3239448782706,0.0161144379880544,0.0319257906870342
2018-09-14T00:00:00Z,Fragment,L11,Maesopsis eminii,9,26,16,0,0,0,0,0,0,0,0,0,0,NA,Maesopsis eminii,Tree,Introduced,LC,0.34,0.34,L,Mammal_bird,Int,30,9.71757907889917,0.00741662034808232,0.00797793352633279
2018-09-14T00:00:00Z,Fragment,L11,Maesopsis eminii,15,57,0,0,0,0,0,0,0,0,0,0,0,NA,Maesopsis eminii,Tree,Introduced,LC,0.34,0.34,L,Mammal_bird,Int,30,18.1436635124761,0.0258547205052784,0.0444357567616811
2018-09-14T00:00:00Z,Fragment,L11,Maesopsis eminii,7,24,18,0,0,0,0,0,0,0,0,0,0,NA,Maesopsis eminii,Tree,Introduced,LC,0.34,0.34,L,Mammal_bird,Int,30,9.54929658551372,0.00716197243913529,0.00603331735462817
2018-09-14T00:00:00Z,Fragment,L11,Maesopsis eminii,15.5,72,0,0,0,0,0,0,0,0,0,0,0,NA,Maesopsis eminii,Tree,Introduced,LC,0.34,0.34,L,Mammal_bird,Int,30,22.9183118052329,0.0412529612494193,0.072389664551219
2018-09-14T00:00:00Z,Fragment,L11,Toona ciliata,16,97,0,0,0,0,0,0,0,0,0,0,0,NA,Toona ciliata,Tree,Native,LC,0.496,0.496,S,Wind,Secondary,28,30.8760589598277,0.0748744429775822,0.193137237502664
2018-09-14T00:00:00Z,Fragment,L11,Maesopsis eminii,15,64,0,0,0,0,0,0,0,0,0,0,0,NA,Maesopsis eminii,Tree,Introduced,LC,0.34,0.34,L,Mammal_bird,Int,30,20.3718327157626,0.0325949323452202,0.055709360323324
2018-09-14T00:00:00Z,Fragment,L11,Macaranga indica,11.5,59,0,0,0,0,0,0,0,0,0,0,0,NA,Macaranga indica,Tree,Native,LC,NA,0.33,S,Bird,Secondary,16,18.7802832848437,0.0277009178451444,0.0356196948747654
2018-09-14T00:00:00Z,Fragment,L11,Maesopsis eminii,10,39,0,0,0,0,0,0,0,0,0,0,0,NA,Maesopsis eminii,Tree,Introduced,LC,0.34,0.34,L,Mammal_bird,Int,30,12.4140855611678,0.0121037334221386,0.0142612602936641
2018-09-14T00:00:00Z,Fragment,J11,Litsea coriacea,10,21,34,24,50,0,0,0,0,0,0,0,0,NA,Litsea coriacea,Tree,Endemic,NT,NA,0.42,S,Mammal_bird,Mature,12,21.7594552128642,0.0371865524534213,0.0524195345478613
2018-09-14T00:00:00Z,Fragment,J11,Macaranga peltata,16.5,123,0,0,0,0,0,0,0,0,0,0,0,NA,Macaranga peltata,Tree,Endemic,NA,0.466512198,0.466512198,S,Bird,Secondary,12,39.1521160006063,0.120392756701864,0.298020246420121
2018-09-14T00:00:00Z,Fragment,J11,Spathodea campanulata,8,31,0,0,0,0,0,0,0,0,0,0,0,NA,Spathodea campanulata,Tree,Introduced,LC,0.475,0.475,S,Wind,Int,15,9.86760647169751,0.00764739501556557,0.0101550762182923
2018-09-14T00:00:00Z,Fragment,J11,Actinodaphne malabarica,8.5,28,11,11,28,35,12,0,0,0,0,0,0,NA,Actinodaphne wightiana,Tree,Endemic,LC,0.619460212,0.619460212,S,Bird,Secondary,12,17.9471458120502,0.0252976782044568,0.0448776277866024
2018-09-14T00:00:00Z,Fragment,J11,Erythrina sp.,6,57,0,0,0,0,0,0,0,0,0,0,0,NA,Erythrina sp.,Tree,Native,NA,NA,0.23,M,Gravity,Secondary,NA,18.1436635124761,0.0258547205052784,0.0124069798604013
2018-09-14T00:00:00Z,Fragment,J11,Actinodaphne malabarica,8,28,22,0,0,0,0,0,0,0,0,0,0,NA,Actinodaphne wightiana,Tree,Endemic,LC,0.619460212,0.619460212,S,Bird,Secondary,12,11.3346927994756,0.0100904233920262,0.0172481167918051
2018-09-14T00:00:00Z,Fragment,J11,Spathodea campanulata,5,32,0,0,0,0,0,0,0,0,0,0,0,NA,Spathodea campanulata,Tree,Introduced,LC,0.475,0.475,S,Wind,Int,15,10.1859163578813,0.00814873308630504,0.0068293098215865
2018-09-14T00:00:00Z,Fragment,J11,Spathodea campanulata,7.5,55,47,0,0,0,0,0,0,0,0,0,0,NA,Spathodea campanulata,Tree,Introduced,LC,0.475,0.475,S,Wind,Int,15,23.0285708454519,0.041650848607149,0.0498621310476547
2018-09-14T00:00:00Z,Fragment,J11,Maesopsis eminii,9,39,0,0,0,0,0,0,0,0,0,0,0,NA,Maesopsis eminii,Tree,Introduced,LC,0.34,0.34,L,Mammal_bird,Int,30,12.4140855611678,0.0121037334221386,0.0128676309261137
2018-09-14T00:00:00Z,Fragment,J11,Maesopsis eminii,14.5,58,67,27,0,0,0,0,0,0,0,0,0,NA,Maesopsis eminii,Tree,Introduced,LC,0.34,0.34,L,Mammal_bird,Int,30,29.487936482883,0.0682933860807323,0.110937238194717
2018-09-14T00:00:00Z,Fragment,J11,Coffea canephora,5,13,11,10,15,17,17,0,0,0,0,0,0,NA,Coffea canephora,Tree,Introduced,EN,NA,0.55,S,Mammal,Int,6,10.994370017664,0.00949359235543155,0.00914673617966452
2018-09-14T00:00:00Z,Fragment,J11,Erythrina sp.,7.5,36,0,0,0,0,0,0,0,0,0,0,0,NA,Erythrina sp.,Tree,Native,NA,NA,0.23,M,Gravity,Secondary,NA,11.4591559026165,0.0103132403123548,0.0062904977765696
2018-09-14T00:00:00Z,Fragment,J11,Maesopsis eminii,9,33,28,0,0,0,0,0,0,0,0,0,0,NA,Maesopsis eminii,Tree,Introduced,LC,0.34,0.34,L,Mammal_bird,Int,30,13.7758693722791,0.014904860420556,0.0157665747307017
2018-09-14T00:00:00Z,Fragment,J11,Maesopsis eminii,9,35,0,0,0,0,0,0,0,0,0,0,0,NA,Maesopsis eminii,Tree,Introduced,LC,0.34,0.34,L,Mammal_bird,Int,30,11.1408460164327,0.00974824026437859,0.010417447140765
2018-09-14T00:00:00Z,Fragment,J11,Actinodaphne malabarica,9.5,40,0,0,0,0,0,0,0,0,0,0,0,NA,Actinodaphne wightiana,Tree,Endemic,LC,0.619460212,0.619460212,S,Bird,Secondary,12,12.7323954473516,0.0127323954473516,0.0255953343638026
2018-09-14T00:00:00Z,Fragment,J11,Erythrina sp.,8,39,0,0,0,0,0,0,0,0,0,0,0,NA,Erythrina sp.,Tree,Native,NA,NA,0.23,M,Gravity,Secondary,NA,12.4140855611678,0.0121037334221386,0.00783243282497193
2018-09-14T00:00:00Z,Fragment,J11,Actinodaphne malabarica,9.5,42,0,0,0,0,0,0,0,0,0,0,0,NA,Actinodaphne wightiana,Tree,Endemic,LC,0.619460212,0.619460212,S,Bird,Secondary,12,13.3690152197192,0.0140374659807052,0.028152846934726
2018-09-14T00:00:00Z,Fragment,J11,Maesopsis eminii,10,31,0,0,0,0,0,0,0,0,0,0,0,NA,Maesopsis eminii,Tree,Introduced,LC,0.34,0.34,L,Mammal_bird,Int,30,9.86760647169751,0.00764739501556557,0.00911040785798843
2018-09-14T00:00:00Z,Fragment,J11,Maesopsis eminii,13.5,62,45,0,0,0,0,0,0,0,0,0,0,NA,Maesopsis eminii,Tree,Introduced,LC,0.34,0.34,L,Mammal_bird,Int,30,24.385529044843,0.0467040180503167,0.0714042599900652
2018-10-15T00:00:00Z,Fragment,B02,Cryptocarya anamalayana,10,82,0,0,0,0,0,0,0,0,0,0,0,NA,Cryptocarya anamalayana,Tree,Endemic,EN,NA,0.515,M,Bird,Mature,8,26.1014106670708,0.0535078918674952,0.0912357120926141
2018-10-15T00:00:00Z,Fragment,B02,Maesopsis eminii,16,73,0,0,0,0,0,0,0,0,0,0,0,NA,Maesopsis eminii,Tree,Introduced,LC,0.34,0.34,L,Mammal_bird,Int,30,23.2366216914167,0.0424068345868355,0.0767056085372688
2018-10-15T00:00:00Z,Fragment,B02,Turpinia malabarica,11,36,0,0,0,0,0,0,0,0,0,0,0,NA,Turpinia malabarica,Tree,Endemic,NA,NA,0.453,S,Mammal,Mature,12,11.4591559026165,0.0103132403123548,0.0177145432103974
2018-10-15T00:00:00Z,Fragment,B02,Vernonia arborea,10,30,16,10,17,0,0,0,0,0,0,0,0,NA,Strobocalyx arborea,Tree,Native,LC,0.33,0.33,S,Wind,Secondary,15,12.5116437260422,0.0122947193538489,0.0140650142378329
2018-10-15T00:00:00Z,Fragment,B02,Maesopsis eminii,15.5,62,42,24,0,0,0,0,0,0,0,0,0,NA,Maesopsis eminii,Tree,Introduced,LC,0.34,0.34,L,Mammal_bird,Int,30,25.0313842934069,0.049210708404014,0.0859889299249569
2018-10-15T00:00:00Z,Fragment,B02,Maesopsis eminii,11,37,30,0,0,0,0,0,0,0,0,0,0,NA,Maesopsis eminii,Tree,Introduced,LC,0.34,0.34,L,Mammal_bird,Int,30,15.1623799478995,0.0180561282937755,0.0231256273137078
2018-10-15T00:00:00Z,Fragment,B02,Maesopsis eminii,17,80,0,0,0,0,0,0,0,0,0,0,0,NA,Maesopsis eminii,Tree,Introduced,LC,0.34,0.34,L,Mammal_bird,Int,30,25.4647908947033,0.0509295817894065,0.0973082350619009
2018-10-15T00:00:00Z,Fragment,B02,Mangifera indica,14,110,0,0,0,0,0,0,0,0,0,0,0,NA,Mangifera indica,Tree,Native,DD,0.543,0.543,L,Mammal,Mature,35,35.014087480217,0.0962887405705967,0.236733919502801
2018-10-15T00:00:00Z,Fragment,B02,Maesopsis eminii,15,88,46,0,0,0,0,0,0,0,0,0,0,NA,Maesopsis eminii,Tree,Introduced,LC,0.34,0.34,L,Mammal_bird,Int,30,31.6073863315753,0.0784633869443044,0.131307257747008
2018-10-15T00:00:00Z,Fragment,B02,Maesopsis eminii,14,65,61,0,0,0,0,0,0,0,0,0,0,NA,Maesopsis eminii,Tree,Introduced,LC,0.34,0.34,L,Mammal_bird,Int,30,28.3742510953508,0.06323225889041,0.0994410615393076
2018-10-15T00:00:00Z,Fragment,B02,Xanthophyllum flavescens,6.5,47,0,0,0,0,0,0,0,0,0,0,0,NA,Xanthophyllum flavescens,Tree,Endemic,NA,0.682,0.682,M,Mammal,Secondary,8,14.9605646506382,0.0175786634644998,0.0265942884597842
2018-10-15T00:00:00Z,Fragment,B02,Maesopsis eminii,15.5,81,0,0,0,0,0,0,0,0,0,0,0,NA,Maesopsis eminii,Tree,Introduced,LC,0.34,0.34,L,Mammal_bird,Int,30,25.783100780887,0.0522107790812963,0.0911016594671299
2018-10-15T00:00:00Z,Fragment,C02,Elaeocarpus tuberculatus,7,30,0,0,0,0,0,0,0,0,0,0,0,NA,Elaeocarpus tuberculatus,Tree,Native,NA,0.45065475,0.45065475,L,Mammal,Mature,40,9.54929658551372,0.00716197243913529,0.00794299785084911
2018-10-15T00:00:00Z,Fragment,C02,Spathodea campanulata,18,124,0,0,0,0,0,0,0,0,0,0,0,NA,Spathodea campanulata,Tree,Introduced,LC,0.475,0.475,S,Wind,Int,15,39.47042588679,0.122358320249049,0.335455122502345
2018-10-15T00:00:00Z,Fragment,C02,Spathodea campanulata,20,155,0,0,0,0,0,0,0,0,0,0,0,NA,Spathodea campanulata,Tree,Introduced,LC,0.475,0.475,S,Wind,Int,15,49.3380323584876,0.191184875389139,0.574727640496291
2018-10-15T00:00:00Z,Fragment,C02,Spathodea campanulata,13,67,0,0,0,0,0,0,0,0,0,0,0,NA,Spathodea campanulata,Tree,Introduced,LC,0.475,0.475,S,Wind,Int,15,21.326762374314,0.0357223269769759,0.0734236652566996
2018-10-15T00:00:00Z,Fragment,C02,Spathodea campanulata,10,44,31,0,0,0,0,0,0,0,0,0,0,NA,Spathodea campanulata,Tree,Introduced,LC,0.475,0.475,S,Wind,Int,15,17.1326433749101,0.023053593506861,0.0370673095602311
2018-10-15T00:00:00Z,Fragment,C02,Elaeocarpus tuberculatus,15,101,0,0,0,0,0,0,0,0,0,0,0,NA,Elaeocarpus tuberculatus,Tree,Native,NA,0.45065475,0.45065475,L,Mammal,Mature,40,32.1492985045629,0.0811769787240212,0.178701607517604
2018-10-15T00:00:00Z,Fragment,C02,Spathodea campanulata,13,49,0,0,0,0,0,0,0,0,0,0,0,NA,Spathodea campanulata,Tree,Introduced,LC,0.475,0.475,S,Wind,Int,15,15.5971844230057,0.019106550918182,0.0398658284632522
2018-10-15T00:00:00Z,Fragment,C02,Macaranga indica,16.5,95,0,0,0,0,0,0,0,0,0,0,0,NA,Macaranga indica,Tree,Native,LC,NA,0.33,S,Bird,Secondary,16,30.2394391874601,0.0718186680702178,0.128388694568628
2018-10-15T00:00:00Z,Fragment,C02,Spathodea campanulata,17,86,0,0,0,0,0,0,0,0,0,0,0,NA,Spathodea campanulata,Tree,Introduced,LC,0.475,0.475,S,Wind,Int,15,27.374650211806,0.0588554979553829,0.155306079895781
2018-10-15T00:00:00Z,Fragment,C02,Spathodea campanulata,7,51,0,0,0,0,0,0,0,0,0,0,0,NA,Spathodea campanulata,Tree,Introduced,LC,0.475,0.475,S,Wind,Int,15,16.2338041953733,0.020698100349101,0.0235571097054195
2018-10-15T00:00:00Z,Fragment,C02,Spathodea campanulata,16,39,57,21,23,18,0,0,0,0,0,0,0,NA,Spathodea campanulata,Tree,Introduced,LC,0.475,0.475,S,Wind,Int,15,24.7873285693948,0.0482557787454627,0.120593363605984
2018-10-15T00:00:00Z,Fragment,C02,Spathodea campanulata,17,94,48,31,0,0,0,0,0,0,0,0,0,NA,Spathodea campanulata,Tree,Introduced,LC,0.475,0.475,S,Wind,Int,15,35.0155343134434,0.0962966983177513,0.251119843245871
2018-10-15T00:00:00Z,Fragment,C02,Bombax ceiba,18.5,76,0,0,0,0,0,0,0,0,0,0,0,NA,Bombax ceiba,Tree,Native,LC,0.3,0.3,S,Wind,Secondary,40,24.1915513499681,0.0459639475649394,0.0846163824582283
2018-10-15T00:00:00Z,Fragment,C02,Macaranga indica,13,37,0,0,0,0,0,0,0,0,0,0,0,NA,Macaranga indica,Tree,Native,LC,NA,0.33,S,Bird,Secondary,16,11.7774657888003,0.0108941558546402,0.0161467251665754
2018-10-15T00:00:00Z,Fragment,C02,Vateria indica,20.5,500,0,0,0,0,0,0,0,0,0,0,0,NA,Vateria indica,Tree,Endemic,VU,0.48,0.48,L,Gravity,Mature,60,159.154943091895,1.98943678864869,5.85098567994654
2018-10-15T00:00:00Z,Fragment,C02,Xanthophyllum flavescens,7,60,0,0,0,0,0,0,0,0,0,0,0,NA,Xanthophyllum flavescens,Tree,Endemic,NA,0.682,0.682,M,Mammal,Secondary,8,19.0985931710274,0.0286478897565412,0.046048644225775
2018-10-15T00:00:00Z,Fragment,C02,Maesopsis eminii,20,113,0,0,0,0,0,0,0,0,0,0,0,NA,Maesopsis eminii,Tree,Introduced,LC,0.34,0.34,L,Mammal_bird,Int,30,35.9690171387683,0.101612473417021,0.22377635274
2018-10-15T00:00:00Z,Fragment,C02,Meliosma simplicifolia,15,90,47,30,18,30,31,20,13,32,10,0,0,NA,Meliosma simplicifolia,Tree,Native,NA,0.455,0.455,S,Bird,Mature,15,39.0977326402945,0.120058531321371,0.264287719567696
2018-10-15T00:00:00Z,Fragment,C02,Spathodea campanulata,15,115,0,0,0,0,0,0,0,0,0,0,0,NA,Spathodea campanulata,Tree,Introduced,LC,0.475,0.475,S,Wind,Int,15,36.6056369111359,0.105241206119516,0.242368729825733
2018-10-15T00:00:00Z,Fragment,C02,Maesopsis eminii,15,46,0,0,0,0,0,0,0,0,0,0,0,NA,Maesopsis eminii,Tree,Introduced,LC,0.34,0.34,L,Mammal_bird,Int,30,14.6422547644544,0.0168385929791225,0.0292393793599367
2018-10-15T00:00:00Z,Fragment,C02,Maesopsis eminii,17.5,76,0,0,0,0,0,0,0,0,0,0,0,NA,Maesopsis eminii,Tree,Introduced,LC,0.34,0.34,L,Mammal_bird,Int,30,24.1915513499681,0.0459639475649394,0.0905634714382348
2018-10-15T00:00:00Z,Fragment,C02,Spathodea campanulata,12,45,0,0,0,0,0,0,0,0,0,0,0,NA,Spathodea campanulata,Tree,Introduced,LC,0.475,0.475,S,Wind,Int,15,14.3239448782706,0.0161144379880544,0.0312234621091025
2018-10-15T00:00:00Z,Fragment,E02,Bombax ceiba,11,55,0,0,0,0,0,0,0,0,0,0,0,NA,Bombax ceiba,Tree,Native,LC,0.3,0.3,S,Wind,Secondary,40,17.5070437401085,0.0240721851426492,0.027097794559761
2018-10-15T00:00:00Z,Fragment,E02,Maesopsis eminii,20.5,92,0,0,0,0,0,0,0,0,0,0,0,NA,Maesopsis eminii,Tree,Introduced,LC,0.34,0.34,L,Mammal_bird,Int,30,29.2845095289087,0.0673543719164901,0.153456539706393
2018-10-15T00:00:00Z,Fragment,E02,Bombax ceiba,9.5,42,0,0,0,0,0,0,0,0,0,0,0,NA,Bombax ceiba,Tree,Native,LC,0.3,0.3,S,Wind,Secondary,40,13.3690152197192,0.0140374659807052,0.0138735488880687
2018-10-15T00:00:00Z,Fragment,E02,Litsea coriacea,10.5,70,13,0,0,0,0,0,0,0,0,0,0,NA,Litsea coriacea,Tree,Endemic,NT,NA,0.42,S,Mammal_bird,Mature,12,22.6626803331603,0.0403378203266409,0.0595185839734534
2018-10-15T00:00:00Z,Fragment,E02,Actinodaphne malabarica,10,41,0,0,0,0,0,0,0,0,0,0,0,NA,Actinodaphne wightiana,Tree,Endemic,LC,0.619460212,0.619460212,S,Bird,Secondary,12,13.0507053335354,0.0133769729668738,0.028238105327176
2018-10-15T00:00:00Z,Fragment,E02,Macaranga indica,12,67,0,0,0,0,0,0,0,0,0,0,0,NA,Macaranga indica,Tree,Native,LC,NA,0.33,S,Bird,Secondary,16,21.326762374314,0.0357223269769759,0.0475910061960427
2018-10-15T00:00:00Z,Fragment,E02,Vateria indica,22,137,0,0,0,0,0,0,0,0,0,0,0,NA,Vateria indica,Tree,Endemic,VU,0.48,0.48,L,Gravity,Mature,60,43.6084544071793,0.149358956344589,0.500784527142893
2018-10-15T00:00:00Z,Fragment,E02,Vernonia arborea,14,47,0,0,0,0,0,0,0,0,0,0,0,NA,Strobocalyx arborea,Tree,Native,LC,0.33,0.33,S,Wind,Secondary,15,14.9605646506382,0.0175786634644998,0.0276886612136398
2018-10-15T00:00:00Z,Fragment,E02,Actinodaphne malabarica,12,55,39,0,0,0,0,0,0,0,0,0,0,NA,Actinodaphne wightiana,Tree,Endemic,LC,0.619460212,0.619460212,S,Bird,Secondary,12,21.4617357368426,0.0361759185647878,0.0890858414968889
2018-10-15T00:00:00Z,Fragment,E02,Macaranga indica,14,50,0,0,0,0,0,0,0,0,0,0,0,NA,Macaranga indica,Tree,Native,LC,NA,0.33,S,Bird,Secondary,16,15.9154943091895,0.0198943678864869,0.0312432631886713
2018-10-15T00:00:00Z,Fragment,E02,Spathodea campanulata,8,36,0,0,0,0,0,0,0,0,0,0,0,NA,Spathodea campanulata,Tree,Introduced,LC,0.475,0.475,S,Wind,Int,15,11.4591559026165,0.0103132403123548,0.0135971422938394
2018-10-15T00:00:00Z,Fragment,E02,Actinodaphne malabarica,9,42,0,0,0,0,0,0,0,0,0,0,0,NA,Actinodaphne wightiana,Tree,Endemic,LC,0.619460212,0.619460212,S,Bird,Secondary,12,13.3690152197192,0.0140374659807052,0.026705749410737
2018-10-15T00:00:00Z,Fragment,E02,Actinodaphne malabarica,10,37,0,0,0,0,0,0,0,0,0,0,0,NA,Actinodaphne wightiana,Tree,Endemic,LC,0.619460212,0.619460212,S,Bird,Secondary,12,11.7774657888003,0.0108941558546402,0.0231106005338361
2018-10-15T00:00:00Z,Fragment,E02,Bombax ceiba,17,86,82,0,0,0,0,0,0,0,0,0,0,NA,Bombax ceiba,Tree,Native,LC,0.3,0.3,S,Wind,Secondary,40,37.8240018114135,0.112363389822878,0.186424731611853
2018-10-15T00:00:00Z,Fragment,E02,Actinodaphne malabarica,10,38,0,0,0,0,0,0,0,0,0,0,0,NA,Actinodaphne wightiana,Tree,Endemic,LC,0.619460212,0.619460212,S,Bird,Secondary,12,12.095775674984,0.0114909868912348,0.0243455194914428
2018-10-15T00:00:00Z,Fragment,E02,Actinodaphne malabarica,12,64,0,0,0,0,0,0,0,0,0,0,0,NA,Actinodaphne wightiana,Tree,Endemic,LC,0.619460212,0.619460212,S,Bird,Secondary,12,20.3718327157626,0.0325949323452202,0.0804684564669884
2018-10-15T00:00:00Z,Fragment,E02,Melicope lunu-ankenda,13,76,15,0,0,0,0,0,0,0,0,0,0,NA,Melicope lunu-ankenda,Tree,Native,LC,0.411118888,0.411118888,S,Mammal,Secondary,10,24.6582323583356,0.0477544406747232,0.0846571324828297
2018-10-15T00:00:00Z,Fragment,E02,Macaranga indica,13,69,0,0,0,0,0,0,0,0,0,0,0,NA,Macaranga indica,Tree,Native,LC,NA,0.33,S,Bird,Secondary,16,21.9633821466816,0.0378868342030257,0.0544989472263927
2018-10-15T00:00:00Z,Fragment,E02,Macaranga indica,13,44,0,0,0,0,0,0,0,0,0,0,0,NA,Macaranga indica,Tree,Native,LC,NA,0.33,S,Bird,Secondary,16,14.0056349920868,0.0154061984912955,0.0226451036228993
2018-10-15T00:00:00Z,Fragment,E02,Maesopsis eminii,12.5,45,39,0,0,0,0,0,0,0,0,0,0,NA,Maesopsis eminii,Tree,Introduced,LC,0.34,0.34,L,Mammal_bird,Int,30,18.954812507533,0.028218171410193,0.0405068962953116
2018-10-15T00:00:00Z,Fragment,E02,Syzygium densiflorum,21,206,0,0,0,0,0,0,0,0,0,0,0,NA,Syzygium densiflorum,Tree,Endemic,VU,NA,0.68,M,Mammal_bird,Mature,15,65.5718365538609,0.337694958252383,1.49059587579531
2018-10-15T00:00:00Z,Fragment,E02,Spathodea campanulata,11.5,76,71,0,0,0,0,0,0,0,0,0,0,NA,Spathodea campanulata,Tree,Introduced,LC,0.475,0.475,S,Wind,Int,15,33.1057584637351,0.0860789509712516,0.153694629243871
2018-10-15T00:00:00Z,Fragment,F02,Alstonia scholaris,10,66,0,0,0,0,0,0,0,0,0,0,0,NA,Alstonia scholaris,Tree,Native,LC,0.415,0.415,S,Wind,Secondary,30,21.0084524881302,0.0346639466054148,0.0483772386300235
2018-10-15T00:00:00Z,Fragment,F02,Macaranga indica,16.5,92,0,0,0,0,0,0,0,0,0,0,0,NA,Macaranga indica,Tree,Native,LC,NA,0.33,S,Bird,Secondary,16,29.2845095289087,0.0673543719164901,0.120593567916358
2018-10-15T00:00:00Z,Fragment,F02,Vateria indica,22.5,172,0,0,0,0,0,0,0,0,0,0,0,NA,Vateria indica,Tree,Endemic,VU,0.48,0.48,L,Gravity,Mature,60,54.749300423612,0.235421991821532,0.798085617554673
2018-10-15T00:00:00Z,Fragment,F02,Macaranga indica,17.5,44,0,0,0,0,0,0,0,0,0,0,0,NA,Macaranga indica,Tree,Native,LC,NA,0.33,S,Bird,Secondary,16,14.0056349920868,0.0154061984912955,0.030267094729219
2018-10-15T00:00:00Z,Fragment,F02,Macaranga indica,18.5,49,65,0,0,0,0,0,0,0,0,0,0,NA,Macaranga indica,Tree,Native,LC,NA,0.33,S,Bird,Secondary,16,25.9105029440598,0.0527280326463449,0.106181041302738
2018-10-15T00:00:00Z,Fragment,F02,Macaranga indica,18,62,0,0,0,0,0,0,0,0,0,0,0,NA,Macaranga indica,Tree,Native,LC,NA,0.33,S,Bird,Secondary,16,19.735212943395,0.0305895800622623,0.0607631834375052
2018-10-15T00:00:00Z,Fragment,F02,Macaranga indica,18,65,0,0,0,0,0,0,0,0,0,0,0,NA,Macaranga indica,Tree,Native,LC,NA,0.33,S,Bird,Secondary,16,20.6901426019464,0.0336214817281629,0.0666344493433386
2018-10-15T00:00:00Z,Fragment,F02,Maesopsis eminii,12,43,31,0,0,0,0,0,0,0,0,0,0,NA,Maesopsis eminii,Tree,Introduced,LC,0.34,0.34,L,Mammal_bird,Int,30,16.8734266239839,0.0223612695044113,0.0310183047161633
2018-10-15T00:00:00Z,Fragment,F02,Macaranga indica,13,63,0,0,0,0,0,0,0,0,0,0,0,NA,Macaranga indica,Tree,Native,LC,NA,0.33,S,Bird,Secondary,16,20.0535228295788,0.0315842984565866,0.0456317831885679
2018-10-15T00:00:00Z,Fragment,F02,Macaranga indica,15,44,0,0,0,0,0,0,0,0,0,0,0,NA,Macaranga indica,Tree,Native,LC,NA,0.33,S,Bird,Secondary,16,14.0056349920868,0.0154061984912955,0.0260393817923032
2018-10-15T00:00:00Z,Fragment,F02,Maesopsis eminii,13,34,0,0,0,0,0,0,0,0,0,0,0,NA,Maesopsis eminii,Tree,Introduced,LC,0.34,0.34,L,Mammal_bird,Int,30,10.8225361302489,0.00919915571071155,0.0140946842625776
2018-10-15T00:00:00Z,Fragment,F02,Macaranga indica,17,92,0,0,0,0,0,0,0,0,0,0,0,NA,Macaranga indica,Tree,Native,LC,NA,0.33,S,Bird,Secondary,16,29.2845095289087,0.0673543719164901,0.12415893029706
2018-10-15T00:00:00Z,Fragment,C01,Lagerstroemia microcarpa,16,120,0,0,0,0,0,0,0,0,0,0,0,NA,Lagerstroemia microcarpa,Tree,Endemic,NA,0.548923108,0.548923108,S,Wind,Secondary,25,38.1971863420549,0.114591559026165,0.32301486091636
2018-10-15T00:00:00Z,Fragment,C01,Macaranga indica,16,65,0,0,0,0,0,0,0,0,0,0,0,NA,Macaranga indica,Tree,Native,LC,NA,0.33,S,Bird,Secondary,16,20.6901426019464,0.0336214817281629,0.0593982912085336
2018-10-15T00:00:00Z,Fragment,C01,Spathodea campanulata,18.5,243,0,0,0,0,0,0,0,0,0,0,0,NA,Spathodea campanulata,Tree,Introduced,LC,0.475,0.475,S,Wind,Int,15,77.3493023426611,0.469897011731666,1.28112759739006
2018-10-15T00:00:00Z,Fragment,C01,Spathodea campanulata,5,32,0,0,0,0,0,0,0,0,0,0,0,NA,Spathodea campanulata,Tree,Introduced,LC,0.475,0.475,S,Wind,Int,15,10.1859163578813,0.00814873308630504,0.0068293098215865
2018-10-15T00:00:00Z,Fragment,C01,Maesopsis eminii,16,69,0,0,0,0,0,0,0,0,0,0,0,NA,Maesopsis eminii,Tree,Introduced,LC,0.34,0.34,L,Mammal_bird,Int,30,21.9633821466816,0.0378868342030257,0.0687154384434029
2018-10-15T00:00:00Z,Fragment,C01,Spathodea campanulata,10,38,0,0,0,0,0,0,0,0,0,0,0,NA,Spathodea campanulata,Tree,Introduced,LC,0.475,0.475,S,Wind,Int,15,12.095775674984,0.0114909868912348,0.018787410048159
2018-10-15T00:00:00Z,Fragment,C01,Macaranga indica,5,59,0,0,0,0,0,0,0,0,0,0,0,NA,Macaranga indica,Tree,Native,LC,NA,0.33,S,Bird,Secondary,16,18.7802832848437,0.0277009178451444,0.0157995175968051
2018-10-15T00:00:00Z,Fragment,C01,Macaranga indica,15,61,0,0,0,0,0,0,0,0,0,0,0,NA,Macaranga indica,Tree,Native,LC,NA,0.33,S,Bird,Secondary,16,19.4169030572112,0.0296107771622471,0.0492691287793779
2018-10-15T00:00:00Z,Fragment,C01,Macaranga indica,16,51,0,0,0,0,0,0,0,0,0,0,0,NA,Macaranga indica,Tree,Native,LC,NA,0.33,S,Bird,Secondary,16,16.2338041953733,0.020698100349101,0.036995087836807
2018-10-15T00:00:00Z,Fragment,C01,Spathodea campanulata,13,69,0,0,0,0,0,0,0,0,0,0,0,NA,Spathodea campanulata,Tree,Introduced,LC,0.475,0.475,S,Wind,Int,15,21.9633821466816,0.0378868342030257,0.0777627249422682
2018-10-15T00:00:00Z,Fragment,B01,Maesopsis eminii,18,69,0,0,0,0,0,0,0,0,0,0,0,NA,Maesopsis eminii,Tree,Introduced,LC,0.34,0.34,L,Mammal_bird,Int,30,21.9633821466816,0.0378868342030257,0.0770866519709646
2018-10-15T00:00:00Z,Fragment,B01,Vateria indica,26,201,0,0,0,0,0,0,0,0,0,0,0,NA,Vateria indica,Tree,Endemic,VU,0.48,0.48,L,Gravity,Mature,60,63.9802871229419,0.321500942792783,1.24572020925773
2018-10-15T00:00:00Z,Fragment,B01,Maesopsis eminii,26,90,0,0,0,0,0,0,0,0,0,0,0,NA,Maesopsis eminii,Tree,Introduced,LC,0.34,0.34,L,Mammal_bird,Int,30,28.6478897565412,0.0644577519522176,0.185393780152248
2018-10-15T00:00:00Z,Fragment,B01,Elaeocarpus tuberculatus,12,34,24,0,0,0,0,0,0,0,0,0,0,NA,Elaeocarpus tuberculatus,Tree,Native,NA,0.45065475,0.45065475,L,Mammal,Mature,40,13.2471993292367,0.0137828180717581,0.0254642977215701
2018-10-15T00:00:00Z,Fragment,B01,Vernonia arborea,10,42,13,0,0,0,0,0,0,0,0,0,0,NA,Strobocalyx arborea,Tree,Native,LC,0.33,0.33,S,Wind,Secondary,15,13.994779311609,0.0153823252498317,0.0175028296325819
2018-10-15T00:00:00Z,Fragment,B01,Spathodea campanulata,12,41,69,45,0,0,0,0,0,0,0,0,0,NA,Spathodea campanulata,Tree,Introduced,LC,0.475,0.475,S,Wind,Int,15,29.2896989042167,0.0673782451579539,0.126146231275168
2018-10-15T00:00:00Z,Fragment,B01,Spathodea campanulata,14,48,0,0,0,0,0,0,0,0,0,0,0,NA,Spathodea campanulata,Tree,Introduced,LC,0.475,0.475,S,Wind,Int,15,15.278874536822,0.0183346494441863,0.0411654807651389
2018-10-15T00:00:00Z,Fragment,A01,Tetrameles nudiflora,23,300,0,0,0,0,0,0,0,0,0,0,0,NA,Tetrameles nudiflora,Tree,Native,LC,NA,0.55,S,Wind,Secondary,40,95.4929658551372,0.716197243913529,2.75840107103556
2018-10-15T00:00:00Z,Fragment,A01,Spathodea campanulata,16.5,89,74,0,0,0,0,0,0,0,0,0,0,NA,Spathodea campanulata,Tree,Introduced,LC,0.475,0.475,S,Wind,Int,15,36.8429083713053,0.106609938630106,0.269372364965312
2018-10-15T00:00:00Z,Fragment,A01,Bombax ceiba,10,47,0,0,0,0,0,0,0,0,0,0,0,NA,Bombax ceiba,Tree,Native,LC,0.3,0.3,S,Wind,Secondary,40,14.9605646506382,0.0175786634644998,0.0181669379967522
2018-10-15T00:00:00Z,Fragment,A01,Spathodea campanulata,10,37,0,0,0,0,0,0,0,0,0,0,0,NA,Spathodea campanulata,Tree,Introduced,LC,0.475,0.475,S,Wind,Int,15,11.7774657888003,0.0108941558546402,0.0178344244755587
2018-10-15T00:00:00Z,Fragment,A01,Spathodea campanulata,12,79,0,0,0,0,0,0,0,0,0,0,0,NA,Spathodea campanulata,Tree,Introduced,LC,0.475,0.475,S,Wind,Int,15,25.1464810085195,0.049664299991826,0.0936652101806948
2018-10-15T00:00:00Z,Fragment,A01,Spathodea campanulata,11,37,0,0,0,0,0,0,0,0,0,0,0,NA,Spathodea campanulata,Tree,Introduced,LC,0.475,0.475,S,Wind,Int,15,11.7774657888003,0.0108941558546402,0.0195730434301096
2018-10-15T00:00:00Z,Fragment,A01,Spathodea campanulata,11,85,0,0,0,0,0,0,0,0,0,0,0,NA,Spathodea campanulata,Tree,Introduced,LC,0.475,0.475,S,Wind,Int,15,27.0563403256222,0.0574947231919472,0.0992554442119726
2018-10-15T00:00:00Z,Fragment,A01,Spathodea campanulata,8,23,23,0,0,0,0,0,0,0,0,0,0,NA,Spathodea campanulata,Tree,Introduced,LC,0.475,0.475,S,Wind,Int,15,10.3536376358067,0.00841929648956126,0.011154321876694
2018-10-15T00:00:00Z,Fragment,A01,Spathodea campanulata,12,37,0,0,0,0,0,0,0,0,0,0,0,NA,Spathodea campanulata,Tree,Introduced,LC,0.475,0.475,S,Wind,Int,15,11.7774657888003,0.0108941558546402,0.0213078678755443
2018-10-15T00:00:00Z,Fragment,A01,Spathodea campanulata,15,46,36,106,0,0,0,0,0,0,0,0,0,NA,Spathodea campanulata,Tree,Introduced,LC,0.475,0.475,S,Wind,Int,15,38.5247024387336,0.116565080320504,0.267789814143343
2018-10-15T00:00:00Z,Fragment,A01,Spathodea campanulata,16,84,0,0,0,0,0,0,0,0,0,0,0,NA,Spathodea campanulata,Tree,Introduced,LC,0.475,0.475,S,Wind,Int,15,26.7380304394384,0.0561498639228207,0.139811727910188
2018-10-15T00:00:00Z,Fragment,A01,Spathodea campanulata,10,15,36,0,0,0,0,0,0,0,0,0,0,NA,Spathodea campanulata,Tree,Introduced,LC,0.475,0.475,S,Wind,Int,15,12.4140855611678,0.0121037334221386,0.0197645734743672
2018-10-15T00:00:00Z,Fragment,A01,Maesopsis eminii,10.5,14,33,16,0,0,0,0,0,0,0,0,0,NA,Maesopsis eminii,Tree,Introduced,LC,0.34,0.34,L,Mammal_bird,Int,30,12.4954369268482,0.0122628883652305,0.0151487195309999
2018-10-15T00:00:00Z,Fragment,A01,Spathodea campanulata,14,59,0,0,0,0,0,0,0,0,0,0,0,NA,Spathodea campanulata,Tree,Introduced,LC,0.475,0.475,S,Wind,Int,15,18.7802832848437,0.0277009178451444,0.0615819480756765
2018-10-15T00:00:00Z,Fragment,A01,Spathodea campanulata,6,16,18,21,0,0,0,0,0,0,0,0,0,NA,Spathodea campanulata,Tree,Introduced,LC,0.475,0.475,S,Wind,Int,15,10.1709846376261,0.00812485984484126,0.00813605879430668
2018-10-15T00:00:00Z,Fragment,A01,Spathodea campanulata,16,118,0,0,0,0,0,0,0,0,0,0,0,NA,Spathodea campanulata,Tree,Introduced,LC,0.475,0.475,S,Wind,Int,15,37.5605665696873,0.110803671380578,0.271433917654404
2018-10-15T00:00:00Z,Fragment,A01,Spathodea campanulata,16,51,0,0,0,0,0,0,0,0,0,0,0,NA,Spathodea campanulata,Tree,Introduced,LC,0.475,0.475,S,Wind,Int,15,16.2338041953733,0.020698100349101,0.052787053440098
2018-10-15T00:00:00Z,Fragment,A01,Spathodea campanulata,13,58,0,0,0,0,0,0,0,0,0,0,0,NA,Spathodea campanulata,Tree,Introduced,LC,0.475,0.475,S,Wind,Int,15,18.4619733986599,0.0267698614280568,0.0554050675799857
2018-10-15T00:00:00Z,Fragment,A01,Spathodea campanulata,11,40,0,0,0,0,0,0,0,0,0,0,0,NA,Spathodea campanulata,Tree,Introduced,LC,0.475,0.475,S,Wind,Int,15,12.7323954473516,0.0127323954473516,0.0227902819160434
2018-10-15T00:00:00Z,Fragment,A01,Spathodea campanulata,11.5,35,0,0,0,0,0,0,0,0,0,0,0,NA,Spathodea campanulata,Tree,Introduced,LC,0.475,0.475,S,Wind,Int,15,11.1408460164327,0.00974824026437859,0.0183396586661222
2018-10-15T00:00:00Z,Fragment,A01,Maesopsis eminii,18,111,0,0,0,0,0,0,0,0,0,0,0,NA,Maesopsis eminii,Tree,Introduced,LC,0.34,0.34,L,Mammal_bird,Int,30,35.3323973664008,0.0980474026917621,0.194991739354498
2018-10-15T00:00:00Z,Fragment,A01,Spathodea campanulata,15.5,134,0,0,0,0,0,0,0,0,0,0,0,NA,Spathodea campanulata,Tree,Introduced,LC,0.475,0.475,S,Wind,Int,15,42.653524748628,0.142889307907904,0.337288580379438
2018-10-15T00:00:00Z,Fragment,A01,Spathodea campanulata,5.5,28,11,0,0,0,0,0,0,0,0,0,0,NA,Spathodea campanulata,Tree,Introduced,LC,0.475,0.475,S,Wind,Int,15,9.57578566992368,0.00720176117490826,0.006643735467686
2018-10-13T00:00:00Z,Fragment,H03,Vateria indica,20,117,0,0,0,0,0,0,0,0,0,0,0,NA,Vateria indica,Tree,Endemic,VU,0.48,0.48,L,Gravity,Mature,60,37.2422566835035,0.108933600799248,0.335329604131032
2018-10-13T00:00:00Z,Fragment,H03,Macaranga indica,16.5,70,0,0,0,0,0,0,0,0,0,0,0,NA,Macaranga indica,Tree,Native,LC,NA,0.33,S,Bird,Secondary,16,22.2816920328653,0.0389929610575144,0.0707361925323808
2018-10-13T00:00:00Z,Fragment,H03,Elaeocarpus tuberculatus,20,194,0,0,0,0,0,0,0,0,0,0,0,NA,Elaeocarpus tuberculatus,Tree,Native,NA,0.45065475,0.45065475,L,Mammal,Mature,40,61.7521179196554,0.299497771910329,0.846101220201133
2018-10-13T00:00:00Z,Fragment,H03,Vernonia arborea,8,30,0,0,0,0,0,0,0,0,0,0,0,NA,Strobocalyx arborea,Tree,Native,LC,0.33,0.33,S,Wind,Secondary,15,9.54929658551372,0.00716197243913529,0.00667578732314395
2018-10-13T00:00:00Z,Fragment,H03,Vernonia arborea,15.5,56,0,0,0,0,0,0,0,0,0,0,0,NA,Strobocalyx arborea,Tree,Native,LC,0.33,0.33,S,Wind,Secondary,15,17.8253536262923,0.0249554950768092,0.0430499589936744
2018-10-13T00:00:00Z,Fragment,H03,Vernonia arborea,12,42,0,0,0,0,0,0,0,0,0,0,0,NA,Strobocalyx arborea,Tree,Native,LC,0.33,0.33,S,Wind,Secondary,15,13.3690152197192,0.0140374659807052,0.0191253541992173
2018-10-13T00:00:00Z,Fragment,H03,Vernonia arborea,7,41,0,0,0,0,0,0,0,0,0,0,0,NA,Strobocalyx arborea,Tree,Native,LC,0.33,0.33,S,Wind,Secondary,15,13.0507053335354,0.0133769729668738,0.0107824077542129
2018-10-13T00:00:00Z,Fragment,H03,Vernonia arborea,13,41,51,0,0,0,0,0,0,0,0,0,0,NA,Strobocalyx arborea,Tree,Native,LC,0.33,0.33,S,Wind,Secondary,15,20.8292416654205,0.0340750733159748,0.0491407556983648
2018-10-13T00:00:00Z,Fragment,H03,Spathodea campanulata,6,34,0,0,0,0,0,0,0,0,0,0,0,NA,Spathodea campanulata,Tree,Introduced,LC,0.475,0.475,S,Wind,Int,15,10.8225361302489,0.00919915571071155,0.00918442136335553
2018-10-13T00:00:00Z,Fragment,H03,Macaranga indica,16,85,62,34,0,0,0,0,0,0,0,0,0,NA,Macaranga indica,Tree,Native,LC,NA,0.33,S,Bird,Secondary,16,35.1944806756341,0.097283458964921,0.167541335912087
2018-10-13T00:00:00Z,Fragment,H03,Spathodea campanulata,4.5,31,0,0,0,0,0,0,0,0,0,0,0,NA,Spathodea campanulata,Tree,Introduced,LC,0.475,0.475,S,Wind,Int,15,9.86760647169751,0.00764739501556557,0.00579165619702024
2018-10-13T00:00:00Z,Fragment,H03,Macaranga indica,14,89,0,0,0,0,0,0,0,0,0,0,0,NA,Macaranga indica,Tree,Native,LC,NA,0.33,S,Bird,Secondary,16,28.3295798703574,0.0630333152115452,0.0962889014191005
2018-10-13T00:00:00Z,Fragment,H03,Vateria indica,22.5,166,0,0,0,0,0,0,0,0,0,0,0,NA,Vateria indica,Tree,Endemic,VU,0.48,0.48,L,Gravity,Mature,60,52.8394411065093,0.219283680592013,0.744644427554421
2018-10-13T00:00:00Z,Fragment,H03,Actinodaphne malabarica,12.5,63,60,0,0,0,0,0,0,0,0,0,0,NA,Actinodaphne wightiana,Tree,Endemic,LC,0.619460212,0.619460212,S,Bird,Secondary,12,27.6929600979898,0.0602321882131278,0.152478011390783
2018-10-13T00:00:00Z,Fragment,H03,Vernonia arborea,6.5,30,0,0,0,0,0,0,0,0,0,0,0,NA,Strobocalyx arborea,Tree,Native,LC,0.33,0.33,S,Wind,Secondary,15,9.54929658551372,0.00716197243913529,0.00545117470875459
2018-10-13T00:00:00Z,Fragment,H03,Macaranga indica,14,52,0,0,0,0,0,0,0,0,0,0,0,NA,Macaranga indica,Tree,Native,LC,NA,0.33,S,Bird,Secondary,16,16.5521140815571,0.0215177483060242,0.0337291553432842
2018-10-13T00:00:00Z,Fragment,H03,Vernonia arborea,8,32,0,0,0,0,0,0,0,0,0,0,0,NA,Strobocalyx arborea,Tree,Native,LC,0.33,0.33,S,Wind,Secondary,15,10.1859163578813,0.00814873308630504,0.00757206896818678
2018-10-13T00:00:00Z,Fragment,H03,Garcinia gummi-gutta,17,101,0,0,0,0,0,0,0,0,0,0,0,NA,Garcinia gummi-gutta,Tree,Endemic,LC,0.690402909,0.690402909,L,Mammal,Mature,12,32.1492985045629,0.0811769787240212,0.306192105701398
2018-10-13T00:00:00Z,Fragment,H03,Turpinia malabarica,19,65,0,0,0,0,0,0,0,0,0,0,0,NA,Turpinia malabarica,Tree,Endemic,NA,NA,0.453,S,Mammal,Mature,12,20.6901426019464,0.0336214817281629,0.0956970615231349
2018-10-13T00:00:00Z,Fragment,G03,Gliricidia sepium,10,40,0,0,0,0,0,0,0,0,0,0,0,NA,Gliricidia sepium,Tree,Introduced,LC,0.74,0.74,S,Gravity,Int,12,12.7323954473516,0.0127323954473516,0.0320086702319085
2018-10-13T00:00:00Z,Fragment,G03,Actinodaphne malabarica,21,200,0,0,0,0,0,0,0,0,0,0,0,NA,Actinodaphne wightiana,Tree,Endemic,LC,0.619460212,0.619460212,S,Bird,Secondary,12,63.6619772367581,0.318309886183791,1.28462996684002
2018-10-13T00:00:00Z,Fragment,G03,Maesopsis eminii,22,74,0,0,0,0,0,0,0,0,0,0,0,NA,Maesopsis eminii,Tree,Introduced,LC,0.34,0.34,L,Mammal_bird,Int,30,23.5549315776005,0.0435766234185609,0.107484204633036
2018-10-13T00:00:00Z,Fragment,G03,Macaranga indica,14,68,0,0,0,0,0,0,0,0,0,0,0,NA,Macaranga indica,Tree,Native,LC,NA,0.33,S,Bird,Secondary,16,21.6450722604978,0.0367966228428462,0.0569409011986612
2018-10-13T00:00:00Z,Fragment,G03,Maesopsis eminii,9,36,0,0,0,0,0,0,0,0,0,0,0,NA,Maesopsis eminii,Tree,Introduced,LC,0.34,0.34,L,Mammal_bird,Int,30,11.4591559026165,0.0103132403123548,0.0110063410088296
2018-10-13T00:00:00Z,Fragment,G03,Macaranga indica,15,73,0,0,0,0,0,0,0,0,0,0,0,NA,Macaranga indica,Tree,Native,LC,NA,0.33,S,Bird,Secondary,16,23.2366216914167,0.0424068345868355,0.0699547594875374
2018-10-13T00:00:00Z,Fragment,G03,Maesopsis eminii,22.5,80,0,0,0,0,0,0,0,0,0,0,0,NA,Maesopsis eminii,Tree,Introduced,LC,0.34,0.34,L,Mammal_bird,Int,30,25.4647908947033,0.0509295817894065,0.127926814589986
2018-10-13T00:00:00Z,Fragment,G03,Maesopsis eminii,11,38,0,0,0,0,0,0,0,0,0,0,0,NA,Maesopsis eminii,Tree,Introduced,LC,0.34,0.34,L,Mammal_bird,Int,30,12.095775674984,0.0114909868912348,0.0148777287018675
2018-10-13T00:00:00Z,Fragment,G03,Maesopsis eminii,22.5,78,0,0,0,0,0,0,0,0,0,0,0,NA,Maesopsis eminii,Tree,Introduced,LC,0.34,0.34,L,Mammal_bird,Int,30,24.8281711223357,0.0484149336885546,0.121758305610285
2018-10-13T00:00:00Z,Fragment,G03,Vateria indica,21.5,216,0,0,0,0,0,0,0,0,0,0,0,NA,Vateria indica,Tree,Endemic,VU,0.48,0.48,L,Gravity,Mature,60,68.7549354156988,0.371276651244773,1.19091695264189
2018-10-13T00:00:00Z,Fragment,G03,Melicope lunu-ankenda,11,20,44,0,0,0,0,0,0,0,0,0,0,NA,Melicope lunu-ankenda,Tree,Native,LC,0.411118888,0.411118888,S,Mammal,Secondary,10,15.3846119544336,0.0185892973531334,0.0286376471242694
2018-10-13T00:00:00Z,Fragment,G03,Macaranga indica,16,52,0,0,0,0,0,0,0,0,0,0,0,NA,Macaranga indica,Tree,Native,LC,NA,0.33,S,Bird,Secondary,16,16.5521140815571,0.0215177483060242,0.0384242682732254
2018-10-13T00:00:00Z,Fragment,G03,Vernonia arborea,11,49,22,0,0,0,0,0,0,0,0,0,0,NA,Strobocalyx arborea,Tree,Native,LC,0.33,0.33,S,Wind,Secondary,15,17.0971229979826,0.0229581005410059,0.0283953714728843
2018-10-13T00:00:00Z,Fragment,G03,Vateria indica,22.5,161,0,0,0,0,0,0,0,0,0,0,0,NA,Vateria indica,Tree,Endemic,VU,0.48,0.48,L,Gravity,Mature,60,51.2478916755903,0.206272763994251,0.701490939506041
2018-10-13T00:00:00Z,Fragment,G03,Garcinia gummi-gutta,15,132,0,0,0,0,0,0,0,0,0,0,0,NA,Garcinia gummi-gutta,Tree,Endemic,LC,0.690402909,0.690402909,L,Mammal,Mature,12,42.0169049762604,0.138655786421659,0.456947076513434
2018-10-13T00:00:00Z,Fragment,E03,Elaeocarpus tuberculatus,21.5,168,0,0,0,0,0,0,0,0,0,0,0,NA,Elaeocarpus tuberculatus,Tree,Native,NA,0.45065475,0.45065475,L,Mammal,Mature,40,53.4760608788768,0.224599455691283,0.685633017781857
2018-10-13T00:00:00Z,Fragment,E03,Vateria indica,30,274,0,0,0,0,0,0,0,0,0,0,0,NA,Vateria indica,Tree,Endemic,VU,0.48,0.48,L,Gravity,Mature,60,87.2169088143587,0.597435825378357,2.62257104248242
2018-10-13T00:00:00Z,Fragment,E03,Xanthophyllum flavescens,4.5,60,55,11,15,13,0,0,0,0,0,0,0,NA,Xanthophyllum flavescens,Tree,Endemic,NA,0.682,0.682,M,Mammal,Secondary,8,26.8967145057959,0.0568183146838067,0.058370684802299
2018-10-13T00:00:00Z,Fragment,E03,Macaranga indica,15,36,0,0,0,0,0,0,0,0,0,0,0,NA,Macaranga indica,Tree,Native,LC,NA,0.33,S,Bird,Secondary,16,11.4591559026165,0.0103132403123548,0.0176000347913161
2018-10-13T00:00:00Z,Fragment,E03,Macaranga indica,14,32,0,0,0,0,0,0,0,0,0,0,0,NA,Macaranga indica,Tree,Native,LC,NA,0.33,S,Bird,Secondary,16,10.1859163578813,0.00814873308630504,0.0130743376464032
2018-10-13T00:00:00Z,Fragment,E03,Vernonia arborea,14,43,0,0,0,0,0,0,0,0,0,0,0,NA,Strobocalyx arborea,Tree,Native,LC,0.33,0.33,S,Wind,Secondary,15,13.687325105903,0.0147138744888457,0.0232754112974295
2018-10-13T00:00:00Z,Fragment,E03,Spathodea campanulata,8,31,0,0,0,0,0,0,0,0,0,0,0,NA,Spathodea campanulata,Tree,Introduced,LC,0.475,0.475,S,Wind,Int,15,9.86760647169751,0.00764739501556557,0.0101550762182923
2018-10-13T00:00:00Z,Fragment,E03,Spathodea campanulata,7.5,30,0,0,0,0,0,0,0,0,0,0,0,NA,Spathodea campanulata,Tree,Introduced,LC,0.475,0.475,S,Wind,Int,15,9.54929658551372,0.00716197243913529,0.00894395933445024
2018-10-13T00:00:00Z,Fragment,E03,Spathodea campanulata,10,35,0,0,0,0,0,0,0,0,0,0,0,NA,Spathodea campanulata,Tree,Introduced,LC,0.475,0.475,S,Wind,Int,15,11.1408460164327,0.00974824026437859,0.0160011116740331
2018-10-13T00:00:00Z,Fragment,E03,Maesopsis eminii,23.5,62,0,0,0,0,0,0,0,0,0,0,0,NA,Maesopsis eminii,Tree,Introduced,LC,0.34,0.34,L,Mammal_bird,Int,30,19.735212943395,0.0305895800622623,0.0811541260470769
2018-10-13T00:00:00Z,Fragment,E03,Drypetes malabarica,17,126,0,0,0,0,0,0,0,0,0,0,0,NA,Drypetes malabarica,Tree,Endemic,NA,NA,0.7175,S,Gravity,Mature,20,40.1070456591576,0.126337193826347,0.489553321698368
2018-10-13T00:00:00Z,Fragment,E03,Macaranga indica,17,50,0,0,0,0,0,0,0,0,0,0,0,NA,Macaranga indica,Tree,Native,LC,NA,0.33,S,Bird,Secondary,16,15.9154943091895,0.0198943678864869,0.0377618768620065
2018-10-13T00:00:00Z,Fragment,E03,Spathodea campanulata,7,34,0,0,0,0,0,0,0,0,0,0,0,NA,Spathodea campanulata,Tree,Introduced,LC,0.475,0.475,S,Wind,Int,15,10.8225361302489,0.00919915571071155,0.0106755895226327
2018-10-13T00:00:00Z,Fragment,E03,Macaranga indica,19,77,0,0,0,0,0,0,0,0,0,0,0,NA,Macaranga indica,Tree,Native,LC,NA,0.33,S,Bird,Secondary,16,24.5098612361519,0.0471814828795924,0.0977776029188243
2018-10-13T00:00:00Z,Fragment,E03,Vernonia arborea,10,31,26,18,0,0,0,0,0,0,0,0,0,NA,Strobocalyx arborea,Tree,Native,LC,0.33,0.33,S,Wind,Secondary,15,14.0957738745563,0.0156051421701603,0.017750235009564
2018-10-13T00:00:00Z,Fragment,E03,Macaranga indica,12,56,0,0,0,0,0,0,0,0,0,0,0,NA,Macaranga indica,Tree,Native,LC,NA,0.33,S,Bird,Secondary,16,17.8253536262923,0.0249554950768092,0.0335343506223336
2018-10-13T00:00:00Z,Fragment,E03,Otonephelium stipulaceum,10,72,0,0,0,0,0,0,0,0,0,0,0,NA,Otonephelium stipulaceum,Tree,Endemic,NA,0.709023925,0.709023925,S,Mammal_bird,Mature,28,22.9183118052329,0.0412529612494193,0.0967017720172088
2018-10-13T00:00:00Z,Fragment,E03,Glochidion malabaricum,9,54,34,27,26,0,0,0,0,0,0,0,0,NA,Phyllanthus assamicus,Tree,Endemic,LC,0.544681677,0.544681677,S,Gravity,Mature,8,23.5570822218942,0.0435845811657155,0.0711721547815504
2018-10-13T00:00:00Z,Fragment,E03,Ficus sp.,30,480,0,0,0,0,0,0,0,0,0,0,0,NA,Ficus sp.,Tree,Native,NA,NA,0.42,S,Mammal_bird,Unknown,NA,152.78874536822,1.83346494441863,6.87734669296826
2018-10-12T00:00:00Z,Fragment,D03,Myristica dactyloides,10.5,129,0,0,0,0,0,0,0,0,0,0,0,NA,Myristica beddomei,Tree,Endemic,EN,0.575521845,0.575521845,L,Bird,Mature,20,41.061975317709,0.132424870399612,0.258254899956127
2018-10-12T00:00:00Z,Fragment,D03,Acronychia pedunculata,11,128,0,0,0,0,0,0,0,0,0,0,0,NA,Acronychia pedunculata,Tree,Native,LC,0.4795,0.4795,S,Mammal_bird,Secondary,10,40.7436654315252,0.130379729380881,0.222740493201031
2018-10-12T00:00:00Z,Fragment,D03,Spathodea campanulata,7.5,62,42,0,0,0,0,0,0,0,0,0,0,Fallen alive,Spathodea campanulata,Tree,Introduced,LC,0.475,0.475,S,Wind,Int,15,23.8371390453265,0.0446270460429675,0.0533366505870286
2018-10-12T00:00:00Z,Fragment,D03,Maesopsis eminii,19.5,122,0,0,0,0,0,0,0,0,0,0,0,NA,Maesopsis eminii,Tree,Introduced,LC,0.34,0.34,L,Mammal_bird,Int,30,38.8338061144225,0.118443108648989,0.25354086277736
2018-10-12T00:00:00Z,Fragment,D03,Maesopsis eminii,16,67,89,0,0,0,0,0,0,0,0,0,0,NA,Maesopsis eminii,Tree,Introduced,LC,0.34,0.34,L,Mammal_bird,Int,30,35.459778468025,0.0987556421885211,0.17504195512156
2018-10-12T00:00:00Z,Fragment,D03,Vateria indica,23.5,185,65,0,0,0,0,0,0,0,0,0,0,NA,Vateria indica,Tree,Endemic,VU,0.48,0.48,L,Gravity,Mature,60,62.4163400965475,0.305975378094169,1.07544668147793
2018-10-12T00:00:00Z,Fragment,D03,Maesopsis eminii,21,137,0,0,0,0,0,0,0,0,0,0,0,NA,Maesopsis eminii,Tree,Introduced,LC,0.34,0.34,L,Mammal_bird,Int,30,43.6084544071793,0.149358956344589,0.341793951036593
2018-10-13T00:00:00Z,Fragment,C03,Ficus exasperata,11,138,0,0,0,0,0,0,0,0,0,0,0,NA,Ficus exasperata,Tree,Native,LC,NA,0.42,S,Mammal_bird,Secondary,18,43.9267642933631,0.151547336812103,0.226678805515002
2018-10-13T00:00:00Z,Fragment,C03,Turpinia malabarica,4.5,24,19,0,0,0,0,0,0,0,0,0,0,NA,Turpinia malabarica,Tree,Endemic,NA,NA,0.453,S,Mammal,Mature,12,9.74361067945915,0.0074564090838553,0.00539487603730242
2018-10-13T00:00:00Z,Fragment,C03,Macaranga indica,11,42,0,0,0,0,0,0,0,0,0,0,0,NA,Macaranga indica,Tree,Native,LC,NA,0.33,S,Bird,Secondary,16,13.3690152197192,0.0140374659807052,0.0175682236507179
2018-10-13T00:00:00Z,Fragment,C03,Macaranga indica,15,93,0,0,0,0,0,0,0,0,0,0,0,NA,Macaranga indica,Tree,Native,LC,NA,0.33,S,Bird,Secondary,16,29.6028194150925,0.0688265551400901,0.112225037811112
2018-10-13T00:00:00Z,Fragment,C03,Macaranga indica,10,38,0,0,0,0,0,0,0,0,0,0,0,NA,Macaranga indica,Tree,Native,LC,NA,0.33,S,Bird,Secondary,16,12.095775674984,0.0114909868912348,0.0131669005875934
2018-10-13T00:00:00Z,Fragment,C03,Macaranga indica,11,53,0,0,0,0,0,0,0,0,0,0,0,NA,Macaranga indica,Tree,Native,LC,NA,0.33,S,Bird,Secondary,16,16.8704239677409,0.0223533117572567,0.0276650674980974
2018-10-13T00:00:00Z,Fragment,C03,Macaranga indica,18,90,0,0,0,0,0,0,0,0,0,0,0,NA,Macaranga indica,Tree,Native,LC,NA,0.33,S,Bird,Secondary,16,28.6478897565412,0.0644577519522176,0.12576891647243
2018-10-13T00:00:00Z,Fragment,C03,Macaranga indica,12,22,37,0,0,0,0,0,0,0,0,0,0,NA,Macaranga indica,Tree,Native,LC,NA,0.33,S,Bird,Secondary,16,13.7021222184467,0.0147457054774641,0.0200665763283485
2018-10-13T00:00:00Z,Fragment,C03,Spathodea campanulata,10,42,0,0,0,0,0,0,0,0,0,0,0,NA,Spathodea campanulata,Tree,Introduced,LC,0.475,0.475,S,Wind,Int,15,13.3690152197192,0.0140374659807052,0.0228408335273713
2018-10-13T00:00:00Z,Fragment,C03,Macaranga indica,15,54,27,0,0,0,0,0,0,0,0,0,0,NA,Macaranga indica,Tree,Native,LC,NA,0.33,S,Bird,Secondary,16,19.2175886722638,0.0290059883784979,0.0482867345496657
2018-10-13T00:00:00Z,Fragment,C03,Vateria indica,17,143,0,0,0,0,0,0,0,0,0,0,0,NA,Vateria indica,Tree,Endemic,VU,0.48,0.48,L,Gravity,Mature,60,45.5183137242821,0.162727971564308,0.423352287498369
2018-10-13T00:00:00Z,Fragment,C03,Xanthophyllum flavescens,4.5,34,18,0,0,0,0,0,0,0,0,0,0,NA,Xanthophyllum flavescens,Tree,Endemic,NA,0.682,0.682,M,Mammal,Secondary,8,12.2456258227442,0.0117774657888003,0.0125649500943717
2018-10-13T00:00:00Z,Fragment,C03,Macaranga indica,11,43,0,0,0,0,0,0,0,0,0,0,0,NA,Macaranga indica,Tree,Native,LC,NA,0.33,S,Bird,Secondary,16,13.687325105903,0.0147138744888457,0.0183939779692238
2018-10-13T00:00:00Z,Fragment,C03,Vernonia arborea,10,40,0,0,0,0,0,0,0,0,0,0,0,NA,Strobocalyx arborea,Tree,Native,LC,0.33,0.33,S,Wind,Secondary,15,12.7323954473516,0.0127323954473516,0.0145534875619115
2018-10-13T00:00:00Z,Fragment,C03,Ficus exasperata,17,160,157,0,0,0,0,0,0,0,0,0,0,NA,Ficus exasperata,Tree,Native,LC,NA,0.42,S,Mammal_bird,Secondary,18,71.3532631127956,0.399868836771232,0.893688543343988
2018-10-13T00:00:00Z,Fragment,C03,Vernonia arborea,14,87,48,50,20,0,0,0,0,0,0,0,0,NA,Strobocalyx arborea,Tree,Native,LC,0.33,0.33,S,Wind,Secondary,15,35.9746505009233,0.101644304405639,0.153500155966883
2018-10-13T00:00:00Z,Fragment,C03,Macaranga indica,11,34,0,0,0,0,0,0,0,0,0,0,0,NA,Macaranga indica,Tree,Native,LC,NA,0.33,S,Bird,Secondary,16,10.8225361302489,0.00919915571071155,0.0116303312090986
2018-10-13T00:00:00Z,Fragment,I03,Vernonia arborea,10.5,46,0,0,0,0,0,0,0,0,0,0,0,NA,Strobocalyx arborea,Tree,Native,LC,0.33,0.33,S,Wind,Secondary,15,14.6422547644544,0.0168385929791225,0.0200507221712003
2018-10-13T00:00:00Z,Fragment,I03,Xanthophyllum flavescens,2,58,36,0,0,0,0,0,0,0,0,0,0,NA,Xanthophyllum flavescens,Tree,Endemic,NA,0.682,0.682,M,Mammal,Secondary,8,21.7291673971483,0.0370831017404116,0.0174421433227529
2018-10-13T00:00:00Z,Fragment,I03,Drypetes malabarica,15,112,0,0,0,0,0,0,0,0,0,0,0,NA,Drypetes malabarica,Tree,Endemic,NA,NA,0.7175,S,Gravity,Mature,20,35.6507072525846,0.0998219803072368,0.34426843034792
2018-10-13T00:00:00Z,Fragment,I03,Melicope lunu-ankenda,21.5,210,0,0,0,0,0,0,0,0,0,0,0,NA,Melicope lunu-ankenda,Tree,Native,LC,0.411118888,0.411118888,S,Mammal,Secondary,10,66.845076098596,0.350936649517629,0.96903749719893
2018-10-13T00:00:00Z,Fragment,I03,Vernonia arborea,14,46,0,0,0,0,0,0,0,0,0,0,0,NA,Strobocalyx arborea,Tree,Native,LC,0.33,0.33,S,Wind,Secondary,15,14.6422547644544,0.0168385929791225,0.0265503485146497
2018-10-13T00:00:00Z,Fragment,I03,Hydnocarpus pentandra,7,15,13,14,20,28,23,0,0,0,0,0,0,NA,Hydnocarpus pentandrus,Tree,Endemic,VU,0.591243947,0.591243947,S,Mammal,Mature,10,15.2755584489833,0.0183266916970317,0.0259021162250778
2018-10-13T00:00:00Z,Fragment,I03,Vernonia arborea,13,59,0,0,0,0,0,0,0,0,0,0,0,NA,Strobocalyx arborea,Tree,Native,LC,0.33,0.33,S,Wind,Secondary,15,18.7802832848437,0.0277009178451444,0.0401474360094448
2018-10-13T00:00:00Z,Fragment,I03,Vateria indica,23.5,134,0,0,0,0,0,0,0,0,0,0,0,NA,Vateria indica,Tree,Endemic,VU,0.48,0.48,L,Gravity,Mature,60,42.653524748628,0.142889307907904,0.511491732431051
2018-10-13T00:00:00Z,Fragment,I03,Vernonia arborea,10,31,0,0,0,0,0,0,0,0,0,0,0,NA,Strobocalyx arborea,Tree,Native,LC,0.33,0.33,S,Wind,Secondary,15,9.86760647169751,0.00764739501556557,0.00884879231916244
2018-10-13T00:00:00Z,Fragment,I03,Macaranga indica,12,58,0,0,0,0,0,0,0,0,0,0,0,fallen still alive,Macaranga indica,Tree,Native,LC,NA,0.33,S,Bird,Secondary,16,18.4619733986599,0.0267698614280568,0.0359118944181375
2018-10-13T00:00:00Z,Fragment,I03,Macaranga indica,10.5,60,0,0,0,0,0,0,0,0,0,0,0,NA,Macaranga indica,Tree,Native,LC,NA,0.33,S,Bird,Secondary,16,19.0985931710274,0.0286478897565412,0.0336804567629841
2018-10-13T00:00:00Z,Fragment,I03,Heynea trijuga,10,34,0,0,0,0,0,0,0,0,0,0,0,NA,Heynea trijuga,Tree,Native,LC,0.493174229,0.493174229,M,Bird,Secondary,10,10.8225361302489,0.00919915571071155,0.0156852549455976
2018-10-13T00:00:00Z,Fragment,I03,Turpinia malabarica,11,34,14,0,0,0,0,0,0,0,0,0,0,NA,Turpinia malabarica,Tree,Endemic,NA,NA,0.453,S,Mammal,Mature,12,11.7041121100424,0.0107588741530121,0.018461234018742
2018-10-13T00:00:00Z,Fragment,I03,Drypetes malabarica,14,100,0,0,0,0,0,0,0,0,0,0,0,NA,Drypetes malabarica,Tree,Endemic,NA,NA,0.7175,S,Gravity,Mature,20,31.8309886183791,0.0795774715459477,0.257976123888065
2018-10-13T00:00:00Z,Fragment,I03,Actinodaphne malabarica,8,40,0,0,0,0,0,0,0,0,0,0,0,NA,Actinodaphne wightiana,Tree,Endemic,LC,0.619460212,0.619460212,S,Bird,Secondary,12,12.7323954473516,0.0127323954473516,0.0216430466660146
2018-10-13T00:00:00Z,Fragment,I03,Vernonia arborea,10,26,25,0,0,0,0,0,0,0,0,0,0,NA,Strobocalyx arborea,Tree,Native,LC,0.33,0.33,S,Wind,Secondary,15,11.4812394765845,0.0103530290481278,0.0118927042096009
2018-10-13T00:00:00Z,Fragment,I03,Vernonia arborea,13,33,0,0,0,0,0,0,0,0,0,0,0,NA,Strobocalyx arborea,Tree,Native,LC,0.33,0.33,S,Wind,Secondary,15,10.5042262440651,0.0086659866513537,0.0129149847731803
2018-10-13T00:00:00Z,Fragment,I03,Vernonia arborea,14,32,0,0,0,0,0,0,0,0,0,0,0,NA,Strobocalyx arborea,Tree,Native,LC,0.33,0.33,S,Wind,Secondary,15,10.1859163578813,0.00814873308630504,0.0130743376464032
2018-10-13T00:00:00Z,Fragment,I03,Vernonia arborea,11,38,0,0,0,0,0,0,0,0,0,0,0,NA,Strobocalyx arborea,Tree,Native,LC,0.33,0.33,S,Wind,Secondary,15,12.095775674984,0.0114909868912348,0.0144504981023688
2018-10-13T00:00:00Z,Fragment,I03,Vernonia arborea,16.5,67,0,0,0,0,0,0,0,0,0,0,0,NA,Strobocalyx arborea,Tree,Native,LC,0.33,0.33,S,Wind,Secondary,15,21.326762374314,0.0357223269769759,0.0649394072836769
2018-10-13T00:00:00Z,Fragment,I03,Vernonia arborea,16,63,0,0,0,0,0,0,0,0,0,0,0,NA,Strobocalyx arborea,Tree,Native,LC,0.33,0.33,S,Wind,Secondary,15,20.0535228295788,0.0315842984565866,0.0558830153165816
2018-10-13T00:00:00Z,Fragment,I03,Vernonia arborea,11,45,0,0,0,0,0,0,0,0,0,0,0,NA,Strobocalyx arborea,Tree,Native,LC,0.33,0.33,S,Wind,Secondary,15,14.3239448782706,0.0161144379880544,0.0201009259458615
2018-10-13T00:00:00Z,Fragment,I03,Vernonia arborea,14,76,0,0,0,0,0,0,0,0,0,0,0,NA,Strobocalyx arborea,Tree,Native,LC,0.33,0.33,S,Wind,Secondary,15,24.1915513499681,0.0459639475649394,0.0707481472302966
2018-10-13T00:00:00Z,Fragment,I03,Vernonia arborea,12,45,0,0,0,0,0,0,0,0,0,0,0,NA,Strobocalyx arborea,Tree,Native,LC,0.33,0.33,S,Wind,Secondary,15,14.3239448782706,0.0161144379880544,0.0218825383880589
2018-10-13T00:00:00Z,Fragment,I03,Vernonia arborea,10,50,0,0,0,0,0,0,0,0,0,0,0,NA,Strobocalyx arborea,Tree,Native,LC,0.33,0.33,S,Wind,Secondary,15,15.9154943091895,0.0198943678864869,0.022497560295886
2018-10-13T00:00:00Z,Fragment,I03,Vernonia arborea,14,50,0,0,0,0,0,0,0,0,0,0,0,NA,Strobocalyx arborea,Tree,Native,LC,0.33,0.33,S,Wind,Secondary,15,15.9154943091895,0.0198943678864869,0.0312432631886713
2018-10-13T00:00:00Z,Fragment,I03,Vernonia arborea,14,40,0,0,0,0,0,0,0,0,0,0,0,NA,Strobocalyx arborea,Tree,Native,LC,0.33,0.33,S,Wind,Secondary,15,12.7323954473516,0.0127323954473516,0.0202110111598635
2018-10-13T00:00:00Z,Fragment,I03,Vernonia arborea,11,37,0,0,0,0,0,0,0,0,0,0,0,NA,Strobocalyx arborea,Tree,Native,LC,0.33,0.33,S,Wind,Secondary,15,11.7774657888003,0.0108941558546402,0.0137175010488556
2018-10-13T00:00:00Z,Fragment,I03,Vernonia arborea,11,41,0,0,0,0,0,0,0,0,0,0,0,NA,Strobocalyx arborea,Tree,Native,LC,0.33,0.33,S,Wind,Secondary,15,13.0507053335354,0.0133769729668738,0.0167609768026628
2018-10-13T00:00:00Z,Fragment,I03,Vernonia arborea,15,58,0,0,0,0,0,0,0,0,0,0,0,NA,Strobocalyx arborea,Tree,Native,LC,0.33,0.33,S,Wind,Secondary,15,18.4619733986599,0.0267698614280568,0.0446501053839139
2018-10-13T00:00:00Z,Fragment,I03,Vernonia arborea,10,30,0,0,0,0,0,0,0,0,0,0,0,NA,Strobocalyx arborea,Tree,Native,LC,0.33,0.33,S,Wind,Secondary,15,9.54929658551372,0.00716197243913529,0.00830016384065858
2018-10-13T00:00:00Z,Fragment,I03,Macaranga indica,12,34,0,0,0,0,0,0,0,0,0,0,0,NA,Macaranga indica,Tree,Native,LC,NA,0.33,S,Bird,Secondary,16,10.8225361302489,0.00919915571071155,0.012661166447476
2018-10-13T00:00:00Z,Fragment,I03,Vernonia arborea,13,60,0,0,0,0,0,0,0,0,0,0,0,NA,Strobocalyx arborea,Tree,Native,LC,0.33,0.33,S,Wind,Secondary,15,19.0985931710274,0.0286478897565412,0.0414864170233273
2018-10-13T00:00:00Z,Fragment,I03,Vernonia arborea,11,42,0,0,0,0,0,0,0,0,0,0,0,NA,Strobocalyx arborea,Tree,Native,LC,0.33,0.33,S,Wind,Secondary,15,13.3690152197192,0.0140374659807052,0.0175682236507179
2018-10-13T00:00:00Z,Fragment,I03,Phoebe lanceolata,9,14,22,22,14,0,0,0,0,0,0,0,0,NA,Phoebe lanceolata,Tree,Native,LC,NA,0.49,S,Bird,Mature,8,11.7386885874692,0.0108225361302489,0.0164809563272663
2018-10-13T00:00:00Z,Fragment,I03,Vernonia arborea,15.5,60,0,0,0,0,0,0,0,0,0,0,0,NA,Strobocalyx arborea,Tree,Native,LC,0.33,0.33,S,Wind,Secondary,15,19.0985931710274,0.0286478897565412,0.0492562056875264
2018-10-13T00:00:00Z,Fragment,I03,Vernonia arborea,13,39,0,0,0,0,0,0,0,0,0,0,0,NA,Strobocalyx arborea,Tree,Native,LC,0.33,0.33,S,Wind,Secondary,15,12.4140855611678,0.0121037334221386,0.0178942211655078
2018-10-13T00:00:00Z,Fragment,I03,Vernonia arborea,12,42,0,0,0,0,0,0,0,0,0,0,0,NA,Strobocalyx arborea,Tree,Native,LC,0.33,0.33,S,Wind,Secondary,15,13.3690152197192,0.0140374659807052,0.0191253541992173
2018-10-13T00:00:00Z,Fragment,I03,Vernonia arborea,13,48,0,0,0,0,0,0,0,0,0,0,0,NA,Strobocalyx arborea,Tree,Native,LC,0.33,0.33,S,Wind,Secondary,15,15.278874536822,0.0183346494441863,0.0268372235120834
2018-10-13T00:00:00Z,Fragment,I03,Vernonia arborea,13,47,0,0,0,0,0,0,0,0,0,0,0,NA,Strobocalyx arborea,Tree,Native,LC,0.33,0.33,S,Wind,Secondary,15,14.9605646506382,0.0175786634644998,0.0257566695725984
2018-10-13T00:00:00Z,Fragment,I03,Vernonia arborea,16,48,0,0,0,0,0,0,0,0,0,0,0,NA,Strobocalyx arborea,Tree,Native,LC,0.33,0.33,S,Wind,Secondary,15,15.278874536822,0.0183346494441863,0.0328662363770174
2018-10-13T00:00:00Z,Fragment,I03,Vernonia arborea,13,40,0,0,0,0,0,0,0,0,0,0,0,NA,Strobocalyx arborea,Tree,Native,LC,0.33,0.33,S,Wind,Secondary,15,12.7323954473516,0.0127323954473516,0.0188007766845825
2018-10-13T00:00:00Z,Fragment,I03,Vernonia arborea,12.5,35,0,0,0,0,0,0,0,0,0,0,0,NA,Strobocalyx arborea,Tree,Native,LC,0.33,0.33,S,Wind,Secondary,15,11.1408460164327,0.00974824026437859,0.0139428312536146
2018-10-13T00:00:00Z,Fragment,I03,Vernonia arborea,11.5,34,0,0,0,0,0,0,0,0,0,0,0,NA,Strobocalyx arborea,Tree,Native,LC,0.33,0.33,S,Wind,Secondary,15,10.8225361302489,0.00919915571071155,0.0121460178276094
2018-10-13T00:00:00Z,Fragment,I03,Vernonia arborea,13,62,0,0,0,0,0,0,0,0,0,0,0,NA,Strobocalyx arborea,Tree,Native,LC,0.33,0.33,S,Wind,Secondary,15,19.735212943395,0.0305895800622623,0.0442286074531826
2018-10-13T00:00:00Z,Fragment,H04,Antidesma menasu,8.5,21,93,44,35,19,0,0,0,0,0,0,0,NA,Antidesma montanum,Tree,Native,LC,NA,0.624,S,Mammal_bird,Mature,10,35.7472064376668,0.100363107113749,0.173482051279316
2018-10-13T00:00:00Z,Fragment,H04,Meliosma pinnata,12,41,0,0,0,0,0,0,0,0,0,0,0,NA,Meliosma pinnata,Tree,Native,NA,0.32,0.32,S,Bird,Secondary,18,13.0507053335354,0.0133769729668738,0.017706704270717
2018-10-13T00:00:00Z,Fragment,H04,Macaranga indica,13,50,0,0,0,0,0,0,0,0,0,0,0,NA,Macaranga indica,Tree,Native,LC,NA,0.33,S,Bird,Secondary,16,15.9154943091895,0.0198943678864869,0.029063247230022
2018-10-13T00:00:00Z,Fragment,H04,Holigarna nigra,19,193,0,0,0,0,0,0,0,0,0,0,0,NA,Holigarna nigra,Tree,Endemic,NA,NA,0.493977646,L,Mammal,Mature,35,61.4338080334716,0.2964181237615,0.871376961743045
2018-10-13T00:00:00Z,Fragment,H04,Macaranga indica,12,37,0,0,0,0,0,0,0,0,0,0,0,NA,Macaranga indica,Tree,Native,LC,NA,0.33,S,Bird,Secondary,16,11.7774657888003,0.0108941558546402,0.0149333291460448
2018-10-13T00:00:00Z,Fragment,H04,Turpinia malabarica,12,35,0,0,0,0,0,0,0,0,0,0,0,NA,Turpinia malabarica,Tree,Endemic,NA,NA,0.453,S,Mammal,Mature,12,11.1408460164327,0.00974824026437859,0.018252818466369
2018-10-13T00:00:00Z,Fragment,H04,Turpinia malabarica,13,32,0,0,0,0,0,0,0,0,0,0,0,NA,Turpinia malabarica,Tree,Endemic,NA,NA,0.453,S,Mammal,Mature,12,10.1859163578813,0.00814873308630504,0.0165687477216261
2018-10-13T00:00:00Z,Fragment,H04,Spathodea campanulata,6,30,0,0,0,0,0,0,0,0,0,0,0,NA,Spathodea campanulata,Tree,Introduced,LC,0.475,0.475,S,Wind,Int,15,9.54929658551372,0.00716197243913529,0.00719358936641187
2018-10-13T00:00:00Z,Fragment,H04,Vernonia arborea,12,30,0,0,0,0,0,0,0,0,0,0,0,NA,Strobocalyx arborea,Tree,Native,LC,0.33,0.33,S,Wind,Secondary,15,9.54929658551372,0.00716197243913529,0.00991670881807823
2018-10-13T00:00:00Z,Fragment,H04,Aglaia canarana,15,150,0,0,0,0,0,0,0,0,0,0,0,NA,Aglaia lawii,Tree,Native,LC,0.595,0.595,L,Bird,Mature,30,47.7464829275686,0.179049310978382,0.507224398411718
2018-10-13T00:00:00Z,Fragment,H04,Vernonia arborea,7.5,42,0,0,0,0,0,0,0,0,0,0,0,NA,Strobocalyx arborea,Tree,Native,LC,0.33,0.33,S,Wind,Secondary,15,13.3690152197192,0.0140374659807052,0.0120889445043388
2018-10-13T00:00:00Z,Fragment,H04,Diospyros paniculata,14,101,0,0,0,0,0,0,0,0,0,0,0,NA,Diospyros paniculata,Tree,Endemic,VU,NA,0.672,M,Mammal,Mature,16,32.1492985045629,0.0811769787240212,0.246743127748329
2018-10-13T00:00:00Z,Fragment,H04,Maesopsis eminii,11,34,0,0,0,0,0,0,0,0,0,0,0,NA,Maesopsis eminii,Tree,Introduced,LC,0.34,0.34,L,Mammal_bird,Int,30,10.8225361302489,0.00919915571071155,0.0119741832576323
2018-10-13T00:00:00Z,Fragment,H04,Macaranga indica,13,44,0,0,0,0,0,0,0,0,0,0,0,NA,Macaranga indica,Tree,Native,LC,NA,0.33,S,Bird,Secondary,16,14.0056349920868,0.0154061984912955,0.0226451036228993
2018-10-13T00:00:00Z,Fragment,H04,Meliosma pinnata,10,46,0,0,0,0,0,0,0,0,0,0,0,NA,Meliosma pinnata,Tree,Native,NA,0.32,0.32,S,Bird,Secondary,18,14.6422547644544,0.0168385929791225,0.0185526536462705
2018-10-13T00:00:00Z,Fragment,H04,Holigarna nigra,18,126,0,0,0,0,0,0,0,0,0,0,0,NA,Holigarna nigra,Tree,Endemic,NA,NA,0.493977646,L,Mammal,Mature,35,40.1070456591576,0.126337193826347,0.359586982065721
2018-10-13T00:00:00Z,Fragment,H04,Persea macrantha,12,46,0,0,0,0,0,0,0,0,0,0,0,NA,Machilus glaucescens,Tree,Endemic,NA,0.427,0.427,S,Bird,Secondary,30,14.6422547644544,0.0168385929791225,0.0293736665378225
2018-10-13T00:00:00Z,Fragment,H04,Macaranga indica,12,41,0,0,0,0,0,0,0,0,0,0,0,NA,Macaranga indica,Tree,Native,LC,NA,0.33,S,Bird,Secondary,16,13.0507053335354,0.0133769729668738,0.0182465583572356
2018-10-13T00:00:00Z,Fragment,H04,Vernonia arborea,13,62,0,0,0,0,0,0,0,0,0,0,0,NA,Strobocalyx arborea,Tree,Native,LC,0.33,0.33,S,Wind,Secondary,15,19.735212943395,0.0305895800622623,0.0442286074531826
2018-10-13T00:00:00Z,Fragment,H04,Macaranga indica,15,58,0,0,0,0,0,0,0,0,0,0,0,NA,Macaranga indica,Tree,Native,LC,NA,0.33,S,Bird,Secondary,16,18.4619733986599,0.0267698614280568,0.0446501053839139
2018-10-13T00:00:00Z,Fragment,H04,Garcinia gummi-gutta,11.5,84,0,0,0,0,0,0,0,0,0,0,0,NA,Garcinia gummi-gutta,Tree,Endemic,LC,0.690402909,0.690402909,L,Mammal,Mature,12,26.7380304394384,0.0561498639228207,0.145906546831791
2018-10-13T00:00:00Z,Fragment,H04,Vernonia arborea,11,35,0,0,0,0,0,0,0,0,0,0,0,NA,Strobocalyx arborea,Tree,Native,LC,0.33,0.33,S,Wind,Secondary,15,11.1408460164327,0.00974824026437859,0.0123073927320847
2018-10-13T00:00:00Z,Fragment,H04,Vernonia arborea,11,31,0,0,0,0,0,0,0,0,0,0,0,NA,Strobocalyx arborea,Tree,Native,LC,0.33,0.33,S,Wind,Secondary,15,9.86760647169751,0.00764739501556557,0.00971143176525525
2018-10-13T00:00:00Z,Fragment,G04,Gliricidia sepium,8,30,0,0,0,0,0,0,0,0,0,0,0,NA,Gliricidia sepium,Tree,Introduced,LC,0.74,0.74,S,Gravity,Int,12,9.54929658551372,0.00716197243913529,0.0146826026446134
2018-10-13T00:00:00Z,Fragment,G04,Elaeocarpus tuberculatus,29,232,0,0,0,0,0,0,0,0,0,0,0,NA,Elaeocarpus tuberculatus,Tree,Native,NA,0.45065475,0.45065475,L,Mammal,Mature,40,73.8478935946394,0.428317782848909,1.72409447939649
2018-10-13T00:00:00Z,Fragment,G04,Turpinia malabarica,19.5,135,15,0,0,0,0,0,0,0,0,0,0,NA,Turpinia malabarica,Tree,Endemic,NA,NA,0.453,S,Mammal,Mature,12,43.2362791900637,0.146820435002273,0.413727562111621
2018-10-13T00:00:00Z,Fragment,G04,Gliricidia sepium,11,13,30,0,0,0,0,0,0,0,0,0,0,NA,Gliricidia sepium,Tree,Introduced,LC,0.74,0.74,S,Gravity,Int,12,10.4073217166406,0.00850683170826181,0.0236988913618756
2018-10-11T00:00:00Z,Fragment,F04,Macaranga indica,17,184,0,0,0,0,0,0,0,0,0,0,0,NA,Macaranga indica,Tree,Native,LC,NA,0.33,S,Bird,Secondary,16,58.5690190578175,0.26941748766596,0.48038397754613
2018-10-11T00:00:00Z,Fragment,F04,Vernonia arborea,10,62,0,0,0,0,0,0,0,0,0,0,0,NA,Strobocalyx arborea,Tree,Native,LC,0.33,0.33,S,Wind,Secondary,15,19.735212943395,0.0305895800622623,0.0342369094239816
2018-10-11T00:00:00Z,Fragment,F04,Vernonia arborea,13,37,0,0,0,0,0,0,0,0,0,0,0,NA,Strobocalyx arborea,Tree,Native,LC,0.33,0.33,S,Wind,Secondary,15,11.7774657888003,0.0108941558546402,0.0161467251665754
2018-10-11T00:00:00Z,Fragment,F04,Diospyros sylvatica,15,104,0,0,0,0,0,0,0,0,0,0,0,NA,Diospyros sylvatica,Tree,Endemic,NA,0.701678322,0.701678322,S,Mammal,Mature,35,33.1042281631142,0.086070993224097,0.291488391574262
2018-10-11T00:00:00Z,Fragment,F04,Mangifera indica,16,139,0,0,0,0,0,0,0,0,0,0,0,NA,Mangifera indica,Tree,Native,DD,0.543,0.543,L,Mammal,Mature,35,44.2450741795469,0.153751632773925,0.425820923516704
2018-10-11T00:00:00Z,Fragment,F04,Maesopsis eminii,7,19,16,20,14,11,20,0,0,0,0,0,0,NA,Maesopsis eminii,Tree,Introduced,LC,0.34,0.34,L,Mammal_bird,Int,30,13.2548456209725,0.0137987335660673,0.0114426705884659
2018-10-11T00:00:00Z,Fragment,F04,Alstonia scholaris,10.5,63,60,0,0,0,0,0,0,0,0,0,0,NA,Alstonia scholaris,Tree,Native,LC,0.415,0.415,S,Wind,Secondary,30,27.6929600979898,0.0602321882131278,0.0869988776743355
2018-10-11T00:00:00Z,Fragment,F04,Vateria indica,15,116,0,0,0,0,0,0,0,0,0,0,0,NA,Vateria indica,Tree,Endemic,VU,0.48,0.48,L,Gravity,Mature,60,36.9239467973197,0.107079445712227,0.249031842707922
2018-10-11T00:00:00Z,Fragment,G07,Vernonia arborea,7,31,0,0,0,0,0,0,0,0,0,0,0,NA,Strobocalyx arborea,Tree,Native,LC,0.33,0.33,S,Wind,Secondary,15,9.86760647169751,0.00764739501556557,0.00624740541097592
2018-10-11T00:00:00Z,Fragment,G07,Vateria indica,15,67,0,0,0,0,0,0,0,0,0,0,0,NA,Vateria indica,Tree,Endemic,VU,0.48,0.48,L,Gravity,Mature,60,21.326762374314,0.0357223269769759,0.0852964393250649
2018-10-11T00:00:00Z,Fragment,G07,Diospyros sylvatica,15.5,98,0,0,0,0,0,0,0,0,0,0,0,NA,Diospyros sylvatica,Tree,Endemic,NA,0.701678322,0.701678322,S,Mammal,Mature,35,31.1943688460115,0.0764262036727281,0.268005775925909
2018-10-11T00:00:00Z,Fragment,G07,Maesopsis eminii,14,53,0,0,0,0,0,0,0,0,0,0,0,NA,Maesopsis eminii,Tree,Introduced,LC,0.34,0.34,L,Mammal_bird,Int,30,16.8704239677409,0.0223533117572567,0.0360418648635003
2018-10-11T00:00:00Z,Fragment,G07,Maesopsis eminii,18.5,64,78,0,0,0,0,0,0,0,0,0,0,NA,Maesopsis eminii,Tree,Introduced,LC,0.34,0.34,L,Mammal_bird,Int,30,32.1161898343966,0.0810098660337747,0.166234526973704
2018-10-11T00:00:00Z,Fragment,G07,Maesopsis eminii,11,39,27,0,0,0,0,0,0,0,0,0,0,NA,Maesopsis eminii,Tree,Introduced,LC,0.34,0.34,L,Mammal_bird,Int,30,15.0987636313461,0.0179049310978382,0.0229366079886039
2018-10-11T00:00:00Z,Fragment,G07,Maesopsis eminii,13,54,0,0,0,0,0,0,0,0,0,0,0,NA,Maesopsis eminii,Tree,Introduced,LC,0.34,0.34,L,Mammal_bird,Int,30,17.1887338539247,0.0232047907027983,0.0347729170635273
2018-10-11T00:00:00Z,Fragment,G07,Maesopsis eminii,14,45,0,0,0,0,0,0,0,0,0,0,0,NA,Maesopsis eminii,Tree,Introduced,LC,0.34,0.34,L,Mammal_bird,Int,30,14.3239448782706,0.0161144379880544,0.0261873518516372
2018-10-11T00:00:00Z,Fragment,G07,Maesopsis eminii,17,93,0,0,0,0,0,0,0,0,0,0,0,NA,Maesopsis eminii,Tree,Introduced,LC,0.34,0.34,L,Mammal_bird,Int,30,29.6028194150925,0.0688265551400901,0.13055594616602
2018-10-11T00:00:00Z,Fragment,G07,Vernonia arborea,12,50,0,0,0,0,0,0,0,0,0,0,0,NA,Strobocalyx arborea,Tree,Native,LC,0.33,0.33,S,Wind,Secondary,15,15.9154943091895,0.0198943678864869,0.0268791988753992
2018-10-11T00:00:00Z,Fragment,G07,Vernonia arborea,10,38,0,0,0,0,0,0,0,0,0,0,0,NA,Strobocalyx arborea,Tree,Native,LC,0.33,0.33,S,Wind,Secondary,15,12.095775674984,0.0114909868912348,0.0131669005875934
2018-10-11T00:00:00Z,Fragment,G07,Maesopsis eminii,12,33,0,0,0,0,0,0,0,0,0,0,0,NA,Maesopsis eminii,Tree,Introduced,LC,0.34,0.34,L,Mammal_bird,Int,30,10.5042262440651,0.0086659866513537,0.012297586909221
2018-10-11T00:00:00Z,Fragment,G07,Maesopsis eminii,20,78,0,0,0,0,0,0,0,0,0,0,0,NA,Maesopsis eminii,Tree,Introduced,LC,0.34,0.34,L,Mammal_bird,Int,30,24.8281711223357,0.0484149336885546,0.108535980487101
2018-10-11T00:00:00Z,Fragment,G07,Macaranga indica,15,54,0,0,0,0,0,0,0,0,0,0,0,NA,Macaranga indica,Tree,Native,LC,NA,0.33,S,Bird,Secondary,16,17.1887338539247,0.0232047907027983,0.0388368201605401
2018-10-11T00:00:00Z,Fragment,G07,Persea macrantha,29,313,0,0,0,0,0,0,0,0,0,0,0,NA,Machilus glaucescens,Tree,Endemic,NA,0.427,0.427,S,Bird,Secondary,30,99.6309943755265,0.779612530988495,2.93478958734336
2018-10-11T00:00:00Z,Fragment,G07,Spathodea campanulata,10,46,0,0,0,0,0,0,0,0,0,0,0,NA,Spathodea campanulata,Tree,Introduced,LC,0.475,0.475,S,Wind,Int,15,14.6422547644544,0.0168385929791225,0.0272792622604958
2018-10-11T00:00:00Z,Fragment,G07,Macaranga indica,12,40,0,0,0,0,0,0,0,0,0,0,0,NA,Macaranga indica,Tree,Native,LC,NA,0.33,S,Bird,Secondary,16,12.7323954473516,0.0127323954473516,0.0173879336853606
2018-10-11T00:00:00Z,Fragment,G07,Maesopsis eminii,16,63,0,0,0,0,0,0,0,0,0,0,0,NA,Maesopsis eminii,Tree,Introduced,LC,0.34,0.34,L,Mammal_bird,Int,30,20.0535228295788,0.0315842984565866,0.0575352029412825
2018-10-11T00:00:00Z,Fragment,G07,Maesopsis eminii,15,39,0,0,0,0,0,0,0,0,0,0,0,NA,Maesopsis eminii,Tree,Introduced,LC,0.34,0.34,L,Mammal_bird,Int,30,12.4140855611678,0.0121037334221386,0.0211847320571147
2018-10-11T00:00:00Z,Fragment,G07,Maesopsis eminii,17,55,43,0,0,0,0,0,0,0,0,0,0,NA,Maesopsis eminii,Tree,Introduced,LC,0.34,0.34,L,Mammal_bird,Int,30,22.222498713528,0.0387860596314949,0.0745923368749195
2018-10-11T00:00:00Z,Fragment,F05,Ficus exasperata,10,97,0,0,0,0,0,0,0,0,0,0,0,NA,Ficus exasperata,Tree,Native,LC,NA,0.42,S,Mammal_bird,Secondary,18,30.8760589598277,0.0748744429775822,0.103787751513257
2018-10-11T00:00:00Z,Fragment,F05,Spathodea campanulata,13,81,17,0,0,0,0,0,0,0,0,0,0,NA,Spathodea campanulata,Tree,Introduced,LC,0.475,0.475,S,Wind,Int,15,26.3448307633588,0.0545105680089742,0.110910341696009
2018-10-11T00:00:00Z,Fragment,F05,Spathodea campanulata,8,42,0,0,0,0,0,0,0,0,0,0,0,NA,Spathodea campanulata,Tree,Introduced,LC,0.475,0.475,S,Wind,Int,15,13.3690152197192,0.0140374659807052,0.0183707875939914
2018-10-11T00:00:00Z,Fragment,F05,Vernonia arborea,10,32,0,0,0,0,0,0,0,0,0,0,0,NA,Strobocalyx arborea,Tree,Native,LC,0.33,0.33,S,Wind,Secondary,15,10.1859163578813,0.00814873308630504,0.00941453195053524
2018-10-11T00:00:00Z,Fragment,F05,Vernonia arborea,8.5,28,11,0,0,0,0,0,0,0,0,0,0,NA,Strobocalyx arborea,Tree,Native,LC,0.33,0.33,S,Wind,Secondary,15,9.57578566992368,0.00720176117490826,0.00712111272847915
2018-10-11T00:00:00Z,Fragment,F05,Vernonia arborea,9.5,44,0,0,0,0,0,0,0,0,0,0,0,NA,Strobocalyx arborea,Tree,Native,LC,0.33,0.33,S,Wind,Secondary,15,14.0056349920868,0.0154061984912955,0.0166733873341193
2018-10-11T00:00:00Z,Fragment,F05,Macaranga indica,12.5,58,0,0,0,0,0,0,0,0,0,0,0,NA,Macaranga indica,Tree,Native,LC,NA,0.33,S,Bird,Secondary,16,18.4619733986599,0.0267698614280568,0.03737159142089
2018-10-11T00:00:00Z,Fragment,F05,Vernonia arborea,10,41,0,0,0,0,0,0,0,0,0,0,0,NA,Strobocalyx arborea,Tree,Native,LC,0.33,0.33,S,Wind,Secondary,15,13.0507053335354,0.0133769729668738,0.0152721458975482
2018-10-11T00:00:00Z,Fragment,F05,Vateria indica,14,89,0,0,0,0,0,0,0,0,0,0,0,NA,Vateria indica,Tree,Endemic,VU,0.48,0.48,L,Gravity,Mature,60,28.3295798703574,0.0630333152115452,0.138802751138083
2018-10-11T00:00:00Z,Fragment,F05,Cinnamomum malabatrum,16.5,170,22,14,0,0,0,0,0,0,0,0,0,NA,Cinnamomum malabathrum,Tree,Endemic,LC,NA,0.475,S,Bird,Secondary,15,54.7455990207464,0.235390160832913,0.583563172718864
2018-10-11T00:00:00Z,Fragment,F05,Macaranga indica,13.5,89,0,0,0,0,0,0,0,0,0,0,0,NA,Macaranga indica,Tree,Native,LC,NA,0.33,S,Bird,Secondary,16,28.3295798703574,0.0630333152115452,0.0929310891293476
2018-10-11T00:00:00Z,Fragment,F05,Turpinia malabarica,11,56,0,0,0,0,0,0,0,0,0,0,0,NA,Turpinia malabarica,Tree,Endemic,NA,NA,0.453,S,Mammal,Mature,12,17.8253536262923,0.0249554950768092,0.0419653167290444
2018-10-12T00:00:00Z,Fragment,G05,Heynea trijuga,8,32,0,0,0,0,0,0,0,0,0,0,0,NA,Heynea trijuga,Tree,Native,LC,0.493174229,0.493174229,M,Bird,Secondary,10,10.1859163578813,0.00814873308630504,0.0112076180234107
2018-10-12T00:00:00Z,Fragment,G05,Turpinia malabarica,14.5,73,0,0,0,0,0,0,0,0,0,0,0,NA,Turpinia malabarica,Tree,Endemic,NA,NA,0.453,S,Mammal,Mature,12,23.2366216914167,0.0424068345868355,0.0921997214454822
2018-10-12T00:00:00Z,Fragment,G05,Turpinia malabarica,12,43,0,0,0,0,0,0,0,0,0,0,0,NA,Turpinia malabarica,Tree,Endemic,NA,NA,0.453,S,Mammal,Mature,12,13.687325105903,0.0147138744888457,0.0272796966876154
2018-10-12T00:00:00Z,Fragment,G05,Turpinia malabarica,13,27,33,22,0,0,0,0,0,0,0,0,0,NA,Turpinia malabarica,Tree,Endemic,NA,NA,0.453,S,Mammal,Mature,12,15.2722416411168,0.0183187339498772,0.0365301721886409
2018-10-12T00:00:00Z,Fragment,G05,Melicope lunu-ankenda,14,43,0,0,0,0,0,0,0,0,0,0,0,NA,Melicope lunu-ankenda,Tree,Native,LC,0.411118888,0.411118888,S,Mammal,Secondary,10,13.687325105903,0.0147138744888457,0.0288442977804943
2018-10-12T00:00:00Z,Fragment,G05,Cryptocarya anamalayana,23,164,10,27,29,29,40,26,0,0,0,0,0,NA,Cryptocarya anamalayana,Tree,Endemic,EN,NA,0.515,M,Bird,Mature,8,56.6582656047658,0.252125303099026,0.933798260030017
2018-10-12T00:00:00Z,Fragment,G05,Maesopsis eminii,23,72,0,0,0,0,0,0,0,0,0,0,0,NA,Maesopsis eminii,Tree,Introduced,LC,0.34,0.34,L,Mammal_bird,Int,30,22.9183118052329,0.0412529612494193,0.106404303847036
2018-10-12T00:00:00Z,Fragment,G05,Xanthophyllum flavescens,7,44,39,0,0,0,0,0,0,0,0,0,0,NA,Xanthophyllum flavescens,Tree,Endemic,NA,0.682,0.682,M,Mammal,Secondary,8,18.7154303143572,0.0275099319134341,0.0442625267073192
2018-10-12T00:00:00Z,Fragment,G05,Turpinia malabarica,9,10,22,20,0,0,0,0,0,0,0,0,0,NA,Turpinia malabarica,Tree,Endemic,NA,NA,0.453,S,Mammal,Mature,12,9.98499097165643,0.00783042320012125,0.0111309471600375
2018-10-12T00:00:00Z,Fragment,G05,Macaranga indica,15,58,0,0,0,0,0,0,0,0,0,0,0,NA,Macaranga indica,Tree,Native,LC,NA,0.33,S,Bird,Secondary,16,18.4619733986599,0.0267698614280568,0.0446501053839139
2018-10-12T00:00:00Z,Fragment,G05,Turpinia malabarica,10,13,14,33,0,0,0,0,0,0,0,0,0,NA,Turpinia malabarica,Tree,Endemic,NA,NA,0.453,S,Mammal,Mature,12,12.1375862928327,0.0115705643627808,0.0180588909959984
2018-10-12T00:00:00Z,Fragment,G05,Bombax ceiba,9,34,0,0,0,0,0,0,0,0,0,0,0,NA,Bombax ceiba,Tree,Native,LC,0.3,0.3,S,Wind,Secondary,40,10.8225361302489,0.00919915571071155,0.00871232866718883
2018-10-12T00:00:00Z,Fragment,G05,Vernonia arborea,13,34,0,0,0,0,0,0,0,0,0,0,0,NA,Strobocalyx arborea,Tree,Native,LC,0.33,0.33,S,Wind,Secondary,15,10.8225361302489,0.00919915571071155,0.0136899396588875
2018-10-12T00:00:00Z,Fragment,G05,Vateria indica,28.5,237,0,0,0,0,0,0,0,0,0,0,0,NA,Vateria indica,Tree,Endemic,VU,0.48,0.48,L,Gravity,Mature,60,75.4394430255584,0.446978699926433,1.87933920250811
2018-10-12T00:00:00Z,Fragment,G05,Turpinia malabarica,10.5,33,0,0,0,0,0,0,0,0,0,0,0,NA,Turpinia malabarica,Tree,Endemic,NA,NA,0.453,S,Mammal,Mature,12,10.5042262440651,0.0086659866513537,0.0142839454300717
2018-10-11T00:00:00Z,Fragment,G06,Spathodea campanulata,23,229,0,0,0,0,0,0,0,0,0,0,0,NA,Spathodea campanulata,Tree,Introduced,LC,0.475,0.475,S,Wind,Int,15,72.8929639360881,0.417312218534104,1.41115449390269
2018-10-11T00:00:00Z,Fragment,G06,Xanthophyllum flavescens,7.5,40,12,12,14,12,24,0,0,0,0,0,0,NA,Xanthophyllum flavescens,Tree,Endemic,NA,0.682,0.682,M,Mammal,Secondary,8,16.855402663037,0.0223135230214837,0.0385958891551884
2018-10-11T00:00:00Z,Fragment,G06,Macaranga indica,10,88,0,0,0,0,0,0,0,0,0,0,0,NA,Macaranga indica,Tree,Native,LC,NA,0.33,S,Bird,Secondary,16,28.0112699841736,0.0616247939651819,0.0678228682095169
2018-10-11T00:00:00Z,Fragment,G06,Cinnamomum malabatrum,8,32,0,0,0,0,0,0,0,0,0,0,0,NA,Cinnamomum malabathrum,Tree,Endemic,LC,NA,0.475,S,Bird,Secondary,15,10.1859163578813,0.00814873308630504,0.0108043319437157
2018-10-11T00:00:00Z,Fragment,G06,Macaranga peltata,13,31,0,0,0,0,0,0,0,0,0,0,0,NA,Macaranga peltata,Tree,Endemic,NA,0.466512198,0.466512198,S,Bird,Secondary,12,9.86760647169751,0.00764739501556557,0.0160263048884873
2018-10-11T00:00:00Z,Fragment,G06,Chionanthus courtallensis,10,37,42,46,0,0,0,0,0,0,0,0,0,NA,Chionanthus albidiflorus,Tree,Endemic,NA,NA,0.668601818,M,Mammal_bird,Mature,22,23.061545762126,0.0417702148144679,0.0924346151872856
2018-10-11T00:00:00Z,Fragment,G06,Macaranga indica,14,43,0,0,0,0,0,0,0,0,0,0,0,NA,Macaranga indica,Tree,Native,LC,NA,0.33,S,Bird,Secondary,16,13.687325105903,0.0147138744888457,0.0232754112974295
2018-10-11T00:00:00Z,Fragment,G06,Macaranga indica,12,31,0,0,0,0,0,0,0,0,0,0,0,NA,Macaranga indica,Tree,Native,LC,NA,0.33,S,Bird,Secondary,16,9.86760647169751,0.00764739501556557,0.0105721885140304
2018-10-11T00:00:00Z,Fragment,G06,Mallotus tetracoccus,20,108,0,0,0,0,0,0,0,0,0,0,0,NA,Mallotus tetracoccus,Tree,Native,NA,0.484597734,0.484597734,S,Bird,Secondary,12,34.3774677078494,0.0928191628111934,0.289505649480196
2018-10-11T00:00:00Z,Fragment,G06,Spathodea campanulata,10.5,171,0,0,0,0,0,0,0,0,0,0,0,NA,Spathodea campanulata,Tree,Introduced,LC,0.475,0.475,S,Wind,Int,15,54.4309905374282,0.232692484547506,0.371208999866623
2018-10-11T00:00:00Z,Fragment,G06,Macaranga peltata,17,124,0,0,0,0,0,0,0,0,0,0,0,NA,Macaranga peltata,Tree,Endemic,NA,0.466512198,0.466512198,S,Bird,Secondary,12,39.47042588679,0.122358320249049,0.311719477132981
2018-10-11T00:00:00Z,Fragment,G06,Bombax ceiba,6,30,0,0,0,0,0,0,0,0,0,0,0,NA,Bombax ceiba,Tree,Native,LC,0.3,0.3,S,Wind,Secondary,40,9.54929658551372,0.00716197243913529,0.0045937041830042
2018-10-11T00:00:00Z,Fragment,G06,Actinodaphne malabarica,10,39,0,0,0,0,0,0,0,0,0,0,0,NA,Actinodaphne wightiana,Tree,Endemic,LC,0.619460212,0.619460212,S,Bird,Secondary,12,12.4140855611678,0.0121037334221386,0.0256117691329898
2018-10-11T00:00:00Z,Fragment,G06,Mallotus tetracoccus,18,98,0,0,0,0,0,0,0,0,0,0,0,NA,Mallotus tetracoccus,Tree,Native,NA,0.484597734,0.484597734,S,Bird,Secondary,12,31.1943688460115,0.0764262036727281,0.21608661251366
2018-10-11T00:00:00Z,Fragment,L06,Vateria indica,19,190,0,0,0,0,0,0,0,0,0,0,0,NA,Vateria indica,Tree,Endemic,VU,0.48,0.48,L,Gravity,Mature,60,60.4788783749202,0.287274672280871,0.821785287782092
2018-10-11T00:00:00Z,Fragment,L06,Persea macrantha,21,166,0,0,0,0,0,0,0,0,0,0,0,NA,Machilus glaucescens,Tree,Endemic,NA,0.427,0.427,S,Bird,Secondary,30,52.8394411065093,0.219283680592013,0.621027735096365
2018-10-11T00:00:00Z,Fragment,L06,Vateria indica,20,137,0,0,0,0,0,0,0,0,0,0,0,NA,Vateria indica,Tree,Endemic,VU,0.48,0.48,L,Gravity,Mature,60,43.6084544071793,0.149358956344589,0.456301231831901
2018-10-11T00:00:00Z,Fragment,L06,Glochidion malabaricum,5,41,29,17,0,0,0,0,0,0,0,0,0,NA,Phyllanthus assamicus,Tree,Endemic,LC,0.544681677,0.544681677,S,Gravity,Mature,8,16.876428745994,0.0223692272515659,0.02091388038336
2018-10-11T00:00:00Z,Fragment,L06,Glochidion malabaricum,7,31,0,0,0,0,0,0,0,0,0,0,0,NA,Phyllanthus assamicus,Tree,Endemic,LC,0.544681677,0.544681677,S,Gravity,Mature,8,9.86760647169751,0.00764739501556557,0.0101883867793
2018-10-11T00:00:00Z,Fragment,L06,Symplocos cochinchinensis,7,10,37,17,13,22,0,0,0,0,0,0,0,NA,Symplocos cochinchinensis,Tree,Native,NA,0.538,0.538,S,Bird,Secondary,10,15.6296312740153,0.019186128389728,0.02470358802432
2018-10-11T00:00:00Z,Fragment,L06,Symplocos cochinchinensis,6,16,15,35,21,0,0,0,0,0,0,0,0,NA,Symplocos cochinchinensis,Tree,Native,NA,0.538,0.538,S,Bird,Secondary,10,14.7491213731564,0.017085283140915,0.0189785735577695
2018-10-11T00:00:00Z,Fragment,L06,Actinodaphne malabarica,7,41,0,0,0,0,0,0,0,0,0,0,0,NA,Actinodaphne wightiana,Tree,Endemic,LC,0.619460212,0.619460212,S,Bird,Secondary,12,13.0507053335354,0.0133769729668738,0.0199366066750909
2018-10-11T00:00:00Z,Fragment,L06,Xanthophyllum flavescens,4,19,13,15,12,15,45,0,0,0,0,0,0,NA,Xanthophyllum flavescens,Tree,Endemic,NA,0.682,0.682,M,Mammal,Secondary,8,17.8622620988978,0.0250589457898189,0.0234032940126701
2018-10-11T00:00:00Z,Fragment,H07,Artocarpus heterophyllus,15,117,0,0,0,0,0,0,0,0,0,0,0,NA,Artocarpus heterophyllus,Tree,Native,NA,0.484,0.484,L,Mammal,Mature,20,37.2422566835035,0.108933600799248,0.25529911810211
2018-10-11T00:00:00Z,Fragment,H07,Actinodaphne malabarica,8,30,0,0,0,0,0,0,0,0,0,0,0,NA,Actinodaphne wightiana,Tree,Endemic,LC,0.619460212,0.619460212,S,Bird,Secondary,12,9.54929658551372,0.00716197243913529,0.0123434903540981
2018-10-11T00:00:00Z,Fragment,H07,Xanthophyllum flavescens,5.5,36,0,0,0,0,0,0,0,0,0,0,0,NA,Xanthophyllum flavescens,Tree,Endemic,NA,0.682,0.682,M,Mammal,Secondary,8,11.4591559026165,0.0103132403123548,0.0134259920834367
2018-10-11T00:00:00Z,Fragment,H07,Semecarpus travancorica,22,167,0,0,0,0,0,0,0,0,0,0,0,NA,Semecarpus travancorica,Tree,Endemic,NA,NA,0.33,L,Mammal,Mature,35,53.157750992693,0.221933610394493,0.51132033424733
2018-10-11T00:00:00Z,Fragment,H07,Macaranga indica,13,61,0,0,0,0,0,0,0,0,0,0,0,NA,Macaranga indica,Tree,Native,LC,NA,0.33,S,Bird,Secondary,16,19.4169030572112,0.0296107771622471,0.0428468131662313
2018-10-11T00:00:00Z,Fragment,H07,Vernonia arborea,15,67,0,0,0,0,0,0,0,0,0,0,0,NA,Strobocalyx arborea,Tree,Native,LC,0.33,0.33,S,Wind,Secondary,15,21.326762374314,0.0357223269769759,0.0591710205325897
2018-10-11T00:00:00Z,Fragment,H07,Myristica dactyloides,7.5,74,0,0,0,0,0,0,0,0,0,0,0,NA,Myristica beddomei,Tree,Endemic,EN,0.575521845,0.575521845,L,Bird,Mature,20,23.5549315776005,0.0435766234185609,0.0628487739438626
2018-10-11T00:00:00Z,Fragment,H07,Vernonia arborea,16,77,0,0,0,0,0,0,0,0,0,0,0,NA,Strobocalyx arborea,Tree,Native,LC,0.33,0.33,S,Wind,Secondary,15,24.5098612361519,0.0471814828795924,0.0826793349437911
2018-10-11T00:00:00Z,Fragment,H07,Turpinia malabarica,17,15,16,179,0,0,0,0,0,0,0,0,0,NA,Turpinia malabarica,Tree,Endemic,NA,NA,0.453,S,Mammal,Mature,12,57.4035498415918,0.258801852961731,0.629261780343071
2018-10-11T00:00:00Z,Fragment,H07,Vernonia arborea,12,38,0,0,0,0,0,0,0,0,0,0,0,NA,Strobocalyx arborea,Tree,Native,LC,0.33,0.33,S,Wind,Secondary,15,12.095775674984,0.0114909868912348,0.015731294185319
2018-10-11T00:00:00Z,Fragment,H07,Persea macrantha,6.5,32,0,0,0,0,0,0,0,0,0,0,0,NA,Machilus glaucescens,Tree,Endemic,NA,0.427,0.427,S,Bird,Secondary,30,10.1859163578813,0.00814873308630504,0.007951154098542
2018-10-11T00:00:00Z,Fragment,H07,Macaranga indica,13,50,0,0,0,0,0,0,0,0,0,0,0,NA,Macaranga indica,Tree,Native,LC,NA,0.33,S,Bird,Secondary,16,15.9154943091895,0.0198943678864869,0.029063247230022
2018-10-11T00:00:00Z,Fragment,H07,Maesopsis eminii,18,104,0,0,0,0,0,0,0,0,0,0,0,NA,Maesopsis eminii,Tree,Introduced,LC,0.34,0.34,L,Mammal_bird,Int,30,33.1042281631142,0.086070993224097,0.171709702979456
2018-10-11T00:00:00Z,Fragment,H07,Spathodea campanulata,9,57,0,0,0,0,0,0,0,0,0,0,0,NA,Spathodea campanulata,Tree,Introduced,LC,0.475,0.475,S,Wind,Int,15,18.1436635124761,0.0258547205052784,0.0374056960997826
2018-10-11T00:00:00Z,Fragment,H07,Gliricidia sepium,8,33,0,0,0,0,0,0,0,0,0,0,0,NA,Gliricidia sepium,Tree,Introduced,LC,0.74,0.74,S,Gravity,Int,12,10.5042262440651,0.0086659866513537,0.0176848575949408
2018-10-11T00:00:00Z,Fragment,I06,Spathodea campanulata,13,67,45,0,0,0,0,0,0,0,0,0,0,NA,Spathodea campanulata,Tree,Introduced,LC,0.475,0.475,S,Wind,Int,15,25.6905856345508,0.0518367649650303,0.10559745554059
2018-10-11T00:00:00Z,Fragment,I06,Gliricidia sepium,8,37,17,0,0,0,0,0,0,0,0,0,0,NA,Gliricidia sepium,Tree,Introduced,LC,0.74,0.74,S,Gravity,Int,12,12.9611157883492,0.0131939447823181,0.0266548875081069
2018-10-11T00:00:00Z,Fragment,I06,Gliricidia sepium,9,31,0,0,0,0,0,0,0,0,0,0,0,NA,Gliricidia sepium,Tree,Introduced,LC,0.74,0.74,S,Gravity,Int,12,9.86760647169751,0.00764739501556557,0.0175600296427723
2018-10-11T00:00:00Z,Fragment,I06,Spathodea campanulata,15,107,22,0,0,0,0,0,0,0,0,0,0,NA,Spathodea campanulata,Tree,Introduced,LC,0.475,0.475,S,Wind,Int,15,34.7716218259088,0.0949597967957794,0.21923104386113
2018-10-11T00:00:00Z,Fragment,I06,Spathodea campanulata,14,90,91,0,0,0,0,0,0,0,0,0,0,NA,Spathodea campanulata,Tree,Introduced,LC,0.475,0.475,S,Wind,Int,15,40.7399350667761,0.130355856139417,0.279220009124306
2018-10-11T00:00:00Z,Fragment,I06,Spathodea campanulata,13,62,0,0,0,0,0,0,0,0,0,0,0,NA,Spathodea campanulata,Tree,Introduced,LC,0.475,0.475,S,Wind,Int,15,19.735212943395,0.0305895800622623,0.0631083206373534
2018-10-11T00:00:00Z,Fragment,I06,Spathodea campanulata,13,43,0,0,0,0,0,0,0,0,0,0,0,NA,Spathodea campanulata,Tree,Introduced,LC,0.475,0.475,S,Wind,Int,15,13.687325105903,0.0147138744888457,0.0308935965606057
2018-10-11T00:00:00Z,Fragment,I06,Spathodea campanulata,9,32,0,0,0,0,0,0,0,0,0,0,0,NA,Spathodea campanulata,Tree,Introduced,LC,0.475,0.475,S,Wind,Int,15,10.1859163578813,0.00814873308630504,0.0121205626448848
2018-10-11T00:00:00Z,Fragment,I06,Gliricidia sepium,10,37,0,0,0,0,0,0,0,0,0,0,0,NA,Gliricidia sepium,Tree,Introduced,LC,0.74,0.74,S,Gravity,Int,12,11.7774657888003,0.0108941558546402,0.0274900984067321
2018-10-11T00:00:00Z,Fragment,I06,Spathodea campanulata,8,17,26,36,0,0,0,0,0,0,0,0,0,NA,Spathodea campanulata,Tree,Introduced,LC,0.475,0.475,S,Wind,Int,15,15.1356267202692,0.0179924663165388,0.0234068250885404
2018-10-11T00:00:00Z,Fragment,I06,Spathodea campanulata,10,45,0,0,0,0,0,0,0,0,0,0,0,NA,Spathodea campanulata,Tree,Introduced,LC,0.475,0.475,S,Wind,Int,15,14.3239448782706,0.0161144379880544,0.0261336554226233
2018-10-11T00:00:00Z,Fragment,I06,Spathodea campanulata,14,92,61,0,0,0,0,0,0,0,0,0,0,NA,Spathodea campanulata,Tree,Introduced,LC,0.475,0.475,S,Wind,Int,15,35.1368556174551,0.0969651490787372,0.209178005251456
2018-10-11T00:00:00Z,Fragment,I06,Spathodea campanulata,13,69,0,0,0,0,0,0,0,0,0,0,0,NA,Spathodea campanulata,Tree,Introduced,LC,0.475,0.475,S,Wind,Int,15,21.9633821466816,0.0378868342030257,0.0777627249422682
2018-10-11T00:00:00Z,Fragment,I06,Spathodea campanulata,13,43,0,0,0,0,0,0,0,0,0,0,0,NA,Spathodea campanulata,Tree,Introduced,LC,0.475,0.475,S,Wind,Int,15,13.687325105903,0.0147138744888457,0.0308935965606057
2018-10-11T00:00:00Z,Fragment,I06,Gliricidia sepium,7,28,13,0,0,0,0,0,0,0,0,0,0,NA,Gliricidia sepium,Tree,Introduced,LC,0.74,0.74,S,Gravity,Int,12,9.82644839253471,0.00758373303832881,0.0136287770539325
2018-10-11T00:00:00Z,Fragment,I06,Vateria indica,24,144,0,0,0,0,0,0,0,0,0,0,0,NA,Vateria indica,Tree,Endemic,VU,0.48,0.48,L,Gravity,Mature,60,45.8366236104659,0.165011844997677,0.600865923438295
2018-10-11T00:00:00Z,Fragment,I06,Macaranga indica,15,79,0,0,0,0,0,0,0,0,0,0,0,NA,Macaranga indica,Tree,Native,LC,NA,0.33,S,Bird,Secondary,16,25.1464810085195,0.049664299991826,0.0816167180436038
2018-10-11T00:00:00Z,Fragment,I06,Vernonia arborea,12,59,0,0,0,0,0,0,0,0,0,0,0,NA,Strobocalyx arborea,Tree,Native,LC,0.33,0.33,S,Wind,Secondary,15,18.7802832848437,0.0277009178451444,0.03713043171998
2018-10-11T00:00:00Z,Fragment,I06,Vernonia arborea,8,35,0,0,0,0,0,0,0,0,0,0,0,NA,Strobocalyx arborea,Tree,Native,LC,0.33,0.33,S,Wind,Secondary,15,11.1408460164327,0.00974824026437859,0.00901950338430329
2018-10-11T00:00:00Z,Fragment,I06,Vernonia arborea,9,33,0,0,0,0,0,0,0,0,0,0,0,NA,Strobocalyx arborea,Tree,Native,LC,0.33,0.33,S,Wind,Secondary,15,10.5042262440651,0.0086659866513537,0.00902040165211188
2018-10-11T00:00:00Z,Fragment,I06,Spathodea campanulata,13,81,0,0,0,0,0,0,0,0,0,0,0,NA,Spathodea campanulata,Tree,Introduced,LC,0.475,0.475,S,Wind,Int,15,25.783100780887,0.0522107790812963,0.106341015274362
2018-10-11T00:00:00Z,Fragment,I06,Spathodea campanulata,13.5,59,26,38,23,0,0,0,0,0,0,0,0,NA,Spathodea campanulata,Tree,Introduced,LC,0.475,0.475,S,Wind,Int,15,24.9218549816728,0.0487809900576659,0.103251534518296
2018-10-11T00:00:00Z,Fragment,I06,Actinodaphne malabarica,10.5,36,0,0,0,0,0,0,0,0,0,0,0,NA,Actinodaphne wightiana,Tree,Endemic,LC,0.619460212,0.619460212,S,Bird,Secondary,12,11.4591559026165,0.0103132403123548,0.022975485793304
2018-10-11T00:00:00Z,Fragment,I06,Maesopsis eminii,18,82,0,0,0,0,0,0,0,0,0,0,0,NA,Maesopsis eminii,Tree,Introduced,LC,0.34,0.34,L,Mammal_bird,Int,30,26.1014106670708,0.0535078918674952,0.10797181416183
2018-10-11T00:00:00Z,Fragment,I06,Heynea trijuga,12.5,98,0,0,0,0,0,0,0,0,0,0,0,NA,Heynea trijuga,Tree,Native,LC,0.493174229,0.493174229,M,Bird,Secondary,10,31.1943688460115,0.0764262036727281,0.153993435673736
2018-10-11T00:00:00Z,Fragment,I06,Spathodea campanulata,10,73,0,0,0,0,0,0,0,0,0,0,0,NA,Spathodea campanulata,Tree,Introduced,LC,0.475,0.475,S,Wind,Int,15,23.2366216914167,0.0424068345868355,0.0671947831317496
2018-10-11T00:00:00Z,Fragment,I06,Spathodea campanulata,15,98,0,0,0,0,0,0,0,0,0,0,0,NA,Spathodea campanulata,Tree,Introduced,LC,0.475,0.475,S,Wind,Int,15,31.1943688460115,0.0764262036727281,0.177364909746834
2018-10-11T00:00:00Z,Fragment,I06,Gliricidia sepium,9,36,0,0,0,0,0,0,0,0,0,0,0,NA,Gliricidia sepium,Tree,Introduced,LC,0.74,0.74,S,Gravity,Int,12,11.4591559026165,0.0103132403123548,0.0235120068628067
2018-10-11T00:00:00Z,Fragment,I06,Spathodea campanulata,13,56,0,0,0,0,0,0,0,0,0,0,0,NA,Spathodea campanulata,Tree,Introduced,LC,0.475,0.475,S,Wind,Int,15,17.8253536262923,0.0249554950768092,0.0517369799779471
2018-10-11T00:00:00Z,Fragment,I06,Spathodea campanulata,7,36,0,0,0,0,0,0,0,0,0,0,0,NA,Spathodea campanulata,Tree,Introduced,LC,0.475,0.475,S,Wind,Int,15,11.4591559026165,0.0103132403123548,0.0119356892210026
2018-10-11T00:00:00Z,Fragment,I06,Spathodea campanulata,15.5,86,39,65,0,0,0,0,0,0,0,0,0,NA,Spathodea campanulata,Tree,Introduced,LC,0.475,0.475,S,Wind,Int,15,36.4905877648963,0.104580713105684,0.248717680453829
2018-10-11T00:00:00Z,Fragment,I06,Actinodaphne malabarica,10,37,0,0,0,0,0,0,0,0,0,0,0,NA,Actinodaphne wightiana,Tree,Endemic,LC,0.619460212,0.619460212,S,Bird,Secondary,12,11.7774657888003,0.0108941558546402,0.0231106005338361
2018-10-11T00:00:00Z,Fragment,I06,Spathodea campanulata,8.5,39,34,22,0,0,0,0,0,0,0,0,0,NA,Spathodea campanulata,Tree,Introduced,LC,0.475,0.475,S,Wind,Int,15,17.8962638976248,0.025154438755674,0.03444061619907
2018-10-11T00:00:00Z,Fragment,I06,Spathodea campanulata,7.5,43,0,0,0,0,0,0,0,0,0,0,0,NA,Spathodea campanulata,Tree,Introduced,LC,0.475,0.475,S,Wind,Int,15,13.687325105903,0.0147138744888457,0.0180600751037131
2018-10-11T00:00:00Z,Fragment,I06,Spathodea campanulata,9,41,0,0,0,0,0,0,0,0,0,0,0,NA,Spathodea campanulata,Tree,Introduced,LC,0.475,0.475,S,Wind,Int,15,13.0507053335354,0.0133769729668738,0.0196618378954601
2018-10-11T00:00:00Z,Fragment,I06,Gliricidia sepium,4.5,25,18,0,0,0,0,0,0,0,0,0,0,NA,Gliricidia sepium,Tree,Introduced,LC,0.74,0.74,S,Gravity,Int,12,9.80580457058872,0.00755190204971043,0.00881848064186192
2018-10-11T00:00:00Z,Fragment,I06,Spathodea campanulata,11.5,71,36,0,0,0,0,0,0,0,0,0,0,NA,Spathodea campanulata,Tree,Introduced,LC,0.475,0.475,S,Wind,Int,15,25.3391464090939,0.0504282437186671,0.0912029579780191
2018-10-11T00:00:00Z,Fragment,I06,Spathodea campanulata,12,67,0,0,0,0,0,0,0,0,0,0,0,NA,Spathodea campanulata,Tree,Introduced,LC,0.475,0.475,S,Wind,Int,15,21.326762374314,0.0357223269769759,0.0679060149396139
2018-10-11T00:00:00Z,Fragment,I06,Spathodea campanulata,10,47,0,0,0,0,0,0,0,0,0,0,0,NA,Spathodea campanulata,Tree,Introduced,LC,0.475,0.475,S,Wind,Int,15,14.9605646506382,0.0175786634644998,0.0284488262168058
2018-10-12T00:00:00Z,Fragment,L04,Macaranga indica,17,57,0,0,0,0,0,0,0,0,0,0,0,NA,Macaranga indica,Tree,Native,LC,NA,0.33,S,Bird,Secondary,16,18.1436635124761,0.0258547205052784,0.0487676514674256
2018-10-12T00:00:00Z,Fragment,L04,Vernonia arborea,8,31,21,0,0,0,0,0,0,0,0,0,0,NA,Strobocalyx arborea,Tree,Native,LC,0.33,0.33,S,Wind,Secondary,15,11.9185695226633,0.0111567615107419,0.0102893482055869
2018-10-12T00:00:00Z,Fragment,L04,Aphanamixis polystachya,13,81,0,0,0,0,0,0,0,0,0,0,0,NA,Aphanamixis polystachya,Tree,Native,LC,0.57,0.57,L,Bird,Mature,20,25.783100780887,0.0522107790812963,0.1270520563376
2018-10-12T00:00:00Z,Fragment,L04,Maesopsis eminii,14,42,0,0,0,0,0,0,0,0,0,0,0,NA,Maesopsis eminii,Tree,Introduced,LC,0.34,0.34,L,Mammal_bird,Int,30,13.3690152197192,0.0140374659807052,0.0228877642447274
2018-10-12T00:00:00Z,Fragment,L04,Maesopsis eminii,20,63,33,35,0,0,0,0,0,0,0,0,0,NA,Maesopsis eminii,Tree,Introduced,LC,0.34,0.34,L,Mammal_bird,Int,30,25.2309531493522,0.0499985253723189,0.111999509256539
2018-10-12T00:00:00Z,Fragment,L04,Vernonia arborea,10,33,0,0,0,0,0,0,0,0,0,0,0,NA,Strobocalyx arborea,Tree,Native,LC,0.33,0.33,S,Wind,Secondary,15,10.5042262440651,0.0086659866513537,0.0099973566737213
2018-10-12T00:00:00Z,Fragment,L04,Xanthophyllum flavescens,8,76,0,0,0,0,0,0,0,0,0,0,0,NA,Xanthophyllum flavescens,Tree,Endemic,NA,0.682,0.682,M,Mammal,Secondary,8,24.1915513499681,0.0459639475649394,0.0832173495971186
2018-10-12T00:00:00Z,Fragment,L04,Symplocos cochinchinensis,22,133,0,0,0,0,0,0,0,0,0,0,0,NA,Symplocos cochinchinensis,Tree,Native,NA,0.538,0.538,S,Bird,Secondary,10,42.3352148624442,0.140764589417627,0.528302677029742
2018-10-12T00:00:00Z,Fragment,L04,Maesopsis eminii,10.5,34,0,0,0,0,0,0,0,0,0,0,0,NA,Maesopsis eminii,Tree,Introduced,LC,0.34,0.34,L,Mammal_bird,Int,30,10.8225361302489,0.00919915571071155,0.0114426705884659
2018-10-12T00:00:00Z,Fragment,L04,Vernonia arborea,10,34,0,0,0,0,0,0,0,0,0,0,0,NA,Strobocalyx arborea,Tree,Native,LC,0.33,0.33,S,Wind,Secondary,15,10.8225361302489,0.00919915571071155,0.0105972412678206
2018-10-12T00:00:00Z,Fragment,L04,Maesopsis eminii,12,35,31,0,0,0,0,0,0,0,0,0,0,NA,Maesopsis eminii,Tree,Introduced,LC,0.34,0.34,L,Mammal_bird,Int,30,14.8824765224794,0.0173956352799442,0.0242761182151773
2018-10-12T00:00:00Z,Fragment,L04,Vernonia arborea,13,33,0,0,0,0,0,0,0,0,0,0,0,NA,Strobocalyx arborea,Tree,Native,LC,0.33,0.33,S,Wind,Secondary,15,10.5042262440651,0.0086659866513537,0.0129149847731803
2018-10-12T00:00:00Z,Fragment,L04,Vernonia arborea,10,33,0,0,0,0,0,0,0,0,0,0,0,NA,Strobocalyx arborea,Tree,Native,LC,0.33,0.33,S,Wind,Secondary,15,10.5042262440651,0.0086659866513537,0.0099973566737213
2018-10-12T00:00:00Z,Fragment,L04,Macaranga indica,14,51,0,0,0,0,0,0,0,0,0,0,0,NA,Macaranga indica,Tree,Native,LC,NA,0.33,S,Bird,Secondary,16,16.2338041953733,0.020698100349101,0.0324746083832545
2018-10-12T00:00:00Z,Fragment,L04,Dysoxylum malabaricum,24,132,0,0,0,0,0,0,0,0,0,0,0,NA,Dysoxylum malabaricum,Tree,Endemic,EN,0.58,0.58,L,Bird,Mature,35,42.0169049762604,0.138655786421659,0.609857793323162
2018-10-12T00:00:00Z,Fragment,L04,Vernonia arborea,13,33,0,0,0,0,0,0,0,0,0,0,0,NA,Strobocalyx arborea,Tree,Native,LC,0.33,0.33,S,Wind,Secondary,15,10.5042262440651,0.0086659866513537,0.0129149847731803
2018-10-12T00:00:00Z,Fragment,L04,Persea macrantha,26,191,0,0,0,0,0,0,0,0,0,0,0,NA,Machilus glaucescens,Tree,Endemic,NA,0.427,0.427,S,Bird,Secondary,30,60.797188261104,0.290306573946772,1.00592383141403
2018-10-12T00:00:00Z,Fragment,L04,Garcinia gummi-gutta,16,96,0,0,0,0,0,0,0,0,0,0,0,NA,Garcinia gummi-gutta,Tree,Endemic,LC,0.690402909,0.690402909,L,Mammal,Mature,12,30.5577490736439,0.0733385977767454,0.261369598378101
2018-10-12T00:00:00Z,Fragment,L04,Maesopsis eminii,21,70,0,0,0,0,0,0,0,0,0,0,0,NA,Maesopsis eminii,Tree,Introduced,LC,0.34,0.34,L,Mammal_bird,Int,30,22.2816920328653,0.0389929610575144,0.0921546384221165
2018-10-12T00:00:00Z,Fragment,L04,Maesopsis eminii,14,31,0,0,0,0,0,0,0,0,0,0,0,NA,Maesopsis eminii,Tree,Introduced,LC,0.34,0.34,L,Mammal_bird,Int,30,9.86760647169751,0.00764739501556557,0.0126519883365008
2018-10-12T00:00:00Z,Fragment,L04,Litsea oleoides,27,173,0,0,0,0,0,0,0,0,0,0,0,NA,Litsea oleoides,Tree,Endemic,NA,NA,0.42,M,Bird,Mature,12,55.0676103097958,0.238167414589867,0.846534583820072
2018-10-12T00:00:00Z,Fragment,K05,Macaranga indica,21,109,0,0,0,0,0,0,0,0,0,0,0,NA,Macaranga indica,Tree,Native,LC,NA,0.33,S,Bird,Secondary,16,34.6957775940332,0.0945459939437404,0.212465554766413
2018-10-12T00:00:00Z,Fragment,K05,Macaranga indica,20,109,0,0,0,0,0,0,0,0,0,0,0,NA,Macaranga indica,Tree,Native,LC,NA,0.33,S,Bird,Secondary,16,34.6957775940332,0.0945459939437404,0.202585228560181
2018-10-12T00:00:00Z,Fragment,K05,Macaranga indica,22,81,0,0,0,0,0,0,0,0,0,0,0,NA,Macaranga indica,Tree,Native,LC,NA,0.33,S,Bird,Secondary,16,25.783100780887,0.0522107790812963,0.124541264041759
2018-10-12T00:00:00Z,Fragment,K05,Heynea trijuga,24,141,0,0,0,0,0,0,0,0,0,0,0,NA,Heynea trijuga,Tree,Native,LC,0.493174229,0.493174229,M,Bird,Secondary,10,44.8816939519145,0.158207971180499,0.592115753444625
2018-10-12T00:00:00Z,Fragment,K05,Macaranga indica,15,48,0,0,0,0,0,0,0,0,0,0,0,NA,Macaranga indica,Tree,Native,LC,NA,0.33,S,Bird,Secondary,16,15.278874536822,0.0183346494441863,0.0308598591957799
2018-10-12T00:00:00Z,Fragment,K05,Vateria indica,22,153,0,0,0,0,0,0,0,0,0,0,0,NA,Vateria indica,Tree,Endemic,VU,0.48,0.48,L,Gravity,Mature,60,48.70141258612,0.186282903141909,0.621283797515153
2018-10-12T00:00:00Z,Fragment,K05,Macaranga indica,20,89,0,0,0,0,0,0,0,0,0,0,0,NA,Macaranga indica,Tree,Native,LC,NA,0.33,S,Bird,Secondary,16,28.3295798703574,0.0630333152115452,0.136383095901059
2018-10-12T00:00:00Z,Fragment,K05,Antidesma menasu,7,10,10,40,23,0,0,0,0,0,0,0,0,NA,Antidesma montanum,Tree,Native,LC,NA,0.624,S,Mammal_bird,Mature,10,15.3615440858986,0.0185335931230512,0.0276025775081614
2018-10-12T00:00:00Z,Fragment,K05,Macaranga indica,13,38,0,0,0,0,0,0,0,0,0,0,0,NA,Macaranga indica,Tree,Native,LC,NA,0.33,S,Bird,Secondary,16,12.095775674984,0.0114909868912348,0.0170095282331714
2018-10-12T00:00:00Z,Fragment,K05,Antidesma menasu,11,73,0,0,0,0,0,0,0,0,0,0,0,NA,Antidesma montanum,Tree,Native,LC,NA,0.624,S,Mammal_bird,Mature,10,23.2366216914167,0.0424068345868355,0.0962458503341781
2018-10-12T00:00:00Z,Fragment,K05,Macaranga indica,17,49,0,0,0,0,0,0,0,0,0,0,0,NA,Macaranga indica,Tree,Native,LC,NA,0.33,S,Bird,Secondary,16,15.5971844230057,0.019106550918182,0.0363016923134808
2018-10-12T00:00:00Z,Fragment,K05,Macaranga indica,13,46,0,0,0,0,0,0,0,0,0,0,0,NA,Macaranga indica,Tree,Native,LC,NA,0.33,S,Bird,Secondary,16,14.6422547644544,0.0168385929791225,0.0246977832713807
2018-10-12T00:00:00Z,Fragment,K05,Garcinia gummi-gutta,12.5,86,0,0,0,0,0,0,0,0,0,0,0,NA,Garcinia gummi-gutta,Tree,Endemic,LC,0.690402909,0.690402909,L,Mammal,Mature,12,27.374650211806,0.0588554979553829,0.165716468648821
2018-10-12T00:00:00Z,Fragment,K05,Macaranga indica,17.5,65,0,0,0,0,0,0,0,0,0,0,0,Fallen alive,Macaranga indica,Tree,Native,LC,NA,0.33,S,Bird,Secondary,16,20.6901426019464,0.0336214817281629,0.064827307414213
2018-10-12T00:00:00Z,Fragment,K05,Aglaia canarana,11,35,0,0,0,0,0,0,0,0,0,0,0,NA,Aglaia lawii,Tree,Native,LC,0.595,0.595,L,Bird,Mature,30,11.1408460164327,0.00974824026437859,0.0218788762821922
2018-10-12T00:00:00Z,Fragment,K05,Melicope lunu-ankenda,12,36,0,0,0,0,0,0,0,0,0,0,0,NA,Melicope lunu-ankenda,Tree,Native,LC,0.411118888,0.411118888,S,Mammal,Secondary,10,11.4591559026165,0.0103132403123548,0.0175425191775765
2018-10-12T00:00:00Z,Fragment,K05,Maesopsis eminii,20,51,0,0,0,0,0,0,0,0,0,0,0,NA,Maesopsis eminii,Tree,Introduced,LC,0.34,0.34,L,Mammal_bird,Int,30,16.2338041953733,0.020698100349101,0.0473567677999758
2018-10-12T00:00:00Z,Fragment,K05,Drypetes malabarica,22,168,0,0,0,0,0,0,0,0,0,0,0,NA,Drypetes malabarica,Tree,Endemic,NA,NA,0.7175,S,Gravity,Mature,20,53.4760608788768,0.224599455691283,1.10399423299762
2018-10-12T00:00:00Z,Fragment,K05,Maesopsis eminii,20,66,0,0,0,0,0,0,0,0,0,0,0,NA,Maesopsis eminii,Tree,Introduced,LC,0.34,0.34,L,Mammal_bird,Int,30,21.0084524881302,0.0346639466054148,0.0783348167192123
2018-10-12T00:00:00Z,Fragment,K05,Garcinia gummi-gutta,13.5,83,0,0,0,0,0,0,0,0,0,0,0,NA,Garcinia gummi-gutta,Tree,Endemic,LC,0.690402909,0.690402909,L,Mammal,Mature,12,26.4197205532546,0.0548209201480034,0.16668123703119
2018-10-12T00:00:00Z,Fragment,J05,Macaranga indica,15,65,0,0,0,0,0,0,0,0,0,0,0,NA,Macaranga indica,Tree,Native,LC,NA,0.33,S,Bird,Secondary,16,20.6901426019464,0.0336214817281629,0.0557722180945266
2018-10-12T00:00:00Z,Fragment,J05,Vateria indica,19,119,0,0,0,0,0,0,0,0,0,0,0,NA,Vateria indica,Tree,Endemic,VU,0.48,0.48,L,Gravity,Mature,60,37.8788764558711,0.112689657456217,0.329684858372963
2018-10-12T00:00:00Z,Fragment,J05,Gliricidia sepium,9,39,0,0,0,0,0,0,0,0,0,0,0,NA,Gliricidia sepium,Tree,Introduced,LC,0.74,0.74,S,Gravity,Int,12,12.4140855611678,0.0121037334221386,0.0274881385557779
2018-10-12T00:00:00Z,Fragment,J05,Macaranga indica,18,119,0,0,0,0,0,0,0,0,0,0,0,NA,Macaranga indica,Tree,Native,LC,NA,0.33,S,Bird,Secondary,16,37.8788764558711,0.112689657456217,0.216949977588067
2018-10-12T00:00:00Z,Fragment,J05,Maesopsis eminii,17,96,0,0,0,0,0,0,0,0,0,0,0,NA,Maesopsis eminii,Tree,Introduced,LC,0.34,0.34,L,Mammal_bird,Int,30,30.5577490736439,0.0733385977767454,0.138902923944845
2018-10-12T00:00:00Z,Fragment,J05,Macaranga indica,10.5,31,0,0,0,0,0,0,0,0,0,0,0,NA,Macaranga indica,Tree,Native,LC,NA,0.33,S,Bird,Secondary,16,9.86760647169751,0.00764739501556557,0.00928035860494694
2018-10-12T00:00:00Z,Fragment,J05,Macaranga indica,14,64,0,0,0,0,0,0,0,0,0,0,0,NA,Macaranga indica,Tree,Native,LC,NA,0.33,S,Bird,Secondary,16,20.3718327157626,0.0325949323452202,0.0505859893229845
2018-10-12T00:00:00Z,Fragment,J05,Gliricidia sepium,9,33,0,0,0,0,0,0,0,0,0,0,0,NA,Gliricidia sepium,Tree,Introduced,LC,0.74,0.74,S,Gravity,Int,12,10.5042262440651,0.0086659866513537,0.0198393038516391
2018-10-12T00:00:00Z,Fragment,J05,Vernonia arborea,12,43,0,0,0,0,0,0,0,0,0,0,0,NA,Strobocalyx arborea,Tree,Native,LC,0.33,0.33,S,Wind,Secondary,15,13.687325105903,0.0147138744888457,0.0200242978907904
2018-10-12T00:00:00Z,Fragment,J05,Vernonia arborea,12.5,59,0,0,0,0,0,0,0,0,0,0,0,NA,Strobocalyx arborea,Tree,Native,LC,0.33,0.33,S,Wind,Secondary,15,18.7802832848437,0.0277009178451444,0.038639658141218
2018-10-12T00:00:00Z,Fragment,J05,Maesopsis eminii,20.5,74,66,64,0,0,0,0,0,0,0,0,0,NA,Maesopsis eminii,Tree,Introduced,LC,0.34,0.34,L,Mammal_bird,Int,30,37.5659612650932,0.110835502369196,0.249520935498171
2018-10-12T00:00:00Z,Fragment,J05,Cryptocarya anamalayana,21,149,0,0,0,0,0,0,0,0,0,0,0,NA,Cryptocarya anamalayana,Tree,Endemic,EN,NA,0.515,M,Bird,Mature,8,47.4281730413848,0.176669944579158,0.603873336038468
2018-10-12T00:00:00Z,Fragment,J05,Vernonia arborea,10,31,0,0,0,0,0,0,0,0,0,0,0,NA,Strobocalyx arborea,Tree,Native,LC,0.33,0.33,S,Wind,Secondary,15,9.86760647169751,0.00764739501556557,0.00884879231916244
2018-10-12T00:00:00Z,Fragment,J05,Vateria indica,23,184,0,0,0,0,0,0,0,0,0,0,0,NA,Vateria indica,Tree,Endemic,VU,0.48,0.48,L,Gravity,Mature,60,58.5690190578175,0.26941748766596,0.9301191302009
2018-10-12T00:00:00Z,Fragment,J05,Maesopsis eminii,17,37,0,0,0,0,0,0,0,0,0,0,0,NA,Maesopsis eminii,Tree,Introduced,LC,0.34,0.34,L,Mammal_bird,Int,30,11.7774657888003,0.0108941558546402,0.0215996993582533
2018-10-12T00:00:00Z,Fragment,J05,Melicope lunu-ankenda,12,45,0,0,0,0,0,0,0,0,0,0,0,NA,Melicope lunu-ankenda,Tree,Native,LC,0.411118888,0.411118888,S,Mammal,Secondary,10,14.3239448782706,0.0161144379880544,0.0271181654060814
2018-10-12T00:00:00Z,Fragment,J05,Macaranga indica,18,63,0,0,0,0,0,0,0,0,0,0,0,NA,Macaranga indica,Tree,Native,LC,NA,0.33,S,Bird,Secondary,16,20.0535228295788,0.0315842984565866,0.0626909272556783
2018-10-12T00:00:00Z,Fragment,J05,Vernonia arborea,13,45,0,0,0,0,0,0,0,0,0,0,0,NA,Strobocalyx arborea,Tree,Native,LC,0.33,0.33,S,Wind,Secondary,15,14.3239448782706,0.0161144379880544,0.0236605869892452
2018-10-12T00:00:00Z,Fragment,J05,Macaranga indica,12,45,0,0,0,0,0,0,0,0,0,0,0,NA,Macaranga indica,Tree,Native,LC,NA,0.33,S,Bird,Secondary,16,14.3239448782706,0.0161144379880544,0.0218825383880589
2018-10-12T00:00:00Z,Fragment,J05,Vernonia arborea,14,52,0,0,0,0,0,0,0,0,0,0,0,NA,Strobocalyx arborea,Tree,Native,LC,0.33,0.33,S,Wind,Secondary,15,16.5521140815571,0.0215177483060242,0.0337291553432842
2018-10-12T00:00:00Z,Fragment,J05,Actinodaphne malabarica,11,30,0,0,0,0,0,0,0,0,0,0,0,NA,Actinodaphne wightiana,Tree,Endemic,LC,0.619460212,0.619460212,S,Bird,Secondary,12,9.54929658551372,0.00716197243913529,0.0168430762759029
2018-10-12T00:00:00Z,Fragment,J05,Meliosma pinnata,23,144,0,0,0,0,0,0,0,0,0,0,0,NA,Meliosma pinnata,Tree,Native,NA,0.32,0.32,S,Bird,Secondary,18,45.8366236104659,0.165011844997677,0.388036610193119
2018-10-12T00:00:00Z,Fragment,J05,Elaeocarpus tuberculatus,15,37,0,0,0,0,0,0,0,0,0,0,0,NA,Elaeocarpus tuberculatus,Tree,Native,NA,0.45065475,0.45065475,L,Mammal,Mature,40,11.7774657888003,0.0108941558546402,0.0251665047641613
2018-10-12T00:00:00Z,Fragment,J05,Maesopsis eminii,21,52,0,0,0,0,0,0,0,0,0,0,0,NA,Maesopsis eminii,Tree,Introduced,LC,0.34,0.34,L,Mammal_bird,Int,30,16.5521140815571,0.0215177483060242,0.0515851089502219
2018-10-12T00:00:00Z,Fragment,J05,Macaranga indica,16,85,0,0,0,0,0,0,0,0,0,0,0,NA,Macaranga indica,Tree,Native,LC,NA,0.33,S,Bird,Secondary,16,27.0563403256222,0.0574947231919472,0.10027503495571
2018-10-12T00:00:00Z,Fragment,J05,Cinnamomum malabatrum,9,41,0,0,0,0,0,0,0,0,0,0,0,NA,Cinnamomum malabathrum,Tree,Endemic,LC,NA,0.475,S,Bird,Secondary,15,13.0507053335354,0.0133769729668738,0.0196618378954601
2018-10-12T00:00:00Z,Fragment,J05,Gliricidia sepium,10,49,10,0,0,0,0,0,0,0,0,0,0,NA,Gliricidia sepium,Tree,Introduced,LC,0.74,0.74,S,Gravity,Int,12,15.9186770898051,0.0199023256336415,0.0495000334312953
2018-10-12T00:00:00Z,Fragment,K04,Vateria indica,23,183,0,0,0,0,0,0,0,0,0,0,0,NA,Vateria indica,Tree,Endemic,VU,0.48,0.48,L,Gravity,Mature,60,58.2507091716337,0.266496994460224,0.920277308058622
2018-10-12T00:00:00Z,Fragment,K04,Garcinia gummi-gutta,15,105,0,0,0,0,0,0,0,0,0,0,0,NA,Garcinia gummi-gutta,Tree,Endemic,LC,0.690402909,0.690402909,L,Mammal,Mature,12,33.422538049298,0.0877341623794073,0.292325769243815
2018-10-12T00:00:00Z,Fragment,K04,Diospyros paniculata,23,110,0,0,0,0,0,0,0,0,0,0,0,NA,Diospyros paniculata,Tree,Endemic,VU,NA,0.672,M,Mammal,Mature,16,35.014087480217,0.0962887405705967,0.473187943465207
2018-10-12T00:00:00Z,Fragment,K04,Garcinia gummi-gutta,15.5,83,0,0,0,0,0,0,0,0,0,0,0,NA,Garcinia gummi-gutta,Tree,Endemic,LC,0.690402909,0.690402909,L,Mammal,Mature,12,26.4197205532546,0.0548209201480034,0.190741280694962
2018-10-12T00:00:00Z,Fragment,K04,Maesopsis eminii,17,67,0,0,0,0,0,0,0,0,0,0,0,NA,Maesopsis eminii,Tree,Introduced,LC,0.34,0.34,L,Mammal_bird,Int,30,21.326762374314,0.0357223269769759,0.068836052292034
2018-10-12T00:00:00Z,Fragment,K04,Vateria indica,36,367,0,0,0,0,0,0,0,0,0,0,0,NA,Vateria indica,Tree,Endemic,VU,0.48,0.48,L,Gravity,Mature,60,116.819728229451,1.07182100650521,5.54302983943555
2018-10-12T00:00:00Z,Fragment,K04,Turpinia malabarica,12,38,0,0,0,0,0,0,0,0,0,0,0,NA,Turpinia malabarica,Tree,Endemic,NA,NA,0.453,S,Mammal,Mature,12,12.095775674984,0.0114909868912348,0.0214312100339119
2018-10-12T00:00:00Z,Fragment,K04,Maesopsis eminii,12,56,21,0,0,0,0,0,0,0,0,0,0,NA,Maesopsis eminii,Tree,Introduced,LC,0.34,0.34,L,Mammal_bird,Int,30,19.0374860180813,0.0284648615719855,0.0392568253125212
2018-10-12T00:00:00Z,Fragment,K04,Vernonia arborea,11,30,0,0,0,0,0,0,0,0,0,0,0,NA,Strobocalyx arborea,Tree,Native,LC,0.33,0.33,S,Wind,Secondary,15,9.54929658551372,0.00716197243913529,0.0091093193140535
2018-10-12T00:00:00Z,Fragment,K04,Vernonia arborea,11,25,25,0,0,0,0,0,0,0,0,0,0,NA,Strobocalyx arborea,Tree,Native,LC,0.33,0.33,S,Wind,Secondary,15,11.2539539519638,0.00994718394324346,0.0125524762804809
2018-10-12T00:00:00Z,Fragment,K04,Diospyros paniculata,18,177,0,0,0,0,0,0,0,0,0,0,0,NA,Diospyros paniculata,Tree,Endemic,VU,NA,0.672,M,Mammal,Mature,16,56.340849854531,0.249308260606299,0.942710972681952
2018-10-12T00:00:00Z,Fragment,K04,Meliosma pinnata,23,225,0,0,0,0,0,0,0,0,0,0,0,NA,Meliosma pinnata,Tree,Native,NA,0.32,0.32,S,Bird,Secondary,18,71.6197243913529,0.40286094970136,0.927276797263892
2018-10-12T00:00:00Z,Fragment,K04,Litsea floribunda,9,34,0,0,0,0,0,0,0,0,0,0,0,NA,Litsea floribunda,Tree,Endemic,NT,0.56358678,0.56358678,S,Bird,Secondary,10,10.8225361302489,0.00919915571071155,0.0161213588122951
2018-10-12T00:00:00Z,Fragment,K04,Maesopsis eminii,12.5,53,56,0,0,0,0,0,0,0,0,0,0,NA,Maesopsis eminii,Tree,Introduced,LC,0.34,0.34,L,Mammal_bird,Int,30,24.5429101117552,0.0473088068340659,0.0670743049021929
2018-10-12T00:00:00Z,Fragment,K04,Actinodaphne malabarica,10,34,0,0,0,0,0,0,0,0,0,0,0,NA,Actinodaphne wightiana,Tree,Endemic,LC,0.619460212,0.619460212,S,Bird,Secondary,12,10.8225361302489,0.00919915571071155,0.019594234962505
2018-10-12T00:00:00Z,Fragment,K04,Macaranga indica,20.5,239,0,0,0,0,0,0,0,0,0,0,0,NA,Macaranga indica,Tree,Native,LC,NA,0.33,S,Bird,Secondary,16,76.076062797926,0.454554475217608,0.960838611639141
2018-10-12T00:00:00Z,Fragment,K04,Vernonia arborea,14,60,0,0,0,0,0,0,0,0,0,0,0,NA,Strobocalyx arborea,Tree,Native,LC,0.33,0.33,S,Wind,Secondary,15,19.0985931710274,0.0286478897565412,0.0445982871616582
2018-10-12T00:00:00Z,Fragment,K04,Vernonia arborea,9,44,0,0,0,0,0,0,0,0,0,0,0,NA,Strobocalyx arborea,Tree,Native,LC,0.33,0.33,S,Wind,Secondary,15,14.0056349920868,0.0154061984912955,0.015816350829653
2018-10-12T00:00:00Z,Fragment,K04,Maesopsis eminii,11,61,0,0,0,0,0,0,0,0,0,0,0,NA,Maesopsis eminii,Tree,Introduced,LC,0.34,0.34,L,Mammal_bird,Int,30,19.4169030572112,0.0296107771622471,0.0374768337656558
2018-10-12T00:00:00Z,Fragment,K04,Drypetes wightii,10,88,0,0,0,0,0,0,0,0,0,0,0,NA,Drypetes wightii,Tree,Endemic,VU,NA,0.7175,M,Bird,Mature,12,28.0112699841736,0.0616247939651819,0.144740052685681
2018-10-12T00:00:00Z,Fragment,K04,Toona ciliata,12.5,67,0,0,0,0,0,0,0,0,0,0,0,NA,Toona ciliata,Tree,Native,LC,0.496,0.496,S,Wind,Secondary,28,21.326762374314,0.0357223269769759,0.073713778700269
2018-10-12T00:00:00Z,Fragment,K04,Dimocarpus longan,10,28,21,39,0,0,0,0,0,0,0,0,0,NA,Dimocarpus longan,Tree,Native,DD,0.748685273,0.748685273,S,Mammal,Mature,25,16.6801669740401,0.0218519736865172,0.054848429688727
2018-10-12T00:00:00Z,Fragment,J04,Vateria indica,24,196,0,0,0,0,0,0,0,0,0,0,0,NA,Vateria indica,Tree,Endemic,VU,0.48,0.48,L,Gravity,Mature,60,62.388737692023,0.305704814690913,1.09682626464227
2018-10-12T00:00:00Z,Fragment,J04,Vateria indica,22,113,0,0,0,0,0,0,0,0,0,0,0,NA,Vateria indica,Tree,Endemic,VU,0.48,0.48,L,Gravity,Mature,60,35.9690171387683,0.101612473417021,0.343859855629278
2018-10-12T00:00:00Z,Fragment,J04,Vateria indica,23.5,172,0,0,0,0,0,0,0,0,0,0,0,NA,Vateria indica,Tree,Endemic,VU,0.48,0.48,L,Gravity,Mature,60,54.749300423612,0.235421991821532,0.832686608522032
2018-10-12T00:00:00Z,Fragment,J04,Vernonia arborea,8,35,0,0,0,0,0,0,0,0,0,0,0,NA,Strobocalyx arborea,Tree,Native,LC,0.33,0.33,S,Wind,Secondary,15,11.1408460164327,0.00974824026437859,0.00901950338430329
2018-10-12T00:00:00Z,Fragment,J04,Vernonia arborea,9,39,0,0,0,0,0,0,0,0,0,0,0,NA,Strobocalyx arborea,Tree,Native,LC,0.33,0.33,S,Wind,Secondary,15,12.4140855611678,0.0121037334221386,0.0124981225297143
2018-10-12T00:00:00Z,Fragment,J04,Vernonia arborea,12,62,0,0,0,0,0,0,0,0,0,0,0,NA,Strobocalyx arborea,Tree,Native,LC,0.33,0.33,S,Wind,Secondary,15,19.735212943395,0.0305895800622623,0.0409049108073516
2018-10-12T00:00:00Z,Fragment,J04,Vateria indica,8.5,65,0,0,0,0,0,0,0,0,0,0,0,NA,Vateria indica,Tree,Endemic,VU,0.48,0.48,L,Gravity,Mature,60,20.6901426019464,0.0336214817281629,0.0461835764939329
2018-10-12T00:00:00Z,Fragment,J04,Macaranga indica,12,42,0,0,0,0,0,0,0,0,0,0,0,NA,Macaranga indica,Tree,Native,LC,NA,0.33,S,Bird,Secondary,16,13.3690152197192,0.0140374659807052,0.0191253541992173
2018-10-12T00:00:00Z,Fragment,J04,Actinodaphne malabarica,12,42,0,0,0,0,0,0,0,0,0,0,0,NA,Actinodaphne wightiana,Tree,Endemic,LC,0.619460212,0.619460212,S,Bird,Secondary,12,13.3690152197192,0.0140374659807052,0.0353626641547307
2018-10-12T00:00:00Z,Fragment,J04,Turpinia malabarica,9,42,24,0,0,0,0,0,0,0,0,0,0,NA,Turpinia malabarica,Tree,Endemic,NA,NA,0.453,S,Mammal,Mature,12,15.3977780774718,0.0186211283417518,0.0259252875387049
2018-10-12T00:00:00Z,Fragment,J04,Toona ciliata,27,222,0,0,0,0,0,0,0,0,0,0,0,NA,Toona ciliata,Tree,Native,LC,0.496,0.496,S,Wind,Secondary,28,70.6647947328015,0.392189610767048,1.62016231725626
2018-10-12T00:00:00Z,Fragment,J04,Olea dioica,5,45,0,0,0,0,0,0,0,0,0,0,0,NA,Olea dioica,Tree,Native,NA,0.697202827,0.697202827,S,Mammal,Secondary,15,14.3239448782706,0.0161144379880544,0.0193223721256704
2018-10-12T00:00:00Z,Fragment,J04,Macaranga indica,13,57,0,0,0,0,0,0,0,0,0,0,0,NA,Macaranga indica,Tree,Native,LC,NA,0.33,S,Bird,Secondary,16,18.1436635124761,0.0258547205052784,0.0375337888157612
2018-10-12T00:00:00Z,Fragment,J04,Vateria indica,24,164,0,0,0,0,0,0,0,0,0,0,0,NA,Vateria indica,Tree,Endemic,VU,0.48,0.48,L,Gravity,Mature,60,52.2028213341417,0.214031567469981,0.774513838122646
2018-10-12T00:00:00Z,Fragment,J04,Melicope lunu-ankenda,10,42,0,0,0,0,0,0,0,0,0,0,0,NA,Melicope lunu-ankenda,Tree,Native,LC,0.411118888,0.411118888,S,Mammal,Secondary,10,13.3690152197192,0.0140374659807052,0.0198376944697446
2018-10-12T00:00:00Z,Fragment,J04,Elaeocarpus tuberculatus,27,249,0,0,0,0,0,0,0,0,0,0,0,NA,Elaeocarpus tuberculatus,Tree,Native,NA,0.45065475,0.45065475,L,Mammal,Mature,40,79.2591616597639,0.49338828133203,1.84595125268163
2018-10-12T00:00:00Z,Fragment,J04,Vernonia arborea,10,30,0,0,0,0,0,0,0,0,0,0,0,NA,Strobocalyx arborea,Tree,Native,LC,0.33,0.33,S,Wind,Secondary,15,9.54929658551372,0.00716197243913529,0.00830016384065858
2018-10-12T00:00:00Z,Fragment,J04,Mastixia arborea,18,143,0,0,0,0,0,0,0,0,0,0,0,NA,Mastixia arborea,Tree,Native,LC,NA,0.465,L,Mammal,Mature,20,45.5183137242821,0.162727971564308,0.433982645404294
2018-10-12T00:00:00Z,Fragment,I05,Turpinia malabarica,23,132,141,78,0,0,0,0,0,0,0,0,0,NA,Turpinia malabarica,Tree,Endemic,NA,NA,0.453,S,Mammal,Mature,12,66.3040333392878,0.345278691290712,1.11984293217388
2018-10-12T00:00:00Z,Fragment,I05,Vernonia arborea,14.5,57,0,0,0,0,0,0,0,0,0,0,0,NA,Strobocalyx arborea,Tree,Native,LC,0.33,0.33,S,Wind,Secondary,15,18.1436635124761,0.0258547205052784,0.0417550361902238
2018-10-12T00:00:00Z,Fragment,I05,Vernonia arborea,12,37,0,0,0,0,0,0,0,0,0,0,0,NA,Strobocalyx arborea,Tree,Native,LC,0.33,0.33,S,Wind,Secondary,15,11.7774657888003,0.0108941558546402,0.0149333291460448
2018-10-12T00:00:00Z,Fragment,I05,Maesopsis eminii,20,70,0,0,0,0,0,0,0,0,0,0,0,NA,Maesopsis eminii,Tree,Introduced,LC,0.34,0.34,L,Mammal_bird,Int,30,22.2816920328653,0.0389929610575144,0.0878691536995277
2018-10-12T00:00:00Z,Fragment,I05,Maesopsis eminii,21,73,0,0,0,0,0,0,0,0,0,0,0,NA,Maesopsis eminii,Tree,Introduced,LC,0.34,0.34,L,Mammal_bird,Int,30,23.2366216914167,0.0424068345868355,0.10002119715279
2018-10-12T00:00:00Z,Fragment,I05,Vernonia arborea,12,32,0,0,0,0,0,0,0,0,0,0,0,NA,Strobocalyx arborea,Tree,Native,LC,0.33,0.33,S,Wind,Secondary,15,10.1859163578813,0.00814873308630504,0.0112481119414318
2018-10-12T00:00:00Z,Fragment,I05,Melicope lunu-ankenda,8,27,15,0,0,0,0,0,0,0,0,0,0,NA,Melicope lunu-ankenda,Tree,Native,LC,0.411118888,0.411118888,S,Mammal,Secondary,10,9.83160257510393,0.00759169078548341,0.00875716682912803
2018-10-12T00:00:00Z,Fragment,I05,Maesopsis eminii,15,37,50,0,0,0,0,0,0,0,0,0,0,NA,Maesopsis eminii,Tree,Introduced,LC,0.34,0.34,L,Mammal_bird,Int,30,19.7992843181819,0.0307885237411272,0.0526940067502947
2018-10-12T00:00:00Z,Fragment,I05,Cinnamomum malabatrum,23.5,166,0,0,0,0,0,0,0,0,0,0,0,NA,Cinnamomum malabathrum,Tree,Endemic,LC,NA,0.475,S,Bird,Secondary,15,52.8394411065093,0.219283680592013,0.769028712744825
2018-10-12T00:00:00Z,Fragment,I05,Vernonia arborea,16,65,0,0,0,0,0,0,0,0,0,0,0,NA,Strobocalyx arborea,Tree,Native,LC,0.33,0.33,S,Wind,Secondary,15,20.6901426019464,0.0336214817281629,0.0593982912085336
2018-10-12T00:00:00Z,Fragment,I05,Melicope lunu-ankenda,12,30,31,0,0,0,0,0,0,0,0,0,0,NA,Melicope lunu-ankenda,Tree,Native,LC,0.411118888,0.411118888,S,Mammal,Secondary,10,13.7316686079439,0.0148093674547009,0.0249724952188314
2018-10-12T00:00:00Z,Fragment,I05,Maesopsis eminii,20,87,0,0,0,0,0,0,0,0,0,0,0,NA,Maesopsis eminii,Tree,Introduced,LC,0.34,0.34,L,Mammal_bird,Int,30,27.6929600979898,0.0602321882131278,0.134321845642904
2018-10-12T00:00:00Z,Fragment,I05,Gliricidia sepium,7,31,0,0,0,0,0,0,0,0,0,0,0,NA,Gliricidia sepium,Tree,Introduced,LC,0.74,0.74,S,Gravity,Int,12,9.86760647169751,0.00764739501556557,0.0137404274236178
2018-10-12T00:00:00Z,Fragment,I05,Cinnamomum malabatrum,7,42,0,0,0,0,0,0,0,0,0,0,0,NA,Cinnamomum malabathrum,Tree,Endemic,LC,NA,0.475,S,Bird,Secondary,15,13.3690152197192,0.0140374659807052,0.0161260363926821
2018-10-12T00:00:00Z,Fragment,I05,Gliricidia sepium,8,30,0,0,0,0,0,0,0,0,0,0,0,NA,Gliricidia sepium,Tree,Introduced,LC,0.74,0.74,S,Gravity,Int,12,9.54929658551372,0.00716197243913529,0.0146826026446134
2018-10-12T00:00:00Z,Fragment,I05,Gliricidia sepium,10,35,26,19,0,0,0,0,0,0,0,0,0,NA,Gliricidia sepium,Tree,Introduced,LC,0.74,0.74,S,Gravity,Int,12,15.13897345922,0.0180004240636934,0.0448777740125439
2018-10-12T00:00:00Z,Fragment,I05,Spathodea campanulata,10.5,52,0,0,0,0,0,0,0,0,0,0,0,NA,Spathodea campanulata,Tree,Introduced,LC,0.475,0.475,S,Wind,Int,15,16.5521140815571,0.0215177483060242,0.0363453299919141
2018-10-12T00:00:00Z,Fragment,I05,Gliricidia sepium,11,41,28,19,0,0,0,0,0,0,0,0,0,NA,Gliricidia sepium,Tree,Introduced,LC,0.74,0.74,S,Gravity,Int,12,16.9213966614239,0.0224885934588848,0.0612054105709873
2018-10-12T00:00:00Z,Fragment,I05,Actinodaphne malabarica,10,33,0,0,0,0,0,0,0,0,0,0,0,NA,Actinodaphne wightiana,Tree,Endemic,LC,0.619460212,0.619460212,S,Bird,Secondary,12,10.5042262440651,0.0086659866513537,0.0184850519789239
2018-10-12T00:00:00Z,Fragment,I05,Vernonia arborea,11,37,19,0,0,0,0,0,0,0,0,0,0,NA,Strobocalyx arborea,Tree,Native,LC,0.33,0.33,S,Wind,Secondary,15,13.2395486215069,0.013766902577449,0.0172376569447597
2018-10-12T00:00:00Z,Fragment,I05,Spathodea campanulata,12,50,33,14,0,0,0,0,0,0,0,0,0,NA,Spathodea campanulata,Tree,Introduced,LC,0.475,0.475,S,Wind,Int,15,19.5831733916199,0.0301200729801412,0.0574913533944733
2018-10-12T00:00:00Z,Fragment,I05,Myristica dactyloides,8,79,0,0,0,0,0,0,0,0,0,0,0,NA,Myristica beddomei,Tree,Endemic,EN,0.575521845,0.575521845,L,Bird,Mature,20,25.1464810085195,0.049664299991826,0.0760467414183231
2018-10-12T00:00:00Z,Fragment,I05,Antidesma menasu,10,66,12,0,0,0,0,0,0,0,0,0,0,NA,Antidesma montanum,Tree,Native,LC,NA,0.624,S,Mammal_bird,Mature,10,21.3528763025153,0.0358098621956765,0.0743553022995093
2018-10-12T00:00:00Z,Fragment,I05,Maesopsis eminii,17,39,20,53,0,0,0,0,0,0,0,0,0,NA,Maesopsis eminii,Tree,Introduced,LC,0.34,0.34,L,Mammal_bird,Int,30,21.891760975953,0.0376401440412333,0.0724406626426751
2018-10-12T00:00:00Z,Fragment,I05,Elaeocarpus tuberculatus,22.5,255,0,0,0,0,0,0,0,0,0,0,0,NA,Elaeocarpus tuberculatus,Tree,Native,NA,0.45065475,0.45065475,L,Mammal,Mature,40,81.1690209768666,0.517452508727525,1.61854447888325
2018-10-10T00:00:00Z,Fragment,H08,Melicope lunu-ankenda,10,39,14,0,0,0,0,0,0,0,0,0,0,NA,Melicope lunu-ankenda,Tree,Native,LC,0.411118888,0.411118888,S,Mammal,Secondary,10,13.1897108502762,0.0136634518644392,0.0193216579880473
2018-10-10T00:00:00Z,Fragment,H08,Toona ciliata,27,121,0,0,0,0,0,0,0,0,0,0,0,NA,Toona ciliata,Tree,Native,LC,0.496,0.496,S,Wind,Secondary,28,38.5154962282387,0.116509376090422,0.495535261462947
2018-10-10T00:00:00Z,Fragment,H08,Vernonia arborea,12.5,68,23,0,0,0,0,0,0,0,0,0,0,NA,Strobocalyx arborea,Tree,Native,LC,0.33,0.33,S,Wind,Secondary,15,22.8496840089522,0.0410062710876268,0.0566631674443031
2018-10-10T00:00:00Z,Fragment,H08,Toona ciliata,22,84,0,0,0,0,0,0,0,0,0,0,0,NA,Toona ciliata,Tree,Native,LC,0.496,0.496,S,Wind,Secondary,28,26.7380304394384,0.0561498639228207,0.199005092376614
2018-10-10T00:00:00Z,Fragment,H08,Maesopsis eminii,16,71,0,0,0,0,0,0,0,0,0,0,0,NA,Maesopsis eminii,Tree,Introduced,LC,0.34,0.34,L,Mammal_bird,Int,30,22.6000019190491,0.0401150034063122,0.0726569550874567
2018-10-10T00:00:00Z,Fragment,H08,Vernonia arborea,14,70,0,0,0,0,0,0,0,0,0,0,0,NA,Strobocalyx arborea,Tree,Native,LC,0.33,0.33,S,Wind,Secondary,15,22.2816920328653,0.0389929610575144,0.0602557245336668
2018-10-10T00:00:00Z,Fragment,H08,Maesopsis eminii,12,44,38,0,0,0,0,0,0,0,0,0,0,NA,Maesopsis eminii,Tree,Introduced,LC,0.34,0.34,L,Mammal_bird,Int,30,18.5058261288466,0.0268971853825303,0.0371452588665025
2018-10-10T00:00:00Z,Fragment,H08,Spathodea campanulata,8,33,0,0,0,0,0,0,0,0,0,0,0,NA,Spathodea campanulata,Tree,Introduced,LC,0.475,0.475,S,Wind,Int,15,10.5042262440651,0.0086659866513537,0.0114731949108172
2018-10-10T00:00:00Z,Fragment,H08,Maesopsis eminii,14,47,32,0,0,0,0,0,0,0,0,0,0,NA,Maesopsis eminii,Tree,Introduced,LC,0.34,0.34,L,Mammal_bird,Int,30,18.0989333032551,0.0257273965508049,0.0413424228109696
2018-10-10T00:00:00Z,Fragment,H08,Spathodea campanulata,7,25,29,0,0,0,0,0,0,0,0,0,0,NA,Spathodea campanulata,Tree,Introduced,LC,0.475,0.475,S,Wind,Int,15,12.1875697011204,0.0116660573286359,0.0134614479322915
2018-10-10T00:00:00Z,Fragment,H08,Maesopsis eminii,15,62,0,0,0,0,0,0,0,0,0,0,0,NA,Maesopsis eminii,Tree,Introduced,LC,0.34,0.34,L,Mammal_bird,Int,30,19.735212943395,0.0305895800622623,0.0523616641086928
2018-10-10T00:00:00Z,Fragment,H08,Maesopsis eminii,12,46,0,0,0,0,0,0,0,0,0,0,0,NA,Maesopsis eminii,Tree,Introduced,LC,0.34,0.34,L,Mammal_bird,Int,30,14.6422547644544,0.0168385929791225,0.0235171114468235
2018-10-10T00:00:00Z,Fragment,H08,Maesopsis eminii,17.5,101,0,0,0,0,0,0,0,0,0,0,0,NA,Maesopsis eminii,Tree,Introduced,LC,0.34,0.34,L,Mammal_bird,Int,30,32.1492985045629,0.0811769787240212,0.157775749102407
2018-10-10T00:00:00Z,Fragment,H08,Maesopsis eminii,20,103,48,0,0,0,0,0,0,0,0,0,0,NA,Maesopsis eminii,Tree,Introduced,LC,0.34,0.34,L,Mammal_bird,Int,30,36.1712654516469,0.102758389007282,0.226239050202198
2018-10-10T00:00:00Z,Fragment,H08,Melicope lunu-ankenda,10,34,0,0,0,0,0,0,0,0,0,0,0,NA,Melicope lunu-ankenda,Tree,Native,LC,0.411118888,0.411118888,S,Mammal,Secondary,10,10.8225361302489,0.00919915571071155,0.0131327424841046
2018-10-10T00:00:00Z,Fragment,H08,Maesopsis eminii,12,36,25,0,0,0,0,0,0,0,0,0,0,NA,Maesopsis eminii,Tree,Introduced,LC,0.34,0.34,L,Mammal_bird,Int,30,13.9512721203814,0.0152868322839765,0.0213994887545616
2018-10-10T00:00:00Z,Fragment,H08,Maesopsis eminii,12,32,29,0,0,0,0,0,0,0,0,0,0,NA,Maesopsis eminii,Tree,Introduced,LC,0.34,0.34,L,Mammal_bird,Int,30,13.7464179877145,0.0148411984433192,0.0207904186138726
2018-10-10T00:00:00Z,Fragment,H08,Melicope lunu-ankenda,11.5,40,0,0,0,0,0,0,0,0,0,0,0,NA,Melicope lunu-ankenda,Tree,Native,LC,0.411118888,0.411118888,S,Mammal,Secondary,10,12.7323954473516,0.0127323954473516,0.0206714422075373
2018-10-10T00:00:00Z,Fragment,H08,Melicope lunu-ankenda,11,45,0,0,0,0,0,0,0,0,0,0,0,NA,Melicope lunu-ankenda,Tree,Native,LC,0.411118888,0.411118888,S,Mammal,Secondary,10,14.3239448782706,0.0161144379880544,0.0249102834848776
2018-10-10T00:00:00Z,Fragment,H08,Grevillea robusta,22,79,0,0,0,0,0,0,0,0,0,0,0,NA,Grevillea robusta,Tree,Introduced,LC,0.48,0.48,NA,NA,Int,35,25.1464810085195,0.049664299991826,0.170978080457549
2018-10-10T00:00:00Z,Fragment,H08,Maesopsis eminii,10,27,16,0,0,0,0,0,0,0,0,0,0,NA,Maesopsis eminii,Tree,Introduced,LC,0.34,0.34,L,Mammal_bird,Int,30,9.99006335754197,0.00783838094727585,0.00933240450524393
2018-10-10T00:00:00Z,Fragment,H08,Maesopsis eminii,13,49,33,0,0,0,0,0,0,0,0,0,0,NA,Maesopsis eminii,Tree,Introduced,LC,0.34,0.34,L,Mammal_bird,Int,30,18.8045454853809,0.0277725375695357,0.0414386999844567
2018-10-10T00:00:00Z,Fragment,H08,Elaeocarpus tuberculatus,12,42,0,0,0,0,0,0,0,0,0,0,0,NA,Elaeocarpus tuberculatus,Tree,Native,NA,0.45065475,0.45065475,L,Mammal,Mature,40,13.3690152197192,0.0140374659807052,0.025923377238171
2018-10-10T00:00:00Z,Fragment,H08,Aporosa sp.,2.5,12,12,10,11,12,11,12,12,10,10,11,0,NA,Aporosa sp.,Tree,Endemic,NA,NA,0.614922652,S,Bird,Mature,NA,11.8375333992075,0.0110055643148046,0.00598958960815962
2018-10-10T00:00:00Z,Fragment,H08,Maesopsis eminii,10,32,0,0,0,0,0,0,0,0,0,0,0,NA,Maesopsis eminii,Tree,Introduced,LC,0.34,0.34,L,Mammal_bird,Int,30,10.1859163578813,0.00814873308630504,0.00969287364510751
2018-10-10T00:00:00Z,Fragment,H08,Spathodea campanulata,9.5,55,0,0,0,0,0,0,0,0,0,0,0,NA,Spathodea campanulata,Tree,Introduced,LC,0.475,0.475,S,Wind,Int,15,17.5070437401085,0.0240721851426492,0.0367769358571609
2018-10-10T00:00:00Z,Fragment,H08,Bombax ceiba,8,58,0,0,0,0,0,0,0,0,0,0,0,NA,Bombax ceiba,Tree,Native,LC,0.3,0.3,S,Wind,Secondary,40,18.4619733986599,0.0267698614280568,0.0220279451295597
2018-10-10T00:00:00Z,Fragment,H08,Macaranga indica,13,54,0,0,0,0,0,0,0,0,0,0,0,NA,Macaranga indica,Tree,Native,LC,NA,0.33,S,Bird,Secondary,16,17.1887338539247,0.0232047907027983,0.0337743739054238
2018-10-10T00:00:00Z,Fragment,H08,Spathodea campanulata,13,94,42,0,0,0,0,0,0,0,0,0,0,NA,Spathodea campanulata,Tree,Introduced,LC,0.475,0.475,S,Wind,Int,15,32.7720085836798,0.0843521198387045,0.169838666001874
2018-10-10T00:00:00Z,Fragment,J08,Spathodea campanulata,10,45,0,0,0,0,0,0,0,0,0,0,0,NA,Spathodea campanulata,Tree,Introduced,LC,0.475,0.475,S,Wind,Int,15,14.3239448782706,0.0161144379880544,0.0261336554226233
2018-10-10T00:00:00Z,Fragment,J08,Spathodea campanulata,9,38,35,23,0,0,0,0,0,0,0,0,0,NA,Spathodea campanulata,Tree,Introduced,LC,0.475,0.475,S,Wind,Int,15,18.0006984666761,0.0254488754003941,0.0368325171085879
2018-10-10T00:00:00Z,Fragment,J08,Macaranga indica,16,98,0,0,0,0,0,0,0,0,0,0,0,NA,Macaranga indica,Tree,Native,LC,NA,0.33,S,Bird,Secondary,16,31.1943688460115,0.0764262036727281,0.132385487431475
2018-10-10T00:00:00Z,Fragment,J08,Spathodea campanulata,10,36,0,0,0,0,0,0,0,0,0,0,0,NA,Spathodea campanulata,Tree,Introduced,LC,0.475,0.475,S,Wind,Int,15,11.4591559026165,0.0103132403123548,0.016905647729722
2018-10-10T00:00:00Z,Fragment,J08,Artocarpus heterophyllus,21.5,164,0,0,0,0,0,0,0,0,0,0,0,NA,Artocarpus heterophyllus,Tree,Native,NA,0.484,0.484,L,Mammal,Mature,20,52.2028213341417,0.214031567469981,0.70132702100764
2018-10-10T00:00:00Z,Fragment,J08,Spathodea campanulata,11,76,0,0,0,0,0,0,0,0,0,0,0,NA,Spathodea campanulata,Tree,Introduced,LC,0.475,0.475,S,Wind,Int,15,24.1915513499681,0.0459639475649394,0.0797768210438756
2018-10-10T00:00:00Z,Fragment,J08,Maesopsis eminii,14,68,0,0,0,0,0,0,0,0,0,0,0,NA,Maesopsis eminii,Tree,Introduced,LC,0.34,0.34,L,Mammal_bird,Int,30,21.6450722604978,0.0367966228428462,0.0586243653382892
2018-10-10T00:00:00Z,Fragment,J08,Spathodea campanulata,7,33,0,0,0,0,0,0,0,0,0,0,0,NA,Spathodea campanulata,Tree,Introduced,LC,0.475,0.475,S,Wind,Int,15,10.5042262440651,0.0086659866513537,0.0100712698203907
2018-10-10T00:00:00Z,Fragment,J08,Spathodea campanulata,7.5,34,0,0,0,0,0,0,0,0,0,0,0,NA,Spathodea campanulata,Tree,Introduced,LC,0.475,0.475,S,Wind,Int,15,10.8225361302489,0.00919915571071155,0.011419207714004
2018-10-10T00:00:00Z,Fragment,J08,Litsea oleoides,11,40,0,0,0,0,0,0,0,0,0,0,0,NA,Litsea oleoides,Tree,Endemic,NA,NA,0.42,M,Bird,Mature,12,12.7323954473516,0.0127323954473516,0.0202110111598635
2018-10-10T00:00:00Z,Fragment,J08,Spathodea campanulata,9,37,0,0,0,0,0,0,0,0,0,0,0,NA,Spathodea campanulata,Tree,Introduced,LC,0.475,0.475,S,Wind,Int,15,11.7774657888003,0.0108941558546402,0.0160916207407766
2018-10-10T00:00:00Z,Fragment,J08,Spathodea campanulata,10,42,0,0,0,0,0,0,0,0,0,0,0,NA,Spathodea campanulata,Tree,Introduced,LC,0.475,0.475,S,Wind,Int,15,13.3690152197192,0.0140374659807052,0.0228408335273713
2018-10-10T00:00:00Z,Fragment,J08,Maesopsis eminii,13.5,38,44,24,0,0,0,0,0,0,0,0,0,NA,Maesopsis eminii,Tree,Introduced,LC,0.34,0.34,L,Mammal_bird,Int,30,20.0206543971242,0.0314808477435769,0.0485878502027444
2018-10-10T00:00:00Z,Fragment,J08,Spathodea campanulata,10.5,42,0,0,0,0,0,0,0,0,0,0,0,NA,Spathodea campanulata,Tree,Introduced,LC,0.475,0.475,S,Wind,Int,15,13.3690152197192,0.0140374659807052,0.0239548085574195
2018-10-10T00:00:00Z,Fragment,J08,Macaranga indica,16,83,0,0,0,0,0,0,0,0,0,0,0,NA,Macaranga indica,Tree,Native,LC,NA,0.33,S,Bird,Secondary,16,26.4197205532546,0.0548209201480034,0.0957210635474021
2018-10-10T00:00:00Z,Fragment,J08,Spathodea campanulata,13,42,42,22,0,0,0,0,0,0,0,0,0,NA,Spathodea campanulata,Tree,Introduced,LC,0.475,0.475,S,Wind,Int,15,20.1618597548207,0.0319264815842342,0.0657988506629335
2018-10-10T00:00:00Z,Fragment,J08,Spathodea campanulata,15,61,0,0,0,0,0,0,0,0,0,0,0,NA,Spathodea campanulata,Tree,Introduced,LC,0.475,0.475,S,Wind,Int,15,19.4169030572112,0.0296107771622471,0.0703004719247225
2018-10-10T00:00:00Z,Fragment,J08,Spathodea campanulata,6,23,22,0,0,0,0,0,0,0,0,0,0,NA,Spathodea campanulata,Tree,Introduced,LC,0.475,0.475,S,Wind,Int,15,10.1310591267492,0.0080611978676045,0.00807383319567889
2018-10-10T00:00:00Z,Fragment,J08,Spathodea campanulata,10,32,0,0,0,0,0,0,0,0,0,0,0,NA,Spathodea campanulata,Tree,Introduced,LC,0.475,0.475,S,Wind,Int,15,10.1859163578813,0.00814873308630504,0.0134332807473963
2018-10-10T00:00:00Z,Fragment,J08,Spathodea campanulata,9,47,0,0,0,0,0,0,0,0,0,0,0,NA,Spathodea campanulata,Tree,Introduced,LC,0.475,0.475,S,Wind,Int,15,14.9605646506382,0.0175786634644998,0.0256687689938342
2018-10-10T00:00:00Z,Fragment,J08,Maesopsis eminii,12,21,23,0,0,0,0,0,0,0,0,0,0,NA,Maesopsis eminii,Tree,Introduced,LC,0.34,0.34,L,Mammal_bird,Int,30,9.91370506587056,0.00771901473995693,0.0109842371934997
2018-10-10T00:00:00Z,Fragment,J08,Maesopsis eminii,12.5,30,31,0,0,0,0,0,0,0,0,0,0,NA,Maesopsis eminii,Tree,Introduced,LC,0.34,0.34,L,Mammal_bird,Int,30,13.7316686079439,0.0148093674547009,0.0215901881255968
2018-10-10T00:00:00Z,Fragment,J08,Turpinia malabarica,17.5,162,0,0,0,0,0,0,0,0,0,0,0,NA,Turpinia malabarica,Tree,Endemic,NA,NA,0.453,S,Mammal,Mature,12,51.5662015617741,0.208843116325185,0.525057250153696
2018-10-10T00:00:00Z,Fragment,J08,Spathodea campanulata,9,44,42,0,0,0,0,0,0,0,0,0,0,NA,Spathodea campanulata,Tree,Introduced,LC,0.475,0.475,S,Wind,Int,15,19.3620344870225,0.0294436644720006,0.0424653693272293
2018-10-10T00:00:00Z,Fragment,J08,Spathodea campanulata,10.5,62,0,0,0,0,0,0,0,0,0,0,0,NA,Spathodea campanulata,Tree,Introduced,LC,0.475,0.475,S,Wind,Int,15,19.735212943395,0.0305895800622623,0.0512340476020324
2018-10-10T00:00:00Z,Fragment,J08,Spathodea campanulata,8,44,0,0,0,0,0,0,0,0,0,0,0,NA,Spathodea campanulata,Tree,Introduced,LC,0.475,0.475,S,Wind,Int,15,14.0056349920868,0.0154061984912955,0.0201170727030751
2018-10-10T00:00:00Z,Fragment,J08,Spathodea campanulata,10,55,0,0,0,0,0,0,0,0,0,0,0,NA,Spathodea campanulata,Tree,Introduced,LC,0.475,0.475,S,Wind,Int,15,17.5070437401085,0.0240721851426492,0.0386649367030766
2018-10-10T00:00:00Z,Fragment,J08,Maesopsis eminii,12,53,0,0,0,0,0,0,0,0,0,0,0,NA,Maesopsis eminii,Tree,Introduced,LC,0.34,0.34,L,Mammal_bird,Int,30,16.8704239677409,0.0223533117572567,0.0310075310525683
2018-10-10T00:00:00Z,Fragment,J08,Vateria indica,28.5,158,0,0,0,0,0,0,0,0,0,0,0,NA,Vateria indica,Tree,Endemic,VU,0.48,0.48,L,Gravity,Mature,60,50.2929620170389,0.198657199967304,0.8516772282617
2018-10-10T00:00:00Z,Fragment,J08,Spathodea campanulata,8,51,0,0,0,0,0,0,0,0,0,0,0,NA,Spathodea campanulata,Tree,Introduced,LC,0.475,0.475,S,Wind,Int,15,16.2338041953733,0.020698100349101,0.0268362695078003
2018-10-10T00:00:00Z,Fragment,J08,Spathodea campanulata,10,39,0,0,0,0,0,0,0,0,0,0,0,NA,Spathodea campanulata,Tree,Introduced,LC,0.475,0.475,S,Wind,Int,15,12.4140855611678,0.0121037334221386,0.0197645734743672
2018-10-09T00:00:00Z,Fragment,M08,Maesopsis eminii,10,35,0,0,0,0,0,0,0,0,0,0,0,NA,Maesopsis eminii,Tree,Introduced,LC,0.34,0.34,L,Mammal_bird,Int,30,11.1408460164327,0.00974824026437859,0.0115457092391759
2018-10-09T00:00:00Z,Fragment,M08,Macaranga indica,11,47,0,0,0,0,0,0,0,0,0,0,0,NA,Macaranga indica,Tree,Native,LC,NA,0.33,S,Bird,Secondary,16,14.9605646506382,0.0175786634644998,0.0218816594840254
2018-10-09T00:00:00Z,Fragment,M08,Glochidion malabaricum,7.5,36,0,0,0,0,0,0,0,0,0,0,0,NA,Phyllanthus assamicus,Tree,Endemic,LC,0.544681677,0.544681677,S,Gravity,Mature,8,11.4591559026165,0.0103132403123548,0.0145919719038633
2018-10-09T00:00:00Z,Fragment,M08,Glochidion malabaricum,6,28,17,0,0,0,0,0,0,0,0,0,0,NA,Phyllanthus assamicus,Tree,Endemic,LC,0.544681677,0.544681677,S,Gravity,Mature,8,10.4267746714038,0.00853866269688018,0.00976096283553079
2018-10-09T00:00:00Z,Fragment,M08,Maesopsis eminii,13,42,47,0,0,0,0,0,0,0,0,0,0,NA,Maesopsis eminii,Tree,Introduced,LC,0.34,0.34,L,Mammal_bird,Int,30,20.0636253606124,0.031616129445205,0.0470271029149139
2018-10-09T00:00:00Z,Fragment,M08,Xanthophyllum flavescens,7.5,50,0,0,0,0,0,0,0,0,0,0,0,NA,Xanthophyllum flavescens,Tree,Endemic,NA,0.682,0.682,M,Mammal,Secondary,8,15.9154943091895,0.0198943678864869,0.0345063610266574
2018-10-09T00:00:00Z,Fragment,M08,Maesopsis eminii,10.5,32,17,0,0,0,0,0,0,0,0,0,0,NA,Maesopsis eminii,Tree,Introduced,LC,0.34,0.34,L,Mammal_bird,Int,30,11.5340675445564,0.0104485220139829,0.0129570734972088
2018-10-09T00:00:00Z,Fragment,M08,Maesopsis eminii,13,25,45,0,0,0,0,0,0,0,0,0,0,NA,Maesopsis eminii,Tree,Introduced,LC,0.34,0.34,L,Mammal_bird,Int,30,16.3860042918399,0.0210880299596761,0.0316735307674554
2018-10-09T00:00:00Z,Fragment,M08,Paracroton pendulus,11,100,0,0,0,0,0,0,0,0,0,0,0,NA,Paracroton pendulus,Tree,Endemic,LC,0.46,0.46,S,Gravity,Mature,30,31.8309886183791,0.0795774715459477,0.132107439478195
2018-10-09T00:00:00Z,Fragment,M08,Maesopsis eminii,15,68,49,0,0,0,0,0,0,0,0,0,0,NA,Maesopsis eminii,Tree,Introduced,LC,0.34,0.34,L,Mammal_bird,Int,30,26.6792300317573,0.0559031737610282,0.0943173693671127
2018-10-09T00:00:00Z,Fragment,M08,Epiprinus mallotiformis,13,88,0,0,0,0,0,0,0,0,0,0,0,NA,Epiprinus mallotiformis,Tree,Endemic,NA,NA,0.55,S,Gravity,Mature,12,28.0112699841736,0.0616247939651819,0.144247815037378
2018-10-09T00:00:00Z,Fragment,M08,Maesopsis eminii,16,53,0,0,0,0,0,0,0,0,0,0,0,NA,Maesopsis eminii,Tree,Introduced,LC,0.34,0.34,L,Mammal_bird,Int,30,16.8704239677409,0.0223533117572567,0.0410589079533003
2018-10-09T00:00:00Z,Fragment,M08,Maesopsis eminii,20.5,89,0,0,0,0,0,0,0,0,0,0,0,NA,Maesopsis eminii,Tree,Introduced,LC,0.34,0.34,L,Mammal_bird,Int,30,28.3295798703574,0.0630333152115452,0.143840391041683
2018-10-09T00:00:00Z,Fragment,M08,Macaranga indica,10,34,0,0,0,0,0,0,0,0,0,0,0,NA,Macaranga indica,Tree,Native,LC,NA,0.33,S,Bird,Secondary,16,10.8225361302489,0.00919915571071155,0.0105972412678206
2018-10-09T00:00:00Z,Fragment,M08,Glochidion malabaricum,7,18,22,28,0,0,0,0,0,0,0,0,0,NA,Phyllanthus assamicus,Tree,Endemic,LC,0.544681677,0.544681677,S,Gravity,Mature,8,12.7005245702137,0.0126687334701149,0.0166749226157318
2018-10-09T00:00:00Z,Fragment,M08,Drypetes wightii,14.5,89,0,0,0,0,0,0,0,0,0,0,0,NA,Drypetes wightii,Tree,Endemic,VU,NA,0.7175,M,Bird,Mature,12,28.3295798703574,0.0630333152115452,0.212648837801659
2018-10-09T00:00:00Z,Fragment,M08,Macaranga indica,10,38,0,0,0,0,0,0,0,0,0,0,0,NA,Macaranga indica,Tree,Native,LC,NA,0.33,S,Bird,Secondary,16,12.095775674984,0.0114909868912348,0.0131669005875934
2018-10-10T00:00:00Z,Fragment,M07,Maesopsis eminii,18.5,66,51,0,0,0,0,0,0,0,0,0,0,NA,Maesopsis eminii,Tree,Introduced,LC,0.34,0.34,L,Mammal_bird,Int,30,26.5497923645317,0.0553620469545158,0.11464715337046
2018-10-10T00:00:00Z,Fragment,M07,Antidesma menasu,7,69,0,0,0,0,0,0,0,0,0,0,0,NA,Antidesma montanum,Tree,Native,LC,NA,0.624,S,Mammal_bird,Mature,10,21.9633821466816,0.0378868342030257,0.0554658461092594
2018-10-10T00:00:00Z,Fragment,M07,Macaranga indica,4.5,33,0,0,0,0,0,0,0,0,0,0,0,NA,Macaranga indica,Tree,Native,LC,NA,0.33,S,Bird,Secondary,16,10.5042262440651,0.0086659866513537,0.00458585797139414
2018-10-10T00:00:00Z,Fragment,M07,Maesopsis eminii,13,45,0,0,0,0,0,0,0,0,0,0,0,NA,Maesopsis eminii,Tree,Introduced,LC,0.34,0.34,L,Mammal_bird,Int,30,14.3239448782706,0.0161144379880544,0.0243601149011757
2018-10-10T00:00:00Z,Fragment,M07,Maesopsis eminii,10,39,0,0,0,0,0,0,0,0,0,0,0,NA,Maesopsis eminii,Tree,Introduced,LC,0.34,0.34,L,Mammal_bird,Int,30,12.4140855611678,0.0121037334221386,0.0142612602936641
2018-10-10T00:00:00Z,Fragment,M07,Turpinia malabarica,7,33,0,0,0,0,0,0,0,0,0,0,0,NA,Turpinia malabarica,Tree,Endemic,NA,NA,0.453,S,Mammal,Mature,12,10.5042262440651,0.0086659866513537,0.00961574889168036
2018-10-10T00:00:00Z,Fragment,M07,Maesopsis eminii,12,53,49,0,0,0,0,0,0,0,0,0,0,NA,Maesopsis eminii,Tree,Introduced,LC,0.34,0.34,L,Mammal_bird,Int,30,22.9757125412158,0.0414598626754387,0.0566649236289551
2018-10-10T00:00:00Z,Fragment,M07,Cryptocarya anamalayana,14.5,87,11,14,16,12,0,0,0,0,0,0,0,NA,Cryptocarya anamalayana,Tree,Endemic,EN,NA,0.515,M,Bird,Mature,8,28.9749431002101,0.0659378929229722,0.160768162141433
2018-10-10T00:00:00Z,Fragment,M07,Maesopsis eminii,11,41,0,0,0,0,0,0,0,0,0,0,0,NA,Maesopsis eminii,Tree,Introduced,LC,0.34,0.34,L,Mammal_bird,Int,30,13.0507053335354,0.0133769729668738,0.0172565169644522
2018-10-10T00:00:00Z,Fragment,M07,Maesopsis eminii,17,72,68,0,0,0,0,0,0,0,0,0,0,NA,Maesopsis eminii,Tree,Introduced,LC,0.34,0.34,L,Mammal_bird,Int,30,31.5239301034,0.0780495840922655,0.147604795413818
2018-10-10T00:00:00Z,Fragment,M07,Xanthophyllum flavescens,7,64,0,0,0,0,0,0,0,0,0,0,0,NA,Xanthophyllum flavescens,Tree,Endemic,NA,0.682,0.682,M,Mammal,Secondary,8,20.3718327157626,0.0325949323452202,0.05223106924935
2018-10-10T00:00:00Z,Fragment,M07,Xanthophyllum flavescens,6.5,47,0,0,0,0,0,0,0,0,0,0,0,NA,Xanthophyllum flavescens,Tree,Endemic,NA,0.682,0.682,M,Mammal,Secondary,8,14.9605646506382,0.0175786634644998,0.0265942884597842
2018-10-10T00:00:00Z,Fragment,M07,Epiprinus mallotiformis,13,70,0,0,0,0,0,0,0,0,0,0,0,NA,Epiprinus mallotiformis,Tree,Endemic,NA,NA,0.55,S,Gravity,Mature,12,22.2816920328653,0.0389929610575144,0.0922806067921113
2018-10-10T00:00:00Z,Fragment,M07,Maesopsis eminii,14,49,0,0,0,0,0,0,0,0,0,0,0,NA,Maesopsis eminii,Tree,Introduced,LC,0.34,0.34,L,Mammal_bird,Int,30,15.5971844230057,0.019106550918182,0.0309231341670774
2018-10-10T00:00:00Z,Fragment,M07,Diospyros sylvatica,15.5,132,0,0,0,0,0,0,0,0,0,0,0,NA,Diospyros sylvatica,Tree,Endemic,NA,0.701678322,0.701678322,S,Mammal,Mature,35,42.0169049762604,0.138655786421659,0.479326199541145
2018-10-10T00:00:00Z,Fragment,M07,Poeciloneuron indicum,4,31,0,0,0,0,0,0,0,0,0,0,0,check,Poeciloneuron indicum,Tree,Endemic,NA,0.9,0.9,L,Gravity,Mature,30,9.86760647169751,0.00764739501556557,0.00963309044237833
2018-10-10T00:00:00Z,Fragment,M07,Actinodaphne malabarica,9,36,0,0,0,0,0,0,0,0,0,0,0,NA,Actinodaphne wightiana,Tree,Endemic,LC,0.619460212,0.619460212,S,Bird,Secondary,12,11.4591559026165,0.0103132403123548,0.0197662660320659
2018-10-10T00:00:00Z,Fragment,M07,Macaranga indica,13,40,0,0,0,0,0,0,0,0,0,0,0,NA,Macaranga indica,Tree,Native,LC,NA,0.33,S,Bird,Secondary,16,12.7323954473516,0.0127323954473516,0.0188007766845825
2018-10-10T00:00:00Z,Fragment,M07,Drypetes wightii,15,126,0,0,0,0,0,0,0,0,0,0,0,NA,Drypetes wightii,Tree,Endemic,VU,NA,0.7175,M,Bird,Mature,12,40.1070456591576,0.126337193826347,0.433258331852726
2018-10-10T00:00:00Z,Fragment,M07,Macaranga indica,12,51,0,0,0,0,0,0,0,0,0,0,0,NA,Macaranga indica,Tree,Native,LC,NA,0.33,S,Bird,Secondary,16,16.2338041953733,0.020698100349101,0.0279385495638852
2018-10-10T00:00:00Z,Fragment,M07,Maesopsis eminii,13.5,48,0,0,0,0,0,0,0,0,0,0,0,NA,Maesopsis eminii,Tree,Introduced,LC,0.34,0.34,L,Mammal_bird,Int,30,15.278874536822,0.0183346494441863,0.0286674092981538
2018-10-10T00:00:00Z,Fragment,L08,Vernonia arborea,12,64,0,0,0,0,0,0,0,0,0,0,0,NA,Strobocalyx arborea,Tree,Native,LC,0.33,0.33,S,Wind,Secondary,15,20.3718327157626,0.0325949323452202,0.0435201297351791
2018-10-10T00:00:00Z,Fragment,L08,Antidesma menasu,12,84,0,0,0,0,0,0,0,0,0,0,0,Broken,Antidesma montanum,Tree,Native,LC,NA,0.624,S,Mammal_bird,Mature,10,26.7380304394384,0.0561498639228207,0.13780043633201
2018-10-10T00:00:00Z,Fragment,L08,Vernonia arborea,14,44,0,0,0,0,0,0,0,0,0,0,0,NA,Strobocalyx arborea,Tree,Native,LC,0.33,0.33,S,Wind,Secondary,15,14.0056349920868,0.0154061984912955,0.024343698652301
2018-10-10T00:00:00Z,Fragment,L08,Eucalyptus sp.,10,54,16,0,0,0,0,0,0,0,0,0,0,NA,Eucalyptus sp.,Tree,Introduced,NA,NA,0.544,S,Wind,Int,45,17.927375561233,0.0252419739743746,0.0462298068694005
2018-10-10T00:00:00Z,Fragment,L08,Maesopsis eminii,13,52,0,0,0,0,0,0,0,0,0,0,0,NA,Maesopsis eminii,Tree,Introduced,LC,0.34,0.34,L,Mammal_bird,Int,30,16.5521140815571,0.0215177483060242,0.0323033105332784
2018-10-10T00:00:00Z,Fragment,L08,Vernonia arborea,10,30,0,0,0,0,0,0,0,0,0,0,0,NA,Strobocalyx arborea,Tree,Native,LC,0.33,0.33,S,Wind,Secondary,15,9.54929658551372,0.00716197243913529,0.00830016384065858
2018-10-10T00:00:00Z,Fragment,L08,Vernonia arborea,11,45,0,0,0,0,0,0,0,0,0,0,0,NA,Strobocalyx arborea,Tree,Native,LC,0.33,0.33,S,Wind,Secondary,15,14.3239448782706,0.0161144379880544,0.0201009259458615
2018-10-10T00:00:00Z,Fragment,L08,Vernonia arborea,9.5,26,18,0,0,0,0,0,0,0,0,0,0,NA,Strobocalyx arborea,Tree,Native,LC,0.33,0.33,S,Wind,Secondary,15,10.0658424208974,0.00795774715459477,0.00874992266815999
2018-10-10T00:00:00Z,Fragment,L08,Cinnamomum malabatrum,18,133,0,0,0,0,0,0,0,0,0,0,0,NA,Cinnamomum malabathrum,Tree,Endemic,LC,NA,0.475,S,Bird,Secondary,15,42.3352148624442,0.140764589417627,0.384621628013961
2018-10-10T00:00:00Z,Fragment,L08,Macaranga indica,9,32,0,0,0,0,0,0,0,0,0,0,0,NA,Macaranga indica,Tree,Native,LC,NA,0.33,S,Bird,Secondary,16,10.1859163578813,0.00814873308630504,0.00849453133783788
2018-10-10T00:00:00Z,Fragment,L08,Turpinia malabarica,15,122,0,0,0,0,0,0,0,0,0,0,0,NA,Turpinia malabarica,Tree,Endemic,NA,NA,0.453,S,Mammal,Mature,12,38.8338061144225,0.118443108648989,0.259697443350157
2018-10-10T00:00:00Z,Fragment,L08,Gmelina arborea,12,48,0,0,0,0,0,0,0,0,0,0,0,NA,Gmelina arborea,Tree,Native,LC,0.505,0.505,M,Mammal,Secondary,18,15.278874536822,0.0183346494441863,0.0375969441461385
2018-10-10T00:00:00Z,Fragment,L08,Maesopsis eminii,10,31,0,0,0,0,0,0,0,0,0,0,0,NA,Maesopsis eminii,Tree,Introduced,LC,0.34,0.34,L,Mammal_bird,Int,30,9.86760647169751,0.00764739501556557,0.00911040785798843
2018-10-10T00:00:00Z,Fragment,L08,Actinodaphne malabarica,8,39,0,0,0,0,0,0,0,0,0,0,0,NA,Actinodaphne wightiana,Tree,Endemic,LC,0.619460212,0.619460212,S,Bird,Secondary,12,12.4140855611678,0.0121037334221386,0.0205994395994642
2018-10-10T00:00:00Z,Fragment,K07,Macaranga indica,18,67,0,0,0,0,0,0,0,0,0,0,0,NA,Macaranga indica,Tree,Native,LC,NA,0.33,S,Bird,Secondary,16,21.326762374314,0.0357223269769759,0.0706952046194382
2018-10-10T00:00:00Z,Fragment,K07,Macaranga indica,10.5,45,0,0,0,0,0,0,0,0,0,0,0,NA,Macaranga indica,Tree,Native,LC,NA,0.33,S,Bird,Secondary,16,14.3239448782706,0.0161144379880544,0.0192086816422351
2018-10-10T00:00:00Z,Fragment,K07,Vateria indica,30,187,0,0,0,0,0,0,0,0,0,0,0,NA,Vateria indica,Tree,Endemic,VU,0.48,0.48,L,Gravity,Mature,60,59.5239487163689,0.278274460249024,1.24415067324508
2018-10-10T00:00:00Z,Fragment,K07,Vernonia arborea,16,62,0,0,0,0,0,0,0,0,0,0,0,NA,Strobocalyx arborea,Tree,Native,LC,0.33,0.33,S,Wind,Secondary,15,19.735212943395,0.0305895800622623,0.0541646145521767
2018-10-10T00:00:00Z,Fragment,K07,Vernonia arborea,13,45,0,0,0,0,0,0,0,0,0,0,0,NA,Strobocalyx arborea,Tree,Native,LC,0.33,0.33,S,Wind,Secondary,15,14.3239448782706,0.0161144379880544,0.0236605869892452
2018-10-10T00:00:00Z,Fragment,K07,Vernonia arborea,12,37,0,0,0,0,0,0,0,0,0,0,0,NA,Strobocalyx arborea,Tree,Native,LC,0.33,0.33,S,Wind,Secondary,15,11.7774657888003,0.0108941558546402,0.0149333291460448
2018-10-10T00:00:00Z,Fragment,K07,Palaquium ellipticum,36,216,0,0,0,0,0,0,0,0,0,0,0,NA,Palaquium ellipticum,Tree,Endemic,NA,0.55093772,0.55093772,L,Mammal,Mature,35,68.7549354156988,0.371276651244773,2.25318774718486
2018-10-10T00:00:00Z,Fragment,K07,Holigarna nigra,28,144,0,0,0,0,0,0,0,0,0,0,0,NA,Holigarna nigra,Tree,Endemic,NA,NA,0.493977646,L,Mammal,Mature,35,45.8366236104659,0.165011844997677,0.718264686608789
2018-10-10T00:00:00Z,Fragment,K07,Macaranga indica,15,63,0,0,0,0,0,0,0,0,0,0,0,NA,Macaranga indica,Tree,Native,LC,NA,0.33,S,Bird,Secondary,16,20.0535228295788,0.0315842984565866,0.052471538399549
2018-10-10T00:00:00Z,Fragment,K07,Macaranga indica,14.5,41,0,0,0,0,0,0,0,0,0,0,0,NA,Macaranga indica,Tree,Native,LC,NA,0.33,S,Bird,Secondary,16,13.0507053335354,0.0133769729668738,0.0219480142997799
2018-10-10T00:00:00Z,Fragment,K07,Macaranga indica,15.5,46,0,0,0,0,0,0,0,0,0,0,0,NA,Macaranga indica,Tree,Native,LC,NA,0.33,S,Bird,Secondary,16,14.6422547644544,0.0168385929791225,0.02932331061892
2018-10-10T00:00:00Z,Fragment,K07,Vernonia arborea,10,34,0,0,0,0,0,0,0,0,0,0,0,NA,Strobocalyx arborea,Tree,Native,LC,0.33,0.33,S,Wind,Secondary,15,10.8225361302489,0.00919915571071155,0.0105972412678206
2018-10-10T00:00:00Z,Fragment,K07,Vernonia arborea,10.5,31,0,0,0,0,0,0,0,0,0,0,0,NA,Strobocalyx arborea,Tree,Native,LC,0.33,0.33,S,Wind,Secondary,15,9.86760647169751,0.00764739501556557,0.00928035860494694
2018-10-10T00:00:00Z,Fragment,K07,Elaeocarpus tuberculatus,32.5,312,0,0,0,0,0,0,0,0,0,0,0,With buttress,Elaeocarpus tuberculatus,Tree,Native,NA,0.45065475,0.45065475,L,Mammal,Mature,40,99.3126844893427,0.774638939016873,3.4357060259713
2018-10-10T00:00:00Z,Fragment,K07,Macaranga indica,13,40,0,0,0,0,0,0,0,0,0,0,0,NA,Macaranga indica,Tree,Native,LC,NA,0.33,S,Bird,Secondary,16,12.7323954473516,0.0127323954473516,0.0188007766845825
2018-10-10T00:00:00Z,Fragment,K07,Maesopsis eminii,14,49,0,0,0,0,0,0,0,0,0,0,0,NA,Maesopsis eminii,Tree,Introduced,LC,0.34,0.34,L,Mammal_bird,Int,30,15.5971844230057,0.019106550918182,0.0309231341670774
2018-10-10T00:00:00Z,Fragment,K07,Macaranga indica,12,37,0,0,0,0,0,0,0,0,0,0,0,NA,Macaranga indica,Tree,Native,LC,NA,0.33,S,Bird,Secondary,16,11.7774657888003,0.0108941558546402,0.0149333291460448
2018-10-10T00:00:00Z,Fragment,K07,Vateria indica,17.5,113,0,0,0,0,0,0,0,0,0,0,0,NA,Vateria indica,Tree,Endemic,VU,0.48,0.48,L,Gravity,Mature,60,35.9690171387683,0.101612473417021,0.275031270812653
2018-10-10T00:00:00Z,Fragment,K07,Macaranga indica,16,51,0,0,0,0,0,0,0,0,0,0,0,NA,Macaranga indica,Tree,Native,LC,NA,0.33,S,Bird,Secondary,16,16.2338041953733,0.020698100349101,0.036995087836807
2018-10-10T00:00:00Z,Fragment,K07,Drypetes wightii,11.5,74,0,0,0,0,0,0,0,0,0,0,0,NA,Drypetes wightii,Tree,Endemic,VU,NA,0.7175,M,Bird,Mature,12,23.5549315776005,0.0435766234185609,0.11828780133034
2018-10-10T00:00:00Z,Fragment,K07,Cullenia exarillata,23,104,0,0,0,0,0,0,0,0,0,0,0,NA,Cullenia exarillata,Tree,Endemic,NA,NA,0.55,L,Gravity,Mature,40,33.1042281631142,0.086070993224097,0.348791427058627
2018-10-10T00:00:00Z,Fragment,K07,Maesopsis eminii,17,54,0,0,0,0,0,0,0,0,0,0,0,NA,Maesopsis eminii,Tree,Introduced,LC,0.34,0.34,L,Mammal_bird,Int,30,17.1887338539247,0.0232047907027983,0.045180450824823
2018-10-10T00:00:00Z,Fragment,K07,Cullenia exarillata,34,262,0,0,0,0,0,0,0,0,0,0,0,with fluted,Cullenia exarillata,Tree,Endemic,NA,NA,0.55,L,Gravity,Mature,40,83.3971901801532,0.546251595680003,3.1011151972863
2018-10-10T00:00:00Z,Fragment,K07,Maesopsis eminii,14,56,0,0,0,0,0,0,0,0,0,0,0,NA,Maesopsis eminii,Tree,Introduced,LC,0.34,0.34,L,Mammal_bird,Int,30,17.8253536262923,0.0249554950768092,0.0401313514588614
2018-10-10T00:00:00Z,Fragment,K07,Maesopsis eminii,17,53,54,0,0,0,0,0,0,0,0,0,0,NA,Maesopsis eminii,Tree,Introduced,LC,0.34,0.34,L,Mammal_bird,Int,30,24.0845132056345,0.0455581024600551,0.0872784088588929
2018-10-10T00:00:00Z,Fragment,K07,Vernonia arborea,18,39,0,0,0,0,0,0,0,0,0,0,0,NA,Strobocalyx arborea,Tree,Native,LC,0.33,0.33,S,Wind,Secondary,15,12.4140855611678,0.0121037334221386,0.0245838588588165
2018-10-10T00:00:00Z,Fragment,K07,Macaranga indica,13,63,0,0,0,0,0,0,0,0,0,0,0,NA,Macaranga indica,Tree,Native,LC,NA,0.33,S,Bird,Secondary,16,20.0535228295788,0.0315842984565866,0.0456317831885679
2018-10-09T00:00:00Z,Fragment,N08,Maesopsis eminii,16,37,43,0,0,0,0,0,0,0,0,0,0,NA,Maesopsis eminii,Tree,Introduced,LC,0.34,0.34,L,Mammal_bird,Int,30,18.0568980990934,0.025608030343486,0.0468840231348989
2018-10-09T00:00:00Z,Fragment,N08,Maesopsis eminii,19,63,0,0,0,0,0,0,0,0,0,0,0,NA,Maesopsis eminii,Tree,Introduced,LC,0.34,0.34,L,Mammal_bird,Int,30,20.0535228295788,0.0315842984565866,0.0680418417839385
2018-10-09T00:00:00Z,Fragment,N08,Maesopsis eminii,12,51,0,0,0,0,0,0,0,0,0,0,0,NA,Maesopsis eminii,Tree,Introduced,LC,0.34,0.34,L,Mammal_bird,Int,30,16.2338041953733,0.020698100349101,0.0287645559198423
2018-10-09T00:00:00Z,Fragment,N08,Glochidion malabaricum,14.5,107,0,0,0,0,0,0,0,0,0,0,0,NA,Phyllanthus assamicus,Tree,Endemic,LC,0.544681677,0.544681677,S,Gravity,Mature,8,34.0591578216656,0.0911082471729555,0.232811277761479
2018-10-09T00:00:00Z,Fragment,N08,Maesopsis eminii,11,29,21,0,0,0,0,0,0,0,0,0,0,NA,Maesopsis eminii,Tree,Introduced,LC,0.34,0.34,L,Mammal_bird,Int,30,11.397094253777,0.0102018318521905,0.0132463970029145
2018-10-09T00:00:00Z,Fragment,N08,Maesopsis eminii,12,39,0,0,0,0,0,0,0,0,0,0,0,NA,Maesopsis eminii,Tree,Introduced,LC,0.34,0.34,L,Mammal_bird,Int,30,12.4140855611678,0.0121037334221386,0.0170387920559248
2018-10-09T00:00:00Z,Fragment,N08,Maesopsis eminii,10.5,37,0,0,0,0,0,0,0,0,0,0,0,NA,Maesopsis eminii,Tree,Introduced,LC,0.34,0.34,L,Mammal_bird,Int,30,11.7774657888003,0.0108941558546402,0.0134961630049017
2018-10-09T00:00:00Z,Fragment,N08,Maesopsis eminii,11.5,32,0,0,0,0,0,0,0,0,0,0,0,NA,Maesopsis eminii,Tree,Introduced,LC,0.34,0.34,L,Mammal_bird,Int,30,10.1859163578813,0.00814873308630504,0.0111094777516991
2018-10-09T00:00:00Z,Fragment,N08,Maesopsis eminii,16,61,0,0,0,0,0,0,0,0,0,0,0,NA,Maesopsis eminii,Tree,Introduced,LC,0.34,0.34,L,Mammal_bird,Int,30,19.4169030572112,0.0296107771622471,0.0540237509614556
2018-10-09T00:00:00Z,Fragment,N08,Maesopsis eminii,13,34,22,0,0,0,0,0,0,0,0,0,0,NA,Maesopsis eminii,Tree,Introduced,LC,0.34,0.34,L,Mammal_bird,Int,30,12.8905679150856,0.0130507053335354,0.0198287848822525
2018-10-09T00:00:00Z,Fragment,N08,Maesopsis eminii,14,33,40,19,0,0,0,0,0,0,0,0,0,NA,Maesopsis eminii,Tree,Introduced,LC,0.34,0.34,L,Mammal_bird,Int,30,17.5792380411988,0.024271128821514,0.039056866720778
2018-10-09T00:00:00Z,Fragment,N08,Maesopsis eminii,14.5,50,0,0,0,0,0,0,0,0,0,0,0,NA,Maesopsis eminii,Tree,Introduced,LC,0.34,0.34,L,Mammal_bird,Int,30,15.9154943091895,0.0198943678864869,0.0332877477933872
2018-10-09T00:00:00Z,Fragment,N08,Maesopsis eminii,25,133,0,0,0,0,0,0,0,0,0,0,0,NA,Maesopsis eminii,Tree,Introduced,LC,0.34,0.34,L,Mammal_bird,Int,30,42.3352148624442,0.140764589417627,0.382426206347942
2018-10-09T00:00:00Z,Fragment,N08,Maesopsis eminii,10,31,0,0,0,0,0,0,0,0,0,0,0,NA,Maesopsis eminii,Tree,Introduced,LC,0.34,0.34,L,Mammal_bird,Int,30,9.86760647169751,0.00764739501556557,0.00911040785798843
2018-10-09T00:00:00Z,Fragment,N08,Maesopsis eminii,16,63,0,0,0,0,0,0,0,0,0,0,0,NA,Maesopsis eminii,Tree,Introduced,LC,0.34,0.34,L,Mammal_bird,Int,30,20.0535228295788,0.0315842984565866,0.0575352029412825
2018-10-09T00:00:00Z,Fragment,N08,Maesopsis eminii,18,70,0,0,0,0,0,0,0,0,0,0,0,NA,Maesopsis eminii,Tree,Introduced,LC,0.34,0.34,L,Mammal_bird,Int,30,22.2816920328653,0.0389929610575144,0.0792824628618415
2018-10-09T00:00:00Z,Fragment,N08,Maesopsis eminii,14,38,0,0,0,0,0,0,0,0,0,0,0,NA,Maesopsis eminii,Tree,Introduced,LC,0.34,0.34,L,Mammal_bird,Int,30,12.095775674984,0.0114909868912348,0.0188260122572144
2018-10-09T00:00:00Z,Fragment,N08,Maesopsis eminii,13.5,44,0,0,0,0,0,0,0,0,0,0,0,NA,Maesopsis eminii,Tree,Introduced,LC,0.34,0.34,L,Mammal_bird,Int,30,14.0056349920868,0.0154061984912955,0.0241894044614738
2018-10-09T00:00:00Z,Fragment,N08,Maesopsis eminii,11,35,0,0,0,0,0,0,0,0,0,0,0,NA,Maesopsis eminii,Tree,Introduced,LC,0.34,0.34,L,Mammal_bird,Int,30,11.1408460164327,0.00974824026437859,0.012671262180594
2018-10-09T00:00:00Z,Fragment,N08,Maesopsis eminii,15,47,0,0,0,0,0,0,0,0,0,0,0,NA,Maesopsis eminii,Tree,Introduced,LC,0.34,0.34,L,Mammal_bird,Int,30,14.9605646506382,0.0175786634644998,0.0304929808641746
2018-10-09T00:00:00Z,Fragment,N08,Maesopsis eminii,13,32,0,0,0,0,0,0,0,0,0,0,0,NA,Maesopsis eminii,Tree,Introduced,LC,0.34,0.34,L,Mammal_bird,Int,30,10.1859163578813,0.00814873308630504,0.0125216414318773
2018-10-09T00:00:00Z,Fragment,N08,Cullenia exarillata,24,169,0,0,0,0,0,0,0,0,0,0,0,NA,Cullenia exarillata,Tree,Endemic,NA,NA,0.55,L,Gravity,Mature,40,53.7943707650606,0.227281216482381,0.93797524127104
2018-10-09T00:00:00Z,Fragment,N08,Maesopsis eminii,13,62,0,0,0,0,0,0,0,0,0,0,0,NA,Maesopsis eminii,Tree,Introduced,LC,0.34,0.34,L,Mammal_bird,Int,30,19.735212943395,0.0305895800622623,0.0455362312003611
2018-10-09T00:00:00Z,Fragment,N08,Maesopsis eminii,15,67,0,0,0,0,0,0,0,0,0,0,0,NA,Maesopsis eminii,Tree,Introduced,LC,0.34,0.34,L,Mammal_bird,Int,30,21.326762374314,0.0357223269769759,0.0609204184008156
2018-10-09T00:00:00Z,Fragment,N08,Maesopsis eminii,10,31,0,0,0,0,0,0,0,0,0,0,0,NA,Maesopsis eminii,Tree,Introduced,LC,0.34,0.34,L,Mammal_bird,Int,30,9.86760647169751,0.00764739501556557,0.00911040785798843
2018-10-09T00:00:00Z,Fragment,N08,Maesopsis eminii,14.5,57,0,0,0,0,0,0,0,0,0,0,0,NA,Maesopsis eminii,Tree,Introduced,LC,0.34,0.34,L,Mammal_bird,Int,30,18.1436635124761,0.0258547205052784,0.0429895285251776
2018-10-15T00:00:00Z,Fragment,A02,Spathodea campanulata,12,102,0,0,0,0,0,0,0,0,0,0,0,NA,Spathodea campanulata,Tree,Introduced,LC,0.475,0.475,S,Wind,Int,15,32.4676083907466,0.082792401396404,0.154240265836799
2018-10-15T00:00:00Z,Fragment,A02,Bombax ceiba,12,60,0,0,0,0,0,0,0,0,0,0,0,NA,Bombax ceiba,Tree,Native,LC,0.3,0.3,S,Wind,Secondary,40,19.0985931710274,0.0286478897565412,0.0349605979628299
2018-10-15T00:00:00Z,Fragment,A02,Spathodea campanulata,15.5,185,59,0,0,0,0,0,0,0,0,0,0,NA,Spathodea campanulata,Tree,Introduced,LC,0.475,0.475,S,Wind,Int,15,61.8095182833355,0.30005481421115,0.69577638284487
2018-10-15T00:00:00Z,Fragment,A02,Spathodea campanulata,15,91,0,0,0,0,0,0,0,0,0,0,0,NA,Spathodea campanulata,Tree,Introduced,LC,0.475,0.475,S,Wind,Int,15,28.9661996427249,0.0658981041871993,0.153476964238847
2018-10-15T00:00:00Z,Fragment,A02,Spathodea campanulata,8,35,0,0,0,0,0,0,0,0,0,0,0,NA,Spathodea campanulata,Tree,Introduced,LC,0.475,0.475,S,Wind,Int,15,11.1408460164327,0.00974824026437859,0.012869627698969
2018-10-15T00:00:00Z,Fragment,A02,Macaranga indica,14,107,27,0,0,0,0,0,0,0,0,0,0,NA,Macaranga indica,Tree,Native,LC,NA,0.33,S,Bird,Secondary,16,35.1267615130742,0.0969094448486551,0.146517360152684
2018-10-15T00:00:00Z,Fragment,A02,Maesopsis eminii,15,63,54,0,0,0,0,0,0,0,0,0,0,NA,Maesopsis eminii,Tree,Introduced,LC,0.34,0.34,L,Mammal_bird,Int,30,26.4120493218057,0.054789089159385,0.0924824044520714
2018-10-15T00:00:00Z,Fragment,A02,Maesopsis eminii,19,137,0,0,0,0,0,0,0,0,0,0,0,NA,Maesopsis eminii,Tree,Introduced,LC,0.34,0.34,L,Mammal_bird,Int,30,43.6084544071793,0.149358956344589,0.309985839559768
2018-10-15T00:00:00Z,Fragment,A02,Vernonia arborea,13,46,0,0,0,0,0,0,0,0,0,0,0,NA,Strobocalyx arborea,Tree,Native,LC,0.33,0.33,S,Wind,Secondary,15,14.6422547644544,0.0168385929791225,0.0246977832713807
2018-10-15T00:00:00Z,Fragment,A02,Eucalyptus sp.,24,136,0,0,0,0,0,0,0,0,0,0,0,NA,Eucalyptus sp.,Tree,Introduced,NA,NA,0.544,S,Wind,Int,45,43.2901445209955,0.147186491371385,0.607260479009805
2018-10-15T00:00:00Z,Fragment,A02,Spathodea campanulata,16,96,112,0,0,0,0,0,0,0,0,0,0,NA,Spathodea campanulata,Tree,Introduced,LC,0.475,0.475,S,Wind,Int,15,46.9547543498768,0.173160578083982,0.41966767065327
2018-10-15T00:00:00Z,Fragment,A02,Macaranga indica,16,130,0,0,0,0,0,0,0,0,0,0,0,NA,Macaranga indica,Tree,Native,LC,NA,0.33,S,Bird,Secondary,16,41.3802852038928,0.134485926912652,0.229818244422119
2018-10-08T00:00:00Z,Fragment,M10,Vernonia arborea,8.5,37,0,0,0,0,0,0,0,0,0,0,0,NA,Strobocalyx arborea,Tree,Native,LC,0.33,0.33,S,Wind,Secondary,15,11.7774657888003,0.0108941558546402,0.01066568155591
2018-10-08T00:00:00Z,Fragment,M10,Maesopsis eminii,15.5,57,0,0,0,0,0,0,0,0,0,0,0,NA,Maesopsis eminii,Tree,Introduced,LC,0.34,0.34,L,Mammal_bird,Int,30,18.1436635124761,0.0258547205052784,0.0458808282615142
2018-10-08T00:00:00Z,Fragment,M10,Mastixia arborea,12.5,61,0,0,0,0,0,0,0,0,0,0,0,NA,Mastixia arborea,Tree,Native,LC,NA,0.465,L,Mammal,Mature,20,19.4169030572112,0.0296107771622471,0.0576313062587906
2018-10-08T00:00:00Z,Fragment,M10,Macaranga peltata,18.5,136,0,0,0,0,0,0,0,0,0,0,0,NA,Macaranga peltata,Tree,Endemic,NA,0.466512198,0.466512198,S,Bird,Secondary,12,43.2901445209955,0.147186491371385,0.405428447594186
2018-10-08T00:00:00Z,Fragment,M10,Cullenia exarillata,29,200,0,0,0,0,0,0,0,0,0,0,0,NA,Cullenia exarillata,Tree,Endemic,NA,NA,0.55,L,Gravity,Mature,40,63.6619772367581,0.318309886183791,1.56740545209251
2018-10-08T00:00:00Z,Fragment,M10,Erythrina sp.,6,37,0,0,0,0,0,0,0,0,0,0,0,NA,Erythrina sp.,Tree,Native,NA,NA,0.23,M,Gravity,Secondary,NA,11.7774657888003,0.0108941558546402,0.00533738000542626
2018-10-08T00:00:00Z,Fragment,M10,Maesopsis eminii,17.5,56,47,0,0,0,0,0,0,0,0,0,0,fallen,Maesopsis eminii,Tree,Introduced,LC,0.34,0.34,L,Mammal_bird,Int,30,23.2714788221182,0.042534158541309,0.083961829612809
2018-10-08T00:00:00Z,Fragment,M10,Phoebe lanceolata,10,57,0,0,0,0,0,0,0,0,0,0,0,NA,Phoebe lanceolata,Tree,Native,LC,NA,0.49,S,Bird,Mature,8,18.1436635124761,0.0258547205052784,0.0427341886666895
2018-10-08T00:00:00Z,Fragment,M10,Maesopsis eminii,13.5,41,0,0,0,0,0,0,0,0,0,0,0,NA,Maesopsis eminii,Tree,Introduced,LC,0.34,0.34,L,Mammal_bird,Int,30,13.0507053335354,0.0133769729668738,0.0210746145423248
2018-10-08T00:00:00Z,Fragment,M10,Maesopsis eminii,11.5,31,0,0,0,0,0,0,0,0,0,0,0,NA,Maesopsis eminii,Tree,Introduced,LC,0.34,0.34,L,Mammal_bird,Int,30,9.86760647169751,0.00764739501556557,0.0104418851532553
2018-10-08T00:00:00Z,Fragment,M10,Xanthophyllum flavescens,7,41,0,0,0,0,0,0,0,0,0,0,0,NA,Xanthophyllum flavescens,Tree,Endemic,NA,0.682,0.682,M,Mammal,Secondary,8,13.0507053335354,0.0133769729668738,0.0218987686598898
2018-10-08T00:00:00Z,Fragment,M10,Antidesma menasu,13,63,0,0,0,0,0,0,0,0,0,0,0,NA,Antidesma montanum,Tree,Native,LC,NA,0.624,S,Mammal_bird,Mature,10,20.0535228295788,0.0315842984565866,0.0849763346848525
2018-10-08T00:00:00Z,Fragment,M10,Actinodaphne tadulingamii,16,157,0,0,0,0,0,0,0,0,0,0,0,NA,Actinodaphne tadulingamii,Tree,Endemic,NT,NA,0.52,S,Bird,Secondary,10,49.9746521308551,0.196150509613606,0.517741358148342
2018-10-08T00:00:00Z,Fragment,M10,Drypetes wightii,14.5,101,0,0,0,0,0,0,0,0,0,0,0,NA,Drypetes wightii,Tree,Endemic,VU,NA,0.7175,M,Bird,Mature,12,32.1492985045629,0.0811769787240212,0.27220057742216
2018-10-08T00:00:00Z,Fragment,M10,Drypetes malabarica,15,113,0,0,0,0,0,0,0,0,0,0,0,NA,Drypetes malabarica,Tree,Endemic,NA,NA,0.7175,S,Gravity,Mature,20,35.9690171387683,0.101612473417021,0.350294034096858
2018-10-08T00:00:00Z,Fragment,M10,Maesopsis eminii,15,38,0,0,0,0,0,0,0,0,0,0,0,NA,Maesopsis eminii,Tree,Introduced,LC,0.34,0.34,L,Mammal_bird,Int,30,12.095775674984,0.0114909868912348,0.0201373557812198
2018-10-08T00:00:00Z,Fragment,M10,Melicope lunu-ankenda,10,32,0,0,0,0,0,0,0,0,0,0,0,NA,Melicope lunu-ankenda,Tree,Native,LC,0.411118888,0.411118888,S,Mammal,Secondary,10,10.1859163578813,0.00814873308630504,0.0116670575473442
2018-10-08T00:00:00Z,Fragment,M10,Phoebe lanceolata,8,52,23,18,15,11,12,19,19,0,0,0,0,NA,Phoebe lanceolata,Tree,Native,LC,NA,0.49,S,Bird,Mature,8,21.9818271485859,0.0379504961802624,0.0499883312195422
2018-10-08T00:00:00Z,Fragment,L10,Paracroton pendulus,7,24,20,16,14,0,0,0,0,0,0,0,0,NA,Paracroton pendulus,Tree,Endemic,LC,0.46,0.46,S,Gravity,Mature,30,12.0285764012729,0.0113636629367613,0.0127162316820461
2018-10-08T00:00:00Z,Fragment,L10,Drypetes malabarica,17.5,111,0,0,0,0,0,0,0,0,0,0,0,NA,Drypetes malabarica,Tree,Endemic,NA,NA,0.7175,S,Gravity,Mature,20,35.3323973664008,0.0980474026917621,0.39321867952462
2018-10-08T00:00:00Z,Fragment,L10,Epiprinus mallotiformis,12.5,74,0,0,0,0,0,0,0,0,0,0,0,NA,Epiprinus mallotiformis,Tree,Endemic,NA,NA,0.55,S,Gravity,Mature,12,23.5549315776005,0.0435766234185609,0.0989908025471252
2018-10-08T00:00:00Z,Fragment,L10,Vateria indica,28,119,0,0,0,0,0,0,0,0,0,0,0,NA,Vateria indica,Tree,Endemic,VU,0.48,0.48,L,Gravity,Mature,60,37.8788764558711,0.112689657456217,0.481350830615839
2018-10-08T00:00:00Z,Fragment,L10,Vateria indica,29,108,0,0,0,0,0,0,0,0,0,0,0,NA,Vateria indica,Tree,Endemic,VU,0.48,0.48,L,Gravity,Mature,60,34.3774677078494,0.0928191628111934,0.412203272176589
2018-10-08T00:00:00Z,Fragment,L10,Epiprinus mallotiformis,14.5,95,0,0,0,0,0,0,0,0,0,0,0,NA,Epiprinus mallotiformis,Tree,Endemic,NA,NA,0.55,S,Gravity,Mature,12,30.2394391874601,0.0718186680702178,0.186329665068441
2018-10-08T00:00:00Z,Fragment,L10,Melicope lunu-ankenda,12,41,0,0,0,0,0,0,0,0,0,0,0,NA,Melicope lunu-ankenda,Tree,Native,LC,0.411118888,0.411118888,S,Mammal,Secondary,10,13.0507053335354,0.0133769729668738,0.0226122389847261
2018-10-08T00:00:00Z,Fragment,L10,Melicope lunu-ankenda,9,30,0,0,0,0,0,0,0,0,0,0,0,NA,Melicope lunu-ankenda,Tree,Native,LC,0.411118888,0.411118888,S,Mammal,Secondary,10,9.54929658551372,0.00716197243913529,0.00928089716859597
2018-10-08T00:00:00Z,Fragment,L10,Turpinia malabarica,18.5,149,0,0,0,0,0,0,0,0,0,0,0,NA,Turpinia malabarica,Tree,Endemic,NA,NA,0.453,S,Mammal,Mature,12,47.4281730413848,0.176669944579158,0.470811886311013
2018-10-08T00:00:00Z,Fragment,L10,Macaranga indica,13,49,0,0,0,0,0,0,0,0,0,0,0,NA,Macaranga indica,Tree,Native,LC,NA,0.33,S,Bird,Secondary,16,15.5971844230057,0.019106550918182,0.0279394232026745
2018-10-08T00:00:00Z,Fragment,L10,Clerodendrum infortunatum,6.5,30,0,0,0,0,0,0,0,0,0,0,0,NA,Clerodendrum infortunatum,Tree,Native,LC,0.484259167,0.484259167,S,Bird,Secondary,4,9.54929658551372,0.00716197243913529,0.00792604398666997
2018-10-08T00:00:00Z,Fragment,L10,Palaquium ellipticum,33,122,0,0,0,0,0,0,0,0,0,0,0,NA,Palaquium ellipticum,Tree,Endemic,NA,0.55093772,0.55093772,L,Mammal,Mature,35,38.8338061144225,0.118443108648989,0.678635247583933
2018-10-08T00:00:00Z,Fragment,L10,Turpinia malabarica,19.5,172,0,0,0,0,0,0,0,0,0,0,0,NA,Turpinia malabarica,Tree,Endemic,NA,NA,0.453,S,Mammal,Mature,12,54.749300423612,0.235421991821532,0.655924004564738
2018-10-08T00:00:00Z,Fragment,L10,Tetrameles nudiflora,32,261,0,0,0,0,0,0,0,0,0,0,0,NA,Tetrameles nudiflora,Tree,Native,LC,NA,0.55,S,Wind,Secondary,40,83.0788802939694,0.54208969391815,2.90120892472048
2018-10-08T00:00:00Z,Fragment,K10,Vernonia arborea,13,73,0,0,0,0,0,0,0,0,0,0,0,NA,Strobocalyx arborea,Tree,Native,LC,0.33,0.33,S,Wind,Secondary,15,23.2366216914167,0.0424068345868355,0.0608360363600691
2018-10-08T00:00:00Z,Fragment,K10,Elaeocarpus tuberculatus,12.5,54,0,0,0,0,0,0,0,0,0,0,0,NA,Elaeocarpus tuberculatus,Tree,Native,NA,0.45065475,0.45065475,L,Mammal,Mature,40,17.1887338539247,0.0232047907027983,0.0440600373171124
2018-10-08T00:00:00Z,Fragment,K10,Maesopsis eminii,11.5,30,12,0,0,0,0,0,0,0,0,0,0,NA,Maesopsis eminii,Tree,Introduced,LC,0.34,0.34,L,Mammal_bird,Int,30,10.2849071810396,0.00830788802939694,0.0113212028643767
2018-10-08T00:00:00Z,Fragment,K10,Vateria indica,25,197,0,0,0,0,0,0,0,0,0,0,0,NA,Vateria indica,Tree,Endemic,VU,0.48,0.48,L,Gravity,Mature,60,62.7070475782068,0.308832209322668,1.1528036431037
2018-10-08T00:00:00Z,Fragment,K10,Maesopsis eminii,10.5,21,28,23,0,0,0,0,0,0,0,0,0,NA,Maesopsis eminii,Tree,Introduced,LC,0.34,0.34,L,Mammal_bird,Int,30,13.3310673281872,0.0139578885091592,0.0171891114906353
2018-10-08T00:00:00Z,Fragment,K10,Maesopsis eminii,10.5,31,0,0,0,0,0,0,0,0,0,0,0,NA,Maesopsis eminii,Tree,Introduced,LC,0.34,0.34,L,Mammal_bird,Int,30,9.86760647169751,0.00764739501556557,0.00955473344948633
2018-10-08T00:00:00Z,Fragment,K10,Toona ciliata,17,200,0,0,0,0,0,0,0,0,0,0,0,NA,Toona ciliata,Tree,Native,LC,0.496,0.496,S,Wind,Secondary,28,63.6619772367581,0.318309886183791,0.841385814581429
2018-10-08T00:00:00Z,Fragment,K10,Myristica dactyloides,13.5,117,0,0,0,0,0,0,0,0,0,0,0,NA,Myristica beddomei,Tree,Endemic,EN,0.575521845,0.575521845,L,Bird,Mature,20,37.2422566835035,0.108933600799248,0.27277292456784
2018-10-08T00:00:00Z,Fragment,K10,Macaranga indica,14.5,92,0,0,0,0,0,0,0,0,0,0,0,NA,Macaranga indica,Tree,Native,LC,NA,0.33,S,Bird,Secondary,16,29.2845095289087,0.0673543719164901,0.106305316575601
2018-10-08T00:00:00Z,Fragment,K10,Macaranga indica,12.5,66,0,0,0,0,0,0,0,0,0,0,0,NA,Macaranga indica,Tree,Native,LC,NA,0.33,S,Bird,Secondary,16,21.0084524881302,0.0346639466054148,0.0480927831772469
2018-10-08T00:00:00Z,Fragment,K10,Drypetes wightii,16.5,118,0,0,0,0,0,0,0,0,0,0,0,NA,Drypetes wightii,Tree,Endemic,VU,NA,0.7175,M,Bird,Mature,12,37.5605665696873,0.110803671380578,0.418346902881335
2018-10-08T00:00:00Z,Fragment,K10,Vernonia arborea,14.5,61,0,0,0,0,0,0,0,0,0,0,0,NA,Strobocalyx arborea,Tree,Native,LC,0.33,0.33,S,Wind,Secondary,15,19.4169030572112,0.0296107771622471,0.0476655912136553
2018-10-08T00:00:00Z,Fragment,K10,Maesopsis eminii,15.5,71,0,0,0,0,0,0,0,0,0,0,0,NA,Maesopsis eminii,Tree,Introduced,LC,0.34,0.34,L,Mammal_bird,Int,30,22.6000019190491,0.0401150034063122,0.0704400779363467
2018-10-08T00:00:00Z,Fragment,K10,Elaeocarpus tuberculatus,25.5,232,0,0,0,0,0,0,0,0,0,0,0,NA,Elaeocarpus tuberculatus,Tree,Native,NA,0.45065475,0.45065475,L,Mammal,Mature,40,73.8478935946394,0.428317782848909,1.52070099948865
2018-10-09T00:00:00Z,Fragment,K09,Macaranga indica,15,120,0,0,0,0,0,0,0,0,0,0,0,NA,Macaranga indica,Tree,Native,LC,NA,0.33,S,Bird,Secondary,16,38.1971863420549,0.114591559026165,0.184574983004422
2018-10-09T00:00:00Z,Fragment,K09,Vernonia arborea,8.5,35,0,0,0,0,0,0,0,0,0,0,0,NA,Strobocalyx arborea,Tree,Native,LC,0.33,0.33,S,Wind,Secondary,15,11.1408460164327,0.00974824026437859,0.00956928898320643
2018-10-09T00:00:00Z,Fragment,K09,Lagerstroemia microcarpa,8.5,35,40,0,0,0,0,0,0,0,0,0,0,NA,Lagerstroemia microcarpa,Tree,Endemic,NA,0.548923108,0.548923108,S,Wind,Secondary,25,16.9184025188433,0.0224806357117302,0.0355423786067862
2018-10-09T00:00:00Z,Fragment,K09,Vernonia arborea,13.5,51,0,0,0,0,0,0,0,0,0,0,0,NA,Strobocalyx arborea,Tree,Native,LC,0.33,0.33,S,Wind,Secondary,15,16.2338041953733,0.020698100349101,0.0313421451655095
2018-10-09T00:00:00Z,Fragment,K09,Vernonia arborea,10.5,32,0,0,0,0,0,0,0,0,0,0,0,NA,Strobocalyx arborea,Tree,Native,LC,0.33,0.33,S,Wind,Secondary,15,10.1859163578813,0.00814873308630504,0.00987369004123801
2018-10-09T00:00:00Z,Fragment,K09,Vernonia arborea,11,40,0,0,0,0,0,0,0,0,0,0,0,NA,Strobocalyx arborea,Tree,Native,LC,0.33,0.33,S,Wind,Secondary,15,12.7323954473516,0.0127323954473516,0.0159722588468854
2018-10-09T00:00:00Z,Fragment,K09,Actinodaphne malabarica,9,21,22,0,0,0,0,0,0,0,0,0,0,NA,Actinodaphne wightiana,Tree,Endemic,LC,0.619460212,0.619460212,S,Bird,Secondary,12,9.68101724351127,0.00736091611800016,0.0142225177957865
2018-10-09T00:00:00Z,Fragment,K09,Drypetes wightii,14.5,86,0,0,0,0,0,0,0,0,0,0,0,NA,Drypetes wightii,Tree,Endemic,VU,NA,0.7175,M,Bird,Mature,12,27.374650211806,0.0588554979553829,0.198881642194981
2018-10-09T00:00:00Z,Fragment,K09,Turpinia malabarica,23,253,0,0,0,0,0,0,0,0,0,0,0,NA,Turpinia malabarica,Tree,Endemic,NA,NA,0.453,S,Mammal,Mature,12,80.532401204499,0.509367437618456,1.63668778474543
2018-10-09T00:00:00Z,Fragment,K09,Vernonia arborea,12,50,0,0,0,0,0,0,0,0,0,0,0,NA,Strobocalyx arborea,Tree,Native,LC,0.33,0.33,S,Wind,Secondary,15,15.9154943091895,0.0198943678864869,0.0268791988753992
2018-10-09T00:00:00Z,Fragment,K09,Macaranga indica,10,41,0,0,0,0,0,0,0,0,0,0,0,NA,Macaranga indica,Tree,Native,LC,NA,0.33,S,Bird,Secondary,16,13.0507053335354,0.0133769729668738,0.0152721458975482
2018-10-09T00:00:00Z,Fragment,K09,Macaranga indica,8.5,34,0,0,0,0,0,0,0,0,0,0,0,NA,Macaranga indica,Tree,Native,LC,NA,0.33,S,Bird,Secondary,16,10.8225361302489,0.00919915571071155,0.00904285763304947
2018-10-09T00:00:00Z,Fragment,K09,Macaranga indica,10,41,0,0,0,0,0,0,0,0,0,0,0,NA,Macaranga indica,Tree,Native,LC,NA,0.33,S,Bird,Secondary,16,13.0507053335354,0.0133769729668738,0.0152721458975482
2018-10-09T00:00:00Z,Fragment,K09,Spathodea campanulata,6,19,23,12,0,0,0,0,0,0,0,0,0,NA,Spathodea campanulata,Tree,Introduced,LC,0.475,0.475,S,Wind,Int,15,10.2355314413164,0.00822831055785099,0.00823715047833299
2018-10-09T00:00:00Z,Fragment,K09,Spathodea campanulata,6,24,19,0,0,0,0,0,0,0,0,0,0,NA,Spathodea campanulata,Tree,Introduced,LC,0.475,0.475,S,Wind,Int,15,9.74361067945915,0.0074564090838553,0.00748208770578291
2018-10-09T00:00:00Z,Fragment,K09,Maesa indica,16.5,51,0,0,0,0,0,0,0,0,0,0,0,NA,Maesa indica,Tree,Native,LC,NA,0.55,S,Mammal_bird,Secondary,4,16.2338041953733,0.020698100349101,0.0627641524929075
2018-10-09T00:00:00Z,Fragment,K09,Vernonia arborea,12,44,0,0,0,0,0,0,0,0,0,0,0,NA,Strobocalyx arborea,Tree,Native,LC,0.33,0.33,S,Wind,Secondary,15,14.0056349920868,0.0154061984912955,0.020943366686334
2018-10-09T00:00:00Z,Fragment,K09,Vernonia arborea,12.5,48,0,0,0,0,0,0,0,0,0,0,0,NA,Strobocalyx arborea,Tree,Native,LC,0.33,0.33,S,Wind,Secondary,15,15.278874536822,0.0183346494441863,0.0258293242368556
2018-10-09T00:00:00Z,Fragment,K09,Vernonia arborea,11,46,0,0,0,0,0,0,0,0,0,0,0,NA,Strobocalyx arborea,Tree,Native,LC,0.33,0.33,S,Wind,Secondary,15,14.6422547644544,0.0168385929791225,0.0209820793030461
2018-10-09T00:00:00Z,Fragment,K09,Xanthophyllum flavescens,7.5,38,30,0,0,0,0,0,0,0,0,0,0,NA,Xanthophyllum flavescens,Tree,Endemic,NA,0.682,0.682,M,Mammal,Secondary,8,15.4109329522141,0.0186529593303701,0.032403232589767
2018-10-09T00:00:00Z,Fragment,K09,Vernonia arborea,10,40,0,0,0,0,0,0,0,0,0,0,0,NA,Strobocalyx arborea,Tree,Native,LC,0.33,0.33,S,Wind,Secondary,15,12.7323954473516,0.0127323954473516,0.0145534875619115
2018-10-09T00:00:00Z,Fragment,K09,Maesopsis eminii,11,30,27,0,0,0,0,0,0,0,0,0,0,NA,Maesopsis eminii,Tree,Introduced,LC,0.34,0.34,L,Mammal_bird,Int,30,12.8472646175506,0.0129631701148349,0.0167353204498182
2018-10-09T00:00:00Z,Fragment,K09,Macaranga indica,22,220,0,0,0,0,0,0,0,0,0,0,0,NA,Macaranga indica,Tree,Native,LC,NA,0.33,S,Bird,Secondary,16,70.0281749604339,0.385154962282387,0.875708540838971
2018-10-09T00:00:00Z,Fragment,K09,Meliosma pinnata,13.5,134,0,0,0,0,0,0,0,0,0,0,0,NA,Meliosma pinnata,Tree,Native,NA,0.32,0.32,S,Bird,Secondary,18,42.653524748628,0.142889307907904,0.200455083322112
2018-10-09T00:00:00Z,Fragment,M09,Macaranga indica,12.5,32,45,0,0,0,0,0,0,0,0,0,0,NA,Macaranga indica,Tree,Native,LC,NA,0.33,S,Bird,Secondary,16,17.5763559626416,0.0242631710743594,0.0339521901776769
2018-10-09T00:00:00Z,Fragment,M09,Glochidion malabaricum,6.5,31,0,0,0,0,0,0,0,0,0,0,0,NA,Phyllanthus assamicus,Tree,Endemic,LC,0.544681677,0.544681677,S,Gravity,Mature,8,9.86760647169751,0.00764739501556557,0.00947748646016116
2018-10-09T00:00:00Z,Fragment,M09,Diospyros sylvatica,12,82,0,0,0,0,0,0,0,0,0,0,0,NA,Diospyros sylvatica,Tree,Endemic,NA,0.701678322,0.701678322,S,Mammal,Mature,35,26.1014106670708,0.0535078918674952,0.147418725650534
2018-10-09T00:00:00Z,Fragment,M09,Macaranga indica,12,37,31,0,0,0,0,0,0,0,0,0,0,NA,Macaranga indica,Tree,Native,LC,NA,0.33,S,Bird,Secondary,16,15.3648416160612,0.0185415508702058,0.025093789526897
2018-10-09T00:00:00Z,Fragment,M09,Glochidion malabaricum,8,40,0,0,0,0,0,0,0,0,0,0,0,NA,Phyllanthus assamicus,Tree,Endemic,LC,0.544681677,0.544681677,S,Gravity,Mature,8,12.7323954473516,0.0127323954473516,0.0190892401059632
2018-10-09T00:00:00Z,Fragment,M09,Dimocarpus longan,15.5,111,0,0,0,0,0,0,0,0,0,0,0,NA,Dimocarpus longan,Tree,Native,DD,0.748685273,0.748685273,S,Mammal,Mature,25,35.3323973664008,0.0980474026917621,0.364105022878177
2018-10-09T00:00:00Z,Fragment,M09,Glochidion malabaricum,5,30,0,0,0,0,0,0,0,0,0,0,0,NA,Phyllanthus assamicus,Tree,Endemic,LC,0.544681677,0.544681677,S,Gravity,Mature,8,9.54929658551372,0.00716197243913529,0.00688156353077844
2018-10-09T00:00:00Z,Fragment,M09,Maesopsis eminii,10,36,0,0,0,0,0,0,0,0,0,0,0,NA,Maesopsis eminii,Tree,Introduced,LC,0.34,0.34,L,Mammal_bird,Int,30,11.4591559026165,0.0103132403123548,0.012198383285085
2018-10-09T00:00:00Z,Fragment,M09,Actinodaphne malabarica,9.5,51,0,0,0,0,0,0,0,0,0,0,0,NA,Actinodaphne wightiana,Tree,Endemic,LC,0.619460212,0.619460212,S,Bird,Secondary,12,16.2338041953733,0.020698100349101,0.0411260205305116
2018-10-09T00:00:00Z,Fragment,M09,Maesopsis eminii,11.5,38,0,0,0,0,0,0,0,0,0,0,0,NA,Maesopsis eminii,Tree,Introduced,LC,0.34,0.34,L,Mammal_bird,Int,30,12.095775674984,0.0114909868912348,0.0155374042921366
2018-10-09T00:00:00Z,Fragment,M09,Macaranga indica,11.5,39,36,0,0,0,0,0,0,0,0,0,0,NA,Macaranga indica,Tree,Native,LC,NA,0.33,S,Bird,Secondary,16,16.8944302751074,0.0224169737344935,0.0289720369773926
2018-10-09T00:00:00Z,Fragment,M09,Archidendron monadelphum,9,51,33,0,0,0,0,0,0,0,0,0,0,NA,Archidendron bigeminum,Tree,Native,VU,NA,0.355,S,Gravity,Secondary,12,19.3358518726284,0.0293640870004547,0.0318755484396322
2018-10-09T00:00:00Z,Fragment,M09,Macaranga indica,12,31,53,41,0,0,0,0,0,0,0,0,0,NA,Macaranga indica,Tree,Native,LC,NA,0.33,S,Bird,Secondary,16,23.5011015068312,0.0433776797396961,0.0575211586919288
2018-10-09T00:00:00Z,Fragment,M09,Actinodaphne malabarica,11,51,0,0,0,0,0,0,0,0,0,0,0,NA,Actinodaphne wightiana,Tree,Endemic,LC,0.619460212,0.619460212,S,Bird,Secondary,12,16.2338041953733,0.020698100349101,0.0474523483521829
2018-10-09T00:00:00Z,Fragment,M09,Macaranga indica,12.5,68,0,0,0,0,0,0,0,0,0,0,0,NA,Macaranga indica,Tree,Native,LC,NA,0.33,S,Bird,Secondary,16,21.6450722604978,0.0367966228428462,0.050978557953216
2018-10-09T00:00:00Z,Fragment,M09,Macaranga indica,11,54,0,0,0,0,0,0,0,0,0,0,0,NA,Macaranga indica,Tree,Native,LC,NA,0.33,S,Bird,Secondary,16,17.1887338539247,0.0232047907027983,0.0286931253670651
2018-10-09T00:00:00Z,Fragment,M09,Actinodaphne malabarica,10,39,0,0,0,0,0,0,0,0,0,0,0,NA,Actinodaphne wightiana,Tree,Endemic,LC,0.619460212,0.619460212,S,Bird,Secondary,12,12.4140855611678,0.0121037334221386,0.0256117691329898
2018-10-09T00:00:00Z,Fragment,N09,Vateria indica,23,167,0,0,0,0,0,0,0,0,0,0,0,NA,Vateria indica,Tree,Endemic,VU,0.48,0.48,L,Gravity,Mature,60,53.157750992693,0.221933610394493,0.769762478606112
2018-10-09T00:00:00Z,Fragment,N09,Syzygium laetum,14.5,72,0,0,0,0,0,0,0,0,0,0,0,NA,Syzygium laetum,Tree,Endemic,NA,0.662842,0.662842,M,Mammal_bird,Mature,7,22.9183118052329,0.0412529612494193,0.130130995595581
2018-10-09T00:00:00Z,Fragment,N09,Maesopsis eminii,14,45,0,0,0,0,0,0,0,0,0,0,0,NA,Maesopsis eminii,Tree,Introduced,LC,0.34,0.34,L,Mammal_bird,Int,30,14.3239448782706,0.0161144379880544,0.0261873518516372
2018-10-09T00:00:00Z,Fragment,N09,Maesopsis eminii,14.5,31,0,0,0,0,0,0,0,0,0,0,0,NA,Maesopsis eminii,Tree,Introduced,LC,0.34,0.34,L,Mammal_bird,Int,30,9.86760647169751,0.00764739501556557,0.0130928137594638
2018-10-09T00:00:00Z,Fragment,N09,Maesopsis eminii,12.5,31,11,0,0,0,0,0,0,0,0,0,0,NA,Maesopsis eminii,Tree,Introduced,LC,0.34,0.34,L,Mammal_bird,Int,30,10.4704116777235,0.00861028242127154,0.0127171493862098
2018-10-09T00:00:00Z,Fragment,N09,Macaranga indica,13,43,0,0,0,0,0,0,0,0,0,0,0,NA,Macaranga indica,Tree,Native,LC,NA,0.33,S,Bird,Secondary,16,13.687325105903,0.0147138744888457,0.021651356608708
2018-10-09T00:00:00Z,Fragment,N09,Macaranga indica,10,30,0,0,0,0,0,0,0,0,0,0,0,NA,Macaranga indica,Tree,Native,LC,NA,0.33,S,Bird,Secondary,16,9.54929658551372,0.00716197243913529,0.00830016384065858
2018-10-09T00:00:00Z,Fragment,N09,Maesopsis eminii,14.5,31,0,0,0,0,0,0,0,0,0,0,0,cut,Maesopsis eminii,Tree,Introduced,LC,0.34,0.34,L,Mammal_bird,Int,30,9.86760647169751,0.00764739501556557,0.0130928137594638
2018-10-09T00:00:00Z,Fragment,N09,Otonephelium stipulaceum,15.5,120,0,0,0,0,0,0,0,0,0,0,0,NA,Otonephelium stipulaceum,Tree,Endemic,NA,0.709023925,0.709023925,S,Mammal_bird,Mature,28,38.1971863420549,0.114591559026165,0.402019324100301
2018-10-09T00:00:00Z,Fragment,N09,Maesopsis eminii,11,35,0,0,0,0,0,0,0,0,0,0,0,NA,Maesopsis eminii,Tree,Introduced,LC,0.34,0.34,L,Mammal_bird,Int,30,11.1408460164327,0.00974824026437859,0.012671262180594
2018-10-09T00:00:00Z,Fragment,N09,Epiprinus mallotiformis,10.5,72,0,0,0,0,0,0,0,0,0,0,0,NA,Epiprinus mallotiformis,Tree,Endemic,NA,NA,0.55,S,Gravity,Mature,12,22.9183118052329,0.0412529612494193,0.0791524103488199
2018-10-09T00:00:00Z,Fragment,N09,Drypetes malabarica,26,162,0,0,0,0,0,0,0,0,0,0,0,NA,Drypetes malabarica,Tree,Endemic,NA,NA,0.7175,S,Gravity,Mature,20,51.5662015617741,0.208843116325185,1.21044718936233
2018-10-09T00:00:00Z,Fragment,N09,Maesopsis eminii,13,34,26,0,0,0,0,0,0,0,0,0,0,NA,Maesopsis eminii,Tree,Introduced,LC,0.34,0.34,L,Mammal_bird,Int,30,13.6242580874249,0.0145785927872176,0.0220914266693486
2018-10-09T00:00:00Z,Fragment,N09,Maesopsis eminii,7,27,15,0,0,0,0,0,0,0,0,0,0,NA,Maesopsis eminii,Tree,Introduced,LC,0.34,0.34,L,Mammal_bird,Int,30,9.83160257510393,0.00759169078548341,0.0063863790920817
2018-10-09T00:00:00Z,Fragment,N09,Maesopsis eminii,14,55,0,0,0,0,0,0,0,0,0,0,0,NA,Maesopsis eminii,Tree,Introduced,LC,0.34,0.34,L,Mammal_bird,Int,30,17.5070437401085,0.0240721851426492,0.0387443809673952
2018-10-09T00:00:00Z,Fragment,N09,Epiprinus mallotiformis,13,70,0,0,0,0,0,0,0,0,0,0,0,NA,Epiprinus mallotiformis,Tree,Endemic,NA,NA,0.55,S,Gravity,Mature,12,22.2816920328653,0.0389929610575144,0.0922806067921113
2018-10-09T00:00:00Z,Fragment,N09,Vateria indica,21.5,140,0,0,0,0,0,0,0,0,0,0,0,NA,Vateria indica,Tree,Endemic,VU,0.48,0.48,L,Gravity,Mature,60,44.5633840657307,0.155971844230057,0.510822103202641
2018-10-09T00:00:00Z,Fragment,N09,Otonephelium stipulaceum,16.5,84,0,0,0,0,0,0,0,0,0,0,0,NA,Otonephelium stipulaceum,Tree,Endemic,NA,0.709023925,0.709023925,S,Mammal_bird,Mature,28,26.7380304394384,0.0561498639228207,0.212999652703975
2018-10-09T00:00:00Z,Fragment,N09,Dimocarpus longan,13,67,0,0,0,0,0,0,0,0,0,0,0,NA,Dimocarpus longan,Tree,Native,DD,0.748685273,0.748685273,S,Mammal,Mature,25,21.326762374314,0.0357223269769759,0.114471982649331
2018-10-09T00:00:00Z,Fragment,N09,Maesopsis eminii,12,47,30,0,0,0,0,0,0,0,0,0,0,NA,Maesopsis eminii,Tree,Introduced,LC,0.34,0.34,L,Mammal_bird,Int,30,17.7484523253164,0.0247406359036351,0.0342356450123357
2018-10-09T00:00:00Z,Fragment,N09,Maesopsis eminii,13.5,47,0,0,0,0,0,0,0,0,0,0,0,NA,Maesopsis eminii,Tree,Introduced,LC,0.34,0.34,L,Mammal_bird,Int,30,14.9605646506382,0.0175786634644998,0.0275131661240042
2018-10-09T00:00:00Z,Fragment,N09,Poeciloneuron indicum,22,110,0,0,0,0,0,0,0,0,0,0,0,big leaves,Poeciloneuron indicum,Tree,Endemic,NA,0.9,0.9,L,Gravity,Mature,30,35.014087480217,0.0962887405705967,0.602587499035243
2018-10-09T00:00:00Z,Fragment,O08,Maesopsis eminii,16,57,72,69,58,63,52,0,0,0,0,0,0,NA,Maesopsis eminii,Tree,Introduced,LC,0.34,0.34,L,Mammal_bird,Int,30,48.5158986023669,0.184866424148391,0.32277743929632
2018-10-09T00:00:00Z,Fragment,O08,Macaranga indica,12.5,68,0,0,0,0,0,0,0,0,0,0,0,NA,Macaranga indica,Tree,Native,LC,NA,0.33,S,Bird,Secondary,16,21.6450722604978,0.0367966228428462,0.050978557953216
2018-10-09T00:00:00Z,Fragment,O08,Actinodaphne malabarica,8,38,10,0,0,0,0,0,0,0,0,0,0,NA,Actinodaphne wightiana,Tree,Endemic,LC,0.619460212,0.619460212,S,Bird,Secondary,12,12.5075939950004,0.0122867616066943,0.0209034058980179
2018-10-09T00:00:00Z,Fragment,O08,Macaranga indica,11,50,0,0,0,0,0,0,0,0,0,0,0,NA,Macaranga indica,Tree,Native,LC,NA,0.33,S,Bird,Secondary,16,15.9154943091895,0.0198943678864869,0.0246907729120365
2018-10-09T00:00:00Z,Fragment,O08,Maesopsis eminii,14,76,41,0,0,0,0,0,0,0,0,0,0,NA,Maesopsis eminii,Tree,Introduced,LC,0.34,0.34,L,Mammal_bird,Int,30,27.4873073694189,0.0593409205318132,0.0934637840354025
2018-10-09T00:00:00Z,Fragment,O08,Epiprinus mallotiformis,11,20,82,0,0,0,0,0,0,0,0,0,0,NA,Epiprinus mallotiformis,Tree,Endemic,NA,NA,0.55,S,Gravity,Mature,12,26.8665612289332,0.0566909907293331,0.112960902432573
2018-10-09T00:00:00Z,Fragment,O08,Glochidion malabaricum,7.5,23,21,0,0,0,0,0,0,0,0,0,0,NA,Phyllanthus assamicus,Tree,Endemic,LC,0.544681677,0.544681677,S,Gravity,Mature,8,9.91370506587056,0.00771901473995693,0.01099767080962
2018-10-09T00:00:00Z,Fragment,O08,Maesopsis eminii,12,18,35,0,0,0,0,0,0,0,0,0,0,NA,Maesopsis eminii,Tree,Introduced,LC,0.34,0.34,L,Mammal_bird,Int,30,12.5278295591049,0.0123265503424673,0.0173448629877328
2018-10-09T00:00:00Z,Fragment,O08,Maesopsis eminii,12,36,0,0,0,0,0,0,0,0,0,0,0,NA,Maesopsis eminii,Tree,Introduced,LC,0.34,0.34,L,Mammal_bird,Int,30,11.4591559026165,0.0103132403123548,0.0145741478616286
2018-10-09T00:00:00Z,Fragment,O08,Macaranga indica,14.5,65,0,0,0,0,0,0,0,0,0,0,0,NA,Macaranga indica,Tree,Native,LC,NA,0.33,S,Bird,Secondary,16,20.6901426019464,0.0336214817281629,0.053957027750108
2018-10-09T00:00:00Z,Fragment,O08,Paracroton pendulus,9,37,0,0,0,0,0,0,0,0,0,0,0,NA,Paracroton pendulus,Tree,Endemic,LC,0.46,0.46,S,Gravity,Mature,30,11.7774657888003,0.0108941558546402,0.0155954700491695
2018-10-09T00:00:00Z,Fragment,O08,Maesopsis eminii,9.5,40,0,0,0,0,0,0,0,0,0,0,0,NA,Maesopsis eminii,Tree,Introduced,LC,0.34,0.34,L,Mammal_bird,Int,30,12.7323954473516,0.0127323954473516,0.0142521090116879
2018-10-09T00:00:00Z,Fragment,O08,Myristica dactyloides,27,142,0,0,0,0,0,0,0,0,0,0,0,NA,Myristica beddomei,Tree,Endemic,EN,0.575521845,0.575521845,L,Bird,Mature,20,45.2000038380983,0.160460013625249,0.783023113619441
2018-10-09T00:00:00Z,Fragment,O08,Macaranga indica,13.5,51,0,0,0,0,0,0,0,0,0,0,0,NA,Macaranga indica,Tree,Native,LC,NA,0.33,S,Bird,Secondary,16,16.2338041953733,0.020698100349101,0.0313421451655095
2018-10-09T00:00:00Z,Fragment,O08,Diospyros sylvatica,25.5,112,0,0,0,0,0,0,0,0,0,0,0,NA,Diospyros sylvatica,Tree,Endemic,NA,0.701678322,0.701678322,S,Mammal,Mature,35,35.6507072525846,0.0998219803072368,0.565410556877574
2023-04-21T00:00:00Z,Fragment,AGO_01U,Eucalyptus sp.,25,113,0,0,0,0,0,0,0,0,0,0,0,NA,Eucalyptus sp.,Tree,Introduced,NA,NA,0.544,S,Wind,Int,45,35.9690171387683,0.101612473417021,0.440169014075638
2023-04-21T00:00:00Z,Fragment,AGO_01U,Eucalyptus sp.,13.5,75,0,0,0,0,0,0,0,0,0,0,0,NA,Eucalyptus sp.,Tree,Introduced,NA,NA,0.544,S,Wind,Int,45,23.8732414637843,0.0447623277445956,0.108379274868256
2023-04-21T00:00:00Z,Fragment,AGO_01U,Eucalyptus sp.,29,112,0,0,0,0,0,0,0,0,0,0,0,NA,Eucalyptus sp.,Tree,Introduced,NA,NA,0.544,S,Wind,Int,45,35.6507072525846,0.0998219803072368,0.500028689458028
2023-04-21T00:00:00Z,Fragment,AGO_01U,Gliricidia sepium,7.5,32,34,28,0,0,0,0,0,0,0,0,0,NA,Gliricidia sepium,Tree,Introduced,LC,0.74,0.74,S,Gravity,Int,12,17.3296274719305,0.0235867625662189,0.0441224322288643
2023-04-21T00:00:00Z,Fragment,AGO_01U,Eucalyptus sp.,15,85,0,0,0,0,0,0,0,0,0,0,0,NA,Eucalyptus sp.,Tree,Introduced,NA,NA,0.544,S,Wind,Int,45,27.0563403256222,0.0574947231919472,0.153359861832637
2023-04-21T00:00:00Z,Fragment,AGO_01U,Eucalyptus sp.,14,75,0,0,0,0,0,0,0,0,0,0,0,NA,Eucalyptus sp.,Tree,Introduced,NA,NA,0.544,S,Wind,Int,45,23.8732414637843,0.0447623277445956,0.112295265356655
2023-04-21T00:00:00Z,Fragment,AGO_01U,Eucalyptus sp.,10,65,0,0,0,0,0,0,0,0,0,0,0,NA,Eucalyptus sp.,Tree,Introduced,NA,NA,0.544,S,Wind,Int,45,20.6901426019464,0.0336214817281629,0.0611544083598212
2023-04-21T00:00:00Z,Fragment,AGO_01U,Eucalyptus sp.,32,114,55,46,0,0,0,0,0,0,0,0,0,NA,Eucalyptus sp.,Tree,Introduced,NA,NA,0.544,S,Wind,Int,45,42.8679636526052,0.144329660142885,0.788873119160197
2023-04-21T00:00:00Z,Fragment,AGO_02U,Eucalyptus sp.,29,184,0,0,0,0,0,0,0,0,0,0,0,NA,Eucalyptus sp.,Tree,Introduced,NA,NA,0.544,S,Wind,Int,45,58.5690190578175,0.26941748766596,1.31778856061942
2023-04-21T00:00:00Z,Fragment,AGO_02U,Eucalyptus sp.,31,123,0,0,0,0,0,0,0,0,0,0,0,NA,Eucalyptus sp.,Tree,Introduced,NA,NA,0.544,S,Wind,Int,45,39.1521160006063,0.120392756701864,0.640744205645521
2023-04-21T00:00:00Z,Fragment,AGO_02U,Eucalyptus sp.,32.5,196,0,0,0,0,0,0,0,0,0,0,0,NA,Eucalyptus sp.,Tree,Introduced,NA,NA,0.544,S,Wind,Int,45,62.388737692023,0.305704814690913,1.66610707416216
2023-04-21T00:00:00Z,Fragment,AGO_02U,Eucalyptus sp.,30.5,144,0,0,0,0,0,0,0,0,0,0,0,NA,Eucalyptus sp.,Tree,Introduced,NA,NA,0.544,S,Wind,Int,45,45.8366236104659,0.165011844997677,0.857869296529258
2023-04-21T00:00:00Z,Fragment,AGO_02U,Eucalyptus sp.,26.5,95,0,0,0,0,0,0,0,0,0,0,0,NA,Eucalyptus sp.,Tree,Introduced,NA,NA,0.544,S,Wind,Int,45,30.2394391874601,0.0718186680702178,0.33206671604195
2023-04-21T00:00:00Z,Fragment,AGO_02U,Eucalyptus sp.,31,132,0,0,0,0,0,0,0,0,0,0,0,NA,Eucalyptus sp.,Tree,Introduced,NA,NA,0.544,S,Wind,Int,45,42.0169049762604,0.138655786421659,0.73544504055235
2023-04-21T00:00:00Z,Fragment,AGO_02U,Eucalyptus sp.,33.5,145,0,0,0,0,0,0,0,0,0,0,0,NA,Eucalyptus sp.,Tree,Introduced,NA,NA,0.544,S,Wind,Int,45,46.1549334966496,0.167311633925355,0.952916767382792
2023-04-21T00:00:00Z,Fragment,AGO_02U,Eucalyptus sp.,36,172,0,0,0,0,0,0,0,0,0,0,0,NA,Eucalyptus sp.,Tree,Introduced,NA,NA,0.544,S,Wind,Int,45,54.749300423612,0.235421991821532,1.42667044965327
2023-04-21T00:00:00Z,Fragment,AGO_02U,Eucalyptus sp.,31.5,148,0,0,0,0,0,0,0,0,0,0,0,NA,Eucalyptus sp.,Tree,Introduced,NA,NA,0.544,S,Wind,Int,45,47.109863155201,0.174306493674244,0.933948364067703
2023-04-21T00:00:00Z,Fragment,AGO_02U,Eucalyptus sp.,24,153,0,0,0,0,0,0,0,0,0,0,0,NA,Eucalyptus sp.,Tree,Introduced,NA,NA,0.544,S,Wind,Int,45,48.70141258612,0.186282903141909,0.764231160754367
2023-04-21T00:00:00Z,Fragment,AGO_02U,Eucalyptus sp.,18,97,0,0,0,0,0,0,0,0,0,0,0,NA,Eucalyptus sp.,Tree,Introduced,NA,NA,0.544,S,Wind,Int,45,30.8760589598277,0.0748744429775822,0.237107497583594
2023-04-21T00:00:00Z,Fragment,AGO_03U,Eucalyptus sp.,24,127,0,0,0,0,0,0,0,0,0,0,0,NA,Eucalyptus sp.,Tree,Introduced,NA,NA,0.544,S,Wind,Int,45,40.4253555453414,0.128350503856459,0.531290355179315
2023-04-21T00:00:00Z,Fragment,AGO_03U,Eucalyptus sp.,15,79,0,0,0,0,0,0,0,0,0,0,0,NA,Eucalyptus sp.,Tree,Introduced,NA,NA,0.544,S,Wind,Int,45,25.1464810085195,0.049664299991826,0.132939502078851
2023-04-21T00:00:00Z,Fragment,AGO_03U,Eucalyptus sp.,34,182,0,0,0,0,0,0,0,0,0,0,0,NA,Eucalyptus sp.,Tree,Introduced,NA,NA,0.544,S,Wind,Int,45,57.9323992854499,0.263592416748797,1.50661979484273
2023-04-21T00:00:00Z,Fragment,AGO_03U,Eucalyptus sp.,27,122,0,0,0,0,0,0,0,0,0,0,0,NA,Eucalyptus sp.,Tree,Introduced,NA,NA,0.544,S,Wind,Int,45,38.8338061144225,0.118443108648989,0.551069430508452
2023-04-21T00:00:00Z,Fragment,AGO_03U,Eucalyptus sp.,35,155,0,0,0,0,0,0,0,0,0,0,0,NA,Eucalyptus sp.,Tree,Introduced,NA,NA,0.544,S,Wind,Int,45,49.3380323584876,0.191184875389139,1.13281445706472
2023-04-21T00:00:00Z,Fragment,AGO_03U,Eucalyptus sp.,21.5,133,0,0,0,0,0,0,0,0,0,0,0,NA,Eucalyptus sp.,Tree,Introduced,NA,NA,0.544,S,Wind,Int,45,42.3352148624442,0.140764589417627,0.522202848907241
2023-04-21T00:00:00Z,Fragment,AGO_03U,Eucalyptus sp.,43,184,0,0,0,0,0,0,0,0,0,0,0,NA,Eucalyptus sp.,Tree,Introduced,NA,NA,0.544,S,Wind,Int,45,58.5690190578175,0.26941748766596,1.93557720981421
2023-04-21T00:00:00Z,Fragment,AGO_03U,Eucalyptus sp.,33.5,102,0,0,0,0,0,0,0,0,0,0,0,NA,Eucalyptus sp.,Tree,Introduced,NA,NA,0.544,S,Wind,Int,45,32.4676083907466,0.082792401396404,0.479570172461637
2023-04-21T00:00:00Z,Fragment,AGO_03U,Eucalyptus sp.,43.5,218,0,0,0,0,0,0,0,0,0,0,0,NA,Eucalyptus sp.,Tree,Introduced,NA,NA,0.544,S,Wind,Int,45,69.3915551880664,0.378183975774962,2.72554581739645
2023-04-21T00:00:00Z,Fragment,AGO_03U,Eucalyptus sp.,17.5,91,0,0,0,0,0,0,0,0,0,0,0,NA,Eucalyptus sp.,Tree,Introduced,NA,NA,0.544,S,Wind,Int,45,28.9661996427249,0.0658981041871993,0.20364550575292
2023-04-21T00:00:00Z,Fragment,AGO_03U,Eucalyptus sp.,48,234,0,0,0,0,0,0,0,0,0,0,0,NA,Eucalyptus sp.,Tree,Introduced,NA,NA,0.544,S,Wind,Int,45,74.484513367007,0.435734403196991,3.44525758964053
2023-04-21T00:00:00Z,Fragment,AGO_03U,Eucalyptus sp.,21.5,100,0,0,0,0,0,0,0,0,0,0,0,NA,Eucalyptus sp.,Tree,Introduced,NA,NA,0.544,S,Wind,Int,45,31.8309886183791,0.0795774715459477,0.299282162771671
2023-04-21T00:00:00Z,Fragment,AGO_03U,Eucalyptus sp.,34,165,0,0,0,0,0,0,0,0,0,0,0,NA,Eucalyptus sp.,Tree,Introduced,NA,NA,0.544,S,Wind,Int,45,52.5211312203255,0.216649666283843,1.24415067324508
2023-04-21T00:00:00Z,Fragment,AGO_03U,Eucalyptus sp.,34,172,0,0,0,0,0,0,0,0,0,0,0,NA,Eucalyptus sp.,Tree,Introduced,NA,NA,0.544,S,Wind,Int,45,54.749300423612,0.235421991821532,1.34926062960041
