Date,Site_ID,Treatment,Species_name,Abun,Accept_name_WFO,Habit,Distribution,IUCN_status,wden_sps,Wden_final,seed_size,disperser,habt_new,ad_ht
2018-02-09T00:00:00Z,STM1_02U,Fragment,Atalantia racemosa,1,Atalantia racemosa,Tree,Endemic,LC,NA,NA,S,Mammal,Secondary,4
2018-02-09T00:00:00Z,STM1_02U,Fragment,Lantana camara,1,Lantana camara,Shrub,Introduced,NA,NA,NA,S,Mammal_bird,Int,5
2018-02-09T00:00:00Z,STM2_04U,Fragment,Clerodendrum viscosum,9,Clerodendrum infortunatum,Tree,Native,LC,0.484259167,0.484259167,S,Bird,Secondary,4
2018-02-09T00:00:00Z,STM2_04U,Fragment,Maesa indica,1,Maesa indica,Tree,Native,LC,NA,NA,S,Mammal_bird,Secondary,4
2018-02-09T00:00:00Z,STIN_02U,Fragment,Clerodendrum viscosum,4,Clerodendrum infortunatum,Tree,Native,LC,0.484259167,0.484259167,S,Bird,Secondary,4
2018-02-09T00:00:00Z,STIN_02U,Fragment,Solanum sp.,1,Solanum sp.,Shrub,Native,NA,NA,0.35,S,Mammal_bird,Int,NA
2018-02-09T00:00:00Z,STIN_02U,Fragment,Maesopsis eminii,1,Maesopsis eminii,Tree,Introduced,LC,0.34,0.34,L,Mammal_bird,Int,30
2018-02-09T00:00:00Z,STIN_02U,Fragment,Litsea floribunda,2,Litsea floribunda,Tree,Endemic,NT,0.56358678,0.56358678,S,Bird,Secondary,10
2018-02-09T00:00:00Z,STIN_02U,Fragment,Lantana camara,3,Lantana camara,Shrub,Introduced,NA,NA,NA,S,Mammal_bird,Int,5
2018-02-20T00:00:00Z,INDS_03U,Fragment,Litsea oleoides,7,Litsea oleoides,Tree,Endemic,NA,NA,0.42,M,Bird,Mature,12
2018-02-20T00:00:00Z,INDS_03U,Fragment,Cinnamomum malabatrum,1,Cinnamomum malabathrum,Tree,Endemic,LC,NA,0.475,S,Bird,Secondary,15
2018-02-20T00:00:00Z,INDS_03U,Fragment,Actinodaphne malabarica,13,Actinodaphne wightiana,Tree,Endemic,LC,0.619460212,0.619460212,S,Bird,Secondary,12
2018-02-20T00:00:00Z,INDS_03U,Fragment,Heynea trijuga,12,Heynea trijuga,Tree,Native,LC,0.493174229,0.493174229,M,Bird,Secondary,10
2018-02-20T00:00:00Z,INDS_03U,Fragment,Maesa indica,5,Maesa indica,Tree,Native,LC,NA,NA,S,Mammal_bird,Secondary,4
2018-02-20T00:00:00Z,INDS_03U,Fragment,Litsea stocksii,1,Litsea stocksii,Tree,Endemic,NT,NA,0.42,M,Bird,Mature,8
2018-02-20T00:00:00Z,INDS_03U,Fragment,Persea macrantha,2,Machilus glaucescens,Tree,Endemic,NA,0.427,0.427,S,Bird,Secondary,30
2018-02-20T00:00:00Z,INDS_03U,Fragment,Maesopsis eminii,4,Maesopsis eminii,Tree,Introduced,LC,0.34,0.34,L,Mammal_bird,Int,30
2018-02-20T00:00:00Z,INDS_03U,Fragment,Melicope lunu-ankenda,1,Melicope lunu-ankenda,Tree,Native,LC,0.411118888,0.411118888,S,Mammal,Secondary,10
2018-02-20T00:00:00Z,INDS_03U,Fragment,Litsea coriacea,1,Litsea coriacea,Tree,Endemic,NT,NA,0.42,S,Mammal_bird,Mature,12
2018-02-20T00:00:00Z,INDS_03U,Fragment,Nothapodytes nimmoniana,1,Mappia nimmoniana,Tree,Native,NA,NA,NA,M,Bird,Secondary,8
2018-02-20T00:00:00Z,INME_03U,Fragment,Gomphandra coriacea,1,Gomphandra coriacea,Tree,Endemic,NA,NA,0.48,M,Bird,Mature,10
2018-02-20T00:00:00Z,INME_03U,Fragment,Symplocos sp.,28,Symplocos sp.,Tree,Native,NA,NA,0.52,NA,Bird,NA,NA
2018-02-20T00:00:00Z,INME_03U,Fragment,Litsea floribunda,10,Litsea floribunda,Tree,Endemic,NT,0.56358678,0.56358678,S,Bird,Secondary,10
2018-02-20T00:00:00Z,INME_03U,Fragment,Clerodendrum viscosum,12,Clerodendrum infortunatum,Tree,Native,LC,0.484259167,0.484259167,S,Bird,Secondary,4
2018-02-20T00:00:00Z,INME_03U,Fragment,Nothapodytes nimmoniana,6,Mappia nimmoniana,Tree,Native,NA,NA,NA,M,Bird,Secondary,8
2018-02-20T00:00:00Z,INME_03U,Fragment,Lantana camara,1,Lantana camara,Shrub,Introduced,NA,NA,NA,S,Mammal_bird,Int,5
2018-02-20T00:00:00Z,INME_03U,Fragment,Meiogyne pannosa,4,Meiogyne pannosa,Tree,Endemic,NT,NA,NA,S,Bird,Mature,8
2018-02-20T00:00:00Z,INME_03U,Fragment,Cinnamomum malabatrum,11,Cinnamomum malabathrum,Tree,Endemic,LC,NA,0.475,S,Bird,Secondary,15
2018-02-20T00:00:00Z,INME_03U,Fragment,Syzygium densiflorum,2,Syzygium densiflorum,Tree,Endemic,VU,NA,0.68,M,Mammal_bird,Mature,15
2018-02-20T00:00:00Z,INME_03U,Fragment,Dimocarpus longan,3,Dimocarpus longan,Tree,Native,DD,0.748685273,0.748685273,S,Mammal,Mature,25
2018-02-20T00:00:00Z,INME_03U,Fragment,Maesa indica,2,Maesa indica,Tree,Native,LC,NA,NA,S,Mammal_bird,Secondary,4
2018-02-20T00:00:00Z,INME_03U,Fragment,Atalantia racemosa,1,Atalantia racemosa,Tree,Endemic,LC,NA,NA,S,Mammal,Secondary,4
2018-02-20T00:00:00Z,INME_03U,Fragment,Heritiera papilio,2,Heritiera papilio,Tree,Native,NA,NA,0.688,M,Wind,Mature,30
2018-02-20T00:00:00Z,INME_03U,Fragment,Maesopsis eminii,3,Maesopsis eminii,Tree,Introduced,LC,0.34,0.34,L,Mammal_bird,Int,30
2018-02-20T00:00:00Z,INME_03U,Fragment,Syzygium cumini,1,Syzygium cumini,Tree,Native,LC,0.645435271,0.645435271,S,Mammal_bird,Secondary,20
2018-02-20T00:00:00Z,INME_03U,Fragment,Litsea oleoides,1,Litsea oleoides,Tree,Endemic,NA,NA,0.42,M,Bird,Mature,12
2018-02-20T00:00:00Z,INME_03U,Fragment,Actinodaphne malabarica,1,Actinodaphne wightiana,Tree,Endemic,LC,0.619460212,0.619460212,S,Bird,Secondary,12
2018-03-09T00:00:00Z,INOA_03U,Fragment,Clerodendrum viscosum,9,Clerodendrum infortunatum,Tree,Native,LC,0.484259167,0.484259167,S,Bird,Secondary,4
2018-03-09T00:00:00Z,INOA_03U,Fragment,Lantana camara,2,Lantana camara,Shrub,Introduced,NA,NA,NA,S,Mammal_bird,Int,5
2018-03-09T00:00:00Z,INOA_03U,Fragment,Eucalyptus sp.,2,Eucalyptus sp.,Tree,Introduced,NA,NA,0.544,S,Wind,Int,45
2018-03-09T00:00:00Z,INBS_04U,Fragment,Clerodendrum viscosum,10,Clerodendrum infortunatum,Tree,Native,LC,0.484259167,0.484259167,S,Bird,Secondary,4
2018-03-09T00:00:00Z,INBS_04U,Fragment,Eucalyptus sp.,3,Eucalyptus sp.,Tree,Introduced,NA,NA,0.544,S,Wind,Int,45
2018-03-09T00:00:00Z,INBS_04U,Fragment,Lantana camara,3,Lantana camara,Shrub,Introduced,NA,NA,NA,S,Mammal_bird,Int,5
2018-03-09T00:00:00Z,INBS_04U,Fragment,Actinodaphne malabarica,2,Actinodaphne wightiana,Tree,Endemic,LC,0.619460212,0.619460212,S,Bird,Secondary,12
2018-03-08T00:00:00Z,SEL1_07U,Fragment,Clerodendrum viscosum,12,Clerodendrum infortunatum,Tree,Native,LC,0.484259167,0.484259167,S,Bird,Secondary,4
2018-03-08T00:00:00Z,SEL1_07U,Fragment,Cinnamomum malabatrum,1,Cinnamomum malabathrum,Tree,Endemic,LC,NA,0.475,S,Bird,Secondary,15
2018-03-08T00:00:00Z,SEL1_07U,Fragment,Rauwolfia densiflora,4,Rauvolfia verticillata,Shrub,Native,NA,NA,0.53,S,Bird,Secondary,4
2018-03-08T00:00:00Z,SEL1_07U,Fragment,Lantana camara,1,Lantana camara,Shrub,Introduced,NA,NA,NA,S,Mammal_bird,Int,5
2018-03-08T00:00:00Z,SEL1_07U,Fragment,Aglaia canarana,1,Aglaia lawii,Tree,Native,LC,0.595,0.595,L,Bird,Mature,30
2018-03-08T00:00:00Z,SEL1_07U,Fragment,Heynea trijuga,3,Heynea trijuga,Tree,Native,LC,0.493174229,0.493174229,M,Bird,Secondary,10
2018-03-08T00:00:00Z,SEL1_07U,Fragment,Tea sp.,1,NA sp.,Shrub,Native,NA,NA,NA,Unknown,Unknown,Unknown,NA
2018-03-08T00:00:00Z,SEL1_07U,Fragment,Maesa indica,3,Maesa indica,Tree,Native,LC,NA,NA,S,Mammal_bird,Secondary,4
2018-03-08T00:00:00Z,SEL2_07U,Fragment,Lantana camara,21,Lantana camara,Shrub,Introduced,NA,NA,NA,S,Mammal_bird,Int,5
2018-03-08T00:00:00Z,SEL2_07U,Fragment,Clerodendrum viscosum,19,Clerodendrum infortunatum,Tree,Native,LC,0.484259167,0.484259167,S,Bird,Secondary,4
2018-03-08T00:00:00Z,OLV1_10U,Fragment,Lantana camara,9,Lantana camara,Shrub,Introduced,NA,NA,NA,S,Mammal_bird,Int,5
2018-03-08T00:00:00Z,OLV1_10U,Fragment,Maesa indica,3,Maesa indica,Tree,Native,LC,NA,NA,S,Mammal_bird,Secondary,4
2018-03-08T00:00:00Z,OLV1_10U,Fragment,Clerodendrum viscosum,8,Clerodendrum infortunatum,Tree,Native,LC,0.484259167,0.484259167,S,Bird,Secondary,4
2018-03-17T00:00:00Z,HP40_05U,Fragment,Cinnamomum malabatrum,10,Cinnamomum malabathrum,Tree,Endemic,LC,NA,0.475,S,Bird,Secondary,15
2018-03-17T00:00:00Z,HP40_05U,Fragment,Sterculia guttata,7,Sterculia guttata,Tree,Native,NA,0.401092775,0.401092775,M,Mammal_bird,Secondary,20
2018-03-17T00:00:00Z,HP40_05U,Fragment,Diospyros sylvatica,10,Diospyros sylvatica,Tree,Endemic,NA,0.701678322,0.701678322,S,Mammal,Mature,35
2018-03-17T00:00:00Z,HP40_05U,Fragment,Syzygium densiflorum,3,Syzygium densiflorum,Tree,Endemic,VU,NA,0.68,M,Mammal_bird,Mature,15
2018-03-17T00:00:00Z,HP40_05U,Fragment,Atalantia racemosa,21,Atalantia racemosa,Tree,Endemic,LC,NA,NA,S,Mammal,Secondary,4
2018-03-17T00:00:00Z,HP40_05U,Fragment,Croton laccifer,4,Croton laccifer,Tree,Endemic,NA,NA,0.53,S,Gravity,Mature,10
2018-03-17T00:00:00Z,HP40_05U,Fragment,Syzygium cumini,3,Syzygium cumini,Tree,Native,LC,0.645435271,0.645435271,S,Mammal_bird,Secondary,20
2018-03-17T00:00:00Z,HP40_05U,Fragment,Nothapodytes nimmoniana,1,Mappia nimmoniana,Tree,Native,NA,NA,NA,M,Bird,Secondary,8
2018-03-17T00:00:00Z,HP40_05U,Fragment,Heritiera papilio,3,Heritiera papilio,Tree,Native,NA,NA,0.688,M,Wind,Mature,30
2018-03-17T00:00:00Z,HP40_05U,Fragment,Glochidion malabaricum,1,Phyllanthus assamicus,Tree,Endemic,LC,0.544681677,0.544681677,S,Gravity,Mature,8
2018-03-17T00:00:00Z,HP40_05U,Fragment,Murraya paniculata,1,Murraya paniculata,Tree,Native,NA,0.867,0.867,S,Bird,Secondary,12
2018-03-17T00:00:00Z,HP40_05U,Fragment,Neolitsea sp.,4,Neolitsea sp.,Tree,Native,NA,NA,0.535334221,S,Bird,Mature,NA
2018-03-17T00:00:00Z,HP40_05U,Fragment,Lantana camara,3,Lantana camara,Shrub,Introduced,NA,NA,NA,S,Mammal_bird,Int,5
2018-03-17T00:00:00Z,IPCO_07U,Fragment,Clerodendrum viscosum,7,Clerodendrum infortunatum,Tree,Native,LC,0.484259167,0.484259167,S,Bird,Secondary,4
2018-03-17T00:00:00Z,IPCO_07U,Fragment,Glochidion malabaricum,1,Phyllanthus assamicus,Tree,Endemic,LC,0.544681677,0.544681677,S,Gravity,Mature,8
2018-03-17T00:00:00Z,IPCO_07U,Fragment,Lantana camara,3,Lantana camara,Shrub,Introduced,NA,NA,NA,S,Mammal_bird,Int,5
2018-03-17T00:00:00Z,IPCO_07U,Fragment,Ficus hispida,1,Ficus hispida,Tree,Native,LC,0.413,0.413,S,Mammal,Secondary,10
2018-03-17T00:00:00Z,IPCO_07U,Fragment,Debregesia longifolia,1,Debregeasia longifolia,Tree,Native,LC,NA,NA,S,Bird,Secondary,5
2018-03-17T00:00:00Z,IPCO_07U,Fragment,Maesa indica,1,Maesa indica,Tree,Native,LC,NA,NA,S,Mammal_bird,Secondary,4
2018-03-19T00:00:00Z,IPTO_04U,Fragment,Maesa indica,14,Maesa indica,Tree,Native,LC,NA,NA,S,Mammal_bird,Secondary,4
2018-03-19T00:00:00Z,IPTO_04U,Fragment,Lepisanthes deficiens,2,Lepisanthes tetraphylla,Tree,Endemic,LC,0.81,0.81,L,Mammal,Mature,5
2018-03-19T00:00:00Z,IPTO_04U,Fragment,Ficus hispida,9,Ficus hispida,Tree,Native,LC,0.413,0.413,S,Mammal,Secondary,10
2018-03-19T00:00:00Z,IPTO_04U,Fragment,Atalantia racemosa,23,Atalantia racemosa,Tree,Endemic,LC,NA,NA,S,Mammal,Secondary,4
2018-03-19T00:00:00Z,IPTO_04U,Fragment,Clerodendrum viscosum,6,Clerodendrum infortunatum,Tree,Native,LC,0.484259167,0.484259167,S,Bird,Secondary,4
2018-03-19T00:00:00Z,IPTO_04U,Fragment,Cinnamomum malabatrum,1,Cinnamomum malabathrum,Tree,Endemic,LC,NA,0.475,S,Bird,Secondary,15
2018-03-19T00:00:00Z,IPTO_04U,Fragment,Litsea floribunda,1,Litsea floribunda,Tree,Endemic,NT,0.56358678,0.56358678,S,Bird,Secondary,10
2018-03-19T00:00:00Z,IPTO_04U,Fragment,Lantana camara,2,Lantana camara,Shrub,Introduced,NA,NA,NA,S,Mammal_bird,Int,5
2018-03-19T00:00:00Z,IPTO_05U,Fragment,Ficus hispida,18,Ficus hispida,Tree,Native,LC,0.413,0.413,S,Mammal,Secondary,10
2018-03-19T00:00:00Z,IPTO_05U,Fragment,Litsea oleoides,1,Litsea oleoides,Tree,Endemic,NA,NA,0.42,M,Bird,Mature,12
2018-03-19T00:00:00Z,IPTO_05U,Fragment,Persea macrantha,2,Machilus glaucescens,Tree,Endemic,NA,0.427,0.427,S,Bird,Secondary,30
2018-03-19T00:00:00Z,IPTO_05U,Fragment,Maesa indica,7,Maesa indica,Tree,Native,LC,NA,NA,S,Mammal_bird,Secondary,4
2018-03-19T00:00:00Z,IPTO_05U,Fragment,Heritiera papilio,1,Heritiera papilio,Tree,Native,NA,NA,0.688,M,Wind,Mature,30
2018-03-19T00:00:00Z,IPTO_05U,Fragment,Clerodendrum viscosum,3,Clerodendrum infortunatum,Tree,Native,LC,0.484259167,0.484259167,S,Bird,Secondary,4
2018-03-19T00:00:00Z,IPTO_05U,Fragment,Atalantia racemosa,8,Atalantia racemosa,Tree,Endemic,LC,NA,NA,S,Mammal,Secondary,4
2018-03-19T00:00:00Z,IPTO_05U,Fragment,Murraya paniculata,1,Murraya paniculata,Tree,Native,NA,0.867,0.867,S,Bird,Secondary,12
2018-03-19T00:00:00Z,IPTO_05U,Fragment,Lepisanthes deficiens,5,Lepisanthes tetraphylla,Tree,Endemic,LC,0.81,0.81,L,Mammal,Mature,5
2018-03-19T00:00:00Z,IPTO_05U,Fragment,Epiprinus mallotiformis,1,Epiprinus mallotiformis,Tree,Endemic,NA,NA,NA,S,Gravity,Mature,12
2018-03-19T00:00:00Z,IPTO_06U,Fragment,Lantana camara,28,Lantana camara,Shrub,Introduced,NA,NA,NA,S,Mammal_bird,Int,5
2018-03-19T00:00:00Z,IPTO_06U,Fragment,Maesa indica,29,Maesa indica,Tree,Native,LC,NA,NA,S,Mammal_bird,Secondary,4
2018-03-19T00:00:00Z,IPTO_06U,Fragment,Diospyros sylvatica,1,Diospyros sylvatica,Tree,Endemic,NA,0.701678322,0.701678322,S,Mammal,Mature,35
2018-03-19T00:00:00Z,IPTO_06U,Fragment,Atalantia racemosa,11,Atalantia racemosa,Tree,Endemic,LC,NA,NA,S,Mammal,Secondary,4
2018-03-14T00:00:00Z,HP36_P1B,Benchmark,Dimocarpus longan,47,Dimocarpus longan,Tree,Native,DD,0.748685273,0.748685273,S,Mammal,Mature,25
2018-03-14T00:00:00Z,HP36_P1B,Benchmark,Litsea stocksii,16,Litsea stocksii,Tree,Endemic,NT,NA,0.42,M,Bird,Mature,8
2018-03-14T00:00:00Z,HP36_P1B,Benchmark,Microtropis wallichiana,8,Microtropis wallichiana,Tree,Native,NA,NA,0.54,S,Mammal_bird,Mature,15
2018-03-14T00:00:00Z,HP36_P1B,Benchmark,Beilschmiedia wightii,4,Beilschmiedia wightii,Tree,Endemic,NT,NA,0.495,L,Bird,Mature,25
2018-03-14T00:00:00Z,HP36_P1B,Benchmark,Leea indica,2,Leea indica,Tree,Native,LC,0.483333,0.483333,S,Unknown,Secondary,5
2018-03-14T00:00:00Z,HP36_P1B,Benchmark,Croton zeylanicus,13,Croton zeylanicus,Tree,Endemic,NA,NA,0.53,S,Gravity,Mature,4
2018-03-14T00:00:00Z,HP36_P1B,Benchmark,Palaquium ellipticum,17,Palaquium ellipticum,Tree,Endemic,NA,0.55093772,0.55093772,L,Mammal,Mature,35
2018-03-14T00:00:00Z,HP36_P1B,Benchmark,Cryptocarya wightiana,2,Cryptocarya wightiana,Tree,Native,VU,NA,0.515,M,Bird,Mature,25
2018-03-14T00:00:00Z,HP36_P1B,Benchmark,Syzygium densiflorum,9,Syzygium densiflorum,Tree,Endemic,VU,NA,0.68,M,Mammal_bird,Mature,15
2018-03-14T00:00:00Z,HP36_P1B,Benchmark,Ardisia pauciflora,3,Ardisia pauciflora,Tree,Endemic,NA,NA,0.62,S,Bird,Mature,6
2018-03-14T00:00:00Z,HP36_P1B,Benchmark,Mesua ferrea,2,Mesua ferrea,Tree,Native,NA,0.9,0.9,L,Gravity,Mature,35
2018-03-14T00:00:00Z,HP36_P1B,Benchmark,Murraya paniculata,2,Murraya paniculata,Tree,Native,NA,0.867,0.867,S,Bird,Secondary,12
2018-03-14T00:00:00Z,HP36_P1B,Benchmark,Agrostistachys indica,1,Agrostistachys indica,Tree,Native,LC,0.5590085,0.5590085,S,Gravity,Mature,5
2018-03-14T00:00:00Z,HP36_P1B,Benchmark,Myristica dactyloides,3,Myristica beddomei,Tree,Endemic,EN,0.575521845,0.575521845,L,Bird,Mature,20
2018-03-14T00:00:00Z,HP36_P1B,Benchmark,Diospyros sylvatica,2,Diospyros sylvatica,Tree,Endemic,NA,0.701678322,0.701678322,S,Mammal,Mature,35
2018-03-14T00:00:00Z,HP36_P1B,Benchmark,Psychotria anamallayana,1,Psychotria anamallayana,Tree,Endemic,NA,NA,0.45,S,Mammal_bird,Mature,4
2018-03-14T00:00:00Z,HP36_P1B,Benchmark,Aglaia simplicifolia,6,Aglaia simplicifolia,Tree,Native,NT,0.680036834,0.680036834,L,Bird,Mature,6
2018-03-14T00:00:00Z,HP36_P1B,Benchmark,Clerodendrum viscosum,1,Clerodendrum infortunatum,Tree,Native,LC,0.484259167,0.484259167,S,Bird,Secondary,4
2018-03-14T00:00:00Z,HP36_P1B,Benchmark,Mesua ferrea,3,Mesua ferrea,Tree,Native,NA,0.9,0.9,L,Gravity,Mature,35
2018-03-14T00:00:00Z,HP36_P1B,Benchmark,Litsea floribunda,2,Litsea floribunda,Tree,Endemic,NT,0.56358678,0.56358678,S,Bird,Secondary,10
2018-03-14T00:00:00Z,HP36_P1B,Benchmark,Actinodaphne malabarica,1,Actinodaphne wightiana,Tree,Endemic,LC,0.619460212,0.619460212,S,Bird,Secondary,12
2018-03-14T00:00:00Z,HP36_P1B,Benchmark,Maesa indica,1,Maesa indica,Tree,Native,LC,NA,NA,S,Mammal_bird,Secondary,4
2018-03-14T00:00:00Z,HP36_P1B,Benchmark,Litsea oleoides,2,Litsea oleoides,Tree,Endemic,NA,NA,0.42,M,Bird,Mature,12
2018-03-14T00:00:00Z,HP36_P1B,Benchmark,Meliosma sp.,1,Meliosma sp.,Tree,Native,NA,NA,0.504,S,Bird,NA,NA
2018-03-14T00:00:00Z,HP36_P1B,Benchmark,Atalantia racemosa,2,Atalantia racemosa,Tree,Endemic,LC,NA,NA,S,Mammal,Secondary,4
2018-03-14T00:00:00Z,HP36_P1B,Benchmark,Calophyllum polyanthum,1,Calophyllum polyanthum,Tree,Native,NA,0.447545977,0.447545977,L,Mammal,Mature,35
2018-03-14T00:00:00Z,HP36_P2B,Benchmark,Palaquium ellipticum,54,Palaquium ellipticum,Tree,Endemic,NA,0.55093772,0.55093772,L,Mammal,Mature,35
2018-03-14T00:00:00Z,HP36_P2B,Benchmark,Dimocarpus longan,8,Dimocarpus longan,Tree,Native,DD,0.748685273,0.748685273,S,Mammal,Mature,25
2018-03-14T00:00:00Z,HP36_P2B,Benchmark,Unidentified,1,NA,NA,NA,NA,NA,NA,NA,NA,NA,NA
2018-03-14T00:00:00Z,HP36_P2B,Benchmark,Cinnamomum malabatrum,38,Cinnamomum malabathrum,Tree,Endemic,LC,NA,0.475,S,Bird,Secondary,15
2018-03-14T00:00:00Z,HP36_P2B,Benchmark,Cryptocarya wightiana,2,Cryptocarya wightiana,Tree,Native,VU,NA,0.515,M,Bird,Mature,25
2018-03-14T00:00:00Z,HP36_P2B,Benchmark,Beilschmiedia wightii,3,Beilschmiedia wightii,Tree,Endemic,NT,NA,0.495,L,Bird,Mature,25
2018-03-14T00:00:00Z,HP36_P2B,Benchmark,Croton zeylanicus,4,Croton zeylanicus,Tree,Endemic,NA,NA,0.53,S,Gravity,Mature,4
2018-03-14T00:00:00Z,HP36_P2B,Benchmark,Litsea stocksii,6,Litsea stocksii,Tree,Endemic,NT,NA,0.42,M,Bird,Mature,8
2018-03-14T00:00:00Z,HP36_P2B,Benchmark,Cullenia exarillata,2,Cullenia exarillata,Tree,Endemic,NA,NA,0.55,L,Gravity,Mature,40
2018-03-14T00:00:00Z,HP36_P2B,Benchmark,Diospyros sylvatica,3,Diospyros sylvatica,Tree,Endemic,NA,0.701678322,0.701678322,S,Mammal,Mature,35
2018-03-14T00:00:00Z,HP36_P2B,Benchmark,Nothopegia beddomei,1,Nothopegia beddomei,Tree,Endemic,EN,0.734771295,0.734771295,S,Mammal,Secondary,12
2018-03-14T00:00:00Z,HP36_P2B,Benchmark,Meliosma sp.,5,Meliosma sp.,Tree,Native,NA,NA,0.504,S,Bird,NA,NA
2018-03-14T00:00:00Z,HP36_P2B,Benchmark,Myristica dactyloides,4,Myristica beddomei,Tree,Endemic,EN,0.575521845,0.575521845,L,Bird,Mature,20
2018-03-14T00:00:00Z,HP36_P2B,Benchmark,Actinodaphne sp.,4,Actinodaphne sp.,Tree,Endemic,NA,NA,0.52,S,Bird,Secondary,NA
2018-03-14T00:00:00Z,HP36_P2B,Benchmark,Syzygium densiflorum,13,Syzygium densiflorum,Tree,Endemic,VU,NA,0.68,M,Mammal_bird,Mature,15
2018-03-14T00:00:00Z,HP36_P2B,Benchmark,Ardisia pauciflora,3,Ardisia pauciflora,Tree,Endemic,NA,NA,0.62,S,Bird,Mature,6
2018-03-14T00:00:00Z,HP36_P2B,Benchmark,Persea macrantha,3,Machilus glaucescens,Tree,Endemic,NA,0.427,0.427,S,Bird,Secondary,30
2018-03-14T00:00:00Z,HP36_P2B,Benchmark,Heritiera papilio,1,Heritiera papilio,Tree,Native,NA,NA,0.688,M,Wind,Mature,30
2018-03-14T00:00:00Z,HP36_P2B,Benchmark,Atalantia racemosa,1,Atalantia racemosa,Tree,Endemic,LC,NA,NA,S,Mammal,Secondary,4
2018-03-14T00:00:00Z,HP36_P2B,Benchmark,Microtropis wallichiana,8,Microtropis wallichiana,Tree,Native,NA,NA,0.54,S,Mammal_bird,Mature,15
2018-03-14T00:00:00Z,HP36_P2B,Benchmark,Clerodendrum viscosum,2,Clerodendrum infortunatum,Tree,Native,LC,0.484259167,0.484259167,S,Bird,Secondary,4
2018-03-14T00:00:00Z,HP36_P2B,Benchmark,Litsea oleoides,1,Litsea oleoides,Tree,Endemic,NA,NA,0.42,M,Bird,Mature,12
2018-03-14T00:00:00Z,HP36_P2B,Benchmark,Neolitsea sp.,1,Neolitsea sp.,Tree,Native,NA,NA,0.535334221,S,Bird,Mature,NA
2018-03-14T00:00:00Z,HP36_P2B,Benchmark,Litsea floribunda,1,Litsea floribunda,Tree,Endemic,NT,0.56358678,0.56358678,S,Bird,Secondary,10
2018-03-14T00:00:00Z,HP36_P2B,Benchmark,Aglaia simplicifolia,2,Aglaia simplicifolia,Tree,Native,NT,0.680036834,0.680036834,L,Bird,Mature,6
2018-03-15T00:00:00Z,HP36_P3B,Benchmark,Litsea oleoides,3,Litsea oleoides,Tree,Endemic,NA,NA,0.42,M,Bird,Mature,12
2018-03-15T00:00:00Z,HP36_P3B,Benchmark,Mesua ferrea,3,Mesua ferrea,Tree,Native,NA,0.9,0.9,L,Gravity,Mature,35
2018-03-15T00:00:00Z,HP36_P3B,Benchmark,Actinodaphne sp.,4,Actinodaphne sp.,Tree,Endemic,NA,NA,0.52,S,Bird,Secondary,NA
2018-03-15T00:00:00Z,HP36_P3B,Benchmark,Litsea stocksii,29,Litsea stocksii,Tree,Endemic,NT,NA,0.42,M,Bird,Mature,8
2018-03-15T00:00:00Z,HP36_P3B,Benchmark,Heritiera papilio,68,Heritiera papilio,Tree,Native,NA,NA,0.688,M,Wind,Mature,30
2018-03-15T00:00:00Z,HP36_P3B,Benchmark,Ardisia pauciflora,6,Ardisia pauciflora,Tree,Endemic,NA,NA,0.62,S,Bird,Mature,6
2018-03-15T00:00:00Z,HP36_P3B,Benchmark,Nothopegia beddomei,3,Nothopegia beddomei,Tree,Endemic,EN,0.734771295,0.734771295,S,Mammal,Secondary,12
2018-03-15T00:00:00Z,HP36_P3B,Benchmark,Meiogyne pannosa,1,Meiogyne pannosa,Tree,Endemic,NT,NA,NA,S,Bird,Mature,8
2018-03-15T00:00:00Z,HP36_P3B,Benchmark,Beilschmiedia wightii,3,Beilschmiedia wightii,Tree,Endemic,NT,NA,0.495,L,Bird,Mature,25
2018-03-15T00:00:00Z,HP36_P3B,Benchmark,Litsea floribunda,5,Litsea floribunda,Tree,Endemic,NT,0.56358678,0.56358678,S,Bird,Secondary,10
2018-03-15T00:00:00Z,HP36_P3B,Benchmark,Meliosma sp.,3,Meliosma sp.,Tree,Native,NA,NA,0.504,S,Bird,NA,NA
2018-03-15T00:00:00Z,HP36_P3B,Benchmark,Persea macrantha,2,Machilus glaucescens,Tree,Endemic,NA,0.427,0.427,S,Bird,Secondary,30
2018-03-15T00:00:00Z,HP36_P3B,Benchmark,Dimocarpus longan,2,Dimocarpus longan,Tree,Native,DD,0.748685273,0.748685273,S,Mammal,Mature,25
2018-03-15T00:00:00Z,HP36_P3B,Benchmark,Murraya paniculata,2,Murraya paniculata,Tree,Native,NA,0.867,0.867,S,Bird,Secondary,12
2018-03-15T00:00:00Z,HP36_P3B,Benchmark,Aglaia simplicifolia,1,Aglaia simplicifolia,Tree,Native,NT,0.680036834,0.680036834,L,Bird,Mature,6
2018-03-15T00:00:00Z,HP36_P3B,Benchmark,Cryptocarya wightiana,6,Cryptocarya wightiana,Tree,Native,VU,NA,0.515,M,Bird,Mature,25
2018-03-15T00:00:00Z,HP36_P3B,Benchmark,Leea indica,1,Leea indica,Tree,Native,LC,0.483333,0.483333,S,Unknown,Secondary,5
2018-03-15T00:00:00Z,HP36_P3B,Benchmark,Agrostistachys sp.,1,Agrostistachys sp.,Tree,Native,NA,NA,0.59,S,Gravity,Mature,5
2018-03-15T00:00:00Z,HP36_P3B,Benchmark,Palaquium ellipticum,1,Palaquium ellipticum,Tree,Endemic,NA,0.55093772,0.55093772,L,Mammal,Mature,35
2018-03-15T00:00:00Z,HP36_P3B,Benchmark,Heynea trijuga,1,Heynea trijuga,Tree,Native,LC,0.493174229,0.493174229,M,Bird,Secondary,10
2018-03-15T00:00:00Z,HP36_P3B,Benchmark,Actinodaphne bourdillonii,1,Actinodaphne bourdillonii,Tree,Endemic,NT,NA,0.52,S,Bird,Secondary,10
2018-03-15T00:00:00Z,HP36_P3B,Benchmark,Lepisanthes deficiens,1,Lepisanthes tetraphylla,Tree,Endemic,LC,0.81,0.81,L,Mammal,Mature,5
2018-03-15T00:00:00Z,HP36_P3B,Benchmark,Clerodendrum viscosum,1,Clerodendrum infortunatum,Tree,Native,LC,0.484259167,0.484259167,S,Bird,Secondary,4
2018-03-15T00:00:00Z,HP36_P3B,Benchmark,Microtropis wallichiana,1,Microtropis wallichiana,Tree,Native,NA,NA,0.54,S,Mammal_bird,Mature,15
2018-03-15T00:00:00Z,HP36_P3B,Benchmark,Myristica dactyloides,1,Myristica beddomei,Tree,Endemic,EN,0.575521845,0.575521845,L,Bird,Mature,20
2018-03-15T00:00:00Z,HP36_P3B,Benchmark,Calophyllum sp.,1,Calophyllum sp.,Tree,Native,NA,NA,0.540234234,L,Mammal,Mature,35
2018-03-15T00:00:00Z,HP36_P3B,Benchmark,Syzygium densiflorum,1,Syzygium densiflorum,Tree,Endemic,VU,NA,0.68,M,Mammal_bird,Mature,15
2018-03-15T00:00:00Z,HP36_P3B,Benchmark,Psychotria anamallayana,1,Psychotria anamallayana,Tree,Endemic,NA,NA,0.45,S,Mammal_bird,Mature,4
2018-03-15T00:00:00Z,HP36_P4B,Benchmark,Heritiera papilio,113,Heritiera papilio,Tree,Native,NA,NA,0.688,M,Wind,Mature,30
2018-03-15T00:00:00Z,HP36_P4B,Benchmark,Calophyllum polyanthum,1,Calophyllum polyanthum,Tree,Native,NA,0.447545977,0.447545977,L,Mammal,Mature,35
2018-03-15T00:00:00Z,HP36_P4B,Benchmark,Actinodaphne sp.,16,Actinodaphne sp.,Tree,Endemic,NA,NA,0.52,S,Bird,Secondary,NA
2018-03-15T00:00:00Z,HP36_P4B,Benchmark,Litsea stocksii,31,Litsea stocksii,Tree,Endemic,NT,NA,0.42,M,Bird,Mature,8
2018-03-15T00:00:00Z,HP36_P4B,Benchmark,Actinodaphne bourdillonii,3,Actinodaphne bourdillonii,Tree,Endemic,NT,NA,0.52,S,Bird,Secondary,10
2018-03-15T00:00:00Z,HP36_P4B,Benchmark,Meliosma sp.,4,Meliosma sp.,Tree,Native,NA,NA,0.504,S,Bird,NA,NA
2018-03-15T00:00:00Z,HP36_P4B,Benchmark,Myristica dactyloides,6,Myristica beddomei,Tree,Endemic,EN,0.575521845,0.575521845,L,Bird,Mature,20
2018-03-15T00:00:00Z,HP36_P4B,Benchmark,Ardisia pauciflora,2,Ardisia pauciflora,Tree,Endemic,NA,NA,0.62,S,Bird,Mature,6
2018-03-15T00:00:00Z,HP36_P4B,Benchmark,Artocarpus heterophyllus,1,Artocarpus heterophyllus,Tree,Native,NA,0.484,0.484,L,Mammal,Mature,20
2018-03-15T00:00:00Z,HP36_P4B,Benchmark,Croton zeylanicus,2,Croton zeylanicus,Tree,Endemic,NA,NA,0.53,S,Gravity,Mature,4
2018-03-15T00:00:00Z,HP36_P4B,Benchmark,Mesua ferrea,1,Mesua ferrea,Tree,Native,NA,0.9,0.9,L,Gravity,Mature,35
2018-03-15T00:00:00Z,HP36_P4B,Benchmark,Clerodendrum viscosum,3,Clerodendrum infortunatum,Tree,Native,LC,0.484259167,0.484259167,S,Bird,Secondary,4
2018-03-15T00:00:00Z,HP36_P4B,Benchmark,Scolopia crenata,1,Scolopia crenata,Tree,Native,NA,0.64624183,0.64624183,S,Mammal_bird,Mature,18
2018-03-15T00:00:00Z,HP36_P4B,Benchmark,Syzygium densiflorum,1,Syzygium densiflorum,Tree,Endemic,VU,NA,0.68,M,Mammal_bird,Mature,15
2018-03-15T00:00:00Z,HP36_P4B,Benchmark,Litsea insignis,1,Litsea keralana,Tree,Endemic,VU,NA,0.42,M,Bird,Mature,30
2018-03-15T00:00:00Z,HP36_P4B,Benchmark,Persea macrantha,1,Machilus glaucescens,Tree,Endemic,NA,0.427,0.427,S,Bird,Secondary,30
2018-03-15T00:00:00Z,HP36_P4B,Benchmark,Neolitsea sp.,3,Neolitsea sp.,Tree,Native,NA,NA,0.535334221,S,Bird,Mature,NA
2018-03-16T00:00:00Z,HP37_P1B,Benchmark,Microtropis wallichiana,3,Microtropis wallichiana,Tree,Native,NA,NA,0.54,S,Mammal_bird,Mature,15
2018-03-16T00:00:00Z,HP37_P1B,Benchmark,Pseudoglochidion anamalayanum,1,Phyllanthus anamalayanus,Tree,Endemic,CR,NA,0.642090339,S,Gravity,Mature,10
2018-03-16T00:00:00Z,HP37_P1B,Benchmark,Nageia wallichiana,3,Nageia wallichiana,Tree,Native,LC,0.4845,0.4845,L,Unknown,Mature,30
2018-03-16T00:00:00Z,HP37_P1B,Benchmark,Eugenia sp.,2,Eugenia sp.,Tree,Native,NA,NA,0.71,NA,Mammal_bird,Mature,NA
2018-03-16T00:00:00Z,HP37_P1B,Benchmark,Elaeocarpus serratus,1,Elaeocarpus serratus,Tree,Native,NA,0.569530272,0.569530272,L,Mammal,Mature,18
2018-03-16T00:00:00Z,HP37_P1B,Benchmark,Meliosma sp.,12,Meliosma sp.,Tree,Native,NA,NA,0.504,S,Bird,NA,NA
2018-03-16T00:00:00Z,HP37_P1B,Benchmark,Cryptocarya wightiana,7,Cryptocarya wightiana,Tree,Native,VU,NA,0.515,M,Bird,Mature,25
2018-03-16T00:00:00Z,HP37_P1B,Benchmark,Ardisia pauciflora,6,Ardisia pauciflora,Tree,Endemic,NA,NA,0.62,S,Bird,Mature,6
2018-03-16T00:00:00Z,HP37_P1B,Benchmark,Syzygium densiflorum,1,Syzygium densiflorum,Tree,Endemic,VU,NA,0.68,M,Mammal_bird,Mature,15
2018-03-16T00:00:00Z,HP37_P1B,Benchmark,Diospyros sylvatica,1,Diospyros sylvatica,Tree,Endemic,NA,0.701678322,0.701678322,S,Mammal,Mature,35
2018-03-16T00:00:00Z,HP37_P1B,Benchmark,Agrostistachys indica,2,Agrostistachys indica,Tree,Native,LC,0.5590085,0.5590085,S,Gravity,Mature,5
2018-03-16T00:00:00Z,HP37_P1B,Benchmark,Litsea udayanii,4,Litsea udayanii,Tree,Endemic,NA,NA,0.42,S,Bird,Mature,NA
2018-03-16T00:00:00Z,HP37_P1B,Benchmark,Atalantia racemosa,1,Atalantia racemosa,Tree,Endemic,LC,NA,NA,S,Mammal,Secondary,4
2018-03-16T00:00:00Z,HP37_P1B,Benchmark,Dysoxylum malabaricum,1,Dysoxylum malabaricum,Tree,Endemic,EN,0.58,0.58,L,Bird,Mature,35
2018-03-16T00:00:00Z,HP37_P1B,Benchmark,Meliosma simplicifolia,1,Meliosma simplicifolia,Tree,Native,NA,0.455,0.455,S,Bird,Mature,15
2018-03-16T00:00:00Z,HP37_P1B,Benchmark,Clerodendrum viscosum,4,Clerodendrum infortunatum,Tree,Native,LC,0.484259167,0.484259167,S,Bird,Secondary,4
2018-03-16T00:00:00Z,HP37_P1B,Benchmark,Litsea bourdillonii,1,Litsea bourdillonii,Tree,Endemic,NT,NA,0.42,S,Bird,Mature,18
2018-03-16T00:00:00Z,HP37_P1B,Benchmark,Dimocarpus longan,1,Dimocarpus longan,Tree,Native,DD,0.748685273,0.748685273,S,Mammal,Mature,25
2018-03-16T00:00:00Z,HP37_P1B,Benchmark,Croton zeylanicus,1,Croton zeylanicus,Tree,Endemic,NA,NA,0.53,S,Gravity,Mature,4
2018-03-16T00:00:00Z,HP37_P1B,Benchmark,Drypetes wightii,1,Drypetes wightii,Tree,Endemic,VU,NA,0.7175,M,Bird,Mature,12
2018-03-16T00:00:00Z,HP37_P1B,Benchmark,Cryptocarya anamalayana,1,Cryptocarya anamalayana,Tree,Endemic,EN,NA,0.515,M,Bird,Mature,8
2018-03-16T00:00:00Z,HP37_P1B,Benchmark,Nothopegia beddomei,2,Nothopegia beddomei,Tree,Endemic,EN,0.734771295,0.734771295,S,Mammal,Secondary,12
2018-03-16T00:00:00Z,HP37_P1B,Benchmark,Actinodaphne malabarica,1,Actinodaphne wightiana,Tree,Endemic,LC,0.619460212,0.619460212,S,Bird,Secondary,12
2018-03-16T00:00:00Z,HP37_P2B,Benchmark,Mesua ferrea,1,Mesua ferrea,Tree,Native,NA,0.9,0.9,L,Gravity,Mature,35
2018-03-16T00:00:00Z,HP37_P2B,Benchmark,Litsea oleoides,17,Litsea oleoides,Tree,Endemic,NA,NA,0.42,M,Bird,Mature,12
2018-03-16T00:00:00Z,HP37_P2B,Benchmark,Ardisia pauciflora,5,Ardisia pauciflora,Tree,Endemic,NA,NA,0.62,S,Bird,Mature,6
2018-03-16T00:00:00Z,HP37_P2B,Benchmark,Litsea udayanii,3,Litsea udayanii,Tree,Endemic,NA,NA,0.42,S,Bird,Mature,NA
2018-03-16T00:00:00Z,HP37_P2B,Benchmark,Cryptocarya anamalayana,1,Cryptocarya anamalayana,Tree,Endemic,EN,NA,0.515,M,Bird,Mature,8
2018-03-16T00:00:00Z,HP37_P2B,Benchmark,Pseudoglochidion anamalayanum,16,Phyllanthus anamalayanus,Tree,Endemic,CR,NA,0.642090339,S,Gravity,Mature,10
2018-03-16T00:00:00Z,HP37_P2B,Benchmark,Litsea stocksii,3,Litsea stocksii,Tree,Endemic,NT,NA,0.42,M,Bird,Mature,8
2018-03-16T00:00:00Z,HP37_P2B,Benchmark,Meliosma sp.,3,Meliosma sp.,Tree,Native,NA,NA,0.504,S,Bird,NA,NA
2018-03-16T00:00:00Z,HP37_P2B,Benchmark,Nothopegia beddomei,1,Nothopegia beddomei,Tree,Endemic,EN,0.734771295,0.734771295,S,Mammal,Secondary,12
2018-03-16T00:00:00Z,HP37_P2B,Benchmark,Aglaia simplicifolia,1,Aglaia simplicifolia,Tree,Native,NT,0.680036834,0.680036834,L,Bird,Mature,6
2018-03-16T00:00:00Z,HP37_P2B,Benchmark,Artocarpus heterophyllus,1,Artocarpus heterophyllus,Tree,Native,NA,0.484,0.484,L,Mammal,Mature,20
2018-03-16T00:00:00Z,HP37_P2B,Benchmark,Lepisanthes deficiens,1,Lepisanthes tetraphylla,Tree,Endemic,LC,0.81,0.81,L,Mammal,Mature,5
2018-03-16T00:00:00Z,HP37_P2B,Benchmark,Atalantia racemosa,2,Atalantia racemosa,Tree,Endemic,LC,NA,NA,S,Mammal,Secondary,4
2018-03-16T00:00:00Z,HP37_P2B,Benchmark,Syzygium densiflorum,1,Syzygium densiflorum,Tree,Endemic,VU,NA,0.68,M,Mammal_bird,Mature,15
2018-03-16T00:00:00Z,HP37_P2B,Benchmark,Villebrunea integrifolia,1,Oreocnide integrifolia,Tree,Native,NA,NA,NA,S,Bird,Secondary,8
2018-03-16T00:00:00Z,HP37_P2B,Benchmark,Maesa indica,1,Maesa indica,Tree,Native,LC,NA,NA,S,Mammal_bird,Secondary,4
2018-03-16T00:00:00Z,HP37_P2B,Benchmark,Aphanamixis polystachya,1,Aphanamixis polystachya,Tree,Native,LC,0.57,0.57,L,Bird,Mature,20
2018-03-16T00:00:00Z,HP37_P2B,Benchmark,Litsea bourdillonii,2,Litsea bourdillonii,Tree,Endemic,NT,NA,0.42,S,Bird,Mature,18
2018-03-16T00:00:00Z,HP37_P2B,Benchmark,Cullenia exarillata,1,Cullenia exarillata,Tree,Endemic,NA,NA,0.55,L,Gravity,Mature,40
2018-03-16T00:00:00Z,HP37_P2B,Benchmark,Leea indica,1,Leea indica,Tree,Native,LC,0.483333,0.483333,S,Unknown,Secondary,5
2018-03-16T00:00:00Z,HP37_P2B,Benchmark,Myristica dactyloides,1,Myristica beddomei,Tree,Endemic,EN,0.575521845,0.575521845,L,Bird,Mature,20
2018-03-16T00:00:00Z,HP37_P2B,Benchmark,Microtropis wallichiana,2,Microtropis wallichiana,Tree,Native,NA,NA,0.54,S,Mammal_bird,Mature,15
2018-03-16T00:00:00Z,HP37_P2B,Benchmark,Meliosma simplicifolia,1,Meliosma simplicifolia,Tree,Native,NA,0.455,0.455,S,Bird,Mature,15
2018-03-16T00:00:00Z,HP37_P3B,Benchmark,Ardisia pauciflora,42,Ardisia pauciflora,Tree,Endemic,NA,NA,0.62,S,Bird,Mature,6
2018-03-16T00:00:00Z,HP37_P3B,Benchmark,Atalantia racemosa,5,Atalantia racemosa,Tree,Endemic,LC,NA,NA,S,Mammal,Secondary,4
2018-03-16T00:00:00Z,HP37_P3B,Benchmark,Syzygium densiflorum,15,Syzygium densiflorum,Tree,Endemic,VU,NA,0.68,M,Mammal_bird,Mature,15
2018-03-16T00:00:00Z,HP37_P3B,Benchmark,Aglaia simplicifolia,2,Aglaia simplicifolia,Tree,Native,NT,0.680036834,0.680036834,L,Bird,Mature,6
2018-03-16T00:00:00Z,HP37_P3B,Benchmark,Litsea oleoides,3,Litsea oleoides,Tree,Endemic,NA,NA,0.42,M,Bird,Mature,12
2018-03-16T00:00:00Z,HP37_P3B,Benchmark,Heritiera papilio,8,Heritiera papilio,Tree,Native,NA,NA,0.688,M,Wind,Mature,30
2018-03-16T00:00:00Z,HP37_P3B,Benchmark,Tricalysia apiocarpa,1,Discospermum apiocarpum,Tree,Endemic,NA,NA,0.1,S,Mammal,Mature,15
2018-03-16T00:00:00Z,HP37_P3B,Benchmark,Beilschmiedia wightii,1,Beilschmiedia wightii,Tree,Endemic,NT,NA,0.495,L,Bird,Mature,25
2018-03-16T00:00:00Z,HP37_P3B,Benchmark,Cryptocarya wightiana,3,Cryptocarya wightiana,Tree,Native,VU,NA,0.515,M,Bird,Mature,25
2018-03-16T00:00:00Z,HP37_P3B,Benchmark,Murraya paniculata,1,Murraya paniculata,Tree,Native,NA,0.867,0.867,S,Bird,Secondary,12
2018-03-16T00:00:00Z,HP37_P3B,Benchmark,Psychotria anamallayana,1,Psychotria anamallayana,Tree,Endemic,NA,NA,0.45,S,Mammal_bird,Mature,4
2018-03-16T00:00:00Z,HP37_P3B,Benchmark,Neolitsea sp.,1,Neolitsea sp.,Tree,Native,NA,NA,0.535334221,S,Bird,Mature,NA
2018-03-16T00:00:00Z,HP37_P3B,Benchmark,Cleidion spiciflorum,4,Cleidion spiciflorum,Tree,Native,NA,NA,0.45,M,Gravity,Mature,15
2018-03-16T00:00:00Z,HP37_P3B,Benchmark,Microtropis wallichiana,7,Microtropis wallichiana,Tree,Native,NA,NA,0.54,S,Mammal_bird,Mature,15
2018-03-16T00:00:00Z,HP37_P3B,Benchmark,Meliosma sp.,3,Meliosma sp.,Tree,Native,NA,NA,0.504,S,Bird,NA,NA
2018-03-16T00:00:00Z,HP37_P3B,Benchmark,Myristica dactyloides,1,Myristica beddomei,Tree,Endemic,EN,0.575521845,0.575521845,L,Bird,Mature,20
2018-03-16T00:00:00Z,HP37_P3B,Benchmark,Actinodaphne bourdillonii,1,Actinodaphne bourdillonii,Tree,Endemic,NT,NA,0.52,S,Bird,Secondary,10
2018-03-16T00:00:00Z,HP37_P3B,Benchmark,Dimocarpus longan,1,Dimocarpus longan,Tree,Native,DD,0.748685273,0.748685273,S,Mammal,Mature,25
2018-03-16T00:00:00Z,HP37_P3B,Benchmark,Villebrunea integrifolia,1,Oreocnide integrifolia,Tree,Native,NA,NA,NA,S,Bird,Secondary,8
2018-03-16T00:00:00Z,HP37_P3B,Benchmark,Cinnamomum malabatrum,1,Cinnamomum malabathrum,Tree,Endemic,LC,NA,0.475,S,Bird,Secondary,15
2018-03-16T00:00:00Z,HP37_P3B,Benchmark,Litsea floribunda,1,Litsea floribunda,Tree,Endemic,NT,0.56358678,0.56358678,S,Bird,Secondary,10
2018-03-16T00:00:00Z,HP37_P3B,Benchmark,Nothopegia beddomei,2,Nothopegia beddomei,Tree,Endemic,EN,0.734771295,0.734771295,S,Mammal,Secondary,12
2018-03-16T00:00:00Z,HP37_P3B,Benchmark,Beilschmiedia wightii,1,Beilschmiedia wightii,Tree,Endemic,NT,NA,0.495,L,Bird,Mature,25
2018-03-16T00:00:00Z,HP37_P3B,Benchmark,Eugenia sp.,2,Eugenia sp.,Tree,Native,NA,NA,0.71,NA,Mammal_bird,Mature,NA
2018-03-16T00:00:00Z,HP37_P3B,Benchmark,Meliosma simplicifolia,1,Meliosma simplicifolia,Tree,Native,NA,0.455,0.455,S,Bird,Mature,15
2018-03-16T00:00:00Z,HP37_P3B,Benchmark,Mesua ferrea,1,Mesua ferrea,Tree,Native,NA,0.9,0.9,L,Gravity,Mature,35
2018-03-16T00:00:00Z,HP37_P3B,Benchmark,Litsea stocksii,1,Litsea stocksii,Tree,Endemic,NT,NA,0.42,M,Bird,Mature,8
2018-03-16T00:00:00Z,HP37_P3B,Benchmark,Nageia wallichiana,1,Nageia wallichiana,Tree,Native,LC,0.4845,0.4845,L,Unknown,Mature,30
2018-03-16T00:00:00Z,HP37_P3B,Benchmark,Diospyros sylvatica,1,Diospyros sylvatica,Tree,Endemic,NA,0.701678322,0.701678322,S,Mammal,Mature,35
2018-03-16T00:00:00Z,HP37_P3B,Benchmark,Croton zeylanicus,2,Croton zeylanicus,Tree,Endemic,NA,NA,0.53,S,Gravity,Mature,4
2018-03-16T00:00:00Z,HP37_P4B,Benchmark,Microtropis wallichiana,1,Microtropis wallichiana,Tree,Native,NA,NA,0.54,S,Mammal_bird,Mature,15
2018-03-16T00:00:00Z,HP37_P4B,Benchmark,Syzygium cumini,3,Syzygium cumini,Tree,Native,LC,0.645435271,0.645435271,S,Mammal_bird,Secondary,20
2018-03-16T00:00:00Z,HP37_P4B,Benchmark,Clerodendrum viscosum,16,Clerodendrum infortunatum,Tree,Native,LC,0.484259167,0.484259167,S,Bird,Secondary,4
2018-03-16T00:00:00Z,HP37_P4B,Benchmark,Litsea stocksii,10,Litsea stocksii,Tree,Endemic,NT,NA,0.42,M,Bird,Mature,8
2018-03-16T00:00:00Z,HP37_P4B,Benchmark,Acronychia pedunculata,1,Acronychia pedunculata,Tree,Native,LC,0.4795,0.4795,S,Mammal_bird,Secondary,10
2018-03-16T00:00:00Z,HP37_P4B,Benchmark,Nothapodytes nimmoniana,2,Mappia nimmoniana,Tree,Native,NA,NA,NA,M,Bird,Secondary,8
2018-03-16T00:00:00Z,HP37_P4B,Benchmark,Litsea floribunda,6,Litsea floribunda,Tree,Endemic,NT,0.56358678,0.56358678,S,Bird,Secondary,10
2018-03-16T00:00:00Z,HP37_P4B,Benchmark,Heritiera papilio,2,Heritiera papilio,Tree,Native,NA,NA,0.688,M,Wind,Mature,30
2018-03-16T00:00:00Z,HP37_P4B,Benchmark,Palaquium ellipticum,2,Palaquium ellipticum,Tree,Endemic,NA,0.55093772,0.55093772,L,Mammal,Mature,35
2018-03-16T00:00:00Z,HP37_P4B,Benchmark,Villebrunea integrifolia,1,Oreocnide integrifolia,Tree,Native,NA,NA,NA,S,Bird,Secondary,8
2018-03-16T00:00:00Z,HP37_P4B,Benchmark,Cullenia exarillata,1,Cullenia exarillata,Tree,Endemic,NA,NA,0.55,L,Gravity,Mature,40
2018-03-16T00:00:00Z,HP37_P4B,Benchmark,Syzygium densiflorum,2,Syzygium densiflorum,Tree,Endemic,VU,NA,0.68,M,Mammal_bird,Mature,15
2018-03-16T00:00:00Z,HP37_P4B,Benchmark,Litsea oleoides,4,Litsea oleoides,Tree,Endemic,NA,NA,0.42,M,Bird,Mature,12
2018-03-16T00:00:00Z,HP37_P4B,Benchmark,Atalantia racemosa,3,Atalantia racemosa,Tree,Endemic,LC,NA,NA,S,Mammal,Secondary,4
2018-03-16T00:00:00Z,HP37_P4B,Benchmark,Nageia wallichiana,1,Nageia wallichiana,Tree,Native,LC,0.4845,0.4845,L,Unknown,Mature,30
2018-03-16T00:00:00Z,HP37_P4B,Benchmark,Ardisia pauciflora,2,Ardisia pauciflora,Tree,Endemic,NA,NA,0.62,S,Bird,Mature,6
2018-03-16T00:00:00Z,HP37_P4B,Benchmark,Persea macrantha,1,Machilus glaucescens,Tree,Endemic,NA,0.427,0.427,S,Bird,Secondary,30
2018-03-16T00:00:00Z,HP37_P4B,Benchmark,Murraya paniculata,1,Murraya paniculata,Tree,Native,NA,0.867,0.867,S,Bird,Secondary,12
2018-03-19T00:00:00Z,OLCA_P1B,Benchmark,Ardisia pauciflora,1,Ardisia pauciflora,Tree,Endemic,NA,NA,0.62,S,Bird,Mature,6
2018-03-19T00:00:00Z,OLCA_P1B,Benchmark,Palaquium ellipticum,16,Palaquium ellipticum,Tree,Endemic,NA,0.55093772,0.55093772,L,Mammal,Mature,35
2018-03-19T00:00:00Z,OLCA_P1B,Benchmark,Syzygium sp.,0,Syzygium sp.,Tree,Native,NA,NA,0.68,NA,Mammal_bird,NA,NA
2018-03-19T00:00:00Z,OLCA_P1B,Benchmark,Neolitsea sp.,1,Neolitsea sp.,Tree,Native,NA,NA,0.535334221,S,Bird,Mature,NA
2018-03-19T00:00:00Z,OLCA_P1B,Benchmark,Myristica dactyloides,1,Myristica beddomei,Tree,Endemic,EN,0.575521845,0.575521845,L,Bird,Mature,20
2018-03-19T00:00:00Z,OLCA_P1B,Benchmark,Orophea sp.,2,Orophea sp.,Tree,Endemic,NA,NA,NA,NA,Bird,NA,NA
2018-03-19T00:00:00Z,OLCA_P1B,Benchmark,Dimocarpus longan,12,Dimocarpus longan,Tree,Native,DD,0.748685273,0.748685273,S,Mammal,Mature,25
2018-03-19T00:00:00Z,OLCA_P1B,Benchmark,Syzygium laetum,1,Syzygium laetum,Tree,Endemic,NA,0.662842,0.662842,M,Mammal_bird,Mature,7
2018-03-19T00:00:00Z,OLCA_P1B,Benchmark,Syzygium gardneri,4,Syzygium gardneri,Tree,Endemic,NA,0.789375,0.789375,S,Mammal_bird,Mature,60
2018-03-19T00:00:00Z,OLCA_P1B,Benchmark,Mesua ferrea,2,Mesua ferrea,Tree,Native,NA,0.9,0.9,L,Gravity,Mature,35
2018-03-19T00:00:00Z,OLCA_P1B,Benchmark,Heritiera papilio,1,Heritiera papilio,Tree,Native,NA,NA,0.688,M,Wind,Mature,30
2018-03-19T00:00:00Z,OLCA_P1B,Benchmark,Syzygium laetum,1,Syzygium laetum,Tree,Endemic,NA,0.662842,0.662842,M,Mammal_bird,Mature,7
2018-03-19T00:00:00Z,OLCA_P1B,Benchmark,Litsea floribunda,1,Litsea floribunda,Tree,Endemic,NT,0.56358678,0.56358678,S,Bird,Secondary,10
2018-03-19T00:00:00Z,OLCA_P1B,Benchmark,Actinodaphne malabarica,1,Actinodaphne wightiana,Tree,Endemic,LC,0.619460212,0.619460212,S,Bird,Secondary,12
2018-03-19T00:00:00Z,OLCA_P1B,Benchmark,Apollonias arnottii,1,Apollonias arnottii,Tree,Endemic,NA,NA,NA,S,Bird,Mature,6
2018-03-19T00:00:00Z,OLCA_P2B,Benchmark,Clerodendrum viscosum,2,Clerodendrum infortunatum,Tree,Native,LC,0.484259167,0.484259167,S,Bird,Secondary,4
2018-03-19T00:00:00Z,OLCA_P2B,Benchmark,Dendrocnide sinuata,3,Dendrocnide sinuata,Tree,Endemic,NA,NA,NA,S,Bird,Secondary,5
2018-03-19T00:00:00Z,OLCA_P2B,Benchmark,Palaquium ellipticum,18,Palaquium ellipticum,Tree,Endemic,NA,0.55093772,0.55093772,L,Mammal,Mature,35
2018-03-19T00:00:00Z,OLCA_P2B,Benchmark,Cullenia exarillata,2,Cullenia exarillata,Tree,Endemic,NA,NA,0.55,L,Gravity,Mature,40
2018-03-19T00:00:00Z,OLCA_P2B,Benchmark,Aglaia elaeagnoidea,2,Aglaia elaeagnoidea,Tree,Native,LC,0.641083454,0.641083454,M,Mammal_bird,Mature,10
2018-03-19T00:00:00Z,OLCA_P2B,Benchmark,Ardisia pauciflora,1,Ardisia pauciflora,Tree,Endemic,NA,NA,0.62,S,Bird,Mature,6
2018-03-19T00:00:00Z,OLCA_P2B,Benchmark,Dimocarpus longan,3,Dimocarpus longan,Tree,Native,DD,0.748685273,0.748685273,S,Mammal,Mature,25
2018-03-19T00:00:00Z,OLCA_P2B,Benchmark,Mesua ferrea,1,Mesua ferrea,Tree,Native,NA,0.9,0.9,L,Gravity,Mature,35
2018-03-19T00:00:00Z,OLCA_P2B,Benchmark,Leea indica,1,Leea indica,Tree,Native,LC,0.483333,0.483333,S,Unknown,Secondary,5
2018-03-20T00:00:00Z,UPMA_P1B,Benchmark,Croton zeylanicus,17,Croton zeylanicus,Tree,Endemic,NA,NA,0.53,S,Gravity,Mature,4
2018-03-20T00:00:00Z,UPMA_P1B,Benchmark,Phoebe lanceolata,3,Phoebe lanceolata,Tree,Native,LC,NA,0.49,S,Bird,Mature,8
2018-03-20T00:00:00Z,UPMA_P1B,Benchmark,Coffea canephora,13,Coffea canephora,Tree,Introduced,EN,NA,NA,S,Mammal,Int,6
2018-03-20T00:00:00Z,UPMA_P1B,Benchmark,Epiprinus mallotiformis,4,Epiprinus mallotiformis,Tree,Endemic,NA,NA,NA,S,Gravity,Mature,12
2018-03-20T00:00:00Z,UPMA_P1B,Benchmark,Ardisia pauciflora,2,Ardisia pauciflora,Tree,Endemic,NA,NA,0.62,S,Bird,Mature,6
2018-03-20T00:00:00Z,UPMA_P1B,Benchmark,Diospyros sylvatica,5,Diospyros sylvatica,Tree,Endemic,NA,0.701678322,0.701678322,S,Mammal,Mature,35
2018-03-20T00:00:00Z,UPMA_P1B,Benchmark,Lepisanthes deficiens,1,Lepisanthes tetraphylla,Tree,Endemic,LC,0.81,0.81,L,Mammal,Mature,5
2018-03-20T00:00:00Z,UPMA_P1B,Benchmark,Palaquium ellipticum,2,Palaquium ellipticum,Tree,Endemic,NA,0.55093772,0.55093772,L,Mammal,Mature,35
2018-03-20T00:00:00Z,UPMA_P1B,Benchmark,Paracroton pendulus,1,Paracroton pendulus,Tree,Endemic,LC,0.46,0.46,S,Gravity,Mature,30
2018-03-20T00:00:00Z,UPMA_P1B,Benchmark,Syzygium densiflorum,1,Syzygium densiflorum,Tree,Endemic,VU,NA,0.68,M,Mammal_bird,Mature,15
2018-03-20T00:00:00Z,UPMA_P1B,Benchmark,Gomphandra coriacea,1,Gomphandra coriacea,Tree,Endemic,NA,NA,0.48,M,Bird,Mature,10
2018-03-20T00:00:00Z,UPMA_P1B,Benchmark,Myristica dactyloides,1,Myristica beddomei,Tree,Endemic,EN,0.575521845,0.575521845,L,Bird,Mature,20
2018-03-20T00:00:00Z,UPMA_P1B,Benchmark,Cullenia exarillata,1,Cullenia exarillata,Tree,Endemic,NA,NA,0.55,L,Gravity,Mature,40
2018-03-20T00:00:00Z,UPMA_P1B,Benchmark,Leea indica,1,Leea indica,Tree,Native,LC,0.483333,0.483333,S,Unknown,Secondary,5
2018-03-20T00:00:00Z,UPMA_P1B,Benchmark,Reinwardtiodendron anaimalaiense,2,Reinwardtiodendron anamalaiense,Tree,Endemic,NA,0.738828128,0.738828128,S,Bird,Mature,20
2018-03-20T00:00:00Z,UPMA_P1B,Benchmark,Meiogyne pannosa,1,Meiogyne pannosa,Tree,Endemic,NT,NA,NA,S,Bird,Mature,8
2018-03-20T00:00:00Z,UPMA_P1B,Benchmark,Orophea sp.,2,Orophea sp.,Tree,Endemic,NA,NA,NA,NA,Bird,NA,NA
2018-03-20T00:00:00Z,UPMA_P1B,Benchmark,Garcinia morella,1,Garcinia morella,Tree,Native,LC,0.652374698,0.652374698,S,Mammal,Mature,12
2018-03-20T00:00:00Z,UPMA_P2B,Benchmark,Croton zeylanicus,57,Croton zeylanicus,Tree,Endemic,NA,NA,0.53,S,Gravity,Mature,4
2018-03-20T00:00:00Z,UPMA_P2B,Benchmark,Ardisia pauciflora,2,Ardisia pauciflora,Tree,Endemic,NA,NA,0.62,S,Bird,Mature,6
2018-03-20T00:00:00Z,UPMA_P2B,Benchmark,Litsea bourdillonii,2,Litsea bourdillonii,Tree,Endemic,NT,NA,0.42,S,Bird,Mature,18
2018-03-20T00:00:00Z,UPMA_P2B,Benchmark,Coffea canephora,46,Coffea canephora,Tree,Introduced,EN,NA,NA,S,Mammal,Int,6
2018-03-20T00:00:00Z,UPMA_P2B,Benchmark,Mesua ferrea,3,Mesua ferrea,Tree,Native,NA,0.9,0.9,L,Gravity,Mature,35
2018-03-20T00:00:00Z,UPMA_P2B,Benchmark,Diospyros sylvatica,2,Diospyros sylvatica,Tree,Endemic,NA,0.701678322,0.701678322,S,Mammal,Mature,35
2018-03-20T00:00:00Z,UPMA_P2B,Benchmark,Aglaia simplicifolia,2,Aglaia simplicifolia,Tree,Native,NT,0.680036834,0.680036834,L,Bird,Mature,6
2018-03-20T00:00:00Z,UPMA_P2B,Benchmark,Eugenia sp.,1,Eugenia sp.,Tree,Native,NA,NA,0.71,NA,Mammal_bird,Mature,NA
2018-03-20T00:00:00Z,UPMA_P2B,Benchmark,Atalantia racemosa,1,Atalantia racemosa,Tree,Endemic,LC,NA,NA,S,Mammal,Secondary,4
2018-03-20T00:00:00Z,UPMA_P2B,Benchmark,Dendrocnide sinuata,6,Dendrocnide sinuata,Tree,Endemic,NA,NA,NA,S,Bird,Secondary,5
2018-03-20T00:00:00Z,UPMA_P2B,Benchmark,Dysoxylum malabaricum,2,Dysoxylum malabaricum,Tree,Endemic,EN,0.58,0.58,L,Bird,Mature,35
2018-03-20T00:00:00Z,UPMA_P2B,Benchmark,Orophea sp.,3,Orophea sp.,Tree,Endemic,NA,NA,NA,NA,Bird,NA,NA
2018-03-20T00:00:00Z,UPMA_P2B,Benchmark,Drypetes wightii,1,Drypetes wightii,Tree,Endemic,VU,NA,0.7175,M,Bird,Mature,12
2018-03-20T00:00:00Z,UPMA_P2B,Benchmark,Actinodaphne bourdillonii,2,Actinodaphne bourdillonii,Tree,Endemic,NT,NA,0.52,S,Bird,Secondary,10
2018-03-20T00:00:00Z,UPMA_P2B,Benchmark,Syzygium laetum,1,Syzygium laetum,Tree,Endemic,NA,0.662842,0.662842,M,Mammal_bird,Mature,7
2018-03-20T00:00:00Z,UPMA_P2B,Benchmark,Syzygium densiflorum,1,Syzygium densiflorum,Tree,Endemic,VU,NA,0.68,M,Mammal_bird,Mature,15
2018-03-20T00:00:00Z,UPMA_P2B,Benchmark,Meiogyne pannosa,1,Meiogyne pannosa,Tree,Endemic,NT,NA,NA,S,Bird,Mature,8
2018-03-20T00:00:00Z,UPMA_P2B,Benchmark,Phoebe lanceolata,1,Phoebe lanceolata,Tree,Native,LC,NA,0.49,S,Bird,Mature,8
2018-03-20T00:00:00Z,UPMA_P2B,Benchmark,Drypetes malabarica,1,Drypetes malabarica,Tree,Endemic,NA,NA,0.7175,S,Gravity,Mature,20
2018-03-20T00:00:00Z,UPMA_P2B,Benchmark,Hydnocarpus alpina,1,Hydnocarpus alpina,Tree,Endemic,NA,0.669757732,0.669757732,M,Mammal,Mature,8
2018-03-20T00:00:00Z,UPMA_P2B,Benchmark,Psychotria anamallayana,1,Psychotria anamallayana,Tree,Endemic,NA,NA,0.45,S,Mammal_bird,Mature,4
2018-03-20T00:00:00Z,UPMA_P2B,Benchmark,Holigarna nigra,1,Holigarna nigra,Tree,Endemic,NA,NA,0.493977646,L,Mammal,Mature,35
2018-03-20T00:00:00Z,UPMA_P2B,Benchmark,Cryptocarya wightiana,1,Cryptocarya wightiana,Tree,Native,VU,NA,0.515,M,Bird,Mature,25
2018-03-20T00:00:00Z,UPMA_P2B,Benchmark,Artocarpus heterophyllus,1,Artocarpus heterophyllus,Tree,Native,NA,0.484,0.484,L,Mammal,Mature,20
2018-03-20T00:00:00Z,UPMA_P2B,Benchmark,Paracroton pendulus,1,Paracroton pendulus,Tree,Endemic,LC,0.46,0.46,S,Gravity,Mature,30
2018-03-20T00:00:00Z,UPMA_P3B,Benchmark,Croton zeylanicus,44,Croton zeylanicus,Tree,Endemic,NA,NA,0.53,S,Gravity,Mature,4
2018-03-20T00:00:00Z,UPMA_P3B,Benchmark,Syzygium densiflorum,2,Syzygium densiflorum,Tree,Endemic,VU,NA,0.68,M,Mammal_bird,Mature,15
2018-03-20T00:00:00Z,UPMA_P3B,Benchmark,Mesua ferrea,5,Mesua ferrea,Tree,Native,NA,0.9,0.9,L,Gravity,Mature,35
2018-03-20T00:00:00Z,UPMA_P3B,Benchmark,Ardisia pauciflora,3,Ardisia pauciflora,Tree,Endemic,NA,NA,0.62,S,Bird,Mature,6
2018-03-20T00:00:00Z,UPMA_P3B,Benchmark,Coffea canephora,24,Coffea canephora,Tree,Introduced,EN,NA,NA,S,Mammal,Int,6
2018-03-20T00:00:00Z,UPMA_P3B,Benchmark,Drypetes malabarica,7,Drypetes malabarica,Tree,Endemic,NA,NA,0.7175,S,Gravity,Mature,20
2018-03-20T00:00:00Z,UPMA_P3B,Benchmark,Diospyros sylvatica,3,Diospyros sylvatica,Tree,Endemic,NA,0.701678322,0.701678322,S,Mammal,Mature,35
2018-03-20T00:00:00Z,UPMA_P3B,Benchmark,Phoebe lanceolata,1,Phoebe lanceolata,Tree,Native,LC,NA,0.49,S,Bird,Mature,8
2018-03-20T00:00:00Z,UPMA_P3B,Benchmark,Orophea sp.,1,Orophea sp.,Tree,Endemic,NA,NA,NA,NA,Bird,NA,NA
2018-03-20T00:00:00Z,UPMA_P4B,Benchmark,Croton zeylanicus,7,Croton zeylanicus,Tree,Endemic,NA,NA,0.53,S,Gravity,Mature,4
2018-03-20T00:00:00Z,UPMA_P4B,Benchmark,Syzygium densiflorum,1,Syzygium densiflorum,Tree,Endemic,VU,NA,0.68,M,Mammal_bird,Mature,15
2018-03-20T00:00:00Z,UPMA_P4B,Benchmark,Drypetes malabarica,9,Drypetes malabarica,Tree,Endemic,NA,NA,0.7175,S,Gravity,Mature,20
2018-03-20T00:00:00Z,UPMA_P4B,Benchmark,Aglaia elaeagnoidea,2,Aglaia elaeagnoidea,Tree,Native,LC,0.641083454,0.641083454,M,Mammal_bird,Mature,10
2018-03-20T00:00:00Z,UPMA_P4B,Benchmark,Coffea canephora,10,Coffea canephora,Tree,Introduced,EN,NA,NA,S,Mammal,Int,6
2018-03-20T00:00:00Z,UPMA_P4B,Benchmark,Psychotria anamallayana,6,Psychotria anamallayana,Tree,Endemic,NA,NA,0.45,S,Mammal_bird,Mature,4
2018-03-20T00:00:00Z,UPMA_P4B,Benchmark,Palaquium ellipticum,3,Palaquium ellipticum,Tree,Endemic,NA,0.55093772,0.55093772,L,Mammal,Mature,35
2018-03-20T00:00:00Z,UPMA_P4B,Benchmark,Aglaia canarana,2,Aglaia lawii,Tree,Native,LC,0.595,0.595,L,Bird,Mature,30
2018-03-20T00:00:00Z,UPMA_P4B,Benchmark,Aglaia simplicifolia,2,Aglaia simplicifolia,Tree,Native,NT,0.680036834,0.680036834,L,Bird,Mature,6
2018-03-20T00:00:00Z,UPMA_P4B,Benchmark,Dysoxylum malabaricum,6,Dysoxylum malabaricum,Tree,Endemic,EN,0.58,0.58,L,Bird,Mature,35
2018-03-20T00:00:00Z,UPMA_P4B,Benchmark,Diospyros sylvatica,1,Diospyros sylvatica,Tree,Endemic,NA,0.701678322,0.701678322,S,Mammal,Mature,35
2018-03-20T00:00:00Z,UPMA_P4B,Benchmark,Litsea oleoides,2,Litsea oleoides,Tree,Endemic,NA,NA,0.42,M,Bird,Mature,12
2018-03-20T00:00:00Z,UPMA_P4B,Benchmark,Calophyllum sp.,1,Calophyllum sp.,Tree,Native,NA,NA,0.540234234,L,Mammal,Mature,35
2018-03-20T00:00:00Z,UPMA_P4B,Benchmark,Harpullia arborea,2,Harpullia arborea,Tree,Native,LC,0.54,0.54,M,Gravity,Mature,15
2018-03-20T00:00:00Z,UPMA_P4B,Benchmark,Meiogyne pannosa,2,Meiogyne pannosa,Tree,Endemic,NT,NA,NA,S,Bird,Mature,8
2018-03-20T00:00:00Z,UPMA_P4B,Benchmark,Diospyros paniculata,1,Diospyros paniculata,Tree,Endemic,VU,NA,0.672,M,Mammal,Mature,16
2018-03-20T00:00:00Z,UPMA_P4B,Benchmark,Syzygium munronii,1,Syzygium munronii,Tree,Endemic,NA,0.662791,0.662791,M,Mammal_bird,Mature,8
2018-03-20T00:00:00Z,UPMA_P4B,Benchmark,Reinwardtiodendron anaimalaiense,1,Reinwardtiodendron anamalaiense,Tree,Endemic,NA,0.738828128,0.738828128,S,Bird,Mature,20
2018-03-20T00:00:00Z,UPMA_P4B,Benchmark,Cryptocarya wightiana,1,Cryptocarya wightiana,Tree,Native,VU,NA,0.515,M,Bird,Mature,25
2018-03-20T00:00:00Z,UPMA_P4B,Benchmark,Mesua ferrea,1,Mesua ferrea,Tree,Native,NA,0.9,0.9,L,Gravity,Mature,35
2018-03-20T00:00:00Z,UPMA_P4B,Benchmark,Beilschmiedia wightii,1,Beilschmiedia wightii,Tree,Endemic,NT,NA,0.495,L,Bird,Mature,25
2018-03-20T00:00:00Z,UPMA_P5B,Benchmark,Palaquium ellipticum,27,Palaquium ellipticum,Tree,Endemic,NA,0.55093772,0.55093772,L,Mammal,Mature,35
2018-03-20T00:00:00Z,UPMA_P5B,Benchmark,Drypetes malabarica,1,Drypetes malabarica,Tree,Endemic,NA,NA,0.7175,S,Gravity,Mature,20
2018-03-20T00:00:00Z,UPMA_P5B,Benchmark,Ardisia pauciflora,1,Ardisia pauciflora,Tree,Endemic,NA,NA,0.62,S,Bird,Mature,6
2018-03-20T00:00:00Z,UPMA_P5B,Benchmark,Syzygium laetum,1,Syzygium laetum,Tree,Endemic,NA,0.662842,0.662842,M,Mammal_bird,Mature,7
2018-03-20T00:00:00Z,UPMA_P5B,Benchmark,Cullenia exarillata,2,Cullenia exarillata,Tree,Endemic,NA,NA,0.55,L,Gravity,Mature,40
2018-03-20T00:00:00Z,UPMA_P5B,Benchmark,Leea indica,4,Leea indica,Tree,Native,LC,0.483333,0.483333,S,Unknown,Secondary,5
2018-03-20T00:00:00Z,UPMA_P5B,Benchmark,Calophyllum sp.,1,Calophyllum sp.,Tree,Native,NA,NA,0.540234234,L,Mammal,Mature,35
2018-03-20T00:00:00Z,UPMA_P5B,Benchmark,Coffea canephora,24,Coffea canephora,Tree,Introduced,EN,NA,NA,S,Mammal,Int,6
2018-03-20T00:00:00Z,UPMA_P5B,Benchmark,Epiprinus mallotiformis,2,Epiprinus mallotiformis,Tree,Endemic,NA,NA,NA,S,Gravity,Mature,12
2018-03-20T00:00:00Z,UPMA_P5B,Benchmark,Vateria indica,1,Vateria indica,Tree,Endemic,VU,0.48,0.48,L,Gravity,Mature,60
2018-03-20T00:00:00Z,UPMA_P5B,Benchmark,Meiogyne pannosa,2,Meiogyne pannosa,Tree,Endemic,NT,NA,NA,S,Bird,Mature,8
2018-03-20T00:00:00Z,UPMA_P5B,Benchmark,Diospyros sylvatica,2,Diospyros sylvatica,Tree,Endemic,NA,0.701678322,0.701678322,S,Mammal,Mature,35
2018-03-20T00:00:00Z,UPMA_P5B,Benchmark,Nothapodytes nimmoniana,1,Mappia nimmoniana,Tree,Native,NA,NA,NA,M,Bird,Secondary,8
2018-03-20T00:00:00Z,UPMA_P5B,Benchmark,Baccaurea courtallensis,1,Baccaurea courtallensis,Tree,Endemic,NT,0.625,0.625,M,Mammal,Mature,10
2018-03-20T00:00:00Z,UPMA_P5B,Benchmark,Mesua ferrea,1,Mesua ferrea,Tree,Native,NA,0.9,0.9,L,Gravity,Mature,35
2018-03-20T00:00:00Z,UPMA_P5B,Benchmark,Actinodaphne malabarica,1,Actinodaphne wightiana,Tree,Endemic,LC,0.619460212,0.619460212,S,Bird,Secondary,12
2020-04-27T00:00:00Z,PANM_P3B,Fragment,Litsea sp.,1,Litsea sp.,Tree,Endemic,NA,NA,0.42,S,Bird,Mature,10
2020-04-27T00:00:00Z,PANM_P3B,Fragment,Syzygium laetum,2,Syzygium laetum,Tree,Endemic,NA,0.662842,0.662842,M,Mammal_bird,Mature,7
2020-04-27T00:00:00Z,PANM_P3B,Fragment,Cryptocarya wightiana,1,Cryptocarya wightiana,Tree,Native,VU,NA,0.515,M,Bird,Mature,25
2020-04-27T00:00:00Z,PANM_P3B,Fragment,Eugenia sp.,2,Eugenia sp.,Tree,Native,NA,NA,0.71,NA,Mammal_bird,Mature,NA
2020-04-27T00:00:00Z,PANM_P3B,Fragment,Murraya sp.,3,Murraya sp.,Tree,Native,NA,NA,0.767,S,Bird,Secondary,NA
2020-04-27T00:00:00Z,PANM_P3B,Fragment,Syzygium sp.,1,Syzygium sp.,Tree,Native,NA,NA,0.68,NA,Mammal_bird,NA,NA
2020-04-27T00:00:00Z,PANM_P3B,Fragment,Aglaia simplicifolia,1,Aglaia simplicifolia,Tree,Native,NT,0.680036834,0.680036834,L,Bird,Mature,6
2020-04-27T00:00:00Z,PANM_P3B,Fragment,Dendrocnide sinuata,5,Dendrocnide sinuata,Tree,Endemic,NA,NA,NA,S,Bird,Secondary,5
2020-04-27T00:00:00Z,PANM_P3B,Fragment,Strobilanthes sp.,3,Strobilanthes sp.,Shrub,Native,NA,NA,NA,S,Gravity,Secondary,5
2020-04-27T00:00:00Z,PANM_P3B,Fragment,Syzygium munronii,4,Syzygium munronii,Tree,Endemic,NA,0.662791,0.662791,M,Mammal_bird,Mature,8
2020-04-27T00:00:00Z,PANM_P3B,Fragment,Cullenia exarillata,1,Cullenia exarillata,Tree,Endemic,NA,NA,0.55,L,Gravity,Mature,40
2020-04-27T00:00:00Z,PANM_P4B,Fragment,Maesa indica,5,Maesa indica,Tree,Native,LC,NA,NA,S,Mammal_bird,Secondary,4
2020-04-27T00:00:00Z,PANM_P4B,Fragment,Solanum sp.,2,Solanum sp.,Shrub,Native,NA,NA,0.35,S,Mammal_bird,Int,NA
2020-04-27T00:00:00Z,PANM_P4B,Fragment,Maesopsis eminii,1,Maesopsis eminii,Tree,Introduced,LC,0.34,0.34,L,Mammal_bird,Int,30
2020-04-27T00:00:00Z,PANM_P4B,Fragment,Maesopsis eminii,6,Maesopsis eminii,Tree,Introduced,LC,0.34,0.34,L,Mammal_bird,Int,30
2020-04-27T00:00:00Z,PANM_P4B,Fragment,Aporosa sp.,5,Aporosa sp.,Tree,Endemic,NA,NA,0.614922652,S,Bird,Mature,NA
2020-04-27T00:00:00Z,PANM_P4B,Fragment,Atalantia racemosa,2,Atalantia racemosa,Tree,Endemic,LC,NA,NA,S,Mammal,Secondary,4
2020-04-27T00:00:00Z,PANM_P4B,Fragment,Psychotria anamallayana,16,Psychotria anamallayana,Tree,Endemic,NA,NA,0.45,S,Mammal_bird,Mature,4
2020-04-27T00:00:00Z,PANM_P4B,Fragment,Leea indica,1,Leea indica,Tree,Native,LC,0.483333,0.483333,S,Unknown,Secondary,5
2020-04-27T00:00:00Z,PANM_P4B,Fragment,Syzygium munronii,1,Syzygium munronii,Tree,Endemic,NA,0.662791,0.662791,M,Mammal_bird,Mature,8
2020-04-27T00:00:00Z,PANM_P4B,Fragment,Croton zeylanicus,6,Croton zeylanicus,Tree,Endemic,NA,NA,0.53,S,Gravity,Mature,4
2020-04-27T00:00:00Z,PANM_P4B,Fragment,Eugenia sp.,1,Eugenia sp.,Tree,Native,NA,NA,0.71,NA,Mammal_bird,Mature,NA
2020-04-27T00:00:00Z,PANM_P4B,Fragment,Aphanamixis polystachya,1,Aphanamixis polystachya,Tree,Native,LC,0.57,0.57,L,Bird,Mature,20
2020-04-27T00:00:00Z,PANM_P4B,Fragment,Murraya paniculata,1,Murraya paniculata,Tree,Native,NA,0.867,0.867,S,Bird,Secondary,12
2020-04-27T00:00:00Z,PANM_P4B,Fragment,Litsea floribunda,3,Litsea floribunda,Tree,Endemic,NT,0.56358678,0.56358678,S,Bird,Secondary,10
2020-04-27T00:00:00Z,PANM_P4B,Fragment,Palaquium ellipticum,1,Palaquium ellipticum,Tree,Endemic,NA,0.55093772,0.55093772,L,Mammal,Mature,35
2020-04-28T00:00:00Z,OLCA_P3B,Benchmark,Myristica dactyloides,1,Myristica beddomei,Tree,Endemic,EN,0.575521845,0.575521845,L,Bird,Mature,20
2020-04-28T00:00:00Z,OLCA_P3B,Benchmark,Palaquium ellipticum,4,Palaquium ellipticum,Tree,Endemic,NA,0.55093772,0.55093772,L,Mammal,Mature,35
2020-04-28T00:00:00Z,OLCA_P3B,Benchmark,Croton zeylanicus,5,Croton zeylanicus,Tree,Endemic,NA,NA,0.53,S,Gravity,Mature,4
2020-04-28T00:00:00Z,OLCA_P3B,Benchmark,Neolitsea sp.,2,Neolitsea sp.,Tree,Native,NA,NA,0.535334221,S,Bird,Mature,NA
2020-04-28T00:00:00Z,OLCA_P3B,Benchmark,Lepisanthes deficiens,1,Lepisanthes tetraphylla,Tree,Endemic,LC,0.81,0.81,L,Mammal,Mature,5
2020-04-28T00:00:00Z,OLCA_P3B,Benchmark,Aglaia canarana,1,Aglaia lawii,Tree,Native,LC,0.595,0.595,L,Bird,Mature,30
2020-04-28T00:00:00Z,OLCA_P3B,Benchmark,Unidentified,3,NA,NA,NA,NA,NA,NA,NA,NA,NA,NA
2020-04-28T00:00:00Z,OLCA_P3B,Benchmark,Ardisia pauciflora,1,Ardisia pauciflora,Tree,Endemic,NA,NA,0.62,S,Bird,Mature,6
2020-04-28T00:00:00Z,OLCA_P3B,Benchmark,Actinodaphne bourdillonii,1,Actinodaphne bourdillonii,Tree,Endemic,NT,NA,0.52,S,Bird,Secondary,10
2020-04-28T00:00:00Z,OLCA_P3B,Benchmark,Saprosma sp.,14,Saprosma sp.,Shrub,Native,NA,NA,NA,S,Mammal_bird,Mature,NA
2020-04-28T00:00:00Z,OLCA_P3B,Benchmark,Heritiera papilio,1,Heritiera papilio,Tree,Native,NA,NA,0.688,M,Wind,Mature,30
2020-04-28T00:00:00Z,OLCA_P3B,Benchmark,Microtropis wallichiana,3,Microtropis wallichiana,Tree,Native,NA,NA,0.54,S,Mammal_bird,Mature,15
2020-04-28T00:00:00Z,OLCA_P3B,Benchmark,Dimocarpus longan,1,Dimocarpus longan,Tree,Native,DD,0.748685273,0.748685273,S,Mammal,Mature,25
2020-04-28T00:00:00Z,OLCA_P3B,Benchmark,Pseudoglochidion anamalayanum,1,Phyllanthus anamalayanus,Tree,Endemic,CR,NA,0.642090339,S,Gravity,Mature,10
2020-04-28T00:00:00Z,OLCA_P3B,Benchmark,Litsea sp.,1,Litsea sp.,Tree,Endemic,NA,NA,0.42,S,Bird,Mature,10
2020-04-28T00:00:00Z,OLCA_P3B,Benchmark,Unidentified,1,NA,NA,NA,NA,NA,NA,NA,NA,NA,NA
2020-04-28T00:00:00Z,OLCA_P3B,Benchmark,Villebrunea integrifolia,1,Oreocnide integrifolia,Tree,Native,NA,NA,NA,S,Bird,Secondary,8
2020-04-28T00:00:00Z,OLCA_P4B,Benchmark,Ficus hispida,1,Ficus hispida,Tree,Native,LC,0.413,0.413,S,Mammal,Secondary,10
2020-04-28T00:00:00Z,OLCA_P4B,Benchmark,Villebrunea integrifolia,1,Oreocnide integrifolia,Tree,Native,NA,NA,NA,S,Bird,Secondary,8
2020-04-28T00:00:00Z,OLCA_P4B,Benchmark,Ardisia pauciflora,4,Ardisia pauciflora,Tree,Endemic,NA,NA,0.62,S,Bird,Mature,6
2020-04-28T00:00:00Z,OLCA_P4B,Benchmark,Atalantia racemosa,4,Atalantia racemosa,Tree,Endemic,LC,NA,NA,S,Mammal,Secondary,4
2020-04-28T00:00:00Z,OLCA_P4B,Benchmark,Aglaia simplicifolia,1,Aglaia simplicifolia,Tree,Native,NT,0.680036834,0.680036834,L,Bird,Mature,6
2020-04-28T00:00:00Z,OLCA_P4B,Benchmark,Actinodaphne bourdillonii,1,Actinodaphne bourdillonii,Tree,Endemic,NT,NA,0.52,S,Bird,Secondary,10
2020-04-28T00:00:00Z,OLCA_P4B,Benchmark,Litsea floribunda,1,Litsea floribunda,Tree,Endemic,NT,0.56358678,0.56358678,S,Bird,Secondary,10
2020-04-28T00:00:00Z,OLCA_P4B,Benchmark,Psychotria anamallayana,2,Psychotria anamallayana,Tree,Endemic,NA,NA,0.45,S,Mammal_bird,Mature,4
2020-04-28T00:00:00Z,OLCA_P4B,Benchmark,Calamus sp.,1,Calamus sp.,Cane,Native,NA,NA,NA,M,Mammal,Mature,NA
2020-04-28T00:00:00Z,OLCA_P4B,Benchmark,Actinodaphne malabarica,5,Actinodaphne wightiana,Tree,Endemic,LC,0.619460212,0.619460212,S,Bird,Secondary,12
2020-04-28T00:00:00Z,OLCA_P4B,Benchmark,Palaquium ellipticum,6,Palaquium ellipticum,Tree,Endemic,NA,0.55093772,0.55093772,L,Mammal,Mature,35
2020-04-28T00:00:00Z,OLCA_P4B,Benchmark,Myristica dactyloides,1,Myristica beddomei,Tree,Endemic,EN,0.575521845,0.575521845,L,Bird,Mature,20
2020-04-28T00:00:00Z,OLCA_P4B,Benchmark,Cullenia exarillata,1,Cullenia exarillata,Tree,Endemic,NA,NA,0.55,L,Gravity,Mature,40
2020-04-28T00:00:00Z,OLCA_P4B,Benchmark,Heritiera papilio,1,Heritiera papilio,Tree,Native,NA,NA,0.688,M,Wind,Mature,30
2020-04-28T00:00:00Z,OLCA_P5B,Benchmark,Croton zeylanicus,4,Croton zeylanicus,Tree,Endemic,NA,NA,0.53,S,Gravity,Mature,4
2020-04-28T00:00:00Z,OLCA_P5B,Benchmark,Syzygium sp.,3,Syzygium sp.,Tree,Native,NA,NA,0.68,NA,Mammal_bird,NA,NA
2020-04-28T00:00:00Z,OLCA_P5B,Benchmark,Myristica dactyloides,1,Myristica beddomei,Tree,Endemic,EN,0.575521845,0.575521845,L,Bird,Mature,20
2020-04-28T00:00:00Z,OLCA_P5B,Benchmark,Neolitsea sp.,2,Neolitsea sp.,Tree,Native,NA,NA,0.535334221,S,Bird,Mature,NA
2020-04-28T00:00:00Z,OLCA_P5B,Benchmark,Mallotus tetracoccus,1,Mallotus tetracoccus,Tree,Native,NA,0.484597734,0.484597734,S,Bird,Secondary,12
2020-04-28T00:00:00Z,OLCA_P5B,Benchmark,Olea dioica,1,Olea dioica,Tree,Native,NA,0.697202827,0.697202827,S,Mammal,Secondary,15
2020-04-28T00:00:00Z,OLCA_P5B,Benchmark,Cullenia exarillata,1,Cullenia exarillata,Tree,Endemic,NA,NA,0.55,L,Gravity,Mature,40
2020-04-28T00:00:00Z,OLCA_P5B,Benchmark,Epiprinus mallotiformis,1,Epiprinus mallotiformis,Tree,Endemic,NA,NA,NA,S,Gravity,Mature,12
2020-04-28T00:00:00Z,OLCA_P5B,Benchmark,Mesua ferrea,1,Mesua ferrea,Tree,Native,NA,0.9,0.9,L,Gravity,Mature,35
2020-04-28T00:00:00Z,OLCA_P5B,Benchmark,Syzygium sp.,1,Syzygium sp.,Tree,Native,NA,NA,0.68,NA,Mammal_bird,NA,NA
2020-04-28T00:00:00Z,OLCA_P5B,Benchmark,Heritiera papilio,4,Heritiera papilio,Tree,Native,NA,NA,0.688,M,Wind,Mature,30
2020-04-28T00:00:00Z,OLCA_P5B,Benchmark,Antidesma menasu,1,Antidesma montanum,Tree,Native,LC,NA,0.624,S,Mammal_bird,Mature,10
2020-04-28T00:00:00Z,OLCA_P5B,Benchmark,Scolopia sp.,7,Scolopia sp.,Tree,Native,NA,NA,0.74,S,Mammal_bird,Mature,NA
2020-04-28T00:00:00Z,OLCA_P5B,Benchmark,Atalantia racemosa,9,Atalantia racemosa,Tree,Endemic,LC,NA,NA,S,Mammal,Secondary,4
2020-04-28T00:00:00Z,OLCA_P5B,Benchmark,Maesa indica,2,Maesa indica,Tree,Native,LC,NA,NA,S,Mammal_bird,Secondary,4
2020-04-28T00:00:00Z,OLCA_P5B,Benchmark,Aglaia simplicifolia,6,Aglaia simplicifolia,Tree,Native,NT,0.680036834,0.680036834,L,Bird,Mature,6
2020-04-28T00:00:00Z,OLCA_P5B,Benchmark,Palaquium ellipticum,1,Palaquium ellipticum,Tree,Endemic,NA,0.55093772,0.55093772,L,Mammal,Mature,35
2020-04-28T00:00:00Z,OLCA_P5B,Benchmark,Eugenia sp.,1,Eugenia sp.,Tree,Native,NA,NA,0.71,NA,Mammal_bird,Mature,NA
2020-04-28T00:00:00Z,OLCA_P5B,Benchmark,Saprosma sp.,2,Saprosma sp.,Shrub,Native,NA,NA,NA,S,Mammal_bird,Mature,NA
2020-04-28T00:00:00Z,OLCA_P5B,Benchmark,Ardisia pauciflora,2,Ardisia pauciflora,Tree,Endemic,NA,NA,0.62,S,Bird,Mature,6
2020-04-28T00:00:00Z,OLCA_P5B,Benchmark,Syzygium laetum,1,Syzygium laetum,Tree,Endemic,NA,0.662842,0.662842,M,Mammal_bird,Mature,7
2020-04-24T00:00:00Z,UPMA_P6B,Benchmark,Hydnocarpus alpina,5,Hydnocarpus alpina,Tree,Endemic,NA,0.669757732,0.669757732,M,Mammal,Mature,8
2020-04-24T00:00:00Z,UPMA_P6B,Benchmark,Croton zeylanicus,30,Croton zeylanicus,Tree,Endemic,NA,NA,0.53,S,Gravity,Mature,4
2020-04-24T00:00:00Z,UPMA_P6B,Benchmark,Paracroton pendulus,1,Paracroton pendulus,Tree,Endemic,LC,0.46,0.46,S,Gravity,Mature,30
2020-04-24T00:00:00Z,UPMA_P6B,Benchmark,Aglaia elaeagnoidea,1,Aglaia elaeagnoidea,Tree,Native,LC,0.641083454,0.641083454,M,Mammal_bird,Mature,10
2020-04-24T00:00:00Z,UPMA_P6B,Benchmark,Diospyros sylvatica,1,Diospyros sylvatica,Tree,Endemic,NA,0.701678322,0.701678322,S,Mammal,Mature,35
2020-04-24T00:00:00Z,UPMA_P6B,Benchmark,Coffea canephora,2,Coffea canephora,Tree,Introduced,EN,NA,NA,S,Mammal,Int,6
2020-04-24T00:00:00Z,UPMA_P6B,Benchmark,Cryptocarya wightiana,3,Cryptocarya wightiana,Tree,Native,VU,NA,0.515,M,Bird,Mature,25
2020-04-24T00:00:00Z,UPMA_P6B,Benchmark,Caryota urens,3,Caryota urens,Palm,Native,LC,NA,0.3,M,Mammal_bird,Secondary,15
2020-04-24T00:00:00Z,UPMA_P6B,Benchmark,Palaquium ellipticum,11,Palaquium ellipticum,Tree,Endemic,NA,0.55093772,0.55093772,L,Mammal,Mature,35
2020-04-24T00:00:00Z,UPMA_P6B,Benchmark,Nothopegia beddomei,1,Nothopegia beddomei,Tree,Endemic,EN,0.734771295,0.734771295,S,Mammal,Secondary,12
2020-04-24T00:00:00Z,UPMA_P6B,Benchmark,Mesua ferrea,1,Mesua ferrea,Tree,Native,NA,0.9,0.9,L,Gravity,Mature,35
2020-04-24T00:00:00Z,UPMA_P6B,Benchmark,Drypetes malabarica,1,Drypetes malabarica,Tree,Endemic,NA,NA,0.7175,S,Gravity,Mature,20
2020-04-24T00:00:00Z,UPMA_P6B,Benchmark,Cullenia exarillata,2,Cullenia exarillata,Tree,Endemic,NA,NA,0.55,L,Gravity,Mature,40
2020-04-24T00:00:00Z,UPMA_P6B,Benchmark,Saprosma sp.,1,Saprosma sp.,Shrub,Native,NA,NA,NA,S,Mammal_bird,Mature,NA
2020-04-24T00:00:00Z,UPMA_P6B,Benchmark,Paracroton pendulus,1,Paracroton pendulus,Tree,Endemic,LC,0.46,0.46,S,Gravity,Mature,30
2020-04-24T00:00:00Z,UPMA_P6B,Benchmark,Drypetes malabarica,1,Drypetes malabarica,Tree,Endemic,NA,NA,0.7175,S,Gravity,Mature,20
2020-04-24T00:00:00Z,UPMA_P6B,Benchmark,Litsea oleoides,1,Litsea oleoides,Tree,Endemic,NA,NA,0.42,M,Bird,Mature,12
2020-04-24T00:00:00Z,UPMA_P6B,Benchmark,Actinodaphne sp.,1,Actinodaphne sp.,Tree,Endemic,NA,NA,0.52,S,Bird,Secondary,NA
2018-05-09T00:00:00Z,K15,Fragment,Clerodendrum viscosum,15,Clerodendrum infortunatum,Tree,Native,LC,0.484259167,0.484259167,S,Bird,Secondary,4
2018-05-09T00:00:00Z,K15,Fragment,Persea macrantha,1,Machilus glaucescens,Tree,Endemic,NA,0.427,0.427,S,Bird,Secondary,30
2018-05-09T00:00:00Z,K15,Fragment,Coffea canephora,30,Coffea canephora,Tree,Introduced,EN,NA,NA,S,Mammal,Int,6
2018-05-09T00:00:00Z,K15,Fragment,Turpinia malabarica,35,Turpinia malabarica,Tree,Endemic,NA,NA,0.453,S,Mammal,Mature,12
2018-05-09T00:00:00Z,K15,Fragment,Actinodaphne malabarica,1,Actinodaphne wightiana,Tree,Endemic,LC,0.619460212,0.619460212,S,Bird,Secondary,12
2018-05-09T00:00:00Z,K15,Fragment,Leea indica,8,Leea indica,Tree,Native,LC,0.483333,0.483333,S,Unknown,Secondary,5
2018-05-09T00:00:00Z,K15,Fragment,Glochidion malabaricum,4,Phyllanthus assamicus,Tree,Endemic,LC,0.544681677,0.544681677,S,Gravity,Mature,8
2018-05-09T00:00:00Z,K15,Fragment,Artocarpus heterophyllus,1,Artocarpus heterophyllus,Tree,Native,NA,0.484,0.484,L,Mammal,Mature,20
2018-05-09T00:00:00Z,K15,Fragment,Xanthophyllum flavescens,8,Xanthophyllum flavescens,Tree,Endemic,NA,0.682,0.682,M,Mammal,Secondary,8
2018-05-09T00:00:00Z,K15,Fragment,Olea dioica,1,Olea dioica,Tree,Native,NA,0.697202827,0.697202827,S,Mammal,Secondary,15
2018-05-09T00:00:00Z,K15,Fragment,Ficus exasperata,2,Ficus exasperata,Tree,Native,LC,NA,0.42,S,Mammal_bird,Secondary,18
2018-05-09T00:00:00Z,K15,Fragment,Aphanamixis polystachya,2,Aphanamixis polystachya,Tree,Native,LC,0.57,0.57,L,Bird,Mature,20
2018-05-09T00:00:00Z,K15,Fragment,Heynea trijuga,1,Heynea trijuga,Tree,Native,LC,0.493174229,0.493174229,M,Bird,Secondary,10
2018-05-09T00:00:00Z,K15,Fragment,Elaeocarpus tuberculatus,1,Elaeocarpus tuberculatus,Tree,Native,NA,0.45065475,0.45065475,L,Mammal,Mature,40
2018-05-09T00:00:00Z,K15,Fragment,Lantana camara,1,Lantana camara,Shrub,Introduced,NA,NA,NA,S,Mammal_bird,Int,5
2018-05-09T00:00:00Z,K15,Fragment,Syzygium cumini,1,Syzygium cumini,Tree,Native,LC,0.645435271,0.645435271,S,Mammal_bird,Secondary,20
2018-05-10T00:00:00Z,L16,Fragment,Syzygium densiflorum,2,Syzygium densiflorum,Tree,Endemic,VU,NA,0.68,M,Mammal_bird,Mature,15
2018-05-10T00:00:00Z,L16,Fragment,Cinnamomum malabatrum,32,Cinnamomum malabathrum,Tree,Endemic,LC,NA,0.475,S,Bird,Secondary,15
2018-05-10T00:00:00Z,L16,Fragment,Elaeocarpus tuberculatus,4,Elaeocarpus tuberculatus,Tree,Native,NA,0.45065475,0.45065475,L,Mammal,Mature,40
2018-05-10T00:00:00Z,L16,Fragment,Actinodaphne malabarica,9,Actinodaphne wightiana,Tree,Endemic,LC,0.619460212,0.619460212,S,Bird,Secondary,12
2018-05-10T00:00:00Z,L16,Fragment,Litsea oleoides,2,Litsea oleoides,Tree,Endemic,NA,NA,0.42,M,Bird,Mature,12
2018-05-10T00:00:00Z,L16,Fragment,Leea indica,8,Leea indica,Tree,Native,LC,0.483333,0.483333,S,Unknown,Secondary,5
2018-05-10T00:00:00Z,L16,Fragment,Psychotria anamallayana,5,Psychotria anamallayana,Tree,Endemic,NA,NA,0.45,S,Mammal_bird,Mature,4
2018-05-10T00:00:00Z,L16,Fragment,Turpinia malabarica,4,Turpinia malabarica,Tree,Endemic,NA,NA,0.453,S,Mammal,Mature,12
2018-05-10T00:00:00Z,L16,Fragment,Maesa indica,9,Maesa indica,Tree,Native,LC,NA,NA,S,Mammal_bird,Secondary,4
2018-05-10T00:00:00Z,L16,Fragment,Olea dioica,3,Olea dioica,Tree,Native,NA,0.697202827,0.697202827,S,Mammal,Secondary,15
2018-05-10T00:00:00Z,L16,Fragment,Coffea canephora,1,Coffea canephora,Tree,Introduced,EN,NA,NA,S,Mammal,Int,6
2018-05-10T00:00:00Z,L16,Fragment,Xanthophyllum flavescens,3,Xanthophyllum flavescens,Tree,Endemic,NA,0.682,0.682,M,Mammal,Secondary,8
2018-05-10T00:00:00Z,L16,Fragment,Litsea coriacea,1,Litsea coriacea,Tree,Endemic,NT,NA,0.42,S,Mammal_bird,Mature,12
2018-05-10T00:00:00Z,L16,Fragment,Dysoxylum malabaricum,1,Dysoxylum malabaricum,Tree,Endemic,EN,0.58,0.58,L,Bird,Mature,35
2018-05-10T00:00:00Z,L16,Fragment,Maesopsis eminii,6,Maesopsis eminii,Tree,Introduced,LC,0.34,0.34,L,Mammal_bird,Int,30
2018-05-10T00:00:00Z,L16,Fragment,Aglaia canarana,1,Aglaia lawii,Tree,Native,LC,0.595,0.595,L,Bird,Mature,30
2018-05-10T00:00:00Z,L16,Fragment,Glochidion malabaricum,3,Phyllanthus assamicus,Tree,Endemic,LC,0.544681677,0.544681677,S,Gravity,Mature,8
2018-05-10T00:00:00Z,L16,Fragment,Palaquium ellipticum,1,Palaquium ellipticum,Tree,Endemic,NA,0.55093772,0.55093772,L,Mammal,Mature,35
2018-05-10T00:00:00Z,L16,Fragment,Melicope lunu-ankenda,1,Melicope lunu-ankenda,Tree,Native,LC,0.411118888,0.411118888,S,Mammal,Secondary,10
2018-05-11T00:00:00Z,M17,Fragment,Otonephelium stipulaceum,3,Otonephelium stipulaceum,Tree,Endemic,NA,0.709023925,0.709023925,S,Mammal_bird,Mature,28
2018-05-11T00:00:00Z,M17,Fragment,Aglaia canarana,1,Aglaia lawii,Tree,Native,LC,0.595,0.595,L,Bird,Mature,30
2018-05-11T00:00:00Z,M17,Fragment,Coffea canephora,21,Coffea canephora,Tree,Introduced,EN,NA,NA,S,Mammal,Int,6
2018-05-11T00:00:00Z,M17,Fragment,Leea indica,1,Leea indica,Tree,Native,LC,0.483333,0.483333,S,Unknown,Secondary,5
2018-05-11T00:00:00Z,M17,Fragment,Atalantia racemosa,1,Atalantia racemosa,Tree,Endemic,LC,NA,NA,S,Mammal,Secondary,4
2018-05-11T00:00:00Z,M17,Fragment,Cinnamomum malabatrum,1,Cinnamomum malabathrum,Tree,Endemic,LC,NA,0.475,S,Bird,Secondary,15
2018-05-11T00:00:00Z,M17,Fragment,Elaeocarpus tuberculatus,1,Elaeocarpus tuberculatus,Tree,Native,NA,0.45065475,0.45065475,L,Mammal,Mature,40
2018-05-11T00:00:00Z,M17,Fragment,Antidesma menasu,1,Antidesma montanum,Tree,Native,LC,NA,0.624,S,Mammal_bird,Mature,10
2018-05-11T00:00:00Z,M17,Fragment,Maesopsis eminii,1,Maesopsis eminii,Tree,Introduced,LC,0.34,0.34,L,Mammal_bird,Int,30
2018-05-11T00:00:00Z,M17,Fragment,Xanthophyllum flavescens,1,Xanthophyllum flavescens,Tree,Endemic,NA,0.682,0.682,M,Mammal,Secondary,8
2018-05-11T00:00:00Z,L17,Fragment,Cinnamomum malabatrum,6,Cinnamomum malabathrum,Tree,Endemic,LC,NA,0.475,S,Bird,Secondary,15
2018-05-11T00:00:00Z,L17,Fragment,Maesopsis eminii,17,Maesopsis eminii,Tree,Introduced,LC,0.34,0.34,L,Mammal_bird,Int,30
2018-05-11T00:00:00Z,L17,Fragment,Apollonias arnottii,9,Apollonias arnottii,Tree,Endemic,NA,NA,NA,S,Bird,Mature,6
2018-05-11T00:00:00Z,L17,Fragment,Persea macrantha,1,Machilus glaucescens,Tree,Endemic,NA,0.427,0.427,S,Bird,Secondary,30
2018-05-11T00:00:00Z,L17,Fragment,Leea indica,4,Leea indica,Tree,Native,LC,0.483333,0.483333,S,Unknown,Secondary,5
2018-05-11T00:00:00Z,L17,Fragment,Actinodaphne malabarica,5,Actinodaphne wightiana,Tree,Endemic,LC,0.619460212,0.619460212,S,Bird,Secondary,12
2018-05-11T00:00:00Z,L17,Fragment,Elaeocarpus tuberculatus,1,Elaeocarpus tuberculatus,Tree,Native,NA,0.45065475,0.45065475,L,Mammal,Mature,40
2018-05-11T00:00:00Z,L17,Fragment,Acronychia pedunculata,1,Acronychia pedunculata,Tree,Native,LC,0.4795,0.4795,S,Mammal_bird,Secondary,10
2018-05-11T00:00:00Z,L17,Fragment,Antidesma menasu,1,Antidesma montanum,Tree,Native,LC,NA,0.624,S,Mammal_bird,Mature,10
2018-05-11T00:00:00Z,L17,Fragment,Xanthophyllum flavescens,1,Xanthophyllum flavescens,Tree,Endemic,NA,0.682,0.682,M,Mammal,Secondary,8
2018-05-11T00:00:00Z,L17,Fragment,Nothopegia beddomei,1,Nothopegia beddomei,Tree,Endemic,EN,0.734771295,0.734771295,S,Mammal,Secondary,12
2018-05-11T00:00:00Z,L17,Fragment,Litsea coriacea,1,Litsea coriacea,Tree,Endemic,NT,NA,0.42,S,Mammal_bird,Mature,12
2018-09-12T00:00:00Z,L13,Fragment,Coffea canephora,633,Coffea canephora,Tree,Introduced,EN,NA,NA,S,Mammal,Int,6
2018-09-12T00:00:00Z,K13,Fragment,Coffea canephora,30,Coffea canephora,Tree,Introduced,EN,NA,NA,S,Mammal,Int,6
2018-09-12T00:00:00Z,K13,Fragment,Actinodaphne malabarica,1,Actinodaphne wightiana,Tree,Endemic,LC,0.619460212,0.619460212,S,Bird,Secondary,12
2018-09-12T00:00:00Z,K13,Fragment,Leea indica,1,Leea indica,Tree,Native,LC,0.483333,0.483333,S,Unknown,Secondary,5
2018-09-12T00:00:00Z,K13,Fragment,Glochidion malabaricum,1,Phyllanthus assamicus,Tree,Endemic,LC,0.544681677,0.544681677,S,Gravity,Mature,8
2018-09-12T00:00:00Z,M13,Fragment,Elaeocarpus tuberculatus,6,Elaeocarpus tuberculatus,Tree,Native,NA,0.45065475,0.45065475,L,Mammal,Mature,40
2018-09-12T00:00:00Z,M13,Fragment,Turpinia malabarica,27,Turpinia malabarica,Tree,Endemic,NA,NA,0.453,S,Mammal,Mature,12
2018-09-12T00:00:00Z,M13,Fragment,Coffea canephora,25,Coffea canephora,Tree,Introduced,EN,NA,NA,S,Mammal,Int,6
2018-09-12T00:00:00Z,M13,Fragment,Litsea coriacea,5,Litsea coriacea,Tree,Endemic,NT,NA,0.42,S,Mammal_bird,Mature,12
2018-09-12T00:00:00Z,M13,Fragment,Litsea floribunda,2,Litsea floribunda,Tree,Endemic,NT,0.56358678,0.56358678,S,Bird,Secondary,10
2018-09-12T00:00:00Z,M13,Fragment,Psychotria anamallayana,1,Psychotria anamallayana,Tree,Endemic,NA,NA,0.45,S,Mammal_bird,Mature,4
2018-09-12T00:00:00Z,M13,Fragment,Myristica dactyloides,1,Myristica beddomei,Tree,Endemic,EN,0.575521845,0.575521845,L,Bird,Mature,20
2018-09-12T00:00:00Z,M13,Fragment,Heynea trijuga,1,Heynea trijuga,Tree,Native,LC,0.493174229,0.493174229,M,Bird,Secondary,10
2018-09-12T00:00:00Z,M13,Fragment,Persea macrantha,3,Machilus glaucescens,Tree,Endemic,NA,0.427,0.427,S,Bird,Secondary,30
2018-09-12T00:00:00Z,M13,Fragment,Cinnamomum malabatrum,1,Cinnamomum malabathrum,Tree,Endemic,LC,NA,0.475,S,Bird,Secondary,15
2018-09-12T00:00:00Z,M13,Fragment,Diospyros sylvatica,1,Diospyros sylvatica,Tree,Endemic,NA,0.701678322,0.701678322,S,Mammal,Mature,35
2018-09-12T00:00:00Z,M13,Fragment,Artocarpus heterophyllus,1,Artocarpus heterophyllus,Tree,Native,NA,0.484,0.484,L,Mammal,Mature,20
2018-09-12T00:00:00Z,M13,Fragment,Glochidion malabaricum,2,Phyllanthus assamicus,Tree,Endemic,LC,0.544681677,0.544681677,S,Gravity,Mature,8
2018-09-12T00:00:00Z,M13,Fragment,Xanthophyllum flavescens,1,Xanthophyllum flavescens,Tree,Endemic,NA,0.682,0.682,M,Mammal,Secondary,8
2018-09-12T00:00:00Z,M13,Fragment,Antidesma menasu,1,Antidesma montanum,Tree,Native,LC,NA,0.624,S,Mammal_bird,Mature,10
2018-09-12T00:00:00Z,M13,Fragment,Syzygium gardneri,1,Syzygium gardneri,Tree,Endemic,NA,0.789375,0.789375,S,Mammal_bird,Mature,60
2018-09-12T00:00:00Z,M13,Fragment,Actinodaphne malabarica,2,Actinodaphne wightiana,Tree,Endemic,LC,0.619460212,0.619460212,S,Bird,Secondary,12
2018-09-12T00:00:00Z,N14,Fragment,Psychotria anamallayana,2,Psychotria anamallayana,Tree,Endemic,NA,NA,0.45,S,Mammal_bird,Mature,4
2018-09-12T00:00:00Z,N14,Fragment,Coffea canephora,94,Coffea canephora,Tree,Introduced,EN,NA,NA,S,Mammal,Int,6
2018-09-12T00:00:00Z,N14,Fragment,Otonephelium stipulaceum,10,Otonephelium stipulaceum,Tree,Endemic,NA,0.709023925,0.709023925,S,Mammal_bird,Mature,28
2018-09-12T00:00:00Z,N14,Fragment,Neolitsea sp.,1,Neolitsea sp.,Tree,Native,NA,NA,0.535334221,S,Bird,Mature,NA
2018-09-12T00:00:00Z,N14,Fragment,Trema orientale,1,Trema orientalis,Tree,Native,LC,NA,0.34,S,Mammal_bird,Secondary,5
2018-09-12T00:00:00Z,N14,Fragment,Memecylon sp.,15,Memecylon sp.,Tree,Endemic,NA,NA,0.77,S,Bird,NA,NA
2018-09-12T00:00:00Z,N14,Fragment,Glochidion malabaricum,4,Phyllanthus assamicus,Tree,Endemic,LC,0.544681677,0.544681677,S,Gravity,Mature,8
2018-09-12T00:00:00Z,N14,Fragment,Palaquium ellipticum,6,Palaquium ellipticum,Tree,Endemic,NA,0.55093772,0.55093772,L,Mammal,Mature,35
2018-09-12T00:00:00Z,N14,Fragment,Litsea oleoides,1,Litsea oleoides,Tree,Endemic,NA,NA,0.42,M,Bird,Mature,12
2018-09-12T00:00:00Z,N14,Fragment,Aporosa acuminata,1,Aporosa acuminata,Tree,Endemic,NA,NA,0.492461326,S,Bird,Mature,5
2018-09-12T00:00:00Z,N14,Fragment,Maesopsis eminii,1,Maesopsis eminii,Tree,Introduced,LC,0.34,0.34,L,Mammal_bird,Int,30
2018-09-12T00:00:00Z,N14,Fragment,Leea indica,3,Leea indica,Tree,Native,LC,0.483333,0.483333,S,Unknown,Secondary,5
2018-09-12T00:00:00Z,N14,Fragment,Xanthophyllum flavescens,3,Xanthophyllum flavescens,Tree,Endemic,NA,0.682,0.682,M,Mammal,Secondary,8
2018-09-12T00:00:00Z,N14,Fragment,Antidesma menasu,2,Antidesma montanum,Tree,Native,LC,NA,0.624,S,Mammal_bird,Mature,10
2018-09-12T00:00:00Z,N14,Fragment,Turpinia malabarica,13,Turpinia malabarica,Tree,Endemic,NA,NA,0.453,S,Mammal,Mature,12
2018-09-12T00:00:00Z,N14,Fragment,Elaeocarpus tuberculatus,4,Elaeocarpus tuberculatus,Tree,Native,NA,0.45065475,0.45065475,L,Mammal,Mature,40
2018-09-12T00:00:00Z,N14,Fragment,Actinodaphne malabarica,1,Actinodaphne wightiana,Tree,Endemic,LC,0.619460212,0.619460212,S,Bird,Secondary,12
2018-09-12T00:00:00Z,N14,Fragment,Aglaia canarana,1,Aglaia lawii,Tree,Native,LC,0.595,0.595,L,Bird,Mature,30
2018-09-12T00:00:00Z,N14,Fragment,Clerodendrum viscosum,1,Clerodendrum infortunatum,Tree,Native,LC,0.484259167,0.484259167,S,Bird,Secondary,4
2018-09-12T00:00:00Z,N14,Fragment,Wrightia sp.,1,Wrightia sp.,Tree,Native,NA,NA,0.535161577,S,Wind,Secondary,NA
2018-09-12T00:00:00Z,N14,Fragment,Myristica dactyloides,1,Myristica beddomei,Tree,Endemic,EN,0.575521845,0.575521845,L,Bird,Mature,20
2018-09-12T00:00:00Z,N14,Fragment,Litsea oleoides,1,Litsea oleoides,Tree,Endemic,NA,NA,0.42,M,Bird,Mature,12
2018-09-12T00:00:00Z,N14,Fragment,Drypetes malabarica,2,Drypetes malabarica,Tree,Endemic,NA,NA,0.7175,S,Gravity,Mature,20
2018-09-12T00:00:00Z,N14,Fragment,Syzygium densiflorum,1,Syzygium densiflorum,Tree,Endemic,VU,NA,0.68,M,Mammal_bird,Mature,15
2018-09-12T00:00:00Z,N14,Fragment,Cinnamomum malabatrum,1,Cinnamomum malabathrum,Tree,Endemic,LC,NA,0.475,S,Bird,Secondary,15
2018-09-12T00:00:00Z,M14,Fragment,Leea indica,3,Leea indica,Tree,Native,LC,0.483333,0.483333,S,Unknown,Secondary,5
2018-09-12T00:00:00Z,M14,Fragment,Holigarna nigra,5,Holigarna nigra,Tree,Endemic,NA,NA,0.493977646,L,Mammal,Mature,35
2018-09-12T00:00:00Z,M14,Fragment,Otonephelium stipulaceum,4,Otonephelium stipulaceum,Tree,Endemic,NA,0.709023925,0.709023925,S,Mammal_bird,Mature,28
2018-09-12T00:00:00Z,M14,Fragment,Turpinia malabarica,26,Turpinia malabarica,Tree,Endemic,NA,NA,0.453,S,Mammal,Mature,12
2018-09-12T00:00:00Z,M14,Fragment,Psychotria anamallayana,1,Psychotria anamallayana,Tree,Endemic,NA,NA,0.45,S,Mammal_bird,Mature,4
2018-09-12T00:00:00Z,M14,Fragment,Glochidion malabaricum,2,Phyllanthus assamicus,Tree,Endemic,LC,0.544681677,0.544681677,S,Gravity,Mature,8
2018-09-12T00:00:00Z,M14,Fragment,Persea macrantha,2,Machilus glaucescens,Tree,Endemic,NA,0.427,0.427,S,Bird,Secondary,30
2018-09-12T00:00:00Z,M14,Fragment,Coffea canephora,61,Coffea canephora,Tree,Introduced,EN,NA,NA,S,Mammal,Int,6
2018-09-12T00:00:00Z,M14,Fragment,Xanthophyllum flavescens,3,Xanthophyllum flavescens,Tree,Endemic,NA,0.682,0.682,M,Mammal,Secondary,8
2018-09-12T00:00:00Z,M14,Fragment,Diospyros paniculata,5,Diospyros paniculata,Tree,Endemic,VU,NA,0.672,M,Mammal,Mature,16
2018-09-12T00:00:00Z,M14,Fragment,Litsea floribunda,2,Litsea floribunda,Tree,Endemic,NT,0.56358678,0.56358678,S,Bird,Secondary,10
2018-09-12T00:00:00Z,M14,Fragment,Reinwardtiodendron anaimalaiense,1,Reinwardtiodendron anamalaiense,Tree,Endemic,NA,0.738828128,0.738828128,S,Bird,Mature,20
2018-09-12T00:00:00Z,M14,Fragment,Palaquium ellipticum,2,Palaquium ellipticum,Tree,Endemic,NA,0.55093772,0.55093772,L,Mammal,Mature,35
2018-09-12T00:00:00Z,M14,Fragment,Actinodaphne malabarica,1,Actinodaphne wightiana,Tree,Endemic,LC,0.619460212,0.619460212,S,Bird,Secondary,12
2018-09-12T00:00:00Z,M14,Fragment,Olea dioica,1,Olea dioica,Tree,Native,NA,0.697202827,0.697202827,S,Mammal,Secondary,15
2018-09-12T00:00:00Z,M14,Fragment,Aglaia canarana,3,Aglaia lawii,Tree,Native,LC,0.595,0.595,L,Bird,Mature,30
2018-09-12T00:00:00Z,L14,Fragment,Olea dioica,9,Olea dioica,Tree,Native,NA,0.697202827,0.697202827,S,Mammal,Secondary,15
2018-09-12T00:00:00Z,L14,Fragment,Litsea coriacea,3,Litsea coriacea,Tree,Endemic,NT,NA,0.42,S,Mammal_bird,Mature,12
2018-09-12T00:00:00Z,L14,Fragment,Actinodaphne malabarica,9,Actinodaphne wightiana,Tree,Endemic,LC,0.619460212,0.619460212,S,Bird,Secondary,12
2018-09-12T00:00:00Z,L14,Fragment,Glochidion malabaricum,1,Phyllanthus assamicus,Tree,Endemic,LC,0.544681677,0.544681677,S,Gravity,Mature,8
2018-09-12T00:00:00Z,L14,Fragment,Clerodendrum viscosum,1,Clerodendrum infortunatum,Tree,Native,LC,0.484259167,0.484259167,S,Bird,Secondary,4
2018-09-12T00:00:00Z,L14,Fragment,Spathodea campanulata,1,Spathodea campanulata,Tree,Introduced,LC,0.475,0.475,S,Wind,Int,15
2018-09-12T00:00:00Z,L14,Fragment,Elaeocarpus tuberculatus,1,Elaeocarpus tuberculatus,Tree,Native,NA,0.45065475,0.45065475,L,Mammal,Mature,40
2018-09-12T00:00:00Z,L14,Fragment,Turpinia malabarica,3,Turpinia malabarica,Tree,Endemic,NA,NA,0.453,S,Mammal,Mature,12
2018-09-12T00:00:00Z,L14,Fragment,Cinnamomum malabatrum,1,Cinnamomum malabathrum,Tree,Endemic,LC,NA,0.475,S,Bird,Secondary,15
2018-09-12T00:00:00Z,L14,Fragment,Leea indica,1,Leea indica,Tree,Native,LC,0.483333,0.483333,S,Unknown,Secondary,5
2018-09-12T00:00:00Z,L14,Fragment,Heynea trijuga,1,Heynea trijuga,Tree,Native,LC,0.493174229,0.493174229,M,Bird,Secondary,10
2018-09-12T00:00:00Z,K14,Fragment,Clerodendrum viscosum,1,Clerodendrum infortunatum,Tree,Native,LC,0.484259167,0.484259167,S,Bird,Secondary,4
2018-09-12T00:00:00Z,K14,Fragment,Maesa indica,2,Maesa indica,Tree,Native,LC,NA,NA,S,Mammal_bird,Secondary,4
2018-09-12T00:00:00Z,K14,Fragment,Litsea floribunda,1,Litsea floribunda,Tree,Endemic,NT,0.56358678,0.56358678,S,Bird,Secondary,10
2018-09-13T00:00:00Z,J12,Fragment,Actinodaphne malabarica,13,Actinodaphne wightiana,Tree,Endemic,LC,0.619460212,0.619460212,S,Bird,Secondary,12
2018-09-13T00:00:00Z,J12,Fragment,Turpinia malabarica,1,Turpinia malabarica,Tree,Endemic,NA,NA,0.453,S,Mammal,Mature,12
2018-09-13T00:00:00Z,J12,Fragment,Ficus exasperata,1,Ficus exasperata,Tree,Native,LC,NA,0.42,S,Mammal_bird,Secondary,18
2018-09-13T00:00:00Z,J12,Fragment,Heynea trijuga,7,Heynea trijuga,Tree,Native,LC,0.493174229,0.493174229,M,Bird,Secondary,10
2018-09-13T00:00:00Z,J12,Fragment,Litsea coriacea,7,Litsea coriacea,Tree,Endemic,NT,NA,0.42,S,Mammal_bird,Mature,12
2018-09-13T00:00:00Z,J12,Fragment,Breynia vitis-idaea,1,Breynia vitis-idaea,Shrub,Native,LC,NA,NA,S,Bird,Secondary,4
2018-09-13T00:00:00Z,J12,Fragment,Glochidion malabaricum,2,Phyllanthus assamicus,Tree,Endemic,LC,0.544681677,0.544681677,S,Gravity,Mature,8
2018-09-13T00:00:00Z,J12,Fragment,Aglaia canarana,3,Aglaia lawii,Tree,Native,LC,0.595,0.595,L,Bird,Mature,30
2018-09-13T00:00:00Z,J12,Fragment,Psychotria anamallayana,2,Psychotria anamallayana,Tree,Endemic,NA,NA,0.45,S,Mammal_bird,Mature,4
2018-09-13T00:00:00Z,J12,Fragment,Olea dioica,3,Olea dioica,Tree,Native,NA,0.697202827,0.697202827,S,Mammal,Secondary,15
2018-09-13T00:00:00Z,J12,Fragment,Clerodendrum viscosum,1,Clerodendrum infortunatum,Tree,Native,LC,0.484259167,0.484259167,S,Bird,Secondary,4
2018-09-13T00:00:00Z,J12,Fragment,Leea indica,1,Leea indica,Tree,Native,LC,0.483333,0.483333,S,Unknown,Secondary,5
2018-09-13T00:00:00Z,J12,Fragment,Cinnamomum malabatrum,2,Cinnamomum malabathrum,Tree,Endemic,LC,NA,0.475,S,Bird,Secondary,15
2018-09-13T00:00:00Z,J12,Fragment,Litsea oleoides,2,Litsea oleoides,Tree,Endemic,NA,NA,0.42,M,Bird,Mature,12
2018-09-13T00:00:00Z,J12,Fragment,Maesopsis eminii,1,Maesopsis eminii,Tree,Introduced,LC,0.34,0.34,L,Mammal_bird,Int,30
2018-09-13T00:00:00Z,J12,Fragment,Elaeocarpus tuberculatus,1,Elaeocarpus tuberculatus,Tree,Native,NA,0.45065475,0.45065475,L,Mammal,Mature,40
2018-09-13T00:00:00Z,N13,Fragment,Turpinia malabarica,29,Turpinia malabarica,Tree,Endemic,NA,NA,0.453,S,Mammal,Mature,12
2018-09-13T00:00:00Z,N13,Fragment,Toona ciliata,6,Toona ciliata,Tree,Native,LC,0.496,0.496,S,Wind,Secondary,28
2018-09-13T00:00:00Z,N13,Fragment,Phoebe lanceolata,1,Phoebe lanceolata,Tree,Native,LC,NA,0.49,S,Bird,Mature,8
2018-09-13T00:00:00Z,N13,Fragment,Psychotria anamallayana,8,Psychotria anamallayana,Tree,Endemic,NA,NA,0.45,S,Mammal_bird,Mature,4
2018-09-13T00:00:00Z,N13,Fragment,Meiogyne pannosa,6,Meiogyne pannosa,Tree,Endemic,NT,NA,NA,S,Bird,Mature,8
2018-09-13T00:00:00Z,N13,Fragment,Garcinia morella,2,Garcinia morella,Tree,Native,LC,0.652374698,0.652374698,S,Mammal,Mature,12
2018-09-13T00:00:00Z,N13,Fragment,Glochidion malabaricum,3,Phyllanthus assamicus,Tree,Endemic,LC,0.544681677,0.544681677,S,Gravity,Mature,8
2018-09-13T00:00:00Z,N13,Fragment,Leea indica,5,Leea indica,Tree,Native,LC,0.483333,0.483333,S,Unknown,Secondary,5
2018-09-13T00:00:00Z,N13,Fragment,Myristica dactyloides,24,Myristica beddomei,Tree,Endemic,EN,0.575521845,0.575521845,L,Bird,Mature,20
2018-09-13T00:00:00Z,N13,Fragment,Antidesma menasu,2,Antidesma montanum,Tree,Native,LC,NA,0.624,S,Mammal_bird,Mature,10
2018-09-13T00:00:00Z,N13,Fragment,Vernonia arborea,1,Strobocalyx arborea,Tree,Native,LC,0.33,0.33,S,Wind,Secondary,15
2018-09-13T00:00:00Z,N13,Fragment,Otonephelium stipulaceum,11,Otonephelium stipulaceum,Tree,Endemic,NA,0.709023925,0.709023925,S,Mammal_bird,Mature,28
2018-09-13T00:00:00Z,N13,Fragment,Xanthophyllum flavescens,7,Xanthophyllum flavescens,Tree,Endemic,NA,0.682,0.682,M,Mammal,Secondary,8
2018-09-13T00:00:00Z,N13,Fragment,Drypetes wightii,1,Drypetes wightii,Tree,Endemic,VU,NA,0.7175,M,Bird,Mature,12
2018-09-13T00:00:00Z,N13,Fragment,Coffea canephora,29,Coffea canephora,Tree,Introduced,EN,NA,NA,S,Mammal,Int,6
2018-09-13T00:00:00Z,N13,Fragment,Palaquium ellipticum,2,Palaquium ellipticum,Tree,Endemic,NA,0.55093772,0.55093772,L,Mammal,Mature,35
2018-09-13T00:00:00Z,N13,Fragment,Aporosa acuminata,1,Aporosa acuminata,Tree,Endemic,NA,NA,0.492461326,S,Bird,Mature,5
2018-09-13T00:00:00Z,N13,Fragment,Persea macrantha,2,Machilus glaucescens,Tree,Endemic,NA,0.427,0.427,S,Bird,Secondary,30
2018-09-13T00:00:00Z,N13,Fragment,Diospyros sylvatica,1,Diospyros sylvatica,Tree,Endemic,NA,0.701678322,0.701678322,S,Mammal,Mature,35
2018-09-13T00:00:00Z,N13,Fragment,Elaeocarpus tuberculatus,1,Elaeocarpus tuberculatus,Tree,Native,NA,0.45065475,0.45065475,L,Mammal,Mature,40
2018-09-13T00:00:00Z,N13,Fragment,Vateria indica,3,Vateria indica,Tree,Endemic,VU,0.48,0.48,L,Gravity,Mature,60
2018-09-13T00:00:00Z,N13,Fragment,Cinnamomum malabatrum,1,Cinnamomum malabathrum,Tree,Endemic,LC,NA,0.475,S,Bird,Secondary,15
2018-09-13T00:00:00Z,N13,Fragment,Litsea coriacea,1,Litsea coriacea,Tree,Endemic,NT,NA,0.42,S,Mammal_bird,Mature,12
2018-09-13T00:00:00Z,N13,Fragment,Actinodaphne malabarica,1,Actinodaphne wightiana,Tree,Endemic,LC,0.619460212,0.619460212,S,Bird,Secondary,12
2018-09-13T00:00:00Z,N13,Fragment,Syzygium gardneri,1,Syzygium gardneri,Tree,Endemic,NA,0.789375,0.789375,S,Mammal_bird,Mature,60
2018-09-13T00:00:00Z,N13,Fragment,Cullenia exarillata,2,Cullenia exarillata,Tree,Endemic,NA,NA,0.55,L,Gravity,Mature,40
2018-09-13T00:00:00Z,N13,Fragment,Litsea floribunda,2,Litsea floribunda,Tree,Endemic,NT,0.56358678,0.56358678,S,Bird,Secondary,10
2018-09-13T00:00:00Z,N12,Fragment,Psychotria anamallayana,31,Psychotria anamallayana,Tree,Endemic,NA,NA,0.45,S,Mammal_bird,Mature,4
2018-09-13T00:00:00Z,N12,Fragment,Turpinia malabarica,5,Turpinia malabarica,Tree,Endemic,NA,NA,0.453,S,Mammal,Mature,12
2018-09-13T00:00:00Z,N12,Fragment,Ardisia pauciflora,1,Ardisia pauciflora,Tree,Endemic,NA,NA,0.62,S,Bird,Mature,6
2018-09-13T00:00:00Z,N12,Fragment,Coffea canephora,66,Coffea canephora,Tree,Introduced,EN,NA,NA,S,Mammal,Int,6
2018-09-13T00:00:00Z,N12,Fragment,Palaquium ellipticum,3,Palaquium ellipticum,Tree,Endemic,NA,0.55093772,0.55093772,L,Mammal,Mature,35
2018-09-13T00:00:00Z,N12,Fragment,Otonephelium stipulaceum,5,Otonephelium stipulaceum,Tree,Endemic,NA,0.709023925,0.709023925,S,Mammal_bird,Mature,28
2018-09-13T00:00:00Z,N12,Fragment,Xanthophyllum flavescens,3,Xanthophyllum flavescens,Tree,Endemic,NA,0.682,0.682,M,Mammal,Secondary,8
2018-09-13T00:00:00Z,N12,Fragment,Holigarna nigra,4,Holigarna nigra,Tree,Endemic,NA,NA,0.493977646,L,Mammal,Mature,35
2018-09-13T00:00:00Z,N12,Fragment,Cullenia exarillata,1,Cullenia exarillata,Tree,Endemic,NA,NA,0.55,L,Gravity,Mature,40
2018-09-13T00:00:00Z,N12,Fragment,Dendrocnide sinuata,2,Dendrocnide sinuata,Tree,Endemic,NA,NA,NA,S,Bird,Secondary,5
2018-09-13T00:00:00Z,N12,Fragment,Diospyros sylvatica,2,Diospyros sylvatica,Tree,Endemic,NA,0.701678322,0.701678322,S,Mammal,Mature,35
2018-09-13T00:00:00Z,N12,Fragment,Litsea floribunda,2,Litsea floribunda,Tree,Endemic,NT,0.56358678,0.56358678,S,Bird,Secondary,10
2018-09-13T00:00:00Z,N12,Fragment,Memecylon sp.,1,Memecylon sp.,Tree,Endemic,NA,NA,0.77,S,Bird,NA,NA
2018-09-13T00:00:00Z,N12,Fragment,Murraya paniculata,1,Murraya paniculata,Tree,Native,NA,0.867,0.867,S,Bird,Secondary,12
2018-09-13T00:00:00Z,M12,Fragment,Coffea canephora,53,Coffea canephora,Tree,Introduced,EN,NA,NA,S,Mammal,Int,6
2018-09-13T00:00:00Z,M12,Fragment,Meiogyne pannosa,1,Meiogyne pannosa,Tree,Endemic,NT,NA,NA,S,Bird,Mature,8
2018-09-13T00:00:00Z,M12,Fragment,Holigarna nigra,4,Holigarna nigra,Tree,Endemic,NA,NA,0.493977646,L,Mammal,Mature,35
2018-09-13T00:00:00Z,M12,Fragment,Diospyros sylvatica,2,Diospyros sylvatica,Tree,Endemic,NA,0.701678322,0.701678322,S,Mammal,Mature,35
2018-09-13T00:00:00Z,M12,Fragment,Actinodaphne malabarica,3,Actinodaphne wightiana,Tree,Endemic,LC,0.619460212,0.619460212,S,Bird,Secondary,12
2018-09-13T00:00:00Z,M12,Fragment,Clerodendrum viscosum,4,Clerodendrum infortunatum,Tree,Native,LC,0.484259167,0.484259167,S,Bird,Secondary,4
2018-09-13T00:00:00Z,M12,Fragment,Antidesma menasu,1,Antidesma montanum,Tree,Native,LC,NA,0.624,S,Mammal_bird,Mature,10
2018-09-13T00:00:00Z,M12,Fragment,Heynea trijuga,2,Heynea trijuga,Tree,Native,LC,0.493174229,0.493174229,M,Bird,Secondary,10
2018-09-13T00:00:00Z,M12,Fragment,Xanthophyllum flavescens,4,Xanthophyllum flavescens,Tree,Endemic,NA,0.682,0.682,M,Mammal,Secondary,8
2018-09-13T00:00:00Z,M12,Fragment,Aglaia canarana,2,Aglaia lawii,Tree,Native,LC,0.595,0.595,L,Bird,Mature,30
2018-09-13T00:00:00Z,M12,Fragment,Otonephelium stipulaceum,1,Otonephelium stipulaceum,Tree,Endemic,NA,0.709023925,0.709023925,S,Mammal_bird,Mature,28
2018-09-13T00:00:00Z,M12,Fragment,Litsea floribunda,3,Litsea floribunda,Tree,Endemic,NT,0.56358678,0.56358678,S,Bird,Secondary,10
2018-09-13T00:00:00Z,M12,Fragment,Elaeocarpus tuberculatus,1,Elaeocarpus tuberculatus,Tree,Native,NA,0.45065475,0.45065475,L,Mammal,Mature,40
2018-09-13T00:00:00Z,M12,Fragment,Leea indica,1,Leea indica,Tree,Native,LC,0.483333,0.483333,S,Unknown,Secondary,5
2018-09-13T00:00:00Z,M12,Fragment,Turpinia malabarica,4,Turpinia malabarica,Tree,Endemic,NA,NA,0.453,S,Mammal,Mature,12
2018-09-13T00:00:00Z,M12,Fragment,Palaquium ellipticum,1,Palaquium ellipticum,Tree,Endemic,NA,0.55093772,0.55093772,L,Mammal,Mature,35
2018-09-13T00:00:00Z,M12,Fragment,Semecarpus travancorica,7,Semecarpus travancorica,Tree,Endemic,NA,NA,0.33,L,Mammal,Mature,35
2018-09-13T00:00:00Z,M12,Fragment,Aporosa acuminata,3,Aporosa acuminata,Tree,Endemic,NA,NA,0.492461326,S,Bird,Mature,5
2018-09-13T00:00:00Z,M12,Fragment,Litsea coriacea,4,Litsea coriacea,Tree,Endemic,NT,NA,0.42,S,Mammal_bird,Mature,12
2018-09-13T00:00:00Z,M12,Fragment,Euodia lunu-ankenda,2,Melicope lunu-ankenda,Tree,Native,LC,0.411118888,0.411118888,S,Mammal,Secondary,10
2018-09-13T00:00:00Z,M12,Fragment,Artocarpus heterophyllus,1,Artocarpus heterophyllus,Tree,Native,NA,0.484,0.484,L,Mammal,Mature,20
2018-09-13T00:00:00Z,L12,Fragment,Semecarpus travancorica,25,Semecarpus travancorica,Tree,Endemic,NA,NA,0.33,L,Mammal,Mature,35
2018-09-13T00:00:00Z,L12,Fragment,Coffea canephora,63,Coffea canephora,Tree,Introduced,EN,NA,NA,S,Mammal,Int,6
2018-09-13T00:00:00Z,L12,Fragment,Persea macrantha,2,Machilus glaucescens,Tree,Endemic,NA,0.427,0.427,S,Bird,Secondary,30
2018-09-13T00:00:00Z,L12,Fragment,Syzygium densiflorum,2,Syzygium densiflorum,Tree,Endemic,VU,NA,0.68,M,Mammal_bird,Mature,15
2018-09-13T00:00:00Z,L12,Fragment,Clerodendrum viscosum,6,Clerodendrum infortunatum,Tree,Native,LC,0.484259167,0.484259167,S,Bird,Secondary,4
2018-09-13T00:00:00Z,L12,Fragment,Olea dioica,3,Olea dioica,Tree,Native,NA,0.697202827,0.697202827,S,Mammal,Secondary,15
2018-09-13T00:00:00Z,L12,Fragment,Leea indica,4,Leea indica,Tree,Native,LC,0.483333,0.483333,S,Unknown,Secondary,5
2018-09-13T00:00:00Z,L12,Fragment,Turpinia malabarica,6,Turpinia malabarica,Tree,Endemic,NA,NA,0.453,S,Mammal,Mature,12
2018-09-13T00:00:00Z,L12,Fragment,Vateria indica,1,Vateria indica,Tree,Endemic,VU,0.48,0.48,L,Gravity,Mature,60
2018-09-13T00:00:00Z,L12,Fragment,Phoebe lanceolata,1,Phoebe lanceolata,Tree,Native,LC,NA,0.49,S,Bird,Mature,8
2018-09-13T00:00:00Z,L12,Fragment,Actinodaphne malabarica,1,Actinodaphne wightiana,Tree,Endemic,LC,0.619460212,0.619460212,S,Bird,Secondary,12
2018-09-13T00:00:00Z,L12,Fragment,Palaquium ellipticum,1,Palaquium ellipticum,Tree,Endemic,NA,0.55093772,0.55093772,L,Mammal,Mature,35
2018-09-13T00:00:00Z,L12,Fragment,Syzygium gardneri,1,Syzygium gardneri,Tree,Endemic,NA,0.789375,0.789375,S,Mammal_bird,Mature,60
2018-09-13T00:00:00Z,L12,Fragment,Glochidion malabaricum,3,Phyllanthus assamicus,Tree,Endemic,LC,0.544681677,0.544681677,S,Gravity,Mature,8
2018-09-13T00:00:00Z,L12,Fragment,Myristica dactyloides,1,Myristica beddomei,Tree,Endemic,EN,0.575521845,0.575521845,L,Bird,Mature,20
2018-09-13T00:00:00Z,L12,Fragment,Artocarpus heterophyllus,3,Artocarpus heterophyllus,Tree,Native,NA,0.484,0.484,L,Mammal,Mature,20
2018-09-13T00:00:00Z,L12,Fragment,Ficus exasperata,1,Ficus exasperata,Tree,Native,LC,NA,0.42,S,Mammal_bird,Secondary,18
2018-09-13T00:00:00Z,L12,Fragment,Aglaia canarana,1,Aglaia lawii,Tree,Native,LC,0.595,0.595,L,Bird,Mature,30
2018-09-13T00:00:00Z,L12,Fragment,Mastixia arborea,1,Mastixia arborea,Tree,Native,LC,NA,0.465,L,Mammal,Mature,20
2018-09-13T00:00:00Z,K12,Fragment,Lantana camara,3,Lantana camara,Shrub,Introduced,NA,NA,NA,S,Mammal_bird,Int,5
2018-09-13T00:00:00Z,K12,Fragment,Turpinia malabarica,9,Turpinia malabarica,Tree,Endemic,NA,NA,0.453,S,Mammal,Mature,12
2018-09-13T00:00:00Z,K12,Fragment,Dimocarpus longan,8,Dimocarpus longan,Tree,Native,DD,0.748685273,0.748685273,S,Mammal,Mature,25
2018-09-13T00:00:00Z,K12,Fragment,Glochidion malabaricum,1,Phyllanthus assamicus,Tree,Endemic,LC,0.544681677,0.544681677,S,Gravity,Mature,8
2018-09-13T00:00:00Z,K12,Fragment,Actinodaphne malabarica,2,Actinodaphne wightiana,Tree,Endemic,LC,0.619460212,0.619460212,S,Bird,Secondary,12
2018-09-13T00:00:00Z,K12,Fragment,Xanthophyllum flavescens,4,Xanthophyllum flavescens,Tree,Endemic,NA,0.682,0.682,M,Mammal,Secondary,8
2018-09-13T00:00:00Z,K12,Fragment,Litsea coriacea,2,Litsea coriacea,Tree,Endemic,NT,NA,0.42,S,Mammal_bird,Mature,12
2018-09-13T00:00:00Z,K12,Fragment,Coffea canephora,39,Coffea canephora,Tree,Introduced,EN,NA,NA,S,Mammal,Int,6
2018-09-13T00:00:00Z,K12,Fragment,Elaeocarpus tuberculatus,1,Elaeocarpus tuberculatus,Tree,Native,NA,0.45065475,0.45065475,L,Mammal,Mature,40
2018-09-13T00:00:00Z,K12,Fragment,Canarium strictum,9,Canarium strictum,Tree,Native,NA,0.536397312,0.536397312,L,Bird,Mature,30
2018-09-13T00:00:00Z,K12,Fragment,Persea macrantha,1,Machilus glaucescens,Tree,Endemic,NA,0.427,0.427,S,Bird,Secondary,30
2018-09-13T00:00:00Z,K12,Fragment,Leea indica,4,Leea indica,Tree,Native,LC,0.483333,0.483333,S,Unknown,Secondary,5
2018-09-14T00:00:00Z,L11,Fragment,Coffea canephora,228,Coffea canephora,Tree,Introduced,EN,NA,NA,S,Mammal,Int,6
2018-09-14T00:00:00Z,L11,Fragment,Leea indica,12,Leea indica,Tree,Native,LC,0.483333,0.483333,S,Unknown,Secondary,5
2018-09-14T00:00:00Z,L11,Fragment,Actinodaphne malabarica,5,Actinodaphne wightiana,Tree,Endemic,LC,0.619460212,0.619460212,S,Bird,Secondary,12
2018-09-14T00:00:00Z,L11,Fragment,Syzygium laetum,1,Syzygium laetum,Tree,Endemic,NA,0.662842,0.662842,M,Mammal_bird,Mature,7
2018-09-14T00:00:00Z,L11,Fragment,Olea dioica,3,Olea dioica,Tree,Native,NA,0.697202827,0.697202827,S,Mammal,Secondary,15
2018-09-14T00:00:00Z,L11,Fragment,Antidesma menasu,1,Antidesma montanum,Tree,Native,LC,NA,0.624,S,Mammal_bird,Mature,10
2018-09-14T00:00:00Z,L11,Fragment,Vateria indica,3,Vateria indica,Tree,Endemic,VU,0.48,0.48,L,Gravity,Mature,60
2018-09-14T00:00:00Z,L11,Fragment,Bombax ceiba,1,Bombax ceiba,Tree,Native,LC,0.3,0.3,S,Wind,Secondary,40
2018-09-14T00:00:00Z,L11,Fragment,Drypetes wightii,1,Drypetes wightii,Tree,Endemic,VU,NA,0.7175,M,Bird,Mature,12
2018-09-14T00:00:00Z,L11,Fragment,Litsea coriacea,1,Litsea coriacea,Tree,Endemic,NT,NA,0.42,S,Mammal_bird,Mature,12
2018-09-14T00:00:00Z,L11,Fragment,Psychotria anamallayana,1,Psychotria anamallayana,Tree,Endemic,NA,NA,0.45,S,Mammal_bird,Mature,4
2018-09-14T00:00:00Z,L11,Fragment,Diospyros sylvatica,1,Diospyros sylvatica,Tree,Endemic,NA,0.701678322,0.701678322,S,Mammal,Mature,35
2018-09-14T00:00:00Z,L11,Fragment,Maesopsis eminii,4,Maesopsis eminii,Tree,Introduced,LC,0.34,0.34,L,Mammal_bird,Int,30
2018-09-14T00:00:00Z,L11,Fragment,Wrightia sp.,1,Wrightia sp.,Tree,Native,NA,NA,0.535161577,S,Wind,Secondary,NA
2018-09-14T00:00:00Z,L11,Fragment,Meliosma simplicifolia,1,Meliosma simplicifolia,Tree,Native,NA,0.455,0.455,S,Bird,Mature,15
2018-09-14T00:00:00Z,N11,Fragment,Coffea canephora,44,Coffea canephora,Tree,Introduced,EN,NA,NA,S,Mammal,Int,6
2018-09-14T00:00:00Z,N11,Fragment,Otonephelium stipulaceum,61,Otonephelium stipulaceum,Tree,Endemic,NA,0.709023925,0.709023925,S,Mammal_bird,Mature,28
2018-09-14T00:00:00Z,N11,Fragment,Turpinia malabarica,28,Turpinia malabarica,Tree,Endemic,NA,NA,0.453,S,Mammal,Mature,12
2018-09-14T00:00:00Z,N11,Fragment,Aporosa acuminata,2,Aporosa acuminata,Tree,Endemic,NA,NA,0.492461326,S,Bird,Mature,5
2018-09-14T00:00:00Z,N11,Fragment,Litsea floribunda,3,Litsea floribunda,Tree,Endemic,NT,0.56358678,0.56358678,S,Bird,Secondary,10
2018-09-14T00:00:00Z,N11,Fragment,Psychotria anamallayana,2,Psychotria anamallayana,Tree,Endemic,NA,NA,0.45,S,Mammal_bird,Mature,4
2018-09-14T00:00:00Z,N11,Fragment,Leea indica,7,Leea indica,Tree,Native,LC,0.483333,0.483333,S,Unknown,Secondary,5
2018-09-14T00:00:00Z,N11,Fragment,Vateria indica,4,Vateria indica,Tree,Endemic,VU,0.48,0.48,L,Gravity,Mature,60
2018-09-14T00:00:00Z,N11,Fragment,Myristica dactyloides,1,Myristica beddomei,Tree,Endemic,EN,0.575521845,0.575521845,L,Bird,Mature,20
2018-09-14T00:00:00Z,N11,Fragment,Elaeocarpus tuberculatus,1,Elaeocarpus tuberculatus,Tree,Native,NA,0.45065475,0.45065475,L,Mammal,Mature,40
2018-09-14T00:00:00Z,N11,Fragment,Litsea coriacea,3,Litsea coriacea,Tree,Endemic,NT,NA,0.42,S,Mammal_bird,Mature,12
2018-09-14T00:00:00Z,N11,Fragment,Aglaia canarana,1,Aglaia lawii,Tree,Native,LC,0.595,0.595,L,Bird,Mature,30
2018-09-14T00:00:00Z,N11,Fragment,Palaquium ellipticum,1,Palaquium ellipticum,Tree,Endemic,NA,0.55093772,0.55093772,L,Mammal,Mature,35
2018-09-14T00:00:00Z,N11,Fragment,Macaranga indica,1,Macaranga indica,Tree,Native,LC,NA,0.33,S,Bird,Secondary,16
2018-09-14T00:00:00Z,N11,Fragment,Actinodaphne malabarica,1,Actinodaphne wightiana,Tree,Endemic,LC,0.619460212,0.619460212,S,Bird,Secondary,12
2018-09-14T00:00:00Z,M11,Fragment,Olea dioica,1,Olea dioica,Tree,Native,NA,0.697202827,0.697202827,S,Mammal,Secondary,15
2018-09-14T00:00:00Z,M11,Fragment,Aglaia canarana,3,Aglaia lawii,Tree,Native,LC,0.595,0.595,L,Bird,Mature,30
2018-09-14T00:00:00Z,M11,Fragment,Turpinia malabarica,31,Turpinia malabarica,Tree,Endemic,NA,NA,0.453,S,Mammal,Mature,12
2018-09-14T00:00:00Z,M11,Fragment,Coffea canephora,13,Coffea canephora,Tree,Introduced,EN,NA,NA,S,Mammal,Int,6
2018-09-14T00:00:00Z,M11,Fragment,Palaquium ellipticum,2,Palaquium ellipticum,Tree,Endemic,NA,0.55093772,0.55093772,L,Mammal,Mature,35
2018-09-14T00:00:00Z,M11,Fragment,Diospyros sylvatica,2,Diospyros sylvatica,Tree,Endemic,NA,0.701678322,0.701678322,S,Mammal,Mature,35
2018-09-14T00:00:00Z,M11,Fragment,Xanthophyllum flavescens,4,Xanthophyllum flavescens,Tree,Endemic,NA,0.682,0.682,M,Mammal,Secondary,8
2018-09-14T00:00:00Z,M11,Fragment,Psychotria anamallayana,1,Psychotria anamallayana,Tree,Endemic,NA,NA,0.45,S,Mammal_bird,Mature,4
2018-09-14T00:00:00Z,M11,Fragment,Otonephelium stipulaceum,9,Otonephelium stipulaceum,Tree,Endemic,NA,0.709023925,0.709023925,S,Mammal_bird,Mature,28
2018-09-14T00:00:00Z,M11,Fragment,Litsea coriacea,3,Litsea coriacea,Tree,Endemic,NT,NA,0.42,S,Mammal_bird,Mature,12
2018-09-14T00:00:00Z,M11,Fragment,Antidesma menasu,4,Antidesma montanum,Tree,Native,LC,NA,0.624,S,Mammal_bird,Mature,10
2018-09-14T00:00:00Z,M11,Fragment,Garcinia morella,1,Garcinia morella,Tree,Native,LC,0.652374698,0.652374698,S,Mammal,Mature,12
2018-09-14T00:00:00Z,M11,Fragment,Litsea floribunda,2,Litsea floribunda,Tree,Endemic,NT,0.56358678,0.56358678,S,Bird,Secondary,10
2018-09-14T00:00:00Z,M11,Fragment,Ficus hispida,1,Ficus hispida,Tree,Native,LC,0.413,0.413,S,Mammal,Secondary,10
2018-09-14T00:00:00Z,M11,Fragment,Myristica dactyloides,3,Myristica beddomei,Tree,Endemic,EN,0.575521845,0.575521845,L,Bird,Mature,20
2018-09-14T00:00:00Z,M11,Fragment,Glochidion malabaricum,1,Phyllanthus assamicus,Tree,Endemic,LC,0.544681677,0.544681677,S,Gravity,Mature,8
2018-09-14T00:00:00Z,M11,Fragment,Elaeocarpus tuberculatus,1,Elaeocarpus tuberculatus,Tree,Native,NA,0.45065475,0.45065475,L,Mammal,Mature,40
2018-09-14T00:00:00Z,J11,Fragment,Actinodaphne malabarica,1,Actinodaphne wightiana,Tree,Endemic,LC,0.619460212,0.619460212,S,Bird,Secondary,12
2018-09-14T00:00:00Z,J11,Fragment,Coffea canephora,25,Coffea canephora,Tree,Introduced,EN,NA,NA,S,Mammal,Int,6
2018-09-14T00:00:00Z,J11,Fragment,Glochidion malabaricum,1,Phyllanthus assamicus,Tree,Endemic,LC,0.544681677,0.544681677,S,Gravity,Mature,8
2018-09-14T00:00:00Z,J11,Fragment,Elaeocarpus tuberculatus,1,Elaeocarpus tuberculatus,Tree,Native,NA,0.45065475,0.45065475,L,Mammal,Mature,40
2018-09-14T00:00:00Z,J11,Fragment,Turpinia malabarica,1,Turpinia malabarica,Tree,Endemic,NA,NA,0.453,S,Mammal,Mature,12
2018-09-14T00:00:00Z,J11,Fragment,Macaranga peltata,1,Macaranga peltata,Tree,Endemic,NA,0.466512198,0.466512198,S,Bird,Secondary,12
2018-09-14T00:00:00Z,K11,Fragment,Litsea oleoides,5,Litsea oleoides,Tree,Endemic,NA,NA,0.42,M,Bird,Mature,12
2018-09-14T00:00:00Z,K11,Fragment,Aglaia canarana,1,Aglaia lawii,Tree,Native,LC,0.595,0.595,L,Bird,Mature,30
2018-09-14T00:00:00Z,K11,Fragment,Coffea canephora,6,Coffea canephora,Tree,Introduced,EN,NA,NA,S,Mammal,Int,6
2018-09-14T00:00:00Z,K11,Fragment,Antidesma menasu,2,Antidesma montanum,Tree,Native,LC,NA,0.624,S,Mammal_bird,Mature,10
2018-09-14T00:00:00Z,K11,Fragment,Meliosma simplicifolia,3,Meliosma simplicifolia,Tree,Native,NA,0.455,0.455,S,Bird,Mature,15
2018-09-14T00:00:00Z,K11,Fragment,Persea macrantha,1,Machilus glaucescens,Tree,Endemic,NA,0.427,0.427,S,Bird,Secondary,30
2018-09-14T00:00:00Z,K11,Fragment,Leea indica,7,Leea indica,Tree,Native,LC,0.483333,0.483333,S,Unknown,Secondary,5
2018-09-14T00:00:00Z,K11,Fragment,Litsea oleoides,1,Litsea oleoides,Tree,Endemic,NA,NA,0.42,M,Bird,Mature,12
2018-09-14T00:00:00Z,K11,Fragment,Actinodaphne malabarica,1,Actinodaphne wightiana,Tree,Endemic,LC,0.619460212,0.619460212,S,Bird,Secondary,12
2018-09-14T00:00:00Z,K11,Fragment,Glochidion malabaricum,2,Phyllanthus assamicus,Tree,Endemic,LC,0.544681677,0.544681677,S,Gravity,Mature,8
2018-09-14T00:00:00Z,K11,Fragment,Cinnamomum malabatrum,1,Cinnamomum malabathrum,Tree,Endemic,LC,NA,0.475,S,Bird,Secondary,15
2018-09-14T00:00:00Z,K11,Fragment,Turpinia malabarica,3,Turpinia malabarica,Tree,Endemic,NA,NA,0.453,S,Mammal,Mature,12
2018-09-14T00:00:00Z,K11,Fragment,Holigarna nigra,1,Holigarna nigra,Tree,Endemic,NA,NA,0.493977646,L,Mammal,Mature,35
2018-10-15T00:00:00Z,A02,Fragment,Actinodaphne malabarica,7,Actinodaphne wightiana,Tree,Endemic,LC,0.619460212,0.619460212,S,Bird,Secondary,12
2018-10-15T00:00:00Z,A02,Fragment,Clerodendrum viscosum,10,Clerodendrum infortunatum,Tree,Native,LC,0.484259167,0.484259167,S,Bird,Secondary,4
2018-10-15T00:00:00Z,A02,Fragment,Lantana camara,4,Lantana camara,Shrub,Introduced,NA,NA,NA,S,Mammal_bird,Int,5
2018-10-15T00:00:00Z,B02,Fragment,Actinodaphne malabarica,6,Actinodaphne wightiana,Tree,Endemic,LC,0.619460212,0.619460212,S,Bird,Secondary,12
2018-10-15T00:00:00Z,B02,Fragment,Cinnamomum malabatrum,5,Cinnamomum malabathrum,Tree,Endemic,LC,NA,0.475,S,Bird,Secondary,15
2018-10-15T00:00:00Z,B02,Fragment,Spathodea campanulata,1,Spathodea campanulata,Tree,Introduced,LC,0.475,0.475,S,Wind,Int,15
2018-10-15T00:00:00Z,B02,Fragment,Lantana camara,9,Lantana camara,Shrub,Introduced,NA,NA,NA,S,Mammal_bird,Int,5
2018-10-15T00:00:00Z,C02,Fragment,Cinnamomum malabatrum,4,Cinnamomum malabathrum,Tree,Endemic,LC,NA,0.475,S,Bird,Secondary,15
2018-10-15T00:00:00Z,C02,Fragment,Heynea trijuga,9,Heynea trijuga,Tree,Native,LC,0.493174229,0.493174229,M,Bird,Secondary,10
2018-10-15T00:00:00Z,C02,Fragment,Otonephelium stipulaceum,6,Otonephelium stipulaceum,Tree,Endemic,NA,0.709023925,0.709023925,S,Mammal_bird,Mature,28
2018-10-15T00:00:00Z,C02,Fragment,Melicope lunu-ankenda,1,Melicope lunu-ankenda,Tree,Native,LC,0.411118888,0.411118888,S,Mammal,Secondary,10
2018-10-15T00:00:00Z,C02,Fragment,Actinodaphne malabarica,2,Actinodaphne wightiana,Tree,Endemic,LC,0.619460212,0.619460212,S,Bird,Secondary,12
2018-10-15T00:00:00Z,C02,Fragment,Aglaia canarana,1,Aglaia lawii,Tree,Native,LC,0.595,0.595,L,Bird,Mature,30
2018-10-15T00:00:00Z,C02,Fragment,Persea macrantha,1,Machilus glaucescens,Tree,Endemic,NA,0.427,0.427,S,Bird,Secondary,30
2018-10-15T00:00:00Z,C02,Fragment,Macaranga indica,1,Macaranga indica,Tree,Native,LC,NA,0.33,S,Bird,Secondary,16
2018-10-15T00:00:00Z,C02,Fragment,Spathodea campanulata,1,Spathodea campanulata,Tree,Introduced,LC,0.475,0.475,S,Wind,Int,15
2018-10-15T00:00:00Z,D02,Fragment,Vateria indica,49,Vateria indica,Tree,Endemic,VU,0.48,0.48,L,Gravity,Mature,60
2018-10-15T00:00:00Z,D02,Fragment,Aglaia canarana,10,Aglaia lawii,Tree,Native,LC,0.595,0.595,L,Bird,Mature,30
2018-10-15T00:00:00Z,D02,Fragment,Actinodaphne malabarica,8,Actinodaphne wightiana,Tree,Endemic,LC,0.619460212,0.619460212,S,Bird,Secondary,12
2018-10-15T00:00:00Z,D02,Fragment,Dimocarpus longan,1,Dimocarpus longan,Tree,Native,DD,0.748685273,0.748685273,S,Mammal,Mature,25
2018-10-15T00:00:00Z,D02,Fragment,Diospyros paniculata,1,Diospyros paniculata,Tree,Endemic,VU,NA,0.672,M,Mammal,Mature,16
2018-10-15T00:00:00Z,D02,Fragment,Cinnamomum malabatrum,42,Cinnamomum malabathrum,Tree,Endemic,LC,NA,0.475,S,Bird,Secondary,15
2018-10-15T00:00:00Z,D02,Fragment,Olea dioica,1,Olea dioica,Tree,Native,NA,0.697202827,0.697202827,S,Mammal,Secondary,15
2018-10-15T00:00:00Z,D02,Fragment,Heynea trijuga,7,Heynea trijuga,Tree,Native,LC,0.493174229,0.493174229,M,Bird,Secondary,10
2018-10-15T00:00:00Z,D02,Fragment,Persea macrantha,2,Machilus glaucescens,Tree,Endemic,NA,0.427,0.427,S,Bird,Secondary,30
2018-10-15T00:00:00Z,D02,Fragment,Xanthophyllum flavescens,2,Xanthophyllum flavescens,Tree,Endemic,NA,0.682,0.682,M,Mammal,Secondary,8
2018-10-15T00:00:00Z,D02,Fragment,Antidesma menasu,2,Antidesma montanum,Tree,Native,LC,NA,0.624,S,Mammal_bird,Mature,10
2018-10-15T00:00:00Z,D02,Fragment,Turpinia malabarica,1,Turpinia malabarica,Tree,Endemic,NA,NA,0.453,S,Mammal,Mature,12
2018-10-15T00:00:00Z,D02,Fragment,Nothapodytes nimmoniana,1,Mappia nimmoniana,Tree,Native,NA,NA,NA,M,Bird,Secondary,8
2018-10-15T00:00:00Z,E02,Fragment,Clerodendrum viscosum,4,Clerodendrum infortunatum,Tree,Native,LC,0.484259167,0.484259167,S,Bird,Secondary,4
2018-10-15T00:00:00Z,E02,Fragment,Turpinia malabarica,2,Turpinia malabarica,Tree,Endemic,NA,NA,0.453,S,Mammal,Mature,12
2018-10-15T00:00:00Z,E02,Fragment,Litsea coriacea,2,Litsea coriacea,Tree,Endemic,NT,NA,0.42,S,Mammal_bird,Mature,12
2018-10-15T00:00:00Z,E02,Fragment,Aglaia canarana,1,Aglaia lawii,Tree,Native,LC,0.595,0.595,L,Bird,Mature,30
2018-10-15T00:00:00Z,E02,Fragment,Actinodaphne malabarica,2,Actinodaphne wightiana,Tree,Endemic,LC,0.619460212,0.619460212,S,Bird,Secondary,12
2018-10-15T00:00:00Z,E02,Fragment,Cinnamomum malabatrum,2,Cinnamomum malabathrum,Tree,Endemic,LC,NA,0.475,S,Bird,Secondary,15
2018-10-15T00:00:00Z,E02,Fragment,Leea indica,1,Leea indica,Tree,Native,LC,0.483333,0.483333,S,Unknown,Secondary,5
2018-10-15T00:00:00Z,E02,Fragment,Aporosa acuminata,1,Aporosa acuminata,Tree,Endemic,NA,NA,0.492461326,S,Bird,Mature,5
2018-10-15T00:00:00Z,E02,Fragment,Olea dioica,8,Olea dioica,Tree,Native,NA,0.697202827,0.697202827,S,Mammal,Secondary,15
2018-10-15T00:00:00Z,E02,Fragment,Spathodea campanulata,1,Spathodea campanulata,Tree,Introduced,LC,0.475,0.475,S,Wind,Int,15
2018-10-15T00:00:00Z,E02,Fragment,Holigarna nigra,1,Holigarna nigra,Tree,Endemic,NA,NA,0.493977646,L,Mammal,Mature,35
2018-10-15T00:00:00Z,F02,Fragment,Actinodaphne malabarica,1,Actinodaphne wightiana,Tree,Endemic,LC,0.619460212,0.619460212,S,Bird,Secondary,12
2018-10-15T00:00:00Z,F02,Fragment,Lantana camara,1,Lantana camara,Shrub,Introduced,NA,NA,NA,S,Mammal_bird,Int,5
2018-10-15T00:00:00Z,F02,Fragment,Clerodendrum viscosum,3,Clerodendrum infortunatum,Tree,Native,LC,0.484259167,0.484259167,S,Bird,Secondary,4
2018-10-15T00:00:00Z,F02,Fragment,Turpinia malabarica,4,Turpinia malabarica,Tree,Endemic,NA,NA,0.453,S,Mammal,Mature,12
2018-10-15T00:00:00Z,F02,Fragment,Vateria indica,2,Vateria indica,Tree,Endemic,VU,0.48,0.48,L,Gravity,Mature,60
2018-10-15T00:00:00Z,C01,Fragment,Turpinia malabarica,3,Turpinia malabarica,Tree,Endemic,NA,NA,0.453,S,Mammal,Mature,12
2018-10-15T00:00:00Z,C01,Fragment,Actinodaphne malabarica,5,Actinodaphne wightiana,Tree,Endemic,LC,0.619460212,0.619460212,S,Bird,Secondary,12
2018-10-15T00:00:00Z,C01,Fragment,Olea dioica,1,Olea dioica,Tree,Native,NA,0.697202827,0.697202827,S,Mammal,Secondary,15
2018-10-15T00:00:00Z,C01,Fragment,Maesa indica,6,Maesa indica,Tree,Native,LC,NA,NA,S,Mammal_bird,Secondary,4
2018-10-15T00:00:00Z,C01,Fragment,Clerodendrum viscosum,2,Clerodendrum infortunatum,Tree,Native,LC,0.484259167,0.484259167,S,Bird,Secondary,4
2018-10-15T00:00:00Z,C01,Fragment,Lantana camara,8,Lantana camara,Shrub,Introduced,NA,NA,NA,S,Mammal_bird,Int,5
2018-10-15T00:00:00Z,C01,Fragment,Melicope lunu-ankenda,1,Melicope lunu-ankenda,Tree,Native,LC,0.411118888,0.411118888,S,Mammal,Secondary,10
2018-10-15T00:00:00Z,C01,Fragment,Spathodea campanulata,1,Spathodea campanulata,Tree,Introduced,LC,0.475,0.475,S,Wind,Int,15
2018-10-15T00:00:00Z,C01,Fragment,Psidium guajava,1,Psidium guajava,Tree,Introduced,LC,0.6,0.6,S,Mammal_bird,Int,6
2018-10-15T00:00:00Z,B01,Fragment,Vateria indica,52,Vateria indica,Tree,Endemic,VU,0.48,0.48,L,Gravity,Mature,60
2018-10-15T00:00:00Z,B01,Fragment,Turpinia malabarica,1,Turpinia malabarica,Tree,Endemic,NA,NA,0.453,S,Mammal,Mature,12
2018-10-15T00:00:00Z,B01,Fragment,Actinodaphne malabarica,4,Actinodaphne wightiana,Tree,Endemic,LC,0.619460212,0.619460212,S,Bird,Secondary,12
2018-10-15T00:00:00Z,B01,Fragment,Clerodendrum viscosum,11,Clerodendrum infortunatum,Tree,Native,LC,0.484259167,0.484259167,S,Bird,Secondary,4
2018-10-15T00:00:00Z,B01,Fragment,Xanthophyllum flavescens,2,Xanthophyllum flavescens,Tree,Endemic,NA,0.682,0.682,M,Mammal,Secondary,8
2018-10-15T00:00:00Z,B01,Fragment,Ficus hispida,1,Ficus hispida,Tree,Native,LC,0.413,0.413,S,Mammal,Secondary,10
2018-10-15T00:00:00Z,B01,Fragment,Cinnamomum malabatrum,1,Cinnamomum malabathrum,Tree,Endemic,LC,NA,0.475,S,Bird,Secondary,15
2018-10-15T00:00:00Z,B01,Fragment,Elaeocarpus tuberculatus,1,Elaeocarpus tuberculatus,Tree,Native,NA,0.45065475,0.45065475,L,Mammal,Mature,40
2018-10-15T00:00:00Z,A01,Fragment,Actinodaphne malabarica,5,Actinodaphne wightiana,Tree,Endemic,LC,0.619460212,0.619460212,S,Bird,Secondary,12
2018-10-15T00:00:00Z,A01,Fragment,Ficus exasperata,1,Ficus exasperata,Tree,Native,LC,NA,0.42,S,Mammal_bird,Secondary,18
2018-10-15T00:00:00Z,A01,Fragment,Lantana camara,1,Lantana camara,Shrub,Introduced,NA,NA,NA,S,Mammal_bird,Int,5
2018-10-15T00:00:00Z,A01,Fragment,Xanthophyllum flavescens,1,Xanthophyllum flavescens,Tree,Endemic,NA,0.682,0.682,M,Mammal,Secondary,8
2018-10-13T00:00:00Z,H03,Fragment,Melicope lunu-ankenda,1,Melicope lunu-ankenda,Tree,Native,LC,0.411118888,0.411118888,S,Mammal,Secondary,10
2018-10-13T00:00:00Z,H03,Fragment,Glochidion malabaricum,2,Phyllanthus assamicus,Tree,Endemic,LC,0.544681677,0.544681677,S,Gravity,Mature,8
2018-10-13T00:00:00Z,H03,Fragment,Turpinia malabarica,1,Turpinia malabarica,Tree,Endemic,NA,NA,0.453,S,Mammal,Mature,12
2018-10-13T00:00:00Z,H03,Fragment,Mangifera indica,1,Mangifera indica,Tree,Native,DD,0.543,0.543,L,Mammal,Mature,35
2018-10-13T00:00:00Z,H03,Fragment,Cinnamomum malabatrum,1,Cinnamomum malabathrum,Tree,Endemic,LC,NA,0.475,S,Bird,Secondary,15
2018-10-13T00:00:00Z,H03,Fragment,Heynea trijuga,1,Heynea trijuga,Tree,Native,LC,0.493174229,0.493174229,M,Bird,Secondary,10
2018-10-13T00:00:00Z,G03,Fragment,Turpinia malabarica,10,Turpinia malabarica,Tree,Endemic,NA,NA,0.453,S,Mammal,Mature,12
2018-10-13T00:00:00Z,G03,Fragment,Clerodendrum viscosum,8,Clerodendrum infortunatum,Tree,Native,LC,0.484259167,0.484259167,S,Bird,Secondary,4
2018-10-13T00:00:00Z,G03,Fragment,Vateria indica,3,Vateria indica,Tree,Endemic,VU,0.48,0.48,L,Gravity,Mature,60
2018-10-13T00:00:00Z,G03,Fragment,Melicope lunu-ankenda,3,Melicope lunu-ankenda,Tree,Native,LC,0.411118888,0.411118888,S,Mammal,Secondary,10
2018-10-13T00:00:00Z,G03,Fragment,Actinodaphne malabarica,1,Actinodaphne wightiana,Tree,Endemic,LC,0.619460212,0.619460212,S,Bird,Secondary,12
2018-10-13T00:00:00Z,G03,Fragment,Diospyros ghatensis,1,Diospyros ghatensis,Tree,Endemic,NA,0.666666667,0.666666667,M,Mammal,Mature,25
2018-10-13T00:00:00Z,G03,Fragment,Maesopsis eminii,1,Maesopsis eminii,Tree,Introduced,LC,0.34,0.34,L,Mammal_bird,Int,30
2018-10-13T00:00:00Z,G03,Fragment,Cinnamomum malabatrum,1,Cinnamomum malabathrum,Tree,Endemic,LC,NA,0.475,S,Bird,Secondary,15
2018-10-13T00:00:00Z,G03,Fragment,Garcinia gummi-gutta,1,Garcinia gummi-gutta,Tree,Endemic,LC,0.690402909,0.690402909,L,Mammal,Mature,12
2018-10-13T00:00:00Z,G03,Fragment,Leea indica,2,Leea indica,Tree,Native,LC,0.483333,0.483333,S,Unknown,Secondary,5
2018-10-13T00:00:00Z,G03,Fragment,Persea macrantha,1,Machilus glaucescens,Tree,Endemic,NA,0.427,0.427,S,Bird,Secondary,30
2018-10-13T00:00:00Z,G03,Fragment,Melicope lunu-ankenda,1,Melicope lunu-ankenda,Tree,Native,LC,0.411118888,0.411118888,S,Mammal,Secondary,10
2018-10-13T00:00:00Z,G03,Fragment,Glochidion malabaricum,1,Phyllanthus assamicus,Tree,Endemic,LC,0.544681677,0.544681677,S,Gravity,Mature,8
2018-10-13T00:00:00Z,F03,Fragment,Cinnamomum malabatrum,1,Cinnamomum malabathrum,Tree,Endemic,LC,NA,0.475,S,Bird,Secondary,15
2018-10-13T00:00:00Z,F03,Fragment,Diospyros sylvatica,3,Diospyros sylvatica,Tree,Endemic,NA,0.701678322,0.701678322,S,Mammal,Mature,35
2018-10-13T00:00:00Z,F03,Fragment,Elaeocarpus tuberculatus,4,Elaeocarpus tuberculatus,Tree,Native,NA,0.45065475,0.45065475,L,Mammal,Mature,40
2018-10-13T00:00:00Z,F03,Fragment,Turpinia malabarica,6,Turpinia malabarica,Tree,Endemic,NA,NA,0.453,S,Mammal,Mature,12
2018-10-13T00:00:00Z,F03,Fragment,Heynea trijuga,2,Heynea trijuga,Tree,Native,LC,0.493174229,0.493174229,M,Bird,Secondary,10
2018-10-13T00:00:00Z,F03,Fragment,Holigarna nigra,19,Holigarna nigra,Tree,Endemic,NA,NA,0.493977646,L,Mammal,Mature,35
2018-10-13T00:00:00Z,F03,Fragment,Glochidion malabaricum,2,Phyllanthus assamicus,Tree,Endemic,LC,0.544681677,0.544681677,S,Gravity,Mature,8
2018-10-13T00:00:00Z,F03,Fragment,Artocarpus heterophyllus,1,Artocarpus heterophyllus,Tree,Native,NA,0.484,0.484,L,Mammal,Mature,20
2018-10-13T00:00:00Z,F03,Fragment,Mangifera indica,11,Mangifera indica,Tree,Native,DD,0.543,0.543,L,Mammal,Mature,35
2018-10-13T00:00:00Z,F03,Fragment,Drypetes wightii,1,Drypetes wightii,Tree,Endemic,VU,NA,0.7175,M,Bird,Mature,12
2018-10-13T00:00:00Z,F03,Fragment,Palaquium ellipticum,1,Palaquium ellipticum,Tree,Endemic,NA,0.55093772,0.55093772,L,Mammal,Mature,35
2018-10-13T00:00:00Z,F03,Fragment,Actinodaphne malabarica,1,Actinodaphne wightiana,Tree,Endemic,LC,0.619460212,0.619460212,S,Bird,Secondary,12
2018-10-13T00:00:00Z,F03,Fragment,Aglaia canarana,1,Aglaia lawii,Tree,Native,LC,0.595,0.595,L,Bird,Mature,30
2018-10-13T00:00:00Z,F03,Fragment,Leea indica,1,Leea indica,Tree,Native,LC,0.483333,0.483333,S,Unknown,Secondary,5
2018-10-13T00:00:00Z,F03,Fragment,Artocarpus heterophyllus,12,Artocarpus heterophyllus,Tree,Native,NA,0.484,0.484,L,Mammal,Mature,20
2018-10-13T00:00:00Z,F03,Fragment,Maesa indica,2,Maesa indica,Tree,Native,LC,NA,NA,S,Mammal_bird,Secondary,4
2018-10-13T00:00:00Z,F03,Fragment,Litsea oleoides,1,Litsea oleoides,Tree,Endemic,NA,NA,0.42,M,Bird,Mature,12
2018-10-13T00:00:00Z,F03,Fragment,Vernonia arborea,1,Strobocalyx arborea,Tree,Native,LC,0.33,0.33,S,Wind,Secondary,15
2018-10-13T00:00:00Z,F03,Fragment,Ficus exasperata,1,Ficus exasperata,Tree,Native,LC,NA,0.42,S,Mammal_bird,Secondary,18
2018-10-13T00:00:00Z,E03,Fragment,Actinodaphne malabarica,9,Actinodaphne wightiana,Tree,Endemic,LC,0.619460212,0.619460212,S,Bird,Secondary,12
2018-10-13T00:00:00Z,E03,Fragment,Cinnamomum malabatrum,12,Cinnamomum malabathrum,Tree,Endemic,LC,NA,0.475,S,Bird,Secondary,15
2018-10-13T00:00:00Z,E03,Fragment,Heynea trijuga,27,Heynea trijuga,Tree,Native,LC,0.493174229,0.493174229,M,Bird,Secondary,10
2018-10-13T00:00:00Z,E03,Fragment,Antidesma menasu,3,Antidesma montanum,Tree,Native,LC,NA,0.624,S,Mammal_bird,Mature,10
2018-10-13T00:00:00Z,E03,Fragment,Coffea canephora,2,Coffea canephora,Tree,Introduced,EN,NA,NA,S,Mammal,Int,6
2018-10-13T00:00:00Z,E03,Fragment,Holigarna nigra,7,Holigarna nigra,Tree,Endemic,NA,NA,0.493977646,L,Mammal,Mature,35
2018-10-13T00:00:00Z,E03,Fragment,Clerodendrum viscosum,4,Clerodendrum infortunatum,Tree,Native,LC,0.484259167,0.484259167,S,Bird,Secondary,4
2018-10-13T00:00:00Z,E03,Fragment,Artocarpus heterophyllus,1,Artocarpus heterophyllus,Tree,Native,NA,0.484,0.484,L,Mammal,Mature,20
2018-10-13T00:00:00Z,E03,Fragment,Turpinia malabarica,5,Turpinia malabarica,Tree,Endemic,NA,NA,0.453,S,Mammal,Mature,12
2018-10-13T00:00:00Z,E03,Fragment,Leea indica,1,Leea indica,Tree,Native,LC,0.483333,0.483333,S,Unknown,Secondary,5
2018-10-13T00:00:00Z,E03,Fragment,Elaeocarpus tuberculatus,1,Elaeocarpus tuberculatus,Tree,Native,NA,0.45065475,0.45065475,L,Mammal,Mature,40
2018-10-13T00:00:00Z,E03,Fragment,Aglaia canarana,1,Aglaia lawii,Tree,Native,LC,0.595,0.595,L,Bird,Mature,30
2018-10-13T00:00:00Z,E03,Fragment,Persea macrantha,2,Machilus glaucescens,Tree,Endemic,NA,0.427,0.427,S,Bird,Secondary,30
2018-10-13T00:00:00Z,E03,Fragment,Ficus hispida,1,Ficus hispida,Tree,Native,LC,0.413,0.413,S,Mammal,Secondary,10
2018-10-13T00:00:00Z,E03,Fragment,Dysoxylum malabaricum,2,Dysoxylum malabaricum,Tree,Endemic,EN,0.58,0.58,L,Bird,Mature,35
2018-10-13T00:00:00Z,D03,Fragment,Maesa indica,7,Maesa indica,Tree,Native,LC,NA,NA,S,Mammal_bird,Secondary,4
2018-10-13T00:00:00Z,D03,Fragment,Actinodaphne malabarica,3,Actinodaphne wightiana,Tree,Endemic,LC,0.619460212,0.619460212,S,Bird,Secondary,12
2018-10-13T00:00:00Z,D03,Fragment,Lantana camara,2,Lantana camara,Shrub,Introduced,NA,NA,NA,S,Mammal_bird,Int,5
2018-10-13T00:00:00Z,D03,Fragment,Ficus hispida,1,Ficus hispida,Tree,Native,LC,0.413,0.413,S,Mammal,Secondary,10
2018-10-13T00:00:00Z,D03,Fragment,Aglaia canarana,1,Aglaia lawii,Tree,Native,LC,0.595,0.595,L,Bird,Mature,30
2018-10-13T00:00:00Z,C03,Fragment,Aporosa acuminata,1,Aporosa acuminata,Tree,Endemic,NA,NA,0.492461326,S,Bird,Mature,5
2018-10-13T00:00:00Z,C03,Fragment,Ficus hispida,1,Ficus hispida,Tree,Native,LC,0.413,0.413,S,Mammal,Secondary,10
2018-10-13T00:00:00Z,C03,Fragment,Cinnamomum malabatrum,6,Cinnamomum malabathrum,Tree,Endemic,LC,NA,0.475,S,Bird,Secondary,15
2018-10-13T00:00:00Z,C03,Fragment,Lantana camara,2,Lantana camara,Shrub,Introduced,NA,NA,NA,S,Mammal_bird,Int,5
2018-10-13T00:00:00Z,C03,Fragment,Actinodaphne malabarica,7,Actinodaphne wightiana,Tree,Endemic,LC,0.619460212,0.619460212,S,Bird,Secondary,12
2018-10-13T00:00:00Z,C03,Fragment,Xanthophyllum flavescens,1,Xanthophyllum flavescens,Tree,Endemic,NA,0.682,0.682,M,Mammal,Secondary,8
2018-10-13T00:00:00Z,C03,Fragment,Artocarpus heterophyllus,1,Artocarpus heterophyllus,Tree,Native,NA,0.484,0.484,L,Mammal,Mature,20
2018-10-13T00:00:00Z,C03,Fragment,Maesa indica,6,Maesa indica,Tree,Native,LC,NA,NA,S,Mammal_bird,Secondary,4
2018-10-13T00:00:00Z,C03,Fragment,Melicope lunu-ankenda,1,Melicope lunu-ankenda,Tree,Native,LC,0.411118888,0.411118888,S,Mammal,Secondary,10
2018-10-13T00:00:00Z,C03,Fragment,Clerodendrum viscosum,1,Clerodendrum infortunatum,Tree,Native,LC,0.484259167,0.484259167,S,Bird,Secondary,4
2018-10-13T00:00:00Z,I03,Fragment,Vateria indica,1,Vateria indica,Tree,Endemic,VU,0.48,0.48,L,Gravity,Mature,60
2018-10-13T00:00:00Z,I03,Fragment,Turpinia malabarica,14,Turpinia malabarica,Tree,Endemic,NA,NA,0.453,S,Mammal,Mature,12
2018-10-13T00:00:00Z,I03,Fragment,Phoebe lanceolata,2,Phoebe lanceolata,Tree,Native,LC,NA,0.49,S,Bird,Mature,8
2018-10-13T00:00:00Z,I03,Fragment,Leea indica,1,Leea indica,Tree,Native,LC,0.483333,0.483333,S,Unknown,Secondary,5
2018-10-13T00:00:00Z,I03,Fragment,Vernonia arborea,5,Strobocalyx arborea,Tree,Native,LC,0.33,0.33,S,Wind,Secondary,15
2018-10-13T00:00:00Z,I03,Fragment,Litsea floribunda,1,Litsea floribunda,Tree,Endemic,NT,0.56358678,0.56358678,S,Bird,Secondary,10
2018-10-13T00:00:00Z,I03,Fragment,Persea macrantha,1,Machilus glaucescens,Tree,Endemic,NA,0.427,0.427,S,Bird,Secondary,30
2018-10-13T00:00:00Z,I03,Fragment,Meiogyne pannosa,1,Meiogyne pannosa,Tree,Endemic,NT,NA,NA,S,Bird,Mature,8
2018-10-13T00:00:00Z,I03,Fragment,Litsea coriacea,5,Litsea coriacea,Tree,Endemic,NT,NA,0.42,S,Mammal_bird,Mature,12
2018-10-13T00:00:00Z,I03,Fragment,Myristica dactyloides,3,Myristica beddomei,Tree,Endemic,EN,0.575521845,0.575521845,L,Bird,Mature,20
2018-10-13T00:00:00Z,I03,Fragment,Actinodaphne malabarica,1,Actinodaphne wightiana,Tree,Endemic,LC,0.619460212,0.619460212,S,Bird,Secondary,12
2018-10-13T00:00:00Z,I03,Fragment,Heynea trijuga,2,Heynea trijuga,Tree,Native,LC,0.493174229,0.493174229,M,Bird,Secondary,10
2018-10-13T00:00:00Z,I03,Fragment,Vernonia arborea,4,Strobocalyx arborea,Tree,Native,LC,0.33,0.33,S,Wind,Secondary,15
2018-10-13T00:00:00Z,I03,Fragment,Garcinia gummi-gutta,2,Garcinia gummi-gutta,Tree,Endemic,LC,0.690402909,0.690402909,L,Mammal,Mature,12
2018-10-13T00:00:00Z,I03,Fragment,Elaeocarpus tuberculatus,1,Elaeocarpus tuberculatus,Tree,Native,NA,0.45065475,0.45065475,L,Mammal,Mature,40
2018-10-13T00:00:00Z,I03,Fragment,Holigarna nigra,2,Holigarna nigra,Tree,Endemic,NA,NA,0.493977646,L,Mammal,Mature,35
2018-10-13T00:00:00Z,I03,Fragment,Nothapodytes nimmoniana,1,Mappia nimmoniana,Tree,Native,NA,NA,NA,M,Bird,Secondary,8
2018-10-13T00:00:00Z,I03,Fragment,Diospyros sylvatica,1,Diospyros sylvatica,Tree,Endemic,NA,0.701678322,0.701678322,S,Mammal,Mature,35
2018-10-13T00:00:00Z,H04,Fragment,Heynea trijuga,3,Heynea trijuga,Tree,Native,LC,0.493174229,0.493174229,M,Bird,Secondary,10
2018-10-13T00:00:00Z,H04,Fragment,Symplocos cochinchinensis,1,Symplocos cochinchinensis,Tree,Native,NA,0.538,0.538,S,Bird,Secondary,10
2018-10-13T00:00:00Z,H04,Fragment,Villebrunea integrifolia,1,Oreocnide integrifolia,Tree,Native,NA,NA,NA,S,Bird,Secondary,8
2018-10-13T00:00:00Z,H04,Fragment,Meliosma simplicifolia,3,Meliosma simplicifolia,Tree,Native,NA,0.455,0.455,S,Bird,Mature,15
2018-10-13T00:00:00Z,H04,Fragment,Turpinia malabarica,23,Turpinia malabarica,Tree,Endemic,NA,NA,0.453,S,Mammal,Mature,12
2018-10-13T00:00:00Z,H04,Fragment,Vernonia arborea,1,Strobocalyx arborea,Tree,Native,LC,0.33,0.33,S,Wind,Secondary,15
2018-10-13T00:00:00Z,H04,Fragment,Diospyros sylvatica,6,Diospyros sylvatica,Tree,Endemic,NA,0.701678322,0.701678322,S,Mammal,Mature,35
2018-10-13T00:00:00Z,H04,Fragment,Elaeocarpus tuberculatus,4,Elaeocarpus tuberculatus,Tree,Native,NA,0.45065475,0.45065475,L,Mammal,Mature,40
2018-10-13T00:00:00Z,H04,Fragment,Holigarna nigra,16,Holigarna nigra,Tree,Endemic,NA,NA,0.493977646,L,Mammal,Mature,35
2018-10-13T00:00:00Z,H04,Fragment,Ficus exasperata,1,Ficus exasperata,Tree,Native,LC,NA,0.42,S,Mammal_bird,Secondary,18
2018-10-13T00:00:00Z,H04,Fragment,Clerodendrum viscosum,3,Clerodendrum infortunatum,Tree,Native,LC,0.484259167,0.484259167,S,Bird,Secondary,4
2018-10-13T00:00:00Z,H04,Fragment,Xanthophyllum flavescens,4,Xanthophyllum flavescens,Tree,Endemic,NA,0.682,0.682,M,Mammal,Secondary,8
2018-10-13T00:00:00Z,H04,Fragment,Actinodaphne malabarica,4,Actinodaphne wightiana,Tree,Endemic,LC,0.619460212,0.619460212,S,Bird,Secondary,12
2018-10-13T00:00:00Z,H04,Fragment,Phoebe lanceolata,1,Phoebe lanceolata,Tree,Native,LC,NA,0.49,S,Bird,Mature,8
2018-10-13T00:00:00Z,H04,Fragment,Aporosa acuminata,3,Aporosa acuminata,Tree,Endemic,NA,NA,0.492461326,S,Bird,Mature,5
2018-10-13T00:00:00Z,H04,Fragment,Persea macrantha,0,Machilus glaucescens,Tree,Endemic,NA,0.427,0.427,S,Bird,Secondary,30
2018-10-13T00:00:00Z,H04,Fragment,Unidentified,2,NA,NA,NA,NA,NA,NA,NA,NA,NA,NA
2018-10-13T00:00:00Z,H04,Fragment,Garcinia gummi-gutta,1,Garcinia gummi-gutta,Tree,Endemic,LC,0.690402909,0.690402909,L,Mammal,Mature,12
2018-10-13T00:00:00Z,H04,Fragment,Otonephelium stipulaceum,1,Otonephelium stipulaceum,Tree,Endemic,NA,0.709023925,0.709023925,S,Mammal_bird,Mature,28
2018-10-13T00:00:00Z,H04,Fragment,Artocarpus heterophyllus,2,Artocarpus heterophyllus,Tree,Native,NA,0.484,0.484,L,Mammal,Mature,20
2018-10-13T00:00:00Z,H04,Fragment,Clerodendrum viscosum,7,Clerodendrum infortunatum,Tree,Native,LC,0.484259167,0.484259167,S,Bird,Secondary,4
2018-10-13T00:00:00Z,H04,Fragment,Lantana camara,1,Lantana camara,Shrub,Introduced,NA,NA,NA,S,Mammal_bird,Int,5
2018-10-13T00:00:00Z,H04,Fragment,Cinnamomum malabatrum,1,Cinnamomum malabathrum,Tree,Endemic,LC,NA,0.475,S,Bird,Secondary,15
2018-10-13T00:00:00Z,H04,Fragment,Antidesma menasu,1,Antidesma montanum,Tree,Native,LC,NA,0.624,S,Mammal_bird,Mature,10
2018-10-13T00:00:00Z,H04,Fragment,Leea indica,2,Leea indica,Tree,Native,LC,0.483333,0.483333,S,Unknown,Secondary,5
2018-10-13T00:00:00Z,H04,Fragment,Meiogyne pannosa,1,Meiogyne pannosa,Tree,Endemic,NT,NA,NA,S,Bird,Mature,8
2018-10-13T00:00:00Z,H04,Fragment,Psychotria anamallayana,1,Psychotria anamallayana,Tree,Endemic,NA,NA,0.45,S,Mammal_bird,Mature,4
2018-10-13T00:00:00Z,H04,Fragment,Meliosma simplicifolia,4,Meliosma simplicifolia,Tree,Native,NA,0.455,0.455,S,Bird,Mature,15
2018-10-13T00:00:00Z,G05,Fragment,Leea indica,5,Leea indica,Tree,Native,LC,0.483333,0.483333,S,Unknown,Secondary,5
2018-10-13T00:00:00Z,G05,Fragment,Melicope lunu-ankenda,1,Melicope lunu-ankenda,Tree,Native,LC,0.411118888,0.411118888,S,Mammal,Secondary,10
2018-10-13T00:00:00Z,G05,Fragment,Xanthophyllum flavescens,3,Xanthophyllum flavescens,Tree,Endemic,NA,0.682,0.682,M,Mammal,Secondary,8
2018-10-13T00:00:00Z,G05,Fragment,Meiogyne pannosa,2,Meiogyne pannosa,Tree,Endemic,NT,NA,NA,S,Bird,Mature,8
2018-10-13T00:00:00Z,G05,Fragment,Antidesma menasu,1,Antidesma montanum,Tree,Native,LC,NA,0.624,S,Mammal_bird,Mature,10
2018-10-13T00:00:00Z,G05,Fragment,Heynea trijuga,4,Heynea trijuga,Tree,Native,LC,0.493174229,0.493174229,M,Bird,Secondary,10
2018-10-13T00:00:00Z,G05,Fragment,Actinodaphne malabarica,1,Actinodaphne wightiana,Tree,Endemic,LC,0.619460212,0.619460212,S,Bird,Secondary,12
2018-10-13T00:00:00Z,G05,Fragment,Drypetes wightii,5,Drypetes wightii,Tree,Endemic,VU,NA,0.7175,M,Bird,Mature,12
2018-10-13T00:00:00Z,F04,Fragment,Cinnamomum malabatrum,4,Cinnamomum malabathrum,Tree,Endemic,LC,NA,0.475,S,Bird,Secondary,15
2018-10-13T00:00:00Z,F04,Fragment,Actinodaphne malabarica,7,Actinodaphne wightiana,Tree,Endemic,LC,0.619460212,0.619460212,S,Bird,Secondary,12
2018-10-13T00:00:00Z,F04,Fragment,Litsea floribunda,2,Litsea floribunda,Tree,Endemic,NT,0.56358678,0.56358678,S,Bird,Secondary,10
2018-10-13T00:00:00Z,F04,Fragment,Clerodendrum viscosum,1,Clerodendrum infortunatum,Tree,Native,LC,0.484259167,0.484259167,S,Bird,Secondary,4
2018-10-11T00:00:00Z,E04,Fragment,Cinnamomum malabatrum,6,Cinnamomum malabathrum,Tree,Endemic,LC,NA,0.475,S,Bird,Secondary,15
2018-10-11T00:00:00Z,E04,Fragment,Actinodaphne malabarica,9,Actinodaphne wightiana,Tree,Endemic,LC,0.619460212,0.619460212,S,Bird,Secondary,12
2018-10-11T00:00:00Z,E04,Fragment,Vateria indica,4,Vateria indica,Tree,Endemic,VU,0.48,0.48,L,Gravity,Mature,60
2018-10-11T00:00:00Z,E04,Fragment,Aglaia canarana,1,Aglaia lawii,Tree,Native,LC,0.595,0.595,L,Bird,Mature,30
2018-10-11T00:00:00Z,E04,Fragment,Diospyros sylvatica,1,Diospyros sylvatica,Tree,Endemic,NA,0.701678322,0.701678322,S,Mammal,Mature,35
2018-10-11T00:00:00Z,E04,Fragment,Turpinia malabarica,1,Turpinia malabarica,Tree,Endemic,NA,NA,0.453,S,Mammal,Mature,12
2018-10-11T00:00:00Z,E04,Fragment,Olea dioica,1,Olea dioica,Tree,Native,NA,0.697202827,0.697202827,S,Mammal,Secondary,15
2018-10-11T00:00:00Z,G06,Fragment,Cinnamomum malabatrum,12,Cinnamomum malabathrum,Tree,Endemic,LC,NA,0.475,S,Bird,Secondary,15
2018-10-11T00:00:00Z,G06,Fragment,Litsea oleoides,3,Litsea oleoides,Tree,Endemic,NA,NA,0.42,M,Bird,Mature,12
2018-10-11T00:00:00Z,G06,Fragment,Persea macrantha,1,Machilus glaucescens,Tree,Endemic,NA,0.427,0.427,S,Bird,Secondary,30
2018-10-11T00:00:00Z,G06,Fragment,Heynea trijuga,3,Heynea trijuga,Tree,Native,LC,0.493174229,0.493174229,M,Bird,Secondary,10
2018-10-11T00:00:00Z,G06,Fragment,Actinodaphne malabarica,2,Actinodaphne wightiana,Tree,Endemic,LC,0.619460212,0.619460212,S,Bird,Secondary,12
2018-10-11T00:00:00Z,G06,Fragment,Xanthophyllum flavescens,3,Xanthophyllum flavescens,Tree,Endemic,NA,0.682,0.682,M,Mammal,Secondary,8
2018-10-11T00:00:00Z,G06,Fragment,Clerodendrum viscosum,7,Clerodendrum infortunatum,Tree,Native,LC,0.484259167,0.484259167,S,Bird,Secondary,4
2018-10-11T00:00:00Z,G06,Fragment,Turpinia malabarica,10,Turpinia malabarica,Tree,Endemic,NA,NA,0.453,S,Mammal,Mature,12
2018-10-11T00:00:00Z,G06,Fragment,Chionanthus courtallensis,3,Chionanthus albidiflorus,Tree,Endemic,NA,NA,0.668601818,M,Mammal_bird,Mature,22
2018-10-11T00:00:00Z,G06,Fragment,Lantana camara,1,Lantana camara,Shrub,Introduced,NA,NA,NA,S,Mammal_bird,Int,5
2018-10-11T00:00:00Z,G06,Fragment,Unidentified,3,NA,NA,NA,NA,NA,NA,NA,NA,NA,NA
2018-10-11T00:00:00Z,F05,Fragment,Turpinia malabarica,6,Turpinia malabarica,Tree,Endemic,NA,NA,0.453,S,Mammal,Mature,12
2018-10-11T00:00:00Z,F05,Fragment,Diospyros paniculata,6,Diospyros paniculata,Tree,Endemic,VU,NA,0.672,M,Mammal,Mature,16
2018-10-11T00:00:00Z,F05,Fragment,Meiogyne pannosa,1,Meiogyne pannosa,Tree,Endemic,NT,NA,NA,S,Bird,Mature,8
2018-10-11T00:00:00Z,F05,Fragment,Cinnamomum malabatrum,2,Cinnamomum malabathrum,Tree,Endemic,LC,NA,0.475,S,Bird,Secondary,15
2018-10-11T00:00:00Z,F05,Fragment,Vateria indica,22,Vateria indica,Tree,Endemic,VU,0.48,0.48,L,Gravity,Mature,60
2018-10-11T00:00:00Z,F05,Fragment,Unidentified,2,NA,NA,NA,NA,NA,NA,NA,NA,NA,NA
2018-10-11T00:00:00Z,F05,Fragment,Actinodaphne malabarica,4,Actinodaphne wightiana,Tree,Endemic,LC,0.619460212,0.619460212,S,Bird,Secondary,12
2018-10-11T00:00:00Z,F05,Fragment,Semecarpus travancorica,35,Semecarpus travancorica,Tree,Endemic,NA,NA,0.33,L,Mammal,Mature,35
2018-10-11T00:00:00Z,F05,Fragment,Aglaia canarana,5,Aglaia lawii,Tree,Native,LC,0.595,0.595,L,Bird,Mature,30
2018-10-11T00:00:00Z,F05,Fragment,Heynea trijuga,1,Heynea trijuga,Tree,Native,LC,0.493174229,0.493174229,M,Bird,Secondary,10
2018-10-11T00:00:00Z,F05,Fragment,Leea indica,1,Leea indica,Tree,Native,LC,0.483333,0.483333,S,Unknown,Secondary,5
2018-10-11T00:00:00Z,F05,Fragment,Artocarpus heterophyllus,1,Artocarpus heterophyllus,Tree,Native,NA,0.484,0.484,L,Mammal,Mature,20
2018-10-11T00:00:00Z,F05,Fragment,Otonephelium stipulaceum,1,Otonephelium stipulaceum,Tree,Endemic,NA,0.709023925,0.709023925,S,Mammal_bird,Mature,28
2018-10-11T00:00:00Z,F05,Fragment,Clerodendrum viscosum,1,Clerodendrum infortunatum,Tree,Native,LC,0.484259167,0.484259167,S,Bird,Secondary,4
2018-10-11T00:00:00Z,F05,Fragment,Ficus exasperata,1,Ficus exasperata,Tree,Native,LC,NA,0.42,S,Mammal_bird,Secondary,18
2018-10-11T00:00:00Z,I06,Fragment,Leea indica,1,Leea indica,Tree,Native,LC,0.483333,0.483333,S,Unknown,Secondary,5
2018-10-11T00:00:00Z,I06,Fragment,Antidesma menasu,2,Antidesma montanum,Tree,Native,LC,NA,0.624,S,Mammal_bird,Mature,10
2018-10-11T00:00:00Z,I06,Fragment,Heynea trijuga,2,Heynea trijuga,Tree,Native,LC,0.493174229,0.493174229,M,Bird,Secondary,10
2018-10-11T00:00:00Z,I06,Fragment,Actinodaphne malabarica,1,Actinodaphne wightiana,Tree,Endemic,LC,0.619460212,0.619460212,S,Bird,Secondary,12
2018-10-11T00:00:00Z,I06,Fragment,Turpinia malabarica,1,Turpinia malabarica,Tree,Endemic,NA,NA,0.453,S,Mammal,Mature,12
2018-10-11T00:00:00Z,I06,Fragment,Litsea oleoides,2,Litsea oleoides,Tree,Endemic,NA,NA,0.42,M,Bird,Mature,12
2018-10-11T00:00:00Z,I06,Fragment,Vateria indica,1,Vateria indica,Tree,Endemic,VU,0.48,0.48,L,Gravity,Mature,60
2018-10-11T00:00:00Z,I06,Fragment,Olea dioica,1,Olea dioica,Tree,Native,NA,0.697202827,0.697202827,S,Mammal,Secondary,15
2018-10-11T00:00:00Z,I06,Fragment,Holigarna nigra,1,Holigarna nigra,Tree,Endemic,NA,NA,0.493977646,L,Mammal,Mature,35
2018-10-11T00:00:00Z,J06,Fragment,Litsea coriacea,1,Litsea coriacea,Tree,Endemic,NT,NA,0.42,S,Mammal_bird,Mature,12
2018-10-11T00:00:00Z,J06,Fragment,Actinodaphne malabarica,4,Actinodaphne wightiana,Tree,Endemic,LC,0.619460212,0.619460212,S,Bird,Secondary,12
2018-10-11T00:00:00Z,J06,Fragment,Aglaia canarana,4,Aglaia lawii,Tree,Native,LC,0.595,0.595,L,Bird,Mature,30
2018-10-11T00:00:00Z,J06,Fragment,Actinodaphne malabarica,7,Actinodaphne wightiana,Tree,Endemic,LC,0.619460212,0.619460212,S,Bird,Secondary,12
2018-10-11T00:00:00Z,J06,Fragment,Leea indica,2,Leea indica,Tree,Native,LC,0.483333,0.483333,S,Unknown,Secondary,5
2018-10-11T00:00:00Z,J06,Fragment,Atalantia racemosa,1,Atalantia racemosa,Tree,Endemic,LC,NA,NA,S,Mammal,Secondary,4
2018-10-11T00:00:00Z,J06,Fragment,Dysoxylum binectariferum,1,Dysoxylum gotadhora,Tree,Endemic,NA,0.606,0.606,L,Bird,Mature,25
2018-10-11T00:00:00Z,J06,Fragment,Cinnamomum malabatrum,1,Cinnamomum malabathrum,Tree,Endemic,LC,NA,0.475,S,Bird,Secondary,15
2018-10-11T00:00:00Z,J06,Fragment,Heynea trijuga,3,Heynea trijuga,Tree,Native,LC,0.493174229,0.493174229,M,Bird,Secondary,10
2018-10-11T00:00:00Z,J06,Fragment,Vernonia arborea,1,Strobocalyx arborea,Tree,Native,LC,0.33,0.33,S,Wind,Secondary,15
2018-10-11T00:00:00Z,J06,Fragment,Litsea oleoides,3,Litsea oleoides,Tree,Endemic,NA,NA,0.42,M,Bird,Mature,12
2018-10-11T00:00:00Z,J06,Fragment,Persea macrantha,1,Machilus glaucescens,Tree,Endemic,NA,0.427,0.427,S,Bird,Secondary,30
2018-10-11T00:00:00Z,J06,Fragment,Turpinia malabarica,3,Turpinia malabarica,Tree,Endemic,NA,NA,0.453,S,Mammal,Mature,12
2018-10-11T00:00:00Z,J06,Fragment,Elaeocarpus tuberculatus,2,Elaeocarpus tuberculatus,Tree,Native,NA,0.45065475,0.45065475,L,Mammal,Mature,40
2018-10-11T00:00:00Z,J06,Fragment,Beilschmiedia wightii,1,Beilschmiedia wightii,Tree,Endemic,NT,NA,0.495,L,Bird,Mature,25
2018-10-11T00:00:00Z,J06,Fragment,Clerodendrum viscosum,1,Clerodendrum infortunatum,Tree,Native,LC,0.484259167,0.484259167,S,Bird,Secondary,4
2018-10-11T00:00:00Z,J06,Fragment,Paracroton pendulus,1,Paracroton pendulus,Tree,Endemic,LC,0.46,0.46,S,Gravity,Mature,30
2018-10-11T00:00:00Z,J06,Fragment,Chionanthus courtallensis,1,Chionanthus albidiflorus,Tree,Endemic,NA,NA,0.668601818,M,Mammal_bird,Mature,22
2018-10-08T00:00:00Z,N10,Fragment,Actinodaphne malabarica,2,Actinodaphne wightiana,Tree,Endemic,LC,0.619460212,0.619460212,S,Bird,Secondary,12
2018-10-08T00:00:00Z,N10,Fragment,Turpinia malabarica,1,Turpinia malabarica,Tree,Endemic,NA,NA,0.453,S,Mammal,Mature,12
2018-10-08T00:00:00Z,N10,Fragment,Leea indica,13,Leea indica,Tree,Native,LC,0.483333,0.483333,S,Unknown,Secondary,5
2018-10-08T00:00:00Z,N10,Fragment,Glochidion malabaricum,4,Phyllanthus assamicus,Tree,Endemic,LC,0.544681677,0.544681677,S,Gravity,Mature,8
2018-10-08T00:00:00Z,N10,Fragment,Mangifera indica,1,Mangifera indica,Tree,Native,DD,0.543,0.543,L,Mammal,Mature,35
2018-10-08T00:00:00Z,N10,Fragment,Myristica dactyloides,1,Myristica beddomei,Tree,Endemic,EN,0.575521845,0.575521845,L,Bird,Mature,20
2018-10-08T00:00:00Z,N10,Fragment,Breynia vitis-idaea,1,Breynia vitis-idaea,Shrub,Native,LC,NA,NA,S,Bird,Secondary,4
2018-10-11T00:00:00Z,L06,Fragment,Garcinia gummi-gutta,10,Garcinia gummi-gutta,Tree,Endemic,LC,0.690402909,0.690402909,L,Mammal,Mature,12
2018-10-11T00:00:00Z,L06,Fragment,Vateria indica,5,Vateria indica,Tree,Endemic,VU,0.48,0.48,L,Gravity,Mature,60
2018-10-11T00:00:00Z,L06,Fragment,Actinodaphne malabarica,3,Actinodaphne wightiana,Tree,Endemic,LC,0.619460212,0.619460212,S,Bird,Secondary,12
2018-10-11T00:00:00Z,L06,Fragment,Antidesma menasu,1,Antidesma montanum,Tree,Native,LC,NA,0.624,S,Mammal_bird,Mature,10
2018-10-11T00:00:00Z,L06,Fragment,Meiogyne pannosa,3,Meiogyne pannosa,Tree,Endemic,NT,NA,NA,S,Bird,Mature,8
2018-10-11T00:00:00Z,L06,Fragment,Psidium guajava,4,Psidium guajava,Tree,Introduced,LC,0.6,0.6,S,Mammal_bird,Int,6
2018-10-11T00:00:00Z,L06,Fragment,Turpinia malabarica,8,Turpinia malabarica,Tree,Endemic,NA,NA,0.453,S,Mammal,Mature,12
2018-10-11T00:00:00Z,L06,Fragment,Glochidion malabaricum,3,Phyllanthus assamicus,Tree,Endemic,LC,0.544681677,0.544681677,S,Gravity,Mature,8
2018-10-11T00:00:00Z,L06,Fragment,Otonephelium stipulaceum,1,Otonephelium stipulaceum,Tree,Endemic,NA,0.709023925,0.709023925,S,Mammal_bird,Mature,28
2018-10-11T00:00:00Z,L06,Fragment,Psychotria anamallayana,1,Psychotria anamallayana,Tree,Endemic,NA,NA,0.45,S,Mammal_bird,Mature,4
2018-10-11T00:00:00Z,L06,Fragment,Xanthophyllum flavescens,1,Xanthophyllum flavescens,Tree,Endemic,NA,0.682,0.682,M,Mammal,Secondary,8
2018-10-11T00:00:00Z,L06,Fragment,Lantana camara,1,Lantana camara,Shrub,Introduced,NA,NA,NA,S,Mammal_bird,Int,5
2018-10-11T00:00:00Z,L06,Fragment,Breynia vitis-idaea,1,Breynia vitis-idaea,Shrub,Native,LC,NA,NA,S,Bird,Secondary,4
2018-10-11T00:00:00Z,H07,Fragment,Leea indica,1,Leea indica,Tree,Native,LC,0.483333,0.483333,S,Unknown,Secondary,5
2018-10-11T00:00:00Z,H07,Fragment,Melicope lunu-ankenda,1,Melicope lunu-ankenda,Tree,Native,LC,0.411118888,0.411118888,S,Mammal,Secondary,10
2018-10-11T00:00:00Z,H07,Fragment,Vateria indica,1,Vateria indica,Tree,Endemic,VU,0.48,0.48,L,Gravity,Mature,60
2018-10-11T00:00:00Z,H07,Fragment,Semecarpus travancorica,1,Semecarpus travancorica,Tree,Endemic,NA,NA,0.33,L,Mammal,Mature,35
2018-10-11T00:00:00Z,G07,Fragment,Melicope lunu-ankenda,1,Melicope lunu-ankenda,Tree,Native,LC,0.411118888,0.411118888,S,Mammal,Secondary,10
2018-10-11T00:00:00Z,G07,Fragment,Toona ciliata,1,Toona ciliata,Tree,Native,LC,0.496,0.496,S,Wind,Secondary,28
2018-10-11T00:00:00Z,G07,Fragment,Aglaia canarana,1,Aglaia lawii,Tree,Native,LC,0.595,0.595,L,Bird,Mature,30
2018-10-11T00:00:00Z,G07,Fragment,Diospyros sylvatica,2,Diospyros sylvatica,Tree,Endemic,NA,0.701678322,0.701678322,S,Mammal,Mature,35
2018-10-11T00:00:00Z,G07,Fragment,Artocarpus heterophyllus,8,Artocarpus heterophyllus,Tree,Native,NA,0.484,0.484,L,Mammal,Mature,20
2018-10-11T00:00:00Z,G07,Fragment,Elaeocarpus tuberculatus,2,Elaeocarpus tuberculatus,Tree,Native,NA,0.45065475,0.45065475,L,Mammal,Mature,40
2018-10-11T00:00:00Z,G07,Fragment,Maesopsis eminii,35,Maesopsis eminii,Tree,Introduced,LC,0.34,0.34,L,Mammal_bird,Int,30
2018-10-11T00:00:00Z,G07,Fragment,Vernonia arborea,4,Strobocalyx arborea,Tree,Native,LC,0.33,0.33,S,Wind,Secondary,15
2018-10-11T00:00:00Z,G07,Fragment,Heynea trijuga,1,Heynea trijuga,Tree,Native,LC,0.493174229,0.493174229,M,Bird,Secondary,10
2018-10-11T00:00:00Z,G07,Fragment,Aporosa acuminata,1,Aporosa acuminata,Tree,Endemic,NA,NA,0.492461326,S,Bird,Mature,5
2018-10-11T00:00:00Z,G07,Fragment,Actinodaphne malabarica,2,Actinodaphne wightiana,Tree,Endemic,LC,0.619460212,0.619460212,S,Bird,Secondary,12
2018-10-12T00:00:00Z,L04,Fragment,Chionanthus courtallensis,38,Chionanthus albidiflorus,Tree,Endemic,NA,NA,0.668601818,M,Mammal_bird,Mature,22
2018-10-12T00:00:00Z,L04,Fragment,Vernonia arborea,8,Strobocalyx arborea,Tree,Native,LC,0.33,0.33,S,Wind,Secondary,15
2018-10-12T00:00:00Z,L04,Fragment,Glochidion malabaricum,7,Phyllanthus assamicus,Tree,Endemic,LC,0.544681677,0.544681677,S,Gravity,Mature,8
2018-10-12T00:00:00Z,L04,Fragment,Antidesma menasu,3,Antidesma montanum,Tree,Native,LC,NA,0.624,S,Mammal_bird,Mature,10
2018-10-12T00:00:00Z,L04,Fragment,Memecylon sp.,1,Memecylon sp.,Tree,Endemic,NA,NA,0.77,S,Bird,NA,NA
2018-10-12T00:00:00Z,L04,Fragment,Actinodaphne malabarica,8,Actinodaphne wightiana,Tree,Endemic,LC,0.619460212,0.619460212,S,Bird,Secondary,12
2018-10-12T00:00:00Z,L04,Fragment,Myristica dactyloides,5,Myristica beddomei,Tree,Endemic,EN,0.575521845,0.575521845,L,Bird,Mature,20
2018-10-12T00:00:00Z,L04,Fragment,Clerodendrum viscosum,11,Clerodendrum infortunatum,Tree,Native,LC,0.484259167,0.484259167,S,Bird,Secondary,4
2018-10-12T00:00:00Z,L04,Fragment,Garcinia gummi-gutta,3,Garcinia gummi-gutta,Tree,Endemic,LC,0.690402909,0.690402909,L,Mammal,Mature,12
2018-10-12T00:00:00Z,L04,Fragment,Heynea trijuga,6,Heynea trijuga,Tree,Native,LC,0.493174229,0.493174229,M,Bird,Secondary,10
2018-10-12T00:00:00Z,L04,Fragment,Diospyros sylvatica,1,Diospyros sylvatica,Tree,Endemic,NA,0.701678322,0.701678322,S,Mammal,Mature,35
2018-10-12T00:00:00Z,L04,Fragment,Xanthophyllum flavescens,5,Xanthophyllum flavescens,Tree,Endemic,NA,0.682,0.682,M,Mammal,Secondary,8
2018-10-12T00:00:00Z,L04,Fragment,Leea indica,10,Leea indica,Tree,Native,LC,0.483333,0.483333,S,Unknown,Secondary,5
2018-10-12T00:00:00Z,L04,Fragment,Litsea oleoides,1,Litsea oleoides,Tree,Endemic,NA,NA,0.42,M,Bird,Mature,12
2018-10-12T00:00:00Z,L04,Fragment,Vateria indica,3,Vateria indica,Tree,Endemic,VU,0.48,0.48,L,Gravity,Mature,60
2018-10-12T00:00:00Z,L04,Fragment,Meliosma pinnata,1,Meliosma pinnata,Tree,Native,NA,0.32,0.32,S,Bird,Secondary,18
2018-10-12T00:00:00Z,L04,Fragment,Cinnamomum malabatrum,1,Cinnamomum malabathrum,Tree,Endemic,LC,NA,0.475,S,Bird,Secondary,15
2018-10-12T00:00:00Z,L04,Fragment,Elaeocarpus tuberculatus,4,Elaeocarpus tuberculatus,Tree,Native,NA,0.45065475,0.45065475,L,Mammal,Mature,40
2018-10-12T00:00:00Z,L04,Fragment,Syzygium densiflorum,3,Syzygium densiflorum,Tree,Endemic,VU,NA,0.68,M,Mammal_bird,Mature,15
2018-10-12T00:00:00Z,L04,Fragment,Litsea oleoides,2,Litsea oleoides,Tree,Endemic,NA,NA,0.42,M,Bird,Mature,12
2018-10-12T00:00:00Z,L04,Fragment,Dimocarpus longan,1,Dimocarpus longan,Tree,Native,DD,0.748685273,0.748685273,S,Mammal,Mature,25
2018-10-12T00:00:00Z,L04,Fragment,Litsea floribunda,1,Litsea floribunda,Tree,Endemic,NT,0.56358678,0.56358678,S,Bird,Secondary,10
2018-10-12T00:00:00Z,L04,Fragment,Nothapodytes nimmoniana,1,Mappia nimmoniana,Tree,Native,NA,NA,NA,M,Bird,Secondary,8
2018-10-12T00:00:00Z,K05,Fragment,Turpinia malabarica,9,Turpinia malabarica,Tree,Endemic,NA,NA,0.453,S,Mammal,Mature,12
2018-10-12T00:00:00Z,K05,Fragment,Otonephelium stipulaceum,5,Otonephelium stipulaceum,Tree,Endemic,NA,0.709023925,0.709023925,S,Mammal_bird,Mature,28
2018-10-12T00:00:00Z,K05,Fragment,Heynea trijuga,4,Heynea trijuga,Tree,Native,LC,0.493174229,0.493174229,M,Bird,Secondary,10
2018-10-12T00:00:00Z,K05,Fragment,Litsea floribunda,5,Litsea floribunda,Tree,Endemic,NT,0.56358678,0.56358678,S,Bird,Secondary,10
2018-10-12T00:00:00Z,K05,Fragment,Xanthophyllum flavescens,1,Xanthophyllum flavescens,Tree,Endemic,NA,0.682,0.682,M,Mammal,Secondary,8
2018-10-12T00:00:00Z,K05,Fragment,Aglaia canarana,1,Aglaia lawii,Tree,Native,LC,0.595,0.595,L,Bird,Mature,30
2018-10-12T00:00:00Z,K05,Fragment,Actinodaphne malabarica,16,Actinodaphne wightiana,Tree,Endemic,LC,0.619460212,0.619460212,S,Bird,Secondary,12
2018-10-12T00:00:00Z,K05,Fragment,Vateria indica,2,Vateria indica,Tree,Endemic,VU,0.48,0.48,L,Gravity,Mature,60
2018-10-12T00:00:00Z,K05,Fragment,Leea indica,5,Leea indica,Tree,Native,LC,0.483333,0.483333,S,Unknown,Secondary,5
2018-10-12T00:00:00Z,K05,Fragment,Maesopsis eminii,1,Maesopsis eminii,Tree,Introduced,LC,0.34,0.34,L,Mammal_bird,Int,30
2018-10-12T00:00:00Z,K05,Fragment,Persea macrantha,1,Machilus glaucescens,Tree,Endemic,NA,0.427,0.427,S,Bird,Secondary,30
2018-10-12T00:00:00Z,K05,Fragment,Holigarna nigra,2,Holigarna nigra,Tree,Endemic,NA,NA,0.493977646,L,Mammal,Mature,35
2018-10-12T00:00:00Z,K05,Fragment,Elaeocarpus tuberculatus,1,Elaeocarpus tuberculatus,Tree,Native,NA,0.45065475,0.45065475,L,Mammal,Mature,40
2018-10-12T00:00:00Z,K05,Fragment,Drypetes wightii,1,Drypetes wightii,Tree,Endemic,VU,NA,0.7175,M,Bird,Mature,12
2018-10-12T00:00:00Z,K05,Fragment,Diospyros sylvatica,6,Diospyros sylvatica,Tree,Endemic,NA,0.701678322,0.701678322,S,Mammal,Mature,35
2018-10-12T00:00:00Z,J05,Fragment,Actinodaphne malabarica,13,Actinodaphne wightiana,Tree,Endemic,LC,0.619460212,0.619460212,S,Bird,Secondary,12
2018-10-12T00:00:00Z,J05,Fragment,Turpinia malabarica,3,Turpinia malabarica,Tree,Endemic,NA,NA,0.453,S,Mammal,Mature,12
2018-10-12T00:00:00Z,J05,Fragment,Leea indica,4,Leea indica,Tree,Native,LC,0.483333,0.483333,S,Unknown,Secondary,5
2018-10-12T00:00:00Z,J05,Fragment,Vateria indica,1,Vateria indica,Tree,Endemic,VU,0.48,0.48,L,Gravity,Mature,60
2018-10-12T00:00:00Z,J05,Fragment,Holigarna nigra,1,Holigarna nigra,Tree,Endemic,NA,NA,0.493977646,L,Mammal,Mature,35
2018-10-12T00:00:00Z,J05,Fragment,Glochidion malabaricum,1,Phyllanthus assamicus,Tree,Endemic,LC,0.544681677,0.544681677,S,Gravity,Mature,8
2018-10-12T00:00:00Z,K04,Fragment,Actinodaphne malabarica,11,Actinodaphne wightiana,Tree,Endemic,LC,0.619460212,0.619460212,S,Bird,Secondary,12
2018-10-12T00:00:00Z,K04,Fragment,Turpinia malabarica,6,Turpinia malabarica,Tree,Endemic,NA,NA,0.453,S,Mammal,Mature,12
2018-10-12T00:00:00Z,K04,Fragment,Vateria indica,50,Vateria indica,Tree,Endemic,VU,0.48,0.48,L,Gravity,Mature,60
2018-10-12T00:00:00Z,K04,Fragment,Clerodendrum viscosum,27,Clerodendrum infortunatum,Tree,Native,LC,0.484259167,0.484259167,S,Bird,Secondary,4
2018-10-12T00:00:00Z,K04,Fragment,Chionanthus courtallensis,1,Chionanthus albidiflorus,Tree,Endemic,NA,NA,0.668601818,M,Mammal_bird,Mature,22
2018-10-12T00:00:00Z,K04,Fragment,Heynea trijuga,1,Heynea trijuga,Tree,Native,LC,0.493174229,0.493174229,M,Bird,Secondary,10
2018-10-12T00:00:00Z,K04,Fragment,Xanthophyllum flavescens,4,Xanthophyllum flavescens,Tree,Endemic,NA,0.682,0.682,M,Mammal,Secondary,8
2018-10-12T00:00:00Z,K04,Fragment,Diospyros sylvatica,5,Diospyros sylvatica,Tree,Endemic,NA,0.701678322,0.701678322,S,Mammal,Mature,35
2018-10-12T00:00:00Z,K04,Fragment,Glochidion malabaricum,2,Phyllanthus assamicus,Tree,Endemic,LC,0.544681677,0.544681677,S,Gravity,Mature,8
2018-10-12T00:00:00Z,K04,Fragment,Syzygium densiflorum,4,Syzygium densiflorum,Tree,Endemic,VU,NA,0.68,M,Mammal_bird,Mature,15
2018-10-12T00:00:00Z,K04,Fragment,Leea indica,3,Leea indica,Tree,Native,LC,0.483333,0.483333,S,Unknown,Secondary,5
2018-10-12T00:00:00Z,K04,Fragment,Garcinia gummi-gutta,2,Garcinia gummi-gutta,Tree,Endemic,LC,0.690402909,0.690402909,L,Mammal,Mature,12
2018-10-12T00:00:00Z,K04,Fragment,Vernonia arborea,2,Strobocalyx arborea,Tree,Native,LC,0.33,0.33,S,Wind,Secondary,15
2018-10-12T00:00:00Z,K04,Fragment,Aporosa acuminata,1,Aporosa acuminata,Tree,Endemic,NA,NA,0.492461326,S,Bird,Mature,5
2018-10-12T00:00:00Z,K04,Fragment,Litsea floribunda,2,Litsea floribunda,Tree,Endemic,NT,0.56358678,0.56358678,S,Bird,Secondary,10
2018-10-12T00:00:00Z,K04,Fragment,Drypetes malabarica,2,Drypetes malabarica,Tree,Endemic,NA,NA,0.7175,S,Gravity,Mature,20
2018-10-12T00:00:00Z,K04,Fragment,Coffea canephora,3,Coffea canephora,Tree,Introduced,EN,NA,NA,S,Mammal,Int,6
2018-10-12T00:00:00Z,K04,Fragment,Memecylon sp.,1,Memecylon sp.,Tree,Endemic,NA,NA,0.77,S,Bird,NA,NA
2018-10-12T00:00:00Z,K04,Fragment,Holigarna nigra,3,Holigarna nigra,Tree,Endemic,NA,NA,0.493977646,L,Mammal,Mature,35
2018-10-12T00:00:00Z,K04,Fragment,Diospyros paniculata,1,Diospyros paniculata,Tree,Endemic,VU,NA,0.672,M,Mammal,Mature,16
2018-10-12T00:00:00Z,J04,Fragment,Leea indica,1,Leea indica,Tree,Native,LC,0.483333,0.483333,S,Unknown,Secondary,5
2018-10-12T00:00:00Z,J04,Fragment,Turpinia malabarica,5,Turpinia malabarica,Tree,Endemic,NA,NA,0.453,S,Mammal,Mature,12
2018-10-12T00:00:00Z,J04,Fragment,Vateria indica,33,Vateria indica,Tree,Endemic,VU,0.48,0.48,L,Gravity,Mature,60
2018-10-12T00:00:00Z,J04,Fragment,Actinodaphne malabarica,2,Actinodaphne wightiana,Tree,Endemic,LC,0.619460212,0.619460212,S,Bird,Secondary,12
2018-10-12T00:00:00Z,J04,Fragment,Holigarna nigra,12,Holigarna nigra,Tree,Endemic,NA,NA,0.493977646,L,Mammal,Mature,35
2018-10-12T00:00:00Z,J04,Fragment,Xanthophyllum flavescens,1,Xanthophyllum flavescens,Tree,Endemic,NA,0.682,0.682,M,Mammal,Secondary,8
2018-10-12T00:00:00Z,J04,Fragment,Vernonia arborea,3,Strobocalyx arborea,Tree,Native,LC,0.33,0.33,S,Wind,Secondary,15
2018-10-12T00:00:00Z,J04,Fragment,Memecylon sp.,1,Memecylon sp.,Tree,Endemic,NA,NA,0.77,S,Bird,NA,NA
2018-10-12T00:00:00Z,J04,Fragment,Cinnamomum malabatrum,1,Cinnamomum malabathrum,Tree,Endemic,LC,NA,0.475,S,Bird,Secondary,15
2018-10-12T00:00:00Z,J04,Fragment,Elaeocarpus tuberculatus,1,Elaeocarpus tuberculatus,Tree,Native,NA,0.45065475,0.45065475,L,Mammal,Mature,40
2018-10-12T00:00:00Z,I05,Fragment,Cinnamomum malabatrum,35,Cinnamomum malabathrum,Tree,Endemic,LC,NA,0.475,S,Bird,Secondary,15
2018-10-12T00:00:00Z,I05,Fragment,Aglaia canarana,4,Aglaia lawii,Tree,Native,LC,0.595,0.595,L,Bird,Mature,30
2018-10-12T00:00:00Z,I05,Fragment,Leea indica,4,Leea indica,Tree,Native,LC,0.483333,0.483333,S,Unknown,Secondary,5
2018-10-12T00:00:00Z,I05,Fragment,Actinodaphne malabarica,8,Actinodaphne wightiana,Tree,Endemic,LC,0.619460212,0.619460212,S,Bird,Secondary,12
2018-10-12T00:00:00Z,I05,Fragment,Garcinia gummi-gutta,3,Garcinia gummi-gutta,Tree,Endemic,LC,0.690402909,0.690402909,L,Mammal,Mature,12
2018-10-12T00:00:00Z,I05,Fragment,Heynea trijuga,2,Heynea trijuga,Tree,Native,LC,0.493174229,0.493174229,M,Bird,Secondary,10
2018-10-12T00:00:00Z,I05,Fragment,Diospyros sylvatica,2,Diospyros sylvatica,Tree,Endemic,NA,0.701678322,0.701678322,S,Mammal,Mature,35
2018-10-12T00:00:00Z,I05,Fragment,Holigarna nigra,3,Holigarna nigra,Tree,Endemic,NA,NA,0.493977646,L,Mammal,Mature,35
2018-10-12T00:00:00Z,I05,Fragment,Artocarpus heterophyllus,3,Artocarpus heterophyllus,Tree,Native,NA,0.484,0.484,L,Mammal,Mature,20
2018-10-12T00:00:00Z,I05,Fragment,Glochidion malabaricum,1,Phyllanthus assamicus,Tree,Endemic,LC,0.544681677,0.544681677,S,Gravity,Mature,8
2018-10-12T00:00:00Z,I05,Fragment,Antidesma menasu,1,Antidesma montanum,Tree,Native,LC,NA,0.624,S,Mammal_bird,Mature,10
2018-10-12T00:00:00Z,I05,Fragment,Vateria indica,1,Vateria indica,Tree,Endemic,VU,0.48,0.48,L,Gravity,Mature,60
2018-10-12T00:00:00Z,L05,Fragment,Chionanthus courtallensis,4,Chionanthus albidiflorus,Tree,Endemic,NA,NA,0.668601818,M,Mammal_bird,Mature,22
2018-10-12T00:00:00Z,L05,Fragment,Vernonia arborea,6,Strobocalyx arborea,Tree,Native,LC,0.33,0.33,S,Wind,Secondary,15
2018-10-12T00:00:00Z,L05,Fragment,Diospyros sylvatica,7,Diospyros sylvatica,Tree,Endemic,NA,0.701678322,0.701678322,S,Mammal,Mature,35
2018-10-12T00:00:00Z,L05,Fragment,Vateria indica,3,Vateria indica,Tree,Endemic,VU,0.48,0.48,L,Gravity,Mature,60
2018-10-12T00:00:00Z,L05,Fragment,Turpinia malabarica,12,Turpinia malabarica,Tree,Endemic,NA,NA,0.453,S,Mammal,Mature,12
2018-10-12T00:00:00Z,L05,Fragment,Clerodendrum viscosum,3,Clerodendrum infortunatum,Tree,Native,LC,0.484259167,0.484259167,S,Bird,Secondary,4
2018-10-12T00:00:00Z,L05,Fragment,Glochidion malabaricum,3,Phyllanthus assamicus,Tree,Endemic,LC,0.544681677,0.544681677,S,Gravity,Mature,8
2018-10-12T00:00:00Z,L05,Fragment,Olea dioica,1,Olea dioica,Tree,Native,NA,0.697202827,0.697202827,S,Mammal,Secondary,15
2018-10-12T00:00:00Z,L05,Fragment,Syzygium densiflorum,42,Syzygium densiflorum,Tree,Endemic,VU,NA,0.68,M,Mammal_bird,Mature,15
2018-10-12T00:00:00Z,L05,Fragment,Meiogyne pannosa,2,Meiogyne pannosa,Tree,Endemic,NT,NA,NA,S,Bird,Mature,8
2018-10-12T00:00:00Z,L05,Fragment,Litsea coriacea,2,Litsea coriacea,Tree,Endemic,NT,NA,0.42,S,Mammal_bird,Mature,12
2018-10-12T00:00:00Z,L05,Fragment,Actinodaphne malabarica,21,Actinodaphne wightiana,Tree,Endemic,LC,0.619460212,0.619460212,S,Bird,Secondary,12
2018-10-12T00:00:00Z,L05,Fragment,Xanthophyllum flavescens,2,Xanthophyllum flavescens,Tree,Endemic,NA,0.682,0.682,M,Mammal,Secondary,8
2018-10-12T00:00:00Z,L05,Fragment,Otonephelium stipulaceum,5,Otonephelium stipulaceum,Tree,Endemic,NA,0.709023925,0.709023925,S,Mammal_bird,Mature,28
2018-10-12T00:00:00Z,L05,Fragment,Litsea oleoides,10,Litsea oleoides,Tree,Endemic,NA,NA,0.42,M,Bird,Mature,12
2018-10-12T00:00:00Z,L05,Fragment,Leea indica,3,Leea indica,Tree,Native,LC,0.483333,0.483333,S,Unknown,Secondary,5
2018-10-12T00:00:00Z,L05,Fragment,Heynea trijuga,1,Heynea trijuga,Tree,Native,LC,0.493174229,0.493174229,M,Bird,Secondary,10
2018-10-12T00:00:00Z,L05,Fragment,Litsea floribunda,2,Litsea floribunda,Tree,Endemic,NT,0.56358678,0.56358678,S,Bird,Secondary,10
2018-10-12T00:00:00Z,L05,Fragment,Drypetes wightii,1,Drypetes wightii,Tree,Endemic,VU,NA,0.7175,M,Bird,Mature,12
2018-10-12T00:00:00Z,L05,Fragment,Holigarna nigra,6,Holigarna nigra,Tree,Endemic,NA,NA,0.493977646,L,Mammal,Mature,35
2018-10-12T00:00:00Z,L05,Fragment,Psychotria anamallayana,1,Psychotria anamallayana,Tree,Endemic,NA,NA,0.45,S,Mammal_bird,Mature,4
2018-10-12T00:00:00Z,L05,Fragment,Aglaia canarana,2,Aglaia lawii,Tree,Native,LC,0.595,0.595,L,Bird,Mature,30
2018-10-12T00:00:00Z,L05,Fragment,Palaquium ellipticum,1,Palaquium ellipticum,Tree,Endemic,NA,0.55093772,0.55093772,L,Mammal,Mature,35
2018-10-10T00:00:00Z,H08,Fragment,Litsea oleoides,3,Litsea oleoides,Tree,Endemic,NA,NA,0.42,M,Bird,Mature,12
2018-10-10T00:00:00Z,H08,Fragment,Meiogyne pannosa,3,Meiogyne pannosa,Tree,Endemic,NT,NA,NA,S,Bird,Mature,8
2018-10-10T00:00:00Z,H08,Fragment,Actinodaphne malabarica,0,Actinodaphne wightiana,Tree,Endemic,LC,0.619460212,0.619460212,S,Bird,Secondary,12
2018-10-10T00:00:00Z,J08,Fragment,Vateria indica,18,Vateria indica,Tree,Endemic,VU,0.48,0.48,L,Gravity,Mature,60
2018-10-10T00:00:00Z,J08,Fragment,Litsea oleoides,12,Litsea oleoides,Tree,Endemic,NA,NA,0.42,M,Bird,Mature,12
2018-10-10T00:00:00Z,J08,Fragment,Spathodea campanulata,1,Spathodea campanulata,Tree,Introduced,LC,0.475,0.475,S,Wind,Int,15
2018-10-10T00:00:00Z,J08,Fragment,Diospyros sylvatica,1,Diospyros sylvatica,Tree,Endemic,NA,0.701678322,0.701678322,S,Mammal,Mature,35
2018-10-10T00:00:00Z,J08,Fragment,Leea indica,1,Leea indica,Tree,Native,LC,0.483333,0.483333,S,Unknown,Secondary,5
2018-10-10T00:00:00Z,J08,Fragment,Turpinia malabarica,1,Turpinia malabarica,Tree,Endemic,NA,NA,0.453,S,Mammal,Mature,12
2018-10-10T00:00:00Z,J08,Fragment,Actinodaphne malabarica,2,Actinodaphne wightiana,Tree,Endemic,LC,0.619460212,0.619460212,S,Bird,Secondary,12
2018-10-10T00:00:00Z,J08,Fragment,Maesopsis eminii,1,Maesopsis eminii,Tree,Introduced,LC,0.34,0.34,L,Mammal_bird,Int,30
2018-10-10T00:00:00Z,J08,Fragment,Palaquium ellipticum,1,Palaquium ellipticum,Tree,Endemic,NA,0.55093772,0.55093772,L,Mammal,Mature,35
2018-10-10T00:00:00Z,L08,Fragment,Calophyllum polyanthum,1,Calophyllum polyanthum,Tree,Native,NA,0.447545977,0.447545977,L,Mammal,Mature,35
2018-10-10T00:00:00Z,L08,Fragment,Turpinia malabarica,19,Turpinia malabarica,Tree,Endemic,NA,NA,0.453,S,Mammal,Mature,12
2018-10-10T00:00:00Z,L08,Fragment,Heynea trijuga,1,Heynea trijuga,Tree,Native,LC,0.493174229,0.493174229,M,Bird,Secondary,10
2018-10-10T00:00:00Z,L08,Fragment,Psychotria anamallayana,1,Psychotria anamallayana,Tree,Endemic,NA,NA,0.45,S,Mammal_bird,Mature,4
2018-10-10T00:00:00Z,L08,Fragment,Maesopsis eminii,6,Maesopsis eminii,Tree,Introduced,LC,0.34,0.34,L,Mammal_bird,Int,30
2018-10-10T00:00:00Z,L08,Fragment,Vateria indica,1,Vateria indica,Tree,Endemic,VU,0.48,0.48,L,Gravity,Mature,60
2018-10-10T00:00:00Z,L08,Fragment,Beilschmiedia wightii,2,Beilschmiedia wightii,Tree,Endemic,NT,NA,0.495,L,Bird,Mature,25
2018-10-10T00:00:00Z,L08,Fragment,Chionanthus courtallensis,3,Chionanthus albidiflorus,Tree,Endemic,NA,NA,0.668601818,M,Mammal_bird,Mature,22
2018-10-10T00:00:00Z,L08,Fragment,Dysoxylum malabaricum,1,Dysoxylum malabaricum,Tree,Endemic,EN,0.58,0.58,L,Bird,Mature,35
2018-10-10T00:00:00Z,L08,Fragment,Melicope lunu-ankenda,2,Melicope lunu-ankenda,Tree,Native,LC,0.411118888,0.411118888,S,Mammal,Secondary,10
2018-10-10T00:00:00Z,L08,Fragment,Aglaia canarana,5,Aglaia lawii,Tree,Native,LC,0.595,0.595,L,Bird,Mature,30
2018-10-10T00:00:00Z,L08,Fragment,Actinodaphne malabarica,5,Actinodaphne wightiana,Tree,Endemic,LC,0.619460212,0.619460212,S,Bird,Secondary,12
2018-10-10T00:00:00Z,L08,Fragment,Leea indica,3,Leea indica,Tree,Native,LC,0.483333,0.483333,S,Unknown,Secondary,5
2018-10-10T00:00:00Z,L08,Fragment,Antidesma menasu,4,Antidesma montanum,Tree,Native,LC,NA,0.624,S,Mammal_bird,Mature,10
2018-10-10T00:00:00Z,L08,Fragment,Persea macrantha,2,Machilus glaucescens,Tree,Endemic,NA,0.427,0.427,S,Bird,Secondary,30
2018-10-10T00:00:00Z,L08,Fragment,Glochidion malabaricum,3,Phyllanthus assamicus,Tree,Endemic,LC,0.544681677,0.544681677,S,Gravity,Mature,8
2018-10-10T00:00:00Z,L08,Fragment,Paracroton pendulus,1,Paracroton pendulus,Tree,Endemic,LC,0.46,0.46,S,Gravity,Mature,30
2018-10-10T00:00:00Z,L08,Fragment,Myristica dactyloides,1,Myristica beddomei,Tree,Endemic,EN,0.575521845,0.575521845,L,Bird,Mature,20
2018-10-10T00:00:00Z,L08,Fragment,Clerodendrum viscosum,2,Clerodendrum infortunatum,Tree,Native,LC,0.484259167,0.484259167,S,Bird,Secondary,4
2018-10-10T00:00:00Z,L08,Fragment,Meiogyne pannosa,3,Meiogyne pannosa,Tree,Endemic,NT,NA,NA,S,Bird,Mature,8
2018-10-10T00:00:00Z,L08,Fragment,Litsea coriacea,1,Litsea coriacea,Tree,Endemic,NT,NA,0.42,S,Mammal_bird,Mature,12
2018-10-10T00:00:00Z,L08,Fragment,Heynea trijuga,2,Heynea trijuga,Tree,Native,LC,0.493174229,0.493174229,M,Bird,Secondary,10
2018-10-10T00:00:00Z,L08,Fragment,Breynia vitis-idaea,1,Breynia vitis-idaea,Shrub,Native,LC,NA,NA,S,Bird,Secondary,4
2018-10-10T00:00:00Z,L08,Fragment,Unidentified,1,NA,NA,NA,NA,NA,NA,NA,NA,NA,NA
2018-10-10T00:00:00Z,M07,Fragment,Diospyros ghatensis,2,Diospyros ghatensis,Tree,Endemic,NA,0.666666667,0.666666667,M,Mammal,Mature,25
2018-10-10T00:00:00Z,M07,Fragment,Leea indica,8,Leea indica,Tree,Native,LC,0.483333,0.483333,S,Unknown,Secondary,5
2018-10-10T00:00:00Z,M07,Fragment,Glochidion malabaricum,6,Phyllanthus assamicus,Tree,Endemic,LC,0.544681677,0.544681677,S,Gravity,Mature,8
2018-10-10T00:00:00Z,M07,Fragment,Actinodaphne malabarica,1,Actinodaphne wightiana,Tree,Endemic,LC,0.619460212,0.619460212,S,Bird,Secondary,12
2018-10-10T00:00:00Z,M07,Fragment,Maesopsis eminii,1,Maesopsis eminii,Tree,Introduced,LC,0.34,0.34,L,Mammal_bird,Int,30
2018-10-10T00:00:00Z,M07,Fragment,Xanthophyllum flavescens,1,Xanthophyllum flavescens,Tree,Endemic,NA,0.682,0.682,M,Mammal,Secondary,8
2018-10-10T00:00:00Z,M07,Fragment,Drypetes wightii,22,Drypetes wightii,Tree,Endemic,VU,NA,0.7175,M,Bird,Mature,12
2018-10-10T00:00:00Z,M07,Fragment,Antidesma menasu,1,Antidesma montanum,Tree,Native,LC,NA,0.624,S,Mammal_bird,Mature,10
2018-10-10T00:00:00Z,M07,Fragment,Epiprinus mallotiformis,1,Epiprinus mallotiformis,Tree,Endemic,NA,NA,NA,S,Gravity,Mature,12
2018-10-10T00:00:00Z,M07,Fragment,Psychotria anamallayana,1,Psychotria anamallayana,Tree,Endemic,NA,NA,0.45,S,Mammal_bird,Mature,4
2018-10-10T00:00:00Z,M07,Fragment,Turpinia malabarica,3,Turpinia malabarica,Tree,Endemic,NA,NA,0.453,S,Mammal,Mature,12
2018-10-10T00:00:00Z,M07,Fragment,Chionanthus courtallensis,1,Chionanthus albidiflorus,Tree,Endemic,NA,NA,0.668601818,M,Mammal_bird,Mature,22
2018-10-10T00:00:00Z,K07,Fragment,Paracroton pendulus,6,Paracroton pendulus,Tree,Endemic,LC,0.46,0.46,S,Gravity,Mature,30
2018-10-10T00:00:00Z,K07,Fragment,Poeciloneuron indicum,1,Poeciloneuron indicum,Tree,Endemic,NA,0.9,0.9,L,Gravity,Mature,30
2018-10-10T00:00:00Z,K07,Fragment,Diospyros ghatensis,1,Diospyros ghatensis,Tree,Endemic,NA,0.666666667,0.666666667,M,Mammal,Mature,25
2018-10-10T00:00:00Z,K07,Fragment,Vernonia arborea,5,Strobocalyx arborea,Tree,Native,LC,0.33,0.33,S,Wind,Secondary,15
2018-10-10T00:00:00Z,K07,Fragment,Garcinia gummi-gutta,5,Garcinia gummi-gutta,Tree,Endemic,LC,0.690402909,0.690402909,L,Mammal,Mature,12
2018-10-10T00:00:00Z,K07,Fragment,Myristica dactyloides,1,Myristica beddomei,Tree,Endemic,EN,0.575521845,0.575521845,L,Bird,Mature,20
2018-10-10T00:00:00Z,K07,Fragment,Mesua ferrea,3,Mesua ferrea,Tree,Native,NA,0.9,0.9,L,Gravity,Mature,35
2018-10-10T00:00:00Z,K07,Fragment,Diospyros sylvatica,8,Diospyros sylvatica,Tree,Endemic,NA,0.701678322,0.701678322,S,Mammal,Mature,35
2018-10-10T00:00:00Z,K07,Fragment,Turpinia malabarica,38,Turpinia malabarica,Tree,Endemic,NA,NA,0.453,S,Mammal,Mature,12
2018-10-10T00:00:00Z,K07,Fragment,Artocarpus heterophyllus,6,Artocarpus heterophyllus,Tree,Native,NA,0.484,0.484,L,Mammal,Mature,20
2018-10-10T00:00:00Z,K07,Fragment,Palaquium ellipticum,2,Palaquium ellipticum,Tree,Endemic,NA,0.55093772,0.55093772,L,Mammal,Mature,35
2018-10-10T00:00:00Z,K07,Fragment,Xanthophyllum flavescens,4,Xanthophyllum flavescens,Tree,Endemic,NA,0.682,0.682,M,Mammal,Secondary,8
2018-10-10T00:00:00Z,K07,Fragment,Litsea oleoides,1,Litsea oleoides,Tree,Endemic,NA,NA,0.42,M,Bird,Mature,12
2018-10-10T00:00:00Z,K07,Fragment,Actinodaphne malabarica,2,Actinodaphne wightiana,Tree,Endemic,LC,0.619460212,0.619460212,S,Bird,Secondary,12
2018-10-10T00:00:00Z,K07,Fragment,Coffea canephora,1,Coffea canephora,Tree,Introduced,EN,NA,NA,S,Mammal,Int,6
2018-10-10T00:00:00Z,K07,Fragment,Holigarna nigra,5,Holigarna nigra,Tree,Endemic,NA,NA,0.493977646,L,Mammal,Mature,35
2018-10-10T00:00:00Z,K07,Fragment,Vateria indica,1,Vateria indica,Tree,Endemic,VU,0.48,0.48,L,Gravity,Mature,60
2018-10-10T00:00:00Z,K07,Fragment,Drypetes wightii,5,Drypetes wightii,Tree,Endemic,VU,NA,0.7175,M,Bird,Mature,12
2018-10-10T00:00:00Z,K07,Fragment,Palaquium ravii,1,Palaquium ravii,Tree,Endemic,EN,NA,0.57,M,Mammal,Mature,25
2018-10-10T00:00:00Z,K07,Fragment,Leea indica,2,Leea indica,Tree,Native,LC,0.483333,0.483333,S,Unknown,Secondary,5
2018-10-10T00:00:00Z,K07,Fragment,Cinnamomum malabatrum,2,Cinnamomum malabathrum,Tree,Endemic,LC,NA,0.475,S,Bird,Secondary,15
2018-10-10T00:00:00Z,K07,Fragment,Otonephelium stipulaceum,1,Otonephelium stipulaceum,Tree,Endemic,NA,0.709023925,0.709023925,S,Mammal_bird,Mature,28
2018-10-10T00:00:00Z,K07,Fragment,Dimocarpus longan,2,Dimocarpus longan,Tree,Native,DD,0.748685273,0.748685273,S,Mammal,Mature,25
2018-10-10T00:00:00Z,J07,Fragment,Vateria indica,8,Vateria indica,Tree,Endemic,VU,0.48,0.48,L,Gravity,Mature,60
2018-10-10T00:00:00Z,J07,Fragment,Diospyros paniculata,1,Diospyros paniculata,Tree,Endemic,VU,NA,0.672,M,Mammal,Mature,16
2018-10-10T00:00:00Z,L07,Fragment,Turpinia malabarica,27,Turpinia malabarica,Tree,Endemic,NA,NA,0.453,S,Mammal,Mature,12
2018-10-10T00:00:00Z,L07,Fragment,Cinnamomum malabatrum,1,Cinnamomum malabathrum,Tree,Endemic,LC,NA,0.475,S,Bird,Secondary,15
2018-10-10T00:00:00Z,L07,Fragment,Glochidion malabaricum,5,Phyllanthus assamicus,Tree,Endemic,LC,0.544681677,0.544681677,S,Gravity,Mature,8
2018-10-10T00:00:00Z,L07,Fragment,Drypetes wightii,3,Drypetes wightii,Tree,Endemic,VU,NA,0.7175,M,Bird,Mature,12
2018-10-10T00:00:00Z,L07,Fragment,Holigarna nigra,1,Holigarna nigra,Tree,Endemic,NA,NA,0.493977646,L,Mammal,Mature,35
2018-10-10T00:00:00Z,L07,Fragment,Litsea floribunda,1,Litsea floribunda,Tree,Endemic,NT,0.56358678,0.56358678,S,Bird,Secondary,10
2018-10-10T00:00:00Z,L07,Fragment,Heynea trijuga,7,Heynea trijuga,Tree,Native,LC,0.493174229,0.493174229,M,Bird,Secondary,10
2018-10-10T00:00:00Z,L07,Fragment,Xanthophyllum flavescens,6,Xanthophyllum flavescens,Tree,Endemic,NA,0.682,0.682,M,Mammal,Secondary,8
2018-10-10T00:00:00Z,L07,Fragment,Croton zeylanicus,1,Croton zeylanicus,Tree,Endemic,NA,NA,0.53,S,Gravity,Mature,4
2018-10-10T00:00:00Z,L07,Fragment,Palaquium ellipticum,10,Palaquium ellipticum,Tree,Endemic,NA,0.55093772,0.55093772,L,Mammal,Mature,35
2018-10-10T00:00:00Z,L07,Fragment,Olea dioica,1,Olea dioica,Tree,Native,NA,0.697202827,0.697202827,S,Mammal,Secondary,15
2018-10-10T00:00:00Z,L07,Fragment,Actinodaphne malabarica,5,Actinodaphne wightiana,Tree,Endemic,LC,0.619460212,0.619460212,S,Bird,Secondary,12
2018-10-10T00:00:00Z,L07,Fragment,Otonephelium stipulaceum,4,Otonephelium stipulaceum,Tree,Endemic,NA,0.709023925,0.709023925,S,Mammal_bird,Mature,28
2018-10-10T00:00:00Z,L07,Fragment,Chionanthus courtallensis,4,Chionanthus albidiflorus,Tree,Endemic,NA,NA,0.668601818,M,Mammal_bird,Mature,22
2018-10-10T00:00:00Z,L07,Fragment,Persea macrantha,1,Machilus glaucescens,Tree,Endemic,NA,0.427,0.427,S,Bird,Secondary,30
2018-10-10T00:00:00Z,L07,Fragment,Beilschmiedia wightii,3,Beilschmiedia wightii,Tree,Endemic,NT,NA,0.495,L,Bird,Mature,25
2018-10-10T00:00:00Z,L07,Fragment,Prunus ceylanica,2,Prunus ceylanica,Tree,Native,EN,NA,0.539,M,Mammal,Mature,20
2018-10-10T00:00:00Z,L07,Fragment,Meiogyne pannosa,1,Meiogyne pannosa,Tree,Endemic,NT,NA,NA,S,Bird,Mature,8
2018-10-10T00:00:00Z,L07,Fragment,Litsea oleoides,2,Litsea oleoides,Tree,Endemic,NA,NA,0.42,M,Bird,Mature,12
2018-10-10T00:00:00Z,L07,Fragment,Garcinia gummi-gutta,5,Garcinia gummi-gutta,Tree,Endemic,LC,0.690402909,0.690402909,L,Mammal,Mature,12
2018-10-10T00:00:00Z,L07,Fragment,Coffea canephora,2,Coffea canephora,Tree,Introduced,EN,NA,NA,S,Mammal,Int,6
2018-10-10T00:00:00Z,L07,Fragment,Maesopsis eminii,3,Maesopsis eminii,Tree,Introduced,LC,0.34,0.34,L,Mammal_bird,Int,30
2018-10-10T00:00:00Z,L07,Fragment,Leea indica,1,Leea indica,Tree,Native,LC,0.483333,0.483333,S,Unknown,Secondary,5
2018-10-10T00:00:00Z,L07,Fragment,Aglaia canarana,1,Aglaia lawii,Tree,Native,LC,0.595,0.595,L,Bird,Mature,30
2018-10-10T00:00:00Z,L07,Fragment,Myristica dactyloides,1,Myristica beddomei,Tree,Endemic,EN,0.575521845,0.575521845,L,Bird,Mature,20
2018-10-10T00:00:00Z,L07,Fragment,Antidesma menasu,1,Antidesma montanum,Tree,Native,LC,NA,0.624,S,Mammal_bird,Mature,10
2018-10-10T00:00:00Z,L07,Fragment,Dysoxylum malabaricum,1,Dysoxylum malabaricum,Tree,Endemic,EN,0.58,0.58,L,Bird,Mature,35
2018-10-10T00:00:00Z,L07,Fragment,Vernonia arborea,1,Strobocalyx arborea,Tree,Native,LC,0.33,0.33,S,Wind,Secondary,15
2018-10-10T00:00:00Z,K08,Fragment,Leea indica,14,Leea indica,Tree,Native,LC,0.483333,0.483333,S,Unknown,Secondary,5
2018-10-10T00:00:00Z,K08,Fragment,Glochidion malabaricum,23,Phyllanthus assamicus,Tree,Endemic,LC,0.544681677,0.544681677,S,Gravity,Mature,8
2018-10-10T00:00:00Z,K08,Fragment,Macaranga indica,1,Macaranga indica,Tree,Native,LC,NA,0.33,S,Bird,Secondary,16
2018-10-10T00:00:00Z,K08,Fragment,Actinodaphne malabarica,2,Actinodaphne wightiana,Tree,Endemic,LC,0.619460212,0.619460212,S,Bird,Secondary,12
2018-10-10T00:00:00Z,K08,Fragment,Breynia vitis-idaea,1,Breynia vitis-idaea,Shrub,Native,LC,NA,NA,S,Bird,Secondary,4
2018-10-10T00:00:00Z,K08,Fragment,Antidesma menasu,1,Antidesma montanum,Tree,Native,LC,NA,0.624,S,Mammal_bird,Mature,10
2018-10-10T00:00:00Z,K08,Fragment,Litsea oleoides,1,Litsea oleoides,Tree,Endemic,NA,NA,0.42,M,Bird,Mature,12
2018-10-09T00:00:00Z,M08,Fragment,Actinodaphne malabarica,2,Actinodaphne wightiana,Tree,Endemic,LC,0.619460212,0.619460212,S,Bird,Secondary,12
2018-10-09T00:00:00Z,M08,Fragment,Leea indica,2,Leea indica,Tree,Native,LC,0.483333,0.483333,S,Unknown,Secondary,5
2018-10-09T00:00:00Z,M08,Fragment,Aglaia canarana,3,Aglaia lawii,Tree,Native,LC,0.595,0.595,L,Bird,Mature,30
2018-10-09T00:00:00Z,M08,Fragment,Heynea trijuga,1,Heynea trijuga,Tree,Native,LC,0.493174229,0.493174229,M,Bird,Secondary,10
2018-10-09T00:00:00Z,M08,Fragment,Epiprinus mallotiformis,1,Epiprinus mallotiformis,Tree,Endemic,NA,NA,NA,S,Gravity,Mature,12
2018-10-09T00:00:00Z,M08,Fragment,Beilschmiedia wightii,2,Beilschmiedia wightii,Tree,Endemic,NT,NA,0.495,L,Bird,Mature,25
2018-10-09T00:00:00Z,M08,Fragment,Turpinia malabarica,1,Turpinia malabarica,Tree,Endemic,NA,NA,0.453,S,Mammal,Mature,12
2018-10-09T00:00:00Z,M08,Fragment,Paracroton pendulus,1,Paracroton pendulus,Tree,Endemic,LC,0.46,0.46,S,Gravity,Mature,30
2018-10-09T00:00:00Z,N08,Fragment,Psychotria anamallayana,1,Psychotria anamallayana,Tree,Endemic,NA,NA,0.45,S,Mammal_bird,Mature,4
2018-10-09T00:00:00Z,N08,Fragment,Leea indica,1,Leea indica,Tree,Native,LC,0.483333,0.483333,S,Unknown,Secondary,5
2018-10-09T00:00:00Z,N08,Fragment,Litsea floribunda,2,Litsea floribunda,Tree,Endemic,NT,0.56358678,0.56358678,S,Bird,Secondary,10
2018-10-09T00:00:00Z,N08,Fragment,Otonephelium stipulaceum,55,Otonephelium stipulaceum,Tree,Endemic,NA,0.709023925,0.709023925,S,Mammal_bird,Mature,28
2018-10-09T00:00:00Z,N08,Fragment,Turpinia malabarica,3,Turpinia malabarica,Tree,Endemic,NA,NA,0.453,S,Mammal,Mature,12
2018-10-09T00:00:00Z,N08,Fragment,Meiogyne pannosa,1,Meiogyne pannosa,Tree,Endemic,NT,NA,NA,S,Bird,Mature,8
2018-10-09T00:00:00Z,N08,Fragment,Aglaia canarana,6,Aglaia lawii,Tree,Native,LC,0.595,0.595,L,Bird,Mature,30
2018-10-09T00:00:00Z,N08,Fragment,Glochidion malabaricum,11,Phyllanthus assamicus,Tree,Endemic,LC,0.544681677,0.544681677,S,Gravity,Mature,8
2018-10-09T00:00:00Z,N08,Fragment,Drypetes wightii,3,Drypetes wightii,Tree,Endemic,VU,NA,0.7175,M,Bird,Mature,12
2018-10-09T00:00:00Z,N08,Fragment,Actinodaphne malabarica,3,Actinodaphne wightiana,Tree,Endemic,LC,0.619460212,0.619460212,S,Bird,Secondary,12
2018-10-09T00:00:00Z,N08,Fragment,Litsea oleoides,2,Litsea oleoides,Tree,Endemic,NA,NA,0.42,M,Bird,Mature,12
2018-10-09T00:00:00Z,N08,Fragment,Garcinia gummi-gutta,1,Garcinia gummi-gutta,Tree,Endemic,LC,0.690402909,0.690402909,L,Mammal,Mature,12
2018-10-09T00:00:00Z,N08,Fragment,Calophyllum sp.,2,Calophyllum sp.,Tree,Native,NA,NA,0.540234234,L,Mammal,Mature,35
2018-10-09T00:00:00Z,N08,Fragment,Beilschmiedia wightii,2,Beilschmiedia wightii,Tree,Endemic,NT,NA,0.495,L,Bird,Mature,25
2018-10-09T00:00:00Z,N08,Fragment,Maesopsis eminii,1,Maesopsis eminii,Tree,Introduced,LC,0.34,0.34,L,Mammal_bird,Int,30
2018-10-09T00:00:00Z,N08,Fragment,Myristica dactyloides,1,Myristica beddomei,Tree,Endemic,EN,0.575521845,0.575521845,L,Bird,Mature,20
2018-10-09T00:00:00Z,N08,Fragment,Holigarna nigra,1,Holigarna nigra,Tree,Endemic,NA,NA,0.493977646,L,Mammal,Mature,35
2018-10-09T00:00:00Z,N08,Fragment,Psidium guajava,1,Psidium guajava,Tree,Introduced,LC,0.6,0.6,S,Mammal_bird,Int,6
2018-10-09T00:00:00Z,O08,Fragment,Melicope lunu-ankenda,5,Melicope lunu-ankenda,Tree,Native,LC,0.411118888,0.411118888,S,Mammal,Secondary,10
2018-10-09T00:00:00Z,O08,Fragment,Litsea coriacea,1,Litsea coriacea,Tree,Endemic,NT,NA,0.42,S,Mammal_bird,Mature,12
2018-10-09T00:00:00Z,O08,Fragment,Heynea trijuga,3,Heynea trijuga,Tree,Native,LC,0.493174229,0.493174229,M,Bird,Secondary,10
2018-10-09T00:00:00Z,O08,Fragment,Leea indica,1,Leea indica,Tree,Native,LC,0.483333,0.483333,S,Unknown,Secondary,5
2018-10-09T00:00:00Z,O08,Fragment,Glochidion malabaricum,1,Phyllanthus assamicus,Tree,Endemic,LC,0.544681677,0.544681677,S,Gravity,Mature,8
2018-10-09T00:00:00Z,O08,Fragment,Psychotria anamallayana,1,Psychotria anamallayana,Tree,Endemic,NA,NA,0.45,S,Mammal_bird,Mature,4
2018-10-09T00:00:00Z,O08,Fragment,Actinodaphne malabarica,2,Actinodaphne wightiana,Tree,Endemic,LC,0.619460212,0.619460212,S,Bird,Secondary,12
2018-10-09T00:00:00Z,O08,Fragment,Olea dioica,2,Olea dioica,Tree,Native,NA,0.697202827,0.697202827,S,Mammal,Secondary,15
2018-10-09T00:00:00Z,O08,Fragment,Spathodea campanulata,1,Spathodea campanulata,Tree,Introduced,LC,0.475,0.475,S,Wind,Int,15
2018-10-09T00:00:00Z,N09,Fragment,Villebrunea integrifolia,2,Oreocnide integrifolia,Tree,Native,NA,NA,NA,S,Bird,Secondary,8
2018-10-09T00:00:00Z,N09,Fragment,Glochidion malabaricum,6,Phyllanthus assamicus,Tree,Endemic,LC,0.544681677,0.544681677,S,Gravity,Mature,8
2018-10-09T00:00:00Z,N09,Fragment,Semecarpus travancorica,8,Semecarpus travancorica,Tree,Endemic,NA,NA,0.33,L,Mammal,Mature,35
2018-10-09T00:00:00Z,N09,Fragment,Canarium strictum,2,Canarium strictum,Tree,Native,NA,0.536397312,0.536397312,L,Bird,Mature,30
2018-10-09T00:00:00Z,N09,Fragment,Persea macrantha,4,Machilus glaucescens,Tree,Endemic,NA,0.427,0.427,S,Bird,Secondary,30
2018-10-09T00:00:00Z,N09,Fragment,Otonephelium stipulaceum,2,Otonephelium stipulaceum,Tree,Endemic,NA,0.709023925,0.709023925,S,Mammal_bird,Mature,28
2018-10-09T00:00:00Z,N09,Fragment,Drypetes wightii,3,Drypetes wightii,Tree,Endemic,VU,NA,0.7175,M,Bird,Mature,12
2018-10-09T00:00:00Z,N09,Fragment,Actinodaphne malabarica,7,Actinodaphne wightiana,Tree,Endemic,LC,0.619460212,0.619460212,S,Bird,Secondary,12
2018-10-09T00:00:00Z,N09,Fragment,Leea indica,6,Leea indica,Tree,Native,LC,0.483333,0.483333,S,Unknown,Secondary,5
2018-10-09T00:00:00Z,N09,Fragment,Syzygium densiflorum,1,Syzygium densiflorum,Tree,Endemic,VU,NA,0.68,M,Mammal_bird,Mature,15
2018-10-09T00:00:00Z,N09,Fragment,Aporosa acuminata,3,Aporosa acuminata,Tree,Endemic,NA,NA,0.492461326,S,Bird,Mature,5
2018-10-09T00:00:00Z,N09,Fragment,Psychotria anamallayana,9,Psychotria anamallayana,Tree,Endemic,NA,NA,0.45,S,Mammal_bird,Mature,4
2018-10-09T00:00:00Z,N09,Fragment,Myristica dactyloides,1,Myristica beddomei,Tree,Endemic,EN,0.575521845,0.575521845,L,Bird,Mature,20
2018-10-09T00:00:00Z,N09,Fragment,Vateria indica,6,Vateria indica,Tree,Endemic,VU,0.48,0.48,L,Gravity,Mature,60
2018-10-09T00:00:00Z,N09,Fragment,Epiprinus mallotiformis,1,Epiprinus mallotiformis,Tree,Endemic,NA,NA,NA,S,Gravity,Mature,12
2018-10-09T00:00:00Z,N09,Fragment,Chionanthus courtallensis,3,Chionanthus albidiflorus,Tree,Endemic,NA,NA,0.668601818,M,Mammal_bird,Mature,22
2018-10-09T00:00:00Z,N09,Fragment,Dendrocnide sinuata,3,Dendrocnide sinuata,Tree,Endemic,NA,NA,NA,S,Bird,Secondary,5
2018-10-09T00:00:00Z,N09,Fragment,Litsea coriacea,3,Litsea coriacea,Tree,Endemic,NT,NA,0.42,S,Mammal_bird,Mature,12
2018-10-09T00:00:00Z,N09,Fragment,Litsea floribunda,1,Litsea floribunda,Tree,Endemic,NT,0.56358678,0.56358678,S,Bird,Secondary,10
2018-10-09T00:00:00Z,N09,Fragment,Aglaia canarana,2,Aglaia lawii,Tree,Native,LC,0.595,0.595,L,Bird,Mature,30
2018-10-09T00:00:00Z,N09,Fragment,Dysoxylum binectariferum,1,Dysoxylum gotadhora,Tree,Endemic,NA,0.606,0.606,L,Bird,Mature,25
2018-10-09T00:00:00Z,N09,Fragment,Holigarna nigra,1,Holigarna nigra,Tree,Endemic,NA,NA,0.493977646,L,Mammal,Mature,35
2018-10-09T00:00:00Z,N09,Fragment,Meiogyne pannosa,1,Meiogyne pannosa,Tree,Endemic,NT,NA,NA,S,Bird,Mature,8
2018-10-09T00:00:00Z,N09,Fragment,Artocarpus heterophyllus,1,Artocarpus heterophyllus,Tree,Native,NA,0.484,0.484,L,Mammal,Mature,20
2018-10-09T00:00:00Z,M09,Fragment,Litsea floribunda,1,Litsea floribunda,Tree,Endemic,NT,0.56358678,0.56358678,S,Bird,Secondary,10
2018-10-09T00:00:00Z,M09,Fragment,Glochidion malabaricum,4,Phyllanthus assamicus,Tree,Endemic,LC,0.544681677,0.544681677,S,Gravity,Mature,8
2018-10-09T00:00:00Z,M09,Fragment,Leea indica,5,Leea indica,Tree,Native,LC,0.483333,0.483333,S,Unknown,Secondary,5
2018-10-09T00:00:00Z,M09,Fragment,Breynia vitis-idaea,2,Breynia vitis-idaea,Shrub,Native,LC,NA,NA,S,Bird,Secondary,4
2018-10-09T00:00:00Z,M09,Fragment,Maesopsis eminii,2,Maesopsis eminii,Tree,Introduced,LC,0.34,0.34,L,Mammal_bird,Int,30
2018-10-09T00:00:00Z,M09,Fragment,Ficus exasperata,2,Ficus exasperata,Tree,Native,LC,NA,0.42,S,Mammal_bird,Secondary,18
2018-10-09T00:00:00Z,K09,Fragment,Cinnamomum malabatrum,2,Cinnamomum malabathrum,Tree,Endemic,LC,NA,0.475,S,Bird,Secondary,15
2018-10-09T00:00:00Z,K09,Fragment,Myristica dactyloides,2,Myristica beddomei,Tree,Endemic,EN,0.575521845,0.575521845,L,Bird,Mature,20
2018-10-09T00:00:00Z,K09,Fragment,Actinodaphne malabarica,4,Actinodaphne wightiana,Tree,Endemic,LC,0.619460212,0.619460212,S,Bird,Secondary,12
2018-10-09T00:00:00Z,K09,Fragment,Glochidion malabaricum,8,Phyllanthus assamicus,Tree,Endemic,LC,0.544681677,0.544681677,S,Gravity,Mature,8
2018-10-09T00:00:00Z,K09,Fragment,Holigarna nigra,1,Holigarna nigra,Tree,Endemic,NA,NA,0.493977646,L,Mammal,Mature,35
2018-10-09T00:00:00Z,K09,Fragment,Turpinia malabarica,3,Turpinia malabarica,Tree,Endemic,NA,NA,0.453,S,Mammal,Mature,12
2018-10-09T00:00:00Z,K09,Fragment,Litsea oleoides,1,Litsea oleoides,Tree,Endemic,NA,NA,0.42,M,Bird,Mature,12
2018-10-09T00:00:00Z,L09,Fragment,Persea macrantha,6,Machilus glaucescens,Tree,Endemic,NA,0.427,0.427,S,Bird,Secondary,30
2018-10-09T00:00:00Z,L09,Fragment,Artocarpus heterophyllus,2,Artocarpus heterophyllus,Tree,Native,NA,0.484,0.484,L,Mammal,Mature,20
2018-10-09T00:00:00Z,L09,Fragment,Paracroton pendulus,1,Paracroton pendulus,Tree,Endemic,LC,0.46,0.46,S,Gravity,Mature,30
2018-10-09T00:00:00Z,L09,Fragment,Drypetes malabarica,3,Drypetes malabarica,Tree,Endemic,NA,NA,0.7175,S,Gravity,Mature,20
2018-10-09T00:00:00Z,L09,Fragment,Heynea trijuga,21,Heynea trijuga,Tree,Native,LC,0.493174229,0.493174229,M,Bird,Secondary,10
2018-10-09T00:00:00Z,L09,Fragment,Vateria indica,1,Vateria indica,Tree,Endemic,VU,0.48,0.48,L,Gravity,Mature,60
2018-10-09T00:00:00Z,L09,Fragment,Palaquium ellipticum,3,Palaquium ellipticum,Tree,Endemic,NA,0.55093772,0.55093772,L,Mammal,Mature,35
2018-10-09T00:00:00Z,L09,Fragment,Cinnamomum malabatrum,11,Cinnamomum malabathrum,Tree,Endemic,LC,NA,0.475,S,Bird,Secondary,15
2018-10-09T00:00:00Z,L09,Fragment,Litsea coriacea,10,Litsea coriacea,Tree,Endemic,NT,NA,0.42,S,Mammal_bird,Mature,12
2018-10-09T00:00:00Z,L09,Fragment,Litsea floribunda,5,Litsea floribunda,Tree,Endemic,NT,0.56358678,0.56358678,S,Bird,Secondary,10
2018-10-09T00:00:00Z,L09,Fragment,Xanthophyllum flavescens,6,Xanthophyllum flavescens,Tree,Endemic,NA,0.682,0.682,M,Mammal,Secondary,8
2018-10-09T00:00:00Z,L09,Fragment,Diospyros sylvatica,15,Diospyros sylvatica,Tree,Endemic,NA,0.701678322,0.701678322,S,Mammal,Mature,35
2018-10-09T00:00:00Z,L09,Fragment,Aglaia canarana,16,Aglaia lawii,Tree,Native,LC,0.595,0.595,L,Bird,Mature,30
2018-10-09T00:00:00Z,L09,Fragment,Litsea oleoides,9,Litsea oleoides,Tree,Endemic,NA,NA,0.42,M,Bird,Mature,12
2018-10-09T00:00:00Z,L09,Fragment,Antidesma menasu,6,Antidesma montanum,Tree,Native,LC,NA,0.624,S,Mammal_bird,Mature,10
2018-10-09T00:00:00Z,L09,Fragment,Actinodaphne malabarica,4,Actinodaphne wightiana,Tree,Endemic,LC,0.619460212,0.619460212,S,Bird,Secondary,12
2018-10-09T00:00:00Z,L09,Fragment,Glochidion malabaricum,2,Phyllanthus assamicus,Tree,Endemic,LC,0.544681677,0.544681677,S,Gravity,Mature,8
2018-10-09T00:00:00Z,L09,Fragment,Myristica dactyloides,9,Myristica beddomei,Tree,Endemic,EN,0.575521845,0.575521845,L,Bird,Mature,20
2018-10-09T00:00:00Z,L09,Fragment,Leea indica,1,Leea indica,Tree,Native,LC,0.483333,0.483333,S,Unknown,Secondary,5
2018-10-09T00:00:00Z,L09,Fragment,Breynia vitis-idaea,1,Breynia vitis-idaea,Shrub,Native,LC,NA,NA,S,Bird,Secondary,4
2018-10-09T00:00:00Z,L09,Fragment,Palaquium ravii,2,Palaquium ravii,Tree,Endemic,EN,NA,0.57,M,Mammal,Mature,25
2018-10-09T00:00:00Z,L09,Fragment,Apollonias arnottii,1,Apollonias arnottii,Tree,Endemic,NA,NA,NA,S,Bird,Mature,6
2018-10-09T00:00:00Z,L09,Fragment,Canarium strictum,1,Canarium strictum,Tree,Native,NA,0.536397312,0.536397312,L,Bird,Mature,30
2018-10-09T00:00:00Z,L09,Fragment,Dysoxylum malabaricum,1,Dysoxylum malabaricum,Tree,Endemic,EN,0.58,0.58,L,Bird,Mature,35
2018-10-09T00:00:00Z,L09,Fragment,Syzygium densiflorum,1,Syzygium densiflorum,Tree,Endemic,VU,NA,0.68,M,Mammal_bird,Mature,15
2018-10-09T00:00:00Z,L09,Fragment,Vernonia arborea,1,Strobocalyx arborea,Tree,Native,LC,0.33,0.33,S,Wind,Secondary,15
2018-10-09T00:00:00Z,L09,Fragment,Psychotria anamallayana,1,Psychotria anamallayana,Tree,Endemic,NA,NA,0.45,S,Mammal_bird,Mature,4
2018-10-09T00:00:00Z,L09,Fragment,Mesua ferrea,1,Mesua ferrea,Tree,Native,NA,0.9,0.9,L,Gravity,Mature,35
2018-10-09T00:00:00Z,L09,Fragment,Holigarna nigra,1,Holigarna nigra,Tree,Endemic,NA,NA,0.493977646,L,Mammal,Mature,35
2018-10-09T00:00:00Z,L09,Fragment,Olea dioica,1,Olea dioica,Tree,Native,NA,0.697202827,0.697202827,S,Mammal,Secondary,15
2018-10-09T00:00:00Z,L09,Fragment,Beilschmiedia wightii,1,Beilschmiedia wightii,Tree,Endemic,NT,NA,0.495,L,Bird,Mature,25
2018-10-08T00:00:00Z,M10,Fragment,Otonephelium stipulaceum,53,Otonephelium stipulaceum,Tree,Endemic,NA,0.709023925,0.709023925,S,Mammal_bird,Mature,28
2018-10-08T00:00:00Z,M10,Fragment,Drypetes malabarica,2,Drypetes malabarica,Tree,Endemic,NA,NA,0.7175,S,Gravity,Mature,20
2018-10-08T00:00:00Z,M10,Fragment,Holigarna nigra,3,Holigarna nigra,Tree,Endemic,NA,NA,0.493977646,L,Mammal,Mature,35
2018-10-08T00:00:00Z,M10,Fragment,Litsea oleoides,2,Litsea oleoides,Tree,Endemic,NA,NA,0.42,M,Bird,Mature,12
2018-10-08T00:00:00Z,M10,Fragment,Coffea canephora,38,Coffea canephora,Tree,Introduced,EN,NA,NA,S,Mammal,Int,6
2018-10-08T00:00:00Z,M10,Fragment,Aglaia canarana,1,Aglaia lawii,Tree,Native,LC,0.595,0.595,L,Bird,Mature,30
2018-10-08T00:00:00Z,M10,Fragment,Litsea floribunda,1,Litsea floribunda,Tree,Endemic,NT,0.56358678,0.56358678,S,Bird,Secondary,10
2018-10-08T00:00:00Z,M10,Fragment,Phoebe lanceolata,1,Phoebe lanceolata,Tree,Native,LC,NA,0.49,S,Bird,Mature,8
2018-10-08T00:00:00Z,M10,Fragment,Turpinia malabarica,3,Turpinia malabarica,Tree,Endemic,NA,NA,0.453,S,Mammal,Mature,12
2018-10-08T00:00:00Z,M10,Fragment,Paracroton pendulus,2,Paracroton pendulus,Tree,Endemic,LC,0.46,0.46,S,Gravity,Mature,30
2018-10-08T00:00:00Z,M10,Fragment,Actinodaphne malabarica,1,Actinodaphne wightiana,Tree,Endemic,LC,0.619460212,0.619460212,S,Bird,Secondary,12
2018-10-08T00:00:00Z,M10,Fragment,Drypetes wightii,4,Drypetes wightii,Tree,Endemic,VU,NA,0.7175,M,Bird,Mature,12
2018-10-08T00:00:00Z,M10,Fragment,Psychotria anamallayana,2,Psychotria anamallayana,Tree,Endemic,NA,NA,0.45,S,Mammal_bird,Mature,4
2018-10-08T00:00:00Z,M10,Fragment,Dysoxylum binectariferum,1,Dysoxylum gotadhora,Tree,Endemic,NA,0.606,0.606,L,Bird,Mature,25
2018-10-08T00:00:00Z,M10,Fragment,Ficus exasperata,1,Ficus exasperata,Tree,Native,LC,NA,0.42,S,Mammal_bird,Secondary,18
2018-10-08T00:00:00Z,M10,Fragment,Xanthophyllum flavescens,2,Xanthophyllum flavescens,Tree,Endemic,NA,0.682,0.682,M,Mammal,Secondary,8
2018-10-08T00:00:00Z,L10,Fragment,Xanthophyllum flavescens,2,Xanthophyllum flavescens,Tree,Endemic,NA,0.682,0.682,M,Mammal,Secondary,8
2018-10-08T00:00:00Z,L10,Fragment,Diospyros sylvatica,1,Diospyros sylvatica,Tree,Endemic,NA,0.701678322,0.701678322,S,Mammal,Mature,35
2018-10-08T00:00:00Z,L10,Fragment,Actinodaphne malabarica,6,Actinodaphne wightiana,Tree,Endemic,LC,0.619460212,0.619460212,S,Bird,Secondary,12
2018-10-08T00:00:00Z,L10,Fragment,Aglaia canarana,19,Aglaia lawii,Tree,Native,LC,0.595,0.595,L,Bird,Mature,30
2018-10-08T00:00:00Z,L10,Fragment,Leea indica,3,Leea indica,Tree,Native,LC,0.483333,0.483333,S,Unknown,Secondary,5
2018-10-08T00:00:00Z,L10,Fragment,Wrightia sp.,1,Wrightia sp.,Tree,Native,NA,NA,0.535161577,S,Wind,Secondary,NA
2018-10-08T00:00:00Z,L10,Fragment,Glochidion malabaricum,1,Phyllanthus assamicus,Tree,Endemic,LC,0.544681677,0.544681677,S,Gravity,Mature,8
2018-10-08T00:00:00Z,L10,Fragment,Coffea canephora,5,Coffea canephora,Tree,Introduced,EN,NA,NA,S,Mammal,Int,6
2018-10-08T00:00:00Z,L10,Fragment,Persea macrantha,1,Machilus glaucescens,Tree,Endemic,NA,0.427,0.427,S,Bird,Secondary,30
2018-10-08T00:00:00Z,L10,Fragment,Olea dioica,2,Olea dioica,Tree,Native,NA,0.697202827,0.697202827,S,Mammal,Secondary,15
2018-10-08T00:00:00Z,L10,Fragment,Litsea oleoides,2,Litsea oleoides,Tree,Endemic,NA,NA,0.42,M,Bird,Mature,12
2018-10-08T00:00:00Z,L10,Fragment,Turpinia malabarica,2,Turpinia malabarica,Tree,Endemic,NA,NA,0.453,S,Mammal,Mature,12
2018-10-08T00:00:00Z,L10,Fragment,Beilschmiedia wightii,1,Beilschmiedia wightii,Tree,Endemic,NT,NA,0.495,L,Bird,Mature,25
2018-10-08T00:00:00Z,L10,Fragment,Cinnamomum malabatrum,3,Cinnamomum malabathrum,Tree,Endemic,LC,NA,0.475,S,Bird,Secondary,15
2018-10-08T00:00:00Z,L10,Fragment,Vateria indica,3,Vateria indica,Tree,Endemic,VU,0.48,0.48,L,Gravity,Mature,60
2018-10-08T00:00:00Z,L10,Fragment,Otonephelium stipulaceum,2,Otonephelium stipulaceum,Tree,Endemic,NA,0.709023925,0.709023925,S,Mammal_bird,Mature,28
2018-10-08T00:00:00Z,L10,Fragment,Macaranga indica,2,Macaranga indica,Tree,Native,LC,NA,0.33,S,Bird,Secondary,16
2018-10-08T00:00:00Z,L10,Fragment,Antidesma menasu,3,Antidesma montanum,Tree,Native,LC,NA,0.624,S,Mammal_bird,Mature,10
2018-10-08T00:00:00Z,L10,Fragment,Elaeocarpus tuberculatus,1,Elaeocarpus tuberculatus,Tree,Native,NA,0.45065475,0.45065475,L,Mammal,Mature,40
2018-10-08T00:00:00Z,K10,Fragment,Litsea oleoides,3,Litsea oleoides,Tree,Endemic,NA,NA,0.42,M,Bird,Mature,12
2018-10-08T00:00:00Z,K10,Fragment,Vateria indica,7,Vateria indica,Tree,Endemic,VU,0.48,0.48,L,Gravity,Mature,60
2018-10-08T00:00:00Z,K10,Fragment,Glochidion malabaricum,4,Phyllanthus assamicus,Tree,Endemic,LC,0.544681677,0.544681677,S,Gravity,Mature,8
2018-10-08T00:00:00Z,K10,Fragment,Litsea floribunda,1,Litsea floribunda,Tree,Endemic,NT,0.56358678,0.56358678,S,Bird,Secondary,10
2018-10-08T00:00:00Z,K10,Fragment,Leea indica,1,Leea indica,Tree,Native,LC,0.483333,0.483333,S,Unknown,Secondary,5
2018-10-08T00:00:00Z,K10,Fragment,Diospyros sylvatica,1,Diospyros sylvatica,Tree,Endemic,NA,0.701678322,0.701678322,S,Mammal,Mature,35
2018-10-08T00:00:00Z,K10,Fragment,Xanthophyllum flavescens,2,Xanthophyllum flavescens,Tree,Endemic,NA,0.682,0.682,M,Mammal,Secondary,8
2018-10-08T00:00:00Z,K10,Fragment,Actinodaphne malabarica,2,Actinodaphne wightiana,Tree,Endemic,LC,0.619460212,0.619460212,S,Bird,Secondary,12
2018-10-08T00:00:00Z,K10,Fragment,Cinnamomum malabatrum,1,Cinnamomum malabathrum,Tree,Endemic,LC,NA,0.475,S,Bird,Secondary,15
2018-10-08T00:00:00Z,K10,Fragment,Symplocos cochinchinensis,1,Symplocos cochinchinensis,Tree,Native,NA,0.538,0.538,S,Bird,Secondary,10
2018-10-08T00:00:00Z,K10,Fragment,Drypetes malabarica,1,Drypetes malabarica,Tree,Endemic,NA,NA,0.7175,S,Gravity,Mature,20
2018-10-08T00:00:00Z,K10,Fragment,Toona ciliata,1,Toona ciliata,Tree,Native,LC,0.496,0.496,S,Wind,Secondary,28
2018-10-08T00:00:00Z,K10,Fragment,Breynia vitis-idaea,1,Breynia vitis-idaea,Shrub,Native,LC,NA,NA,S,Bird,Secondary,4
2018-10-13T00:00:00Z,G04,Fragment,Leea indica,5,Leea indica,Tree,Native,LC,0.483333,0.483333,S,Unknown,Secondary,5
2018-10-13T00:00:00Z,G04,Fragment,Melicope lunu-ankenda,1,Melicope lunu-ankenda,Tree,Native,LC,0.411118888,0.411118888,S,Mammal,Secondary,10
2018-10-13T00:00:00Z,G04,Fragment,Xanthophyllum flavescens,3,Xanthophyllum flavescens,Tree,Endemic,NA,0.682,0.682,M,Mammal,Secondary,8
2018-10-13T00:00:00Z,G04,Fragment,Meiogyne pannosa,2,Meiogyne pannosa,Tree,Endemic,NT,NA,NA,S,Bird,Mature,8
2018-10-13T00:00:00Z,G04,Fragment,Antidesma menasu,1,Antidesma montanum,Tree,Native,LC,NA,0.624,S,Mammal_bird,Mature,10
2018-10-13T00:00:00Z,G04,Fragment,Heynea trijuga,3,Heynea trijuga,Tree,Native,LC,0.493174229,0.493174229,M,Bird,Secondary,10
2018-10-13T00:00:00Z,G04,Fragment,Actinodaphne malabarica,1,Actinodaphne wightiana,Tree,Endemic,LC,0.619460212,0.619460212,S,Bird,Secondary,12
2018-10-13T00:00:00Z,G04,Fragment,Drypetes malabarica,5,Drypetes malabarica,Tree,Endemic,NA,NA,0.7175,S,Gravity,Mature,20
2022-12-23T00:00:00Z,PANM_P1B,Fragment,Meiogyne pannosa,4,Meiogyne pannosa,Tree,Endemic,NT,NA,NA,S,Bird,Mature,8
2022-12-23T00:00:00Z,PANM_P1B,Fragment,Villebrunea integrifolia,2,Oreocnide integrifolia,Tree,Native,NA,NA,NA,S,Bird,Secondary,8
2022-12-23T00:00:00Z,PANM_P1B,Fragment,Myristica beddomei,1,Myristica beddomei,Tree,Endemic,EN,0.575521845,0.575521845,L,Bird,Mature,20
2022-12-23T00:00:00Z,PANM_P1B,Fragment,Syzygium rubicundum,1,Syzygium rubicundum,Tree,Endemic,NA,NA,0.68,S,Mammal_bird,Mature,15
2022-12-23T00:00:00Z,PANM_P1B,Fragment,Palaquium ellipticum,42,Palaquium ellipticum,Tree,Endemic,NA,0.55093772,0.55093772,L,Mammal,Mature,35
2022-12-23T00:00:00Z,PANM_P1B,Fragment,Litsea floribunda,3,Litsea floribunda,Tree,Endemic,NT,0.56358678,0.56358678,S,Bird,Secondary,10
2022-12-23T00:00:00Z,PANM_P1B,Fragment,Syzygium mundagam,2,Syzygium mundagam,Tree,Endemic,NA,NA,0.68,M,Mammal_bird,Mature,10
2022-12-23T00:00:00Z,PANM_P1B,Fragment,Dendrocnide sinuata,4,Dendrocnide sinuata,Tree,Endemic,NA,NA,NA,S,Bird,Secondary,5
2022-12-23T00:00:00Z,PANM_P1B,Fragment,Acronychia pedunculata,1,Acronychia pedunculata,Tree,Native,LC,0.4795,0.4795,S,Mammal_bird,Secondary,10
2022-12-23T00:00:00Z,PANM_P1B,Fragment,Dimocarpus longan,1,Dimocarpus longan,Tree,Native,DD,0.748685273,0.748685273,S,Mammal,Mature,25
2022-12-23T00:00:00Z,PANM_P1B,Fragment,Aglaia simplicifolia,1,Aglaia simplicifolia,Tree,Native,NT,0.680036834,0.680036834,L,Bird,Mature,6
2022-12-23T00:00:00Z,PANM_P1B,Fragment,Lepisanthes erecta,1,Lepisanthes erecta,Tree,Native,NA,NA,0.63,M,Mammal,Mature,5
2022-12-23T00:00:00Z,PANM_P1B,Fragment,Epiprinus mallotiformis,1,Epiprinus mallotiformis,Tree,Endemic,NA,NA,NA,S,Gravity,Mature,12
2022-12-23T00:00:00Z,PANM_P1B,Fragment,Ardisia pauciflora,1,Ardisia pauciflora,Tree,Endemic,NA,NA,0.62,S,Bird,Mature,6
2022-12-23T00:00:00Z,PANM_P2B,Fragment,Artocarpus heterophyllus,1,Artocarpus heterophyllus,Tree,Native,NA,0.484,0.484,L,Mammal,Mature,20
2022-12-23T00:00:00Z,PANM_P2B,Fragment,Dendrocnide sinuata,7,Dendrocnide sinuata,Tree,Endemic,NA,NA,NA,S,Bird,Secondary,5
2022-12-23T00:00:00Z,PANM_P2B,Fragment,Litsea floribunda,4,Litsea floribunda,Tree,Endemic,NT,0.56358678,0.56358678,S,Bird,Secondary,10
2022-12-23T00:00:00Z,PANM_P2B,Fragment,Phoebe lanceolata,1,Phoebe lanceolata,Tree,Native,LC,NA,0.49,S,Bird,Mature,8
2022-12-23T00:00:00Z,PANM_P2B,Fragment,Meiogyne pannosa,2,Meiogyne pannosa,Tree,Endemic,NT,NA,NA,S,Bird,Mature,8
2022-12-23T00:00:00Z,PANM_P2B,Fragment,Beilschmiedia wightii,1,Beilschmiedia wightii,Tree,Endemic,NT,NA,0.495,L,Bird,Mature,25
2022-12-23T00:00:00Z,PANM_P2B,Fragment,Caryota urens,2,Caryota urens,Palm,Native,LC,NA,0.3,M,Mammal_bird,Secondary,15
2022-12-23T00:00:00Z,PANM_P2B,Fragment,Villebrunea integrifolia,2,Oreocnide integrifolia,Tree,Native,NA,NA,NA,S,Bird,Secondary,8
2022-12-23T00:00:00Z,PANM_P2B,Fragment,Syzygium mundagam,2,Syzygium mundagam,Tree,Endemic,NA,NA,0.68,M,Mammal_bird,Mature,10
2022-12-23T00:00:00Z,PANM_P2B,Fragment,Palaquium ellipticum,2,Palaquium ellipticum,Tree,Endemic,NA,0.55093772,0.55093772,L,Mammal,Mature,35
2022-12-23T00:00:00Z,PANM_P2B,Fragment,Litsea oleoides,1,Litsea oleoides,Tree,Endemic,NA,NA,0.42,M,Bird,Mature,12
2022-12-23T00:00:00Z,PANM_P2B,Fragment,Actinodaphne bourdillonii,1,Actinodaphne bourdillonii,Tree,Endemic,NT,NA,0.52,S,Bird,Secondary,10
2022-12-24T00:00:00Z,SIRK_P1D,Fragment,Aporosa sp.,25,Aporosa sp.,Tree,Endemic,NA,NA,0.614922652,S,Bird,Mature,NA
2022-12-24T00:00:00Z,SIRK_P1D,Fragment,Symplocos cochinchinensis,9,Symplocos cochinchinensis,Tree,Native,NA,0.538,0.538,S,Bird,Secondary,10
2022-12-24T00:00:00Z,SIRK_P1D,Fragment,Xanthophyllum flavescens,8,Xanthophyllum flavescens,Tree,Endemic,NA,0.682,0.682,M,Mammal,Secondary,8
2022-12-24T00:00:00Z,SIRK_P1D,Fragment,Actinodaphne tadulingamii,2,Actinodaphne tadulingamii,Tree,Endemic,NT,NA,0.52,S,Bird,Secondary,10
2022-12-24T00:00:00Z,SIRK_P1D,Fragment,Atalantia racemosa,2,Atalantia racemosa,Tree,Endemic,LC,NA,NA,S,Mammal,Secondary,4
2022-12-24T00:00:00Z,SIRK_P1D,Fragment,Litsea floribunda,2,Litsea floribunda,Tree,Endemic,NT,0.56358678,0.56358678,S,Bird,Secondary,10
2022-12-24T00:00:00Z,SIRK_P2D,Fragment,Symplocos cochinchinensis,9,Symplocos cochinchinensis,Tree,Native,NA,0.538,0.538,S,Bird,Secondary,10
2022-12-24T00:00:00Z,SIRK_P2D,Fragment,Litsea floribunda,9,Litsea floribunda,Tree,Endemic,NT,0.56358678,0.56358678,S,Bird,Secondary,10
2022-12-24T00:00:00Z,SIRK_P2D,Fragment,Maesopsis eminii,19,Maesopsis eminii,Tree,Introduced,LC,0.34,0.34,L,Mammal_bird,Int,30
2022-12-24T00:00:00Z,SIRK_P2D,Fragment,Elaeocarpus serratus,1,Elaeocarpus serratus,Tree,Native,NA,0.569530272,0.569530272,L,Mammal,Mature,18
2022-12-24T00:00:00Z,SIRK_P3D,Fragment,Symplocos cochinchinensis,14,Symplocos cochinchinensis,Tree,Native,NA,0.538,0.538,S,Bird,Secondary,10
2022-12-24T00:00:00Z,SIRK_P3D,Fragment,Gliricidia sepium,8,Gliricidia sepium,Tree,Introduced,LC,0.74,0.74,S,Gravity,Int,12
2022-12-24T00:00:00Z,SIRK_P3D,Fragment,Xanthophyllum flavescens,5,Xanthophyllum flavescens,Tree,Endemic,NA,0.682,0.682,M,Mammal,Secondary,8
2022-12-24T00:00:00Z,SIRK_P3D,Fragment,Diospyros sylvatica,1,Diospyros sylvatica,Tree,Endemic,NA,0.701678322,0.701678322,S,Mammal,Mature,35
2022-12-24T00:00:00Z,SIRK_P3D,Fragment,Aporosa sp.,5,Aporosa sp.,Tree,Endemic,NA,NA,0.614922652,S,Bird,Mature,NA
2022-12-24T00:00:00Z,SIRK_P3D,Fragment,Atalantia racemosa,2,Atalantia racemosa,Tree,Endemic,LC,NA,NA,S,Mammal,Secondary,4
2022-12-24T00:00:00Z,SIRK_P3D,Fragment,Nothapodytes nimmoniana,1,Mappia nimmoniana,Tree,Native,NA,NA,NA,M,Bird,Secondary,8
2022-12-24T00:00:00Z,SIRK_P3D,Fragment,Ficus hispida,1,Ficus hispida,Tree,Native,LC,0.413,0.413,S,Mammal,Secondary,10
2022-12-24T00:00:00Z,SIRK_P3D,Fragment,Acronychia pedunculata,1,Acronychia pedunculata,Tree,Native,LC,0.4795,0.4795,S,Mammal_bird,Secondary,10
2022-12-24T00:00:00Z,SIRK_P3D,Fragment,Litsea floribunda,1,Litsea floribunda,Tree,Endemic,NT,0.56358678,0.56358678,S,Bird,Secondary,10
2022-12-22T00:00:00Z,PTTM_P1D,Fragment,Clerodendrum viscosum,6,Clerodendrum infortunatum,Tree,Native,LC,0.484259167,0.484259167,S,Bird,Secondary,4
2022-12-22T00:00:00Z,PTTM_P1D,Fragment,Diospyros sylvatica,1,Diospyros sylvatica,Tree,Endemic,NA,0.701678322,0.701678322,S,Mammal,Mature,35
2022-12-22T00:00:00Z,PTTM_P1D,Fragment,Acronychia pedunculata,1,Acronychia pedunculata,Tree,Native,LC,0.4795,0.4795,S,Mammal_bird,Secondary,10
2022-12-22T00:00:00Z,PTTM_P1D,Fragment,Litsea floribunda,5,Litsea floribunda,Tree,Endemic,NT,0.56358678,0.56358678,S,Bird,Secondary,10
2022-12-22T00:00:00Z,PTTM_P1D,Fragment,Coffea arabica,115,Coffea arabica,Shrub,Introduced,EN,NA,NA,S,Mammal,Int,6
2022-12-22T00:00:00Z,PTTM_P1D,Fragment,Maesopsis eminii,7,Maesopsis eminii,Tree,Introduced,LC,0.34,0.34,L,Mammal_bird,Int,30
2022-12-22T00:00:00Z,PTTM_P1D,Fragment,Coffea robusta,16,Coffea canephora,Tree,Introduced,EN,NA,NA,S,Mammal,Int,6
2022-12-22T00:00:00Z,PTTM_P1D,Fragment,Otonephelium stipulaceum,1,Otonephelium stipulaceum,Tree,Endemic,NA,0.709023925,0.709023925,S,Mammal_bird,Mature,28
2022-12-22T00:00:00Z,PTTM_P1D,Fragment,Actinodaphne bourdillonii,1,Actinodaphne bourdillonii,Tree,Endemic,NT,NA,0.52,S,Bird,Secondary,10
2022-12-22T00:00:00Z,PTTM_P1D,Fragment,Olea dioica,1,Olea dioica,Tree,Native,NA,0.697202827,0.697202827,S,Mammal,Secondary,15
2022-12-22T00:00:00Z,PTTM_P2D,Fragment,Coffea robusta,114,Coffea canephora,Tree,Introduced,EN,NA,NA,S,Mammal,Int,6
2022-12-22T00:00:00Z,PTTM_P2D,Fragment,Diospyros sylvatica,11,Diospyros sylvatica,Tree,Endemic,NA,0.701678322,0.701678322,S,Mammal,Mature,35
2022-12-22T00:00:00Z,PTTM_P2D,Fragment,Dysoxylum binectariferum,1,Dysoxylum gotadhora,Tree,Endemic,NA,0.606,0.606,L,Bird,Mature,25
2022-12-22T00:00:00Z,PTTM_P2D,Fragment,Litsea oleoides,3,Litsea oleoides,Tree,Endemic,NA,NA,0.42,M,Bird,Mature,12
2022-12-22T00:00:00Z,PTTM_P2D,Fragment,Heritiera papilio,14,Heritiera papilio,Tree,Native,NA,NA,0.688,M,Wind,Mature,30
2022-12-22T00:00:00Z,PTTM_P2D,Fragment,Olea dioica,7,Olea dioica,Tree,Native,NA,0.697202827,0.697202827,S,Mammal,Secondary,15
2022-12-22T00:00:00Z,PTTM_P2D,Fragment,Clerodendrum viscosum,1,Clerodendrum infortunatum,Tree,Native,LC,0.484259167,0.484259167,S,Bird,Secondary,4
2022-12-22T00:00:00Z,PTTM_P2D,Fragment,Coffea arabica,1,Coffea arabica,Shrub,Introduced,EN,NA,NA,S,Mammal,Int,6
2022-12-22T00:00:00Z,PTTM_P2D,Fragment,Dimocarpus longan,3,Dimocarpus longan,Tree,Native,DD,0.748685273,0.748685273,S,Mammal,Mature,25
2022-12-22T00:00:00Z,PTTM_P2D,Fragment,Heynea trijuga,2,Heynea trijuga,Tree,Native,LC,0.493174229,0.493174229,M,Bird,Secondary,10
2022-12-22T00:00:00Z,PTTM_P2D,Fragment,Chionanthus courtallensis,2,Chionanthus albidiflorus,Tree,Endemic,NA,NA,0.668601818,M,Mammal_bird,Mature,22
2022-12-22T00:00:00Z,PTTM_P2D,Fragment,Litsea sp.,1,Litsea sp.,Tree,Endemic,NA,NA,0.42,S,Bird,Mature,10
2022-12-22T00:00:00Z,PTTM_P2D,Fragment,Actinodaphne bourdillonii,1,Actinodaphne bourdillonii,Tree,Endemic,NT,NA,0.52,S,Bird,Secondary,10
2022-12-22T00:00:00Z,IPCO_08U,Fragment,Meiogyne pannosa,10,Meiogyne pannosa,Tree,Endemic,NT,NA,NA,S,Bird,Mature,8
2022-12-22T00:00:00Z,IPCO_08U,Fragment,Microtropis wallichiana,10,Microtropis wallichiana,Tree,Native,NA,NA,0.54,S,Mammal_bird,Mature,15
2022-12-22T00:00:00Z,IPCO_08U,Fragment,Maesa indica,10,Maesa indica,Tree,Native,LC,NA,NA,S,Mammal_bird,Secondary,4
2022-12-22T00:00:00Z,IPCO_08U,Fragment,Clerodendrum viscosum,9,Clerodendrum infortunatum,Tree,Native,LC,0.484259167,0.484259167,S,Bird,Secondary,4
2022-12-22T00:00:00Z,IPCO_08U,Fragment,Nothapodytes nimmoniana,3,Mappia nimmoniana,Tree,Native,NA,NA,NA,M,Bird,Secondary,8
2022-12-22T00:00:00Z,IPCO_08U,Fragment,Heritiera papilio,3,Heritiera papilio,Tree,Native,NA,NA,0.688,M,Wind,Mature,30
2022-12-22T00:00:00Z,IPCO_08U,Fragment,Atalantia racemosa,4,Atalantia racemosa,Tree,Endemic,LC,NA,NA,S,Mammal,Secondary,4
2022-12-22T00:00:00Z,IPCO_08U,Fragment,Lepisanthes deficiens,1,Lepisanthes tetraphylla,Tree,Endemic,LC,0.81,0.81,L,Mammal,Mature,5
2022-12-21T00:00:00Z,HP40_08U,Fragment,Meiogyne pannosa,8,Meiogyne pannosa,Tree,Endemic,NT,NA,NA,S,Bird,Mature,8
2022-12-21T00:00:00Z,HP40_08U,Fragment,Pseudoglochidion anamalayanum,1,Phyllanthus anamalayanus,Tree,Endemic,CR,NA,0.642090339,S,Gravity,Mature,10
2022-12-21T00:00:00Z,HP40_08U,Fragment,Atalantia racemosa,48,Atalantia racemosa,Tree,Endemic,LC,NA,NA,S,Mammal,Secondary,4
2022-12-21T00:00:00Z,HP40_08U,Fragment,Diospyros nilagirica,3,Diospyros nilagirica,Tree,Endemic,NA,NA,0.672,S,Mammal,Mature,20
2022-12-21T00:00:00Z,HP40_08U,Fragment,Syzygium densiflorum,1,Syzygium densiflorum,Tree,Endemic,VU,NA,0.68,M,Mammal_bird,Mature,15
2022-12-21T00:00:00Z,HP40_08U,Fragment,Clerodendrum viscosum,4,Clerodendrum infortunatum,Tree,Native,LC,0.484259167,0.484259167,S,Bird,Secondary,4
2022-12-21T00:00:00Z,HP40_08U,Fragment,Litsea bourdillonii,6,Litsea bourdillonii,Tree,Endemic,NT,NA,0.42,S,Bird,Mature,18
2022-12-21T00:00:00Z,HP40_08U,Fragment,Aporosa sp.,1,Aporosa sp.,Tree,Endemic,NA,NA,0.614922652,S,Bird,Mature,NA
2022-12-21T00:00:00Z,HP40_08U,Fragment,Montanoa sp.,5,Montanoa sp.,Shrub,Introduced,NA,NA,NA,NA,Gravity,Int,6
2022-12-21T00:00:00Z,HP40_08U,Fragment,Dimocarpus longan,0,Dimocarpus longan,Tree,Native,DD,0.748685273,0.748685273,S,Mammal,Mature,25
2022-12-21T00:00:00Z,HP40_08U,Fragment,Nothapodytes nimmoniana,1,Mappia nimmoniana,Tree,Native,NA,NA,NA,M,Bird,Secondary,8
2022-12-21T00:00:00Z,HP40_08U,Fragment,Palaquium ellipticum,1,Palaquium ellipticum,Tree,Endemic,NA,0.55093772,0.55093772,L,Mammal,Mature,35
2022-12-21T00:00:00Z,IPTO_07U,Fragment,Lantana camara,8,Lantana camara,Shrub,Introduced,NA,NA,NA,S,Mammal_bird,Int,5
2022-12-21T00:00:00Z,IPTO_07U,Fragment,Clerodendrum viscosum,6,Clerodendrum infortunatum,Tree,Native,LC,0.484259167,0.484259167,S,Bird,Secondary,4
2022-12-21T00:00:00Z,IPTO_07U,Fragment,Neolitsea zeylanica,3,Neolitsea zeylanica,Tree,Native,LC,NA,0.535334221,S,Bird,Mature,20
2022-12-21T00:00:00Z,IPTO_07U,Fragment,Ficus hispida,1,Ficus hispida,Tree,Native,LC,0.413,0.413,S,Mammal,Secondary,10
2022-12-22T00:00:00Z,THEN_10U,Fragment,Maesopsis eminii,10,Maesopsis eminii,Tree,Introduced,LC,0.34,0.34,L,Mammal_bird,Int,30
2022-12-22T00:00:00Z,THEN_10U,Fragment,Maesa indica,5,Maesa indica,Tree,Native,LC,NA,NA,S,Mammal_bird,Secondary,4
2022-12-22T00:00:00Z,THEN_10U,Fragment,Coffea arabica,5,Coffea arabica,Shrub,Introduced,EN,NA,NA,S,Mammal,Int,6
2022-12-22T00:00:00Z,THEN_10U,Fragment,Litsea coriacea,3,Litsea coriacea,Tree,Endemic,NT,NA,0.42,S,Mammal_bird,Mature,12
2022-12-22T00:00:00Z,THEN_10U,Fragment,Cinnamomum malabatrum,7,Cinnamomum malabathrum,Tree,Endemic,LC,NA,0.475,S,Bird,Secondary,15
2022-12-22T00:00:00Z,THEN_10U,Fragment,Lantana camara,5,Lantana camara,Shrub,Introduced,NA,NA,NA,S,Mammal_bird,Int,5
2022-12-22T00:00:00Z,THEN_10U,Fragment,Artocarpus heterophyllus,1,Artocarpus heterophyllus,Tree,Native,NA,0.484,0.484,L,Mammal,Mature,20
2022-12-22T00:00:00Z,THEN_10U,Fragment,Actinodaphne malabarica,2,Actinodaphne wightiana,Tree,Endemic,LC,0.619460212,0.619460212,S,Bird,Secondary,12
2022-12-22T00:00:00Z,VAR2_10U,Fragment,Clerodendrum viscosum,2,Clerodendrum infortunatum,Tree,Native,LC,0.484259167,0.484259167,S,Bird,Secondary,4
2022-12-22T00:00:00Z,VAR2_10U,Fragment,Atalantia racemosa,3,Atalantia racemosa,Tree,Endemic,LC,NA,NA,S,Mammal,Secondary,4
2022-12-22T00:00:00Z,VAR2_10U,Fragment,Lantana camara,5,Lantana camara,Shrub,Introduced,NA,NA,NA,S,Mammal_bird,Int,5
2022-12-22T00:00:00Z,VAR2_10U,Fragment,Montanoa hibiscifolia,6,Montanoa hibiscifolia,Shrub,Introduced,NA,NA,NA,S,Gravity,Int,6
2022-12-22T00:00:00Z,VAR2_10U,Fragment,Maesa indica,1,Maesa indica,Tree,Native,LC,NA,NA,S,Mammal_bird,Secondary,4
2022-12-22T00:00:00Z,VAR3_10U,Fragment,Atalantia racemosa,25,Atalantia racemosa,Tree,Endemic,LC,NA,NA,S,Mammal,Secondary,4
2022-12-22T00:00:00Z,VAR3_10U,Fragment,Montanoa hibiscifolia,1,Montanoa hibiscifolia,Shrub,Introduced,NA,NA,NA,S,Gravity,Int,6
2022-12-22T00:00:00Z,VAR3_10U,Fragment,Clerodendrum viscosum,1,Clerodendrum infortunatum,Tree,Native,LC,0.484259167,0.484259167,S,Bird,Secondary,4
2022-12-22T00:00:00Z,VAR3_10U,Fragment,Nothapodytes nimmoniana,2,Mappia nimmoniana,Tree,Native,NA,NA,NA,M,Bird,Secondary,8
2022-12-22T00:00:00Z,VAR3_10U,Fragment,Maesa indica,3,Maesa indica,Tree,Native,LC,NA,NA,S,Mammal_bird,Secondary,4
2022-12-22T00:00:00Z,VAR3_10U,Fragment,Litsea oleoides,1,Litsea oleoides,Tree,Endemic,NA,NA,0.42,M,Bird,Mature,12
2022-12-22T00:00:00Z,VAR4_10U,Fragment,Aporosa acuminata,5,Aporosa acuminata,Tree,Endemic,NA,NA,0.492461326,S,Bird,Mature,5
2022-12-22T00:00:00Z,VAR4_10U,Fragment,Microtropis wallichiana,1,Microtropis wallichiana,Tree,Native,NA,NA,0.54,S,Mammal_bird,Mature,15
2022-12-22T00:00:00Z,VAR4_10U,Fragment,Cryptocarya anamalayana,1,Cryptocarya anamalayana,Tree,Endemic,EN,NA,0.515,M,Bird,Mature,8
2022-12-22T00:00:00Z,VAR4_10U,Fragment,Coffea arabica,2,Coffea arabica,Shrub,Introduced,EN,NA,NA,S,Mammal,Int,6
2022-12-22T00:00:00Z,VAR4_10U,Fragment,Coffea robusta,33,Coffea canephora,Tree,Introduced,EN,NA,NA,S,Mammal,Int,6
2022-12-22T00:00:00Z,VAR4_10U,Fragment,Dimocarpus longan,1,Dimocarpus longan,Tree,Native,DD,0.748685273,0.748685273,S,Mammal,Mature,25
2022-12-22T00:00:00Z,OLV2_08U,Fragment,Atalantia racemosa,76,Atalantia racemosa,Tree,Endemic,LC,NA,NA,S,Mammal,Secondary,4
2022-12-22T00:00:00Z,OLV2_08U,Fragment,Murraya paniculata,1,Murraya paniculata,Tree,Native,NA,0.867,0.867,S,Bird,Secondary,12
2022-12-22T00:00:00Z,OLV2_08U,Fragment,Cinnamomum malabatrum,4,Cinnamomum malabathrum,Tree,Endemic,LC,NA,0.475,S,Bird,Secondary,15
2022-12-22T00:00:00Z,OLV2_08U,Fragment,Clausena indica,12,Clausena indica,Tree,Endemic,NA,NA,NA,S,Mammal_bird,Secondary,4
2022-12-22T00:00:00Z,OLV2_08U,Fragment,Sterculia guttata,2,Sterculia guttata,Tree,Native,NA,0.401092775,0.401092775,M,Mammal_bird,Secondary,20
2022-12-22T00:00:00Z,OLV2_08U,Fragment,Maesopsis eminii,2,Maesopsis eminii,Tree,Introduced,LC,0.34,0.34,L,Mammal_bird,Int,30
2022-12-22T00:00:00Z,OLV2_08U,Fragment,Clausena anisata,1,Clausena anisata,Tree,Native,LC,NA,NA,S,Bird,Mature,5
2022-12-22T00:00:00Z,OLV2_08U,Fragment,Litsea ghatica,1,Litsea ghatica,Tree,Endemic,VU,NA,0.42,S,Bird,Secondary,10
2022-12-22T00:00:00Z,OLV2_08U,Fragment,Maesa indica,1,Maesa indica,Tree,Native,LC,NA,NA,S,Mammal_bird,Secondary,4
2022-12-22T00:00:00Z,OLV2_08U,Fragment,Croton laccifer,1,Croton laccifer,Tree,Endemic,NA,NA,0.53,S,Gravity,Mature,10
2022-12-19T00:00:00Z,CH05_08U,Fragment,Litsea oleoides,2,Litsea oleoides,Tree,Endemic,NA,NA,0.42,M,Bird,Mature,12
2022-12-19T00:00:00Z,CH05_08U,Fragment,Actinodaphne malabarica,6,Actinodaphne wightiana,Tree,Endemic,LC,0.619460212,0.619460212,S,Bird,Secondary,12
2022-12-19T00:00:00Z,CH05_08U,Fragment,Aglaia canarana,1,Aglaia lawii,Tree,Native,LC,0.595,0.595,L,Bird,Mature,30
2022-12-19T00:00:00Z,CH05_08U,Fragment,Glochidion malabaricum,1,Phyllanthus assamicus,Tree,Endemic,LC,0.544681677,0.544681677,S,Gravity,Mature,8
2022-12-19T00:00:00Z,CH05_08U,Fragment,Otonephelium stipulaceum,1,Otonephelium stipulaceum,Tree,Endemic,NA,0.709023925,0.709023925,S,Mammal_bird,Mature,28
2022-12-19T00:00:00Z,CH05_08U,Fragment,Beilschmiedia wightii,1,Beilschmiedia wightii,Tree,Endemic,NT,NA,0.495,L,Bird,Mature,25
2022-12-19T00:00:00Z,CH06_09U,Fragment,Leea indica,5,Leea indica,Tree,Native,LC,0.483333,0.483333,S,Unknown,Secondary,5
2022-12-19T00:00:00Z,CH06_09U,Fragment,Turpinia malabarica,19,Turpinia malabarica,Tree,Endemic,NA,NA,0.453,S,Mammal,Mature,12
2022-12-19T00:00:00Z,CH06_09U,Fragment,Garcinia gummi-gutta,1,Garcinia gummi-gutta,Tree,Endemic,LC,0.690402909,0.690402909,L,Mammal,Mature,12
2022-12-19T00:00:00Z,CH06_09U,Fragment,Glochidion malabaricum,2,Phyllanthus assamicus,Tree,Endemic,LC,0.544681677,0.544681677,S,Gravity,Mature,8
2022-12-19T00:00:00Z,CH06_09U,Fragment,Otonephelium stipulaceum,1,Otonephelium stipulaceum,Tree,Endemic,NA,0.709023925,0.709023925,S,Mammal_bird,Mature,28
2022-12-19T00:00:00Z,CH06_09U,Fragment,Garcinia morella,5,Garcinia morella,Tree,Native,LC,0.652374698,0.652374698,S,Mammal,Mature,12
2022-12-19T00:00:00Z,CH06_09U,Fragment,Paracroton pendulus,1,Paracroton pendulus,Tree,Endemic,LC,0.46,0.46,S,Gravity,Mature,30
2022-12-19T00:00:00Z,CH06_09U,Fragment,Drypetes wightii,2,Drypetes wightii,Tree,Endemic,VU,NA,0.7175,M,Bird,Mature,12
2022-12-19T00:00:00Z,CH06_09U,Fragment,Atalantia racemosa,1,Atalantia racemosa,Tree,Endemic,LC,NA,NA,S,Mammal,Secondary,4
2022-12-19T00:00:00Z,CH06_09U,Fragment,Xanthophyllum flavescens,2,Xanthophyllum flavescens,Tree,Endemic,NA,0.682,0.682,M,Mammal,Secondary,8
2022-12-19T00:00:00Z,CH06_09U,Fragment,Persea macrantha,0,Machilus glaucescens,Tree,Endemic,NA,0.427,0.427,S,Bird,Secondary,30
2022-12-19T00:00:00Z,CH06_09U,Fragment,Diospyros sylvatica,5,Diospyros sylvatica,Tree,Endemic,NA,0.701678322,0.701678322,S,Mammal,Mature,35
2022-12-19T00:00:00Z,CH06_09U,Fragment,Myristica beddomei,3,Myristica beddomei,Tree,Endemic,EN,0.575521845,0.575521845,L,Bird,Mature,20
2022-12-19T00:00:00Z,CH06_09U,Fragment,Mastixia arborea,1,Mastixia arborea,Tree,Native,LC,NA,0.465,L,Mammal,Mature,20
2022-12-19T00:00:00Z,CH06_09U,Fragment,Elaeocarpus tuberculatus,1,Elaeocarpus tuberculatus,Tree,Native,NA,0.45065475,0.45065475,L,Mammal,Mature,40
2022-12-19T00:00:00Z,CH06_09U,Fragment,Holigarna nigra,1,Holigarna nigra,Tree,Endemic,NA,NA,0.493977646,L,Mammal,Mature,35
2022-12-19T00:00:00Z,CH06_09U,Fragment,Aglaia canarana,6,Aglaia lawii,Tree,Native,LC,0.595,0.595,L,Bird,Mature,30
2022-12-19T00:00:00Z,CH06_09U,Fragment,Antidesma menasu,1,Antidesma montanum,Tree,Native,LC,NA,0.624,S,Mammal_bird,Mature,10
2022-12-19T00:00:00Z,CH06_09U,Fragment,Clerodendrum viscosum,1,Clerodendrum infortunatum,Tree,Native,LC,0.484259167,0.484259167,S,Bird,Secondary,4
2022-12-19T00:00:00Z,CH06_09U,Fragment,Litsea oleoides,1,Litsea oleoides,Tree,Endemic,NA,NA,0.42,M,Bird,Mature,12
2022-12-19T00:00:00Z,CH06_09U,Fragment,Syzygium rubicundum,1,Syzygium rubicundum,Tree,Endemic,NA,NA,0.68,S,Mammal_bird,Mature,15
2023-04-21T00:00:00Z,AGO_01U,Fragment,Lantana camara,19,Lantana camara,Shrub,Introduced,NA,NA,NA,S,Mammal_bird,Int,5
2023-04-21T00:00:00Z,AGO_01U,Fragment,Gliricidia sepium,6,Gliricidia sepium,Tree,Introduced,LC,0.74,0.74,S,Gravity,Int,12
2023-04-21T00:00:00Z,AGO_01U,Fragment,Actinodaphne bourdillonii,1,Actinodaphne bourdillonii,Tree,Endemic,NT,NA,0.52,S,Bird,Secondary,10
2023-04-21T00:00:00Z,AGO_02U,Fragment,Lantana camara,8,Lantana camara,Shrub,Introduced,NA,NA,NA,S,Mammal_bird,Int,5
2023-04-21T00:00:00Z,AGO_02U,Fragment,Maesa indica,3,Maesa indica,Tree,Native,LC,NA,NA,S,Mammal_bird,Secondary,4
2023-04-21T00:00:00Z,AGO_02U,Fragment,Clerodendrum viscosum,1,Clerodendrum infortunatum,Tree,Native,LC,0.484259167,0.484259167,S,Bird,Secondary,4
2023-04-21T00:00:00Z,AGO_03U,Fragment,Maesa indica,25,Maesa indica,Tree,Native,LC,NA,NA,S,Mammal_bird,Secondary,4
2023-04-21T00:00:00Z,AGO_03U,Fragment,Clerodendrum viscosum,5,Clerodendrum infortunatum,Tree,Native,LC,0.484259167,0.484259167,S,Bird,Secondary,4
