"recordedBy","username","timestamp","date","time","decimalLatitude","decimalLongitude","GPSaltitude","GPSaccuracy","place","habitat","species","count","countType","obsType","notes","imageID","instanceID"
"T R Shankar Raman","trsraman","11Jan2020_20:28",2020-01-11,19:30,10.3450441,76.9813483,"NA","NA","Upper_Paralai","Tea_Plantation","Black_Naped_Hare",1,"Total_count","Sighting"," ","NA","uuid:f99e7f91-fe8e-44f9-bba2-bafae799fda9"
"T R Shankar Raman","trsraman","11Jan2020_20:30",2020-01-11,17:30,10.3471188,76.9817734,"NA","NA","Upper_Paralai","Tea_Plantation","Barking_Deer",1,"Total_count","Sighting","Male in velvet antler","NA","uuid:4d4847c2-2323-42ed-9c20-0628f14b38fd"
"T R Shankar Raman","trsraman","12Jan2020_05:30",2020-01-12,05:30,10.3703577,76.9933653,1229,5.4,"Kavarkal_to_40th_bend","Rainforest","Sambar",1,"Total_count","Sighting","Adult female","NA","uuid:df0d98a9-8b1e-4500-a73c-1e41be2fcb8e"
"T R Shankar Raman","trsraman","14Jan2020_15:00",2020-01-14,15:01,10.4499969,76.9751407,448,3.2,"1_to_4_bend","other, Dry deciduous forest","Bonnet_Macaque",3,"Partial_count","Sighting"," ","NA","uuid:dfa45adb-97fc-4798-8457-8a768c4c7f4d"
"T R Shankar Raman","trsraman","14Jan2020_15:02",2020-01-14,15:04,10.4506044,76.9813874,562,3.2,"1_to_4_bend","other, Dry deciduous forest","Bonnet_Macaque",5,"Partial_count","Sighting"," ","NA","uuid:7913a881-96f3-48eb-acff-02bc6cc1b04e"
"T R Shankar Raman","trsraman","14Jan2020_15:08",2020-01-14,15:08,10.4463187,76.9855416,"NA",500.0,"9_to_12_bend","other, Dry","Nilgiri_Tahr",4,"Total_count","Sighting","1 fem, 1 sa, 2 large kids","NA","uuid:72a52d5d-b220-4174-90d0-c796f3ea1427"
"T R Shankar Raman","trsraman","14Jan2020_15:09",2020-01-14,15:10,10.4477650,76.9850840,"NA","NA","13_to_16_bend","other, Dry mixed forest","Bonnet_Macaque",10,"Partial_count","Sighting"," ","NA","uuid:d9fc5c54-7748-4e14-9290-caab381826e9"
"T R Shankar Raman","trsraman","14Jan2020_15:18",2020-01-14,15:19,10.4324691,76.9885201,944,7.5,"Attakatti_to_Waterfalls","other, Mixed","Bonnet_Macaque",14,"Total_count","Sighting"," ","NA","uuid:4a6106e6-d110-4658-bfd7-9983d06decb7"
"T R Shankar Raman","trsraman","14Jan2020_15:22",2020-01-14,15:23,10.4308263,76.9874367,1085,3.2,"Attakatti_to_Waterfalls","other, Dry forest","Bonnet_Macaque",16,"Partial_count","Sighting"," ","NA","uuid:ee1a7d94-c881-4e1d-8839-5cc6bc9d2409"
"T R Shankar Raman","trsraman","14Jan2020_18:43",2020-01-14,14:48,10.4747743,76.9529179,"NA","NA","Aliyar","Edge","Common_Langur",10,"Partial_count","Sighting","At forest checkpost","NA","uuid:884838c9-d490-4b6c-9270-6b486f31e6a5"
"T R Shankar Raman","trsraman","16Jan2020_18:21",2020-01-16,18:15,10.3530211,76.9481441,"NA","NA","Lower_Paralai","Coffee_Plantation","Barking_Deer",1,"Total_count","Sighting","Female, adult","NA","uuid:9c7255a1-c2c2-4802-a0ae-89f7ffba4ce1"
"T R Shankar Raman","trsraman","17Jan2020_06:58",2020-01-16,17:07,10.3538574,76.9568580,"NA","NA","Lower_Paralai","Tea_Plantation","Stripe_necked_Mongoose",1,"Total_count","Sighting","Eating whitish egg. Wb waterhens and Rw lapwings nearby.","NA","uuid:fdb3650d-b53d-41bb-8ec8-ddffa44398b0"
"T R Shankar Raman","trsraman","18Jan2020_20:22",2020-01-18,19:55,10.3299056,76.9597680,"NA","NA","Valparai_Cooperative_Colony","Settlement_Human","Small_Indian_Civet",1,"Total_count","Sighting"," ","NA","uuid:0d6982e3-a255-4d04-8a1c-5d77dfb50b82"
"T R Shankar Raman","trsraman","26Jan2020_18:34",2020-02-02,07:49,10.3430743,76.9690152,"NA","NA","Ropeway","Rainforest_Fragment","Barking_Deer",1,"Total_count","Sighting","Female","NA","uuid:d97b6d58-7064-4479-9970-1f2103622bba"
"T R Shankar Raman","trsraman","02Feb2020_08:10",2020-02-02,08:10,10.3523868,76.9536136,1007,3.2,"Lower_Paralai","Tea_Plantation","Sloth_Bear",1,"Partial_count","Sign_Dropping"," ","NA","uuid:00f18296-1892-4a54-a33c-b9a649a9ddb8"
"T R Shankar Raman","trsraman","02Feb2020_08:12",2020-02-02,08:12,10.3514894,76.9500316,1034,3.2,"Lower_Paralai","Tea_Plantation","Jungle_striped_Squirrel",1,"Total_count","Sighting"," ","NA","uuid:b1670dd9-66ea-4988-b765-0877d038aea0"
"T R Shankar Raman","trsraman","04Feb2020_16:53",2020-02-04,16:54,10.3426898,76.9692667,1058,5.4,"Puthuthottam","Rainforest_Fragment","Sambar",2,"Total_count","Sighting","Female and fawn","NA","uuid:b836b4c6-2cd1-4a84-a676-8d37b562477b"
"T R Shankar Raman","trsraman","04Feb2020_17:44",2020-02-04,17:44,10.3642485,76.9741952,1126,3.2,"Iyerpadi_bit_shola","Tea_Plantation","Jungle_striped_Squirrel",1,"Total_count","Sighting"," ","NA","uuid:67ad39d6-c73b-4c93-bebe-565b99464902"
"T R Shankar Raman","trsraman","06Feb2020_06:51",2020-02-06,06:52,10.3381249,76.9646737,"NA","NA","Puthuthottam","Rainforest_Fragment","Sambar",2,"Partial_count","Sighting"," ","NA","uuid:13807215-2a51-422c-8742-a981b19bf628"
"T R Shankar Raman","trsraman","06Feb2020_07:04",2020-02-06,07:04,10.3698131,76.9928715,1210,4.3,"Kavarkal_to_40th_bend","Rainforest","Stripe_necked_Mongoose",1,"Partial_count","Sighting"," ","NA","uuid:ce35fa1b-042d-4bd6-83fa-9d7ba5aa90aa"
"T R Shankar Raman","trsraman","06Feb2020_07:29",2020-02-06,07:29,10.4321670,76.9874846,"NA","NA","Attakatti_to_Waterfalls","other, Dry mixed forests","Nilgiri_Langur",3,"Partial_count","Sighting"," ","NA","uuid:075e9f3b-8a53-4441-9175-b8ad4dca1016"
"T R Shankar Raman","trsraman","06Feb2020_07:31",2020-02-06,07:31,10.4315972,76.9891009,"NA","NA","Attakatti_to_Waterfalls","other, Drier forest","Bonnet_Macaque",10,"Partial_count","Sighting"," ","NA","uuid:25afa42f-73e2-4043-a9a3-ee7346dfbc7e"
"T R Shankar Raman","trsraman","10Feb2020_14:33",2020-02-10,14:34,10.4638780,76.9671302,227,3.2,"Aliyar","other, Dry forest","Bonnet_Macaque",1,"Partial_count","Sighting"," ","NA","uuid:436b7547-4fa4-4e49-b2f2-1bedccc7544a"
"T R Shankar Raman","trsraman","10Feb2020_14:43",2020-02-10,14:44,10.4509517,76.9802376,"NA","NA","1_to_4_bend","other, Dry forest","Bonnet_Macaque",10,"Partial_count","Sighting"," ","NA","uuid:3c5fa468-1ee4-4556-964f-be0a3dd11101"
"T R Shankar Raman","trsraman","14Feb2020_17:40",2020-02-14,17:40,10.3385308,76.9636393,1026,4.3,"Puthuthottam","Rainforest_Fragment","Malabar_Giant_Squirrel",1,"Total_count","Sighting","On Cullenia and Mesua trees","NA","uuid:430247dd-e639-4c3a-839f-ce42a0b417e0"
"T R Shankar Raman","trsraman","14Feb2020_17:43",2020-02-14,17:43,10.3382340,76.9635174,1017,4.3,"Puthuthottam","Rainforest_Fragment","Malabar_Giant_Squirrel",1,"Total_count","Sighting"," ","NA","uuid:3d11bbbe-eb60-4944-9024-b586cf00042a"
"Divya Mudappa","trsraman","14Feb2020_17:49",2020-02-14,17:49,10.3389321,76.9661673,1027,3.2,"Puthuthottam","Rainforest_Fragment","Lion_tailed_Macaque",40,"Partial_count","Sighting","Large troop","NA","uuid:907ce021-0dbc-4313-9c0c-5262a0e2fc0f"
"Divya Mudappa","trsraman","14Feb2020_17:51",2020-02-14,17:51,10.3395949,76.9665578,1028,5.4,"Puthuthottam","Rainforest_Fragment","Malabar_Giant_Squirrel",1,"Total_count","Sighting"," ","NA","uuid:45f9a127-8dfa-471e-8657-08e813d74fd4"
"Divya Mudappa","trsraman","14Feb2020_17:52",2020-02-14,17:52,10.3397813,76.9672554,"NA","NA","Puthuthottam","Rainforest_Fragment","Malabar_Giant_Squirrel",1,"Total_count","Sighting"," ","NA","uuid:1aad152f-7cb7-4ff2-bc66-312889f19bae"
"Divya Mudappa","trsraman","14Feb2020_17:55",2020-02-14,17:56,10.3449464,76.9703402,"NA","NA","Puthuthottam","Rainforest_Fragment","Lion_tailed_Macaque",1,"Partial_count","Sighting"," ","NA","uuid:28f29fec-f7f5-4ebd-8a67-060a18d2d685"
"Sathish","trsraman","15Feb2020_12:32",2020-02-13,06:30,10.3508793,76.9361444,"NA","NA","Old_Valparai","Rainforest_Fragment","Nilgiri_Marten",2,"Total_count","Sighting","Photos with Sathish","NA","uuid:8e567407-b5f9-433e-8872-14831ee32bcb"
"Divya Mudappa","trsraman","15Feb2020_18:08",2020-02-15,18:00,10.3525837,76.9370261,943,3.2,"Old_Valparai","Coffee_Plantation","Malabar_Giant_Squirrel",2,"Total_count","Sighting"," ","NA","uuid:0695fcd3-cad3-4c59-a644-1afa662e3259"
"Divya Mudappa","trsraman","15Feb2020_19:09",2020-02-15,19:07,10.3645214,76.9447248,920,4.3,"Velonie","Rainforest_Fragment","Large_Brown_Flying_Squirrel",2,"Total_count","Sighting","2 separate","NA","uuid:181676d1-a792-462a-b3f3-b5d4a66e86b6"
"Divya Mudappa","trsraman","15Feb2020_19:36",2020-02-15,19:34,10.3555656,76.9297699,932,4.3,"Varattuparai","Rainforest_Fragment","Sambar",1,"Partial_count","Sighting","Female, feeding in forest","NA","uuid:fa2031c9-1598-48c9-8f71-5c2de5860a3e"
"T R Shankar Raman","trsraman","21Feb2020_12:14",2020-02-21,12:02,10.3341164,76.9636169,"NA","NA","PAP_Colony","Settlement_Human","Lion_tailed_Macaque",5,"Partial_count","Sighting"," ","NA","uuid:8231fd07-72a2-41a2-88d4-d0100b826c0a"
"T R Shankar Raman","trsraman","21Feb2020_12:16",2020-02-21,12:16,10.3408724,76.9700301,"NA","NA","Puthuthottam","Rainforest_Fragment","Malabar_Giant_Squirrel",2,"Total_count","Sighting"," ","NA","uuid:eee54c24-cf14-48cf-8c7c-a6b592542c64"
"T R Shankar Raman","trsraman","21Feb2020_13:00",2020-02-21,13:00,10.4298434,76.9835264,1136,5.4,"Waterfalls","Coffee_Plantation","Nilgiri_Langur",1,"Partial_count","Sighting","Poonachi","NA","uuid:6e36f9dd-95d5-4dbf-a05e-3ff7686605f3"
"Divya Mudappa","trsraman","21Feb2020_13:46",2020-02-21,13:47,10.4339323,76.9862115,991,9.6,"Attakatti_to_Waterfalls","other, Dry forest","Bonnet_Macaque",20,"Total_count","Sighting"," ","NA","uuid:b2489f54-6d8f-4242-ae7a-c88de95cb99c"
"T R Shankar Raman","trsraman","21Feb2020_14:04",2020-02-21,14:05,10.4536771,76.9794651,"NA","NA","1_to_4_bend","other, Dry forest","Bonnet_Macaque",3,"Partial_count","Sighting"," ","NA","uuid:b8b24c38-ec62-4972-8a34-616b4570420d"
"Divya Mudappa","trsraman","10Mar2020_14:02",2020-03-10,14:03,10.3537549,76.9724462,1043,3.2,"Iyerpadi","Swamp","Stripe_necked_Mongoose",2,"Total_count","Sighting"," ","NA","uuid:49898dfa-978b-44ef-8892-4af0cc20c03e"
"Divya Mudappa","trsraman","10Mar2020_23:16",2020-03-10,23:10,10.3524624,76.9689250,"NA","NA","Lower_Paralai","Tea_Plantation","Leopard",2,"Total_count","Sighting","Sub adults","NA","uuid:58affa2e-2520-4eee-addf-e83fbc7abf09"
"Divya Mudappa","trsraman","12Mar2020_14:36",2020-03-12,14:36,10.3463430,76.9861454,1212,3.2,"Upper_Paralai","Tea_Plantation","Barking_Deer",1,"Total_count","Sighting","Ad male in hard antler","NA","uuid:b23e3926-04f2-421d-b86e-369ddda2a065"
"Divya Mudappa","trsraman","14Mar2020_12:03",2020-03-14,12:03,10.3476387,76.9012328,899,5.4,"Manambolly","Rainforest","Barking_Deer",1,"Total_count","Sighting"," ","NA","uuid:4255934e-df70-4ff8-a374-098212fda349"
"Divya Mudappa","trsraman","14Mar2020_12:05",2020-03-14,12:05,10.3432788,76.9032773,"NA","NA","Manambolly","Rainforest","Lion_tailed_Macaque",5,"Partial_count","Sighting"," ","NA","uuid:a6c7d515-fccb-4e77-a0c7-d813c9279541"
"T R Shankar Raman","trsraman","15Mar2020_17:26",2020-03-15,17:26,10.3510887,76.9982054,"NA","NA","Karumalai","Swamp","Stripe_necked_Mongoose",1,"Total_count","Sighting","Digging in swamp","NA","uuid:0cfa1324-488e-4afb-b187-606dd2177bd3"
"T R Shankar Raman","trsraman","15Mar2020_17:39",2020-03-15,17:40,10.3493601,76.9974004,"NA","NA","Karumalai","Swamp","Gaur",8,"Total_count","Sighting"," ","NA","uuid:dc1f6a23-791e-4002-97af-ef08339b79f1"
"T R Shankar Raman","trsraman","15Mar2020_17:53",2020-03-15,17:53,10.3301445,76.9913902,"NA","NA","Karumalai","Swamp","Stripe_necked_Mongoose",1,"Total_count","Sighting"," ","NA","uuid:55787c6f-b660-42f2-bdda-a7910b8faa10"
"T R Shankar Raman","trsraman","15Mar2020_18:12",2020-03-15,18:12,10.3141159,76.9790987,1028,3.2,"Kanjamalai","Swamp","Gaur",15,"Partial_count","Sighting"," ","NA","uuid:64b3798b-c449-47f9-ac4b-4c8feaf7fa06"
"M. D. Madhusudan","trsraman","15Mar2020_19:01",2020-03-15,19:01,10.3303572,76.9602934,"NA","NA","Valparai_Cooperative_Colony","Settlement_Human","Brown_Mongoose",2,"Total_count","Sighting","Fighting under Bolero jeep","NA","uuid:5e54e11f-ae50-4173-8891-fa62ca4f120b"
"T R Shankar Raman","trsraman","16Mar2020_06:06",2020-03-16,06:07,10.3429812,76.9691534,1055,3.2,"Puthuthottam","Rainforest_Fragment","Sambar",8,"Total_count","Sighting","2 males, 1 velvet, 1 hard, 4 female, 1 large fawn, 1 yrl","NA","uuid:83df0801-3d1e-45a5-a9f2-583d3e22b464"
"T R Shankar Raman","trsraman","16Mar2020_06:08",2020-03-16,06:09,10.3453570,76.9704828,1036,4.3,"Puthuthottam","Rainforest_Fragment","Sambar",1,"Partial_count","Sighting","Female","NA","uuid:4cd65f63-ece4-47e2-b8d9-0eecbd46d869"
"T R Shankar Raman","trsraman","16Mar2020_06:14",2020-03-16,06:14,10.3621345,76.9805970,"NA","NA","Iyerpadi","Tea_Plantation","Stripe_necked_Mongoose",1,"Total_count","Sighting","Crosses road","NA","uuid:419fbca6-7a29-4ecf-ab19-10d09c866b7a"
"M. D. Madhusudan","trsraman","16Mar2020_07:24",2020-03-16,07:24,10.3319791,76.9949418,"NA","NA","Akkamalai","Tea_Plantation","Stripe_necked_Mongoose",1,"Total_count","Sighting"," ","NA","uuid:9a8096b5-f5e2-441c-a1f8-25c6c2fbbe35"
"T R Shankar Raman","trsraman","16Mar2020_08:18",2020-03-16,08:18,10.3342384,77.0169091,"NA","NA","Akkamalai","Tea_Plantation","Barking_Deer",2,"Total_count","Sighting","1 male hard antler, 1 female","NA","uuid:2b87418b-5687-4599-af2f-b229c8f3d225"
"T R Shankar Raman","trsraman","16Mar2020_09:32",2020-03-16,09:32,10.3370793,77.0292415,"NA","NA","Akkamalai","other, Montane grassland","Gaur",8,"Total_count","Sighting"," ","NA","uuid:e1c2af65-9335-476e-9907-e69de9b4a86a"
"T R Shankar Raman","trsraman","17Mar2020_07:08",2020-03-17,07:08,10.3569263,76.9325158,923,3.2,"Varattuparai","Coffee_Plantation","Barking_Deer",1,"Total_count","Sighting","Ad female","NA","uuid:16f6560f-20e6-4ce7-a028-c7493850ce1c"
"T R Shankar Raman","trsraman","17Mar2020_07:45",2020-03-17,07:45,10.3421419,76.9123157,"NA","NA","Urulikal","Eucalyptus_Plantation","Bonnet_Macaque",18,"Total_count","Sighting"," ","NA","uuid:ffb7fbf3-29c0-4262-b772-833a2c98aba5"
"T R Shankar Raman","trsraman","18Mar2020_07:12",2020-03-18,07:12,10.2785666,76.9349632,"NA","NA","Thaimudi","Tea_Plantation","Gaur",2,"Total_count","Sighting"," ","NA","uuid:65fc2e48-718a-47f6-adab-ba45e18d4dfb"
"T R Shankar Raman","trsraman","18Mar2020_07:54",2020-03-18,07:54,10.2748205,76.9124724,1046,3.2,"Mudis","Tea_Plantation","Gaur",1,"Partial_count","Sighting"," ","NA","uuid:f06be0ca-a1b9-4b6f-8843-8069b91a0df9"
"T R Shankar Raman","trsraman","18Mar2020_08:54",2020-03-18,08:55,10.2767528,76.8816201,"NA","NA","Mudis","Rainforest_Fragment","Nilgiri_Langur",1,"Partial_count","Sign_Vocalisation"," ","NA","uuid:d6d3417d-1633-4edd-9935-3d2921c0f301"
"Pavithra","trsraman","19Mar2020_11:28",2020-03-19,11:03,10.3941576,76.9744645,"NA","NA","Thalanar","Coffee_Plantation","Barking_Deer",1,"Partial_count","Sighting"," ","NA","uuid:b143ec94-f747-4a01-918c-2f2d50d34bb2"
"T R Shankar Raman","trsraman","20Mar2020_07:54",2020-03-20,07:54,10.3278877,76.9850165,1070,4.3,"Pachamalai","Tea_Plantation","Black_Naped_Hare",1,"Total_count","Sighting","Ran across road","NA","uuid:47944187-1eae-4c39-85b1-61f2b09595ad"
"T R Shankar Raman","trsraman","20Mar2020_08:58",2020-03-20,08:59,10.3206508,76.9817390,"NA","NA","Vellamalai","Swamp","Gaur",40,"Total_count","Sighting","1 v small calf, 1 large calf, 5 yrling,, 2 ad bulls, 1 young bull, many females and males","1hethdzbwkhOJJZfiYZBUtRMfs8J71mPs.jpg","uuid:eb0ea0f3-8354-4ea2-89a6-9269d328d4dd"
"T R Shankar Raman","trsraman","23Mar2020_14:53",2020-03-23,14:53,10.3577929,76.8779345,498,3.2,"Manambolly","Rainforest","Nilgiri_Langur",5,"Partial_count","Sighting"," ","NA","uuid:f162c97b-bff1-4138-8a11-6c75b12840ca"
"T R Shankar Raman","trsraman","26Mar2020_09:25",2020-03-26,09:25,10.2916934,77.0126416,1048,4.3,"Cinchona","Rainforest_Fragment","Malabar_Giant_Squirrel",1,"Total_count","Sighting"," ","NA","uuid:ab55c67c-a447-4174-8fb4-4e6edc9cb063"
"T R Shankar Raman","trsraman","26Mar2020_09:26",2020-03-26,09:27,10.2899412,77.0121679,"NA","NA","Cinchona","Rainforest_Fragment","Nilgiri_Langur",3,"Partial_count","Sighting"," ","NA","uuid:3a79f086-7323-4c79-8a3e-fc37367570dc"
"T R Shankar Raman","trsraman","26Mar2020_09:39",2020-03-26,08:39,10.2829010,76.9800324,"NA","NA","Cinchona","Swamp","Gaur",14,"Total_count","Sighting"," ","NA","uuid:8db94735-0182-4135-b372-fad8e45d9e35"
"T R Shankar Raman","trsraman","09Apr2020_07:56",2020-04-09,07:57,10.4498662,76.9809271,604,3.2,"5_to_8_bend","other, Dry forest near cliff","Nilgiri_Tahr",5,"Total_count","Sighting","On road parapet, 2 ad female, 1 kid, 2 juv","NA","uuid:98f46543-0768-4c91-8a99-6a3d7677d5a3"
"Divya Mudappa","trsraman","11Apr2020_18:00",2020-04-11,16:55,10.3283703,76.9628176,"NA","NA","Nadumalai","Tea_Plantation","Barking_Deer",1,"Total_count","Sighting","Female","NA","uuid:b5c2878c-e36a-4df4-a139-a6baf6847cf3"
"Divya Mudappa","trsraman","11Apr2020_18:01",2020-04-11,17:58,10.3302065,76.9604855,"NA","NA","Valparai_Cooperative_Colony","Tea_Plantation","Stripe_necked_Mongoose",1,"Total_count","Sighting"," ","NA","uuid:73b8f1cf-0aad-4a59-b125-317aaf11b411"
"Divya Mudappa","trsraman","11Apr2020_18:03",2020-04-09,07:00,10.3304892,76.9602260,1044,8.6,"Valparai_Cooperative_Colony","Settlement_Human","Brown_Mongoose",1,"Total_count","Sighting"," ","NA","uuid:eab07075-9394-452e-adbd-4998a8374677"
"Divya Mudappa","trsraman","11Apr2020_18:04",2020-04-09,20:30,10.3303407,76.9602864,1042,3.2,"Valparai_Cooperative_Colony","Settlement_Human","Porcupine",1,"Total_count","Sighting"," ","NA","uuid:46f33181-0e85-4849-aed3-d173d14c0d58"
"Divya Mudappa","trsraman","11Apr2020_18:06",2020-04-08,21:06,10.3303363,76.9603184,1025,3.2,"Valparai_Cooperative_Colony","Settlement_Human","Porcupine",1,"Total_count","Sighting"," ","NA","uuid:6ac05fa7-757a-42eb-83a0-a38138feab37"
"Divya Mudappa","trsraman","11Apr2020_18:07",2020-04-07,22:00,10.3292655,76.9601217,"NA","NA","Valparai_Cooperative_Colony","Settlement_Human","Sambar",1,"Partial_count","Sign_Vocalisation"," ","NA","uuid:776e7042-a031-494d-b67e-5a1a57983116"
"Divya Mudappa","trsraman","11Apr2020_18:08",2020-04-07,19:30,10.3303325,76.9602414,1043,3.2,"Valparai_Cooperative_Colony","Settlement_Human","Wild_pig",12,"Partial_count","Sighting"," ","NA","uuid:834621ca-c384-44df-b930-a40b598df22b"
"Divya Mudappa","trsraman","13Apr2020_17:52",2020-04-13,17:52,10.3303490,76.9604818,"NA","NA","Valparai_Cooperative_Colony","Tea_Plantation","Stripe_necked_Mongoose",2,"Total_count","Sighting","Together in tea","NA","uuid:064a767f-2658-47af-bc8a-db811ca27d69"
"T R Shankar Raman","trsraman","13Apr2020_18:14",2020-04-13,18:15,10.3594749,76.9521203,"NA","NA","Club_road","other, Rottikadai grasslands","Sambar",2,"Total_count","Sighting","Females","NA","uuid:e4907fd8-c73e-4b62-b256-523518455715"
"T R Shankar Raman","trsraman","13Apr2020_18:27",2020-04-13,18:27,10.3494446,76.9334042,"NA","NA","Old_Valparai","Rainforest_Fragment","Barking_Deer",1,"Partial_count","Sign_Vocalisation"," ","NA","uuid:5adaffbd-ae95-473a-81c4-8dac46da8cef"
"Divya Mudappa","trsraman","14Apr2020_09:59",2020-04-14,09:59,10.3302834,76.9600640,1038,4.3,"Valparai_Cooperative_Colony","Settlement_Human","Wild_pig",18,"Total_count","Sighting","4 large, 3 juv, 11 stripers","NA","uuid:994e8669-19f2-4ef2-9aa8-1ccacf077fb5"
"Divya Mudappa","trsraman","14Apr2020_18:26",2020-04-14,18:26,10.3303094,76.9602929,1044,3.2,"Valparai_Cooperative_Colony","Settlement_Human","Stripe_necked_Mongoose",1,"Total_count","Sighting"," ","NA","uuid:c5d4757c-a26e-45f3-9fee-c79595bef148"
"Divya Mudappa","trsraman","20Apr2020_18:09",2020-04-20,18:09,10.3302006,76.9602510,1041,8.6,"Valparai_Cooperative_Colony","Settlement_Human","Brown_Mongoose",1,"Total_count","Sighting","Looks scrawny","NA","uuid:61b3a48d-a58e-43d8-9f92-39fb2d7abcfa"
"Divya Mudappa","trsraman","20Apr2020_18:20",2020-04-20,14:30,10.3300594,76.9595842,"NA","NA","Valparai_Cooperative_Colony","Settlement_Human","Bonnet_Macaque",3,"Partial_count","Sighting"," ","NA","uuid:247d5923-8e00-4773-a6c5-d473ad1acbc5"
"T R Shankar Raman","trsraman","21Apr2020_11:14",2020-04-21,11:08,10.3390204,76.9679980,"NA","NA","Puthuthottam","Rainforest_Fragment","Lion_tailed_Macaque",5,"Partial_count","Sighting"," ","NA","uuid:8794daf4-08a2-47f5-b3e3-baac7488edea"
"Divya Mudappa","trsraman","21Apr2020_11:15",2020-04-21,11:09,10.3409628,76.9713508,"NA","NA","Puthuthottam","Rainforest_Fragment","Lion_tailed_Macaque",3,"Partial_count","Sighting"," ","NA","uuid:cf0cbce7-932e-43eb-b2b7-995f5ea87dbc"
"Divya Mudappa","trsraman","21Apr2020_11:17",2020-04-21,11:11,10.3397186,76.9698253,"NA","NA","Puthuthottam","Rainforest_Fragment","Malabar_Giant_Squirrel",1,"Total_count","Sighting","Rubbing cheek glands on horizontal branch and resting","NA","uuid:8240dd93-efdd-4ee7-b497-7b380911c12a"
"T R Shankar Raman","trsraman","25Apr2020_18:37",2020-04-25,18:37,10.3504090,76.9369840,"NA","NA","Old_Valparai","Rainforest_Fragment","Barking_Deer",1,"Partial_count","Sign_Vocalisation"," ","NA","uuid:dd54847a-505d-4d37-8952-e860176ac0e2"
"Divya Mudappa","trsraman","28Apr2020_07:14",2020-04-28,07:15,10.3588803,76.9781515,"NA","NA","Upper_Paralai","Tea_Plantation","Gaur",14,"Partial_count","Sighting"," ","NA","uuid:123a952e-b07c-4726-aae4-aad683e6cdae"
"Divya Mudappa","trsraman","28Apr2020_07:24",2020-04-28,07:25,10.3582421,76.9499903,"NA","NA","Club_road","other, Rocky grassland","Sambar",2,"Partial_count","Sighting","One spiker","NA","uuid:f360a190-93fa-4256-987c-e0bf61d48782"
"T R Shankar Raman","trsraman","28Apr2020_09:13",2020-04-28,09:13,10.3478673,76.8987569,892,5.4,"Manambolly","Rainforest","Nilgiri_Langur",1,"Partial_count","Sighting"," ","NA","uuid:f1597bf7-df3a-4893-b081-028772d3ff0b"
"Divya Mudappa","trsraman","02May2020_16:38",2020-05-02,11:38,10.3301679,76.9600141,"NA","NA","Valparai_Cooperative_Colony","Settlement_Human","Brown_Mongoose",2,"Total_count","Sighting","1 adult, 1 juv with scraggy tail","NA","uuid:99f6d319-c27e-457d-b36c-c348903c8da5"
"Divya Mudappa","trsraman","02May2020_16:39",2020-05-02,16:37,10.3300544,76.9600721,"NA","NA","Valparai_Cooperative_Colony","Settlement_Human","Stripe_necked_Mongoose",1,"Total_count","Sighting"," ","NA","uuid:e0c8a65f-7a38-4440-8ffd-b0dd90d0b226"
"Divya Mudappa","trsraman","04May2020_17:13",2020-05-04,17:14,10.3445985,76.9694410,1057,3.2,"Puthuthottam","Rainforest_Fragment","Sambar",1,"Partial_count","Sighting"," ","NA","uuid:487673aa-4b13-48fd-8b64-0264e3236d4e"
"T R Shankar Raman","trsraman","04May2020_17:18",2020-05-04,17:18,10.3525708,76.9720948,1047,3.2,"Upper_Paralai","Tea_Plantation","Gaur",26,"Total_count","Sighting","Were resting but began to move","NA","uuid:25e00316-42ef-44ba-b0b5-ae8f30c9a1a4"
"Divya Mudappa","trsraman","04May2020_17:24",2020-05-04,17:25,10.3514923,76.9630536,1038,3.2,"Lower_Paralai","Tea_Plantation","Gaur",1,"Total_count","Sighting"," ","NA","uuid:c590e98b-6f2e-4bae-a400-e2e47aa4b723"
"Divya Mudappa","trsraman","04May2020_22:54",2020-05-04,22:54,10.3309905,76.9613518,"NA","NA","Valparai_Cooperative_Colony","Tea_Plantation","Sambar",1,"Partial_count","Sign_Vocalisation","Alarm call","NA","uuid:d7f36b8a-d350-408b-9602-37aeb3602e3d"
"Divya Mudappa","trsraman","05May2020_07:59",2020-05-05,07:59,10.3591067,76.9357859,902,8.6,"Varattuparai","Coffee_Plantation","Lion_tailed_Macaque",7,"Total_count","Sighting","Near nursery, incl 1 infant","NA","uuid:d87d1abe-4011-4ab7-9517-860380414ebc"
"T R Shankar Raman","trsraman","06May2020_09:41",2020-05-06,09:42,10.3383014,76.9372230,"NA","NA","Selaliparai","Rainforest_Fragment","Nilgiri_Langur",2,"Partial_count","Sighting"," ","NA","uuid:2cb1fc74-7501-4347-8d9d-20605b37cc41"
"T R Shankar Raman","trsraman","07May2020_12:28",2020-05-07,10:28,10.3375794,76.9362669,986,4.3,"Selaliparai","Rainforest_Fragment","Nilgiri_Langur",2,"Partial_count","Sighting"," ","NA","uuid:9e175d47-99b9-4fcc-a609-c965c36debfa"
"T R Shankar Raman","trsraman","07May2020_12:28",2020-05-07,11:29,10.3375741,76.9362645,981,11.8,"Selaliparai","Rainforest_Fragment","Malabar_Giant_Squirrel",1,"Total_count","Sighting"," ","NA","uuid:d5f43403-c241-4a3a-923b-cfd9e1a99aff"
"T R Shankar Raman","trsraman","07May2020_12:29",2020-05-07,10:33,10.3375709,76.9363048,984,3.2,"Selaliparai","Rainforest_Fragment","Bonnet_Macaque",3,"Partial_count","Sighting"," ","NA","uuid:f37e2afc-48e6-491b-9e66-824409ba3517"
"Srinivasan Kasinathan","Srini","30Jan2020_06:56",2020-01-30,06:57,10.3162905,76.8353560,"NA",500.0,"Candura","Rainforest_Fragment","Nilgiri_Langur",1,"Partial_count","Sighting"," ","NA","uuid:270458f4-86de-43c8-a642-cc8012c1e68c"
"Srinivasan Kasinathan","Srini","30Jan2020_09:52",2020-01-30,09:52,10.3162905,76.8353560,"NA",500.0,"Candura","other, Candura reservoir","Elephant",1,"Total_count","Sighting"," ","1bC-P2Rrgm6vCv9h_yaIW63z78CeZp6RF.jpg","uuid:09f94e6f-677a-4eef-9e94-3b4a2a8f829c"
"Srinivasan Kasinathan","Srini","30Jan2020_17:33",2020-01-30,17:33,10.3162905,76.8353560,"NA",500.0,"Candura","Rainforest_Fragment","Nilgiri_Langur",2,"Total_count","Sighting"," ","NA","uuid:40630744-bb2f-4d48-ad91-826265623221"
"Srinivasan Kasinathan","Srini","31Jan2020_21:06",2020-01-31,21:07,10.3355532,76.9634312,"NA",500.0,"PAP_Colony","Road","Small_Indian_Civet",1,"Total_count","Sighting"," ","NA","uuid:752a9bb6-fe71-4e08-89f4-a0cccb9b58b7"
"Srinivasan Kasinathan","Srini","01Feb2020_09:59",2020-02-01,10:00,10.3951300,76.9916790,"NA",500.0,"Andiparai","Rainforest","Nilgiri_Langur",1,"Total_count","Sighting"," ","NA","uuid:7333d9ae-638b-4e16-be3d-f04ad0ed291f"
"Srinivasan Kasinathan","Srini","01Feb2020_13:24",2020-02-01,13:24,10.3738154,76.9944175,"NA",500.0,"Kavarkal_to_40th_bend","Rainforest","Nilgiri_Langur",1,"Total_count","Sign_Vocalisation"," ","NA","uuid:37807cba-1bfb-40de-b1a1-44d084274aca"
"Srinivasan Kasinathan","Srini","01Feb2020_22:07",2020-02-01,22:22,10.3461322,76.9743676,"NA",500.0,"Upper_Paralai","Tea_Plantation","Leopard",6,"Partial_count","Sighting"," ","NA","uuid:6bcfeef1-8634-4180-ad83-50bde5e38beb"
"Srinivasan Kasinathan","Srini","01Feb2020_22:23",2020-02-01,22:15,10.3684760,76.9801630,"NA",500.0,"Iyerpadi","other, Rocky patch with more invasive at Iyerpadi","Leopard",2,"Total_count","Sighting"," ","NA","uuid:8b05d5af-d641-4d28-83aa-969dd3e55e3e"
"Srinivasan Kasinathan","Srini","02Feb2020_08:22",2020-02-02,08:23,10.3489136,76.8976005,"NA",500.0,"Manambolly","Rainforest","Gaur",1,"Total_count","Sighting"," ","NA","uuid:312f77d8-264d-4f6f-87b4-778a3529f568"
"Srinivasan Kasinathan","Srini","02Feb2020_09:37",2020-02-02,09:38,10.3914093,76.8761097,"NA",500.0,"Panathiar","Rainforest","Nilgiri_Langur",1,"Total_count","Sighting"," ","NA","uuid:3e10dfc7-49ef-4e59-8c7d-b30a03e5e350"
"Srinivasan Kasinathan","Srini","02Feb2020_10:12",2020-02-02,10:12,10.3914093,76.8761097,"NA",500.0,"Panathiar","Rainforest","Barking_Deer",1,"Total_count","Sign_Vocalisation"," ","NA","uuid:f81cfce1-a2b1-4179-ba77-22ea34eb1228"
"Srinivasan Kasinathan","Srini","02Feb2020_11:44",2020-02-02,11:45,10.3914093,76.8761097,"NA",500.0,"Panathiar","Rainforest","Lion_tailed_Macaque",13,"Partial_count","Sighting"," ","NA","uuid:c050ef4a-4ca2-4d6e-ba5a-184cddd51905"
"Srinivasan Kasinathan","Srini","02Feb2020_15:09",2020-02-02,15:09,10.3684760,76.9801630,"NA",500.0,"Iyerpadi","Settlement_Human","Lion_tailed_Macaque",1,"Total_count","Sighting"," ","NA","uuid:5d4a7486-965b-48e7-be77-b0567dafc5fd"
"Srinivasan Kasinathan","Srini","02Feb2020_19:47",2020-01-31,10:44,10.3222860,76.8617160,"NA",500.0,"Kalyanapandal_Pudukadu","Tea_Plantation","Leopard",1,"Total_count","Death"," ","NA","uuid:78c8d70f-4235-428e-b325-3698e6fea7ee"
"Srinivasan Kasinathan","Srini","03Feb2020_10:45",2020-02-03,10:45,10.3162905,76.8353560,"NA",500.0,"Candura","Rainforest_Fragment","Nilgiri_Langur",3,"Total_count","Sighting"," ","NA","uuid:538489b7-0c1c-47a2-95ca-dd2736e7b7de"
"Sathish","Sathish","04Feb2020_10:59",2020-02-04,07:15,10.4489603,76.9832553,"NA",500.0,"13_to_16_bend","Road","Mouse_Deer",1,"Total_count","Roadkill"," ","1cD5fb23R_5TsYWHG7fBedUJ4Vq5dqnoT.jpg","uuid:0599b3a4-1e1d-4cb7-bf71-b94ba436f2e0"
"Srinivasan Kasinathan","Srini","06Feb2020_16:29",2020-02-05,09:30,10.3302210,76.9600036,"NA",500.0,"Puthuthottam","Rainforest_Fragment","Barking_Deer",1,"Total_count","Sighting"," ","NA","uuid:e5090688-a35f-4ddd-b0cc-6d92c0292939"
"Srinivasan Kasinathan","Srini","06Feb2020_16:31",2020-02-06,21:26,10.3162905,76.8353560,"NA",500.0,"Candura","Rainforest_Fragment","Nilgiri_Langur",1,"Total_count","Sighting"," ","NA","uuid:d130a294-0ae7-4ac6-84a0-4b8c7aa837fd"
"Srinivasan Kasinathan","Srini","06Feb2020_16:34",2020-02-06,14:09,10.3162905,76.8353560,"NA",500.0,"Candura","Rainforest_Fragment","Gaur",4,"Total_count","Sighting"," ","NA","uuid:b378286f-1886-4fca-9bdb-e9f26448bf70"
"Srinivasan Kasinathan","Srini","06Feb2020_16:35",2020-02-06,14:17,10.2906191,76.8405193,"NA",500.0,"Vazhachal","other, Reservoir","Elephant",1,"Total_count","Sighting"," ","NA","uuid:1e2f57a4-ef27-4c1d-bece-15d44571cc79"
"Srinivasan Kasinathan","Srini","07Feb2020_09:19",2020-02-07,09:19,10.3489136,76.8976005,"NA",500.0,"Manambolly","Rainforest","Lion_tailed_Macaque",10,"Partial_count","Sighting"," ","NA","uuid:14f5ea77-ed39-45af-b531-df0343241b1e"
"Srinivasan Kasinathan","Srini","07Feb2020_12:53",2020-02-07,09:53,10.3489136,76.8976005,"NA",500.0,"Manambolly","Rainforest","Nilgiri_Langur",1,"Total_count","Sign_Vocalisation"," ","NA","uuid:cd0cec20-9748-4529-bea5-935788b31097"
"Srinivasan Kasinathan","Srini","07Feb2020_14:27",2020-02-07,13:33,10.3530734,76.9492581,"NA",500.0,"Varattuparai","Coffee_Plantation","Lion_tailed_Macaque",1,"Total_count","Sighting"," ","NA","uuid:7813aef5-a231-40c3-a23b-31820d8343f9"
"Srinivasan Kasinathan","Srini","07Feb2020_17:23",2020-02-07,17:23,10.3302210,76.9600036,"NA",500.0,"Puthuthottam","Tea_Plantation","Elephant",1,"Total_count","Sighting"," ","NA","uuid:dddb67ea-e7f6-4e3d-bfc4-ad140102d598"
"Srinivasan Kasinathan","Srini","07Feb2020_17:24",2020-02-07,17:24,10.3302210,76.9600036,"NA",500.0,"Puthuthottam","Tea_Plantation","Gaur",25,"Partial_count","Sighting"," ","NA","uuid:12fa70a2-974d-46ac-aa88-3498e4936f86"
"Srinivasan Kasinathan","Srini","09Feb2020_08:47",2020-02-09,08:47,10.4477671,76.9834011,"NA",500.0,"5_to_8_bend","Road","Common_Langur",3,"Partial_count","Sighting"," ","NA","uuid:46cd9850-cec5-4ff8-a40b-8ccbae90d00f"
"Srinivasan Kasinathan","Srini","10Feb2020_13:10",2020-02-11,10:33,10.3162905,76.8353560,"NA",500.0,"Candura","Rainforest_Fragment","Stripe_necked_Mongoose",1,"Total_count","Sighting"," ","NA","uuid:cdb1bd00-04d4-4168-9ff8-715e61d1c5b6"
"Srinivasan Kasinathan","Srini","12Feb2020_08:39",2020-02-11,12:39,10.3162905,76.8353560,"NA",500.0,"Candura","Rainforest_Fragment","Elephant",1,"Total_count","Sighting"," ","NA","uuid:453cdf2c-8b11-41c6-93da-6a9881eaba39"
"Srinivasan Kasinathan","Srini","12Feb2020_09:31",2020-02-12,09:20,10.3162905,76.8353560,"NA",500.0,"Candura","Rainforest_Fragment","Gaur",15,"Partial_count","Sighting"," ","NA","uuid:f2ff7536-069c-44df-88b9-94e1769eb8f3"
"Srinivasan Kasinathan","Srini","12Feb2020_11:40",2020-02-12,11:40,10.3162905,76.8353560,"NA",500.0,"Candura","Rainforest_Fragment","Elephant",2,"Total_count","Sighting"," ","NA","uuid:f917d960-2759-4ef4-951d-11ddadc0c2c9"
"Srinivasan Kasinathan","Srini","12Feb2020_19:39",2020-02-12,19:39,10.3073482,76.9463076,"NA",500.0,"Sholayar","Rainforest_Fragment","Sambar",4,"Partial_count","Sighting"," ","NA","uuid:aabaa896-2766-49ee-9e61-ec1a282e6209"
"Srinivasan Kasinathan","Srini","13Feb2020_14:23",2020-02-13,14:23,10.3162905,76.8353560,"NA",500.0,"Candura","Rainforest_Fragment","Elephant",1,"Partial_count","Sign_Vocalisation"," ","NA","uuid:6800d5e8-b843-4719-ab6b-de4f9c9c729e"
"Srinivasan Kasinathan","Srini","14Feb2020_14:05",2020-02-14,14:05,10.3162905,76.8353560,"NA",500.0,"Candura","Rainforest_Fragment","Elephant",1,"Total_count","Sighting"," ","NA","uuid:11ae7f9b-4cd7-4cf8-a1bc-7e8d937b044b"
"Srinivasan Kasinathan","Srini","15Feb2020_13:49",2020-02-14,08:41,10.3162905,76.8353560,"NA",500.0,"Candura","Rainforest_Fragment","Nilgiri_Langur",5,"Partial_count","Sighting"," ","NA","uuid:555ab1ed-5e24-4cc1-a4b5-c33a28cd86c3"
"Srinivasan Kasinathan","Srini","15Feb2020_13:50",2020-02-14,16:51,10.3162905,76.8353560,"NA",500.0,"Candura","Rainforest_Fragment","Nilgiri_Langur",8,"Partial_count","Sighting"," ","NA","uuid:a007ae8c-9333-4b94-a6ec-d1c198e0b20f"
"Srinivasan Kasinathan","Srini","15Feb2020_13:51",2020-02-15,20:43,10.3162905,76.8353560,"NA",500.0,"Candura","Rainforest_Fragment","Nilgiri_Langur",2,"Partial_count","Sighting"," ","NA","uuid:8f880777-f5a4-4211-a64b-d352ef26cc7d"
"Srinivasan Kasinathan","Srini","15Feb2020_13:53",2020-02-14,17:53,10.3045180,76.8504581,"NA",500.0,"Murugalli_estate","Tea_Plantation","Barking_Deer",1,"Total_count","Sighting"," ","NA","uuid:6af53745-9f7a-423b-b91a-e05d7d3a1081"
"Srinivasan Kasinathan","Srini","15Feb2020_17:13",2020-02-15,17:14,10.3162905,76.8353560,"NA",500.0,"Candura","Riverine","Elephant",4,"Partial_count","Sighting"," ","NA","uuid:71d289b1-4f36-48d0-9651-5ef1ecb70be9"
"Srinivasan Kasinathan","Srini","18Feb2020_14:25",2020-02-18,14:25,10.2906191,76.8405193,"NA",500.0,"Vazhachal","Rainforest","Elephant",6,"Total_count","Sighting"," ","NA","uuid:4b873397-af30-4627-8378-b07281fdf0f0"
"Srinivasan Kasinathan","Srini","19Feb2020_11:52",2020-02-19,08:52,10.3489136,76.8976005,"NA",500.0,"Manambolly","Road","Stripe_necked_Mongoose",1,"Total_count","Sighting"," ","NA","uuid:62359a4c-acce-4bcf-a83d-a2acaafc76a0"
"Srinivasan Kasinathan","Srini","20Feb2020_08:42",2020-02-26,12:54,10.3530734,76.9492581,"NA",500.0,"Varattuparai","Coffee_Plantation","Malabar_Giant_Squirrel",1,"Total_count","Sighting"," ","NA","uuid:cff0f0a5-a6cd-43f4-8b0c-9b39ec41e8a8"
"Srinivasan Kasinathan","Srini","26Feb2020_17:08",2020-02-26,17:08,10.3530734,76.9492581,"NA",500.0,"Varattuparai","Coffee_Plantation","Elephant",1,"Total_count","Sighting"," ","NA","uuid:7082f78f-62ef-4992-944b-a625b622ef71"
"Srinivasan Kasinathan","Srini","13Mar2020_11:47",2020-03-13,11:47,10.3527923,76.9363384,"NA",500.0,"Old_Valparai","Rainforest_Fragment","Sambar",4,"Total_count","Sighting"," ","NA","uuid:6ce03370-a5ce-4de0-986d-d524a6f34116"
"Srinivasan Kasinathan","Srini","13Mar2020_11:53",2020-03-13,11:53,10.3527923,76.9363384,"NA",500.0,"Old_Valparai","Rainforest_Fragment","Barking_Deer",1,"Total_count","Sighting"," ","NA","uuid:ce2a90ea-ebe4-4af2-8c98-2224ca322d9b"
"Srinivasan Kasinathan","Srini","14Mar2020_11:01",2020-03-14,11:01,10.3489136,76.8976005,"NA",500.0,"Manambolly","Rainforest","Lion_tailed_Macaque",20,"Partial_count","Sighting"," ","NA","uuid:d5ff7c5c-6d82-4416-9ec6-a60127ec6ccc"
"Srinivasan Kasinathan","Srini","16Mar2020_16:01",2020-03-15,07:48,10.4463187,76.9855416,"NA",500.0,"9_to_12_bend","Road","Nilgiri_Tahr",6,"Partial_count","Sighting"," ","1LjcCTZmgN7izZQdKm8PHa1F0T3fLRIkg.jpg","uuid:7d733f9e-938c-497e-ac99-de7000a3add1"
"Srinivasan Kasinathan","Srini","16Mar2020_16:03",2020-03-16,16:03,10.3530734,76.9492581,"NA",500.0,"Varattuparai","Coffee_Plantation","Gaur",1,"Total_count","Sighting"," ","NA","uuid:7a294155-c699-4282-bcc8-5c9f65b0a20a"
"Srinivasan Kasinathan","Srini","19Mar2020_11:09",2020-03-19,11:09,10.3162905,76.8353560,"NA",500.0,"Candura","Rainforest_Fragment","Nilgiri_Langur",1,"Total_count","Sighting"," ","NA","uuid:43726b8c-c132-4dfb-bead-c80f20a620b4"
"Kshama Bhat","Kshama","20Mar2020_18:49",2020-03-20,16:09,10.3541265,76.9990342,"NA",500.0,"Karumalai","Road","Nilgiri_Marten",1,"Total_count","Sighting"," ","NA","uuid:9460f5d1-415d-4729-8e90-bd0944e00ecf"
"Srinivasan Kasinathan","Srini","23Mar2020_14:01",2020-03-23,14:02,10.3424430,76.9012970,"NA",500.0,"Urulikal","Rainforest","Nilgiri_Langur",1,"Partial_count","Sighting"," ","NA","uuid:19ed6bf4-6313-44ef-853b-8e0b05eaa0aa"
"Srinivasan Kasinathan","Srini","23Mar2020_15:09",2020-03-23,15:09,10.3489136,76.8976005,"NA",500.0,"Manambolly","Rainforest","Malabar_Giant_Squirrel",1,"Total_count","Sighting"," ","NA","uuid:6fe4438a-cc54-4426-a1b9-8e63573dac07"
"Srinivasan Kasinathan","Srini","25Mar2020_11:05",2020-03-24,20:40,10.3578910,76.9714841,"NA",500.0,"Rottikadai","Road","Leopard",1,"Total_count","Sighting"," ","NA","uuid:181b2898-060b-45f4-be89-93f29a34522c"
"Srinivasan Kasinathan","Srini","28Mar2020_17:40",2020-03-28,17:41,10.3684760,76.9801630,"NA",500.0,"Iyerpadi","Tea_Plantation","Gaur",10,"Partial_count","Sighting"," ","NA","uuid:631865d9-4492-4363-b39a-4b46cc99ad6b"
"Srinivasan Kasinathan","Srini","01Apr2020_16:49",2020-04-02,11:38,10.3695740,76.9940840,"NA",500.0,"Other","Rainforest","Lion_tailed_Macaque",7,"Partial_count","Sighting","36 HPB inside trail","NA","uuid:664068b6-ca1a-4935-b48a-5cfe9049fca0"
"Kshama Bhat","Kshama","03Apr2020_19:11",2020-04-03,18:21,10.3645700,76.9735187,"NA",500.0,"Iyerpadi_bit_shola","Tea_Plantation","Dhole",3,"Total_count","Sighting"," ","NA","uuid:092203ea-f3de-4a0d-a75c-09536657ff51"
"Srinivasan Kasinathan","Srini","08Apr2020_09:04",2020-04-06,15:05,10.3162905,76.8353560,"NA",500.0,"Candura","Rainforest_Fragment","Lion_tailed_Macaque",16,"Total_count","Sighting"," ","NA","uuid:baff9396-0ef2-4625-85d2-dfaec52e9230"
"Srinivasan Kasinathan","Srini","08Apr2020_09:06",2020-04-05,06:06,10.3503718,76.9226066,"NA",500.0,"Komalimedu","Tea_Plantation","Gaur",11,"Partial_count","Sighting"," ","NA","uuid:283bc616-c575-4966-8a71-f22c380edf47"
"Srinivasan Kasinathan","Srini","16Apr2020_07:01",2020-04-15,09:20,10.3645700,76.9735187,"NA",500.0,"Iyerpadi_bit_shola","Rainforest","Nilgiri_Langur",7,"Partial_count","Sighting"," ","NA","uuid:ff2d01c3-af90-452c-a27e-7662cdb24cc8"
"Srinivasan Kasinathan","Srini","16Apr2020_07:03",2020-04-15,14:15,10.3302210,76.9600036,"NA",500.0,"Puthuthottam","Rainforest_Fragment","Barking_Deer",1,"Total_count","Sighting"," ","NA","uuid:d29de19e-daa6-4d23-9826-47009dda9ad6"
"Srinivasan Kasinathan","Srini","16Apr2020_07:05",2020-04-15,16:12,10.3645700,76.9735187,"NA",500.0,"Iyerpadi_bit_shola","Riverine","Stripe_necked_Mongoose",1,"Total_count","Sighting"," ","NA","uuid:01a96084-657c-404b-9dd2-2fb35da13ccf"
"Srinivasan Kasinathan","Srini","18Apr2020_06:59",2020-04-17,17:13,10.3060395,76.8736231,"NA",500.0,"Murugalli_CDR_Karumbalam","Tea_Plantation","Gaur",9,"Partial_count","Sighting"," ","NA","uuid:20af33a1-f76d-46a0-a01c-7129b22ea1f4"
"Srinivasan Kasinathan","Srini","18Apr2020_07:02",2020-04-17,17:28,10.2977820,76.8933024,"NA",500.0,"Pannimade_fragment","Rainforest_Fragment","Gaur",10,"Partial_count","Sighting"," ","NA","uuid:50be99cd-0a89-417f-b29b-de6e2fd58685"
"Srinivasan Kasinathan","Srini","18Apr2020_07:04",2020-04-17,18:04,10.3530734,76.9492581,"NA",500.0,"Varattuparai","Coffee_Plantation","Gaur",8,"Partial_count","Sighting"," ","NA","uuid:21ba7f0c-7459-4beb-a5f5-ecb20c7cb493"
"Srinivasan Kasinathan","Srini","19Apr2020_17:45",2020-04-19,17:46,10.3684760,76.9801630,"NA",500.0,"Iyerpadi","Rainforest_Fragment","Nilgiri_Langur",2,"Total_count","Sighting"," ","NA","uuid:5343b0bd-7b13-4d94-87ef-c9384565e43d"
"Srinivasan Kasinathan","Srini","23Apr2020_13:10",2020-04-23,13:10,10.2587739,76.9350291,"NA",500.0,"Anaimudi","Tea_Plantation","Stripe_necked_Mongoose",1,"Total_count","Sighting"," ","NA","uuid:e3281150-fc16-46fe-8e91-0e60989a12fa"
"Srinivasan Kasinathan","Srini","24Apr2020_11:26",2020-04-24,11:26,10.3951300,76.9916790,"NA",500.0,"Andiparai","Rainforest","Nilgiri_Langur",8,"Partial_count","Sighting"," ","NA","uuid:a504651e-07df-481d-a38a-46318fa18aef"
"Srinivasan Kasinathan","Srini","28Apr2020_15:48",2020-04-28,15:48,10.3530734,76.9492581,"NA",500.0,"Varattuparai","Rainforest_Fragment","Mouse_Deer",1,"Total_count","Sighting"," ","NA","uuid:4f6f5193-41cb-44fe-9929-4e7daf2654b1"
"Srinivasan Kasinathan","Srini","02May2020_13:26",2020-05-02,13:26,10.3489136,76.8976005,"NA",500.0,"Manambolly","Riverine","Sambar",16,"Partial_count","Sighting"," ","NA","uuid:74cba8ee-f569-477d-a6d7-e0bfb4b5056d"
"Srinivasan Kasinathan","Srini","05May2020_07:36",2020-05-03,01:37,10.3060395,76.8736231,"NA",500.0,"Murugalli_CDR_Karumbalam","Road","Barking_Deer",2,"Total_count","Sighting"," ","NA","uuid:a284ea30-2886-490a-9e9a-9aa1a17811cb"
"Srinivasan Kasinathan","Srini","05May2020_07:38",2020-05-05,07:38,10.3530734,76.9492581,"NA",500.0,"Varattuparai","Coffee_Plantation","Barking_Deer",1,"Total_count","Sighting"," ","NA","uuid:4f0713f9-061e-47cd-9b96-e278db96ac93"
"Srinivasan Kasinathan","Srini","05May2020_14:06",2020-05-05,14:53,10.3530734,76.9492581,"NA",500.0,"Varattuparai","Road","Lion_tailed_Macaque",4,"Partial_count","Sighting"," ","NA","uuid:8e5607eb-da97-4b42-996d-b329802a6523"
"Srinivasan Kasinathan","Srini","08May2020_20:15",2020-05-09,19:16,10.3419318,76.9694330,"NA","NA","Puthuthottam","Coffee_Plantation","Sambar",1,"Total_count","Sighting"," ","NA","uuid:4dc4c712-710a-46a2-8a0b-c76453be9ab8"
"Divya Mudappa","trsraman","11May2020_13:48",2020-05-11,13:49,10.3517880,76.9541593,1018,7.5,"Lower_Paralai","Tea_Plantation","Gaur",10,"Total_count","Sighting","Resting and chewing cud","NA","uuid:ffa92d80-a4b9-459e-8542-38f72eb0636e"
"Divya Mudappa","trsraman","12May2020_16:49",2020-05-11,20:00,10.3301290,76.9602561,"NA","NA","Valparai_Cooperative_Colony","Settlement_Human","Small_Indian_Civet",1,"Total_count","Sighting","We smelt sic, Paul saw","NA","uuid:f88beab1-d40b-4689-8c2f-90b5b4652597"
"Kshama Bhat","Kshama","12May2020_05:31",2020-05-13,14:14,10.3501281,76.9355917,986,8.6,"Old_Valparai","Edge","Nilgiri_Langur",5,"Partial_count","Sighting","On a ficus tree eating","NA","uuid:4721ee47-4c06-4673-8504-a1096b2c8cfd"
"Srinivasan Kasinathan","Srini","14May2020_05:30",2020-05-13,19:30,10.3418022,76.9694179,"NA","NA","Puthuthottam","Rainforest_Fragment","Stripe_necked_Mongoose",1,"Total_count","Sighting"," ","NA","uuid:daa762d0-5388-4bfe-ae7b-eb6acb26d5e4"
"Kshama Bhat","Kshama","14May2020_09:32",2020-05-14,09:32,10.3077410,76.8355693,786,4.3,"Candura","Rainforest_Fragment","Gaur",9,"Partial_count","Sighting"," ","NA","uuid:9f44402e-2678-4605-a3e6-3a3ff91e3e43"
"Kshama Bhat","Kshama","15May2020_07:50",2020-05-15,07:51,10.3092967,76.8381456,806,3.2,"Candura","Rainforest_Fragment","Nilgiri_Langur",7,"Partial_count","Sighting"," ","NA","uuid:128166e6-e2ad-4a48-b011-7b2bf0e94779"
"Kshama Bhat","Kshama","15May2020_11:08",2020-05-15,11:08,10.3080656,76.8343053,784,3.2,"Candura","Rainforest_Fragment","Malabar_Giant_Squirrel",1,"Total_count","Sign_Vocalisation"," ","NA","uuid:c568b6be-d8d5-4168-b974-39454038fd50"
"Srinivasan Kasinathan","Srini","14May2020_14:27",2020-05-14,21:27,10.3096778,76.8360910,"NA","NA","Candura","Tea_Plantation","Monitor lizard",1,"Total_count","Sighting"," ","NA","uuid:ef9a7200-fa5d-4f33-90be-7a936a62f539"
"Srinivasan Kasinathan","Srini","15May2020_16:08",2020-05-15,16:09,10.3497886,76.9353242,993,7.5,"Old_Valparai","Rainforest_Fragment","Nilgiri_Langur",5,"Partial_count","Sighting"," ","NA","uuid:dff03318-eaef-4f6c-976b-38ad1315953e"
"Srinivasan Kasinathan","Srini","15May2020_17:07",2020-05-15,17:07,10.3479706,76.9730466,"NA","NA","Iyerpadi","Tea_Plantation","Lion_tailed_Macaque",15,"Partial_count","Sighting"," ","NA","uuid:f14b693f-0ad3-4d31-beec-ed43fb474abb"
"Srinivasan Kasinathan","Srini","15May2020_18:32",2020-05-15,18:18,10.3498004,76.9727388,"NA","NA","Iyerpadi","Tea_Plantation","Gaur",1,"Total_count","Sighting"," ","NA","uuid:9bb6fb37-caf3-47bc-9338-7f9744df91dd"
"Kshama Bhat","Kshama","15May2020_11:08",2020-05-15,11:08,10.3080656,76.8343053,784,3.2,"Candura","Rainforest_Fragment","Malabar_Giant_Squirrel",1,"Total_count","Sign_Vocalisation"," ","NA","uuid:c568b6be-d8d5-4168-b974-39454038fd50"
"Kshama Bhat","Kshama","16May2020_07:14",2020-05-16,07:12,10.3558168,76.9356353,921,7.5,"Varattuparai","Coffee_Plantation","Gaur",6,"Partial_count","Sighting"," ","NA","uuid:fc948607-68ec-468e-9680-773efdd1ebee"
"Srinivasan Kasinathan","Srini","16May2020_07:13",2020-05-16,07:19,10.3487608,76.9344365,953,7.6,"Old_Valparai","Coffee_Plantation","Nilgiri_Langur",5,"Partial_count","Sighting"," ","NA","uuid:131bfce5-6389-4ddf-99b5-2d8eba3ae3db"
"Srinivasan Kasinathan","Srini","16May2020_12:08",2020-05-16,11:09,10.3572044,76.8899960,828,20.5,"Manambolly","Rainforest","Malabar_Giant_Squirrel",1,"Total_count","Sign_Vocalisation"," ","NA","uuid:bca20755-10f6-47ee-94ed-968a88bc50ae"
"Srinivasan Kasinathan","Srini","16May2020_12:26",2020-05-16,12:26,10.3540736,76.8977131,"NA","NA","Manambolly","Coffee_Plantation","Bonnet_Macaque",6,"Partial_count","Sighting"," ","NA","uuid:3bde7f1b-2649-4bac-b75d-8f26a2d6c04c"
"Kshama Bhat","Kshama","18May2020_08:24",2020-05-18,08:24,10.3585450,76.9589032,1031,4.3,"Rottikadai","Tea_Plantation","Gaur",15,"Partial_count","Sighting"," ","NA","uuid:ce079cb6-3eed-4fc1-be3c-2589c2bd8c85"
"Srinivasan Kasinathan","Srini","17May2020_18:04",2020-05-17,18:04,10.3356282,76.9634058,"NA",1500.0,"Valparai_Cooperative_Colony","Road","Tiger",1,"Total_count","Sighting"," ","NA","uuid:71bd5278-69d6-44fb-a427-d62fd22179d2"
"Srinivasan Kasinathan","Srini","18May2020_15:02",2020-05-18,15:02,10.3080741,76.8517206,951,3.8,"Murugalli_estate","Tea_Plantation","Stripe_necked_Mongoose",1,"Total_count","Sighting"," ","NA","uuid:f6c077ea-5caf-4235-b13e-93fa90c1f7a3"
"Srinivasan Kasinathan","Srini","19May2020_12:48",2020-05-19,12:05,10.3370164,76.9637659,"NA",2000.0,"Kavarkal_to_40th_bend","Rainforest","Nilgiri_Langur",1,"Total_count","Sighting"," ","NA","uuid:892b6993-8bee-4b41-a999-d39832c8361b"
"Kshama Bhat","Kshama","18May2020_12:19",2020-05-20,17:08,10.3302169,76.9599911,1041,7.5,"Valparai_Cooperative_Colony","Settlement_Human","Brown_Mongoose",1,"Total_count","Sighting"," ","NA","uuid:ab640967-0d91-4fae-90cd-90a94fc67f3d"
"Kshama Bhat","Kshama","21May2020_15:14",2020-05-21,15:14,10.3504704,76.9727954,1044,3.2,"Rottikadai","Tea_Plantation","Gaur",2,"Partial_count","Sighting"," ","NA","uuid:8ca88b6b-bcbb-495e-b15b-b71a8c43af30"
"Srinivasan Kasinathan","Srini","19May2020_18:37",2020-05-19,18:37,10.3386943,76.9638229,1038,9.4,"Puthuthottam","Coffee_Plantation","Sambar",2,"Total_count","Sighting"," ","NA","uuid:dc998130-0a4b-4835-a9cc-1fab0bbd1fc1"
"Srinivasan Kasinathan","Srini","21May2020_17:55",2020-05-21,17:55,10.3302211,76.9599985,"NA",23.8,"Valparai_Cooperative_Colony","Road","Stripe_necked_Mongoose",1,"Total_count","Sighting"," ","NA","uuid:2d4fc336-ea77-4f5e-8f59-a90687f10cd7"
"Kshama Bhat","Kshama","22May2020_17:52",2020-05-22,17:53,10.3457534,76.9728494,1070,4.3,"Upper_Paralai","Tea_Plantation","Gaur",12,"Partial_count","Sighting"," ","NA","uuid:35d48fc7-9064-46b1-a7de-bc52d9bcf053"
"Kshama Bhat","Kshama","27May2020_15:27",2020-05-27,15:27,10.3429242,76.9336092,978,7.5,"Selaliparai","Eucalyptus_Plantation","Nilgiri_Langur",2,"Partial_count","Sighting"," ","NA","uuid:b56724b6-5b37-4646-91f1-d275a4b3ce3c"
"Kshama Bhat","Kshama","27May2020_15:28",2020-05-27,15:28,10.3401369,76.9373266,"NA","NA","Selaliparai","Eucalyptus_Plantation","Malabar_Giant_Squirrel",2,"Total_count","Sighting","Eating jackfruits","NA","uuid:dbde2c6a-4a72-497e-8196-6e297c0705f2"
"Kshama Bhat","Kshama","27May2020_15:39",2020-05-27,15:39,10.3537780,76.9367580,911,7.5,"Varattuparai","Coffee_Plantation","Gaur",5,"Partial_count","Sighting","2 adults, 3 calf","NA","uuid:f7f140ef-603e-474b-b549-5f2e0bcebed9"
"Kshama Bhat","Kshama","28May2020_12:56",2020-05-28,12:56,10.3301586,76.9600471,1061,6.4,"Valparai_Cooperative_Colony","Settlement_Human","Brown_Mongoose",1,"Total_count","Sighting"," ","NA","uuid:df03d20a-2b17-46fc-91d3-5a92a270f968"
"Kshama Bhat","Kshama","29May2020_10:01",2020-05-29,10:01,10.3556406,76.9320466,897,6.4,"Varattuparai","Coffee_Plantation","Malabar_Giant_Squirrel",1,"Total_count","Sighting"," ","NA","uuid:46462bfd-a2c8-4eff-8c11-cd87c00fa589"
"Kshama Bhat","Kshama","29May2020_15:04",2020-05-29,15:05,10.3442838,76.9694299,1101,5.4,"Puthuthottam","Rainforest_Fragment","Malabar_Giant_Squirrel",2,"Total_count","Sighting"," ","NA","uuid:7fac2d15-7843-46ef-91a5-d628816469ca"
"Kshama Bhat","Kshama","30May2020_07:37",2020-05-30,07:37,10.3521715,76.9409006,1019,3.2,"Old_Valparai","Settlement_Human","Lion_tailed_Macaque",1,"Total_count","Sighting","Eating termites","1xe3T80uYb_JznCKBT0HijlZ_5H4o-XSz.jpg","uuid:5f7b21f4-87e4-4831-adf7-d95f5fd619f5"
"T R Shankar Raman","trsraman","24May2020_19:13",2020-05-24,19:13,10.3405168,76.9688033,"NA","NA","Puthuthottam","Edge","Sambar",3,"Partial_count","Sighting","Fem with large fawn","NA","uuid:c7fd92e1-9820-457a-9e04-415bb5b5954a"
"Divya Mudappa","trsraman","24May2020_19:15",2020-05-24,19:15,10.3382238,76.9654586,"NA","NA","Puthuthottam","Coffee_Plantation","Sambar",2,"Partial_count","Sighting","Fem large fawn","NA","uuid:f62cb99e-f040-4b45-be8c-a25a2d841741"
"T R Shankar Raman","trsraman","24May2020_19:16",2020-05-24,19:16,10.3368728,76.9643787,"NA","NA","Puthuthottam","Coffee_Plantation","Sambar",3,"Partial_count","Sighting"," ","NA","uuid:6e8d173e-41d7-4f29-8d08-3a8041ed90ac"
"Divya Mudappa","trsraman","28May2020_23:50",2020-05-28,23:50,10.3298694,76.9604550,"NA","NA","Valparai_Cooperative_Colony","Settlement_Human","Sambar",1,"Partial_count","Sign_Vocalisation","Alarm call","NA","uuid:bb3a4a05-9993-4a72-a0ac-4c2414762506"
"Divya Mudappa","trsraman","30May2020_07:10",2020-05-30,07:10,10.3400887,76.9674706,"NA","NA","Puthuthottam","Rainforest_Fragment","Lion_tailed_Macaque",40,"Partial_count","Sighting","On ground foraging for winged termites emerging","NA","uuid:d9cad121-2165-482d-834b-a32d50f3bb93"
"Divya Mudappa","trsraman","30May2020_07:18",2020-05-30,07:19,10.3455014,76.9728190,1050,4.3,"Puthuthottam","Rainforest_Fragment","Lion_tailed_Macaque",15,"Partial_count","Sighting","Stuffing winged termites into their mouths near temple","NA","uuid:f1e7c4a3-97f0-458f-922f-af234b054a20"
"T R Shankar Raman","trsraman","30May2020_07:21",2020-05-30,07:21,10.3517428,76.9722386,"NA","NA","Lower_Paralai","Tea_Plantation","Gaur",1,"Partial_count","Sighting"," ","NA","uuid:eaee5992-9204-4ba9-a99c-bcc8a41ad15d"
"Divya Mudappa","trsraman","30May2020_07:25",2020-05-30,07:25,10.3536550,76.9643130,"NA","NA","Lower_Paralai","Tea_Plantation","Gaur",2,"Total_count","Sighting","1 bull","NA","uuid:8fab6f38-e262-4dde-a77d-5abc6238623d"
"T R Shankar Raman","trsraman","30May2020_07:35",2020-05-30,07:35,10.3555559,76.9520960,1032,3.2,"Lower_Paralai","Tea_Plantation","Gaur",24,"Partial_count","Sighting"," ","NA","uuid:160ebdc0-19d5-4623-84aa-4e175b335a30"
"T R Shankar Raman","trsraman","30May2020_07:41",2020-05-30,07:41,10.3522352,76.9408683,1031,3.2,"Old_Valparai","Coffee_Plantation","Lion_tailed_Macaque",1,"Total_count","Sighting","Male, eating winged termites on ground","NA","uuid:501fda35-091f-4087-ba82-bdb0071f389f"
"G. Moorthi","trsraman","30May2020_08:47",2020-05-30,08:47,10.3522205,76.9287122,961,4.3,"Varattuparai","Rainforest_Fragment","Mouse_Deer",1,"Total_count","Sighting","Was resting under a low tangle of branches","NA","uuid:349e5d85-4aeb-4ed9-8f63-41e362449bd9"
"Divya Mudappa","trsraman","02Jun2020_19:59",2020-06-02,20:00,10.3647682,76.9795541,1129,3.2,"Iyerpadi","Tea_Plantation","Sloth_Bear",2,"Total_count","Sighting","Female with large cub","NA","uuid:048f7c22-b4d9-4bf7-8f69-04e3e1fe3647"
"T R Shankar Raman","trsraman","03Jun2020_07:42",2020-06-02,06:42,10.3301537,76.9604177,"NA","NA","Valparai_Cooperative_Colony","Settlement_Human","Stripe_necked_Mongoose",1,"Total_count","Sighting"," ","NA","uuid:013169e9-cb12-4eb1-9e64-ed61d3fbc34c"
"Kshama Bhat","Kshama","01Jun2020_16:37",2020-06-01,16:37,10.3451205,76.9728512,1060,3.2,"Puthuthottam","Tea_Plantation","Gaur",20,"Partial_count","Sighting"," ","1I8mz_XbESIhgI16woh2bI7yuXzfUi0iS.jpg","uuid:3a8a6e24-c4df-46a7-9088-5bbac8ff1281"
"Kshama Bhat","Kshama","08Jun2020_07:31",2020-06-08,07:31,10.3575242,76.9512265,1034,3.2,"Lower_Paralai","other, Hill next to Anamalai club","Elephant",2,"Total_count","Sighting"," ","1X-45itPBOg3Ydl33DPFWWAbBsbz4-coB.jpg","uuid:d122dec3-66e9-4da9-977c-24c27cd05fcf"
"Srinivasan Kasinathan","Srini","04Jun2020_09:27",2020-06-04,09:28,10.3060377,76.8740359,"NA","NA","Sholayar_Dam","Edge","Brown_Mongoose",1,"Total_count","Sighting"," ","NA","uuid:5274db2c-f74e-4d52-941d-bb8528416660"
"Srinivasan Kasinathan","Srini","04Jun2020_15:16",2020-06-04,15:17,10.3111163,76.8480818,"NA","NA","Murugalli_estate","Tea_Plantation","Gaur",1,"Total_count","Sighting"," ","NA","uuid:c22b1542-7ddf-4cfd-a5bb-901c67ced8e7"
"Srinivasan Kasinathan","Srini","05Jun2020_21:10",2020-06-05,21:11,10.3570433,76.9530333,1016,3.8,"Club_road","Road","Stripe_necked_Mongoose",1,"Total_count","Sighting"," ","NA","uuid:2d3e5611-caff-4994-ad96-5ee07bcd6816"
"Srinivasan Kasinathan","Srini","09Jun2020_07:36",2020-06-09,07:38,10.3090330,76.8364815,840,4.3,"Candura","Tea_Plantation","Gaur",1,"Total_count","Sighting"," ","NA","uuid:a40eec32-ac32-4ace-8260-3b10730876c3"
"Srinivasan Kasinathan","Srini","09Jun2020_09:09",2020-06-09,09:09,10.3073341,76.8357412,788,3.8,"Candura","Rainforest_Fragment","Nilgiri_Langur",3,"Partial_count","Sighting"," ","NA","uuid:adc3f3b6-0f47-4ab9-81a7-e07e52ba6c35"
"Srinivasan Kasinathan","Srini","11Jun2020_07:30",2020-06-11,07:15,10.3085437,76.8356186,"NA","NA","Candura","Road","Leopard",1,"Total_count","Sighting"," ","NA","uuid:5b6dd259-d774-4f48-ab06-ec52125dc13a"
"Srinivasan Kasinathan","Srini","14Jun2020_16:37",2020-06-14,16:38,10.3569571,76.9510032,"NA","NA","Club_road","Tea_Plantation","Gaur",13,"Partial_count","Sighting"," ","NA","uuid:4fd23495-becd-4487-bb53-007abf1df7ad"
"Srinivasan Kasinathan","Srini","22May2020_09:45",2020-05-22,09:46,10.3638210,76.9776310,1131,6.9,"Iyerpadi","Tea_Plantation","Wild_pig",1,"Total_count","Sign_Dropping"," ","NA","uuid:9078521d-ef86-4740-a779-8b63dbf84ba9"
"Srinivasan Kasinathan","Srini","22May2020_12:57",2020-05-22,12:57,10.3091181,76.8374934,808,5.9,"Candura","Edge","Nilgiri_Langur",1,"Partial_count","Sighting"," ","NA","uuid:f0c7f515-097e-42ee-9c06-369e2d0c8385"
"Srinivasan Kasinathan","Srini","22May2020_16:32",2020-05-22,16:32,10.3064533,76.8736604,842,5.0,"Sholayar","Edge","Nilgiri_Langur",5,"Partial_count","Sighting"," ","NA","uuid:f54a35e7-7b7f-40a6-b377-2fb7448324cd"
"Srinivasan Kasinathan","Srini","22May2020_17:22",2020-05-22,17:23,10.3514659,76.9370403,1004,4.3,"Old_Valparai","Edge","Nilgiri_Langur",5,"Partial_count","Sighting"," ","NA","uuid:9bdfdd93-f70d-4614-8790-e5c01aef7e47"
"Srinivasan Kasinathan","Srini","22May2020_19:49",2020-05-21,17:50,10.3302332,76.9600660,"NA","NA","Valparai_Cooperative_Colony","Road","Stripe_necked_Mongoose",2,"Total_count","Sighting"," ","NA","uuid:bb783325-90ec-4412-9360-37242d5a4e3a"
"Srinivasan Kasinathan","Srini","22May2020_20:00",2020-05-23,20:00,10.3297287,76.9347707,988,4.9,"Stanmore","Road","Malabar_Giant_Squirrel",1,"Total_count","Sighting"," ","NA","uuid:46635294-5a9f-4499-bd8a-3a2e61d7e987"
"Srinivasan Kasinathan","Srini","25May2020_16:49",2020-05-25,16:46,10.3571341,76.9502790,1012,3.8,"Club_road","Tea_Plantation","Stripe_necked_Mongoose",1,"Total_count","Sighting"," ","NA","uuid:452e92d7-485a-4d05-af4b-8a7788c085d5"
"Srinivasan Kasinathan","Srini","26May2020_08:47",2020-05-26,20:47,10.3702028,76.9932414,1269,10.3,"Kavarkal_to_40th_bend","Rainforest","Stripe_necked_Mongoose",1,"Total_count","Sighting"," ","NA","uuid:00e4209c-0e81-4568-976b-7458e759361c"
"Srinivasan Kasinathan","Srini","26May2020_20:06",2020-05-26,20:06,10.4604654,76.9689713,275,17.5,"Aliyar","Road","Sambar",3,"Total_count","Sighting"," ","NA","uuid:18922231-3f27-4a10-8a34-4e783187190e"
"Srinivasan Kasinathan","Srini","26May2020_20:18",2020-05-26,09:28,10.4497158,76.9815999,576,6.1,"5_to_8_bend","Road","Nilgiri_Tahr",1,"Total_count","Sighting"," ","NA","uuid:977e3f03-040f-43a1-b222-ffa96ea1ef21"
"Srinivasan Kasinathan","Srini","27May2020_09:29",2020-05-27,09:29,10.3578143,76.9527520,"NA","NA","Club_road","Tea_Plantation","Gaur",1,"Total_count","Sighting"," ","NA","uuid:ff70d05a-f882-4983-be93-a887f060efbb"
"Srinivasan Kasinathan","Srini","29May2020_13:09",2020-05-29,13:11,10.3555300,76.9243937,"NA","NA","Komalimedu","Rainforest","Elephant",1,"Partial_count","Sighting"," ","NA","uuid:afe50312-c8bf-47b9-ab3e-ed56122fb860"
"Srinivasan Kasinathan","Srini","29May2020_13:11",2020-05-29,12:11,10.3513493,76.9262933,"NA","NA","Varattuparai","Coffee_Plantation","Barking_Deer",1,"Total_count","Sighting"," ","NA","uuid:949b2d21-dfff-44f4-b1f2-7d7b13089636"
"Srinivasan Kasinathan","Srini","16Jun2020_14:14",2020-06-16,14:16,10.3536703,76.9983901,1134,5.3,"Iyerpadi","Rainforest_Fragment","Stripe_necked_Mongoose",1,"Total_count","Sighting"," ","NA","uuid:440e11c4-1da8-4c19-bd83-93e3fa4fdd0a"
"Sathish","Sathish","20Jun2020_10:23",2020-06-20,10:24,10.3535914,76.9984937,"NA","NA","Iyerpadi","Edge","Dhole",3,"Total_count","Sighting"," ","NA","uuid:dacd23fc-a351-4d8f-b703-f87b97aaca0b"
"G. Moorthi","G. Moorthi","23Jun2020_09:15",2020-06-23,09:16,10.3681610,76.9928627,"NA","NA","Kavarkal_to_40th_bend","Rainforest_Fragment","Mouse_Deer",1,"Total_count","Sighting"," ","NA","uuid:51000c71-7719-44a4-a03f-2d3355e6dac3"
"Srinivasan Kasinathan","Srini","23Jun2020_17:18",2020-06-23,17:19,10.3454758,76.9753241,"NA","NA","Upper_Paralai","Tea_Plantation","Gaur",8,"Partial_count","Sighting"," ","NA","uuid:59be255b-c1d2-4f82-8ef5-f793f6ce57fd"
"G. Moorthi","G. Moorthi","25Jun2020_12:13",2020-06-25,08:31,10.3451773,76.9222761,911,5.9,"Varattuparai","Edge","Mouse_Deer",2,"Total_count","Sighting"," ","NA","uuid:abf8e9c2-5cc4-48ed-8f9c-da61c2a32c76"
"Srinivasan Kasinathan","Srini","02Jul2020_11:04",2020-07-02,11:08,10.3997938,76.8775568,633,6.0,"Panathiar","Rainforest","Malabar_Giant_Squirrel",2,"Total_count","Sighting"," ","NA","uuid:cfdf0112-19e8-4313-85b3-8ab11f2ed0d0"
"Srinivasan Kasinathan","Srini","07Jul2020_17:09",2020-07-07,17:10,10.3404298,76.9674146,"NA","NA","Puthuthottam","Road","Barking_Deer",1,"Total_count","Sighting"," ","NA","uuid:66daa0fd-2bb6-40d4-a516-ccde937753f1"
"Srinivasan Kasinathan","Srini","08Jul2020_15:11",2020-07-08,15:11,10.3602965,76.9762428,950,25.7,"Rottikadai","Road","Brown_Mongoose",1,"Total_count","Sighting"," ","NA","uuid:5e49e3e0-5588-43e0-8953-c8afbe5b9066"
"Srinivasan Kasinathan","Srini","15Jul2020_18:06",2020-07-15,18:07,10.3301775,76.9599748,"NA","NA","Valparai_Cooperative_Colony","Road","Brown_Mongoose",2,"Total_count","Sighting"," ","NA","uuid:8a06bf80-c069-459f-99f8-562ba607aee7"
"T R Shankar Raman","trsraman","11Jun2020_07:29",2020-06-11,07:30,10.3344822,76.9352452,"NA","NA","Stanmore","Tea_Plantation","Dhole",12,"Partial_count","Sighting","On the move along the trail close to selaliparai1","NA","uuid:10fa2a67-f722-4faa-9356-87d0f9638ec1"
"T R Shankar Raman","trsraman","11Jun2020_07:42",2020-06-11,07:43,10.3526039,76.9390158,985,3.2,"Old_Valparai","Rainforest_Fragment","Bonnet_Macaque",30,"Partial_count","Sighting","Cross road","NA","uuid:3b05b92f-47de-4b45-bfbf-e28b81bb8a17"
"Divya Mudappa","trsraman","16Jun2020_13:29",2020-06-16,13:29,10.3302230,76.9599231,1047,6.4,"Valparai_Cooperative_Colony","Settlement_Human","Brown_Mongoose",2,"Total_count","Sighting","Two individuals saw only the younger one but spittig vocalisation going on.","NA","uuid:eb7e1962-9631-4e48-9761-c85e2c7c04f3"
"Divya Mudappa","trsraman","17Jun2020_15:11",2020-06-17,15:12,10.3443389,76.9732246,"NA","NA","Upper_Paralai","Swamp","Elephant",6,"Total_count","Sighting","Edge of puthutjuttam","NA","uuid:8d38915e-983b-43bf-8014-da6ac37abe7d"
"T R Shankar Raman","trsraman","18Jun2020_14:48",2020-06-18,14:49,10.3301593,76.9600550,"NA","NA","Valparai_Cooperative_Colony","Settlement_Human","Black_Naped_Hare",1,"Total_count","Sighting","Ran from Duranta hedge","NA","uuid:e8c12562-d2a5-42c9-9cd8-2e58d35f88d9"
"Divya Mudappa","trsraman","18Jun2020_14:52",2020-06-18,08:52,10.3303092,76.9599728,1048,6.4,"Valparai_Cooperative_Colony","Settlement_Human","Brown_Mongoose",1,"Total_count","Sighting"," ","NA","uuid:04b70d7b-5a90-4131-8b62-3f75f0734b0f"
"T R Shankar Raman","trsraman","22Jun2020_14:54",2020-06-22,14:54,10.3510414,76.9727040,1054,3.2,"Upper_Paralai","Tea_Plantation","Gaur",5,"Partial_count","Sighting","Crossing the road from puthuthottam","NA","uuid:d21c0c2f-502c-4d81-82c9-69cc08d8c57a"
"Divya Mudappa","trsraman","03Jul2020_12:37",2020-07-03,12:38,10.3523029,76.9686864,1026,3.2,"Lower_Paralai","Tea_Plantation","Barking_Deer",2,"Total_count","Sighting","2 males velvet","NA","uuid:63c93ee9-5eb8-4bf5-a217-7b60af679b3f"
"Divya Mudappa","trsraman","18Jul2020_14:24",2020-07-18,14:25,10.3407190,76.9679219,"NA","NA","Puthuthottam","Rainforest_Fragment","Lion_tailed_Macaque",32,"Total_count","Sighting"," ","NA","uuid:2f098325-8272-45f9-ab63-a6adca23eea9"
"T R Shankar Raman","trsraman","18Jul2020_14:30",2020-07-18,14:30,10.3427409,76.9709270,"NA","NA","Puthuthottam","Rainforest_Fragment","Lion_tailed_Macaque",17,"Partial_count","Sighting","Feedign on guava and meisopsis. One eye injured male and a right hand injured female.","NA","uuid:c9ea0259-d4e3-484c-96f8-1d723e21b3aa"
"Divya Mudappa","trsraman","18Jul2020_14:40",2020-07-18,14:40,10.3318458,76.9592838,"NA","NA","Valparai_town","Settlement_Human","Lion_tailed_Macaque",10,"Partial_count","Sighting","In the edge of the town near goodluck eatibv food waste. Large troop","NA","uuid:5a68cd9f-a683-4af4-b693-a3b75958dfc8"
"Divya Mudappa","trsraman","22Jul2020_12:22",2020-07-22,12:08,10.3302394,76.9599820,1038,4.3,"Valparai_Cooperative_Colony","Settlement_Human","Brown_Mongoose",2,"Total_count","Sighting"," ","NA","uuid:ae382d3d-e74d-43a1-906a-c77b28ef9715"
"T R Shankar Raman","trsraman","25Jul2020_14:06",2020-07-25,14:06,10.3380929,76.9347094,"NA","NA","Selaliparai","Rainforest_Fragment","Brown_Mongoose",1,"Total_count","Sighting"," ","NA","uuid:c196d2f9-c184-4140-958c-4a4d645bdc9e"
"T R Shankar Raman","trsraman","28Jul2020_18:44",2020-07-28,09:15,10.3303636,76.9598404,994,16.1,"Valparai_Cooperative_Colony","Settlement_Human","Lion_tailed_Macaque",3,"Partial_count","Sighting","Came to eat guavas","NA","uuid:d147bec9-2053-41b5-85f4-c56cda67ee2f"
"Srinivasan Kasinathan","Srini","20Jul2020_08:33",2020-07-20,08:33,10.3552035,76.9471629,"NA","NA","Old_Valparai","Eucalyptus_Plantation","Barking_Deer",1,"Total_count","Sighting"," ","NA","uuid:2977d7ff-9b8a-427e-9579-ef55bd564a3f"
"Srinivasan Kasinathan","Srini","24Jul2020_11:09",2020-07-24,11:10,10.3716879,76.9453417,"NA","NA","Other","Coffee_Plantation","Barking_Deer",2,"Total_count","Sighting","It was at Othakadai","NA","uuid:3448e167-9dff-4454-985f-1b889555f2b5"
"Srinivasan Kasinathan","Srini","31Jul2020_07:19",2020-07-31,07:19,10.3550403,76.9723948,"NA","NA","Rottikadai","Road","Lion_tailed_Macaque",43,"Partial_count","Sighting"," ","NA","uuid:e36f8305-4188-4453-bc8e-c38a2cc33a89"
"Kshama Bhat","Kshama","29Jul2020_09:55",2020-07-29,09:55,10.3569687,76.9520352,1043,4.3,"Lower_Paralai","Tea_Plantation","Jungle_striped_Squirrel",1,"Total_count","Roadkill"," ","1WyaZ6VRZQ9bg-cQMXg3HwsmkhGAjyOQ5.jpg","uuid:5cb998bd-a3c7-431c-92b8-30a91ac5e3a4"
"Kshama Bhat","Kshama","04Aug2020_09:40",2020-08-04,09:41,10.3637282,76.9778184,1125,3.2,"Iyerpadi","Settlement_Human","Gaur",1,"Total_count","Sighting"," ","1ElXzsbGPyuT17H4qZCTKI64ggFrmnwLF.jpg","uuid:b802aa9b-f4ea-4627-a416-84e9a978a89f"
"Kshama Bhat","Kshama","04Aug2020_10:48",2020-08-04,10:50,10.3473868,76.9728485,1077,4.3,"Puthuthottam","Tea_Plantation","Gaur",7,"Partial_count","Sighting"," ","NA","uuid:e12197e8-62ef-4f3d-b1f0-7c6ae7ad600b"
"T R Shankar Raman","trsraman","28Jul2020_21:07",2020-07-28,21:08,10.3301323,76.9609498,"NA","NA","Valparai_Cooperative_Colony","Tea_Plantation","Sambar",1,"Partial_count","Sign_Vocalisation","Alarm call","NA","uuid:cf9fecd5-3129-40f2-9707-31214e5b6278"
"T R Shankar Raman","trsraman","03Aug2020_10:16",2020-08-03,07:16,10.3445266,76.9709250,"NA","NA","Puthuthottam","Rainforest_Fragment","Lion_tailed_Macaque",1,"Total_count","Electrocution"," ","NA","uuid:9dee58fa-7173-4eba-9449-0da4676adbab"
"Kshama Bhat","Kshama","09Aug2020_12:23",2020-08-09,12:23,10.3529314,76.9413918,1056,5.4,"Old_Valparai","Eucalyptus_Plantation","Brown_Mongoose",1,"Partial_count","Sighting"," ","NA","uuid:30707b69-4993-413a-bc47-d02f91058305"
"Kshama Bhat","Kshama","09Aug2020_12:41",2020-08-09,12:42,10.3593683,76.9577279,1032,3.2,"Lower_Paralai","Tea_Plantation","Elephant",1,"Partial_count","Sighting"," ","NA","uuid:9c920c2e-d1bf-4abe-aa70-6d4fbe938083"
"Kshama Bhat","Kshama","12Aug2020_07:42",2020-08-12,07:43,10.3503380,76.9727343,1056,4.3,"Rottikadai","Tea_Plantation","Gaur",17,"Partial_count","Roadkill"," ","NA","uuid:8abd094e-6ce6-4a2b-93c9-bb27ded3bad7"
"Kshama Bhat","Kshama","15Aug2020_17:56",2020-08-15,17:56,10.3646271,76.9777320,1117,3.2,"Iyerpadi","Tea_Plantation","Bat",1,"Total_count","Electrocution"," ","1Rehw2QlfKbUSi6Og85G6HHzE_XSL8r5d.jpg","uuid:d3eef3c8-6714-4b16-a50d-45272e6465ef"
"Kshama Bhat","Kshama","19Aug2020_13:09",2020-08-19,13:09,10.3530734,76.9492581,"NA",500.0,"Varattuparai","Coffee_Plantation","Nilgiri_Langur",4,"Partial_count","Sighting"," ","NA","uuid:63bb9bd3-c7c3-4f64-aee2-645a44fa8334"
"Kshama Bhat","Kshama","02Jun2020_08:18",2020-06-02,08:18,10.3530734,76.9492581,"NA",500.0,"Varattuparai","Coffee_Plantation","Elephant",1,"Total_count","Sign_Dropping"," ","1LZSpKwEYFUby-_Iza8IK6Bjvro5Waj-g.jpg","uuid:1712a75c-4b3a-4c52-997b-5912c33eaec0"
"Kshama Bhat","Kshama","28Aug2020_16:24",2020-08-28,16:24,10.3592623,76.9575035,1003,4.3,"Lower_Paralai","Tea_Plantation","Gaur",20,"Partial_count","Sighting"," ","1xQnx23XaK2O7nZ_RZUIJ9vtjNai1RfCX.jpg","uuid:b3ce36d2-f229-45a0-976d-bea0958bb1cc"
"Srinivasan Kasinathan","Srini","03Sep2020_11:30",2020-09-03,11:30,10.3598072,76.8897088,603,24.3,"Manambolly","Rainforest","Barking_Deer",1,"Total_count","Sign_Vocalisation"," ","NA","uuid:591b592a-ee28-4bc9-87b8-15ed38e6dc12"
"Srinivasan Kasinathan","Srini","14Aug2020_16:32",2020-08-14,17:10,10.3489136,76.8976005,"NA",500.0,"Manambolly","Rainforest","Barking_Deer",1,"Total_count","Sighting","Along with the Barking deer we saw 2 Sambar deer","NA","uuid:e3fd8c52-fd75-4c52-a05c-c89efcb4ea52"
"T R Shankar Raman","trsraman","09Aug2020_08:23",2020-08-09,08:15,10.3305424,76.9599404,1043,21.4,"Valparai_Cooperative_Colony","Settlement_Human","Lion_tailed_Macaque",5,"Partial_count","Sighting","Ate guavas","NA","uuid:29cd09c7-025f-45a6-ae6b-b1dc0fbfad3b"
"T R Shankar Raman","trsraman","10Aug2020_12:39",2020-08-10,12:39,10.4006636,76.8770610,613,13.9,"Panathiar","Rainforest","Lion_tailed_Macaque",3,"Partial_count","Sighting"," ","NA","uuid:4848ad5c-2587-4d7f-bebc-ffae69d7a2c2"
"T R Shankar Raman","trsraman","13Aug2020_11:16",2020-08-13,11:16,10.3334198,76.9615919,"NA","NA","Valparai_town","Settlement_Human","Lion_tailed_Macaque",3,"Partial_count","Sighting"," ","NA","uuid:01ecf508-dac1-4f32-ba36-48c067cf167f"
"Divya Mudappa","trsraman","13Aug2020_12:34",2020-08-13,12:34,10.3530589,76.9562687,1028,4.3,"Lower_Paralai","Tea_Plantation","Gaur",3,"Partial_count","Sighting","Juveniles","NA","uuid:66fa717c-e806-48df-add3-16399ce2586e"
"T R Shankar Raman","trsraman","13Aug2020_12:40",2020-08-13,12:40,10.3525436,76.9626926,"NA","NA","Club_road","other, Rottikadai hill ridge","Elephant",2,"Total_count","Sighting"," ","NA","uuid:b4cbedb2-e1ac-438b-a818-fef33eefd392"
"Divya Mudappa","trsraman","15Aug2020_07:19",2020-08-15,07:19,10.3302083,76.9599606,1036,9.6,"Valparai_Cooperative_Colony","Settlement_Human","Bonnet_Macaque",8,"Partial_count","Sighting"," ","NA","uuid:756f01ba-aa65-4b62-b1d4-df040336eb28"
"T R Shankar Raman","trsraman","19Aug2020_10:26",2020-08-19,10:26,10.3570205,76.9724987,1027,3.2,"Rottikadai","Riverine","Brown_Mongoose",1,"Total_count","Sighting","Near the bridge","NA","uuid:f73876d1-25c8-4b33-ac26-ee24ee28a81c"
"Divya Mudappa","trsraman","19Aug2020_10:28",2020-08-19,10:10,10.3383538,76.9792106,"NA","NA","Valparai_town","Rainforest_Fragment","Stripe_necked_Mongoose",1,"Total_count","Sighting"," ","NA","uuid:d72f8ccc-acb6-451f-84c9-0bf1254adf34"
"T R Shankar Raman","trsraman","19Aug2020_11:27",2020-08-19,11:27,10.3084045,76.8573099,"NA","NA","Murugalli_estate","Tea_Plantation","Porcupine",1,"Total_count","Roadkill"," ","NA","uuid:f83c1562-415d-4842-a73f-87649f8c95dc"
"Divya Mudappa","trsraman","21Aug2020_08:27",2020-08-21,08:27,10.3596497,76.9724230,"NA","NA","Rottikadai","Settlement_Human","Lion_tailed_Macaque",12,"Partial_count","Sighting"," ","NA","uuid:3700ad98-4f68-4e9a-86f1-8937ad2a6944"
"T R Shankar Raman","trsraman","23Aug2020_08:32",2020-08-23,08:32,10.3301564,76.9600010,"NA","NA","Valparai_Cooperative_Colony","Settlement_Human","Stripe_necked_Mongoose",1,"Total_count","Sighting"," ","NA","uuid:2c59d913-0331-4a4d-9988-a8a8f168944a"
"T R Shankar Raman","trsraman","23Aug2020_08:33",2020-08-21,17:38,10.3302784,76.9605314,"NA","NA","Valparai_Cooperative_Colony","Tea_Plantation","Black_Naped_Hare",1,"Total_count","Sighting"," ","NA","uuid:e1ae410c-c101-4333-8647-e040edfe3c62"
"Divya Mudappa","trsraman","24Aug2020_08:56",2020-08-24,08:56,10.3521483,76.9985871,1130,6.4,"Karumalai","Tea_Plantation","Stripe_necked_Mongoose",1,"Total_count","Sighting"," ","NA","uuid:59c067b9-582a-45c9-9abc-1c79891a17bb"
"T R Shankar Raman","trsraman","04Sep2020_18:45",2020-09-04,16:20,10.3301822,76.9600116,1034,3.2,"Valparai_Cooperative_Colony","Settlement_Human","Brown_Mongoose",1,"Total_count","Sighting"," ","NA","uuid:305784f7-048a-4c62-96f7-cfd1a88fb3c7"
"T R Shankar Raman","trsraman","04Sep2020_18:46",2020-09-04,18:46,10.3244075,76.9644592,"NA","NA","Nadumalai","Tea_Plantation","Sambar",1,"Partial_count","Sign_Vocalisation","Alarm call from tea","NA","uuid:93c13114-9357-4b86-a0ad-f185503a7442"
"Kshama Bhat","Kshama","09Sep2020_07:06",2020-09-09,09:26,10.3295743,77.0223117,1523,4.3,"Akkamalai","Rainforest","Dusky_striped_Squirrel",1,"Partial_count","Sighting","With mixed flock, looks like it was nibbling on the bark of Symplocos","NA","uuid:9a9cfbc8-91ef-4279-8235-77590b0d20ff"
"Kshama Bhat","Kshama","29Aug2020_09:04",2020-08-29,09:05,10.3520088,76.9366267,958,5.4,"Old_Valparai","Coffee_Plantation","Lion_tailed_Macaque",10,"Partial_count","Sighting"," ","NA","uuid:ed73d744-410e-4170-a85a-f032d7511b8c"
"Kshama Bhat","Kshama","29Aug2020_16:22",2020-08-29,16:22,10.3579243,76.9551070,1038,4.3,"Lower_Paralai","Tea_Plantation","Gaur",18,"Partial_count","Sighting"," ","NA","uuid:1638b8b4-06fe-4252-a722-9b3a91e4d67c"
"Kshama Bhat","Kshama","09Sep2020_12:17",2020-09-09,12:17,10.3292017,77.0224345,1536,4.3,"Akkamalai","Rainforest","Nilgiri_Langur",1,"Partial_count","Sighting"," ","NA","uuid:c036e488-f3de-42e6-9e3a-7d32f5b5f5e6"
"Kshama Bhat","Kshama","09Sep2020_12:24",2020-09-09,12:24,10.3295835,77.0222155,1525,5.4,"Akkamalai","Rainforest","Malabar_Giant_Squirrel",1,"Partial_count","Sighting","There was one more close by which was calling","NA","uuid:a1a50333-7eca-419d-abe8-f7bba7cbb614"
"Srinivasan Kasinathan","Srini","03Sep2020_20:29",2020-09-03,20:29,10.3452057,76.9696206,1080,11.9,"Puthuthottam","Road","Leopard",1,"Total_count","Sighting"," ","NA","uuid:0f66409d-df28-4460-a858-13bf3fd77807"
"Srinivasan Kasinathan","Srini","10Sep2020_14:59",2020-09-10,15:00,10.3520185,76.9379915,"NA","NA","Old_Valparai","Road","Nilgiri_Langur",1,"Total_count","Sighting"," ","NA","uuid:d2b6505c-346f-4e37-b4f8-b9a216826874"
"Srinivasan Kasinathan","Srini","10Sep2020_15:03",2020-09-10,15:03,10.3418233,76.9335594,"NA","NA","Selaliparai","Rainforest_Fragment","Bonnet_Macaque",9,"Partial_count","Sighting"," ","NA","uuid:4ffe2858-afa6-427a-a582-399257fcf66c"
"Srinivasan Kasinathan","Srini","10Sep2020_15:04",2020-09-10,15:04,10.3323719,76.9357136,"NA","NA","Stanmore","Road","Jungle_striped_Squirrel",1,"Total_count","Sighting"," ","NA","uuid:d79951a4-34e1-44d7-9f2f-6ade42f14acf"
"Divya Mudappa","trsraman","06Sep2020_08:48",2020-09-06,08:40,10.3155971,76.9605277,"NA","NA","Nadumalai","Rainforest_Fragment","Nilgiri_Langur",1,"Partial_count","Sign_Vocalisation","Heard at Valparai from Nadumalai bungalow, Sirikundra side","NA","uuid:27d005b4-dd37-45fa-b70c-41a69bbcf285"
"Divya Mudappa","trsraman","09Sep2020_16:42",2020-09-09,16:43,10.3533048,76.9778709,"NA","NA","Upper_Paralai","Swamp","Gaur",43,"Total_count","Sighting","Tea and swamp, includes 1 very young calf, 2 young","NA","uuid:fd7804a7-3a74-477d-83a4-d07bd95b3452"
"Divya Mudappa","trsraman","09Sep2020_16:46",2020-09-09,16:38,10.3534040,76.9768677,"NA","NA","Upper_Paralai","Swamp","Wild_pig",45,"Total_count","Sighting"," ","NA","uuid:c87e2d55-bf62-48dc-ac0f-ef68852783b4"
"T R Shankar Raman","trsraman","09Sep2020_16:57",2020-09-09,16:58,10.3440236,76.9792871,"NA","NA","Upper_Paralai","Tea_Plantation","Gaur",35,"Total_count","Sighting","Resting and some in seamp","NA","uuid:dda19bac-e1ef-40e1-93c8-32a5d0a5b63c"
"Kshama Bhat","Kshama","12Sep2020_16:26",2020-09-12,16:27,10.3574803,76.9539141,1032,3.2,"Lower_Paralai","Swamp","Gaur",18,"Partial_count","Sighting"," ","NA","uuid:0370dcd9-dc49-45a2-a469-d7bab6d9a82b"
"Kshama Bhat","Kshama","18Sep2020_14:51",2020-09-18,14:51,10.3627245,76.9276978,816,5.4,"Anali","Rainforest_Fragment","Nilgiri_Langur",14,"Partial_count","Sighting"," ","NA","uuid:dcdaaca3-4a58-4d65-8e30-fe8a1dea16dd"
"Kshama Bhat","Kshama","21Sep2020_19:34",2020-09-26,16:19,10.3639307,76.9775970,1136,11.8,"Puthuthottam","Tea_Plantation","Gaur",17,"Partial_count","Sighting"," ","1rcn3S9x1FnKTerpzmXXGvdv_ezaaWpob.jpg","uuid:df27f327-ebe3-493e-b4df-cce4f2f73d92"
"Kshama Bhat","Kshama","27Sep2020_18:20",2020-09-27,18:20,10.2542822,76.9314144,1081,3.2,"Nallamudi","Tea_Plantation","Gaur",20,"Partial_count","Sighting"," ","NA","uuid:235b79b3-710c-45b7-8187-b44bf71ac369"
"Kshama Bhat","Kshama","27Sep2020_18:20",2020-09-27,18:20,10.2542822,76.9314144,1081,3.2,"Nallamudi","Tea_Plantation","Gaur",20,"Partial_count","Sighting"," ","NA","uuid:235b79b3-710c-45b7-8187-b44bf71ac369"
"Kshama Bhat","Kshama","04Oct2020_11:25",2020-10-04,11:25,10.3140993,76.8305300,909,3.2,"Candura","Rainforest_Fragment","Nilgiri_Langur",8,"Partial_count","Sign_Vocalisation"," ","NA","uuid:2e0ae8d0-f245-4768-b67b-776a87cd5dee"
"Kshama Bhat","Kshama","04Oct2020_12:33",2020-10-04,12:33,10.3168221,76.8328318,898,4.3,"Candura","Rainforest_Fragment","Lion_tailed_Macaque",3,"Partial_count","Sign_Vocalisation","At the edge of phenology plot start near the stream","NA","uuid:da205302-548c-4e03-9422-a50820a047df"
"Kshama Bhat","Kshama","04Oct2020_12:56",2020-10-04,12:56,10.3146458,76.8346182,886,4.3,"Candura","Rainforest_Fragment","Gaur",1,"Partial_count","Sighting","Grazing","NA","uuid:1ec95f62-2404-4500-953a-25de8aca1cda"
"Kshama Bhat","Kshama","05Oct2020_17:29",2020-10-05,17:29,10.3461728,76.9727899,1054,4.3,"Puthuthottam","Tea_Plantation","Gaur",20,"Partial_count","Sighting","Many calves","NA","uuid:dab4a040-4374-49c8-ab39-f71a5512a49d"
"Divya Mudappa","Kshama","07Oct2020_08:34",2020-10-07,08:35,10.2681093,76.9494239,965,3.2,"Thaimudi","Rainforest","Bonnet_Macaque",6,"Partial_count","Sighting"," ","NA","uuid:7648ae65-978e-419f-a434-00694cbde8c0"
"Divya Mudappa","Kshama","07Oct2020_16:11",2020-10-07,16:01,10.2618447,76.9499284,782,3.2,"Thaimudi","Rainforest","Malabar_Giant_Squirrel",2,"Partial_count","Sighting","On Artocarpus heterophyllus","NA","uuid:732794af-2d73-47aa-9c25-954d86c6ec77"
"Divya Mudappa","Kshama","07Oct2020_17:51",2020-10-07,17:51,10.2689791,76.9495887,965,3.2,"Thaimudi","Edge","Nilgiri_Langur",5,"Partial_count","Sighting"," ","NA","uuid:8f24832b-8e0f-4122-9af4-2592c13c0ab3"
"Kshama Bhat","Kshama","07Oct2020_09:38",2020-10-07,09:39,10.2628259,76.9496393,834,5.4,"Thonimudi","Rainforest","Malabar_Giant_Squirrel",1,"Partial_count","Sighting","On Meliosma pinnata eating fruits","NA","uuid:c286f48b-ab39-41a0-8b31-1ac17981c55f"
"Kshama Bhat","Kshama","07Oct2020_10:02",2020-10-07,10:02,10.2619055,76.9498869,773,4.3,"Thaimudi","Rainforest","Malabar_Giant_Squirrel",1,"Partial_count","Sighting"," ","NA","uuid:ab04e5fa-3c4b-4cf9-b404-65b2b6162b5a"
"Kshama Bhat","Kshama","07Oct2020_08:53",2020-10-07,08:53,10.2654147,76.9488509,943,3.2,"Thaimudi","Rainforest","Malabar_Giant_Squirrel",1,"Partial_count","Sign_Vocalisation"," ","NA","uuid:0b910aff-9003-415f-b3d7-3ad5e85a3b80"
"T R Shankar Raman","trsraman","07Oct2020_08:39",2020-10-07,08:39,10.2674859,76.9492609,1007,3.2,"Thaimudi","Rainforest","Dusky_striped_Squirrel",1,"Partial_count","Sighting"," ","NA","uuid:c9ffdf59-2a7d-4853-8077-eeb7d1cc4b2f"
"Kshama Bhat","Kshama","04Oct2020_13:37",2020-10-04,13:37,10.3099340,76.8343248,812,4.3,"Candura","Rainforest_Fragment","Malabar_Giant_Squirrel",1,"Partial_count","Sighting","On Turpinia malabarica eating fruits","1zCMdEaVDSyx14CkMvlw021kiHu7PaYdD.jpg","uuid:8b420abc-41df-43c4-af8d-02db93810c3d"
"Kshama Bhat","Kshama","08Oct2020_12:27",2020-10-08,12:29,10.3507585,76.9354453,961,5.4,"Old_Valparai","Coffee_Plantation","Lion_tailed_Macaque",9,"Partial_count","Sighting","One adult male was on the road side, rest of the troop were on the trees in the plantation crossing over in the fragment","1uMnkhhkGMbeaeRsFegVQVrXvzZeLqGNq.jpg","uuid:c5681dc8-eaed-4131-9dd5-f5c3023d1e6b"
"G. Moorthi","Kshama","07Oct2020_15:33",2020-10-07,15:29,10.2575916,76.9494231,734,9.6,"Thaimudi","Rainforest","Malabar_Giant_Squirrel",2,"Partial_count","Sighting","On Meliosma pinnata eating fruits","NA","uuid:1e7e2160-fb25-4cb7-b2a2-c005a53311d7"
"T R Shankar Raman","trsraman","07Oct2020_17:47",2020-10-07,17:47,10.2689307,76.9496541,968,3.2,"Thaimudi","Tea_Plantation","Gaur",13,"Partial_count","Sighting","Grazing","1ODQQyKyhpWJ3mEoC3tspxkh6wK5dL-YD.jpg","uuid:e9df1e11-f7ce-4a1d-a03b-1d6617cf70b5"
"Kshama Bhat","Kshama","09Oct2020_10:48",2020-10-09,10:49,10.3594944,76.9364076,896,4.3,"Varattuparai","Coffee_Plantation","Nilgiri_Langur",1,"Partial_count","Sighting","On mesopsis in the nursery","NA","uuid:89a7d825-732e-4314-9e22-7cddb9d91b9c"
"Divya Mudappa","trsraman","22Sep2020_17:31",2020-09-22,17:31,10.3353665,76.9365260,"NA","NA","Stanmore","Tea_Plantation","Gaur",11,"Total_count","Sighting","Two brown young","NA","uuid:4cb83719-d2d8-4c23-834d-8fc27e2743b3"
"Divya Mudappa","trsraman","22Sep2020_18:06",2020-09-22,18:02,10.3512988,76.9348425,"NA","NA","Old_Valparai","Coffee_Plantation","Dhole",2,"Partial_count","Sighting","Yipping loud calls, almost like MPHO.","NA","uuid:c115d64e-5747-4d8b-98ca-91dda6d51763"
"Divya Mudappa","trsraman","22Sep2020_18:09",2020-09-22,18:09,10.3522684,76.9369127,936,4.3,"Old_Valparai","Coffee_Plantation","Malabar_Giant_Squirrel",2,"Total_count","Sighting","There were nilgiro langurs around too","NA","uuid:b5d13926-f754-4500-ba5b-27ccfd9fb99d"
"T R Shankar Raman","trsraman","22Sep2020_18:47",2020-09-22,18:48,10.3371815,76.9627164,1006,4.3,"Puthuthottam","Rainforest_Fragment","Sambar",2,"Partial_count","Sighting","Two fawns","NA","uuid:7f5ca593-2b3a-4717-af8f-3fdfad730638"
"T R Shankar Raman","trsraman","13Oct2020_08:31",2020-10-09,05:25,10.3301715,76.9605938,"NA","NA","Valparai_Cooperative_Colony","Settlement_Human","Leopard",1,"Partial_count","Sign_Vocalisation"," ","NA","uuid:129e5119-0771-4b94-bce4-eef88caec299"
"T R Shankar Raman","trsraman","13Oct2020_08:32",2020-10-10,07:30,10.3302444,76.9601914,"NA","NA","Valparai_Cooperative_Colony","Settlement_Human","Brown_Mongoose",2,"Total_count","Sighting","Mother and half size cub running tightly alongside","NA","uuid:e4cc259e-285b-4007-87d9-c5e75ca8aeb4"
"Kshama Bhat","Kshama","10Oct2020_10:07",2020-10-10,10:07,10.3405960,76.9679465,1014,4.3,"Puthuthottam","Rainforest","Lion_tailed_Macaque",8,"Partial_count","Sighting","On the road side","NA","uuid:1e93fd46-788b-49da-888c-c376339d9aa6"
"Kshama Bhat","Kshama","13Oct2020_16:18",2020-10-13,16:20,10.3583620,76.9353001,917,3.2,"Varattuparai","Coffee_Plantation","Nilgiri_Langur",3,"Partial_count","Sighting"," ","10ILBfInGCbgc53kDZs1DjJ2ZfnUuMxen.jpg","uuid:8a575898-9fd5-48b8-b956-78cbfaf7377f"
"Kshama Bhat","Kshama","13Oct2020_16:32",2020-10-13,16:33,10.3570923,76.9518107,1037,3.2,"Lower_Paralai","Tea_Plantation","Dusky_striped_Squirrel",1,"Total_count","Roadkill"," ","1bsuxDuy_xB0EsGnWr6zwABjRNCMJKlR4.jpg","uuid:e4642c89-b36f-479b-8694-e15d0d107b82"
"Kshama Bhat","Kshama","17Oct2020_07:59",2020-10-17,08:01,10.4493322,76.9836365,666,5.4,"9_to_12_bend","Road","Nilgiri_Tahr",7,"Partial_count","Sighting","Posing for pictures","NA","uuid:54892950-b97b-4c05-912e-299ffd40e048"
"Kshama Bhat","Kshama","17Oct2020_07:59",2020-10-17,08:01,10.4493322,76.9836365,666,5.4,"9_to_12_bend","Road","Nilgiri_Tahr",7,"Partial_count","Sighting","Posing for pictures","NA","uuid:54892950-b97b-4c05-912e-299ffd40e048"
"Kshama Bhat","Kshama","19Oct2020_12:28",2020-10-19,12:28,10.3473522,76.9324814,931,4.3,"Old_Valparai","Rainforest_Fragment","Nilgiri_Langur",1,"Partial_count","Sighting","Eating Cullenia exarillata fruits","NA","uuid:10eb3d98-5128-4722-a58c-e6eaf73cc5c3"
"Kshama Bhat","Kshama","19Oct2020_13:53",2020-10-19,13:53,10.3470941,76.9291869,915,3.2,"Old_Valparai","Rainforest","Nilgiri_Langur",5,"Partial_count","Sighting","Alarm calling at us","NA","uuid:afc67e36-2f4c-459d-8575-d77e68fdc591"
"Kshama Bhat","Kshama","19Oct2020_17:14",2020-10-19,17:14,10.3574033,76.9626163,1000,3.2,"Rottikadai","Tea_Plantation","Elephant",2,"Partial_count","Sighting","Browsing","NA","uuid:d68a6259-2c42-4673-a168-b6bbcc1bf2b8"
"Srinivasan Kasinathan","Srini","19Oct2020_13:52",2020-10-19,13:52,10.3470928,76.9292616,906,3.2,"Old_Valparai","Rainforest","Lion_tailed_Macaque",3,"Partial_count","Sighting","Giving alarm calls","NA","uuid:44fccaba-7b69-456a-b093-0e9500bbbd21"
"Srinivasan Kasinathan","Srini","08Oct2020_09:12",2020-10-08,09:12,10.3447937,76.9738663,"NA","NA","Puthuthottam","Tea_Plantation","Gaur",4,"Partial_count","Sighting"," ","NA","uuid:ad59867b-b5ea-4318-aa7d-4291ab269504"
"Srinivasan Kasinathan","Srini","08Oct2020_09:27",2020-10-08,09:27,10.3302550,76.9602649,"NA","NA","Valparai_Cooperative_Colony","Settlement_Human","Brown_Mongoose",2,"Total_count","Sighting"," ","NA","uuid:d51671aa-3ee9-4dc9-8bc3-2965d0867f21"
"Srinivasan Kasinathan","Srini","11Sep2020_08:07",2020-09-11,08:08,10.4499365,76.9837784,716,14.0,"9_to_12_bend","Road","Nilgiri_Tahr",2,"Partial_count","Sighting"," ","NA","uuid:4f7315a1-8f72-4cf7-91ec-2a9c0f25d57b"
"Srinivasan Kasinathan","Srini","11Sep2020_08:07",2020-09-11,08:08,10.4499365,76.9837784,716,14.0,"9_to_12_bend","Road","Nilgiri_Tahr",2,"Partial_count","Sighting"," ","NA","uuid:4f7315a1-8f72-4cf7-91ec-2a9c0f25d57b"
"Kshama Bhat","Kshama","14Oct2020_08:46",2020-10-14,08:47,10.3579651,76.9596177,1032,4.3,"Lower_Paralai","Tea_Plantation","Elephant",3,"Total_count","Sighting","Browsing","1i2Tel3GsEBpZen44jsE5N-JwcGX94Tp6.jpg","uuid:40c13107-90df-41f9-8e21-3058eedc9718"
"Kshama Bhat","Kshama","15Oct2020_16:30",2020-10-15,16:30,10.3581331,76.9604135,1040,3.2,"Lower_Paralai","Tea_Plantation","Gaur",27,"Partial_count","Sighting"," ","1XrEBfv7KZzBTAHSg7fIvEYJu6-_7REZW.jpg","uuid:d1a745d5-f43f-461b-bb2b-69efbf8d37fe"
"Srinivasan Kasinathan","Srini","20Oct2020_08:56",2020-10-20,08:57,10.3587129,76.9557083,1025,7.5,"Club_road","Tea_Plantation","Elephant",2,"Partial_count","Sighting","Browsing","NA","uuid:75f097af-9007-489c-8d72-dac9d49ae8b6"
"Kshama Bhat","Kshama","20Oct2020_17:23",2020-10-20,17:23,10.3302976,76.9598394,1028,6.4,"Valparai_Cooperative_Colony","Settlement_Human","Brown_Mongoose",1,"Partial_count","Sighting"," ","NA","uuid:99c73265-6136-4fea-84c6-9a71e261c246"
"Divya Mudappa","trsraman","17Oct2020_07:13",2020-10-17,07:13,10.3592289,76.9732779,"NA","NA","Rottikadai","Settlement_Human","Lion_tailed_Macaque",3,"Partial_count","Sighting"," ","NA","uuid:ff63ceca-1ce0-4fce-9edd-f18e67ad0083"
"T R Shankar Raman","trsraman","17Oct2020_07:29",2020-10-17,07:30,10.3902568,76.9976198,1318,16.1,"Andiparai","Rainforest","Dusky_striped_Squirrel",1,"Partial_count","Sign_Vocalisation"," ","NA","uuid:07aeec95-b1b7-4fdb-98f5-7a9214be85b2"
"T R Shankar Raman","trsraman","17Oct2020_07:43",2020-10-17,07:43,10.4292029,76.9879299,1089,8.0,"Waterfalls","other, Forest","Bonnet_Macaque",5,"Partial_count","Sighting"," ","NA","uuid:a829f1cf-6a6e-4a9e-babd-416ec1c82692"
"T R Shankar Raman","trsraman","19Oct2020_20:10",2020-10-19,19:55,10.3303041,76.9604449,"NA","NA","Valparai_Cooperative_Colony","Settlement_Human","Leopard",1,"Total_count","Sighting","Divya heard strange sound, thought it had caught something. I saw it slink towards parking.","NA","uuid:a3b9cab1-0240-4b47-bf96-bbe64c0b4aac"
"T R Shankar Raman","trsraman","21Oct2020_22:53",2020-10-21,22:54,10.3041654,76.8750380,849,6.6,"Sholayar_Dam","Rainforest_Fragment","Sambar",1,"Total_count","Sighting","Large adult male in hard antler, bh, limping in hind rear leg","NA","uuid:77ebe563-459a-461b-851a-e1299fbe1bcd"
"T R Shankar Raman","trsraman","21Oct2020_23:15",2020-10-21,23:15,10.3415459,76.9106936,"NA","NA","Urulikal","Tea_Plantation","Small_Indian_Civet",1,"Total_count","Sighting"," ","NA","uuid:4874e20b-40b2-4e82-adb8-8bf4332f2297"
"T R Shankar Raman","trsraman","21Oct2020_23:29",2020-10-21,23:29,10.3513615,76.9363737,"NA","NA","Old_Valparai","Coffee_Plantation","Gaur",2,"Partial_count","Sighting"," ","NA","uuid:2c7cf8b0-f299-4bc6-8551-a947cd692399"
"Divya Mudappa","trsraman","21Oct2020_23:30",2020-10-21,23:31,10.3522170,76.9391250,"NA","NA","Old_Valparai","Rainforest_Fragment","Small_Indian_Civet",1,"Total_count","Sighting"," ","NA","uuid:f6b53be0-f0fc-43f1-b2ed-52a97b3458c9"
"T R Shankar Raman","trsraman","21Oct2020_23:32",2020-10-21,23:32,10.3518668,76.9397051,"NA","NA","Old_Valparai","Rainforest_Fragment","Sambar",1,"Total_count","Sighting","Female","NA","uuid:ed76cda9-a9d4-455d-8b7c-68e69d0b6a8f"
"T R Shankar Raman","trsraman","21Oct2020_23:41",2020-10-21,23:41,10.3582101,76.9723050,"NA","NA","Rottikadai","Settlement_Human","Wild_pig",3,"Partial_count","Sighting"," ","NA","uuid:b41c04c6-b2e2-4f24-b001-bf60942ec4cf"
"T R Shankar Raman","trsraman","21Oct2020_23:53",2020-10-21,23:54,10.3602213,76.9782702,"NA","NA","Rottikadai","Tea_Plantation","Sambar",1,"Partial_count","Sighting"," ","NA","uuid:423ee655-2631-41c0-b9ee-4ec88c71eca6"
"T R Shankar Raman","trsraman","22Oct2020_00:00",2020-10-22,00:01,10.3391495,76.9653150,1001,8.2,"Puthuthottam","Rainforest_Fragment","Mouse_Deer",1,"Total_count","Sighting"," ","NA","uuid:aa51a866-8a65-46a6-8f81-2647bba89bc5"
"G. Moorthi","Kshama","23Oct2020_10:23",2020-10-23,10:23,10.3492812,76.9914188,1197,9.6,"Iyerpadi_top","Rainforest","Gaur",3,"Partial_count","Sighting"," ","NA","uuid:1db6ad7f-c6d8-438a-ae9e-46623afa2a5f"
"Divya Mudappa","Kshama","24Oct2020_07:28",2020-10-24,07:28,10.3316413,77.0193025,1484,3.2,"Akkamalai","Rainforest","Malabar_Giant_Squirrel",1,"Partial_count","Sighting"," ","NA","uuid:a606e86f-b686-43a3-ac1d-7e0f1b62cfac"
"Kshama Bhat","Kshama","22Oct2020_16:12",2020-10-22,16:12,10.3575118,76.9509088,1019,3.2,"Club_road","Tea_Plantation","Gaur",5,"Partial_count","Sighting"," ","NA","uuid:92aa560f-aa9c-4119-a29c-1dfdaf02c6f6"
"T R Shankar Raman","trsraman","24Oct2020_11:19",2020-10-24,11:19,10.3267801,77.0331881,1566,5.4,"Akkamalai","Rainforest","Mouse_Deer",1,"Partial_count","Sighting"," ","NA","uuid:be37479e-3c35-41f7-b166-124b2a933a78"
"Sathish","Sathish","22Oct2020_09:35",2020-10-22,09:35,10.3653700,76.9679556,"NA",500.0,"Iyerpadi_top","Tea_Plantation","Dhole",9,"Partial_count","Sighting"," ","NA","uuid:67dbcbc5-3a43-4b65-bead-f7ad3217a5bd"
"Srinivasan Kasinathan","Srini","08Oct2020_09:12",2020-10-08,09:12,10.3447937,76.9738663,"NA","NA","Puthuthottam","Tea_Plantation","Gaur",4,"Partial_count","Sighting"," ","NA","uuid:ad59867b-b5ea-4318-aa7d-4291ab269504"
"Srinivasan Kasinathan","Srini","20Oct2020_15:41",2020-10-20,15:41,10.3302210,76.9600036,"NA",500.0,"Puthuthottam","Tea_Plantation","Gaur",8,"Total_count","Sighting"," ","NA","uuid:ca925681-b89d-4758-bfda-b1fb803ab728"
"Srinivasan Kasinathan","Srini","22Oct2020_13:26",2020-10-22,13:26,10.3653700,76.9679556,"NA",500.0,"Iyerpadi_top","Rainforest_Fragment","Malabar_Giant_Squirrel",1,"Total_count","Sighting"," ","NA","uuid:2a5174b3-0d36-40e1-b3c8-d2cf5ee927dd"
"Srinivasan Kasinathan","Srini","23Oct2020_13:49",2020-10-23,13:49,10.3531198,76.9657077,"NA",500.0,"Thenmalaikurukku","Rainforest_Fragment","Malabar_Giant_Squirrel",1,"Total_count","Sighting"," ","NA","uuid:25d27956-28c5-4981-8ac7-7bbf5340cd86"
"Srinivasan Kasinathan","Srini","26Oct2020_09:21",2020-10-26,10:37,10.3503718,76.9226066,"NA",500.0,"Komalimedu","Rainforest","Elephant",1,"Partial_count","Sighting"," ","NA","uuid:c8f71f55-9466-44a3-8d4f-142e34db7b6e"
"Srinivasan Kasinathan","Srini","26Oct2020_10:38",2020-10-26,10:39,10.3530734,76.9492581,"NA",500.0,"Varattuparai","Rainforest_Fragment","Nilgiri_Langur",1,"Partial_count","Roadkill","Varattuparai 4","NA","uuid:a9e12256-c2cb-4f03-b78f-f1ba003054d6"
"Kshama Bhat","Kshama","24Oct2020_13:27",2020-10-24,13:27,10.3594554,76.9724481,1042,3.2,"Rottikadai","Settlement_Human","Lion_tailed_Macaque",16,"Partial_count","Sighting","Crossing the road","199lGtt0WOSmVGe2HF7_CcRIXSd3zrsHT.jpg","uuid:27c91fa8-5449-41e3-9923-dd389f785a08"
"Kshama Bhat","Kshama","24Oct2020_13:38",2020-10-24,13:38,10.3523160,76.9409166,1024,3.2,"Old_Valparai","Settlement_Human","Bonnet_Macaque",14,"Partial_count","Sighting"," ","NA","uuid:5528acfc-f941-4b35-bb34-9a436e00f248"
"Kshama Bhat","Kshama","26Oct2020_15:52",2020-10-26,15:52,10.3466096,76.9212640,966,4.3,"Varattuparai","Edge","Nilgiri_Langur",2,"Partial_count","Sighting","Edge of coffee Varattuparai 3 restoration plot","NA","uuid:cfc09038-6801-4384-89db-52145c5c5b4e"
"Kshama Bhat","Kshama","26Oct2020_16:06",2020-10-26,16:07,10.3495888,76.9219899,938,3.2,"Varattuparai","Edge","Elephant",2,"Partial_count","Sighting"," ","1UKIntV8dqxHk2jpy4lz7-Z620ZJVQTKq.jpg","uuid:c11b65cc-cd04-4030-bc80-9e3a5637e79b"
"G. Moorthi","Kshama","26Oct2020_11:50",2020-10-26,11:45,10.3516424,76.9255289,965,9.6,"Varattuparai","Edge","Mouse_Deer",1,"Partial_count","Sighting","Inside Varattuparai 3 restoration site near coffee boundary","NA","uuid:ac35cd9d-5c28-4064-a744-6e6dee5a5baa"
"Srinivasan Kasinathan","Srini","26Oct2020_12:13",2020-10-26,12:13,10.3520276,76.9262150,968,9.6,"Varattuparai","Edge","Nilgiri_Langur",2,"Partial_count","Sighting","Varattuparai 3 restoration site near coffee boundary","NA","uuid:939779a5-5e04-4acf-9d37-113369443c0b"
"Harikrishnan S.","Kshama","27Oct2020_15:57",2020-10-27,15:58,10.3555561,76.9296964,920,8.6,"Varattuparai","Tea_Plantation","Nilgiri_Marten",1,"Partial_count","Sighting","Went from tea into Varattuparai 2 restoration plot","NA","uuid:439640a1-b52c-40a7-8052-c9229a35a0c1"
"Kshama Bhat","Kshama","29Oct2020_11:20",2020-10-29,11:21,10.3600973,76.9279228,840,3.2,"Anali","Rainforest_Fragment","Malabar_Giant_Squirrel",2,"Partial_count","Sighting"," ","NA","uuid:56c5e658-6134-43be-8684-d32e2dd1e8f6"
"Kshama Bhat","Kshama","29Oct2020_11:20",2020-10-29,11:21,10.3600973,76.9279228,840,3.2,"Anali","Rainforest_Fragment","Malabar_Giant_Squirrel",2,"Partial_count","Sighting"," ","NA","uuid:56c5e658-6134-43be-8684-d32e2dd1e8f6"
"Kshama Bhat","Kshama","29Oct2020_11:20",2020-10-29,11:20,10.3600690,76.9279608,850,3.2,"Anali","Rainforest_Fragment","Nilgiri_Langur",3,"Partial_count","Sighting"," ","NA","uuid:0c5531a1-ea5b-4a80-8fc7-21f3a14caaab"
"Kshama Bhat","Kshama","01Nov2020_09:11",2020-11-01,09:12,10.3951300,76.9916790,"NA",500.0,"Andiparai","Rainforest","Lion_tailed_Macaque",2,"Partial_count","Sighting"," ","NA","uuid:5a00005d-6d80-41a0-8e84-de45b9d3a402"
"Kshama Bhat","Kshama","01Nov2020_09:22",2020-11-01,09:22,10.3951300,76.9916790,"NA",500.0,"Andiparai","Rainforest","Nilgiri_Langur",5,"Partial_count","Sighting"," ","NA","uuid:e93370cc-85cf-4a68-aa77-bd7995591ce4"
"Kshama Bhat","Kshama","26Oct2020_09:20",2020-10-26,09:27,10.3569496,76.9520392,1033,3.2,"Lower_Paralai","Tea_Plantation","Elephant",2,"Partial_count","Sighting"," ","1IWOErjvOFJZP-xevgbXuejaL0Pte59N5.jpg","uuid:88215b80-310e-47c9-89ee-56ad66ea4504"
"Kshama Bhat","Kshama","29Oct2020_14:04",2020-10-29,14:04,10.3631199,76.9273788,805,3.2,"Anali","Edge","Nilgiri_Langur",4,"Partial_count","Sighting"," ","1No25JJSuVJsQ3WnaU1H-qb5rz2Hc29v6.jpg","uuid:4944c875-08e3-470b-8058-9e525a2726e4"
"Kshama Bhat","Kshama","29Oct2020_14:32",2020-10-29,14:33,10.3596522,76.9293971,891,9.6,"Anali","Coffee_Plantation","Bonnet_Macaque",12,"Partial_count","Sighting","Play fighting?","NA","uuid:b5f7d207-96d1-465c-8d15-2df4db2b7ad4"
"Kshama Bhat","Kshama","01Nov2020_09:13",2020-11-01,09:13,10.3951300,76.9916790,"NA",500.0,"Andiparai","Rainforest","Stripe_necked_Mongoose",1,"Partial_count","Sighting","Crossing the road","NA","uuid:250d0d38-587a-49f3-bae9-4ae682693d45"
"Kshama Bhat","Kshama","02Nov2020_10:23",2020-11-02,10:23,10.3576147,76.8874496,694,5.4,"Manambolly","Rainforest","Lion_tailed_Macaque",2,"Partial_count","Sign_Vocalisation"," ","NA","uuid:3c1b34a2-9344-41a0-9b1e-9d89260a32b8"
"Kshama Bhat","Kshama","02Nov2020_11:49",2020-11-02,10:54,10.3591221,76.8888319,658,6.4,"Manambolly","Rainforest","Sambar",1,"Partial_count","Sighting"," ","NA","uuid:cdc34495-6177-481a-8c3b-a380103d7e98"
"G. Moorthi","Kshama","02Nov2020_11:48",2020-11-02,10:48,10.3489136,76.8976005,"NA",500.0,"Manambolly","Rainforest","Leopard",1,"Partial_count","Sign_Vocalisation","Alarm calls with movement in the undergrowth","NA","uuid:0524fbe8-74f6-448a-ad46-27867628566d"
"Kshama Bhat","Kshama","03Nov2020_10:38",2020-11-03,10:38,10.3147721,76.8308341,871,3.2,"Candura","Rainforest","Nilgiri_Langur",1,"Partial_count","Sighting"," ","NA","uuid:08811eee-2aba-4a82-a80d-9d56e8af9706"
"Srinivasan Kasinathan","Srini","03Nov2020_14:35",2020-11-03,14:35,10.3684760,76.9801630,"NA",500.0,"Iyerpadi","Tea_Plantation","Nilgiri_Langur",4,"Partial_count","Sighting","Near ANIC plot","NA","uuid:0b7238c4-2d52-45f5-8d26-f54cea995048"
"Divya Mudappa","trsraman","30Oct2020_07:31",2020-10-30,07:31,10.3474933,76.9731556,"NA","NA","Upper_Paralai","Tea_Plantation","Gaur",43,"Total_count","Sighting","3 newborn calves","NA","uuid:50cf646c-ffe6-43b7-9ea1-f947d600505f"
"Divya Mudappa","trsraman","30Oct2020_16:32",2020-10-30,16:33,10.3524430,76.9557671,"NA","NA","Lower_Paralai","Tea_Plantation","Gaur",15,"Partial_count","Sighting"," ","NA","uuid:7cb811be-0b0f-4d72-8544-a669e6854b6d"
"T R Shankar Raman","trsraman","30Oct2020_16:45",2020-10-30,16:45,10.3500825,76.9612211,1057,7.1,"Lower_Paralai","Tea_Plantation","Porcupine",1,"Total_count","Sign_Dropping"," ","NA","uuid:83766c3f-1a7c-48cb-8102-317af5f689c7"
"M. Ananda Kumar","trsraman","08Nov2020_08:21",2020-11-08,07:45,10.3300320,76.9599732,"NA","NA","Valparai_Cooperative_Colony","Settlement_Human","Stripe_necked_Mongoose",1,"Total_count","Sighting"," ","NA","uuid:54470bb7-f299-490d-82e1-f5eb62ad65a6"
"Kshama Bhat","Kshama","02Nov2020_13:11",2020-11-02,13:11,10.3489136,76.8976005,"NA",500.0,"Manambolly","Rainforest","Stripe_necked_Mongoose",1,"Partial_count","Sighting","Probably looking for food on the road side","1VKUxUQLieHSx9NvtZ--DRwFuGs2FWnFZ.jpg","uuid:3bc75b39-bd0d-43e6-8ee0-7a85bdec0718"
"Kshama Bhat","Kshama","23Nov2020_18:00",2020-11-23,18:00,10.3642811,76.9738673,1125,7.5,"Iyerpadi_bit_shola","Tea_Plantation","Stripe_necked_Mongoose",1,"Partial_count","Sighting"," ","NA","uuid:9c4147ce-98cc-4337-bc8e-ec54d2fa2d91"
"Kshama Bhat","Kshama","24Nov2020_15:03",2020-11-24,15:03,10.3162905,76.8353560,"NA",500.0,"Candura","Tea_Plantation","Stripe_necked_Mongoose",1,"Partial_count","Sighting"," ","NA","uuid:9856e506-b3ac-4300-ad76-9a6c3fe7ae44"
"Kshama Bhat","Kshama","26Nov2020_09:11",2020-11-26,09:11,10.3162905,76.8353560,"NA",500.0,"Candura","Rainforest_Fragment","Nilgiri_Langur",4,"Partial_count","Sighting"," ","NA","uuid:51374309-fad2-4dfd-b929-6448f2841821"
"Kshama Bhat","Kshama","26Nov2020_16:35",2020-11-26,16:35,10.3099381,76.8350370,818,5.4,"Candura","Rainforest_Fragment","Gaur",18,"Partial_count","Sighting","Inside 2019 restoration plot","1mSMTaGrpHzqOiKxXxkGvuSeH66J7pyKs.jpg","uuid:05adfb47-2c3b-4282-802a-f989c12ec095"
"Kshama Bhat","Kshama","30Nov2020_18:05",2020-11-30,17:50,10.3643277,76.9747511,1132,4.3,"Iyerpadi_bit_shola","Rainforest_Fragment","Leopard",1,"Partial_count","Sighting"," ","NA","uuid:9b603c1d-c38b-4542-a545-e9848b556c67"
"Kshama Bhat","Kshama","01Dec2020_09:46",2020-12-01,10:12,10.3951300,76.9916790,"NA",500.0,"Andiparai","Rainforest","Nilgiri_Langur",5,"Partial_count","Sighting","Seen with LTM on the same tree","NA","uuid:a016eb25-81d4-452d-85ae-18609139f7a0"
"Kshama Bhat","Kshama","01Dec2020_10:13",2020-12-01,10:13,10.3945997,76.9928963,1215,15.6,"Andiparai","Rainforest","Lion_tailed_Macaque",3,"Partial_count","Sighting","Seen with Nilgiri langur on the same tree","NA","uuid:b0f3eca4-1ba9-42e9-903f-0418b768a072"
"Kshama Bhat","Kshama","01Dec2020_11:22",2020-12-01,11:22,10.3686361,76.9952935,1262,12.6,"Kavarkal_to_40th_bend","Rainforest_Fragment","Malabar_Giant_Squirrel",1,"Partial_count","Sighting"," ","NA","uuid:f60a94df-3dfd-4a91-b0cb-239ea0714e0b"
"Kshama Bhat","Kshama","01Dec2020_14:53",2020-12-01,14:41,10.3507397,76.9360434,996,5.4,"Old_Valparai","Edge","Brown_Mongoose",1,"Partial_count","Sighting","Crossing the road from restoration fragment onto coffee side","NA","uuid:a1024867-a7d8-4653-8587-7e3b469f7e54"
"Srinivasan Kasinathan","Srini","01Dec2020_12:39",2020-12-01,12:39,10.3794740,76.9943722,"NA","NA","Kavarkal_to_40th_bend","Rainforest","Malabar_Giant_Squirrel",1,"Total_count","Sign_Vocalisation"," ","NA","uuid:1c7f619d-df1c-41ff-a2da-4063eeadfd7c"
"Srinivasan Kasinathan","Srini","02Dec2020_11:13",2020-12-02,11:14,10.3540297,76.9583776,"NA",3700.0,"Manambolly","Rainforest","Lion_tailed_Macaque",1,"Partial_count","Sighting"," ","NA","uuid:97c8efa6-a1a0-40e6-b62c-44362734a834"
"Srinivasan Kasinathan","Srini","03Nov2020_14:32",2020-11-03,14:32,10.3725236,76.9923340,"NA","NA","Iyerpadi","Road","Gaur",1,"Total_count","Sighting"," ","1m0O7lM-z5zIrbEdoeD3UXKDJJCLVlc6u.jpg","uuid:ff555e57-576d-41fc-b23e-9ce77020e2eb"
"Srinivasan Kasinathan","Srini","03Nov2020_14:35",2020-11-03,14:35,10.3684760,76.9801630,"NA",500.0,"Iyerpadi","Tea_Plantation","Nilgiri_Langur",4,"Partial_count","Sighting","Near ANIC plot","NA","uuid:0b7238c4-2d52-45f5-8d26-f54cea995048"
"Srinivasan Kasinathan","Srini","06Nov2020_18:30",2020-11-11,10:30,10.3302210,76.9600036,"NA",500.0,"Puthuthottam","Tea_Plantation","Gaur",31,"Total_count","Sighting"," ","NA","uuid:3c4be0d4-9d0b-4723-a43a-eb3c9638f9d5"
"Srinivasan Kasinathan","Srini","16Nov2020_11:28",2020-11-16,11:28,10.3056680,76.8607388,"NA","NA","Kalyanapandal_Pudukadu","Tea_Plantation","Dhole",5,"Partial_count","Sighting"," ","NA","uuid:92a47d53-1c72-4486-8dd9-7efd0344a616"
"Srinivasan Kasinathan","Srini","18Nov2020_15:07",2020-11-18,15:07,10.3014618,76.8747993,"NA",100.0,"Sholayar_Dam","Road","Nilgiri_Langur",10,"Partial_count","Sighting"," ","NA","uuid:acad195c-3cf0-4522-9085-ef8f5ac11c64"
"Srinivasan Kasinathan","Srini","19Nov2020_09:10",2020-11-19,09:11,10.4508851,76.9840772,676,16.8,"9_to_12_bend","Road","Nilgiri_Tahr",4,"Total_count","Sighting"," ","NA","uuid:d0cb9392-51f8-4255-81c4-2a494ee4b7bd"
"Srinivasan Kasinathan","Srini","26Oct2020_15:55",2020-10-26,15:55,10.3530734,76.9492581,"NA",500.0,"Varattuparai","Coffee_Plantation","Nilgiri_Langur",2,"Partial_count","Sighting","Varattuparai 4 coffee side","NA","uuid:27400332-6466-4353-a7c2-2bcd2550a669"
"Srinivasan Kasinathan","Srini","28Oct2020_09:19",2020-10-28,09:20,10.3495886,76.9729110,1089,5.2,"Upper_Paralai","Tea_Plantation","Barking_Deer",1,"Total_count","Sighting"," ","NA","uuid:d2ce420c-7b8f-4d5a-a901-b4e31be135bd"
"Srinivasan Kasinathan","Srini","30Oct2020_15:16",2020-10-30,15:16,10.3366056,76.9347790,"NA",500.0,"Selaliparai","Rainforest_Fragment","Gaur",1,"Total_count","Sighting","Selaliparai 1","NA","uuid:0be464bd-1ac1-4651-abcf-5321312eb93d"
"Kshama Bhat","Kshama","05Dec2020_16:15",2020-12-05,16:15,10.3282159,76.9618487,"NA","NA","Valparai_Cooperative_Colony","Settlement_Human","Brown_Mongoose",1,"Partial_count","Sighting"," ","NA","uuid:4832f930-2757-4c22-b8b5-ceacc1ebcb54"
"Srinivasan Kasinathan","Srini","04Dec2020_09:11",2020-12-04,09:11,10.3645700,76.9735187,"NA",500.0,"Iyerpadi_bit_shola","Tea_Plantation","Gaur",1,"Total_count","Death","Near our ANIC below the Eleaocarpus tuberculatus","NA","uuid:ef394cb2-5aa7-4401-b05d-a63971ebeb41"
"Ganesh Raghunathan","Ganesh Raghunathan","05Dec2020_18:04",2020-12-04,11:04,10.3302210,76.9600036,"NA",500.0,"Puthuthottam","Settlement_Human","Lion_tailed_Macaque",1,"Total_count","Death"," ","NA","uuid:bbb4abb1-32d9-4c9a-842f-b3b41cec24ad"
"Srinivasan Kasinathan","Srini","09Dec2020_10:33",2020-12-09,10:34,10.3064432,76.8614811,"NA",3200.0,"Murugalli_CDR_Karumbalam","Swamp","Barking_Deer",2,"Total_count","Sighting"," ","NA","uuid:3ed40ca2-4fd9-4c40-b042-85c61589569b"
"T R Shankar Raman","trsraman","12Nov2020_07:49",2020-11-12,07:49,10.3559572,76.9721477,"NA","NA","Upper_Paralai","Tea_Plantation","Barking_Deer",1,"Total_count","Sighting","Male in hard antler","NA","uuid:37f4f8f7-fd71-4434-9a50-3079aa3ed1f3"
"T R Shankar Raman","trsraman","08Dec2020_11:12",2020-12-08,10:52,10.3506534,76.9355356,"NA","NA","Old_Valparai","Rainforest_Fragment","Nilgiri_Langur",5,"Partial_count","Sighting","2 troops","NA","uuid:44ca8340-d7ad-4a70-b03b-88efed8432ae"
"T R Shankar Raman","trsraman","08Dec2020_11:13",2020-12-08,11:08,10.3507058,76.9359295,"NA","NA","Old_Valparai","Rainforest_Fragment","Bonnet_Macaque",12,"Partial_count","Sighting","2 troops","NA","uuid:5ccde35d-f29f-4a9f-8d4c-606eb2a9eb80"
"T R Shankar Raman","trsraman","11Dec2020_14:17",2020-12-11,14:17,10.3535464,76.9650202,1023,15.2,"Lower_Paralai","Tea_Plantation","Stripe_necked_Mongoose",1,"Total_count","Sighting"," ","NA","uuid:1ce298e6-6775-42c5-b3d2-80ff69ba81eb"
"Kshama Bhat","Kshama","15Dec2020_09:04",2020-12-15,09:04,10.3484624,76.8977354,872,12.9,"Manambolly","Rainforest","Malabar_Giant_Squirrel",1,"Partial_count","Sighting"," ","NA","uuid:64ffcfd9-9271-44b8-8578-c8f77731e03c"
"Kshama Bhat","Kshama","15Dec2020_13:15",2020-12-15,13:15,10.3484352,76.8971240,873,5.4,"Manambolly","Rainforest","Lion_tailed_Macaque",5,"Partial_count","Sighting"," ","NA","uuid:45d58118-a9a7-4e93-a16e-af56b99f9b75"
"Kshama Bhat","Kshama","15Dec2020_14:07",2020-12-15,14:07,10.3485291,76.8971098,870,12.9,"Manambolly","Rainforest","Nilgiri_Langur",1,"Partial_count","Sign_Vocalisation"," ","NA","uuid:11d63a3d-809d-4675-b2ec-ba72164303eb"
"Kshama Bhat","Kshama","16Dec2020_10:22",2020-12-16,10:22,10.3051414,77.0332968,1144,13.9,"Chinnakallar","Rainforest","Nilgiri_Langur",3,"Partial_count","Sighting"," ","NA","uuid:1d00653c-9faf-4347-b477-99ea3b833cea"
"Kshama Bhat","Kshama","18Dec2020_07:54",2020-12-18,07:54,10.3558169,76.9298765,949,9.6,"Varattuparai","Rainforest_Fragment","Nilgiri_Langur",6,"Partial_count","Sighting","Inside Varattuparai 1 restoration fragment","NA","uuid:1d570c37-f94a-41f6-a925-e8858840d573"
"Kshama Bhat","Kshama","20Dec2020_13:12",2020-12-20,13:12,10.3041761,76.8721397,772,4.3,"Candura","Tea_Plantation","Stripe_necked_Mongoose",2,"Partial_count","Sighting","Digging the ground along the edge of seasonal stream","NA","uuid:80096a7c-d249-4502-bb62-c221f9659d0a"
"Kshama Bhat","Kshama","20Dec2020_13:45",2020-12-20,13:45,10.2998966,76.8709258,757,3.2,"Candura","Rainforest_Fragment","Nilgiri_Langur",6,"Partial_count","Sighting"," ","NA","uuid:66f5ed19-ddb6-48c8-ab4a-654d422221ab"
"Kshama Bhat","Kshama","20Dec2020_13:48",2020-12-20,13:48,10.2999246,76.8704691,763,3.3,"Candura","Rainforest_Fragment","Malabar_Giant_Squirrel",1,"Partial_count","Sighting"," ","NA","uuid:6612803f-ff64-443d-a7b3-00f5ddd5b7c8"
"Kshama Bhat","Kshama","20Dec2020_14:24",2020-12-20,14:24,10.3025995,76.8670282,811,3.4,"Candura","Edge","Malabar_Giant_Squirrel",1,"Partial_count","Sighting"," ","NA","uuid:1eb0db6a-b3fe-4948-a504-7d072133f5d6"
"G. Moorthi","G. Moorthi","16Dec2020_10:40",2020-12-16,10:40,10.2967175,77.0177702,"NA",500.0,"Chinnakallar","Rainforest","Sambar",1,"Total_count","Sighting"," ","NA","uuid:175e2e07-a7b3-4b46-bb5d-4f31be563416"
"Srinivasan Kasinathan","Srini","21Dec2020_08:24",2020-12-21,08:24,10.3078108,76.8625469,"NA",2400.0,"Murugalli_estate","Tea_Plantation","Barking_Deer",1,"Total_count","Sighting"," ","NA","uuid:5f270d2f-9a46-4f0f-9574-9d430c9c53b5"
"Srinivasan Kasinathan","Srini","21Dec2020_08:54",2020-12-21,08:54,10.2960971,76.8625134,821,520.1,"Murugalli_Sholayar","Rainforest_Fragment","Nilgiri_Langur",1,"Partial_count","Sighting"," ","NA","uuid:3ba81af9-46d3-4a93-b18a-95e8ac7a0030"
"Kshama Bhat","Kshama","21Dec2020_08:51",2020-12-21,08:51,10.2964134,76.8633219,767,3.4,"Candura","Rainforest_Fragment","Malabar_Giant_Squirrel",2,"Partial_count","Sighting"," ","NA","uuid:aa767a57-2736-4b39-9ab3-8dfe53a746be"
"Srinivasan Kasinathan","Srini","21Dec2020_10:15",2020-12-21,10:15,10.3055261,76.8607834,"NA",2498.0,"Murugalli_Sholayar","Rainforest_Fragment","Sambar",3,"Total_count","Sighting"," ","NA","uuid:f6aba725-f263-475a-a21c-679f5404eea5"
"Kshama Bhat","Kshama","23Dec2020_12:32",2020-12-23,12:32,10.3171310,76.8795290,974,4.8,"Candura","Edge","Elephant",11,"Partial_count","Sighting","5 adults female, 4 juvenile male, 2 calf","NA","uuid:b4c57876-24f9-4d48-a003-670618759d2d"
"Kshama Bhat","Kshama","24Dec2020_09:38",2020-12-24,09:38,10.2985422,76.8574143,869,10.0,"Candura","Rainforest_Fragment","Malabar_Giant_Squirrel",1,"Partial_count","Sighting"," ","NA","uuid:50312410-3ce2-43a7-8883-175ca908b88d"
"Srinivasan Kasinathan","Srini","23Dec2020_14:04",2020-12-26,17:22,10.2977820,76.8933024,"NA",500.0,"Pannimade_fragment","Rainforest_Fragment","Elephant",2,"Total_count","Sighting"," ","NA","uuid:f8b318ed-fd8d-4378-bb8d-edabf8b39aa7"
"Kshama Bhat","Kshama","02Jan2021_10:35",2021-01-02,10:35,10.3683739,76.9964384,1387,17.5,"Kavarkal_to_40th_bend","Rainforest_Fragment","Lion_tailed_Macaque",3,"Partial_count","Sign_Vocalisation","Along the 36HPB trail","NA","uuid:1ad4312f-6dd2-443c-a0d9-522cd505099f"
"G. Moorthi","Kshama","02Jan2021_11:16",2021-01-02,11:10,10.3727181,76.9932711,1258,7.5,"Kavarkal_to_40th_bend","Rainforest_Fragment","Sambar",1,"Partial_count","Sighting","With antlers","NA","uuid:ac5eac11-32b9-4da8-aeb4-540e0cc925e5"
"T R Shankar Raman","trsraman","19Dec2020_17:46",2020-12-19,17:43,10.3514789,76.9505985,"NA","NA","Lower_Paralai","Tea_Plantation","Stripe_necked_Mongoose",1,"Total_count","Sighting"," ","NA","uuid:c0ceea52-0afe-4a82-be64-a9d3bbdca69e"
"T R Shankar Raman","trsraman","28Dec2020_17:23",2020-12-28,17:23,10.4485824,76.9841950,733,6.4,"9_to_12_bend","other, Dry forest","Nilgiri_Tahr",1,"Partial_count","Sighting","1 saddleback male","NA","uuid:bdbfbc30-e971-450c-b933-fd219c20f2f7"
"Divya Mudappa","trsraman","03Jan2021_17:07",2021-01-02,07:06,10.3296566,76.9602327,"NA","NA","Valparai_Cooperative_Colony","Settlement_Human","Malabar_Giant_Squirrel",1,"Total_count","Sighting","On mango and other trees near houses. Walks on roof as well.","NA","uuid:71e4fcba-fccb-4d59-95fd-9305ec39f34b"
"Kshama Bhat","Kshama","04Jan2021_13:01",2021-01-04,13:01,10.3572095,76.8902694,787,9.6,"Manambolly","Rainforest","Lion_tailed_Macaque",8,"Partial_count","Sighting","Moving into LEMon plot","NA","uuid:c8398f42-d0a5-4c8f-a3f3-d60c99dd012c"
"Kshama Bhat","Kshama","04Jan2021_14:09",2021-01-04,14:09,10.3477984,76.8979180,885,7.5,"Manambolly","Rainforest","Mouse_Deer",1,"Partial_count","Sighting"," ","NA","uuid:4cbc4dc6-d5f0-4338-800d-8467690d9985"
"Srinivasan Kasinathan","Srini","04Jan2021_16:36",2021-01-04,16:36,10.3530734,76.9492581,"NA",500.0,"Varattuparai","Road","Nilgiri_Langur",6,"Partial_count","Sighting","Sitting on Eucalyptus tree.","NA","uuid:3e2fcb33-6a22-4cc7-a60b-8c716c3a751c"
"Srinivasan Kasinathan","Srini","22Dec2020_12:23",2020-12-22,12:23,10.3085285,76.8717080,"NA",500.0,"Murugalli_CDR","Rainforest_Fragment","Malabar_Giant_Squirrel",2,"Total_count","Sighting"," ","NA","uuid:572253b3-86ba-4726-8e48-ee6077adee60"
"Srinivasan Kasinathan","Srini","23Dec2020_12:19",2020-12-23,12:19,10.3128440,76.8824640,"NA",500.0,"Senniappa_estate","Rainforest_Fragment","Gaur",6,"Partial_count","Sighting"," ","NA","uuid:bd868bc0-82fc-4ed2-b84e-68908975d3fb"
"Srinivasan Kasinathan","Srini","23Dec2020_12:23",2020-12-23,12:23,10.3128440,76.8824640,"NA",500.0,"Senniappa_estate","Rainforest_Fragment","Elephant",8,"Total_count","Sighting"," ","NA","uuid:5939081f-6eec-48bc-bf38-a3c06f4b658d"
"Srinivasan Kasinathan","Srini","04Jan2021_18:27",2021-01-04,18:28,10.3302210,76.9600036,"NA",500.0,"Puthuthottam","Coffee_Plantation","Sambar",3,"Total_count","Sighting"," ","NA","uuid:86d2d7dc-4114-4723-9cb1-b8f3ac857efd"
"Kshama Bhat","Kshama","05Jan2021_11:14",2021-01-05,11:14,10.3146697,76.8306610,842,4.3,"Candura","Rainforest_Fragment","Nilgiri_Langur",2,"Partial_count","Sighting","On Candura phenology trail, Kerala side","NA","uuid:9b108ce7-4db9-455c-abe7-9ac46fd4eb08"
"Kshama Bhat","Kshama","05Jan2021_11:33",2021-01-05,11:33,10.3144986,76.8306816,864,10.6,"Candura","Rainforest_Fragment","Lion_tailed_Macaque",3,"Partial_count","Sign_Vocalisation","Near phenology trail, Kerala side","NA","uuid:8cba8a72-a873-4fe3-8fc3-6e5a2f52c054"
"Kshama Bhat","Kshama","07Jan2021_09:35",2021-01-07,09:35,10.3456079,76.9730235,1066,6.4,"Iyerpadi","Tea_Plantation","Gaur",1,"Partial_count","Sighting","16","NA","uuid:dca5b562-5108-42e8-9e13-3041eb78f572"
"Kshama Bhat","Kshama","07Jan2021_11:43",2021-01-07,11:33,10.3561440,76.9300228,934,7.5,"Varattuparai","Rainforest_Fragment","Mouse_Deer",1,"Partial_count","Sighting","Inside Varattuparai 1 restoration fragment","NA","uuid:397b7859-8530-4c6f-a4ec-32640d494320"
"Kshama Bhat","Kshama","07Jan2021_12:10",2021-01-07,12:06,10.3511079,76.9234080,931,9.6,"Varattuparai","Edge","Elephant",4,"Partial_count","Sighting"," ","NA","uuid:5f5a7268-7769-4e40-8879-89325501d7f6"
"Kshama Bhat","Kshama","07Jan2021_16:42",2021-01-07,16:42,10.3241977,76.9286991,983,9.0,"Injipara","Eucalyptus_Plantation","Nilgiri_Langur",3,"Partial_count","Sighting","On Cullenia exarillata tree","NA","uuid:6c8b8921-cb1f-44b5-b9c8-1ad34dd48683"
"Divya Mudappa","Kshama","08Jan2021_16:44",2021-01-08,16:45,10.3718348,76.9264798,"NA",500.0,"Anali","Coffee_Plantation","Bonnet_Macaque",3,"Partial_count","Sighting"," ","NA","uuid:84d96763-f244-432d-b3e1-c614ab2575ab"
"Kshama Bhat","Kshama","08Jan2021_16:43",2021-01-08,16:43,10.3601351,76.9288767,898,11.8,"Anali","Coffee_Plantation","Nilgiri_Langur",5,"Partial_count","Sighting"," ","NA","uuid:ea733477-68ef-4a20-983b-5a4822fffef3"
"Kshama Bhat","Kshama","08Jan2021_16:48",2021-01-08,16:48,10.3718348,76.9264798,"NA",500.0,"Anali","Coffee_Plantation","Malabar_Giant_Squirrel",1,"Partial_count","Sighting","Eating Spathodia fruits","NA","uuid:384b9d4d-a801-4c4b-8f2b-5387860f2b4d"
"Kshama Bhat","Kshama","08Jan2021_18:05",2021-01-08,18:06,10.3737209,76.9284345,784,8.6,"Anali","Coffee_Plantation","Nilgiri_Langur",2,"Partial_count","Sighting"," ","NA","uuid:09a468c8-cf4d-4b84-bb11-38a990e6dc01"
"Kshama Bhat","Kshama","08Jan2021_18:08",2021-01-08,18:08,10.3736980,76.9283464,816,5.9,"Anali","Coffee_Plantation","Malabar_Giant_Squirrel",1,"Partial_count","Sighting"," ","NA","uuid:f4d75054-f168-4e78-921a-fedbd7eff3b5"
"Kshama Bhat","Kshama","08Jan2021_18:05",2021-01-08,18:06,10.3737209,76.9284345,784,8.6,"Anali","Coffee_Plantation","Nilgiri_Langur",2,"Partial_count","Sighting"," ","NA","uuid:09a468c8-cf4d-4b84-bb11-38a990e6dc01"
"Kshama Bhat","Kshama","08Jan2021_18:05",2021-01-08,18:06,10.3737209,76.9284345,784,8.6,"Anali","Coffee_Plantation","Nilgiri_Langur",2,"Partial_count","Sighting"," ","NA","uuid:09a468c8-cf4d-4b84-bb11-38a990e6dc01"
"Kshama Bhat","Kshama","10Jan2021_18:05",2021-01-10,18:05,10.3643942,76.9766167,1136,4.8,"Iyerpadi_bit_shola","Tea_Plantation","Stripe_necked_Mongoose",1,"Partial_count","Sighting"," ","NA","uuid:d8d91414-04c0-4e7d-b6d5-3dfc0ed19ea1"
"Divya Mudappa","trsraman","03Jan2021_18:11",2021-01-02,08:11,10.3301724,76.9599914,1046,6.9,"Valparai_Cooperative_Colony","Settlement_Human","Brown_Mongoose",1,"Total_count","Sighting"," ","NA","uuid:5785ddd7-16b6-4875-b61c-f0a6346cac1f"
"Divya Mudappa","trsraman","06Jan2021_22:47",2021-01-06,22:47,10.3367205,76.9634594,1038,23.0,"Puthuthottam","Rainforest_Fragment","Leopard",1,"Total_count","Sighting"," ","NA","uuid:1ef74128-247b-4e6b-9a75-b0d3ed532af6"
"T R Shankar Raman","trsraman","08Jan2021_19:27",2021-01-08,19:28,10.3580785,76.9312719,"NA","NA","Varattuparai","Coffee_Plantation","Sambar",1,"Total_count","Sighting","1 hard antler MH male","NA","uuid:856ecced-910b-412a-b381-b4d0ee018d6b"
"T R Shankar Raman","trsraman","08Jan2021_19:49",2021-01-08,19:49,10.3430334,76.9341854,"NA","NA","Selaliparai","Edge","Sambar",1,"Partial_count","Sighting","Female crossing road","NA","uuid:764303e6-47af-4a27-94a4-fc7789be161c"
"T R Shankar Raman","trsraman","13Jan2021_14:36",2021-01-13,14:36,10.3299945,76.9602705,1082,16.6,"Valparai_Cooperative_Colony","Settlement_Human","Brown_Mongoose",2,"Total_count","Sighting"," ","NA","uuid:4c62b9bb-1f6f-4229-b31c-5710488b0725"
"T R Shankar Raman","trsraman","13Jan2021_14:37",2021-01-13,14:37,10.3300191,76.9598766,"NA","NA","Valparai_Cooperative_Colony","Settlement_Human","Lion_tailed_Macaque",15,"Partial_count","Sighting","On roof and mango, guava trees","NA","uuid:aacb4a94-5443-4a7d-96ef-ff6956add3e2"
"Kshama Bhat","Kshama","13Jan2021_09:36",2021-01-13,09:36,10.3527923,76.9363384,"NA",500.0,"Old_Valparai","Coffee_Plantation","Nilgiri_Langur",4,"Partial_count","Sighting"," ","NA","uuid:277c9610-d334-43e7-8f25-9fde7353dc30"
"Kshama Bhat","Kshama","13Jan2021_09:37",2021-01-13,09:37,10.3527923,76.9363384,"NA",500.0,"Old_Valparai","Coffee_Plantation","Bonnet_Macaque",7,"Partial_count","Sighting"," ","NA","uuid:6876c629-1d02-4b8a-8ce3-a96488a89759"
"Kshama Bhat","Kshama","14Jan2021_14:38",2021-01-14,14:38,10.3458790,76.9729444,1064,15.0,"Iyerpadi","Tea_Plantation","Gaur",13,"Partial_count","Sighting"," ","NA","uuid:70b4cf04-fc17-4e93-8eb3-9995b373a6fb"
"Kshama Bhat","Kshama","15Jan2021_16:53",2021-01-15,16:53,10.3527923,76.9363384,"NA",500.0,"Old_Valparai","Coffee_Plantation","Lion_tailed_Macaque",4,"Partial_count","Sighting"," ","110lnJxhVSEI5dIj6_GthIFc5Q4WQl6XS.jpg","uuid:b640e90b-c27e-4786-9124-49df1c4ae5fd"
"Divya Mudappa","trsraman","16Jan2021_17:11",2021-01-16,17:11,10.3522045,76.9692177,"NA","NA","Lower_Paralai","Swamp","Gaur",23,"Total_count","Sighting"," ","NA","uuid:6383a952-6186-46a4-9052-cc86dd23cb22"
"T R Shankar Raman","trsraman","17Jan2021_20:01",2021-01-17,20:01,10.3585698,76.9328184,919,6.8,"Velonie","Rainforest_Fragment","Large_Brown_Flying_Squirrel",10,"Partial_count","Sighting","Between Varattuparai bridge and Velonie fragment, drive plus walk","NA","uuid:f48ae9cd-ffd6-4f71-a949-0527d8e86302"
"Kshama Bhat","Kshama","24Jan2021_18:37",2021-01-24,18:26,10.3641504,76.9759774,1126,107.2,"Iyerpadi_bit_shola","Tea_Plantation","Leopard",2,"Partial_count","Sighting"," ","NA","uuid:4baf2801-ae74-4925-a6d4-d0595d1f28a3"
"Srinivasan Kasinathan","Srini","05Jan2021_16:11",2021-01-05,16:11,10.3718348,76.9264798,"NA",500.0,"Anali","Coffee_Plantation","Nilgiri_Langur",8,"Partial_count","Sighting"," ","NA","uuid:a96d38e0-fd03-46e7-800d-4fca57686135"
"Srinivasan Kasinathan","Srini","05Jan2021_16:55",2021-01-05,16:55,10.3667472,76.9452722,"NA",500.0,"Velonie","Coffee_Plantation","Gaur",1,"Total_count","Sighting"," ","NA","uuid:d172c3c1-85c3-400d-913f-020a2fae6439"
"Srinivasan Kasinathan","Srini","21Jan2021_17:20",2021-01-21,17:20,10.3248376,76.9688342,"NA","NA","Karumalai","Eucalyptus_Plantation","Lion_tailed_Macaque",1,"Total_count","Sighting"," ","NA","uuid:1ceda326-6335-462d-a197-d98695066ecb"
"Srinivasan Kasinathan","Srini","24Jan2021_09:05",2021-01-24,09:05,10.4489603,76.9832553,"NA",500.0,"13_to_16_bend","Road","Nilgiri_Tahr",3,"Partial_count","Sighting"," ","NA","uuid:4ed9b2ed-dffd-4096-8170-5a5d35f7a9b1"
"Divya Mudappa","Kshama","30Jan2021_18:01",2021-01-30,18:02,10.3588946,76.8918155,659,34.3,"Manambolly","Rainforest","Dusky_striped_Squirrel",1,"Partial_count","Sighting"," ","NA","uuid:8800241b-dc9f-4898-a6e9-f623579af52c"
"Kshama Bhat","Kshama","30Jan2021_16:10",2021-01-30,16:10,10.3713698,76.8900149,605,4.5,"Ayankulam","Rainforest","Nilgiri_Langur",1,"Partial_count","Sign_Vocalisation"," ","NA","uuid:1cebf84c-f0bf-42bf-bbf9-bb9e80aa2be3"
"Kshama Bhat","Kshama","30Jan2021_16:52",2021-01-30,16:52,10.3645022,76.8806050,591,3.3,"Manambolly","Rainforest","Sambar",1,"Partial_count","Sign_Vocalisation","Alarm call","NA","uuid:0b9daeb6-b0da-4f9d-bfc7-daa620749ab0"
"Kshama Bhat","Kshama","02Feb2021_18:06",2021-02-02,18:06,10.3586612,76.9326721,910,4.3,"Varattuparai","Coffee_Plantation","Elephant",4,"Partial_count","Sighting"," ","NA","uuid:83885a72-ce03-404e-9d29-92f32f2f10b1"
"Kshama Bhat","Kshama","15Jan2021_16:55",2021-01-15,16:55,10.3527923,76.9363384,"NA",500.0,"Old_Valparai","Coffee_Plantation","Bonnet_Macaque",7,"Partial_count","Sighting","Near U bend","1Ykn0GZ2cHZGWxNY0NcltNalTC4DKG5OB.jpg","uuid:b5233939-d35d-444a-9ae8-3710ccaf13d6"
"Kshama Bhat","Kshama","04Feb2021_10:05",2021-02-04,10:05,10.3587444,76.9355371,947,8.0,"Varattuparai","Coffee_Plantation","Bonnet_Macaque",3,"Partial_count","Sighting","Along with LTM and Nilgiri langur","NA","uuid:cf4d06ce-88d6-4032-82a6-38854b21c70c"
"Kshama Bhat","Kshama","04Feb2021_10:07",2021-02-04,10:07,10.3585715,76.9353321,918,7.5,"Varattuparai","Coffee_Plantation","Nilgiri_Langur",4,"Partial_count","Sighting","Along with LTM and Bonnet macaque","NA","uuid:e08baaf4-1c09-4b16-bc14-f6c3115656b1"
"Kshama Bhat","Kshama","04Feb2021_10:04",2021-02-04,10:04,10.3584998,76.9354992,911,7.5,"Varattuparai","Coffee_Plantation","Lion_tailed_Macaque",7,"Partial_count","Sighting","Along with Nilgiri langur and Bonnet macaque","NA","uuid:3e16efc8-8ecd-4b9f-9709-ca78aa54a74d"
"Kshama Bhat","Kshama","05Feb2021_18:45",2021-02-05,18:45,10.3862508,76.9871399,1413,7.5,"Thalanar","Tea_Plantation","Brown_Mongoose",1,"Partial_count","Sighting"," ","NA","uuid:02154816-a806-42cd-936a-727db9933c71"
"Srinivasan Kasinathan","Srini","03Feb2021_17:12",2021-02-03,17:12,10.3229570,76.8456470,"NA",500.0,"Sheikalmudi_LD","Swamp","Stripe_necked_Mongoose",3,"Total_count","Sighting"," ","NA","uuid:8eaf78c2-12be-4981-835f-1365eb095945"
"Srinivasan Kasinathan","Srini","03Feb2021_17:14",2021-02-03,17:14,10.3229570,76.8456470,"NA",500.0,"Sheikalmudi_LD","Swamp","Elephant",2,"Partial_count","Sighting"," ","NA","uuid:0ab52dd8-6711-4212-8325-67d274d3ee7b"
"Srinivasan Kasinathan","Srini","04Feb2021_09:34",2021-02-04,09:34,10.3222860,76.8617160,"NA",500.0,"Kalyanapandal_Pudukadu","Rainforest_Fragment","Gaur",1,"Partial_count","Sighting"," ","NA","uuid:eb370776-f339-4ddd-8faa-63332ba9fb4c"
"Srinivasan Kasinathan","Srini","05Feb2021_13:27",2021-02-05,13:28,10.3424430,76.9012970,"NA",500.0,"Urulikal","Rainforest","Mouse_Deer",1,"Total_count","Sighting"," ","NA","uuid:c24decbe-2824-4124-9615-18a25586cc0e"
"Srinivasan Kasinathan","Srini","07Feb2021_21:07",2021-02-07,21:07,10.3684760,76.9801630,"NA",500.0,"Iyerpadi","Road","Sambar",1,"Total_count","Sighting"," ","NA","uuid:feb252e1-0934-4219-be77-241dde0f4a87"
"Srinivasan Kasinathan","Srini","08Feb2021_12:25",2021-02-08,12:25,10.3329518,77.0379460,"NA","NA","Akkamalai","other, Rocky cliff","Nilgiri_Tahr",31,"Partial_count","Sighting"," ","NA","uuid:43080743-fdf6-4f7d-b279-4308ebe9d0b1"
"Srinivasan Kasinathan","Srini","10Feb2021_13:09",2021-02-10,12:09,10.3162905,76.8353560,"NA",500.0,"Candura","Rainforest_Fragment","Elephant",1,"Partial_count","Sighting","We saw at grid number N16","NA","uuid:7103f191-c5ff-4357-99e1-4e57fc3c5dde"
"Srinivasan Kasinathan","Srini","11Feb2021_07:12",2021-02-11,07:13,10.3534252,76.9753161,1012,3200.0,"Club_road","Tea_Plantation","Gaur",30,"Total_count","Sighting"," ","NA","uuid:945497a3-6d5c-4df2-aaa1-70c4ce55e343"
"Ram TNFD","Ram TNFD","06Feb2021_12:20",2021-02-06,12:21,10.3540448,76.9770874,"NA",3500.0,"Velonie","Rainforest","Mouse_Deer",1,"Total_count","Sighting"," ","NA","uuid:fa03b862-15f9-43ab-ac08-c44b4da98149"
"Srinivasan Kasinathan","Srini","16Feb2021_12:47",2021-02-16,12:47,10.3489136,76.8976005,"NA",500.0,"Manambolly","Rainforest","Lion_tailed_Macaque",7,"Partial_count","Sighting","Near Palaquium ravii patch","NA","uuid:17213a8d-8b19-4321-be35-062f5d6e5941"
"Srinivasan Kasinathan","Srini","24Feb2021_14:10",2021-02-24,14:10,10.3451361,76.9702309,"NA","NA","Puthuthottam","Road","Sambar",1,"Total_count","Sighting"," ","NA","uuid:7aea3a05-1910-4388-864a-9cdc244112f4"
"Kshama Bhat","Kshama","02Mar2021_15:14",2021-03-02,15:14,10.3553598,76.9356973,928,8.1,"Varattuparai","Settlement_Human","Stripe_necked_Mongoose",2,"Partial_count","Sighting","Crossing the road, went towards the lines","NA","uuid:d131a2db-49f6-4f2a-a0a0-c829a843c73f"
"Kshama Bhat","Kshama","03Mar2021_07:29",2021-03-03,07:29,10.3592793,76.9364722,927,9.6,"Varattuparai","Coffee_Plantation","Nilgiri_Langur",3,"Partial_count","Sighting"," ","NA","uuid:1ce193ab-7836-413a-b351-08374ad8515b"
"Divya Mudappa","Divya Mudappa","05Mar2021_14:15",2021-03-05,07:31,10.3302398,76.9599681,1042,20.4,"Valparai_Cooperative_Colony","Settlement_Human","Lion_tailed_Macaque",15,"Partial_count","Sighting"," ","NA","uuid:13c8eaeb-8a21-41d4-96c8-d3abced605cb"
"Divya Mudappa","Divya Mudappa","05Mar2021_14:19",2021-03-05,09:09,10.3302388,76.9599832,1042,21.0,"Valparai_Cooperative_Colony","Settlement_Human","Stripe_necked_Mongoose",2,"Total_count","Sighting","Mother and small one","NA","uuid:4fc27d3f-b01b-4b07-9da2-237573225f7b"
"Kshama Bhat","Kshama","06Mar2021_17:58",2021-03-06,17:58,10.3302150,76.9600517,1042,27.9,"Valparai_Cooperative_Colony","Settlement_Human","Stripe_necked_Mongoose",2,"Partial_count","Sighting"," ","1iZ1cgLrBkCA4JpjDRjlR0Ba7kzPfV96r.jpg","uuid:734daf7f-e5a0-4872-8865-b82ef5c30a11"
"Kshama Bhat","Kshama","07Mar2021_09:21",2021-03-07,09:21,10.3530734,76.9492581,"NA",500.0,"Varattuparai","Coffee_Plantation","Elephant",3,"Partial_count","Sighting","Feeding","NA","uuid:f1011a7a-7429-48f4-bff1-6e9b9d58f351"
"T R Shankar Raman","trsraman","28Jan2021_22:14",2021-01-28,22:10,10.3302418,76.9601841,"NA","NA","Valparai_Cooperative_Colony","Settlement_Human","Leopard",1,"Total_count","Sighting","Adult. Just outside window. Wild boar near streetlight end of road. Walks back to tea.","NA","uuid:2eab6750-a986-4c3c-9db4-43eaae875ca1"
"Divya Mudappa","trsraman","07Feb2021_18:27",2021-02-07,18:27,10.3538560,76.9772766,1057,5.4,"Upper_Paralai","Tea_Plantation","Gaur",18,"Partial_count","Sighting","Feeding on ipomea growing on te","NA","uuid:6c2e41c6-ff53-458d-89e0-4f8682a34c58"
"T R Shankar Raman","trsraman","11Feb2021_19:11",2021-02-11,19:11,10.3674571,76.9470831,913,23.2,"Velonie","Rainforest_Fragment","Sambar",1,"Total_count","Sighting","Adult male in hard antler. Deformed antler with growth in between brow tones.","NA","uuid:4b8b76a3-c48b-40f4-8f2d-ae0c46d3f6ba"
"Kshama Bhat","Kshama","07Mar2021_09:21",2021-03-07,09:21,10.3530734,76.9492581,"NA",500.0,"Varattuparai","Coffee_Plantation","Elephant",3,"Partial_count","Sighting","Feeding","NA","uuid:f1011a7a-7429-48f4-bff1-6e9b9d58f351"
"Kshama Bhat","Kshama","09Mar2021_11:10",2021-03-09,11:10,10.3600100,76.9284156,876,13.9,"Anali","Rainforest_Fragment","Barking_Deer",2,"Partial_count","Sighting"," ","NA","uuid:a5a19524-22c8-486c-90b2-9409223d158b"
"Kshama Bhat","Kshama","09Mar2021_16:32",2021-03-09,16:32,10.3301572,76.9599088,1042,22.3,"Valparai_Cooperative_Colony","Settlement_Human","Stripe_necked_Mongoose",2,"Partial_count","Sighting"," ","NA","uuid:dd18bba3-5157-47bb-8225-2580f3f81adc"
"Kshama Bhat","Kshama","10Mar2021_16:39",2021-03-10,16:39,10.3301715,76.9599024,1042,5.7,"Valparai_Cooperative_Colony","Settlement_Human","Stripe_necked_Mongoose",1,"Partial_count","Sighting"," ","19Z35684X12Sr-sbQXEK89m5wpsl3gSkp.jpg","uuid:bfc0150a-c806-40b1-91f2-641b93bbc35c"
"Kshama Bhat","Kshama","10Mar2021_16:40",2021-03-10,16:36,10.3301685,76.9599109,1042,10.7,"Valparai_Cooperative_Colony","Settlement_Human","Brown_Mongoose",3,"Partial_count","Sighting"," ","NA","uuid:2a2937aa-6bf7-403a-9336-deeaf85f5453"
"Srinivasan Kasinathan","Srini","15Mar2021_12:20",2021-03-15,12:20,10.3763163,76.9931571,344,2563.0,"Kavarkal_to_40th_bend","Rainforest","Tiger",1,"Total_count","Sign_Dropping","On 37thHPB Phenology trail","1agUaGKiPRhebRgUmDZj9GkMmRSTikCA6.jpg","uuid:852682e1-0cac-4f7c-831f-e1cf7247a088"
"Kshama Bhat","Kshama","16Mar2021_10:04",2021-03-16,10:04,10.3594245,76.8882521,759,8.6,"Manambolly","Rainforest","Lion_tailed_Macaque",5,"Partial_count","Sighting","Calling","NA","uuid:c88afb02-5c8e-47ad-94ea-d100eea9edbd"
"Kshama Bhat","Kshama","16Mar2021_10:37",2021-03-16,10:37,10.3587780,76.8885853,697,9.6,"Manambolly","Rainforest","Leopard",1,"Partial_count","Sign_Vocalisation"," ","NA","uuid:84c7cdc9-a615-44c4-9204-806182dcc184"
"Srinivasan Kasinathan","Srini","16Mar2021_10:29",2021-03-16,10:29,10.3489136,76.8976005,"NA",500.0,"Manambolly","Rainforest","Lion_tailed_Macaque",4,"Partial_count","Sighting","Near our Phenology lower trail","NA","uuid:6b143a2e-a4e3-4845-a402-adf2f981ace5"
"Srinivasan Kasinathan","Srini","17Mar2021_12:03",2021-03-17,12:03,10.3162905,76.8353560,"NA",500.0,"Candura","Rainforest_Fragment","Gaur",25,"Partial_count","Sighting"," ","NA","uuid:e153a681-0ee4-4063-ba2e-1ee95849b0d3"
"Srinivasan Kasinathan","Srini","21Mar2021_13:09",2021-03-21,13:09,10.3162905,76.8353560,"NA",500.0,"Candura","Rainforest_Fragment","Lion_tailed_Macaque",3,"Partial_count","Sighting"," ","NA","uuid:335c576e-a351-45f1-99c7-acc5f1b953da"
"Srinivasan Kasinathan","Srini","25Mar2021_12:26",2021-03-25,12:26,10.3904119,76.9856509,"NA",500.0,"Kavarkal","Rainforest","Elephant",1,"Partial_count","Sighting"," ","NA","uuid:0bd75024-fce3-44bc-8b2b-a69450bec94b"
"Srinivasan Kasinathan","Srini","30Mar2021_09:26",2021-03-30,09:26,10.3698531,76.9936143,"NA",500.0,"Akkamalai","Rainforest","Nilgiri_Marten",1,"Total_count","Sighting"," ","NA","uuid:e78d61aa-41d5-4835-8de2-d74f37dee559"
"Kshama Bhat","Kshama","30Mar2021_09:19",2021-03-30,09:19,10.3428717,77.0110402,1340,5.6,"Akkamalai","Rainforest","Nilgiri_Marten",1,"Partial_count","Sighting"," ","NA","uuid:a7ecb00e-e0b9-460c-b8e4-0205e5545bd3"
"Kshama Bhat","Kshama","30Mar2021_09:33",2021-03-30,09:33,10.3435916,77.0106215,1344,4.3,"Akkamalai","Rainforest","Malabar_Giant_Squirrel",1,"Partial_count","Sign_Vocalisation"," ","NA","uuid:e7259c35-6b9b-4353-bf30-90e7e5a5d578"
"Kshama Bhat","Kshama","30Mar2021_10:12",2021-03-30,10:12,10.3447794,77.0089993,1357,8.0,"Akkamalai","Rainforest","Barking_Deer",1,"Partial_count","Sign_Vocalisation"," ","NA","uuid:60328781-adf8-4251-b0bd-b478272f5213"
"Kshama Bhat","Kshama","30Mar2021_10:22",2021-03-30,10:22,10.3449739,77.0089666,1355,5.8,"Akkamalai","Rainforest","Nilgiri_Langur",2,"Partial_count","Sign_Vocalisation"," ","NA","uuid:e8815271-6aa2-47f5-93b9-b8cd0bb445fb"
"Kshama Bhat","Kshama","02Apr2021_08:59",2021-04-02,08:59,10.3585603,76.8879102,718,8.6,"Manambolly","Rainforest","Bonnet_Macaque",2,"Partial_count","Sighting"," ","NA","uuid:7841a9d6-3194-4c27-9c0a-c92582c245e0"
"Kshama Bhat","Kshama","02Apr2021_10:45",2021-04-02,10:45,10.3593043,76.8913434,739,7.0,"Manambolly","Rainforest","Lion_tailed_Macaque",3,"Partial_count","Sighting"," ","NA","uuid:7dc8c57b-ab38-471d-9837-d8ffda7cf192"
"Kshama Bhat","Kshama","02Apr2021_10:46",2021-04-02,10:46,10.3593269,76.8913340,696,9.6,"Manambolly","Rainforest","Malabar_Giant_Squirrel",1,"Partial_count","Sighting"," ","NA","uuid:88a1d460-820e-4a18-a7a7-ae4ac85f54fa"
"Srinivasan Kasinathan","Srini","16Apr2021_08:50",2021-04-16,08:44,10.3489136,76.8976005,"NA",500.0,"Manambolly","Rainforest","Elephant",3,"Total_count","Sighting"," ","NA","uuid:db3d4b93-0286-4afa-9467-19c613f93edb"
"Srinivasan Kasinathan","Srini","30Mar2021_09:27",2021-04-04,10:37,10.3162905,76.8353560,"NA",500.0,"Candura","Rainforest_Fragment","Barking_Deer",1,"Total_count","Sighting"," ","NA","uuid:9ca979d5-2755-4842-94fa-74db1ce17cd7"
"Srinivasan Kasinathan","Srini","16Apr2021_11:10",2021-04-16,11:11,10.3476588,76.8979263,"NA",500.0,"Savamalai","Road","Lion_tailed_Macaque",1,"Partial_count","Sighting"," ","NA","uuid:47538af6-c303-4b53-88fb-a9613878ffce"
"Kshama Bhat","Kshama","09Apr2021_14:36",2021-04-09,14:36,10.2644061,76.8931229,1089,3.3,"Sangili_road","Rainforest_Fragment","Malabar_Giant_Squirrel",1,"Partial_count","Sighting"," ","NA","uuid:e0394968-7010-43fc-bb40-20c6231a67c3"
"Ganesh Raghunathan","Kshama","05Apr2021_12:50",2021-04-05,12:50,10.3302210,76.9600036,"NA",500.0,"Puthuthottam","Road","Lion_tailed_Macaque",1,"Total_count","Roadkill","Location 10.338598, 76.963669","1uqRi3Hw1L3pFUCwMsCFXqvS6OK76a9V-.jpg","uuid:52e28f35-2a62-492a-9d7f-4920b6be6504"
"Kshama Bhat","Kshama","12May2021_09:12",2021-05-12,09:12,10.3575163,76.8900443,756,6.4,"Manambolly","Rainforest","Malabar_Giant_Squirrel",2,"Partial_count","Sighting"," ","NA","uuid:90d94288-ebb9-4a6b-9ad4-a4c7f48589fc"
"Kshama Bhat","Kshama","12May2021_09:48",2021-05-12,09:48,10.3574886,76.8899355,747,12.9,"Manambolly","Rainforest","Nilgiri_Langur",1,"Partial_count","Sign_Vocalisation"," ","NA","uuid:70a85d75-a526-45ea-987b-c2e363ac687f"
"Kshama Bhat","Kshama","12May2021_13:01",2021-05-12,13:01,10.3409924,76.9036576,984,4.3,"Urulikal","Edge","Nilgiri_Langur",9,"Partial_count","Sighting"," ","NA","uuid:766f8155-5c9b-42b8-8c6c-ede86ff8b994"
"Kshama Bhat","Kshama","13May2021_07:48",2021-05-13,07:48,10.3092474,76.8367583,820,7.0,"Candura","Riverine","Nilgiri_Langur",5,"Partial_count","Sighting"," ","NA","uuid:829a415b-6483-4dd4-9ba5-0f083afb2360"
"T R Shankar Raman","trsraman","11Mar2021_05:54",2021-03-11,05:54,10.3386916,76.9647398,"NA","NA","Puthuthottam","Rainforest_Fragment","Sambar",3,"Total_count","Sighting","Ad female, sa, juv","NA","uuid:cd787eb6-b276-4728-8e00-20b7b1a6019b"
"T R Shankar Raman","trsraman","11Mar2021_09:03",2021-03-11,09:03,10.3222885,76.9823702,1025,66.5,"Vellamalai","Tea_Plantation","Gaur",40,"Total_count","Sighting","Approx","NA","uuid:ee06e613-1052-4c35-8a51-bd9239bd67e8"
"T R Shankar Raman","trsraman","14Mar2021_07:07",2021-03-14,07:07,10.4490014,76.9838582,"NA","NA","9_to_12_bend","other, Cliff","Nilgiri_Tahr",3,"Partial_count","Sighting","M, f, young","NA","uuid:5168876d-eaee-4539-ad7d-16a8c72b8ae1"
"T R Shankar Raman","trsraman","14Mar2021_07:09",2021-03-14,07:06,10.4503401,76.9841070,"NA","NA","9_to_12_bend","other, Dry forest","Bonnet_Macaque",18,"Partial_count","Sighting"," ","NA","uuid:5e9d07f5-c6e5-4988-bf0d-93076f14823a"
"T R Shankar Raman","trsraman","17May2021_07:00",2021-05-16,22:00,10.3302431,76.9602193,"NA","NA","Valparai_Cooperative_Colony","Settlement_Human","Leopard",1,"Partial_count","Sign_Vocalisation"," ","14jy_fJqODC6v6vafahd70aOUIZsWIfak.jpg","uuid:025c749a-2e5e-4616-bc61-0599bba1f51a"
"Kshama Bhat","Kshama","17May2021_15:39",2021-05-17,15:39,10.3583657,76.9352512,928,7.5,"Varattuparai","Coffee_Plantation","Lion_tailed_Macaque",12,"Partial_count","Sighting","Eating jackfruit","NA","uuid:94e8590d-07a5-4372-999f-bebe66b515f2"
"Kshama Bhat","Kshama","30Jun2021_13:30",2021-06-30,13:30,10.3501731,76.9351146,1011,8.0,"Old_Valparai","Coffee_Plantation","Nilgiri_Langur",1,"Partial_count","Roadkill"," ","1lcRghrnrAodYtONSJZECHKuL6JQH1oVA.jpg","uuid:0aa50397-679a-4ab9-936e-a39427e5d362"
"T R Shankar Raman","trsraman","20Jun2021_07:46",2021-06-20,07:46,10.3417039,76.9693351,"NA","NA","Puthuthottam","Rainforest_Fragment","Barking_Deer",2,"Total_count","Sighting","Both adult female","NA","uuid:f4654b0d-36e8-4f6f-9211-c5f884e3d0ba"
"T R Shankar Raman","trsraman","24Jun2021_10:13",2021-06-24,10:13,10.3594922,76.8886722,676,22.3,"Manambolly","Rainforest","Barking_Deer",1,"Total_count","Sighting","Male in hard antler","NA","uuid:68c506d2-e93a-40a0-9826-9d6e570c8e72"
"T R Shankar Raman","trsraman","24Jun2021_14:19",2021-06-24,14:19,10.4237112,76.8541387,623,8.5,"Varagaliar","other, Teak plantation","Sambar",1,"Total_count","Sighting","Adult velvet antlered male 2nd fork. Brow fork, next fork on main tune just forming.","NA","uuid:b70b7111-d6a1-42be-a67a-95cc90884f76"
"T R Shankar Raman","trsraman","24Jun2021_14:19",2021-06-24,14:19,10.4237112,76.8541387,623,8.5,"Varagaliar","other, Teak plantation","Sambar",1,"Total_count","Sighting","Adult velvet antlered male 2nd fork. Brow fork, next fork on main tune just forming.","NA","uuid:b70b7111-d6a1-42be-a67a-95cc90884f76"
"Kshama Bhat","Kshama","08Jul2021_16:25",2021-07-08,16:25,10.3443292,76.9351198,1020,6.4,"Selaliparai","Road","Dusky_striped_Squirrel",1,"Total_count","Roadkill"," ","11FT0zBpYhPqHiiFI3nQ0QCYL2cvsavqj.jpg","uuid:6ba13520-62d7-468a-8c97-9e2443a79a5c"
"Srinivasan Kasinathan","Srini","20Apr2021_12:00",2021-04-20,12:00,10.3695740,76.9940840,"NA",500.0,"Other","Rainforest","Lion_tailed_Macaque",1,"Partial_count","Sighting"," ","NA","uuid:32ffe00d-d31f-4bd8-b925-5617dd87c09f"
"Srinivasan Kasinathan","Srini","20Apr2021_17:40",2021-04-20,17:40,10.3530734,76.9492581,"NA",500.0,"Varattuparai","Coffee_Plantation","Lion_tailed_Macaque",20,"Partial_count","Sighting"," ","NA","uuid:0a626338-3b56-4f49-87e8-29bad69d1bb1"
"Srinivasan Kasinathan","Srini","02May2021_18:11",2021-05-02,18:11,10.3541265,76.9990342,"NA",500.0,"Karumalai","Tea_Plantation","Gaur",3,"Partial_count","Sighting"," ","NA","uuid:c5c245e9-33c5-40c1-b54a-7573c36ef1cb"
"Srinivasan Kasinathan","Srini","09Jun2021_14:34",2021-06-09,14:34,10.3530734,76.9492581,"NA",500.0,"Varattuparai","Swamp","Gaur",2,"Partial_count","Sighting","Near the Rainforest Nursery","NA","uuid:a4e197d2-0a32-492b-9227-06615491c01d"
"Srinivasan Kasinathan","Srini","16Jun2021_13:02",2021-06-16,13:02,10.3530734,76.9492581,"NA",500.0,"Varattuparai","Coffee_Plantation","Nilgiri_Langur",4,"Partial_count","Sighting","Towards Anali road","NA","uuid:f9de0781-2314-462b-bc00-f84f4e1e1f5a"
"Srinivasan Kasinathan","Srini","16Jun2021_13:03",2021-06-16,13:03,10.3530734,76.9492581,"NA",500.0,"Varattuparai","Coffee_Plantation","Malabar_Giant_Squirrel",1,"Total_count","Sighting","Towards Anali road eating Jack fruits","NA","uuid:504e267c-881c-4f6a-a405-c68cd00ed1bf"
"Srinivasan Kasinathan","Srini","16Jul2021_10:10",2021-07-16,10:10,10.3489136,76.8976005,"NA",500.0,"Manambolly","Rainforest","Barking_Deer",1,"Total_count","Sign_Vocalisation"," ","NA","uuid:1291e27e-f97d-4727-b461-643b3d890b7e"
"Srinivasan Kasinathan","Srini","03Aug2021_12:46",2021-08-03,12:46,10.3564192,76.8901944,695,30.1,"Manambolly","Rainforest","Malabar_Giant_Squirrel",1,"Total_count","Sign_Vocalisation"," ","NA","uuid:c4065ded-ac51-4cdb-8423-a9f18320603c"
"Kshama Bhat","Kshama","07Sep2021_10:16",2021-09-07,10:12,10.3530734,76.9492581,"NA",500.0,"Varattuparai","Coffee_Plantation","Nilgiri_Langur",3,"Partial_count","Sighting","Also vocalizing","NA","uuid:ec118e20-cf58-4dd1-a1d8-3cebf728b8b6"
"Srinivasan Kasinathan","Srini","09Oct2021_15:45",2021-10-09,15:45,10.3663857,76.9852997,1117,16.6,"Iyerpadi","Tea_Plantation","Gaur",7,"Partial_count","Sighting","Near ANIC","NA","uuid:78ba3d6e-8aab-4e8e-a7c0-8be98ca64b13"
"Srinivasan Kasinathan","Srini","13Oct2021_17:08",2021-10-13,17:08,10.3536665,76.9372787,943,11.9,"Varattuparai","Coffee_Plantation","Gaur",11,"Partial_count","Sighting"," ","NA","uuid:34425821-75d5-4af9-8165-df9ba3981185"
"Srinivasan Kasinathan","Srini","14Oct2021_23:19",2021-10-14,23:19,10.3535155,76.9724062,"NA","NA","Puthuthottam","Road","Mouse_Deer",1,"Total_count","Sighting"," ","NA","uuid:30bea139-7c2a-4dfd-823d-fc86b0188eda"
"Srinivasan Kasinathan","Srini","15Oct2021_09:38",2021-10-15,09:38,10.3878750,76.9979398,"NA","NA","Kavarkal","Rainforest","Elephant",3,"Partial_count","Sighting"," ","NA","uuid:d4566614-5021-4bd4-bf95-76f69a9578af"
"Srinivasan Kasinathan","Srini","15Oct2021_10:40",2021-10-15,10:40,10.3942324,76.9915991,"NA","NA","Andiparai","Rainforest","Lion_tailed_Macaque",7,"Partial_count","Sighting"," ","NA","uuid:673d7ca5-3e0c-486b-8d98-9a6766f8dd96"
"Srinivasan Kasinathan","Srini","15Oct2021_11:55",2021-10-15,11:55,10.3683591,76.9964158,1261,13.4,"Kavarkal_to_40th_bend","Rainforest","Malabar_Giant_Squirrel",1,"Total_count","Sign_Vocalisation","Near 36th HPB Phenology","NA","uuid:af4346f4-948c-4824-8ad2-acecfd5e3b0c"
"Srinivasan Kasinathan","Srini","16Oct2021_09:35",2021-10-16,09:35,10.3571234,76.8876658,"NA","NA","Manambolly","Rainforest","Malabar_Giant_Squirrel",1,"Total_count","Sign_Vocalisation"," ","NA","uuid:065de7c2-000f-4337-88fc-93452fbed8ec"
"Srinivasan Kasinathan","Srini","18Oct2021_09:31",2021-10-18,09:31,10.3166898,76.8319414,935,6.7,"Candura","Rainforest_Fragment","Gaur",1,"Partial_count","Sighting"," ","NA","uuid:3ef04796-a001-48a7-bd07-7ccd16760a99"
"Srinivasan Kasinathan","Srini","18Oct2021_09:32",2021-10-18,09:32,10.3166430,76.8319587,897,9.1,"Candura","Rainforest_Fragment","Nilgiri_Langur",1,"Total_count","Sign_Vocalisation","In Phenology trail","NA","uuid:64056fa9-ce1b-413e-ba94-c3f5543527c6"
"Srinivasan Kasinathan","Srini","18Oct2021_11:10",2021-10-18,11:10,10.3119063,76.8356241,831,3.8,"Candura","Rainforest_Fragment","Gaur",10,"Partial_count","Sighting","Near pepper boundary","NA","uuid:ed0dd372-5585-4482-9352-8ecb9557aec8"
"Srinivasan Kasinathan","Srini","21Oct2021_06:56",2021-10-21,06:56,10.3746267,76.9946974,1276,6.7,"Kavarkal_to_40th_bend","Rainforest","Stripe_necked_Mongoose",1,"Total_count","Sighting"," ","NA","uuid:3775bc64-7126-4758-bac9-1b0749aaca27"
"Srinivasan Kasinathan","Srini","21Oct2021_07:29",2021-10-21,07:29,10.4507407,76.9840825,"NA","NA","9_to_12_bend","Road","Nilgiri_Tahr",1,"Partial_count","Sighting","On Rocky cliff","NA","uuid:3be5bd00-3405-4fa4-bf32-329535e75443"
"T R Shankar Raman","trsraman","20Sep2021_07:11",2021-09-20,07:11,10.3633650,76.9814536,"NA","NA","Iyerpadi","Tea_Plantation","Stripe_necked_Mongoose",1,"Total_count","Sighting"," ","NA","uuid:db56de2f-3b2b-46c4-b11c-1ba985f70fff"
"Divya Mudappa","trsraman","05Nov2021_14:33",2021-11-05,12:30,10.3389557,76.9649517,"NA","NA","Puthuthottam","Rainforest_Fragment","Lion_tailed_Macaque",1,"Total_count","Death","Hanging from tree by 2 legs, slpwly slipped and fell... We tried to catch it, partly succeeded. Took to rescue centre, it later died.","NA","uuid:0f53699b-7b77-4396-b5d3-f98ae72beab4"
"Srinivasan Kasinathan","Srini","08Nov2021_09:25",2021-11-08,09:25,10.3392655,76.9662901,"NA","NA","Puthuthottam","Road","Stripe_necked_Mongoose",1,"Total_count","Sighting"," ","NA","uuid:52491ffb-3c41-4d13-861f-d7c92c650c79"
"Srinivasan Kasinathan","Srini","22Nov2021_10:52",2021-11-22,10:52,10.3573335,76.8898971,"NA","NA","Manambolly","Rainforest","Lion_tailed_Macaque",5,"Partial_count","Sighting","It was in LEMoN Plot","NA","uuid:c28a87c6-dc7c-4999-8cda-4dd26b26bcc2"
"Srinivasan Kasinathan","Srini","24Nov2021_21:57",2021-11-24,21:57,10.3673905,76.9930293,1158,6.1,"Kavarkal_to_40th_bend","Road","Leopard",1,"Total_count","Sighting","Crossing road","NA","uuid:65dfb541-90c1-4c5e-b43d-cd6c6bac7782"
"Srinivasan Kasinathan","Srini","26Nov2021_15:13",2021-11-26,15:13,10.3573236,76.8937808,696,12.7,"Manambolly","Rainforest","Gaur",5,"Partial_count","Sighting"," ","NA","uuid:22138a1e-b93d-422a-a95d-eafcf79c0d99"
"Srinivasan Kasinathan","Srini","26Nov2021_15:52",2021-11-26,15:52,10.3571415,76.8929951,"NA","NA","Manambolly","Rainforest","Monitor lizard",1,"Total_count","Sighting"," ","NA","uuid:806da539-1c5b-454d-a979-c4dee11197e6"
"Srinivasan Kasinathan","Srini","01Dec2021_10:48",2021-12-01,10:48,10.3690400,76.9940932,1292,33.7,"Kavarkal_to_40th_bend","Rainforest","Malabar_Giant_Squirrel",1,"Total_count","Sign_Vocalisation","36th HPB Phenology trail","NA","uuid:1018e620-56ac-4fdf-ab19-475861dbd625"
"Srinivasan Kasinathan","Srini","01Dec2021_11:02",2021-12-01,11:02,10.3688523,76.9954672,"NA","NA","Kavarkal_to_40th_bend","Rainforest","Nilgiri_Langur",3,"Partial_count","Sighting","36th HPB trail","NA","uuid:644ac2b5-9ec7-4b5b-9b4b-8e65a4fe32ea"
"Srinivasan Kasinathan","Srini","02Dec2021_09:43",2021-12-02,09:43,10.3573258,76.8870784,699,8.2,"Manambolly","Rainforest","Sambar",1,"Total_count","Sighting","On Lower trail Phenology","NA","uuid:34a6e3eb-9306-4091-9660-395ae37120ad"
"Srinivasan Kasinathan","Srini","02Dec2021_09:50",2021-12-02,09:50,10.3575699,76.8874482,"NA","NA","Manambolly","Rainforest","Malabar_Giant_Squirrel",2,"Total_count","Sign_Vocalisation","Near Lower Phenology trail","NA","uuid:0453a89c-b47d-48a6-b07c-5cc8b88dc90b"
"Srinivasan Kasinathan","Srini","02Dec2021_09:56",2021-12-02,09:56,10.3579235,76.8879465,"NA","NA","Manambolly","Rainforest","Nilgiri_Langur",5,"Partial_count","Sighting","Near Lower Phenology trail","NA","uuid:198b9609-06db-4272-a3ba-4c9c0ccc7fe3"
"Srinivasan Kasinathan","Srini","02Dec2021_10:03",2021-12-02,10:03,10.3586554,76.8880497,"NA","NA","Manambolly","Rainforest","Lion_tailed_Macaque",1,"Partial_count","Sighting","Eating cullenia fruits on tree near the lower Phenology trail","NA","uuid:b545e130-ad09-4a27-b4e1-8414480b06cb"
"Srinivasan Kasinathan","Srini","02Dec2021_11:16",2021-12-02,11:16,10.3597830,76.8904801,"NA","NA","Manambolly","Rainforest","Malabar_Giant_Squirrel",1,"Total_count","Sighting"," ","NA","uuid:b875c230-29ec-46e8-8b61-a2accbe99c6b"
"Srinivasan Kasinathan","Srini","02Dec2021_13:04",2021-12-02,13:04,10.3476377,76.9012840,888,7.4,"Savamalai","Rainforest","Lion_tailed_Macaque",8,"Partial_count","Sighting"," ","NA","uuid:93e74311-9a9e-4430-bb7e-5a45538daaeb"
"Srinivasan Kasinathan","Srini","02Dec2021_20:41",2021-12-02,20:41,10.3604187,76.9773467,1047,3.8,"Rottikadai","Road","Leopard",1,"Total_count","Sighting","Crossing road near ADS center","NA","uuid:228309d3-f5a5-434e-ada0-0bf9f12fbc0a"
"Srinivasan Kasinathan","Srini","05Dec2021_20:36",2021-12-05,20:36,10.3376707,76.9630947,1015,19.0,"Puthuthottam","Coffee_Plantation","Mouse_Deer",1,"Total_count","Sighting"," ","NA","uuid:3ed7792b-1e6b-497f-831f-3db199ea88a5"
"Srinivasan Kasinathan","Srini","07Dec2021_13:02",2021-12-07,13:02,10.2984517,76.8422530,"NA","NA","Other","other, Candura back water","Smooth_coated_Otter",3,"Partial_count","Sighting"," ","NA","uuid:40c3f59f-fcd6-4b9e-9e02-6a8a78c01fb1"
"Srinivasan Kasinathan","Srini","08Dec2021_10:39",2021-12-08,10:39,10.2786851,77.0090502,1085,5.5,"Periyakallar","Tea_Plantation","Gaur",1,"Total_count","Sighting"," ","NA","uuid:a89315a1-3095-4e14-92e7-5d35df0be0bb"
"Srinivasan Kasinathan","Srini","15Dec2021_09:36",2021-12-15,09:36,10.3944827,76.9959255,"NA","NA","Andiparai","Rainforest","Malabar_Giant_Squirrel",2,"Total_count","Sign_Vocalisation"," ","NA","uuid:2b468427-f718-43b9-8508-e367566edf63"
"Srinivasan Kasinathan","Srini","18Dec2021_19:58",2021-12-18,19:58,10.3637894,76.9771351,1126,7.0,"Iyerpadi","Tea_Plantation","Leopard",2,"Total_count","Sighting","Fighting each other","NA","uuid:05d74723-dac3-4e61-b60e-7f1636bf9173"
"Srinivasan Kasinathan","Srini","20Dec2021_08:30",2021-12-20,08:30,10.3110439,76.8356688,821,6.8,"Candura","Tea_Plantation","Gaur",20,"Partial_count","Sighting","Murugali field no 2 near our 2019 restoration plot","1Dcv1K6LDN4P5I7_UKPX3G3OBk79iZJH-.jpg","uuid:639f328c-f327-4e2b-806f-c4ae933fdcdc"
"Srinivasan Kasinathan","Srini","22Dec2021_09:35",2021-12-22,08:35,10.3120551,76.8356779,835,3.8,"Candura","Tea_Plantation","Elephant",7,"Total_count","Sighting","In the field number 2 tea field. First spotted by Arun.","NA","uuid:b44b07f0-97a8-44c8-bd84-1b9c4b143379"
"Srinivasan Kasinathan","Srini","01Jan2022_13:29",2022-01-01,13:29,10.3739698,76.9926827,"NA","NA","Kavarkal_to_40th_bend","Rainforest","Elephant",1,"Partial_count","Sign_Vocalisation","On 37th Phenology trail","NA","uuid:7bb25921-fe37-471a-b663-665199ee6279"
"T R Shankar Raman","trsraman","08Dec2021_07:24",2021-12-08,07:22,10.3143691,76.9560598,"NA","NA","Sirukundra","Swamp","Stripe_necked_Mongoose",1,"Total_count","Sighting"," ","NA","uuid:00fb9780-9f00-4897-97cd-b4580cf0e75f"
"Srinivasan Kasinathan","Srini","04Jan2022_13:10",2022-01-04,13:10,10.3154635,76.8307851,871,11.5,"Candura","Rainforest","Lion_tailed_Macaque",2,"Partial_count","Sighting","Spoted in Kerala side of the Phenology trail","NA","uuid:beb9bf90-98c9-49e8-85e0-2edafd7f9eec"
"Srinivasan Kasinathan","Srini","04Jan2022_13:27",2022-01-04,13:27,10.3148086,76.8309466,894,16.9,"Candura","Rainforest","Monitor lizard",1,"Total_count","Sighting"," ","NA","uuid:179127e9-d328-43b4-8ddb-e65228da1929"
"Srinivasan Kasinathan","Srini","31Jan2022_16:26",2022-01-31,16:26,10.3489932,76.9936715,1193,9.7,"Iyerpadi_top","Rainforest_Fragment","Nilgiri_Langur",5,"Partial_count","Sighting"," ","NA","uuid:0a10d4d9-4973-4208-9488-23507af1f530"
"Srinivasan Kasinathan","Srini","02Feb2022_09:26",2022-02-02,09:26,10.3558206,76.9468612,1022,11.8,"Club_road","Road","Black_Naped_Hare",1,"Total_count","Roadkill"," ","1fpcgNv5l2URS7VsKGxkVfhVqz681T3nN.jpg","uuid:736e6c14-dcf7-4922-9af1-df2acf6685f1"
"Srinivasan Kasinathan","Srini","08Feb2022_13:06",2022-02-08,13:06,10.3507150,76.9318636,956,14.4,"Varattuparai","Coffee_Plantation","Malabar_Giant_Squirrel",1,"Total_count","Sighting"," ","NA","uuid:d0c23650-72f0-4003-ad9d-6dc651fdbf39"
"Srinivasan Kasinathan","Srini","08Feb2022_13:07",2022-02-08,13:07,10.3510009,76.9318165,950,7.2,"Varattuparai","Coffee_Plantation","Nilgiri_Langur",1,"Partial_count","Sighting"," ","NA","uuid:a40049ee-219b-4990-92b5-668688ee3632"
"Srinivasan Kasinathan","Srini","09Feb2022_08:50",2022-02-09,08:50,10.3581181,76.9721075,"NA","NA","Rottikadai","Road","Stripe_necked_Mongoose",1,"Total_count","Sighting"," ","NA","uuid:a335d2e5-d7e4-4424-8206-08821e633c71"
"Srinivasan Kasinathan","Srini","16Feb2022_10:54",2022-02-16,10:54,10.3574621,76.8829817,"NA","NA","Manambolly","Rainforest","Sambar",1,"Total_count","Sighting"," ","NA","uuid:d81700fd-e7c3-432f-ae25-ada65a92ae52"
"Srinivasan Kasinathan","Srini","16Feb2022_10:58",2022-02-16,09:25,10.3589793,76.8885675,655,8.1,"Manambolly","Rainforest","Elephant",4,"Total_count","Sighting"," ","NA","uuid:a396b3a7-a834-40ae-8403-7044cb16915e"
"G. Moorthi","G. Moorthi","16Feb2022_11:48",2022-02-16,11:48,10.3592075,76.8894711,706,8.3,"Manambolly","Rainforest","Barking_Deer",1,"Total_count","Sighting","Sundar, Akhil, Arjun and Sundar","NA","uuid:41034931-6faf-4a64-b82a-e97cf4f1cb7d"
"Srinivasan Kasinathan","Srini","16Feb2022_13:42",2022-02-16,13:42,10.3482818,76.8978888,872,9.3,"Manambolly","Rainforest","Lion_tailed_Macaque",6,"Partial_count","Sighting"," ","NA","uuid:cdc07eb4-cabe-43d6-86bc-bf890ac65c44"
"Srinivasan Kasinathan","Srini","25Feb2022_09:58",2022-02-25,09:58,10.2885468,77.0105254,999,8.6,"Periyakallar","Rainforest_Fragment","Nilgiri_Marten",1,"Total_count","Sighting","Along with Murthy, Rajesh, Kshama and Akhil","NA","uuid:4398759d-f3d5-4291-b17c-e8d1a1dec6fc"
"Srinivasan Kasinathan","Srini","28Feb2022_13:02",2022-02-28,13:02,10.3449901,76.9715748,1077,8.6,"Puthuthottam","Coffee_Plantation","Barking_Deer",1,"Total_count","Sighting"," ","NA","uuid:4f3086ec-1f45-426c-856e-19c82b932903"
"Srinivasan Kasinathan","Srini","07Mar2022_09:56",2022-03-07,09:56,10.3848544,76.9306688,778,30.5,"Other","Rainforest","Lion_tailed_Macaque",7,"Partial_count","Sighting","Ayyankulum Parai","NA","uuid:4ef85d64-0b76-439c-954e-24c65a722586"
"T R Shankar Raman","trsraman","17Feb2022_14:54",2022-03-06,05:40,10.3388687,76.9672436,"NA","NA","Puthuthottam","Rainforest_Fragment","Sambar",5,"Total_count","Sighting","Along road","NA","uuid:a1cf8a58-cab8-4b8d-a54f-332c50bada41"
"T R Shankar Raman","trsraman","06Mar2022_05:44",2022-03-06,05:42,10.3413335,76.9691899,"NA","NA","Puthuthottam","Rainforest_Fragment","Sambar",3,"Total_count","Sighting"," ","NA","uuid:06365727-9d30-4625-9eed-8763145a6e1b"
"T R Shankar Raman","trsraman","06Mar2022_05:52",2022-03-06,05:52,10.3646391,76.9777000,1051,8.6,"Iyerpadi","Tea_Plantation","Black_Naped_Hare",1,"Total_count","Sighting"," ","NA","uuid:803b72ee-43fe-4054-b77c-5d545917279f"
"T R Shankar Raman","trsraman","10Mar2022_06:22",2022-03-10,06:18,10.3355908,76.9632468,"NA","NA","PAP_Colony","Settlement_Human","Small_Indian_Civet",1,"Total_count","Roadkill","On bridge at edge of PAP. Food waste dumped nearby.","NA","uuid:4475e1d6-ae9b-4961-91e3-c6759a3fa044"
"T R Shankar Raman","trsraman","10Mar2022_06:32",2022-03-10,06:32,10.3643420,76.9825411,1004,12.9,"Iyerpadi","Tea_Plantation","Stripe_necked_Mongoose",1,"Total_count","Sighting"," ","NA","uuid:3733f162-111f-495d-ac25-9e07d588ddcf"
"Srinivasan Kasinathan","Srini","13Mar2022_18:14",2022-03-13,18:14,10.4490021,76.9828629,694,12.1,"9_to_12_bend","Road","Nilgiri_Tahr",1,"Total_count","Sighting"," ","NA","uuid:cd278f2c-136a-406e-8cb1-898ec59be513"
"Srinivasan Kasinathan","Srini","15Mar2022_15:28",2022-03-15,15:28,10.4218317,76.8313808,641,9.5,"Anaikundhi_Shola","Rainforest","Lion_tailed_Macaque",1,"Partial_count","Sign_Vocalisation"," ","NA","uuid:7f96cc93-c35f-4c06-86b8-f58c1a2e9853"
"Srinivasan Kasinathan","Srini","17Mar2022_09:37",2022-03-17,09:37,10.4135920,76.8822217,652,9.0,"Varagaliar","Rainforest","Malabar_Giant_Squirrel",1,"Total_count","Sighting"," ","NA","uuid:8f044ac7-25d7-40fb-a939-0be47a90fa78"
"Srinivasan Kasinathan","Srini","01Apr2022_19:12",2022-04-01,07:41,10.4486328,76.9833767,710,9.3,"9_to_12_bend","Road","Nilgiri_Tahr",1,"Total_count","Sighting","Male","NA","uuid:42b3c08e-5a85-4f88-a379-d152b5c4bcdb"
"Srinivasan Kasinathan","Srini","07Apr2022_08:01",2022-04-07,08:01,10.4511601,76.9817933,577,10.3,"1_to_4_bend","Road","Mouse_Deer",1,"Total_count","Roadkill"," ","1UD5bgPetGwsyBMgC3Cfxrxm57jyZK3Pn.jpg","uuid:1931d0de-b7fb-403c-b862-3b256f4b6233"
"Srinivasan Kasinathan","Srini","15Apr2022_09:13",2022-04-15,09:13,10.3935947,76.9936619,1133,9.1,"Andiparai","Rainforest","Malabar_Giant_Squirrel",1,"Total_count","Sighting","Eating Cullenia flowers","NA","uuid:3872e26f-4692-43d2-867c-882aaa3859d2"
"Srinivasan Kasinathan","Srini","15Apr2022_10:37",2022-04-15,10:37,10.3693948,76.9937808,1261,7.4,"Kavarkal_to_40th_bend","Rainforest","Lion_tailed_Macaque",2,"Partial_count","Sighting"," ","NA","uuid:ceec9965-053d-421b-89db-3c838fb61f45"
"Srinivasan Kasinathan","Srini","16Apr2022_14:14",2022-04-16,14:14,10.3490584,76.9346397,973,12.9,"Old_Valparai","Road","Lion_tailed_Macaque",10,"Partial_count","Sighting"," ","NA","uuid:19755f04-abf1-454e-8951-56b31e8ea38c"
"Srinivasan Kasinathan","Srini","23Apr2022_08:45",2022-04-23,08:45,10.3443822,76.9694869,1036,9.1,"Puthuthottam","Road","Barking_Deer",2,"Total_count","Sighting"," ","NA","uuid:5bb6cf95-cb71-41df-b573-3936ac345539"
"Srinivasan Kasinathan","Srini","27Apr2022_17:51",2022-04-27,17:51,10.3572417,76.9502928,1015,4.7,"Club_road","other, Club road hill","Elephant",1,"Total_count","Sighting"," ","NA","uuid:c0767d7d-f09e-4771-8c17-70ff71cf6adf"
"Srinivasan Kasinathan","Srini","27Apr2022_17:53",2022-04-27,17:53,10.3572169,76.9503064,1019,5.2,"Club_road","other, Club road hill","Sambar",5,"Partial_count","Sighting"," ","NA","uuid:2cff46bd-8c6e-4c38-adcb-6ae34acb8ddf"
"Srinivasan Kasinathan","Srini","10May2022_08:36",2022-05-10,08:36,10.4493137,76.9839310,"NA","NA","9_to_12_bend","Road","Nilgiri_Tahr",5,"Partial_count","Sighting"," ","NA","uuid:356afc63-b0f6-4cf6-808f-04258a288492"
"Srinivasan Kasinathan","Srini","13May2022_11:21",2022-05-13,11:21,10.3089780,76.8334856,793,8.9,"Candura","Rainforest_Fragment","Lion_tailed_Macaque",3,"Partial_count","Sighting","Inside the LEMoN plot","NA","uuid:e362bb02-e3e5-463f-9162-40ee80136b23"
"Srinivasan Kasinathan","Srini","20May2022_07:20",2022-05-20,07:21,10.3648600,76.9795721,"NA","NA","Iyerpadi","Tea_Plantation","Barking_Deer",1,"Total_count","Sighting"," ","NA","uuid:7a0a862d-34d2-42be-bc40-a728dbcf926e"
"Srinivasan Kasinathan","Srini","31May2022_08:31",2022-05-31,08:31,10.3635531,76.9812819,1087,5.7,"Iyerpadi","Road","Barking_Deer",2,"Total_count","Sighting"," ","NA","uuid:2befa8ed-0646-40c2-a328-c87cd29df913"
"Srinivasan Kasinathan","Srini","03Jun2022_08:06",2022-06-03,08:06,10.3499142,76.9362105,1045,11.1,"Old_Valparai","Rainforest_Fragment","Nilgiri_Langur",4,"Partial_count","Sighting"," ","NA","uuid:a62f9040-fc89-4397-9a50-df48791c32a1"
"Srinivasan Kasinathan","Srini","04Jun2022_18:35",2022-06-04,18:35,10.4638999,76.9671335,225,5.6,"Aliyar","other, Aliyar dam","Elephant",23,"Total_count","Sighting"," ","NA","uuid:c285663b-57be-44cf-8d43-b37e5c7221e7"
"Srinivasan Kasinathan","Srini","20Jun2022_06:58",2022-06-19,08:24,10.4487337,76.9832557,"NA","NA","9_to_12_bend","Road","Nilgiri_Tahr",3,"Partial_count","Sighting"," ","NA","uuid:ca3faafb-cffb-457d-9bfa-fdf3f1f96f11"
"Srinivasan Kasinathan","Srini","04May2022_08:28",2022-05-04,08:28,10.4463187,76.9855416,"NA",500.0,"9_to_12_bend","Road","Nilgiri_Tahr",6,"Partial_count","Sighting","Lying on the road with tourists","NA","uuid:8adc9097-c5fb-4a43-9f8f-42895c8afac6"
"Srinivasan Kasinathan","Srini","24Jun2022_13:33",2022-06-24,13:33,10.3447638,76.9697914,1055,8.8,"Puthuthottam","Road","Barking_Deer",1,"Total_count","Sighting"," ","NA","uuid:23a55433-f866-4880-8984-932e605c6310"
"Srinivasan Kasinathan","Srini","24Jun2022_15:34",2022-06-24,15:34,10.4490615,76.9841057,"NA","NA","9_to_12_bend","Road","Nilgiri_Tahr",3,"Partial_count","Sighting"," ","NA","uuid:31686c8b-ec27-42f6-bd2c-a3bddbfa7e4c"
"Srinivasan Kasinathan","Srini","26Jun2022_18:03",2022-06-26,18:03,10.4637507,76.9668555,233,1671.5,"Aliyar","other, Aliyar dam","Elephant",23,"Total_count","Sighting"," ","NA","uuid:d8dce27e-6574-4b04-9920-4537f9648585"
"Srinivasan Kasinathan","Srini","03Jul2022_17:36",2022-07-03,17:36,10.2804002,76.9351949,1012,5.8,"Mudis","Road","Stripe_necked_Mongoose",1,"Total_count","Sighting"," ","NA","uuid:07c526ed-1d58-41a5-adc3-4f1773f6e184"
"Srinivasan Kasinathan","Srini","04Jul2022_11:53",2022-07-04,11:53,10.3089242,76.8385528,832,10.3,"Candura","Tea_Plantation","Porcupine",1,"Total_count","Death","Looks like Leopard killed porcupine","1qDkmGeWxdA-5-YGHzCTqU_RE3EHQIx4P.jpg","uuid:2869f92e-237f-4f11-837a-381540ad68bf"
"Dharmaraj","Dharmaraj","13Jul2022_10:33",2022-07-12,11:17,10.3399644,76.9666334,"NA","NA","Puthuthottam","Road","Barking_Deer",1,"Total_count","Roadkill"," ","NA","uuid:1b4fa9b1-b8cd-4140-b7c5-95e6cbd75141"
"Srinivasan Kasinathan","Srini","15Jul2022_11:02",2022-07-15,11:02,10.3704667,76.9941435,1253,2283.8,"Kavarkal_to_40th_bend","Rainforest","Lion_tailed_Macaque",5,"Partial_count","Sighting","In the 36th HPB phenology trail","NA","uuid:b9c5204c-87c5-42f3-951b-c89d0293a663"
"Srinivasan Kasinathan","Srini","16Jul2022_11:19",2022-07-16,11:19,10.3510264,76.8984564,"NA","NA","Manambolly","Rainforest","Barking_Deer",2,"Total_count","Sighting"," ","NA","uuid:094708d3-3523-48ba-a928-e009ff46d127"
"Srinivasan Kasinathan","Srini","18Jul2022_19:39",2022-07-18,19:39,10.3599086,76.9751059,"NA","NA","Rottikadai","Road","Leopard",1,"Total_count","Sighting","Crossing road","NA","uuid:094ef054-d943-487a-b410-ad7eb417c4f4"
"T R Shankar Raman","trsraman","05Jul2022_06:48",2022-07-05,06:48,10.4500100,76.9793645,"NA","NA","1_to_4_bend","other, Dry forest","Ruddy_Mongoose",1,"Total_count","Sighting","crossed road","NA","uuid:82d5e8af-d887-41ae-9b0e-3ca2f8f634de"
"Srinivasan Kasinathan","Srini","26Jul2022_07:48",2022-07-26,07:48,10.4348767,76.9904900,913,4.0,"Attakatti","Road","Nilgiri_Tahr",1,"Total_count","Sighting"," ","NA","uuid:0b1431bd-51dc-49ea-9829-65c8c97f23fd"
"Srinivasan Kasinathan","Srini","26Jul2022_17:39",2022-07-26,17:39,10.4622973,76.9666602,"NA","NA","Aliyar","Road","Common_Langur",3,"Total_count","Sighting"," ","NA","uuid:bfd7bb23-7477-40cb-b91f-2676202b883e"
"Srinivasan Kasinathan","Srini","29Jul2022_10:05",2022-07-29,10:05,10.4482306,76.9833557,"NA","NA","5_to_8_bend","Road","Nilgiri_Tahr",2,"Total_count","Sighting"," ","1vXQaULHLJKIAh5T5CNKlp5aYyTKkbnlV.jpg","uuid:95897968-0f96-469d-bbce-9b68d5023cb0"
"Srinivasan Kasinathan","Srini","05Aug2022_16:23",2022-08-05,16:23,10.4501484,76.9841776,203,17.6,"9_to_12_bend","Road","Nilgiri_Tahr",6,"Partial_count","Sighting","Including two small one","1pVfJZ2vdLQkqRcWJH-mGNYkncFK_QfRr.jpg","uuid:4e91830a-0c78-425a-803a-78fe47acb513"
"T R Shankar Raman","trsraman","27Jul2022_21:30",2022-07-27,21:31,10.3443917,76.9695517,"NA","NA","Puthuthottam","Rainforest_Fragment","Small_Indian_Civet",1,"Total_count","Sighting","ran across road","NA","uuid:b35bcd0d-a33a-4aa1-b9e9-481bd2e7674a"
"T R Shankar Raman","trsraman","10Aug2022_22:18",2022-08-10,22:18,10.3660070,76.9853510,1130,8.6,"Iyerpadi","Tea_Plantation","Small_Indian_Civet",1,"Total_count","Sighting"," ","NA","uuid:3a6ee49d-ecae-4b4f-9c8e-bfc39fa665b1"
"Divya Mudappa","trsraman","10Aug2022_23:06",2022-08-10,22:46,10.3380728,76.9688221,"NA","NA","Puthuthottam","Rainforest_Fragment","Large_Brown_Flying_Squirrel",4,"Total_count","Sighting","4 separate individuals seen from one side of moving car","NA","uuid:bfde193f-b32a-4429-a3e5-b5894536a760"
"Srinivasan Kasinathan","Srini","11Aug2022_09:02",2022-08-11,09:02,10.3641562,76.9797880,"NA","NA","Upper_Paralai","Tea_Plantation","Gaur",30,"Partial_count","Sighting","More than 30 in the tea field near the temple","NA","uuid:69e1e00b-8d82-4c49-ae0d-cd5ccfa99eb7"
"Srinivasan Kasinathan","Srini","12Aug2022_08:32",2022-08-12,08:32,10.3563863,76.8951438,708,8.8,"Manambolly","Coffee_Plantation","Barking_Deer",1,"Total_count","Sighting"," ","NA","uuid:d3e72f7c-4328-42cd-8289-cca06c7de1f4"
"Srinivasan Kasinathan","Srini","17Aug2022_09:42",2022-08-17,09:42,10.3576468,76.8875244,682,8.8,"Manambolly","Rainforest","Lion_tailed_Macaque",5,"Partial_count","Sighting"," ","NA","uuid:c3b33011-d4e5-471d-b09b-f66de66d1f7b"
"Srinivasan Kasinathan","Srini","17Aug2022_11:15",2022-08-17,11:15,10.3598618,76.8901973,693,3.9,"Manambolly","Rainforest","Nilgiri_Langur",3,"Partial_count","Sighting","Near Manambolly upper Phenolofy trail","NA","uuid:09133c42-2be7-4feb-a750-f1a82f69d960"
"Srinivasan Kasinathan","Srini","18Aug2022_12:40",2022-08-18,12:41,10.3073411,76.8346939,771,5.5,"Candura","Rainforest_Fragment","Mouse_Deer",1,"Total_count","Sighting"," ","NA","uuid:49a68dc2-3802-4067-aa61-167bb23dd411"
"Srinivasan Kasinathan","Srini","19Aug2022_08:38",2022-08-19,08:38,10.4016434,76.9917037,1167,7.5,"Andiparai","Rainforest","Lion_tailed_Macaque",10,"Partial_count","Sighting"," ","NA","uuid:7f024624-6586-4543-be50-33d54ef751d0"
"Srinivasan Kasinathan","Srini","20Aug2022_07:45",2022-08-20,07:45,10.3599336,76.9762852,1040,26.1,"Rottikadai","Swamp","Dhole",4,"Partial_count","Sighting"," ","NA","uuid:cfe50552-e6cd-4340-b065-eca96669b62f"
"Srinivasan Kasinathan","Srini","20Aug2022_07:47",2022-08-20,07:47,10.3599878,76.9762506,1040,9.8,"Rottikadai","Tea_Plantation","Stripe_necked_Mongoose",1,"Total_count","Sighting"," ","NA","uuid:913b70a4-2d63-48e7-a17b-1b163ea5e1e1"
"Srinivasan Kasinathan","Srini","20Aug2022_23:13",2022-08-20,23:13,10.4509207,76.9803945,531,7.4,"1_to_4_bend","Road","Small_Indian_Civet",1,"Total_count","Sighting"," ","NA","uuid:bea088c3-7e83-440b-b7f9-5cb2a550681b"
"Srinivasan Kasinathan","Srini","21Aug2022_16:58",2022-08-21,16:58,10.4507994,76.9827815,586,13.2,"5_to_8_bend","other, Rocky cliff","Nilgiri_Tahr",1,"Partial_count","Sighting"," ","NA","uuid:548d3fc3-40d9-4a7e-b108-2f54c332dd5c"
"Srinivasan Kasinathan","Srini","21Aug2022_21:18",2022-08-21,21:18,10.3644160,76.9775019,1131,8.0,"Iyerpadi","Road","Sambar",1,"Total_count","Sighting"," ","NA","uuid:9eb9be39-c28a-4554-8b58-8b8224b06a08"
"Srinivasan Kasinathan","Srini","25Aug2022_09:43",2022-08-25,09:43,10.3425611,76.9334337,998,8.7,"Selaliparai","Rainforest_Fragment","Barking_Deer",1,"Total_count","Sighting"," ","NA","uuid:db61a16c-44b2-4a1c-a5cd-5c5c1bae263e"
"Srinivasan Kasinathan","Srini","28Aug2022_10:50",2022-08-28,10:50,10.3590050,76.9292098,903,8.5,"Anali","Coffee_Plantation","Malabar_Giant_Squirrel",1,"Total_count","Sighting"," ","NA","uuid:0f39ef2d-8002-441a-bda5-525d091af85a"
"Srinivasan Kasinathan","Srini","29Aug2022_10:29",2022-08-29,10:29,10.3264004,76.9543479,"NA","NA","Valparai_town","Road","Lion_tailed_Macaque",1,"Total_count","Roadkill"," ","1YX1UYtIK9zu1t3G1eDLTUE0wXUv7HafU.jpg","uuid:901d9767-eb88-480d-895d-e7fc8ff069b4"
"Ganesh Raghunathan","Ganesh Raghunathan","29Aug2022_10:32",2022-08-29,06:34,10.3510455,76.9727254,"NA","NA","Iyerpadi","Road","Small_Indian_Civet",1,"Total_count","Roadkill","Near Iyerpadi garden hospital","1PgUn3UfXITMmrbAHnpbTelcTk3PzgiEp.jpg","uuid:522f99ae-04ad-4a96-b777-de0cb5ace455"
"Ganesh Raghunathan","Kshama","31Aug2022_07:54",2022-08-30,16:24,10.3516712,76.9610829,"NA",500.0,"Lower_Paralai","other, Grassland, rocky hill surrounded by tea and human settlement","Sloth_Bear",2,"Partial_count","Sighting","Anamalai club hill at coords 10.362590, 76.964069","NA","uuid:7878fcdd-36ca-4d56-9287-a1532553959b"
"Ganesh Raghunathan","Kshama","31Aug2022_21:34",2022-08-31,21:34,10.3698531,76.9936143,"NA",500.0,"Akkamalai","Rainforest","Elephant",2,"Partial_count","Sighting","GPS coords 10.3318910, 77.0230680","NA","uuid:633b3ccf-acaa-45cb-b32d-ac500a9e2809"
"Srinivasan Kasinathan","Srini","02Sep2022_08:59",2022-09-02,08:59,10.3482285,76.8979062,"NA","NA","Manambolly","Rainforest","Malabar_Giant_Squirrel",1,"Total_count","Sign_Vocalisation","Near Palaquium ravii Phenology patch","NA","uuid:102c008f-5ed3-4fa5-9237-d20416a691de"
"Srinivasan Kasinathan","Srini","02Sep2022_10:48",2022-09-02,10:48,10.3594625,76.8896196,688,4.8,"Manambolly","Rainforest","Gaur",5,"Partial_count","Sighting"," ","NA","uuid:0fc8cc7e-1ce8-4a5a-a969-450501d9bcf5"
"Srinivasan Kasinathan","Srini","02Sep2022_11:06",2022-09-02,11:06,10.3592263,76.8917542,"NA","NA","Manambolly","Rainforest","Barking_Deer",1,"Total_count","Sign_Vocalisation","Closer to Upper Manambolly Phenology trail","NA","uuid:eba3a937-95fc-4a41-b505-017cc5e1adab"
"Srinivasan Kasinathan","Srini","04Sep2022_20:14",2022-09-04,20:15,10.3360369,76.9634349,1012,7.9,"Valparai_town","Road","Wild_pig",10,"Partial_count","Sighting","5 piglets","NA","uuid:cc788d72-37c4-4de7-9ebc-4099f0a1022e"
"T R Shankar Raman","trsraman","28Aug2022_11:19",2022-08-28,11:17,10.3597043,76.9283088,919,15.8,"Varattuparai","Coffee_Plantation","Bonnet_Macaque",2,"Partial_count","Sighting"," ","NA","uuid:6ffce7da-da43-4fe0-91d5-3b1449fed87a"
"T R Shankar Raman","trsraman","08Sep2022_19:14",2022-09-08,19:14,10.3393335,76.9651372,1032,4.8,"Puthuthottam","Rainforest_Fragment","Sambar",4,"Total_count","Sighting","1 velvet antler, 2 juveniles,1female","NA","uuid:2c79151f-8db0-4c13-9900-934d95bbd6ae"
"T R Shankar Raman","trsraman","16Sep2022_23:45",2022-09-16,23:45,10.3647386,76.9790447,1130,12.9,"Iyerpadi","Tea_Plantation","Black_Naped_Hare",1,"Total_count","Sighting"," ","NA","uuid:8abe0759-cf87-4e75-8f4f-9d21218ba262"
"T R Shankar Raman","trsraman","16Sep2022_23:52",2022-09-16,23:52,10.3652301,76.9826517,1130,17.2,"Iyerpadi","Tea_Plantation","Porcupine",2,"Total_count","Sighting"," ","NA","uuid:a547b3c4-66c0-49f0-8bf1-2f1ec7a75cc4"
"Divya Mudappa","trsraman","16Sep2022_23:54",2022-09-16,23:54,10.3664215,76.9853429,1130,13.2,"Iyerpadi","Tea_Plantation","Small_Indian_Civet",1,"Total_count","Roadkill"," ","NA","uuid:9cc25ad7-254e-4174-b06d-f57ba4d743e7"
"T R Shankar Raman","trsraman","16Sep2022_23:55",2022-09-16,23:55,10.3622321,76.9805554,"NA","NA","Iyerpadi","Tea_Plantation","Black_Naped_Hare",1,"Total_count","Sighting"," ","NA","uuid:d8b34e3a-be63-4644-a19d-6a3cd17f33ce"
"T R Shankar Raman","trsraman","17Sep2022_08:25",2022-09-17,08:25,10.3301888,76.9599909,1039,10.0,"Valparai_Cooperative_Colony","Settlement_Human","Brown_Mongoose",1,"Total_count","Sighting"," ","18v3IXfjmrMxgVjWEGyXJsHJSv46VYLgP.jpg","uuid:91cd74fc-b655-43fd-8137-b9e4f5e6b6c0"
"T R Shankar Raman","trsraman","21Sep2022_10:09",2022-09-22,06:52,10.3332987,76.9609874,"NA","NA","Valparai_town","Settlement_Human","Lion_tailed_Macaque",3,"Partial_count","Sighting"," ","NA","uuid:3e242da4-e5f9-47c3-bb3b-e5022c4f42a4"
"T R Shankar Raman","trsraman","22Sep2022_06:58",2022-09-22,06:58,10.3496444,76.9728377,"NA","NA","Lower_Paralai","Tea_Plantation","Gaur",1,"Partial_count","Sighting"," ","NA","uuid:a471f943-af12-4116-9960-0e43aa21a6be"
"Divya Mudappa","trsraman","22Sep2022_07:15",2022-09-22,07:16,10.3522058,76.9594528,"NA","NA","Lower_Paralai","Tea_Plantation","Stripe_necked_Mongoose",1,"Total_count","Sighting","ran across road","NA","uuid:da1a6182-127a-4afc-82fa-fb0ffbcda69f"
"T R Shankar Raman","trsraman","22Sep2022_07:25",2022-09-22,07:25,10.3516883,76.9516887,1023,7.5,"Lower_Paralai","Tea_Plantation","Jungle_striped_Squirrel",1,"Partial_count","Sighting"," ","NA","uuid:4c2d068f-9d44-4f21-b95c-9acece971f92"
"T R Shankar Raman","trsraman","22Sep2022_07:28",2022-09-22,07:28,10.3531375,76.9502302,1020,7.5,"Lower_Paralai","Tea_Plantation","Gaur",23,"Total_count","Sighting"," ","1yBj3Y4ILdR0dQDe8aZYMRpaHfTEIILSc.jpg","uuid:b1ef6de6-5f97-4ec1-b61e-5bee0e290298"
"Divya Mudappa","trsraman","22Sep2022_11:25",2022-09-22,11:25,10.3582970,76.9305230,919,7.5,"Varattuparai","Coffee_Plantation","Otter",1,"Partial_count","Sign_Dropping"," ","10VzbxzrcBjjfXHwCIwET_NC3vSE2ZbB0.jpg","uuid:0d0b796a-b27d-477f-9db1-152fc4b93ef9"
"T R Shankar Raman","trsraman","22Sep2022_12:03",2022-09-22,12:03,10.3593239,76.9278766,918,17.2,"Anali","Rainforest_Fragment","Porcupine",1,"Total_count","other","quill","NA","uuid:4db579ef-344c-4ff2-a720-f2c77bd6d380"
"Divya Mudappa","trsraman","22Sep2022_13:01",2022-09-22,13:01,10.3587009,76.9556404,"NA","NA","Club_road","Road","Ruddy_Mongoose",1,"Total_count","Sighting","seen, dark tail tip, ruddy","NA","uuid:93f0535e-d995-4f14-a78d-8a464c6fd03a"
"Srinivasan Kasinathan","Srini","24Sep2022_10:37",2022-09-24,10:37,10.3084030,76.8340821,759,7.0,"Candura","Rainforest_Fragment","Nilgiri_Langur",3,"Partial_count","Sighting","In the LEMoN plot","NA","uuid:67c661ef-7885-4873-af16-862cfee77d2c"
"Srinivasan Kasinathan","Srini","24Sep2022_15:10",2022-09-24,15:10,10.3101339,76.8577540,938,8.3,"Murugalli_estate","Tea_Plantation","Stripe_necked_Mongoose",1,"Total_count","Sighting"," ","NA","uuid:71952876-119f-4f79-a1ff-fc69ce37d674"
"Srinivasan Kasinathan","Srini","25Sep2022_16:59",2022-09-25,16:59,10.3518968,76.9946480,1196,14.3,"Iyerpadi","Tea_Plantation","Gaur",40,"Partial_count","Sighting"," ","NA","uuid:c263bb33-a964-4c72-a5a7-4dc2382abc12"
"Srinivasan Kasinathan","Srini","25Sep2022_17:27",2022-09-25,17:27,10.3482463,76.9959590,"NA","NA","Iyerpadi","Tea_Plantation","Stripe_necked_Mongoose",1,"Total_count","Sighting"," ","NA","uuid:e6164057-ee44-456b-b0d7-27b6ec295140"
"T R Shankar Raman","trsraman","26Sep2022_23:17",2022-09-26,23:17,10.3541138,76.9730493,1064,9.6,"Lower_Paralai","Tea_Plantation","Black_Naped_Hare",1,"Total_count","Sighting"," ","NA","uuid:ef736e8f-de4c-4ff5-9fde-d94940d293f8"
"T R Shankar Raman","trsraman","26Sep2022_08:22",2022-09-26,08:23,10.3392317,76.9642691,1034,56.8,"Puthuthottam","Coffee_Plantation","Lion_tailed_Macaque",15,"Partial_count","Sighting"," ","1NX5Q7t5vqVV4A5LKI0QL4k5lvUXZSIJB.jpg","uuid:780048ac-7e83-4f2a-867e-7a1dd020e092"
"Srinivasan Kasinathan","Srini","27Sep2022_10:44",2022-09-26,10:44,10.4498462,76.9842532,"NA","NA","9_to_12_bend","Road","Nilgiri_Tahr",7,"Partial_count","Sighting"," ","NA","uuid:2753847a-22a4-4c91-813a-e5b2d8ff4744"
"Srinivasan Kasinathan","Srini","27Sep2022_10:46",2022-09-26,14:46,10.4495748,76.9828226,"NA","NA","9_to_12_bend","Road","Nilgiri_Tahr",3,"Partial_count","Sighting"," ","NA","uuid:6986e8d6-535f-49aa-b12a-eb42537713bf"
"Srinivasan Kasinathan","Srini","28Sep2022_11:02",2022-09-28,09:35,10.3147536,76.8309778,881,3.9,"Candura","Rainforest_Fragment","Gaur",1,"Partial_count","Sighting"," ","NA","uuid:dcb06094-04f4-4ba0-a5a1-1b6bff28f754"
"T R Shankar Raman","trsraman","27Sep2022_09:15",2022-09-27,09:15,10.3376301,76.9355614,"NA","NA","Selaliparai","Rainforest_Fragment","Nilgiri_Langur",6,"Partial_count","Sighting"," ","NA","uuid:b34395a9-e33c-49d1-9e97-55618254ff7c"
"Divya Mudappa","trsraman","28Sep2022_13:11",2022-09-28,13:11,10.3593813,76.9760741,"NA","NA","Lower_Paralai","Swamp","Dhole",13,"Total_count","Sighting","Chasing and being chased by wild pig group and some cattle","NA","uuid:c8c8eb8b-6002-47b3-8bf9-d1e1caf2ec32"
"Divya Mudappa","trsraman","28Sep2022_13:45",2022-09-28,11:45,10.3719547,76.9952331,"NA","NA","Iyerpadi","Rainforest","Lion_tailed_Macaque",14,"Total_count","Sighting"," ","NA","uuid:fba74228-1581-41eb-97c8-f6fa98402826"
"Divya Mudappa","trsraman","28Sep2022_13:48",2022-09-28,11:41,10.3695076,76.9946722,"NA","NA","Iyerpadi","Rainforest","Nilgiri_Langur",5,"Partial_count","Sighting"," ","NA","uuid:ae90b60b-31e4-4e25-b5aa-dfeaeed8095e"
"T R Shankar Raman","trsraman","28Sep2022_13:49",2022-09-28,11:40,10.3689420,76.9955061,"NA","NA","Iyerpadi","Rainforest","Malabar_Giant_Squirrel",2,"Partial_count","Sighting"," ","NA","uuid:b7a963eb-2a20-4fae-8110-0bfada765a4d"
"Srinivasan Kasinathan","Srini","28Sep2022_11:10",2022-09-28,11:10,10.3133843,76.8353799,881,7.2,"Candura","Rainforest_Fragment","Gaur",11,"Partial_count","Sighting"," ","NA","uuid:b718ede5-b882-4ba5-ba16-ab48fca7d99f"
"Srinivasan Kasinathan","Srini","28Sep2022_12:15",2022-09-28,12:15,10.3044043,76.8409485,785,4.3,"Candura","Edge","Nilgiri_Langur",11,"Partial_count","Sighting","Edge of the Candura fragment and the tea","NA","uuid:bd47fdb5-28d2-4a49-add7-451028098ad5"
"Srinivasan Kasinathan","Srini","29Sep2022_13:43",2022-09-29,13:43,10.3586698,76.9692298,1058,30.4,"Rottikadai","Road","Lion_tailed_Macaque",20,"Partial_count","Sighting"," ","NA","uuid:0bbb46a3-8642-4c39-86aa-9d0915f59537"
"Srinivasan Kasinathan","Srini","30Sep2022_09:46",2022-09-30,09:46,10.3514453,76.9510165,1022,7.8,"Lower_Paralai","Tea_Plantation","Gaur",20,"Partial_count","Sighting"," ","NA","uuid:298f48e6-007a-476e-b2ac-839cb66df3fc"
"T R Shankar Raman","trsraman","30Sep2022_21:46",2022-09-29,21:45,10.3302913,76.9603406,"NA","NA","Valparai_Cooperative_Colony","Settlement_Human","Small_Indian_Civet",1,"Total_count","Sighting","adult","NA","uuid:b81f2790-a2ef-4509-bf3a-cb9ac1af48aa"
"Srinivasan Kasinathan","Srini","01Oct2022_12:26",2022-10-01,12:26,10.3748960,76.9912021,1215,6.4,"Kavarkal_to_40th_bend","Rainforest","Malabar_Giant_Squirrel",1,"Total_count","Sign_Vocalisation"," ","NA","uuid:9e63eab1-7bf2-4e9e-83be-299d2e018edd"
"Srinivasan Kasinathan","Srini","01Oct2022_16:51",2022-10-01,16:51,10.3918333,76.9953716,"NA","NA","Kavarkal_to_40th_bend","Road","Stripe_necked_Mongoose",1,"Total_count","Sighting"," ","NA","uuid:3d7a442e-7168-462a-a3a6-384483461a87"
"T R Shankar Raman","trsraman","02Oct2022_07:17",2022-10-02,07:12,10.3301751,76.9599985,1034,32.6,"Valparai_Cooperative_Colony","Settlement_Human","Brown_Mongoose",2,"Total_count","Sighting","1 adult, 1 half grown juvenile","NA","uuid:af1ec1bc-70be-4103-ac01-088718b49401"
"T R Shankar Raman","trsraman","02Oct2022_18:58",2022-10-02,18:56,10.3301920,76.9603597,"NA","NA","Valparai_Cooperative_Colony","Settlement_Human","Leopard",1,"Total_count","Sighting"," ","NA","uuid:09432fe2-a915-4f9e-9a85-a4d59ccb580e"
"T R Shankar Raman","trsraman","05Oct2022_11:38",2022-10-05,11:38,10.3581193,76.9352560,931,6.3,"Varattuparai","Coffee_Plantation","Jungle_striped_Squirrel",1,"Total_count","Sighting"," ","NA","uuid:3a1d772e-e94e-4450-a84c-4c9532c46f13"
"T R Shankar Raman","trsraman","08Oct2022_04:04",2022-10-08,04:04,10.3419334,76.9693604,1033,6.4,"Puthuthottam","Rainforest_Fragment","Sambar",5,"Partial_count","Sighting","herd of 3, herd of 2","NA","uuid:5315b202-428c-4c82-9f0d-76254345f40f"
"T R Shankar Raman","trsraman","08Oct2022_04:07",2022-10-08,04:07,10.3474256,76.9727799,1033,12.9,"Puthuthottam","Tea_Plantation","Small_Indian_Civet",1,"Total_count","Sighting","ran across road","NA","uuid:e8703ba5-9762-4a21-afff-5f833d5f7380"
"T R Shankar Raman","trsraman","08Oct2022_04:16",2022-10-08,04:16,10.3706286,76.9935729,"NA","NA","Iyerpadi","Rainforest","Sambar",1,"Partial_count","Sighting","adult female","NA","uuid:c1d000d5-f749-4560-bc39-3cb35fa33b58"
"T R Shankar Raman","trsraman","08Oct2022_04:34",2022-10-08,04:34,10.4243987,76.9908819,"NA","NA","Attakatti_to_Waterfalls","other, Forest","Sambar",1,"Total_count","Sighting","large hard antler male","NA","uuid:49c70a5e-4809-478c-91d4-f4c7970fffa0"
"Divya Mudappa","trsraman","10Oct2022_07:41",2022-10-10,07:41,10.3698531,76.9936143,"NA",500.0,"Akkamalai","Tea_Plantation","Wild_pig",1,"Partial_count","Sighting"," ","NA","uuid:49b5ff9a-31f1-4a66-ab5f-3122ece94c4a"
"T R Shankar Raman","trsraman","15Oct2022_18:50",2022-10-15,18:50,10.3718922,76.9299253,769,5.4,"Anali","Tea_Plantation","Black_Naped_Hare",2,"Total_count","Sighting"," ","NA","uuid:a1df8b6e-4824-465c-935b-ede4694b01ed"
"Divya Mudappa","trsraman","15Oct2022_19:15",2022-10-15,19:15,10.3579787,76.9300515,889,6.2,"Varattuparai","Coffee_Plantation","Brown_Palm_Civet",1,"Total_count","Sighting","feeding on spathodea flower nectar","NA","uuid:f264e847-6223-45ed-a38a-75a8cff4aa81"
"Divya Mudappa","trsraman","15Oct2022_19:18",2022-10-15,19:18,10.3572131,76.9345805,906,5.4,"Varattuparai","Coffee_Plantation","Sambar",1,"Total_count","Sighting","male","NA","uuid:6b7e1737-b758-4684-ab78-820f6e0588fd"
"Srinivasan Kasinathan","Srini","19Oct2022_09:18",2022-10-19,09:18,10.3084430,76.8337326,793,7.1,"Candura","Rainforest_Fragment","Nilgiri_Langur",4,"Partial_count","Sighting"," ","NA","uuid:f3a53ba5-9287-477c-bf30-6f8950728557"
"Srinivasan Kasinathan","Srini","22Oct2022_13:45",2022-10-22,13:45,10.3411811,76.9651059,"NA","NA","Puthuthottam","Coffee_Plantation","Lion_tailed_Macaque",1,"Total_count","Death"," ","1uYIXVoY4-6oQrWNx3kDRoFfC2yZbnkFZ.jpg","uuid:ca533ed4-8c12-449a-83c3-34b7c9d63abc"
"Srinivasan Kasinathan","Srini","24Oct2022_13:04",2022-10-24,13:04,10.3414319,76.9692352,1086,10.3,"Puthuthottam","Road","Malabar_Giant_Squirrel",2,"Total_count","Sighting"," ","NA","uuid:3d5c6d40-d4cb-4ba3-ba60-d3e0cde37d19"
"Srinivasan Kasinathan","Srini","02Nov2022_10:17",2022-11-02,10:17,10.3586464,76.8885349,"NA","NA","Manambolly","Rainforest","Malabar_Giant_Squirrel",1,"Total_count","Sighting","Phenology trail","NA","uuid:7babc649-47e3-4c6e-8df5-6bbbc6dcecd1"
"Srinivasan Kasinathan","Srini","02Nov2022_13:12",2022-11-02,13:12,10.3703259,76.9473215,"NA","NA","Other","Rainforest","Elephant",4,"Partial_count","Sighting","Veloni Othakadai","NA","uuid:b2f455f7-0678-4ae0-9edd-23559082c96b"
"Srinivasan Kasinathan","Srini","02Nov2022_13:19",2022-11-02,13:19,10.3648494,76.9429101,968,7.5,"Velonie","Coffee_Plantation","Barking_Deer",2,"Total_count","Sighting"," ","NA","uuid:d2923735-46e7-4934-bb58-826a0cf63d8b"
"Srinivasan Kasinathan","Srini","03Nov2022_13:48",2022-11-03,13:48,10.3096815,76.8349637,832,7.3,"Candura","Rainforest_Fragment","Nilgiri_Langur",6,"Partial_count","Sighting"," ","NA","uuid:a0b2b21c-21bb-4f1f-8906-09ac5cf257dd"
"Divya Mudappa","trsraman","25Oct2022_05:38",2022-10-25,05:38,10.4331109,76.9872028,1047,7.4,"Attakatti_to_Waterfalls","other, mixed deciduous forest","Bonnet_Macaque",8,"Partial_count","Sighting"," ","NA","uuid:cfe93095-a20d-474e-866f-e9c4d098a5b0"
"T R Shankar Raman","trsraman","31Oct2022_23:29",2022-10-31,23:29,10.4389255,76.9871718,"NA","NA","Waterfalls","Rainforest","Small_Indian_Civet",1,"Total_count","Sighting","ran across road","NA","uuid:60dc60c9-2092-4e62-abd0-8cb45fcc7684"
"T R Shankar Raman","trsraman","31Oct2022_23:56",2022-10-31,23:56,10.3568757,76.9757476,"NA","NA","Lower_Paralai","Tea_Plantation","Leopard",1,"Total_count","Sighting","Subadult, slight limp. Near Iyerpadi hospital.","NA","uuid:bbfa3355-a5fb-4fcd-8021-cdde3bd7181a"
"Divya Mudappa","trsraman","02Nov2022_19:11",2022-11-02,17:30,10.3302256,76.9601515,"NA","NA","Valparai_Cooperative_Colony","Settlement_Human","Stripe_necked_Mongoose",2,"Partial_count","Sighting"," ","NA","uuid:839493b1-e303-4aae-9eba-985d919c9774"
"Divya Mudappa","trsraman","04Nov2022_08:09",2022-11-04,08:09,10.3508113,76.9233171,"NA","NA","Varattuparai","Tea_Plantation","Stripe_necked_Mongoose",1,"Total_count","Sighting"," ","NA","uuid:b5964d32-eab9-435a-a074-c9a1cca59502"
"Divya Mudappa","trsraman","04Nov2022_10:48",2022-11-04,10:48,10.3564052,76.8942850,711,4.8,"Manambolly","Rainforest","Stripe_necked_Mongoose",3,"Total_count","Sighting","2 ad, 1 subad","NA","uuid:b3720b70-3dc6-4f88-a165-5c2b9c253aa4"
"T R Shankar Raman","trsraman","04Nov2022_10:51",2022-11-04,10:51,10.3564532,76.8942311,691,4.8,"Manambolly","Rainforest","Malabar_Giant_Squirrel",2,"Total_count","Sighting"," ","NA","uuid:4b6863bc-d9ec-475b-b772-7d8084e309b6"
"T R Shankar Raman","trsraman","04Nov2022_12:49",2022-11-04,12:49,10.3535477,76.8974736,729,7.5,"Manambolly","Coffee_Plantation","Bonnet_Macaque",3,"Partial_count","Sighting"," ","NA","uuid:27db343c-acaa-4f20-bb62-cfe8c0e8469d"
"Divya Mudappa","trsraman","06Nov2022_07:07",2022-11-06,07:07,10.2832811,76.9815892,972,63.3,"Cinchona","Tea_Plantation","Gaur",12,"Partial_count","Sighting","one calf","NA","uuid:b3118849-854a-47b2-a233-8c468194766f"
"Divya Mudappa","trsraman","06Nov2022_07:12",2022-11-06,07:12,10.2890813,76.9951330,972,7.5,"Chinnakallar","Tea_Plantation","Elephant",1,"Total_count","Sighting","male","NA","uuid:bcce102f-ee96-44bc-9f61-cc359fb65251"
"Divya Mudappa","trsraman","06Nov2022_07:49",2022-11-06,07:49,10.2868425,76.9706451,1033,11.8,"Eetiar","Tea_Plantation","Sloth_Bear",1,"Total_count","Sign_Dropping","in a bus stop","NA","uuid:00748c95-5011-45af-b235-5456bb6760e4"
"T R Shankar Raman","trsraman","06Nov2022_10:19",2022-11-06,10:19,10.3476616,76.8977817,865,16.2,"Manambolly","Rainforest","Barking_Deer",4,"Total_count","Sighting","Female","NA","uuid:78661943-357d-45b8-8b0c-1e396eace22d"
"M. Ananda Kumar","trsraman","08Nov2022_21:32",2022-11-08,20:55,10.3303163,76.9603048,"NA","NA","Valparai_Cooperative_Colony","Settlement_Human","Small_Indian_Civet",1,"Total_count","Sighting"," ","NA","uuid:ec93cdec-aac6-4992-998f-346340bf62c9"
"Srinivasan Kasinathan","Srini","12Nov2022_13:25",2022-11-12,13:25,10.3070898,76.8365755,798,7.8,"Candura","Rainforest_Fragment","Monitor lizard",1,"Total_count","Sighting"," ","NA","uuid:c675b75e-d2ca-4e2e-9a43-7774d4a9def4"
"Kshama Bhat","Kshama","08Sept2022_19:14",2022-09-22,07:28,10.4501134,76.9831769,632,6.8,"5_to_8_bend","Rainforest_Fragment","Nilgiri_Tahr",2,"Partial_count","Sighting","At the hairpin bend grazing","NA","uuid:091c4fb2-7c3e-4a58-aa29-ec3ad929ef38"
"Kshama Bhat","Kshama","02Nov2022_11:38",2022-11-02,11:38,10.3593499,76.9363815,932,6.0,"Varattuparai","Coffee_Plantation","Gaur",6,"Partial_count","Sighting","Grazing in coffee next to nursery","NA","uuid:d5893938-beda-4276-961d-cf2974e2babf"
"Divya Mudappa","Kshama","05Nov2022_08:41",2022-11-05,08:41,10.3951300,76.9916790,"NA",500.0,"Andiparai","Rainforest_Fragment","Lion_tailed_Macaque",9,"Partial_count","Sighting"," ","NA","uuid:351e4079-3eeb-4429-ac71-6769e31c7d19"
"Divya Mudappa","Kshama","05Nov2022_09:08",2022-11-05,09:08,10.4489603,76.9832553,"NA",500.0,"13_to_16_bend","Road","Nilgiri_Tahr",2,"Partial_count","Sighting"," ","NA","uuid:4d09ed6d-d611-4339-894e-27e8d751bf86"
"T R Shankar Raman","trsraman","05Nov2022_09:09",2022-11-05,09:09,10.4489603,76.9832553,"NA",500.0,"13_to_16_bend","Road","Bonnet_Macaque",12,"Partial_count","Sighting"," ","NA","uuid:d23dc43f-57d9-40c2-a64a-93b7d09b1f89"
"T R Shankar Raman","trsraman","05Nov2022_09:13",2022-11-05,09:13,10.4477671,76.9834011,"NA",500.0,"5_to_8_bend","Road","Bonnet_Macaque",8,"Partial_count","Sighting"," ","NA","uuid:fe5b0a64-14d9-4968-a82f-e3694d663d69"
"Divya Mudappa","Kshama","05Nov2022_09:25",2022-11-05,09:25,10.4611756,76.9668049,"NA",500.0,"Monkey_falls","Road","Common_Langur",1,"Partial_count","Sighting"," ","NA","uuid:145b3341-e7d8-4d06-a162-f8ac76df0e9b"
"T R Shankar Raman","trsraman","05Nov2022_09:26",2022-11-05,09:26,10.4611756,76.9668049,"NA",500.0,"Monkey_falls","Road","Bonnet_Macaque",5,"Partial_count","Sighting"," ","NA","uuid:09d5077c-a910-449b-b58b-de46f1962b94"
"Kshama Bhat","Kshama","09Nov2022_16:18",2022-11-09,16:18,10.3498585,76.9224897,940,6.0,"Komalimedu","Edge","Elephant",1,"Partial_count","Sighting"," ","NA","uuid:0e802258-43cb-4b76-a220-d1bf6bd35c25"
"Kshama Bhat","Kshama","11Nov2022_08:28",2022-11-11,08:28,10.3565705,76.9483152,1031,16.0,"Lower_Paralai","Tea_Plantation","Gaur",33,"Partial_count","Sighting"," ","NA","uuid:e7594a23-26a6-478c-87d2-62250051a78d"
"Kshama Bhat","Kshama","11Nov2022_17:45",2022-11-11,17:45,10.3461322,76.9743676,"NA",500.0,"Upper_Paralai","Settlement_Human","Elephant",5,"Partial_count","Sighting"," ","NA","uuid:e09d5bfb-94cf-422b-8c2b-64f2d6fe54a0"
"Srinivasan Kasinathan","Srini","19Nov2022_06:29",2022-11-19,06:29,10.3650543,76.9780415,"NA","NA","Iyerpadi","Tea_Plantation","Gaur",12,"Partial_count","Sighting"," ","NA","uuid:47ae127f-6fea-4010-9068-4214f4144f3f"
"Srinivasan Kasinathan","Srini","22Nov2022_14:23",2022-11-22,14:23,10.3731258,76.9728585,"NA","NA","Kavarkal","Rainforest","Barking_Deer",1,"Total_count","Sign_Vocalisation"," ","NA","uuid:f26a374b-1abe-4c40-b201-b5fe0f57cea6"
"Kshama Bhat","Kshama","17Nov2022_15:49",2022-11-17,15:49,10.3593108,76.9363425,927,6.0,"Varattuparai","Coffee_Plantation","Nilgiri_Langur",7,"Partial_count","Sighting"," ","NA","uuid:98037fa7-605c-458b-a83c-b8dfe4239a86"
"Kshama Bhat","Kshama","18Nov2022_13:18",2022-11-18,13:18,10.3585391,76.9370649,911,6.0,"Varattuparai","Coffee_Plantation","Nilgiri_Langur",6,"Partial_count","Sighting"," ","NA","uuid:c9e2fdde-dfb6-4196-9c71-127eee65b6cf"
"Kshama Bhat","Kshama","21Nov2022_14:27",2022-11-21,14:27,10.3593087,76.9360856,927,7.0,"Varattuparai","Coffee_Plantation","Nilgiri_Langur",8,"Partial_count","Sighting"," ","NA","uuid:a4439b7c-fb20-4f33-98c5-9f1fb47d3dca"
"Srinivasan Kasinathan","Srini","23Nov2022_09:47",2022-11-23,09:47,10.3725846,76.9734422,"NA","NA","Kavarkal","Rainforest","Malabar_Giant_Squirrel",3,"Partial_count","Sign_Vocalisation"," ","NA","uuid:9af76b55-d121-49c4-9dd1-71acb30c7cc4"
"Srinivasan Kasinathan","Srini","23Nov2022_09:58",2022-11-23,09:58,10.3721292,76.9750784,"NA","NA","Kavarkal","Rainforest","Barking_Deer",1,"Total_count","Sign_Vocalisation"," ","NA","uuid:dae96e00-73df-4282-80ab-9aa61bcc21ad"
"Srinivasan Kasinathan","Srini","23Nov2022_13:56",2022-11-23,13:57,10.3712219,76.9909869,"NA","NA","Kavarkal_to_40th_bend","Rainforest","Lion_tailed_Macaque",3,"Partial_count","Sign_Vocalisation","Near phenology trail","NA","uuid:839231cb-8acb-49c0-9bb1-7f2112e8b062"
"Srinivasan Kasinathan","Srini","23Nov2022_13:58",2022-11-23,13:58,10.3709531,76.9911270,1287,1200.0,"Kavarkal_to_40th_bend","Rainforest","Malabar_Giant_Squirrel",1,"Total_count","Sign_Vocalisation","Near phenology trail","NA","uuid:8e38f4b0-4c64-43b0-8b70-c19546995eba"
"Srinivasan Kasinathan","Srini","25Nov2022_10:45",2022-11-25,10:45,10.3644211,76.9975008,1273,20.5,"Kavarkal_to_40th_bend","Rainforest","Malabar_Giant_Squirrel",1,"Total_count","Sign_Vocalisation"," ","NA","uuid:9cafee22-2083-4ac4-981f-2c761fa9fb6c"
"Srinivasan Kasinathan","Srini","25Nov2022_11:35",2022-11-25,11:35,10.3663770,76.9972040,1298,64.3,"Kavarkal_to_40th_bend","Rainforest","Lion_tailed_Macaque",2,"Partial_count","Sign_Vocalisation"," ","NA","uuid:db8f6744-7c71-4323-a934-a96c1c048492"
"Kshama Bhat","Kshama","25Nov2022_16:08",2022-11-25,16:08,10.3589456,76.9356809,898,6.0,"Varattuparai","Coffee_Plantation","Nilgiri_Langur",5,"Partial_count","Sighting"," ","NA","uuid:9e1750e4-f140-423b-8640-998326a204a4"
"Srinivasan Kasinathan","Srini","26Nov2022_12:38",2022-11-26,12:38,10.3546645,76.9396833,941,10.7,"Thenmalaikurukku","Rainforest_Fragment","Malabar_Giant_Squirrel",1,"Total_count","Sign_Vocalisation"," ","NA","uuid:2e3ea5e2-485d-46e0-93ba-61f7e0d37522"
"Srinivasan Kasinathan","Srini","28Nov2022_10:13",2022-11-28,10:13,10.3298909,76.9343790,964,12.4,"Stanmore","Rainforest_Fragment","Malabar_Giant_Squirrel",1,"Total_count","Sign_Vocalisation"," ","NA","uuid:39cb7ae6-51ab-4632-9738-415d601cb1fa"
"Srinivasan Kasinathan","Srini","29Nov2022_10:35",2022-11-29,10:35,10.3195775,76.9315796,949,27.4,"Injipara_LD","Rainforest_Fragment","Malabar_Giant_Squirrel",1,"Total_count","Sign_Vocalisation"," ","NA","uuid:acb2dc62-958f-4ba0-9bfc-3a746dd49402"
"Kshama Bhat","Kshama","01Dec2022_16:06",2022-12-01,16:06,10.3595429,76.9366522,907,6.0,"Varattuparai","Coffee_Plantation","Nilgiri_Langur",7,"Partial_count","Sighting"," ","NA","uuid:9ec1b19b-5455-4258-b656-23c261c07e25"
"Kshama Bhat","Kshama","05Dec2022_15:58",2022-12-05,15:59,10.3530734,76.9492581,"NA",500.0,"Varattuparai","Coffee_Plantation","Nilgiri_Langur",4,"Partial_count","Sighting","Bonnet macaque group of 27 close by","NA","uuid:c6471086-931c-4b37-8156-df8cd9b5eb32"
"Akhil Murali","Akhil Murali","14Dec2022_21:31",2022-12-14,21:20,10.3434902,76.9646043,"NA","NA","Puthuthottam","Rainforest_Fragment","Leopard",1,"Total_count","Sighting"," ","NA","uuid:c56cfb25-35a4-48c4-8b83-ebfd51b52ed7"
"Ganesh Raghunathan","Kshama","08Dec2022_09:50",2022-12-08,09:50,10.3542820,76.8968684,741,6.0,"Savamalai","Coffee_Plantation","Nilgiri_Langur",2,"Partial_count","Sighting"," ","NA","uuid:8fd58da6-c152-431f-bd3c-659db9ce57a1"
"Ganesh Raghunathan","Kshama","08Dec2022_09:51",2022-12-08,09:52,10.3543411,76.8969031,744,6.0,"Savamalai","Coffee_Plantation","Bonnet_Macaque",5,"Partial_count","Sighting"," ","NA","uuid:618d8e33-dbfe-4732-8a8f-074b49149a23"
"Ganesh Raghunathan","Kshama","08Dec2022_09:54",2022-12-08,09:26,10.3542797,76.8968837,745,6.0,"Manambolly","Rainforest","Malabar_Giant_Squirrel",1,"Partial_count","Sighting","On Erythrina tree","NA","uuid:88909d9d-017c-4c4d-a771-e74f7fe39c27"
"Kshama Bhat","Kshama","13Dec2022_11:49",2022-12-13,11:49,10.3530734,76.9492581,"NA",500.0,"Varattuparai","Coffee_Plantation","Stripe_necked_Mongoose",1,"Partial_count","Sighting","Walking on a tree trunk fallen across a stream","NA","uuid:bdf91257-b1da-4d5b-b801-914fe77a9c6d"
"Kshama Bhat","Kshama","13Dec2022_12:48",2022-12-13,12:48,10.3576500,76.9366356,928,6.0,"Varattuparai","Coffee_Plantation","Nilgiri_Langur",5,"Partial_count","Sighting"," ","NA","uuid:67cfc7b3-c815-4586-a09c-408eeaf2ce52"
"Kshama Bhat","Kshama","18Dec2022_07:19",2022-12-18,07:19,10.3302210,76.9600036,"NA",500.0,"Puthuthottam","Rainforest_Fragment","Gaur",7,"Partial_count","Sighting"," ","NA","uuid:95fbfd86-a83a-4496-a7d1-16b10250aaf8"
"Kshama Bhat","Kshama","18Dec2022_07:31",2022-12-18,07:31,10.3738154,76.9944175,"NA",500.0,"Kavarkal_to_40th_bend","Rainforest_Fragment","Stripe_necked_Mongoose",1,"Partial_count","Sighting"," ","NA","uuid:666bd25a-296d-4ded-9457-5fbf6914caa7"
"Srinivasan Kasinathan","Srini","09Dec2022_08:22",2022-12-09,08:11,10.3421442,76.9694819,"NA","NA","Puthuthottam","Road","Sambar",2,"Total_count","Sighting"," ","1lK26_hx-fWQ2hBaWsgXJTcfgZUzK8vjv.jpg","uuid:f91162c1-32e9-4771-ad9a-c31ecc7e3eee"
"Srinivasan Kasinathan","Srini","13Dec2022_11:40",2022-12-13,11:40,10.3637346,76.9775451,1126,5.8,"1_to_4_bend","Road","Nilgiri_Tahr",1,"Total_count","Sighting"," ","1MDKVRQDgrYR_Rrb1aBYpOInzgmGyhdiO.jpg","uuid:7584da33-324d-4b0b-982c-4d4c78d20907"
"T R Shankar Raman","trsraman","10Nov2022_15:03",2022-11-10,15:03,10.3415215,76.9687453,"NA","NA","Puthuthottam","Rainforest_Fragment","Nilgiri_Langur",1,"Partial_count","Sighting","1 adult seen. Dharmaraj and Kannan report at least 3 Nilgiri langur are regularly seen now.","NA","uuid:9906ec68-6948-47eb-9c64-514bc5ec9897"
"Divya Mudappa","trsraman","10Nov2022_15:29",2022-11-10,15:29,10.3903038,76.9977450,"NA","NA","Andiparai","Rainforest","Gaur",1,"Partial_count","Sighting"," ","NA","uuid:01d22a05-74a6-48fb-a69c-16ba23ceb9c3"
"Divya Mudappa","trsraman","10Nov2022_15:49",2022-11-10,15:49,10.4481988,76.9840190,768,5.9,"13_to_16_bend","other, dry forest","Nilgiri_Tahr",3,"Partial_count","Sighting"," ","NA","uuid:2c51e872-ff23-4540-9239-8b6f0e6e5dec"
"T R Shankar Raman","trsraman","18Dec2022_17:50",2022-12-18,17:50,10.4572106,76.9713632,"NA","NA","Aliyar","other, Drier forest","Common_Langur",1,"Partial_count","Sighting"," ","NA","uuid:f7c33266-6fa9-4563-8391-e211bd6ab86b"
"Divya Mudappa","trsraman","21Dec2022_16:27",2022-12-21,16:27,10.3416264,76.9738023,"NA","NA","Puthuthottam","Rainforest_Fragment","Nilgiri_Langur",1,"Total_count","Sighting","Loner","NA","uuid:84a55c98-3440-4faa-8b6c-ee5854020c22"
"Divya Mudappa","trsraman","21Dec2022_16:27",2022-12-21,16:27,10.3416264,76.9738023,"NA","NA","Puthuthottam","Rainforest_Fragment","Nilgiri_Langur",1,"Total_count","Sighting","Loner","NA","uuid:84a55c98-3440-4faa-8b6c-ee5854020c22"
"Divya Mudappa","trsraman","21Dec2022_17:14",2022-12-21,17:14,10.4485754,76.9781210,"NA","NA","Aliyar","other, Drier forest","Common_Langur",2,"Partial_count","Sighting"," ","NA","uuid:5a92f581-fcf5-431f-8b4c-cdffb67131c8"
"Kshama Bhat","Kshama","18Dec2022_07:44",2022-12-18,07:44,10.4313913,76.9840491,"NA",500.0,"Waterfalls","Tea_Plantation","Dhole",1,"Partial_count","Sighting"," ","NA","uuid:1444a947-51fa-41ad-a9c7-11136bf545b9"
"Kshama Bhat","Kshama","18Dec2022_07:54",2022-12-18,07:54,10.4337236,76.9868462,"NA",500.0,"Attakatti_to_Waterfalls","Rainforest_Fragment","Nilgiri_Langur",3,"Partial_count","Sighting"," ","NA","uuid:8e250b48-3768-491f-a1ca-d806fd0d1318"
"Kshama Bhat","Kshama","18Dec2022_08:03",2022-12-18,08:03,10.4463187,76.9855416,"NA",500.0,"9_to_12_bend","Road","Bonnet_Macaque",34,"Partial_count","Sighting"," ","NA","uuid:75890990-459c-45ae-8fb4-0af55c7aa1c5"
"Kshama Bhat","Kshama","26Dec2022_16:10",2022-12-26,16:10,10.3594956,76.9368012,931,6.0,"Varattuparai","Coffee_Plantation","Nilgiri_Langur",5,"Partial_count","Sighting"," ","NA","uuid:bf030b9f-8c3a-4431-871d-ed4a16b67628"
"Kshama Bhat","Kshama","27Dec2022_16:54",2022-12-27,16:55,10.3329866,76.9622284,1031,8.5,"Valparai_Cooperative_Colony","Tea_Plantation","Stripe_necked_Mongoose",2,"Partial_count","Sighting","Crossing from tea into Botanical garden","NA","uuid:a394dda5-843a-4301-9638-44dc8461c9ed"
"Kshama Bhat","Kshama","04Jan2023_15:01",2023-01-04,15:01,10.3592542,76.9361751,922,6.0,"Varattuparai","Coffee_Plantation","Nilgiri_Langur",5,"Partial_count","Sighting","On the trees in nursery. Making calls","NA","uuid:44494098-8c64-4aca-82b1-0cc759afbb80"
"Kshama Bhat","Kshama","05Jan2023_17:56",2023-01-05,17:56,10.3385585,76.9659976,1032,8.0,"Puthuthottam","Rainforest_Fragment","Lion_tailed_Macaque",7,"Partial_count","Sighting","Using the monkey crossing","NA","uuid:1afad77e-13e7-4d7b-b196-f2df86bcae27"
"Srinivasan Kasinathan","Srini","23Dec2022_12:32",2022-12-23,12:09,10.3242178,76.9304612,"NA","NA","Injipara","Rainforest_Fragment","Gaur",1,"Partial_count","Sign_Vocalisation"," ","NA","uuid:d7cb4f72-d8b8-4cd2-9da7-065808b634b2"
"Srinivasan Kasinathan","Srini","02Jan2023_17:46",2023-01-02,13:01,10.3595133,76.9732794,1033,4.6,"Rottikadai","Road","Lion_tailed_Macaque",1,"Total_count","Roadkill"," ","1s6kX1zlffX0woRCg5ZRQJsh77JhdtEjT.jpg","uuid:f30feb04-1e1f-4381-a46a-cbf115a57209"
"Srinivasan Kasinathan","Srini","03Jan2023_09:42",2023-01-03,09:42,10.3574160,76.8936164,700,9.0,"Manambolly","Rainforest","Barking_Deer",1,"Total_count","Sighting"," ","NA","uuid:fa34b98b-18e3-45e2-ae96-51a1ac2fd323"
"Srinivasan Kasinathan","Srini","03Jan2023_12:16",2023-01-03,12:16,10.3587150,76.8924669,713,8.4,"Manambolly","Rainforest","Lion_tailed_Macaque",7,"Partial_count","Sighting"," ","NA","uuid:5ee1d681-edb0-4317-9ab2-d71cc5a8e8bb"
"Srinivasan Kasinathan","Srini","07Jan2023_06:38",2023-01-06,20:24,10.3657183,76.9907341,1136,8.7,"Iyerpadi","Road","Brown_Palm_Civet",1,"Total_count","Sighting"," ","NA","uuid:d34cadef-858c-4149-a9d4-b94d165100eb"
"M. Ananda Kumar","Anand","10Jan2023_09:05",2023-01-10,09:05,10.4463187,76.9855416,"NA",500.0,"9_to_12_bend","other, Dry forest","Nilgiri_Tahr",3,"Partial_count","Sighting","Three of them were sitting on the road","1dBQ34XYweW_1QdS7xD3_CWqq8VopvHeo.jpg","uuid:681e7abb-626e-4767-b5cc-57c65e25d46b"
"Ganesh Raghunathan","Ganesh","10Jan2023_13:36",2023-01-10,13:35,10.3521626,76.9485805,"NA","NA","Lower_Paralai","Coffee_Plantation","Elephant",2,"Total_count","Sighting","IG and small makhna border of lower paralai and old vlp coffee","NA","uuid:49de4efb-7198-4caf-b105-57604349fe77"
"Ganesh Raghunathan","Ganesh","10Jan2023_13:41",2023-01-10,13:41,10.3379286,76.9631764,"NA","NA","Puthuthottam","Rainforest_Fragment","Lion_tailed_Macaque",3,"Partial_count","Sighting"," ","NA","uuid:625e9e6f-b9f1-4b5d-afe9-f7231b827371"
"Ganesh Raghunathan","Ganesh","10Jan2023_13:39",2023-01-10,13:39,10.3392613,76.9651878,1026,9.9,"Puthuthottam","Rainforest_Fragment","Malabar_Giant_Squirrel",1,"Total_count","Sighting","Crossed the road","1Ii2bqVo7qDOR3B8gaXuU4rXbM4W9baZ_.jpg","uuid:4f02b047-47e5-45b1-b125-bcd5afe932ad"
"Kshama Bhat","Kshama","06Jan2023_12:45",2023-01-06,12:45,10.3738154,76.9944175,"NA",500.0,"Kavarkal_to_40th_bend","Road","Lion_tailed_Macaque",1,"Partial_count","Sighting"," ","1BgXs_syxbMP9Zkre7XUJ5NFWUNm4pxaV.jpg","uuid:47856246-0337-489d-bdf7-687e79cc398e"
"Kshama Bhat","Kshama","09Jan2023_16:30",2023-01-09,16:30,10.3592462,76.9362599,937,16.9,"Varattuparai","Coffee_Plantation","Nilgiri_Langur",7,"Partial_count","Sighting","On the nursery trees","NA","uuid:7d1e52e3-78e0-49f2-a0c7-28e4fa8f2acb"
"Kshama Bhat","Kshama","10Jan2023_15:17",2023-01-10,15:17,10.3595459,76.9366586,927,6.0,"Varattuparai","Coffee_Plantation","Gaur",13,"Partial_count","Sighting"," ","NA","uuid:27389e44-6856-48c6-9350-e5e36be92074"
"Kshama Bhat","Kshama","10Jan2023_17:19",2023-01-10,17:19,10.3295119,76.9631854,"NA",500.0,"Nadumalai","Tea_Plantation","Barking_Deer",1,"Partial_count","Sighting"," ","NA","uuid:a0f5dc56-1e5b-43e1-bf61-02a7210338c4"
"Srinivasan Kasinathan","Srini","11Jan2023_12:14",2023-01-11,12:14,10.3452047,76.9694494,"NA","NA","Puthuthottam","Road","Barking_Deer",1,"Total_count","Sighting"," ","NA","uuid:f3b0bbad-8fd4-468a-af70-181eb02691ec"
"Srinivasan Kasinathan","Srini","12Jan2023_07:12",2023-01-12,07:12,10.3640039,76.9775990,"NA","NA","Iyerpadi","Tea_Plantation","Gaur",12,"Partial_count","Sighting"," ","NA","uuid:8d1f9b35-47d9-4032-a36e-50a0ca554233"
"Kshama Bhat","Kshama","11Jan2023_11:57",2023-01-11,11:57,10.3081380,76.9049962,959,6.0,"Korangumudi","Coffee_Plantation","Nilgiri_Langur",7,"Partial_count","Sighting"," ","NA","uuid:8006a934-8dd0-4845-9ea4-f4c024ffec0a"
"Kshama Bhat","Kshama","11Jan2023_12:12",2023-01-11,12:12,10.3087361,76.9066552,977,6.0,"Korangumudi","Coffee_Plantation","Malabar_Giant_Squirrel",2,"Partial_count","Sighting","Giving alarm calls","16PSG085eBQ3IaYLsCP3bT8S-SxRb1FAd.jpg","uuid:0c9193d0-cb87-4952-81d9-7659988e1ad6"
"Kshama Bhat","Kshama","12Jan2023_09:29",2023-01-12,09:29,10.3683685,76.9935692,1216,6.0,"Kavarkal_to_40th_bend","Road","Lion_tailed_Macaque",2,"Partial_count","Sighting"," ","NA","uuid:71f72cb6-c01b-40d8-b881-41648b41e169"
"Kshama Bhat","Kshama","12Jan2023_14:06",2023-01-12,14:08,10.3601316,76.9885320,"NA","NA","Kavarkal_to_40th_bend","Road","Lion_tailed_Macaque",3,"Partial_count","Sighting"," ","NA","uuid:cbc398e8-7d82-45af-891b-9a0df8692f3c"
"Kshama Bhat","Kshama","12Jan2023_14:06",2023-01-12,14:08,10.3601316,76.9885320,"NA","NA","Kavarkal_to_40th_bend","Road","Lion_tailed_Macaque",7,"Partial_count","Sighting","Crossing the road","NA","uuid:cbc398e8-7d82-45af-891b-9a0df8692f3c"
"Kshama Bhat","Kshama","13Jan2023_09:23",2023-01-13,09:23,10.3299096,76.9345313,997,110.8,"Monica_OC","Edge","Sambar",1,"Partial_count","Sighting","At Matha junction behind the church tower","1lFl8A0keEdAkSZwvKQ1qqGJTH2guf5uG.jpg","uuid:090f8932-99d9-461e-8a17-61e9d0a0d6a7"
"T R Shankar Raman","trsraman","13Jan2023_22:37",2023-01-13,22:37,10.3301795,76.9600705,1041,8.6,"Valparai_Cooperative_Colony","Settlement_Human","Leopard",1,"Partial_count","Sign_Vocalisation"," ","NA","uuid:7e16778c-692f-4bed-bd65-2dd945baeafa"
"Kshama Bhat","Kshama","14Jan2023_13:03",2023-01-14,13:03,10.3489136,76.8976005,"NA",500.0,"Manambolly","Rainforest","Lion_tailed_Macaque",3,"Total_count","Sighting"," ","1ewBj_CUHKs3rBxK2MsfKE28_2Q52VrPZ.jpg","uuid:af3e6040-8484-44ef-9fb8-0b00c9f7fced"
"Kshama Bhat","Kshama","14Jan2023_17:38",2023-01-14,17:38,10.3301725,76.9599249,1040,6.6,"Valparai_Cooperative_Colony","Settlement_Human","Stripe_necked_Mongoose",1,"Partial_count","Sighting"," ","NA","uuid:89a379e2-b5cd-493d-9ccc-77f77bed2ad4"
"Kshama Bhat","Kshama","14Jan2023_17:40",2023-01-14,17:40,10.3301813,76.9599419,1039,7.2,"Valparai_Cooperative_Colony","Settlement_Human","Brown_Mongoose",1,"Partial_count","Sighting"," ","NA","uuid:927b82c5-afd4-4423-901c-b3ffdbf89ad5"
"Kshama Bhat","Kshama","14Jan2023_17:40",2023-01-14,17:28,10.3301813,76.9599419,1039,7.2,"Valparai_Cooperative_Colony","Settlement_Human","Brown_Mongoose",1,"Partial_count","Sighting"," ","NA","uuid:927b82c5-afd4-4423-901c-b3ffdbf89ad5"
"T R Shankar Raman","trsraman","18Jan2023_08:29",2023-01-18,08:29,10.3302127,76.9599768,1039,6.4,"Valparai_Cooperative_Colony","Settlement_Human","Brown_Mongoose",3,"Total_count","Sighting","3 together near car parking","NA","uuid:8515d46e-8513-4876-a253-e5c936aaaa29"
"Ganesh Raghunathan","Ganesh","20Jan2023_11:38",2023-01-20,11:38,10.3373089,76.9347819,"NA","NA","Stanmore","Tea_Plantation","Malabar_Giant_Squirrel",1,"Total_count","Sighting"," ","NA","uuid:b731ad66-ae01-4637-adcc-9d56d734d64c"
"Kshama Bhat","Kshama","18Jan2023_10:21",2023-01-18,10:21,10.3114142,76.8376946,"NA","NA","Candura","other, Abandoned pepper","Gaur",7,"Partial_count","Sighting"," ","NA","uuid:5e998967-ea9b-4d2c-a474-e61dfbc87082"
"Kshama Bhat","Kshama","21Jan2023_17:06",2023-01-21,17:06,10.3563276,76.9380552,922,6.0,"Varattuparai","Coffee_Plantation","Malabar_Giant_Squirrel",2,"Partial_count","Sighting","Eating Jacaranda seeds","157xWX45feeAIfYGWXYsrzAtV_r9Bmd3Y.jpg","uuid:56a36ba0-778e-405a-9bed-61e7f6b8f2ab"
"Srinivasan Kasinathan","Srini","12Jan2023_14:06",2023-01-12,14:06,10.3702103,76.9930811,1230,66.1,"Kavarkal_to_40th_bend","Road","Lion_tailed_Macaque",6,"Partial_count","Sighting"," ","NA","uuid:2998be5b-2470-4301-b9db-7f02a6c81bca"
"Srinivasan Kasinathan","Srini","21Jan2023_12:57",2023-01-21,12:57,10.3090687,76.8358669,811,6.9,"Candura","Rainforest_Fragment","Malabar_Giant_Squirrel",1,"Total_count","Sighting"," ","NA","uuid:123318d0-929d-4f5e-9104-4ba46fc8a6cd"
"Srinivasan Kasinathan","Srini","21Jan2023_17:20",2023-01-21,17:20,10.3451618,76.9729328,1063,7.7,"Puthuthottam","Tea_Plantation","Elephant",2,"Total_count","Sighting"," ","NA","uuid:b14fb926-f8df-4b32-acc2-c70760b01d29"
"Srinivasan Kasinathan","Srini","25Jan2023_07:00",2023-01-25,07:00,10.3637304,76.9775406,1121,5.9,"Iyerpadi","Settlement_Human","Gaur",12,"Partial_count","Sighting"," ","15W7CoM8iXFshr4Ehi7oEJoUnu6isrVFc.jpg","uuid:6fafbf8b-b8cf-4804-ac5e-a9cfea1b509c"
"Srinivasan Kasinathan","Srini","27Jan2023_22:30",2023-01-27,22:30,10.4594097,76.9696166,247,5.3,"Aliyar","Road","Elephant",2,"Total_count","Sighting","Adult male and juvenile","NA","uuid:b5fe17e4-6d10-449c-9005-53239ccbdb52"
"Kshama Bhat","Kshama","01Feb2023_16:22",2023-02-01,16:22,10.3410617,76.9350350,"NA","NA","Selaliparai","Edge","Stripe_necked_Mongoose",2,"Partial_count","Sighting","Crossing the road from Eucalyptus Psych into Selaliparai 2 fragment","NA","uuid:e6a9f4df-7dd3-4105-b3e9-2393e9c8bccf"
"Srinivasan Kasinathan","Srini","07Feb2023_08:28",2023-02-07,08:28,10.3522309,76.9719060,"NA","NA","Iyerpadi","Road","Gaur",12,"Partial_count","Sighting"," ","NA","uuid:f7348826-10c5-4a5a-874c-bb67eefeda4f"
"Srinivasan Kasinathan","Srini","09Feb2023_14:34",2023-02-09,14:34,10.4501512,76.9826643,"NA","NA","5_to_8_bend","Road","Nilgiri_Tahr",1,"Partial_count","Sighting"," ","NA","uuid:2bdb88df-d5f9-48b6-8b49-fe1737641529"
"Srinivasan Kasinathan","Srini","09Feb2023_14:35",2023-02-09,08:48,10.4487358,76.9832566,729,8.7,"9_to_12_bend","Road","Nilgiri_Tahr",1,"Total_count","Sighting"," ","NA","uuid:645633e4-9970-4fce-b2e3-84a3c199dc4e"
"Srinivasan Kasinathan","Srini","13Feb2023_20:32",2023-02-13,07:59,10.4487034,76.9833124,"NA","NA","9_to_12_bend","Road","Nilgiri_Tahr",1,"Partial_count","Sighting"," ","NA","uuid:ab44561a-c767-485f-a61f-3e4b2c1a356a"
"Srinivasan Kasinathan","Srini","14Feb2023_19:48",2023-02-14,19:48,10.3560231,76.9991153,1131,5.6,"Iyerpadi","Rainforest","Mouse_Deer",2,"Total_count","Sighting"," ","NA","uuid:d7192196-919d-46be-8e14-214888d08fee"
"Srinivasan Kasinathan","Srini","15Feb2023_17:33",2023-02-15,17:33,10.3260383,76.9514189,983,6.1,"Valparai_town","Road","Sambar",3,"Partial_count","Sighting"," ","NA","uuid:3544b180-e979-4d63-a24e-9b1bb24bef99"
"Srinivasan Kasinathan","Srini","18Feb2023_08:34",2023-02-18,08:34,10.3388631,76.9656449,1042,60.0,"Puthuthottam","Road","Jungle_striped_Squirrel",1,"Total_count","Roadkill"," ","NA","uuid:93c47860-0915-42fc-801a-cba267b544e9"
"Srinivasan Kasinathan","Srini","27Feb2023_11:44",2023-02-27,11:44,10.3043342,76.9223062,942,8.9,"Injipara_TD","Tea_Plantation","Gaur",1,"Partial_count","Sighting"," ","NA","uuid:b6bdde3a-1caf-4b62-85e9-0c9d68dec25e"
"Srinivasan Kasinathan","Srini","07Mar2023_12:56",2023-03-07,12:56,10.3547328,76.8883643,734,19.8,"Manambolly","Rainforest","Lion_tailed_Macaque",2,"Partial_count","Sign_Vocalisation"," ","NA","uuid:bf7f26e7-5d6d-4d08-824c-e04e1574f4dd"
"Srinivasan Kasinathan","Srini","08Mar2023_13:12",2023-03-08,13:12,10.3452480,76.9705556,1066,6.7,"Puthuthottam","Rainforest_Fragment","Malabar_Giant_Squirrel",1,"Total_count","Death","Cause of death Unknown","1VnDVQsO9-MJfrbOHVLia8AYbJ2XNFusG.jpg","uuid:d31a02eb-2ddd-4467-8da1-611e9668acb2"
"Srinivasan Kasinathan","Srini","11Mar2023_18:03",2023-03-11,18:03,10.4499323,76.9840087,680,10.6,"9_to_12_bend","Road","Nilgiri_Tahr",4,"Partial_count","Sighting"," ","NA","uuid:55e22fdb-a9cf-44cc-b602-1c39e8306875"
"Srinivasan Kasinathan","Srini","13Mar2023_13:30",2023-03-13,13:30,10.3059315,76.8354546,756,9.6,"Candura","Rainforest_Fragment","Malabar_Giant_Squirrel",1,"Total_count","Sighting"," ","NA","uuid:5b49a739-3e08-4b55-8835-95b18d7df010"
"Srinivasan Kasinathan","Srini","14Mar2023_15:49",2023-03-14,15:49,10.3650757,77.0024768,"NA","NA","Iyerpadi","Rainforest","Nilgiri_Langur",1,"Partial_count","Sign_Vocalisation"," ","NA","uuid:e3d0bea2-0ad5-491f-b9dd-7545cf0200b4"
"Srinivasan Kasinathan","Srini","17Mar2023_06:30",2023-03-17,06:30,10.3506098,76.9752949,"NA","NA","Iyerpadi","Road","Gaur",10,"Partial_count","Sighting"," ","NA","uuid:e09e42e7-1ac5-4ca6-b73d-e3a364df6a42"
"Srinivasan Kasinathan","Srini","17Mar2023_09:03",2023-03-17,09:03,10.2903829,76.9854920,1119,11.8,"Cinchona","Road","Nilgiri_Langur",2,"Partial_count","Sighting"," ","NA","uuid:1fb71fae-6e72-4fbc-a51c-b7bb2de94710"
"Srinivasan Kasinathan","Srini","21Mar2023_18:21",2023-03-21,18:21,10.3442807,76.9781687,1224,115.5,"Upper_Paralai","Swamp","Gaur",26,"Partial_count","Sighting"," ","NA","uuid:54fb2d19-f58e-4846-89da-8f49ba74c60b"
"Srinivasan Kasinathan","Srini","26Mar2023_12:19",2023-03-26,12:06,10.3571164,76.9724934,"NA","NA","Rottikadai","Road","Lion_tailed_Macaque",1,"Total_count","Electrocution"," ","NA","uuid:403afaab-fb23-4223-9827-99a78fa36341"
"Srinivasan Kasinathan","Srini","28Mar2023_16:04",2023-03-28,16:04,10.3388951,76.9636591,1054,16.9,"Puthuthottam","Coffee_Plantation","Sambar",1,"Partial_count","Sighting"," ","NA","uuid:6b88c0a9-d86e-45cc-9ac3-f5a677b2d3e9"
"Srinivasan Kasinathan","Srini","30Mar2023_10:35",2023-03-30,10:35,10.3469897,76.9317339,"NA","NA","Old_Valparai","Rainforest_Fragment","Nilgiri_Langur",1,"Partial_count","Sign_Vocalisation"," ","NA","uuid:b72d03e2-f9d8-45c8-91fd-2f344d46cbff"
"Srinivasan Kasinathan","Srini","01Apr2023_09:35",2023-04-01,09:35,10.3511263,76.9698420,"NA","NA","Lower_Paralai","Swamp","Gaur",2,"Total_count","Sighting"," ","NA","uuid:34eab829-dbed-471c-8b47-af8557386246"
"Srinivasan Kasinathan","Srini","01Apr2023_09:36",2023-04-01,09:36,10.3513945,76.9698749,"NA","NA","Lower_Paralai","Swamp","Stripe_necked_Mongoose",2,"Total_count","Sighting"," ","NA","uuid:6f441a50-0c27-455c-a8a1-4437430c9822"
"Srinivasan Kasinathan","Srini","03Apr2023_11:26",2023-04-03,11:26,10.3591125,76.8900895,"NA","NA","Manambolly","Rainforest","Nilgiri_Langur",10,"Partial_count","Sighting"," ","NA","uuid:3a263a4f-6713-4319-8b19-b424b42946c5"
"Srinivasan Kasinathan","Srini","19Apr2023_07:24",2023-04-14,08:24,10.3656387,76.9953455,"NA","NA","Iyerpadi","other, Private bunglow road","Lion_tailed_Macaque",1,"Total_count","Electrocution"," ","NA","uuid:1f9867f0-eb52-4c07-b2d3-54b61bbbdd08"
"Divya Mudappa","trsraman","30Mar2023_11:15",2023-03-30,11:15,10.3425092,76.9337694,1168,55.8,"Selaliparai","Rainforest_Fragment","Malabar_Giant_Squirrel",1,"Total_count","Sighting","Sighted in Selaliparai 2 restoration site","NA","uuid:5539d5d5-90aa-4c35-b8ad-26c8fda4c24a"
"T R Shankar Raman","trsraman","12Apr2023_22:54",2023-04-12,22:55,10.3130889,76.8877946,"NA","NA","Sholayar_Dam","Riverine","Brown_Palm_Civet",1,"Total_count","Sighting","Feeding on Ficus hispida","NA","uuid:1699d87b-309a-4c14-9bc8-4abc61ab0ab4"
"Srinivasan Kasinathan","Srini","26Apr2023_08:45",2023-04-26,08:46,10.3647624,76.9817815,"NA","NA","Iyerpadi","Tea_Plantation","Gaur",10,"Partial_count","Sighting"," ","NA","uuid:e79e9c70-29cd-4506-930d-32c7a9859498"
"Srinivasan Kasinathan","Srini","02May2023_10:55",2023-05-02,10:55,10.3104655,76.8347294,753,13.0,"Candura","Rainforest_Fragment","Lion_tailed_Macaque",5,"Partial_count","Sighting"," ","NA","uuid:625611d7-bd87-4d79-b74f-578ed30e21da"
"Kshama Bhat","Kshama","11May2023_07:10",2023-05-11,07:10,10.4491328,76.9818375,640,22.3,"5_to_8_bend","Road","Nilgiri_Tahr",2,"Partial_count","Sighting"," ","NA","uuid:8c84f7de-42ed-4fbd-bab8-3ff9c6919a81"
"Srinivasan Kasinathan","Srini","09May2023_09:28",2023-05-09,09:28,10.3040933,76.8400640,745,9.5,"Candura","Rainforest_Fragment","Nilgiri_Langur",6,"Partial_count","Sighting"," ","NA","uuid:ac89f673-07af-4b82-ad16-b148430a1a74"
"Srinivasan Kasinathan","Srini","09May2023_09:30",2023-05-02,10:30,10.3041258,76.8397840,"NA","NA","Candura","Rainforest_Fragment","Lion_tailed_Macaque",3,"Partial_count","Sighting"," ","NA","uuid:0cdf7b07-752d-4b62-aed9-9b0651290f4a"
"Srinivasan Kasinathan","Srini","10May2023_07:15",2023-05-10,07:16,10.3071867,76.8396104,797,8.1,"Murugalli_estate","Tea_Plantation","Gaur",13,"Partial_count","Sighting"," ","NA","uuid:b2ce0700-802f-435c-9a6b-fc193eb97386"
"Srinivasan Kasinathan","Srini","11May2023_12:00",2023-05-11,12:00,10.3596161,76.8937726,"NA","NA","Manambolly","Rainforest","Elephant",1,"Partial_count","Sighting"," ","NA","uuid:aacddc73-bf4c-4c31-a78c-c4c33a44a05a"
"Srinivasan Kasinathan","Srini","15May2023_10:15",2023-05-15,10:15,10.3944069,76.9930220,"NA","NA","Andiparai","Rainforest","Malabar_Giant_Squirrel",1,"Total_count","Sign_Vocalisation"," ","NA","uuid:48bf3b2d-760e-4890-8f93-8e6aa6bfbae7"
"Srinivasan Kasinathan","Srini","16May2023_07:31",2023-05-16,07:31,10.3426997,76.9691718,"NA","NA","Puthuthottam","Rainforest_Fragment","Barking_Deer",1,"Total_count","Sighting"," ","1E8_Jl6Kb4KRWMujQTSfvI_PT3L-3UnCK.jpg","uuid:b3e202f9-d01a-48fd-a727-6bf090906792"
"Srinivasan Kasinathan","Srini","16May2023_18:20",2023-05-16,18:20,10.3652967,76.9741701,1122,22.0,"Iyerpadi","Swamp","Dhole",18,"Partial_count","Sighting"," ","NA","uuid:21727d69-319b-4def-a764-c8aa9924138e"
"Srinivasan Kasinathan","Srini","17May2023_06:37",2023-05-17,06:37,10.3640421,76.9748634,"NA","NA","Iyerpadi","Swamp","Dhole",10,"Partial_count","Sighting"," ","NA","uuid:f2db807c-4e54-49aa-bf45-368d88197f9c"
"Srinivasan Kasinathan","Srini","17May2023_12:55",2023-05-17,12:55,10.3025260,76.8401917,973,49.4,"Candura","other, Back water","Elephant",3,"Partial_count","Sighting"," ","1VW4k9StgjzxVXnrTo5LnqJjRkM9JCW9B.jpg","uuid:a546eeef-cefb-47a3-aca8-f7cfb37e195e"
"Srinivasan Kasinathan","Srini","23May2023_12:30",2023-05-23,12:30,10.3733676,76.9934129,"NA","NA","Kavarkal_to_40th_bend","Rainforest","Lion_tailed_Macaque",9,"Partial_count","Sighting"," ","NA","uuid:e897897a-b51d-46d9-989b-b8febb7997b5"
"Srinivasan Kasinathan","Srini","24May2023_11:49",2023-05-24,11:49,10.3598466,76.8908738,"NA","NA","Manambolly","Rainforest","Lion_tailed_Macaque",17,"Partial_count","Sighting"," ","NA","uuid:c0989f19-80fe-4a1c-9540-ea6cdda0775c"
"T R Shankar Raman","trsraman","01Jun2023_10:21",2023-06-01,10:18,10.3594339,76.9277012,857,5.4,"Anali","Rainforest_Fragment","Stripe_necked_Mongoose",2,"Total_count","Sighting","Ran across road","NA","uuid:47bd5f83-22e1-40b7-b592-45ce87218854"
"T R Shankar Raman","trsraman","01Jun2023_11:20",2023-06-01,11:20,10.3605795,76.9605253,"NA",3800.0,"Varattuparai","Coffee_Plantation","Barking_Deer",1,"Total_count","Sighting"," ","NA","uuid:1cf81cab-f277-409e-9c2d-5b0d414f68e9"
"Ganesh Raghunathan","Ganesh Raghunathan","02Jun2023_16:25",2023-06-02,07:49,10.2632576,76.9215025,1055,8.0,"Mukkotumudi","Swamp","Elephant",9,"Partial_count","Sighting","Swamp surrounded by tea near Muthumudi factory (Factory swamp)","NA","uuid:9a24b593-5f04-4e40-9e25-ea95a2f53eff"
"M. Ananda Kumar","Anand","08Feb2023_08:18",2023-02-08,08:18,10.4493483,76.9842930,748,3.9,"13_to_16_bend","other, Deciduous","Nilgiri_Tahr",1,"Partial_count","Sighting"," ","NA","uuid:663b8b73-8bb2-480d-98a4-f53ad25e6cc4"
