date,tree_code,forest_500,lat,long,altitude,tree_sp,fruitcrop,height,gbh,gbh2,start_time,end_time,arr_time,species,num,dep_time
09-11-17,CAST01,0.973,10.314388,76.830726,953.29,Canarium strictum,242,31,225,N,6:46:00,11:46:00,9:24:00,MGSQ,1,9:24:20
09-11-17,CAST01,0.973,10.314388,76.830726,953.29,Canarium strictum,242,31,225,N,6:46:00,11:46:00,10:48:00,MGSQ,1,10:48:30
09-11-17,CAST01,0.973,10.314388,76.830726,953.29,Canarium strictum,242,31,225,N,6:46:00,11:46:00,11:00:00,MGSQ,1,11:00:25
11-11-17,CAST02,0.187,10.351326,76.936161,1056.844971,Canarium strictum,940,30,490,N,6:10:00,11:10:00,7:14:00,MGSQ,1,8:53:00
11-11-17,CAST02,0.187,10.351326,76.936161,1056.844971,Canarium strictum,940,30,490,N,6:10:00,11:10:00,7:32:00,MGSQ,1,9:20:00
11-11-17,CAST02,0.187,10.351326,76.936161,1056.844971,Canarium strictum,940,30,490,N,6:10:00,11:10:00,N,NONE,0,N
13-11-17,CAST03,0,10.367031,76.937235,1085.93042,Canarium strictum,120,23,280,N,6:30:00,11:30:00,N,NONE,0,N
13-11-17,CAST03,0,10.367031,76.937235,1085.93042,Canarium strictum,120,23,280,N,6:30:00,11:30:00,8:27:00,MIPI,1,8:40:00
14-11-17,CAST04,0.375,10.347321,76.93409,1115.218384,Canarium strictum,252,32,390,N,6:20:00,11:20:00,8:12:00,MIPI,2,8:12:30
14-11-17,CAST04,0.375,10.347321,76.93409,1115.218384,Canarium strictum,252,32,390,N,6:20:00,11:20:00,N,NONE,0,N
14-11-17,CAST04,0.375,10.347321,76.93409,1115.218384,Canarium strictum,252,32,390,N,6:20:00,11:20:00,8:51:00,MIPI,2,9:00:00
14-11-17,CAST04,0.375,10.347321,76.93409,1115.218384,Canarium strictum,252,32,390,N,6:20:00,11:20:00,8:56:00,MIPI,1,9:06:00
15-11-17,CAST05,0.964,10.313665,76.830927,954.44043,Canarium strictum,220,34,270,N,6:30:00,11:30:00,8:07:00,MIPI,1,8:09:00
16-11-17,CAST06,0,10.365955,76.938029,1076.873047,Canarium strictum,1120,28,285,N,6:40:00,11:40:00,N,NONE,0,N
17-11-17,CAST07,0.201,10.343269,76.903401,1062.516846,Canarium strictum,200,40,319,N,6:00:00,11:00:00,N,NONE,0,N
17-11-17,CAST07,0.201,10.343269,76.903401,1062.516846,Canarium strictum,200,40,319,N,6:00:00,11:00:00,8:37:00,MIPI,1,8:47:00
17-11-17,CAST07,0.201,10.343269,76.903401,1062.516846,Canarium strictum,200,40,319,N,6:00:00,11:00:00,8:38:00,MIPI,1,8:49:00
17-11-17,CAST07,0.201,10.343269,76.903401,1062.516846,Canarium strictum,200,40,319,N,6:00:00,11:00:00,8:38:00,MIPI,1,8:54:00
17-11-17,CAST07,0.201,10.343269,76.903401,1062.516846,Canarium strictum,200,40,319,N,6:00:00,11:00:00,9:00:00,MIPI,1,9:05:00
19-11-17,CAST08,0.422,10.34816631,76.93220099,1033.769775,Canarium strictum,260,36,228,N,6:30:00,11:30:00,N,NONE,0,N
23-11-17,HETR_ad_lib,N,N,N,N,Heynea trijuga,N,N,N,N,N,N,7:49:00,MGHO,5,7:51:00
23-11-17,HETR01,0.436,10.310907,76.910447,1093.895996,Heynea trijuga,180,16,109,N,6:10:00,11:10:00,9:24:00,LTMA,1,9:26:00
24-11-17,HETR_ad_lib,N,N,N,N,Heynea trijuga,N,N,N,N,N,N,6:58:00,LTMA,1,6:58:25
24-11-17,HETR02,0.42,10.31063165,76.91057048,1099.98,Heynea trijuga,520,14,143,N,6:00:00,11:00:00,7:25:30,SHMY,2,7:28:40
24-11-17,HETR02,0.42,10.31063165,76.91057048,1099.98,Heynea trijuga,520,14,143,N,6:00:00,11:00:00,7:35:50,SHMY,2,7:37:00
24-11-17,HETR02,0.42,10.31063165,76.91057048,1099.98,Heynea trijuga,520,14,143,N,6:00:00,11:00:00,7:40:07,SHMY,2,7:55:50
24-11-17,HETR02,0.42,10.31063165,76.91057048,1099.98,Heynea trijuga,520,14,143,N,6:00:00,11:00:00,7:54:00,SHMY,2,7:55:50
24-11-17,HETR02,0.42,10.31063165,76.91057048,1099.98,Heynea trijuga,520,14,143,N,6:00:00,11:00:00,8:37:35,SHMY,2,8:37:45
24-11-17,HETR02,0.42,10.31063165,76.91057048,1099.98,Heynea trijuga,520,14,143,N,6:00:00,11:00:00,9:37:38,SHMY,1,9:37:54
24-11-17,HETR02,0.42,10.31063165,76.91057048,1099.98,Heynea trijuga,520,14,143,N,6:00:00,11:00:00,10:58:40,SHMY,2,11:00:00
01-12-17,CAST_ad_lib,N,N,N,N,Canarium strictum,N,N,N,N,N,N,10:33:00,MIPI,2,10:34:00
01-12-17,CAST_ad_lib,N,N,N,N,Canarium strictum,N,N,N,N,N,N,10:33:00,MIPI,3,10:37:00
01-12-17,CAST_ad_lib,N,N,N,N,Canarium strictum,N,N,N,N,N,N,10:34:00,MIPI,1,10:37:00
01-12-17,CAST_ad_lib,N,N,N,N,Canarium strictum,N,N,N,N,N,N,N,MIPI,1,11:01:00
02-12-17,HETR03,0.408,10.349208,76.930833,1027.31,Heynea trijuga,500,24,178,N,12:50:00,16:35:00,13:02:00,SHMY,7,13:07:00
02-12-17,HETR03,0.408,10.349208,76.930833,1027.31,Heynea trijuga,500,24,178,N,12:50:00,16:35:00,13:07:00,SHMY,1,13:08:00
02-12-17,HETR03,0.408,10.349208,76.930833,1027.31,Heynea trijuga,500,24,178,N,12:50:00,16:35:00,13:27:00,SHMY,6,13:28:00
02-12-17,HETR03,0.408,10.349208,76.930833,1027.31,Heynea trijuga,500,24,178,N,12:50:00,16:35:00,13:27:02,SHMY,3,13:27:50
02-12-17,HETR03,0.408,10.349208,76.930833,1027.31,Heynea trijuga,500,24,178,N,12:50:00,16:35:00,14:21:02,SHMY,4,14:21:26
02-12-17,HETR03,0.408,10.349208,76.930833,1027.31,Heynea trijuga,500,24,178,N,12:50:00,16:35:00,14:37:00,SHMY,5,14:39:20
02-12-17,HETR03,0.408,10.349208,76.930833,1027.31,Heynea trijuga,500,24,178,N,12:50:00,16:35:00,14:43:43,SHMY,4,14:44:45
02-12-17,HETR03,0.408,10.349208,76.930833,1027.31,Heynea trijuga,500,24,178,N,12:50:00,16:35:00,14:54:40,MGSQ,1,14:55:10
02-12-17,HETR03,0.408,10.349208,76.930833,1027.31,Heynea trijuga,500,24,178,N,12:50:00,16:35:00,15:01:00,SHMY,2,15:02:00
02-12-17,HETR03,0.408,10.349208,76.930833,1027.31,Heynea trijuga,500,24,178,N,12:50:00,16:35:00,15:01:00,SHMY,2,15:03:00
02-12-17,HETR03,0.408,10.349208,76.930833,1027.31,Heynea trijuga,500,24,178,N,12:50:00,16:35:00,16:10:00,SHMY,2,16:11:30
03-12-17,HETR04,0,10.36795079,76.93855111,1069.62,Heynea trijuga,500,18,143,N,6:25:00,11:25:00,N,NONE,0,N
03-12-17,HETR05,0.681,10.394738,76.992656,1310.6,Heynea trijuga,90,14,86,N,13:15:00,17:22:00,13:27:49,MGHO,1,13:57:00
03-12-17,HETR05,0.681,10.394738,76.992656,1310.6,Heynea trijuga,90,14,86,N,13:15:00,17:22:00,13:29:00,MGHO,1,14:02:00
03-12-17,HETR05,0.681,10.394738,76.992656,1310.6,Heynea trijuga,90,14,86,N,13:15:00,17:22:00,13:29:00,UNID,1,13:31:00
03-12-17,HETR05,0.681,10.394738,76.992656,1310.6,Heynea trijuga,90,14,86,N,13:15:00,17:22:00,13:57:56,MGHO,1,14:01:00
03-12-17,HETR05,0.681,10.394738,76.992656,1310.6,Heynea trijuga,90,14,86,N,13:15:00,17:22:00,16:50:46,MGHO,1,17:13:00
03-12-17,HETR05,0.681,10.394738,76.992656,1310.6,Heynea trijuga,90,14,86,N,13:15:00,17:22:00,16:54:00,MGHO,1,17:14:30
05-12-17,HETR06,0.512,10.308744,76.902752,1041.21,Heynea trijuga,170,14,165,N,6:18:00,11:30:00,7:24:00,RWBU,1,7:25:32
05-12-17,HETR06,0.512,10.308744,76.902752,1041.21,Heynea trijuga,170,14,165,N,6:18:00,11:30:00,7:24:00,RWBU,1,7:32:52
05-12-17,HETR06,0.512,10.308744,76.902752,1041.21,Heynea trijuga,170,14,165,N,6:18:00,11:30:00,8:03:27,SHMY,2,8:04:40
05-12-17,HETR06,0.512,10.308744,76.902752,1041.21,Heynea trijuga,170,14,165,N,6:18:00,11:30:00,8:17:21,SHMY,2,8:19:35
05-12-17,HETR06,0.512,10.308744,76.902752,1041.21,Heynea trijuga,170,14,165,N,6:18:00,11:30:00,9:44:20,SHMY,4,9:46:50
05-12-17,HETR06,0.512,10.308744,76.902752,1041.21,Heynea trijuga,170,14,165,N,6:18:00,11:30:00,9:46:50,WCBA,1,9:48:24
05-12-17,HETR06,0.512,10.308744,76.902752,1041.21,Heynea trijuga,170,14,165,N,6:18:00,11:30:00,9:59:30,WCBA,1,10:01:20
05-12-17,HETR06,0.512,10.308744,76.902752,1041.21,Heynea trijuga,170,14,165,N,6:18:00,11:30:00,10:55:02,SHMY,1,10:57:47
05-12-17,HETR06,0.512,10.308744,76.902752,1041.21,Heynea trijuga,170,14,165,N,6:18:00,11:30:00,10:55:02,SHMY,1,11:00:45
06-12-17,HETR07,0.424,10.348858,76.930949,1025.37,Heynea trijuga,192,20,280,N,6:20:00,11:30:00,8:10:50,MGHO,1,8:12:27
06-12-17,HETR07,0.424,10.348858,76.930949,1025.37,Heynea trijuga,192,20,280,N,6:20:00,11:30:00,8:56:00,WCBA,1,8:58:30
06-12-17,HETR07,0.424,10.348858,76.930949,1025.37,Heynea trijuga,192,20,280,N,6:20:00,11:30:00,8:58:00,FTBU,1,8:59:00
06-12-17,HETR07,0.424,10.348858,76.930949,1025.37,Heynea trijuga,192,20,280,N,6:20:00,11:30:00,9:03:30,MIPI,1,9:04:51
06-12-17,HETR07,0.424,10.348858,76.930949,1025.37,Heynea trijuga,192,20,280,N,6:20:00,11:30:00,10:43:08,SHMY,2,10:49:22
06-12-17,HETR07,0.424,10.348858,76.930949,1025.37,Heynea trijuga,192,20,280,N,6:20:00,11:30:00,10:44:55,SHMY,2,11:08:01
06-12-17,HETR07,0.424,10.348858,76.930949,1025.37,Heynea trijuga,192,20,280,N,6:20:00,11:30:00,11:12:51,SHMY,2,11:21:26
06-12-17,HETR_ad_lib,N,N,N,N,Heynea trijuga,N,N,N,N,N,N,N,MIPI,1,8:53:00
06-12-17,HETR_ad_lib,N,N,N,N,Heynea trijuga,N,N,N,N,N,N,9:26:40,SHMY,2,9:28:19
06-12-17,HETR_ad_lib,N,N,N,N,Heynea trijuga,N,N,N,N,N,N,9:27:29,SHMY,2,9:28:00
06-12-17,HETR_ad_lib,N,N,N,N,Heynea trijuga,N,N,N,N,N,N,9:45:58,SHMY,2,9:46:20
06-12-17,HETR_ad_lib,N,N,N,N,Heynea trijuga,N,N,N,N,N,N,9:45:58,SHMY,2,9:46:40
06-12-17,HETR_ad_lib,N,N,N,N,Heynea trijuga,N,N,N,N,N,N,9:45:58,SHMY,2,9:47:25
06-12-17,HETR_ad_lib,N,N,N,N,Heynea trijuga,N,N,N,N,N,N,9:45:58,SHMY,1,9:47:50
06-12-17,HETR_ad_lib,N,N,N,N,Heynea trijuga,N,N,N,N,N,N,10:23:02,SHMY,4,10:23:42
06-12-17,HETR_ad_lib,N,N,N,N,Heynea trijuga,N,N,N,N,N,N,10:24:52,SHMY,2,10:25:00
06-12-17,HETR_ad_lib,N,N,N,N,Heynea trijuga,N,N,N,N,N,N,10:24:52,SHMY,2,10:27:27
07-12-17,HETR08,0.46,10.347825,76.898707,981.47,Heynea trijuga,50,26,165,N,6:15:00,11:30:00,8:24:00,LTMA,1,8:24:30
07-12-17,HETR08,0.46,10.347825,76.898707,981.47,Heynea trijuga,50,26,165,N,6:15:00,11:30:00,10:00:00,LTMA,1,10:02:20
09-12-17,HETR09,0.401,10.349295,76.930707,1021.6,Heynea trijuga,120,20,170,N,6:20:00,11:40:00,8:38:00,YBBU,1,9:38:40
09-12-17,HETR09,0.401,10.349295,76.930707,1021.6,Heynea trijuga,120,20,170,N,6:20:00,11:40:00,11:12:00,SHMY,2,11:42:33
09-12-17,HETR_ad_lib,N,N,N,N,Heynea trijuga,N,N,N,N,N,N,8:51:50,SHMY,5,8:53:00
09-12-17,HETR_ad_lib,N,N,N,N,Heynea trijuga,N,N,N,N,N,N,9:07:00,SHMY,9,9:10:00
09-12-17,HETR_ad_lib,N,N,N,N,Heynea trijuga,N,N,N,N,N,N,9:07:00,SHMY,2,9:21:00
09-12-17,HETR_ad_lib,N,N,N,N,Heynea trijuga,N,N,N,N,N,N,9:28:00,SHMY,4,9:28:30
09-12-17,HETR_ad_lib,N,N,N,N,Heynea trijuga,N,N,N,N,N,N,9:30:00,SHMY,4,9:31:00
09-12-17,HETR_ad_lib,N,N,N,N,Heynea trijuga,N,N,N,N,N,N,9:34:00,SHMY,8,9:39:30
09-12-17,HETR_ad_lib,N,N,N,N,Heynea trijuga,N,N,N,N,N,N,N,SHMY,1,N
09-12-17,HETR_ad_lib,N,N,N,N,Heynea trijuga,N,N,N,N,N,N,10:55:00,SHMY,3,10:58:00
11-12-17,HETR10,0.854,10.37585526,76.98942985,1196.994751,Heynea trijuga,500,18,164,N,6:40:00,12:30:00,7:01:00,SHMY,2,7:10:19
11-12-17,HETR10,0.854,10.37585526,76.98942985,1196.994751,Heynea trijuga,500,18,164,N,6:40:00,12:30:00,7:39:00,SHMY,2,7:43:00
11-12-17,HETR10,0.854,10.37585526,76.98942985,1196.994751,Heynea trijuga,500,18,164,N,6:40:00,12:30:00,7:41:00,SHMY,2,7:43:00
11-12-17,HETR10,0.854,10.37585526,76.98942985,1196.994751,Heynea trijuga,500,18,164,N,6:40:00,12:30:00,N,WCBA,1,8:13:00
11-12-17,HETR10,0.854,10.37585526,76.98942985,1196.994751,Heynea trijuga,500,18,164,N,6:40:00,12:30:00,8:06:54,SHMY,2,8:06:55
11-12-17,HETR10,0.854,10.37585526,76.98942985,1196.994751,Heynea trijuga,500,18,164,N,6:40:00,12:30:00,8:09:50,MGHO,2,8:14:00
11-12-17,HETR10,0.854,10.37585526,76.98942985,1196.994751,Heynea trijuga,500,18,164,N,6:40:00,12:30:00,8:11:00,MGHO,2,8:14:00
11-12-17,HETR10,0.854,10.37585526,76.98942985,1196.994751,Heynea trijuga,500,18,164,N,6:40:00,12:30:00,8:21:24,SHMY,2,8:48:16
11-12-17,HETR10,0.854,10.37585526,76.98942985,1196.994751,Heynea trijuga,500,18,164,N,6:40:00,12:30:00,8:22:26,SHMY,4,8:48:16
11-12-17,HETR10,0.854,10.37585526,76.98942985,1196.994751,Heynea trijuga,500,18,164,N,6:40:00,12:30:00,10:23:05,SHMY,4,10:28:50
11-12-17,HETR10,0.854,10.37585526,76.98942985,1196.994751,Heynea trijuga,500,18,164,N,6:40:00,12:30:00,10:30:50,YBBU,1,10:32:45
11-12-17,HETR10,0.854,10.37585526,76.98942985,1196.994751,Heynea trijuga,500,18,164,N,6:40:00,12:30:00,N,AFBL,1,10:33:40
11-12-17,HETR10,0.854,10.37585526,76.98942985,1196.994751,Heynea trijuga,500,18,164,N,6:40:00,12:30:00,12:07:30,SHMY,2,12:09:00
11-12-17,HETR10,0.854,10.37585526,76.98942985,1196.994751,Heynea trijuga,500,18,164,N,6:40:00,12:30:00,12:24:26,SHMY,4,12:30:00
11-12-17,HETR10,0.854,10.37585526,76.98942985,1196.994751,Heynea trijuga,500,18,164,N,6:40:00,12:30:00,12:28:18,SHMY,2,12:29:40
11-12-17,HETR11,0.861,10.37579315,76.9894343,1198.958252,Heynea trijuga,60,14,93,N,13:00:00,17:00:00,N,NONE,0,N
12-12-17,HETR12,0.383,10.34947825,76.93049602,1032.633789,Heynea trijuga,152,20,135,N,6:25:00,11:25:00,8:16:20,MGSQ,1,8:16:50
12-12-17,HETR12,0.383,10.34947825,76.93049602,1032.633789,Heynea trijuga,152,20,135,N,6:25:00,11:25:00,10:37:40,AFBL,1,10:37:54
14-12-17,HETR13,0.451,10.356157,76.917081,1130.841309,Heynea trijuga,307,25,136,N,6:35:00,12:10:00,6:49:50,SHMY,1,6:51:52
14-12-17,HETR13,0.451,10.356157,76.917081,1130.841309,Heynea trijuga,307,25,136,N,6:35:00,12:10:00,8:57:53,UNID,2,8:58:10
14-12-17,HETR13,0.451,10.356157,76.917081,1130.841309,Heynea trijuga,307,25,136,N,6:35:00,12:10:00,10:48:20,WCBA,4,10:51:48
14-12-17,HETR14,0.097,10.35154388,76.91490853,1198.206299,Heynea trijuga,340,17,126,N,13:08:00,17:27:00,N,NONE,0,N
16-12-17,HETR15,0.181,10.35897176,76.9295803,999.616577,Heynea trijuga,270,17,98,N,6:00:00,11:53:00,N,NONE,0,N
16-12-17,HETR_ad_lib,N,N,N,N,Heynea trijuga,N,N,N,N,N,N,7:21:00,SHMY,2,7:23:00
16-12-17,HETR_ad_lib,N,N,N,N,Heynea trijuga,N,N,N,N,N,N,7:22:30,SHMY,1,7:23:00
16-12-17,HETR_ad_lib,N,N,N,N,Heynea trijuga,N,N,N,N,N,N,7:22:30,SHMY,1,7:24:50
16-12-17,HETR_ad_lib,N,N,N,N,Heynea trijuga,N,N,N,N,N,N,7:36:02,SHMY,2,7:37:45
16-12-17,HETR_ad_lib,N,N,N,N,Heynea trijuga,N,N,N,N,N,N,10:02:15,SHMY,5,10:03:16
17-12-17,HETR16,0.427,10.34864291,76.93062552,1030.776123,Heynea trijuga,700,20,184,N,6:30:00,11:40:00,7:40:02,AFBL,1,N
17-12-17,HETR16,0.427,10.34864291,76.93062552,1030.776123,Heynea trijuga,700,20,184,N,6:30:00,11:40:00,8:37:40,SHMY,2,8:40:00
17-12-17,HETR16,0.427,10.34864291,76.93062552,1030.776123,Heynea trijuga,700,20,184,N,6:30:00,11:40:00,8:40:00,WCBA,1,9:01:05
17-12-17,HETR16,0.427,10.34864291,76.93062552,1030.776123,Heynea trijuga,700,20,184,N,6:30:00,11:40:00,8:51:40,AFBL,1,8:59:28
18-12-17,HETR17,0.915,10.375232,76.9889,1202.498413,Heynea trijuga,20,21,124,N,6:40:00,11:00:00,N,NONE,0,N
21-12-17,HETR18,0.418,10.34869647,76.93027373,1045.226929,Heynea trijuga,303,24,168,N,6:35:00,12:00:00,6:31:16,MGHO,2,6:32:27
21-12-17,HETR19,0.413,10.34920374,76.93095602,1044.349609,Heynea trijuga,150,24,165,N,13:17:00,17:17:00,14:40:16,BOMA,6,14:42:16
22-12-17,HETR20,0.852,10.33928962,76.96636009,1121.798462,Heynea trijuga,300,23,170,N,6:30:00,12:30:00,N,NONE,0,N
22-12-17,HETR_ad_lib,N,N,N,N,Heynea trijuga,N,N,N,N,N,N,N,SHMY,1,12:03:00
22-12-17,HETR_ad_lib,N,N,N,N,Heynea trijuga,N,N,N,N,N,N,N,SHMY,2,12:05:00
22-12-17,HETR_ad_lib,N,N,N,N,Heynea trijuga,N,N,N,N,N,N,N,SHMY,1,12:14:00
22-12-17,HETR_ad_lib,N,N,N,N,Heynea trijuga,N,N,N,N,N,N,N,SHMY,2,12:26:20
22-12-17,HETR_ad_lib,N,N,N,N,Heynea trijuga,N,N,N,N,N,N,N,SHMY,1,12:36:10
22-12-17,HETR_ad_lib,N,N,N,N,Heynea trijuga,N,N,N,N,N,N,12:38:00,SHMY,2,13:18:59
22-12-17,HETR_ad_lib,N,N,N,N,Heynea trijuga,N,N,N,N,N,N,12:39:00,SHMY,4,13:18:59
30-12-17,CAST09,0,10.36524226,76.93678069,1044.721191,Canarium strictum,356,35,275,N,6:30:00,11:50:00,N,NONE,0,N
01-01-18,HETR21,0.775,10.340227,76.965242,1127.417969,Heynea trijuga,143,15,172,N,13:15:00,17:20:00,N,WCBA,1,14:42:00
01-01-18,HETR21,0.775,10.340227,76.965242,1127.417969,Heynea trijuga,143,15,172,N,13:15:00,17:20:00,14:52:00,SHMY,2,15:00:00
01-01-18,HETR21,0.775,10.340227,76.965242,1127.417969,Heynea trijuga,143,15,172,N,13:15:00,17:20:00,15:24:10,WCBA,1,15:32:41
01-01-18,HETR21,0.775,10.340227,76.965242,1127.417969,Heynea trijuga,143,15,172,N,13:15:00,17:20:00,N,WCBA,1,N
01-01-18,HETR21,0.775,10.340227,76.965242,1127.417969,Heynea trijuga,143,15,172,N,13:15:00,17:20:00,16:41:00,UNID,1,16:43:00
01-01-18,HETR21,0.775,10.340227,76.965242,1127.417969,Heynea trijuga,143,15,172,N,13:15:00,17:20:00,16:47:53,MGSQ,1,17:01:33
02-01-18,HETR22,0.274,10.31344872,76.91191913,1123.242432,Heynea trijuga,377,17,136,N,6:35:00,11:50:00,8:07:00,MIPI,1,8:22:08
02-01-18,HETR22,0.274,10.31344872,76.91191913,1123.242432,Heynea trijuga,377,17,136,N,6:35:00,11:50:00,8:08:00,MIPI,1,8:16:36
02-01-18,HETR22,0.274,10.31344872,76.91191913,1123.242432,Heynea trijuga,377,17,136,N,6:35:00,11:50:00,8:09:00,MGHO,2,8:13:22
02-01-18,HETR22,0.274,10.31344872,76.91191913,1123.242432,Heynea trijuga,377,17,136,N,6:35:00,11:50:00,8:20:03,MIPI,1,8:22:08
02-01-18,HETR22,0.274,10.31344872,76.91191913,1123.242432,Heynea trijuga,377,17,136,N,6:35:00,11:50:00,9:22:16,WCBA,1,9:23:27
02-01-18,HETR22,0.274,10.31344872,76.91191913,1123.242432,Heynea trijuga,377,17,136,N,6:35:00,11:50:00,9:22:42,WCBA,1,9:23:42
02-01-18,HETR23,0.006,10.302485,76.909864,1081.008179,Heynea trijuga,817,14,140,N,12:30:00,17:00:00,N,NONE,0,N
03-01-18,HETR24,0.624,10.35722296,76.91855793,1147.897339,Heynea trijuga,130,19,95,N,6:40:00,11:45:00,N,NONE,0,N
04-01-18,HETR25,0.371,10.34897458,76.93327722,1054.852417,Heynea trijuga,401,25,195,N,6:30:00,12:15:00,6:47:57,MGHO,1,6:47:59
04-01-18,HETR25,0.371,10.34897458,76.93327722,1054.852417,Heynea trijuga,401,25,195,N,6:30:00,12:15:00,6:47:57,MGHO,1,6:48:43
04-01-18,HETR25,0.371,10.34897458,76.93327722,1054.852417,Heynea trijuga,401,25,195,N,6:30:00,12:15:00,6:48:44,MGHO,2,6:49:59
04-01-18,HETR25,0.371,10.34897458,76.93327722,1054.852417,Heynea trijuga,401,25,195,N,6:30:00,12:15:00,7:20:02,MGSQ,1,7:36:06
04-01-18,HETR26,0.428,10.34856252,76.93137855,1043.757568,Heynea trijuga,1080,25,179,N,13:30:00,17:32:00,14:46:11,SHMY,4,15:05:24
04-01-18,HETR26,0.428,10.34856252,76.93137855,1043.757568,Heynea trijuga,1080,25,179,N,13:30:00,17:32:00,14:56:52,SHMY,2,15:01:50
04-01-18,HETR26,0.428,10.34856252,76.93137855,1043.757568,Heynea trijuga,1080,25,179,N,13:30:00,17:32:00,N,SHMY,1,15:08:36
04-01-18,HETR26,0.428,10.34856252,76.93137855,1043.757568,Heynea trijuga,1080,25,179,N,13:30:00,17:32:00,N,BOMA,1,17:21:00
04-01-18,HETR26,0.428,10.34856252,76.93137855,1043.757568,Heynea trijuga,1080,25,179,N,13:30:00,17:32:00,N,WCBA,1,17:21:12
04-01-18,HETR26,0.428,10.34856252,76.93137855,1043.757568,Heynea trijuga,1080,25,179,N,13:30:00,17:32:00,17:29:00,BOMA,1,17:32:00
06-01-18,HETR27,0.666,10.315309,76.835237,1011.753296,Heynea trijuga,40,11,99,N,6:30:00,11:40:00,6:50:46,SHMY,10,6:51:20
06-01-18,HETR28,0.773,10.30932181,76.83336544,888.745605,Heynea trijuga,450,11,117,N,12:30:00,17:00:00,16:24:00,SHMY,1,16:25:55
06-01-18,HETR28,0.773,10.30932181,76.83336544,888.745605,Heynea trijuga,450,11,117,N,12:30:00,17:00:00,16:25:55,SHMY,1,16:40:27
07-01-18,PEMA01,0.127,10.349573,76.916515,1180.624023,Persea macrantha,600,24,215,N,6:35:00,11:45:00,8:03:36,SHMY,5,8:04:36
07-01-18,PEMA01,0.127,10.349573,76.916515,1180.624023,Persea macrantha,600,24,215,N,6:35:00,11:45:00,7:38:24,WCBA,1,7:49:34
07-01-18,PEMA01,0.127,10.349573,76.916515,1180.624023,Persea macrantha,600,24,215,N,6:35:00,11:45:00,7:43:50,AFBL,1,7:49:23
07-01-18,PEMA01,0.127,10.349573,76.916515,1180.624023,Persea macrantha,600,24,215,N,6:35:00,11:45:00,7:44:00,WCBA,1,N
07-01-18,PEMA01,0.127,10.349573,76.916515,1180.624023,Persea macrantha,600,24,215,N,6:35:00,11:45:00,8:19:40,SHMY,2,8:31:00
07-01-18,PEMA01,0.127,10.349573,76.916515,1180.624023,Persea macrantha,600,24,215,N,6:35:00,11:45:00,8:36:00,WCBA,1,8:41:00
07-01-18,PEMA01,0.127,10.349573,76.916515,1180.624023,Persea macrantha,600,24,215,N,6:35:00,11:45:00,8:36:42,WCBA,1,8:43:00
07-01-18,PEMA01,0.127,10.349573,76.916515,1180.624023,Persea macrantha,600,24,215,N,6:35:00,11:45:00,8:36:42,WCBA,1,9:51:28
07-01-18,PEMA01,0.127,10.349573,76.916515,1180.624023,Persea macrantha,600,24,215,N,6:35:00,11:45:00,7:04:00,MGHO,1,7:09:39
07-01-18,PEMA01,0.127,10.349573,76.916515,1180.624023,Persea macrantha,600,24,215,N,6:35:00,11:45:00,7:04:00,MGHO,1,7:07:16
07-01-18,PEMA01,0.127,10.349573,76.916515,1180.624023,Persea macrantha,600,24,215,N,6:35:00,11:45:00,7:07:38,SHMY,2,7:08:16
07-01-18,PEMA01,0.127,10.349573,76.916515,1180.624023,Persea macrantha,600,24,215,N,6:35:00,11:45:00,7:08:40,SHMY,2,7:10:10
07-01-18,PEMA01,0.127,10.349573,76.916515,1180.624023,Persea macrantha,600,24,215,N,6:35:00,11:45:00,7:08:56,WCBA,1,7:24:21
07-01-18,PEMA01,0.127,10.349573,76.916515,1180.624023,Persea macrantha,600,24,215,N,6:35:00,11:45:00,7:08:56,WCBA,1,7:11:13
07-01-18,PEMA01,0.127,10.349573,76.916515,1180.624023,Persea macrantha,600,24,215,N,6:35:00,11:45:00,9:07:09,WCBA,1,9:52:43
07-01-18,PEMA01,0.127,10.349573,76.916515,1180.624023,Persea macrantha,600,24,215,N,6:35:00,11:45:00,10:59:00,WCBA,1,11:04:27
08-01-18,HETR29,0.001,10.303803,76.90975,1081.128296,Heynea trijuga,663,14,146,N,6:15:00,11:40:00,N,NONE,0,N
08-01-18,HETR30,0.846,10.340537,76.966128,1111.609253,Heynea trijuga,1900,15,125,N,13:00:00,17:00:00,N,NONE,0,N
10-01-18,HETR31,0.843,10.34101848,76.96645414,1129.046143,Heynea trijuga,1052,17,137,N,6:35:00,11:45:00,8:21:16,MIPI,1,8:21:36
10-01-18,HETR32,0.41,10.34699025,76.92948843,1013.448425,Heynea trijuga,900,18,184,N,12:50:00,17:10:00,16:00:00,AFBL,1,16:04:00
11-01-18,HETR33,0.638,10.35567968,76.89274284,800.491455,Heynea trijuga,20,20,130,N,12:50:00,17:05:00,N,SHMY,2,13:54:00
11-01-18,HETR33,0.638,10.35567968,76.89274284,800.491455,Heynea trijuga,20,20,130,N,12:50:00,17:05:00,N,SHMY,10,13:55:40
11-01-18,HETR33,0.638,10.35567968,76.89274284,800.491455,Heynea trijuga,20,20,130,N,12:50:00,17:05:00,N,SHMY,2,13:55:40
11-01-18,HETR33,0.638,10.35567968,76.89274284,800.491455,Heynea trijuga,20,20,130,N,12:50:00,17:05:00,13:30:07,SHMY,2,13:32:23
11-01-18,HETR33,0.638,10.35567968,76.89274284,800.491455,Heynea trijuga,20,20,130,N,12:50:00,17:05:00,13:31:00,SHMY,4,13:36:55
11-01-18,HETR33,0.638,10.35567968,76.89274284,800.491455,Heynea trijuga,20,20,130,N,12:50:00,17:05:00,13:32:00,SHMY,2,13:46:00
11-01-18,HETR33,0.638,10.35567968,76.89274284,800.491455,Heynea trijuga,20,20,130,N,12:50:00,17:05:00,13:55:50,SHMY,2,13:59:50
11-01-18,HETR33,0.638,10.35567968,76.89274284,800.491455,Heynea trijuga,20,20,130,N,12:50:00,17:05:00,14:04:35,SHMY,2,14:05:00
11-01-18,HETR33,0.638,10.35567968,76.89274284,800.491455,Heynea trijuga,20,20,130,N,12:50:00,17:05:00,14:05:19,SHMY,2,14:10:30
11-01-18,HETR33,0.638,10.35567968,76.89274284,800.491455,Heynea trijuga,20,20,130,N,12:50:00,17:05:00,14:07:01,SHMY,2,14:10:30
11-01-18,HETR33,0.638,10.35567968,76.89274284,800.491455,Heynea trijuga,20,20,130,N,12:50:00,17:05:00,14:07:16,SHMY,2,14:10:30
11-01-18,HETR33,0.638,10.35567968,76.89274284,800.491455,Heynea trijuga,20,20,130,N,12:50:00,17:05:00,14:30:22,SHMY,10,14:31:22
11-01-18,HETR33,0.638,10.35567968,76.89274284,800.491455,Heynea trijuga,20,20,130,N,12:50:00,17:05:00,14:52:33,SHMY,2,14:58:31
11-01-18,HETR33,0.638,10.35567968,76.89274284,800.491455,Heynea trijuga,20,20,130,N,12:50:00,17:05:00,15:01:44,SHMY,2,15:03:14
11-01-18,HETR33,0.638,10.35567968,76.89274284,800.491455,Heynea trijuga,20,20,130,N,12:50:00,17:05:00,15:02:00,SHMY,3,15:03:14
11-01-18,HETR33,0.638,10.35567968,76.89274284,800.491455,Heynea trijuga,20,20,130,N,12:50:00,17:05:00,15:15:45,SHMY,2,15:17:40
11-01-18,HETR33,0.638,10.35567968,76.89274284,800.491455,Heynea trijuga,20,20,130,N,12:50:00,17:05:00,15:15:45,SHMY,3,15:18:26
11-01-18,HETR33,0.638,10.35567968,76.89274284,800.491455,Heynea trijuga,20,20,130,N,12:50:00,17:05:00,15:15:45,SHMY,2,15:20:16
11-01-18,HETR33,0.638,10.35567968,76.89274284,800.491455,Heynea trijuga,20,20,130,N,12:50:00,17:05:00,N,AFBL,1,15:17:40
11-01-18,HETR33,0.638,10.35567968,76.89274284,800.491455,Heynea trijuga,20,20,130,N,12:50:00,17:05:00,15:23:26,SHMY,2,15:24:18
11-01-18,HETR33,0.638,10.35567968,76.89274284,800.491455,Heynea trijuga,20,20,130,N,12:50:00,17:05:00,15:23:26,SHMY,3,15:25:10
11-01-18,HETR33,0.638,10.35567968,76.89274284,800.491455,Heynea trijuga,20,20,130,N,12:50:00,17:05:00,15:23:26,SHMY,2,15:26:15
11-01-18,HETR33,0.638,10.35567968,76.89274284,800.491455,Heynea trijuga,20,20,130,N,12:50:00,17:05:00,15:25:00,SHMY,2,15:28:41
11-01-18,HETR33,0.638,10.35567968,76.89274284,800.491455,Heynea trijuga,20,20,130,N,12:50:00,17:05:00,15:27:19,SHMY,1,15:36:31
11-01-18,HETR33,0.638,10.35567968,76.89274284,800.491455,Heynea trijuga,20,20,130,N,12:50:00,17:05:00,15:27:19,SHMY,1,15:36:55
11-01-18,HETR33,0.638,10.35567968,76.89274284,800.491455,Heynea trijuga,20,20,130,N,12:50:00,17:05:00,15:28:00,SHMY,1,15:36:55
11-01-18,HETR33,0.638,10.35567968,76.89274284,800.491455,Heynea trijuga,20,20,130,N,12:50:00,17:05:00,15:28:00,SHMY,1,15:36:55
11-01-18,HETR33,0.638,10.35567968,76.89274284,800.491455,Heynea trijuga,20,20,130,N,12:50:00,17:05:00,15:28:00,SHMY,1,15:37:13
11-01-18,HETR33,0.638,10.35567968,76.89274284,800.491455,Heynea trijuga,20,20,130,N,12:50:00,17:05:00,15:29:00,SHMY,2,15:31:40
11-01-18,HETR33,0.638,10.35567968,76.89274284,800.491455,Heynea trijuga,20,20,130,N,12:50:00,17:05:00,15:37:13,SHMY,2,15:39:14
11-01-18,HETR33,0.638,10.35567968,76.89274284,800.491455,Heynea trijuga,20,20,130,N,12:50:00,17:05:00,15:39:27,SHMY,6,15:46:11
11-01-18,HETR33,0.638,10.35567968,76.89274284,800.491455,Heynea trijuga,20,20,130,N,12:50:00,17:05:00,16:01:00,SHMY,2,16:03:24
11-01-18,HETR33,0.638,10.35567968,76.89274284,800.491455,Heynea trijuga,20,20,130,N,12:50:00,17:05:00,16:31:43,SHMY,2,16:35:59
13-01-18,HETR34,0.857,10.34082871,76.96666352,1126.396851,Heynea trijuga,402,13,118,N,13:10:00,17:12:00,N,NONE,0,N
13-01-18,HETR_ad_lib,N,N,N,N,Heynea trijuga,N,N,N,N,N,N,13:23:43,SHMY,4,13:33:20
13-01-18,HETR_ad_lib,N,N,N,N,Heynea trijuga,N,N,N,N,N,N,N,SHMY,1,13:33:20
15-01-18,CAST10,0.678,10.37711489,76.99207325,1265.21936,Canarium strictum,210,26,213,N,6:40:00,11:50:00,N,NONE,0,N
17-01-18,CAST_ad_lib,N,N,N,N,Canarium strictum,N,N,N,N,N,N,8:38:23,MIPI,1,8:47:05
17-01-18,CAST_ad_lib,N,N,N,N,Canarium strictum,N,N,N,N,N,N,N,MIPI,1,8:47:05
17-01-18,HETR35,0.389,10.349334,76.930447,1024.038818,Heynea trijuga,725,22,140,N,12:19:00,17:05:00,12:19:33,WCBA,1,12:20:54
18-01-18,CAST11,0.366,10.401223,76.991534,1252.701416,Canarium strictum,300,20,215,N,6:40:00,12:00:00,N,NONE,0,N
19-01-18,CAST12,0.904,10.37242899,76.98615211,1095.28894,Canarium strictum,112,37,176,N,12:50:00,17:00:00,N,NONE,0,N
20-01-18,HETR_ad_lib,N,N,N,N,Heynea trijuga,N,N,N,N,N,N,8:28:00,SHMY,6,8:36:00
20-01-18,HETR_ad_lib,N,N,N,N,Heynea trijuga,N,N,N,N,N,N,8:32:00,SHMY,2,8:36:00
20-01-18,HETR_ad_lib,N,N,N,N,Heynea trijuga,N,N,N,N,N,N,8:34:37,SHMY,4,8:36:00
20-01-18,HETR_ad_lib,N,N,N,N,Heynea trijuga,N,N,N,N,N,N,8:34:40,SHMY,2,8:37:00
20-01-18,HETR_ad_lib,N,N,N,N,Heynea trijuga,N,N,N,N,N,N,8:34:40,SHMY,2,8:36:00
20-01-18,HETR_ad_lib,N,N,N,N,Heynea trijuga,N,N,N,N,N,N,8:34:40,SHMY,2,8:37:00
20-01-18,HETR_ad_lib,N,N,N,N,Heynea trijuga,N,N,N,N,N,N,8:58:00,SHMY,6,9:00:00
22-01-18,HETR36,0.816,10.33885846,76.96621324,1125.5979,Heynea trijuga,600,14,131,N,12:50:00,17:00:00,N,NONE,0,N
23-01-18,CAST13,0.832,10.3649012,76.99827335,1384.91,Canarium strictum,45,20,91,N,12:50:00,17:00:00,N,NONE,0,N
24-01-18,CAST14,0.366,10.35772964,76.92799537,994.94,Canarium strictum,200,23,148,N,12:50:00,17:00:00,N,NONE,0,N
25-01-18,CAST15,0.777,10.36404608,76.99816832,1357.598022,Canarium strictum,220,32,147,N,13:00:00,17:00:00,N,NONE,0,N
27-01-18,CAST16,0.517,10.34706208,76.89803618,979.105957,Canarium strictum,30,30,220,N,12:30:00,17:00:00,N,NONE,0,N
29-01-18,CAST17,0.137,10.34994847,76.91674568,1179.299561,Canarium strictum,210,21,122,N,12:55:00,17:00:00,N,NONE,0,N
30-01-18,CAST18,0.402,10.34842322,76.93261187,1025.538818,Canarium strictum,280,32,179,N,12:40:00,17:00:00,N,NONE,0,N
31-01-18,CAST19,0.217,10.35453698,76.91597052,1114.977051,Canarium strictum,471,37,295,N,10:15:00,17:00:00,N,NONE,0,N
01-02-18,CAST20,0.027,10.358681,76.933578,1010.082703,Canarium strictum,800,30,218,N,6:20:00,11:33:00,N,NONE,0,N
02-02-18,CAST21,0.727,10.36570217,76.99682713,1348.158569,Canarium strictum,400,40,351,N,12:25:00,17:00:00,15:10:00,MIPI,1,15:10:20
03-02-18,PEMA02,0.176,10.35091834,76.91794261,1195.246094,Persea macrantha,220,22,271,N,12:15:00,17:22:00,N,MGHO,1,N
03-02-18,PEMA02,0.176,10.35091834,76.91794261,1195.246094,Persea macrantha,220,22,271,N,12:15:00,17:22:00,N,WCBA,1,14:04:56
03-02-18,PEMA02,0.176,10.35091834,76.91794261,1195.246094,Persea macrantha,220,22,271,N,12:15:00,17:22:00,14:04:56,SHMY,2,14:12:39
03-02-18,PEMA02,0.176,10.35091834,76.91794261,1195.246094,Persea macrantha,220,22,271,N,12:15:00,17:22:00,14:42:44,SHMY,2,14:53:24
03-02-18,PEMA02,0.176,10.35091834,76.91794261,1195.246094,Persea macrantha,220,22,271,N,12:15:00,17:22:00,14:37:00,SHMY,2,14:42:24
03-02-18,PEMA02,0.176,10.35091834,76.91794261,1195.246094,Persea macrantha,220,22,271,N,12:15:00,17:22:00,16:29:33,STBU,1,16:30:40
03-02-18,PEMA02,0.176,10.35091834,76.91794261,1195.246094,Persea macrantha,220,22,271,N,12:15:00,17:22:00,16:32:11,SHMY,1,16:44:00
03-02-18,PEMA02,0.176,10.35091834,76.91794261,1195.246094,Persea macrantha,220,22,271,N,12:15:00,17:22:00,16:32:11,SHMY,1,16:45:42
03-02-18,PEMA02,0.176,10.35091834,76.91794261,1195.246094,Persea macrantha,220,22,271,N,12:15:00,17:22:00,16:34:08,WCBA,1,16:55:00
03-02-18,PEMA02,0.176,10.35091834,76.91794261,1195.246094,Persea macrantha,220,22,271,N,12:15:00,17:22:00,16:36:00,MGHO,1,16:45:42
03-02-18,PEMA02,0.176,10.35091834,76.91794261,1195.246094,Persea macrantha,220,22,271,N,12:15:00,17:22:00,16:41:33,WCBA,1,16:56:23
03-02-18,PEMA02,0.176,10.35091834,76.91794261,1195.246094,Persea macrantha,220,22,271,N,12:15:00,17:22:00,16:43:57,WCBA,1,16:57:13
03-02-18,PEMA02,0.176,10.35091834,76.91794261,1195.246094,Persea macrantha,220,22,271,N,12:15:00,17:22:00,16:43:57,SHMY,1,16:45:42
03-02-18,PEMA02,0.176,10.35091834,76.91794261,1195.246094,Persea macrantha,220,22,271,N,12:15:00,17:22:00,16:43:57,SHMY,1,16:52:21
03-02-18,PEMA02,0.176,10.35091834,76.91794261,1195.246094,Persea macrantha,220,22,271,N,12:15:00,17:22:00,16:44:00,SHMY,1,16:52:21
03-02-18,PEMA02,0.176,10.35091834,76.91794261,1195.246094,Persea macrantha,220,22,271,N,12:15:00,17:22:00,16:44:00,SHMY,1,16:53:00
03-02-18,PEMA02,0.176,10.35091834,76.91794261,1195.246094,Persea macrantha,220,22,271,N,12:15:00,17:22:00,16:39:48,YBBU,2,16:46:48
03-02-18,PEMA02,0.176,10.35091834,76.91794261,1195.246094,Persea macrantha,220,22,271,N,12:15:00,17:22:00,N,SHMY,1,16:53:00
03-02-18,PEMA02,0.176,10.35091834,76.91794261,1195.246094,Persea macrantha,220,22,271,N,12:15:00,17:22:00,N,WCBA,1,16:59:03
03-02-18,PEMA02,0.176,10.35091834,76.91794261,1195.246094,Persea macrantha,220,22,271,N,12:15:00,17:22:00,N,WCBA,1,17:01:15
03-02-18,PEMA02,0.176,10.35091834,76.91794261,1195.246094,Persea macrantha,220,22,271,N,12:15:00,17:22:00,N,WCBA,1,17:02:05
07-02-18,CAST22,0.162,10.35414227,76.91635408,1142.243652,Canarium strictum,365,25,248,N,6:35:00,11:35:00,N,NONE,0,N
08-02-18,CAST23,0.912,10.37099124,76.99324035,1329.03,Canarium strictum,1000,31,305,N,6:22:00,11:45:00,8:55:50,MIPI,1,9:06:40
08-02-18,CAST24,0.699,10.36008404,76.99823211,1268.97,Canarium strictum,1000,33,290,N,12:13:00,17:05:00,N,NONE,0,N
13-02-18,CAST25,0.218,10.34254457,76.89992244,1087.748047,Canarium strictum,1200,25,242,N,12:45:00,17:00:00,15:54:55,MGSQ,1,15:55:55
22-02-18,PEMA_ad_lib,N,N,N,N,Persea macrantha,N,N,N,N,N,N,8:58:00,MGSQ,1,N
24-02-18,CAST26,0.562,10.35671242,76.91844285,1139.187012,Canarium strictum,500,41,227,N,6:40:00,11:45:00,N,NONE,0,N
24-02-18,CAST27,0.472,10.35636188,76.91678784,1134.45874,Canarium strictum,300,37,232,N,12:40:00,17:00:00,N,NONE,0,N
26-02-18,CAST28,0.622,10.35748087,76.91709353,1142.381714,Canarium strictum,242,33,234,N,12:00:00,17:05:00,N,NONE,0,N
27-02-18,PEMA03,0.954,10.31522543,76.8312283,982.833252,Persea macrantha,150,26,167,N,12:00:00,17:15:00,12:30:00,STBU,4,12:30:30
27-02-18,PEMA03,0.954,10.31522543,76.8312283,982.833252,Persea macrantha,150,26,167,N,12:00:00,17:15:00,14:53:39,MGSQ,1,16:13:18
27-02-18,PEMA03,0.954,10.31522543,76.8312283,982.833252,Persea macrantha,150,26,167,N,12:00:00,17:15:00,17:03:00,SHMY,1,17:09:00
01-03-18,CAST29,0.42,10.290849,77.01235,1118.990723,Canarium strictum,688,29,285,N,7:05:00,12:05:00,N,NONE,0,N
01-03-18,CAST30,0.636,10.292474,77.016464,1076.792847,Canarium strictum,800,36,350,N,12:35:00,16:35:00,13:18:02,LTMA,1,13:44:39
08-03-18,PEMA04,0.843,10.34109492,76.966545,1130.328613,Persea macrantha,15,16,195,N,12:19:00,17:00:00,13:06:50,SHMY,2,13:07:58
08-03-18,PEMA04,0.843,10.34109492,76.966545,1130.328613,Persea macrantha,15,16,195,N,12:19:00,17:00:00,14:51:00,SHMY,1,14:53:00
08-03-18,PEMA04,0.843,10.34109492,76.966545,1130.328613,Persea macrantha,15,16,195,N,12:19:00,17:00:00,14:51:00,SHMY,1,15:12:00
08-03-18,PEMA04,0.843,10.34109492,76.966545,1130.328613,Persea macrantha,15,16,195,N,12:19:00,17:00:00,15:38:00,MGHO,1,15:38:20
13-03-18,PEMA05,0.007,10.30105641,76.90933624,1073.915283,Persea macrantha,20,19,169,N,11:33:00,17:05:00,11:33:00,SHMY,1,11:40:00
13-03-18,PEMA05,0.007,10.30105641,76.90933624,1073.915283,Persea macrantha,20,19,169,N,11:33:00,17:05:00,11:33:00,SHMY,2,11:41:00
13-03-18,PEMA05,0.007,10.30105641,76.90933624,1073.915283,Persea macrantha,20,19,169,N,11:33:00,17:05:00,11:33:00,SHMY,1,11:41:54
13-03-18,PEMA05,0.007,10.30105641,76.90933624,1073.915283,Persea macrantha,20,19,169,N,11:33:00,17:05:00,11:33:00,SHMY,1,11:43:13
13-03-18,PEMA05,0.007,10.30105641,76.90933624,1073.915283,Persea macrantha,20,19,169,N,11:33:00,17:05:00,N,SHMY,1,11:44:24
13-03-18,PEMA05,0.007,10.30105641,76.90933624,1073.915283,Persea macrantha,20,19,169,N,11:33:00,17:05:00,N,SHMY,2,11:45:26
13-03-18,PEMA05,0.007,10.30105641,76.90933624,1073.915283,Persea macrantha,20,19,169,N,11:33:00,17:05:00,11:45:36,SHMY,2,11:46:53
13-03-18,PEMA05,0.007,10.30105641,76.90933624,1073.915283,Persea macrantha,20,19,169,N,11:33:00,17:05:00,11:45:36,SHMY,1,11:47:59
13-03-18,PEMA05,0.007,10.30105641,76.90933624,1073.915283,Persea macrantha,20,19,169,N,11:33:00,17:05:00,11:45:36,SHMY,1,11:56:11
13-03-18,PEMA05,0.007,10.30105641,76.90933624,1073.915283,Persea macrantha,20,19,169,N,11:33:00,17:05:00,11:47:09,RWBU,1,11:51:27
13-03-18,PEMA05,0.007,10.30105641,76.90933624,1073.915283,Persea macrantha,20,19,169,N,11:33:00,17:05:00,11:47:12,WCBA,1,11:52:13
13-03-18,PEMA05,0.007,10.30105641,76.90933624,1073.915283,Persea macrantha,20,19,169,N,11:33:00,17:05:00,11:50:44,SHMY,1,11:59:29
13-03-18,PEMA05,0.007,10.30105641,76.90933624,1073.915283,Persea macrantha,20,19,169,N,11:33:00,17:05:00,11:52:50,WCBA,1,11:58:44
13-03-18,PEMA05,0.007,10.30105641,76.90933624,1073.915283,Persea macrantha,20,19,169,N,11:33:00,17:05:00,11:55:00,WCBA,1,11:59:29
13-03-18,PEMA05,0.007,10.30105641,76.90933624,1073.915283,Persea macrantha,20,19,169,N,11:33:00,17:05:00,11:55:00,WCBA,1,12:06:33
13-03-18,PEMA05,0.007,10.30105641,76.90933624,1073.915283,Persea macrantha,20,19,169,N,11:33:00,17:05:00,11:56:23,SHMY,1,11:59:29
13-03-18,PEMA05,0.007,10.30105641,76.90933624,1073.915283,Persea macrantha,20,19,169,N,11:33:00,17:05:00,11:59:28,SHMY,1,11:59:29
13-03-18,PEMA05,0.007,10.30105641,76.90933624,1073.915283,Persea macrantha,20,19,169,N,11:33:00,17:05:00,11:59:28,SHMY,1,12:00:27
13-03-18,PEMA05,0.007,10.30105641,76.90933624,1073.915283,Persea macrantha,20,19,169,N,11:33:00,17:05:00,12:00:52,SHMY,1,12:01:28
13-03-18,PEMA05,0.007,10.30105641,76.90933624,1073.915283,Persea macrantha,20,19,169,N,11:33:00,17:05:00,12:00:52,SHMY,2,12:01:54
13-03-18,PEMA05,0.007,10.30105641,76.90933624,1073.915283,Persea macrantha,20,19,169,N,11:33:00,17:05:00,12:01:28,SHMY,1,12:01:54
13-03-18,PEMA05,0.007,10.30105641,76.90933624,1073.915283,Persea macrantha,20,19,169,N,11:33:00,17:05:00,12:01:28,SHMY,1,12:02:26
13-03-18,PEMA05,0.007,10.30105641,76.90933624,1073.915283,Persea macrantha,20,19,169,N,11:33:00,17:05:00,12:02:21,SHMY,3,12:02:26
13-03-18,PEMA05,0.007,10.30105641,76.90933624,1073.915283,Persea macrantha,20,19,169,N,11:33:00,17:05:00,12:02:21,SHMY,1,12:03:24
13-03-18,PEMA05,0.007,10.30105641,76.90933624,1073.915283,Persea macrantha,20,19,169,N,11:33:00,17:05:00,12:03:17,SHMY,1,12:04:22
13-03-18,PEMA05,0.007,10.30105641,76.90933624,1073.915283,Persea macrantha,20,19,169,N,11:33:00,17:05:00,12:03:17,SHMY,2,12:05:50
13-03-18,PEMA05,0.007,10.30105641,76.90933624,1073.915283,Persea macrantha,20,19,169,N,11:33:00,17:05:00,12:03:17,SHMY,1,12:06:14
13-03-18,PEMA05,0.007,10.30105641,76.90933624,1073.915283,Persea macrantha,20,19,169,N,11:33:00,17:05:00,N,WCBA,1,12:16:49
13-03-18,PEMA05,0.007,10.30105641,76.90933624,1073.915283,Persea macrantha,20,19,169,N,11:33:00,17:05:00,12:08:57,RWBU,1,12:11:20
13-03-18,PEMA05,0.007,10.30105641,76.90933624,1073.915283,Persea macrantha,20,19,169,N,11:33:00,17:05:00,12:20:52,INBL,1,12:22:00
13-03-18,PEMA05,0.007,10.30105641,76.90933624,1073.915283,Persea macrantha,20,19,169,N,11:33:00,17:05:00,12:22:40,INBL,1,12:26:11
13-03-18,PEMA05,0.007,10.30105641,76.90933624,1073.915283,Persea macrantha,20,19,169,N,11:33:00,17:05:00,12:22:40,INBL,1,12:26:39
13-03-18,PEMA05,0.007,10.30105641,76.90933624,1073.915283,Persea macrantha,20,19,169,N,11:33:00,17:05:00,12:22:40,INBL,1,12:26:49
13-03-18,PEMA05,0.007,10.30105641,76.90933624,1073.915283,Persea macrantha,20,19,169,N,11:33:00,17:05:00,12:22:40,INBL,1,12:27:15
13-03-18,PEMA05,0.007,10.30105641,76.90933624,1073.915283,Persea macrantha,20,19,169,N,11:33:00,17:05:00,N,INBL,1,12:29:19
13-03-18,PEMA05,0.007,10.30105641,76.90933624,1073.915283,Persea macrantha,20,19,169,N,11:33:00,17:05:00,12:51:33,WCBA,1,13:25:45
13-03-18,PEMA05,0.007,10.30105641,76.90933624,1073.915283,Persea macrantha,20,19,169,N,11:33:00,17:05:00,12:51:33,WCBA,1,13:25:45
13-03-18,PEMA05,0.007,10.30105641,76.90933624,1073.915283,Persea macrantha,20,19,169,N,11:33:00,17:05:00,13:19:52,WCBA,1,13:25:45
13-03-18,PEMA05,0.007,10.30105641,76.90933624,1073.915283,Persea macrantha,20,19,169,N,11:33:00,17:05:00,13:24:20,WCBA,1,13:34:45
13-03-18,PEMA05,0.007,10.30105641,76.90933624,1073.915283,Persea macrantha,20,19,169,N,11:33:00,17:05:00,13:33:01,WCBA,1,13:38:01
13-03-18,PEMA05,0.007,10.30105641,76.90933624,1073.915283,Persea macrantha,20,19,169,N,11:33:00,17:05:00,13:35:01,WCBA,1,13:52:41
13-03-18,PEMA05,0.007,10.30105641,76.90933624,1073.915283,Persea macrantha,20,19,169,N,11:33:00,17:05:00,13:42:48,WCBA,1,13:52:41
13-03-18,PEMA05,0.007,10.30105641,76.90933624,1073.915283,Persea macrantha,20,19,169,N,11:33:00,17:05:00,13:42:00,SHMY,2,13:45:31
13-03-18,PEMA05,0.007,10.30105641,76.90933624,1073.915283,Persea macrantha,20,19,169,N,11:33:00,17:05:00,13:52:01,WCBA,1,13:58:40
13-03-18,PEMA05,0.007,10.30105641,76.90933624,1073.915283,Persea macrantha,20,19,169,N,11:33:00,17:05:00,13:52:41,WCBA,1,14:01:05
13-03-18,PEMA05,0.007,10.30105641,76.90933624,1073.915283,Persea macrantha,20,19,169,N,11:33:00,17:05:00,13:58:30,WCBA,1,14:07:49
13-03-18,PEMA05,0.007,10.30105641,76.90933624,1073.915283,Persea macrantha,20,19,169,N,11:33:00,17:05:00,13:58:30,WCBA,1,14:12:45
13-03-18,PEMA05,0.007,10.30105641,76.90933624,1073.915283,Persea macrantha,20,19,169,N,11:33:00,17:05:00,13:58:30,WCBA,1,14:23:26
13-03-18,PEMA05,0.007,10.30105641,76.90933624,1073.915283,Persea macrantha,20,19,169,N,11:33:00,17:05:00,14:00:00,WCBA,1,14:24:04
13-03-18,PEMA05,0.007,10.30105641,76.90933624,1073.915283,Persea macrantha,20,19,169,N,11:33:00,17:05:00,14:06:31,WCBA,1,15:34:00
13-03-18,PEMA05,0.007,10.30105641,76.90933624,1073.915283,Persea macrantha,20,19,169,N,11:33:00,17:05:00,14:20:32,SHMY,2,14:24:04
13-03-18,PEMA05,0.007,10.30105641,76.90933624,1073.915283,Persea macrantha,20,19,169,N,11:33:00,17:05:00,14:21:12,WCBA,1,16:04:20
13-03-18,PEMA05,0.007,10.30105641,76.90933624,1073.915283,Persea macrantha,20,19,169,N,11:33:00,17:05:00,14:21:25,WCBA,1,16:04:29
13-03-18,PEMA05,0.007,10.30105641,76.90933624,1073.915283,Persea macrantha,20,19,169,N,11:33:00,17:05:00,14:27:24,SHMY,2,14:28:56
13-03-18,PEMA05,0.007,10.30105641,76.90933624,1073.915283,Persea macrantha,20,19,169,N,11:33:00,17:05:00,15:35:30,SHMY,1,N
13-03-18,PEMA05,0.007,10.30105641,76.90933624,1073.915283,Persea macrantha,20,19,169,N,11:33:00,17:05:00,16:03:10,RWBU,2,16:04:00
13-03-18,PEMA05,0.007,10.30105641,76.90933624,1073.915283,Persea macrantha,20,19,169,N,11:33:00,17:05:00,16:02:00,RWBU,2,16:03:00
13-03-18,PEMA05,0.007,10.30105641,76.90933624,1073.915283,Persea macrantha,20,19,169,N,11:33:00,17:05:00,16:05:00,MGHO,1,16:07:44
13-03-18,PEMA05,0.007,10.30105641,76.90933624,1073.915283,Persea macrantha,20,19,169,N,11:33:00,17:05:00,16:19:56,SHMY,2,16:21:10
13-03-18,PEMA05,0.007,10.30105641,76.90933624,1073.915283,Persea macrantha,20,19,169,N,11:33:00,17:05:00,16:30:00,WCBA,1,16:35:48
13-03-18,PEMA05,0.007,10.30105641,76.90933624,1073.915283,Persea macrantha,20,19,169,N,11:33:00,17:05:00,16:58:00,WCBA,1,17:16:39
14-03-18,PEMA06,0,10.29946913,76.90402371,1079.685547,Persea macrantha,15,25,204,N,6:39:00,11:43:00,7:06:40,UNID,1,7:09:20
14-03-18,PEMA06,0,10.29946913,76.90402371,1079.685547,Persea macrantha,15,25,204,N,6:39:00,11:43:00,7:16:00,WCBA,2,7:17:50
14-03-18,PEMA06,0,10.29946913,76.90402371,1079.685547,Persea macrantha,15,25,204,N,6:39:00,11:43:00,7:29:00,UNID,1,7:31:00
14-03-18,PEMA06,0,10.29946913,76.90402371,1079.685547,Persea macrantha,15,25,204,N,6:39:00,11:43:00,7:33:36,WCBA,1,7:37:25
14-03-18,PEMA06,0,10.29946913,76.90402371,1079.685547,Persea macrantha,15,25,204,N,6:39:00,11:43:00,7:36:53,WCBA,1,7:41:00
14-03-18,PEMA06,0,10.29946913,76.90402371,1079.685547,Persea macrantha,15,25,204,N,6:39:00,11:43:00,N,RWBU,1,7:37:00
14-03-18,PEMA06,0,10.29946913,76.90402371,1079.685547,Persea macrantha,15,25,204,N,6:39:00,11:43:00,7:36:00,RWBU,4,7:38:04
14-03-18,PEMA06,0,10.29946913,76.90402371,1079.685547,Persea macrantha,15,25,204,N,6:39:00,11:43:00,7:46:00,WCBA,1,7:48:40
14-03-18,PEMA06,0,10.29946913,76.90402371,1079.685547,Persea macrantha,15,25,204,N,6:39:00,11:43:00,7:50:51,WCBA,1,7:52:30
14-03-18,PEMA06,0,10.29946913,76.90402371,1079.685547,Persea macrantha,15,25,204,N,6:39:00,11:43:00,7:54:57,RWBU,2,N
14-03-18,PEMA06,0,10.29946913,76.90402371,1079.685547,Persea macrantha,15,25,204,N,6:39:00,11:43:00,N,WCBA,1,7:55:10
14-03-18,PEMA06,0,10.29946913,76.90402371,1079.685547,Persea macrantha,15,25,204,N,6:39:00,11:43:00,7:57:51,UNID,1,8:03:15
14-03-18,PEMA06,0,10.29946913,76.90402371,1079.685547,Persea macrantha,15,25,204,N,6:39:00,11:43:00,8:10:11,WCBA,1,N
14-03-18,PEMA06,0,10.29946913,76.90402371,1079.685547,Persea macrantha,15,25,204,N,6:39:00,11:43:00,8:15:01,WCBA,1,8:18:35
14-03-18,PEMA06,0,10.29946913,76.90402371,1079.685547,Persea macrantha,15,25,204,N,6:39:00,11:43:00,8:19:38,RWBU,2,8:21:04
14-03-18,PEMA06,0,10.29946913,76.90402371,1079.685547,Persea macrantha,15,25,204,N,6:39:00,11:43:00,8:37:29,WCBA,1,8:42:35
14-03-18,PEMA06,0,10.29946913,76.90402371,1079.685547,Persea macrantha,15,25,204,N,6:39:00,11:43:00,9:11:07,WCBA,1,9:12:13
14-03-18,PEMA06,0,10.29946913,76.90402371,1079.685547,Persea macrantha,15,25,204,N,6:39:00,11:43:00,9:14:00,WCBA,1,9:14:58
14-03-18,PEMA06,0,10.29946913,76.90402371,1079.685547,Persea macrantha,15,25,204,N,6:39:00,11:43:00,9:14:58,WCBA,1,9:16:26
14-03-18,PEMA06,0,10.29946913,76.90402371,1079.685547,Persea macrantha,15,25,204,N,6:39:00,11:43:00,9:19:00,WCBA,1,N
14-03-18,PEMA06,0,10.29946913,76.90402371,1079.685547,Persea macrantha,15,25,204,N,6:39:00,11:43:00,9:39:37,SHMY,2,9:40:37
14-03-18,PEMA06,0,10.29946913,76.90402371,1079.685547,Persea macrantha,15,25,204,N,6:39:00,11:43:00,10:02:44,WCBA,1,10:12:09
14-03-18,PEMA06,0,10.29946913,76.90402371,1079.685547,Persea macrantha,15,25,204,N,6:39:00,11:43:00,10:03:00,WCBA,1,10:16:41
14-03-18,PEMA06,0,10.29946913,76.90402371,1079.685547,Persea macrantha,15,25,204,N,6:39:00,11:43:00,10:51:36,WCBA,1,10:52:01
14-03-18,PEMA06,0,10.29946913,76.90402371,1079.685547,Persea macrantha,15,25,204,N,6:39:00,11:43:00,10:57:00,WCBA,1,11:00:20
14-03-18,PEMA06,0,10.29946913,76.90402371,1079.685547,Persea macrantha,15,25,204,N,6:39:00,11:43:00,11:04:12,WCBA,1,11:05:47
14-03-18,PEMA06,0,10.29946913,76.90402371,1079.685547,Persea macrantha,15,25,204,N,6:39:00,11:43:00,11:07:00,WCBA,1,11:11:33
17-03-18,PEMA07,0.86,10.31575274,76.8324472,1001.438293,Persea macrantha,30,26,214,N,6:30:00,12:39:00,6:28:52,SHMY,5,6:31:25
17-03-18,PEMA07,0.86,10.31575274,76.8324472,1001.438293,Persea macrantha,30,26,214,N,6:30:00,12:39:00,7:14:00,MGHO,1,7:14:36
17-03-18,PEMA07,0.86,10.31575274,76.8324472,1001.438293,Persea macrantha,30,26,214,N,6:30:00,12:39:00,7:15:18,MGHO,1,7:19:43
17-03-18,PEMA07,0.86,10.31575274,76.8324472,1001.438293,Persea macrantha,30,26,214,N,6:30:00,12:39:00,7:59:50,WCBA,1,8:23:28
17-03-18,PEMA07,0.86,10.31575274,76.8324472,1001.438293,Persea macrantha,30,26,214,N,6:30:00,12:39:00,9:51:09,WCBA,1,9:58:13
17-03-18,PEMA07,0.86,10.31575274,76.8324472,1001.438293,Persea macrantha,30,26,214,N,6:30:00,12:39:00,11:06:58,WCBA,1,11:09:17
17-03-18,PEMA07,0.86,10.31575274,76.8324472,1001.438293,Persea macrantha,30,26,214,N,6:30:00,12:39:00,11:08:43,WCBA,1,12:38:04
18-03-18,PEMA08,0.463,10.33878981,76.9631748,1129.820068,Persea macrantha,20,26,223,N,6:38:00,11:38:00,6:38:52,SHMY,1,6:38:53
18-03-18,PEMA08,0.463,10.33878981,76.9631748,1129.820068,Persea macrantha,20,26,223,N,6:38:00,11:38:00,6:40:21,SHMY,1,6:40:41
18-03-18,PEMA08,0.463,10.33878981,76.9631748,1129.820068,Persea macrantha,20,26,223,N,6:38:00,11:38:00,6:48:46,MGHO,1,6:49:56
18-03-18,PEMA08,0.463,10.33878981,76.9631748,1129.820068,Persea macrantha,20,26,223,N,6:38:00,11:38:00,6:56:47,WCBA,1,6:57:17
18-03-18,PEMA08,0.463,10.33878981,76.9631748,1129.820068,Persea macrantha,20,26,223,N,6:38:00,11:38:00,6:56:55,WCBA,1,6:57:16
18-03-18,PEMA08,0.463,10.33878981,76.9631748,1129.820068,Persea macrantha,20,26,223,N,6:38:00,11:38:00,7:06:28,WCBA,1,7:08:05
18-03-18,PEMA08,0.463,10.33878981,76.9631748,1129.820068,Persea macrantha,20,26,223,N,6:38:00,11:38:00,7:07:28,WCBA,1,7:08:29
18-03-18,PEMA08,0.463,10.33878981,76.9631748,1129.820068,Persea macrantha,20,26,223,N,6:38:00,11:38:00,7:08:56,WCBA,1,7:09:56
18-03-18,PEMA08,0.463,10.33878981,76.9631748,1129.820068,Persea macrantha,20,26,223,N,6:38:00,11:38:00,7:10:38,WCBA,1,7:11:36
18-03-18,PEMA08,0.463,10.33878981,76.9631748,1129.820068,Persea macrantha,20,26,223,N,6:38:00,11:38:00,7:18:17,WCBA,1,7:18:36
18-03-18,PEMA08,0.463,10.33878981,76.9631748,1129.820068,Persea macrantha,20,26,223,N,6:38:00,11:38:00,N,UNID,2,7:25:25
18-03-18,PEMA08,0.463,10.33878981,76.9631748,1129.820068,Persea macrantha,20,26,223,N,6:38:00,11:38:00,7:27:47,WCBA,1,7:30:02
18-03-18,PEMA08,0.463,10.33878981,76.9631748,1129.820068,Persea macrantha,20,26,223,N,6:38:00,11:38:00,7:45:00,MGHO,1,7:47:00
18-03-18,PEMA08,0.463,10.33878981,76.9631748,1129.820068,Persea macrantha,20,26,223,N,6:38:00,11:38:00,7:49:01,MGHO,1,7:51:35
18-03-18,PEMA08,0.463,10.33878981,76.9631748,1129.820068,Persea macrantha,20,26,223,N,6:38:00,11:38:00,8:29:26,WCBA,1,8:29:42
18-03-18,PEMA08,0.463,10.33878981,76.9631748,1129.820068,Persea macrantha,20,26,223,N,6:38:00,11:38:00,8:40:06,WCBA,1,8:40:31
18-03-18,PEMA08,0.463,10.33878981,76.9631748,1129.820068,Persea macrantha,20,26,223,N,6:38:00,11:38:00,8:46:42,WCBA,1,8:47:12
18-03-18,PEMA08,0.463,10.33878981,76.9631748,1129.820068,Persea macrantha,20,26,223,N,6:38:00,11:38:00,8:56:20,WCBA,1,8:56:40
18-03-18,PEMA08,0.463,10.33878981,76.9631748,1129.820068,Persea macrantha,20,26,223,N,6:38:00,11:38:00,8:56:42,WCBA,1,8:57:09
18-03-18,PEMA08,0.463,10.33878981,76.9631748,1129.820068,Persea macrantha,20,26,223,N,6:38:00,11:38:00,9:01:42,WCBA,1,9:02:18
18-03-18,PEMA08,0.463,10.33878981,76.9631748,1129.820068,Persea macrantha,20,26,223,N,6:38:00,11:38:00,9:11:40,WCBA,1,9:11:41
18-03-18,PEMA08,0.463,10.33878981,76.9631748,1129.820068,Persea macrantha,20,26,223,N,6:38:00,11:38:00,9:47:48,YBBU,2,9:53:17
18-03-18,PEMA08,0.463,10.33878981,76.9631748,1129.820068,Persea macrantha,20,26,223,N,6:38:00,11:38:00,9:51:30,WCBA,1,9:51:43
18-03-18,PEMA08,0.463,10.33878981,76.9631748,1129.820068,Persea macrantha,20,26,223,N,6:38:00,11:38:00,9:53:17,WCBA,1,9:56:06
18-03-18,PEMA08,0.463,10.33878981,76.9631748,1129.820068,Persea macrantha,20,26,223,N,6:38:00,11:38:00,10:01:00,WCBA,1,10:02:00
18-03-18,PEMA08,0.463,10.33878981,76.9631748,1129.820068,Persea macrantha,20,26,223,N,6:38:00,11:38:00,10:20:39,WCBA,1,10:26:24
20-03-18,PEMA09,1,10.416083,76.87628,697.162476,Persea macrantha,100,20,239,N,7:05:00,12:10:00,N,RWBU,1,N
20-03-18,PEMA09,1,10.416083,76.87628,697.162476,Persea macrantha,100,20,239,N,7:05:00,12:10:00,7:08:08,WCBA,1,7:09:54
20-03-18,PEMA09,1,10.416083,76.87628,697.162476,Persea macrantha,100,20,239,N,7:05:00,12:10:00,7:08:08,YBBU,1,7:19:58
20-03-18,PEMA09,1,10.416083,76.87628,697.162476,Persea macrantha,100,20,239,N,7:05:00,12:10:00,7:11:24,WCBA,1,7:20:23
20-03-18,PEMA09,1,10.416083,76.87628,697.162476,Persea macrantha,100,20,239,N,7:05:00,12:10:00,N,WCBA,1,7:13:00
20-03-18,PEMA09,1,10.416083,76.87628,697.162476,Persea macrantha,100,20,239,N,7:05:00,12:10:00,N,RWBU,1,7:14:59
20-03-18,PEMA09,1,10.416083,76.87628,697.162476,Persea macrantha,100,20,239,N,7:05:00,12:10:00,N,INBL,1,7:16:50
20-03-18,PEMA09,1,10.416083,76.87628,697.162476,Persea macrantha,100,20,239,N,7:05:00,12:10:00,N,INBL,1,7:18:22
20-03-18,PEMA09,1,10.416083,76.87628,697.162476,Persea macrantha,100,20,239,N,7:05:00,12:10:00,N,WCBA,1,7:20:23
20-03-18,PEMA09,1,10.416083,76.87628,697.162476,Persea macrantha,100,20,239,N,7:05:00,12:10:00,7:20:38,WCBA,2,7:20:46
20-03-18,PEMA09,1,10.416083,76.87628,697.162476,Persea macrantha,100,20,239,N,7:05:00,12:10:00,7:20:38,SHMY,2,7:21:19
20-03-18,PEMA09,1,10.416083,76.87628,697.162476,Persea macrantha,100,20,239,N,7:05:00,12:10:00,7:20:38,YBBU,2,7:22:46
20-03-18,PEMA09,1,10.416083,76.87628,697.162476,Persea macrantha,100,20,239,N,7:05:00,12:10:00,N,RWBU,1,7:21:56
20-03-18,PEMA09,1,10.416083,76.87628,697.162476,Persea macrantha,100,20,239,N,7:05:00,12:10:00,N,WCBA,1,7:23:00
20-03-18,PEMA09,1,10.416083,76.87628,697.162476,Persea macrantha,100,20,239,N,7:05:00,12:10:00,7:23:45,RWBU,1,N
20-03-18,PEMA09,1,10.416083,76.87628,697.162476,Persea macrantha,100,20,239,N,7:05:00,12:10:00,7:23:48,WCBA,1,7:27:30
20-03-18,PEMA09,1,10.416083,76.87628,697.162476,Persea macrantha,100,20,239,N,7:05:00,12:10:00,7:24:00,WCBA,1,7:27:45
20-03-18,PEMA09,1,10.416083,76.87628,697.162476,Persea macrantha,100,20,239,N,7:05:00,12:10:00,7:25:30,WCBA,1,N
20-03-18,PEMA09,1,10.416083,76.87628,697.162476,Persea macrantha,100,20,239,N,7:05:00,12:10:00,7:28:18,SHMY,1,7:28:32
20-03-18,PEMA09,1,10.416083,76.87628,697.162476,Persea macrantha,100,20,239,N,7:05:00,12:10:00,7:29:00,SHMY,2,7:29:16
20-03-18,PEMA09,1,10.416083,76.87628,697.162476,Persea macrantha,100,20,239,N,7:05:00,12:10:00,7:31:00,RWBU,1,7:31:16
20-03-18,PEMA09,1,10.416083,76.87628,697.162476,Persea macrantha,100,20,239,N,7:05:00,12:10:00,7:31:42,RWBU,1,7:53:10
20-03-18,PEMA09,1,10.416083,76.87628,697.162476,Persea macrantha,100,20,239,N,7:05:00,12:10:00,7:31:42,OHTH,1,N
20-03-18,PEMA09,1,10.416083,76.87628,697.162476,Persea macrantha,100,20,239,N,7:05:00,12:10:00,7:32:16,IGOR,1,7:33:00
20-03-18,PEMA09,1,10.416083,76.87628,697.162476,Persea macrantha,100,20,239,N,7:05:00,12:10:00,7:34:00,INBL,2,7:35:18
20-03-18,PEMA09,1,10.416083,76.87628,697.162476,Persea macrantha,100,20,239,N,7:05:00,12:10:00,7:36:47,YBBU,2,7:41:09
20-03-18,PEMA09,1,10.416083,76.87628,697.162476,Persea macrantha,100,20,239,N,7:05:00,12:10:00,7:36:47,YBBU,2,7:45:38
20-03-18,PEMA09,1,10.416083,76.87628,697.162476,Persea macrantha,100,20,239,N,7:05:00,12:10:00,7:38:18,WCBA,1,7:41:48
20-03-18,PEMA09,1,10.416083,76.87628,697.162476,Persea macrantha,100,20,239,N,7:05:00,12:10:00,7:37:00,WCBA,1,7:43:48
20-03-18,PEMA09,1,10.416083,76.87628,697.162476,Persea macrantha,100,20,239,N,7:05:00,12:10:00,7:37:00,AFBL,1,7:40:32
20-03-18,PEMA09,1,10.416083,76.87628,697.162476,Persea macrantha,100,20,239,N,7:05:00,12:10:00,7:39:38,WBTR,1,N
20-03-18,PEMA09,1,10.416083,76.87628,697.162476,Persea macrantha,100,20,239,N,7:05:00,12:10:00,7:42:00,YBBU,1,7:46:00
20-03-18,PEMA09,1,10.416083,76.87628,697.162476,Persea macrantha,100,20,239,N,7:05:00,12:10:00,7:44:00,MWTH,1,N
20-03-18,PEMA09,1,10.416083,76.87628,697.162476,Persea macrantha,100,20,239,N,7:05:00,12:10:00,7:45:00,YBBU,1,7:46:00
20-03-18,PEMA09,1,10.416083,76.87628,697.162476,Persea macrantha,100,20,239,N,7:05:00,12:10:00,7:50:43,OHTH,3,N
20-03-18,PEMA09,1,10.416083,76.87628,697.162476,Persea macrantha,100,20,239,N,7:05:00,12:10:00,7:50:43,WCBA,1,N
20-03-18,PEMA09,1,10.416083,76.87628,697.162476,Persea macrantha,100,20,239,N,7:05:00,12:10:00,7:50:43,YBBU,3,N
20-03-18,PEMA09,1,10.416083,76.87628,697.162476,Persea macrantha,100,20,239,N,7:05:00,12:10:00,7:51:34,WCBA,1,7:56:49
20-03-18,PEMA09,1,10.416083,76.87628,697.162476,Persea macrantha,100,20,239,N,7:05:00,12:10:00,7:53:00,YBBU,1,7:55:03
20-03-18,PEMA09,1,10.416083,76.87628,697.162476,Persea macrantha,100,20,239,N,7:05:00,12:10:00,7:57:00,IGOR,1,8:01:09
20-03-18,PEMA09,1,10.416083,76.87628,697.162476,Persea macrantha,100,20,239,N,7:05:00,12:10:00,7:58:00,WCBA,1,7:59:09
20-03-18,PEMA09,1,10.416083,76.87628,697.162476,Persea macrantha,100,20,239,N,7:05:00,12:10:00,7:58:57,WCBA,1,N
20-03-18,PEMA09,1,10.416083,76.87628,697.162476,Persea macrantha,100,20,239,N,7:05:00,12:10:00,7:59:28,YBBU,1,N
20-03-18,PEMA09,1,10.416083,76.87628,697.162476,Persea macrantha,100,20,239,N,7:05:00,12:10:00,N,YBBU,2,8:28:17
20-03-18,PEMA09,1,10.416083,76.87628,697.162476,Persea macrantha,100,20,239,N,7:05:00,12:10:00,8:29:42,INBL,1,8:33:12
20-03-18,PEMA09,1,10.416083,76.87628,697.162476,Persea macrantha,100,20,239,N,7:05:00,12:10:00,8:31:03,SHMY,2,8:31:48
20-03-18,PEMA09,1,10.416083,76.87628,697.162476,Persea macrantha,100,20,239,N,7:05:00,12:10:00,N,SHMY,2,8:33:26
20-03-18,PEMA09,1,10.416083,76.87628,697.162476,Persea macrantha,100,20,239,N,7:05:00,12:10:00,N,RWBU,1,8:53:11
20-03-18,PEMA09,1,10.416083,76.87628,697.162476,Persea macrantha,100,20,239,N,7:05:00,12:10:00,N,WCBA,1,8:33:28
20-03-18,PEMA09,1,10.416083,76.87628,697.162476,Persea macrantha,100,20,239,N,7:05:00,12:10:00,8:36:00,YBBU,2,8:39:53
20-03-18,PEMA09,1,10.416083,76.87628,697.162476,Persea macrantha,100,20,239,N,7:05:00,12:10:00,8:37:16,WBTR,1,8:40:23
20-03-18,PEMA09,1,10.416083,76.87628,697.162476,Persea macrantha,100,20,239,N,7:05:00,12:10:00,8:38:07,WBTR,1,8:40:23
20-03-18,PEMA09,1,10.416083,76.87628,697.162476,Persea macrantha,100,20,239,N,7:05:00,12:10:00,8:42:00,RWBU,1,8:55:03
20-03-18,PEMA09,1,10.416083,76.87628,697.162476,Persea macrantha,100,20,239,N,7:05:00,12:10:00,8:42:00,YBBU,2,8:43:00
20-03-18,PEMA09,1,10.416083,76.87628,697.162476,Persea macrantha,100,20,239,N,7:05:00,12:10:00,8:43:58,SHMY,6,8:45:00
20-03-18,PEMA09,1,10.416083,76.87628,697.162476,Persea macrantha,100,20,239,N,7:05:00,12:10:00,8:45:00,MAST,4,8:47:28
20-03-18,PEMA09,1,10.416083,76.87628,697.162476,Persea macrantha,100,20,239,N,7:05:00,12:10:00,8:48:00,SHMY,1,8:50:16
20-03-18,PEMA09,1,10.416083,76.87628,697.162476,Persea macrantha,100,20,239,N,7:05:00,12:10:00,8:49:00,SHMY,1,8:50:16
20-03-18,PEMA09,1,10.416083,76.87628,697.162476,Persea macrantha,100,20,239,N,7:05:00,12:10:00,N,OHTH,1,8:51:00
20-03-18,PEMA09,1,10.416083,76.87628,697.162476,Persea macrantha,100,20,239,N,7:05:00,12:10:00,8:52:00,YBBU,3,8:52:28
20-03-18,PEMA09,1,10.416083,76.87628,697.162476,Persea macrantha,100,20,239,N,7:05:00,12:10:00,N,RWBU,1,N
20-03-18,PEMA09,1,10.416083,76.87628,697.162476,Persea macrantha,100,20,239,N,7:05:00,12:10:00,N,RWBU,1,N
20-03-18,PEMA09,1,10.416083,76.87628,697.162476,Persea macrantha,100,20,239,N,7:05:00,12:10:00,8:55:21,WCBA,1,N
20-03-18,PEMA09,1,10.416083,76.87628,697.162476,Persea macrantha,100,20,239,N,7:05:00,12:10:00,N,YBBU,1,8:58:40
20-03-18,PEMA09,1,10.416083,76.87628,697.162476,Persea macrantha,100,20,239,N,7:05:00,12:10:00,N,RWBU,1,8:57:14
20-03-18,PEMA09,1,10.416083,76.87628,697.162476,Persea macrantha,100,20,239,N,7:05:00,12:10:00,N,YBBU,1,9:02:35
20-03-18,PEMA09,1,10.416083,76.87628,697.162476,Persea macrantha,100,20,239,N,7:05:00,12:10:00,9:00:00,OHTH,1,N
20-03-18,PEMA09,1,10.416083,76.87628,697.162476,Persea macrantha,100,20,239,N,7:05:00,12:10:00,9:02:11,YBBU,1,9:03:23
20-03-18,PEMA09,1,10.416083,76.87628,697.162476,Persea macrantha,100,20,239,N,7:05:00,12:10:00,N,YBBU,1,9:03:23
20-03-18,PEMA09,1,10.416083,76.87628,697.162476,Persea macrantha,100,20,239,N,7:05:00,12:10:00,N,YBBU,1,9:03:39
20-03-18,PEMA09,1,10.416083,76.87628,697.162476,Persea macrantha,100,20,239,N,7:05:00,12:10:00,9:04:35,MAST,1,9:06:22
20-03-18,PEMA09,1,10.416083,76.87628,697.162476,Persea macrantha,100,20,239,N,7:05:00,12:10:00,9:04:50,YBBU,1,9:05:58
20-03-18,PEMA09,1,10.416083,76.87628,697.162476,Persea macrantha,100,20,239,N,7:05:00,12:10:00,N,RWBU,1,9:06:12
20-03-18,PEMA09,1,10.416083,76.87628,697.162476,Persea macrantha,100,20,239,N,7:05:00,12:10:00,9:07:10,RWBU,1,9:07:16
20-03-18,PEMA09,1,10.416083,76.87628,697.162476,Persea macrantha,100,20,239,N,7:05:00,12:10:00,9:08:35,RWBU,1,N
20-03-18,PEMA09,1,10.416083,76.87628,697.162476,Persea macrantha,100,20,239,N,7:05:00,12:10:00,N,YBBU,2,9:10:31
20-03-18,PEMA09,1,10.416083,76.87628,697.162476,Persea macrantha,100,20,239,N,7:05:00,12:10:00,9:11:36,WCBA,2,N
20-03-18,PEMA09,1,10.416083,76.87628,697.162476,Persea macrantha,100,20,239,N,7:05:00,12:10:00,9:11:48,RWBU,1,N
20-03-18,PEMA09,1,10.416083,76.87628,697.162476,Persea macrantha,100,20,239,N,7:05:00,12:10:00,9:12:03,WCBA,1,N
20-03-18,PEMA09,1,10.416083,76.87628,697.162476,Persea macrantha,100,20,239,N,7:05:00,12:10:00,9:14:03,IGOR,1,9:19:00
20-03-18,PEMA09,1,10.416083,76.87628,697.162476,Persea macrantha,100,20,239,N,7:05:00,12:10:00,9:14:03,IGOR,1,9:32:14
20-03-18,PEMA09,1,10.416083,76.87628,697.162476,Persea macrantha,100,20,239,N,7:05:00,12:10:00,N,YBBU,4,9:13:40
20-03-18,PEMA09,1,10.416083,76.87628,697.162476,Persea macrantha,100,20,239,N,7:05:00,12:10:00,9:14:07,RWBU,1,9:20:28
20-03-18,PEMA09,1,10.416083,76.87628,697.162476,Persea macrantha,100,20,239,N,7:05:00,12:10:00,9:18:26,SHMY,2,N
20-03-18,PEMA09,1,10.416083,76.87628,697.162476,Persea macrantha,100,20,239,N,7:05:00,12:10:00,9:18:00,FTBU,2,9:18:42
20-03-18,PEMA09,1,10.416083,76.87628,697.162476,Persea macrantha,100,20,239,N,7:05:00,12:10:00,N,YBBU,1,9:19:12
20-03-18,PEMA09,1,10.416083,76.87628,697.162476,Persea macrantha,100,20,239,N,7:05:00,12:10:00,9:19:00,WCBA,1,N
20-03-18,PEMA09,1,10.416083,76.87628,697.162476,Persea macrantha,100,20,239,N,7:05:00,12:10:00,N,MAST,2,9:20:09
20-03-18,PEMA09,1,10.416083,76.87628,697.162476,Persea macrantha,100,20,239,N,7:05:00,12:10:00,9:27:11,YBBU,4,N
20-03-18,PEMA09,1,10.416083,76.87628,697.162476,Persea macrantha,100,20,239,N,7:05:00,12:10:00,9:29:07,RWBU,1,9:34:37
20-03-18,PEMA09,1,10.416083,76.87628,697.162476,Persea macrantha,100,20,239,N,7:05:00,12:10:00,9:29:07,YBBU,1,N
20-03-18,PEMA09,1,10.416083,76.87628,697.162476,Persea macrantha,100,20,239,N,7:05:00,12:10:00,9:28:29,IGOR,1,9:32:57
20-03-18,PEMA09,1,10.416083,76.87628,697.162476,Persea macrantha,100,20,239,N,7:05:00,12:10:00,N,RWBU,1,9:37:28
20-03-18,PEMA09,1,10.416083,76.87628,697.162476,Persea macrantha,100,20,239,N,7:05:00,12:10:00,9:39:00,WBTR,1,9:39:36
20-03-18,PEMA09,1,10.416083,76.87628,697.162476,Persea macrantha,100,20,239,N,7:05:00,12:10:00,9:40:17,RWBU,2,9:43:20
20-03-18,PEMA09,1,10.416083,76.87628,697.162476,Persea macrantha,100,20,239,N,7:05:00,12:10:00,9:40:00,SHMY,2,9:42:19
20-03-18,PEMA09,1,10.416083,76.87628,697.162476,Persea macrantha,100,20,239,N,7:05:00,12:10:00,N,YBBU,3,9:43:01
20-03-18,PEMA09,1,10.416083,76.87628,697.162476,Persea macrantha,100,20,239,N,7:05:00,12:10:00,9:43:45,YBBU,1,9:44:23
20-03-18,PEMA09,1,10.416083,76.87628,697.162476,Persea macrantha,100,20,239,N,7:05:00,12:10:00,9:45:00,IGOR,1,9:47:52
20-03-18,PEMA09,1,10.416083,76.87628,697.162476,Persea macrantha,100,20,239,N,7:05:00,12:10:00,9:46:34,WCBA,1,N
20-03-18,PEMA09,1,10.416083,76.87628,697.162476,Persea macrantha,100,20,239,N,7:05:00,12:10:00,9:47:03,MAST,1,10:01:16
20-03-18,PEMA09,1,10.416083,76.87628,697.162476,Persea macrantha,100,20,239,N,7:05:00,12:10:00,9:48:09,MAST,1,10:03:15
20-03-18,PEMA09,1,10.416083,76.87628,697.162476,Persea macrantha,100,20,239,N,7:05:00,12:10:00,9:47:00,AFBL,1,9:49:00
20-03-18,PEMA09,1,10.416083,76.87628,697.162476,Persea macrantha,100,20,239,N,7:05:00,12:10:00,N,IGOR,1,9:50:10
20-03-18,PEMA09,1,10.416083,76.87628,697.162476,Persea macrantha,100,20,239,N,7:05:00,12:10:00,9:50:53,YBBU,1,N
20-03-18,PEMA09,1,10.416083,76.87628,697.162476,Persea macrantha,100,20,239,N,7:05:00,12:10:00,N,IGOR,1,9:51:58
20-03-18,PEMA09,1,10.416083,76.87628,697.162476,Persea macrantha,100,20,239,N,7:05:00,12:10:00,N,IGOR,1,9:53:20
20-03-18,PEMA09,1,10.416083,76.87628,697.162476,Persea macrantha,100,20,239,N,7:05:00,12:10:00,9:51:58,RWBU,1,9:55:00
20-03-18,PEMA09,1,10.416083,76.87628,697.162476,Persea macrantha,100,20,239,N,7:05:00,12:10:00,9:51:58,RWBU,1,9:56:43
20-03-18,PEMA09,1,10.416083,76.87628,697.162476,Persea macrantha,100,20,239,N,7:05:00,12:10:00,9:55:48,SHMY,2,9:56:11
20-03-18,PEMA09,1,10.416083,76.87628,697.162476,Persea macrantha,100,20,239,N,7:05:00,12:10:00,9:54:00,AFBL,1,9:57:51
20-03-18,PEMA09,1,10.416083,76.87628,697.162476,Persea macrantha,100,20,239,N,7:05:00,12:10:00,N,YBBU,1,9:59:00
20-03-18,PEMA09,1,10.416083,76.87628,697.162476,Persea macrantha,100,20,239,N,7:05:00,12:10:00,N,YBBU,3,10:00:00
20-03-18,PEMA09,1,10.416083,76.87628,697.162476,Persea macrantha,100,20,239,N,7:05:00,12:10:00,10:01:26,SHMY,1,10:09:30
20-03-18,PEMA09,1,10.416083,76.87628,697.162476,Persea macrantha,100,20,239,N,7:05:00,12:10:00,N,RWBU,1,10:03:07
20-03-18,PEMA09,1,10.416083,76.87628,697.162476,Persea macrantha,100,20,239,N,7:05:00,12:10:00,10:04:00,RWBU,1,10:05:46
20-03-18,PEMA09,1,10.416083,76.87628,697.162476,Persea macrantha,100,20,239,N,7:05:00,12:10:00,10:06:00,RWBU,2,10:06:50
20-03-18,PEMA09,1,10.416083,76.87628,697.162476,Persea macrantha,100,20,239,N,7:05:00,12:10:00,10:09:00,MGHO,1,N
20-03-18,PEMA09,1,10.416083,76.87628,697.162476,Persea macrantha,100,20,239,N,7:05:00,12:10:00,N,RWBU,1,10:09:27
20-03-18,PEMA09,1,10.416083,76.87628,697.162476,Persea macrantha,100,20,239,N,7:05:00,12:10:00,N,RWBU,1,10:09:53
20-03-18,PEMA09,1,10.416083,76.87628,697.162476,Persea macrantha,100,20,239,N,7:05:00,12:10:00,10:10:50,SHMY,2,N
20-03-18,PEMA09,1,10.416083,76.87628,697.162476,Persea macrantha,100,20,239,N,7:05:00,12:10:00,10:18:56,WCBA,1,10:24:16
20-03-18,PEMA09,1,10.416083,76.87628,697.162476,Persea macrantha,100,20,239,N,7:05:00,12:10:00,10:19:30,RWBU,2,10:20:05
20-03-18,PEMA09,1,10.416083,76.87628,697.162476,Persea macrantha,100,20,239,N,7:05:00,12:10:00,10:20:08,SHMY,2,10:20:52
20-03-18,PEMA09,1,10.416083,76.87628,697.162476,Persea macrantha,100,20,239,N,7:05:00,12:10:00,10:21:24,IGOR,1,10:22:24
20-03-18,PEMA09,1,10.416083,76.87628,697.162476,Persea macrantha,100,20,239,N,7:05:00,12:10:00,10:18:56,WCBA,1,10:24:16
20-03-18,PEMA09,1,10.416083,76.87628,697.162476,Persea macrantha,100,20,239,N,7:05:00,12:10:00,N,IGOR,1,10:24:51
20-03-18,PEMA09,1,10.416083,76.87628,697.162476,Persea macrantha,100,20,239,N,7:05:00,12:10:00,10:26:00,MWTH,1,10:28:49
20-03-18,PEMA09,1,10.416083,76.87628,697.162476,Persea macrantha,100,20,239,N,7:05:00,12:10:00,10:27:36,MAST,2,10:28:49
20-03-18,PEMA09,1,10.416083,76.87628,697.162476,Persea macrantha,100,20,239,N,7:05:00,12:10:00,10:27:38,YBBU,2,10:28:51
20-03-18,PEMA09,1,10.416083,76.87628,697.162476,Persea macrantha,100,20,239,N,7:05:00,12:10:00,10:27:40,RWBU,2,N
20-03-18,PEMA09,1,10.416083,76.87628,697.162476,Persea macrantha,100,20,239,N,7:05:00,12:10:00,N,YBBU,1,10:28:29
20-03-18,PEMA09,1,10.416083,76.87628,697.162476,Persea macrantha,100,20,239,N,7:05:00,12:10:00,N,YBBU,1,10:28:41
20-03-18,PEMA09,1,10.416083,76.87628,697.162476,Persea macrantha,100,20,239,N,7:05:00,12:10:00,10:25:00,MWTH,1,10:29:04
20-03-18,PEMA09,1,10.416083,76.87628,697.162476,Persea macrantha,100,20,239,N,7:05:00,12:10:00,N,WCBA,1,10:29:13
20-03-18,PEMA09,1,10.416083,76.87628,697.162476,Persea macrantha,100,20,239,N,7:05:00,12:10:00,10:30:33,RWBU,2,10:32:20
20-03-18,PEMA09,1,10.416083,76.87628,697.162476,Persea macrantha,100,20,239,N,7:05:00,12:10:00,10:32:18,IGOR,1,10:35:00
20-03-18,PEMA09,1,10.416083,76.87628,697.162476,Persea macrantha,100,20,239,N,7:05:00,12:10:00,10:35:17,MAST,2,10:35:38
20-03-18,PEMA09,1,10.416083,76.87628,697.162476,Persea macrantha,100,20,239,N,7:05:00,12:10:00,N,WCBA,1,10:37:32
20-03-18,PEMA09,1,10.416083,76.87628,697.162476,Persea macrantha,100,20,239,N,7:05:00,12:10:00,10:38:50,AFBL,1,10:40:04
20-03-18,PEMA09,1,10.416083,76.87628,697.162476,Persea macrantha,100,20,239,N,7:05:00,12:10:00,10:40:45,YBBU,1,10:49:21
20-03-18,PEMA09,1,10.416083,76.87628,697.162476,Persea macrantha,100,20,239,N,7:05:00,12:10:00,10:43:18,YBBU,1,10:49:37
20-03-18,PEMA09,1,10.416083,76.87628,697.162476,Persea macrantha,100,20,239,N,7:05:00,12:10:00,10:43:56,WCBA,1,10:45:50
20-03-18,PEMA09,1,10.416083,76.87628,697.162476,Persea macrantha,100,20,239,N,7:05:00,12:10:00,10:44:16,IGOR,1,N
20-03-18,PEMA09,1,10.416083,76.87628,697.162476,Persea macrantha,100,20,239,N,7:05:00,12:10:00,10:44:16,WCBA,1,N
20-03-18,PEMA09,1,10.416083,76.87628,697.162476,Persea macrantha,100,20,239,N,7:05:00,12:10:00,10:44:57,SHMY,2,10:45:02
20-03-18,PEMA09,1,10.416083,76.87628,697.162476,Persea macrantha,100,20,239,N,7:05:00,12:10:00,10:46:06,WCBA,1,N
20-03-18,PEMA09,1,10.416083,76.87628,697.162476,Persea macrantha,100,20,239,N,7:05:00,12:10:00,N,RWBU,1,10:46:22
20-03-18,PEMA09,1,10.416083,76.87628,697.162476,Persea macrantha,100,20,239,N,7:05:00,12:10:00,10:47:00,INBL,1,N
20-03-18,PEMA09,1,10.416083,76.87628,697.162476,Persea macrantha,100,20,239,N,7:05:00,12:10:00,10:47:50,OHTH,1,10:51:29
20-03-18,PEMA09,1,10.416083,76.87628,697.162476,Persea macrantha,100,20,239,N,7:05:00,12:10:00,10:47:50,OHTH,1,N
20-03-18,PEMA09,1,10.416083,76.87628,697.162476,Persea macrantha,100,20,239,N,7:05:00,12:10:00,10:48:58,RWBU,1,N
20-03-18,PEMA09,1,10.416083,76.87628,697.162476,Persea macrantha,100,20,239,N,7:05:00,12:10:00,10:53:50,YBBU,1,11:00:08
20-03-18,PEMA09,1,10.416083,76.87628,697.162476,Persea macrantha,100,20,239,N,7:05:00,12:10:00,10:54:37,WCBA,1,11:04:23
20-03-18,PEMA09,1,10.416083,76.87628,697.162476,Persea macrantha,100,20,239,N,7:05:00,12:10:00,10:55:00,WCBA,1,11:05:16
20-03-18,PEMA09,1,10.416083,76.87628,697.162476,Persea macrantha,100,20,239,N,7:05:00,12:10:00,10:56:34,RWBU,2,N
20-03-18,PEMA09,1,10.416083,76.87628,697.162476,Persea macrantha,100,20,239,N,7:05:00,12:10:00,10:57:00,MAST,1,11:02:41
20-03-18,PEMA09,1,10.416083,76.87628,697.162476,Persea macrantha,100,20,239,N,7:05:00,12:10:00,10:59:45,RWBU,2,N
20-03-18,PEMA09,1,10.416083,76.87628,697.162476,Persea macrantha,100,20,239,N,7:05:00,12:10:00,10:59:45,YBBU,1,11:05:10
20-03-18,PEMA09,1,10.416083,76.87628,697.162476,Persea macrantha,100,20,239,N,7:05:00,12:10:00,11:00:28,RWBU,1,N
20-03-18,PEMA09,1,10.416083,76.87628,697.162476,Persea macrantha,100,20,239,N,7:05:00,12:10:00,11:01:29,RWBU,1,11:06:49
20-03-18,PEMA09,1,10.416083,76.87628,697.162476,Persea macrantha,100,20,239,N,7:05:00,12:10:00,11:02:08,RWBU,1,11:08:54
20-03-18,PEMA09,1,10.416083,76.87628,697.162476,Persea macrantha,100,20,239,N,7:05:00,12:10:00,11:02:26,RWBU,1,11:09:06
20-03-18,PEMA09,1,10.416083,76.87628,697.162476,Persea macrantha,100,20,239,N,7:05:00,12:10:00,11:02:53,RWBU,1,11:09:13
20-03-18,PEMA09,1,10.416083,76.87628,697.162476,Persea macrantha,100,20,239,N,7:05:00,12:10:00,N,IGOR,1,11:10:18
20-03-18,PEMA09,1,10.416083,76.87628,697.162476,Persea macrantha,100,20,239,N,7:05:00,12:10:00,11:05:26,RWBU,2,N
20-03-18,PEMA09,1,10.416083,76.87628,697.162476,Persea macrantha,100,20,239,N,7:05:00,12:10:00,11:06:00,RWBU,2,N
20-03-18,PEMA09,1,10.416083,76.87628,697.162476,Persea macrantha,100,20,239,N,7:05:00,12:10:00,11:08:18,IGOR,1,N
20-03-18,PEMA09,1,10.416083,76.87628,697.162476,Persea macrantha,100,20,239,N,7:05:00,12:10:00,11:08:22,WCBA,1,N
20-03-18,PEMA09,1,10.416083,76.87628,697.162476,Persea macrantha,100,20,239,N,7:05:00,12:10:00,11:08:54,MAST,1,N
20-03-18,PEMA09,1,10.416083,76.87628,697.162476,Persea macrantha,100,20,239,N,7:05:00,12:10:00,N,RWBU,1,11:10:54
20-03-18,PEMA09,1,10.416083,76.87628,697.162476,Persea macrantha,100,20,239,N,7:05:00,12:10:00,N,WCBA,1,11:11:29
20-03-18,PEMA09,1,10.416083,76.87628,697.162476,Persea macrantha,100,20,239,N,7:05:00,12:10:00,N,WCBA,1,11:12:14
20-03-18,PEMA09,1,10.416083,76.87628,697.162476,Persea macrantha,100,20,239,N,7:05:00,12:10:00,11:13:50,WCBA,1,11:17:19
20-03-18,PEMA09,1,10.416083,76.87628,697.162476,Persea macrantha,100,20,239,N,7:05:00,12:10:00,11:14:28,YBBU,2,11:25:45
20-03-18,PEMA09,1,10.416083,76.87628,697.162476,Persea macrantha,100,20,239,N,7:05:00,12:10:00,11:15:32,RWBU,1,11:17:19
20-03-18,PEMA09,1,10.416083,76.87628,697.162476,Persea macrantha,100,20,239,N,7:05:00,12:10:00,11:14:28,YBBU,1,11:35:08
20-03-18,PEMA09,1,10.416083,76.87628,697.162476,Persea macrantha,100,20,239,N,7:05:00,12:10:00,11:19:00,YBBU,1,N
20-03-18,PEMA09,1,10.416083,76.87628,697.162476,Persea macrantha,100,20,239,N,7:05:00,12:10:00,11:21:22,WCBA,1,11:21:58
20-03-18,PEMA09,1,10.416083,76.87628,697.162476,Persea macrantha,100,20,239,N,7:05:00,12:10:00,11:21:43,RWBU,1,11:25:16
20-03-18,PEMA09,1,10.416083,76.87628,697.162476,Persea macrantha,100,20,239,N,7:05:00,12:10:00,11:21:43,YBBU,1,N
20-03-18,PEMA09,1,10.416083,76.87628,697.162476,Persea macrantha,100,20,239,N,7:05:00,12:10:00,11:22:12,MAST,1,N
20-03-18,PEMA09,1,10.416083,76.87628,697.162476,Persea macrantha,100,20,239,N,7:05:00,12:10:00,11:22:35,RWBU,1,11:23:25
20-03-18,PEMA09,1,10.416083,76.87628,697.162476,Persea macrantha,100,20,239,N,7:05:00,12:10:00,11:22:35,RWBU,1,11:25:45
20-03-18,PEMA09,1,10.416083,76.87628,697.162476,Persea macrantha,100,20,239,N,7:05:00,12:10:00,11:33:11,RWBU,1,11:34:07
20-03-18,PEMA09,1,10.416083,76.87628,697.162476,Persea macrantha,100,20,239,N,7:05:00,12:10:00,11:36:37,RWBU,2,11:37:22
20-03-18,PEMA09,1,10.416083,76.87628,697.162476,Persea macrantha,100,20,239,N,7:05:00,12:10:00,11:37:07,IGOR,1,11:45:00
20-03-18,PEMA09,1,10.416083,76.87628,697.162476,Persea macrantha,100,20,239,N,7:05:00,12:10:00,11:37:40,YBBU,1,11:38:08
20-03-18,PEMA09,1,10.416083,76.87628,697.162476,Persea macrantha,100,20,239,N,7:05:00,12:10:00,11:37:40,RWBU,1,11:39:52
20-03-18,PEMA09,1,10.416083,76.87628,697.162476,Persea macrantha,100,20,239,N,7:05:00,12:10:00,11:39:40,RWBU,1,11:41:44
20-03-18,PEMA09,1,10.416083,76.87628,697.162476,Persea macrantha,100,20,239,N,7:05:00,12:10:00,N,RWBU,2,11:41:30
20-03-18,PEMA09,1,10.416083,76.87628,697.162476,Persea macrantha,100,20,239,N,7:05:00,12:10:00,11:42:00,MAST,2,11:42:57
20-03-18,PEMA09,1,10.416083,76.87628,697.162476,Persea macrantha,100,20,239,N,7:05:00,12:10:00,11:42:00,RWBU,2,11:43:14
20-03-18,PEMA09,1,10.416083,76.87628,697.162476,Persea macrantha,100,20,239,N,7:05:00,12:10:00,N,YBBU,2,11:42:23
20-03-18,PEMA09,1,10.416083,76.87628,697.162476,Persea macrantha,100,20,239,N,7:05:00,12:10:00,N,YBBU,2,11:43:14
20-03-18,PEMA09,1,10.416083,76.87628,697.162476,Persea macrantha,100,20,239,N,7:05:00,12:10:00,N,MAST,2,11:44:20
20-03-18,PEMA09,1,10.416083,76.87628,697.162476,Persea macrantha,100,20,239,N,7:05:00,12:10:00,11:43:30,RWBU,2,N
20-03-18,PEMA09,1,10.416083,76.87628,697.162476,Persea macrantha,100,20,239,N,7:05:00,12:10:00,N,WCBA,1,11:45:00
20-03-18,PEMA09,1,10.416083,76.87628,697.162476,Persea macrantha,100,20,239,N,7:05:00,12:10:00,11:46:38,RWBU,1,11:50:16
20-03-18,PEMA09,1,10.416083,76.87628,697.162476,Persea macrantha,100,20,239,N,7:05:00,12:10:00,N,YBBU,1,11:47:22
20-03-18,PEMA09,1,10.416083,76.87628,697.162476,Persea macrantha,100,20,239,N,7:05:00,12:10:00,11:50:30,YBBU,1,N
20-03-18,PEMA09,1,10.416083,76.87628,697.162476,Persea macrantha,100,20,239,N,7:05:00,12:10:00,11:50:55,AFBL,1,11:51:18
20-03-18,PEMA09,1,10.416083,76.87628,697.162476,Persea macrantha,100,20,239,N,7:05:00,12:10:00,N,MAST,1,11:51:58
20-03-18,PEMA09,1,10.416083,76.87628,697.162476,Persea macrantha,100,20,239,N,7:05:00,12:10:00,N,MAST,1,11:52:46
20-03-18,PEMA09,1,10.416083,76.87628,697.162476,Persea macrantha,100,20,239,N,7:05:00,12:10:00,11:53:23,SHMY,2,11:54:32
20-03-18,PEMA09,1,10.416083,76.87628,697.162476,Persea macrantha,100,20,239,N,7:05:00,12:10:00,11:54:00,SHMY,1,11:54:32
20-03-18,PEMA09,1,10.416083,76.87628,697.162476,Persea macrantha,100,20,239,N,7:05:00,12:10:00,11:55:20,OHTH,1,11:57:08
20-03-18,PEMA09,1,10.416083,76.87628,697.162476,Persea macrantha,100,20,239,N,7:05:00,12:10:00,11:57:40,RWBU,2,11:58:38
20-03-18,PEMA09,1,10.416083,76.87628,697.162476,Persea macrantha,100,20,239,N,7:05:00,12:10:00,N,OHTH,1,11:58:22
20-03-18,PEMA09,1,10.416083,76.87628,697.162476,Persea macrantha,100,20,239,N,7:05:00,12:10:00,11:57:40,RWBU,1,11:59:06
20-03-18,PEMA09,1,10.416083,76.87628,697.162476,Persea macrantha,100,20,239,N,7:05:00,12:10:00,11:57:40,RWBU,1,N
20-03-18,PEMA09,1,10.416083,76.87628,697.162476,Persea macrantha,100,20,239,N,7:05:00,12:10:00,N,WCBA,1,11:59:13
20-03-18,PEMA09,1,10.416083,76.87628,697.162476,Persea macrantha,100,20,239,N,7:05:00,12:10:00,N,WCBA,1,12:00:00
20-03-18,PEMA09,1,10.416083,76.87628,697.162476,Persea macrantha,100,20,239,N,7:05:00,12:10:00,12:01:00,WCBA,1,N
20-03-18,PEMA09,1,10.416083,76.87628,697.162476,Persea macrantha,100,20,239,N,7:05:00,12:10:00,12:01:00,SHMY,1,12:04:00
20-03-18,PEMA09,1,10.416083,76.87628,697.162476,Persea macrantha,100,20,239,N,7:05:00,12:10:00,12:01:00,SHMY,1,12:05:08
20-03-18,PEMA09,1,10.416083,76.87628,697.162476,Persea macrantha,100,20,239,N,7:05:00,12:10:00,12:04:20,YBBU,1,12:05:27
20-03-18,PEMA09,1,10.416083,76.87628,697.162476,Persea macrantha,100,20,239,N,7:05:00,12:10:00,12:05:40,SHMY,1,12:06:17
20-03-18,PEMA09,1,10.416083,76.87628,697.162476,Persea macrantha,100,20,239,N,7:05:00,12:10:00,12:05:44,YBBU,1,12:07:11
20-03-18,PEMA09,1,10.416083,76.87628,697.162476,Persea macrantha,100,20,239,N,7:05:00,12:10:00,12:06:09,WCBA,1,N
20-03-18,PEMA09,1,10.416083,76.87628,697.162476,Persea macrantha,100,20,239,N,7:05:00,12:10:00,12:06:09,RWBU,1,12:06:42
20-03-18,PEMA09,1,10.416083,76.87628,697.162476,Persea macrantha,100,20,239,N,7:05:00,12:10:00,12:04:00,INBL,1,12:08:56
20-03-18,PEMA09,1,10.416083,76.87628,697.162476,Persea macrantha,100,20,239,N,7:05:00,12:10:00,N,YBBU,1,12:09:10
20-03-18,PEMA10,1,10.41710151,76.87418262,673.846497,Persea macrantha,164,21,220,N,12:55:00,17:05:00,12:55:44,SHMY,2,12:58:29
20-03-18,PEMA10,1,10.41710151,76.87418262,673.846497,Persea macrantha,164,21,220,N,12:55:00,17:05:00,12:55:58,SHMY,1,12:58:29
20-03-18,PEMA10,1,10.41710151,76.87418262,673.846497,Persea macrantha,164,21,220,N,12:55:00,17:05:00,13:22:18,MIPI,1,13:50:29
20-03-18,PEMA10,1,10.41710151,76.87418262,673.846497,Persea macrantha,164,21,220,N,12:55:00,17:05:00,13:30:06,WCBA,1,13:34:48
20-03-18,PEMA10,1,10.41710151,76.87418262,673.846497,Persea macrantha,164,21,220,N,12:55:00,17:05:00,13:28:00,MIPI,1,13:50:29
20-03-18,PEMA10,1,10.41710151,76.87418262,673.846497,Persea macrantha,164,21,220,N,12:55:00,17:05:00,13:56:58,AFBL,1,13:57:40
20-03-18,PEMA10,1,10.41710151,76.87418262,673.846497,Persea macrantha,164,21,220,N,12:55:00,17:05:00,14:05:00,RWBU,1,14:05:28
20-03-18,PEMA10,1,10.41710151,76.87418262,673.846497,Persea macrantha,164,21,220,N,12:55:00,17:05:00,14:06:28,SHMY,1,14:07:33
20-03-18,PEMA10,1,10.41710151,76.87418262,673.846497,Persea macrantha,164,21,220,N,12:55:00,17:05:00,14:06:28,SHMY,1,14:07:44
20-03-18,PEMA10,1,10.41710151,76.87418262,673.846497,Persea macrantha,164,21,220,N,12:55:00,17:05:00,14:14:00,MIPI,1,14:24:15
20-03-18,PEMA10,1,10.41710151,76.87418262,673.846497,Persea macrantha,164,21,220,N,12:55:00,17:05:00,14:32:52,SHMY,2,14:38:30
20-03-18,PEMA10,1,10.41710151,76.87418262,673.846497,Persea macrantha,164,21,220,N,12:55:00,17:05:00,14:51:00,RWBU,1,14:54:49
20-03-18,PEMA10,1,10.41710151,76.87418262,673.846497,Persea macrantha,164,21,220,N,12:55:00,17:05:00,14:52:20,SHMY,2,14:54:20
20-03-18,PEMA10,1,10.41710151,76.87418262,673.846497,Persea macrantha,164,21,220,N,12:55:00,17:05:00,N,MAST,1,14:55:08
20-03-18,PEMA10,1,10.41710151,76.87418262,673.846497,Persea macrantha,164,21,220,N,12:55:00,17:05:00,15:02:39,WCBA,1,15:03:40
20-03-18,PEMA10,1,10.41710151,76.87418262,673.846497,Persea macrantha,164,21,220,N,12:55:00,17:05:00,15:00:39,WCBA,1,15:06:53
20-03-18,PEMA10,1,10.41710151,76.87418262,673.846497,Persea macrantha,164,21,220,N,12:55:00,17:05:00,15:15:00,MIPI,1,15:41:00
20-03-18,PEMA10,1,10.41710151,76.87418262,673.846497,Persea macrantha,164,21,220,N,12:55:00,17:05:00,15:37:00,YBBU,1,15:38:20
20-03-18,PEMA10,1,10.41710151,76.87418262,673.846497,Persea macrantha,164,21,220,N,12:55:00,17:05:00,15:37:54,SHMY,1,15:38:02
20-03-18,PEMA10,1,10.41710151,76.87418262,673.846497,Persea macrantha,164,21,220,N,12:55:00,17:05:00,15:37:54,SHMY,1,15:38:20
20-03-18,PEMA10,1,10.41710151,76.87418262,673.846497,Persea macrantha,164,21,220,N,12:55:00,17:05:00,15:37:54,SHMY,2,15:39:03
20-03-18,PEMA10,1,10.41710151,76.87418262,673.846497,Persea macrantha,164,21,220,N,12:55:00,17:05:00,15:38:00,WCBA,1,15:42:39
20-03-18,PEMA10,1,10.41710151,76.87418262,673.846497,Persea macrantha,164,21,220,N,12:55:00,17:05:00,15:50:23,WCBA,1,15:52:36
20-03-18,PEMA10,1,10.41710151,76.87418262,673.846497,Persea macrantha,164,21,220,N,12:55:00,17:05:00,15:54:30,SHMY,2,15:55:00
20-03-18,PEMA10,1,10.41710151,76.87418262,673.846497,Persea macrantha,164,21,220,N,12:55:00,17:05:00,15:52:23,WCBA,1,15:55:02
20-03-18,PEMA10,1,10.41710151,76.87418262,673.846497,Persea macrantha,164,21,220,N,12:55:00,17:05:00,15:57:37,YBBU,1,15:58:10
20-03-18,PEMA10,1,10.41710151,76.87418262,673.846497,Persea macrantha,164,21,220,N,12:55:00,17:05:00,15:58:19,WCBA,1,15:59:21
20-03-18,PEMA10,1,10.41710151,76.87418262,673.846497,Persea macrantha,164,21,220,N,12:55:00,17:05:00,N,WCBA,1,16:01:14
20-03-18,PEMA10,1,10.41710151,76.87418262,673.846497,Persea macrantha,164,21,220,N,12:55:00,17:05:00,16:04:23,WCBA,1,16:04:56
20-03-18,PEMA10,1,10.41710151,76.87418262,673.846497,Persea macrantha,164,21,220,N,12:55:00,17:05:00,16:06:28,WCBA,1,16:06:48
20-03-18,PEMA10,1,10.41710151,76.87418262,673.846497,Persea macrantha,164,21,220,N,12:55:00,17:05:00,16:49:43,WCBA,1,16:51:44
21-03-18,PEMA11,1,10.41723269,76.87236534,695.739075,Persea macrantha,180,27,240,N,6:55:00,12:05:00,7:04:23,MGSQ,1,7:05:00
21-03-18,PEMA11,1,10.41723269,76.87236534,695.739075,Persea macrantha,180,27,240,N,6:55:00,12:05:00,7:04:49,MGSQ,1,7:05:20
21-03-18,PEMA11,1,10.41723269,76.87236534,695.739075,Persea macrantha,180,27,240,N,6:55:00,12:05:00,7:49:06,WBTR,1,7:49:42
21-03-18,PEMA11,1,10.41723269,76.87236534,695.739075,Persea macrantha,180,27,240,N,6:55:00,12:05:00,7:49:06,WCBA,1,7:49:42
21-03-18,PEMA11,1,10.41723269,76.87236534,695.739075,Persea macrantha,180,27,240,N,6:55:00,12:05:00,7:49:37,YBBU,2,7:49:55
21-03-18,PEMA11,1,10.41723269,76.87236534,695.739075,Persea macrantha,180,27,240,N,6:55:00,12:05:00,7:52:35,YBBU,1,7:55:33
21-03-18,PEMA11,1,10.41723269,76.87236534,695.739075,Persea macrantha,180,27,240,N,6:55:00,12:05:00,7:52:35,YBBU,1,7:55:50
21-03-18,PEMA11,1,10.41723269,76.87236534,695.739075,Persea macrantha,180,27,240,N,6:55:00,12:05:00,7:54:50,YBBU,1,7:56:07
21-03-18,PEMA11,1,10.41723269,76.87236534,695.739075,Persea macrantha,180,27,240,N,6:55:00,12:05:00,7:54:30,YBBU,1,7:56:35
21-03-18,PEMA11,1,10.41723269,76.87236534,695.739075,Persea macrantha,180,27,240,N,6:55:00,12:05:00,8:17:58,YBBU,1,8:18:48
21-03-18,PEMA11,1,10.41723269,76.87236534,695.739075,Persea macrantha,180,27,240,N,6:55:00,12:05:00,8:17:58,YBBU,1,8:19:55
21-03-18,PEMA11,1,10.41723269,76.87236534,695.739075,Persea macrantha,180,27,240,N,6:55:00,12:05:00,8:19:40,YBBU,1,8:19:55
21-03-18,PEMA11,1,10.41723269,76.87236534,695.739075,Persea macrantha,180,27,240,N,6:55:00,12:05:00,8:37:49,OHTH,1,8:42:00
21-03-18,PEMA11,1,10.41723269,76.87236534,695.739075,Persea macrantha,180,27,240,N,6:55:00,12:05:00,8:35:30,OHTH,1,N
21-03-18,PEMA11,1,10.41723269,76.87236534,695.739075,Persea macrantha,180,27,240,N,6:55:00,12:05:00,8:58:40,UNID,1,N
21-03-18,PEMA11,1,10.41723269,76.87236534,695.739075,Persea macrantha,180,27,240,N,6:55:00,12:05:00,9:04:21,WCBA,1,9:08:56
21-03-18,PEMA11,1,10.41723269,76.87236534,695.739075,Persea macrantha,180,27,240,N,6:55:00,12:05:00,9:20:52,WCBA,1,9:25:27
21-03-18,PEMA11,1,10.41723269,76.87236534,695.739075,Persea macrantha,180,27,240,N,6:55:00,12:05:00,9:23:00,YBBU,1,9:24:45
21-03-18,PEMA11,1,10.41723269,76.87236534,695.739075,Persea macrantha,180,27,240,N,6:55:00,12:05:00,9:26:30,WCBA,1,9:26:52
21-03-18,PEMA11,1,10.41723269,76.87236534,695.739075,Persea macrantha,180,27,240,N,6:55:00,12:05:00,9:26:52,WCBA,1,9:28:41
21-03-18,PEMA11,1,10.41723269,76.87236534,695.739075,Persea macrantha,180,27,240,N,6:55:00,12:05:00,9:30:48,WCBA,1,9:31:06
21-03-18,PEMA11,1,10.41723269,76.87236534,695.739075,Persea macrantha,180,27,240,N,6:55:00,12:05:00,9:30:48,WCBA,1,9:33:08
21-03-18,PEMA11,1,10.41723269,76.87236534,695.739075,Persea macrantha,180,27,240,N,6:55:00,12:05:00,10:00:00,YBBU,1,10:00:52
21-03-18,PEMA11,1,10.41723269,76.87236534,695.739075,Persea macrantha,180,27,240,N,6:55:00,12:05:00,10:00:28,AFBL,1,10:00:40
21-03-18,PEMA11,1,10.41723269,76.87236534,695.739075,Persea macrantha,180,27,240,N,6:55:00,12:05:00,10:23:46,WCBA,1,10:27:22
21-03-18,PEMA11,1,10.41723269,76.87236534,695.739075,Persea macrantha,180,27,240,N,6:55:00,12:05:00,11:11:16,YBBU,1,11:13:08
21-03-18,PEMA11,1,10.41723269,76.87236534,695.739075,Persea macrantha,180,27,240,N,6:55:00,12:05:00,11:17:37,UNID,1,N
21-03-18,PEMA11,1,10.41723269,76.87236534,695.739075,Persea macrantha,180,27,240,N,6:55:00,12:05:00,11:12:45,YBBU,1,11:13:08
21-03-18,PEMA11,1,10.41723269,76.87236534,695.739075,Persea macrantha,180,27,240,N,6:55:00,12:05:00,11:46:20,SHMY,1,11:50:30
21-03-18,PEMA12,1,10.41683539,76.8725567,719.831787,Persea macrantha,66,23,159,N,12:30:00,17:05:00,12:33:30,SHMY,1,12:35:36
21-03-18,PEMA12,1,10.41683539,76.8725567,719.831787,Persea macrantha,66,23,159,N,12:30:00,17:05:00,12:34:00,YBBU,1,12:35:36
21-03-18,PEMA12,1,10.41683539,76.8725567,719.831787,Persea macrantha,66,23,159,N,12:30:00,17:05:00,12:35:40,YBBU,1,12:36:00
21-03-18,PEMA12,1,10.41683539,76.8725567,719.831787,Persea macrantha,66,23,159,N,12:30:00,17:05:00,13:42:29,YBBU,1,13:42:40
21-03-18,PEMA12,1,10.41683539,76.8725567,719.831787,Persea macrantha,66,23,159,N,12:30:00,17:05:00,13:46:35,YBBU,1,13:46:57
21-03-18,PEMA12,1,10.41683539,76.8725567,719.831787,Persea macrantha,66,23,159,N,12:30:00,17:05:00,14:05:00,AFBL,1,14:06:39
21-03-18,PEMA12,1,10.41683539,76.8725567,719.831787,Persea macrantha,66,23,159,N,12:30:00,17:05:00,14:18:16,WCBA,1,14:20:30
21-03-18,PEMA12,1,10.41683539,76.8725567,719.831787,Persea macrantha,66,23,159,N,12:30:00,17:05:00,14:42:50,WCBA,1,14:46:09
21-03-18,PEMA12,1,10.41683539,76.8725567,719.831787,Persea macrantha,66,23,159,N,12:30:00,17:05:00,14:45:56,WCBA,1,14:46:09
21-03-18,PEMA12,1,10.41683539,76.8725567,719.831787,Persea macrantha,66,23,159,N,12:30:00,17:05:00,14:47:00,SHMY,2,14:47:26
21-03-18,PEMA12,1,10.41683539,76.8725567,719.831787,Persea macrantha,66,23,159,N,12:30:00,17:05:00,14:48:25,WCBA,1,14:49:30
21-03-18,PEMA12,1,10.41683539,76.8725567,719.831787,Persea macrantha,66,23,159,N,12:30:00,17:05:00,14:51:56,FTBU,1,14:52:15
21-03-18,PEMA12,1,10.41683539,76.8725567,719.831787,Persea macrantha,66,23,159,N,12:30:00,17:05:00,15:26:00,SHMY,1,15:26:49
21-03-18,PEMA12,1,10.41683539,76.8725567,719.831787,Persea macrantha,66,23,159,N,12:30:00,17:05:00,15:27:56,YBBU,1,15:28:10
21-03-18,PEMA12,1,10.41683539,76.8725567,719.831787,Persea macrantha,66,23,159,N,12:30:00,17:05:00,15:28:30,YBBU,2,15:30:27
21-03-18,PEMA12,1,10.41683539,76.8725567,719.831787,Persea macrantha,66,23,159,N,12:30:00,17:05:00,15:40:36,WCBA,1,15:42:39
21-03-18,PEMA12,1,10.41683539,76.8725567,719.831787,Persea macrantha,66,23,159,N,12:30:00,17:05:00,15:52:32,YBBU,2,15:52:53
21-03-18,PEMA12,1,10.41683539,76.8725567,719.831787,Persea macrantha,66,23,159,N,12:30:00,17:05:00,16:35:40,MGSQ,1,16:36:40
21-03-18,PEMA12,1,10.41683539,76.8725567,719.831787,Persea macrantha,66,23,159,N,12:30:00,17:05:00,16:37:49,WCBA,1,16:40:58
21-03-18,PEMA12,1,10.41683539,76.8725567,719.831787,Persea macrantha,66,23,159,N,12:30:00,17:05:00,16:59:54,WCBA,1,16:59:59
21-03-18,PEMA12,1,10.41683539,76.8725567,719.831787,Persea macrantha,66,23,159,N,12:30:00,17:05:00,16:59:57,WCBA,1,17:01:00
21-03-18,PEMA12,1,10.41683539,76.8725567,719.831787,Persea macrantha,66,23,159,N,12:30:00,17:05:00,17:02:08,WCBA,1,17:02:25
22-03-18,PEMA13,1,10.41843751,76.87552247,657.75708,Persea macrantha,120,27,250,N,7:05:00,12:05:00,7:17:09,MGHO,1,7:17:25
22-03-18,PEMA13,1,10.41843751,76.87552247,657.75708,Persea macrantha,120,27,250,N,7:05:00,12:05:00,7:31:23,MGHO,1,7:31:41
22-03-18,PEMA13,1,10.41843751,76.87552247,657.75708,Persea macrantha,120,27,250,N,7:05:00,12:05:00,7:44:49,YBBU,2,7:45:00
22-03-18,PEMA13,1,10.41843751,76.87552247,657.75708,Persea macrantha,120,27,250,N,7:05:00,12:05:00,7:59:00,YBBU,3,8:01:13
22-03-18,PEMA13,1,10.41843751,76.87552247,657.75708,Persea macrantha,120,27,250,N,7:05:00,12:05:00,7:59:00,YBBU,1,N
22-03-18,PEMA13,1,10.41843751,76.87552247,657.75708,Persea macrantha,120,27,250,N,7:05:00,12:05:00,8:02:49,YBBU,2,8:03:02
22-03-18,PEMA13,1,10.41843751,76.87552247,657.75708,Persea macrantha,120,27,250,N,7:05:00,12:05:00,8:02:49,YBBU,1,N
22-03-18,PEMA13,1,10.41843751,76.87552247,657.75708,Persea macrantha,120,27,250,N,7:05:00,12:05:00,8:03:15,YBBU,3,8:03:55
22-03-18,PEMA13,1,10.41843751,76.87552247,657.75708,Persea macrantha,120,27,250,N,7:05:00,12:05:00,8:03:55,WCBA,1,8:04:25
22-03-18,PEMA13,1,10.41843751,76.87552247,657.75708,Persea macrantha,120,27,250,N,7:05:00,12:05:00,8:03:55,YBBU,1,8:05:05
22-03-18,PEMA13,1,10.41843751,76.87552247,657.75708,Persea macrantha,120,27,250,N,7:05:00,12:05:00,8:05:06,YBBU,2,8:05:45
22-03-18,PEMA13,1,10.41843751,76.87552247,657.75708,Persea macrantha,120,27,250,N,7:05:00,12:05:00,8:05:36,YBBU,2,N
22-03-18,PEMA13,1,10.41843751,76.87552247,657.75708,Persea macrantha,120,27,250,N,7:05:00,12:05:00,8:06:02,YBBU,1,8:06:13
22-03-18,PEMA13,1,10.41843751,76.87552247,657.75708,Persea macrantha,120,27,250,N,7:05:00,12:05:00,8:06:39,YBBU,1,8:08:00
22-03-18,PEMA13,1,10.41843751,76.87552247,657.75708,Persea macrantha,120,27,250,N,7:05:00,12:05:00,8:06:39,YBBU,1,8:09:01
22-03-18,PEMA13,1,10.41843751,76.87552247,657.75708,Persea macrantha,120,27,250,N,7:05:00,12:05:00,N,YBBU,3,8:12:57
22-03-18,PEMA13,1,10.41843751,76.87552247,657.75708,Persea macrantha,120,27,250,N,7:05:00,12:05:00,8:15:06,AFBL,1,8:24:24
22-03-18,PEMA13,1,10.41843751,76.87552247,657.75708,Persea macrantha,120,27,250,N,7:05:00,12:05:00,8:36:06,YBBU,1,8:37:27
22-03-18,PEMA13,1,10.41843751,76.87552247,657.75708,Persea macrantha,120,27,250,N,7:05:00,12:05:00,8:37:10,YBBU,1,8:37:27
22-03-18,PEMA13,1,10.41843751,76.87552247,657.75708,Persea macrantha,120,27,250,N,7:05:00,12:05:00,8:37:27,YBBU,1,8:37:44
22-03-18,PEMA13,1,10.41843751,76.87552247,657.75708,Persea macrantha,120,27,250,N,7:05:00,12:05:00,8:42:23,YBBU,1,8:44:31
22-03-18,PEMA13,1,10.41843751,76.87552247,657.75708,Persea macrantha,120,27,250,N,7:05:00,12:05:00,8:43:11,YBBU,1,8:44:31
22-03-18,PEMA13,1,10.41843751,76.87552247,657.75708,Persea macrantha,120,27,250,N,7:05:00,12:05:00,8:43:39,YBBU,1,8:45:37
22-03-18,PEMA13,1,10.41843751,76.87552247,657.75708,Persea macrantha,120,27,250,N,7:05:00,12:05:00,8:44:08,YBBU,1,8:45:37
22-03-18,PEMA13,1,10.41843751,76.87552247,657.75708,Persea macrantha,120,27,250,N,7:05:00,12:05:00,8:44:59,YBBU,1,8:46:17
22-03-18,PEMA13,1,10.41843751,76.87552247,657.75708,Persea macrantha,120,27,250,N,7:05:00,12:05:00,8:45:59,YBBU,1,8:46:17
22-03-18,PEMA13,1,10.41843751,76.87552247,657.75708,Persea macrantha,120,27,250,N,7:05:00,12:05:00,N,YBBU,2,8:47:20
22-03-18,PEMA13,1,10.41843751,76.87552247,657.75708,Persea macrantha,120,27,250,N,7:05:00,12:05:00,8:47:29,YBBU,2,8:47:43
22-03-18,PEMA13,1,10.41843751,76.87552247,657.75708,Persea macrantha,120,27,250,N,7:05:00,12:05:00,8:47:00,YBBU,1,8:48:54
22-03-18,PEMA13,1,10.41843751,76.87552247,657.75708,Persea macrantha,120,27,250,N,7:05:00,12:05:00,8:48:30,YBBU,1,8:48:54
22-03-18,PEMA13,1,10.41843751,76.87552247,657.75708,Persea macrantha,120,27,250,N,7:05:00,12:05:00,8:50:14,YBBU,1,8:51:36
22-03-18,PEMA13,1,10.41843751,76.87552247,657.75708,Persea macrantha,120,27,250,N,7:05:00,12:05:00,8:51:04,YBBU,1,8:51:36
22-03-18,PEMA13,1,10.41843751,76.87552247,657.75708,Persea macrantha,120,27,250,N,7:05:00,12:05:00,8:51:29,YBBU,1,8:51:36
22-03-18,PEMA13,1,10.41843751,76.87552247,657.75708,Persea macrantha,120,27,250,N,7:05:00,12:05:00,8:51:54,YBBU,1,8:52:29
22-03-18,PEMA13,1,10.41843751,76.87552247,657.75708,Persea macrantha,120,27,250,N,7:05:00,12:05:00,8:52:13,YBBU,1,8:52:29
22-03-18,PEMA13,1,10.41843751,76.87552247,657.75708,Persea macrantha,120,27,250,N,7:05:00,12:05:00,8:52:50,YBBU,3,8:53:00
22-03-18,PEMA13,1,10.41843751,76.87552247,657.75708,Persea macrantha,120,27,250,N,7:05:00,12:05:00,8:53:31,YBBU,1,8:53:46
22-03-18,PEMA13,1,10.41843751,76.87552247,657.75708,Persea macrantha,120,27,250,N,7:05:00,12:05:00,8:55:55,MAST,1,8:59:35
22-03-18,PEMA13,1,10.41843751,76.87552247,657.75708,Persea macrantha,120,27,250,N,7:05:00,12:05:00,8:58:09,YBBU,1,8:59:50
22-03-18,PEMA13,1,10.41843751,76.87552247,657.75708,Persea macrantha,120,27,250,N,7:05:00,12:05:00,9:49:28,YBBU,1,9:50:35
22-03-18,PEMA13,1,10.41843751,76.87552247,657.75708,Persea macrantha,120,27,250,N,7:05:00,12:05:00,10:05:00,YBBU,1,10:05:30
22-03-18,PEMA13,1,10.41843751,76.87552247,657.75708,Persea macrantha,120,27,250,N,7:05:00,12:05:00,10:05:11,YBBU,1,10:05:30
22-03-18,PEMA13,1,10.41843751,76.87552247,657.75708,Persea macrantha,120,27,250,N,7:05:00,12:05:00,10:11:25,YBBU,1,10:13:53
22-03-18,PEMA13,1,10.41843751,76.87552247,657.75708,Persea macrantha,120,27,250,N,7:05:00,12:05:00,10:11:40,YBBU,1,10:14:55
22-03-18,PEMA13,1,10.41843751,76.87552247,657.75708,Persea macrantha,120,27,250,N,7:05:00,12:05:00,10:12:00,YBBU,1,10:15:13
22-03-18,PEMA13,1,10.41843751,76.87552247,657.75708,Persea macrantha,120,27,250,N,7:05:00,12:05:00,10:14:50,YBBU,1,10:15:23
22-03-18,PEMA13,1,10.41843751,76.87552247,657.75708,Persea macrantha,120,27,250,N,7:05:00,12:05:00,10:37:00,SHMY,2,10:37:21
22-03-18,PEMA13,1,10.41843751,76.87552247,657.75708,Persea macrantha,120,27,250,N,7:05:00,12:05:00,10:38:50,SHMY,1,10:40:50
22-03-18,PEMA13,1,10.41843751,76.87552247,657.75708,Persea macrantha,120,27,250,N,7:05:00,12:05:00,11:13:59,SHMY,2,11:16:19
22-03-18,PEMA13,1,10.41843751,76.87552247,657.75708,Persea macrantha,120,27,250,N,7:05:00,12:05:00,11:15:57,SHMY,2,11:16:19
22-03-18,PEMA13,1,10.41843751,76.87552247,657.75708,Persea macrantha,120,27,250,N,7:05:00,12:05:00,11:54:40,YBBU,1,11:55:40
22-03-18,PEMA13,1,10.41843751,76.87552247,657.75708,Persea macrantha,120,27,250,N,7:05:00,12:05:00,11:56:39,YBBU,1,11:58:40
22-03-18,PEMA13,1,10.41843751,76.87552247,657.75708,Persea macrantha,120,27,250,N,7:05:00,12:05:00,11:58:30,YBBU,1,11:58:40
22-03-18,PEMA13,1,10.41843751,76.87552247,657.75708,Persea macrantha,120,27,250,N,7:05:00,12:05:00,11:59:06,YBBU,1,11:59:12
22-03-18,PEMA13,1,10.41843751,76.87552247,657.75708,Persea macrantha,120,27,250,N,7:05:00,12:05:00,12:03:50,YBBU,1,12:04:00
22-03-18,PEMA13,1,10.41843751,76.87552247,657.75708,Persea macrantha,120,27,250,N,7:05:00,12:05:00,12:03:50,YBBU,1,12:04:16
22-03-18,PEMA14,1,10.41606886,76.87595766,699.586426,Persea macrantha,75,17,287,N,12:45:00,17:03:00,12:47:50,RWBU,1,12:49:32
22-03-18,PEMA14,1,10.41606886,76.87595766,699.586426,Persea macrantha,75,17,287,N,12:45:00,17:03:00,12:48:10,SHMY,2,12:48:22
22-03-18,PEMA14,1,10.41606886,76.87595766,699.586426,Persea macrantha,75,17,287,N,12:45:00,17:03:00,12:48:30,RWBU,1,12:49:32
22-03-18,PEMA14,1,10.41606886,76.87595766,699.586426,Persea macrantha,75,17,287,N,12:45:00,17:03:00,12:50:38,RWBU,1,12:51:38
22-03-18,PEMA14,1,10.41606886,76.87595766,699.586426,Persea macrantha,75,17,287,N,12:45:00,17:03:00,12:50:38,RWBU,1,12:55:36
22-03-18,PEMA14,1,10.41606886,76.87595766,699.586426,Persea macrantha,75,17,287,N,12:45:00,17:03:00,N,RWBU,1,13:05:36
22-03-18,PEMA14,1,10.41606886,76.87595766,699.586426,Persea macrantha,75,17,287,N,12:45:00,17:03:00,13:00:00,WBTR,2,13:01:11
22-03-18,PEMA14,1,10.41606886,76.87595766,699.586426,Persea macrantha,75,17,287,N,12:45:00,17:03:00,13:00:10,YBBU,1,13:02:11
22-03-18,PEMA14,1,10.41606886,76.87595766,699.586426,Persea macrantha,75,17,287,N,12:45:00,17:03:00,13:05:05,YBBU,2,13:07:59
22-03-18,PEMA14,1,10.41606886,76.87595766,699.586426,Persea macrantha,75,17,287,N,12:45:00,17:03:00,13:07:38,YBBU,1,13:11:44
22-03-18,PEMA14,1,10.41606886,76.87595766,699.586426,Persea macrantha,75,17,287,N,12:45:00,17:03:00,13:08:56,YBBU,2,13:11:55
22-03-18,PEMA14,1,10.41606886,76.87595766,699.586426,Persea macrantha,75,17,287,N,12:45:00,17:03:00,13:11:25,MAST,1,13:14:13
22-03-18,PEMA14,1,10.41606886,76.87595766,699.586426,Persea macrantha,75,17,287,N,12:45:00,17:03:00,13:11:25,MAST,1,13:14:20
22-03-18,PEMA14,1,10.41606886,76.87595766,699.586426,Persea macrantha,75,17,287,N,12:45:00,17:03:00,13:11:59,RWBU,1,13:18:36
22-03-18,PEMA14,1,10.41606886,76.87595766,699.586426,Persea macrantha,75,17,287,N,12:45:00,17:03:00,13:11:59,RWBU,1,13:18:36
22-03-18,PEMA14,1,10.41606886,76.87595766,699.586426,Persea macrantha,75,17,287,N,12:45:00,17:03:00,13:11:59,RWBU,1,N
22-03-18,PEMA14,1,10.41606886,76.87595766,699.586426,Persea macrantha,75,17,287,N,12:45:00,17:03:00,13:13:09,FTBU,1,N
22-03-18,PEMA14,1,10.41606886,76.87595766,699.586426,Persea macrantha,75,17,287,N,12:45:00,17:03:00,13:11:25,MAST,1,13:15:28
22-03-18,PEMA14,1,10.41606886,76.87595766,699.586426,Persea macrantha,75,17,287,N,12:45:00,17:03:00,13:15:43,MAST,1,13:16:05
22-03-18,PEMA14,1,10.41606886,76.87595766,699.586426,Persea macrantha,75,17,287,N,12:45:00,17:03:00,13:17:09,YBBU,1,13:18:50
22-03-18,PEMA14,1,10.41606886,76.87595766,699.586426,Persea macrantha,75,17,287,N,12:45:00,17:03:00,N,MAST,1,13:17:28
22-03-18,PEMA14,1,10.41606886,76.87595766,699.586426,Persea macrantha,75,17,287,N,12:45:00,17:03:00,13:23:24,AFBL,1,13:25:10
22-03-18,PEMA14,1,10.41606886,76.87595766,699.586426,Persea macrantha,75,17,287,N,12:45:00,17:03:00,13:23:24,RWBU,2,13:25:26
22-03-18,PEMA14,1,10.41606886,76.87595766,699.586426,Persea macrantha,75,17,287,N,12:45:00,17:03:00,13:26:44,YBBU,1,13:30:24
22-03-18,PEMA14,1,10.41606886,76.87595766,699.586426,Persea macrantha,75,17,287,N,12:45:00,17:03:00,13:26:44,RWBU,1,13:34:42
22-03-18,PEMA14,1,10.41606886,76.87595766,699.586426,Persea macrantha,75,17,287,N,12:45:00,17:03:00,13:32:12,RWBU,3,13:34:42
22-03-18,PEMA14,1,10.41606886,76.87595766,699.586426,Persea macrantha,75,17,287,N,12:45:00,17:03:00,13:32:12,RWBU,1,N
22-03-18,PEMA14,1,10.41606886,76.87595766,699.586426,Persea macrantha,75,17,287,N,12:45:00,17:03:00,13:32:12,YBBU,1,N
22-03-18,PEMA14,1,10.41606886,76.87595766,699.586426,Persea macrantha,75,17,287,N,12:45:00,17:03:00,N,RWBU,3,13:37:21
22-03-18,PEMA14,1,10.41606886,76.87595766,699.586426,Persea macrantha,75,17,287,N,12:45:00,17:03:00,13:46:24,RWBU,1,13:48:39
22-03-18,PEMA14,1,10.41606886,76.87595766,699.586426,Persea macrantha,75,17,287,N,12:45:00,17:03:00,13:17:49,RWBU,1,N
22-03-18,PEMA14,1,10.41606886,76.87595766,699.586426,Persea macrantha,75,17,287,N,12:45:00,17:03:00,13:49:07,RWBU,1,13:50:19
22-03-18,PEMA14,1,10.41606886,76.87595766,699.586426,Persea macrantha,75,17,287,N,12:45:00,17:03:00,13:49:48,YBBU,1,13:50:36
22-03-18,PEMA14,1,10.41606886,76.87595766,699.586426,Persea macrantha,75,17,287,N,12:45:00,17:03:00,13:51:10,RWBU,1,13:52:59
22-03-18,PEMA14,1,10.41606886,76.87595766,699.586426,Persea macrantha,75,17,287,N,12:45:00,17:03:00,13:51:16,RWBU,1,13:53:21
22-03-18,PEMA14,1,10.41606886,76.87595766,699.586426,Persea macrantha,75,17,287,N,12:45:00,17:03:00,N,RWBU,2,13:53:21
22-03-18,PEMA14,1,10.41606886,76.87595766,699.586426,Persea macrantha,75,17,287,N,12:45:00,17:03:00,13:51:16,WCBA,1,13:52:32
22-03-18,PEMA14,1,10.41606886,76.87595766,699.586426,Persea macrantha,75,17,287,N,12:45:00,17:03:00,13:53:50,RWBU,1,13:56:58
22-03-18,PEMA14,1,10.41606886,76.87595766,699.586426,Persea macrantha,75,17,287,N,12:45:00,17:03:00,13:55:28,FTBU,1,N
22-03-18,PEMA14,1,10.41606886,76.87595766,699.586426,Persea macrantha,75,17,287,N,12:45:00,17:03:00,N,RWBU,1,13:57:58
22-03-18,PEMA14,1,10.41606886,76.87595766,699.586426,Persea macrantha,75,17,287,N,12:45:00,17:03:00,N,RWBU,1,13:58:27
22-03-18,PEMA14,1,10.41606886,76.87595766,699.586426,Persea macrantha,75,17,287,N,12:45:00,17:03:00,14:06:26,YBBU,2,14:07:07
22-03-18,PEMA14,1,10.41606886,76.87595766,699.586426,Persea macrantha,75,17,287,N,12:45:00,17:03:00,14:06:26,RWBU,1,14:13:22
22-03-18,PEMA14,1,10.41606886,76.87595766,699.586426,Persea macrantha,75,17,287,N,12:45:00,17:03:00,14:10:40,YBBU,1,14:11:45
22-03-18,PEMA14,1,10.41606886,76.87595766,699.586426,Persea macrantha,75,17,287,N,12:45:00,17:03:00,14:24:30,YBBU,1,14:29:19
22-03-18,PEMA14,1,10.41606886,76.87595766,699.586426,Persea macrantha,75,17,287,N,12:45:00,17:03:00,14:25:25,YBBU,1,N
22-03-18,PEMA14,1,10.41606886,76.87595766,699.586426,Persea macrantha,75,17,287,N,12:45:00,17:03:00,14:25:36,RWBU,2,14:27:01
22-03-18,PEMA14,1,10.41606886,76.87595766,699.586426,Persea macrantha,75,17,287,N,12:45:00,17:03:00,14:26:03,RWBU,1,14:27:01
22-03-18,PEMA14,1,10.41606886,76.87595766,699.586426,Persea macrantha,75,17,287,N,12:45:00,17:03:00,14:26:25,RWBU,1,14:27:48
22-03-18,PEMA14,1,10.41606886,76.87595766,699.586426,Persea macrantha,75,17,287,N,12:45:00,17:03:00,14:26:25,RWBU,1,N
22-03-18,PEMA14,1,10.41606886,76.87595766,699.586426,Persea macrantha,75,17,287,N,12:45:00,17:03:00,14:30:05,RWBU,1,14:34:13
22-03-18,PEMA14,1,10.41606886,76.87595766,699.586426,Persea macrantha,75,17,287,N,12:45:00,17:03:00,14:30:05,RWBU,1,14:31:16
22-03-18,PEMA14,1,10.41606886,76.87595766,699.586426,Persea macrantha,75,17,287,N,12:45:00,17:03:00,14:33:11,YBBU,2,14:33:48
22-03-18,PEMA14,1,10.41606886,76.87595766,699.586426,Persea macrantha,75,17,287,N,12:45:00,17:03:00,14:35:18,RWBU,1,14:40:37
22-03-18,PEMA14,1,10.41606886,76.87595766,699.586426,Persea macrantha,75,17,287,N,12:45:00,17:03:00,N,BUsp.,1,14:36:19
22-03-18,PEMA14,1,10.41606886,76.87595766,699.586426,Persea macrantha,75,17,287,N,12:45:00,17:03:00,14:40:58,AFBL,1,14:52:00
22-03-18,PEMA14,1,10.41606886,76.87595766,699.586426,Persea macrantha,75,17,287,N,12:45:00,17:03:00,N,AFBL,1,14:51:56
22-03-18,PEMA14,1,10.41606886,76.87595766,699.586426,Persea macrantha,75,17,287,N,12:45:00,17:03:00,14:45:00,RWBU,1,14:49:24
22-03-18,PEMA14,1,10.41606886,76.87595766,699.586426,Persea macrantha,75,17,287,N,12:45:00,17:03:00,N,RWBU,1,N
22-03-18,PEMA14,1,10.41606886,76.87595766,699.586426,Persea macrantha,75,17,287,N,12:45:00,17:03:00,14:57:26,YBBU,2,14:58:36
22-03-18,PEMA14,1,10.41606886,76.87595766,699.586426,Persea macrantha,75,17,287,N,12:45:00,17:03:00,15:02:22,WCBA,1,15:06:13
22-03-18,PEMA14,1,10.41606886,76.87595766,699.586426,Persea macrantha,75,17,287,N,12:45:00,17:03:00,15:04:00,WCBA,1,N
22-03-18,PEMA14,1,10.41606886,76.87595766,699.586426,Persea macrantha,75,17,287,N,12:45:00,17:03:00,N,FTBU,1,15:04:52
22-03-18,PEMA14,1,10.41606886,76.87595766,699.586426,Persea macrantha,75,17,287,N,12:45:00,17:03:00,15:06:11,RWBU,1,15:15:10
22-03-18,PEMA14,1,10.41606886,76.87595766,699.586426,Persea macrantha,75,17,287,N,12:45:00,17:03:00,15:07:20,YBBU,2,N
22-03-18,PEMA14,1,10.41606886,76.87595766,699.586426,Persea macrantha,75,17,287,N,12:45:00,17:03:00,N,RWBU,1,15:05:25
22-03-18,PEMA14,1,10.41606886,76.87595766,699.586426,Persea macrantha,75,17,287,N,12:45:00,17:03:00,N,RWBU,1,15:10:08
22-03-18,PEMA14,1,10.41606886,76.87595766,699.586426,Persea macrantha,75,17,287,N,12:45:00,17:03:00,15:20:00,RWBU,1,15:23:17
22-03-18,PEMA14,1,10.41606886,76.87595766,699.586426,Persea macrantha,75,17,287,N,12:45:00,17:03:00,15:22:45,YBBU,2,15:23:17
22-03-18,PEMA14,1,10.41606886,76.87595766,699.586426,Persea macrantha,75,17,287,N,12:45:00,17:03:00,15:23:00,YBBU,1,15:24:31
22-03-18,PEMA14,1,10.41606886,76.87595766,699.586426,Persea macrantha,75,17,287,N,12:45:00,17:03:00,15:25:24,YBBU,2,15:26:46
22-03-18,PEMA14,1,10.41606886,76.87595766,699.586426,Persea macrantha,75,17,287,N,12:45:00,17:03:00,15:26:18,YBBU,1,15:26:46
22-03-18,PEMA14,1,10.41606886,76.87595766,699.586426,Persea macrantha,75,17,287,N,12:45:00,17:03:00,15:27:00,YBBU,3,15:28:10
22-03-18,PEMA14,1,10.41606886,76.87595766,699.586426,Persea macrantha,75,17,287,N,12:45:00,17:03:00,15:27:00,RWBU,1,15:29:18
22-03-18,PEMA14,1,10.41606886,76.87595766,699.586426,Persea macrantha,75,17,287,N,12:45:00,17:03:00,15:30:00,FTBU,1,15:30:29
22-03-18,PEMA14,1,10.41606886,76.87595766,699.586426,Persea macrantha,75,17,287,N,12:45:00,17:03:00,15:30:29,YBBU,1,15:36:36
22-03-18,PEMA14,1,10.41606886,76.87595766,699.586426,Persea macrantha,75,17,287,N,12:45:00,17:03:00,15:30:29,YBBU,1,15:37:24
22-03-18,PEMA14,1,10.41606886,76.87595766,699.586426,Persea macrantha,75,17,287,N,12:45:00,17:03:00,15:31:24,YBBU,2,N
22-03-18,PEMA14,1,10.41606886,76.87595766,699.586426,Persea macrantha,75,17,287,N,12:45:00,17:03:00,15:35:07,WCBA,1,N
22-03-18,PEMA14,1,10.41606886,76.87595766,699.586426,Persea macrantha,75,17,287,N,12:45:00,17:03:00,15:37:30,YBBU,1,15:38:50
22-03-18,PEMA14,1,10.41606886,76.87595766,699.586426,Persea macrantha,75,17,287,N,12:45:00,17:03:00,15:38:29,YBBU,1,15:38:50
22-03-18,PEMA14,1,10.41606886,76.87595766,699.586426,Persea macrantha,75,17,287,N,12:45:00,17:03:00,15:38:29,YBBU,1,15:39:30
22-03-18,PEMA14,1,10.41606886,76.87595766,699.586426,Persea macrantha,75,17,287,N,12:45:00,17:03:00,15:38:29,YBBU,1,15:39:30
22-03-18,PEMA14,1,10.41606886,76.87595766,699.586426,Persea macrantha,75,17,287,N,12:45:00,17:03:00,N,RWBU,1,15:39:30
22-03-18,PEMA14,1,10.41606886,76.87595766,699.586426,Persea macrantha,75,17,287,N,12:45:00,17:03:00,15:40:00,RWBU,3,15:43:23
22-03-18,PEMA14,1,10.41606886,76.87595766,699.586426,Persea macrantha,75,17,287,N,12:45:00,17:03:00,15:43:40,RWBU,1,15:44:39
22-03-18,PEMA14,1,10.41606886,76.87595766,699.586426,Persea macrantha,75,17,287,N,12:45:00,17:03:00,15:44:00,RWBU,2,N
22-03-18,PEMA14,1,10.41606886,76.87595766,699.586426,Persea macrantha,75,17,287,N,12:45:00,17:03:00,15:44:28,YBBU,1,15:44:39
22-03-18,PEMA14,1,10.41606886,76.87595766,699.586426,Persea macrantha,75,17,287,N,12:45:00,17:03:00,15:45:00,RWBU,1,N
22-03-18,PEMA14,1,10.41606886,76.87595766,699.586426,Persea macrantha,75,17,287,N,12:45:00,17:03:00,15:45:00,OHTH,1,15:47:48
22-03-18,PEMA14,1,10.41606886,76.87595766,699.586426,Persea macrantha,75,17,287,N,12:45:00,17:03:00,N,BUsp.,1,15:46:51
22-03-18,PEMA14,1,10.41606886,76.87595766,699.586426,Persea macrantha,75,17,287,N,12:45:00,17:03:00,N,FTBU,3,15:48:48
22-03-18,PEMA14,1,10.41606886,76.87595766,699.586426,Persea macrantha,75,17,287,N,12:45:00,17:03:00,N,BUsp.,1,15:50:23
22-03-18,PEMA14,1,10.41606886,76.87595766,699.586426,Persea macrantha,75,17,287,N,12:45:00,17:03:00,N,YBBU,1,15:50:16
22-03-18,PEMA14,1,10.41606886,76.87595766,699.586426,Persea macrantha,75,17,287,N,12:45:00,17:03:00,N,RWBU,1,15:52:23
22-03-18,PEMA14,1,10.41606886,76.87595766,699.586426,Persea macrantha,75,17,287,N,12:45:00,17:03:00,15:45:00,AFBL,1,15:46:00
22-03-18,PEMA14,1,10.41606886,76.87595766,699.586426,Persea macrantha,75,17,287,N,12:45:00,17:03:00,16:07:12,YBBU,2,16:08:00
22-03-18,PEMA14,1,10.41606886,76.87595766,699.586426,Persea macrantha,75,17,287,N,12:45:00,17:03:00,16:07:12,YBBU,1,16:09:05
22-03-18,PEMA14,1,10.41606886,76.87595766,699.586426,Persea macrantha,75,17,287,N,12:45:00,17:03:00,16:14:34,RWBU,2,16:14:58
22-03-18,PEMA14,1,10.41606886,76.87595766,699.586426,Persea macrantha,75,17,287,N,12:45:00,17:03:00,16:17:26,WCBA,1,16:23:11
22-03-18,PEMA14,1,10.41606886,76.87595766,699.586426,Persea macrantha,75,17,287,N,12:45:00,17:03:00,16:17:51,FTBU,2,16:21:59
22-03-18,PEMA14,1,10.41606886,76.87595766,699.586426,Persea macrantha,75,17,287,N,12:45:00,17:03:00,16:17:55,FTBU,1,N
22-03-18,PEMA14,1,10.41606886,76.87595766,699.586426,Persea macrantha,75,17,287,N,12:45:00,17:03:00,16:20:22,RWBU,3,N
22-03-18,PEMA14,1,10.41606886,76.87595766,699.586426,Persea macrantha,75,17,287,N,12:45:00,17:03:00,16:22:38,RWBU,1,N
22-03-18,PEMA14,1,10.41606886,76.87595766,699.586426,Persea macrantha,75,17,287,N,12:45:00,17:03:00,16:22:38,FTBU,1,16:23:50
22-03-18,PEMA14,1,10.41606886,76.87595766,699.586426,Persea macrantha,75,17,287,N,12:45:00,17:03:00,16:23:08,FTBU,2,16:23:50
22-03-18,PEMA14,1,10.41606886,76.87595766,699.586426,Persea macrantha,75,17,287,N,12:45:00,17:03:00,16:24:16,RWBU,1,N
22-03-18,PEMA14,1,10.41606886,76.87595766,699.586426,Persea macrantha,75,17,287,N,12:45:00,17:03:00,16:24:16,RWBU,1,16:25:52
22-03-18,PEMA14,1,10.41606886,76.87595766,699.586426,Persea macrantha,75,17,287,N,12:45:00,17:03:00,16:24:51,MAST,1,16:25:22
22-03-18,PEMA14,1,10.41606886,76.87595766,699.586426,Persea macrantha,75,17,287,N,12:45:00,17:03:00,16:25:31,RWBU,1,16:25:52
22-03-18,PEMA14,1,10.41606886,76.87595766,699.586426,Persea macrantha,75,17,287,N,12:45:00,17:03:00,16:26:48,RWBU,1,16:37:45
22-03-18,PEMA14,1,10.41606886,76.87595766,699.586426,Persea macrantha,75,17,287,N,12:45:00,17:03:00,16:26:48,WCBA,1,16:27:25
22-03-18,PEMA14,1,10.41606886,76.87595766,699.586426,Persea macrantha,75,17,287,N,12:45:00,17:03:00,16:26:48,FTBU,1,16:29:03
22-03-18,PEMA14,1,10.41606886,76.87595766,699.586426,Persea macrantha,75,17,287,N,12:45:00,17:03:00,16:36:56,MGHO,1,16:39:22
22-03-18,PEMA14,1,10.41606886,76.87595766,699.586426,Persea macrantha,75,17,287,N,12:45:00,17:03:00,16:38:20,YBBU,1,16:38:50
22-03-18,PEMA14,1,10.41606886,76.87595766,699.586426,Persea macrantha,75,17,287,N,12:45:00,17:03:00,16:38:20,YBBU,1,16:39:16
22-03-18,PEMA14,1,10.41606886,76.87595766,699.586426,Persea macrantha,75,17,287,N,12:45:00,17:03:00,16:39:55,WCBA,1,16:42:49
22-03-18,PEMA14,1,10.41606886,76.87595766,699.586426,Persea macrantha,75,17,287,N,12:45:00,17:03:00,16:41:07,WCBA,1,16:41:42
22-03-18,PEMA14,1,10.41606886,76.87595766,699.586426,Persea macrantha,75,17,287,N,12:45:00,17:03:00,N,WCBA,1,16:46:13
22-03-18,PEMA14,1,10.41606886,76.87595766,699.586426,Persea macrantha,75,17,287,N,12:45:00,17:03:00,16:49:10,WCBA,1,16:49:15
22-03-18,PEMA14,1,10.41606886,76.87595766,699.586426,Persea macrantha,75,17,287,N,12:45:00,17:03:00,16:49:10,WCBA,1,16:53:00
22-03-18,PEMA14,1,10.41606886,76.87595766,699.586426,Persea macrantha,75,17,287,N,12:45:00,17:03:00,16:55:15,MIPI,1,16:57:15
22-03-18,PEMA14,1,10.41606886,76.87595766,699.586426,Persea macrantha,75,17,287,N,12:45:00,17:03:00,16:55:09,WBTR,2,16:57:40
22-03-18,PEMA14,1,10.41606886,76.87595766,699.586426,Persea macrantha,75,17,287,N,12:45:00,17:03:00,16:56:27,MGHO,1,16:56:40
22-03-18,PEMA14,1,10.41606886,76.87595766,699.586426,Persea macrantha,75,17,287,N,12:45:00,17:03:00,16:56:48,SHMY,1,16:56:59
22-03-18,PEMA14,1,10.41606886,76.87595766,699.586426,Persea macrantha,75,17,287,N,12:45:00,17:03:00,16:59:42,YBBU,1,17:03:21
22-03-18,PEMA14,1,10.41606886,76.87595766,699.586426,Persea macrantha,75,17,287,N,12:45:00,17:03:00,17:00:00,YBBU,1,17:02:52
23-03-18,PEMA15,1,10.41962933,76.87534226,626.715515,Persea macrantha,330,23,203,N,7:00:00,12:05:00,7:01:49,MGHO,1,7:02:05
23-03-18,PEMA15,1,10.41962933,76.87534226,626.715515,Persea macrantha,330,23,203,N,7:00:00,12:05:00,7:02:57,WCBA,1,7:05:46
23-03-18,PEMA15,1,10.41962933,76.87534226,626.715515,Persea macrantha,330,23,203,N,7:00:00,12:05:00,7:02:00,YBBU,2,7:06:21
23-03-18,PEMA15,1,10.41962933,76.87534226,626.715515,Persea macrantha,330,23,203,N,7:00:00,12:05:00,7:05:53,YBBU,1,7:06:15
23-03-18,PEMA15,1,10.41962933,76.87534226,626.715515,Persea macrantha,330,23,203,N,7:00:00,12:05:00,N,OHTH,1,N
23-03-18,PEMA15,1,10.41962933,76.87534226,626.715515,Persea macrantha,330,23,203,N,7:00:00,12:05:00,7:09:00,YBBU,1,7:11:11
23-03-18,PEMA15,1,10.41962933,76.87534226,626.715515,Persea macrantha,330,23,203,N,7:00:00,12:05:00,N,YBBU,1,7:11:11
23-03-18,PEMA15,1,10.41962933,76.87534226,626.715515,Persea macrantha,330,23,203,N,7:00:00,12:05:00,N,YBBU,1,7:15:40
23-03-18,PEMA15,1,10.41962933,76.87534226,626.715515,Persea macrantha,330,23,203,N,7:00:00,12:05:00,7:17:13,YBBU,1,7:18:27
23-03-18,PEMA15,1,10.41962933,76.87534226,626.715515,Persea macrantha,330,23,203,N,7:00:00,12:05:00,7:18:16,YBBU,1,7:19:56
23-03-18,PEMA15,1,10.41962933,76.87534226,626.715515,Persea macrantha,330,23,203,N,7:00:00,12:05:00,7:19:00,YBBU,1,7:20:30
23-03-18,PEMA15,1,10.41962933,76.87534226,626.715515,Persea macrantha,330,23,203,N,7:00:00,12:05:00,7:20:00,YBBU,3,7:24:06
23-03-18,PEMA15,1,10.41962933,76.87534226,626.715515,Persea macrantha,330,23,203,N,7:00:00,12:05:00,7:20:57,YBBU,1,N
23-03-18,PEMA15,1,10.41962933,76.87534226,626.715515,Persea macrantha,330,23,203,N,7:00:00,12:05:00,7:22:00,YBBU,2,N
23-03-18,PEMA15,1,10.41962933,76.87534226,626.715515,Persea macrantha,330,23,203,N,7:00:00,12:05:00,7:23:40,SHMY,1,7:24:49
23-03-18,PEMA15,1,10.41962933,76.87534226,626.715515,Persea macrantha,330,23,203,N,7:00:00,12:05:00,7:23:40,SHMY,1,7:24:43
23-03-18,PEMA15,1,10.41962933,76.87534226,626.715515,Persea macrantha,330,23,203,N,7:00:00,12:05:00,7:23:40,SHMY,1,7:24:06
23-03-18,PEMA15,1,10.41962933,76.87534226,626.715515,Persea macrantha,330,23,203,N,7:00:00,12:05:00,7:24:06,YBBU,1,N
23-03-18,PEMA15,1,10.41962933,76.87534226,626.715515,Persea macrantha,330,23,203,N,7:00:00,12:05:00,7:26:09,YBBU,3,7:27:03
23-03-18,PEMA15,1,10.41962933,76.87534226,626.715515,Persea macrantha,330,23,203,N,7:00:00,12:05:00,7:26:33,YBBU,1,7:27:10
23-03-18,PEMA15,1,10.41962933,76.87534226,626.715515,Persea macrantha,330,23,203,N,7:00:00,12:05:00,N,YBBU,2,7:27:28
23-03-18,PEMA15,1,10.41962933,76.87534226,626.715515,Persea macrantha,330,23,203,N,7:00:00,12:05:00,7:27:58,WCBA,1,7:29:30
23-03-18,PEMA15,1,10.41962933,76.87534226,626.715515,Persea macrantha,330,23,203,N,7:00:00,12:05:00,7:28:16,WCBA,1,7:29:46
23-03-18,PEMA15,1,10.41962933,76.87534226,626.715515,Persea macrantha,330,23,203,N,7:00:00,12:05:00,N,YBBU,2,7:28:42
23-03-18,PEMA15,1,10.41962933,76.87534226,626.715515,Persea macrantha,330,23,203,N,7:00:00,12:05:00,7:29:12,YBBU,2,N
23-03-18,PEMA15,1,10.41962933,76.87534226,626.715515,Persea macrantha,330,23,203,N,7:00:00,12:05:00,7:29:50,WCBA,1,N
23-03-18,PEMA15,1,10.41962933,76.87534226,626.715515,Persea macrantha,330,23,203,N,7:00:00,12:05:00,7:30:27,YBBU,3,7:30:40
23-03-18,PEMA15,1,10.41962933,76.87534226,626.715515,Persea macrantha,330,23,203,N,7:00:00,12:05:00,7:31:00,YBBU,2,7:32:20
23-03-18,PEMA15,1,10.41962933,76.87534226,626.715515,Persea macrantha,330,23,203,N,7:00:00,12:05:00,N,YBBU,1,7:32:20
23-03-18,PEMA15,1,10.41962933,76.87534226,626.715515,Persea macrantha,330,23,203,N,7:00:00,12:05:00,7:32:20,OHTH,1,7:32:55
23-03-18,PEMA15,1,10.41962933,76.87534226,626.715515,Persea macrantha,330,23,203,N,7:00:00,12:05:00,7:32:58,YBBU,1,7:34:09
23-03-18,PEMA15,1,10.41962933,76.87534226,626.715515,Persea macrantha,330,23,203,N,7:00:00,12:05:00,7:34:04,YBBU,1,7:34:32
23-03-18,PEMA15,1,10.41962933,76.87534226,626.715515,Persea macrantha,330,23,203,N,7:00:00,12:05:00,N,YBBU,1,7:34:59
23-03-18,PEMA15,1,10.41962933,76.87534226,626.715515,Persea macrantha,330,23,203,N,7:00:00,12:05:00,7:37:06,FTBU,1,7:37:50
23-03-18,PEMA15,1,10.41962933,76.87534226,626.715515,Persea macrantha,330,23,203,N,7:00:00,12:05:00,7:39:52,YBBU,1,7:40:34
23-03-18,PEMA15,1,10.41962933,76.87534226,626.715515,Persea macrantha,330,23,203,N,7:00:00,12:05:00,7:39:52,YBBU,1,7:40:50
23-03-18,PEMA15,1,10.41962933,76.87534226,626.715515,Persea macrantha,330,23,203,N,7:00:00,12:05:00,7:39:50,WCBA,1,7:41:55
23-03-18,PEMA15,1,10.41962933,76.87534226,626.715515,Persea macrantha,330,23,203,N,7:00:00,12:05:00,7:45:30,WCBA,1,7:49:31
23-03-18,PEMA15,1,10.41962933,76.87534226,626.715515,Persea macrantha,330,23,203,N,7:00:00,12:05:00,7:45:45,YBBU,1,7:47:51
23-03-18,PEMA15,1,10.41962933,76.87534226,626.715515,Persea macrantha,330,23,203,N,7:00:00,12:05:00,7:45:48,YBBU,1,7:48:20
23-03-18,PEMA15,1,10.41962933,76.87534226,626.715515,Persea macrantha,330,23,203,N,7:00:00,12:05:00,7:46:45,YBBU,1,7:48:34
23-03-18,PEMA15,1,10.41962933,76.87534226,626.715515,Persea macrantha,330,23,203,N,7:00:00,12:05:00,7:47:58,YBBU,1,7:48:39
23-03-18,PEMA15,1,10.41962933,76.87534226,626.715515,Persea macrantha,330,23,203,N,7:00:00,12:05:00,7:47:58,YBBU,1,7:49:10
23-03-18,PEMA15,1,10.41962933,76.87534226,626.715515,Persea macrantha,330,23,203,N,7:00:00,12:05:00,7:47:58,YBBU,1,7:49:53
23-03-18,PEMA15,1,10.41962933,76.87534226,626.715515,Persea macrantha,330,23,203,N,7:00:00,12:05:00,7:48:30,YBBU,1,7:49:59
23-03-18,PEMA15,1,10.41962933,76.87534226,626.715515,Persea macrantha,330,23,203,N,7:00:00,12:05:00,7:48:30,YBBU,1,7:51:52
23-03-18,PEMA15,1,10.41962933,76.87534226,626.715515,Persea macrantha,330,23,203,N,7:00:00,12:05:00,7:50:20,WCBA,1,7:52:30
23-03-18,PEMA15,1,10.41962933,76.87534226,626.715515,Persea macrantha,330,23,203,N,7:00:00,12:05:00,7:51:00,YBBU,1,7:53:10
23-03-18,PEMA15,1,10.41962933,76.87534226,626.715515,Persea macrantha,330,23,203,N,7:00:00,12:05:00,7:51:22,WCBA,1,7:53:00
23-03-18,PEMA15,1,10.41962933,76.87534226,626.715515,Persea macrantha,330,23,203,N,7:00:00,12:05:00,7:55:00,YBBU,3,7:55:13
23-03-18,PEMA15,1,10.41962933,76.87534226,626.715515,Persea macrantha,330,23,203,N,7:00:00,12:05:00,7:55:40,SHMY,1,7:56:20
23-03-18,PEMA15,1,10.41962933,76.87534226,626.715515,Persea macrantha,330,23,203,N,7:00:00,12:05:00,7:57:03,SHMY,1,7:57:19
23-03-18,PEMA15,1,10.41962933,76.87534226,626.715515,Persea macrantha,330,23,203,N,7:00:00,12:05:00,N,YBBU,1,8:01:05
23-03-18,PEMA15,1,10.41962933,76.87534226,626.715515,Persea macrantha,330,23,203,N,7:00:00,12:05:00,8:03:08,YBBU,1,8:06:03
23-03-18,PEMA15,1,10.41962933,76.87534226,626.715515,Persea macrantha,330,23,203,N,7:00:00,12:05:00,8:03:31,YBBU,1,8:08:32
23-03-18,PEMA15,1,10.41962933,76.87534226,626.715515,Persea macrantha,330,23,203,N,7:00:00,12:05:00,8:04:50,YBBU,1,8:08:36
23-03-18,PEMA15,1,10.41962933,76.87534226,626.715515,Persea macrantha,330,23,203,N,7:00:00,12:05:00,8:03:40,YBBU,1,8:09:40
23-03-18,PEMA15,1,10.41962933,76.87534226,626.715515,Persea macrantha,330,23,203,N,7:00:00,12:05:00,8:07:41,WCBA,1,8:09:50
23-03-18,PEMA15,1,10.41962933,76.87534226,626.715515,Persea macrantha,330,23,203,N,7:00:00,12:05:00,8:08:30,YBBU,1,8:08:56
23-03-18,PEMA15,1,10.41962933,76.87534226,626.715515,Persea macrantha,330,23,203,N,7:00:00,12:05:00,8:09:20,YBBU,1,8:10:00
23-03-18,PEMA15,1,10.41962933,76.87534226,626.715515,Persea macrantha,330,23,203,N,7:00:00,12:05:00,8:09:20,YBBU,1,N
23-03-18,PEMA15,1,10.41962933,76.87534226,626.715515,Persea macrantha,330,23,203,N,7:00:00,12:05:00,8:10:30,WCBA,1,8:11:48
23-03-18,PEMA15,1,10.41962933,76.87534226,626.715515,Persea macrantha,330,23,203,N,7:00:00,12:05:00,8:10:59,WCBA,1,8:13:21
23-03-18,PEMA15,1,10.41962933,76.87534226,626.715515,Persea macrantha,330,23,203,N,7:00:00,12:05:00,8:11:21,YBBU,1,8:11:40
23-03-18,PEMA15,1,10.41962933,76.87534226,626.715515,Persea macrantha,330,23,203,N,7:00:00,12:05:00,N,WCBA,1,8:12:22
23-03-18,PEMA15,1,10.41962933,76.87534226,626.715515,Persea macrantha,330,23,203,N,7:00:00,12:05:00,N,YBBU,1,8:12:39
23-03-18,PEMA15,1,10.41962933,76.87534226,626.715515,Persea macrantha,330,23,203,N,7:00:00,12:05:00,N,YBBU,1,8:12:52
23-03-18,PEMA15,1,10.41962933,76.87534226,626.715515,Persea macrantha,330,23,203,N,7:00:00,12:05:00,8:13:48,YBBU,1,8:14:06
23-03-18,PEMA15,1,10.41962933,76.87534226,626.715515,Persea macrantha,330,23,203,N,7:00:00,12:05:00,8:15:20,WCBA,1,8:19:00
23-03-18,PEMA15,1,10.41962933,76.87534226,626.715515,Persea macrantha,330,23,203,N,7:00:00,12:05:00,8:15:20,YBBU,2,8:17:55
23-03-18,PEMA15,1,10.41962933,76.87534226,626.715515,Persea macrantha,330,23,203,N,7:00:00,12:05:00,8:16:15,YBBU,1,8:16:25
23-03-18,PEMA15,1,10.41962933,76.87534226,626.715515,Persea macrantha,330,23,203,N,7:00:00,12:05:00,8:17:55,OHTH,1,8:30:08
23-03-18,PEMA15,1,10.41962933,76.87534226,626.715515,Persea macrantha,330,23,203,N,7:00:00,12:05:00,8:18:54,YBBU,1,8:19:02
23-03-18,PEMA15,1,10.41962933,76.87534226,626.715515,Persea macrantha,330,23,203,N,7:00:00,12:05:00,8:23:09,MGHO,1,8:25:58
23-03-18,PEMA15,1,10.41962933,76.87534226,626.715515,Persea macrantha,330,23,203,N,7:00:00,12:05:00,8:23:42,YBBU,1,8:26:18
23-03-18,PEMA15,1,10.41962933,76.87534226,626.715515,Persea macrantha,330,23,203,N,7:00:00,12:05:00,8:24:10,YBBU,1,8:26:18
23-03-18,PEMA15,1,10.41962933,76.87534226,626.715515,Persea macrantha,330,23,203,N,7:00:00,12:05:00,8:27:13,MGHO,1,8:27:28
23-03-18,PEMA15,1,10.41962933,76.87534226,626.715515,Persea macrantha,330,23,203,N,7:00:00,12:05:00,8:27:44,MGHO,1,8:29:16
23-03-18,PEMA15,1,10.41962933,76.87534226,626.715515,Persea macrantha,330,23,203,N,7:00:00,12:05:00,8:28:03,YBBU,1,8:28:50
23-03-18,PEMA15,1,10.41962933,76.87534226,626.715515,Persea macrantha,330,23,203,N,7:00:00,12:05:00,N,YBBU,1,8:28:50
23-03-18,PEMA15,1,10.41962933,76.87534226,626.715515,Persea macrantha,330,23,203,N,7:00:00,12:05:00,N,YBBU,1,8:28:50
23-03-18,PEMA15,1,10.41962933,76.87534226,626.715515,Persea macrantha,330,23,203,N,7:00:00,12:05:00,8:28:50,YBBU,1,8:29:45
23-03-18,PEMA15,1,10.41962933,76.87534226,626.715515,Persea macrantha,330,23,203,N,7:00:00,12:05:00,N,YBBU,1,8:19:24
23-03-18,PEMA15,1,10.41962933,76.87534226,626.715515,Persea macrantha,330,23,203,N,7:00:00,12:05:00,N,YBBU,2,8:20:47
23-03-18,PEMA15,1,10.41962933,76.87534226,626.715515,Persea macrantha,330,23,203,N,7:00:00,12:05:00,8:36:49,YBBU,1,8:39:58
23-03-18,PEMA15,1,10.41962933,76.87534226,626.715515,Persea macrantha,330,23,203,N,7:00:00,12:05:00,8:36:58,YBBU,1,N
23-03-18,PEMA15,1,10.41962933,76.87534226,626.715515,Persea macrantha,330,23,203,N,7:00:00,12:05:00,8:39:56,SHMY,1,8:40:16
23-03-18,PEMA15,1,10.41962933,76.87534226,626.715515,Persea macrantha,330,23,203,N,7:00:00,12:05:00,8:39:56,SHMY,1,8:40:44
23-03-18,PEMA15,1,10.41962933,76.87534226,626.715515,Persea macrantha,330,23,203,N,7:00:00,12:05:00,8:44:12,YBBU,1,8:44:55
23-03-18,PEMA15,1,10.41962933,76.87534226,626.715515,Persea macrantha,330,23,203,N,7:00:00,12:05:00,8:44:25,YBBU,1,8:57:32
23-03-18,PEMA15,1,10.41962933,76.87534226,626.715515,Persea macrantha,330,23,203,N,7:00:00,12:05:00,8:45:10,MWTH,1,8:45:24
23-03-18,PEMA15,1,10.41962933,76.87534226,626.715515,Persea macrantha,330,23,203,N,7:00:00,12:05:00,8:45:10,YBBU,1,8:45:49
23-03-18,PEMA15,1,10.41962933,76.87534226,626.715515,Persea macrantha,330,23,203,N,7:00:00,12:05:00,8:47:40,YBBU,1,8:47:50
23-03-18,PEMA15,1,10.41962933,76.87534226,626.715515,Persea macrantha,330,23,203,N,7:00:00,12:05:00,8:53:20,SHMY,1,8:54:12
23-03-18,PEMA15,1,10.41962933,76.87534226,626.715515,Persea macrantha,330,23,203,N,7:00:00,12:05:00,8:53:20,SHMY,1,8:54:19
23-03-18,PEMA15,1,10.41962933,76.87534226,626.715515,Persea macrantha,330,23,203,N,7:00:00,12:05:00,8:54:00,WCBA,1,8:58:48
23-03-18,PEMA15,1,10.41962933,76.87534226,626.715515,Persea macrantha,330,23,203,N,7:00:00,12:05:00,8:55:43,YBBU,1,8:57:32
23-03-18,PEMA15,1,10.41962933,76.87534226,626.715515,Persea macrantha,330,23,203,N,7:00:00,12:05:00,8:56:06,YBBU,1,8:57:32
23-03-18,PEMA15,1,10.41962933,76.87534226,626.715515,Persea macrantha,330,23,203,N,7:00:00,12:05:00,9:03:31,YBBU,1,9:04:00
23-03-18,PEMA15,1,10.41962933,76.87534226,626.715515,Persea macrantha,330,23,203,N,7:00:00,12:05:00,9:03:40,YBBU,2,9:04:00
23-03-18,PEMA15,1,10.41962933,76.87534226,626.715515,Persea macrantha,330,23,203,N,7:00:00,12:05:00,9:03:00,YBBU,1,9:03:25
23-03-18,PEMA15,1,10.41962933,76.87534226,626.715515,Persea macrantha,330,23,203,N,7:00:00,12:05:00,N,YBBU,2,9:03:59
23-03-18,PEMA15,1,10.41962933,76.87534226,626.715515,Persea macrantha,330,23,203,N,7:00:00,12:05:00,9:03:00,YBBU,1,9:04:02
23-03-18,PEMA15,1,10.41962933,76.87534226,626.715515,Persea macrantha,330,23,203,N,7:00:00,12:05:00,9:03:25,YBBU,1,9:04:20
23-03-18,PEMA15,1,10.41962933,76.87534226,626.715515,Persea macrantha,330,23,203,N,7:00:00,12:05:00,9:03:25,YBBU,1,9:04:43
23-03-18,PEMA15,1,10.41962933,76.87534226,626.715515,Persea macrantha,330,23,203,N,7:00:00,12:05:00,9:03:25,YBBU,1,9:04:43
23-03-18,PEMA15,1,10.41962933,76.87534226,626.715515,Persea macrantha,330,23,203,N,7:00:00,12:05:00,9:04:49,YBBU,1,9:04:55
23-03-18,PEMA15,1,10.41962933,76.87534226,626.715515,Persea macrantha,330,23,203,N,7:00:00,12:05:00,N,YBBU,1,9:04:55
23-03-18,PEMA15,1,10.41962933,76.87534226,626.715515,Persea macrantha,330,23,203,N,7:00:00,12:05:00,9:05:20,WCBA,1,9:05:45
23-03-18,PEMA15,1,10.41962933,76.87534226,626.715515,Persea macrantha,330,23,203,N,7:00:00,12:05:00,N,YBBU,2,9:05:45
23-03-18,PEMA15,1,10.41962933,76.87534226,626.715515,Persea macrantha,330,23,203,N,7:00:00,12:05:00,N,YBBU,1,9:06:20
23-03-18,PEMA15,1,10.41962933,76.87534226,626.715515,Persea macrantha,330,23,203,N,7:00:00,12:05:00,N,YBBU,2,9:07:10
23-03-18,PEMA15,1,10.41962933,76.87534226,626.715515,Persea macrantha,330,23,203,N,7:00:00,12:05:00,N,WCBA,1,9:11:20
23-03-18,PEMA15,1,10.41962933,76.87534226,626.715515,Persea macrantha,330,23,203,N,7:00:00,12:05:00,9:10:50,YBBU,1,9:11:20
23-03-18,PEMA15,1,10.41962933,76.87534226,626.715515,Persea macrantha,330,23,203,N,7:00:00,12:05:00,9:10:50,WCBA,1,9:15:30
23-03-18,PEMA15,1,10.41962933,76.87534226,626.715515,Persea macrantha,330,23,203,N,7:00:00,12:05:00,9:12:05,MGHO,1,9:13:00
23-03-18,PEMA15,1,10.41962933,76.87534226,626.715515,Persea macrantha,330,23,203,N,7:00:00,12:05:00,9:12:10,RWBU,1,9:12:39
23-03-18,PEMA15,1,10.41962933,76.87534226,626.715515,Persea macrantha,330,23,203,N,7:00:00,12:05:00,9:18:18,YBBU,2,9:19:13
23-03-18,PEMA15,1,10.41962933,76.87534226,626.715515,Persea macrantha,330,23,203,N,7:00:00,12:05:00,9:24:28,YBBU,1,9:26:34
23-03-18,PEMA15,1,10.41962933,76.87534226,626.715515,Persea macrantha,330,23,203,N,7:00:00,12:05:00,9:24:51,YBBU,1,9:27:11
23-03-18,PEMA15,1,10.41962933,76.87534226,626.715515,Persea macrantha,330,23,203,N,7:00:00,12:05:00,9:25:26,YBBU,1,9:27:36
23-03-18,PEMA15,1,10.41962933,76.87534226,626.715515,Persea macrantha,330,23,203,N,7:00:00,12:05:00,9:25:26,YBBU,1,9:28:08
23-03-18,PEMA15,1,10.41962933,76.87534226,626.715515,Persea macrantha,330,23,203,N,7:00:00,12:05:00,9:27:55,YBBU,1,9:28:08
23-03-18,PEMA15,1,10.41962933,76.87534226,626.715515,Persea macrantha,330,23,203,N,7:00:00,12:05:00,9:37:54,YBBU,1,9:39:22
23-03-18,PEMA15,1,10.41962933,76.87534226,626.715515,Persea macrantha,330,23,203,N,7:00:00,12:05:00,9:37:54,YBBU,1,9:39:30
23-03-18,PEMA15,1,10.41962933,76.87534226,626.715515,Persea macrantha,330,23,203,N,7:00:00,12:05:00,9:37:54,YBBU,1,9:40:13
23-03-18,PEMA15,1,10.41962933,76.87534226,626.715515,Persea macrantha,330,23,203,N,7:00:00,12:05:00,9:38:40,YBBU,1,9:41:09
23-03-18,PEMA15,1,10.41962933,76.87534226,626.715515,Persea macrantha,330,23,203,N,7:00:00,12:05:00,9:39:30,YBBU,1,9:41:09
23-03-18,PEMA15,1,10.41962933,76.87534226,626.715515,Persea macrantha,330,23,203,N,7:00:00,12:05:00,9:41:02,YBBU,1,9:42:20
23-03-18,PEMA15,1,10.41962933,76.87534226,626.715515,Persea macrantha,330,23,203,N,7:00:00,12:05:00,N,YBBU,1,9:42:20
23-03-18,PEMA15,1,10.41962933,76.87534226,626.715515,Persea macrantha,330,23,203,N,7:00:00,12:05:00,9:48:59,YBBU,1,9:49:16
23-03-18,PEMA15,1,10.41962933,76.87534226,626.715515,Persea macrantha,330,23,203,N,7:00:00,12:05:00,9:50:58,YBBU,1,9:52:07
23-03-18,PEMA15,1,10.41962933,76.87534226,626.715515,Persea macrantha,330,23,203,N,7:00:00,12:05:00,9:51:19,YBBU,1,9:52:07
23-03-18,PEMA15,1,10.41962933,76.87534226,626.715515,Persea macrantha,330,23,203,N,7:00:00,12:05:00,10:00:14,YBBU,1,10:00:54
23-03-18,PEMA15,1,10.41962933,76.87534226,626.715515,Persea macrantha,330,23,203,N,7:00:00,12:05:00,10:03:10,MWTH,1,10:04:19
23-03-18,PEMA15,1,10.41962933,76.87534226,626.715515,Persea macrantha,330,23,203,N,7:00:00,12:05:00,10:03:36,YBBU,2,10:04:19
23-03-18,PEMA15,1,10.41962933,76.87534226,626.715515,Persea macrantha,330,23,203,N,7:00:00,12:05:00,10:07:15,YBBU,1,10:09:33
23-03-18,PEMA15,1,10.41962933,76.87534226,626.715515,Persea macrantha,330,23,203,N,7:00:00,12:05:00,10:07:15,YBBU,1,10:09:56
23-03-18,PEMA15,1,10.41962933,76.87534226,626.715515,Persea macrantha,330,23,203,N,7:00:00,12:05:00,10:08:12,YBBU,1,10:10:02
23-03-18,PEMA15,1,10.41962933,76.87534226,626.715515,Persea macrantha,330,23,203,N,7:00:00,12:05:00,10:08:29,YBBU,1,10:10:02
23-03-18,PEMA15,1,10.41962933,76.87534226,626.715515,Persea macrantha,330,23,203,N,7:00:00,12:05:00,10:08:40,YBBU,1,10:10:04
23-03-18,PEMA15,1,10.41962933,76.87534226,626.715515,Persea macrantha,330,23,203,N,7:00:00,12:05:00,10:14:30,WCBA,1,10:23:50
23-03-18,PEMA15,1,10.41962933,76.87534226,626.715515,Persea macrantha,330,23,203,N,7:00:00,12:05:00,10:15:30,WCBA,1,10:19:28
23-03-18,PEMA15,1,10.41962933,76.87534226,626.715515,Persea macrantha,330,23,203,N,7:00:00,12:05:00,10:16:00,YBBU,1,10:17:21
23-03-18,PEMA15,1,10.41962933,76.87534226,626.715515,Persea macrantha,330,23,203,N,7:00:00,12:05:00,10:16:00,YBBU,1,10:19:43
23-03-18,PEMA15,1,10.41962933,76.87534226,626.715515,Persea macrantha,330,23,203,N,7:00:00,12:05:00,10:17:08,YBBU,1,10:19:43
23-03-18,PEMA15,1,10.41962933,76.87534226,626.715515,Persea macrantha,330,23,203,N,7:00:00,12:05:00,10:17:08,YBBU,1,10:20:07
23-03-18,PEMA15,1,10.41962933,76.87534226,626.715515,Persea macrantha,330,23,203,N,7:00:00,12:05:00,10:17:57,YBBU,1,10:20:18
23-03-18,PEMA15,1,10.41962933,76.87534226,626.715515,Persea macrantha,330,23,203,N,7:00:00,12:05:00,N,YBBU,1,10:18:38
23-03-18,PEMA15,1,10.41962933,76.87534226,626.715515,Persea macrantha,330,23,203,N,7:00:00,12:05:00,N,YBBU,1,10:19:14
23-03-18,PEMA15,1,10.41962933,76.87534226,626.715515,Persea macrantha,330,23,203,N,7:00:00,12:05:00,10:19:33,YBBU,1,10:20:32
23-03-18,PEMA15,1,10.41962933,76.87534226,626.715515,Persea macrantha,330,23,203,N,7:00:00,12:05:00,10:20:52,YBBU,1,10:21:42
23-03-18,PEMA15,1,10.41962933,76.87534226,626.715515,Persea macrantha,330,23,203,N,7:00:00,12:05:00,N,YBBU,1,10:22:33
23-03-18,PEMA15,1,10.41962933,76.87534226,626.715515,Persea macrantha,330,23,203,N,7:00:00,12:05:00,10:21:14,YBBU,1,10:23:36
23-03-18,PEMA15,1,10.41962933,76.87534226,626.715515,Persea macrantha,330,23,203,N,7:00:00,12:05:00,10:22:51,YBBU,1,10:24:09
23-03-18,PEMA15,1,10.41962933,76.87534226,626.715515,Persea macrantha,330,23,203,N,7:00:00,12:05:00,10:22:51,YBBU,1,10:24:00
23-03-18,PEMA15,1,10.41962933,76.87534226,626.715515,Persea macrantha,330,23,203,N,7:00:00,12:05:00,10:22:51,YBBU,1,10:24:00
23-03-18,PEMA15,1,10.41962933,76.87534226,626.715515,Persea macrantha,330,23,203,N,7:00:00,12:05:00,10:22:51,YBBU,1,10:24:00
23-03-18,PEMA15,1,10.41962933,76.87534226,626.715515,Persea macrantha,330,23,203,N,7:00:00,12:05:00,10:22:51,YBBU,1,10:26:24
23-03-18,PEMA15,1,10.41962933,76.87534226,626.715515,Persea macrantha,330,23,203,N,7:00:00,12:05:00,10:29:49,YBBU,1,10:32:16
23-03-18,PEMA15,1,10.41962933,76.87534226,626.715515,Persea macrantha,330,23,203,N,7:00:00,12:05:00,10:31:14,YBBU,1,10:32:42
23-03-18,PEMA15,1,10.41962933,76.87534226,626.715515,Persea macrantha,330,23,203,N,7:00:00,12:05:00,10:31:34,YBBU,1,10:33:03
23-03-18,PEMA15,1,10.41962933,76.87534226,626.715515,Persea macrantha,330,23,203,N,7:00:00,12:05:00,10:31:46,WCBA,1,10:37:21
23-03-18,PEMA15,1,10.41962933,76.87534226,626.715515,Persea macrantha,330,23,203,N,7:00:00,12:05:00,10:32:48,YBBU,1,10:33:16
23-03-18,PEMA15,1,10.41962933,76.87534226,626.715515,Persea macrantha,330,23,203,N,7:00:00,12:05:00,10:33:17,YBBU,1,10:33:32
23-03-18,PEMA15,1,10.41962933,76.87534226,626.715515,Persea macrantha,330,23,203,N,7:00:00,12:05:00,10:34:48,MAST,1,10:35:53
23-03-18,PEMA15,1,10.41962933,76.87534226,626.715515,Persea macrantha,330,23,203,N,7:00:00,12:05:00,10:34:48,YBBU,1,N
23-03-18,PEMA15,1,10.41962933,76.87534226,626.715515,Persea macrantha,330,23,203,N,7:00:00,12:05:00,10:34:58,YBBU,1,N
23-03-18,PEMA15,1,10.41962933,76.87534226,626.715515,Persea macrantha,330,23,203,N,7:00:00,12:05:00,10:35:10,YBBU,1,N
23-03-18,PEMA15,1,10.41962933,76.87534226,626.715515,Persea macrantha,330,23,203,N,7:00:00,12:05:00,10:36:36,WCBA,1,10:37:47
23-03-18,PEMA15,1,10.41962933,76.87534226,626.715515,Persea macrantha,330,23,203,N,7:00:00,12:05:00,N,WCBA,1,10:39:08
23-03-18,PEMA15,1,10.41962933,76.87534226,626.715515,Persea macrantha,330,23,203,N,7:00:00,12:05:00,10:38:02,WCBA,1,10:41:15
23-03-18,PEMA15,1,10.41962933,76.87534226,626.715515,Persea macrantha,330,23,203,N,7:00:00,12:05:00,10:38:10,YBBU,1,10:38:44
23-03-18,PEMA15,1,10.41962933,76.87534226,626.715515,Persea macrantha,330,23,203,N,7:00:00,12:05:00,10:38:10,YBBU,1,10:43:34
23-03-18,PEMA15,1,10.41962933,76.87534226,626.715515,Persea macrantha,330,23,203,N,7:00:00,12:05:00,10:38:10,YBBU,1,N
23-03-18,PEMA15,1,10.41962933,76.87534226,626.715515,Persea macrantha,330,23,203,N,7:00:00,12:05:00,10:41:23,YBBU,1,10:42:05
23-03-18,PEMA15,1,10.41962933,76.87534226,626.715515,Persea macrantha,330,23,203,N,7:00:00,12:05:00,10:42:17,WCBA,1,10:44:49
23-03-18,PEMA15,1,10.41962933,76.87534226,626.715515,Persea macrantha,330,23,203,N,7:00:00,12:05:00,10:42:40,SHMY,1,10:42:49
23-03-18,PEMA15,1,10.41962933,76.87534226,626.715515,Persea macrantha,330,23,203,N,7:00:00,12:05:00,10:43:00,YBBU,1,10:43:37
23-03-18,PEMA15,1,10.41962933,76.87534226,626.715515,Persea macrantha,330,23,203,N,7:00:00,12:05:00,10:43:20,YBBU,1,10:43:50
23-03-18,PEMA15,1,10.41962933,76.87534226,626.715515,Persea macrantha,330,23,203,N,7:00:00,12:05:00,10:44:06,YBBU,1,10:44:45
23-03-18,PEMA15,1,10.41962933,76.87534226,626.715515,Persea macrantha,330,23,203,N,7:00:00,12:05:00,10:44:20,YBBU,1,10:44:45
23-03-18,PEMA15,1,10.41962933,76.87534226,626.715515,Persea macrantha,330,23,203,N,7:00:00,12:05:00,10:51:13,YBBU,1,10:52:44
23-03-18,PEMA15,1,10.41962933,76.87534226,626.715515,Persea macrantha,330,23,203,N,7:00:00,12:05:00,10:51:13,YBBU,1,10:53:01
23-03-18,PEMA15,1,10.41962933,76.87534226,626.715515,Persea macrantha,330,23,203,N,7:00:00,12:05:00,10:51:43,SHMY,2,10:51:56
23-03-18,PEMA15,1,10.41962933,76.87534226,626.715515,Persea macrantha,330,23,203,N,7:00:00,12:05:00,10:53:20,YBBU,1,10:53:50
23-03-18,PEMA15,1,10.41962933,76.87534226,626.715515,Persea macrantha,330,23,203,N,7:00:00,12:05:00,10:53:44,YBBU,1,10:55:19
23-03-18,PEMA15,1,10.41962933,76.87534226,626.715515,Persea macrantha,330,23,203,N,7:00:00,12:05:00,10:58:50,YBBU,1,10:59:31
23-03-18,PEMA15,1,10.41962933,76.87534226,626.715515,Persea macrantha,330,23,203,N,7:00:00,12:05:00,10:58:55,YBBU,1,10:59:31
23-03-18,PEMA15,1,10.41962933,76.87534226,626.715515,Persea macrantha,330,23,203,N,7:00:00,12:05:00,10:58:55,YBBU,1,11:00:04
23-03-18,PEMA15,1,10.41962933,76.87534226,626.715515,Persea macrantha,330,23,203,N,7:00:00,12:05:00,10:59:46,YBBU,1,11:00:43
23-03-18,PEMA15,1,10.41962933,76.87534226,626.715515,Persea macrantha,330,23,203,N,7:00:00,12:05:00,10:59:46,YBBU,1,11:00:43
23-03-18,PEMA15,1,10.41962933,76.87534226,626.715515,Persea macrantha,330,23,203,N,7:00:00,12:05:00,11:00:29,YBBU,1,11:00:48
23-03-18,PEMA15,1,10.41962933,76.87534226,626.715515,Persea macrantha,330,23,203,N,7:00:00,12:05:00,11:00:29,YBBU,1,11:00:53
23-03-18,PEMA15,1,10.41962933,76.87534226,626.715515,Persea macrantha,330,23,203,N,7:00:00,12:05:00,11:00:29,YBBU,1,11:01:30
23-03-18,PEMA15,1,10.41962933,76.87534226,626.715515,Persea macrantha,330,23,203,N,7:00:00,12:05:00,11:01:33,YBBU,1,11:01:48
23-03-18,PEMA15,1,10.41962933,76.87534226,626.715515,Persea macrantha,330,23,203,N,7:00:00,12:05:00,11:01:33,WCBA,1,11:07:26
23-03-18,PEMA15,1,10.41962933,76.87534226,626.715515,Persea macrantha,330,23,203,N,7:00:00,12:05:00,11:02:08,YBBU,1,11:03:43
23-03-18,PEMA15,1,10.41962933,76.87534226,626.715515,Persea macrantha,330,23,203,N,7:00:00,12:05:00,11:03:10,WCBA,1,11:09:13
23-03-18,PEMA15,1,10.41962933,76.87534226,626.715515,Persea macrantha,330,23,203,N,7:00:00,12:05:00,N,YBBU,1,11:04:34
23-03-18,PEMA15,1,10.41962933,76.87534226,626.715515,Persea macrantha,330,23,203,N,7:00:00,12:05:00,N,YBBU,1,11:05:56
23-03-18,PEMA15,1,10.41962933,76.87534226,626.715515,Persea macrantha,330,23,203,N,7:00:00,12:05:00,11:04:57,YBBU,1,11:06:00
23-03-18,PEMA15,1,10.41962933,76.87534226,626.715515,Persea macrantha,330,23,203,N,7:00:00,12:05:00,11:07:40,YBBU,1,11:09:13
23-03-18,PEMA15,1,10.41962933,76.87534226,626.715515,Persea macrantha,330,23,203,N,7:00:00,12:05:00,11:07:49,YBBU,1,11:09:13
23-03-18,PEMA15,1,10.41962933,76.87534226,626.715515,Persea macrantha,330,23,203,N,7:00:00,12:05:00,11:10:50,YBBU,1,11:11:06
23-03-18,PEMA15,1,10.41962933,76.87534226,626.715515,Persea macrantha,330,23,203,N,7:00:00,12:05:00,11:10:50,YBBU,1,11:11:40
23-03-18,PEMA15,1,10.41962933,76.87534226,626.715515,Persea macrantha,330,23,203,N,7:00:00,12:05:00,11:11:43,YBBU,1,11:12:00
23-03-18,PEMA15,1,10.41962933,76.87534226,626.715515,Persea macrantha,330,23,203,N,7:00:00,12:05:00,11:11:50,YBBU,1,11:12:37
23-03-18,PEMA15,1,10.41962933,76.87534226,626.715515,Persea macrantha,330,23,203,N,7:00:00,12:05:00,11:12:18,YBBU,1,11:13:24
23-03-18,PEMA15,1,10.41962933,76.87534226,626.715515,Persea macrantha,330,23,203,N,7:00:00,12:05:00,11:14:36,YBBU,1,11:14:47
23-03-18,PEMA15,1,10.41962933,76.87534226,626.715515,Persea macrantha,330,23,203,N,7:00:00,12:05:00,11:14:00,YBBU,1,11:14:55
23-03-18,PEMA15,1,10.41962933,76.87534226,626.715515,Persea macrantha,330,23,203,N,7:00:00,12:05:00,11:15:00,YBBU,1,11:17:28
23-03-18,PEMA15,1,10.41962933,76.87534226,626.715515,Persea macrantha,330,23,203,N,7:00:00,12:05:00,11:15:13,YBBU,1,11:16:31
23-03-18,PEMA15,1,10.41962933,76.87534226,626.715515,Persea macrantha,330,23,203,N,7:00:00,12:05:00,11:17:10,YBBU,1,11:18:24
23-03-18,PEMA15,1,10.41962933,76.87534226,626.715515,Persea macrantha,330,23,203,N,7:00:00,12:05:00,11:17:10,YBBU,1,11:18:35
23-03-18,PEMA15,1,10.41962933,76.87534226,626.715515,Persea macrantha,330,23,203,N,7:00:00,12:05:00,11:17:33,YBBU,1,11:18:58
23-03-18,PEMA15,1,10.41962933,76.87534226,626.715515,Persea macrantha,330,23,203,N,7:00:00,12:05:00,11:17:33,YBBU,1,11:19:00
23-03-18,PEMA15,1,10.41962933,76.87534226,626.715515,Persea macrantha,330,23,203,N,7:00:00,12:05:00,11:17:33,YBBU,1,11:19:00
23-03-18,PEMA15,1,10.41962933,76.87534226,626.715515,Persea macrantha,330,23,203,N,7:00:00,12:05:00,11:17:40,YBBU,1,11:19:00
23-03-18,PEMA15,1,10.41962933,76.87534226,626.715515,Persea macrantha,330,23,203,N,7:00:00,12:05:00,11:17:40,YBBU,1,11:20:22
23-03-18,PEMA15,1,10.41962933,76.87534226,626.715515,Persea macrantha,330,23,203,N,7:00:00,12:05:00,11:17:40,YBBU,1,11:19:34
23-03-18,PEMA15,1,10.41962933,76.87534226,626.715515,Persea macrantha,330,23,203,N,7:00:00,12:05:00,11:21:26,SHMY,1,11:22:46
23-03-18,PEMA15,1,10.41962933,76.87534226,626.715515,Persea macrantha,330,23,203,N,7:00:00,12:05:00,11:22:10,YBBU,2,11:23:14
23-03-18,PEMA15,1,10.41962933,76.87534226,626.715515,Persea macrantha,330,23,203,N,7:00:00,12:05:00,11:25:55,YBBU,1,11:26:35
23-03-18,PEMA15,1,10.41962933,76.87534226,626.715515,Persea macrantha,330,23,203,N,7:00:00,12:05:00,11:26:09,YBBU,1,11:28:48
23-03-18,PEMA15,1,10.41962933,76.87534226,626.715515,Persea macrantha,330,23,203,N,7:00:00,12:05:00,11:27:19,YBBU,1,11:29:00
23-03-18,PEMA15,1,10.41962933,76.87534226,626.715515,Persea macrantha,330,23,203,N,7:00:00,12:05:00,11:27:19,YBBU,1,11:29:00
23-03-18,PEMA15,1,10.41962933,76.87534226,626.715515,Persea macrantha,330,23,203,N,7:00:00,12:05:00,11:27:19,YBBU,1,11:29:00
23-03-18,PEMA15,1,10.41962933,76.87534226,626.715515,Persea macrantha,330,23,203,N,7:00:00,12:05:00,11:27:38,YBBU,1,11:29:00
23-03-18,PEMA15,1,10.41962933,76.87534226,626.715515,Persea macrantha,330,23,203,N,7:00:00,12:05:00,11:27:51,YBBU,1,11:29:49
23-03-18,PEMA15,1,10.41962933,76.87534226,626.715515,Persea macrantha,330,23,203,N,7:00:00,12:05:00,11:27:51,YBBU,1,11:28:40
23-03-18,PEMA15,1,10.41962933,76.87534226,626.715515,Persea macrantha,330,23,203,N,7:00:00,12:05:00,11:30:36,YBBU,2,11:31:11
23-03-18,PEMA15,1,10.41962933,76.87534226,626.715515,Persea macrantha,330,23,203,N,7:00:00,12:05:00,11:30:58,YBBU,2,11:31:55
23-03-18,PEMA15,1,10.41962933,76.87534226,626.715515,Persea macrantha,330,23,203,N,7:00:00,12:05:00,11:30:58,YBBU,1,11:31:11
23-03-18,PEMA15,1,10.41962933,76.87534226,626.715515,Persea macrantha,330,23,203,N,7:00:00,12:05:00,11:32:03,YBBU,2,11:32:20
23-03-18,PEMA15,1,10.41962933,76.87534226,626.715515,Persea macrantha,330,23,203,N,7:00:00,12:05:00,11:33:00,YBBU,1,11:33:32
23-03-18,PEMA15,1,10.41962933,76.87534226,626.715515,Persea macrantha,330,23,203,N,7:00:00,12:05:00,11:33:30,SHMY,1,11:33:38
23-03-18,PEMA15,1,10.41962933,76.87534226,626.715515,Persea macrantha,330,23,203,N,7:00:00,12:05:00,11:34:54,YBBU,1,11:35:11
23-03-18,PEMA15,1,10.41962933,76.87534226,626.715515,Persea macrantha,330,23,203,N,7:00:00,12:05:00,11:35:11,YBBU,1,11:35:21
23-03-18,PEMA15,1,10.41962933,76.87534226,626.715515,Persea macrantha,330,23,203,N,7:00:00,12:05:00,11:35:11,YBBU,1,11:35:27
23-03-18,PEMA15,1,10.41962933,76.87534226,626.715515,Persea macrantha,330,23,203,N,7:00:00,12:05:00,11:37:10,WCBA,1,11:40:36
23-03-18,PEMA15,1,10.41962933,76.87534226,626.715515,Persea macrantha,330,23,203,N,7:00:00,12:05:00,11:40:02,YBBU,1,11:40:19
23-03-18,PEMA15,1,10.41962933,76.87534226,626.715515,Persea macrantha,330,23,203,N,7:00:00,12:05:00,11:40:37,YBBU,1,11:42:01
23-03-18,PEMA15,1,10.41962933,76.87534226,626.715515,Persea macrantha,330,23,203,N,7:00:00,12:05:00,11:40:40,YBBU,1,11:42:01
23-03-18,PEMA15,1,10.41962933,76.87534226,626.715515,Persea macrantha,330,23,203,N,7:00:00,12:05:00,11:45:52,YBBU,1,11:46:55
23-03-18,PEMA15,1,10.41962933,76.87534226,626.715515,Persea macrantha,330,23,203,N,7:00:00,12:05:00,11:46:50,YBBU,1,11:47:00
23-03-18,PEMA15,1,10.41962933,76.87534226,626.715515,Persea macrantha,330,23,203,N,7:00:00,12:05:00,11:47:06,YBBU,1,11:48:00
23-03-18,PEMA15,1,10.41962933,76.87534226,626.715515,Persea macrantha,330,23,203,N,7:00:00,12:05:00,11:47:06,YBBU,1,11:48:35
23-03-18,PEMA15,1,10.41962933,76.87534226,626.715515,Persea macrantha,330,23,203,N,7:00:00,12:05:00,11:47:40,YBBU,1,11:48:40
23-03-18,PEMA15,1,10.41962933,76.87534226,626.715515,Persea macrantha,330,23,203,N,7:00:00,12:05:00,11:47:40,YBBU,1,11:49:00
23-03-18,PEMA15,1,10.41962933,76.87534226,626.715515,Persea macrantha,330,23,203,N,7:00:00,12:05:00,11:48:22,YBBU,1,11:49:00
23-03-18,PEMA15,1,10.41962933,76.87534226,626.715515,Persea macrantha,330,23,203,N,7:00:00,12:05:00,11:48:30,YBBU,1,11:49:33
23-03-18,PEMA15,1,10.41962933,76.87534226,626.715515,Persea macrantha,330,23,203,N,7:00:00,12:05:00,11:48:50,YBBU,1,11:49:50
23-03-18,PEMA15,1,10.41962933,76.87534226,626.715515,Persea macrantha,330,23,203,N,7:00:00,12:05:00,11:51:12,YBBU,1,11:52:38
23-03-18,PEMA15,1,10.41962933,76.87534226,626.715515,Persea macrantha,330,23,203,N,7:00:00,12:05:00,11:51:56,YBBU,1,11:52:54
23-03-18,PEMA15,1,10.41962933,76.87534226,626.715515,Persea macrantha,330,23,203,N,7:00:00,12:05:00,11:51:56,YBBU,1,11:52:58
23-03-18,PEMA15,1,10.41962933,76.87534226,626.715515,Persea macrantha,330,23,203,N,7:00:00,12:05:00,11:51:56,YBBU,1,11:53:00
23-03-18,PEMA15,1,10.41962933,76.87534226,626.715515,Persea macrantha,330,23,203,N,7:00:00,12:05:00,11:52:30,WCBA,1,11:53:05
23-03-18,PEMA15,1,10.41962933,76.87534226,626.715515,Persea macrantha,330,23,203,N,7:00:00,12:05:00,11:53:50,WCBA,1,11:56:00
23-03-18,PEMA15,1,10.41962933,76.87534226,626.715515,Persea macrantha,330,23,203,N,7:00:00,12:05:00,11:54:27,YBBU,1,11:56:00
23-03-18,PEMA15,1,10.41962933,76.87534226,626.715515,Persea macrantha,330,23,203,N,7:00:00,12:05:00,11:55:07,YBBU,1,11:56:56
23-03-18,PEMA16,1,10.417229,76.87415329,672.998657,Persea macrantha,219,22,286,N,12:35:00,16:02:00,12:36:44,SHMY,3,12:38:09
23-03-18,PEMA16,1,10.417229,76.87415329,672.998657,Persea macrantha,219,22,286,N,12:35:00,16:02:00,12:36:59,MAST,1,12:40:34
23-03-18,PEMA16,1,10.417229,76.87415329,672.998657,Persea macrantha,219,22,286,N,12:35:00,16:02:00,12:36:59,MAST,1,14:41:25
23-03-18,PEMA16,1,10.417229,76.87415329,672.998657,Persea macrantha,219,22,286,N,12:35:00,16:02:00,N,RWBU,2,12:42:44
23-03-18,PEMA16,1,10.417229,76.87415329,672.998657,Persea macrantha,219,22,286,N,12:35:00,16:02:00,N,WCBA,1,12:44:28
23-03-18,PEMA16,1,10.417229,76.87415329,672.998657,Persea macrantha,219,22,286,N,12:35:00,16:02:00,12:43:34,WCBA,1,12:45:56
23-03-18,PEMA16,1,10.417229,76.87415329,672.998657,Persea macrantha,219,22,286,N,12:35:00,16:02:00,12:43:43,WCBA,1,12:47:40
23-03-18,PEMA16,1,10.417229,76.87415329,672.998657,Persea macrantha,219,22,286,N,12:35:00,16:02:00,12:46:55,SHMY,2,12:47:31
23-03-18,PEMA16,1,10.417229,76.87415329,672.998657,Persea macrantha,219,22,286,N,12:35:00,16:02:00,12:50:37,SHMY,1,12:51:16
23-03-18,PEMA16,1,10.417229,76.87415329,672.998657,Persea macrantha,219,22,286,N,12:35:00,16:02:00,12:51:06,SHMY,1,12:51:16
23-03-18,PEMA16,1,10.417229,76.87415329,672.998657,Persea macrantha,219,22,286,N,12:35:00,16:02:00,13:14:40,WCBA,1,13:18:20
23-03-18,PEMA16,1,10.417229,76.87415329,672.998657,Persea macrantha,219,22,286,N,12:35:00,16:02:00,13:14:40,WCBA,1,13:22:23
23-03-18,PEMA16,1,10.417229,76.87415329,672.998657,Persea macrantha,219,22,286,N,12:35:00,16:02:00,13:14:40,YBBU,1,13:19:40
23-03-18,PEMA16,1,10.417229,76.87415329,672.998657,Persea macrantha,219,22,286,N,12:35:00,16:02:00,13:16:52,WCBA,1,13:21:07
23-03-18,PEMA16,1,10.417229,76.87415329,672.998657,Persea macrantha,219,22,286,N,12:35:00,16:02:00,13:22:00,WCBA,1,13:23:43
23-03-18,PEMA16,1,10.417229,76.87415329,672.998657,Persea macrantha,219,22,286,N,12:35:00,16:02:00,13:22:00,WCBA,1,13:26:19
23-03-18,PEMA16,1,10.417229,76.87415329,672.998657,Persea macrantha,219,22,286,N,12:35:00,16:02:00,13:22:00,MAST,1,13:26:44
23-03-18,PEMA16,1,10.417229,76.87415329,672.998657,Persea macrantha,219,22,286,N,12:35:00,16:02:00,13:22:00,MAST,1,13:26:44
23-03-18,PEMA16,1,10.417229,76.87415329,672.998657,Persea macrantha,219,22,286,N,12:35:00,16:02:00,13:22:00,WCBA,1,13:26:42
23-03-18,PEMA16,1,10.417229,76.87415329,672.998657,Persea macrantha,219,22,286,N,12:35:00,16:02:00,13:28:09,YBBU,2,N
23-03-18,PEMA16,1,10.417229,76.87415329,672.998657,Persea macrantha,219,22,286,N,12:35:00,16:02:00,13:28:33,WCBA,1,13:29:12
23-03-18,PEMA16,1,10.417229,76.87415329,672.998657,Persea macrantha,219,22,286,N,12:35:00,16:02:00,13:28:52,WCBA,1,13:31:33
23-03-18,PEMA16,1,10.417229,76.87415329,672.998657,Persea macrantha,219,22,286,N,12:35:00,16:02:00,13:28:52,WCBA,1,N
23-03-18,PEMA16,1,10.417229,76.87415329,672.998657,Persea macrantha,219,22,286,N,12:35:00,16:02:00,N,MAST,1,13:29:40
23-03-18,PEMA16,1,10.417229,76.87415329,672.998657,Persea macrantha,219,22,286,N,12:35:00,16:02:00,13:31:30,WCBA,1,N
23-03-18,PEMA16,1,10.417229,76.87415329,672.998657,Persea macrantha,219,22,286,N,12:35:00,16:02:00,13:32:19,MAST,1,N
23-03-18,PEMA16,1,10.417229,76.87415329,672.998657,Persea macrantha,219,22,286,N,12:35:00,16:02:00,13:33:29,WCBA,1,13:34:15
23-03-18,PEMA16,1,10.417229,76.87415329,672.998657,Persea macrantha,219,22,286,N,12:35:00,16:02:00,13:35:11,WCBA,1,13:36:01
23-03-18,PEMA16,1,10.417229,76.87415329,672.998657,Persea macrantha,219,22,286,N,12:35:00,16:02:00,13:36:18,MAST,1,13:37:29
23-03-18,PEMA16,1,10.417229,76.87415329,672.998657,Persea macrantha,219,22,286,N,12:35:00,16:02:00,13:36:18,MAST,1,13:38:18
23-03-18,PEMA16,1,10.417229,76.87415329,672.998657,Persea macrantha,219,22,286,N,12:35:00,16:02:00,N,WCBA,1,13:37:03
23-03-18,PEMA16,1,10.417229,76.87415329,672.998657,Persea macrantha,219,22,286,N,12:35:00,16:02:00,13:37:29,WCBA,1,13:38:03
23-03-18,PEMA16,1,10.417229,76.87415329,672.998657,Persea macrantha,219,22,286,N,12:35:00,16:02:00,13:38:20,MAST,1,13:41:00
23-03-18,PEMA16,1,10.417229,76.87415329,672.998657,Persea macrantha,219,22,286,N,12:35:00,16:02:00,13:39:58,MAST,1,13:42:39
23-03-18,PEMA16,1,10.417229,76.87415329,672.998657,Persea macrantha,219,22,286,N,12:35:00,16:02:00,13:39:58,MAST,1,13:43:39
23-03-18,PEMA16,1,10.417229,76.87415329,672.998657,Persea macrantha,219,22,286,N,12:35:00,16:02:00,13:39:58,MAST,1,13:43:39
23-03-18,PEMA16,1,10.417229,76.87415329,672.998657,Persea macrantha,219,22,286,N,12:35:00,16:02:00,13:43:18,WCBA,1,13:43:26
23-03-18,PEMA16,1,10.417229,76.87415329,672.998657,Persea macrantha,219,22,286,N,12:35:00,16:02:00,13:43:18,YBBU,1,13:43:35
23-03-18,PEMA16,1,10.417229,76.87415329,672.998657,Persea macrantha,219,22,286,N,12:35:00,16:02:00,N,MAST,1,13:43:39
23-03-18,PEMA16,1,10.417229,76.87415329,672.998657,Persea macrantha,219,22,286,N,12:35:00,16:02:00,N,MAST,1,13:43:43
23-03-18,PEMA16,1,10.417229,76.87415329,672.998657,Persea macrantha,219,22,286,N,12:35:00,16:02:00,N,MAST,1,13:44:00
23-03-18,PEMA16,1,10.417229,76.87415329,672.998657,Persea macrantha,219,22,286,N,12:35:00,16:02:00,13:44:03,MAST,1,13:46:30
23-03-18,PEMA16,1,10.417229,76.87415329,672.998657,Persea macrantha,219,22,286,N,12:35:00,16:02:00,13:46:00,WCBA,1,13:46:20
23-03-18,PEMA16,1,10.417229,76.87415329,672.998657,Persea macrantha,219,22,286,N,12:35:00,16:02:00,13:46:50,YBBU,1,13:49:09
23-03-18,PEMA16,1,10.417229,76.87415329,672.998657,Persea macrantha,219,22,286,N,12:35:00,16:02:00,N,WCBA,1,13:48:08
23-03-18,PEMA16,1,10.417229,76.87415329,672.998657,Persea macrantha,219,22,286,N,12:35:00,16:02:00,13:48:20,WCBA,1,13:50:17
23-03-18,PEMA16,1,10.417229,76.87415329,672.998657,Persea macrantha,219,22,286,N,12:35:00,16:02:00,13:48:40,MAST,2,13:49:06
23-03-18,PEMA16,1,10.417229,76.87415329,672.998657,Persea macrantha,219,22,286,N,12:35:00,16:02:00,13:49:47,WCBA,1,13:52:40
23-03-18,PEMA16,1,10.417229,76.87415329,672.998657,Persea macrantha,219,22,286,N,12:35:00,16:02:00,13:57:54,WCBA,1,14:02:37
23-03-18,PEMA16,1,10.417229,76.87415329,672.998657,Persea macrantha,219,22,286,N,12:35:00,16:02:00,14:00:46,SHMY,2,14:00:50
23-03-18,PEMA16,1,10.417229,76.87415329,672.998657,Persea macrantha,219,22,286,N,12:35:00,16:02:00,14:02:00,WCBA,1,14:13:49
23-03-18,PEMA16,1,10.417229,76.87415329,672.998657,Persea macrantha,219,22,286,N,12:35:00,16:02:00,14:11:20,MAST,1,14:13:49
23-03-18,PEMA16,1,10.417229,76.87415329,672.998657,Persea macrantha,219,22,286,N,12:35:00,16:02:00,14:11:20,MAST,1,14:15:10
23-03-18,PEMA16,1,10.417229,76.87415329,672.998657,Persea macrantha,219,22,286,N,12:35:00,16:02:00,14:12:13,YBBU,1,14:13:49
23-03-18,PEMA16,1,10.417229,76.87415329,672.998657,Persea macrantha,219,22,286,N,12:35:00,16:02:00,14:14:40,MAST,1,14:15:10
23-03-18,PEMA16,1,10.417229,76.87415329,672.998657,Persea macrantha,219,22,286,N,12:35:00,16:02:00,14:14:40,MAST,1,14:17:51
23-03-18,PEMA16,1,10.417229,76.87415329,672.998657,Persea macrantha,219,22,286,N,12:35:00,16:02:00,14:15:10,UNID,1,N
23-03-18,PEMA16,1,10.417229,76.87415329,672.998657,Persea macrantha,219,22,286,N,12:35:00,16:02:00,14:15:20,WCBA,1,14:18:30
23-03-18,PEMA16,1,10.417229,76.87415329,672.998657,Persea macrantha,219,22,286,N,12:35:00,16:02:00,14:16:00,WCBA,1,N
23-03-18,PEMA16,1,10.417229,76.87415329,672.998657,Persea macrantha,219,22,286,N,12:35:00,16:02:00,14:17:56,WCBA,1,N
23-03-18,PEMA16,1,10.417229,76.87415329,672.998657,Persea macrantha,219,22,286,N,12:35:00,16:02:00,N,MAST,1,14:18:10
23-03-18,PEMA16,1,10.417229,76.87415329,672.998657,Persea macrantha,219,22,286,N,12:35:00,16:02:00,N,MAST,1,14:18:56
23-03-18,PEMA16,1,10.417229,76.87415329,672.998657,Persea macrantha,219,22,286,N,12:35:00,16:02:00,14:19:50,RWBU,1,14:20:00
23-03-18,PEMA16,1,10.417229,76.87415329,672.998657,Persea macrantha,219,22,286,N,12:35:00,16:02:00,14:19:50,RWBU,1,14:20:00
23-03-18,PEMA16,1,10.417229,76.87415329,672.998657,Persea macrantha,219,22,286,N,12:35:00,16:02:00,14:21:13,AFBL,1,14:21:19
23-03-18,PEMA16,1,10.417229,76.87415329,672.998657,Persea macrantha,219,22,286,N,12:35:00,16:02:00,14:21:13,AFBL,1,14:22:24
23-03-18,PEMA16,1,10.417229,76.87415329,672.998657,Persea macrantha,219,22,286,N,12:35:00,16:02:00,14:21:44,AFBL,1,14:25:45
23-03-18,PEMA16,1,10.417229,76.87415329,672.998657,Persea macrantha,219,22,286,N,12:35:00,16:02:00,14:22:00,RWBU,1,N
23-03-18,PEMA16,1,10.417229,76.87415329,672.998657,Persea macrantha,219,22,286,N,12:35:00,16:02:00,N,WCBA,1,14:23:45
23-03-18,PEMA16,1,10.417229,76.87415329,672.998657,Persea macrantha,219,22,286,N,12:35:00,16:02:00,14:23:40,WCBA,1,N
23-03-18,PEMA16,1,10.417229,76.87415329,672.998657,Persea macrantha,219,22,286,N,12:35:00,16:02:00,14:24:29,AFBL,1,14:26:46
23-03-18,PEMA16,1,10.417229,76.87415329,672.998657,Persea macrantha,219,22,286,N,12:35:00,16:02:00,14:25:02,WCBA,1,14:26:10
23-03-18,PEMA16,1,10.417229,76.87415329,672.998657,Persea macrantha,219,22,286,N,12:35:00,16:02:00,14:26:20,YBBU,1,14:27:19
23-03-18,PEMA16,1,10.417229,76.87415329,672.998657,Persea macrantha,219,22,286,N,12:35:00,16:02:00,14:26:34,SHMY,1,14:27:50
23-03-18,PEMA16,1,10.417229,76.87415329,672.998657,Persea macrantha,219,22,286,N,12:35:00,16:02:00,14:28:46,AFBL,2,14:30:26
23-03-18,PEMA16,1,10.417229,76.87415329,672.998657,Persea macrantha,219,22,286,N,12:35:00,16:02:00,14:29:40,SHMY,1,14:29:52
23-03-18,PEMA16,1,10.417229,76.87415329,672.998657,Persea macrantha,219,22,286,N,12:35:00,16:02:00,14:30:56,WCBA,1,14:32:53
23-03-18,PEMA16,1,10.417229,76.87415329,672.998657,Persea macrantha,219,22,286,N,12:35:00,16:02:00,14:30:56,WCBA,1,N
23-03-18,PEMA16,1,10.417229,76.87415329,672.998657,Persea macrantha,219,22,286,N,12:35:00,16:02:00,N,YBBU,1,14:32:46
23-03-18,PEMA16,1,10.417229,76.87415329,672.998657,Persea macrantha,219,22,286,N,12:35:00,16:02:00,14:33:50,WCBA,1,14:38:59
23-03-18,PEMA16,1,10.417229,76.87415329,672.998657,Persea macrantha,219,22,286,N,12:35:00,16:02:00,14:37:47,WCBA,1,14:42:17
23-03-18,PEMA16,1,10.417229,76.87415329,672.998657,Persea macrantha,219,22,286,N,12:35:00,16:02:00,14:40:56,MAST,1,14:46:18
23-03-18,PEMA16,1,10.417229,76.87415329,672.998657,Persea macrantha,219,22,286,N,12:35:00,16:02:00,14:42:45,SHMY,1,14:43:22
23-03-18,PEMA16,1,10.417229,76.87415329,672.998657,Persea macrantha,219,22,286,N,12:35:00,16:02:00,14:42:45,SHMY,2,14:43:00
23-03-18,PEMA16,1,10.417229,76.87415329,672.998657,Persea macrantha,219,22,286,N,12:35:00,16:02:00,14:42:45,WCBA,1,14:43:03
23-03-18,PEMA16,1,10.417229,76.87415329,672.998657,Persea macrantha,219,22,286,N,12:35:00,16:02:00,14:42:57,MGHO,1,14:43:03
23-03-18,PEMA16,1,10.417229,76.87415329,672.998657,Persea macrantha,219,22,286,N,12:35:00,16:02:00,14:42:57,YBBU,1,14:43:17
23-03-18,PEMA16,1,10.417229,76.87415329,672.998657,Persea macrantha,219,22,286,N,12:35:00,16:02:00,14:43:26,WCBA,1,14:45:11
23-03-18,PEMA16,1,10.417229,76.87415329,672.998657,Persea macrantha,219,22,286,N,12:35:00,16:02:00,14:44:36,SHMY,1,14:44:46
23-03-18,PEMA16,1,10.417229,76.87415329,672.998657,Persea macrantha,219,22,286,N,12:35:00,16:02:00,N,WCBA,1,14:46:11
23-03-18,PEMA16,1,10.417229,76.87415329,672.998657,Persea macrantha,219,22,286,N,12:35:00,16:02:00,14:46:30,WCBA,1,14:47:45
23-03-18,PEMA16,1,10.417229,76.87415329,672.998657,Persea macrantha,219,22,286,N,12:35:00,16:02:00,14:40:56,MAST,1,14:57:05
23-03-18,PEMA16,1,10.417229,76.87415329,672.998657,Persea macrantha,219,22,286,N,12:35:00,16:02:00,N,WCBA,1,14:46:18
23-03-18,PEMA16,1,10.417229,76.87415329,672.998657,Persea macrantha,219,22,286,N,12:35:00,16:02:00,14:49:32,MGHO,1,14:50:42
23-03-18,PEMA16,1,10.417229,76.87415329,672.998657,Persea macrantha,219,22,286,N,12:35:00,16:02:00,14:49:32,YBBU,1,14:50:42
23-03-18,PEMA16,1,10.417229,76.87415329,672.998657,Persea macrantha,219,22,286,N,12:35:00,16:02:00,14:51:59,WBTR,1,14:54:20
23-03-18,PEMA16,1,10.417229,76.87415329,672.998657,Persea macrantha,219,22,286,N,12:35:00,16:02:00,N,WCBA,1,14:53:04
23-03-18,PEMA16,1,10.417229,76.87415329,672.998657,Persea macrantha,219,22,286,N,12:35:00,16:02:00,14:53:04,FTBU,2,14:54:58
23-03-18,PEMA16,1,10.417229,76.87415329,672.998657,Persea macrantha,219,22,286,N,12:35:00,16:02:00,14:53:17,WBTR,1,15:01:52
23-03-18,PEMA16,1,10.417229,76.87415329,672.998657,Persea macrantha,219,22,286,N,12:35:00,16:02:00,N,WCBA,1,14:53:48
23-03-18,PEMA16,1,10.417229,76.87415329,672.998657,Persea macrantha,219,22,286,N,12:35:00,16:02:00,14:55:10,WCBA,1,14:55:49
23-03-18,PEMA16,1,10.417229,76.87415329,672.998657,Persea macrantha,219,22,286,N,12:35:00,16:02:00,14:55:20,SHMY,2,14:55:30
23-03-18,PEMA16,1,10.417229,76.87415329,672.998657,Persea macrantha,219,22,286,N,12:35:00,16:02:00,N,FTBU,1,14:55:40
23-03-18,PEMA16,1,10.417229,76.87415329,672.998657,Persea macrantha,219,22,286,N,12:35:00,16:02:00,14:55:47,RWBU,2,N
23-03-18,PEMA16,1,10.417229,76.87415329,672.998657,Persea macrantha,219,22,286,N,12:35:00,16:02:00,N,WCBA,1,14:57:48
23-03-18,PEMA16,1,10.417229,76.87415329,672.998657,Persea macrantha,219,22,286,N,12:35:00,16:02:00,14:57:49,WBTR,1,15:01:56
23-03-18,PEMA16,1,10.417229,76.87415329,672.998657,Persea macrantha,219,22,286,N,12:35:00,16:02:00,14:58:20,MAST,1,N
23-03-18,PEMA16,1,10.417229,76.87415329,672.998657,Persea macrantha,219,22,286,N,12:35:00,16:02:00,N,WCBA,1,14:58:30
23-03-18,PEMA16,1,10.417229,76.87415329,672.998657,Persea macrantha,219,22,286,N,12:35:00,16:02:00,14:59:30,WCBA,1,15:02:03
23-03-18,PEMA16,1,10.417229,76.87415329,672.998657,Persea macrantha,219,22,286,N,12:35:00,16:02:00,15:04:09,WCBA,1,15:08:00
23-03-18,PEMA16,1,10.417229,76.87415329,672.998657,Persea macrantha,219,22,286,N,12:35:00,16:02:00,15:09:40,FTBU,1,15:10:45
23-03-18,PEMA16,1,10.417229,76.87415329,672.998657,Persea macrantha,219,22,286,N,12:35:00,16:02:00,15:10:45,WCBA,1,15:16:57
23-03-18,PEMA16,1,10.417229,76.87415329,672.998657,Persea macrantha,219,22,286,N,12:35:00,16:02:00,15:17:52,MAST,4,15:19:10
23-03-18,PEMA16,1,10.417229,76.87415329,672.998657,Persea macrantha,219,22,286,N,12:35:00,16:02:00,15:18:17,MAST,2,15:19:10
23-03-18,PEMA16,1,10.417229,76.87415329,672.998657,Persea macrantha,219,22,286,N,12:35:00,16:02:00,15:18:17,MAST,1,15:19:18
23-03-18,PEMA16,1,10.417229,76.87415329,672.998657,Persea macrantha,219,22,286,N,12:35:00,16:02:00,15:18:30,MAST,1,15:19:20
23-03-18,PEMA16,1,10.417229,76.87415329,672.998657,Persea macrantha,219,22,286,N,12:35:00,16:02:00,15:18:30,MAST,1,15:19:27
23-03-18,PEMA16,1,10.417229,76.87415329,672.998657,Persea macrantha,219,22,286,N,12:35:00,16:02:00,15:21:50,AFBL,1,15:22:00
23-03-18,PEMA16,1,10.417229,76.87415329,672.998657,Persea macrantha,219,22,286,N,12:35:00,16:02:00,15:31:22,WCBA,1,15:31:50
23-03-18,PEMA16,1,10.417229,76.87415329,672.998657,Persea macrantha,219,22,286,N,12:35:00,16:02:00,15:31:22,WCBA,1,15:34:41
23-03-18,PEMA16,1,10.417229,76.87415329,672.998657,Persea macrantha,219,22,286,N,12:35:00,16:02:00,15:31:22,SHMY,1,15:31:30
23-03-18,PEMA16,1,10.417229,76.87415329,672.998657,Persea macrantha,219,22,286,N,12:35:00,16:02:00,15:31:24,AFBL,1,15:32:03
23-03-18,PEMA16,1,10.417229,76.87415329,672.998657,Persea macrantha,219,22,286,N,12:35:00,16:02:00,15:34:41,WCBA,1,15:35:55
23-03-18,PEMA16,1,10.417229,76.87415329,672.998657,Persea macrantha,219,22,286,N,12:35:00,16:02:00,15:34:41,SHMY,1,15:34:55
23-03-18,PEMA16,1,10.417229,76.87415329,672.998657,Persea macrantha,219,22,286,N,12:35:00,16:02:00,15:35:06,SHMY,1,15:35:12
23-03-18,PEMA16,1,10.417229,76.87415329,672.998657,Persea macrantha,219,22,286,N,12:35:00,16:02:00,15:35:06,SHMY,1,15:36:01
23-03-18,PEMA16,1,10.417229,76.87415329,672.998657,Persea macrantha,219,22,286,N,12:35:00,16:02:00,N,WCBA,1,15:38:20
23-03-18,PEMA16,1,10.417229,76.87415329,672.998657,Persea macrantha,219,22,286,N,12:35:00,16:02:00,15:44:25,YBBU,2,15:44:55
23-03-18,PEMA16,1,10.417229,76.87415329,672.998657,Persea macrantha,219,22,286,N,12:35:00,16:02:00,15:45:56,WCBA,1,15:46:28
23-03-18,PEMA16,1,10.417229,76.87415329,672.998657,Persea macrantha,219,22,286,N,12:35:00,16:02:00,15:46:20,WCBA,1,N
23-03-18,PEMA16,1,10.417229,76.87415329,672.998657,Persea macrantha,219,22,286,N,12:35:00,16:02:00,15:47:03,MAST,3,N
23-03-18,PEMA16,1,10.417229,76.87415329,672.998657,Persea macrantha,219,22,286,N,12:35:00,16:02:00,15:47:23,AFBL,1,15:47:40
23-03-18,PEMA16,1,10.417229,76.87415329,672.998657,Persea macrantha,219,22,286,N,12:35:00,16:02:00,15:48:00,WCBA,1,15:49:49
23-03-18,PEMA16,1,10.417229,76.87415329,672.998657,Persea macrantha,219,22,286,N,12:35:00,16:02:00,15:50:07,MIPI,2,15:53:45
23-03-18,PEMA16,1,10.417229,76.87415329,672.998657,Persea macrantha,219,22,286,N,12:35:00,16:02:00,15:50:35,RWBU,1,N
23-03-18,PEMA16,1,10.417229,76.87415329,672.998657,Persea macrantha,219,22,286,N,12:35:00,16:02:00,N,WCBA,1,15:51:38
23-03-18,PEMA16,1,10.417229,76.87415329,672.998657,Persea macrantha,219,22,286,N,12:35:00,16:02:00,15:52:38,RWBU,1,15:53:45
23-03-18,PEMA16,1,10.417229,76.87415329,672.998657,Persea macrantha,219,22,286,N,12:35:00,16:02:00,15:52:38,WCBA,1,N
23-03-18,PEMA16,1,10.417229,76.87415329,672.998657,Persea macrantha,219,22,286,N,12:35:00,16:02:00,15:54:56,WCBA,1,N
23-03-18,PEMA16,1,10.417229,76.87415329,672.998657,Persea macrantha,219,22,286,N,12:35:00,16:02:00,N,MAST,1,15:55:12
23-03-18,PEMA16,1,10.417229,76.87415329,672.998657,Persea macrantha,219,22,286,N,12:35:00,16:02:00,N,YBBU,3,15:56:28
23-03-18,PEMA16,1,10.417229,76.87415329,672.998657,Persea macrantha,219,22,286,N,12:35:00,16:02:00,N ,WCBA,1,16:01:37
27-03-18,PEMA17,0.136,10.35962647,76.9297924,1043.79,Persea macrantha,456,20,175,N,6:36:00,11:44:00,6:38:05,SHMY,2,6:39:04
27-03-18,PEMA17,0.136,10.35962647,76.9297924,1043.79,Persea macrantha,456,20,175,N,6:36:00,11:44:00,6:40:34,SHMY,1,6:44:08
27-03-18,PEMA17,0.136,10.35962647,76.9297924,1043.79,Persea macrantha,456,20,175,N,6:36:00,11:44:00,6:40:50,WCBA,1,6:56:38
27-03-18,PEMA17,0.136,10.35962647,76.9297924,1043.79,Persea macrantha,456,20,175,N,6:36:00,11:44:00,6:40:34,SHMY,1,6:45:48
27-03-18,PEMA17,0.136,10.35962647,76.9297924,1043.79,Persea macrantha,456,20,175,N,6:36:00,11:44:00,6:52:20,WCBA,1,7:01:00
27-03-18,PEMA17,0.136,10.35962647,76.9297924,1043.79,Persea macrantha,456,20,175,N,6:36:00,11:44:00,6:52:50,WCBA,1,7:08:55
27-03-18,PEMA17,0.136,10.35962647,76.9297924,1043.79,Persea macrantha,456,20,175,N,6:36:00,11:44:00,6:58:00,SHMY,2,6:59:10
27-03-18,PEMA17,0.136,10.35962647,76.9297924,1043.79,Persea macrantha,456,20,175,N,6:36:00,11:44:00,7:08:40,WCBA,1,7:11:00
27-03-18,PEMA17,0.136,10.35962647,76.9297924,1043.79,Persea macrantha,456,20,175,N,6:36:00,11:44:00,7:06:55,WCBA,1,7:11:26
27-03-18,PEMA17,0.136,10.35962647,76.9297924,1043.79,Persea macrantha,456,20,175,N,6:36:00,11:44:00,7:09:36,SHMY,1,7:18:51
27-03-18,PEMA17,0.136,10.35962647,76.9297924,1043.79,Persea macrantha,456,20,175,N,6:36:00,11:44:00,7:09:58,WCBA,1,7:13:23
27-03-18,PEMA17,0.136,10.35962647,76.9297924,1043.79,Persea macrantha,456,20,175,N,6:36:00,11:44:00,7:11:36,SHMY,1,7:18:51
27-03-18,PEMA17,0.136,10.35962647,76.9297924,1043.79,Persea macrantha,456,20,175,N,6:36:00,11:44:00,7:11:40,SHMY,1,7:18:51
27-03-18,PEMA17,0.136,10.35962647,76.9297924,1043.79,Persea macrantha,456,20,175,N,6:36:00,11:44:00,7:13:23,WCBA,1,7:18:51
27-03-18,PEMA17,0.136,10.35962647,76.9297924,1043.79,Persea macrantha,456,20,175,N,6:36:00,11:44:00,7:13:23,RWBU,2,7:13:54
27-03-18,PEMA17,0.136,10.35962647,76.9297924,1043.79,Persea macrantha,456,20,175,N,6:36:00,11:44:00,7:14:52,SHMY,2,7:19:36
27-03-18,PEMA17,0.136,10.35962647,76.9297924,1043.79,Persea macrantha,456,20,175,N,6:36:00,11:44:00,7:28:32,WCBA,1,7:30:55
27-03-18,PEMA17,0.136,10.35962647,76.9297924,1043.79,Persea macrantha,456,20,175,N,6:36:00,11:44:00,7:29:49,WCBA,1,7:31:15
27-03-18,PEMA17,0.136,10.35962647,76.9297924,1043.79,Persea macrantha,456,20,175,N,6:36:00,11:44:00,7:30:59,WCBA,1,7:31:15
27-03-18,PEMA17,0.136,10.35962647,76.9297924,1043.79,Persea macrantha,456,20,175,N,6:36:00,11:44:00,7:33:06,WCBA,1,7:35:50
27-03-18,PEMA17,0.136,10.35962647,76.9297924,1043.79,Persea macrantha,456,20,175,N,6:36:00,11:44:00,7:33:06,WCBA,1,7:36:00
27-03-18,PEMA17,0.136,10.35962647,76.9297924,1043.79,Persea macrantha,456,20,175,N,6:36:00,11:44:00,7:36:08,WCBA,1,7:39:21
27-03-18,PEMA17,0.136,10.35962647,76.9297924,1043.79,Persea macrantha,456,20,175,N,6:36:00,11:44:00,7:39:07,WCBA,1,7:51:48
27-03-18,PEMA17,0.136,10.35962647,76.9297924,1043.79,Persea macrantha,456,20,175,N,6:36:00,11:44:00,7:41:59,WCBA,1,7:51:48
27-03-18,PEMA17,0.136,10.35962647,76.9297924,1043.79,Persea macrantha,456,20,175,N,6:36:00,11:44:00,7:43:00,MGHO,1,7:45:50
27-03-18,PEMA17,0.136,10.35962647,76.9297924,1043.79,Persea macrantha,456,20,175,N,6:36:00,11:44:00,7:47:06,WCBA,1,7:54:36
27-03-18,PEMA17,0.136,10.35962647,76.9297924,1043.79,Persea macrantha,456,20,175,N,6:36:00,11:44:00,7:47:20,WCBA,1,8:00:22
27-03-18,PEMA17,0.136,10.35962647,76.9297924,1043.79,Persea macrantha,456,20,175,N,6:36:00,11:44:00,7:48:40,WCBA,1,8:02:55
27-03-18,PEMA17,0.136,10.35962647,76.9297924,1043.79,Persea macrantha,456,20,175,N,6:36:00,11:44:00,N,WCBA,1,8:03:00
27-03-18,PEMA17,0.136,10.35962647,76.9297924,1043.79,Persea macrantha,456,20,175,N,6:36:00,11:44:00,7:50:36,MGSQ,1,8:25:00
27-03-18,PEMA17,0.136,10.35962647,76.9297924,1043.79,Persea macrantha,456,20,175,N,6:36:00,11:44:00,7:56:29,MGSQ,1,8:33:00
27-03-18,PEMA17,0.136,10.35962647,76.9297924,1043.79,Persea macrantha,456,20,175,N,6:36:00,11:44:00,8:05:44,WCBA,2,8:24:14
27-03-18,PEMA17,0.136,10.35962647,76.9297924,1043.79,Persea macrantha,456,20,175,N,6:36:00,11:44:00,8:07:09,SHMY,1,8:07:39
27-03-18,PEMA17,0.136,10.35962647,76.9297924,1043.79,Persea macrantha,456,20,175,N,6:36:00,11:44:00,8:15:21,SHMY,2,8:15:52
27-03-18,PEMA17,0.136,10.35962647,76.9297924,1043.79,Persea macrantha,456,20,175,N,6:36:00,11:44:00,8:16:22,WCBA,1,8:26:54
27-03-18,PEMA17,0.136,10.35962647,76.9297924,1043.79,Persea macrantha,456,20,175,N,6:36:00,11:44:00,8:25:40,WCBA,1,8:28:22
27-03-18,PEMA17,0.136,10.35962647,76.9297924,1043.79,Persea macrantha,456,20,175,N,6:36:00,11:44:00,8:26:40,WCBA,1,8:29:37
27-03-18,PEMA17,0.136,10.35962647,76.9297924,1043.79,Persea macrantha,456,20,175,N,6:36:00,11:44:00,8:27:24,WCBA,1,8:30:00
27-03-18,PEMA17,0.136,10.35962647,76.9297924,1043.79,Persea macrantha,456,20,175,N,6:36:00,11:44:00,8:31:00,GRHO,1,8:31:08
27-03-18,PEMA17,0.136,10.35962647,76.9297924,1043.79,Persea macrantha,456,20,175,N,6:36:00,11:44:00,8:33:31,WCBA,2,N
27-03-18,PEMA17,0.136,10.35962647,76.9297924,1043.79,Persea macrantha,456,20,175,N,6:36:00,11:44:00,8:39:33,WCBA,1,N
27-03-18,PEMA17,0.136,10.35962647,76.9297924,1043.79,Persea macrantha,456,20,175,N,6:36:00,11:44:00,8:40:24,WCBA,1,N
27-03-18,PEMA17,0.136,10.35962647,76.9297924,1043.79,Persea macrantha,456,20,175,N,6:36:00,11:44:00,8:49:00,WCBA,1,8:49:50
27-03-18,PEMA17,0.136,10.35962647,76.9297924,1043.79,Persea macrantha,456,20,175,N,6:36:00,11:44:00,8:52:38,WCBA,1,8:57:49
27-03-18,PEMA17,0.136,10.35962647,76.9297924,1043.79,Persea macrantha,456,20,175,N,6:36:00,11:44:00,8:58:53,WCBA,1,N
27-03-18,PEMA17,0.136,10.35962647,76.9297924,1043.79,Persea macrantha,456,20,175,N,6:36:00,11:44:00,9:05:41,WCBA,1,N
27-03-18,PEMA17,0.136,10.35962647,76.9297924,1043.79,Persea macrantha,456,20,175,N,6:36:00,11:44:00,9:06:40,SHMY,2,9:08:11
27-03-18,PEMA17,0.136,10.35962647,76.9297924,1043.79,Persea macrantha,456,20,175,N,6:36:00,11:44:00,9:07:07,WCBA,1,N
27-03-18,PEMA17,0.136,10.35962647,76.9297924,1043.79,Persea macrantha,456,20,175,N,6:36:00,11:44:00,9:07:07,SHMY,2,9:08:46
27-03-18,PEMA17,0.136,10.35962647,76.9297924,1043.79,Persea macrantha,456,20,175,N,6:36:00,11:44:00,9:07:07,WCBA,1,9:10:54
27-03-18,PEMA17,0.136,10.35962647,76.9297924,1043.79,Persea macrantha,456,20,175,N,6:36:00,11:44:00,9:07:34,WCBA,1,9:14:57
27-03-18,PEMA17,0.136,10.35962647,76.9297924,1043.79,Persea macrantha,456,20,175,N,6:36:00,11:44:00,9:13:46,WCBA,1,9:15:46
27-03-18,PEMA17,0.136,10.35962647,76.9297924,1043.79,Persea macrantha,456,20,175,N,6:36:00,11:44:00,9:20:03,WCBA,1,9:22:19
27-03-18,PEMA17,0.136,10.35962647,76.9297924,1043.79,Persea macrantha,456,20,175,N,6:36:00,11:44:00,9:32:57,WCBA,1,N
27-03-18,PEMA17,0.136,10.35962647,76.9297924,1043.79,Persea macrantha,456,20,175,N,6:36:00,11:44:00,9:52:00,SHMY,1,9:56:48
27-03-18,PEMA17,0.136,10.35962647,76.9297924,1043.79,Persea macrantha,456,20,175,N,6:36:00,11:44:00,9:52:00,SHMY,1,9:58:14
27-03-18,PEMA17,0.136,10.35962647,76.9297924,1043.79,Persea macrantha,456,20,175,N,6:36:00,11:44:00,9:52:00,WCBA,1,10:03:24
27-03-18,PEMA17,0.136,10.35962647,76.9297924,1043.79,Persea macrantha,456,20,175,N,6:36:00,11:44:00,9:56:48,MGHO,1,10:03:24
27-03-18,PEMA17,0.136,10.35962647,76.9297924,1043.79,Persea macrantha,456,20,175,N,6:36:00,11:44:00,10:02:50,WCBA,1,10:09:48
27-03-18,PEMA17,0.136,10.35962647,76.9297924,1043.79,Persea macrantha,456,20,175,N,6:36:00,11:44:00,10:03:30,SHMY,3,10:04:00
27-03-18,PEMA17,0.136,10.35962647,76.9297924,1043.79,Persea macrantha,456,20,175,N,6:36:00,11:44:00,10:04:27,WCBA,1,10:14:36
27-03-18,PEMA17,0.136,10.35962647,76.9297924,1043.79,Persea macrantha,456,20,175,N,6:36:00,11:44:00,10:06:14,MGHO,1,10:18:45
27-03-18,PEMA17,0.136,10.35962647,76.9297924,1043.79,Persea macrantha,456,20,175,N,6:36:00,11:44:00,10:07:08,WCBA,1,10:15:34
27-03-18,PEMA17,0.136,10.35962647,76.9297924,1043.79,Persea macrantha,456,20,175,N,6:36:00,11:44:00,10:08:15,WCBA,1,10:16:35
27-03-18,PEMA17,0.136,10.35962647,76.9297924,1043.79,Persea macrantha,456,20,175,N,6:36:00,11:44:00,N,WCBA,1,10:20:02
27-03-18,PEMA17,0.136,10.35962647,76.9297924,1043.79,Persea macrantha,456,20,175,N,6:36:00,11:44:00,10:29:06,WCBA,1,10:32:59
27-03-18,PEMA17,0.136,10.35962647,76.9297924,1043.79,Persea macrantha,456,20,175,N,6:36:00,11:44:00,10:33:00,WCBA,1,10:39:00
27-03-18,PEMA17,0.136,10.35962647,76.9297924,1043.79,Persea macrantha,456,20,175,N,6:36:00,11:44:00,10:36:20,WCBA,1,10:41:45
27-03-18,PEMA17,0.136,10.35962647,76.9297924,1043.79,Persea macrantha,456,20,175,N,6:36:00,11:44:00,10:52:28,WCBA,1,10:53:39
27-03-18,PEMA17,0.136,10.35962647,76.9297924,1043.79,Persea macrantha,456,20,175,N,6:36:00,11:44:00,N,WCBA,1,10:55:23
27-03-18,PEMA17,0.136,10.35962647,76.9297924,1043.79,Persea macrantha,456,20,175,N,6:36:00,11:44:00,10:56:26,WCBA,1,11:00:25
27-03-18,PEMA17,0.136,10.35962647,76.9297924,1043.79,Persea macrantha,456,20,175,N,6:36:00,11:44:00,10:57:00,WCBA,1,11:00:25
27-03-18,PEMA17,0.136,10.35962647,76.9297924,1043.79,Persea macrantha,456,20,175,N,6:36:00,11:44:00,10:59:00,STBU,2,11:07:42
27-03-18,PEMA17,0.136,10.35962647,76.9297924,1043.79,Persea macrantha,456,20,175,N,6:36:00,11:44:00,11:03:00,WCBA,1,11:10:43
27-03-18,PEMA17,0.136,10.35962647,76.9297924,1043.79,Persea macrantha,456,20,175,N,6:36:00,11:44:00,N,WCBA,1,11:10:43
27-03-18,PEMA18,0.402,10.338751,76.962703,1139.697754,Persea macrantha,44,20,198,N,14:05:00,17:40:00,14:09:00,WCBA,1,14:13:06
27-03-18,PEMA18,0.402,10.338751,76.962703,1139.697754,Persea macrantha,44,20,198,N,14:05:00,17:40:00,14:10:00,SHMY,2,14:11:16
27-03-18,PEMA18,0.402,10.338751,76.962703,1139.697754,Persea macrantha,44,20,198,N,14:05:00,17:40:00,14:44:57,WCBA,1,14:45:06
27-03-18,PEMA18,0.402,10.338751,76.962703,1139.697754,Persea macrantha,44,20,198,N,14:05:00,17:40:00,15:15:00,WCBA,1,15:15:30
27-03-18,PEMA18,0.402,10.338751,76.962703,1139.697754,Persea macrantha,44,20,198,N,14:05:00,17:40:00,15:17:00,WCBA,1,15:17:30
27-03-18,PEMA18,0.402,10.338751,76.962703,1139.697754,Persea macrantha,44,20,198,N,14:05:00,17:40:00,15:28:00,YBBU,2,15:28:22
27-03-18,PEMA18,0.402,10.338751,76.962703,1139.697754,Persea macrantha,44,20,198,N,14:05:00,17:40:00,15:30:58,MWTH,1,15:33:40
27-03-18,PEMA18,0.402,10.338751,76.962703,1139.697754,Persea macrantha,44,20,198,N,14:05:00,17:40:00,15:30:58,DSSQ,1,N
27-03-18,PEMA18,0.402,10.338751,76.962703,1139.697754,Persea macrantha,44,20,198,N,14:05:00,17:40:00,15:33:35,YBBU,1,N
27-03-18,PEMA18,0.402,10.338751,76.962703,1139.697754,Persea macrantha,44,20,198,N,14:05:00,17:40:00,15:35:27,SHMY,2,15:37:39
27-03-18,PEMA18,0.402,10.338751,76.962703,1139.697754,Persea macrantha,44,20,198,N,14:05:00,17:40:00,15:35:27,WCBA,1,15:36:28
27-03-18,PEMA18,0.402,10.338751,76.962703,1139.697754,Persea macrantha,44,20,198,N,14:05:00,17:40:00,N,WCBA,1,N
27-03-18,PEMA18,0.402,10.338751,76.962703,1139.697754,Persea macrantha,44,20,198,N,14:05:00,17:40:00,15:35:40,OHTH,1,15:36:54
27-03-18,PEMA18,0.402,10.338751,76.962703,1139.697754,Persea macrantha,44,20,198,N,14:05:00,17:40:00,15:38:38,MWTH,1,15:40:02
27-03-18,PEMA18,0.402,10.338751,76.962703,1139.697754,Persea macrantha,44,20,198,N,14:05:00,17:40:00,15:41:00,WCBA,1,15:41:32
27-03-18,PEMA18,0.402,10.338751,76.962703,1139.697754,Persea macrantha,44,20,198,N,14:05:00,17:40:00,15:43:50,WCBA,1,15:44:13
27-03-18,PEMA18,0.402,10.338751,76.962703,1139.697754,Persea macrantha,44,20,198,N,14:05:00,17:40:00,15:48:07,WCBA,1,15:48:15
27-03-18,PEMA18,0.402,10.338751,76.962703,1139.697754,Persea macrantha,44,20,198,N,14:05:00,17:40:00,15:57:00,WCBA,1,15:57:10
27-03-18,PEMA18,0.402,10.338751,76.962703,1139.697754,Persea macrantha,44,20,198,N,14:05:00,17:40:00,16:13:01,WCBA,1,16:18:00
27-03-18,PEMA18,0.402,10.338751,76.962703,1139.697754,Persea macrantha,44,20,198,N,14:05:00,17:40:00,16:20:36,WCBA,1,16:20:42
27-03-18,PEMA18,0.402,10.338751,76.962703,1139.697754,Persea macrantha,44,20,198,N,14:05:00,17:40:00,16:21:29,MWTH,1,16:23:15
27-03-18,PEMA18,0.402,10.338751,76.962703,1139.697754,Persea macrantha,44,20,198,N,14:05:00,17:40:00,16:23:00,WCBA,1,16:23:44
27-03-18,PEMA18,0.402,10.338751,76.962703,1139.697754,Persea macrantha,44,20,198,N,14:05:00,17:40:00,16:28:00,WCBA,1,16:28:20
27-03-18,PEMA18,0.402,10.338751,76.962703,1139.697754,Persea macrantha,44,20,198,N,14:05:00,17:40:00,17:18:55,SHMY,1,17:20:08
27-03-18,PEMA18,0.402,10.338751,76.962703,1139.697754,Persea macrantha,44,20,198,N,14:05:00,17:40:00,17:19:46,SHMY,1,17:20:08
27-03-18,PEMA18,0.402,10.338751,76.962703,1139.697754,Persea macrantha,44,20,198,N,14:05:00,17:40:00,17:28:00,WCBA,1,N
27-03-18,PEMA18,0.402,10.338751,76.962703,1139.697754,Persea macrantha,44,20,198,N,14:05:00,17:40:00,17:30:00,SHMY,1,17:31:00
27-03-18,PEMA18,0.402,10.338751,76.962703,1139.697754,Persea macrantha,44,20,198,N,14:05:00,17:40:00,17:31:00,MGHO,1,17:32:39
27-03-18,PEMA18,0.402,10.338751,76.962703,1139.697754,Persea macrantha,44,20,198,N,14:05:00,17:40:00,N,MGSQ,1,N
28-03-18,PEMA19,0.686,10.368139,76.993277,1296.502686,Persea macrantha,73,15,185,N,13:00:00,17:00:00,13:06:00,RWBU,1,13:11:10
28-03-18,PEMA19,0.686,10.368139,76.993277,1296.502686,Persea macrantha,73,15,185,N,13:00:00,17:00:00,13:06:21,RWBU,1,13:11:10
28-03-18,PEMA19,0.686,10.368139,76.993277,1296.502686,Persea macrantha,73,15,185,N,13:00:00,17:00:00,13:07:22,RWBU,1,N
28-03-18,PEMA19,0.686,10.368139,76.993277,1296.502686,Persea macrantha,73,15,185,N,13:00:00,17:00:00,13:20:03,YBBU,1,13:20:13
28-03-18,PEMA19,0.686,10.368139,76.993277,1296.502686,Persea macrantha,73,15,185,N,13:00:00,17:00:00,13:28:45,STBU,2,13:35:00
28-03-18,PEMA19,0.686,10.368139,76.993277,1296.502686,Persea macrantha,73,15,185,N,13:00:00,17:00:00,13:36:30,RWBU,2,13:37:38
28-03-18,PEMA19,0.686,10.368139,76.993277,1296.502686,Persea macrantha,73,15,185,N,13:00:00,17:00:00,13:39:09,STBU,1,13:40:20
28-03-18,PEMA19,0.686,10.368139,76.993277,1296.502686,Persea macrantha,73,15,185,N,13:00:00,17:00:00,14:12:00,STBU,1,14:14:00
28-03-18,PEMA19,0.686,10.368139,76.993277,1296.502686,Persea macrantha,73,15,185,N,13:00:00,17:00:00,14:16:27,NILA,1,14:19:30
28-03-18,PEMA19,0.686,10.368139,76.993277,1296.502686,Persea macrantha,73,15,185,N,13:00:00,17:00:00,14:45:27,NILA,1,14:50:54
28-03-18,PEMA19,0.686,10.368139,76.993277,1296.502686,Persea macrantha,73,15,185,N,13:00:00,17:00:00,14:51:20,NILA,1,14:52:08
28-03-18,PEMA19,0.686,10.368139,76.993277,1296.502686,Persea macrantha,73,15,185,N,13:00:00,17:00:00,14:52:38,YBBU,1,14:56:50
28-03-18,PEMA19,0.686,10.368139,76.993277,1296.502686,Persea macrantha,73,15,185,N,13:00:00,17:00:00,14:53:00,YBBU,1,14:56:50
28-03-18,PEMA19,0.686,10.368139,76.993277,1296.502686,Persea macrantha,73,15,185,N,13:00:00,17:00:00,N,WCBA,1,14:54:53
28-03-18,PEMA19,0.686,10.368139,76.993277,1296.502686,Persea macrantha,73,15,185,N,13:00:00,17:00:00,14:55:34,STBU,1,14:56:21
28-03-18,PEMA19,0.686,10.368139,76.993277,1296.502686,Persea macrantha,73,15,185,N,13:00:00,17:00:00,15:19:15,YBBU,2,15:21:54
28-03-18,PEMA19,0.686,10.368139,76.993277,1296.502686,Persea macrantha,73,15,185,N,13:00:00,17:00:00,15:22:28,RWBU,1,15:24:30
28-03-18,PEMA19,0.686,10.368139,76.993277,1296.502686,Persea macrantha,73,15,185,N,13:00:00,17:00:00,15:24:00,NILA,1,15:24:30
28-03-18,PEMA19,0.686,10.368139,76.993277,1296.502686,Persea macrantha,73,15,185,N,13:00:00,17:00:00,15:25:20,NILA,1,15:25:30
28-03-18,PEMA19,0.686,10.368139,76.993277,1296.502686,Persea macrantha,73,15,185,N,13:00:00,17:00:00,15:27:22,STBU,2,15:29:44
28-03-18,PEMA19,0.686,10.368139,76.993277,1296.502686,Persea macrantha,73,15,185,N,13:00:00,17:00:00,15:34:18,NILA,1,15:34:35
28-03-18,PEMA19,0.686,10.368139,76.993277,1296.502686,Persea macrantha,73,15,185,N,13:00:00,17:00:00,15:37:10,SHMY,2,15:38:04
28-03-18,PEMA19,0.686,10.368139,76.993277,1296.502686,Persea macrantha,73,15,185,N,13:00:00,17:00:00,15:38:29,SHMY,1,15:39:48
28-03-18,PEMA19,0.686,10.368139,76.993277,1296.502686,Persea macrantha,73,15,185,N,13:00:00,17:00:00,15:39:17,SHMY,1,15:39:48
28-03-18,PEMA19,0.686,10.368139,76.993277,1296.502686,Persea macrantha,73,15,185,N,13:00:00,17:00:00,15:39:50,NILA,3,15:40:00
28-03-18,PEMA19,0.686,10.368139,76.993277,1296.502686,Persea macrantha,73,15,185,N,13:00:00,17:00:00,15:40:38,NILA,1,15:40:48
28-03-18,PEMA19,0.686,10.368139,76.993277,1296.502686,Persea macrantha,73,15,185,N,13:00:00,17:00:00,16:27:47,STBU,1,16:29:20
28-03-18,PEMA19,0.686,10.368139,76.993277,1296.502686,Persea macrantha,73,15,185,N,13:00:00,17:00:00,16:27:47,STBU,1,16:29:43
28-03-18,PEMA19,0.686,10.368139,76.993277,1296.502686,Persea macrantha,73,15,185,N,13:00:00,17:00:00,16:28:40,YBBU,2,16:32:25
28-03-18,PEMA19,0.686,10.368139,76.993277,1296.502686,Persea macrantha,73,15,185,N,13:00:00,17:00:00,16:32:49,YBBU,2,16:33:00
28-03-18,PEMA19,0.686,10.368139,76.993277,1296.502686,Persea macrantha,73,15,185,N,13:00:00,17:00:00,16:51:25,YBBU,1,16:52:25
29-03-18,PEMA20,0.874,10.370254,76.993708,1337.02832,Persea macrantha,120,26,216,N,6:50:00,12:03:00,N,MGSQ,1,6:52:00
29-03-18,PEMA20,0.874,10.370254,76.993708,1337.02832,Persea macrantha,120,26,216,N,6:50:00,12:03:00,N,MGSQ,2,7:02:29
29-03-18,PEMA20,0.874,10.370254,76.993708,1337.02832,Persea macrantha,120,26,216,N,6:50:00,12:03:00,6:55:00,YBBU,2,6:56:30
29-03-18,PEMA20,0.874,10.370254,76.993708,1337.02832,Persea macrantha,120,26,216,N,6:50:00,12:03:00,6:57:50,STBU,2,6:59:20
29-03-18,PEMA20,0.874,10.370254,76.993708,1337.02832,Persea macrantha,120,26,216,N,6:50:00,12:03:00,7:05:18,MGHO,1,7:08:10
29-03-18,PEMA20,0.874,10.370254,76.993708,1337.02832,Persea macrantha,120,26,216,N,6:50:00,12:03:00,7:08:10,STBU,1,7:10:40
29-03-18,PEMA20,0.874,10.370254,76.993708,1337.02832,Persea macrantha,120,26,216,N,6:50:00,12:03:00,7:08:10,STBU,1,7:11:04
29-03-18,PEMA20,0.874,10.370254,76.993708,1337.02832,Persea macrantha,120,26,216,N,6:50:00,12:03:00,7:18:20,STBU,2,7:19:20
29-03-18,PEMA20,0.874,10.370254,76.993708,1337.02832,Persea macrantha,120,26,216,N,6:50:00,12:03:00,7:25:45,STBU,2,7:28:29
29-03-18,PEMA20,0.874,10.370254,76.993708,1337.02832,Persea macrantha,120,26,216,N,6:50:00,12:03:00,7:25:45,STBU,1,7:29:20
29-03-18,PEMA20,0.874,10.370254,76.993708,1337.02832,Persea macrantha,120,26,216,N,6:50:00,12:03:00,7:27:31,YBBU,2,7:28:10
29-03-18,PEMA20,0.874,10.370254,76.993708,1337.02832,Persea macrantha,120,26,216,N,6:50:00,12:03:00,N,WCBA,1,7:37:20
29-03-18,PEMA20,0.874,10.370254,76.993708,1337.02832,Persea macrantha,120,26,216,N,6:50:00,12:03:00,7:35:25,STBU,2,7:38:02
29-03-18,PEMA20,0.874,10.370254,76.993708,1337.02832,Persea macrantha,120,26,216,N,6:50:00,12:03:00,7:39:00,OHTH,1,7:42:06
29-03-18,PEMA20,0.874,10.370254,76.993708,1337.02832,Persea macrantha,120,26,216,N,6:50:00,12:03:00,7:40:00,BUsp.,1,7:41:00
29-03-18,PEMA20,0.874,10.370254,76.993708,1337.02832,Persea macrantha,120,26,216,N,6:50:00,12:03:00,7:48:00,WCBA,1,7:49:57
29-03-18,PEMA20,0.874,10.370254,76.993708,1337.02832,Persea macrantha,120,26,216,N,6:50:00,12:03:00,8:29:11,STBU,2,8:29:55
29-03-18,PEMA20,0.874,10.370254,76.993708,1337.02832,Persea macrantha,120,26,216,N,6:50:00,12:03:00,8:44:41,YBBU,2,8:45:46
29-03-18,PEMA20,0.874,10.370254,76.993708,1337.02832,Persea macrantha,120,26,216,N,6:50:00,12:03:00,9:23:40,AFBL,1,9:24:56
29-03-18,PEMA20,0.874,10.370254,76.993708,1337.02832,Persea macrantha,120,26,216,N,6:50:00,12:03:00,9:25:50,YBBU,2,9:30:22
29-03-18,PEMA20,0.874,10.370254,76.993708,1337.02832,Persea macrantha,120,26,216,N,6:50:00,12:03:00,9:26:16,STBU,2,9:29:19
29-03-18,PEMA20,0.874,10.370254,76.993708,1337.02832,Persea macrantha,120,26,216,N,6:50:00,12:03:00,9:33:00,STBU,2,9:34:10
29-03-18,PEMA20,0.874,10.370254,76.993708,1337.02832,Persea macrantha,120,26,216,N,6:50:00,12:03:00,10:33:46,YBBU,2,10:37:10
29-03-18,PEMA20,0.874,10.370254,76.993708,1337.02832,Persea macrantha,120,26,216,N,6:50:00,12:03:00,10:39:47,YBBU,2,10:42:00
29-03-18,PEMA20,0.874,10.370254,76.993708,1337.02832,Persea macrantha,120,26,216,N,6:50:00,12:03:00,11:08:41,STBU,2,11:08:55
29-03-18,PEMA20,0.874,10.370254,76.993708,1337.02832,Persea macrantha,120,26,216,N,6:50:00,12:03:00,11:15:55,YBBU,2,11:16:58
29-03-18,PEMA20,0.874,10.370254,76.993708,1337.02832,Persea macrantha,120,26,216,N,6:50:00,12:03:00,11:16:50,STBU,2,11:17:40
29-03-18,PEMA20,0.874,10.370254,76.993708,1337.02832,Persea macrantha,120,26,216,N,6:50:00,12:03:00,11:19:40,YBBU,2,11:20:10
29-03-18,PEMA20,0.874,10.370254,76.993708,1337.02832,Persea macrantha,120,26,216,N,6:50:00,12:03:00,N,WCBA,1,11:20:42
29-03-18,PEMA20,0.874,10.370254,76.993708,1337.02832,Persea macrantha,120,26,216,N,6:50:00,12:03:00,11:21:37,YBBU,1,11:22:56
29-03-18,PEMA20,0.874,10.370254,76.993708,1337.02832,Persea macrantha,120,26,216,N,6:50:00,12:03:00,11:21:37,YBBU,1,11:23:10
29-03-18,PEMA20,0.874,10.370254,76.993708,1337.02832,Persea macrantha,120,26,216,N,6:50:00,12:03:00,11:38:30,YBBU,2,11:39:51
29-03-18,PEMA20,0.874,10.370254,76.993708,1337.02832,Persea macrantha,120,26,216,N,6:50:00,12:03:00,11:46:00,YBBU,1,11:46:43
29-03-18,PEMA20,0.874,10.370254,76.993708,1337.02832,Persea macrantha,120,26,216,N,6:50:00,12:03:00,11:46:00,STBU,1,11:47:28
29-03-18,PEMA_ad_lib,N,N,N,N,Persea macrantha,N,N,N,N,N,N,7:50:00,SHMY,2,7:51:33
29-03-18,PEMA_ad_lib,N,N,N,N,Persea macrantha,N,N,N,N,N,N,7:50:00,MGSQ,1,7:53:33
29-03-18,PEMA_ad_lib,N,N,N,N,Persea macrantha,N,N,N,N,N,N,7:51:32,SHMY,1,7:52:31
29-03-18,PEMA_ad_lib,N,N,N,N,Persea macrantha,N,N,N,N,N,N,7:51:32,SHMY,2,7:53:33
29-03-18,PEMA_ad_lib,N,N,N,N,Persea macrantha,N,N,N,N,N,N,7:51:32,SHMY,1,7:54:04
29-03-18,PEMA_ad_lib,N,N,N,N,Persea macrantha,N,N,N,N,N,N,7:51:32,SHMY,1,7:54:33
29-03-18,PEMA21,0.856,10.369942,76.993785,1360.726318,Persea macrantha,20,18,144,N,13:05:00,17:05:00,15:20:36,STBU,2,15:21:08
30-03-18,PEMA22,1,10.40776617,76.87607006,710.24231,Persea macrantha,72,22,136,N,6:40:00,11:46:00,7:05:17,SHMY,2,7:06:45
30-03-18,PEMA22,1,10.40776617,76.87607006,710.24231,Persea macrantha,72,22,136,N,6:40:00,11:46:00,7:05:33,SHMY,2,7:06:50
30-03-18,PEMA22,1,10.40776617,76.87607006,710.24231,Persea macrantha,72,22,136,N,6:40:00,11:46:00,8:18:00,YBBU,1,8:21:16
30-03-18,PEMA22,1,10.40776617,76.87607006,710.24231,Persea macrantha,72,22,136,N,6:40:00,11:46:00,8:25:27,SHMY,2,8:25:43
30-03-18,PEMA22,1,10.40776617,76.87607006,710.24231,Persea macrantha,72,22,136,N,6:40:00,11:46:00,8:52:35,YBBU,1,8:56:01
30-03-18,PEMA22,1,10.40776617,76.87607006,710.24231,Persea macrantha,72,22,136,N,6:40:00,11:46:00,8:52:35,YBBU,1,8:56:00
30-03-18,PEMA22,1,10.40776617,76.87607006,710.24231,Persea macrantha,72,22,136,N,6:40:00,11:46:00,8:59:58,WCBA,1,9:03:51
30-03-18,PEMA22,1,10.40776617,76.87607006,710.24231,Persea macrantha,72,22,136,N,6:40:00,11:46:00,9:05:16,MWTH,1,9:06:30
30-03-18,PEMA22,1,10.40776617,76.87607006,710.24231,Persea macrantha,72,22,136,N,6:40:00,11:46:00,9:13:00,RWBU,4,9:14:10
30-03-18,PEMA22,1,10.40776617,76.87607006,710.24231,Persea macrantha,72,22,136,N,6:40:00,11:46:00,9:25:30,SHMY,2,9:25:50
30-03-18,PEMA22,1,10.40776617,76.87607006,710.24231,Persea macrantha,72,22,136,N,6:40:00,11:46:00,9:27:38,YBBU,2,9:28:46
30-03-18,PEMA22,1,10.40776617,76.87607006,710.24231,Persea macrantha,72,22,136,N,6:40:00,11:46:00,9:30:00,YBBU,2,9:30:38
30-03-18,PEMA22,1,10.40776617,76.87607006,710.24231,Persea macrantha,72,22,136,N,6:40:00,11:46:00,N,WCBA,1,9:37:48
30-03-18,PEMA22,1,10.40776617,76.87607006,710.24231,Persea macrantha,72,22,136,N,6:40:00,11:46:00,9:58:00,YBBU,2,9:59:00
30-03-18,PEMA22,1,10.40776617,76.87607006,710.24231,Persea macrantha,72,22,136,N,6:40:00,11:46:00,10:00:00,SHMY,1,10:01:53
30-03-18,PEMA22,1,10.40776617,76.87607006,710.24231,Persea macrantha,72,22,136,N,6:40:00,11:46:00,10:00:00,SHMY,2,10:02:58
30-03-18,PEMA22,1,10.40776617,76.87607006,710.24231,Persea macrantha,72,22,136,N,6:40:00,11:46:00,10:00:00,SHMY,1,10:03:56
30-03-18,PEMA22,1,10.40776617,76.87607006,710.24231,Persea macrantha,72,22,136,N,6:40:00,11:46:00,10:05:42,SHMY,1,10:10:30
30-03-18,PEMA22,1,10.40776617,76.87607006,710.24231,Persea macrantha,72,22,136,N,6:40:00,11:46:00,10:11:15,SHMY,1,10:12:20
30-03-18,PEMA22,1,10.40776617,76.87607006,710.24231,Persea macrantha,72,22,136,N,6:40:00,11:46:00,10:11:15,SHMY,1,10:12:29
30-03-18,PEMA22,1,10.40776617,76.87607006,710.24231,Persea macrantha,72,22,136,N,6:40:00,11:46:00,10:45:35,YBBU,1,10:47:38
30-03-18,PEMA22,1,10.40776617,76.87607006,710.24231,Persea macrantha,72,22,136,N,6:40:00,11:46:00,10:45:35,YBBU,1,10:48:00
30-03-18,PEMA22,1,10.40776617,76.87607006,710.24231,Persea macrantha,72,22,136,N,6:40:00,11:46:00,10:46:12,RWBU,1,10:47:29
30-03-18,PEMA22,1,10.40776617,76.87607006,710.24231,Persea macrantha,72,22,136,N,6:40:00,11:46:00,10:46:12,RWBU,1,10:49:40
30-03-18,PEMA22,1,10.40776617,76.87607006,710.24231,Persea macrantha,72,22,136,N,6:40:00,11:46:00,10:53:22,YBBU,1,10:53:50
30-03-18,PEMA22,1,10.40776617,76.87607006,710.24231,Persea macrantha,72,22,136,N,6:40:00,11:46:00,10:53:22,YBBU,1,10:54:16
30-03-18,PEMA22,1,10.40776617,76.87607006,710.24231,Persea macrantha,72,22,136,N,6:40:00,11:46:00,11:06:29,YBBU,2,11:07:02
30-03-18,PEMA22,1,10.40776617,76.87607006,710.24231,Persea macrantha,72,22,136,N,6:40:00,11:46:00,11:11:38,RWBU,1,11:16:09
30-03-18,PEMA22,1,10.40776617,76.87607006,710.24231,Persea macrantha,72,22,136,N,6:40:00,11:46:00,11:15:00,RWBU,3,11:16:27
30-03-18,PEMA22,1,10.40776617,76.87607006,710.24231,Persea macrantha,72,22,136,N,6:40:00,11:46:00,11:15:00,OHTH,1,11:16:00
30-03-18,PEMA22,1,10.40776617,76.87607006,710.24231,Persea macrantha,72,22,136,N,6:40:00,11:46:00,11:15:00,YBBU,1,11:18:15
30-03-18,PEMA22,1,10.40776617,76.87607006,710.24231,Persea macrantha,72,22,136,N,6:40:00,11:46:00,11:17:30,OHTH,1,11:18:54
30-03-18,PEMA22,1,10.40776617,76.87607006,710.24231,Persea macrantha,72,22,136,N,6:40:00,11:46:00,11:18:29,RWBU,1,11:20:00
30-03-18,PEMA22,1,10.40776617,76.87607006,710.24231,Persea macrantha,72,22,136,N,6:40:00,11:46:00,11:19:29,RWBU,2,11:19:40
30-03-18,PEMA22,1,10.40776617,76.87607006,710.24231,Persea macrantha,72,22,136,N,6:40:00,11:46:00,11:20:48,YBBU,1,11:21:37
30-03-18,PEMA22,1,10.40776617,76.87607006,710.24231,Persea macrantha,72,22,136,N,6:40:00,11:46:00,11:21:00,YBBU,1,11:25:31
30-03-18,PEMA22,1,10.40776617,76.87607006,710.24231,Persea macrantha,72,22,136,N,6:40:00,11:46:00,11:22:24,RWBU,1,11:23:53
30-03-18,PEMA22,1,10.40776617,76.87607006,710.24231,Persea macrantha,72,22,136,N,6:40:00,11:46:00,11:22:24,RWBU,1,11:24:40
30-03-18,PEMA22,1,10.40776617,76.87607006,710.24231,Persea macrantha,72,22,136,N,6:40:00,11:46:00,11:23:53,RWBU,1,11:25:26
30-03-18,PEMA22,1,10.40776617,76.87607006,710.24231,Persea macrantha,72,22,136,N,6:40:00,11:46:00,11:24:57,RWBU,1,11:26:00
30-03-18,PEMA22,1,10.40776617,76.87607006,710.24231,Persea macrantha,72,22,136,N,6:40:00,11:46:00,11:24:57,RWBU,1,11:27:22
30-03-18,PEMA22,1,10.40776617,76.87607006,710.24231,Persea macrantha,72,22,136,N,6:40:00,11:46:00,11:27:50,RWBU,1,N
30-03-18,PEMA22,1,10.40776617,76.87607006,710.24231,Persea macrantha,72,22,136,N,6:40:00,11:46:00,11:28:19,RWBU,1,N
30-03-18,PEMA22,1,10.40776617,76.87607006,710.24231,Persea macrantha,72,22,136,N,6:40:00,11:46:00,11:29:10,RWBU,1,N
30-03-18,PEMA22,1,10.40776617,76.87607006,710.24231,Persea macrantha,72,22,136,N,6:40:00,11:46:00,11:29:59,RWBU,1,11:30:23
30-03-18,PEMA22,1,10.40776617,76.87607006,710.24231,Persea macrantha,72,22,136,N,6:40:00,11:46:00,11:29:59,RWBU,1,11:30:46
30-03-18,PEMA22,1,10.40776617,76.87607006,710.24231,Persea macrantha,72,22,136,N,6:40:00,11:46:00,11:30:58,RWBU,1,11:31:23
30-03-18,PEMA22,1,10.40776617,76.87607006,710.24231,Persea macrantha,72,22,136,N,6:40:00,11:46:00,11:30:58,RWBU,1,11:31:32
30-03-18,PEMA22,1,10.40776617,76.87607006,710.24231,Persea macrantha,72,22,136,N,6:40:00,11:46:00,11:31:39,RWBU,1,11:31:57
30-03-18,PEMA22,1,10.40776617,76.87607006,710.24231,Persea macrantha,72,22,136,N,6:40:00,11:46:00,11:31:39,RWBU,1,11:32:09
30-03-18,PEMA22,1,10.40776617,76.87607006,710.24231,Persea macrantha,72,22,136,N,6:40:00,11:46:00,11:31:39,RWBU,1,11:32:22
30-03-18,PEMA22,1,10.40776617,76.87607006,710.24231,Persea macrantha,72,22,136,N,6:40:00,11:46:00,11:31:39,RWBU,1,11:32:43
30-03-18,PEMA22,1,10.40776617,76.87607006,710.24231,Persea macrantha,72,22,136,N,6:40:00,11:46:00,11:31:58,RWBU,1,11:32:43
30-03-18,PEMA22,1,10.40776617,76.87607006,710.24231,Persea macrantha,72,22,136,N,6:40:00,11:46:00,11:32:53,RWBU,2,11:33:12
30-03-18,PEMA22,1,10.40776617,76.87607006,710.24231,Persea macrantha,72,22,136,N,6:40:00,11:46:00,11:33:16,RWBU,1,11:33:56
30-03-18,PEMA22,1,10.40776617,76.87607006,710.24231,Persea macrantha,72,22,136,N,6:40:00,11:46:00,11:33:16,RWBU,1,11:34:14
30-03-18,PEMA22,1,10.40776617,76.87607006,710.24231,Persea macrantha,72,22,136,N,6:40:00,11:46:00,11:33:23,RWBU,2,11:34:14
30-03-18,PEMA22,1,10.40776617,76.87607006,710.24231,Persea macrantha,72,22,136,N,6:40:00,11:46:00,11:33:40,YBBU,1,11:34:28
30-03-18,PEMA22,1,10.40776617,76.87607006,710.24231,Persea macrantha,72,22,136,N,6:40:00,11:46:00,11:33:40,YBBU,1,11:34:40
30-03-18,PEMA22,1,10.40776617,76.87607006,710.24231,Persea macrantha,72,22,136,N,6:40:00,11:46:00,N,RWBU,2,11:34:53
30-03-18,PEMA22,1,10.40776617,76.87607006,710.24231,Persea macrantha,72,22,136,N,6:40:00,11:46:00,N,RWBU,1,11:35:17
30-03-18,PEMA22,1,10.40776617,76.87607006,710.24231,Persea macrantha,72,22,136,N,6:40:00,11:46:00,11:35:42,RWBU,1,11:37:01
30-03-18,PEMA22,1,10.40776617,76.87607006,710.24231,Persea macrantha,72,22,136,N,6:40:00,11:46:00,11:35:42,RWBU,1,11:37:51
30-03-18,PEMA22,1,10.40776617,76.87607006,710.24231,Persea macrantha,72,22,136,N,6:40:00,11:46:00,N,YBBU,1,11:35:59
30-03-18,PEMA22,1,10.40776617,76.87607006,710.24231,Persea macrantha,72,22,136,N,6:40:00,11:46:00,11:36:02,RWBU,1,11:38:01
30-03-18,PEMA22,1,10.40776617,76.87607006,710.24231,Persea macrantha,72,22,136,N,6:40:00,11:46:00,11:36:44,RWBU,1,11:37:01
30-03-18,PEMA22,1,10.40776617,76.87607006,710.24231,Persea macrantha,72,22,136,N,6:40:00,11:46:00,11:37:01,RWBU,2,11:38:46
30-03-18,PEMA22,1,10.40776617,76.87607006,710.24231,Persea macrantha,72,22,136,N,6:40:00,11:46:00,11:37:08,WCBA,1,11:38:30
30-03-18,PEMA22,1,10.40776617,76.87607006,710.24231,Persea macrantha,72,22,136,N,6:40:00,11:46:00,N,RWBU,1,11:41:10
30-03-18,PEMA22,1,10.40776617,76.87607006,710.24231,Persea macrantha,72,22,136,N,6:40:00,11:46:00,11:41:00,YBBU,1,11:41:46
30-03-18,PEMA22,1,10.40776617,76.87607006,710.24231,Persea macrantha,72,22,136,N,6:40:00,11:46:00,N,RWBU,3,11:41:40
30-03-18,PEMA22,1,10.40776617,76.87607006,710.24231,Persea macrantha,72,22,136,N,6:40:00,11:46:00,11:41:40,RWBU,1,11:42:57
30-03-18,PEMA22,1,10.40776617,76.87607006,710.24231,Persea macrantha,72,22,136,N,6:40:00,11:46:00,11:41:40,YBBU,1,11:42:00
30-03-18,PEMA22,1,10.40776617,76.87607006,710.24231,Persea macrantha,72,22,136,N,6:40:00,11:46:00,11:42:12,MAST,1,11:42:47
30-03-18,PEMA22,1,10.40776617,76.87607006,710.24231,Persea macrantha,72,22,136,N,6:40:00,11:46:00,11:43:10,RWBU,1,11:43:45
30-03-18,PEMA22,1,10.40776617,76.87607006,710.24231,Persea macrantha,72,22,136,N,6:40:00,11:46:00,11:43:28,WCBA,1,11:44:42
30-03-18,PEMA22,1,10.40776617,76.87607006,710.24231,Persea macrantha,72,22,136,N,6:40:00,11:46:00,N,RWBU,1,11:44:42
30-03-18,PEMA22,1,10.40776617,76.87607006,710.24231,Persea macrantha,72,22,136,N,6:40:00,11:46:00,11:44:55,RWBU,1,11:45:57
30-03-18,PEMA22,1,10.40776617,76.87607006,710.24231,Persea macrantha,72,22,136,N,6:40:00,11:46:00,11:45:26,RWBU,1,11:45:57
30-03-18,PEMA22,1,10.40776617,76.87607006,710.24231,Persea macrantha,72,22,136,N,6:40:00,11:46:00,N,MAST,2,11:46:18
30-03-18,PEMA22,1,10.40776617,76.87607006,710.24231,Persea macrantha,72,22,136,N,6:40:00,11:46:00,N,RWBU,2,11:46:34
30-03-18,PEMA23,1,10.404184,76.8769251,700.652405,Persea macrantha,80,26,255,N,12:47:00,17:00:00,N,MAST,2,12:50:00
30-03-18,PEMA23,1,10.404184,76.8769251,700.652405,Persea macrantha,80,26,255,N,12:47:00,17:00:00,N,MAST,2,12:50:58
30-03-18,PEMA23,1,10.404184,76.8769251,700.652405,Persea macrantha,80,26,255,N,12:47:00,17:00:00,N,MAST,2,12:51:42
30-03-18,PEMA23,1,10.404184,76.8769251,700.652405,Persea macrantha,80,26,255,N,12:47:00,17:00:00,12:47:59,MAST,2,12:52:00
30-03-18,PEMA23,1,10.404184,76.8769251,700.652405,Persea macrantha,80,26,255,N,12:47:00,17:00:00,12:48:59,MAST,1,12:53:45
30-03-18,PEMA23,1,10.404184,76.8769251,700.652405,Persea macrantha,80,26,255,N,12:47:00,17:00:00,12:51:00,MAST,2,12:53:54
30-03-18,PEMA23,1,10.404184,76.8769251,700.652405,Persea macrantha,80,26,255,N,12:47:00,17:00:00,12:55:58,MAST,1,13:00:00
30-03-18,PEMA23,1,10.404184,76.8769251,700.652405,Persea macrantha,80,26,255,N,12:47:00,17:00:00,12:56:06,RWBU,1,13:00:00
30-03-18,PEMA23,1,10.404184,76.8769251,700.652405,Persea macrantha,80,26,255,N,12:47:00,17:00:00,12:56:25,MAST,2,13:03:40
30-03-18,PEMA23,1,10.404184,76.8769251,700.652405,Persea macrantha,80,26,255,N,12:47:00,17:00:00,N,YBBU,1,12:56:30
30-03-18,PEMA23,1,10.404184,76.8769251,700.652405,Persea macrantha,80,26,255,N,12:47:00,17:00:00, 12:57:30,RWBU,1,13:00:19
30-03-18,PEMA23,1,10.404184,76.8769251,700.652405,Persea macrantha,80,26,255,N,12:47:00,17:00:00,12:57:49,RWBU,1,13:00:19
30-03-18,PEMA23,1,10.404184,76.8769251,700.652405,Persea macrantha,80,26,255,N,12:47:00,17:00:00,12:58:00,RWBU,1,13:04:12
30-03-18,PEMA23,1,10.404184,76.8769251,700.652405,Persea macrantha,80,26,255,N,12:47:00,17:00:00,12:59:12,DSSQ,2,13:00:00
30-03-18,PEMA23,1,10.404184,76.8769251,700.652405,Persea macrantha,80,26,255,N,12:47:00,17:00:00,13:01:19,MWTH,1,13:01:31
30-03-18,PEMA23,1,10.404184,76.8769251,700.652405,Persea macrantha,80,26,255,N,12:47:00,17:00:00,13:02:20,DSSQ,1,N
30-03-18,PEMA23,1,10.404184,76.8769251,700.652405,Persea macrantha,80,26,255,N,12:47:00,17:00:00,N,MAST,2,13:03:40
30-03-18,PEMA23,1,10.404184,76.8769251,700.652405,Persea macrantha,80,26,255,N,12:47:00,17:00:00,N,RWBU,1,13:04:12
30-03-18,PEMA23,1,10.404184,76.8769251,700.652405,Persea macrantha,80,26,255,N,12:47:00,17:00:00,N,RWBU,1,13:04:21
30-03-18,PEMA23,1,10.404184,76.8769251,700.652405,Persea macrantha,80,26,255,N,12:47:00,17:00:00,13:09:16,WCBA,1,N
30-03-18,PEMA23,1,10.404184,76.8769251,700.652405,Persea macrantha,80,26,255,N,12:47:00,17:00:00,13:10:46,MAST,1,13:12:47
30-03-18,PEMA23,1,10.404184,76.8769251,700.652405,Persea macrantha,80,26,255,N,12:47:00,17:00:00,N,MAST,2,13:13:10
30-03-18,PEMA23,1,10.404184,76.8769251,700.652405,Persea macrantha,80,26,255,N,12:47:00,17:00:00,13:21:00,MAST,1,13:21:55
30-03-18,PEMA23,1,10.404184,76.8769251,700.652405,Persea macrantha,80,26,255,N,12:47:00,17:00:00,13:21:00,MAST,1,13:25:33
30-03-18,PEMA23,1,10.404184,76.8769251,700.652405,Persea macrantha,80,26,255,N,12:47:00,17:00:00,13:23:08,MAST,1,13:26:56
30-03-18,PEMA23,1,10.404184,76.8769251,700.652405,Persea macrantha,80,26,255,N,12:47:00,17:00:00,13:36:34,WCBA,1,13:39:45
30-03-18,PEMA23,1,10.404184,76.8769251,700.652405,Persea macrantha,80,26,255,N,12:47:00,17:00:00,13:36:34,RWBU,2,13:38:58
30-03-18,PEMA23,1,10.404184,76.8769251,700.652405,Persea macrantha,80,26,255,N,12:47:00,17:00:00,13:38:30,RWBU,1,13:39:13
30-03-18,PEMA23,1,10.404184,76.8769251,700.652405,Persea macrantha,80,26,255,N,12:47:00,17:00:00,13:38:30,RWBU,1,13:40:00
30-03-18,PEMA23,1,10.404184,76.8769251,700.652405,Persea macrantha,80,26,255,N,12:47:00,17:00:00,13:38:40,RWBU,1,13:40:00
30-03-18,PEMA23,1,10.404184,76.8769251,700.652405,Persea macrantha,80,26,255,N,12:47:00,17:00:00,N,MAST,1,13:42:04
30-03-18,PEMA23,1,10.404184,76.8769251,700.652405,Persea macrantha,80,26,255,N,12:47:00,17:00:00,13:46:00,SHMY,1,13:50:59
30-03-18,PEMA23,1,10.404184,76.8769251,700.652405,Persea macrantha,80,26,255,N,12:47:00,17:00:00,13:46:00,MAST,2,N
30-03-18,PEMA23,1,10.404184,76.8769251,700.652405,Persea macrantha,80,26,255,N,12:47:00,17:00:00,13:48:48,SHMY,2,13:49:05
30-03-18,PEMA23,1,10.404184,76.8769251,700.652405,Persea macrantha,80,26,255,N,12:47:00,17:00:00,13:49:00,RWBU,1,13:49:20
30-03-18,PEMA23,1,10.404184,76.8769251,700.652405,Persea macrantha,80,26,255,N,12:47:00,17:00:00,13:51:40,WCBA,1,13:55:08
30-03-18,PEMA23,1,10.404184,76.8769251,700.652405,Persea macrantha,80,26,255,N,12:47:00,17:00:00,N,WCBA,1,13:52:00
30-03-18,PEMA23,1,10.404184,76.8769251,700.652405,Persea macrantha,80,26,255,N,12:47:00,17:00:00,N,WCBA,1,13:52:20
30-03-18,PEMA23,1,10.404184,76.8769251,700.652405,Persea macrantha,80,26,255,N,12:47:00,17:00:00,13:52:00,RWBU,2,13:53:14
30-03-18,PEMA23,1,10.404184,76.8769251,700.652405,Persea macrantha,80,26,255,N,12:47:00,17:00:00,N,WCBA,1,N
30-03-18,PEMA23,1,10.404184,76.8769251,700.652405,Persea macrantha,80,26,255,N,12:47:00,17:00:00,13:54:54,MAST,1,14:02:49
30-03-18,PEMA23,1,10.404184,76.8769251,700.652405,Persea macrantha,80,26,255,N,12:47:00,17:00:00,13:58:19,MAST,1,14:02:49
30-03-18,PEMA23,1,10.404184,76.8769251,700.652405,Persea macrantha,80,26,255,N,12:47:00,17:00:00,13:58:01,MAST,2,14:02:49
30-03-18,PEMA23,1,10.404184,76.8769251,700.652405,Persea macrantha,80,26,255,N,12:47:00,17:00:00,13:58:01,MAST,1,14:03:41
30-03-18,PEMA23,1,10.404184,76.8769251,700.652405,Persea macrantha,80,26,255,N,12:47:00,17:00:00,13:59:00,MAST,2,14:04:36
30-03-18,PEMA23,1,10.404184,76.8769251,700.652405,Persea macrantha,80,26,255,N,12:47:00,17:00:00,14:01:00,MAST,1,14:04:36
30-03-18,PEMA23,1,10.404184,76.8769251,700.652405,Persea macrantha,80,26,255,N,12:47:00,17:00:00,14:02:03,MAST,1,14:04:36
30-03-18,PEMA23,1,10.404184,76.8769251,700.652405,Persea macrantha,80,26,255,N,12:47:00,17:00:00,14:04:51,RWBU,1,14:05:20
30-03-18,PEMA23,1,10.404184,76.8769251,700.652405,Persea macrantha,80,26,255,N,12:47:00,17:00:00,14:04:51,RWBU,2,N
30-03-18,PEMA23,1,10.404184,76.8769251,700.652405,Persea macrantha,80,26,255,N,12:47:00,17:00:00,14:04:51,MAST,1,14:06:08
30-03-18,PEMA23,1,10.404184,76.8769251,700.652405,Persea macrantha,80,26,255,N,12:47:00,17:00:00,14:05:47,WCBA,1,N
30-03-18,PEMA23,1,10.404184,76.8769251,700.652405,Persea macrantha,80,26,255,N,12:47:00,17:00:00,14:05:47,MAST,1,14:06:08
30-03-18,PEMA23,1,10.404184,76.8769251,700.652405,Persea macrantha,80,26,255,N,12:47:00,17:00:00,14:05:47,MAST,2,14:09:15
30-03-18,PEMA23,1,10.404184,76.8769251,700.652405,Persea macrantha,80,26,255,N,12:47:00,17:00:00,14:05:47,MAST,1,14:09:57
30-03-18,PEMA23,1,10.404184,76.8769251,700.652405,Persea macrantha,80,26,255,N,12:47:00,17:00:00,14:05:58,MAST,1,14:09:57
30-03-18,PEMA23,1,10.404184,76.8769251,700.652405,Persea macrantha,80,26,255,N,12:47:00,17:00:00,14:05:58,MAST,1,14:10:25
30-03-18,PEMA23,1,10.404184,76.8769251,700.652405,Persea macrantha,80,26,255,N,12:47:00,17:00:00,14:06:39,MAST,1,14:10:25
30-03-18,PEMA23,1,10.404184,76.8769251,700.652405,Persea macrantha,80,26,255,N,12:47:00,17:00:00,14:07:07,RWBU,2,N
30-03-18,PEMA23,1,10.404184,76.8769251,700.652405,Persea macrantha,80,26,255,N,12:47:00,17:00:00,14:07:34,SHMY,2,14:08:30
30-03-18,PEMA23,1,10.404184,76.8769251,700.652405,Persea macrantha,80,26,255,N,12:47:00,17:00:00,14:10:12,RWBU,1,N
30-03-18,PEMA23,1,10.404184,76.8769251,700.652405,Persea macrantha,80,26,255,N,12:47:00,17:00:00,N,MAST,2,14:11:17
30-03-18,PEMA23,1,10.404184,76.8769251,700.652405,Persea macrantha,80,26,255,N,12:47:00,17:00:00,N,MAST,2,14:12:20
30-03-18,PEMA23,1,10.404184,76.8769251,700.652405,Persea macrantha,80,26,255,N,12:47:00,17:00:00,N,MAST,2,14:12:48
30-03-18,PEMA23,1,10.404184,76.8769251,700.652405,Persea macrantha,80,26,255,N,12:47:00,17:00:00,N,MAST,3,14:13:20
30-03-18,PEMA23,1,10.404184,76.8769251,700.652405,Persea macrantha,80,26,255,N,12:47:00,17:00:00,14:14:54,WCBA,1,N
30-03-18,PEMA23,1,10.404184,76.8769251,700.652405,Persea macrantha,80,26,255,N,12:47:00,17:00:00,14:16:50,WCBA,1,14:18:50
30-03-18,PEMA23,1,10.404184,76.8769251,700.652405,Persea macrantha,80,26,255,N,12:47:00,17:00:00,14:19:46,WCBA,1,N
30-03-18,PEMA23,1,10.404184,76.8769251,700.652405,Persea macrantha,80,26,255,N,12:47:00,17:00:00,14:20:19,MAST,1,14:23:43
30-03-18,PEMA23,1,10.404184,76.8769251,700.652405,Persea macrantha,80,26,255,N,12:47:00,17:00:00,14:20:19,MAST,1,14:24:30
30-03-18,PEMA23,1,10.404184,76.8769251,700.652405,Persea macrantha,80,26,255,N,12:47:00,17:00:00,14:21:14,MAST,1,14:24:30
30-03-18,PEMA23,1,10.404184,76.8769251,700.652405,Persea macrantha,80,26,255,N,12:47:00,17:00:00,14:21:58,MAST,1,14:25:48
30-03-18,PEMA23,1,10.404184,76.8769251,700.652405,Persea macrantha,80,26,255,N,12:47:00,17:00:00,14:23:00,MAST,1,14:27:57
30-03-18,PEMA23,1,10.404184,76.8769251,700.652405,Persea macrantha,80,26,255,N,12:47:00,17:00:00,14:24:05,MAST,1,14:28:36
30-03-18,PEMA23,1,10.404184,76.8769251,700.652405,Persea macrantha,80,26,255,N,12:47:00,17:00:00,14:24:15,RWBU,1,14:26:19
30-03-18,PEMA23,1,10.404184,76.8769251,700.652405,Persea macrantha,80,26,255,N,12:47:00,17:00:00,14:24:53,RWBU,1,14:26:40
30-03-18,PEMA23,1,10.404184,76.8769251,700.652405,Persea macrantha,80,26,255,N,12:47:00,17:00:00,14:24:53,RWBU,1,14:26:44
30-03-18,PEMA23,1,10.404184,76.8769251,700.652405,Persea macrantha,80,26,255,N,12:47:00,17:00:00,14:25:27,RWBU,1,14:29:30
30-03-18,PEMA23,1,10.404184,76.8769251,700.652405,Persea macrantha,80,26,255,N,12:47:00,17:00:00,14:25:42,RWBU,1,14:29:30
30-03-18,PEMA23,1,10.404184,76.8769251,700.652405,Persea macrantha,80,26,255,N,12:47:00,17:00:00,14:26:19,RWBU,1,14:29:30
30-03-18,PEMA23,1,10.404184,76.8769251,700.652405,Persea macrantha,80,26,255,N,12:47:00,17:00:00,14:26:19,RWBU,1,14:29:30
30-03-18,PEMA23,1,10.404184,76.8769251,700.652405,Persea macrantha,80,26,255,N,12:47:00,17:00:00,14:26:54,MAST,1,14:28:42
30-03-18,PEMA23,1,10.404184,76.8769251,700.652405,Persea macrantha,80,26,255,N,12:47:00,17:00:00,14:28:08,RWBU,1,14:30:20
30-03-18,PEMA23,1,10.404184,76.8769251,700.652405,Persea macrantha,80,26,255,N,12:47:00,17:00:00,14:28:08,RWBU,1,N
30-03-18,PEMA23,1,10.404184,76.8769251,700.652405,Persea macrantha,80,26,255,N,12:47:00,17:00:00,N,WCBA,1,14:30:40
30-03-18,PEMA23,1,10.404184,76.8769251,700.652405,Persea macrantha,80,26,255,N,12:47:00,17:00:00,14:28:36,WCBA,1,14:30:40
30-03-18,PEMA23,1,10.404184,76.8769251,700.652405,Persea macrantha,80,26,255,N,12:47:00,17:00:00,14:28:36,MAST,3,14:29:00
30-03-18,PEMA23,1,10.404184,76.8769251,700.652405,Persea macrantha,80,26,255,N,12:47:00,17:00:00,14:28:36,MAST,1,14:29:30
30-03-18,PEMA23,1,10.404184,76.8769251,700.652405,Persea macrantha,80,26,255,N,12:47:00,17:00:00,14:28:36,MAST,1,14:31:57
30-03-18,PEMA23,1,10.404184,76.8769251,700.652405,Persea macrantha,80,26,255,N,12:47:00,17:00:00,14:30:00,MAST,1,14:35:35
30-03-18,PEMA23,1,10.404184,76.8769251,700.652405,Persea macrantha,80,26,255,N,12:47:00,17:00:00,14:30:00,MAST,1,14:38:55
30-03-18,PEMA23,1,10.404184,76.8769251,700.652405,Persea macrantha,80,26,255,N,12:47:00,17:00:00,14:30:29,WCBA,1,14:31:45
30-03-18,PEMA23,1,10.404184,76.8769251,700.652405,Persea macrantha,80,26,255,N,12:47:00,17:00:00,14:31:57,MAST,1,14:38:55
30-03-18,PEMA23,1,10.404184,76.8769251,700.652405,Persea macrantha,80,26,255,N,12:47:00,17:00:00,14:33:45,RWBU,1,14:35:07
30-03-18,PEMA23,1,10.404184,76.8769251,700.652405,Persea macrantha,80,26,255,N,12:47:00,17:00:00,14:34:11,RWBU,1,14:35:07
30-03-18,PEMA23,1,10.404184,76.8769251,700.652405,Persea macrantha,80,26,255,N,12:47:00,17:00:00,14:34:11,MAST,1,14:39:53
30-03-18,PEMA23,1,10.404184,76.8769251,700.652405,Persea macrantha,80,26,255,N,12:47:00,17:00:00,N,RWBU,1,14:35:27
30-03-18,PEMA23,1,10.404184,76.8769251,700.652405,Persea macrantha,80,26,255,N,12:47:00,17:00:00,14:35:27,WCBA,1,14:38:18
30-03-18,PEMA23,1,10.404184,76.8769251,700.652405,Persea macrantha,80,26,255,N,12:47:00,17:00:00,14:36:13,RWBU,2,14:37:24
30-03-18,PEMA23,1,10.404184,76.8769251,700.652405,Persea macrantha,80,26,255,N,12:47:00,17:00:00,14:36:13,RWBU,1,N
30-03-18,PEMA23,1,10.404184,76.8769251,700.652405,Persea macrantha,80,26,255,N,12:47:00,17:00:00,14:36:20,MAST,1,14:39:53
30-03-18,PEMA23,1,10.404184,76.8769251,700.652405,Persea macrantha,80,26,255,N,12:47:00,17:00:00,14:36:39,RWBU,1,N
30-03-18,PEMA23,1,10.404184,76.8769251,700.652405,Persea macrantha,80,26,255,N,12:47:00,17:00:00,14:37:24,MAST,1,14:39:53
30-03-18,PEMA23,1,10.404184,76.8769251,700.652405,Persea macrantha,80,26,255,N,12:47:00,17:00:00,14:37:51,YBBU,1,N
30-03-18,PEMA23,1,10.404184,76.8769251,700.652405,Persea macrantha,80,26,255,N,12:47:00,17:00:00,14:39:53,MAST,1,14:41:12
30-03-18,PEMA23,1,10.404184,76.8769251,700.652405,Persea macrantha,80,26,255,N,12:47:00,17:00:00,14:40:56,MAST,1,14:41:12
30-03-18,PEMA23,1,10.404184,76.8769251,700.652405,Persea macrantha,80,26,255,N,12:47:00,17:00:00,14:40:56,MAST,1,14:41:39
30-03-18,PEMA23,1,10.404184,76.8769251,700.652405,Persea macrantha,80,26,255,N,12:47:00,17:00:00,N,WCBA,3,14:39:53
30-03-18,PEMA23,1,10.404184,76.8769251,700.652405,Persea macrantha,80,26,255,N,12:47:00,17:00:00,N,MAST,3,14:41:39
30-03-18,PEMA23,1,10.404184,76.8769251,700.652405,Persea macrantha,80,26,255,N,12:47:00,17:00:00,N,WCBA,1,14:43:20
30-03-18,PEMA23,1,10.404184,76.8769251,700.652405,Persea macrantha,80,26,255,N,12:47:00,17:00:00,14:50:21,AFBL,1,14:55:45
30-03-18,PEMA23,1,10.404184,76.8769251,700.652405,Persea macrantha,80,26,255,N,12:47:00,17:00:00,14:50:21,RWBU,2,14:51:43
30-03-18,PEMA23,1,10.404184,76.8769251,700.652405,Persea macrantha,80,26,255,N,12:47:00,17:00:00,14:50:21,RWBU,1,14:54:27
30-03-18,PEMA23,1,10.404184,76.8769251,700.652405,Persea macrantha,80,26,255,N,12:47:00,17:00:00,14:50:21,RWBU,1,14:54:27
30-03-18,PEMA23,1,10.404184,76.8769251,700.652405,Persea macrantha,80,26,255,N,12:47:00,17:00:00,14:50:21,RWBU,1,14:54:47
30-03-18,PEMA23,1,10.404184,76.8769251,700.652405,Persea macrantha,80,26,255,N,12:47:00,17:00:00,14:52:15,RWBU,1,14:54:47
30-03-18,PEMA23,1,10.404184,76.8769251,700.652405,Persea macrantha,80,26,255,N,12:47:00,17:00:00,14:52:15,RWBU,1,14:55:45
30-03-18,PEMA23,1,10.404184,76.8769251,700.652405,Persea macrantha,80,26,255,N,12:47:00,17:00:00,14:52:26,WCBA,1,14:57:51
30-03-18,PEMA23,1,10.404184,76.8769251,700.652405,Persea macrantha,80,26,255,N,12:47:00,17:00:00,14:52:57,RWBU,1,14:55:45
30-03-18,PEMA23,1,10.404184,76.8769251,700.652405,Persea macrantha,80,26,255,N,12:47:00,17:00:00,14:52:57,RWBU,1,14:56:48
30-03-18,PEMA23,1,10.404184,76.8769251,700.652405,Persea macrantha,80,26,255,N,12:47:00,17:00:00,14:53:26,WCBA,1,15:00:06
30-03-18,PEMA23,1,10.404184,76.8769251,700.652405,Persea macrantha,80,26,255,N,12:47:00,17:00:00,14:53:54,RWBU,1,14:56:48
30-03-18,PEMA23,1,10.404184,76.8769251,700.652405,Persea macrantha,80,26,255,N,12:47:00,17:00:00,14:53:54,SHMY,2,14:55:26
30-03-18,PEMA23,1,10.404184,76.8769251,700.652405,Persea macrantha,80,26,255,N,12:47:00,17:00:00,14:54:47,RWBU,1,14:56:48
30-03-18,PEMA23,1,10.404184,76.8769251,700.652405,Persea macrantha,80,26,255,N,12:47:00,17:00:00,14:55:00,MGSQ,1,15:37:11
30-03-18,PEMA23,1,10.404184,76.8769251,700.652405,Persea macrantha,80,26,255,N,12:47:00,17:00:00,N,RWBU,2,14:57:14
30-03-18,PEMA23,1,10.404184,76.8769251,700.652405,Persea macrantha,80,26,255,N,12:47:00,17:00:00,N,MAST,1,14:58:12
30-03-18,PEMA23,1,10.404184,76.8769251,700.652405,Persea macrantha,80,26,255,N,12:47:00,17:00:00,N,RWBU,2,14:58:20
30-03-18,PEMA23,1,10.404184,76.8769251,700.652405,Persea macrantha,80,26,255,N,12:47:00,17:00:00,N,MAST,1,14:59:07
30-03-18,PEMA23,1,10.404184,76.8769251,700.652405,Persea macrantha,80,26,255,N,12:47:00,17:00:00,N,RWBU,1,15:00:31
30-03-18,PEMA23,1,10.404184,76.8769251,700.652405,Persea macrantha,80,26,255,N,12:47:00,17:00:00,15:11:30,MAST,1,15:12:20
30-03-18,PEMA23,1,10.404184,76.8769251,700.652405,Persea macrantha,80,26,255,N,12:47:00,17:00:00,15:12:42,WCBA,1,N
30-03-18,PEMA23,1,10.404184,76.8769251,700.652405,Persea macrantha,80,26,255,N,12:47:00,17:00:00,15:12:42,LBCR,1,15:19:00
30-03-18,PEMA23,1,10.404184,76.8769251,700.652405,Persea macrantha,80,26,255,N,12:47:00,17:00:00,15:13:20,MGHO,1,15:14:32
30-03-18,PEMA23,1,10.404184,76.8769251,700.652405,Persea macrantha,80,26,255,N,12:47:00,17:00:00,15:13:52,RWBU,1,N
30-03-18,PEMA23,1,10.404184,76.8769251,700.652405,Persea macrantha,80,26,255,N,12:47:00,17:00:00,15:13:52,RWBU,1,N
30-03-18,PEMA23,1,10.404184,76.8769251,700.652405,Persea macrantha,80,26,255,N,12:47:00,17:00:00,15:14:43,MAST,2,15:17:26
30-03-18,PEMA23,1,10.404184,76.8769251,700.652405,Persea macrantha,80,26,255,N,12:47:00,17:00:00,15:15:00,RWBU,1,15:18:42
30-03-18,PEMA23,1,10.404184,76.8769251,700.652405,Persea macrantha,80,26,255,N,12:47:00,17:00:00,15:18:00,LBCR,1,15:19:00
30-03-18,PEMA23,1,10.404184,76.8769251,700.652405,Persea macrantha,80,26,255,N,12:47:00,17:00:00,15:20:09,RWBU,1,15:22:15
30-03-18,PEMA23,1,10.404184,76.8769251,700.652405,Persea macrantha,80,26,255,N,12:47:00,17:00:00,15:20:20,MAST,1,15:24:15
30-03-18,PEMA23,1,10.404184,76.8769251,700.652405,Persea macrantha,80,26,255,N,12:47:00,17:00:00,15:21:00,RWBU,1,N
30-03-18,PEMA23,1,10.404184,76.8769251,700.652405,Persea macrantha,80,26,255,N,12:47:00,17:00:00,15:21:52,MAST,1,15:24:21
30-03-18,PEMA23,1,10.404184,76.8769251,700.652405,Persea macrantha,80,26,255,N,12:47:00,17:00:00,15:23:43,WCBA,1,15:25:15
30-03-18,PEMA23,1,10.404184,76.8769251,700.652405,Persea macrantha,80,26,255,N,12:47:00,17:00:00,15:23:57,MAST,1,15:24:21
30-03-18,PEMA23,1,10.404184,76.8769251,700.652405,Persea macrantha,80,26,255,N,12:47:00,17:00:00,15:23:57,MAST,1,15:29:15
30-03-18,PEMA23,1,10.404184,76.8769251,700.652405,Persea macrantha,80,26,255,N,12:47:00,17:00:00,15:25:33,MAST,1,15:35:10
30-03-18,PEMA23,1,10.404184,76.8769251,700.652405,Persea macrantha,80,26,255,N,12:47:00,17:00:00,15:25:33,MAST,1,15:35:10
30-03-18,PEMA23,1,10.404184,76.8769251,700.652405,Persea macrantha,80,26,255,N,12:47:00,17:00:00,15:25:33,MAST,1,15:35:10
30-03-18,PEMA23,1,10.404184,76.8769251,700.652405,Persea macrantha,80,26,255,N,12:47:00,17:00:00,15:34:39,RWBU,1,15:35:10
30-03-18,PEMA23,1,10.404184,76.8769251,700.652405,Persea macrantha,80,26,255,N,12:47:00,17:00:00,15:35:10,WCBA,1,15:36:22
30-03-18,PEMA23,1,10.404184,76.8769251,700.652405,Persea macrantha,80,26,255,N,12:47:00,17:00:00,15:35:34,SHMY,2,15:36:22
30-03-18,PEMA23,1,10.404184,76.8769251,700.652405,Persea macrantha,80,26,255,N,12:47:00,17:00:00,15:35:51,RWBU,1,15:37:55
30-03-18,PEMA23,1,10.404184,76.8769251,700.652405,Persea macrantha,80,26,255,N,12:47:00,17:00:00,15:36:22,WCBA,1,15:40:57
30-03-18,PEMA23,1,10.404184,76.8769251,700.652405,Persea macrantha,80,26,255,N,12:47:00,17:00:00,15:38:50,RWBU,1,15:41:51
30-03-18,PEMA23,1,10.404184,76.8769251,700.652405,Persea macrantha,80,26,255,N,12:47:00,17:00:00,15:38:55,RWBU,1,15:42:50
30-03-18,PEMA23,1,10.404184,76.8769251,700.652405,Persea macrantha,80,26,255,N,12:47:00,17:00:00,15:38:55,RWBU,1,15:43:56
30-03-18,PEMA23,1,10.404184,76.8769251,700.652405,Persea macrantha,80,26,255,N,12:47:00,17:00:00,15:39:30,RWBU,2,15:43:56
30-03-18,PEMA23,1,10.404184,76.8769251,700.652405,Persea macrantha,80,26,255,N,12:47:00,17:00:00,15:40:29,MWTH,1,15:41:51
30-03-18,PEMA23,1,10.404184,76.8769251,700.652405,Persea macrantha,80,26,255,N,12:47:00,17:00:00,15:41:50,SHMY,2,15:42:35
30-03-18,PEMA23,1,10.404184,76.8769251,700.652405,Persea macrantha,80,26,255,N,12:47:00,17:00:00,15:41:00,WCBA,1,16:04:20
30-03-18,PEMA23,1,10.404184,76.8769251,700.652405,Persea macrantha,80,26,255,N,12:47:00,17:00:00,15:43:04,MAST,1,15:48:06
30-03-18,PEMA23,1,10.404184,76.8769251,700.652405,Persea macrantha,80,26,255,N,12:47:00,17:00:00,15:43:04,MAST,1,16:11:30
30-03-18,PEMA23,1,10.404184,76.8769251,700.652405,Persea macrantha,80,26,255,N,12:47:00,17:00:00,15:43:04,MAST,2,16:12:54
30-03-18,PEMA23,1,10.404184,76.8769251,700.652405,Persea macrantha,80,26,255,N,12:47:00,17:00:00,N,RWBU,2,15:43:56
30-03-18,PEMA23,1,10.404184,76.8769251,700.652405,Persea macrantha,80,26,255,N,12:47:00,17:00:00,15:44:28,MAST,1,16:14:12
30-03-18,PEMA23,1,10.404184,76.8769251,700.652405,Persea macrantha,80,26,255,N,12:47:00,17:00:00,15:45:25,WCBA,1,16:04:29
30-03-18,PEMA23,1,10.404184,76.8769251,700.652405,Persea macrantha,80,26,255,N,12:47:00,17:00:00,N,RWBU,1,15:46:40
30-03-18,PEMA23,1,10.404184,76.8769251,700.652405,Persea macrantha,80,26,255,N,12:47:00,17:00:00,15:46:51,WCBA,1,16:17:25
30-03-18,PEMA23,1,10.404184,76.8769251,700.652405,Persea macrantha,80,26,255,N,12:47:00,17:00:00,N,RWBU,1,15:46:57
30-03-18,PEMA23,1,10.404184,76.8769251,700.652405,Persea macrantha,80,26,255,N,12:47:00,17:00:00,N,RWBU,1,15:47:58
30-03-18,PEMA23,1,10.404184,76.8769251,700.652405,Persea macrantha,80,26,255,N,12:47:00,17:00:00,15:48:16,RWBU,1,N
30-03-18,PEMA23,1,10.404184,76.8769251,700.652405,Persea macrantha,80,26,255,N,12:47:00,17:00:00,15:48:16,MAST,1,16:14:12
30-03-18,PEMA23,1,10.404184,76.8769251,700.652405,Persea macrantha,80,26,255,N,12:47:00,17:00:00,15:53:50,SHMY,1,N
30-03-18,PEMA23,1,10.404184,76.8769251,700.652405,Persea macrantha,80,26,255,N,12:47:00,17:00:00,N,RWBU,2,15:56:58
30-03-18,PEMA23,1,10.404184,76.8769251,700.652405,Persea macrantha,80,26,255,N,12:47:00,17:00:00,15:57:17,RWBU,2,15:57:40
30-03-18,PEMA23,1,10.404184,76.8769251,700.652405,Persea macrantha,80,26,255,N,12:47:00,17:00:00,15:57:17,RWBU,1,16:00:00
30-03-18,PEMA23,1,10.404184,76.8769251,700.652405,Persea macrantha,80,26,255,N,12:47:00,17:00:00,15:57:30,RWBU,1,N
30-03-18,PEMA23,1,10.404184,76.8769251,700.652405,Persea macrantha,80,26,255,N,12:47:00,17:00:00,15:58:08,RWBU,1,N
30-03-18,PEMA23,1,10.404184,76.8769251,700.652405,Persea macrantha,80,26,255,N,12:47:00,17:00:00,15:58:37,SHMY,1,N
30-03-18,PEMA23,1,10.404184,76.8769251,700.652405,Persea macrantha,80,26,255,N,12:47:00,17:00:00,15:59:00,SHMY,1,16:01:47
30-03-18,PEMA23,1,10.404184,76.8769251,700.652405,Persea macrantha,80,26,255,N,12:47:00,17:00:00,15:59:00,WCBA,1,16:11:30
30-03-18,PEMA23,1,10.404184,76.8769251,700.652405,Persea macrantha,80,26,255,N,12:47:00,17:00:00,16:02:00,RWBU,2,16:03:00
30-03-18,PEMA23,1,10.404184,76.8769251,700.652405,Persea macrantha,80,26,255,N,12:47:00,17:00:00,16:02:02,RWBU,1,16:05:11
30-03-18,PEMA23,1,10.404184,76.8769251,700.652405,Persea macrantha,80,26,255,N,12:47:00,17:00:00,16:02:39,RWBU,2,16:05:36
30-03-18,PEMA23,1,10.404184,76.8769251,700.652405,Persea macrantha,80,26,255,N,12:47:00,17:00:00,16:02:39,RWBU,3,16:06:55
30-03-18,PEMA23,1,10.404184,76.8769251,700.652405,Persea macrantha,80,26,255,N,12:47:00,17:00:00,16:03:20,RWBU,2,16:07:48
30-03-18,PEMA23,1,10.404184,76.8769251,700.652405,Persea macrantha,80,26,255,N,12:47:00,17:00:00,16:03:10,RWBU,1,16:04:00
30-03-18,PEMA23,1,10.404184,76.8769251,700.652405,Persea macrantha,80,26,255,N,12:47:00,17:00:00,16:03:10,RWBU,1,N
30-03-18,PEMA23,1,10.404184,76.8769251,700.652405,Persea macrantha,80,26,255,N,12:47:00,17:00:00,16:04:25,RWBU,1,16:09:38
30-03-18,PEMA23,1,10.404184,76.8769251,700.652405,Persea macrantha,80,26,255,N,12:47:00,17:00:00,16:04:25,RWBU,2,16:11:08
30-03-18,PEMA23,1,10.404184,76.8769251,700.652405,Persea macrantha,80,26,255,N,12:47:00,17:00:00,16:04:35,RWBU,1,16:11:30
30-03-18,PEMA23,1,10.404184,76.8769251,700.652405,Persea macrantha,80,26,255,N,12:47:00,17:00:00,16:05:00,MGHO,1,16:07:44
30-03-18,PEMA23,1,10.404184,76.8769251,700.652405,Persea macrantha,80,26,255,N,12:47:00,17:00:00,16:04:35,RWBU,1,16:13:20
30-03-18,PEMA23,1,10.404184,76.8769251,700.652405,Persea macrantha,80,26,255,N,12:47:00,17:00:00,16:05:36,RWBU,1,16:13:20
30-03-18,PEMA23,1,10.404184,76.8769251,700.652405,Persea macrantha,80,26,255,N,12:47:00,17:00:00,16:05:36,RWBU,1,16:14:12
30-03-18,PEMA23,1,10.404184,76.8769251,700.652405,Persea macrantha,80,26,255,N,12:47:00,17:00:00,16:05:36,RWBU,2,N
30-03-18,PEMA23,1,10.404184,76.8769251,700.652405,Persea macrantha,80,26,255,N,12:47:00,17:00:00,16:07:16,RWBU,2,16:07:48
30-03-18,PEMA23,1,10.404184,76.8769251,700.652405,Persea macrantha,80,26,255,N,12:47:00,17:00:00,16:08:09,AFBL,1,N
30-03-18,PEMA23,1,10.404184,76.8769251,700.652405,Persea macrantha,80,26,255,N,12:47:00,17:00:00,16:08:09,RWBU,1,16:08:51
30-03-18,PEMA23,1,10.404184,76.8769251,700.652405,Persea macrantha,80,26,255,N,12:47:00,17:00:00,16:08:51,RWBU,1,16:09:16
30-03-18,PEMA23,1,10.404184,76.8769251,700.652405,Persea macrantha,80,26,255,N,12:47:00,17:00:00,16:09:27,WCBA,1,16:26:30
30-03-18,PEMA23,1,10.404184,76.8769251,700.652405,Persea macrantha,80,26,255,N,12:47:00,17:00:00,16:09:27,RWBU,4,16:14:58
30-03-18,PEMA23,1,10.404184,76.8769251,700.652405,Persea macrantha,80,26,255,N,12:47:00,17:00:00,N,RWBU,1,16:15:37
30-03-18,PEMA23,1,10.404184,76.8769251,700.652405,Persea macrantha,80,26,255,N,12:47:00,17:00:00,N,RWBU,4,16:16:06
30-03-18,PEMA23,1,10.404184,76.8769251,700.652405,Persea macrantha,80,26,255,N,12:47:00,17:00:00,16:16:21,RWBU,1,16:16:32
30-03-18,PEMA23,1,10.404184,76.8769251,700.652405,Persea macrantha,80,26,255,N,12:47:00,17:00:00,N,MAST,1,16:14:12
30-03-18,PEMA23,1,10.404184,76.8769251,700.652405,Persea macrantha,80,26,255,N,12:47:00,17:00:00,16:16:37,MAST,1,16:20:49
30-03-18,PEMA23,1,10.404184,76.8769251,700.652405,Persea macrantha,80,26,255,N,12:47:00,17:00:00,N,RWBU,1,16:16:45
30-03-18,PEMA23,1,10.404184,76.8769251,700.652405,Persea macrantha,80,26,255,N,12:47:00,17:00:00,N,RWBU,6,16:16:59
30-03-18,PEMA23,1,10.404184,76.8769251,700.652405,Persea macrantha,80,26,255,N,12:47:00,17:00:00,N,RWBU,2,16:17:42
30-03-18,PEMA23,1,10.404184,76.8769251,700.652405,Persea macrantha,80,26,255,N,12:47:00,17:00:00,16:18:10,RWBU,1,16:18:23
30-03-18,PEMA23,1,10.404184,76.8769251,700.652405,Persea macrantha,80,26,255,N,12:47:00,17:00:00,16:18:10,RWBU,1,16:18:41
30-03-18,PEMA23,1,10.404184,76.8769251,700.652405,Persea macrantha,80,26,255,N,12:47:00,17:00:00,16:18:53,RWBU,1,N
30-03-18,PEMA23,1,10.404184,76.8769251,700.652405,Persea macrantha,80,26,255,N,12:47:00,17:00:00,16:19:56,SHMY,2,16:21:10
30-03-18,PEMA23,1,10.404184,76.8769251,700.652405,Persea macrantha,80,26,255,N,12:47:00,17:00:00,16:20:49,RWBU,1,16:23:31
30-03-18,PEMA23,1,10.404184,76.8769251,700.652405,Persea macrantha,80,26,255,N,12:47:00,17:00:00,16:21:03,RWBU,1,16:23:31
30-03-18,PEMA23,1,10.404184,76.8769251,700.652405,Persea macrantha,80,26,255,N,12:47:00,17:00:00,16:21:18,MAST,1,16:23:31
30-03-18,PEMA23,1,10.404184,76.8769251,700.652405,Persea macrantha,80,26,255,N,12:47:00,17:00:00,16:22:01,RWBU,1,16:23:58
30-03-18,PEMA23,1,10.404184,76.8769251,700.652405,Persea macrantha,80,26,255,N,12:47:00,17:00:00,16:22:30,RWBU,1,16:23:58
30-03-18,PEMA23,1,10.404184,76.8769251,700.652405,Persea macrantha,80,26,255,N,12:47:00,17:00:00,16:23:58,RWBU,2,16:24:22
30-03-18,PEMA23,1,10.404184,76.8769251,700.652405,Persea macrantha,80,26,255,N,12:47:00,17:00:00,N,RWBU,1,16:24:22
30-03-18,PEMA23,1,10.404184,76.8769251,700.652405,Persea macrantha,80,26,255,N,12:47:00,17:00:00,N,RWBU,2,16:24:53
30-03-18,PEMA23,1,10.404184,76.8769251,700.652405,Persea macrantha,80,26,255,N,12:47:00,17:00:00,N,RWBU,1,16:25:40
30-03-18,PEMA23,1,10.404184,76.8769251,700.652405,Persea macrantha,80,26,255,N,12:47:00,17:00:00,16:25:42,RWBU,2,N
30-03-18,PEMA23,1,10.404184,76.8769251,700.652405,Persea macrantha,80,26,255,N,12:47:00,17:00:00,16:26:00,RWBU,1,N
30-03-18,PEMA23,1,10.404184,76.8769251,700.652405,Persea macrantha,80,26,255,N,12:47:00,17:00:00,16:26:30,RWBU,1,16:28:49
30-03-18,PEMA23,1,10.404184,76.8769251,700.652405,Persea macrantha,80,26,255,N,12:47:00,17:00:00,16:27:31,RWBU,2,16:29:05
30-03-18,PEMA23,1,10.404184,76.8769251,700.652405,Persea macrantha,80,26,255,N,12:47:00,17:00:00,16:28:04,RWBU,1,16:29:23
30-03-18,PEMA23,1,10.404184,76.8769251,700.652405,Persea macrantha,80,26,255,N,12:47:00,17:00:00,16:28:49,RWBU,1,16:29:23
30-03-18,PEMA23,1,10.404184,76.8769251,700.652405,Persea macrantha,80,26,255,N,12:47:00,17:00:00,16:29:28,WCBA,1,16:40:51
30-03-18,PEMA23,1,10.404184,76.8769251,700.652405,Persea macrantha,80,26,255,N,12:47:00,17:00:00,16:29:34,RWBU,1,16:30:02
30-03-18,PEMA23,1,10.404184,76.8769251,700.652405,Persea macrantha,80,26,255,N,12:47:00,17:00:00,16:30:00,WCBA,1,16:35:48
30-03-18,PEMA23,1,10.404184,76.8769251,700.652405,Persea macrantha,80,26,255,N,12:47:00,17:00:00,16:30:26,SHMY,2,16:32:24
30-03-18,PEMA23,1,10.404184,76.8769251,700.652405,Persea macrantha,80,26,255,N,12:47:00,17:00:00,N,RWBU,4,16:30:26
30-03-18,PEMA23,1,10.404184,76.8769251,700.652405,Persea macrantha,80,26,255,N,12:47:00,17:00:00,N,RWBU,1,16:30:47
30-03-18,PEMA23,1,10.404184,76.8769251,700.652405,Persea macrantha,80,26,255,N,12:47:00,17:00:00,16:39:59,LBCR,1,16:43:48
30-03-18,PEMA23,1,10.404184,76.8769251,700.652405,Persea macrantha,80,26,255,N,12:47:00,17:00:00,16:40:59,WCBA,1,16:42:08
30-03-18,PEMA23,1,10.404184,76.8769251,700.652405,Persea macrantha,80,26,255,N,12:47:00,17:00:00,N,MWTH,1,16:41:32
30-03-18,PEMA23,1,10.404184,76.8769251,700.652405,Persea macrantha,80,26,255,N,12:47:00,17:00:00,16:42:20,AFBL,1,N
30-03-18,PEMA23,1,10.404184,76.8769251,700.652405,Persea macrantha,80,26,255,N,12:47:00,17:00:00,16:42:44,MAST,1,16:46:28
30-03-18,PEMA23,1,10.404184,76.8769251,700.652405,Persea macrantha,80,26,255,N,12:47:00,17:00:00,16:42:44,RWBU,2,N
30-03-18,PEMA23,1,10.404184,76.8769251,700.652405,Persea macrantha,80,26,255,N,12:47:00,17:00:00,16:43:08,RWBU,1,16:44:21
30-03-18,PEMA23,1,10.404184,76.8769251,700.652405,Persea macrantha,80,26,255,N,12:47:00,17:00:00,16:44:14,FTBU,2,N
30-03-18,PEMA23,1,10.404184,76.8769251,700.652405,Persea macrantha,80,26,255,N,12:47:00,17:00:00,16:45:19,RWBU,1,16:47:30
30-03-18,PEMA23,1,10.404184,76.8769251,700.652405,Persea macrantha,80,26,255,N,12:47:00,17:00:00,N,MAST,4,16:47:19
30-03-18,PEMA23,1,10.404184,76.8769251,700.652405,Persea macrantha,80,26,255,N,12:47:00,17:00:00,N,BUsp.,1,16:46:00
30-03-18,PEMA23,1,10.404184,76.8769251,700.652405,Persea macrantha,80,26,255,N,12:47:00,17:00:00,16:49:09,WCBA,1,16:56:27
30-03-18,PEMA23,1,10.404184,76.8769251,700.652405,Persea macrantha,80,26,255,N,12:47:00,17:00:00,16:51:47,YBBU,2,16:55:19
30-03-18,PEMA23,1,10.404184,76.8769251,700.652405,Persea macrantha,80,26,255,N,12:47:00,17:00:00,16:51:47,RWBU,2,16:53:10
30-03-18,PEMA23,1,10.404184,76.8769251,700.652405,Persea macrantha,80,26,255,N,12:47:00,17:00:00,16:58:00,WCBA,1,17:16:39
31-03-18,PEMA24,1,10.40769903,76.87520354,723.337891,Persea macrantha,60,31,175,161,11:55:00,16:09:00,11:55:21,WCBA,1,11:58:57
31-03-18,PEMA24,1,10.40769903,76.87520354,723.337891,Persea macrantha,60,31,175,161,11:55:00,16:09:00,N,NILA,1,12:13:36
31-03-18,PEMA24,1,10.40769903,76.87520354,723.337891,Persea macrantha,60,31,175,161,11:55:00,16:09:00,11:56:56,WCBA,1,11:58:00
31-03-18,PEMA24,1,10.40769903,76.87520354,723.337891,Persea macrantha,60,31,175,161,11:55:00,16:09:00,11:57:00,WCBA,1,12:05:16
31-03-18,PEMA24,1,10.40769903,76.87520354,723.337891,Persea macrantha,60,31,175,161,11:55:00,16:09:00,12:08:36,RWBU,2,12:09:28
31-03-18,PEMA24,1,10.40769903,76.87520354,723.337891,Persea macrantha,60,31,175,161,11:55:00,16:09:00,12:10:00,RWBU,1,12:15:49
31-03-18,PEMA24,1,10.40769903,76.87520354,723.337891,Persea macrantha,60,31,175,161,11:55:00,16:09:00,12:10:00,RWBU,1,12:15:49
31-03-18,PEMA24,1,10.40769903,76.87520354,723.337891,Persea macrantha,60,31,175,161,11:55:00,16:09:00,12:11:36,RWBU,1,N
31-03-18,PEMA24,1,10.40769903,76.87520354,723.337891,Persea macrantha,60,31,175,161,11:55:00,16:09:00,12:12:19,UNID,1,12:14:08
31-03-18,PEMA24,1,10.40769903,76.87520354,723.337891,Persea macrantha,60,31,175,161,11:55:00,16:09:00,12:14:33,RWBU,2,12:21:14
31-03-18,PEMA24,1,10.40769903,76.87520354,723.337891,Persea macrantha,60,31,175,161,11:55:00,16:09:00,12:30:59,YBBU,4,12:31:32
31-03-18,PEMA24,1,10.40769903,76.87520354,723.337891,Persea macrantha,60,31,175,161,11:55:00,16:09:00,N,WCBA,1,12:32:17
31-03-18,PEMA24,1,10.40769903,76.87520354,723.337891,Persea macrantha,60,31,175,161,11:55:00,16:09:00,N,WCBA,1,12:32:35
31-03-18,PEMA24,1,10.40769903,76.87520354,723.337891,Persea macrantha,60,31,175,161,11:55:00,16:09:00,N,WCBA,1,12:34:17
31-03-18,PEMA24,1,10.40769903,76.87520354,723.337891,Persea macrantha,60,31,175,161,11:55:00,16:09:00,12:38:05,RWBU,1,12:38:20
31-03-18,PEMA24,1,10.40769903,76.87520354,723.337891,Persea macrantha,60,31,175,161,11:55:00,16:09:00,N,WCBA,1,12:39:27
31-03-18,PEMA24,1,10.40769903,76.87520354,723.337891,Persea macrantha,60,31,175,161,11:55:00,16:09:00,12:39:30,WCBA,1,12:42:27
31-03-18,PEMA24,1,10.40769903,76.87520354,723.337891,Persea macrantha,60,31,175,161,11:55:00,16:09:00,12:42:04,MAST,3,12:43:26
31-03-18,PEMA24,1,10.40769903,76.87520354,723.337891,Persea macrantha,60,31,175,161,11:55:00,16:09:00,12:47:00,OHTH,1,12:48:30
31-03-18,PEMA24,1,10.40769903,76.87520354,723.337891,Persea macrantha,60,31,175,161,11:55:00,16:09:00,12:48:50,OHTH,1,12:51:16
31-03-18,PEMA24,1,10.40769903,76.87520354,723.337891,Persea macrantha,60,31,175,161,11:55:00,16:09:00,12:50:00,UNID,1,12:51:03
31-03-18,PEMA24,1,10.40769903,76.87520354,723.337891,Persea macrantha,60,31,175,161,11:55:00,16:09:00,12:56:19,NILA,1,13:04:56
31-03-18,PEMA24,1,10.40769903,76.87520354,723.337891,Persea macrantha,60,31,175,161,11:55:00,16:09:00,N,WCBA,1,12:56:19
31-03-18,PEMA24,1,10.40769903,76.87520354,723.337891,Persea macrantha,60,31,175,161,11:55:00,16:09:00,12:59:05,SHMY,1,13:03:07
31-03-18,PEMA24,1,10.40769903,76.87520354,723.337891,Persea macrantha,60,31,175,161,11:55:00,16:09:00,12:59:05,SHMY,1,13:04:00
31-03-18,PEMA24,1,10.40769903,76.87520354,723.337891,Persea macrantha,60,31,175,161,11:55:00,16:09:00,13:09:00,SHMY,1,13:14:20
31-03-18,PEMA24,1,10.40769903,76.87520354,723.337891,Persea macrantha,60,31,175,161,11:55:00,16:09:00,13:09:30,SHMY,1,13:14:20
31-03-18,PEMA24,1,10.40769903,76.87520354,723.337891,Persea macrantha,60,31,175,161,11:55:00,16:09:00,13:12:04,SHMY,1,N
31-03-18,PEMA24,1,10.40769903,76.87520354,723.337891,Persea macrantha,60,31,175,161,11:55:00,16:09:00,13:14:00,WCBA,1,13:17:30
31-03-18,PEMA24,1,10.40769903,76.87520354,723.337891,Persea macrantha,60,31,175,161,11:55:00,16:09:00,13:13:40,YBBU,3,13:14:20
31-03-18,PEMA24,1,10.40769903,76.87520354,723.337891,Persea macrantha,60,31,175,161,11:55:00,16:09:00,N,MAST,1,13:14:18
31-03-18,PEMA24,1,10.40769903,76.87520354,723.337891,Persea macrantha,60,31,175,161,11:55:00,16:09:00,13:13:40,WCBA,1,13:18:09
31-03-18,PEMA24,1,10.40769903,76.87520354,723.337891,Persea macrantha,60,31,175,161,11:55:00,16:09:00,13:18:53,WCBA,1,13:19:18
31-03-18,PEMA24,1,10.40769903,76.87520354,723.337891,Persea macrantha,60,31,175,161,11:55:00,16:09:00,13:19:42,WCBA,1,13:25:26
31-03-18,PEMA24,1,10.40769903,76.87520354,723.337891,Persea macrantha,60,31,175,161,11:55:00,16:09:00,13:20:15,SHMY,1,13:21:27
31-03-18,PEMA24,1,10.40769903,76.87520354,723.337891,Persea macrantha,60,31,175,161,11:55:00,16:09:00,13:20:15,WCBA,1,13:30:26
31-03-18,PEMA24,1,10.40769903,76.87520354,723.337891,Persea macrantha,60,31,175,161,11:55:00,16:09:00,13:20:15,YBBU,1,13:22:50
31-03-18,PEMA24,1,10.40769903,76.87520354,723.337891,Persea macrantha,60,31,175,161,11:55:00,16:09:00,13:20:15,YBBU,1,13:22:03
31-03-18,PEMA24,1,10.40769903,76.87520354,723.337891,Persea macrantha,60,31,175,161,11:55:00,16:09:00,13:20:46,SHMY,1,13:21:27
31-03-18,PEMA24,1,10.40769903,76.87520354,723.337891,Persea macrantha,60,31,175,161,11:55:00,16:09:00,N,YBBU,1,13:21:52
31-03-18,PEMA24,1,10.40769903,76.87520354,723.337891,Persea macrantha,60,31,175,161,11:55:00,16:09:00,13:24:19,WCBA,1,13:30:57
31-03-18,PEMA24,1,10.40769903,76.87520354,723.337891,Persea macrantha,60,31,175,161,11:55:00,16:09:00,N,SHMY,1,13:26:07
31-03-18,PEMA24,1,10.40769903,76.87520354,723.337891,Persea macrantha,60,31,175,161,11:55:00,16:09:00,13:31:56,WCBA,1,13:32:07
31-03-18,PEMA24,1,10.40769903,76.87520354,723.337891,Persea macrantha,60,31,175,161,11:55:00,16:09:00,N,WCBA,1,13:33:56
31-03-18,PEMA24,1,10.40769903,76.87520354,723.337891,Persea macrantha,60,31,175,161,11:55:00,16:09:00,N,WCBA,1,13:35:54
31-03-18,PEMA24,1,10.40769903,76.87520354,723.337891,Persea macrantha,60,31,175,161,11:55:00,16:09:00,13:37:35,NILA,1,13:46:27
31-03-18,PEMA24,1,10.40769903,76.87520354,723.337891,Persea macrantha,60,31,175,161,11:55:00,16:09:00,13:46:20,NILA,1,13:52:51
31-03-18,PEMA24,1,10.40769903,76.87520354,723.337891,Persea macrantha,60,31,175,161,11:55:00,16:09:00,13:54:51,NILA,1,13:56:53
31-03-18,PEMA24,1,10.40769903,76.87520354,723.337891,Persea macrantha,60,31,175,161,11:55:00,16:09:00,13:58:00,NILA,1,13:59:48
31-03-18,PEMA24,1,10.40769903,76.87520354,723.337891,Persea macrantha,60,31,175,161,11:55:00,16:09:00,13:58:14,NILA,1,14:01:41
31-03-18,PEMA24,1,10.40769903,76.87520354,723.337891,Persea macrantha,60,31,175,161,11:55:00,16:09:00,13:58:24,NILA,1,14:08:06
31-03-18,PEMA24,1,10.40769903,76.87520354,723.337891,Persea macrantha,60,31,175,161,11:55:00,16:09:00,13:58:30,NILA,1,14:10:56
31-03-18,PEMA24,1,10.40769903,76.87520354,723.337891,Persea macrantha,60,31,175,161,11:55:00,16:09:00,14:01:20,NILA,1,14:12:10
31-03-18,PEMA24,1,10.40769903,76.87520354,723.337891,Persea macrantha,60,31,175,161,11:55:00,16:09:00,N,YBBU,2,14:03:43
31-03-18,PEMA24,1,10.40769903,76.87520354,723.337891,Persea macrantha,60,31,175,161,11:55:00,16:09:00,14:09:41,WCBA,1,14:13:00
31-03-18,PEMA24,1,10.40769903,76.87520354,723.337891,Persea macrantha,60,31,175,161,11:55:00,16:09:00,14:10:56,WCBA,1,14:16:55
31-03-18,PEMA24,1,10.40769903,76.87520354,723.337891,Persea macrantha,60,31,175,161,11:55:00,16:09:00,14:15:45,RWBU,1,14:15:51
31-03-18,PEMA24,1,10.40769903,76.87520354,723.337891,Persea macrantha,60,31,175,161,11:55:00,16:09:00,14:15:45,RWBU,1,14:17:12
31-03-18,PEMA24,1,10.40769903,76.87520354,723.337891,Persea macrantha,60,31,175,161,11:55:00,16:09:00,N,WCBA,1,14:17:31
31-03-18,PEMA24,1,10.40769903,76.87520354,723.337891,Persea macrantha,60,31,175,161,11:55:00,16:09:00,14:19:59,WCBA,1,14:30:30
31-03-18,PEMA24,1,10.40769903,76.87520354,723.337891,Persea macrantha,60,31,175,161,11:55:00,16:09:00,14:20:45,RWBU,1,14:22:55
31-03-18,PEMA24,1,10.40769903,76.87520354,723.337891,Persea macrantha,60,31,175,161,11:55:00,16:09:00,14:20:45,RWBU,1,14:22:46
31-03-18,PEMA24,1,10.40769903,76.87520354,723.337891,Persea macrantha,60,31,175,161,11:55:00,16:09:00,14:21:00,YBBU,1,14:22:55
31-03-18,PEMA24,1,10.40769903,76.87520354,723.337891,Persea macrantha,60,31,175,161,11:55:00,16:09:00,14:24:59,YBBU,2,14:25:33
31-03-18,PEMA24,1,10.40769903,76.87520354,723.337891,Persea macrantha,60,31,175,161,11:55:00,16:09:00,N,YBBU,1,14:25:50
31-03-18,PEMA24,1,10.40769903,76.87520354,723.337891,Persea macrantha,60,31,175,161,11:55:00,16:09:00,14:27:52,WCBA,1,14:32:28
31-03-18,PEMA24,1,10.40769903,76.87520354,723.337891,Persea macrantha,60,31,175,161,11:55:00,16:09:00,14:30:01,YBBU,1,14:31:34
31-03-18,PEMA24,1,10.40769903,76.87520354,723.337891,Persea macrantha,60,31,175,161,11:55:00,16:09:00,14:30:01,YBBU,1,N
31-03-18,PEMA24,1,10.40769903,76.87520354,723.337891,Persea macrantha,60,31,175,161,11:55:00,16:09:00,14:31:58,WCBA,1,14:32:28
31-03-18,PEMA24,1,10.40769903,76.87520354,723.337891,Persea macrantha,60,31,175,161,11:55:00,16:09:00,14:32:18,SHMY,2,14:36:40
31-03-18,PEMA24,1,10.40769903,76.87520354,723.337891,Persea macrantha,60,31,175,161,11:55:00,16:09:00,14:32:18,SHMY,1,14:37:37
31-03-18,PEMA24,1,10.40769903,76.87520354,723.337891,Persea macrantha,60,31,175,161,11:55:00,16:09:00,14:33:06,SHMY,1,14:37:37
31-03-18,PEMA24,1,10.40769903,76.87520354,723.337891,Persea macrantha,60,31,175,161,11:55:00,16:09:00,N,WCBA,1,14:34:15
31-03-18,PEMA24,1,10.40769903,76.87520354,723.337891,Persea macrantha,60,31,175,161,11:55:00,16:09:00,N,WCBA,1,14:34:38
31-03-18,PEMA24,1,10.40769903,76.87520354,723.337891,Persea macrantha,60,31,175,161,11:55:00,16:09:00,N,WCBA,1,14:38:04
31-03-18,PEMA24,1,10.40769903,76.87520354,723.337891,Persea macrantha,60,31,175,161,11:55:00,16:09:00,14:38:20,WCBA,1,14:38:50
31-03-18,PEMA24,1,10.40769903,76.87520354,723.337891,Persea macrantha,60,31,175,161,11:55:00,16:09:00,N,WCBA,1,14:39:50
31-03-18,PEMA24,1,10.40769903,76.87520354,723.337891,Persea macrantha,60,31,175,161,11:55:00,16:09:00,14:40:12,YBBU,1,14:40:30
31-03-18,PEMA24,1,10.40769903,76.87520354,723.337891,Persea macrantha,60,31,175,161,11:55:00,16:09:00,N,WCBA,1,14:40:45
31-03-18,PEMA24,1,10.40769903,76.87520354,723.337891,Persea macrantha,60,31,175,161,11:55:00,16:09:00,N,YBBU,1,14:40:35
31-03-18,PEMA24,1,10.40769903,76.87520354,723.337891,Persea macrantha,60,31,175,161,11:55:00,16:09:00,14:41:40,YBBU,1,14:42:35
31-03-18,PEMA24,1,10.40769903,76.87520354,723.337891,Persea macrantha,60,31,175,161,11:55:00,16:09:00,14:41:40,YBBU,1,14:43:00
31-03-18,PEMA24,1,10.40769903,76.87520354,723.337891,Persea macrantha,60,31,175,161,11:55:00,16:09:00,14:47:19,WCBA,1,14:48:58
31-03-18,PEMA24,1,10.40769903,76.87520354,723.337891,Persea macrantha,60,31,175,161,11:55:00,16:09:00,14:47:00,WCBA,1,14:49:08
31-03-18,PEMA24,1,10.40769903,76.87520354,723.337891,Persea macrantha,60,31,175,161,11:55:00,16:09:00,14:48:36,YBBU,1,14:49:02
31-03-18,PEMA24,1,10.40769903,76.87520354,723.337891,Persea macrantha,60,31,175,161,11:55:00,16:09:00,14:48:30,WCBA,1,14:55:06
31-03-18,PEMA24,1,10.40769903,76.87520354,723.337891,Persea macrantha,60,31,175,161,11:55:00,16:09:00,15:01:01,YBBU,2,15:05:19
31-03-18,PEMA24,1,10.40769903,76.87520354,723.337891,Persea macrantha,60,31,175,161,11:55:00,16:09:00,15:01:30,WCBA,1,15:06:33
31-03-18,PEMA24,1,10.40769903,76.87520354,723.337891,Persea macrantha,60,31,175,161,11:55:00,16:09:00,15:05:58,YBBU,1,15:08:00
31-03-18,PEMA24,1,10.40769903,76.87520354,723.337891,Persea macrantha,60,31,175,161,11:55:00,16:09:00,15:14:21,WCBA,1,N
31-03-18,PEMA24,1,10.40769903,76.87520354,723.337891,Persea macrantha,60,31,175,161,11:55:00,16:09:00,15:16:00,YBBU,2,15:17:30
31-03-18,PEMA24,1,10.40769903,76.87520354,723.337891,Persea macrantha,60,31,175,161,11:55:00,16:09:00,15:17:00,OHTH,1,15:21:42
31-03-18,PEMA24,1,10.40769903,76.87520354,723.337891,Persea macrantha,60,31,175,161,11:55:00,16:09:00,15:18:33,WCBA,1,15:23:07
31-03-18,PEMA24,1,10.40769903,76.87520354,723.337891,Persea macrantha,60,31,175,161,11:55:00,16:09:00,15:18:33,YBBU,1,15:21:05
31-03-18,PEMA24,1,10.40769903,76.87520354,723.337891,Persea macrantha,60,31,175,161,11:55:00,16:09:00,15:21:32,MWTH,1,15:27:07
31-03-18,PEMA24,1,10.40769903,76.87520354,723.337891,Persea macrantha,60,31,175,161,11:55:00,16:09:00,15:26:50,YBBU,1,15:27:09
31-03-18,PEMA24,1,10.40769903,76.87520354,723.337891,Persea macrantha,60,31,175,161,11:55:00,16:09:00,15:31:55,WCBA,1,15:32:44
31-03-18,PEMA24,1,10.40769903,76.87520354,723.337891,Persea macrantha,60,31,175,161,11:55:00,16:09:00,15:34:00,WCBA,1,15:35:40
31-03-18,PEMA24,1,10.40769903,76.87520354,723.337891,Persea macrantha,60,31,175,161,11:55:00,16:09:00,N,WCBA,1,15:37:20
31-03-18,PEMA24,1,10.40769903,76.87520354,723.337891,Persea macrantha,60,31,175,161,11:55:00,16:09:00,15:37:20,YBBU,1,15:37:40
31-03-18,PEMA24,1,10.40769903,76.87520354,723.337891,Persea macrantha,60,31,175,161,11:55:00,16:09:00,15:39:51,YBBU,1,15:41:03
31-03-18,PEMA24,1,10.40769903,76.87520354,723.337891,Persea macrantha,60,31,175,161,11:55:00,16:09:00,15:39:51,YBBU,1,N
31-03-18,PEMA24,1,10.40769903,76.87520354,723.337891,Persea macrantha,60,31,175,161,11:55:00,16:09:00,15:39:51,YBBU,1,N
31-03-18,PEMA24,1,10.40769903,76.87520354,723.337891,Persea macrantha,60,31,175,161,11:55:00,16:09:00,15:46:09,WCBA,1,15:52:48
31-03-18,PEMA24,1,10.40769903,76.87520354,723.337891,Persea macrantha,60,31,175,161,11:55:00,16:09:00,15:47:44,YBBU,1,15:48:36
31-03-18,PEMA24,1,10.40769903,76.87520354,723.337891,Persea macrantha,60,31,175,161,11:55:00,16:09:00,15:48:24,YBBU,2,15:49:00
31-03-18,PEMA24,1,10.40769903,76.87520354,723.337891,Persea macrantha,60,31,175,161,11:55:00,16:09:00,N,YBBU,1,15:49:00
31-03-18,PEMA24,1,10.40769903,76.87520354,723.337891,Persea macrantha,60,31,175,161,11:55:00,16:09:00,15:49:40,YBBU,1,15:50:58
31-03-18,PEMA24,1,10.40769903,76.87520354,723.337891,Persea macrantha,60,31,175,161,11:55:00,16:09:00,N,YBBU,1,15:51:40
31-03-18,PEMA24,1,10.40769903,76.87520354,723.337891,Persea macrantha,60,31,175,161,11:55:00,16:09:00,15:53:48,WCBA,1,15:54:16
31-03-18,PEMA24,1,10.40769903,76.87520354,723.337891,Persea macrantha,60,31,175,161,11:55:00,16:09:00,15:54:28,YBBU,1,15:54:36
31-03-18,PEMA24,1,10.40769903,76.87520354,723.337891,Persea macrantha,60,31,175,161,11:55:00,16:09:00,15:54:28,YBBU,1,N
31-03-18,PEMA24,1,10.40769903,76.87520354,723.337891,Persea macrantha,60,31,175,161,11:55:00,16:09:00,N,YBBU,1,15:55:26
31-03-18,PEMA24,1,10.40769903,76.87520354,723.337891,Persea macrantha,60,31,175,161,11:55:00,16:09:00,N,WCBA,1,15:56:42
31-03-18,PEMA24,1,10.40769903,76.87520354,723.337891,Persea macrantha,60,31,175,161,11:55:00,16:09:00,16:00:56,SHMY,2,16:04:25
31-03-18,PEMA24,1,10.40769903,76.87520354,723.337891,Persea macrantha,60,31,175,161,11:55:00,16:09:00,16:02:55,YBBU,1,16:06:00
01-04-18,PEMA25,1,10.40770515,76.87677649,721.348877,Persea macrantha,10,25,174,N,7:02:00,12:05:00,7:24:55,YBBU,1,7:27:30
01-04-18,PEMA25,1,10.40770515,76.87677649,721.348877,Persea macrantha,10,25,174,N,7:02:00,12:05:00,7:24:55,YBBU,1,7:27:54
01-04-18,PEMA25,1,10.40770515,76.87677649,721.348877,Persea macrantha,10,25,174,N,7:02:00,12:05:00,7:26:56,FTBU,1,7:28:15
01-04-18,PEMA25,1,10.40770515,76.87677649,721.348877,Persea macrantha,10,25,174,N,7:02:00,12:05:00,7:57:00,YBBU,1,7:58:00
01-04-18,PEMA25,1,10.40770515,76.87677649,721.348877,Persea macrantha,10,25,174,N,7:02:00,12:05:00,7:57:00,YBBU,1,7:58:30
01-04-18,PEMA25,1,10.40770515,76.87677649,721.348877,Persea macrantha,10,25,174,N,7:02:00,12:05:00,7:57:00,YBBU,1,7:59:44
01-04-18,PEMA25,1,10.40770515,76.87677649,721.348877,Persea macrantha,10,25,174,N,7:02:00,12:05:00,7:57:00,YBBU,1,8:01:00
01-04-18,PEMA25,1,10.40770515,76.87677649,721.348877,Persea macrantha,10,25,174,N,7:02:00,12:05:00,7:59:56,WCBA,1,8:00:24
01-04-18,PEMA25,1,10.40770515,76.87677649,721.348877,Persea macrantha,10,25,174,N,7:02:00,12:05:00,8:06:50,YBBU,1,8:07:00
01-04-18,PEMA25,1,10.40770515,76.87677649,721.348877,Persea macrantha,10,25,174,N,7:02:00,12:05:00,8:06:50,YBBU,1,8:07:51
01-04-18,PEMA25,1,10.40770515,76.87677649,721.348877,Persea macrantha,10,25,174,N,7:02:00,12:05:00,8:06:50,YBBU,1,8:09:00
01-04-18,PEMA25,1,10.40770515,76.87677649,721.348877,Persea macrantha,10,25,174,N,7:02:00,12:05:00,8:08:57,YBBU,1,8:09:00
01-04-18,PEMA25,1,10.40770515,76.87677649,721.348877,Persea macrantha,10,25,174,N,7:02:00,12:05:00,8:41:00,YBBU,2,8:41:34
01-04-18,PEMA25,1,10.40770515,76.87677649,721.348877,Persea macrantha,10,25,174,N,7:02:00,12:05:00,11:28:22,YBBU,1,11:35:50
01-04-18,PEMA26,0.994,10.394788,76.871785,817.225769,Persea macrantha,5,16,109,N,12:50:00,16:20:00,15:11:00,YBBU,1,15:11:50
01-04-18,PEMA26,0.994,10.394788,76.871785,817.225769,Persea macrantha,5,16,109,N,12:50:00,16:20:00,15:11:00,YBBU,1,15:11:57
01-04-18,PEMA27,0.994,10.39468196,76.87173679,817.225769,Persea macrantha,5,18,165,N,12:50:00,16:20:00,15:10:40,YBBU,3,15:11:00
01-04-18,PEMA27,0.994,10.39468196,76.87173679,817.225769,Persea macrantha,5,18,165,N,12:50:00,16:20:00,15:02:00,WCBA,1,15:02:40
01-04-18,PEMA27,0.994,10.39468196,76.87173679,817.225769,Persea macrantha,5,18,165,N,12:50:00,16:20:00,15:02:00,WCBA,1,15:11:07
02-04-18,PEMA28,1,10.39960781,76.87393787,742.963318,Persea macrantha,10,25,143,N,7:22:00,12:25:00,7:45:00,YBBU,1,7:47:30
02-04-18,PEMA28,1,10.39960781,76.87393787,742.963318,Persea macrantha,10,25,143,N,7:22:00,12:25:00,7:46:29,YBBU,1,7:47:36
02-04-18,PEMA28,1,10.39960781,76.87393787,742.963318,Persea macrantha,10,25,143,N,7:22:00,12:25:00,N,YBBU,1,7:47:50
02-04-18,PEMA28,1,10.39960781,76.87393787,742.963318,Persea macrantha,10,25,143,N,7:22:00,12:25:00,8:59:00,YBBU,1,8:59:31
02-04-18,PEMA28,1,10.39960781,76.87393787,742.963318,Persea macrantha,10,25,143,N,7:22:00,12:25:00,8:59:00,YBBU,1,8:59:36
02-04-18,PEMA28,1,10.39960781,76.87393787,742.963318,Persea macrantha,10,25,143,N,7:22:00,12:25:00,9:03:10,YBBU,1,9:04:34
02-04-18,PEMA28,1,10.39960781,76.87393787,742.963318,Persea macrantha,10,25,143,N,7:22:00,12:25:00,9:03:10,YBBU,1,9:04:38
02-04-18,PEMA28,1,10.39960781,76.87393787,742.963318,Persea macrantha,10,25,143,N,7:22:00,12:25:00,9:12:08,YBBU,1,9:12:36
02-04-18,PEMA28,1,10.39960781,76.87393787,742.963318,Persea macrantha,10,25,143,N,7:22:00,12:25:00,9:34:42,YBBU,1,9:36:03
02-04-18,PEMA28,1,10.39960781,76.87393787,742.963318,Persea macrantha,10,25,143,N,7:22:00,12:25:00,9:34:42,YBBU,1,9:36:11
02-04-18,PEMA28,1,10.39960781,76.87393787,742.963318,Persea macrantha,10,25,143,N,7:22:00,12:25:00,9:35:12,YBBU,1,9:36:11
02-04-18,PEMA28,1,10.39960781,76.87393787,742.963318,Persea macrantha,10,25,143,N,7:22:00,12:25:00,9:35:34,YBBU,1,9:37:50
02-04-18,PEMA28,1,10.39960781,76.87393787,742.963318,Persea macrantha,10,25,143,N,7:22:00,12:25:00,9:35:34,YBBU,1,9:37:52
02-04-18,PEMA28,1,10.39960781,76.87393787,742.963318,Persea macrantha,10,25,143,N,7:22:00,12:25:00,9:35:40,YBBU,1,9:38:05
02-04-18,PEMA28,1,10.39960781,76.87393787,742.963318,Persea macrantha,10,25,143,N,7:22:00,12:25:00,9:36:21,YBBU,1,9:36:40
02-04-18,PEMA28,1,10.39960781,76.87393787,742.963318,Persea macrantha,10,25,143,N,7:22:00,12:25:00,9:36:59,YBBU,2,9:38:05
02-04-18,PEMA28,1,10.39960781,76.87393787,742.963318,Persea macrantha,10,25,143,N,7:22:00,12:25:00,9:41:11,YBBU,1,9:42:29
02-04-18,PEMA28,1,10.39960781,76.87393787,742.963318,Persea macrantha,10,25,143,N,7:22:00,12:25:00,9:53:07,YBBU,2,9:54:56
02-04-18,PEMA28,1,10.39960781,76.87393787,742.963318,Persea macrantha,10,25,143,N,7:22:00,12:25:00,9:54:42,YBBU,1,9:55:10
02-04-18,PEMA28,1,10.39960781,76.87393787,742.963318,Persea macrantha,10,25,143,N,7:22:00,12:25:00,9:54:40,WCBA,1,9:55:10
02-04-18,PEMA28,1,10.39960781,76.87393787,742.963318,Persea macrantha,10,25,143,N,7:22:00,12:25:00,9:56:29,YBBU,1,9:57:48
02-04-18,PEMA28,1,10.39960781,76.87393787,742.963318,Persea macrantha,10,25,143,N,7:22:00,12:25:00,N,YBBU,1,9:57:40
02-04-18,PEMA28,1,10.39960781,76.87393787,742.963318,Persea macrantha,10,25,143,N,7:22:00,12:25:00,9:57:50,WCBA,1,9:58:56
02-04-18,PEMA28,1,10.39960781,76.87393787,742.963318,Persea macrantha,10,25,143,N,7:22:00,12:25:00,10:05:09,YBBU,1,10:06:05
02-04-18,PEMA28,1,10.39960781,76.87393787,742.963318,Persea macrantha,10,25,143,N,7:22:00,12:25:00,10:08:20,YBBU,2,10:08:40
02-04-18,PEMA28,1,10.39960781,76.87393787,742.963318,Persea macrantha,10,25,143,N,7:22:00,12:25:00,10:30:50,YBBU,1,10:33:32
02-04-18,PEMA28,1,10.39960781,76.87393787,742.963318,Persea macrantha,10,25,143,N,7:22:00,12:25:00,10:46:26,YBBU,1,10:46:49
02-04-18,PEMA28,1,10.39960781,76.87393787,742.963318,Persea macrantha,10,25,143,N,7:22:00,12:25:00,10:46:50,YBBU,1,10:49:58
02-04-18,PEMA28,1,10.39960781,76.87393787,742.963318,Persea macrantha,10,25,143,N,7:22:00,12:25:00,11:08:58,YBBU,1,11:09:23
02-04-18,PEMA28,1,10.39960781,76.87393787,742.963318,Persea macrantha,10,25,143,N,7:22:00,12:25:00,11:08:58,YBBU,1,11:10:54
02-04-18,PEMA28,1,10.39960781,76.87393787,742.963318,Persea macrantha,10,25,143,N,7:22:00,12:25:00,11:12:10,YBBU,1,11:12:13
02-04-18,PEMA28,1,10.39960781,76.87393787,742.963318,Persea macrantha,10,25,143,N,7:22:00,12:25:00,11:15:25,YBBU,1,11:16:35
02-04-18,PEMA28,1,10.39960781,76.87393787,742.963318,Persea macrantha,10,25,143,N,7:22:00,12:25:00,11:15:25,YBBU,1,11:16:45
02-04-18,PEMA28,1,10.39960781,76.87393787,742.963318,Persea macrantha,10,25,143,N,7:22:00,12:25:00,11:15:50,YBBU,1,11:16:45
02-04-18,PEMA28,1,10.39960781,76.87393787,742.963318,Persea macrantha,10,25,143,N,7:22:00,12:25:00,11:15:54,YBBU,1,11:16:45
02-04-18,PEMA28,1,10.39960781,76.87393787,742.963318,Persea macrantha,10,25,143,N,7:22:00,12:25:00,11:17:00,YBBU,1,11:17:05
02-04-18,PEMA28,1,10.39960781,76.87393787,742.963318,Persea macrantha,10,25,143,N,7:22:00,12:25:00,11:17:20,YBBU,1,11:18:23
02-04-18,PEMA28,1,10.39960781,76.87393787,742.963318,Persea macrantha,10,25,143,N,7:22:00,12:25:00,11:18:20,YBBU,1,11:18:37
02-04-18,PEMA28,1,10.39960781,76.87393787,742.963318,Persea macrantha,10,25,143,N,7:22:00,12:25:00,11:30:20,YBBU,1,11:32:21
02-04-18,PEMA28,1,10.39960781,76.87393787,742.963318,Persea macrantha,10,25,143,N,7:22:00,12:25:00,11:30:20,YBBU,1,11:33:00
02-04-18,PEMA28,1,10.39960781,76.87393787,742.963318,Persea macrantha,10,25,143,N,7:22:00,12:25:00,11:33:46,YBBU,1,11:34:25
02-04-18,PEMA28,1,10.39960781,76.87393787,742.963318,Persea macrantha,10,25,143,N,7:22:00,12:25:00,11:34:20,YBBU,1,11:35:06
02-04-18,PEMA28,1,10.39960781,76.87393787,742.963318,Persea macrantha,10,25,143,N,7:22:00,12:25:00,11:35:56,YBBU,1,11:40:16
02-04-18,PEMA28,1,10.39960781,76.87393787,742.963318,Persea macrantha,10,25,143,N,7:22:00,12:25:00,11:43:17,YBBU,1,11:43:33
02-04-18,PEMA28,1,10.39960781,76.87393787,742.963318,Persea macrantha,10,25,143,N,7:22:00,12:25:00,11:43:17,YBBU,1,11:43:38
02-04-18,PEMA28,1,10.39960781,76.87393787,742.963318,Persea macrantha,10,25,143,N,7:22:00,12:25:00,11:43:30,YBBU,1,11:44:12
02-04-18,PEMA28,1,10.39960781,76.87393787,742.963318,Persea macrantha,10,25,143,N,7:22:00,12:25:00,12:03:20,YBBU,3,12:08:36
02-04-18,PEMA29,1,10.399603,76.873641,772.517456,Persea macrantha,30,19,144,N,12:30:00,16:34:00,N,YBBU,1,12:36:56
02-04-18,PEMA29,1,10.399603,76.873641,772.517456,Persea macrantha,30,19,144,N,12:30:00,16:34:00,N,YBBU,1,12:39:28
02-04-18,PEMA29,1,10.399603,76.873641,772.517456,Persea macrantha,30,19,144,N,12:30:00,16:34:00,12:39:36,YBBU,1,12:40:41
02-04-18,PEMA29,1,10.399603,76.873641,772.517456,Persea macrantha,30,19,144,N,12:30:00,16:34:00,12:39:54,YBBU,1,12:40:41
02-04-18,PEMA29,1,10.399603,76.873641,772.517456,Persea macrantha,30,19,144,N,12:30:00,16:34:00,12:41:53,YBBU,2,12:43:09
02-04-18,PEMA29,1,10.399603,76.873641,772.517456,Persea macrantha,30,19,144,N,12:30:00,16:34:00,12:42:15,YBBU,1,N
02-04-18,PEMA29,1,10.399603,76.873641,772.517456,Persea macrantha,30,19,144,N,12:30:00,16:34:00,12:45:34,YBBU,2,12:46:50
02-04-18,PEMA29,1,10.399603,76.873641,772.517456,Persea macrantha,30,19,144,N,12:30:00,16:34:00,12:45:34,YBBU,1,12:47:46
02-04-18,PEMA29,1,10.399603,76.873641,772.517456,Persea macrantha,30,19,144,N,12:30:00,16:34:00,12:46:55,YBBU,1,12:48:59
02-04-18,PEMA29,1,10.399603,76.873641,772.517456,Persea macrantha,30,19,144,N,12:30:00,16:34:00,12:46:55,YBBU,1,12:50:16
02-04-18,PEMA29,1,10.399603,76.873641,772.517456,Persea macrantha,30,19,144,N,12:30:00,16:34:00,12:47:10,FTBU,2,12:47:25
02-04-18,PEMA29,1,10.399603,76.873641,772.517456,Persea macrantha,30,19,144,N,12:30:00,16:34:00,12:48:11,YBBU,1,12:48:31
02-04-18,PEMA29,1,10.399603,76.873641,772.517456,Persea macrantha,30,19,144,N,12:30:00,16:34:00,12:48:11,YBBU,1,12:48:44
02-04-18,PEMA29,1,10.399603,76.873641,772.517456,Persea macrantha,30,19,144,N,12:30:00,16:34:00,12:48:11,YBBU,1,12:48:50
02-04-18,PEMA29,1,10.399603,76.873641,772.517456,Persea macrantha,30,19,144,N,12:30:00,16:34:00,12:49:00,YBBU,1,12:49:58
02-04-18,PEMA29,1,10.399603,76.873641,772.517456,Persea macrantha,30,19,144,N,12:30:00,16:34:00,12:50:27,YBBU,1,12:50:36
02-04-18,PEMA29,1,10.399603,76.873641,772.517456,Persea macrantha,30,19,144,N,12:30:00,16:34:00,N,YBBU,1,12:50:36
02-04-18,PEMA29,1,10.399603,76.873641,772.517456,Persea macrantha,30,19,144,N,12:30:00,16:34:00,N,YBBU,2,12:50:42
02-04-18,PEMA29,1,10.399603,76.873641,772.517456,Persea macrantha,30,19,144,N,12:30:00,16:34:00,12:53:50,YBBU,1,12:54:01
02-04-18,PEMA29,1,10.399603,76.873641,772.517456,Persea macrantha,30,19,144,N,12:30:00,16:34:00,12:54:10,YBBU,1,12:54:50
02-04-18,PEMA29,1,10.399603,76.873641,772.517456,Persea macrantha,30,19,144,N,12:30:00,16:34:00,12:54:10,YBBU,1,12:56:15
02-04-18,PEMA29,1,10.399603,76.873641,772.517456,Persea macrantha,30,19,144,N,12:30:00,16:34:00,12:55:54,YBBU,2,12:56:35
02-04-18,PEMA29,1,10.399603,76.873641,772.517456,Persea macrantha,30,19,144,N,12:30:00,16:34:00,12:56:39,SHMY,1,12:57:05
02-04-18,PEMA29,1,10.399603,76.873641,772.517456,Persea macrantha,30,19,144,N,12:30:00,16:34:00,12:57:12,SHMY,1,12:57:20
02-04-18,PEMA29,1,10.399603,76.873641,772.517456,Persea macrantha,30,19,144,N,12:30:00,16:34:00,N,YBBU,1,12:58:08
02-04-18,PEMA29,1,10.399603,76.873641,772.517456,Persea macrantha,30,19,144,N,12:30:00,16:34:00,13:02:43,YBBU,1,13:04:22
02-04-18,PEMA29,1,10.399603,76.873641,772.517456,Persea macrantha,30,19,144,N,12:30:00,16:34:00,13:04:13,FTBU,2,N
02-04-18,PEMA29,1,10.399603,76.873641,772.517456,Persea macrantha,30,19,144,N,12:30:00,16:34:00,13:04:20,YBBU,1,13:04:50
02-04-18,PEMA29,1,10.399603,76.873641,772.517456,Persea macrantha,30,19,144,N,12:30:00,16:34:00,13:04:20,YBBU,1,13:05:37
02-04-18,PEMA29,1,10.399603,76.873641,772.517456,Persea macrantha,30,19,144,N,12:30:00,16:34:00,13:04:20,YBBU,1,13:08:03
02-04-18,PEMA29,1,10.399603,76.873641,772.517456,Persea macrantha,30,19,144,N,12:30:00,16:34:00,N,YBBU,1,13:04:50
02-04-18,PEMA29,1,10.399603,76.873641,772.517456,Persea macrantha,30,19,144,N,12:30:00,16:34:00,13:05:00,YBBU,1,13:07:05
02-04-18,PEMA29,1,10.399603,76.873641,772.517456,Persea macrantha,30,19,144,N,12:30:00,16:34:00,13:05:00,YBBU,1,13:07:05
02-04-18,PEMA29,1,10.399603,76.873641,772.517456,Persea macrantha,30,19,144,N,12:30:00,16:34:00,13:05:37,YBBU,1,13:06:06
02-04-18,PEMA29,1,10.399603,76.873641,772.517456,Persea macrantha,30,19,144,N,12:30:00,16:34:00,13:05:37,YBBU,1,13:06:06
02-04-18,PEMA29,1,10.399603,76.873641,772.517456,Persea macrantha,30,19,144,N,12:30:00,16:34:00,13:06:06,YBBU,1,13:08:10
02-04-18,PEMA29,1,10.399603,76.873641,772.517456,Persea macrantha,30,19,144,N,12:30:00,16:34:00,13:08:33,YBBU,1,13:09:50
02-04-18,PEMA29,1,10.399603,76.873641,772.517456,Persea macrantha,30,19,144,N,12:30:00,16:34:00,13:08:51,SHMY,4,13:14:05
02-04-18,PEMA29,1,10.399603,76.873641,772.517456,Persea macrantha,30,19,144,N,12:30:00,16:34:00,13:14:00,YBBU,1,N
02-04-18,PEMA29,1,10.399603,76.873641,772.517456,Persea macrantha,30,19,144,N,12:30:00,16:34:00,N,YBBU,1,13:09:50
02-04-18,PEMA29,1,10.399603,76.873641,772.517456,Persea macrantha,30,19,144,N,12:30:00,16:34:00,N,YBBU,4,13:10:11
02-04-18,PEMA29,1,10.399603,76.873641,772.517456,Persea macrantha,30,19,144,N,12:30:00,16:34:00,N,YBBU,1,13:10:26
02-04-18,PEMA29,1,10.399603,76.873641,772.517456,Persea macrantha,30,19,144,N,12:30:00,16:34:00,13:12:00,YBBU,2,13:13:02
02-04-18,PEMA29,1,10.399603,76.873641,772.517456,Persea macrantha,30,19,144,N,12:30:00,16:34:00,N,OHTH,2,13:13:02
02-04-18,PEMA29,1,10.399603,76.873641,772.517456,Persea macrantha,30,19,144,N,12:30:00,16:34:00,13:21:00,YBBU,2,13:22:00
02-04-18,PEMA29,1,10.399603,76.873641,772.517456,Persea macrantha,30,19,144,N,12:30:00,16:34:00,13:21:06,MGSQ,1,13:23:06
02-04-18,PEMA29,1,10.399603,76.873641,772.517456,Persea macrantha,30,19,144,N,12:30:00,16:34:00,N,DSSQ,1,13:38:00
02-04-18,PEMA29,1,10.399603,76.873641,772.517456,Persea macrantha,30,19,144,N,12:30:00,16:34:00,13:41:40,YBBU,1,13:44:18
02-04-18,PEMA29,1,10.399603,76.873641,772.517456,Persea macrantha,30,19,144,N,12:30:00,16:34:00,13:43:00,FTBU,1,13:45:01
02-04-18,PEMA29,1,10.399603,76.873641,772.517456,Persea macrantha,30,19,144,N,12:30:00,16:34:00,N,YBBU,1,13:46:44
02-04-18,PEMA29,1,10.399603,76.873641,772.517456,Persea macrantha,30,19,144,N,12:30:00,16:34:00,13:48:00,YBBU,1,13:48:21
02-04-18,PEMA29,1,10.399603,76.873641,772.517456,Persea macrantha,30,19,144,N,12:30:00,16:34:00,13:48:00,YBBU,1,13:48:37
02-04-18,PEMA29,1,10.399603,76.873641,772.517456,Persea macrantha,30,19,144,N,12:30:00,16:34:00,13:50:00,WCBA,1,13:52:18
02-04-18,PEMA29,1,10.399603,76.873641,772.517456,Persea macrantha,30,19,144,N,12:30:00,16:34:00,13:50:30,FTBU,1,13:51:43
02-04-18,PEMA29,1,10.399603,76.873641,772.517456,Persea macrantha,30,19,144,N,12:30:00,16:34:00,13:54:20,WCBA,1,13:56:10
02-04-18,PEMA29,1,10.399603,76.873641,772.517456,Persea macrantha,30,19,144,N,12:30:00,16:34:00,13:57:40,YBBU,1,13:58:19
02-04-18,PEMA29,1,10.399603,76.873641,772.517456,Persea macrantha,30,19,144,N,12:30:00,16:34:00,14:06:44,OHTH,1,14:10:15
02-04-18,PEMA29,1,10.399603,76.873641,772.517456,Persea macrantha,30,19,144,N,12:30:00,16:34:00,14:07:00,YBBU,1,14:07:25
02-04-18,PEMA29,1,10.399603,76.873641,772.517456,Persea macrantha,30,19,144,N,12:30:00,16:34:00,14:09:00,OHTH,1,14:10:00
02-04-18,PEMA29,1,10.399603,76.873641,772.517456,Persea macrantha,30,19,144,N,12:30:00,16:34:00,14:11:50,YBBU,1,14:16:20
02-04-18,PEMA29,1,10.399603,76.873641,772.517456,Persea macrantha,30,19,144,N,12:30:00,16:34:00,14:13:14,BUsp.,2,14:13:20
02-04-18,PEMA29,1,10.399603,76.873641,772.517456,Persea macrantha,30,19,144,N,12:30:00,16:34:00,14:26:54,YBBU,1,14:30:48
02-04-18,PEMA29,1,10.399603,76.873641,772.517456,Persea macrantha,30,19,144,N,12:30:00,16:34:00,14:27:11,YBBU,1,14:29:48
02-04-18,PEMA29,1,10.399603,76.873641,772.517456,Persea macrantha,30,19,144,N,12:30:00,16:34:00,14:28:00,MGSQ,1,14:29:48
02-04-18,PEMA29,1,10.399603,76.873641,772.517456,Persea macrantha,30,19,144,N,12:30:00,16:34:00,14:31:05,YBBU,1,14:31:30
02-04-18,PEMA29,1,10.399603,76.873641,772.517456,Persea macrantha,30,19,144,N,12:30:00,16:34:00,14:31:08,YBBU,3,14:32:20
02-04-18,PEMA29,1,10.399603,76.873641,772.517456,Persea macrantha,30,19,144,N,12:30:00,16:34:00,14:35:20,SHMY,2,14:35:43
02-04-18,PEMA29,1,10.399603,76.873641,772.517456,Persea macrantha,30,19,144,N,12:30:00,16:34:00,14:37:06,YBBU,2,14:38:36
02-04-18,PEMA29,1,10.399603,76.873641,772.517456,Persea macrantha,30,19,144,N,12:30:00,16:34:00,15:06:00,YBBU,1,15:09:19
02-04-18,PEMA29,1,10.399603,76.873641,772.517456,Persea macrantha,30,19,144,N,12:30:00,16:34:00,N,WCBA,1,15:21:00
02-04-18,PEMA29,1,10.399603,76.873641,772.517456,Persea macrantha,30,19,144,N,12:30:00,16:34:00,15:20:58,YBBU,1,15:23:18
02-04-18,PEMA29,1,10.399603,76.873641,772.517456,Persea macrantha,30,19,144,N,12:30:00,16:34:00,15:24:00,MWTH,1,15:24:20
02-04-18,PEMA29,1,10.399603,76.873641,772.517456,Persea macrantha,30,19,144,N,12:30:00,16:34:00,15:36:03,YBBU,2,15:36:26
02-04-18,PEMA29,1,10.399603,76.873641,772.517456,Persea macrantha,30,19,144,N,12:30:00,16:34:00,15:36:28,YBBU,1,15:37:05
02-04-18,PEMA29,1,10.399603,76.873641,772.517456,Persea macrantha,30,19,144,N,12:30:00,16:34:00,15:36:47,YBBU,2,15:38:00
02-04-18,PEMA29,1,10.399603,76.873641,772.517456,Persea macrantha,30,19,144,N,12:30:00,16:34:00,15:38:26,YBBU,1,15:39:32
02-04-18,PEMA29,1,10.399603,76.873641,772.517456,Persea macrantha,30,19,144,N,12:30:00,16:34:00,15:39:57,YBBU,2,15:40:10
02-04-18,PEMA29,1,10.399603,76.873641,772.517456,Persea macrantha,30,19,144,N,12:30:00,16:34:00,15:39:57,YBBU,3,15:40:16
02-04-18,PEMA29,1,10.399603,76.873641,772.517456,Persea macrantha,30,19,144,N,12:30:00,16:34:00,15:40:57,YBBU,1,15:42:31
02-04-18,PEMA29,1,10.399603,76.873641,772.517456,Persea macrantha,30,19,144,N,12:30:00,16:34:00,15:41:48,YBBU,1,15:42:31
02-04-18,PEMA29,1,10.399603,76.873641,772.517456,Persea macrantha,30,19,144,N,12:30:00,16:34:00,15:44:18,YBBU,3,15:45:46
02-04-18,PEMA29,1,10.399603,76.873641,772.517456,Persea macrantha,30,19,144,N,12:30:00,16:34:00,15:44:18,WCBA,1,15:44:43
02-04-18,PEMA29,1,10.399603,76.873641,772.517456,Persea macrantha,30,19,144,N,12:30:00,16:34:00,15:46:00,YBBU,1,15:46:10
02-04-18,PEMA29,1,10.399603,76.873641,772.517456,Persea macrantha,30,19,144,N,12:30:00,16:34:00,15:46:00,YBBU,1,15:46:19
02-04-18,PEMA29,1,10.399603,76.873641,772.517456,Persea macrantha,30,19,144,N,12:30:00,16:34:00,N,FTBU,2,15:48:50
02-04-18,PEMA29,1,10.399603,76.873641,772.517456,Persea macrantha,30,19,144,N,12:30:00,16:34:00,15:51:16,MGSQ,1,N
02-04-18,PEMA29,1,10.399603,76.873641,772.517456,Persea macrantha,30,19,144,N,12:30:00,16:34:00,15:33:00,YBBU,1,15:33:33
02-04-18,PEMA29,1,10.399603,76.873641,772.517456,Persea macrantha,30,19,144,N,12:30:00,16:34:00,15:33:00,YBBU,1,15:33:43
02-04-18,PEMA29,1,10.399603,76.873641,772.517456,Persea macrantha,30,19,144,N,12:30:00,16:34:00,15:33:00,YBBU,1,15:54:11
02-04-18,PEMA29,1,10.399603,76.873641,772.517456,Persea macrantha,30,19,144,N,12:30:00,16:34:00,15:33:00,YBBU,1,15:54:48
02-04-18,PEMA29,1,10.399603,76.873641,772.517456,Persea macrantha,30,19,144,N,12:30:00,16:34:00,N,YBBU,1,16:29:30
02-04-18,PEMA29,1,10.399603,76.873641,772.517456,Persea macrantha,30,19,144,N,12:30:00,16:34:00,N,YBBU,1,16:31:14
02-04-18,PEMA29,1,10.399603,76.873641,772.517456,Persea macrantha,30,19,144,N,12:30:00,16:34:00,N,YBBU,1,16:32:41
03-04-18,PEMA30,0.928,10.372005,76.993589,1367.172119,Persea macrantha,40,17,143,N,13:15:00,17:25:00,13:31:00,YBBU,1,13:31:20
03-04-18,PEMA30,0.928,10.372005,76.993589,1367.172119,Persea macrantha,40,17,143,N,13:15:00,17:25:00,13:31:00,YBBU,1,13:31:50
03-04-18,PEMA30,0.928,10.372005,76.993589,1367.172119,Persea macrantha,40,17,143,N,13:15:00,17:25:00,13:31:00,YBBU,1,13:31:55
03-04-18,PEMA30,0.928,10.372005,76.993589,1367.172119,Persea macrantha,40,17,143,N,13:15:00,17:25:00,13:31:00,YBBU,1,13:31:56
03-04-18,PEMA30,0.928,10.372005,76.993589,1367.172119,Persea macrantha,40,17,143,N,13:15:00,17:25:00,13:34:00,STBU,1,13:37:31
03-04-18,PEMA30,0.928,10.372005,76.993589,1367.172119,Persea macrantha,40,17,143,N,13:15:00,17:25:00,13:35:00,STBU,1,13:48:00
03-04-18,PEMA30,0.928,10.372005,76.993589,1367.172119,Persea macrantha,40,17,143,N,13:15:00,17:25:00,N,STBU,1,13:48:00
03-04-18,PEMA30,0.928,10.372005,76.993589,1367.172119,Persea macrantha,40,17,143,N,13:15:00,17:25:00,16:35:24,YBBU,2,16:37:04
03-04-18,PEMA30,0.928,10.372005,76.993589,1367.172119,Persea macrantha,40,17,143,N,13:15:00,17:25:00,17:08:20,YBBU,1,17:09:31
05-04-18,PEMA31,0.453,10.33848329,76.96324303,1127.686279,Persea macrantha,60,30,213,N,6:45:00,11:45:00,6:58:15,SHMY,2,6:59:50
05-04-18,PEMA31,0.453,10.33848329,76.96324303,1127.686279,Persea macrantha,60,30,213,N,6:45:00,11:45:00,7:00:11,WCBA,1,7:00:45
05-04-18,PEMA31,0.453,10.33848329,76.96324303,1127.686279,Persea macrantha,60,30,213,N,6:45:00,11:45:00,7:00:11,WCBA,1,7:01:59
05-04-18,PEMA31,0.453,10.33848329,76.96324303,1127.686279,Persea macrantha,60,30,213,N,6:45:00,11:45:00,7:11:53,SHMY,2,7:12:42
05-04-18,PEMA31,0.453,10.33848329,76.96324303,1127.686279,Persea macrantha,60,30,213,N,6:45:00,11:45:00,7:12:00,MWTH,1,7:15:13
05-04-18,PEMA31,0.453,10.33848329,76.96324303,1127.686279,Persea macrantha,60,30,213,N,6:45:00,11:45:00,7:12:00,MWTH,1,7:16:18
05-04-18,PEMA31,0.453,10.33848329,76.96324303,1127.686279,Persea macrantha,60,30,213,N,6:45:00,11:45:00,7:13:00,WCBA,1,7:14:30
05-04-18,PEMA31,0.453,10.33848329,76.96324303,1127.686279,Persea macrantha,60,30,213,N,6:45:00,11:45:00,7:13:00,WCBA,1,7:15:00
05-04-18,PEMA31,0.453,10.33848329,76.96324303,1127.686279,Persea macrantha,60,30,213,N,6:45:00,11:45:00,7:13:00,MGHO,1,7:14:00
05-04-18,PEMA31,0.453,10.33848329,76.96324303,1127.686279,Persea macrantha,60,30,213,N,6:45:00,11:45:00,7:17:02,MWTH,1,7:23:18
05-04-18,PEMA31,0.453,10.33848329,76.96324303,1127.686279,Persea macrantha,60,30,213,N,6:45:00,11:45:00,7:17:02,MWTH,1,7:22:31
05-04-18,PEMA31,0.453,10.33848329,76.96324303,1127.686279,Persea macrantha,60,30,213,N,6:45:00,11:45:00,7:18:15,WCBA,1,7:22:31
05-04-18,PEMA31,0.453,10.33848329,76.96324303,1127.686279,Persea macrantha,60,30,213,N,6:45:00,11:45:00,7:21:50,MWTH,1,7:23:18
05-04-18,PEMA31,0.453,10.33848329,76.96324303,1127.686279,Persea macrantha,60,30,213,N,6:45:00,11:45:00,7:23:50,MGHO,1,N
05-04-18,PEMA31,0.453,10.33848329,76.96324303,1127.686279,Persea macrantha,60,30,213,N,6:45:00,11:45:00,7:23:20,MWTH,1,7:27:27
05-04-18,PEMA31,0.453,10.33848329,76.96324303,1127.686279,Persea macrantha,60,30,213,N,6:45:00,11:45:00,7:24:21,MWTH,1,7:32:49
05-04-18,PEMA31,0.453,10.33848329,76.96324303,1127.686279,Persea macrantha,60,30,213,N,6:45:00,11:45:00,7:26:11,WCBA,1,7:32:37
05-04-18,PEMA31,0.453,10.33848329,76.96324303,1127.686279,Persea macrantha,60,30,213,N,6:45:00,11:45:00,N,WCBA,1,7:35:18
05-04-18,PEMA31,0.453,10.33848329,76.96324303,1127.686279,Persea macrantha,60,30,213,N,6:45:00,11:45:00,7:39:50,WCBA,1,7:40:10
05-04-18,PEMA31,0.453,10.33848329,76.96324303,1127.686279,Persea macrantha,60,30,213,N,6:45:00,11:45:00,7:39:50,SHMY,2,7:40:35
05-04-18,PEMA31,0.453,10.33848329,76.96324303,1127.686279,Persea macrantha,60,30,213,N,6:45:00,11:45:00,7:39:58,WCBA,1,N
05-04-18,PEMA31,0.453,10.33848329,76.96324303,1127.686279,Persea macrantha,60,30,213,N,6:45:00,11:45:00,7:46:40,WCBA,1,7:47:43
05-04-18,PEMA31,0.453,10.33848329,76.96324303,1127.686279,Persea macrantha,60,30,213,N,6:45:00,11:45:00,7:46:52,WCBA,1,7:47:43
05-04-18,PEMA31,0.453,10.33848329,76.96324303,1127.686279,Persea macrantha,60,30,213,N,6:45:00,11:45:00,7:51:24,WCBA,1,7:53:23
05-04-18,PEMA31,0.453,10.33848329,76.96324303,1127.686279,Persea macrantha,60,30,213,N,6:45:00,11:45:00,7:54:06,WCBA,1,7:55:00
05-04-18,PEMA31,0.453,10.33848329,76.96324303,1127.686279,Persea macrantha,60,30,213,N,6:45:00,11:45:00,N,WCBA,1,7:55:09
05-04-18,PEMA31,0.453,10.33848329,76.96324303,1127.686279,Persea macrantha,60,30,213,N,6:45:00,11:45:00,N,OHTH,1,N
05-04-18,PEMA31,0.453,10.33848329,76.96324303,1127.686279,Persea macrantha,60,30,213,N,6:45:00,11:45:00,7:57:16,WCBA,1,7:57:36
05-04-18,PEMA31,0.453,10.33848329,76.96324303,1127.686279,Persea macrantha,60,30,213,N,6:45:00,11:45:00,7:57:19,WCBA,1,8:00:08
05-04-18,PEMA31,0.453,10.33848329,76.96324303,1127.686279,Persea macrantha,60,30,213,N,6:45:00,11:45:00,7:59:36,WCBA,1,8:00:08
05-04-18,PEMA31,0.453,10.33848329,76.96324303,1127.686279,Persea macrantha,60,30,213,N,6:45:00,11:45:00,8:00:17,MWTH,1,8:01:25
05-04-18,PEMA31,0.453,10.33848329,76.96324303,1127.686279,Persea macrantha,60,30,213,N,6:45:00,11:45:00,8:01:00,MGSQ,1,9:18:38
05-04-18,PEMA31,0.453,10.33848329,76.96324303,1127.686279,Persea macrantha,60,30,213,N,6:45:00,11:45:00,8:04:20,WCBA,1,8:07:06
05-04-18,PEMA31,0.453,10.33848329,76.96324303,1127.686279,Persea macrantha,60,30,213,N,6:45:00,11:45:00,8:05:01,WCBA,1,8:05:06
05-04-18,PEMA31,0.453,10.33848329,76.96324303,1127.686279,Persea macrantha,60,30,213,N,6:45:00,11:45:00,8:06:40,MWTH,1,8:08:00
05-04-18,PEMA31,0.453,10.33848329,76.96324303,1127.686279,Persea macrantha,60,30,213,N,6:45:00,11:45:00,8:09:25,WCBA,1,8:10:11
05-04-18,PEMA31,0.453,10.33848329,76.96324303,1127.686279,Persea macrantha,60,30,213,N,6:45:00,11:45:00,8:12:45,WCBA,1,8:12:50
05-04-18,PEMA31,0.453,10.33848329,76.96324303,1127.686279,Persea macrantha,60,30,213,N,6:45:00,11:45:00,8:23:20,WCBA,1,8:24:26
05-04-18,PEMA31,0.453,10.33848329,76.96324303,1127.686279,Persea macrantha,60,30,213,N,6:45:00,11:45:00,8:23:44,WCBA,1,8:25:20
05-04-18,PEMA31,0.453,10.33848329,76.96324303,1127.686279,Persea macrantha,60,30,213,N,6:45:00,11:45:00,8:25:09,WCBA,1,8:27:30
05-04-18,PEMA31,0.453,10.33848329,76.96324303,1127.686279,Persea macrantha,60,30,213,N,6:45:00,11:45:00,8:30:44,WCBA,1,8:31:02
05-04-18,PEMA31,0.453,10.33848329,76.96324303,1127.686279,Persea macrantha,60,30,213,N,6:45:00,11:45:00,8:35:18,WCBA,1,8:36:10
05-04-18,PEMA31,0.453,10.33848329,76.96324303,1127.686279,Persea macrantha,60,30,213,N,6:45:00,11:45:00,8:35:18,WCBA,1,N
05-04-18,PEMA31,0.453,10.33848329,76.96324303,1127.686279,Persea macrantha,60,30,213,N,6:45:00,11:45:00,8:35:58,WCBA,1,N
05-04-18,PEMA31,0.453,10.33848329,76.96324303,1127.686279,Persea macrantha,60,30,213,N,6:45:00,11:45:00,8:38:48,WCBA,1,8:39:24
05-04-18,PEMA31,0.453,10.33848329,76.96324303,1127.686279,Persea macrantha,60,30,213,N,6:45:00,11:45:00,8:40:50,WCBA,1,8:42:40
05-04-18,PEMA31,0.453,10.33848329,76.96324303,1127.686279,Persea macrantha,60,30,213,N,6:45:00,11:45:00,8:48:47,WCBA,1,8:49:11
05-04-18,PEMA31,0.453,10.33848329,76.96324303,1127.686279,Persea macrantha,60,30,213,N,6:45:00,11:45:00,8:51:20,MGHO,1,8:53:20
05-04-18,PEMA31,0.453,10.33848329,76.96324303,1127.686279,Persea macrantha,60,30,213,N,6:45:00,11:45:00,8:59:50,WCBA,1,N
05-04-18,PEMA31,0.453,10.33848329,76.96324303,1127.686279,Persea macrantha,60,30,213,N,6:45:00,11:45:00,9:13:50,WCBA,1,9:16:45
05-04-18,PEMA31,0.453,10.33848329,76.96324303,1127.686279,Persea macrantha,60,30,213,N,6:45:00,11:45:00,9:25:22,SHMY,1,9:28:42
05-04-18,PEMA31,0.453,10.33848329,76.96324303,1127.686279,Persea macrantha,60,30,213,N,6:45:00,11:45:00,9:27:00,SHMY,1,9:28:42
05-04-18,PEMA31,0.453,10.33848329,76.96324303,1127.686279,Persea macrantha,60,30,213,N,6:45:00,11:45:00,9:27:42,WCBA,1,9:31:04
05-04-18,PEMA31,0.453,10.33848329,76.96324303,1127.686279,Persea macrantha,60,30,213,N,6:45:00,11:45:00,9:27:42,MWTH,1,9:30:29
05-04-18,PEMA31,0.453,10.33848329,76.96324303,1127.686279,Persea macrantha,60,30,213,N,6:45:00,11:45:00,9:31:00,WCBA,1,9:31:04
05-04-18,PEMA31,0.453,10.33848329,76.96324303,1127.686279,Persea macrantha,60,30,213,N,6:45:00,11:45:00,9:35:00,WCBA,1,9:35:40
05-04-18,PEMA31,0.453,10.33848329,76.96324303,1127.686279,Persea macrantha,60,30,213,N,6:45:00,11:45:00,9:35:50,WCBA,1,9:37:20
05-04-18,PEMA31,0.453,10.33848329,76.96324303,1127.686279,Persea macrantha,60,30,213,N,6:45:00,11:45:00,9:42:00,WCBA,1,9:43:51
05-04-18,PEMA31,0.453,10.33848329,76.96324303,1127.686279,Persea macrantha,60,30,213,N,6:45:00,11:45:00,9:50:00,MWTH,1,9:51:00
05-04-18,PEMA31,0.453,10.33848329,76.96324303,1127.686279,Persea macrantha,60,30,213,N,6:45:00,11:45:00,9:51:23,MWTH,1,9:52:34
05-04-18,PEMA31,0.453,10.33848329,76.96324303,1127.686279,Persea macrantha,60,30,213,N,6:45:00,11:45:00,10:03:00,WCBA,1,10:04:57
05-04-18,PEMA31,0.453,10.33848329,76.96324303,1127.686279,Persea macrantha,60,30,213,N,6:45:00,11:45:00,10:03:00,WCBA,1,10:04:30
05-04-18,PEMA31,0.453,10.33848329,76.96324303,1127.686279,Persea macrantha,60,30,213,N,6:45:00,11:45:00,10:12:00,MWTH,1,10:14:26
05-04-18,PEMA31,0.453,10.33848329,76.96324303,1127.686279,Persea macrantha,60,30,213,N,6:45:00,11:45:00,10:15:25,MWTH,1,10:17:35
05-04-18,PEMA31,0.453,10.33848329,76.96324303,1127.686279,Persea macrantha,60,30,213,N,6:45:00,11:45:00,10:17:31,WCBA,1,10:21:46
05-04-18,PEMA31,0.453,10.33848329,76.96324303,1127.686279,Persea macrantha,60,30,213,N,6:45:00,11:45:00,10:21:00,WCBA,1,10:21:46
05-04-18,PEMA31,0.453,10.33848329,76.96324303,1127.686279,Persea macrantha,60,30,213,N,6:45:00,11:45:00,N,WCBA,1,10:25:24
05-04-18,PEMA31,0.453,10.33848329,76.96324303,1127.686279,Persea macrantha,60,30,213,N,6:45:00,11:45:00,N,WCBA,1,10:31:38
05-04-18,PEMA31,0.453,10.33848329,76.96324303,1127.686279,Persea macrantha,60,30,213,N,6:45:00,11:45:00,10:32:38,MGHO,1,10:38:13
05-04-18,PEMA31,0.453,10.33848329,76.96324303,1127.686279,Persea macrantha,60,30,213,N,6:45:00,11:45:00,10:36:00,WCBA,1,10:37:18
05-04-18,PEMA31,0.453,10.33848329,76.96324303,1127.686279,Persea macrantha,60,30,213,N,6:45:00,11:45:00,N,WCBA,2,10:37:20
05-04-18,PEMA31,0.453,10.33848329,76.96324303,1127.686279,Persea macrantha,60,30,213,N,6:45:00,11:45:00,N,WCBA,1,10:37:50
05-04-18,PEMA31,0.453,10.33848329,76.96324303,1127.686279,Persea macrantha,60,30,213,N,6:45:00,11:45:00,N,WCBA,3,10:37:30
05-04-18,PEMA31,0.453,10.33848329,76.96324303,1127.686279,Persea macrantha,60,30,213,N,6:45:00,11:45:00,10:41:15,WCBA,1,10:44:35
05-04-18,PEMA31,0.453,10.33848329,76.96324303,1127.686279,Persea macrantha,60,30,213,N,6:45:00,11:45:00,11:27:00,MWTH,1,11:28:16
05-04-18,PEMA31,0.453,10.33848329,76.96324303,1127.686279,Persea macrantha,60,30,213,N,6:45:00,11:45:00,11:31:00,WCBA,1,11:44:34
05-04-18,PEMA31,0.453,10.33848329,76.96324303,1127.686279,Persea macrantha,60,30,213,N,6:45:00,11:45:00,11:34:38,MWTH,1,11:38:36
05-04-18,PEMA31,0.453,10.33848329,76.96324303,1127.686279,Persea macrantha,60,30,213,N,6:45:00,11:45:00,11:37:46,WCBA,1,11:38:49
06-04-18,PEMA32,0.658,10.3682403,76.99232723,1269.222168,Persea macrantha,100,18,162,N,6:50:00,11:50:00,6:49:00,YBBU,2,6:55:30
06-04-18,PEMA32,0.658,10.3682403,76.99232723,1269.222168,Persea macrantha,100,18,162,N,6:50:00,11:50:00,6:56:26,YBBU,2,6:57:20
06-04-18,PEMA32,0.658,10.3682403,76.99232723,1269.222168,Persea macrantha,100,18,162,N,6:50:00,11:50:00,6:56:26,YBBU,1,6:57:00
06-04-18,PEMA32,0.658,10.3682403,76.99232723,1269.222168,Persea macrantha,100,18,162,N,6:50:00,11:50:00,6:58:31,YBBU,1,6:59:02
06-04-18,PEMA32,0.658,10.3682403,76.99232723,1269.222168,Persea macrantha,100,18,162,N,6:50:00,11:50:00,6:58:31,YBBU,1,7:00:58
06-04-18,PEMA32,0.658,10.3682403,76.99232723,1269.222168,Persea macrantha,100,18,162,N,6:50:00,11:50:00,6:59:12,YBBU,1,7:00:58
06-04-18,PEMA32,0.658,10.3682403,76.99232723,1269.222168,Persea macrantha,100,18,162,N,6:50:00,11:50:00,7:02:08,MWTH,1,7:04:16
06-04-18,PEMA32,0.658,10.3682403,76.99232723,1269.222168,Persea macrantha,100,18,162,N,6:50:00,11:50:00,7:06:05,STBU,2,7:06:17
06-04-18,PEMA32,0.658,10.3682403,76.99232723,1269.222168,Persea macrantha,100,18,162,N,6:50:00,11:50:00,7:06:45,SHMY,1,7:07:37
06-04-18,PEMA32,0.658,10.3682403,76.99232723,1269.222168,Persea macrantha,100,18,162,N,6:50:00,11:50:00,7:06:45,SHMY,1,7:10:19
06-04-18,PEMA32,0.658,10.3682403,76.99232723,1269.222168,Persea macrantha,100,18,162,N,6:50:00,11:50:00,7:07:47,MWTH,1,7:10:19
06-04-18,PEMA32,0.658,10.3682403,76.99232723,1269.222168,Persea macrantha,100,18,162,N,6:50:00,11:50:00,7:07:59,SHMY,2,7:08:25
06-04-18,PEMA32,0.658,10.3682403,76.99232723,1269.222168,Persea macrantha,100,18,162,N,6:50:00,11:50:00,7:16:57,YBBU,1,7:17:40
06-04-18,PEMA32,0.658,10.3682403,76.99232723,1269.222168,Persea macrantha,100,18,162,N,6:50:00,11:50:00,7:18:13,YBBU,1,7:19:58
06-04-18,PEMA32,0.658,10.3682403,76.99232723,1269.222168,Persea macrantha,100,18,162,N,6:50:00,11:50:00,7:18:13,YBBU,1,7:21:24
06-04-18,PEMA32,0.658,10.3682403,76.99232723,1269.222168,Persea macrantha,100,18,162,N,6:50:00,11:50:00,7:18:29,RWBU,2,7:18:42
06-04-18,PEMA32,0.658,10.3682403,76.99232723,1269.222168,Persea macrantha,100,18,162,N,6:50:00,11:50:00,7:21:34,SHMY,1,7:21:51
06-04-18,PEMA32,0.658,10.3682403,76.99232723,1269.222168,Persea macrantha,100,18,162,N,6:50:00,11:50:00,7:21:52,SHMY,1,7:22:13
06-04-18,PEMA32,0.658,10.3682403,76.99232723,1269.222168,Persea macrantha,100,18,162,N,6:50:00,11:50:00,7:21:52,SHMY,3,7:22:32
06-04-18,PEMA32,0.658,10.3682403,76.99232723,1269.222168,Persea macrantha,100,18,162,N,6:50:00,11:50:00,7:23:46,YBBU,1,7:23:54
06-04-18,PEMA32,0.658,10.3682403,76.99232723,1269.222168,Persea macrantha,100,18,162,N,6:50:00,11:50:00,N,YBBU,1,7:24:54
06-04-18,PEMA32,0.658,10.3682403,76.99232723,1269.222168,Persea macrantha,100,18,162,N,6:50:00,11:50:00,7:27:32,YBBU,1,7:28:05
06-04-18,PEMA32,0.658,10.3682403,76.99232723,1269.222168,Persea macrantha,100,18,162,N,6:50:00,11:50:00,7:29:58,YBBU,1,7:30:33
06-04-18,PEMA32,0.658,10.3682403,76.99232723,1269.222168,Persea macrantha,100,18,162,N,6:50:00,11:50:00,7:29:58,YBBU,2,7:32:02
06-04-18,PEMA32,0.658,10.3682403,76.99232723,1269.222168,Persea macrantha,100,18,162,N,6:50:00,11:50:00,7:31:01,YBBU,2,7:32:02
06-04-18,PEMA32,0.658,10.3682403,76.99232723,1269.222168,Persea macrantha,100,18,162,N,6:50:00,11:50:00,7:33:50,YBBU,2,7:34:03
06-04-18,PEMA32,0.658,10.3682403,76.99232723,1269.222168,Persea macrantha,100,18,162,N,6:50:00,11:50:00,7:34:47,YBBU,2,7:37:18
06-04-18,PEMA32,0.658,10.3682403,76.99232723,1269.222168,Persea macrantha,100,18,162,N,6:50:00,11:50:00,7:37:20,YBBU,1,7:37:31
06-04-18,PEMA32,0.658,10.3682403,76.99232723,1269.222168,Persea macrantha,100,18,162,N,6:50:00,11:50:00,7:38:29,WCBA,1,7:39:40
06-04-18,PEMA32,0.658,10.3682403,76.99232723,1269.222168,Persea macrantha,100,18,162,N,6:50:00,11:50:00,7:45:00,YBBU,1,7:46:56
06-04-18,PEMA32,0.658,10.3682403,76.99232723,1269.222168,Persea macrantha,100,18,162,N,6:50:00,11:50:00,7:54:35,YBBU,1,7:57:24
06-04-18,PEMA32,0.658,10.3682403,76.99232723,1269.222168,Persea macrantha,100,18,162,N,6:50:00,11:50:00,7:54:35,YBBU,1,8:02:39
06-04-18,PEMA32,0.658,10.3682403,76.99232723,1269.222168,Persea macrantha,100,18,162,N,6:50:00,11:50:00,N,YBBU,1,8:02:39
06-04-18,PEMA32,0.658,10.3682403,76.99232723,1269.222168,Persea macrantha,100,18,162,N,6:50:00,11:50:00,7:59:55,YBBU,1,8:00:47
06-04-18,PEMA32,0.658,10.3682403,76.99232723,1269.222168,Persea macrantha,100,18,162,N,6:50:00,11:50:00,7:59:55,YBBU,1,N
06-04-18,PEMA32,0.658,10.3682403,76.99232723,1269.222168,Persea macrantha,100,18,162,N,6:50:00,11:50:00,N,YBBU,2,8:07:41
06-04-18,PEMA32,0.658,10.3682403,76.99232723,1269.222168,Persea macrantha,100,18,162,N,6:50:00,11:50:00,8:32:42,YBBU,1,8:33:39
06-04-18,PEMA32,0.658,10.3682403,76.99232723,1269.222168,Persea macrantha,100,18,162,N,6:50:00,11:50:00,8:35:21,YBBU,1,8:37:00
06-04-18,PEMA32,0.658,10.3682403,76.99232723,1269.222168,Persea macrantha,100,18,162,N,6:50:00,11:50:00,8:35:21,YBBU,2,8:40:19
06-04-18,PEMA32,0.658,10.3682403,76.99232723,1269.222168,Persea macrantha,100,18,162,N,6:50:00,11:50:00,N,INBL,1,8:38:10
06-04-18,PEMA32,0.658,10.3682403,76.99232723,1269.222168,Persea macrantha,100,18,162,N,6:50:00,11:50:00,8:41:00,YBBU,3,8:41:26
06-04-18,PEMA32,0.658,10.3682403,76.99232723,1269.222168,Persea macrantha,100,18,162,N,6:50:00,11:50:00,8:41:35,YBBU,1,8:41:56
06-04-18,PEMA32,0.658,10.3682403,76.99232723,1269.222168,Persea macrantha,100,18,162,N,6:50:00,11:50:00,8:41:35,YBBU,1,8:42:14
06-04-18,PEMA32,0.658,10.3682403,76.99232723,1269.222168,Persea macrantha,100,18,162,N,6:50:00,11:50:00,8:42:24,YBBU,1,8:42:44
06-04-18,PEMA32,0.658,10.3682403,76.99232723,1269.222168,Persea macrantha,100,18,162,N,6:50:00,11:50:00,8:42:29,YBBU,1,8:42:40
06-04-18,PEMA32,0.658,10.3682403,76.99232723,1269.222168,Persea macrantha,100,18,162,N,6:50:00,11:50:00,8:44:43,YBBU,1,8:45:57
06-04-18,PEMA32,0.658,10.3682403,76.99232723,1269.222168,Persea macrantha,100,18,162,N,6:50:00,11:50:00,8:44:43,YBBU,1,8:46:54
06-04-18,PEMA32,0.658,10.3682403,76.99232723,1269.222168,Persea macrantha,100,18,162,N,6:50:00,11:50:00,N,YBBU,1,8:49:25
06-04-18,PEMA32,0.658,10.3682403,76.99232723,1269.222168,Persea macrantha,100,18,162,N,6:50:00,11:50:00,8:52:50,YBBU,1,8:53:40
06-04-18,PEMA32,0.658,10.3682403,76.99232723,1269.222168,Persea macrantha,100,18,162,N,6:50:00,11:50:00,9:02:17,YBBU,1,N
06-04-18,PEMA32,0.658,10.3682403,76.99232723,1269.222168,Persea macrantha,100,18,162,N,6:50:00,11:50:00,9:03:03,YBBU,1,N
06-04-18,PEMA32,0.658,10.3682403,76.99232723,1269.222168,Persea macrantha,100,18,162,N,6:50:00,11:50:00,9:05:05,RWBU,1,9:07:12
06-04-18,PEMA32,0.658,10.3682403,76.99232723,1269.222168,Persea macrantha,100,18,162,N,6:50:00,11:50:00,9:06:16,YBBU,2,9:08:00
06-04-18,PEMA32,0.658,10.3682403,76.99232723,1269.222168,Persea macrantha,100,18,162,N,6:50:00,11:50:00,9:08:22,SHMY,1,9:09:57
06-04-18,PEMA32,0.658,10.3682403,76.99232723,1269.222168,Persea macrantha,100,18,162,N,6:50:00,11:50:00,9:14:00,RWBU,1,9:14:48
06-04-18,PEMA32,0.658,10.3682403,76.99232723,1269.222168,Persea macrantha,100,18,162,N,6:50:00,11:50:00,9:18:06,JUMY,1,9:19:30
06-04-18,PEMA32,0.658,10.3682403,76.99232723,1269.222168,Persea macrantha,100,18,162,N,6:50:00,11:50:00,9:18:06,JUMY,1,9:19:36
06-04-18,PEMA32,0.658,10.3682403,76.99232723,1269.222168,Persea macrantha,100,18,162,N,6:50:00,11:50:00,9:18:06,JUMY,1,9:20:01
06-04-18,PEMA32,0.658,10.3682403,76.99232723,1269.222168,Persea macrantha,100,18,162,N,6:50:00,11:50:00,9:26:06,RWBU,1,9:26:30
06-04-18,PEMA32,0.658,10.3682403,76.99232723,1269.222168,Persea macrantha,100,18,162,N,6:50:00,11:50:00,9:26:06,RWBU,1,9:26:43
06-04-18,PEMA32,0.658,10.3682403,76.99232723,1269.222168,Persea macrantha,100,18,162,N,6:50:00,11:50:00,9:26:06,RWBU,1,N
06-04-18,PEMA32,0.658,10.3682403,76.99232723,1269.222168,Persea macrantha,100,18,162,N,6:50:00,11:50:00,9:26:06,RWBU,1,N
06-04-18,PEMA32,0.658,10.3682403,76.99232723,1269.222168,Persea macrantha,100,18,162,N,6:50:00,11:50:00,9:30:04,RWBU,1,9:30:15
06-04-18,PEMA32,0.658,10.3682403,76.99232723,1269.222168,Persea macrantha,100,18,162,N,6:50:00,11:50:00,9:45:13,YBBU,2,9:45:43
06-04-18,PEMA32,0.658,10.3682403,76.99232723,1269.222168,Persea macrantha,100,18,162,N,6:50:00,11:50:00,9:48:50,YBBU,1,9:50:23
06-04-18,PEMA32,0.658,10.3682403,76.99232723,1269.222168,Persea macrantha,100,18,162,N,6:50:00,11:50:00,N,RWBU,1,N
06-04-18,PEMA32,0.658,10.3682403,76.99232723,1269.222168,Persea macrantha,100,18,162,N,6:50:00,11:50:00,9:51:13,RWBU,1,9:51:57
06-04-18,PEMA32,0.658,10.3682403,76.99232723,1269.222168,Persea macrantha,100,18,162,N,6:50:00,11:50:00,9:53:21,RWBU,1,9:53:38
06-04-18,PEMA32,0.658,10.3682403,76.99232723,1269.222168,Persea macrantha,100,18,162,N,6:50:00,11:50:00,9:54:28,RWBU,1,9:55:34
06-04-18,PEMA32,0.658,10.3682403,76.99232723,1269.222168,Persea macrantha,100,18,162,N,6:50:00,11:50:00,9:55:08,RWBU,1,9:55:34
06-04-18,PEMA32,0.658,10.3682403,76.99232723,1269.222168,Persea macrantha,100,18,162,N,6:50:00,11:50:00,9:56:10,RWBU,1,9:58:50
06-04-18,PEMA32,0.658,10.3682403,76.99232723,1269.222168,Persea macrantha,100,18,162,N,6:50:00,11:50:00,10:00:00,JUMY,1,10:01:30
06-04-18,PEMA32,0.658,10.3682403,76.99232723,1269.222168,Persea macrantha,100,18,162,N,6:50:00,11:50:00,10:00:00,JUMY,2,10:02:23
06-04-18,PEMA32,0.658,10.3682403,76.99232723,1269.222168,Persea macrantha,100,18,162,N,6:50:00,11:50:00,10:01:29,JUMY,1,10:03:03
06-04-18,PEMA32,0.658,10.3682403,76.99232723,1269.222168,Persea macrantha,100,18,162,N,6:50:00,11:50:00,10:01:29,JUMY,1,10:04:54
06-04-18,PEMA32,0.658,10.3682403,76.99232723,1269.222168,Persea macrantha,100,18,162,N,6:50:00,11:50:00,10:01:29,JUMY,2,10:05:20
06-04-18,PEMA32,0.658,10.3682403,76.99232723,1269.222168,Persea macrantha,100,18,162,N,6:50:00,11:50:00,10:01:29,JUMY,2,10:05:25
06-04-18,PEMA32,0.658,10.3682403,76.99232723,1269.222168,Persea macrantha,100,18,162,N,6:50:00,11:50:00,10:01:38,JUMY,1,10:05:25
06-04-18,PEMA32,0.658,10.3682403,76.99232723,1269.222168,Persea macrantha,100,18,162,N,6:50:00,11:50:00,10:02:10,JUMY,1,10:05:44
06-04-18,PEMA32,0.658,10.3682403,76.99232723,1269.222168,Persea macrantha,100,18,162,N,6:50:00,11:50:00,10:02:38,JUMY,1,10:07:38
06-04-18,PEMA32,0.658,10.3682403,76.99232723,1269.222168,Persea macrantha,100,18,162,N,6:50:00,11:50:00,10:07:36,STBU,1,10:08:36
06-04-18,PEMA32,0.658,10.3682403,76.99232723,1269.222168,Persea macrantha,100,18,162,N,6:50:00,11:50:00,10:24:00,JUMY,1,10:25:41
06-04-18,PEMA32,0.658,10.3682403,76.99232723,1269.222168,Persea macrantha,100,18,162,N,6:50:00,11:50:00,N,YBBU,1,N
06-04-18,PEMA32,0.658,10.3682403,76.99232723,1269.222168,Persea macrantha,100,18,162,N,6:50:00,11:50:00,10:48:11,RWBU,2,10:49:04
06-04-18,PEMA32,0.658,10.3682403,76.99232723,1269.222168,Persea macrantha,100,18,162,N,6:50:00,11:50:00,11:08:40,RWBU,1,11:14:17
06-04-18,PEMA32,0.658,10.3682403,76.99232723,1269.222168,Persea macrantha,100,18,162,N,6:50:00,11:50:00,11:10:20,STBU,1,11:11:20
06-04-18,PEMA32,0.658,10.3682403,76.99232723,1269.222168,Persea macrantha,100,18,162,N,6:50:00,11:50:00,11:14:32,YBBU,2,11:15:18
06-04-18,PEMA32,0.658,10.3682403,76.99232723,1269.222168,Persea macrantha,100,18,162,N,6:50:00,11:50:00,11:17:20,YBBU,1,11:17:58
06-04-18,PEMA32,0.658,10.3682403,76.99232723,1269.222168,Persea macrantha,100,18,162,N,6:50:00,11:50:00,11:27:30,RWBU,1,11:28:17
06-04-18,PEMA32,0.658,10.3682403,76.99232723,1269.222168,Persea macrantha,100,18,162,N,6:50:00,11:50:00,11:31:36,RWBU,1,11:32:06
06-04-18,PEMA32,0.658,10.3682403,76.99232723,1269.222168,Persea macrantha,100,18,162,N,6:50:00,11:50:00,11:49:30,STBU,2,11:50:00
06-04-18,MYDA01,0,10.36612001,76.93820327,1067.526855,Myristica dactyloides,30,28,237,N,13:00:00,17:10:00,N,MGHO,1,16:00:00
10-04-18,MYDA02,0,10.36639787,76.93832682,1053.857422,Myristica dactyloides,5,20,148,N,12:35:00,17:10:00,13:56:23,MGHO,1,14:02:43
14-04-18,MYDA03,0,10.36668705,76.93823285,1079.275879,Myristica dactyloides,4,20,182,N,6:40:00,12:40:00,7:23:16,MGHO,1,7:23:50
14-04-18,MYDA03,0,10.36668705,76.93823285,1079.275879,Myristica dactyloides,4,20,182,N,6:40:00,12:40:00,7:23:16,MGHO,1,7:24:32
14-04-18,MYDA03,0,10.36668705,76.93823285,1079.275879,Myristica dactyloides,4,20,182,N,6:40:00,12:40:00,7:38:34,MGHO,1,7:40:00
14-04-18,MYDA03,0,10.36668705,76.93823285,1079.275879,Myristica dactyloides,4,20,182,N,6:40:00,12:40:00,7:38:34,MGHO,1,7:41:00
14-04-18,MYDA03,0,10.36668705,76.93823285,1079.275879,Myristica dactyloides,4,20,182,N,6:40:00,12:40:00,7:47:00,MGHO,1,7:54:36
14-04-18,MYDA03,0,10.36668705,76.93823285,1079.275879,Myristica dactyloides,4,20,182,N,6:40:00,12:40:00,10:14:09,MGHO,1,10:25:09
17-04-18,MYDA04,0.467,10.34771629,76.89878988,980.436401,Myristica dactyloides,4,30,211,N,6:45:00,11:45:00,6:49:06,MGHO,1,6:51:44
17-04-18,MYDA04,0.467,10.34771629,76.89878988,980.436401,Myristica dactyloides,4,30,211,N,6:45:00,11:45:00,9:14:36,MGHO,1,9:15:41
17-04-18,MYDA04,0.467,10.34771629,76.89878988,980.436401,Myristica dactyloides,4,30,211,N,6:45:00,11:45:00,9:16:20,MGHO,1,9:17:50
17-04-18,MYDA04,0.467,10.34771629,76.89878988,980.436401,Myristica dactyloides,4,30,211,N,6:45:00,11:45:00,9:42:44,LTMA,1,9:52:20
17-04-18,MYDA04,0.467,10.34771629,76.89878988,980.436401,Myristica dactyloides,4,30,211,N,6:45:00,11:45:00,9:45:05,BOMA,2,9:52:30
17-04-18,MYDA04,0.467,10.34771629,76.89878988,980.436401,Myristica dactyloides,4,30,211,N,6:45:00,11:45:00,9:45:05,BOMA,1,9:53:45
17-04-18,MYDA04,0.467,10.34771629,76.89878988,980.436401,Myristica dactyloides,4,30,211,N,6:45:00,11:45:00,11:08:08,MGHO,1,11:13:33
17-04-18,MYDA04,0.467,10.34771629,76.89878988,980.436401,Myristica dactyloides,4,30,211,N,6:45:00,11:45:00,11:12:00,MGHO,1,11:14:41
17-04-18,MYDA05,0.483,10.34755259,76.89824807,979.143677,Myristica dactyloides,13,30,169,N,12:35:00,16:35:00,13:51:48,NILA,1,14:11:00
17-04-18,MYDA05,0.483,10.34755259,76.89824807,979.143677,Myristica dactyloides,13,30,169,N,12:35:00,16:35:00,14:03:12,NILA,1,14:17:28
18-04-18,MYDA06,0.676,10.35785,76.917834,1142.44,Myristica dactyloides,10,24,189,N,7:15:00,12:15:00,N,NONE,0,N
18-04-18,MYDA07,0.61,10.35741641,76.91566139,1104.21,Myristica dactyloides,22,26,167,N,12:50:00,17:00:00,N,NONE,0,N
19-04-18,MYDA08,0.466,10.30956731,76.83735539,905.006042,Myristica dactyloides,44,20,167,N,6:26:00,11:35:00,N,MGSQ,1,6:28:00
19-04-18,MYDA08,0.466,10.30956731,76.83735539,905.006042,Myristica dactyloides,44,20,167,N,6:26:00,11:35:00,N,NILA,1,6:36:00
19-04-18,MYDA08,0.466,10.30956731,76.83735539,905.006042,Myristica dactyloides,44,20,167,N,6:26:00,11:35:00,6:29:50,MGHO,1,6:30:19
19-04-18,MYDA08,0.466,10.30956731,76.83735539,905.006042,Myristica dactyloides,44,20,167,N,6:26:00,11:35:00,6:54:10,MGHO,1,6:57:52
19-04-18,MYDA08,0.466,10.30956731,76.83735539,905.006042,Myristica dactyloides,44,20,167,N,6:26:00,11:35:00,6:53:50,MGHO,1,6:57:52
19-04-18,MYDA08,0.466,10.30956731,76.83735539,905.006042,Myristica dactyloides,44,20,167,N,6:26:00,11:35:00,7:18:00,NILA,1,7:24:38
19-04-18,MYDA08,0.466,10.30956731,76.83735539,905.006042,Myristica dactyloides,44,20,167,N,6:26:00,11:35:00,7:27:28,MGHO,1,7:28:24
19-04-18,MYDA08,0.466,10.30956731,76.83735539,905.006042,Myristica dactyloides,44,20,167,N,6:26:00,11:35:00,7:47:37,NILA,1,7:51:31
19-04-18,MYDA08,0.466,10.30956731,76.83735539,905.006042,Myristica dactyloides,44,20,167,N,6:26:00,11:35:00,7:46:40,MGSQ,1,7:52:57
19-04-18,MYDA08,0.466,10.30956731,76.83735539,905.006042,Myristica dactyloides,44,20,167,N,6:26:00,11:35:00,7:58:55,MGHO,1,7:59:14
19-04-18,MYDA08,0.466,10.30956731,76.83735539,905.006042,Myristica dactyloides,44,20,167,N,6:26:00,11:35:00,8:00:57,MGHO,1,N
19-04-18,MYDA08,0.466,10.30956731,76.83735539,905.006042,Myristica dactyloides,44,20,167,N,6:26:00,11:35:00,8:00:00,MIPI,1,8:32:18
19-04-18,MYDA08,0.466,10.30956731,76.83735539,905.006042,Myristica dactyloides,44,20,167,N,6:26:00,11:35:00,8:03:42,MGHO,1,8:06:07
19-04-18,MYDA08,0.466,10.30956731,76.83735539,905.006042,Myristica dactyloides,44,20,167,N,6:26:00,11:35:00,8:17:42,MGHO,1,N
19-04-18,MYDA08,0.466,10.30956731,76.83735539,905.006042,Myristica dactyloides,44,20,167,N,6:26:00,11:35:00,8:03:40,MIPI,1,N
19-04-18,MYDA08,0.466,10.30956731,76.83735539,905.006042,Myristica dactyloides,44,20,167,N,6:26:00,11:35:00,9:07:29,MGHO,1,9:07:40
19-04-18,MYDA08,0.466,10.30956731,76.83735539,905.006042,Myristica dactyloides,44,20,167,N,6:26:00,11:35:00,9:09:50,MGHO,1,9:12:57
19-04-18,MYDA08,0.466,10.30956731,76.83735539,905.006042,Myristica dactyloides,44,20,167,N,6:26:00,11:35:00,10:41:24,NILA,1,10:44:53
19-04-18,MYDA08,0.466,10.30956731,76.83735539,905.006042,Myristica dactyloides,44,20,167,N,6:26:00,11:35:00,10:42:00,NILA,1,11:01:00
19-04-18,MYDA08,0.466,10.30956731,76.83735539,905.006042,Myristica dactyloides,44,20,167,N,6:26:00,11:35:00,10:42:38,NILA,1,11:00:00
19-04-18,MYDA08,0.466,10.30956731,76.83735539,905.006042,Myristica dactyloides,44,20,167,N,6:26:00,11:35:00,10:52:00,NILA,1,11:10:10
19-04-18,MYDA08,0.466,10.30956731,76.83735539,905.006042,Myristica dactyloides,44,20,167,N,6:26:00,11:35:00,11:01:00,MGSQ,1,11:19:53
19-04-18,MYDA08,0.466,10.30956731,76.83735539,905.006042,Myristica dactyloides,44,20,167,N,6:26:00,11:35:00,11:05:00,MGSQ,1,11:16:59
19-04-18,MYDA08,0.466,10.30956731,76.83735539,905.006042,Myristica dactyloides,44,20,167,N,6:26:00,11:35:00,11:33:00,NILA,1,11:35:43
19-04-18,MYDA09,0.657,10.30776319,76.83397464,866.351379,Myristica dactyloides,15,18,115,N,12:45:00,17:05:00,13:18:10,MIPI,1,16:21:19
20-04-18,MYDA10,0.976,10.31491849,76.83060813,971.13562,Myristica dactyloides,2,19,142,N,6:55:00,12:00:00,N,MIPI,1,7:44:58
20-04-18,MYDA11,0.9,10.3142538,76.8326943,954.966003,Myristica dactyloides,5,17,178,N,12:35:00,17:00:00,16:25:47,MGHO,1,16:26:14
24-04-18,MYDA12,0.929,10.372744,76.993368,1349.94,Myristica dactyloides,5,23,179,N,13:15:00,17:15:00,N,NONE,0,N
25-04-18,MYDA13,0.365,10.34741672,76.93420426,1101.88,Myristica dactyloides,8,31,235,N,6:30:00,11:44:00,6:47:02,MGHO,1,6:59:08
25-04-18,MYDA13,0.365,10.34741672,76.93420426,1101.88,Myristica dactyloides,8,31,235,N,6:30:00,11:44:00,7:04:27,MGHO,1,7:07:06
25-04-18,MYDA13,0.365,10.34741672,76.93420426,1101.88,Myristica dactyloides,8,31,235,N,6:30:00,11:44:00,7:04:38,MGHO,1,7:07:06
25-04-18,MYDA13,0.365,10.34741672,76.93420426,1101.88,Myristica dactyloides,8,31,235,N,6:30:00,11:44:00,7:28:00,MGHO,1,7:28:57
25-04-18,MYDA13,0.365,10.34741672,76.93420426,1101.88,Myristica dactyloides,8,31,235,N,6:30:00,11:44:00,7:54:00,MGHO,1,7:57:13
25-04-18,MYDA13,0.365,10.34741672,76.93420426,1101.88,Myristica dactyloides,8,31,235,N,6:30:00,11:44:00,7:59:00,MGHO,1,8:02:48
25-04-18,MYDA13,0.365,10.34741672,76.93420426,1101.88,Myristica dactyloides,8,31,235,N,6:30:00,11:44:00,7:59:00,MGHO,1,8:03:07
25-04-18,MYDA13,0.365,10.34741672,76.93420426,1101.88,Myristica dactyloides,8,31,235,N,6:30:00,11:44:00,8:00:00,MGHO,1,8:03:00
25-04-18,MYDA13,0.365,10.34741672,76.93420426,1101.88,Myristica dactyloides,8,31,235,N,6:30:00,11:44:00,8:00:00,MGHO,1,8:03:20
25-04-18,MYDA13,0.365,10.34741672,76.93420426,1101.88,Myristica dactyloides,8,31,235,N,6:30:00,11:44:00,8:05:00,MGHO,1,8:10:25
25-04-18,MYDA13,0.365,10.34741672,76.93420426,1101.88,Myristica dactyloides,8,31,235,N,6:30:00,11:44:00,8:07:36,MGHO,2,8:10:36
25-04-18,MYDA13,0.365,10.34741672,76.93420426,1101.88,Myristica dactyloides,8,31,235,N,6:30:00,11:44:00,8:08:08,MGHO,3,8:10:55
25-04-18,MYDA13,0.365,10.34741672,76.93420426,1101.88,Myristica dactyloides,8,31,235,N,6:30:00,11:44:00,8:08:08,MGHO,1,8:10:58
25-04-18,MYDA13,0.365,10.34741672,76.93420426,1101.88,Myristica dactyloides,8,31,235,N,6:30:00,11:44:00,8:09:19,MGHO,1,8:11:10
25-04-18,MYDA13,0.365,10.34741672,76.93420426,1101.88,Myristica dactyloides,8,31,235,N,6:30:00,11:44:00,8:11:24,MGHO,1,N
25-04-18,MYDA13,0.365,10.34741672,76.93420426,1101.88,Myristica dactyloides,8,31,235,N,6:30:00,11:44:00,8:14:40,MGHO,1,8:16:40
25-04-18,MYDA13,0.365,10.34741672,76.93420426,1101.88,Myristica dactyloides,8,31,235,N,6:30:00,11:44:00,8:39:40,MGSQ,1,8:44:16
25-04-18,MYDA13,0.365,10.34741672,76.93420426,1101.88,Myristica dactyloides,8,31,235,N,6:30:00,11:44:00,8:40:56,GRHO,1,8:48:26
25-04-18,MYDA13,0.365,10.34741672,76.93420426,1101.88,Myristica dactyloides,8,31,235,N,6:30:00,11:44:00,8:41:20,GRHO,1,8:50:22
25-04-18,MYDA13,0.365,10.34741672,76.93420426,1101.88,Myristica dactyloides,8,31,235,N,6:30:00,11:44:00,8:41:32,MGHO,1,N
25-04-18,MYDA13,0.365,10.34741672,76.93420426,1101.88,Myristica dactyloides,8,31,235,N,6:30:00,11:44:00,8:42:42,GRHO,1,8:50:53
25-04-18,MYDA13,0.365,10.34741672,76.93420426,1101.88,Myristica dactyloides,8,31,235,N,6:30:00,11:44:00,8:44:16,MGHO,1,N
25-04-18,MYDA13,0.365,10.34741672,76.93420426,1101.88,Myristica dactyloides,8,31,235,N,6:30:00,11:44:00,8:43:10,MGHO,1,8:52:16
25-04-18,MYDA13,0.365,10.34741672,76.93420426,1101.88,Myristica dactyloides,8,31,235,N,6:30:00,11:44:00,8:50:20,MGHO,1,8:52:20
25-04-18,MYDA13,0.365,10.34741672,76.93420426,1101.88,Myristica dactyloides,8,31,235,N,6:30:00,11:44:00,8:51:46,MGHO,1,8:52:30
25-04-18,MYDA13,0.365,10.34741672,76.93420426,1101.88,Myristica dactyloides,8,31,235,N,6:30:00,11:44:00,8:55:03,MGSQ,1,8:58:37
25-04-18,MYDA13,0.365,10.34741672,76.93420426,1101.88,Myristica dactyloides,8,31,235,N,6:30:00,11:44:00,8:58:40,MGSQ,1,9:15:59
25-04-18,MYDA13,0.365,10.34741672,76.93420426,1101.88,Myristica dactyloides,8,31,235,N,6:30:00,11:44:00,9:04:00,MGHO,1,9:04:56
25-04-18,MYDA13,0.365,10.34741672,76.93420426,1101.88,Myristica dactyloides,8,31,235,N,6:30:00,11:44:00,9:08:10,MGHO,1,N
25-04-18,MYDA13,0.365,10.34741672,76.93420426,1101.88,Myristica dactyloides,8,31,235,N,6:30:00,11:44:00,9:16:57,LTMA,1,9:18:33
25-04-18,MYDA13,0.365,10.34741672,76.93420426,1101.88,Myristica dactyloides,8,31,235,N,6:30:00,11:44:00,9:16:40,MGHO,1,9:17:30
25-04-18,MYDA13,0.365,10.34741672,76.93420426,1101.88,Myristica dactyloides,8,31,235,N,6:30:00,11:44:00,9:16:40,MGHO,1,9:18:14
25-04-18,MYDA13,0.365,10.34741672,76.93420426,1101.88,Myristica dactyloides,8,31,235,N,6:30:00,11:44:00,9:19:57,MGHO,1,N
25-04-18,MYDA13,0.365,10.34741672,76.93420426,1101.88,Myristica dactyloides,8,31,235,N,6:30:00,11:44:00,9:11:50,MGSQ,1,9:43:11
25-04-18,MYDA13,0.365,10.34741672,76.93420426,1101.88,Myristica dactyloides,8,31,235,N,6:30:00,11:44:00,9:27:00,MGHO,1,9:28:28
25-04-18,MYDA13,0.365,10.34741672,76.93420426,1101.88,Myristica dactyloides,8,31,235,N,6:30:00,11:44:00,9:40:49,MGSQ,1,9:42:50
25-04-18,MYDA13,0.365,10.34741672,76.93420426,1101.88,Myristica dactyloides,8,31,235,N,6:30:00,11:44:00,9:56:00,MGSQ,1,10:14:16
25-04-18,MYDA13,0.365,10.34741672,76.93420426,1101.88,Myristica dactyloides,8,31,235,N,6:30:00,11:44:00,10:02:00,LTMA,1,10:03:00
25-04-18,MYDA13,0.365,10.34741672,76.93420426,1101.88,Myristica dactyloides,8,31,235,N,6:30:00,11:44:00,10:03:20,LTMA,1,10:04:00
25-04-18,MYDA13,0.365,10.34741672,76.93420426,1101.88,Myristica dactyloides,8,31,235,N,6:30:00,11:44:00,10:04:54,LTMA,1,10:06:15
25-04-18,MYDA13,0.365,10.34741672,76.93420426,1101.88,Myristica dactyloides,8,31,235,N,6:30:00,11:44:00,11:37:00,MGHO,1,N
25-04-18,MYDA13,0.365,10.34741672,76.93420426,1101.88,Myristica dactyloides,8,31,235,N,6:30:00,11:44:00,11:39:00,MGHO,1,11:41:30
25-04-18,MYDA13,0.365,10.34741672,76.93420426,1101.88,Myristica dactyloides,8,31,235,N,6:30:00,11:44:00,11:40:35,MGHO,1,11:41:06
25-04-18,MYDA13,0.365,10.34741672,76.93420426,1101.88,Myristica dactyloides,8,31,235,N,6:30:00,11:44:00,11:40:50,MGHO,1,11:41:26
25-04-18,MYDA14,0.389,10.34749718,76.9337358,1099.05,Myristica dactyloides,7,33,265,N,13:15:00,17:10:00,15:30:00,MGHO,1,15:30:37
25-04-18,MYDA14,0.389,10.34749718,76.9337358,1099.05,Myristica dactyloides,7,33,265,N,13:15:00,17:10:00,N,MGHO,1,16:04:00
25-04-18,MYDA14,0.389,10.34749718,76.9337358,1099.05,Myristica dactyloides,7,33,265,N,13:15:00,17:10:00,16:30:42,MGHO,1,16:33:48
25-04-18,MYDA14,0.389,10.34749718,76.9337358,1099.05,Myristica dactyloides,7,33,265,N,13:15:00,17:10:00,16:33:10,MGHO,1,16:33:18
25-04-18,MYDA14,0.389,10.34749718,76.9337358,1099.05,Myristica dactyloides,7,33,265,N,13:15:00,17:10:00,16:42:00,MGHO,1,16:43:40
25-04-18,MYDA14,0.389,10.34749718,76.9337358,1099.05,Myristica dactyloides,7,33,265,N,13:15:00,17:10:00,15:30:00,MGHO,1,15:30:37
25-04-18,MYDA14,0.389,10.34749718,76.9337358,1099.05,Myristica dactyloides,7,33,265,N,13:15:00,17:10:00,N,MGHO,1,16:04:00
25-04-18,MYDA14,0.389,10.34749718,76.9337358,1099.05,Myristica dactyloides,7,33,265,N,13:15:00,17:10:00,16:30:42,MGHO,1,16:33:48
25-04-18,MYDA14,0.389,10.34749718,76.9337358,1099.05,Myristica dactyloides,7,33,265,N,13:15:00,17:10:00,16:33:10,MGHO,1,16:33:18
25-04-18,MYDA14,0.389,10.34749718,76.9337358,1099.05,Myristica dactyloides,7,33,265,N,13:15:00,17:10:00,16:42:00,MGHO,1,16:43:40
26-04-18,MYDA15,0,10.36749758,76.9362502,1078.04,Myristica dactyloides,2,28,195,N,6:40:00,11:50:00,N,MGSQ,1,6:46:00
26-04-18,MYDA15,0,10.36749758,76.9362502,1078.04,Myristica dactyloides,2,28,195,N,6:40:00,11:50:00,6:46:10,MGHO,1,6:49:32
26-04-18,MYDA15,0,10.36749758,76.9362502,1078.04,Myristica dactyloides,2,28,195,N,6:40:00,11:50:00,7:04:40,MGHO,1,7:09:10
26-04-18,MYDA15,0,10.36749758,76.9362502,1078.04,Myristica dactyloides,2,28,195,N,6:40:00,11:50:00,7:43:00,MGSQ,1,7:45:20
26-04-18,MYDA15,0,10.36749758,76.9362502,1078.04,Myristica dactyloides,2,28,195,N,6:40:00,11:50:00,7:43:10,MGHO,1,7:48:30
26-04-18,MYDA15,0,10.36749758,76.9362502,1078.04,Myristica dactyloides,2,28,195,N,6:40:00,11:50:00,7:56:30,MGHO,1,7:58:50
26-04-18,MYDA15,0,10.36749758,76.9362502,1078.04,Myristica dactyloides,2,28,195,N,6:40:00,11:50:00,8:05:00,MGHO,1,8:08:00
26-04-18,MYDA16,0.409,10.34686318,76.93357486,1088.2,Myristica dactyloides,8,33,203,N,12:40:00,17:00:00,14:55:30,MGHO,1,14:58:11
26-04-18,MYDA16,0.409,10.34686318,76.93357486,1088.2,Myristica dactyloides,8,33,203,N,12:40:00,17:00:00,14:55:40,MGHO,1,14:58:20
26-04-18,MYDA16,0.409,10.34686318,76.93357486,1088.2,Myristica dactyloides,8,33,203,N,12:40:00,17:00:00,15:51:00,MGHO,1,15:54:15
26-04-18,MYDA16,0.409,10.34686318,76.93357486,1088.2,Myristica dactyloides,8,33,203,N,12:40:00,17:00:00,15:51:10,MGHO,1,15:55:30
26-04-18,MYDA16,0.409,10.34686318,76.93357486,1088.2,Myristica dactyloides,8,33,203,N,12:40:00,17:00:00,N,MIPI,1,16:28:35
26-04-18,MYDA16,0.409,10.34686318,76.93357486,1088.2,Myristica dactyloides,8,33,203,N,12:40:00,17:00:00,16:52:17,MGHO,1,16:53:17
26-04-18,MYDA16,0.409,10.34686318,76.93357486,1088.2,Myristica dactyloides,8,33,203,N,12:40:00,17:00:00,16:52:17,MGHO,1,16:54:20
26-04-18,MYDA16,0.409,10.34686318,76.93357486,1088.2,Myristica dactyloides,8,33,203,N,12:40:00,17:00:00,16:52:17,MGHO,1,16:55:18
28-04-18,MYDA17,0.978,10.31451272,76.83059832,958.175903,Myristica dactyloides,4,21,128,N,7:30:00,12:30:00,9:20:06,MGHO,1,9:20:49
28-04-18,MYDA18,0.74,10.30913925,76.83428301,889.415649,Myristica dactyloides,3,20,121,N,12:55:00,17:00:00,N,MIPI,2,12:59:44
29-04-18,MYDA19,0.503,10.35662767,76.91587245,1122.98,Myristica dactyloides,7,30,196,N,6:41:00,11:50:00,N,MGSQ,1,7:01:10
29-04-18,MYDA19,0.503,10.35662767,76.91587245,1122.98,Myristica dactyloides,7,30,196,N,6:41:00,11:50:00,8:19:00,GRHO,1,8:20:14
29-04-18,MYDA20,0.414,10.34821761,76.93243174,1041.34,Myristica dactyloides,3,29,165,N,13:01:00,17:05:00,13:02:19,MGHO,1,13:06:38
29-04-18,MYDA20,0.414,10.34821761,76.93243174,1041.34,Myristica dactyloides,3,29,165,N,13:01:00,17:05:00,14:08:20,MGHO,1,14:10:40
30-04-18,MYDA21,0.365,10.34802625,76.93409462,964.510437,Myristica dactyloides,2,28,196,N,6:15:00,11:15:00,7:39:00,MGHO,1,7:41:45
30-04-18,MYDA21,0.365,10.34802625,76.93409462,964.510437,Myristica dactyloides,2,28,196,N,6:15:00,11:15:00,7:40:54,MGHO,1,7:41:00
30-04-18,MYDA21,0.365,10.34802625,76.93409462,964.510437,Myristica dactyloides,2,28,196,N,6:15:00,11:15:00,7:44:58,MGHO,1,7:48:02
30-04-18,MYDA21,0.365,10.34802625,76.93409462,964.510437,Myristica dactyloides,2,28,196,N,6:15:00,11:15:00,7:46:00,MIPI,1,7:49:50
30-04-18,MYDA21,0.365,10.34802625,76.93409462,964.510437,Myristica dactyloides,2,28,196,N,6:15:00,11:15:00,7:46:26,MIPI,1,7:48:30
30-04-18,MYDA21,0.365,10.34802625,76.93409462,964.510437,Myristica dactyloides,2,28,196,N,6:15:00,11:15:00,8:19:20,MGHO,1,8:21:12
30-04-18,MYDA21,0.365,10.34802625,76.93409462,964.510437,Myristica dactyloides,2,28,196,N,6:15:00,11:15:00,8:34:47,MGHO,1,8:38:26
30-04-18,MYDA21,0.365,10.34802625,76.93409462,964.510437,Myristica dactyloides,2,28,196,N,6:15:00,11:15:00,8:53:10,MGHO,1,8:57:14
30-04-18,MYDA21,0.365,10.34802625,76.93409462,964.510437,Myristica dactyloides,2,28,196,N,6:15:00,11:15:00,9:04:40,MGHO,1,9:09:16
30-04-18,MYDA21,0.365,10.34802625,76.93409462,964.510437,Myristica dactyloides,2,28,196,N,6:15:00,11:15:00,9:42:00,MGSQ,1,10:24:30
02-05-18,MYDA22,0.995,10.39540973,76.87197441,814.611023,Myristica dactyloides,2,24,135,N,7:10:00,12:10:00,N,NONE,0,N
03-05-18,MYDA23,1,10.40320801,76.87691513,710.563965,Myristica dactyloides,6,17,152,N,6:50:00,11:50:00,7:06:35,MGHO,1,7:10:10
03-05-18,MYDA23,1,10.40320801,76.87691513,710.563965,Myristica dactyloides,6,17,152,N,6:50:00,11:50:00,8:36:48,MGHO,1,8:38:05
03-05-18,MYDA23,1,10.40320801,76.87691513,710.563965,Myristica dactyloides,6,17,152,N,6:50:00,11:50:00,8:57:11,MGHO,1,8:59:06
03-05-18,MYDA23,1,10.40320801,76.87691513,710.563965,Myristica dactyloides,6,17,152,N,6:50:00,11:50:00,9:03:00,MGHO,1,9:06:44
03-05-18,MYDA23,1,10.40320801,76.87691513,710.563965,Myristica dactyloides,6,17,152,N,6:50:00,11:50:00,11:33:13,MGHO,1,11:36:17
03-05-18,MYDA24,1,10.40674232,76.87600695,721.457458,Myristica dactyloides,4,21,162,N,12:10:00,17:10:00,15:38:57,MGHO,1,15:40:59
03-05-18,MYDA24,1,10.40674232,76.87600695,721.457458,Myristica dactyloides,4,21,162,N,12:10:00,17:10:00,15:45:00,NILA,1,15:45:17
03-05-18,MYDA24,1,10.40674232,76.87600695,721.457458,Myristica dactyloides,4,21,162,N,12:10:00,17:10:00,16:47:57,MGHO,1,16:49:00
04-05-18,MYDA31,1,10.40640939,76.87440625,783.805908,Myristica dactyloides,1,24,214,N,7:10:00,11:38:00,N,NONE,0,N
04-05-18,MYDA25,1,10.39644197,76.87706533,705.895142,Myristica dactyloides,7,18,116,N,12:31:00,17:10:00,16:01:58,NILA,1,16:03:42
04-05-18,MYDA25,1,10.39644197,76.87706533,705.895142,Myristica dactyloides,7,18,116,N,12:31:00,17:10:00,16:08:46,NILA,1,16:22:11
04-05-18,MYDA25,1,10.39644197,76.87706533,705.895142,Myristica dactyloides,7,18,116,N,12:31:00,17:10:00,16:50:18,MGHO,1,16:54:30
04-05-18,MYDA25,1,10.39644197,76.87706533,705.895142,Myristica dactyloides,7,18,116,N,12:31:00,17:10:00,16:53:33,MIPI,1,16:55:12
04-05-18,MYDA25,1,10.39644197,76.87706533,705.895142,Myristica dactyloides,7,18,116,N,12:31:00,17:10:00,16:54:00,MIPI,1,16:55:42
04-05-18,MYDA25,1,10.39644197,76.87706533,705.895142,Myristica dactyloides,7,18,116,N,12:31:00,17:10:00,16:55:00,MIPI,1,16:56:00
04-05-18,MYDA_ad_lib,N,N,N,N,Myristica dactyloides,N,N,N,N,N,N,8:00:50,MGHO,1,8:04:17
05-05-18,MYDA26,1,10.39667205,76.87724085,707.304565,Myristica dactyloides,2,21,107,N,7:20:00,12:30:00,N,NONE,0,N
05-05-18,MYDA27,1,10.39673156,76.87558944,713.025757,Myristica dactyloides,2,21,134,N,13:05:00,17:05:00,15:21:00,MGHO,1,15:24:13
06-05-18,MYDA28,0.941,10.38827028,76.87544955,704.841919,Myristica dactyloides,2,32,219,N,7:00:00,12:00:00,7:55:00,MGHO,1,7:56:15
06-05-18,MYDA29,1,10.40315436,76.87701998,711.382629,Myristica dactyloides,10,24,130,138,12:40:00,16:00:00,N,NONE,0,N
09-05-18,MYDA30,0.818,10.37449781,76.99336658,1339.745483,Myristica dactyloides,1,25,298,N,6:55:00,12:00:00,N,NONE,0,N
16-05-18,MYDA32,0.881,10.37314237,76.99405666,1372.390991,Myristica dactyloides,34,31,262,N,6:46:00,11:46:00,7:29:00,MGHO,2,7:31
16-05-18,MYDA32,0.881,10.37314237,76.99405666,1372.390991,Myristica dactyloides,34,31,262,N,6:46:00,11:46:00,7:34:00,MGHO,1,7:35
16-05-18,MYDA32,0.881,10.37314237,76.99405666,1372.390991,Myristica dactyloides,34,31,262,N,6:46:00,11:46:00,7:59:00,MIPI,1,8:02
16-05-18,MYDA32,0.881,10.37314237,76.99405666,1372.390991,Myristica dactyloides,34,31,262,N,6:46:00,11:46:00,8:09:00,MGHO,1,8:11
16-05-18,MYDA32,0.881,10.37314237,76.99405666,1372.390991,Myristica dactyloides,34,31,262,N,6:46:00,11:46:00,8:16:00,GRHO,2,8:19
16-05-18,MYDA32,0.881,10.37314237,76.99405666,1372.390991,Myristica dactyloides,34,31,262,N,6:46:00,11:46:00,8:23:00,MGHO,1,8:27
16-05-18,MYDA32,0.881,10.37314237,76.99405666,1372.390991,Myristica dactyloides,34,31,262,N,6:46:00,11:46:00,9:50:00,MGHO,1,9:52
16-05-18,MYDA32,0.881,10.37314237,76.99405666,1372.390991,Myristica dactyloides,34,31,262,N,6:46:00,11:46:00,9:52:00,NILA,3,9:55
16-05-18,MYDA32,0.881,10.37314237,76.99405666,1372.390991,Myristica dactyloides,34,31,262,N,6:46:00,11:46:00,10:06:00,NILA,2,10:10
16-05-18,MYDA32,0.881,10.37314237,76.99405666,1372.390991,Myristica dactyloides,34,31,262,N,6:46:00,11:46:00,10:17:00,NILA,1,10:24
16-05-18,MYDA32,0.881,10.37314237,76.99405666,1372.390991,Myristica dactyloides,34,31,262,N,6:46:00,11:46:00,10:26:00,NILA,2,10:43
16-05-18,MYDA32,0.881,10.37314237,76.99405666,1372.390991,Myristica dactyloides,34,31,262,N,6:46:00,11:46:00,10:43:00,MGSQ,1,11:05
16-05-18,MYDA32,0.881,10.37314237,76.99405666,1372.390991,Myristica dactyloides,34,31,262,N,6:46:00,11:46:00,10:51:00,NILA,1,10:51
17-05-18,MYDA33,0.801,10.37483577,76.99323993,1343.760254,Myristica dactyloides,40,29,149,N,6:50:00,11:50:00,8:16:00,MGHO,1,8:17
