date,year,month,day,precipitation,maxTemp,minTemp,temperature,maxRH,minRH,humidity,maxwind,minwind,windspeed,maxgust,mingust,gustspeed,maxdew,mindew,dewpoint,maxRad,minRad,radiance,daylight
2014-01-24,2014,1,24,0,26.182,14.673,19.2008125,90.6,59.4,76.13333333333334,1.26,0,0.46458333333333335,5.04,0.25,2.1329166666666666,18.1,12.1,14.78125,1976.2,1.2,534.3510416666667,11.75
2014-01-25,2014,1,25,0,25.768,15.438,19.423458333333333,92.4,54.6,74.6125,1.76,0,0.6397916666666666,6.55,0.25,3.0612500000000002,17.7,12.7,14.610416666666667,1993.7,1.2,517.059375,12
2014-01-26,2014,1,26,0,25.501,14.864,19.321041666666666,84.5,45.4,69.05104166666666,1.76,0,0.9472916666666666,7.3,1.51,4.1180208333333335,14.7,11.9,13.241666666666667,2018.7,1.2,543.153125,12
2014-01-27,2014,1,27,0,24.243,13.546,18.807708333333334,84.4,55.5,70.06041666666667,2.01,0.25,1.0078125,6.55,1.51,3.8351041666666665,15.6,10.8,13.064583333333333,1958.7,1.2,523.1010416666667,12
2014-01-28,2014,1,28,0,26.304,14.553,19.280958333333334,83.7,42.2,60.1625,1.51,0,0.7598958333333333,5.29,0.25,3.0460416666666665,15.5,6,11.16875,1968.7,1.2,523.153125,12
2014-01-29,2014,1,29,0,26.965,14.553,19.4190625,84,49.7,67.034375,1.26,0,0.6361458333333333,4.78,0.25,2.3852083333333334,16.5,11.2,12.9375,1968.7,1.2,517.7364583333333,12
2014-01-30,2014,1,30,0,26.304,15.079,19.50515625,83.7,48.1,66.746875,1.51,0,0.7373958333333334,5.54,0.5,2.673125,15.8,10.9,12.959375,1973.7,1.2,512.0333333333333,12
2014-01-31,2014,1,31,0,26.671,14.768,20.009177083333334,79.5,47.1,62.954166666666666,2.01,0,0.8475,7.05,0.76,3.2241666666666666,15.4,10.3,12.535416666666666,1993.7,1.2,527.5020833333333,12
2014-02-01,2014,2,1,0,25.89,16.01,20.1684375,78.6,56.8,68.453125,1.76,0.25,0.8763541666666667,6.55,1.76,3.4415625,17.4,10.8,14.10625,2008.7,1.2,520.2625,12
2014-02-02,2014,2,2,0,26.867,16.463,20.390927083333334,84.9,54.1,71.421875,1.76,0.5,1.0508333333333333,6.3,2.27,4.079166666666667,17.5,13,14.923958333333333,2011.2,1.2,540.41875,12
2014-02-03,2014,2,3,0,27.407,15.199,20.313125,88.7,40.2,64.24479166666667,1.51,0,0.7619791666666667,4.53,0.5,2.9145833333333333,15.5,10.5,12.775,2026.2,1.2,549.7416666666667,12
2014-02-04,2014,2,4,0,28.742,15.939,21.131625,78,37.4,55.23645833333333,1.51,0,0.4459375,4.78,0,2.1509375,14.9,8.6,11.442708333333334,2028.7,1.2,543.778125,12
2014-02-05,2014,2,5,0,29.065,14.697,20.92129166666667,87.5,32.8,56.58125,1.51,0,0.5067708333333334,4.78,0.5,2.1410416666666667,16.2,6.1,11.183333333333334,2006.2,1.2,545.2104166666667,12
2014-02-06,2014,2,6,0,29.84,14.697,21.2410625,74.2,18.2,38.7,1.76,0,0.6530208333333334,5.54,0.5,2.5603125,11.7,-2.6,5.078125,2053.7,1.2,573.075,12
2014-02-07,2014,2,7,0,29.74,14.361,20.742520833333334,53.3,18.1,33.682291666666664,1.26,0,0.42770833333333336,4.53,0.5,2.1147916666666666,8.2,0.7,3.439583333333333,2096.2,1.2,573.5958333333333,12
2014-02-08,2014,2,8,0,28.617,14.673,20.886958333333332,51.2,21.8,36.858333333333334,2.01,0,0.796875,6.55,0,3.2157291666666667,7.2,2.3,5.0125,2061.2,1.2,574.403125,12
2014-02-09,2014,2,9,0,29.464,14.409,21.2411875,92.8,22.8,41.735416666666666,1.51,0,0.49083333333333334,5.54,0,2.4365625,14.6,2.6,6.608333333333333,2058.7,1.2,569.6114583333333,12
2014-02-10,2014,2,10,0,29.665,13.449,20.70203125,95.4,35.3,67.48645833333333,1.01,0,0.3675,3.78,0,1.6578125,16.8,10.8,13.513541666666667,1993.7,1.2,538.621875,12
2014-02-11,2014,2,11,0,28.221,15.175,20.77471875,95.6,41,67.171875,1.01,0,0.2909375,3.78,0,1.7519791666666666,16.6,10.5,13.789583333333333,2066.2,1.2,471.3041666666667,12
2014-02-12,2014,2,12,0,26.085,14.505,19.305395833333332,95.7,59,82.29791666666667,1.01,0,0.13302083333333334,3.02,0,1.0595833333333333,18.1,13.2,15.973958333333334,1698.7,1.2,303.4135416666667,12
2014-02-13,2014,2,13,0,29.389,15.151,21.102333333333334,98,50.9,80.26458333333333,1.76,0,0.3616666666666667,5.29,0,1.6211458333333333,19.9,14.6,17.140625,2071.2,1.2,491.01770833333336,12
2014-02-14,2014,2,14,0,29.015,15.485,21.53425,97.3,51.4,80.534375,1.76,0,0.4615625,4.28,0,1.808125,19.8,15.1,17.621875,2158.7,1.2,475.2104166666667,12
2014-02-15,2014,2,15,0,26.916,16.654,20.572052083333332,98.4,62,87.85416666666667,1.76,0,0.3884375,4.28,0,1.4294791666666666,20.7,16.4,18.336458333333333,1468.7,1.2,268.3875,12
2014-02-16,2014,2,16,0,29.24,16.272,21.308791666666668,97.7,51.4,81.065625,1.76,0,0.543125,4.78,0,1.7333333333333334,19.8,15.6,17.538541666666667,2116.2,1.2,442.29375,12
2014-02-17,2014,2,17,0,30.571,15.7,22.02478125,98.1,40,70.284375,1.01,0,0.18052083333333332,3.53,0,1.2878125,19.7,11.2,15.6125,2158.7,1.2,506.7729166666667,12
2014-02-18,2014,2,18,0,28.048,16.677,21.437635416666666,91.5,61,77.62291666666667,1.26,0,0.35625,4.78,0,1.878125,20.1,15,17.2375,2091.2,1.2,466.98125,12
2014-02-19,2014,2,19,0,27.628,16.511,21.165395833333335,97.2,53.1,76.796875,1.26,0,0.4272916666666667,4.03,0,2.140833333333333,19.1,14.7,16.675,2103.7,1.2,473.7,12
2014-02-20,2014,2,20,0,26.329,15.294,20.382666666666665,96.4,62.7,81.88541666666667,1.26,0,0.3440625,4.53,0,1.5763541666666667,20.2,14.2,17.026041666666668,2103.7,1.2,444.6375,12
2014-02-21,2014,2,21,0,29.19,17.225,21.8723125,96.1,52.6,78.71354166666667,1.26,0,0.39364583333333336,4.28,0,1.8776041666666667,19.6,15.2,17.614583333333332,2236.2,1.2,531.1479166666667,12
2014-02-22,2014,2,22,0,28.593,16.963,21.5749375,95.3,58.2,77.45416666666667,1.26,0,0.2730208333333333,3.78,0,1.4214583333333333,20.2,14.4,17.242708333333333,2066.2,1.2,482.840625,12
2014-02-23,2014,2,23,0,28.444,16.01,21.119104166666666,93.6,50.3,71.71354166666667,1.51,0,0.3223958333333333,4.28,0.25,1.7075,19.3,12.2,15.546875,2086.2,1.2,518.621875,12
2014-02-24,2014,2,24,0.8,28.369,14.984,20.76928125,96.9,49.2,74.31979166666666,1.51,0,0.6092708333333333,5.79,0.5,2.558125,18.7,10.7,15.732291666666667,2083.7,1.2,569.325,12
2014-02-25,2014,2,25,0,28.122,17.011,21.245208333333334,98.7,55.4,79.340625,1.76,0,0.7080208333333333,5.79,0.25,3.0475,20.3,14.7,17.203125,2378.7,1.2,598.1010416666667,12
2014-02-26,2014,2,26,0,30.016,16.129,21.688614583333333,96.8,46.9,69.52499999999999,1.26,0,0.47770833333333335,4.53,0,2.241041666666667,19,11.1,15.414583333333333,2131.2,1.2,584.090625,12
2014-02-27,2014,2,27,0,30.117,14.816,21.337885416666666,93.4,39.8,69.94270833333333,0.76,0,0.20947916666666666,3.02,0,1.335625,19.1,11.1,15.265625,2178.7,1.2,420.6791666666667,12
2014-02-28,2014,2,28,0,30.394,16.915,21.6825,96.1,48.9,82.05104166666666,1.01,0,0.15989583333333335,3.78,0,1.1251041666666666,20.6,15.9,18.15833333333333,2241.2,1.2,354.325,12
2014-03-01,2014,3,1,0,27.628,17.819,21.8421875,96,61.3,81.21145833333334,1.26,0,0.29625,4.03,0,1.5684375,20.9,16.3,18.292708333333334,2073.7,1.2,461.66875,12.25
2014-03-02,2014,3,2,0,29.215,16.82,21.8595,96.3,53.2,80.26875,1.01,0,0.1940625,3.53,0,1.2248958333333333,19.7,16.2,17.959375,2268.7,1.2,469.4291666666667,12
2014-03-03,2014,3,3,1,27.628,16.439,20.64528125,97.3,64.2,86.459375,0.76,0,0.08083333333333334,3.53,0,0.9653125,20.7,15.9,18.178125,1506.2,1.2,284.61145833333336,12
2014-03-04,2014,3,4,0.2,26.916,17.558,21.261385416666666,97.7,65.5,84.79166666666667,1.01,0,0.1121875,3.27,0,1.2298958333333334,21.4,16.8,18.458333333333332,1931.2,1.2,325.39270833333336,12
2014-03-05,2014,3,5,1.4,28.593,16.915,20.915302083333334,97.3,58.9,84.553125,1.26,0,0.2490625,4.78,0,1.5132291666666666,21.4,16.2,18.003125,2136.2,1.2,390.2625,12.25
2014-03-06,2014,3,6,0,27.038,17.011,21.085864583333333,98.9,66.2,86.44791666666667,1.01,0,0.13614583333333333,4.03,0,1.1251041666666666,21.3,16.8,18.598958333333332,2231.2,1.2,409.090625,12
2014-03-07,2014,3,7,0,26.573,17.296,21.2549375,95.8,67.4,81.95208333333333,1.51,0,0.3280208333333333,5.29,0,1.825625,20.4,15.5,17.947916666666668,2221.2,1.2,430.78333333333336,12.25
2014-03-08,2014,3,8,0.8,29.165,16.892,21.144458333333333,95.4,55.4,78.215625,1.51,0,0.465,5.04,0,2.0801041666666666,19.7,14.2,17.026041666666668,2088.7,1.2,517.3979166666667,12.25
2014-03-09,2014,3,9,0.4,25.768,17.201,20.5746875,95.8,58.5,77.259375,1.26,0,0.3692708333333333,5.04,0,2.1245833333333333,19,13.4,16.23125,1883.7,1.2,347.34583333333336,12.25
2014-03-10,2014,3,10,0,28.444,17.249,21.65740625,84.3,48.7,68.49479166666666,1.01,0,0.2959375,4.28,0,1.9229166666666666,20,13.3,15.396875,2261.2,1.2,470.62708333333336,12.25
2014-03-11,2014,3,11,0,28.518,16.606,21.692489583333334,91.8,45.5,67.90416666666667,1.51,0,0.6325,6.8,1.01,3.035416666666667,18.7,12,15.105208333333334,2103.7,1.2,569.6635416666667,12.25
2014-03-12,2014,3,12,0,28.99,15.151,21.529,74.3,39.3,54.56041666666667,1.51,0,0.6144791666666667,5.54,0.5,2.7413541666666665,15.9,5.5,11.714583333333334,2126.2,1.2,576.4864583333333,12.25
2014-03-13,2014,3,13,0,28.941,15.652,21.5845625,71.1,39.1,54.188541666666666,1.51,0,0.7430208333333334,5.79,0.76,3.0401041666666666,16.6,5.2,11.733333333333333,2128.7,1.2,570.2364583333333,12.25
2014-03-14,2014,3,14,0,30.192,17.32,22.575708333333335,57.4,28.4,40.25416666666667,1.76,0,0.6745833333333333,6.8,0.5,3.0403125,11.2,1.9,8.071875,2156.2,1.2,571.3822916666667,12.25
2014-03-15,2014,3,15,0,30.066,16.129,21.605604166666666,60.5,21.8,37.11354166666667,1.26,0,0.4013541666666667,5.04,0,2.2538541666666667,10.2,0.6,5.763541666666667,2073.7,1.2,495.9916666666667,12.25
2014-03-16,2014,3,16,0,31.382,17.772,23.083583333333333,55,19.7,33.083333333333336,2.77,0,0.88375,8.06,0.5,3.530625,9.4,2.4,5.508333333333333,2158.7,1.2,567.7104166666667,12.25
2014-03-17,2014,3,17,0,30.773,17.082,23.39015625,58.8,22.9,34.075,1.51,0,0.6160416666666667,5.54,1.01,2.7560416666666665,12.7,0.3,6.175,2148.7,1.2,569.5333333333333,12.25
2014-03-18,2014,3,18,0,31.996,17.891,23.696208333333335,71.8,31.4,45.040625,1.76,0,0.5513541666666667,6.55,0,2.5448958333333334,13.6,6.2,10.632291666666667,2158.7,1.2,561.6687499999999,12.25
2014-03-19,2014,3,19,2.2,31.535,16.606,23.651354166666668,93.7,36,57.31458333333333,1.26,0,0.41239583333333335,6.8,0,1.8525,20,7.4,14.166666666666666,2141.2,1.2,548.4916666666667,12.25
2014-03-20,2014,3,20,0,30.621,18.319,23.231416666666668,94.5,49.1,73.75208333333333,1.51,0,0.3877083333333333,5.29,0,1.9779166666666665,20.7,14.2,17.757291666666667,2146.2,1.2,428.75208333333336,12.25
2014-03-21,2014,3,21,0,31.842,17.748,23.90434375,97.3,30.9,73.41666666666667,1.26,0,0.3544791666666667,5.04,0,1.7502083333333334,20.5,11.9,17.694791666666667,2101.2,1.2,554.9760416666667,12.25
2014-03-22,2014,3,22,0,31.052,17.653,22.79475,97.3,45.3,79.75,1.26,0,0.3123958333333333,4.53,0,1.3534375,20.9,15.7,18.682291666666668,1806.2,1.2,368.3875,12.25
2014-03-23,2014,3,23,0,31.842,17.867,23.307375,97.4,37.3,75.98645833333333,1.51,0,0.3123958333333333,4.53,0,1.4353125,20.4,12.6,18.101041666666667,2111.2,1.2,505.39270833333336,12.25
2014-03-24,2014,3,24,0,32.355,16.844,23.0620625,98.2,23,64.19895833333334,1.51,0,0.37041666666666667,5.04,0,1.7317708333333333,20.8,5.2,14.039583333333333,2138.7,1.2,551.2,12.25
2014-03-25,2014,3,25,0,32.304,16.177,23.472052083333335,95.2,21.9,54.942708333333336,1.76,0,0.48833333333333334,6.55,0,2.219375,19.1,4.6,11.9125,2123.7,1.2,552.371875,12.25
2014-03-26,2014,3,26,0,31.408,19.008,24.616072916666667,62.3,21.6,31.922916666666666,1.76,0,0.719375,7.55,0.5,3.2594791666666665,11.8,-0.6,6.089583333333334,2141.2,1.2,570.8614583333333,12.25
2014-03-27,2014,3,27,0,31.026,15.485,23.016489583333332,65.5,23.9,39.875,1.01,0,0.3676041666666667,4.53,0,1.875625,14.3,0.2,8.064583333333333,2088.7,1.2,568.3614583333333,12.25
2014-03-28,2014,3,28,0,30.672,16.439,23.175,79.2,22.9,46.563541666666666,1.01,0,0.33364583333333336,5.04,0.25,1.894375,14,5.4,10.015625,2113.7,1.2,507.45,12.5
2014-03-29,2014,3,29,0,32.975,19.436,25.52205208333333,42.7,19.5,28.819791666666667,1.51,0,0.821875,7.05,0.76,3.5484375,8.2,1.7,5.625,2071.2,1.2,573.2052083333333,12.25
2014-03-30,2014,3,30,0,34.202,17.32,24.151114583333335,93.2,21.4,53.302083333333336,1.26,0,0.33135416666666667,4.78,0,1.7633333333333334,19.4,6.5,12.541666666666666,2058.7,1.2,566.2,12.5
2014-03-31,2014,3,31,0,32.098,17.13,23.502697916666666,96.2,33.6,74.09479166666667,1.51,0,0.3284375,4.28,0,1.5819791666666667,20.6,11.6,17.508333333333333,1948.7,1.2,522.3979166666667,12.5
2014-04-01,2014,4,1,0,31.637,17.748,23.360583333333334,96.4,49.5,79.98125,1.76,0,0.40708333333333335,4.53,0,1.5765625,20.8,16.8,19.282291666666666,1891.2,1.2,463.12708333333336,12.5
2014-04-02,2014,4,2,0,29.54,18.057,23.359791666666666,96.8,56.7,81.55833333333334,1.01,0,0.18322916666666667,3.27,0,1.1332291666666667,21.6,17.2,19.714583333333334,1633.7,1.2,347.60625,12.5
2014-04-03,2014,4,3,0,32.924,18.438,24.463802083333334,99.2,30,73.63020833333333,1.26,0,0.33895833333333336,5.29,0,1.6789583333333333,21.5,8.4,18.176041666666666,2038.7,1.2,551.0958333333333,12.25
2014-04-04,2014,4,4,0,32.098,18.2,23.974145833333335,97.3,41,76.05104166666666,1.26,0,0.25697916666666665,4.28,0,1.424375,21.2,12.4,18.729166666666668,2066.2,1.2,515.0541666666667,12.5
2014-04-05,2014,4,5,0,31.637,18.723,23.386364583333332,97.4,47.6,76.07083333333334,1.51,0,0.3044791666666667,6.8,0,1.673125,21,14.1,18.479166666666668,1941.2,1.2,453.621875,12.5
2014-04-06,2014,4,6,0,30.697,17.748,23.249604166666668,96.5,52.7,77.521875,1.51,0,0.3620833333333333,4.28,0,1.8233333333333333,20.7,16.3,18.705208333333335,2083.7,1.2,436.8510416666667,12.5
2014-04-07,2014,4,7,8,29.24,18.366,21.272229166666666,97.9,59.5,89.61458333333333,1.26,0,0.16010416666666666,4.28,0,1.0542708333333333,21.5,17,19.313541666666666,2108.7,1.2,279.61145833333336,12.25
2014-04-08,2014,4,8,8.4,27.727,18.866,21.396989583333333,99,69.8,91.225,1.01,0,0.16239583333333332,3.78,0,0.9704166666666667,22.7,17.6,19.839583333333334,1911.2,1.2,302.29375,12.5
2014-04-09,2014,4,9,0.4,29.215,17.201,21.334072916666667,98.6,58.2,84.27083333333334,2.01,0,0.301875,5.79,0,1.3322916666666667,22.8,13.6,18.380208333333332,1936.2,1.2,361.6947916666667,12.5
2014-04-10,2014,4,10,0,30.343,17.867,21.672416666666667,95.5,54.8,82.4125,1.26,0,0.1809375,4.28,0,1.1879166666666667,21,16.4,18.34375,1943.7,1.2,385.6010416666667,12.5
2014-04-11,2014,4,11,1.5999999999999999,30.041,17.391,22.22465625,97.2,48.5,81.70520833333333,1.51,0,0.38864583333333336,5.04,0,1.5317708333333333,22.3,16.4,18.634375,1928.7,1.2,405.93958333333336,12.5
2014-04-12,2014,4,12,2.6,30.571,18.295,22.60753125,98.8,50.7,82.54166666666667,1.26,0,0.19427083333333334,3.53,0,1.0961458333333334,21.2,15.8,19.128125,1893.7,1.2,365.2104166666667,12.5
2014-04-13,2014,4,13,0.2,29.89,18.533,22.5519375,99.9,61,86.62083333333334,2.01,0,0.128125,5.29,0,1.0226041666666668,22.8,17.9,20.02916666666667,1788.7,1.2,357.42395833333336,12.5
2014-04-14,2014,4,14,0,29.815,18.461,22.491020833333334,98.6,54.7,83.215625,1.76,0,0.20416666666666666,3.78,0,1.2297916666666666,21.6,17.8,19.214583333333334,2078.7,1.2,428.3354166666667,12.5
2014-04-15,2014,4,15,0,30.874,18.319,22.975364583333334,96.7,47.7,82.73854166666666,1.76,0,0.16208333333333333,3.27,0,1.2007291666666666,21.8,17.3,19.49791666666667,2091.2,1.2,483.36145833333336,12.5
2014-04-16,2014,4,16,0,31.459,18.129,22.649843750000002,97,48.2,84.23333333333333,1.26,0,0.2040625,3.53,0,1.1804166666666667,21.5,17.3,19.516666666666666,2111.2,1.2,417.3979166666667,12.5
2014-04-17,2014,4,17,0.4,28.841,17.843,21.454041666666665,98.3,63.9,87.465625,1.51,0,0.17010416666666667,3.78,0,1.0909375,21.7,16.9,19.140625,1841.2,1.2,275.809375,12.5
2014-04-18,2014,4,18,0.2,30.748,16.749,22.1520625,98.4,36.7,78.675,1.51,0,0.20697916666666666,4.28,0,1.1515625,21.9,13.4,17.592708333333334,2043.7,1.2,399.48125,12.5
2014-04-19,2014,4,19,0.2,30.925,18.461,22.538,98.8,59,88.571875,2.01,0,0.13083333333333333,4.03,0,1.0021875,23.6,18.2,20.411458333333332,1906.2,1.2,279.45520833333336,12.25
2014-04-20,2014,4,20,0,32.846,18.985,24.59663541666667,99.1,35.3,78.12916666666666,1.01,0,0.20677083333333335,3.78,0,1.2273958333333332,22.1,14.1,19.6625,2168.7,1.2,548.8041666666667,12.5
2014-04-21,2014,4,21,0,31.689,18.39,23.617791666666665,97.8,44.3,79.38125,1.26,0,0.23072916666666668,6.04,0,1.3064583333333333,21.8,15.2,19.319791666666667,2121.2,1.2,490.6010416666667,12.25
2014-04-22,2014,4,22,0,32.278,19.08,24.73571875,96.7,32.7,68.303125,1.26,0,0.2811458333333333,4.53,0,1.455625,20.9,10.8,17.25208333333333,2051.2,1.2,586.3822916666667,12.5
2014-04-23,2014,4,23,0,32.898,19.508,24.236416666666667,96.1,37.2,78.40520833333333,1.51,0,0.33645833333333336,5.04,0,1.6708333333333334,21.1,14.4,19.616666666666667,2146.2,1.2,544.871875,12.5
2014-04-24,2014,4,24,5.2,27.751,19.27,22.098479166666667,98.9,72.7,91.046875,1.01,0,0.07572916666666667,3.27,0,0.8076041666666667,23.5,18.9,20.510416666666668,2036.2,1.2,233.72604166666667,12.25
2014-04-25,2014,4,25,0,27.653,18.794,22.47128125,99,73.5,90.88958333333333,0.76,0,0.06010416666666667,3.02,0,0.7129166666666666,22.7,18.6,20.828125,1373.7,1.2,271.66875,12.5
2014-04-26,2014,4,26,0,29.74,19.389,23.145583333333335,99.9,66.6,89.278125,1.01,0,0.096875,4.03,0,0.7080208333333333,23.7,19.4,21.164583333333333,1558.7,1.2,282.91875,12.5
2014-04-27,2014,4,27,0,31.153,19.365,23.316666666666666,98.9,57.3,87.43541666666667,1.76,0,0.073125,4.03,0,0.870625,23.6,19.1,20.954166666666666,1826.2,1.2,277.840625,12.5
2014-04-28,2014,4,28,0,31.153,20.222,24.09738541666667,97.3,56.3,82.27083333333333,1.01,0,0.120625,3.53,0,0.9048958333333333,23.7,18.6,20.570833333333333,1813.7,1.2,420.54895833333336,12.5
2014-04-29,2014,4,29,0,30.268,20.269,23.800177083333335,97.6,48.7,83.34583333333333,1.26,0,0.206875,3.78,0,1.1671875,22.4,17.1,20.50625,1803.7,1.2,378.1010416666667,12.5
2014-04-30,2014,4,30,0,30.394,19.603,23.12103125,98.3,46.8,84.82916666666667,1.26,0,0.180625,3.53,0,1.1669791666666667,23.4,14.9,20.155208333333334,1678.7,1.2,334.9760416666667,10.75
2014-05-01,2014,5,1,3.2,28.717,19.77,22.046260416666666,98.1,65.2,89.384375,1.26,0,0.1203125,3.78,0,0.8368749999999999,23.1,17.9,20.130208333333332,1371.2,1.2,194.74166666666667,12.5
2014-05-02,2014,5,2,0.4,30.925,18.628,23.139145833333334,99.1,53.8,86.83854166666667,1.51,0,0.21739583333333334,3.78,0,1.2145833333333333,24,18.4,20.608333333333334,2048.7,1.2,457.60625,13
2014-05-03,2014,5,3,4.4,30.167,18.509,22.04871875,98.6,60.8,88.090625,1.01,0,0.1125,3.53,0,1.0651041666666667,22.9,18.3,19.798958333333335,2063.7,1.2,327.73645833333336,12.5
2014-05-04,2014,5,4,25,30.646,17.724,23.265010416666666,99.8,50.7,83.16458333333334,0.76,0,0.24604166666666666,4.78,0,1.5317708333333333,22.5,17.1,19.785416666666666,2003.7,1.2,520.10625,12.5
2014-05-05,2014,5,5,0,29.59,19.46,22.84865625,97.9,58.9,82.18333333333334,1.26,0,0.259375,4.53,0,1.8097916666666667,21.9,17.2,19.452083333333334,2016.2,1.2,484.715625,12.5
2014-05-06,2014,5,6,15.000000000000002,24.508,19.199,20.892270833333335,96.6,72.8,88.07291666666667,1.76,0,0.3776041666666667,6.8,0.5,2.6755208333333336,21.5,16.3,18.8375,1416.2,1.2,226.92916666666667,12.25
2014-05-07,2014,5,7,25,23.641,18.652,20.1519375,99.9,90.5,96.890625,1.26,0,0.3642708333333333,6.8,0,2.591875,22.3,18.6,19.659375,1433.7,1.2,249.11666666666667,12
2014-05-08,2014,5,8,17.2,20.889,18.39,19.09417708333333,100,90.3,98.56354166666667,4.03,0,1.665625,10.58,0,4.081041666666667,19.7,17.7,18.8875,636.2,1.2,115.78333333333333,12.5
2014-05-09,2014,5,9,0.2,24.557,18.771,20.567354166666668,98.1,83.6,93.63958333333333,2.77,0,1.4314583333333333,6.55,0,3.6146875,22.4,18,19.51875,1416.2,1.2,210.44479166666667,12.25
2014-05-10,2014,5,10,0,29.065,17.938,22.4525625,99.1,66.3,87.17291666666667,1.51,0,0.3670833333333333,4.53,0,1.6316666666666666,22.6,17.7,20.061458333333334,2191.2,1.2,520.2364583333333,12.5
2014-05-11,2014,5,11,0.2,27.063,18.961,22.060947916666667,98.9,72.5,90.71145833333333,1.01,0,0.05479166666666667,2.77,0,0.7051041666666666,23.6,18.8,20.405208333333334,1436.2,1.2,250.75729166666667,12.75
2014-05-12,2014,5,12,0,28.99,18.699,21.854125,99.9,68.1,89.71354166666667,2.01,0,0.10468749999999999,7.3,0,0.9754166666666667,22.9,18.4,19.971875,1708.7,1.2,327.9447916666667,12.75
2014-05-13,2014,5,13,46.010000000000005,28.419,18.01,21.00228125,99.2,70.6,92.846875,2.01,0,0.1440625,6.04,0,0.9157291666666667,23,17.5,19.7125,1763.7,1.2,238.17916666666667,12.5
2014-05-14,2014,5,14,0.2,28.122,17.391,21.77911458333333,99.9,72.2,90.209375,1.51,0,0.27270833333333333,4.03,0,1.2744791666666666,23.3,16.9,20.002083333333335,1933.7,1.2,398.23125,12.75
2014-05-15,2014,5,15,0,28.891,17.605,22.074791666666666,99.7,51.5,82.48958333333333,1.76,0,0.3310416666666667,4.78,0,1.348125,22.2,15.7,18.572916666666668,1956.2,1.2,527.4760416666667,12.75
2014-05-16,2014,5,16,0,28.642,16.058,21.629395833333334,96,45.4,73.70520833333333,1.51,0,0.3440625,4.28,0,1.4295833333333332,20.3,11.8,16.46875,2061.2,1.2,577.684375,12.75
2014-05-17,2014,5,17,0,28.717,17.582,22.136479166666668,97.4,48.6,70.6875,1.01,0,0.2627083333333333,4.78,0,1.3791666666666667,20.7,9.7,16.23229166666667,1993.7,1.2,477.91875,12.75
2014-05-18,2014,5,18,0,30.824,18.033,23.135510416666666,97.1,48.3,74.14166666666667,1.26,0,0.206875,5.29,0,1.1983333333333333,23.1,9.5,17.870833333333334,2143.7,1.2,463.43958333333336,12.75
2014-05-19,2014,5,19,0,29.24,19.056,22.975895833333333,97.7,70,88.953125,0.76,0,0.133125,3.78,0,1.1485416666666666,24,18.6,20.972916666666666,1668.7,1.2,292.6322916666667,12.75
2014-05-20,2014,5,20,11.4,28.023,18.794,21.540614583333333,99.4,72.5,92.64166666666667,1.51,0,0.13624999999999998,3.27,0,0.9047916666666667,23.9,18.4,20.257291666666667,1626.2,1.2,266.590625,12.5
2014-05-21,2014,5,21,0,27.358,18.818,21.61703125,96.2,71.2,88.45729166666666,1.76,0,0.42552083333333335,4.53,0,1.5290625,22.7,17.9,19.586458333333333,1808.7,1.2,314.92395833333336,12.75
2014-05-22,2014,5,22,0,29.941,18.105,22.4908125,98.8,60.3,85.53125,1.51,0,0.3335416666666667,4.28,0,1.5265625,22.2,17.4,19.742708333333333,1976.2,1.2,449.1166666666667,12.75
2014-05-23,2014,5,23,0,29.79,17.843,22.656760416666668,98.1,65.3,86.55729166666667,1.51,0,0.3595833333333333,4.53,0,1.5340625,23.8,16.4,20.183333333333334,1983.7,1.2,438.85625,12.75
2014-05-24,2014,5,24,5.6,28.568,18.366,22.23146875,98.7,68.8,89.05729166666667,1.76,0,0.3203125,4.28,0,1.3532291666666667,23.8,18,20.230208333333334,1901.2,1.2,356.3822916666667,12.5
2014-05-25,2014,5,25,0,27.456,19.627,22.158458333333332,98.5,72.8,91.24166666666667,1.01,0,0.19114583333333335,4.28,0,1.190625,23.4,19.1,20.629166666666666,1841.2,1.2,296.3041666666667,12.5
2014-05-26,2014,5,26,0,28.941,19.08,22.887989583333333,96.5,66.6,86.02916666666667,1.01,0,0.25395833333333334,3.78,0,1.3453125,24,17,20.3375,1736.2,1.2,428.85625,13
2014-05-27,2014,5,27,0,29.29,18.557,23.099947916666668,98.9,56,85.68541666666667,1.01,0,0.2121875,3.78,0,1.1433333333333333,23.2,18,20.311458333333334,1723.7,1.2,425.78333333333336,13
2014-05-28,2014,5,28,31.200000000000003,30.874,19.365,22.351031250000002,100,67,91.57083333333333,1.26,0,0.2125,4.03,0,1.1461458333333334,25,19,20.808333333333334,1886.2,1.2,298.67395833333336,12.25
2014-05-29,2014,5,29,0,27.899,18.152,22.039416666666668,100,68,87.428125,1.51,0,0.26760416666666664,4.78,0,1.3140625,22.5,15.8,19.738541666666666,1966.2,1.2,436.6166666666667,12.75
2014-05-30,2014,5,30,0,29.14,17.867,22.18175,99.7,68.5,88.89270833333333,1.51,0,0.23583333333333334,4.28,0,1.2090625,23.8,17.5,20.145833333333332,2083.7,1.2,365.2625,12.75
2014-05-31,2014,5,31,0,28.593,18.628,22.598145833333334,99.8,70.7,89.790625,1.26,0,0.1721875,3.27,0,1.0989583333333333,23.4,18.4,20.722916666666666,1776.2,1.2,392.1375,12.75
2014-06-01,2014,6,1,7,28.32,19.888,22.707052083333334,99.8,76.5,93.65625,0.76,0,0.10197916666666666,3.78,0,0.954375,24.2,19.7,21.592708333333334,1328.7,1.2,267.45,12.5
2014-06-02,2014,6,2,12.4,25.21,18.699,21.020260416666666,100,87.7,96.76145833333334,1.51,0,0.16239583333333332,4.28,0,1.0095833333333333,23.3,18.7,20.488541666666666,1018.7,1.2,146.85104166666667,12.75
2014-06-03,2014,6,3,0,25.671,18.533,21.103104166666668,100,75.4,93.86666666666667,1.76,0,0.27020833333333333,3.78,0,1.0991666666666666,22.5,17.9,20.044791666666665,1018.7,1.2,206.27812500000002,12.5
2014-06-04,2014,6,4,2.6,27.628,17.272,21.56132291666667,99.6,69.9,89.39479166666666,1.26,0,0.3097916666666667,3.78,0,1.4923958333333334,22.7,16.9,19.615625,1998.7,1.2,426.25208333333336,12.75
2014-06-05,2014,6,5,2.6,27.974,17.534,21.756208333333333,100,72.1,90.225,1.76,0,0.5120833333333333,4.53,0,2.0564583333333335,23.3,17.6,19.972916666666666,1876.2,1.2,473.85625,12.75
2014-06-06,2014,6,6,2,26.329,18.224,20.710677083333334,99.7,81,92.02291666666666,2.01,0,0.364375,6.3,0,2.0904166666666666,23.5,17.5,19.35,1576.2,1.2,296.8510416666667,13
2014-06-07,2014,6,7,6.2,23.809,19.08,20.170791666666666,100,89.6,96.46041666666666,1.76,0,0.845,5.54,0,2.9691666666666667,23.1,18.3,19.605208333333334,1133.7,1.2,170.15833333333333,12.75
2014-06-08,2014,6,8,6,27.112,18.628,20.5075,100,79.2,95.45520833333333,1.51,0,0.48833333333333334,4.78,0,2.153958333333333,23.9,18.1,19.753125,1546.2,1.2,207.76250000000002,12.5
2014-06-09,2014,6,9,16,23.809,18.533,19.778375,100,88.4,96.959375,2.27,0,0.9422916666666666,6.8,1.26,3.0822916666666664,22.9,17.7,19.304166666666667,1366.2,1.2,181.40833333333333,12.5
2014-06-10,2014,6,10,3.4000000000000004,21.795,18.699,19.807635416666667,100,91.1,97.215625,2.27,0,1.1780208333333333,6.55,0.76,3.546666666666667,21.5,17.7,19.375,608.7,1.2,113.12708333333333,12.25
2014-06-11,2014,6,11,2.2,27.727,17.463,21.13484375,100,69.4,91.19791666666667,2.01,0,0.6133333333333334,5.79,0,3.0380208333333334,22.4,17.5,19.52916666666667,2036.2,1.2,373.75208333333336,12.75
2014-06-12,2014,6,12,5.8,25.428,17.272,20.198125,100,84.4,95.78854166666666,2.01,0,1.0751041666666667,7.55,1.01,3.4523958333333336,23.3,17.3,19.494791666666668,1748.7,1.2,273.51770833333336,12.75
2014-06-13,2014,6,13,3.4000000000000004,24.532,18.057,19.963739583333332,100,85.8,96.06354166666667,1.51,0,0.254375,4.53,0,2.0065625,22.5,18.1,19.320833333333333,1296.2,1.2,205.54895833333333,12.5
2014-06-14,2014,6,14,4.4,26.109,19.08,21.094364583333334,100,83.6,94.390625,1.26,0,0.14385416666666667,5.04,0,1.9616666666666667,23.7,18.8,20.139583333333334,1728.7,1.2,301.95520833333336,12.5
2014-06-15,2014,6,15,2.4,25.234,17.867,20.286958333333335,100,80.7,93.74270833333333,1.01,0,0.16239583333333332,5.79,0,1.8780208333333333,23.2,17.1,19.228125,1511.2,1.2,256.5125,12.75
2014-06-16,2014,6,16,0,26.109,18.414,20.84084375,98.7,76.8,91.14583333333333,1.76,0,0.40125,5.79,0,2.6073958333333334,22.6,18,19.301041666666666,1576.2,1.2,293.7260416666667,12.75
2014-06-17,2014,6,17,4,22.968,18.2,19.923989583333334,100,88.8,97.053125,2.01,0,0.4455208333333333,5.29,0,2.9535416666666667,21.2,17.8,19.454166666666666,1133.7,1.2,168.20520833333333,12.5
2014-06-18,2014,6,18,15,22.417,18.224,19.702760416666667,100,94.7,99.40104166666667,3.02,0,1.0469791666666666,8.06,1.76,4.3546875,21.9,18.2,19.628125,801.2,1.2,161.72083333333333,12.5
2014-06-19,2014,6,19,48.6,21.366,18.271,19.38404166666667,100,99.2,99.959375,1.76,0,0.5347916666666667,6.8,0,3.7875,21.3,18.3,19.403125,776.2,1.2,112.215625,12.25
2014-06-20,2014,6,20,76.2,21.485,17.463,19.137114583333332,100,97.7,99.93854166666667,1.76,0,0.25406249999999997,8.06,0,2.5027083333333335,21.5,17.5,19.147916666666667,723.7,1.2,111.69479166666666,12.5
2014-06-21,2014,6,21,48.2,20.96,17.391,19.011666666666667,100,98.9,99.96770833333333,2.01,0,0.1834375,5.54,0,2.1428125,21,17.4,19.03125,746.2,1.2,101.22604166666666,12.5
2014-06-22,2014,6,22,12.4,24.291,17.748,19.905489583333335,100,86,97.13020833333333,1.51,0,0.14697916666666666,5.29,0,1.2882291666666668,22.8,17.8,19.441666666666666,1316.2,1.2,221.92916666666667,12.5
2014-06-23,2014,6,23,4.3999999999999995,24.847,18.319,20.139229166666667,100,86.4,95.665625,1.26,0,0.049791666666666665,5.79,0,0.8759375,22.6,18.3,19.427083333333332,1231.2,1.2,224.48125000000002,12.5
2014-06-24,2014,6,24,1.2000000000000002,25.428,17.391,20.462510416666667,99.6,80.4,94.65208333333334,0.25,0,0.0026041666666666665,4.78,0,0.9155208333333333,23,17.1,19.571875,1513.7,1.2,252.05937500000002,12.5
2014-06-25,2014,6,25,0,25.695,17.558,20.422666666666668,99.1,77.4,92.16354166666666,0.5,0,0.020833333333333332,5.79,0,1.4846875,22.3,16.9,19.082291666666666,1721.2,1.2,310.54895833333336,12.75
2014-06-26,2014,6,26,0,26.72,16.511,20.529739583333335,97.7,66.1,87.36354166666666,0,0,0,3.53,0,0.3333333333333333,20.9,15.5,18.245833333333334,1811.2,1.2,425.15833333333336,12.75
2014-06-27,2014,6,27,0,29.59,16.392,21.7781875,98.5,62.5,85.25416666666666,0,0,0,3.78,0,0.26739583333333333,22.5,15.4,19.017708333333335,2263.7,1.2,465.3666666666667,12.75
2014-06-28,2014,6,28,6.800000000000001,28.742,18.604,21.692802083333333,99.5,72.7,91.49479166666667,1.26,0,0.018333333333333333,5.79,0,0.44604166666666667,23.8,18.5,20.172916666666666,1896.2,1.2,313.465625,12.25
2014-06-29,2014,6,29,0,27.112,18.152,21.032260416666666,100,75.8,93.97395833333333,0,0,0,5.04,0,0.4253125,23.7,18.2,19.975,2068.7,1.2,331.434375,12.25
2014-06-30,2014,6,30,14,26.085,17.986,20.280708333333333,100,81.8,96.04375,0.25,0,0.0026041666666666665,5.04,0,0.4040625,23,17.9,19.613541666666666,1416.2,1.2,237.39791666666667,12.5
2014-07-01,2014,7,1,6.800000000000001,25.065,18.842,20.290729166666665,100,84.5,97.17708333333333,0,0,0,4.28,0,0.18375,11.119338095238096,5.456033333333333,7.24367457010582,1263.7,1.2,239.16875000000002,12.25
2014-07-02,2014,7,2,0.2,25.72,17.843,20.7943125,100,75.7,90.54479166666667,0,0,0,3.53,0,0.2596875,10.809650793650793,5.265,7.039376091269841,1903.7,1.2,397.3979166666667,12.75
2014-07-03,2014,7,3,0,26.94,16.868,21.113427083333335,98.6,68.8,87.45416666666667,0,0,0,4.78,0,0.9940625000000001,10.441914285714287,5.088161904761905,6.808213128306879,1826.2,1.2,456.6947916666667,12.75
2014-07-04,2014,7,4,0,27.579,17.486,21.07890625,98.4,73.1,90.42395833333333,0.5,0,0.07552083333333333,6.04,0,1.3184375,10.12815873015873,4.928460317460318,6.573478835978837,1851.2,1.2,356.0697916666667,12.75
2014-07-05,2014,7,5,5.2,24.605,18.081,20.115479166666667,99.9,81.7,95.08333333333333,1.01,0,0.05489583333333333,6.3,0,1.2245833333333334,9.934380952380952,4.936888888888888,6.532410052910053,1198.7,1.2,207.73645833333333,12.75
2014-07-06,2014,7,6,2.2,26.012,18.414,20.569187499999998,99.3,76.8,93.384375,1.01,0,0.08635416666666666,4.53,0,1.5420833333333333,9.774746031746032,4.895587301587301,6.472129298941799,2188.7,1.2,343.153125,12.75
2014-07-07,2014,7,7,0,26.475,17.558,20.672260416666667,97.2,75.1,89.16979166666667,1.01,0,0.0965625,4.03,0,1.5921875,10.164380952380952,4.837190476190477,6.4629854497354495,1736.2,1.2,357.059375,12.75
2014-07-08,2014,7,8,6.2,23.737,17.249,19.57703125,99.1,85.5,94.31041666666667,0.25,0,0.010416666666666666,4.53,0,1.3346875,9.51174603174603,4.8662857142857145,6.364583994708995,878.7,1.2,191.09583333333333,12.75
2014-07-09,2014,7,9,8.2,25.914,17.558,20.052947916666668,100,82.6,95.91041666666666,0.5,0,0.049479166666666664,4.78,0,1.2583333333333333,9.824619047619048,4.88420634920635,6.41349503968254,1983.7,1.2,263.7260416666667,12.5
2014-07-10,2014,7,10,49.6,20.293,17.962,18.563041666666667,100,98.2,99.90104166666667,1.26,0,0.19864583333333333,5.79,0,3.1948958333333333,9.730920634920635,4.854920634920634,6.398123346560847,798.7,1.2,91.72083333333333,12.25
2014-07-11,2014,7,11,9.2,22.681,17.677,19.08320833333333,100,90.5,98.09583333333333,2.77,0,0.7160416666666667,8.06,1.76,4.239375,9.714539682539682,4.839857142857142,6.3970158730158735,1606.2,1.2,220.65312500000002,12.5
2014-07-12,2014,7,12,42.800000000000004,20.531,17.249,18.296989583333332,100,96.1,99.80520833333333,2.01,0,0.7738541666666667,8.31,1.51,4.4669791666666665,9.656968253968254,4.853777777777778,6.370928902116402,723.7,1.2,108.67395833333333,12.25
2014-07-13,2014,7,13,50.8,19.294,17.32,18.073583333333332,100,100,100,2.01,0,0.4429166666666667,9.07,0,3.91375,9.570968253968255,4.8238730158730165,6.36162003968254,456.2,1.2,82.50208333333333,12.25
2014-07-14,2014,7,14,66.4,19.103,17.486,18.241229166666667,100,100,100,1.76,0,0.33,7.05,0.25,3.506875,9.025206349206348,4.858587301587301,6.319182870370371,446.2,1.2,73.88229166666666,12.5
2014-07-15,2014,7,15,49.8,20.15,17.582,18.459260416666666,100,99.2,99.959375,1.76,0,0.39135416666666667,8.06,0,2.9927083333333333,8.947650793650793,4.892285714285714,6.29902380952381,701.2,1.2,83.88229166666666,11.75
2014-07-16,2014,7,16,20,23.785,17.296,19.443447916666667,100,83.6,96.93958333333333,18.38,0,0.33,63.71,0,3.3628125,8.587047619047619,4.8943650793650795,6.24401421957672,2006.2,1.2,253.90833333333333,12.25
2014-07-17,2014,7,17,5.8,23.809,17.011,18.917145833333333,100,88.5,97.58229166666666,0.5,0,0.0078125,8.56,0,0.3828125,8.674269841269842,4.905095238095238,6.256324735449736,1186.2,1.2,152.73645833333333,12.75
2014-07-18,2014,7,18,21.6,22.034,17.463,18.767072916666667,100,92.9,99.13645833333334,1.26,0,0.07864583333333333,7.05,0,1.1594791666666666,8.724253968253969,4.888222222222223,6.274260912698414,1098.7,1.2,130.00208333333333,12.25
2014-07-19,2014,7,19,43,19.888,17.296,18.139895833333334,100,100,100,0,0,0,6.04,0,1.0753125000000001,8.765761904761906,4.878380952380952,6.276730158730159,638.7,1.2,80.05416666666666,12.25
2014-07-20,2014,7,20,36,21.819,16.439,18.28146875,100,96.9,99.92604166666666,0.5104960317460318,0,0.06306175595238094,4.765000000000001,0.36200396825396824,1.905785590277778,8.896698412698413,4.883206349206349,6.289106481481482,1001.2,1.2,101.46041666666666,12
2014-07-21,2014,7,21,24.400000000000002,19.579,17.201,18.302927083333334,100,100,100,0.49960317460317466,0,0.06663773148148147,4.696527777777779,0.357063492063492,1.960393931878307,8.962730158730158,4.907269841269842,6.298774801587301,276.2,1.2,63.12708333333333,12
2014-07-22,2014,7,22,34.4,21.676,17.748,18.68257291666667,100,96.9,99.825,0.503452380952381,0,0.06732762896825395,4.691250000000001,0.36105158730158726,1.9973966600529103,9.035777777777778,4.913920634920634,6.332506283068783,1138.7,1.2,142.52812500000002,12.25
2014-07-23,2014,7,23,83.2,20.222,17.415,18.268489583333334,100,100,100,0.5025000000000001,0,0.07195312499999998,4.637678571428572,0.3680357142857143,1.9833798363095239,9.10173015873016,4.906936507936508,6.337935185185186,601.2,1.2,87.94479166666666,12.25
2014-07-24,2014,7,24,14.799999999999999,22.465,17.724,18.928010416666666,100,93.2,98.91770833333334,0.4935714285714286,0,0.06598400297619046,4.556785714285715,0.3232142857142857,1.8994791666666668,9.162,4.898619047619047,6.360685185185185,941.2,1.2,134.66354166666667,12.25
2014-07-25,2014,7,25,20.2,23.545,17.748,18.70284375,100,91.7,99.25416666666666,0.38553571428571437,0,0.05068824404761903,4.359107142857143,0.28732142857142856,1.7550855654761908,9.255285714285716,4.905634920634921,6.391854828042328,1368.7,1.2,149.16875000000002,12
2014-07-26,2014,7,26,12.4,22.8,17.891,19.107041666666667,100,92.3,99.42708333333333,0.35875000000000007,0,0.04668898809523808,4.269107142857143,0.24249999999999997,1.6865252976190477,9.348809523809523,4.909888888888888,6.43506712962963,918.7,1.2,146.746875,12.5
2014-07-27,2014,7,27,17.8,22.561,17.962,19.159020833333333,100,94.9,99.346875,0.3228571428571429,0,0.04071800595238094,4.11625,0.16142857142857142,1.582965029761905,9.437079365079367,4.9590476190476185,6.493663690476191,1188.7,1.2,160.70520833333333,12
2014-07-28,2014,7,28,11.4,23.665,18.129,19.15953125,100,90.9,99.09375,0.3137500000000001,0,0.03476190476190475,3.981607142857143,0.13446428571428568,1.4763839285714286,9.548079365079365,4.9780476190476195,6.558773478835979,1398.7,1.2,176.35625000000002,12
2014-07-29,2014,7,29,8.4,24.074,17.938,19.174989583333332,100,88.5,98.41354166666666,0.29571428571428576,0,0.02795758928571427,3.8467857142857147,0.09857142857142855,1.3706733630952381,9.666714285714287,4.983587301587301,6.608098214285714,1421.2,1.2,175.26250000000002,12.5
2014-07-30,2014,7,30,15.200000000000001,20.889,17.415,18.572552083333335,100,97.4,99.83125,0.30464285714285716,0,0.024133184523809508,3.8373214285714283,0.0626785714285714,1.3402325148809524,9.790301587301588,4.981015873015872,6.635716600529101,741.2,1.2,106.46041666666666,12
2014-07-31,2014,7,31,51.6,19.746,17.344,18.47533333333333,100,100,100,0.32250000000000006,0,0.02973400297619046,3.84625,0.07178571428571426,1.3905264136904765,10.226492063492064,5.032730158730159,6.674023148148149,553.7,1.2,68.54375,12
2014-08-01,2014,8,1,71.8,20.65,18.176,18.855072916666668,100,100,100,0.4121428571428572,0,0.04720424107142856,4.008035714285714,0.1076785714285714,1.515122767857143,10.779047619047619,5.085936507936508,6.770173941798943,623.7,1.2,92.71041666666666,11.75
2014-08-02,2014,8,2,50,19.365,17.153,18.309385416666665,100,100,100,0.4660714285714286,0,0.07256138392857141,4.097857142857142,0.22464285714285714,1.6428459821428572,11.622015873015872,5.067222222222222,6.891667658730158,378.7,1.2,59.76770833333333,11.75
2014-08-03,2014,8,3,56.2,20.865,18.081,18.997052083333333,100,100,100,0.5292857142857142,0,0.0888876488095238,4.304821428571429,0.2875,1.771393229166667,11.862746031746031,5.0614920634920635,6.859516203703704,566.2,1.2,92.08541666666666,12
2014-08-04,2014,8,4,58.4,20.865,18.247,18.8716875,100,100,100,0.5742857142857144,0,0.10100632440476189,4.475714285714286,0.3594642857142857,1.8877287946428574,12.530000000000001,5.067126984126984,6.942770833333333,668.7,1.2,102.71041666666666,12
2014-08-05,2014,8,5,57.6,20.126,16.892,18.1243125,100,99.9,99.99895833333333,0.5923214285714286,0,0.1091238839285714,4.628571428571428,0.4133928571428571,1.982393973214286,12.847428571428571,5.086476190476191,6.945561177248678,606.2,1.2,94.66354166666666,12
2014-08-06,2014,8,6,31.8,21.366,16.654,18.201125,100,97.8,99.94791666666667,0.6012500000000001,0,0.11819382440476188,4.628392857142857,0.4133928571428571,2.002412574404762,14.221920634920636,5.097190476190476,7.280208994708994,878.7,1.2,101.25208333333333,12.25
2014-08-07,2014,8,7,9.4,21.533,17.486,18.971135416666666,100,94.6,99.11875,0.5923214285714286,0,0.11726376488095236,4.574642857142857,0.4133928571428571,1.9652790178571429,13.879698412698414,5.088650793650793,7.266127645502645,938.7,1.2,136.61666666666667,12
2014-08-08,2014,8,8,32,24.557,17.534,18.644510416666666,100,86.6,99.31666666666666,0.5653571428571429,0,0.10520275297619046,4.430892857142857,0.40446428571428567,1.889873511904762,13.987666666666668,5.067095238095237,7.212749007936509,1398.7,1.2,119.61145833333333,12.25
2014-08-09,2014,8,9,5.199999999999999,24.219,17.011,19.305541666666667,100,85.1,97.08229166666666,0.5292857142857142,0,0.07873697916666665,4.359107142857143,0.2964285714285714,1.7549441964285715,13.884714285714285,5.093174603174602,7.21309093915344,1578.7,1.2,221.85104166666667,12.25
2014-08-10,2014,8,10,10,23.16,17.819,19.158572916666667,100,90.1,98.96041666666666,0.4660714285714286,0,0.06324776785714284,4.197321428571429,0.26053571428571426,1.650288318452381,14.827444444444444,5.053873015873015,7.542864417989419,721.2,1.2,143.778125,12.25
2014-08-11,2014,8,11,19.4,22.944,17.605,18.78873958333333,100,91.5,99.08854166666667,0.43928571428571433,0,0.05830729166666665,4.1075,0.2064285714285714,1.5838076636904763,14.21815873015873,4.995047619047618,7.395627645502645,766.2,1.2,130.00208333333333,12
2014-08-12,2014,8,12,28.8,20.793,17.177,18.28575,100,95.1,99.45520833333333,0.42125000000000007,0,0.04968998015873014,3.9639285714285717,0.1883928571428571,1.5092788938492065,14.510079365079365,4.92884126984127,7.4453697089947095,763.7,1.2,143.51770833333333,12.5
2014-08-13,2014,8,13,7,22.345,17.701,18.884875,100,92.5,98.9625,0.3942857142857143,0,0.03595486111111109,4.063214285714286,0.17035714285714285,1.4490687003968254,13.865555555555556,4.90379365079365,7.412608134920636,858.7,1.2,123.153125,12
2014-08-14,2014,8,14,11,26.475,16.749,20.1570625,100,74.6,93.69583333333333,0.40303571428571433,0,0.0323034474206349,4.0719642857142855,0.15232142857142852,1.4402368551587303,14.68152380952381,4.8967777777777775,7.6026726190476195,2036.2,1.2,378.28333333333336,12.5
2014-08-15,2014,8,15,11.2,27.407,15.939,19.823854166666667,100,73.2,94.21458333333334,0.35821428571428576,0,0.028568328373015855,4.071785714285714,0.12553571428571425,1.4283413938492064,14.249396825396826,4.898285714285714,7.5779219576719585,2143.7,1.2,352.4760416666667,12.5
2014-08-16,2014,8,16,0,27.161,16.844,20.411875,100,73.2,92.23125,0.3492857142857143,0,0.030889756944444426,4,0.12553571428571425,1.421970486111111,13.533285714285714,4.832603174603174,7.446106812169313,2026.2,1.2,374.22083333333336,12.5
2014-08-17,2014,8,17,0.2,27.899,17.368,20.7579375,100,69.8,92.01770833333333,0.36714285714285716,0,0.03135478670634919,3.9367857142857146,0.09857142857142855,1.3949578373015874,13.462460317460318,4.83611111111111,7.2306428571428585,2036.2,1.2,414.5072916666667,12.25
2014-08-18,2014,8,18,38.4,28.295,16.844,20.070427083333332,100,76.3,94.08125,0.37589285714285714,0,0.041505456349206334,3.8739285714285714,0.0807142857142857,1.3655195932539683,14.94347619047619,4.833349206349206,7.526642195767196,2143.7,1.2,334.403125,11.5
2014-08-19,2014,8,19,25.4,27.505,16.987,19.667947916666666,100,71,95.06979166666667,0.3762500000000001,0,0.04965959821428569,3.775,0.044821428571428554,1.3458872767857142,14.431396825396826,4.843619047619048,7.469526124338624,1411.2,1.2,241.87708333333333,11.75
2014-08-20,2014,8,20,48.400000000000006,26.818,16.701,20.064041666666668,100,78.1,95.48645833333333,0.3853571428571429,0,0.05441034226190474,3.6039285714285714,0.03589285714285712,1.3260007440476191,15.29573015873016,4.855650793650794,7.679177248677249,1413.7,1.2,272.7885416666667,12.25
2014-08-21,2014,8,21,27.4,27.899,17.201,20.077729166666668,100,82.9,97.29479166666667,0.35875000000000007,0,0.05955729166666666,3.505,0.044821428571428554,1.3046577380952382,15.395984126984128,4.824253968253968,7.729849537037038,1823.7,1.2,215.86145833333333,12.25
2014-08-22,2014,8,22,25.2,28.369,18.461,20.4799375,100,75.1,96.4625,0.4128571428571429,0,0.07030319940476189,3.5139285714285715,0.026785714285714263,1.2938597470238096,16.714555555555556,4.689746031746031,8.06783068783069,2123.7,1.2,292.89270833333336,12
2014-08-23,2014,8,23,30.2,24.46,17.391,19.149770833333335,100,93,99.55520833333334,0.43982142857142864,0,0.0884784226190476,3.5766071428571427,0.06285714285714282,1.3316573660714288,18.228031746031746,4.64715873015873,8.328468253968255,1131.2,1.2,169.50729166666667,12.25
2014-08-24,2014,8,24,2.2,24.677,17.439,19.5656875,100,84.8,97.16875,0.4669642857142858,0,0.10232142857142856,3.6846428571428573,0.07178571428571424,1.3930096726190477,18.23698412698413,4.64379365079365,8.310230158730159,1316.2,1.2,227.45000000000002,12.25
2014-08-25,2014,8,25,0,26.28,15.891,20.054395833333334,100,75.1,93.25625,0.5030357142857144,0,0.09414248511904759,3.7921428571428573,0.11678571428571426,1.428941592261905,17.915063492063492,4.654349206349205,8.209861772486773,1533.7,1.2,333.28333333333336,12.5
2014-08-26,2014,8,26,0.4,27.284,17.819,20.50246875,100,71.6,92.77083333333333,0.49375,0,0.08602306547619046,3.9180357142857143,0.13482142857142854,1.451973586309524,18.58979365079365,4.623952380952381,8.282531746031747,1881.2,1.2,379.6375,12.25
2014-08-27,2014,8,27,8.2,24.774,17.653,19.722510416666665,100,81.6,95.36770833333333,0.4758928571428572,0,0.08248139880952379,3.9092857142857143,0.14375,1.4680208333333336,17.502111111111113,4.62147619047619,7.835980158730159,1466.2,1.2,255.34062500000002,12.25
2014-08-28,2014,8,28,11.200000000000001,22.082,15.557,18.180802083333333,100,92.7,99.36354166666666,0.49375,0,0.0792113095238095,4.0175,0.1526785714285714,1.46484375,17.279634920634923,4.661523809523809,7.692858134920635,1196.2,1.2,161.95520833333333,12.25
2014-08-29,2014,8,29,35.2,19.46,17.344,18.137239583333333,100,100,100,0.47261904761904766,0,0.0752486359126984,3.927738095238095,0.17672619047619045,1.4397953869047622,17.067802721088434,4.2446870748299315,7.143634164777022,451.2,1.2,80.653125,12
2014-08-30,2014,8,30,45,19.056,17.51,18.21571875,100,100,100,0.45353741496598643,0,0.056231575963718805,3.8600850340136055,0.14320578231292513,1.3929602465986395,17.290268990929707,5.8537208049886615,8.554941869803477,401.2,1.2,77.00729166666666,12
2014-08-31,2014,8,31,45,20.603,17.629,18.597,100,98.9,99.95520833333333,0.413639455782313,0,0.04355778769841268,3.7716156462585033,0.14448129251700678,1.3397632334183673,17.899013038548752,7.450871598639455,10.180739530187074,681.2,1.2,109.81979166666666,11.75
2014-09-01,2014,9,1,60.6,20.007,17.915,18.44757291666667,100,100,100,0.368639455782313,0,0.03888516865079363,3.6817942176870746,0.1084098639455782,1.3015898703231292,18.369060657596375,9.128808106575963,11.726202493150039,721.2,1.2,91.87708333333333,11.75
2014-09-02,2014,9,2,30.6,20.031,17.891,18.624885416666668,100,100,100,0.38667517006802726,0,0.04251612103174601,3.5830442176870747,0.09930272108843534,1.2871832482993197,20.123282879818593,10.835379535147393,13.566439927012471,563.7,1.2,99.325,12
2014-09-03,2014,9,3,11.600000000000001,24.823,17.796,19.2935625,100,88.3,98.24375,0.4225680272108844,0,0.05009238591269839,3.654829931972789,0.09037414965986391,1.3311267006802723,21.6286320861678,12.42695096371882,15.188327823837868,1278.7,1.2,213.85625000000002,12
2014-09-04,2014,9,4,1.2000000000000002,24.46,17.486,19.967697916666665,100,81.5,94.68854166666667,0.43149659863945583,0,0.0650440228174603,3.6816156462585035,0.09948129251700677,1.4317647215136056,23.27858446712018,13.972173185941042,16.82198258574263,1368.7,1.2,276.01770833333336,12.25
2014-09-05,2014,9,5,17,25.477,17.51,18.956614583333334,100,85.9,99.02291666666667,0.4344132653061225,0,0.0648939732142857,3.8074489795918365,0.1382908163265306,1.4973562393707485,23.554353174603175,15.955787698412697,18.599043857473543,1673.7,1.2,159.325,12
2014-09-06,2014,9,6,2.8000000000000003,22.25,17.629,18.915916666666668,100,89.2,98.54166666666667,0.426530612244898,0,0.07024101828231291,3.758316326530612,0.1537755102040816,1.5253892963435374,23.488601190476192,15.968738095238095,18.569185226521164,1001.2,1.2,170.57500000000002,12.25
2014-09-07,2014,9,7,11.6,21.175,17.701,18.47590625,100,95.2,99.65416666666667,0.44857142857142857,0,0.08367745535714284,3.8019642857142855,0.2064285714285714,1.5866573660714285,23.31404761904762,15.974619047619047,18.501001653439154,798.7,1.2,97.91875,11.75
2014-09-08,2014,9,8,5,23.665,17.677,18.910770833333334,100,88.2,98.15208333333334,0.44857142857142857,0,0.0928236607142857,3.8651785714285714,0.2782142857142857,1.648770461309524,23.198857142857143,15.879063492063493,18.4226875,1511.2,1.2,207.63229166666667,12.25
2014-09-09,2014,9,9,11.4,23.641,17.177,18.999125,100,87.5,97.38645833333334,0.44857142857142857,0,0.09603050595238094,3.9457142857142857,0.29624999999999996,1.6933928571428574,23.160015873015876,15.544126984126985,18.09778273809524,1643.7,1.2,237.84062500000002,12.25
2014-09-10,2014,9,10,0.2,25.89,16.796,20.18016666666667,100,73.8,91.33333333333333,0.41250000000000003,0,0.08873325892857141,3.927857142857143,0.30517857142857135,1.6239136904761906,23.586650793650794,15.261412698412698,18.151468584656083,2158.7,1.2,456.01770833333336,12.25
2014-09-11,2014,9,11,0,26.965,16.915,20.720385416666666,100,68.9,89.56666666666666,0.3946428571428572,0,0.07042596726190474,3.810892857142857,0.2871428571428571,1.506114211309524,22.91214285714286,15.084841269841268,17.97684193121693,2243.7,1.2,532.3458333333333,12.5
2014-09-12,2014,9,12,0,27.284,16.034,20.6695625,100,69.7,89.80625,0.37678571428571433,0,0.06714843749999998,3.6851785714285716,0.24214285714285713,1.4323753720238097,23.923380952380956,15.035873015873017,18.34306845238095,2238.7,1.2,554.871875,12.25
2014-09-13,2014,9,13,2,26.598,16.844,20.480645833333334,100,69.6,90.6875,0.35875000000000007,0,0.05984188988095236,3.676071428571429,0.20624999999999996,1.3640438988095238,24.911285714285718,14.902222222222221,18.70101818783069,2151.2,1.2,412.528125,12
2014-09-14,2014,9,14,7.2,24.629,17.701,19.532666666666668,100,83.8,96.05416666666667,0.34071428571428575,0,0.04691220238095236,3.6128571428571425,0.1433928571428571,1.2720889136904763,26.000015873015876,14.695809523809524,18.97655224867725,1963.7,1.2,245.47083333333333,12
2014-09-15,2014,9,15,3.6,24.581,16.915,19.577572916666668,100,83.2,96.13020833333333,0.3226785714285715,0,0.035055803571428554,3.505,0.07160714285714284,1.1705636160714286,27.043587301587305,14.483539682539682,19.269917658730158,2083.7,1.2,291.72083333333336,12
2014-09-16,2014,9,16,2.8,23.521,17.796,19.259489583333334,100,87.8,97.24479166666667,0.3133928571428572,0,0.02932663690476189,3.424107142857143,0.08053571428571427,1.1138299851190478,27.115793650793652,14.419412698412698,19.496511574074074,1376.2,1.2,191.53854166666667,12.25
2014-09-17,2014,9,17,0,25.793,17.534,19.827791666666666,99.3,77.4,91.54791666666667,0.32232142857142865,0,0.03090215773809522,3.3614285714285717,0.10749999999999997,1.1482161458333333,27.277873015873016,14.27938095238095,19.625913359788363,1918.7,1.2,347.42395833333336,12.25
2014-09-18,2014,9,18,0,24.726,16.487,19.347583333333333,99.2,75.8,92.065625,0.3130357142857143,0,0.03944568452380951,3.4516071428571427,0.1525,1.197974330357143,28.179222222222222,13.96779365079365,19.864622685185186,1866.2,1.2,291.434375,12.25
2014-09-19,2014,9,19,1,22.465,16.63,19.119270833333335,100,89.4,96.92604166666666,0.35803571428571435,0,0.045528273809523796,3.595535714285714,0.16160714285714284,1.2332403273809525,28.21511111111111,13.587793650793651,19.75168055555556,876.2,1.2,162.78854166666667,11.75
2014-09-20,2014,9,20,0.2,26.28,16.415,19.61046875,100,73.7,93.43645833333333,0.3762500000000001,0,0.05011532738095237,3.604821428571429,0.16160714285714284,1.2488448660714286,27.958015873015874,13.444761904761904,19.39375562169312,1958.7,1.2,317.6322916666667,12
2014-09-21,2014,9,21,4.3999999999999995,27.063,16.058,20.047583333333332,99.9,70.8,91.95520833333333,0.36714285714285716,0,0.04955543154761904,3.5873214285714288,0.16160714285714284,1.235254836309524,27.944174603174606,13.40995238095238,19.280801256613756,2013.7,1.2,374.29895833333336,11.75
2014-09-22,2014,9,22,11.799999999999999,26.769,17.13,20.46559375,100,72.3,95.4,0.4123214285714286,0,0.05554873511904761,3.6501785714285715,0.1526785714285714,1.2489508928571431,28.518428571428576,13.194079365079364,19.158966269841272,1813.7,1.2,227.99687500000002,12
2014-09-23,2014,9,23,3.8000000000000003,28.171,17.962,21.4509375,100,76.5,94.23229166666667,0.39464285714285724,0,0.05602120535714284,3.6771428571428575,0.11678571428571427,1.2223753720238097,28.87553968253968,12.765349206349205,18.791310846560844,1833.7,1.2,284.403125,12.25
2014-09-24,2014,9,24,14.4,28.766,17.106,21.251208333333334,100,64.1,91.28854166666666,0.3858928571428572,0,0.06380952380952379,3.6948214285714287,0.1258928571428571,1.207021949404762,28.85257142857143,12.187015873015872,18.604009920634923,2028.7,1.2,331.903125,12.25
2014-09-25,2014,9,25,17.4,29.04,18.152,20.79434375,100,69.4,94.57291666666667,0.4041071428571429,0,0.07662202380952379,3.7125,0.11678571428571427,1.2157161458333334,28.76273015873016,11.365428571428572,18.145181216931217,1618.7,1.2,241.90312500000002,12.25
2014-09-26,2014,9,26,66.60000000000001,26.109,17.558,19.79939583333333,100,80.1,95.953125,0.4132142857142858,0,0.08361793154761903,3.6853571428571428,0.09874999999999998,1.2560714285714287,28.565952380952382,10.237396825396827,17.53658597883598,1528.7,1.2,207.42395833333333,12
2014-09-27,2014,9,27,3.4000000000000004,27.136,16.939,21.09684375,100,77.8,92.371875,0.44000000000000006,0,0.08707775297619046,3.7660714285714287,0.1257142857142857,1.2939453125,28.725126984126984,8.834031746031746,16.769438161375664,2261.2,1.2,488.621875,12
2014-09-28,2014,9,28,5.2,26.549,18.771,20.409197916666667,100,82.1,97.159375,0.45551020408163273,0,0.09120969742063491,3.833545918367347,0.15653061224489795,1.3701036352040816,28.585095238095242,7.934926587301588,16.244191344246033,2176.2,1.2,274.325,12
2014-09-29,2014,9,29,33.8,27.554,17.915,20.691072916666666,100,76.9,96.03229166666667,0.41051020408163275,0,0.08587115575396823,3.788545918367347,0.15653061224489795,1.3640973107993197,27.86209523809524,6.532196428571429,15.19138248181217,2248.7,1.2,336.434375,12
2014-09-30,2014,9,30,50.8,25.89,17.867,20.057020833333333,100,85.1,97.678125,0.4103316326530613,0,0.08298053075396825,3.7524744897959184,0.15653061224489795,1.3483142006802722,27.927380952380954,5.415291666666667,14.37806502149471,1731.2,1.2,195.34062500000002,12
2014-10-01,2014,10,1,2.4000000000000004,27.727,16.701,20.6534375,100,77.2,95.22604166666667,0.3921173469387756,0,0.07026103670634919,3.7614030612244895,0.11153061224489794,1.3139410607993198,28.297698412698416,4.585069444444445,13.565412905092595,2351.2,1.2,480.73125,12
2014-10-02,2014,10,2,0.2,27.481,17.653,21.452770833333332,100,69.5,90.58229166666666,0.34711734693877555,0,0.04721788194444443,3.6537244897959185,0.06670918367346937,1.2092293792517008,29.229333333333333,4.085386904761905,13.337102058531746,2128.7,1.2,515.028125,12
2014-10-03,2014,10,3,0,26.304,16.892,20.771989583333333,100,76,93.08229166666666,0.30211734693877557,0,0.03490203373015872,3.5458673469387754,0.057780612244897944,1.0901966411564625,29.875603174603178,3.9513392857142855,12.782393394510581,1613.7,1.2,309.76770833333336,11.75
2014-10-04,2014,10,4,7.8,26.231,17.201,20.16215625,100,82,96.22395833333333,0.257295918367347,0,0.02713789682539681,3.456045918367347,0.030816326530612226,1.012631536989796,30.6808253968254,3.8249424603174598,12.78180146329365,1351.2,1.2,199.37708333333333,12.25
2014-10-05,2014,10,5,5.2,26.94,18.2,20.9885625,100,77.5,95.68958333333333,0.24709183673469393,0,0.02767644557823128,3.332984693877551,-1.9825411154020653e-17,0.9135775403911566,28.915593253968257,1.1241210317460315,10.055852306547619,2173.7,1.2,250.80937500000002,12.25
2014-10-06,2014,10,6,0,29.49,17.558,21.846197916666668,100,65.7,90.384375,0.24709183673469393,0,0.03172034438775509,3.297091836734694,-1.9825411154020653e-17,0.8767044005102042,27.10081547619048,-0.4342916666666671,7.970962094907407,2141.2,1.2,428.6479166666667,12.25
2014-10-07,2014,10,7,0,27.949,17.986,20.748604166666667,100,71.1,92.840625,0.22923469387755108,0,0.032371386054421754,3.198341836734694,-1.9825411154020653e-17,0.8364997874149661,23.845942460317463,-2.0050376984126985,5.829703166335979,2173.7,1.2,346.5385416666667,12
2014-10-08,2014,10,8,2,29.59,17.629,20.964864583333334,100,62.4,90.65833333333333,0.23834183673469392,0,0.03591305272108842,3.1085204081632654,-1.9825411154020653e-17,0.8057817814625852,20.508101190476193,-3.650450396825397,3.316270626653439,2156.2,1.2,470.4447916666667,11.75
2014-10-09,2014,10,9,0.4,26.867,16.963,20.925864583333333,100,78.3,93.36145833333333,0.27423469387755106,0,0.04141900510204081,3.135484693877551,0.026964285714285694,0.8628316326530613,16.049815476190478,-5.220466269841269,0.6405897404100529,2141.2,1.2,297.9447916666667,12
2014-10-10,2014,10,10,5.6000000000000005,25.744,18.224,20.332979166666668,100,80,96.55208333333333,0.2561989795918368,0,0.03825308248299319,3.08155612244898,0.04499999999999998,0.89898118622449,12.31099007936508,-6.806751984126984,-1.624038235780423,1863.7,1.2,197.94479166666667,11.75
2014-10-11,2014,10,11,5.6000000000000005,26.989,17.605,19.75925,100,77.6,96.73333333333333,0.27423469387755106,0,0.043764615221088425,3.0994132653061226,0.0539285714285714,0.9635124362244899,8.089815476190477,-8.360085317460317,-4.119864293981481,1841.2,1.2,166.06979166666667,12
2014-10-12,2014,10,12,0.6000000000000001,22.369,16.106,18.942604166666666,100,82.2,94.15104166666667,0.2778571428571429,0,0.03955915178571427,3.1996428571428575,0.0539285714285714,1.0184449404761906,7.907619047619049,-7.946587301587302,-4.18442791005291,631.2,1.2,127.16354166666666,12
2014-10-13,2014,10,13,0,28.941,16.01,21.29029166666667,100,68,88.40416666666667,0.2867857142857143,0,0.03542968749999999,3.2803571428571425,0.08089285714285713,1.0658947172619049,6.660555555555556,-7.9032857142857145,-4.5328167989417985,1673.7,1.2,408.153125,11.75
2014-10-14,2014,10,14,31.6,28.245,16.939,20.845385416666666,100,63.9,92.08958333333334,0.3228571428571429,0,0.04383370535714284,3.40625,0.08089285714285713,1.145561755952381,7.23315873015873,-7.834555555555555,-4.351941798941799,1803.7,1.2,313.12708333333336,11.75
2014-10-15,2014,10,15,2.6,26.72,17.915,21.02075,100,78.3,94.3,0.3408928571428572,0,0.04683593749999999,3.5141071428571427,0.08089285714285713,1.181973586309524,9.192047619047619,-7.793634920634921,-3.315648148148148,2166.2,1.2,439.9760416666667,12
2014-10-16,2014,10,16,0.2,26.646,18.081,20.803,100,79.1,92.49479166666667,0.32303571428571437,0,0.04524367559523808,3.505,0.0539285714285714,1.1404129464285717,11.666142857142857,-7.804571428571428,-2.6909742063492064,1993.7,1.2,337.89270833333336,11.75
2014-10-17,2014,10,17,6.2,25.38,17.034,20.028875,100,80.2,93.35833333333333,0.3075510204081633,0,0.042564041241496584,3.472908163265306,0.03589285714285712,1.0804777848639457,13.681825396825397,-7.23815873015873,-1.746409143518518,1786.2,1.2,299.37708333333336,12
2014-10-18,2014,10,18,10.4,21.987,18.176,19.327604166666667,100,91.7,98.71666666666667,0.2804081632653062,0,0.033793579931972774,3.45469387755102,0.026964285714285694,1.0144528592687077,14.667825396825396,-7.207619047619048,-1.5676131779100526,768.7,1.2,156.69479166666667,11.75
2014-10-19,2014,10,19,0,26.304,18.105,19.757291666666667,100,81.4,96.03125,0.28076530612244904,0,0.03724968112244897,3.472729591836735,0.026964285714285694,1.0102620110544218,15.490396825396827,-7.201968253968254,-0.7610186011904759,2446.2,1.2,313.6739583333333,11.75
2014-10-20,2014,10,20,1.2000000000000002,23.352,18.129,19.455666666666666,100,88.9,98.19375,0.2718367346938776,0,0.04671768707482992,3.4550510204081633,0.026964285714285694,1.0285079187925172,17.1724126984127,-7.399190476190476,0.08237094907407418,1633.7,1.2,249.29895833333333,11.75
2014-10-21,2014,10,21,5.4,22.489,18.461,19.46990625,100,92.5,97.60416666666667,0.3075510204081633,0,0.05233896683673468,3.562908163265306,0.044821428571428554,1.0537887967687076,18.07025396825397,-7.66520634920635,0.5465111607142857,1396.2,1.2,192.50208333333333,11.5
2014-10-22,2014,10,22,4,26.744,17.772,20.294604166666666,100,78.8,94.984375,0.31647959183673474,0,0.05708227040816326,3.562908163265306,0.06285714285714283,1.0900239158163267,17.37284126984127,-7.622968253968254,0.5782092427248678,2066.2,1.2,333.36145833333336,11.75
2014-10-23,2014,10,23,10.8,26.134,17.177,19.736104166666667,100,80.5,94.74166666666666,0.34344387755102046,0,0.062407791241496584,3.6618367346938774,0.07178571428571426,1.1629573235544217,17.194968253968256,-7.7673492063492064,0.9551530257936508,2041.2,1.2,333.778125,11
2014-10-24,2014,10,24,27.4,26.867,17.51,20.004729166666667,100,80.4,96.12708333333333,0.37678571428571433,0,0.0658128720238095,3.8375,0.08982142857142857,1.252676711309524,17.275666666666666,-8.46509523809524,0.9493425925925926,2073.7,1.2,274.92395833333336,11.75
2014-10-25,2014,10,25,52.6,23.713,17.177,18.863583333333334,100,87.9,98.99583333333334,0.43964285714285717,0,0.08011346726190474,4.062678571428571,0.09874999999999999,1.3915401785714288,18.51915873015873,-8.658063492063492,1.8221650132275133,778.7,1.2,111.87708333333333,11
2014-10-26,2014,10,26,4.8,28.171,16.439,20.44434375,100,74.1,93.93645833333333,0.4933928571428572,0,0.08513578869047618,4.179464285714286,0.1526785714285714,1.5005840773809527,18.547031746031745,-8.79336507936508,1.9043630952380952,2013.7,1.2,390.3666666666667,11.75
2014-10-27,2014,10,27,5.4,27.161,18.224,20.471114583333335,100,80.5,96.44583333333333,0.5383928571428572,0,0.08041666666666666,4.305357142857143,0.13464285714285712,1.5339248511904764,18.176015873015874,-8.404793650793652,2.116779761904762,2063.7,1.2,243.33541666666667,11.75
2014-10-28,2014,10,28,14.2,28.27,17.344,19.843739583333335,100,66.6,92.99479166666667,0.5294642857142857,0,0.07574218749999999,4.251428571428572,0.1257142857142857,1.5287779017857144,18.30052380952381,-8.303285714285714,2.3417678571428575,2211.2,1.2,337.6322916666667,11.5
2014-10-29,2014,10,29,0.4,26.867,17.153,20.339,100,73.1,92.00104166666667,0.5142261904761904,0,0.06637710813492062,4.251190476190476,0.10767857142857142,1.5264806547619048,17.940675736961452,-7.262757369614512,2.880193924792139,1898.7,1.2,317.97083333333336,11.75
2014-10-30,2014,10,30,0,27.825,17.605,20.63878125,99.7,73.7,90.84583333333333,0.502389455782313,0,0.06295741213151926,4.224353741496599,0.09874999999999999,1.5265205144557825,17.411330498866214,-6.713576814058956,2.839551357001134,2213.7,1.2,318.20520833333336,11.75
2014-10-31,2014,10,31,0.4,24.968,15.939,20.001114583333333,100,75.7,92.01354166666667,0.4996598639455783,0,0.06529212726757368,4.223384353741497,0.0807142857142857,1.5238929634353742,16.223393990929704,-5.69138633786848,3.15376564271542,1756.2,1.2,330.41875,11.75
2014-11-01,2014,11,1,0,28.841,18.01,20.913354166666668,99.1,55.6,84.12916666666666,0.457874149659864,0,0.057180768140589554,4.08546768707483,0.10773809523809522,1.4371766935941044,15.01794359410431,-4.559398242630385,3.3279416099773242,1958.7,1.2,375.54895833333336,11.75
2014-11-02,2014,11,2,8.4,24.46,16.773,19.986927083333335,100,79.4,92.01979166666666,0.44096088435374153,0,0.04946605725623581,3.983886054421769,0.06401360544217685,1.3375973462301587,14.206642006802722,-3.2780649092970515,3.7643698507180656,1436.2,1.2,281.48645833333336,11.5
2014-11-03,2014,11,3,0.6000000000000001,24.171,17.058,19.75417708333333,100,72.9,91.98958333333333,0.39578231292517013,0,0.04442699475623581,3.95656462585034,0.06401360544217685,1.3223406498015873,14.076143594104309,-2.07191887755102,4.361020148337113,1616.2,1.2,284.48125,11.5
2014-11-04,2014,11,4,0.2,24.919,16.963,19.753625,100,78.3,94.65104166666667,0.37649659863945584,0,0.04219671201814058,3.9220238095238096,0.07549319727891154,1.3477796378968256,13.87177851473923,-0.4470617346938775,5.165745346749811,1153.7,1.2,244.32500000000002,11.5
2014-11-05,2014,11,5,0,27.554,16.034,20.885916666666667,100,53.8,85.1875,0.38280612244897966,0,0.047930839002267564,4.002976190476191,0.0933503401360544,1.395960441468254,14.102409126984128,0.24081785714285736,5.446260185185186,1993.7,1.2,501.9291666666667,11.75
2014-11-06,2014,11,6,0,26.109,14.505,20.052145833333334,96.9,46.1,67.26354166666667,0.39464285714285724,0,0.052747484410430825,4.011955782312925,0.10227891156462583,1.4276021293934242,14.133901984126984,1.6162357142857147,6.290772164351853,1751.2,1.2,420.62708333333336,12
2014-11-07,2014,11,7,0,27.53,15.438,20.114864583333333,96.6,46.5,75.04270833333334,0.43344387755102043,0,0.05910696570294783,4.084889455782313,0.12924319727891156,1.4761206774376419,14.61581150793651,2.2764769841269845,6.938257746362434,1833.7,1.2,387.528125,12
2014-11-08,2014,11,8,0,28.221,15.294,20.097822916666665,98.6,64.5,86.49583333333334,0.4573724489795919,0,0.06214019982993196,4.195841836734694,0.11114795918367346,1.5455117984693878,14.442193650793651,2.9333841269841274,7.300212433862434,1738.7,1.2,354.37708333333336,11.75
2014-11-09,2014,11,9,0,27.308,15.796,20.58490625,99.5,68.3,89.75104166666667,0.4382142857142858,0,0.0648251488095238,4.225459183673469,0.10987244897959182,1.602676711309524,14.413393650793651,3.5087142857142863,7.612756415343916,1841.2,1.2,349.22083333333336,12
2014-11-10,2014,11,10,0.2,25.501,16.32,20.06809375,100,75.4,92.815625,0.5012500000000001,0,0.0795628720238095,4.279387755102041,0.1279081632653061,1.7034207589285715,14.337650793650795,3.6026857142857147,7.715948082010582,1163.7,1.2,231.27812500000002,11.75
2014-11-11,2014,11,11,4.8,26.061,17.058,20.51809375,100,76.2,91.50104166666667,0.5387500000000001,0,0.08819940476190476,4.457678571428572,0.17035714285714285,1.8054817708333335,13.55147142857143,3.6990000000000007,7.550449107142858,1846.2,1.2,395.1322916666667,11.75
2014-11-12,2014,11,12,0,27.776,16.987,20.73809375,98.1,71.6,88.85,0.5564285714285715,0,0.0908705357142857,4.484642857142857,0.18857142857142856,1.8668210565476193,13.693657142857145,3.5363,7.371092857142857,2153.7,1.2,412.5541666666667,11.75
2014-11-13,2014,11,13,1.2000000000000002,25.21,17.962,20.155260416666668,100,82.3,95.20625,0.5741071428571429,0,0.09038690476190474,4.619285714285715,0.20660714285714282,1.883707217261905,13.672114285714287,3.351642857142857,7.247725000000001,1963.7,1.2,345.2104166666667,11.5
2014-11-14,2014,11,14,1.4,25.866,18.557,20.404197916666668,100,81.6,95.42395833333333,0.5741071428571429,0,0.08915736607142856,4.6375,0.23357142857142854,1.9272377232142859,13.798342857142858,3.4046857142857148,7.1277839285714295,1973.7,1.2,297.4760416666667,11.5
2014-11-15,2014,11,15,0,25.04,17.867,20.104760416666668,98.9,80.7,92.66041666666666,0.5830357142857144,0,0.09613653273809522,4.610357142857143,0.2785714285714285,1.9779017857142858,15.047842857142857,3.3706428571428573,7.758149107142858,1583.7,1.2,321.98125,11.75
2014-11-16,2014,11,16,0,25.963,17.605,20.289604166666667,97.5,72.9,88.83125,0.6010714285714286,0,0.10452938988095237,4.664285714285714,0.3142857142857142,2.0519698660714285,16.1245,3.6687857142857143,8.695150595238095,1936.2,1.2,421.48645833333336,11.75
2014-11-17,2014,11,17,0,26.72,16.915,20.104343749999998,95.7,67.3,85.60416666666667,0.5919642857142857,0,0.10558035714285714,4.6375,0.3051785714285714,2.0473716517857143,17.263785714285714,3.927985714285714,9.758075000000002,1918.7,1.2,502.2416666666667,11.75
2014-11-18,2014,11,18,0,24.267,16.153,19.28946875,97.7,78.4,89.778125,0.5737500000000001,0,0.10138764880952379,4.5566071428571435,0.26928571428571424,1.9959988839285716,18.420428571428573,4.097928571428572,10.153194642857143,1953.7,1.2,436.6947916666667,11.75
2014-11-19,2014,11,19,1.6,24.412,17.724,19.876020833333335,98.3,72.7,86.76041666666667,0.5646428571428571,0,0.1025,4.520892857142857,0.2691071428571428,1.9815792410714288,18.347385714285714,4.228028571428571,10.33356130952381,1856.2,1.2,353.04895833333336,11.75
2014-11-20,2014,11,20,0.6000000000000001,25.453,16.082,19.680385416666667,96.6,71.8,83.77083333333333,0.5557142857142857,0,0.10761532738095236,4.458392857142857,0.31410714285714286,2.0220052083333333,18.384600000000002,4.362014285714285,10.408335119047619,2058.7,1.2,446.1479166666667,11.75
2014-11-21,2014,11,21,0.2,21.485,17.938,19.064104166666667,95.3,85.8,91.59270833333333,0.5466071428571428,0,0.1080673363095238,4.476428571428571,0.33196428571428566,2.0493694196428573,18.071828571428572,4.5201714285714285,10.328902976190477,748.7,1.2,182.34583333333333,11.25
2014-11-22,2014,11,22,0.8,25.355,17.415,19.878864583333332,95.9,74.7,88.98020833333334,0.5648214285714286,0,0.11098586309523809,4.548214285714286,0.35,2.1074144345238097,17.43792857142857,4.600785714285714,9.862901488095238,1663.7,1.2,276.9291666666667,11.75
2014-11-23,2014,11,23,0,23.978,17.724,19.724291666666666,97.6,79.5,90.88541666666666,0.5741071428571428,0,0.11624813988095237,4.629107142857143,0.3953571428571428,2.153076636904762,16.327928571428572,4.151428571428571,8.829442261904763,1108.7,1.2,237.16354166666667,11.75
2014-11-24,2014,11,24,0,25.744,17.034,20.0260625,97.3,60.8,84.03854166666666,0.5744642857142858,0,0.11744233630952379,4.6380357142857145,0.4942857142857142,2.186514136904762,14.638714285714286,3.857642857142857,7.613214583333334,1906.2,1.2,459.92395833333336,11.75
2014-11-25,2014,11,25,0,23.064,16.415,18.445770833333334,95,74.7,84.21979166666667,0.5744642857142858,0,0.11594308035714283,4.755000000000001,0.5301785714285714,2.237620907738095,13.5158,3.5121428571428575,7.108983333333334,2036.2,1.2,291.6166666666667,11.75
2014-11-26,2014,11,26,0,22.417,15.676,18.592302083333333,92.5,74.9,85.11979166666667,0.6017857142857144,0,0.12015066964285713,4.8898214285714285,0.5482142857142857,2.2988597470238092,13.017557142857143,3.499614285714286,6.866177976190477,1571.2,1.2,300.15833333333336,11.75
2014-11-27,2014,11,27,0,24.05,17.201,19.327885416666668,94.7,80.1,90.83854166666667,0.6200000000000001,0,0.11430245535714283,4.934642857142857,0.4942857142857143,2.2976171874999998,12.628342857142858,3.586528571428571,6.771456547619048,1543.7,1.2,266.746875,11.75
2014-11-28,2014,11,28,0,22.082,17.796,19.096604166666665,95,85.4,90.97291666666666,0.6019642857142857,0,0.11038876488095237,4.853571428571429,0.43142857142857144,2.2286941964285716,13.343714285714286,3.6256714285714287,6.945944642857143,1586.2,1.2,196.74687500000002,11.5
2014-11-29,2014,11,29,0,24.919,17.201,19.583041666666666,96.9,64.7,80.67083333333333,0.5657142857142857,0,0.1009486607142857,4.736785714285714,0.3864285714285714,2.128428199404762,13.888900000000001,3.8157714285714284,7.120876488095239,1438.7,1.2,235.65312500000002,11.75
2014-11-30,2014,11,30,0.2,23.737,16.773,18.520177083333333,91.1,65.6,78.66770833333334,0.5383928571428572,0,0.08821986607142855,4.629107142857143,0.34142857142857136,2.032661830357143,14.399914285714287,3.998185714285714,7.272563392857144,1971.2,1.2,287.7104166666667,11.75
2014-12-01,2014,12,1,0.2,23.521,14.05,17.378302083333335,97.7,69.6,89.19270833333333,0.5112500000000001,0,0.08654017857142857,4.718928571428571,0.32339285714285715,2.021024925595238,15.666257142857145,4.222128571428572,7.547513690476191,1911.2,1.2,299.403125,11.75
2014-12-02,2014,12,2,0,23.328,16.392,18.734760416666667,91.7,71.1,84.39479166666666,0.520357142857143,0,0.09280133928571428,4.656071428571429,0.3235714285714285,2.0312369791666667,16.61197142857143,4.4662,7.862353571428572,1343.7,1.2,274.45520833333336,11.5
2014-12-03,2014,12,3,0,28.023,16.177,20.435083333333335,93.9,48.8,77.56458333333333,0.5383928571428572,0,0.09984188988095237,4.664821428571429,0.36839285714285713,2.0215699404761907,17.687357142857145,4.445514285714286,8.213679166666667,1873.7,1.2,486.64270833333336,11.75
2014-12-04,2014,12,4,0,26.061,15.127,19.477020833333334,91.5,55.8,76.66875,0.5292857142857144,0,0.1001078869047619,4.556785714285715,0.42232142857142857,2.011462053571429,18.636885714285714,4.2804,8.456760119047619,1833.7,1.2,467.8666666666667,11.75
2014-12-05,2014,12,5,0,28.048,15.199,19.265479166666665,87.1,38.3,70.68229166666667,0.5383928571428572,0,0.11223400297619046,4.665,0.45821428571428563,2.0709207589285716,18.101357142857143,3.924357142857143,8.750420238095238,1858.7,1.2,464.92395833333336,11.75
2014-12-06,2014,12,6,0,27.21,15.223,19.538020833333334,89.8,46.5,68.93854166666667,0.5835714285714285,0,0.12447730654761903,4.781785714285715,0.5121428571428571,2.1283147321428575,17.5424,3.5979285714285716,8.414298511904763,1791.2,1.2,454.6375,11.75
2014-12-07,2014,12,7,0,27.628,16.582,20.549083333333332,95.1,60.4,82.43229166666667,0.637857142857143,0,0.13923177083333332,4.871428571428572,0.5301785714285714,2.1758147321428574,16.326785714285716,3.3612428571428574,8.076742857142857,1806.2,1.2,405.6010416666667,11.75
2014-12-08,2014,12,8,0,24.992,17.368,20.427270833333335,96.3,72.9,88.49479166666667,0.6737500000000001,0,0.1486830357142857,4.8175,0.5303571428571429,2.1963988095238096,14.937642857142858,3.1901,7.743174702380953,1323.7,1.2,245.26250000000002,11.75
2014-12-09,2014,12,9,0,26.012,16.82,20.705375,98.3,70.5,86.81979166666666,0.6828571428571429,0,0.15249255952380952,4.871607142857143,0.5660714285714286,2.193130580357143,14.080742857142857,3.2173142857142856,7.498220238095238,1913.7,1.2,425.0541666666667,11.75
2014-12-10,2014,12,10,8.8,26.182,18.081,20.23278125,99.1,73.2,89.97083333333333,0.6826785714285715,0,0.15462053571428572,4.871964285714285,0.5658928571428571,2.2066294642857143,13.053485714285715,3.226557142857143,7.165418750000001,1633.7,1.2,241.22604166666667,11.25
2014-12-11,2014,12,11,0,24.122,17.225,19.424041666666668,98.8,81.9,92.50208333333333,0.7008928571428571,0,0.16666108630952378,4.9887500000000005,0.5657142857142857,2.263262648809524,12.052942857142856,3.0522142857142858,6.751805952380953,1618.7,1.2,232.94479166666667,11.75
2014-12-12,2014,12,12,2,25.744,17.272,20.11478125,99.6,72.5,89.67916666666667,0.755,0,0.18476004464285714,5.1049999999999995,0.6198214285714286,2.360453869047619,12.244271428571428,2.936957142857143,6.155694940476191,2146.2,1.2,400.575,11.5
2014-12-13,2014,12,13,5.2,25.162,17.701,19.428416666666667,99.3,80.5,95.184375,0.7639285714285714,0,0.1940234375,5.069285714285714,0.62875,2.4224144345238097,12.260642857142857,2.9564142857142857,6.581003273809524,2113.7,1.2,343.3875,11.25
2014-12-14,2014,12,14,0,25.55,17.415,20.07635416666667,98.1,79.2,91.40625,0.76375,0,0.2001878720238095,5.177142857142857,0.6826785714285714,2.5161458333333333,12.947557142857145,3.101771428571429,7.131574702380953,1926.2,1.2,417.58020833333336,11.75
2014-12-15,2014,12,15,0,25.744,17.225,20.229645833333333,98.5,72.9,87.34375,0.8089285714285716,0,0.21766741071428572,5.303214285714286,0.7994642857142856,2.6278720238095237,13.412685714285715,2.8668000000000005,7.312724404761906,1861.2,1.2,471.04375,11.5
2014-12-16,2014,12,16,0,27.186,16.844,20.8536875,93.1,60.8,83.06666666666666,0.8539285714285715,0,0.23489769345238096,5.47375,0.8175,2.720801711309524,13.3141,2.6755285714285715,7.244852678571428,1853.7,1.2,452.3197916666667,12
2014-12-17,2014,12,17,0,25.089,17.296,19.983854166666667,96.2,69.5,84.04895833333333,0.8630357142857144,0,0.23732142857142854,5.4825,0.8357142857142856,2.737464657738095,13.419728571428573,2.511742857142857,7.168266369047619,1913.7,1.2,290.340625,11.5
2014-12-18,2014,12,18,2.4000000000000004,21.987,17.368,18.708635416666667,99.6,82.3,93.07916666666667,0.88125,0,0.24367745535714283,5.419642857142857,0.8717857142857143,2.7491536458333337,13.572842857142858,2.5694142857142857,7.236992261904762,1216.2,1.2,175.02812500000002,11.5
2014-12-19,2014,12,19,4.800000000000001,18.675,17.13,17.848114583333334,99.9,94.8,98.16770833333334,0.8539285714285716,0,0.2277250744047619,5.384107142857142,0.8089285714285713,2.6569921874999998,13.932471428571429,2.725342857142857,7.708147023809524,438.7,1.2,81.09583333333333,11.25
2014-12-20,2014,12,20,0,23.497,17.201,18.7995625,99.6,81.5,93.47395833333333,0.8539285714285716,0,0.2154706101190476,5.392857142857143,0.7369642857142856,2.577047991071429,14.655685714285713,2.662728571428572,8.008947321428572,1586.2,1.2,292.1635416666667,11.5
2014-12-21,2014,12,21,0,28.99,15.772,20.403802083333332,98.7,62,86.70416666666667,0.8089285714285716,0,0.19577938988095236,5.114642857142857,0.6289285714285714,2.410450148809524,15.077528571428571,2.452242857142857,7.832528273809524,1986.2,1.2,414.92395833333336,11.75
2014-12-22,2014,12,22,0,25.914,15.819,19.820572916666666,96.9,66.8,83.925,0.7819642857142858,0,0.16855468749999997,4.979642857142857,0.4401785714285714,2.2632514880952384,15.554614285714285,2.5618142857142856,7.763709821428572,1913.7,1.2,428.1791666666667,11.75
2014-12-23,2014,12,23,0,26.524,16.058,19.868875,92.6,63.8,83.79166666666667,0.7276785714285714,0,0.1569140625,4.718928571428571,0.39535714285714285,2.1767280505952384,15.719485714285714,2.420714285714286,7.855440773809525,1751.2,1.2,355.86145833333336,11.75
2014-12-24,2014,12,24,0,25.453,17.034,19.849677083333333,94.2,70.9,86.29895833333333,0.7458928571428572,0,0.15953124999999999,4.6832142857142856,0.3503571428571428,2.1545442708333336,15.4405,2.3591857142857147,7.758842261904762,1983.7,1.2,425.41875,11.75
2014-12-25,2014,12,25,0,27.407,15.986,19.767875,96.8,70.1,83.196875,0.7544642857142857,0,0.16665550595238093,4.719285714285713,0.3501785714285714,2.1712239583333335,15.194785714285715,2.4473285714285713,7.649102678571429,2258.7,1.2,288.6479166666667,11.75
2014-12-26,2014,12,26,0,22.369,16.106,18.448083333333333,94.7,51.6,77.29791666666667,0.7726785714285714,0,0.17532366071428568,4.647321428571429,0.40392857142857147,2.2293340773809525,14.735085714285715,2.550657142857143,7.481025892857143,1156.2,1.2,257.215625,11.5
2014-12-27,2014,12,27,0,24.46,15.891,19.202708333333334,91.2,57.1,74.71979166666667,0.7730357142857144,0,0.18453869047619048,4.7283928571428575,0.5028571428571429,2.3156622023809526,13.959985714285713,2.447985714285714,7.161780654761905,1596.2,1.2,328.3875,11.75
2014-12-28,2014,12,28,0,25.113,17.629,19.849072916666668,96.4,56.9,76.79375,0.8,0,0.21078497023809523,4.998035714285714,0.62875,2.5003255208333335,14.103871428571429,2.8872428571428572,7.391216964285715,1563.7,1.2,289.559375,11.25
2014-12-29,2014,12,29,0.6000000000000001,27.112,17.582,21.10654166666667,98.4,64.1,85.26875,0.8176785714285716,0,0.23259114583333335,5.1867857142857146,0.7276785714285714,2.595368303571429,14.57617142857143,2.8568285714285717,7.86199751984127,2018.7,1.2,464.95,11.75
2014-12-30,2014,12,30,7.4,26.891,17.843,19.993385416666666,100,71.7,93.96666666666667,0.8808928571428573,0,0.24945870535714285,5.357678571428572,0.7905357142857142,2.6841052827380953,15.099357142857144,3.0635714285714286,8.354526984126986,1618.7,1.2,209.76770833333333,11.5
2014-12-31,2014,12,31,0,26.916,16.701,20.445833333333333,100,70.6,91.88541666666667,0.8896428571428573,0,0.26501674107142853,5.501428571428571,0.8175,2.782049851190476,16.012957142857143,2.9489857142857145,8.865321031746031,1271.2,1.2,266.4604166666667,11.75
2015-01-01,2015,1,1,0,28.023,15.605,19.905375,100,63.5,90.89375,0.916607142857143,0,0.2654278273809524,5.627142857142857,0.8178571428571428,2.8087965029761905,16.442214285714286,2.6213285714285712,8.991505257936508,1796.2,1.2,380.31458333333336,11.75
2015-01-02,2015,1,2,0,27.21,13.858,19.2458125,100,57.4,81.540625,0.916607142857143,0,0.2621242559523809,5.626964285714286,0.80875,2.8085770089285718,16.091528571428572,2.3530714285714285,8.70610138888889,2186.2,1.2,451.590625,11.75
2015-01-03,2015,1,3,0,27.112,14.864,19.409927083333333,96.7,65.4,84.21354166666667,0.9523214285714287,0,0.2681436011904762,5.618035714285715,0.7637499999999999,2.802505580357143,16.01157142857143,2.4741142857142857,8.644361805555556,1843.7,1.2,395.7572916666667,11.75
2015-01-04,2015,1,4,0,28.493,14.242,20.060989583333335,95.5,64.6,82.67604166666666,0.9792857142857143,0,0.2681305803571428,5.626607142857142,0.7276785714285714,2.7792354910714288,15.405242857142857,2.0059857142857145,8.485315972222223,1918.7,1.2,452.059375,11.75
2015-01-05,2015,1,5,0,25.793,15.629,19.966416666666667,95.4,56.1,80.69583333333334,0.9703571428571429,0,0.2635435267857143,5.51875,0.6735714285714286,2.7443880208333336,14.571128571428572,2.012457142857143,7.971035416666667,1893.7,1.2,469.4291666666667,11.75
2015-01-06,2015,1,6,0,25.38,15.605,19.92040625,86.6,54.3,73.51145833333334,0.9435714285714286,0,0.2553441220238095,5.527678571428572,0.6285714285714284,2.7223679315476192,14.426128571428572,1.845114285714286,7.321559226190476,1826.2,1.2,476.278125,11.75
2015-01-07,2015,1,7,0,26.402,14.002,19.759677083333333,90.3,55.8,75.653125,0.9167857142857143,0,0.24147135416666665,5.401785714285714,0.6646428571428571,2.6885230654761907,14.4087,1.9221142857142859,7.079143154761904,1636.2,1.2,378.12708333333336,11.75
2015-01-08,2015,1,8,0,28.941,14.84,19.882104166666668,98.6,47.1,80.75625,0.8989285714285715,0,0.239453125,5.383571428571429,0.7005357142857143,2.6989415922619053,14.896214285714285,2.175842857142857,7.411592857142857,1821.2,1.2,432.45,11.75
2015-01-09,2015,1,9,0,25.914,15.581,19.845177083333333,97.8,60.7,81.46458333333334,0.9439285714285716,0,0.26442894345238094,5.527321428571428,0.7814285714285714,2.796664806547619,15.573800000000002,2.9137714285714287,8.210080654761905,1801.2,1.2,459.79375,11.75
2015-01-10,2015,1,10,0,24.581,15.939,19.565604166666667,93.5,62.3,78.24479166666667,0.9078571428571429,0,0.2527139136904762,5.527321428571428,0.7816071428571428,2.786545758928572,16.378071428571428,3.419928571428571,8.618582738095238,1818.7,1.2,461.25208333333336,11.75
2015-01-11,2015,1,11,0,25.355,13.209,18.857729166666665,85.6,41.3,61.447916666666664,0.89875,0,0.23710937499999998,5.4469642857142855,0.71875,2.717025669642857,17.241242857142858,3.4861285714285715,9.22380238095238,1901.2,1.2,490.2885416666667,12
2015-01-12,2015,1,12,0,24.243,13.305,17.9481875,85.5,43.9,65.5,0.89,0,0.23029947916666663,5.455892857142857,0.7189285714285714,2.6961588541666672,18.003857142857143,3.4011714285714283,9.86709375,1853.7,1.2,482.0854166666667,12
2015-01-13,2015,1,13,0,24.895,13.305,18.029770833333334,85.4,50.8,69.83541666666667,0.8989285714285715,0,0.22813802083333332,5.428928571428571,0.7008928571428571,2.6518396577380954,18.2988,3.286285714285714,10.342994642857144,1851.2,1.2,479.1947916666667,12
2015-01-14,2015,1,14,0,27.358,12.292,18.256541666666667,91.3,47.5,73.05104166666666,0.9167857142857143,0,0.22763206845238093,5.437857142857142,0.6378571428571428,2.609477306547619,18.41357142857143,3.035942857142857,10.72355625,1858.7,1.2,458.6479166666667,12
2015-01-15,2015,1,15,0,25.016,13.954,18.7825625,96.5,61.4,80.46145833333334,0.9080357142857143,0,0.22851748511904763,5.384107142857142,0.5748214285714285,2.58475818452381,18.345914285714287,2.6957142857142857,10.7568,1886.2,1.2,388.36145833333336,12
2015-01-16,2015,1,16,0,25.428,13.642,19.13303125,90.3,59.6,76.55625,0.8630357142857144,0,0.2048530505952381,5.303392857142858,0.4401785714285714,2.4751264880952384,18.402242857142856,1.8867285714285715,10.271471130952381,1863.7,1.2,453.6479166666667,11.75
2015-01-17,2015,1,17,0,27.825,15.485,19.6506875,89.3,59,80.57395833333334,0.8810714285714286,0,0.2134858630952381,5.276428571428572,0.3953571428571428,2.4492578125000004,17.949385714285714,1.2087285714285714,9.852896130952383,1901.2,1.2,357.97083333333336,11.75
2015-01-18,2015,1,18,0,26.598,16.439,20.53209375,94.7,63,79.48229166666667,0.8992857142857142,0,0.2233816964285714,5.329821428571429,0.40446428571428567,2.4524107142857146,17.694642857142856,1.099257142857143,9.382430654761905,1946.2,1.2,402.684375,11.75
2015-01-19,2015,1,19,0,27.407,15.342,20.081041666666668,91.4,57.6,78.14895833333334,0.89,0,0.2248474702380952,5.231071428571428,0.40446428571428567,2.440048363095238,17.54947142857143,1.0057142857142858,9.102728571428573,1813.7,1.2,477.528125,12
2015-01-20,2015,1,20,0,28.468,14.697,20.28896875,92.8,50.8,72.18229166666667,0.8717857142857143,0,0.22995907738095236,5.186071428571429,0.40464285714285714,2.4502455357142856,17.558614285714285,1.1114571428571427,9.24572380952381,1821.2,1.2,447.215625,12
2015-01-21,2015,1,21,0,26.598,15.796,19.996854166666665,83.3,57.4,71.60729166666667,0.8687103174603176,0,0.23378823578042326,5.134087301587302,0.4006349206349206,2.4104691633597883,16.89397792207792,1.256968831168831,8.843461553030304,1836.2,1.2,468.20520833333336,12
2015-01-22,2015,1,22,0,26.72,14.146,19.568635416666666,90,44.3,65.64895833333334,0.8664484126984127,0,0.23776992394179894,5.108392857142857,0.40339285714285716,2.3690077298280423,16.878777922077923,1.5425220779220778,8.79095817099567,1861.2,1.2,488.83020833333336,12
2015-01-23,2015,1,23,0,25.695,13.016,19.03340625,92.9,57.6,73.86041666666667,0.8895039682539683,0,0.24889095568783068,5.058531746031746,0.46436507936507937,2.3722269758597885,16.85885324675325,2.1262662337662337,9.25320340909091,2046.2,1.2,476.35625,12
2015-01-24,2015,1,24,0,25.453,15.414,19.558729166666666,95.8,69,84.54270833333334,0.9065873015873016,0.003968253968253968,0.2637857556216931,5.056468253968254,0.5001984126984127,2.391361607142857,17.139844155844155,2.1596831168831168,9.445339664502166,1961.2,1.2,514.0645833333333,12
2015-01-25,2015,1,25,0,24.895,16.106,20.0425,96,66.9,80.98020833333334,0.923670634920635,0.003968253968253968,0.2743165095899471,4.997857142857143,0.4829761904761905,2.416450686177249,17.24331168831169,2.328022077922078,9.788263338744589,1943.7,1.2,497.5541666666667,12
2015-01-26,2015,1,26,0,25.841,15.438,19.347041666666666,88.3,61.8,72.009375,0.9878968253968254,0.003968253968253968,0.2966898148148148,5.167599206349207,0.4787896825396825,2.4894661458333336,17.453701298701297,2.681396103896104,10.268861093073594,1953.7,1.2,508.075,12
2015-01-27,2015,1,27,0,26.231,14.984,18.969708333333333,92.6,54.9,75.23645833333333,0.9828571428571429,0.003968253968253968,0.28995535714285714,5.133650793650793,0.4387301587301587,2.444050925925926,17.523012987012986,2.882727272727273,10.276762175324675,1928.7,1.2,475.6791666666667,12
2015-01-28,2015,1,28,0,25.331,15.461,19.205635416666667,93.4,66.6,83.096875,0.986984126984127,0.003968253968253968,0.2876388888888889,5.253809523809524,0.4307936507936508,2.4644163359788362,18.260349350649353,2.979015584415585,10.57541609848485,1988.7,1.2,451.1479166666667,12
2015-01-29,2015,1,29,0,27.554,15.867,20.1705625,96.3,53.8,83.33437500000001,0.993531746031746,0.008432539682539682,0.28735139715608465,5.297718253968254,0.4144642857142857,2.465946593915344,18.523396969696968,2.57380202020202,10.79775397126022,2073.7,1.2,385.028125,11.75
2015-01-30,2015,1,30,0,23.809,16.272,19.762385416666667,92.7,75,85.35833333333333,1.0110119047619048,0.017361111111111112,0.300434234457672,5.316329365079365,0.4477777777777777,2.517306960978836,18.223864502164503,1.823322943722944,9.964461643217893,1906.2,1.2,403.3875,12
2015-01-31,2015,1,31,0,25.817,15.986,20.190125000000002,89.6,55.4,75.45520833333333,1.0119642857142856,0.013392857142857142,0.2969047619047619,5.372321428571429,0.4206944444444444,2.5272218088624343,17.84866248196248,1.5577774891774894,9.244713086219337,1811.2,1.2,472.42395833333336,11.75
2015-02-01,2015,2,1,0,25.866,16.487,20.11646875,79.3,58.2,68.9125,1.013095238095238,0.013392857142857142,0.29520027281746025,5.426646825396825,0.4379166666666666,2.526044560185185,17.594813997113995,1.004436940836941,8.484285146103897,1938.7,1.2,519.871875,12
2015-02-02,2015,2,2,0,24.871,15.581,19.61686458333333,85.8,58.4,71.14791666666667,1.003154761904762,0.013392857142857142,0.28029534556878305,5.341904761904762,0.3879960317460317,2.4521492642195772,17.444202164502165,0.7163994227994228,8.291428694684944,1966.2,1.2,516.7989583333333,11.75
2015-02-03,2015,2,3,0,25.355,14.098,18.902708333333333,89.7,57.8,75.121875,1.0576587301587304,0.013392857142857142,0.2890405919312169,5.420853174603175,0.3918055555555555,2.471602802579365,17.241477777777778,1.4860444444444443,8.752641898148148,1988.7,1.2,535.6010416666667,12
2015-02-04,2015,2,4,0,25.963,15.533,19.842614583333333,83.1,55.6,70.90208333333334,1.0973214285714286,0.013392857142857142,0.29508370535714284,5.343392857142858,0.3498214285714285,2.455530133928572,16.946571428571428,2.5258571428571424,9.22176917989418,1976.2,1.2,527.2677083333333,12
2015-02-05,2015,2,5,0,25.04,16.439,19.6709375,91.3,69.9,81.15520833333333,1.1375,0.008928571428571428,0.30378348214285716,5.370535714285714,0.3453571428571428,2.469014136904762,16.467174603174602,3.7597301587301586,9.519156415343916,1991.2,1.2,420.340625,12
2015-02-06,2015,2,6,0,27.407,17.177,20.950010416666668,84.1,52.2,69.64895833333334,1.1151785714285716,0,0.2899609375,5.437678571428571,0.2780357142857143,2.418413318452381,16.60674603174603,4.936952380952381,10.471868386243386,1963.7,1.2,516.6947916666667,12
2015-02-07,2015,2,7,0,27.431,15.629,20.551708333333334,94.4,54.3,73.06666666666666,1.115357142857143,0,0.2929445684523809,5.45125,0.2691071428571428,2.4395721726190476,16.954809523809523,4.9465079365079365,11.451282076719577,1991.2,1.2,510.4447916666667,12
2015-02-08,2015,2,8,0,27.825,14.529,20.629208333333334,95.2,48.8,69.28333333333333,1.1333928571428573,0,0.3030059523809524,5.5325,0.33178571428571424,2.531977306547619,17.131301587301586,5.560253968253968,12.166220238095239,2003.7,1.2,527.996875,12
2015-02-09,2015,2,9,0,27.825,15.915,20.813666666666666,75.4,48.1,60.182291666666664,1.1514285714285715,0,0.3130450148809524,5.5825000000000005,0.39464285714285713,2.624192708333333,17.138666666666666,6.426174603174603,12.484931547619047,1998.7,1.2,534.9239583333333,12
2015-02-10,2015,2,10,0,27.924,15.843,20.3329375,84.6,50,68.33125,1.1426785714285714,0,0.3128608630952381,5.605178571428572,0.39464285714285713,2.6548753720238096,16.99901587301587,5.75347619047619,12.012106481481482,1983.7,1.2,465.809375,12
2015-02-11,2015,2,11,0,28.072,15.724,20.823083333333333,88,46.3,68.3,1.106607142857143,0,0.3063299851190476,5.60125,0.41267857142857134,2.6354873511904766,17.16111111111111,5.149936507936508,11.708300264550264,2076.2,1.2,548.1270833333333,12
2015-02-12,2015,2,12,0,28.32,15.915,21.27634375,82.9,55.8,70.509375,1.075357142857143,0,0.2893917410714285,5.515535714285714,0.3767857142857142,2.551793154761905,17.451555555555554,4.808809523809524,11.874359457671957,1998.7,1.2,536.1479166666667,12
2015-02-13,2015,2,13,0,28.518,15.724,20.80671875,96.8,49.4,77.54375,1.1067857142857143,0,0.28936197916666667,5.457142857142857,0.3857142857142857,2.5233091517857145,17.612555555555556,4.574396825396825,11.899314153439153,1911.2,1.2,413.12708333333336,12
2015-02-14,2015,2,14,0,29.365,16.177,21.579604166666666,97.3,37.7,73.80729166666667,1.1155357142857143,0,0.27864211309523806,5.389642857142857,0.3767857142857142,2.443989955357143,17.730444444444444,5.150714285714286,11.89969642857143,1948.7,1.2,520.6791666666667,12
2015-02-15,2015,2,15,0,29.615,15.605,21.543520833333332,96.2,34.7,72.19791666666667,1.092857142857143,0,0.26950148809523805,5.272321428571429,0.28696428571428567,2.3038504464285716,17.711857142857145,5.26579365079365,11.850789682539682,1998.7,1.2,509.090625,12
2015-02-16,2015,2,16,0,28.791,14.673,20.814666666666668,94.4,27.6,62.125,1.0433928571428572,0,0.2562220982142857,5.173035714285715,0.20625,2.191129092261905,17.83761904761905,4.831761904761905,11.86175992063492,1976.2,1.2,543.7520833333333,12
2015-02-17,2015,2,17,0,29.215,14.697,20.485052083333333,95.4,30.5,69.0625,1.0069642857142858,0,0.2445703125,5.078392857142857,0.1794642857142857,2.1131082589285715,18.321269841269842,4.316412698412698,11.913643187830688,1983.7,1.2,537.2416666666667,12
2015-02-18,2015,2,18,0,28.717,14.984,20.673166666666667,96.2,31.3,71.64791666666666,1.0069642857142858,0,0.24927641369047615,5.069107142857143,0.17035714285714285,2.1318340773809523,18.55519047619048,3.704206349206349,11.793348875661376,2013.7,1.2,520.7052083333333,11.75
2015-02-19,2015,2,19,0,29.79,15.175,20.97925,97,30.6,70.73958333333333,1.034107142857143,0,0.2554278273809524,5.149821428571428,0.16124999999999995,2.1855096726190477,18.707666666666665,2.7807142857142852,11.36835615079365,2008.7,1.2,543.9083333333333,12
2015-02-20,2015,2,20,0,29.065,14.625,20.81690625,93.7,26.6,60.80104166666667,1.0564285714285715,0,0.26359002976190476,5.302678571428571,0.14785714285714285,2.2396670386904765,18.585317460317462,2.352396825396825,10.947229166666668,2053.7,1.2,557.3197916666667,12
2015-02-21,2015,2,21,0,28.866,17.249,22.31896875,55.2,23.6,36.28125,1.0475,0,0.2770926339285714,5.415178571428571,0.14785714285714285,2.3052120535714287,18.356285714285715,2.2507142857142854,10.496811838624339,2088.7,1.2,571.35625,12
2015-02-22,2015,2,22,0,28.841,15.533,21.632083333333334,58.9,25.5,40.842708333333334,1.0475,0,0.2859579613095238,5.4871428571428575,0.16142857142857142,2.3681045386904764,18.569031746031747,1.8809047619047614,10.371766865079366,2098.7,1.2,573.0489583333333,12
2015-02-23,2015,2,23,0,28.617,17.558,21.87203125,50.5,17.4,31.575,1.0832142857142857,0,0.30166294642857144,5.595357142857144,0.23321428571428568,2.4519084821428576,18.638349206349208,1.9196031746031743,10.329175595238096,2133.7,1.2,578.5437499999999,12
2015-02-24,2015,2,24,0,28.122,16.034,21.5271875,55.8,28.6,39.37708333333333,1.1105357142857144,0,0.3274609375,5.685357142857143,0.2782142857142857,2.5443917410714287,18.43068253968254,2.456190476190476,10.45424007936508,2123.7,1.2,580.9135416666667,12
2015-02-25,2015,2,25,0,31.868,14.768,21.733395833333333,92.7,39.6,62.490625,1.1419642857142858,0,0.3363318452380953,5.7125,0.3142857142857142,2.5843898809523815,18.29863492063492,2.327031746031746,10.822298611111112,2123.7,1.2,506.2,12
2015-02-26,2015,2,26,0,28.568,16.034,20.78690625,95.7,58.5,83.25833333333333,1.1198214285714287,0,0.3288262648809524,5.654464285714286,0.2964285714285714,2.5565569196428575,18.34627777777778,0.5258095238095236,10.35427232142857,1436.2,1.2,306.3041666666667,12
2015-02-27,2015,2,27,11.2,31.893,16.058,20.257708333333333,98.5,56.1,87.25729166666667,1.0976785714285715,0,0.31935267857142857,5.479285714285715,0.2739285714285714,2.4955543154761908,18.382325396825397,-0.01530158730158755,10.162241236772488,1773.7,1.2,286.72083333333336,12
2015-02-28,2015,2,28,10.799999999999999,26.426,16.32,19.52778125,97,69.7,89.12395833333333,1.0708928571428573,0,0.3005059523809524,5.366964285714286,0.2828571428571428,2.4422581845238094,18.66940476190476,-0.0043333333333336055,10.850839451058203,1991.2,1.2,206.92916666666667,12
2015-03-01,2015,3,1,4.8,29.865,15.318,21.4865625,98.9,56.8,83.10729166666667,1.06625,0,0.28167038690476187,5.285892857142857,0.2785714285714285,2.355221354166667,18.708246031746032,0.0681111111111107,11.02634871031746,2103.7,1.2,489.090625,12
2015-03-02,2015,3,2,0,26.867,18.2,21.27234375,99.3,72,90.696875,1.039107142857143,0,0.2515141369047619,5.146428571428571,0.22464285714285712,2.232764136904762,19.112817460317462,-0.18879365079365115,11.071238921957672,1993.7,1.2,287.97083333333336,12
2015-03-03,2015,3,3,11.4,25.501,18.533,20.5095625,100,81.2,96.17083333333333,0.9942857142857144,0,0.22881510416666664,5.024821428571428,0.16178571428571425,2.106568080357143,19.337579365079364,0.6894603174603172,11.17266517857143,2226.2,1.2,255.965625,12
2015-03-04,2015,3,4,33.2,25.21,16.915,19.35204166666667,100,76.6,94.75833333333334,0.9848214285714286,0,0.2269921875,5.020357142857143,0.18874999999999997,2.074986979166667,19.5764126984127,3.743301587301587,12.102372685185186,1286.2,1.2,198.41354166666667,12
2015-03-05,2015,3,5,8.200000000000001,28.147,16.963,20.977916666666665,99,58.1,87.36458333333333,0.9260714285714285,0,0.21392299107142856,4.975357142857143,0.19785714285714281,2.0186607142857147,20.08693650793651,4.280238095238095,12.700382605820106,2111.2,1.2,347.528125,12
2015-03-06,2015,3,6,0,28.891,18.081,21.06709375,100,64.1,89.34375,0.9392857142857143,0,0.21640438988095237,4.9662500000000005,0.17999999999999997,1.9819866071428573,20.424619047619046,4.771825396825397,12.628993716931218,2338.7,1.2,491.746875,12
2015-03-07,2015,3,7,0,29.115,17.058,21.362947916666666,99.4,64.5,86.09375,0.9167857142857143,0,0.21468749999999998,4.9075,0.13482142857142856,1.9391685267857144,20.692333333333334,4.203380952380952,12.520898478835978,2108.7,1.2,373.153125,12
2015-03-08,2015,3,8,0,27.702,17.368,21.39215625,99.4,65.6,84.83125,0.8810714285714286,0,0.2071893601190476,4.808928571428572,0.13499999999999998,1.9058482142857145,20.7808253968254,4.851063492063493,12.712492724867726,1843.7,1.2,404.871875,12
2015-03-09,2015,3,9,0,27.112,16.368,21.072385416666666,97.5,57.4,79.80625,0.9037499999999999,0,0.21780877976190474,4.867500000000001,0.1439285714285714,1.9326450892857143,20.61953968253968,4.501714285714286,12.578367063492063,2101.2,1.2,504.8197916666667,12
2015-03-10,2015,3,10,0,27.924,16.082,21.100447916666667,96.4,49.4,73.77291666666666,0.9392857142857143,0,0.23571800595238093,4.9799999999999995,0.17535714285714282,2.0319921875,20.373396825396828,3.477746031746032,12.081059854497354,2093.7,1.2,547.215625,12
2015-03-11,2015,3,11,0,28.295,14.984,20.911958333333335,91.4,53.1,71.16145833333333,0.9708928571428572,0,0.25068266369047615,5.006785714285714,0.16624999999999998,2.0856863839285715,19.991999999999997,2.1371587301587303,11.288694444444445,2123.7,1.2,565.8354166666667,12
2015-03-12,2015,3,12,0,27.579,16.034,21.3054375,88.6,59.6,71.36458333333333,0.9664285714285715,0,0.24955357142857143,4.952857142857143,0.13017857142857142,2.068385416666667,19.70979365079365,1.5653015873015872,10.320434193121693,2148.7,1.2,576.0437499999999,12
2015-03-13,2015,3,13,0,28.171,16.987,21.916166666666665,88.2,56.7,70.46458333333334,0.9664285714285715,0,0.24807477678571427,4.907857142857144,0.12107142857142857,2.0221614583333336,19.085714285714285,0.666079365079365,9.336463955026456,2156.2,1.2,535.6791666666667,12.25
2015-03-14,2015,3,14,0.4,27.431,15.748,19.98371875,97.5,63.8,87.296875,0.9394642857142859,0,0.23617745535714282,4.849821428571429,0.12124999999999998,1.954825148809524,19.021142857142856,0.485031746031746,8.716366402116403,2213.7,1.2,363.7260416666667,12
2015-03-15,2015,3,15,0,26.329,17.867,20.885770833333332,97.7,70.8,88.93958333333333,0.9350000000000002,0,0.22466517857142856,4.83625,0.08517857142857141,1.8770479910714288,18.676841269841272,-0.18944444444444455,7.999141534391534,2068.7,1.2,347.9447916666667,12
2015-03-16,2015,3,16,4.2,28.245,17.677,20.8505,98.8,67.6,90.478125,0.9194387755102041,0,0.21419217687074826,4.831020408163265,0.07624999999999997,1.8000494260204083,18.939063492063493,0.9786507936507938,8.524247974537037,2263.7,1.2,380.7572916666667,12.25
2015-03-17,2015,3,17,0,28.916,16.987,21.85903125,97.4,39.8,73.534375,0.850280612244898,0,0.19136160714285713,4.712525510204082,0.044821428571428554,1.6631858524659866,19.46911111111111,2.4069642857142854,9.240709118716932,2158.7,1.2,545.0281249999999,12.25
2015-03-18,2015,3,18,0,29.941,15.843,21.601333333333333,97.6,50.7,76.8375,0.802219387755102,0,0.17157126913265303,4.587448979591836,0.026964285714285694,1.5587045599489797,19.942299603174604,3.743978174603175,10.193409804894179,2121.2,1.2,483.9604166666667,12.25
2015-03-19,2015,3,19,0,30.117,16.344,21.91525,98.6,37.5,71.54479166666667,0.8376020408163266,0,0.16969494047619046,4.594897959183673,0.026964285714285694,1.5230763711734696,20.294015873015873,5.121938492063492,11.481223255621694,2131.2,1.2,532.60625,12.5
2015-03-20,2015,3,20,0,29.389,14.984,21.728552083333334,96.5,42.8,68.79895833333333,0.8321938775510205,0,0.16026838860544215,4.548622448979592,0.018035714285714266,1.4847526041666668,21.076613095238095,6.267468253968254,12.770326760912699,2108.7,1.2,542.29375,12.25
2015-03-21,2015,3,21,0,29.464,16.796,22.235260416666666,96.2,35.2,64.07395833333334,0.8873469387755103,0,0.16199431335034012,4.618112244897959,-1.9825411154020653e-17,1.4897361288265307,21.418623015873017,7.172027777777777,13.779983837632276,2091.2,1.2,533.4135416666667,12.25
2015-03-22,2015,3,22,0,30.976,16.773,22.633927083333333,95.4,33,58.954166666666666,0.8838775510204082,0,0.1650021258503401,4.654081632653061,0.010204081632653041,1.500170068027211,21.76230357142857,7.819964285714286,14.728332961309524,2073.7,1.2,539.403125,12.25
2015-03-23,2015,3,23,0,31.561,16.701,23.12784375,98.3,42.4,78.41875,0.8734693877551021,0,0.17460034013605438,4.6899999999999995,0.0204081632653061,1.5541092687074831,21.43417857142857,7.426196428571428,14.520453125000001,2008.7,1.2,512.8145833333333,12.25
2015-03-24,2015,3,24,0,30.697,18.247,23.61205208333333,99.3,40.8,76.21979166666667,0.8942857142857144,0,0.1798533163265306,4.664081632653061,0.0204081632653061,1.5699085884353743,21.18225,6.804607142857143,14.378249255952381,2001.2,1.2,508.1791666666667,12.25
2015-03-25,2015,3,25,0,30.343,17.463,22.6886875,100,35.8,77.01145833333334,0.8991836734693878,0,0.18039328231292515,4.756530612244899,0.025510204081632633,1.571947278911565,21.11030357142857,6.4497857142857145,14.285277901785715,2003.7,1.2,463.9604166666667,12.5
2015-03-26,2015,3,26,0,29.966,17.272,22.359572916666668,96.9,35.5,67.20833333333333,0.873265306122449,0,0.18319302721088435,4.736122448979592,0.041020408163265284,1.5871024659863946,20.961607142857144,6.081464285714285,13.959806175595238,2038.7,1.2,496.48645833333336,12.25
2015-03-27,2015,3,27,0,31.077,16.701,22.521583333333332,94.4,32.4,59.959375,0.8367346938775511,0,0.17907525510204078,4.751224489795918,0.041020408163265284,1.581077806122449,20.92831150793651,5.875458333333333,13.77731212797619,2143.7,1.2,553.8562499999999,12.25
2015-03-28,2015,3,28,0,30.117,17.177,22.590520833333333,92,45.4,68.29166666666667,0.7853061224489796,0,0.1684970238095238,4.642857142857143,0.041020408163265284,1.5361628401360545,20.938301587301588,6.1171051587301575,13.763550553902117,2136.2,1.2,542.1895833333333,12.5
2015-03-29,2015,3,29,0,31.484,18.366,23.371354166666666,96.3,34.7,70.46875,0.7853061224489796,0,0.1619515306122449,4.509183673469388,0.030816326530612226,1.4838988095238097,21.21735119047619,6.667279761904761,13.766782448743387,2118.7,1.2,564.4812499999999,12.5
2015-03-30,2015,3,30,0,30.773,17.486,23.1413125,97.1,44.1,76.48020833333334,0.759795918367347,0,0.13787202380952382,4.298775510204082,0.02061224489795916,1.382108843537415,21.61319047619048,7.187396825396825,14.06320068617725,2126.2,1.2,544.871875,12.25
2015-03-31,2015,3,31,0,30.798,18.224,23.1705,97.5,54.4,82.91979166666667,0.7442857142857143,0,0.1309970238095238,4.314081632653061,0.02061224489795916,1.3578656462585035,21.914722222222224,7.93078373015873,14.317127273478835,2153.7,1.2,514.7677083333333,12.25
2015-04-01,2015,4,1,0,28.048,19.46,22.92113541666667,97.8,53.5,84.18541666666667,0.7391836734693877,0,0.12066326530612244,4.195918367346939,0.015510204081632633,1.3187096088435375,22.128527777777776,8.272162698412698,14.328048073743387,1806.2,1.2,315.47083333333336,12.25
2015-04-02,2015,4,2,0,31.689,18.866,23.345208333333332,98.7,56.1,85.33854166666667,0.759591836734694,0,0.10840136054421767,4.273061224489796,-1.9825411154020653e-17,1.2714434523809524,22.382857142857144,8.73711111111111,14.679870701058203,2061.2,1.2,437.73645833333336,12.25
2015-04-03,2015,4,3,0,31.893,18.438,23.206395833333335,98.4,59.1,85.39583333333333,0.7646938775510205,0,0.11019345238095236,4.34530612244898,-1.9825411154020653e-17,1.2767070578231294,22.480730158730157,9.114063492063492,14.921034722222222,2173.7,1.2,406.25208333333336,12.25
2015-04-04,2015,4,4,6.2,31.077,17.653,23.530625,97.7,58.2,83.70104166666667,0.7802040816326531,0,0.10717474489795917,4.366122448979592,-1.9825411154020653e-17,1.262325680272109,22.495444444444445,9.316873015873016,14.943458664021165,2053.7,1.2,443.778125,12.25
2015-04-05,2015,4,5,0,32.717,19.817,25.035510416666668,98,52.3,79.07604166666667,0.7546938775510205,0,0.09575255102040815,4.381632653061224,-1.9825411154020653e-17,1.23765518707483,22.586222222222222,9.396587301587301,15.084704695767197,2281.2,1.2,532.5541666666667,12.5
2015-04-06,2015,4,6,0,29.389,19.603,22.70415625,97.2,70.8,88.82083333333334,0.7955102040816328,0,0.0989158163265306,4.566326530612245,-1.9825411154020653e-17,1.2526339285714287,22.681587301587303,9.516047619047617,15.27322619047619,1368.7,1.2,225.91354166666667,12.25
2015-04-07,2015,4,7,0,31.103,18.842,23.34103125,99.2,50.7,84.33125,0.8053061224489797,0,0.09607568027210882,4.5869387755102045,-1.9825411154020653e-17,1.2581441326530614,22.624126984126985,9.607984126984126,15.403786044973545,2213.7,1.2,474.325,12.25
2015-04-08,2015,4,8,0,28.27,19.318,22.41544791666667,98.7,71.4,88.303125,0.8002040816326532,0,0.09907950680272107,4.602244897959183,-1.9825411154020653e-17,1.2744961734693878,22.61738095238095,9.960047619047618,15.63846626984127,1488.7,1.2,216.40833333333333,12.25
2015-04-09,2015,4,9,16.2,30.066,19.008,21.63515625,99.2,65.4,90.50104166666667,0.7614030612244899,0,0.09988414115646257,4.529132653061224,-1.9825411154020653e-17,1.2865396471088437,22.631650793650795,10.022079365079364,15.54963458994709,2238.7,1.2,334.871875,12
2015-04-10,2015,4,10,0,28.196,18.176,21.68867708333333,97,67.4,86.76354166666667,0.7575255102040818,0,0.09156940901360543,4.38484693877551,-1.9825411154020653e-17,1.2578008078231293,22.68657142857143,10.066603174603173,15.552334656084657,2211.2,1.2,350.15833333333336,12.5
2015-04-11,2015,4,11,0,28.072,17.772,21.235625,98.2,69.6,89.67395833333333,0.742576530612245,0,0.09058886054421768,4.362551020408164,-1.9825411154020653e-17,1.252641900510204,22.817349206349206,10.173873015873015,15.847503306878307,1973.7,1.2,277.29375,12.25
2015-04-12,2015,4,12,19.2,28.122,17.677,19.990635416666667,99.1,70.5,94.84375,0.7444132653061225,0,0.09454799107142856,4.31420918367347,-1.9825411154020653e-17,1.2707849702380953,22.854269841269844,10.267460317460317,16.128923611111112,1853.7,1.2,206.38229166666667,12.75
2015-04-13,2015,4,13,13.6,25.939,17.272,19.689083333333333,98.6,76.7,93.46145833333334,0.7054336734693878,0,0.08927800807823127,4.129591836734694,-1.9825411154020653e-17,1.2394223001700682,22.86720634920635,10.44115873015873,16.145983134920634,1748.7,1.2,277.7625,12.25
2015-04-14,2015,4,14,1.4000000000000001,27.776,16.701,20.732083333333332,99.7,68.4,89.796875,0.6696683673469389,0,0.08071694302721087,4.022372448979592,-1.9825411154020653e-17,1.16007706207483,23.05284126984127,10.507984126984127,16.075060515873016,2308.7,1.2,434.871875,12.5
2015-04-15,2015,4,15,6.2,26.012,16.511,20.490916666666667,99.9,75.4,91.40625,0.6462500000000001,0,0.07290178571428571,3.951071428571429,-1.9825411154020653e-17,1.1069363839285715,23.154746031746033,10.512365079365079,16.032624338624338,2283.7,1.2,312.26770833333336,12.75
2015-04-16,2015,4,16,28.400000000000002,26.304,16.773,19.779375,100,77.5,94.59479166666667,0.6775,0,0.06589285714285713,3.896785714285714,-1.9825411154020653e-17,1.0527418154761905,23.324857142857145,10.664730158730157,16.190444444444445,1843.7,1.2,265.2104166666667,11.75
2015-04-17,2015,4,17,18.2,28.518,16.439,20.641770833333332,98.9,64.3,88.76770833333333,0.6508928571428572,0,0.06328497023809522,3.815714285714286,-1.9825411154020653e-17,1.0082905505952382,23.383333333333333,10.823873015873016,16.151012896825396,2486.2,1.2,444.403125,12.5
2015-04-18,2015,4,18,0,29.14,17.653,22.316166666666668,99.1,57.2,83.76979166666666,0.6148214285714285,0,0.05945870535714284,3.7748214285714288,-1.9825411154020653e-17,0.9831603422619049,23.410396825396823,10.929015873015873,16.035230158730158,2163.7,1.2,532.5541666666667,12.5
2015-04-19,2015,4,19,9.6,27.431,17.582,21.119114583333335,99.6,72.1,91.615625,0.5967857142857144,0,0.055723586309523794,3.7525000000000004,-1.9825411154020653e-17,0.9367150297619048,23.40004761904762,10.948952380952381,15.641324404761905,1648.7,1.2,229.03854166666667,12.5
2015-04-20,2015,4,20,0,28.147,18.105,22.08957291666667,100,73.6,90.05416666666667,0.5821825396825397,0,0.0545331101190476,3.836527777777778,-1.9825411154020653e-17,0.9277814980158732,22.757031746031746,10.2298873015873,14.89752529761905,2101.2,1.2,397.996875,12.5
2015-04-21,2015,4,21,12.200000000000001,27.604,19.032,21.764239583333335,99.7,68.8,91.140625,0.5900793650793651,0,0.05200314153439152,3.825039682539683,-1.9825411154020653e-17,0.9275285218253969,22.48831111111111,9.605577777777778,14.222279034391535,1948.7,1.2,341.6947916666667,12.25
2015-04-22,2015,4,22,0,26.158,19.103,21.68475,100,82.2,94.234375,0.544404761904762,0,0.04663897156084655,3.7697420634920635,-1.9825411154020653e-17,0.9053569361772488,21.787739682539684,8.997222222222222,13.589744246031746,1306.2,1.2,193.25729166666667,12
2015-04-23,2015,4,23,1.8000000000000003,27.801,17.843,21.82304166666667,100,76.2,94.15416666666667,0.49043650793650795,0,0.0436090443121693,3.6906547619047623,-1.9825411154020653e-17,0.8852248677248679,21.00279365079365,8.288155555555555,12.916762136243387,1641.2,1.2,252.89270833333336,12.5
2015-04-24,2015,4,24,1,28.593,18.628,21.977864583333332,99.7,73.9,91.078125,0.48625000000000007,0,0.03878100198412697,3.695059523809524,-1.9825411154020653e-17,0.8903346147486774,20.307101587301588,7.658431746031745,12.402698048941799,2226.2,1.2,319.5854166666667,12.25
2015-04-25,2015,4,25,22,29.04,16.868,21.551864583333334,99.1,60.1,86.89583333333333,0.4829166666666667,0,0.035576430224867714,3.6184523809523808,-1.9825411154020653e-17,0.8651858052248678,19.631838095238095,7.066998412698412,11.777061375661376,2188.7,1.2,389.6635416666667,12.25
2015-04-26,2015,4,26,24.6,27.456,17.272,19.8550625,99.1,76.2,92.95208333333333,0.4742857142857143,0,0.03210648148148147,3.5795238095238098,-1.9825411154020653e-17,0.8660052910052911,18.94044285714286,6.4969714285714275,11.30053125,1643.7,1.2,172.81458333333333,12.25
2015-04-27,2015,4,27,12,27.998,17.201,20.52759375,98.7,71,91.740625,0.47031746031746036,0,0.029882605820105806,3.4512698412698413,-1.9825411154020653e-17,0.8723346560846562,18.91512857142857,6.509157142857142,11.330352083333334,2283.7,1.2,368.9604166666667,12.75
2015-04-28,2015,4,28,0,29.315,17.558,22.451239583333333,100,65.3,88.83541666666667,0.45047619047619053,0,0.0314996693121693,3.3953968253968254,-1.9825411154020653e-17,0.8886954365079366,18.4483,6.4980714285714285,11.294337202380953,2161.2,1.2,543.0229166666667,12.5
2015-04-29,2015,4,29,0,29.69,17.415,22.775458333333333,99.9,71,90.10729166666667,0.4860317460317461,0,0.03341600529100528,3.4312698412698412,-1.9825411154020653e-17,0.9123693783068784,18.468657142857143,6.498371428571429,11.294684821428572,1933.7,1.2,377.34583333333336,12.5
2015-04-30,2015,4,30,0,29.215,18.747,22.847364583333334,100,70,89.83854166666667,0.477936507936508,0,0.03399305555555555,3.4636507936507934,-1.9825411154020653e-17,0.942084986772487,18.482742857142856,6.547757142857143,11.268880952380952,1828.7,1.2,352.7885416666667,12.5
2015-05-01,2015,5,1,0,30.849,17.748,23.596208333333333,99.4,59,84.70729166666666,0.47000000000000003,0,0.036570767195767184,3.555555555555556,-1.9825411154020653e-17,0.9588194444444446,19.100642857142855,6.524128571428571,11.228210416666668,2096.2,1.2,503.12708333333336,12.5
2015-05-02,2015,5,2,0,30.192,18.105,22.829927083333335,100,64.3,87.16041666666666,0.46587301587301594,0,0.03852182539682538,3.6274603174603177,-1.9825411154020653e-17,0.9887053571428572,19.53092857142857,6.390885714285714,11.143671726190476,1998.7,1.2,426.98125,12.5
2015-05-03,2015,5,3,0,28.717,17.582,22.037802083333332,98.8,69,89.45833333333333,0.506031746031746,0,0.04454695767195766,3.8193650793650797,0.007936507936507917,1.0077761243386243,19.999657142857142,6.3458428571428565,11.16040267857143,1828.7,1.2,317.34583333333336,12.5
2015-05-04,2015,5,4,0.4,27.751,18.414,21.261895833333334,99.3,77.1,92.78229166666667,0.497936507936508,0,0.04803736772486771,3.8633333333333333,0.007936507936507917,1.0228389550264552,20.023342857142858,6.456371428571429,11.286520535714287,1638.7,1.2,227.05937500000002,12
2015-05-05,2015,5,5,17.4,25.671,17.891,20.66513541666667,100,78.8,93.90625,0.5338095238095238,0,0.07306051587301586,4.011269841269842,0.007936507936507917,1.0808085317460319,20.480114285714286,6.391285714285714,11.463762202380952,978.7,1.2,169.45520833333333,12
2015-05-06,2015,5,6,3.5999999999999996,27.875,18.081,20.695875,100,76.6,95.37395833333333,0.545873015873016,0,0.09431547619047619,4.039206349206349,0.007936507936507917,1.1264021164021165,20.93527142857143,6.339599999999999,11.350323214285714,1423.7,1.2,192.24166666666667,12.5
2015-05-07,2015,5,7,31,26.94,18.105,20.758895833333334,100,82.7,95.96770833333333,0.5620634920634922,0,0.09836309523809524,4.0553968253968256,0.007936507936507917,1.1195155423280423,20.960842857142858,6.257685714285714,11.120400297619048,1186.2,1.2,204.92395833333333,12.5
2015-05-08,2015,5,8,0.4,29.59,17.867,21.888729166666668,100,67.9,92.15208333333334,0.5501587301587302,0,0.09624173280423279,3.935714285714286,0.007936507936507917,1.0901322751322753,19.993571428571432,6.159642857142857,10.74023511904762,2143.7,1.2,382.9447916666667,12
2015-05-09,2015,5,9,3,27.505,18.889,21.65715625,100,77.6,94.5875,0.5541269841269841,0,0.09428240740740738,3.93984126984127,0.007936507936507917,1.068682208994709,18.946285714285715,6.191699999999999,10.405772916666667,1576.2,1.2,250.00208333333333,12.5
2015-05-10,2015,5,10,2,29.24,18.652,21.613166666666668,100,74.8,91.55104166666666,0.533968253968254,0,0.09023809523809523,3.8634920634920635,-1.9825411154020653e-17,1.0591137566137567,17.97617142857143,6.192842857142857,9.991206547619047,2056.2,1.2,283.6479166666667,12
2015-05-11,2015,5,11,1.6,25.841,18.295,20.671333333333333,98.7,78.6,92.55104166666666,0.577936507936508,0,0.11059358465608463,3.971746031746032,0.03999999999999999,1.1062020502645502,17.850214285714284,6.110842857142856,9.57341994047619,1453.7,1.2,172.71041666666667,12.25
2015-05-12,2015,5,12,5.6000000000000005,24.388,18.366,20.73225,100,85.5,93.62395833333333,0.5898412698412699,0,0.10106316137566136,4.031428571428571,0.06396825396825395,1.1085152116402117,17.372242857142858,6.126099999999999,9.184992261904762,1146.2,1.2,194.29895833333333,12.5
2015-05-13,2015,5,13,22,24.195,18.271,20.464645833333336,100,86.1,96.5875,0.5541269841269841,0,0.08323082010582009,3.9555555555555557,0.06396825396825395,1.0564484126984128,17.081557142857143,6.0193571428571415,9.012019345238096,1743.7,1.2,298.1010416666667,12.25
2015-05-14,2015,5,14,16,24.895,19.294,20.914427083333333,100,88.4,97.57916666666667,0.5460317460317461,0,0.08115575396825395,4.015079365079365,0.06396825396825395,1.0555009920634921,16.18677142857143,5.879671428571428,8.856378273809524,1458.7,1.2,201.38229166666667,12.5
2015-05-15,2015,5,15,0,29.115,19.698,22.274760416666666,100,75.2,94.55729166666667,0.55,0,0.08538855820105817,4.007142857142857,0.06396825396825395,1.0701587301587303,15.963985714285714,5.8248999999999995,8.80363125,1801.2,1.2,259.84583333333336,12.5
2015-05-16,2015,5,16,40,26.524,18.961,20.99696875,100,84.9,97.57395833333334,0.5542857142857144,0,0.09124007936507934,3.943174603174603,0.07190476190476189,1.1151818783068783,15.6983,5.8734714285714285,8.827683333333335,1321.2,1.2,178.67395833333333,12
2015-05-17,2015,5,17,10.4,26.598,18.747,20.931291666666667,100,81.5,96.20208333333333,0.5785714285714286,0,0.10157407407407405,3.9314285714285715,0.08777777777777776,1.1780853174603174,15.499828571428571,5.906785714285713,8.845673214285714,1583.7,1.2,247.45000000000002,12.5
2015-05-18,2015,5,18,0.2,28.791,18.152,21.749541666666666,100,70.5,92.22395833333333,0.550952380952381,0,0.08709821428571428,3.8590476190476193,0.06380952380952379,1.168637566137566,15.257171428571429,5.9475999999999996,8.827636904761906,2008.7,1.2,343.36145833333336,12.5
2015-05-19,2015,5,19,0,30.217,18.081,22.469885416666667,100,68.2,89.78229166666667,0.5152380952380953,0,0.077323082010582,3.7473015873015876,0.04777777777777776,1.1392774470899472,14.409828571428573,6.032685714285714,8.770241964285715,1981.2,1.2,413.0229166666667,12.5
2015-05-20,2015,5,20,0,29.265,18.723,22.855645833333334,99.6,74.3,89.69583333333334,0.5152380952380953,0,0.07972883597883597,3.751428571428572,0.04777777777777776,1.1647966269841272,13.718028571428572,6.179614285714285,8.736593154761906,1551.2,1.2,323.75208333333336,12.5
2015-05-21,2015,5,21,0,29.865,19.46,22.570083333333333,100,71,91.865625,0.5430158730158731,0,0.09244047619047617,3.743333333333333,0.07968253968253966,1.2197982804232805,13.760028571428572,6.4613,8.857392559523811,2128.7,1.2,330.7572916666667,12.75
2015-05-22,2015,5,22,0,29.515,18.438,22.804770833333333,98.3,65.7,86.43125,0.5788888888888889,0,0.10126818783068782,3.838888888888889,0.11158730158730155,1.2986524470899472,13.457785714285714,6.664028571428571,8.939725892857144,1611.2,1.2,419.14270833333336,12.5
2015-05-23,2015,5,23,4.6,28.072,18.343,22.06432291666667,99.7,75.2,91.309375,0.5668253968253969,0,0.10470403439153439,3.8787301587301592,0.11158730158730155,1.3373826058201057,13.6908,6.644742857142857,8.92602380952381,1163.7,1.2,265.5229166666667,12.5
2015-05-24,2015,5,24,0,30.444,18.913,23.053562499999998,99,67.6,88.871875,0.5187301587301587,0,0.09652777777777777,3.854761904761905,0.11968253968253964,1.3338508597883598,13.6348,6.628042857142857,8.930074702380953,1903.7,1.2,363.3875,12.5
2015-05-25,2015,5,25,0,30.748,18.39,23.42453125,99.7,66.3,88.509375,0.5504761904761905,0,0.09495370370370369,3.974761904761905,0.12761904761904758,1.3505654761904764,13.1839,6.566628571428572,8.891418154761904,1911.2,1.2,439.5854166666667,12.5
2015-05-26,2015,5,26,0,30.773,19.77,23.875125,100,57.6,84.82083333333333,0.5822222222222223,0,0.10155257936507935,4.006507936507936,0.1436507936507936,1.4051339285714286,13.337257142857142,6.497257142857143,8.85040505952381,2043.7,1.2,529.5072916666667,12.75
2015-05-27,2015,5,27,0,29.991,17.819,22.9365,100,61.2,86.54895833333333,0.6058730158730159,0,0.09626488095238094,4.313809523809524,0.1436507936507936,1.3989880952380953,12.980357142857143,6.506842857142857,8.783239880952381,1951.2,1.2,424.0125,12.75
2015-05-28,2015,5,28,0,30.066,18.414,22.790385416666666,97.7,58.4,83.58125,0.5501587301587302,0,0.08112268518518517,4.17031746031746,0.11968253968253965,1.35786541005291,12.986414285714286,6.445328571428571,8.746952976190476,1288.7,1.2,313.43958333333336,12.75
2015-05-29,2015,5,29,0,29.414,19.199,22.360260416666666,99.5,69.2,89.28854166666667,0.5301587301587302,0,0.06872519841269839,4.1623809523809525,0.08777777777777776,1.315085978835979,12.97942857142857,6.407342857142857,8.739034821428572,1373.7,1.2,298.04895833333336,12.5
2015-05-30,2015,5,30,0,30.091,18.937,23.245114583333333,98.4,66,85.734375,0.5541269841269841,0,0.07393022486772485,4.2103174603174605,0.1038095238095238,1.286942791005291,12.988114285714286,6.388442857142857,8.744121726190476,1593.7,1.2,369.14270833333336,13
2015-05-31,2015,5,31,0,28.816,18.58,22.65040625,99.6,70.8,90.36875,0.59,0,0.08633432539682538,4.210476190476191,0.09587301587301586,1.2846626984126985,12.860928571428571,6.420285714285713,8.738359821428572,1726.2,1.2,321.04375,12.75
2015-06-01,2015,6,1,0,29.79,18.818,22.84011458333333,99.5,65.9,88.13020833333333,0.557936507936508,0,0.08698247354497353,3.983015873015873,0.07984126984126982,1.2556431878306877,13.521557142857144,6.467171428571428,8.887170833333334,1878.7,1.2,429.325,12.25
2015-06-02,2015,6,2,0,29.215,18.913,22.7205625,99.8,67.8,88.678125,0.537936507936508,0,0.08386243386243385,3.9393650793650794,0.05587301587301585,1.2148809523809523,13.394900000000002,6.524957142857142,8.907104464285714,1621.2,1.2,327.371875,12.75
2015-06-03,2015,6,3,7.4,30.066,18.461,21.904052083333333,100,63.2,90.16458333333334,0.537936507936508,0,0.08755621693121692,3.747777777777778,0.05587301587301585,1.2571891534391535,14.20972857142857,6.510585714285713,8.967758333333334,2013.7,1.2,348.90833333333336,12.25
2015-06-04,2015,6,4,23.599999999999998,28.394,18.557,20.655604166666667,100,80.4,97.25416666666666,0.6019047619047619,0,0.11216600529100527,3.8715873015873017,0.04793650793650791,1.3413640873015873,14.262157142857143,6.474057142857142,8.904736607142857,1558.7,1.2,174.42916666666667,12.5
2015-06-05,2015,6,5,4.4,27.875,18.152,20.819322916666668,100,74.8,94.35729166666667,0.6377777777777779,0,0.12534556878306877,3.8795238095238096,0.07190476190476189,1.405598544973545,14.177785714285715,6.400028571428571,8.809904166666668,1593.7,1.2,281.434375,12.75
2015-06-06,2015,6,6,0,29.79,17.249,22.28159375,98.7,54.9,79.53854166666666,0.673968253968254,0,0.13144179894179892,4.047301587301588,0.09190476190476189,1.5149007936507937,13.784842857142857,6.374285714285714,8.707376785714287,2096.2,1.2,503.54375,12.75
2015-06-07,2015,6,7,0.2,29.64,18.2,22.225958333333335,99.3,63.1,86.63333333333334,0.7223809523809523,0,0.14042824074074073,4.186984126984127,0.11984126984126982,1.6337962962962964,13.635328571428571,6.304157142857143,8.596430357142857,1876.2,1.2,391.17395833333336,13
2015-06-08,2015,6,8,2.6,28.048,18.366,20.7903125,100,71.9,93.34270833333333,0.7744444444444445,0,0.1503769841269841,4.426349206349206,0.16761904761904758,1.7626686507936509,12.749857142857142,6.268842857142857,8.34782619047619,2046.2,1.2,387.2416666666667,12.5
2015-06-09,2015,6,9,0.2,29.29,17.938,21.969270833333333,99.5,64.4,88.565625,0.8187301587301589,0,0.1632142857142857,4.60984126984127,0.23158730158730156,1.8971097883597885,12.481714285714286,6.261271428571428,8.245140773809524,1836.2,1.2,420.2625,12.5
2015-06-10,2015,6,10,1.8,31.561,17.701,21.555083333333332,100,56.8,89.5375,0.8507936507936508,0,0.17794312169312168,4.685396825396826,0.2876190476190476,1.997986111111111,11.736728571428571,6.289042857142857,8.123730654761905,2051.2,1.2,409.61145833333336,12.75
2015-06-11,2015,6,11,21.8,29.84,17.439,20.753208333333333,100,67.8,91.80729166666667,0.8587301587301587,0,0.17091269841269838,4.733492063492064,0.3514285714285714,2.0426140873015872,12.173157142857141,6.326071428571429,8.231972023809524,1923.7,1.2,283.153125,12.5
2015-06-12,2015,6,12,1.2,27.308,17.938,20.863864583333335,100,72,92.06770833333333,0.8507936507936508,0,0.17848214285714284,4.845555555555555,0.3834920634920635,2.0832870370370373,12.8168,6.3599428571428565,8.348740773809524,1613.7,1.2,352.371875,12.75
2015-06-13,2015,6,13,1.8,28.941,17.867,20.98171875,100,66.1,90.93854166666667,0.8423809523809523,0,0.17598544973544974,4.813650793650794,0.4034920634920635,2.069842923280423,13.420814285714286,6.399957142857143,8.434606845238097,2191.2,1.2,325.2104166666667,12.5
2015-06-14,2015,6,14,9.4,29.04,17.819,20.815833333333334,100,69.5,92.515625,0.7820634920634921,0,0.16272431657848324,4.7536507936507935,0.40746031746031747,2.0336932319223986,14.230957142857145,6.404442857142857,8.684762500000001,1741.2,1.2,322.528125,12.5
2015-06-15,2015,6,15,5.2,26.451,18.224,20.496770833333333,99.7,82.4,96.06354166666667,0.7661904761904762,0,0.16388172398589065,4.726031746031746,0.40365079365079365,2.0001003086419753,14.328814285714287,6.426671428571429,8.71011398809524,1773.7,1.2,208.43958333333333,12.5
2015-06-16,2015,6,16,8.200000000000001,24.339,18.2,19.906479166666667,100,84.3,97.31770833333333,0.713968253968254,0,0.1521604938271605,4.546507936507937,0.36365079365079367,1.932601962081129,14.430528571428571,6.424428571428571,8.749436904761906,913.7,1.2,182.18958333333333,12.5
2015-06-17,2015,6,17,14.4,25.89,17.296,20.352052083333334,100,79,94.90416666666667,0.693968253968254,0,0.14232749118165783,4.482857142857143,0.32365079365079363,1.8640421075837743,14.244371428571428,6.407242857142856,8.737678571428573,1583.7,1.2,272.1375,12.5
2015-06-18,2015,6,18,16.4,22.561,17.177,19.437583333333333,100,95.2,99.47708333333333,0.657936507936508,0,0.12790619488536153,4.4347619047619045,0.2598412698412698,1.7843975970017638,13.520514285714286,6.4012714285714285,8.553575297619048,893.7,1.2,128.075,12.25
2015-06-19,2015,6,19,32.8,21.557,18.509,19.38365625,100,95.1,99.51145833333334,0.6500000000000001,0,0.10970017636684302,4.330952380952381,0.2038095238095238,1.7166942239858909,12.80917142857143,6.385185714285714,8.386170535714287,571.2,1.2,100.05416666666666,12.25
2015-06-20,2015,6,20,19.799999999999997,22.154,18.58,19.715239583333332,100,90.3,97.92916666666667,0.6263492063492064,0,0.09587577160493825,4.234920634920635,0.15587301587301586,1.6584171075837744,12.194671428571429,6.355028571428571,8.284763690476192,733.7,1.2,166.53854166666667,12.75
2015-06-21,2015,6,21,55.6,22.13,16.892,19.111,100,91.2,99.44583333333334,0.5984126984126984,0,0.08873842592592592,4.210793650793651,0.14777777777777776,1.6205406746031747,11.395071428571429,6.367642857142856,8.032053571428571,866.2,1.2,139.37708333333333,12.5
2015-06-22,2015,6,22,67.8,21.581,17.558,19.293979166666666,100,96.9,99.86458333333333,0.5582539682539683,0,0.07187003968253967,4.174444444444445,0.13587301587301587,1.58853835978836,11.292685714285714,6.298471428571429,7.971008630952381,1243.7,1.2,153.54375,12.25
2015-06-23,2015,6,23,41.800000000000004,23.448,17.891,19.515989583333333,100,97.6,99.92083333333333,0.5782539682539684,0,0.07578042328042327,4.298253968253968,0.1519047619047619,1.6196957671957672,11.206457142857143,6.2006000000000006,7.8920505952380955,1398.7,1.2,145.52291666666667,12.25
2015-06-24,2015,6,24,27.2,22.513,18.485,19.743520833333335,100,97.1,99.90416666666667,0.5823809523809524,0,0.08703869047619046,4.358253968253968,0.17587301587301588,1.658832671957672,11.046514285714286,6.129,7.8113238095238104,1053.7,1.2,151.434375,12.75
2015-06-25,2015,6,25,41.2,21.628,18.224,19.764135416666665,100,97.6,99.85833333333333,0.5865079365079365,0,0.08822255291005289,4.426349206349206,0.19968253968253968,1.6819328703703706,11.054171428571427,6.079471428571429,7.789912500000001,601.2,1.2,127.00729166666666,12.25
2015-06-26,2015,6,26,73.6,20.293,17.915,19.276447916666665,100,100,100,0.5544444444444445,0,0.0854695767195767,4.398412698412698,0.19968253968253968,1.6531779100529103,11.084771428571429,6.061357142857142,7.7857223214285725,338.7,1.2,68.075,12.25
2015-06-27,2015,6,27,7.800000000000001,24.243,18.176,19.68034375,100,91.6,99.41875,0.5142857142857143,0,0.0806597222222222,4.314761904761904,0.18365079365079365,1.6075958994708996,11.0783,6.042971428571428,7.779896726190477,903.7,1.2,152.84062500000002,12.75
2015-06-28,2015,6,28,12,24.944,18.937,20.127010416666668,100,94.2,99.2,0.48619047619047623,0,0.07298941798941797,4.227142857142857,0.15174603174603174,1.5456845238095238,10.976852380952382,5.844326984126984,7.613106646825398,1351.2,1.2,163.49166666666667,12.5
2015-06-29,2015,6,29,3,26.72,18.343,20.2319375,100,86.5,98.25104166666667,0.4303174603174603,0,0.06718915343915342,4.111587301587302,0.1357142857142857,1.4896445105820106,10.815017460317462,5.769173015873015,7.471237367724868,1896.2,1.2,218.62187500000002,12.5
2015-06-30,2015,6,30,22.8,28.221,18.152,20.672083333333333,100,79.4,96.96354166666667,0.39031746031746034,0,0.053055555555555536,4.027460317460318,0.1195238095238095,1.4283597883597885,10.676892063492064,5.648725396825396,7.3346722552910055,1891.2,1.2,256.48645833333336,13
2015-07-01,2015,7,1,0,29.015,16.487,21.362708333333334,100,68.6,90.43958333333333,0.37444444444444447,0,0.04303406084656083,4.055238095238095,0.1114285714285714,1.4146329365079366,11.119338095238096,5.456033333333333,7.24367457010582,1923.7,1.2,419.6635416666667,12.75
2015-07-02,2015,7,2,0,26.378,17.249,21.047979166666668,100,74.5,91.15625,0.3865079365079365,0,0.047184193121693106,4.143015873015873,0.15952380952380948,1.4940790343915344,10.809650793650793,5.265,7.039376091269841,1273.7,1.2,314.16875,12.75
2015-07-03,2015,7,3,0.8,27.604,17.605,20.597395833333334,100,81.5,94.69791666666667,0.4266666666666667,0,0.056207010582010566,4.294761904761905,0.23936507936507936,1.6198859126984129,10.441914285714287,5.088161904761905,6.808213128306879,1353.7,1.2,234.89791666666667,12.75
2015-07-04,2015,7,4,0.6000000000000001,27.776,18.295,21.0946875,100,75.6,93.121875,0.4546031746031746,0,0.060112433862433846,4.3585714285714285,0.2631746031746031,1.7004761904761907,10.12815873015873,4.928460317460318,6.573478835978837,1778.7,1.2,332.60625,12.5
2015-07-05,2015,7,5,1,26.182,18.2,20.688791666666667,100,79.1,94.66979166666667,0.4906349206349207,0,0.06433531746031744,4.418730158730159,0.2711111111111111,1.7449851190476193,9.934380952380952,4.936888888888888,6.532410052910053,1356.2,1.2,248.59583333333333,12.75
2015-07-06,2015,7,6,2,27.112,16.32,19.88925,100,75.6,94.61458333333333,0.5065079365079366,0,0.06594742063492062,4.470317460317461,0.2711111111111111,1.7486805555555556,9.774746031746032,4.895587301587301,6.472129298941799,1663.7,1.2,239.01250000000002,12.75
2015-07-07,2015,7,7,0,25.841,16.153,19.910072916666667,99.6,76.6,90.9125,0.5025396825396825,0,0.06718253968253966,4.454444444444445,0.2792063492063492,1.7756746031746033,10.164380952380952,4.837190476190477,6.4629854497354495,1566.2,1.2,288.8822916666667,12.75
2015-07-08,2015,7,8,7.800000000000001,25.987,17.629,19.7233125,100,78.7,95.98125,0.5463492063492064,0,0.06812665343915343,4.406984126984127,0.29920634920634914,1.7735069444444445,9.51174603174603,4.8662857142857145,6.364583994708995,1291.2,1.2,189.48125,12.75
2015-07-09,2015,7,9,6.2,23.184,17.986,19.35228125,100,92.9,99.00208333333333,0.5382539682539683,0,0.0772304894179894,4.430952380952381,0.29126984126984123,1.7813591269841271,9.824619047619048,4.88420634920635,6.41349503968254,921.2,1.2,145.653125,12.25
2015-07-10,2015,7,10,3.2,23.93,18.699,20.071947916666666,100,92.7,98.64791666666666,0.5301587301587302,0,0.08312665343915342,4.502857142857144,0.25126984126984125,1.777676917989418,9.730920634920635,4.854920634920634,6.398123346560847,953.7,1.2,150.73125,12.25
2015-07-11,2015,7,11,9,25.89,18.557,20.72779166666667,100,81.6,95.02708333333334,0.5582539682539683,0,0.09147652116402115,4.598730158730159,0.3033333333333333,1.8434507275132275,9.714539682539682,4.839857142857142,6.3970158730158735,1231.2,1.2,271.72083333333336,12.5
2015-07-12,2015,7,12,0.4,27.628,17.915,20.850020833333332,100,76.3,93.25208333333333,0.5822222222222223,0,0.09852843915343915,4.662222222222222,0.32730158730158726,1.9115591931216933,9.656968253968254,4.853777777777778,6.370928902116402,1496.2,1.2,285.653125,12.75
2015-07-13,2015,7,13,0,28.891,17.867,21.687322916666666,100,68.5,90.246875,0.8980952380952382,0,0.1093667328042328,5.733650793650794,0.3671428571428571,2.00713458994709,9.570968253968255,4.8238730158730165,6.36162003968254,1908.7,1.2,388.83020833333336,12.75
2015-07-14,2015,7,14,0.2,28.493,17.938,21.458625,100,75.8,91.88958333333333,0.9020634920634921,0,0.10634093915343915,5.833809523809523,0.3671428571428571,1.9850843253968253,9.025206349206348,4.858587301587301,6.319182870370371,1823.7,1.2,322.18958333333336,12.5
2015-07-15,2015,7,15,22,22.633,18.105,19.295791666666666,100,95.7,99.42291666666667,0.8463492063492064,0,0.0991269841269841,5.873492063492064,0.3471428571428571,1.9788012566137567,8.947650793650793,4.892285714285714,6.29902380952381,791.2,1.2,114.0125,12.25
2015-07-16,2015,7,16,6.800000000000001,25.234,18.271,20.119552083333332,100,87.2,98.296875,0.8223809523809524,0,0.08475694444444444,5.773492063492063,0.339047619047619,1.9457093253968254,8.587047619047619,4.8943650793650795,6.24401421957672,1458.7,1.2,196.92916666666667,12.5
2015-07-17,2015,7,17,50.4,23.809,17.867,19.039166666666667,100,95.6,99.8,0.7974603174603175,0,0.0744541583994709,5.689384920634921,0.35295634920634916,1.9294719328703704,8.674269841269842,4.905095238095238,6.256324735449736,938.7,1.2,103.67395833333333,12.25
2015-07-18,2015,7,18,45.4,21.127,17.605,18.79146875,100,100,100,0.8145833333333333,0,0.074432457010582,5.730277777777778,0.33083333333333326,1.922998511904762,8.724253968253969,4.888222222222223,6.274260912698414,521.2,1.2,86.87708333333333,12.25
2015-07-19,2015,7,19,31.8,20.246,16.034,18.192260416666667,100,99.6,99.98854166666666,0.7944444444444445,0,0.07009920634920633,5.75047619047619,0.34474206349206343,1.9129561425264552,8.765761904761906,4.878380952380952,6.276730158730159,491.2,1.2,117.08541666666666,12.5
2015-07-20,2015,7,20,17.2,22.106,16.01,18.87109375,100,96.9,99.871875,0.5104960317460318,0,0.06306175595238094,4.765000000000001,0.36200396825396824,1.905785590277778,8.896698412698413,4.883206349206349,6.289106481481482,641.2,1.2,95.496875,12.5
2015-07-21,2015,7,21,46.4,20.793,18.105,19.011197916666667,100,100,100,0.49960317460317466,0,0.06663773148148147,4.696527777777779,0.357063492063492,1.960393931878307,8.962730158730158,4.907269841269842,6.298774801587301,553.7,1.2,76.09583333333333,12.25
2015-07-22,2015,7,22,15,21.318,18.2,19.093072916666667,100,99.8,99.99791666666667,0.503452380952381,0,0.06732762896825395,4.691250000000001,0.36105158730158726,1.9973966600529103,9.035777777777778,4.913920634920634,6.332506283068783,641.2,1.2,108.25729166666666,12.25
2015-07-23,2015,7,23,20,23.593,17.677,19.491760416666665,100,89.3,98.22604166666667,0.5025000000000001,0,0.07195312499999998,4.637678571428572,0.3680357142857143,1.9833798363095239,9.10173015873016,4.906936507936508,6.337935185185186,791.2,1.2,163.465625,12
2015-07-24,2015,7,24,25.6,25.089,16.892,19.065802083333335,100,81.9,97.14583333333333,0.4935714285714286,0,0.06598400297619046,4.556785714285715,0.3232142857142857,1.8994791666666668,9.162,4.898619047619047,6.360685185185185,1423.7,1.2,227.81458333333333,12.5
2015-07-25,2015,7,25,3.2,23.569,16.558,19.07275,100,93.4,99.125,0.38553571428571437,0,0.05068824404761903,4.359107142857143,0.28732142857142856,1.7550855654761908,9.255285714285716,4.905634920634921,6.391854828042328,1018.7,1.2,139.97604166666667,12.25
2015-07-26,2015,7,26,17.8,21.987,16.987,18.820541666666667,100,96.8,99.75729166666666,0.35875000000000007,0,0.04668898809523808,4.269107142857143,0.24249999999999997,1.6865252976190477,9.348809523809523,4.909888888888888,6.43506712962963,591.2,1.2,110.78333333333333,12
2015-07-27,2015,7,27,4.4,25.186,17.177,19.282052083333333,100,84.1,98.16666666666667,0.3228571428571429,0,0.04071800595238094,4.11625,0.16142857142857142,1.582965029761905,9.437079365079367,4.9590476190476185,6.493663690476191,1558.7,1.2,175.653125,12.5
2015-07-28,2015,7,28,0,26.818,17.106,20.176625,100,76.3,93.5625,0.3137500000000001,0,0.03476190476190475,3.981607142857143,0.13446428571428568,1.4763839285714286,9.548079365079365,4.9780476190476195,6.558773478835979,1586.2,1.2,254.03854166666667,12.75
2015-07-29,2015,7,29,0,28.394,16.463,21.068041666666666,100,66.3,87.03541666666666,0.29571428571428576,0,0.02795758928571427,3.8467857142857147,0.09857142857142855,1.3706733630952381,9.666714285714287,4.983587301587301,6.608098214285714,1811.2,1.2,419.37708333333336,12.5
2015-07-30,2015,7,30,0,27.554,15.7,20.48886458333333,100,62.4,88.321875,0.30464285714285716,0,0.024133184523809508,3.8373214285714283,0.0626785714285714,1.3402325148809524,9.790301587301588,4.981015873015872,6.635716600529101,1806.2,1.2,433.7260416666667,12.75
2015-07-31,2015,7,31,0,29.065,16.32,21.42771875,100,62.3,86.58645833333333,0.32250000000000006,0,0.02973400297619046,3.84625,0.07178571428571426,1.3905264136904765,10.226492063492064,5.032730158730159,6.674023148148149,1891.2,1.2,493.4916666666667,12.5
2015-08-01,2015,8,1,0,27.653,16.558,21.116864583333335,98.5,68.1,88.30104166666666,0.4121428571428572,0,0.04720424107142856,4.008035714285714,0.1076785714285714,1.515122767857143,10.779047619047619,5.085936507936508,6.770173941798943,1611.2,1.2,375.4447916666667,12.5
2015-08-02,2015,8,2,0,27.063,17.058,20.805104166666666,98.5,73.8,90.91041666666666,0.4660714285714286,0,0.07256138392857141,4.097857142857142,0.22464285714285714,1.6428459821428572,11.622015873015872,5.067222222222222,6.891667658730158,1306.2,1.2,271.25208333333336,12.25
2015-08-03,2015,8,3,18.200000000000003,25.963,18.057,19.90084375,100,76.9,95.71979166666667,0.5292857142857142,0,0.0888876488095238,4.304821428571429,0.2875,1.771393229166667,11.862746031746031,5.0614920634920635,6.859516203703704,1283.7,1.2,198.23125000000002,12.25
2015-08-04,2015,8,4,6.4,22.13,17.534,19.119260416666666,100,93.9,98.91041666666666,0.5742857142857144,0,0.10100632440476189,4.475714285714286,0.3594642857142857,1.8877287946428574,12.530000000000001,5.067126984126984,6.942770833333333,691.2,1.2,136.53854166666667,12.5
2015-08-05,2015,8,5,4.2,24.363,17.724,19.36344791666667,100,91.1,98.425,0.5923214285714286,0,0.1091238839285714,4.628571428571428,0.4133928571428571,1.982393973214286,12.847428571428571,5.086476190476191,6.945561177248678,1256.2,1.2,178.49166666666667,12.25
2015-08-06,2015,8,6,4,24.823,17.701,19.949729166666668,100,84.6,96.35833333333333,0.6012500000000001,0,0.11819382440476188,4.628392857142857,0.4133928571428571,2.002412574404762,14.221920634920636,5.097190476190476,7.280208994708994,1313.7,1.2,240.93958333333333,12.5
2015-08-07,2015,8,7,2.8,24.243,17.629,19.680604166666665,100,87.5,97.73125,0.5923214285714286,0,0.11726376488095236,4.574642857142857,0.4133928571428571,1.9652790178571429,13.879698412698414,5.088650793650793,7.266127645502645,1143.7,1.2,170.67916666666667,12
2015-08-08,2015,8,8,4.4,26.402,17.677,20.36991666666667,100,77,94.65104166666667,0.5653571428571429,0,0.10520275297619046,4.430892857142857,0.40446428571428567,1.889873511904762,13.987666666666668,5.067095238095237,7.212749007936509,1678.7,1.2,271.434375,12.25
2015-08-09,2015,8,9,15.8,23.16,18.295,19.405,100,91.9,99.32604166666667,0.5292857142857142,0,0.07873697916666665,4.359107142857143,0.2964285714285714,1.7549441964285715,13.884714285714285,5.093174603174602,7.21309093915344,1113.7,1.2,137.05937500000002,12.25
2015-08-10,2015,8,10,15.8,25.258,18.176,19.4861875,100,91.3,99.33645833333334,0.4660714285714286,0,0.06324776785714284,4.197321428571429,0.26053571428571426,1.650288318452381,14.827444444444444,5.053873015873015,7.542864417989419,1406.2,1.2,148.46562500000002,12.25
2015-08-11,2015,8,11,16.2,22.968,18.295,19.523552083333332,100,94.2,99.59166666666667,0.43928571428571433,0,0.05830729166666665,4.1075,0.2064285714285714,1.5838076636904763,14.21815873015873,4.995047619047618,7.395627645502645,993.7,1.2,129.68958333333333,11.75
2015-08-12,2015,8,12,35,22.92,18.176,19.457447916666666,100,95.5,99.60625,0.42125000000000007,0,0.04968998015873014,3.9639285714285717,0.1883928571428571,1.5092788938492065,14.510079365079365,4.92884126984127,7.4453697089947095,1246.2,1.2,126.87708333333333,12.25
2015-08-13,2015,8,13,12,23.857,18.509,19.81734375,100,91.2,98.696875,0.3942857142857143,0,0.03595486111111109,4.063214285714286,0.17035714285714285,1.4490687003968254,13.865555555555556,4.90379365079365,7.412608134920636,948.7,1.2,143.23125,12
2015-08-14,2015,8,14,1.8,26.818,18.129,20.665645833333333,100,78.3,95.55625,0.40303571428571433,0,0.0323034474206349,4.0719642857142855,0.15232142857142852,1.4402368551587303,14.68152380952381,4.8967777777777775,7.6026726190476195,1743.7,1.2,255.99166666666667,12.25
2015-08-15,2015,8,15,3.6,27.333,18.247,20.942354166666668,100,78.6,94.86458333333333,0.35821428571428576,0,0.028568328373015855,4.071785714285714,0.12553571428571425,1.4283413938492064,14.249396825396826,4.898285714285714,7.5779219576719585,1633.7,1.2,252.55416666666667,12.75
2015-08-16,2015,8,16,17.4,27.505,18.2,21.064958333333333,100,77.1,94.015625,0.3492857142857143,0,0.030889756944444426,4,0.12553571428571425,1.421970486111111,13.533285714285714,4.832603174603174,7.446106812169313,1268.7,1.2,239.50729166666667,12.25
2015-08-17,2015,8,17,39.4,28.245,17.867,20.576239583333333,100,77,94.821875,0.36714285714285716,0,0.03135478670634919,3.9367857142857146,0.09857142857142855,1.3949578373015874,13.462460317460318,4.83611111111111,7.2306428571428585,1301.2,1.2,203.85625000000002,12.5
2015-08-18,2015,8,18,5.2,27.308,17.843,21.164875,100,80.6,95.3,0.37589285714285714,0,0.041505456349206334,3.8739285714285714,0.0807142857142857,1.3655195932539683,14.94347619047619,4.833349206349206,7.526642195767196,1776.2,1.2,251.74687500000002,12
2015-08-19,2015,8,19,23.4,25.501,19.008,20.988822916666667,100,84.4,97.01979166666666,0.3762500000000001,0,0.04965959821428569,3.775,0.044821428571428554,1.3458872767857142,14.431396825396826,4.843619047619048,7.469526124338624,1088.7,1.2,184.95000000000002,12
2015-08-20,2015,8,20,0.4,29.439,16.868,21.795229166666665,100,71.3,92.00625,0.3853571428571429,0,0.05441034226190474,3.6039285714285714,0.03589285714285712,1.3260007440476191,15.29573015873016,4.855650793650794,7.679177248677249,2011.2,1.2,415.78333333333336,12.5
2015-08-21,2015,8,21,3.2,27.014,17.225,21.079885416666666,100,76,92.33333333333333,0.35875000000000007,0,0.05955729166666666,3.505,0.044821428571428554,1.3046577380952382,15.395984126984128,4.824253968253968,7.729849537037038,1303.7,1.2,305.39270833333336,12.25
2015-08-22,2015,8,22,5,25.525,18.129,20.489635416666665,100,80.1,94.80520833333334,0.4128571428571429,0,0.07030319940476189,3.5139285714285715,0.026785714285714263,1.2938597470238096,16.714555555555556,4.689746031746031,8.06783068783069,1093.7,1.2,221.98125000000002,12
2015-08-23,2015,8,23,20.2,26.646,17.534,19.8030625,100,78.3,95.43125,0.43982142857142864,0,0.0884784226190476,3.5766071428571427,0.06285714285714282,1.3316573660714288,18.228031746031746,4.64715873015873,8.328468253968255,1278.7,1.2,215.49687500000002,12.25
2015-08-24,2015,8,24,0,28.791,17.558,20.969385416666668,100,71.3,91.0125,0.4669642857142858,0,0.10232142857142856,3.6846428571428573,0.07178571428571424,1.3930096726190477,18.23698412698413,4.64379365079365,8.310230158730159,1928.7,1.2,360.653125,12.5
2015-08-25,2015,8,25,0,29.464,17.153,21.409427083333334,100,60.9,86.871875,0.5030357142857144,0,0.09414248511904759,3.7921428571428573,0.11678571428571426,1.428941592261905,17.915063492063492,4.654349206349205,8.209861772486773,1881.2,1.2,469.84583333333336,12.5
2015-08-26,2015,8,26,0,28.245,15.509,20.675145833333335,100,58.1,85.94166666666666,0.49375,0,0.08602306547619046,3.9180357142857143,0.13482142857142854,1.451973586309524,18.58979365079365,4.623952380952381,8.282531746031747,1661.2,1.2,390.62708333333336,12.25
2015-08-27,2015,8,27,0.2,25.744,17.296,20.238947916666667,100,71.9,91.23541666666667,0.4758928571428572,0,0.08248139880952379,3.9092857142857143,0.14375,1.4680208333333336,17.502111111111113,4.62147619047619,7.835980158730159,1603.7,1.2,261.903125,12.25
2015-08-28,2015,8,28,0,28.717,16.225,20.88625,99.9,59,86.71770833333333,0.49375,0,0.0792113095238095,4.0175,0.1526785714285714,1.46484375,17.279634920634923,4.661523809523809,7.692858134920635,2011.2,1.2,437.11145833333336,12.5
2015-08-29,2015,8,29,0,28.742,16.439,20.772135416666668,99.8,66.4,88.12916666666666,0.47261904761904766,0,0.0752486359126984,3.927738095238095,0.17672619047619045,1.4397953869047622,17.067802721088434,4.2446870748299315,7.143634164777022,1726.2,1.2,309.4291666666667,12.25
2015-08-30,2015,8,30,0,28.916,15.843,20.758635416666667,100,68.4,87.6125,0.45353741496598643,0,0.056231575963718805,3.8600850340136055,0.14320578231292513,1.3929602465986395,17.290268990929707,5.8537208049886615,8.554941869803477,1836.2,1.2,380.8354166666667,12.5
2015-08-31,2015,8,31,0,29.84,16.01,21.736614583333335,100,57.6,85.37291666666667,0.413639455782313,0,0.04355778769841268,3.7716156462585033,0.14448129251700678,1.3397632334183673,17.899013038548752,7.450871598639455,10.180739530187074,1938.7,1.2,471.6166666666667,12.5
2015-09-01,2015,9,1,5,31.408,16.796,21.64666666666667,99.7,57.3,88.015625,0.368639455782313,0,0.03888516865079363,3.6817942176870746,0.1084098639455782,1.3015898703231292,18.369060657596375,9.128808106575963,11.726202493150039,1921.2,1.2,426.2,12.5
2015-09-02,2015,9,2,0,29.565,17.629,22.224395833333332,99.2,60.4,85.81770833333333,0.38667517006802726,0,0.04251612103174601,3.5830442176870747,0.09930272108843534,1.2871832482993197,20.123282879818593,10.835379535147393,13.566439927012471,1843.7,1.2,460.5229166666667,12
2015-09-03,2015,9,3,8.4,29.439,17.843,21.81978125,99.8,64.1,87.69791666666667,0.4225680272108844,0,0.05009238591269839,3.654829931972789,0.09037414965986391,1.3311267006802723,21.6286320861678,12.42695096371882,15.188327823837868,1783.7,1.2,305.809375,12
2015-09-04,2015,9,4,55.8,27.358,17.51,20.129333333333335,100,76.1,95.16458333333334,0.43149659863945583,0,0.0650440228174603,3.6816156462585035,0.09948129251700677,1.4317647215136056,23.27858446712018,13.972173185941042,16.82198258574263,1631.2,1.2,204.48125000000002,11.5
2015-09-05,2015,9,5,4.6000000000000005,29.49,17.605,21.36096875,100,70.9,91.33958333333334,0.4344132653061225,0,0.0648939732142857,3.8074489795918365,0.1382908163265306,1.4973562393707485,23.554353174603175,15.955787698412697,18.599043857473543,1803.7,1.2,270.54895833333336,12
2015-09-06,2015,9,6,33,27.161,17.867,20.3416875,100,78.1,96.15520833333333,0.426530612244898,0,0.07024101828231291,3.758316326530612,0.1537755102040816,1.5253892963435374,23.488601190476192,15.968738095238095,18.569185226521164,1698.7,1.2,236.77291666666667,12
2015-09-07,2015,9,7,16.2,24.726,17.272,19.383885416666665,100,85,97.67291666666667,0.44857142857142857,0,0.08367745535714284,3.8019642857142855,0.2064285714285714,1.5866573660714285,23.31404761904762,15.974619047619047,18.501001653439154,1091.2,1.2,185.10625000000002,12
2015-09-08,2015,9,8,17.2,24.895,16.963,19.468135416666666,100,80.4,96.08020833333333,0.44857142857142857,0,0.0928236607142857,3.8651785714285714,0.2782142857142857,1.648770461309524,23.198857142857143,15.879063492063493,18.4226875,1648.7,1.2,252.13750000000002,12
2015-09-09,2015,9,9,4,26.793,18.224,20.41229166666667,100,76,95.12291666666667,0.44857142857142857,0,0.09603050595238094,3.9457142857142857,0.29624999999999996,1.6933928571428574,23.160015873015876,15.544126984126985,18.09778273809524,1783.7,1.2,334.325,12
2015-09-10,2015,9,10,14.4,25.817,17.915,20.339395833333334,100,77.5,94.41979166666667,0.41250000000000003,0,0.08873325892857141,3.927857142857143,0.30517857142857135,1.6239136904761906,23.586650793650794,15.261412698412698,18.151468584656083,1511.2,1.2,272.65833333333336,12.25
2015-09-11,2015,9,11,0,28.965,17.796,21.169135416666666,100,68.9,90.44895833333334,0.3946428571428572,0,0.07042596726190474,3.810892857142857,0.2871428571428571,1.506114211309524,22.91214285714286,15.084841269841268,17.97684193121693,2081.2,1.2,380.78333333333336,12.25
2015-09-12,2015,9,12,2.4,25.647,17.391,20.291083333333333,100,78.1,93.49895833333333,0.37678571428571433,0,0.06714843749999998,3.6851785714285716,0.24214285714285713,1.4323753720238097,23.923380952380956,15.035873015873017,18.34306845238095,1606.2,1.2,278.04895833333336,12.5
2015-09-13,2015,9,13,0,26.769,16.725,20.197302083333334,99.7,71.8,89.40625,0.35875000000000007,0,0.05984188988095236,3.676071428571429,0.20624999999999996,1.3640438988095238,24.911285714285718,14.902222222222221,18.70101818783069,1653.7,1.2,316.35625,12.5
2015-09-14,2015,9,14,0.2,27.899,16.01,20.178364583333334,99.2,67.7,87.91041666666666,0.34071428571428575,0,0.04691220238095236,3.6128571428571425,0.1433928571428571,1.2720889136904763,26.000015873015876,14.695809523809524,18.97655224867725,1726.2,1.2,327.11145833333336,12
2015-09-15,2015,9,15,1.4000000000000001,24.363,17.272,19.761302083333334,98.5,74.7,91.490625,0.3226785714285715,0,0.035055803571428554,3.505,0.07160714285714284,1.1705636160714286,27.043587301587305,14.483539682539682,19.269917658730158,1218.7,1.2,229.45520833333333,12
2015-09-16,2015,9,16,11.8,24.146,17.51,19.607760416666668,100,88.4,97.90729166666667,0.3133928571428572,0,0.02932663690476189,3.424107142857143,0.08053571428571427,1.1138299851190478,27.115793650793652,14.419412698412698,19.496511574074074,1278.7,1.2,195.80937500000002,12
2015-09-17,2015,9,17,10.4,24.074,18.866,20.310822916666666,100,88.8,97.55416666666667,0.32232142857142865,0,0.03090215773809522,3.3614285714285717,0.10749999999999997,1.1482161458333333,27.277873015873016,14.27938095238095,19.625913359788363,1136.2,1.2,190.93958333333333,12
2015-09-18,2015,9,18,6.6000000000000005,26.524,18.675,20.358520833333333,100,79.4,95.93958333333333,0.3130357142857143,0,0.03944568452380951,3.4516071428571427,0.1525,1.197974330357143,28.179222222222222,13.96779365079365,19.864622685185186,1591.2,1.2,222.18958333333333,12
2015-09-19,2015,9,19,5.2,27.038,18.057,20.680135416666666,100,78.1,94.221875,0.35803571428571435,0,0.045528273809523796,3.595535714285714,0.16160714285714284,1.2332403273809525,28.21511111111111,13.587793650793651,19.75168055555556,1251.2,1.2,237.21562500000002,12
2015-09-20,2015,9,20,1.4000000000000001,26.695,17.629,20.213572916666667,100,76.4,94.77604166666667,0.3762500000000001,0,0.05011532738095237,3.604821428571429,0.16160714285714284,1.2488448660714286,27.958015873015874,13.444761904761904,19.39375562169312,1898.7,1.2,284.1166666666667,12
2015-09-21,2015,9,21,0,29.765,16.082,21.447270833333334,99.9,62.2,84.6125,0.36714285714285716,0,0.04955543154761904,3.5873214285714288,0.16160714285714284,1.235254836309524,27.944174603174606,13.40995238095238,19.280801256613756,2163.7,1.2,476.2260416666667,12.25
2015-09-22,2015,9,22,0,29.09,16.344,21.932833333333335,100,60.5,87.29166666666667,0.4123214285714286,0,0.05554873511904761,3.6501785714285715,0.1526785714285714,1.2489508928571431,28.518428571428576,13.194079365079364,19.158966269841272,2083.7,1.2,472.45,12.5
2015-09-23,2015,9,23,0,26.94,18.866,21.492729166666667,100,80.5,93.41770833333334,0.39464285714285724,0,0.05602120535714284,3.6771428571428575,0.11678571428571427,1.2223753720238097,28.87553968253968,12.765349206349205,18.791310846560844,1256.2,1.2,202.16354166666667,12.25
2015-09-24,2015,9,24,28.8,27.186,17.748,20.737020833333332,100,84.3,96.659375,0.3858928571428572,0,0.06380952380952379,3.6948214285714287,0.1258928571428571,1.207021949404762,28.85257142857143,12.187015873015872,18.604009920634923,1271.2,1.2,176.64270833333333,12
2015-09-25,2015,9,25,4,29.49,15.963,21.18221875,100,71.8,92.2,0.4041071428571429,0,0.07662202380952379,3.7125,0.11678571428571427,1.2157161458333334,28.76273015873016,11.365428571428572,18.145181216931217,2278.7,1.2,379.715625,12.25
2015-09-26,2015,9,26,7.6,28.196,17.225,20.747020833333334,100,81,95.64479166666666,0.4132142857142858,0,0.08361793154761903,3.6853571428571428,0.09874999999999998,1.2560714285714287,28.565952380952382,10.237396825396827,17.53658597883598,1828.7,1.2,280.3666666666667,11.75
2015-09-27,2015,9,27,21.6,28.99,17.891,20.9296875,100,74.3,94.95416666666667,0.44000000000000006,0,0.08707775297619046,3.7660714285714287,0.1257142857142857,1.2939453125,28.725126984126984,8.834031746031746,16.769438161375664,1946.2,1.2,287.3197916666667,12
2015-09-28,2015,9,28,21.2,30.268,17.796,20.708750000000002,100,70.2,93.57708333333333,0.45551020408163273,0,0.09120969742063491,3.833545918367347,0.15653061224489795,1.3701036352040816,28.585095238095242,7.934926587301588,16.244191344246033,2176.2,1.2,280.6791666666667,12
2015-09-29,2015,9,29,13.6,28.766,17.463,20.295604166666667,100,71.8,94.5125,0.41051020408163275,0,0.08587115575396823,3.788545918367347,0.15653061224489795,1.3640973107993197,27.86209523809524,6.532196428571429,15.19138248181217,1631.2,1.2,265.10625,12
2015-09-30,2015,9,30,54.8,27.308,17.439,20.0045625,100,81.1,97.06666666666666,0.4103316326530613,0,0.08298053075396825,3.7524744897959184,0.15653061224489795,1.3483142006802722,27.927380952380954,5.415291666666667,14.37806502149471,1856.2,1.2,236.85104166666667,11.25
2015-10-01,2015,10,1,0,26.916,16.796,21.089510416666666,100,81.2,94.61875,0.3921173469387756,0,0.07026103670634919,3.7614030612244895,0.11153061224489794,1.3139410607993198,28.297698412698416,4.585069444444445,13.565412905092595,1501.2,1.2,323.90833333333336,12
2015-10-02,2015,10,2,0.8,29.29,17.177,21.92359375,100,69.2,90.60416666666667,0.34711734693877555,0,0.04721788194444443,3.6537244897959185,0.06670918367346937,1.2092293792517008,29.229333333333333,4.085386904761905,13.337102058531746,2271.2,1.2,501.40833333333336,12.25
2015-10-03,2015,10,3,5,26.207,18.081,19.991510416666667,100,84.9,97.91354166666666,0.30211734693877557,0,0.03490203373015872,3.5458673469387754,0.057780612244897944,1.0901966411564625,29.875603174603178,3.9513392857142855,12.782393394510581,1246.2,1.2,164.22083333333333,12
2015-10-04,2015,10,4,8.8,23.184,18.224,19.824989583333334,100,90.7,98.03541666666666,0.257295918367347,0,0.02713789682539681,3.456045918367347,0.030816326530612226,1.012631536989796,30.6808253968254,3.8249424603174598,12.78180146329365,838.7,1.2,151.22604166666667,12
2015-10-05,2015,10,5,7.2,25.55,18.485,20.15475,100,83.2,96.58645833333334,0.24709183673469393,0,0.02767644557823128,3.332984693877551,-1.9825411154020653e-17,0.9135775403911566,28.915593253968257,1.1241210317460315,10.055852306547619,958.7,1.2,190.08020833333333,11.75
2015-10-06,2015,10,6,1.2000000000000002,28.99,17.629,20.493510416666666,100,75,95.365625,0.24709183673469393,0,0.03172034438775509,3.297091836734694,-1.9825411154020653e-17,0.8767044005102042,27.10081547619048,-0.4342916666666671,7.970962094907407,2018.7,1.2,335.8354166666667,12
2015-10-07,2015,10,7,0.8,29.515,16.773,21.14365625,100,69.6,90.95729166666666,0.22923469387755108,0,0.032371386054421754,3.198341836734694,-1.9825411154020653e-17,0.8364997874149661,23.845942460317463,-2.0050376984126985,5.829703166335979,2056.2,1.2,439.37708333333336,12
2015-10-08,2015,10,8,0.2,28.742,16.844,21.101322916666668,100,72,90.7125,0.23834183673469392,0,0.03591305272108842,3.1085204081632654,-1.9825411154020653e-17,0.8057817814625852,20.508101190476193,-3.650450396825397,3.316270626653439,2141.2,1.2,378.75208333333336,12
2015-10-09,2015,10,9,4,28.196,18.033,20.408322916666666,100,76.6,94.615625,0.27423469387755106,0,0.04141900510204081,3.135484693877551,0.026964285714285694,0.8628316326530613,16.049815476190478,-5.220466269841269,0.6405897404100529,2043.7,1.2,317.2416666666667,12.25
2015-10-10,2015,10,10,5.6000000000000005,26.524,17.344,20.373625,100,78.1,95.565625,0.2561989795918368,0,0.03825308248299319,3.08155612244898,0.04499999999999998,0.89898118622449,12.31099007936508,-6.806751984126984,-1.624038235780423,1488.7,1.2,309.9760416666667,12
2015-10-11,2015,10,11,7.199999999999999,30.646,16.558,21.071020833333332,100,69.9,93.14583333333333,0.27423469387755106,0,0.043764615221088425,3.0994132653061226,0.0539285714285714,0.9635124362244899,8.089815476190477,-8.360085317460317,-4.119864293981481,2046.2,1.2,285.4447916666667,12.25
2015-10-12,2015,10,12,9.4,27.825,18.033,20.932020833333333,100,74.7,93.35729166666667,0.2778571428571429,0,0.03955915178571427,3.1996428571428575,0.0539285714285714,1.0184449404761906,7.907619047619049,-7.946587301587302,-4.18442791005291,2226.2,1.2,300.965625,11.75
2015-10-13,2015,10,13,27.2,29.34,17.201,20.987177083333332,100,73.7,90.72916666666667,0.2867857142857143,0,0.03542968749999999,3.2803571428571425,0.08089285714285713,1.0658947172619049,6.660555555555556,-7.9032857142857145,-4.5328167989417985,2221.2,1.2,377.7885416666667,11.5
2015-10-14,2015,10,14,0,27.431,17.748,21.48946875,98.8,70,85.99270833333334,0.3228571428571429,0,0.04383370535714284,3.40625,0.08089285714285713,1.145561755952381,7.23315873015873,-7.834555555555555,-4.351941798941799,2041.2,1.2,446.2,12
2015-10-15,2015,10,15,0.2,28.072,16.939,21.677677083333332,95.9,51.9,76.62291666666667,0.3408928571428572,0,0.04683593749999999,3.5141071428571427,0.08089285714285713,1.181973586309524,9.192047619047619,-7.793634920634921,-3.315648148148148,2021.2,1.2,523.778125,12
2015-10-16,2015,10,16,0,28.394,16.129,21.73059375,99.2,58.3,80.5,0.32303571428571437,0,0.04524367559523808,3.505,0.0539285714285714,1.1404129464285717,11.666142857142857,-7.804571428571428,-2.6909742063492064,2003.7,1.2,538.7260416666667,12
2015-10-17,2015,10,17,0,27.85,17.249,21.820010416666666,99.3,64.7,82.14166666666667,0.3075510204081633,0,0.042564041241496584,3.472908163265306,0.03589285714285712,1.0804777848639457,13.681825396825397,-7.23815873015873,-1.746409143518518,2068.7,1.2,534.4552083333333,12.25
2015-10-18,2015,10,18,0,27.899,17.867,21.961802083333332,94.6,64.6,80.61145833333333,0.2804081632653062,0,0.033793579931972774,3.45469387755102,0.026964285714285694,1.0144528592687077,14.667825396825396,-7.207619047619048,-1.5676131779100526,1916.2,1.2,425.2104166666667,11.75
2015-10-19,2015,10,19,0,25.623,18.985,21.389083333333335,96.8,80.8,89.37291666666667,0.28076530612244904,0,0.03724968112244897,3.472729591836735,0.026964285714285694,1.0102620110544218,15.490396825396827,-7.201968253968254,-0.7610186011904759,1603.7,1.2,307.0072916666667,12
2015-10-20,2015,10,20,0,27.875,18.509,21.853614583333332,98,73.1,88.8,0.2718367346938776,0,0.04671768707482992,3.4550510204081633,0.026964285714285694,1.0285079187925172,17.1724126984127,-7.399190476190476,0.08237094907407418,2183.7,1.2,367.18958333333336,12
2015-10-21,2015,10,21,0,28.642,17.938,22.27115625,97.7,67.3,84.23541666666667,0.3075510204081633,0,0.05233896683673468,3.562908163265306,0.044821428571428554,1.0537887967687076,18.07025396825397,-7.66520634920635,0.5465111607142857,2143.7,1.2,531.4864583333333,12
2015-10-22,2015,10,22,0,28.866,18.295,22.114072916666668,98.7,58.8,82.00833333333333,0.31647959183673474,0,0.05708227040816326,3.562908163265306,0.06285714285714283,1.0900239158163267,17.37284126984127,-7.622968253968254,0.5782092427248678,2138.7,1.2,498.59583333333336,11.75
2015-10-23,2015,10,23,0,28.493,17.415,22.0486875,95.7,54.7,78.54791666666667,0.34344387755102046,0,0.062407791241496584,3.6618367346938774,0.07178571428571426,1.1629573235544217,17.194968253968256,-7.7673492063492064,0.9551530257936508,2053.7,1.2,431.278125,12
2015-10-24,2015,10,24,0,27.85,17.51,22.055354166666667,94.2,56,76.59479166666667,0.37678571428571433,0,0.0658128720238095,3.8375,0.08982142857142857,1.252676711309524,17.275666666666666,-8.46509523809524,0.9493425925925926,2046.2,1.2,452.4760416666667,12
2015-10-25,2015,10,25,0,26.598,17.058,20.584427083333335,94.4,53.9,79.27083333333333,0.43964285714285717,0,0.08011346726190474,4.062678571428571,0.09874999999999999,1.3915401785714288,18.51915873015873,-8.658063492063492,1.8221650132275133,1916.2,1.2,410.028125,12
2015-10-26,2015,10,26,0,27.751,15.652,20.219895833333332,99.1,56,83.665625,0.4933928571428572,0,0.08513578869047618,4.179464285714286,0.1526785714285714,1.5005840773809527,18.547031746031745,-8.79336507936508,1.9043630952380952,2048.7,1.2,427.840625,12
2015-10-27,2015,10,27,0,26.28,17.938,20.945864583333332,98.6,70.8,88.33125,0.5383928571428572,0,0.08041666666666666,4.305357142857143,0.13464285714285712,1.5339248511904764,18.176015873015874,-8.404793650793652,2.116779761904762,1741.2,1.2,316.66875,12
2015-10-28,2015,10,28,10.4,29.24,17.772,20.844375,100,69.1,91.33541666666667,0.5294642857142857,0,0.07574218749999999,4.251428571428572,0.1257142857142857,1.5287779017857144,18.30052380952381,-8.303285714285714,2.3417678571428575,1536.2,1.2,246.59062500000002,11.5
2015-10-29,2015,10,29,2.8000000000000003,28.717,17.058,21.543552083333335,100,62.6,88.15833333333333,0.5142261904761904,0,0.06637710813492062,4.251190476190476,0.10767857142857142,1.5264806547619048,17.940675736961452,-7.262757369614512,2.880193924792139,2156.2,1.2,563.6739583333333,12
2015-10-30,2015,10,30,3.4000000000000004,28.593,18.366,22.192052083333333,98.9,64.4,86.18854166666667,0.502389455782313,0,0.06295741213151926,4.224353741496599,0.09874999999999999,1.5265205144557825,17.411330498866214,-6.713576814058956,2.839551357001134,2166.2,1.2,500.15833333333336,12
2015-10-31,2015,10,31,0.4,25.939,18.771,20.966916666666666,99.7,80.8,92.859375,0.4996598639455783,0,0.06529212726757368,4.223384353741497,0.0807142857142857,1.5238929634353742,16.223393990929704,-5.69138633786848,3.15376564271542,1368.7,1.2,260.41875,11.75
2015-11-01,2015,11,1,5.2,25.428,18.295,20.289020833333332,100,84.9,96.9625,0.457874149659864,0,0.057180768140589554,4.08546768707483,0.10773809523809522,1.4371766935941044,15.01794359410431,-4.559398242630385,3.3279416099773242,1578.7,1.2,194.29895833333333,11.75
2015-11-02,2015,11,2,4.2,29.29,17.486,20.9503125,100,70.4,93.85104166666666,0.44096088435374153,0,0.04946605725623581,3.983886054421769,0.06401360544217685,1.3375973462301587,14.206642006802722,-3.2780649092970515,3.7643698507180656,1903.7,1.2,344.8979166666667,11.5
2015-11-03,2015,11,3,3.4000000000000004,26.769,16.915,20.53215625,100,78.5,93.88229166666666,0.39578231292517013,0,0.04442699475623581,3.95656462585034,0.06401360544217685,1.3223406498015873,14.076143594104309,-2.07191887755102,4.361020148337113,1586.2,1.2,250.23645833333333,11.75
2015-11-04,2015,11,4,9.4,26.402,18.247,20.467833333333335,100,79.4,96.16041666666666,0.37649659863945584,0,0.04219671201814058,3.9220238095238096,0.07549319727891154,1.3477796378968256,13.87177851473923,-0.4470617346938775,5.165745346749811,1641.2,1.2,207.73645833333333,11.75
2015-11-05,2015,11,5,16.6,23.857,18.628,20.319541666666666,100,84.9,95.46875,0.38280612244897966,0,0.047930839002267564,4.002976190476191,0.0933503401360544,1.395960441468254,14.102409126984128,0.24081785714285736,5.446260185185186,1171.2,1.2,216.46041666666667,11.5
2015-11-06,2015,11,6,0,27.136,17.486,21.449333333333335,97.2,68.3,85.38958333333333,0.39464285714285724,0,0.052747484410430825,4.011955782312925,0.10227891156462583,1.4276021293934242,14.133901984126984,1.6162357142857147,6.290772164351853,2138.7,1.2,512.5020833333333,12
2015-11-07,2015,11,7,0.2,25.598,17.296,20.302791666666668,99.5,76.1,91.821875,0.43344387755102043,0,0.05910696570294783,4.084889455782313,0.12924319727891156,1.4761206774376419,14.61581150793651,2.2764769841269845,6.938257746362434,1841.2,1.2,293.7,11.75
2015-11-08,2015,11,8,0.2,23.954,18.438,20.670229166666665,98.1,82.1,89.12291666666667,0.4573724489795919,0,0.06214019982993196,4.195841836734694,0.11114795918367346,1.5455117984693878,14.442193650793651,2.9333841269841274,7.300212433862434,1411.2,1.2,274.79375,11.5
2015-11-09,2015,11,9,0.4,22.896,18.129,19.97815625,99.7,85.1,93.57395833333334,0.4382142857142858,0,0.0648251488095238,4.225459183673469,0.10987244897959182,1.602676711309524,14.413393650793651,3.5087142857142863,7.612756415343916,521.2,1.2,120.52291666666666,11.5
2015-11-10,2015,11,10,3.0000000000000004,26.402,16.177,20.026979166666667,99.1,72,90.609375,0.5012500000000001,0,0.0795628720238095,4.279387755102041,0.1279081632653061,1.7034207589285715,14.337650793650795,3.6026857142857147,7.715948082010582,1658.7,1.2,278.04895833333336,11.75
2015-11-11,2015,11,11,0.4,26.867,17.368,20.663927083333334,100,78.3,94.15416666666667,0.5387500000000001,0,0.08819940476190476,4.457678571428572,0.17035714285714285,1.8054817708333335,13.55147142857143,3.6990000000000007,7.550449107142858,1238.7,1.2,201.90312500000002,11.5
2015-11-12,2015,11,12,22.6,26.744,17.011,20.240739583333333,100,74.1,93.50208333333333,0.5564285714285715,0,0.0908705357142857,4.484642857142857,0.18857142857142856,1.8668210565476193,13.693657142857145,3.5363,7.371092857142857,1801.2,1.2,332.58020833333336,11
2015-11-13,2015,11,13,13.6,25.963,17.344,19.672208333333334,100,75.2,93.74583333333334,0.5741071428571429,0,0.09038690476190474,4.619285714285715,0.20660714285714282,1.883707217261905,13.672114285714287,3.351642857142857,7.247725000000001,2276.2,1.2,242.81458333333333,11.25
2015-11-14,2015,11,14,0.8,22.202,15.796,18.26926041666667,100,72.1,90.02395833333334,0.5741071428571429,0,0.08915736607142856,4.6375,0.23357142857142854,1.9272377232142859,13.798342857142858,3.4046857142857148,7.1277839285714295,938.7,1.2,179.76770833333333,11.5
2015-11-15,2015,11,15,1.6,21.294,16.463,18.31328125,100,89.3,95.66145833333333,0.5830357142857144,0,0.09613653273809522,4.610357142857143,0.2785714285714285,1.9779017857142858,15.047842857142857,3.3706428571428573,7.758149107142858,823.7,1.2,199.50729166666667,11.5
2015-11-16,2015,11,16,10,25.477,17.867,20.054020833333333,100,81.1,95.44270833333333,0.6010714285714286,0,0.10452938988095237,4.664285714285714,0.3142857142857142,2.0519698660714285,16.1245,3.6687857142857143,8.695150595238095,2088.7,1.2,349.090625,11.75
2015-11-17,2015,11,17,0.2,26.622,18.438,20.875114583333332,100,78.3,91.73645833333333,0.5919642857142857,0,0.10558035714285714,4.6375,0.3051785714285714,2.0473716517857143,17.263785714285714,3.927985714285714,9.758075000000002,1933.7,1.2,308.85625,11.75
2015-11-18,2015,11,18,0.4,25.283,18.937,20.742,97.1,79.6,90.18125,0.5737500000000001,0,0.10138764880952379,4.5566071428571435,0.26928571428571424,1.9959988839285716,18.420428571428573,4.097928571428572,10.153194642857143,1661.2,1.2,334.45520833333336,11.5
2015-11-19,2015,11,19,48.2,25.525,18.152,19.90184375,100,82.1,97.059375,0.5646428571428571,0,0.1025,4.520892857142857,0.2691071428571428,1.9815792410714288,18.347385714285714,4.228028571428571,10.33356130952381,1271.2,1.2,168.72604166666667,11.5
2015-11-20,2015,11,20,0.2,26.426,18.461,20.89328125,100,82.5,95.18125,0.5557142857142857,0,0.10761532738095236,4.458392857142857,0.31410714285714286,2.0220052083333333,18.384600000000002,4.362014285714285,10.408335119047619,2016.2,1.2,320.575,11.5
2015-11-21,2015,11,21,0,25.38,17.843,20.633145833333334,99.4,82.9,92.62083333333334,0.5466071428571428,0,0.1080673363095238,4.476428571428571,0.33196428571428566,2.0493694196428573,18.071828571428572,4.5201714285714285,10.328902976190477,2011.2,1.2,408.9604166666667,11.75
2015-11-22,2015,11,22,9,20.65,18.889,19.45484375,100,93.7,98.309375,0.5648214285714286,0,0.11098586309523809,4.548214285714286,0.35,2.1074144345238097,17.43792857142857,4.600785714285714,9.862901488095238,581.2,1.2,142.71041666666667,11.75
2015-11-23,2015,11,23,1,24.847,18.557,20.237885416666668,100,86.7,97.0875,0.5741071428571428,0,0.11624813988095237,4.629107142857143,0.3953571428571428,2.153076636904762,16.327928571428572,4.151428571428571,8.829442261904763,1188.7,1.2,200.78333333333333,11.5
2015-11-24,2015,11,24,0.6000000000000001,26.402,18.247,20.788697916666667,100,78.9,93.84375,0.5744642857142858,0,0.11744233630952379,4.6380357142857145,0.4942857142857142,2.186514136904762,14.638714285714286,3.857642857142857,7.613214583333334,1971.2,1.2,415.31458333333336,11.75
2015-11-25,2015,11,25,0,25.817,17.653,20.32298958333333,98.4,73.6,88.26979166666666,0.5744642857142858,0,0.11594308035714283,4.755000000000001,0.5301785714285714,2.237620907738095,13.5158,3.5121428571428575,7.108983333333334,1901.2,1.2,497.684375,11.75
2015-11-26,2015,11,26,0,26.5,16.725,20.392489583333333,94.1,55.9,78.47291666666666,0.6017857142857144,0,0.12015066964285713,4.8898214285714285,0.5482142857142857,2.2988597470238092,13.017557142857143,3.499614285714286,6.866177976190477,1936.2,1.2,504.5854166666667,11.75
2015-11-27,2015,11,27,0,27.284,16.63,20.821708333333333,97.3,69.3,85.25,0.6200000000000001,0,0.11430245535714283,4.934642857142857,0.4942857142857143,2.2976171874999998,12.628342857142858,3.586528571428571,6.771456547619048,2111.2,1.2,444.090625,11.75
2015-11-28,2015,11,28,0,27.801,16.153,20.784260416666665,98.5,48.2,72.96666666666667,0.6019642857142857,0,0.11038876488095237,4.853571428571429,0.43142857142857144,2.2286941964285716,13.343714285714286,3.6256714285714287,6.945944642857143,1928.7,1.2,447.03333333333336,11.75
2015-11-29,2015,11,29,8,26.207,15.939,20.333895833333333,99.1,53.9,81.334375,0.5657142857142857,0,0.1009486607142857,4.736785714285714,0.3864285714285714,2.128428199404762,13.888900000000001,3.8157714285714284,7.120876488095239,2263.7,1.2,483.5697916666667,11.75
2015-11-30,2015,11,30,3.6000000000000005,27.604,18.033,19.7964375,100,81.3,95.54166666666667,0.5383928571428572,0,0.08821986607142855,4.629107142857143,0.34142857142857136,2.032661830357143,14.399914285714287,3.998185714285714,7.272563392857144,2186.2,1.2,222.84062500000002,11.75
2015-12-01,2015,12,1,1,25.113,18.057,19.953885416666665,100,83,95.47083333333333,0.5112500000000001,0,0.08654017857142857,4.718928571428571,0.32339285714285715,2.021024925595238,15.666257142857145,4.222128571428572,7.547513690476191,1916.2,1.2,312.3979166666667,11.5
2015-12-02,2015,12,2,19.4,28.32,18.557,21.02932291666667,100,73.8,92.57916666666667,0.520357142857143,0,0.09280133928571428,4.656071428571429,0.3235714285714285,2.0312369791666667,16.61197142857143,4.4662,7.862353571428572,1998.7,1.2,279.48125,11.5
2015-12-03,2015,12,3,5,24.171,18.295,20.117979166666668,100,85.2,95.75104166666667,0.5383928571428572,0,0.09984188988095237,4.664821428571429,0.36839285714285713,2.0215699404761907,17.687357142857145,4.445514285714286,8.213679166666667,1993.7,1.2,329.5072916666667,11.75
2015-12-04,2015,12,4,0.6000000000000001,24.146,18.152,20.12558333333333,98,78.8,90.77708333333334,0.5292857142857144,0,0.1001078869047619,4.556785714285715,0.42232142857142857,2.011462053571429,18.636885714285714,4.2804,8.456760119047619,2026.2,1.2,313.59583333333336,11.75
2015-12-05,2015,12,5,10.200000000000001,22.082,17.415,18.909427083333334,100,91,98.153125,0.5383928571428572,0,0.11223400297619046,4.665,0.45821428571428563,2.0709207589285716,18.101357142857143,3.924357142857143,8.750420238095238,1841.2,1.2,237.68437500000002,11.75
2015-12-06,2015,12,6,20.6,22.202,18.224,19.287927083333333,100,95.7,99.378125,0.5835714285714285,0,0.12447730654761903,4.781785714285715,0.5121428571428571,2.1283147321428575,17.5424,3.5979285714285716,8.414298511904763,1638.7,1.2,221.87708333333333,11.5
2015-12-07,2015,12,7,6.4,21.39,17.843,19.148114583333335,100,95.8,98.82395833333334,0.637857142857143,0,0.13923177083333332,4.871428571428572,0.5301785714285714,2.1758147321428574,16.326785714285716,3.3612428571428574,8.076742857142857,1203.7,1.2,231.66875000000002,11.5
2015-12-08,2015,12,8,0,25.21,16.963,18.478864583333333,100,83.5,97.41354166666667,0.6737500000000001,0,0.1486830357142857,4.8175,0.5303571428571429,2.1963988095238096,14.937642857142858,3.1901,7.743174702380953,2011.2,1.2,236.01770833333333,11.25
2015-12-09,2015,12,9,0,22.537,17.534,19.150291666666668,100,91.7,98,0.6828571428571429,0,0.15249255952380952,4.871607142857143,0.5660714285714286,2.193130580357143,14.080742857142857,3.2173142857142856,7.498220238095238,743.7,1.2,159.71562500000002,11.75
2015-12-10,2015,12,10,0,26.329,18.58,20.89275,100,78.5,94.171875,0.6826785714285715,0,0.15462053571428572,4.871964285714285,0.5658928571428571,2.2066294642857143,13.053485714285715,3.226557142857143,7.165418750000001,1641.2,1.2,341.01770833333336,11.75
2015-12-11,2015,12,11,0,26.671,18.105,20.84109375,99.1,73.6,93.13020833333333,0.7008928571428571,0,0.16666108630952378,4.9887500000000005,0.5657142857142857,2.263262648809524,12.052942857142856,3.0522142857142858,6.751805952380953,1633.7,1.2,294.7416666666667,11.25
2015-12-12,2015,12,12,4.4,24.412,18.557,20.466416666666667,98.8,84.4,94.77916666666667,0.755,0,0.18476004464285714,5.1049999999999995,0.6198214285714286,2.360453869047619,12.244271428571428,2.936957142857143,6.155694940476191,1913.7,1.2,274.871875,11.75
2015-12-13,2015,12,13,1.2000000000000002,27.431,17.32,20.450041666666667,99.7,68.4,90.671875,0.7639285714285714,0,0.1940234375,5.069285714285714,0.62875,2.4224144345238097,12.260642857142857,2.9564142857142857,6.581003273809524,1896.2,1.2,240.54895833333333,11.5
2015-12-14,2015,12,14,3.2,27.333,17.891,20.964312500000002,100,75,94.93958333333333,0.76375,0,0.2001878720238095,5.177142857142857,0.6826785714285714,2.5161458333333333,12.947557142857145,3.101771428571429,7.131574702380953,1821.2,1.2,240.67916666666667,11.75
2015-12-15,2015,12,15,0.2,27.481,17.677,20.6781875,100,78.1,94.009375,0.8089285714285716,0,0.21766741071428572,5.303214285714286,0.7994642857142856,2.6278720238095237,13.412685714285715,2.8668000000000005,7.312724404761906,1506.2,1.2,235.41875000000002,11.75
2015-12-16,2015,12,16,0,27.308,17.201,21.06640625,100,73.4,90.92291666666667,0.8539285714285715,0,0.23489769345238096,5.47375,0.8175,2.720801711309524,13.3141,2.6755285714285715,7.244852678571428,2028.7,1.2,465.62708333333336,11.75
2015-12-17,2015,12,17,0,26.329,16.129,20.097114583333333,97.9,47.9,80.46354166666667,0.8630357142857144,0,0.23732142857142854,5.4825,0.8357142857142856,2.737464657738095,13.419728571428573,2.511742857142857,7.168266369047619,1876.2,1.2,402.1375,11.75
2015-12-18,2015,12,18,0,26.598,15.175,19.770989583333332,98.8,73.2,90.384375,0.88125,0,0.24367745535714283,5.419642857142857,0.8717857142857143,2.7491536458333337,13.572842857142858,2.5694142857142857,7.236992261904762,1958.7,1.2,440.496875,11.5
2015-12-19,2015,12,19,0,26.158,17.439,20.670708333333334,98.4,74.6,89.334375,0.8539285714285716,0,0.2277250744047619,5.384107142857142,0.8089285714285713,2.6569921874999998,13.932471428571429,2.725342857142857,7.708147023809524,2048.7,1.2,472.73645833333336,11.5
2015-12-20,2015,12,20,0,25.089,16.773,19.925364583333334,98,79.1,89.93541666666667,0.8539285714285716,0,0.2154706101190476,5.392857142857143,0.7369642857142856,2.577047991071429,14.655685714285713,2.662728571428572,8.008947321428572,1921.2,1.2,435.1322916666667,12
2015-12-21,2015,12,21,0,26.5,15.986,19.767645833333333,98.4,51.4,82,0.8089285714285716,0,0.19577938988095236,5.114642857142857,0.6289285714285714,2.410450148809524,15.077528571428571,2.452242857142857,7.832528273809524,1886.2,1.2,483.7260416666667,11.5
2015-12-22,2015,12,22,0,27.333,16.058,20.710229166666668,69.9,37.4,51.422916666666666,0.7819642857142858,0,0.16855468749999997,4.979642857142857,0.4401785714285714,2.2632514880952384,15.554614285714285,2.5618142857142856,7.763709821428572,1893.7,1.2,481.825,11.75
2015-12-23,2015,12,23,0,25.72,14.84,19.233260416666667,95.7,69.1,80.98125,0.7276785714285714,0,0.1569140625,4.718928571428571,0.39535714285714285,2.1767280505952384,15.719485714285714,2.420714285714286,7.855440773809525,1878.7,1.2,483.67395833333336,11.75
2015-12-24,2015,12,24,0,25.04,14.745,19.1493125,92.4,63.9,78.86979166666667,0.7458928571428572,0,0.15953124999999999,4.6832142857142856,0.3503571428571428,2.1545442708333336,15.4405,2.3591857142857147,7.758842261904762,1908.7,1.2,437.18958333333336,11.75
2015-12-25,2015,12,25,0,25.598,15.748,19.806229166666668,85.7,57.6,71.89375,0.7544642857142857,0,0.16665550595238093,4.719285714285713,0.3501785714285714,2.1712239583333335,15.194785714285715,2.4473285714285713,7.649102678571429,1871.2,1.2,478.1791666666667,11.75
2015-12-26,2015,12,26,0,25.016,15.915,19.269114583333334,87.4,63.1,75.396875,0.7726785714285714,0,0.17532366071428568,4.647321428571429,0.40392857142857147,2.2293340773809525,14.735085714285715,2.550657142857143,7.481025892857143,1881.2,1.2,465.496875,11.75
2015-12-27,2015,12,27,0,25.647,16.963,20.2584375,91,64.5,80.75833333333333,0.7730357142857144,0,0.18453869047619048,4.7283928571428575,0.5028571428571429,2.3156622023809526,13.959985714285713,2.447985714285714,7.161780654761905,1848.7,1.2,482.45,11.75
2015-12-28,2015,12,28,0,24.847,16.939,19.835625,91.4,75.7,84.3375,0.8,0,0.21078497023809523,4.998035714285714,0.62875,2.5003255208333335,14.103871428571429,2.8872428571428572,7.391216964285715,1873.7,1.2,350.809375,11.75
2015-12-29,2015,12,29,0,26.402,17.13,19.967416666666665,95.5,71.2,87.81041666666667,0.8176785714285716,0,0.23259114583333335,5.1867857142857146,0.7276785714285714,2.595368303571429,14.57617142857143,2.8568285714285717,7.86199751984127,1911.2,1.2,448.83020833333336,11.75
2015-12-30,2015,12,30,0,25.939,16.582,20.079250000000002,97,35.8,75.58645833333333,0.8808928571428573,0,0.24945870535714285,5.357678571428572,0.7905357142857142,2.6841052827380953,15.099357142857144,3.0635714285714286,8.354526984126986,1878.7,1.2,478.83020833333336,11.75
2015-12-31,2015,12,31,0,25.186,15.819,19.485645833333333,82.3,38.5,62.94895833333333,0.8896428571428573,0,0.26501674107142853,5.501428571428571,0.8175,2.782049851190476,16.012957142857143,2.9489857142857145,8.865321031746031,1881.2,1.2,466.2260416666667,11.75
2016-01-01,2016,1,1,0.2,24.508,13.257,18.142989583333332,91.3,61.8,76.315625,0.916607142857143,0,0.2654278273809524,5.627142857142857,0.8178571428571428,2.8087965029761905,16.442214285714286,2.6213285714285712,8.991505257936508,1911.2,1.2,479.2729166666667,11.75
2016-01-02,2016,1,2,0,24.146,13.954,18.524645833333334,90.2,45.6,70.44895833333334,0.916607142857143,0,0.2621242559523809,5.626964285714286,0.80875,2.8085770089285718,16.091528571428572,2.3530714285714285,8.70610138888889,1903.7,1.2,457.996875,11.75
2016-01-03,2016,1,3,0,25.939,16.153,19.669760416666666,79.1,35.3,52.546875,0.9523214285714287,0,0.2681436011904762,5.618035714285715,0.7637499999999999,2.802505580357143,16.01157142857143,2.4741142857142857,8.644361805555556,1908.7,1.2,479.6635416666667,11.75
2016-01-04,2016,1,4,0,26.524,16.439,19.6874375,84,39.4,57.26145833333334,0.9792857142857143,0,0.2681305803571428,5.626607142857142,0.7276785714285714,2.7792354910714288,15.405242857142857,2.0059857142857145,8.485315972222223,1926.2,1.2,484.6375,11.75
2016-01-05,2016,1,5,0,27.014,15.199,19.790177083333333,86.5,50.9,72.65625,0.9703571428571429,0,0.2635435267857143,5.51875,0.6735714285714286,2.7443880208333336,14.571128571428572,2.012457142857143,7.971035416666667,1888.7,1.2,468.90833333333336,11.75
2016-01-06,2016,1,6,0,26.622,15.819,19.49784375,94.6,66.4,84.684375,0.9435714285714286,0,0.2553441220238095,5.527678571428572,0.6285714285714284,2.7223679315476192,14.426128571428572,1.845114285714286,7.321559226190476,1838.7,1.2,409.37708333333336,11.75
2016-01-07,2016,1,7,0,26.109,15.867,19.59642708333333,95.7,66,84.715625,0.9167857142857143,0,0.24147135416666665,5.401785714285714,0.6646428571428571,2.6885230654761907,14.4087,1.9221142857142859,7.079143154761904,1876.2,1.2,476.33020833333336,11.75
2016-01-08,2016,1,8,0,26.646,16.987,20.154177083333334,92.2,62.9,80.684375,0.8989285714285715,0,0.239453125,5.383571428571429,0.7005357142857143,2.6989415922619053,14.896214285714285,2.175842857142857,7.411592857142857,1933.7,1.2,495.7572916666667,11.75
2016-01-09,2016,1,9,0,26.451,16.534,20.27228125,89.9,62.7,77.28125,0.9439285714285716,0,0.26442894345238094,5.527321428571428,0.7814285714285714,2.796664806547619,15.573800000000002,2.9137714285714287,8.210080654761905,1923.7,1.2,469.61145833333336,11.75
2016-01-10,2016,1,10,0,27.974,16.915,20.406541666666666,89.8,62,76.48125,0.9078571428571429,0,0.2527139136904762,5.527321428571428,0.7816071428571428,2.786545758928572,16.378071428571428,3.419928571428571,8.618582738095238,1868.7,1.2,438.12708333333336,11.75
2016-01-11,2016,1,11,0,28.593,17.034,20.549989583333332,88.5,53,77.23020833333334,0.89875,0,0.23710937499999998,5.4469642857142855,0.71875,2.717025669642857,17.241242857142858,3.4861285714285715,9.22380238095238,1931.2,1.2,493.1010416666667,11.75
2016-01-12,2016,1,12,0,27.308,15.461,20.150875,82.3,54.7,72.171875,0.89,0,0.23029947916666663,5.455892857142857,0.7189285714285714,2.6961588541666672,18.003857142857143,3.4011714285714283,9.86709375,1928.7,1.2,493.153125,11.75
2016-01-13,2016,1,13,0,29.115,14.697,19.393604166666666,89.4,49.6,75.70208333333333,0.8989285714285715,0,0.22813802083333332,5.428928571428571,0.7008928571428571,2.6518396577380954,18.2988,3.286285714285714,10.342994642857144,1921.2,1.2,409.715625,11.75
2016-01-14,2016,1,14,0,27.825,14.314,19.635125,90.2,54.2,73.71875,0.9167857142857143,0,0.22763206845238093,5.437857142857142,0.6378571428571428,2.609477306547619,18.41357142857143,3.035942857142857,10.72355625,1941.2,1.2,496.17395833333336,11.75
2016-01-15,2016,1,15,0,27.677,14.601,19.599666666666668,87.2,55.7,74.72916666666667,0.9080357142857143,0,0.22851748511904763,5.384107142857142,0.5748214285714285,2.58475818452381,18.345914285714287,2.6957142857142857,10.7568,1878.7,1.2,466.903125,11.75
2016-01-16,2016,1,16,0,30.142,13.786,20.418416666666666,94,41.5,71.15625,0.8630357142857144,0,0.2048530505952381,5.303392857142858,0.4401785714285714,2.4751264880952384,18.402242857142856,1.8867285714285715,10.271471130952381,1911.2,1.2,487.528125,11.75
2016-01-17,2016,1,17,0,31.153,14.84,20.588614583333335,96.4,45.2,78.65104166666667,0.8810714285714286,0,0.2134858630952381,5.276428571428572,0.3953571428571428,2.4492578125000004,17.949385714285714,1.2087285714285714,9.852896130952383,1943.7,1.2,497.215625,11.75
2016-01-18,2016,1,18,0.4,29.69,16.272,21.303802083333334,97.1,55.9,81.47083333333333,0.8992857142857142,0,0.2233816964285714,5.329821428571429,0.40446428571428567,2.4524107142857146,17.694642857142856,1.099257142857143,9.382430654761905,1911.2,1.2,501.746875,11.75
2016-01-19,2016,1,19,0,30.318,16.939,22.141322916666667,97.4,48,77.78229166666667,0.89,0,0.2248474702380952,5.231071428571428,0.40446428571428567,2.440048363095238,17.54947142857143,1.0057142857142858,9.102728571428573,1973.7,1.2,457.0072916666667,11.75
2016-01-20,2016,1,20,0,25.525,18.652,20.793135416666665,94.3,73.9,86.90416666666667,0.8717857142857143,0,0.22995907738095236,5.186071428571429,0.40464285714285714,2.4502455357142856,17.558614285714285,1.1114571428571427,9.24572380952381,978.7,1.2,216.43437500000002,11.75
2016-01-21,2016,1,21,0,27.604,17.272,21.556395833333333,96.5,68.1,84.3375,0.8687103174603176,0,0.23378823578042326,5.134087301587302,0.4006349206349206,2.4104691633597883,16.89397792207792,1.256968831168831,8.843461553030304,1871.2,1.2,416.9291666666667,11.75
2016-01-22,2016,1,22,0,26.646,16.749,20.789041666666666,98.8,61.8,83.36979166666666,0.8664484126984127,0,0.23776992394179894,5.108392857142857,0.40339285714285716,2.3690077298280423,16.878777922077923,1.5425220779220778,8.79095817099567,1871.2,1.2,431.66875,11.75
2016-01-23,2016,1,23,0,27.014,17.32,21.105177083333334,94.1,67.2,82.43125,0.8895039682539683,0,0.24889095568783068,5.058531746031746,0.46436507936507937,2.3722269758597885,16.85885324675325,2.1262662337662337,9.25320340909091,1868.7,1.2,481.8510416666667,12
2016-01-24,2016,1,24,0,27.063,17.439,21.084697916666666,95.6,68,84.19375,0.9065873015873016,0.003968253968253968,0.2637857556216931,5.056468253968254,0.5001984126984127,2.391361607142857,17.139844155844155,2.1596831168831168,9.445339664502166,1921.2,1.2,475.653125,11.75
2016-01-25,2016,1,25,0,29.365,17.843,21.24584375,93.5,62.6,83.96354166666667,0.923670634920635,0.003968253968253968,0.2743165095899471,4.997857142857143,0.4829761904761905,2.416450686177249,17.24331168831169,2.328022077922078,9.788263338744589,2018.7,1.2,448.1010416666667,12
2016-01-26,2016,1,26,0,28.419,17.13,21.561385416666667,95.7,61.4,81.82604166666667,0.9878968253968254,0.003968253968253968,0.2966898148148148,5.167599206349207,0.4787896825396825,2.4894661458333336,17.453701298701297,2.681396103896104,10.268861093073594,1941.2,1.2,502.0072916666667,12
2016-01-27,2016,1,27,0,29.015,15.796,21.060885416666668,99.3,56.9,80.228125,0.9828571428571429,0.003968253968253968,0.28995535714285714,5.133650793650793,0.4387301587301587,2.444050925925926,17.523012987012986,2.882727272727273,10.276762175324675,1938.7,1.2,482.03333333333336,11.75
2016-01-28,2016,1,28,0,29.34,16.487,21.352729166666666,92.8,43.3,65.35104166666667,0.986984126984127,0.003968253968253968,0.2876388888888889,5.253809523809524,0.4307936507936508,2.4644163359788362,18.260349350649353,2.979015584415585,10.57541609848485,1976.2,1.2,516.1739583333333,12
2016-01-29,2016,1,29,0,28.99,15.485,21.253010416666665,78.3,42.6,59.791666666666664,0.993531746031746,0.008432539682539682,0.28735139715608465,5.297718253968254,0.4144642857142857,2.465946593915344,18.523396969696968,2.57380202020202,10.79775397126022,1963.7,1.2,513.2052083333333,12
2016-01-30,2016,1,30,0,28.023,15.485,20.923708333333334,76.9,36.5,60.78541666666667,1.0110119047619048,0.017361111111111112,0.300434234457672,5.316329365079365,0.4477777777777777,2.517306960978836,18.223864502164503,1.823322943722944,9.964461643217893,2031.2,1.2,526.434375,12
2016-01-31,2016,1,31,0,27.112,15.27,20.729614583333333,71.3,31.7,56.391666666666666,1.0119642857142856,0.013392857142857142,0.2969047619047619,5.372321428571429,0.4206944444444444,2.5272218088624343,17.84866248196248,1.5577774891774894,9.244713086219337,1983.7,1.2,486.6947916666667,12
2016-02-01,2016,2,1,0,28.816,15.39,20.117354166666665,56.8,30.2,43.403124999999996,1.013095238095238,0.013392857142857142,0.29520027281746025,5.426646825396825,0.4379166666666666,2.526044560185185,17.594813997113995,1.004436940836941,8.484285146103897,2176.2,1.2,502.0072916666667,11.75
2016-02-02,2016,2,2,0,30.243,15.843,21.317802083333333,57.6,19.4,33.346875000000004,1.003154761904762,0.013392857142857142,0.28029534556878305,5.341904761904762,0.3879960317460317,2.4521492642195772,17.444202164502165,0.7163994227994228,8.291428694684944,2146.2,1.2,426.35625,12
2016-02-03,2016,2,3,0,28.866,18.485,21.88548958333333,66.4,21.6,36.43125,1.0576587301587304,0.013392857142857142,0.2890405919312169,5.420853174603175,0.3918055555555555,2.471602802579365,17.241477777777778,1.4860444444444443,8.752641898148148,2108.7,1.2,431.5385416666667,12
2016-02-04,2016,2,4,0,27.505,16.058,21.309114583333333,55.4,27.6,39.97708333333333,1.0973214285714286,0.013392857142857142,0.29508370535714284,5.343392857142858,0.3498214285714285,2.455530133928572,16.946571428571428,2.5258571428571424,9.22176917989418,1928.7,1.2,437.26770833333336,12
2016-02-05,2016,2,5,0,26.94,15.366,20.805125,78.3,35.5,52.645833333333336,1.1375,0.008928571428571428,0.30378348214285716,5.370535714285714,0.3453571428571428,2.469014136904762,16.467174603174602,3.7597301587301586,9.519156415343916,2028.7,1.2,530.0802083333333,12
2016-02-06,2016,2,6,0,27.653,16.01,20.996333333333332,94.4,52.3,72.2875,1.1151785714285716,0,0.2899609375,5.437678571428571,0.2780357142857143,2.418413318452381,16.60674603174603,4.936952380952381,10.471868386243386,1841.2,1.2,438.36145833333336,11.75
2016-02-07,2016,2,7,0,28.048,15.939,21.134729166666666,95.6,62.2,79.915625,1.115357142857143,0,0.2929445684523809,5.45125,0.2691071428571428,2.4395721726190476,16.954809523809523,4.9465079365079365,11.451282076719577,1921.2,1.2,414.246875,12
2016-02-08,2016,2,8,7,30.117,16.82,21.77796875,98.6,59.4,84.1875,1.1333928571428573,0,0.3030059523809524,5.5325,0.33178571428571424,2.531977306547619,17.131301587301586,5.560253968253968,12.166220238095239,1991.2,1.2,407.1375,11.75
2016-02-09,2016,2,9,0,27.481,16.892,20.96465625,99.9,72.1,88.71354166666667,1.1514285714285715,0,0.3130450148809524,5.5825000000000005,0.39464285714285713,2.624192708333333,17.138666666666666,6.426174603174603,12.484931547619047,1803.7,1.2,309.1947916666667,12
2016-02-10,2016,2,10,0,28.147,17.011,21.2914375,98.6,64.1,84.18333333333334,1.1426785714285714,0,0.3128608630952381,5.605178571428572,0.39464285714285713,2.6548753720238096,16.99901587301587,5.75347619047619,12.012106481481482,1938.7,1.2,383.3875,12
2016-02-11,2016,2,11,0,28.097,16.654,21.01334375,96.9,64.8,84.446875,1.106607142857143,0,0.3063299851190476,5.60125,0.41267857142857134,2.6354873511904766,17.16111111111111,5.149936507936508,11.708300264550264,1856.2,1.2,250.67916666666667,12
2016-02-12,2016,2,12,0,27.974,16.796,21.370260416666667,97.9,61.4,78.190625,1.075357142857143,0,0.2893917410714285,5.515535714285714,0.3767857142857142,2.551793154761905,17.451555555555554,4.808809523809524,11.874359457671957,1758.7,1.2,357.0072916666667,12
2016-02-13,2016,2,13,0,29.64,15.772,21.692916666666665,98.3,47.9,74.51875,1.1067857142857143,0,0.28936197916666667,5.457142857142857,0.3857142857142857,2.5233091517857145,17.612555555555556,4.574396825396825,11.899314153439153,2046.2,1.2,530.0802083333333,12
2016-02-14,2016,2,14,0,29.365,15.939,21.70965625,93.8,34.7,62.496875,1.1155357142857143,0,0.27864211309523806,5.389642857142857,0.3767857142857142,2.443989955357143,17.730444444444444,5.150714285714286,11.89969642857143,2041.2,1.2,543.934375,12
2016-02-15,2016,2,15,0,28.841,16.106,21.74309375,84.6,50.2,67.48854166666666,1.092857142857143,0,0.26950148809523805,5.272321428571429,0.28696428571428567,2.3038504464285716,17.711857142857145,5.26579365079365,11.850789682539682,2023.7,1.2,504.95,12
2016-02-16,2016,2,16,0,28.766,15.748,21.6789375,95.2,55.5,72.53125,1.0433928571428572,0,0.2562220982142857,5.173035714285715,0.20625,2.191129092261905,17.83761904761905,4.831761904761905,11.86175992063492,2128.7,1.2,562.3458333333333,12
2016-02-17,2016,2,17,0,28.568,17.486,21.683020833333334,89.4,41.9,69.44791666666667,1.0069642857142858,0,0.2445703125,5.078392857142857,0.1794642857142857,2.1131082589285715,18.321269841269842,4.316412698412698,11.913643187830688,2181.2,1.2,487.2416666666667,12
2016-02-18,2016,2,18,0,29.04,17.796,21.79434375,92.3,54.5,78.20208333333333,1.0069642857142858,0,0.24927641369047615,5.069107142857143,0.17035714285714285,2.1318340773809523,18.55519047619048,3.704206349206349,11.793348875661376,2373.7,1.2,504.95,12
2016-02-19,2016,2,19,0,29.916,18.224,22.45841666666667,89.8,49.8,72.11354166666666,1.034107142857143,0,0.2554278273809524,5.149821428571428,0.16124999999999995,2.1855096726190477,18.707666666666665,2.7807142857142852,11.36835615079365,2083.7,1.2,489.1947916666667,12
2016-02-20,2016,2,20,0,30.9,18.271,22.779104166666666,95.5,50.9,75.90833333333333,1.0564285714285715,0,0.26359002976190476,5.302678571428571,0.14785714285714285,2.2396670386904765,18.585317460317462,2.352396825396825,10.947229166666668,2106.2,1.2,537.0854166666667,12
2016-02-21,2016,2,21,0,31.433,17.082,22.8260625,96.3,55,76.003125,1.0475,0,0.2770926339285714,5.415178571428571,0.14785714285714285,2.3052120535714287,18.356285714285715,2.2507142857142854,10.496811838624339,2103.7,1.2,478.465625,12
2016-02-22,2016,2,22,0,31.459,17.344,23.2835625,97.8,39.5,71.85833333333333,1.0475,0,0.2859579613095238,5.4871428571428575,0.16142857142857142,2.3681045386904764,18.569031746031747,1.8809047619047614,10.371766865079366,2108.7,1.2,564.2729166666667,12
2016-02-23,2016,2,23,0,30.976,15.986,22.423000000000002,96.5,46.3,71.78541666666666,1.0832142857142857,0,0.30166294642857144,5.595357142857144,0.23321428571428568,2.4519084821428576,18.638349206349208,1.9196031746031743,10.329175595238096,2121.2,1.2,531.4864583333333,12
2016-02-24,2016,2,24,0,31.919,16.177,22.24446875,97.1,44.2,77.85625,1.1105357142857144,0,0.3274609375,5.685357142857143,0.2782142857142857,2.5443917410714287,18.43068253968254,2.456190476190476,10.45424007936508,2193.7,1.2,493.3354166666667,12
2016-02-25,2016,2,25,0,31.51,16.654,22.808520833333333,98.8,53.2,79.13125,1.1419642857142858,0,0.3363318452380953,5.7125,0.3142857142857142,2.5843898809523815,18.29863492063492,2.327031746031746,10.822298611111112,2216.2,1.2,553.7520833333333,12
2016-02-26,2016,2,26,0,29.74,17.486,22.477802083333334,96.2,51.3,76.01875,1.1198214285714287,0,0.3288262648809524,5.654464285714286,0.2964285714285714,2.5565569196428575,18.34627777777778,0.5258095238095236,10.35427232142857,2166.2,1.2,573.0749999999999,12
2016-02-27,2016,2,27,0,28.667,16.868,22.169541666666667,96.8,58.3,76.55625,1.0976785714285715,0,0.31935267857142857,5.479285714285715,0.2739285714285714,2.4955543154761908,18.382325396825397,-0.01530158730158755,10.162241236772488,2108.7,1.2,504.246875,12
2016-02-28,2016,2,28,0,29.464,18.319,22.7481875,91.4,59.5,77.32395833333334,1.0708928571428573,0,0.3005059523809524,5.366964285714286,0.2828571428571428,2.4422581845238094,18.66940476190476,-0.0043333333333336055,10.850839451058203,2211.2,1.2,518.0489583333333,12
2016-02-29,2016,2,29,0,28.916,17.701,22.151125,95.1,55.9,78.015625,1.0708928571428573,0,0.2894345238095238,5.2996428571428575,0.3144642857142857,2.415293898809524,18.576071428571428,0.5520634920634917,11.174142691798943,2233.7,1.2,490.6010416666667,12
2016-03-01,2016,3,1,0,28.866,16.225,21.392260416666666,90.3,55.2,76.346875,1.06625,0,0.28167038690476187,5.285892857142857,0.2785714285714285,2.355221354166667,18.708246031746032,0.0681111111111107,11.02634871031746,2048.7,1.2,508.20520833333336,12
2016-03-02,2016,3,2,0,29.315,16.749,21.6205625,92.9,53.3,73.93854166666667,1.039107142857143,0,0.2515141369047619,5.146428571428571,0.22464285714285712,2.232764136904762,19.112817460317462,-0.18879365079365115,11.071238921957672,2166.2,1.2,545.340625,12
2016-03-03,2016,3,3,0,30.268,17.106,22.612729166666668,88.8,35.5,63.12083333333333,0.9942857142857144,0,0.22881510416666664,5.024821428571428,0.16178571428571425,2.106568080357143,19.337579365079364,0.6894603174603172,11.17266517857143,2166.2,1.2,569.7416666666667,12
2016-03-04,2016,3,4,0,29.515,16.153,21.761489583333333,89,48.2,62.405208333333334,0.9848214285714286,0,0.2269921875,5.020357142857143,0.18874999999999997,2.074986979166667,19.5764126984127,3.743301587301587,12.102372685185186,1853.7,1.2,499.68958333333336,12
2016-03-05,2016,3,5,0,30.268,15.7,22.11430208333333,92.1,38.8,65.096875,0.9260714285714285,0,0.21392299107142856,4.975357142857143,0.19785714285714281,2.0186607142857147,20.08693650793651,4.280238095238095,12.700382605820106,2198.7,1.2,563.6999999999999,12
2016-03-06,2016,3,6,0,30.343,16.129,22.088395833333333,96.2,53.8,72.68333333333334,0.9392857142857143,0,0.21640438988095237,4.9662500000000005,0.17999999999999997,1.9819866071428573,20.424619047619046,4.771825396825397,12.628993716931218,2293.7,1.2,540.6270833333333,12.25
2016-03-07,2016,3,7,0,29.74,17.034,22.249,94.9,51.6,72.54375,0.9167857142857143,0,0.21468749999999998,4.9075,0.13482142857142856,1.9391685267857144,20.692333333333334,4.203380952380952,12.520898478835978,2173.7,1.2,530.575,12.25
2016-03-08,2016,3,8,0,29.89,16.082,22.088114583333333,96.4,53,78.62604166666667,0.8810714285714286,0,0.2071893601190476,4.808928571428572,0.13499999999999998,1.9058482142857145,20.7808253968254,4.851063492063493,12.712492724867726,1923.7,1.2,396.95520833333336,12.25
2016-03-09,2016,3,9,0,31.459,16.654,22.432145833333333,98.2,57.8,81.82291666666667,0.9037499999999999,0,0.21780877976190474,4.867500000000001,0.1439285714285714,1.9326450892857143,20.61953968253968,4.501714285714286,12.578367063492063,2008.7,1.2,373.98645833333336,12.25
2016-03-10,2016,3,10,0,30.041,17.368,23.117052083333334,98.6,57.2,81.503125,0.9392857142857143,0,0.23571800595238093,4.9799999999999995,0.17535714285714282,2.0319921875,20.373396825396828,3.477746031746032,12.081059854497354,1871.2,1.2,396.7729166666667,12
2016-03-11,2016,3,11,0,31.331,18.152,23.00994791666667,99.2,53.9,82.70208333333333,0.9708928571428572,0,0.25068266369047615,5.006785714285714,0.16624999999999998,2.0856863839285715,19.991999999999997,2.1371587301587303,11.288694444444445,2091.2,1.2,365.2625,12.25
2016-03-12,2016,3,12,29,31.153,18.628,21.74395833333333,99.9,62.7,91.06354166666667,0.9664285714285715,0,0.24955357142857143,4.952857142857143,0.13017857142857142,2.068385416666667,19.70979365079365,1.5653015873015872,10.320434193121693,1716.2,1.2,254.06458333333333,12.5
2016-03-13,2016,3,13,5.2,29.89,17.486,22.34578125,99.8,64.8,89.42291666666667,0.9664285714285715,0,0.24807477678571427,4.907857142857144,0.12107142857142857,2.0221614583333336,19.085714285714285,0.666079365079365,9.336463955026456,1881.2,1.2,372.3197916666667,12.25
2016-03-14,2016,3,14,0.2,29.89,18.319,23.0774375,99.9,65,87.1125,0.9394642857142859,0,0.23617745535714282,4.849821428571429,0.12124999999999998,1.954825148809524,19.021142857142856,0.485031746031746,8.716366402116403,2101.2,1.2,384.95,12.25
2016-03-15,2016,3,15,30.8,30.95,18.533,21.577572916666668,100,66.6,93.321875,0.9350000000000002,0,0.22466517857142856,4.83625,0.08517857142857141,1.8770479910714288,18.676841269841272,-0.18944444444444455,7.999141534391534,1973.7,1.2,282.3197916666667,12.25
2016-03-16,2016,3,16,0.2,31.535,17.653,22.775177083333332,100,63.5,89.08958333333334,0.9194387755102041,0,0.21419217687074826,4.831020408163265,0.07624999999999997,1.8000494260204083,18.939063492063493,0.9786507936507938,8.524247974537037,1883.7,1.2,410.8875,12.25
2016-03-17,2016,3,17,0,29.29,17.891,22.792864583333333,99.4,60.2,86.246875,0.850280612244898,0,0.19136160714285713,4.712525510204082,0.044821428571428554,1.6631858524659866,19.46911111111111,2.4069642857142854,9.240709118716932,2168.7,1.2,394.06458333333336,12.25
2016-03-18,2016,3,18,0,31.944,18.438,24.033416666666668,99.8,48.2,80.8375,0.802219387755102,0,0.17157126913265303,4.587448979591836,0.026964285714285694,1.5587045599489797,19.942299603174604,3.743978174603175,10.193409804894179,2098.7,1.2,551.7208333333333,12.25
2016-03-19,2016,3,19,0,31.51,18.366,24.08230208333333,100,51.6,83.86354166666666,0.8376020408163266,0,0.16969494047619046,4.594897959183673,0.026964285714285694,1.5230763711734696,20.294015873015873,5.121938492063492,11.481223255621694,2188.7,1.2,508.43958333333336,12.25
2016-03-20,2016,3,20,0,32.304,18.771,24.51925,99.5,41.4,79.13958333333333,0.8321938775510205,0,0.16026838860544215,4.548622448979592,0.018035714285714266,1.4847526041666668,21.076613095238095,6.267468253968254,12.770326760912699,2103.7,1.2,543.5958333333333,12.25
2016-03-21,2016,3,21,0,32.587,18.033,24.294375,98.6,54.1,83.26666666666667,0.8873469387755103,0,0.16199431335034012,4.618112244897959,-1.9825411154020653e-17,1.4897361288265307,21.418623015873017,7.172027777777777,13.779983837632276,2088.7,1.2,520.9395833333333,12.25
2016-03-22,2016,3,22,0.4,30.874,19.651,23.61090625,99.2,64.8,89.18958333333333,0.8838775510204082,0,0.1650021258503401,4.654081632653061,0.010204081632653041,1.500170068027211,21.76230357142857,7.819964285714286,14.728332961309524,1741.2,1.2,318.8822916666667,12.25
2016-03-23,2016,3,23,0.2,30.117,19.603,23.469145833333332,100,68.4,90.071875,0.8734693877551021,0,0.17460034013605438,4.6899999999999995,0.0204081632653061,1.5541092687074831,21.43417857142857,7.426196428571428,14.520453125000001,1608.7,1.2,268.3354166666667,12.25
2016-03-24,2016,3,24,0,31.077,18.343,23.3048125,100,52.1,84.584375,0.8942857142857144,0,0.1798533163265306,4.664081632653061,0.0204081632653061,1.5699085884353743,21.18225,6.804607142857143,14.378249255952381,2153.7,1.2,466.72083333333336,12.25
2016-03-25,2016,3,25,0,31.255,18.533,23.480677083333333,99.3,30.9,73.36145833333333,0.8991836734693878,0,0.18039328231292515,4.756530612244899,0.025510204081632633,1.571947278911565,21.11030357142857,6.4497857142857145,14.285277901785715,2063.7,1.2,496.4604166666667,12.25
2016-03-26,2016,3,26,0,31.535,17.629,23.109239583333334,96.9,27,62.659375,0.873265306122449,0,0.18319302721088435,4.736122448979592,0.041020408163265284,1.5871024659863946,20.961607142857144,6.081464285714285,13.959806175595238,2133.7,1.2,548.8041666666667,12.25
2016-03-27,2016,3,27,0.2,30.091,16.368,22.241541666666667,97.1,49.6,76.50104166666667,0.8367346938775511,0,0.17907525510204078,4.751224489795918,0.041020408163265284,1.581077806122449,20.92831150793651,5.875458333333333,13.77731212797619,2081.2,1.2,448.465625,12.25
2016-03-28,2016,3,28,0,30.773,17.153,22.951583333333332,98.6,54.1,78.46979166666667,0.7853061224489796,0,0.1684970238095238,4.642857142857143,0.041020408163265284,1.5361628401360545,20.938301587301588,6.1171051587301575,13.763550553902117,2143.7,1.2,446.09583333333336,12.25
2016-03-29,2016,3,29,0,31.842,19.579,24.002885416666665,97.3,46.1,78.503125,0.7853061224489796,0,0.1619515306122449,4.509183673469388,0.030816326530612226,1.4838988095238097,21.21735119047619,6.667279761904761,13.766782448743387,2191.2,1.2,532.6322916666667,12.5
2016-03-30,2016,3,30,0,31.944,18.818,24.399572916666667,97.9,38.8,78.24583333333334,0.759795918367347,0,0.13787202380952382,4.298775510204082,0.02061224489795916,1.382108843537415,21.61319047619048,7.187396825396825,14.06320068617725,2136.2,1.2,540.496875,12.25
2016-03-31,2016,3,31,0,31.357,18.747,24.037927083333333,98.9,35.3,78.4875,0.7442857142857143,0,0.1309970238095238,4.314081632653061,0.02061224489795916,1.3578656462585035,21.914722222222224,7.93078373015873,14.317127273478835,2151.2,1.2,529.5072916666667,12.25
2016-04-01,2016,4,1,0,32.304,18.2,24.01472916666667,98.5,44.8,80.93541666666667,0.7391836734693877,0,0.12066326530612244,4.195918367346939,0.015510204081632633,1.3187096088435375,22.128527777777776,8.272162698412698,14.328048073743387,2203.7,1.2,558.7260416666667,12.25
2016-04-02,2016,4,2,0,32.665,18.675,24.21946875,99.3,42.9,80.77291666666666,0.759591836734694,0,0.10840136054421767,4.273061224489796,-1.9825411154020653e-17,1.2714434523809524,22.382857142857144,8.73711111111111,14.679870701058203,2131.2,1.2,493.23125,12.5
2016-04-03,2016,4,3,0,31.23,18.628,23.806479166666666,97.6,47.3,83.82395833333334,0.7646938775510205,0,0.11019345238095236,4.34530612244898,-1.9825411154020653e-17,1.2767070578231294,22.480730158730157,9.114063492063492,14.921034722222222,1836.2,1.2,326.2260416666667,12.5
2016-04-04,2016,4,4,0,32.717,18.343,24.658458333333332,98.8,33.7,76.49791666666667,0.7802040816326531,0,0.10717474489795917,4.366122448979592,-1.9825411154020653e-17,1.262325680272109,22.495444444444445,9.316873015873016,14.943458664021165,2103.7,1.2,546.5385416666667,12.5
2016-04-05,2016,4,5,0,29.89,18.58,23.42334375,98,62.4,83.73020833333334,0.7546938775510205,0,0.09575255102040815,4.381632653061224,-1.9825411154020653e-17,1.23765518707483,22.586222222222222,9.396587301587301,15.084704695767197,1488.7,1.2,325.3666666666667,12.5
2016-04-06,2016,4,6,6.2,30.95,17.986,23.153989583333335,99.4,55.6,84.09479166666667,0.7955102040816328,0,0.0989158163265306,4.566326530612245,-1.9825411154020653e-17,1.2526339285714287,22.681587301587303,9.516047619047617,15.27322619047619,2098.7,1.2,387.9447916666667,12.5
2016-04-07,2016,4,7,0,30.52,18.747,24.071833333333334,100,62.2,86.17916666666666,0.8053061224489797,0,0.09607568027210882,4.5869387755102045,-1.9825411154020653e-17,1.2581441326530614,22.624126984126985,9.607984126984126,15.403786044973545,2011.2,1.2,376.33020833333336,12.5
2016-04-08,2016,4,8,24,31.842,18.414,23.01796875,100,70.6,91.5625,0.8002040816326532,0,0.09907950680272107,4.602244897959183,-1.9825411154020653e-17,1.2744961734693878,22.61738095238095,9.960047619047618,15.63846626984127,1353.7,1.2,262.059375,12.5
2016-04-09,2016,4,9,0,28.543,19.698,22.33771875,100,76.5,94.33645833333334,0.7614030612244899,0,0.09988414115646257,4.529132653061224,-1.9825411154020653e-17,1.2865396471088437,22.631650793650795,10.022079365079364,15.54963458994709,1381.2,1.2,227.45000000000002,12.25
2016-04-10,2016,4,10,0.6000000000000001,30.672,19.365,23.44453125,99.1,68.6,87.7125,0.7575255102040818,0,0.09156940901360543,4.38484693877551,-1.9825411154020653e-17,1.2578008078231293,22.68657142857143,10.066603174603173,15.552334656084657,1816.2,1.2,354.3510416666667,12.5
2016-04-11,2016,4,11,0,31.103,19.318,23.7488125,100,68.2,89.18958333333333,0.742576530612245,0,0.09058886054421768,4.362551020408164,-1.9825411154020653e-17,1.252641900510204,22.817349206349206,10.173873015873015,15.847503306878307,1701.2,1.2,367.89270833333336,12.5
2016-04-12,2016,4,12,0,31.459,19.651,24.323760416666666,100,65.4,87.70104166666667,0.7444132653061225,0,0.09454799107142856,4.31420918367347,-1.9825411154020653e-17,1.2707849702380953,22.854269841269844,10.267460317460317,16.128923611111112,2011.2,1.2,397.215625,12.5
2016-04-13,2016,4,13,0,32.639,18.818,24.674854166666666,99.8,63.3,86.28229166666667,0.7054336734693878,0,0.08927800807823127,4.129591836734694,-1.9825411154020653e-17,1.2394223001700682,22.86720634920635,10.44115873015873,16.145983134920634,2131.2,1.2,470.2104166666667,12.5
2016-04-14,2016,4,14,0,33.6,20.484,24.61390625,99.6,67.8,88.896875,0.6696683673469389,0,0.08071694302721087,4.022372448979592,-1.9825411154020653e-17,1.16007706207483,23.05284126984127,10.507984126984127,16.075060515873016,1866.2,1.2,361.5125,12.5
2016-04-15,2016,4,15,0,32.33,21.318,25.029197916666668,99.2,63.8,90.05833333333334,0.6462500000000001,0,0.07290178571428571,3.951071428571429,-1.9825411154020653e-17,1.1069363839285715,23.154746031746033,10.512365079365079,16.032624338624338,1696.2,1.2,346.9291666666667,12.75
2016-04-16,2016,4,16,0,30.9,19.912,24.216385416666665,100,70.7,90.609375,0.6775,0,0.06589285714285713,3.896785714285714,-1.9825411154020653e-17,1.0527418154761905,23.324857142857145,10.664730158730157,16.190444444444445,1551.2,1.2,292.3197916666667,12.5
2016-04-17,2016,4,17,0,32.975,19.532,24.74671875,100,53.8,85.771875,0.6508928571428572,0,0.06328497023809522,3.815714285714286,-1.9825411154020653e-17,1.0082905505952382,23.383333333333333,10.823873015873016,16.151012896825396,2078.7,1.2,482.9447916666667,12.5
2016-04-18,2016,4,18,0,31.459,19.579,24.35172916666667,100,53.8,84.478125,0.6148214285714285,0,0.05945870535714284,3.7748214285714288,-1.9825411154020653e-17,0.9831603422619049,23.410396825396823,10.929015873015873,16.035230158730158,2051.2,1.2,429.79375,12.5
2016-04-19,2016,4,19,0,30.874,19.151,23.9341875,99.9,62.7,85.73229166666667,0.5967857142857144,0,0.055723586309523794,3.7525000000000004,-1.9825411154020653e-17,0.9367150297619048,23.40004761904762,10.948952380952381,15.641324404761905,1793.7,1.2,392.6322916666667,12.5
2016-04-20,2016,4,20,0,31.382,20.007,24.013947916666666,99.6,59.6,88.41041666666666,0.5821825396825397,0,0.0545331101190476,3.836527777777778,-1.9825411154020653e-17,0.9277814980158732,22.757031746031746,10.2298873015873,14.89752529761905,1968.7,1.2,328.934375,12.5
2016-04-21,2016,4,21,0,30.95,19.484,23.82409375,99.8,66.2,89.08125,0.5900793650793651,0,0.05200314153439152,3.825039682539683,-1.9825411154020653e-17,0.9275285218253969,22.48831111111111,9.605577777777778,14.222279034391535,1131.2,1.2,288.4916666666667,12.5
2016-04-22,2016,4,22,0,34.413,19.032,24.6400625,100,56,84.82291666666667,0.544404761904762,0,0.04663897156084655,3.7697420634920635,-1.9825411154020653e-17,0.9053569361772488,21.787739682539684,8.997222222222222,13.589744246031746,2113.7,1.2,464.92395833333336,12.5
2016-04-23,2016,4,23,0,33.287,18.057,24.252416666666665,99.1,62.6,86.55208333333333,0.49043650793650795,0,0.0436090443121693,3.6906547619047623,-1.9825411154020653e-17,0.8852248677248679,21.00279365079365,8.288155555555555,12.916762136243387,2121.2,1.2,381.825,12.5
2016-04-24,2016,4,24,3.2,33.678,19.389,24.568489583333335,99.9,63.1,88.73125,0.48625000000000007,0,0.03878100198412697,3.695059523809524,-1.9825411154020653e-17,0.8903346147486774,20.307101587301588,7.658431746031745,12.402698048941799,1863.7,1.2,409.45520833333336,12.75
2016-04-25,2016,4,25,0,30.824,20.055,24.480854166666667,100,74.2,90.86354166666666,0.4829166666666667,0,0.035576430224867714,3.6184523809523808,-1.9825411154020653e-17,0.8651858052248678,19.631838095238095,7.066998412698412,11.777061375661376,1256.2,1.2,295.2104166666667,12.75
2016-04-26,2016,4,26,0,33.417,19.199,24.932166666666667,100,49.6,83.196875,0.4742857142857143,0,0.03210648148148147,3.5795238095238098,-1.9825411154020653e-17,0.8660052910052911,18.94044285714286,6.4969714285714275,11.30053125,2158.7,1.2,533.309375,12.5
2016-04-27,2016,4,27,0,30.9,19.246,23.9934375,99.6,58.1,86.31041666666667,0.47031746031746036,0,0.029882605820105806,3.4512698412698413,-1.9825411154020653e-17,0.8723346560846562,18.91512857142857,6.509157142857142,11.330352083333334,1766.2,1.2,353.36145833333336,12.5
2016-04-28,2016,4,28,0,31.74,18.985,23.855572916666667,100,56.2,85.45416666666667,0.45047619047619053,0,0.0314996693121693,3.3953968253968254,-1.9825411154020653e-17,0.8886954365079366,18.4483,6.4980714285714285,11.294337202380953,1683.7,1.2,353.153125,12.75
2016-04-29,2016,4,29,0,30.545,19.294,23.59490625,98.3,58.8,85.4375,0.4860317460317461,0,0.03341600529100528,3.4312698412698412,-1.9825411154020653e-17,0.9123693783068784,18.468657142857143,6.498371428571429,11.294684821428572,1558.7,1.2,297.3979166666667,12.75
2016-04-30,2016,4,30,0,31.868,18.866,24.326854166666667,99.8,47.9,81.02395833333334,0.477936507936508,0,0.03399305555555555,3.4636507936507934,-1.9825411154020653e-17,0.942084986772487,18.482742857142856,6.547757142857143,11.268880952380952,2053.7,1.2,499.090625,12.75
2016-05-01,2016,5,1,0,35.502,19.318,25.295479166666667,98.7,53.1,82.971875,0.47000000000000003,0,0.036570767195767184,3.555555555555556,-1.9825411154020653e-17,0.9588194444444446,19.100642857142855,6.524128571428571,11.228210416666668,2158.7,1.2,494.2729166666667,12.5
2016-05-02,2016,5,2,0,33.469,18.699,24.816260416666665,99.5,54.6,83.334375,0.46587301587301594,0,0.03852182539682538,3.6274603174603177,-1.9825411154020653e-17,0.9887053571428572,19.53092857142857,6.390885714285714,11.143671726190476,2143.7,1.2,423.12708333333336,12.5
2016-05-03,2016,5,3,0,34.308,18.414,24.985583333333334,98.5,44.3,76.58229166666666,0.506031746031746,0,0.04454695767195766,3.8193650793650797,0.007936507936507917,1.0077761243386243,19.999657142857142,6.3458428571428565,11.16040267857143,2146.2,1.2,506.6947916666667,12.75
2016-05-04,2016,5,4,0,31.791,17.629,23.462572916666666,99.5,44.5,79.89479166666666,0.497936507936508,0,0.04803736772486771,3.8633333333333333,0.007936507936507917,1.0228389550264552,20.023342857142858,6.456371428571429,11.286520535714287,2173.7,1.2,321.9291666666667,12.75
2016-05-05,2016,5,5,0,30.495,19.294,23.373802083333334,96.5,64.2,84.57604166666667,0.5338095238095238,0,0.07306051587301586,4.011269841269842,0.007936507936507917,1.0808085317460319,20.480114285714286,6.391285714285714,11.463762202380952,1556.2,1.2,265.00208333333336,12.25
2016-05-06,2016,5,6,44.61,31.51,18.771,21.889239583333335,100,60.2,91.596875,0.545873015873016,0,0.09431547619047619,4.039206349206349,0.007936507936507917,1.1264021164021165,20.93527142857143,6.339599999999999,11.350323214285714,1536.2,1.2,251.59062500000002,12.75
2016-05-07,2016,5,7,1.6,31.484,18.58,23.511822916666667,99.2,59.9,85.75520833333333,0.5620634920634922,0,0.09836309523809524,4.0553968253968256,0.007936507936507917,1.1195155423280423,20.960842857142858,6.257685714285714,11.120400297619048,2186.2,1.2,486.5385416666667,12.5
2016-05-08,2016,5,8,14.8,28.766,19.056,21.76519791666667,100,74.3,92.49583333333334,0.5501587301587302,0,0.09624173280423279,3.935714285714286,0.007936507936507917,1.0901322751322753,19.993571428571432,6.159642857142857,10.74023511904762,1821.2,1.2,257.3197916666667,12.75
2016-05-09,2016,5,9,0,30.874,18.771,23.730833333333333,97.6,64.6,83.50416666666666,0.5541269841269841,0,0.09428240740740738,3.93984126984127,0.007936507936507917,1.068682208994709,18.946285714285715,6.191699999999999,10.405772916666667,2088.7,1.2,512.4760416666667,12.5
2016-05-10,2016,5,10,2,30.646,19.103,22.857447916666665,99.2,65.1,87.90625,0.533968253968254,0,0.09023809523809523,3.8634920634920635,-1.9825411154020653e-17,1.0591137566137567,17.97617142857143,6.192842857142857,9.991206547619047,2241.2,1.2,398.8822916666667,12
2016-05-11,2016,5,11,12.200000000000001,27.505,18.176,21.670260416666668,98.6,76.8,88.82291666666667,0.577936507936508,0,0.11059358465608463,3.971746031746032,0.03999999999999999,1.1062020502645502,17.850214285714284,6.110842857142856,9.57341994047619,1433.7,1.2,250.39270833333333,12.5
2016-05-12,2016,5,12,0,31.842,18.485,22.67784375,99.3,66.4,86.01875,0.5898412698412699,0,0.10106316137566136,4.031428571428571,0.06396825396825395,1.1085152116402117,17.372242857142858,6.126099999999999,9.184992261904762,2106.2,1.2,337.89270833333336,12.5
2016-05-13,2016,5,13,2.4,30.621,18.176,22.481020833333332,100,68.9,91.015625,0.5541269841269841,0,0.08323082010582009,3.9555555555555557,0.06396825396825395,1.0564484126984128,17.081557142857143,6.0193571428571415,9.012019345238096,1851.2,1.2,346.87708333333336,12.75
2016-05-14,2016,5,14,6,31.433,17.296,23.40447916666667,100,60.4,87.16770833333334,0.5460317460317461,0,0.08115575396825395,4.015079365079365,0.06396825396825395,1.0555009920634921,16.18677142857143,5.879671428571428,8.856378273809524,2021.2,1.2,514.715625,12.75
2016-05-15,2016,5,15,0,28.369,19.294,23.10271875,100,62.9,90.978125,0.55,0,0.08538855820105817,4.007142857142857,0.06396825396825395,1.0701587301587303,15.963985714285714,5.8248999999999995,8.80363125,1651.2,1.2,325.1322916666667,12.75
2016-05-16,2016,5,16,15.4,21.27,18.343,19.688427083333334,100,94.5,98.56354166666667,0.5542857142857144,0,0.09124007936507934,3.943174603174603,0.07190476190476189,1.1151818783068783,15.6983,5.8734714285714285,8.827683333333335,326.2,1.2,79.246875,12.25
2016-05-17,2016,5,17,18,24.871,16.439,20.629739583333333,100,83.2,95.73229166666667,0.5785714285714286,0,0.10157407407407405,3.9314285714285715,0.08777777777777776,1.1780853174603174,15.499828571428571,5.906785714285713,8.845673214285714,771.2,1.2,165.54895833333333,12.5
2016-05-18,2016,5,18,0.4,25.987,19.175,21.01759375,100,79.2,95.628125,0.550952380952381,0,0.08709821428571428,3.8590476190476193,0.06380952380952379,1.168637566137566,15.257171428571429,5.9475999999999996,8.827636904761906,1041.2,1.2,135.809375,12.25
2016-05-19,2016,5,19,0,28.147,19.365,22.250864583333332,99.6,74,90.38125,0.5152380952380953,0,0.077323082010582,3.7473015873015876,0.04777777777777776,1.1392774470899472,14.409828571428573,6.032685714285714,8.770241964285715,1336.2,1.2,266.1479166666667,12.5
2016-05-20,2016,5,20,0.8,27.431,18.485,21.043604166666668,99.9,76.9,94.20520833333333,0.5152380952380953,0,0.07972883597883597,3.751428571428572,0.04777777777777776,1.1647966269841272,13.718028571428572,6.179614285714285,8.736593154761906,1433.7,1.2,195.78333333333333,12.5
2016-05-21,2016,5,21,0,27.776,18.771,22.22053125,99.1,72.5,90.246875,0.5430158730158731,0,0.09244047619047617,3.743333333333333,0.07968253968253966,1.2197982804232805,13.760028571428572,6.4613,8.857392559523811,1233.7,1.2,274.1947916666667,12.5
2016-05-22,2016,5,22,0,32.227,18.961,24.067666666666668,98.8,62.8,86.58645833333333,0.5788888888888889,0,0.10126818783068782,3.838888888888889,0.11158730158730155,1.2986524470899472,13.457785714285714,6.664028571428571,8.939725892857144,2068.7,1.2,499.559375,12.5
2016-05-23,2016,5,23,0,29.165,19.056,22.980385416666667,100,75.7,92.75729166666667,0.5668253968253969,0,0.10470403439153439,3.8787301587301592,0.11158730158730155,1.3373826058201057,13.6908,6.644742857142857,8.92602380952381,1403.7,1.2,272.7625,12.5
2016-05-24,2016,5,24,0,29.64,18.675,23.28421875,100,69.2,89.10312499999999,0.5187301587301587,0,0.09652777777777777,3.854761904761905,0.11968253968253964,1.3338508597883598,13.6348,6.628042857142857,8.930074702380953,1796.2,1.2,384.0125,12.75
2016-05-25,2016,5,25,4.2,29.09,19.912,22.153416666666665,99.9,74.8,93.59270833333333,0.5504761904761905,0,0.09495370370370369,3.974761904761905,0.12761904761904758,1.3505654761904764,13.1839,6.566628571428572,8.891418154761904,1706.2,1.2,270.575,12.5
2016-05-26,2016,5,26,0.2,29.69,18.794,23.167729166666668,100,67.4,88.36041666666667,0.5822222222222223,0,0.10155257936507935,4.006507936507936,0.1436507936507936,1.4051339285714286,13.337257142857142,6.497257142857143,8.85040505952381,2173.7,1.2,459.79375,12.75
2016-05-27,2016,5,27,45,31.459,17.986,21.87591666666667,100,68.4,92.67604166666666,0.6058730158730159,0,0.09626488095238094,4.313809523809524,0.1436507936507936,1.3989880952380953,12.980357142857143,6.506842857142857,8.783239880952381,2353.7,1.2,342.7885416666667,12.75
2016-05-28,2016,5,28,1,29.54,18.937,21.224291666666666,100,75.3,94.62291666666667,0.5501587301587302,0,0.08112268518518517,4.17031746031746,0.11968253968253965,1.35786541005291,12.986414285714286,6.445328571428571,8.746952976190476,2323.7,1.2,264.68958333333336,12.25
2016-05-29,2016,5,29,1.6,25.55,18.889,20.402197916666665,100,81.8,97.16458333333334,0.5301587301587302,0,0.06872519841269839,4.1623809523809525,0.08777777777777776,1.315085978835979,12.97942857142857,6.407342857142857,8.739034821428572,973.7,1.2,152.16354166666667,12.75
2016-05-30,2016,5,30,0.2,28.072,17.344,21.346270833333335,99.4,73.3,91.52708333333334,0.5541269841269841,0,0.07393022486772485,4.2103174603174605,0.1038095238095238,1.286942791005291,12.988114285714286,6.388442857142857,8.744121726190476,1558.7,1.2,313.8822916666667,12.75
2016-05-31,2016,5,31,0.8,29.615,18.129,20.929614583333333,100,73.9,94.8375,0.59,0,0.08633432539682538,4.210476190476191,0.09587301587301586,1.2846626984126985,12.860928571428571,6.420285714285713,8.738359821428572,2063.7,1.2,240.13229166666667,12.75
2016-06-01,2016,6,1,5.2,27.382,17.867,20.760052083333335,100,75.2,94.07916666666667,0.557936507936508,0,0.08698247354497353,3.983015873015873,0.07984126984126982,1.2556431878306877,13.521557142857144,6.467171428571428,8.887170833333334,1976.2,1.2,242.78854166666667,12.75
2016-06-02,2016,6,2,15.8,27.998,17.249,20.483395833333333,100,74.3,94.828125,0.537936507936508,0,0.08386243386243385,3.9393650793650794,0.05587301587301585,1.2148809523809523,13.394900000000002,6.524957142857142,8.907104464285714,1763.7,1.2,291.04375,12.75
2016-06-03,2016,6,3,0.2,29.215,18.224,21.30171875,100,74.3,93.87291666666667,0.537936507936508,0,0.08755621693121692,3.747777777777778,0.05587301587301585,1.2571891534391535,14.20972857142857,6.510585714285713,8.967758333333334,2061.2,1.2,291.7729166666667,12.5
2016-06-04,2016,6,4,9.6,24.026,18.557,20.263239583333334,100,89.9,98.12604166666667,0.6019047619047619,0,0.11216600529100527,3.8715873015873017,0.04793650793650791,1.3413640873015873,14.262157142857143,6.474057142857142,8.904736607142857,718.7,1.2,155.47083333333333,12.5
2016-06-05,2016,6,5,26.400000000000002,26.891,18.723,20.294125,100,79.9,97.590625,0.6377777777777779,0,0.12534556878306877,3.8795238095238096,0.07190476190476189,1.405598544973545,14.177785714285715,6.400028571428571,8.809904166666668,1446.2,1.2,181.56458333333333,12.5
2016-06-06,2016,6,6,0.4,25.866,18.319,20.715072916666667,100,80.1,95.234375,0.673968253968254,0,0.13144179894179892,4.047301587301588,0.09190476190476189,1.5149007936507937,13.784842857142857,6.374285714285714,8.707376785714287,1051.2,1.2,255.21041666666667,12.5
2016-06-07,2016,6,7,3.2,30.748,18.604,21.074677083333334,100,70,94.696875,0.7223809523809523,0,0.14042824074074073,4.186984126984127,0.11984126984126982,1.6337962962962964,13.635328571428571,6.304157142857143,8.596430357142857,2308.7,1.2,286.6166666666667,12.75
2016-06-08,2016,6,8,18,25.016,18.628,20.07709375,100,93.4,99.684375,0.7744444444444445,0,0.1503769841269841,4.426349206349206,0.16761904761904758,1.7626686507936509,12.749857142857142,6.268842857142857,8.34782619047619,1186.2,1.2,127.63229166666667,12.5
2016-06-09,2016,6,9,40,21.223,19.08,19.689354166666668,100,100,100,0.8187301587301589,0,0.1632142857142857,4.60984126984127,0.23158730158730156,1.8971097883597885,12.481714285714286,6.261271428571428,8.245140773809524,558.7,1.2,79.53333333333333,12.25
2016-06-10,2016,6,10,20,22.274,18.033,19.3388125,100,97.4,99.95625,0.8507936507936508,0,0.17794312169312168,4.685396825396826,0.2876190476190476,1.997986111111111,11.736728571428571,6.289042857142857,8.123730654761905,688.7,1.2,94.35104166666666,12.25
2016-06-11,2016,6,11,21,24.219,18.2,19.75032291666667,100,89.8,98.89166666666667,0.8587301587301587,0,0.17091269841269838,4.733492063492064,0.3514285714285714,2.0426140873015872,12.173157142857141,6.326071428571429,8.231972023809524,1086.2,1.2,146.33020833333333,12.25
2016-06-12,2016,6,12,2.8000000000000003,26.378,18.913,20.8258125,100,83.9,96.459375,0.8507936507936508,0,0.17848214285714284,4.845555555555555,0.3834920634920635,2.0832870370370373,12.8168,6.3599428571428565,8.348740773809524,1736.2,1.2,268.9604166666667,12.75
2016-06-13,2016,6,13,11.6,25.598,17.962,20.21291666666667,100,81.9,96.69583333333334,0.8423809523809523,0,0.17598544973544974,4.813650793650794,0.4034920634920635,2.069842923280423,13.420814285714286,6.399957142857143,8.434606845238097,1203.7,1.2,213.33541666666667,12.75
2016-06-14,2016,6,14,0.8,28.593,17.891,20.769458333333333,100,68.4,92.65208333333334,0.7820634920634921,0,0.16272431657848324,4.7536507936507935,0.40746031746031747,2.0336932319223986,14.230957142857145,6.404442857142857,8.684762500000001,2046.2,1.2,366.5125,12.75
2016-06-15,2016,6,15,0,26.158,17.439,20.56846875,99.9,73.5,89.79895833333333,0.7661904761904762,0,0.16388172398589065,4.726031746031746,0.40365079365079365,2.0001003086419753,14.328814285714287,6.426671428571429,8.71011398809524,1566.2,1.2,336.17395833333336,12.75
2016-06-16,2016,6,16,13.6,21.127,17.486,18.79396875,100,96.4,99.29895833333333,0.713968253968254,0,0.1521604938271605,4.546507936507937,0.36365079365079367,1.932601962081129,14.430528571428571,6.424428571428571,8.749436904761906,651.2,1.2,105.28854166666666,12.25
2016-06-17,2016,6,17,2.8,26.671,17.391,20.24865625,100,74.4,94.51770833333333,0.693968253968254,0,0.14232749118165783,4.482857142857143,0.32365079365079363,1.8640421075837743,14.244371428571428,6.407242857142856,8.737678571428573,1496.2,1.2,271.590625,12.5
2016-06-18,2016,6,18,15.6,24.146,18.057,19.36810416666667,100,88.2,98.44270833333333,0.657936507936508,0,0.12790619488536153,4.4347619047619045,0.2598412698412698,1.7843975970017638,13.520514285714286,6.4012714285714285,8.553575297619048,1163.7,1.2,128.75208333333333,12.25
2016-06-19,2016,6,19,5,23.737,17.32,19.250677083333333,100,89.3,98.36979166666667,0.6500000000000001,0,0.10970017636684302,4.330952380952381,0.2038095238095238,1.7166942239858909,12.80917142857143,6.385185714285714,8.386170535714287,1003.7,1.2,159.42916666666667,12.25
2016-06-20,2016,6,20,6.2,24.339,17.415,19.109791666666666,100,87.4,98.0875,0.6263492063492064,0,0.09587577160493825,4.234920634920635,0.15587301587301586,1.6584171075837744,12.194671428571429,6.355028571428571,8.284763690476192,978.7,1.2,147.08541666666667,12.5
2016-06-21,2016,6,21,9,21.939,17.415,18.957333333333334,100,90.8,98.10208333333334,0.5984126984126984,0,0.08873842592592592,4.210793650793651,0.14777777777777776,1.6205406746031747,11.395071428571429,6.367642857142856,8.032053571428571,683.7,1.2,142.996875,12.75
2016-06-22,2016,6,22,33.2,24.75,16.606,19.010822916666665,100,84.2,97.03333333333333,0.5582539682539683,0,0.07187003968253967,4.174444444444445,0.13587301587301587,1.58853835978836,11.292685714285714,6.298471428571429,7.971008630952381,1236.2,1.2,165.05416666666667,12.5
2016-06-23,2016,6,23,12.6,25.089,16.844,18.988072916666667,100,79.3,96.29479166666667,0.5782539682539684,0,0.07578042328042327,4.298253968253968,0.1519047619047619,1.6196957671957672,11.206457142857143,6.2006000000000006,7.8920505952380955,1653.7,1.2,263.3354166666667,12.25
2016-06-24,2016,6,24,13.799999999999999,24.847,16.701,18.5613125,100,85.6,98.34375,0.5823809523809524,0,0.08703869047619046,4.358253968253968,0.17587301587301588,1.658832671957672,11.046514285714286,6.129,7.8113238095238104,1371.2,1.2,137.42395833333333,12
2016-06-25,2016,6,25,1.4,22.585,17.082,19.028239583333335,100,88,97.05625,0.5865079365079365,0,0.08822255291005289,4.426349206349206,0.19968253968253968,1.6819328703703706,11.054171428571427,6.079471428571429,7.789912500000001,838.7,1.2,176.38229166666667,12.5
2016-06-26,2016,6,26,2.8000000000000003,23.04,17.962,19.571708333333333,100,89.3,98.33229166666666,0.5544444444444445,0,0.0854695767195767,4.398412698412698,0.19968253968253968,1.6531779100529103,11.084771428571429,6.061357142857142,7.7857223214285725,711.2,1.2,139.58541666666667,12.5
2016-06-27,2016,6,27,29.8,21.079,18.176,19.027770833333335,100,100,100,0.5142857142857143,0,0.0806597222222222,4.314761904761904,0.18365079365079365,1.6075958994708996,11.0783,6.042971428571428,7.779896726190477,511.2,1.2,68.3875,12.25
2016-06-28,2016,6,28,73.2,20.412,18.152,18.80446875,100,100,100,0.48619047619047623,0,0.07298941798941797,4.227142857142857,0.15174603174603174,1.5456845238095238,10.976852380952382,5.844326984126984,7.613106646825398,491.2,1.2,74.79375,12.25
2016-06-29,2016,6,29,21.8,20.46,17.51,18.78271875,100,99,99.97916666666667,0.4303174603174603,0,0.06718915343915342,4.111587301587302,0.1357142857142857,1.4896445105820106,10.815017460317462,5.769173015873015,7.471237367724868,501.2,1.2,81.278125,12.5
2016-06-30,2016,6,30,11.6,22.896,17.534,19.46678125,100,89.4,96.64166666666667,0.39031746031746034,0,0.053055555555555536,4.027460317460318,0.1195238095238095,1.4283597883597885,10.676892063492064,5.648725396825396,7.3346722552910055,1246.2,1.2,172.29375000000002,12.25
2016-07-01,2016,7,1,2,26.818,17.843,20.55440625,100,77.5,93.73229166666667,0.37444444444444447,0,0.04303406084656083,4.055238095238095,0.1114285714285714,1.4146329365079366,11.119338095238096,5.456033333333333,7.24367457010582,1738.7,1.2,281.5385416666667,12.5
2016-07-02,2016,7,2,0.2,26.5,17.153,20.891802083333335,100,71.1,88.62395833333333,0.3865079365079365,0,0.047184193121693106,4.143015873015873,0.15952380952380948,1.4940790343915344,10.809650793650793,5.265,7.039376091269841,1776.2,1.2,411.98125,12.75
2016-07-03,2016,7,3,4.2,27.974,18.176,21.573354166666668,99.7,70.7,88.01666666666667,0.4266666666666667,0,0.056207010582010566,4.294761904761905,0.23936507936507936,1.6198859126984129,10.441914285714287,5.088161904761905,6.808213128306879,1813.7,1.2,390.23645833333336,12.75
2016-07-04,2016,7,4,56,21.056,17.772,18.930197916666668,100,99.3,99.984375,0.4546031746031746,0,0.060112433862433846,4.3585714285714285,0.2631746031746031,1.7004761904761907,10.12815873015873,4.928460317460318,6.573478835978837,443.7,1.2,82.24166666666666,12
2016-07-05,2016,7,5,33.800000000000004,22.226,18.033,19.400291666666668,100,98.5,99.96458333333334,0.4906349206349207,0,0.06433531746031744,4.418730158730159,0.2711111111111111,1.7449851190476193,9.934380952380952,4.936888888888888,6.532410052910053,728.7,1.2,108.10104166666666,12.25
2016-07-06,2016,7,6,12.6,21.963,18.652,19.399166666666666,100,99,99.97916666666667,0.5065079365079366,0,0.06594742063492062,4.470317460317461,0.2711111111111111,1.7486805555555556,9.774746031746032,4.895587301587301,6.472129298941799,858.7,1.2,116.79895833333333,12.25
2016-07-07,2016,7,7,6.4,23.232,18.747,19.690572916666667,100,97.1,99.84166666666667,0.5025396825396825,0,0.06718253968253966,4.454444444444445,0.2792063492063492,1.7756746031746033,10.164380952380952,4.837190476190477,6.4629854497354495,783.7,1.2,92.03333333333333,12.25
2016-07-08,2016,7,8,43,20.269,18.152,19.10925,100,100,100,0.5463492063492064,0,0.06812665343915343,4.406984126984127,0.29920634920634914,1.7735069444444445,9.51174603174603,4.8662857142857145,6.364583994708995,373.7,1.2,74.6375,12
2016-07-09,2016,7,9,25.6,20.484,17.605,18.936833333333333,100,99.7,99.99583333333334,0.5382539682539683,0,0.0772304894179894,4.430952380952381,0.29126984126984123,1.7813591269841271,9.824619047619048,4.88420634920635,6.41349503968254,536.2,1.2,90.73125,12.25
2016-07-10,2016,7,10,32.2,20.603,17.867,18.741395833333332,100,100,100,0.5301587301587302,0,0.08312665343915342,4.502857142857144,0.25126984126984125,1.777676917989418,9.730920634920635,4.854920634920634,6.398123346560847,663.7,1.2,84.61145833333333,12.25
2016-07-11,2016,7,11,26.599999999999998,20.746,18.105,18.898020833333334,100,99.9,99.99895833333333,0.5582539682539683,0,0.09147652116402115,4.598730158730159,0.3033333333333333,1.8434507275132275,9.714539682539682,4.839857142857142,6.3970158730158735,611.2,1.2,99.76770833333333,12.25
2016-07-12,2016,7,12,17.8,19.77,17.177,18.539791666666666,100,100,100,0.5822222222222223,0,0.09852843915343915,4.662222222222222,0.32730158730158726,1.9115591931216933,9.656968253968254,4.853777777777778,6.370928902116402,323.7,1.2,74.74166666666666,12.25
2016-07-13,2016,7,13,14,21.557,17.225,18.9508125,100,97.1,99.78645833333333,0.8980952380952382,0,0.1093667328042328,5.733650793650794,0.3671428571428571,2.00713458994709,9.570968253968255,4.8238730158730165,6.36162003968254,508.7,1.2,119.42916666666666,12.5
2016-07-14,2016,7,14,14,27.087,17.843,19.78003125,100,85,98.29791666666667,0.9020634920634921,0,0.10634093915343915,5.833809523809523,0.3671428571428571,1.9850843253968253,9.025206349206348,4.858587301587301,6.319182870370371,1353.7,1.2,202.45000000000002,12.75
2016-07-15,2016,7,15,8.200000000000001,26.965,17.867,20.356447916666667,100,79.3,96.61979166666667,0.8463492063492064,0,0.0991269841269841,5.873492063492064,0.3471428571428571,1.9788012566137567,8.947650793650793,4.892285714285714,6.29902380952381,1631.2,1.2,210.78333333333333,12.5
2016-07-16,2016,7,16,12,28.667,18.247,20.242072916666668,100,73.4,96.95,0.8223809523809524,0,0.08475694444444444,5.773492063492063,0.339047619047619,1.9457093253968254,8.587047619047619,4.8943650793650795,6.24401421957672,1688.7,1.2,231.69479166666667,12.25
2016-07-17,2016,7,17,19.8,26.353,17.819,19.684375,100,82.8,97.57708333333333,0.7974603174603175,0,0.0744541583994709,5.689384920634921,0.35295634920634916,1.9294719328703704,8.674269841269842,4.905095238095238,6.256324735449736,1476.2,1.2,185.49687500000002,12.75
2016-07-18,2016,7,18,35.6,22.992,17.772,19.057635416666667,100,90,99.003125,0.8145833333333333,0,0.074432457010582,5.730277777777778,0.33083333333333326,1.922998511904762,8.724253968253969,4.888222222222223,6.274260912698414,958.7,1.2,128.56979166666667,12.25
2016-07-19,2016,7,19,0.2,27.014,17.32,20.126958333333334,100,73.4,93.278125,0.7944444444444445,0,0.07009920634920633,5.75047619047619,0.34474206349206343,1.9129561425264552,8.765761904761906,4.878380952380952,6.276730158730159,1443.7,1.2,283.7260416666667,12.75
2016-07-20,2016,7,20,0,24.798,17.819,19.8969375,100,83.4,95.26041666666667,0.5104960317460318,0,0.06306175595238094,4.765000000000001,0.36200396825396824,1.905785590277778,8.896698412698413,4.883206349206349,6.289106481481482,888.7,1.2,171.85104166666667,12.75
2016-07-21,2016,7,21,1,25.623,17.32,19.4656875,100,79.5,96.35729166666667,0.49960317460317466,0,0.06663773148148147,4.696527777777779,0.357063492063492,1.960393931878307,8.962730158730158,4.907269841269842,6.298774801587301,1708.7,1.2,213.56979166666667,12.5
2016-07-22,2016,7,22,3.8000000000000003,25.744,17.391,19.25296875,100,77.8,96.92916666666666,0.503452380952381,0,0.06732762896825395,4.691250000000001,0.36105158730158726,1.9973966600529103,9.035777777777778,4.913920634920634,6.332506283068783,1148.7,1.2,204.40312500000002,12.25
2016-07-23,2016,7,23,9.8,23.256,17.225,18.886645833333333,100,89.4,98.67604166666666,0.5025000000000001,0,0.07195312499999998,4.637678571428572,0.3680357142857143,1.9833798363095239,9.10173015873016,4.906936507936508,6.337935185185186,1016.2,1.2,146.17395833333333,12
2016-07-24,2016,7,24,17.4,23.905,17.701,19.469864583333333,100,91.5,98.83958333333334,0.4935714285714286,0,0.06598400297619046,4.556785714285715,0.3232142857142857,1.8994791666666668,9.162,4.898619047619047,6.360685185185185,908.7,1.2,158.90833333333333,12.5
2016-07-25,2016,7,25,1.6,27.481,17.605,20.6398125,100,78.5,95.30625,0.38553571428571437,0,0.05068824404761903,4.359107142857143,0.28732142857142856,1.7550855654761908,9.255285714285716,4.905634920634921,6.391854828042328,1793.7,1.2,252.50208333333333,12.75
2016-07-26,2016,7,26,1.8,28.742,17.272,20.974260416666667,100,72.3,93.915625,0.35875000000000007,0,0.04668898809523808,4.269107142857143,0.24249999999999997,1.6865252976190477,9.348809523809523,4.909888888888888,6.43506712962963,1863.7,1.2,339.325,12.5
2016-07-27,2016,7,27,42.4,29.414,17.891,20.97921875,100,73.3,94.85729166666667,0.3228571428571429,0,0.04071800595238094,4.11625,0.16142857142857142,1.582965029761905,9.437079365079367,4.9590476190476185,6.493663690476191,1991.2,1.2,333.75208333333336,12.25
2016-07-28,2016,7,28,1.4000000000000001,30.217,17.415,21.69819791666667,100,63.3,89.53229166666667,0.3137500000000001,0,0.03476190476190475,3.981607142857143,0.13446428571428568,1.4763839285714286,9.548079365079365,4.9780476190476195,6.558773478835979,2048.7,1.2,446.5125,12.75
2016-07-29,2016,7,29,2,26.134,17.772,20.18391666666667,100,80.7,96.01354166666667,0.29571428571428576,0,0.02795758928571427,3.8467857142857147,0.09857142857142855,1.3706733630952381,9.666714285714287,4.983587301587301,6.608098214285714,1756.2,1.2,199.87187500000002,12.5
2016-07-30,2016,7,30,22.8,23.881,17.534,19.298770833333332,100,86.4,97.95729166666666,0.30464285714285716,0,0.024133184523809508,3.8373214285714283,0.0626785714285714,1.3402325148809524,9.790301587301588,4.981015873015872,6.635716600529101,1201.2,1.2,174.40312500000002,12.5
2016-07-31,2016,7,31,5.800000000000001,25.38,17.558,19.63190625,100,80.2,96.75104166666667,0.32250000000000006,0,0.02973400297619046,3.84625,0.07178571428571426,1.3905264136904765,10.226492063492064,5.032730158730159,6.674023148148149,1751.2,1.2,220.15833333333333,12.25
2016-08-01,2016,8,1,6,22.705,17.677,19.0383125,100,92.3,98.98645833333333,0.4121428571428572,0,0.04720424107142856,4.008035714285714,0.1076785714285714,1.515122767857143,10.779047619047619,5.085936507936508,6.770173941798943,896.2,1.2,149.74166666666667,12
2016-08-02,2016,8,2,0.2,23.136,17.177,19.177052083333333,100,86.7,96.61979166666667,0.4660714285714286,0,0.07256138392857141,4.097857142857142,0.22464285714285714,1.6428459821428572,11.622015873015872,5.067222222222222,6.891667658730158,881.2,1.2,200.54895833333333,12.25
2016-08-03,2016,8,3,5.8,24.508,17.605,19.4389375,100,86.1,97.22083333333333,0.5292857142857142,0,0.0888876488095238,4.304821428571429,0.2875,1.771393229166667,11.862746031746031,5.0614920634920635,6.859516203703704,1216.2,1.2,214.84583333333333,12
2016-08-04,2016,8,4,6.800000000000001,22.154,17.772,19.169927083333334,100,91,98.00104166666667,0.5742857142857144,0,0.10100632440476189,4.475714285714286,0.3594642857142857,1.8877287946428574,12.530000000000001,5.067126984126984,6.942770833333333,981.2,1.2,166.35625000000002,12.25
2016-08-05,2016,8,5,9,21.151,17.629,18.721364583333333,100,96.7,99.76041666666667,0.5923214285714286,0,0.1091238839285714,4.628571428571428,0.4133928571428571,1.982393973214286,12.847428571428571,5.086476190476191,6.945561177248678,521.2,1.2,87.059375,12.25
2016-08-06,2016,8,6,2.6,26.695,17.51,20.222125000000002,100,79,95.23020833333334,0.6012500000000001,0,0.11819382440476188,4.628392857142857,0.4133928571428571,2.002412574404762,14.221920634920636,5.097190476190476,7.280208994708994,1283.7,1.2,224.48125000000002,12.25
2016-08-07,2016,8,7,9.8,24.992,18.081,19.479989583333335,100,86.9,98.59791666666666,0.5923214285714286,0,0.11726376488095236,4.574642857142857,0.4133928571428571,1.9652790178571429,13.879698412698414,5.088650793650793,7.266127645502645,996.2,1.2,147.86666666666667,12
2016-08-08,2016,8,8,3.2,27.628,17.938,20.216270833333333,100,74.7,95.946875,0.5653571428571429,0,0.10520275297619046,4.430892857142857,0.40446428571428567,1.889873511904762,13.987666666666668,5.067095238095237,7.212749007936509,1516.2,1.2,222.63229166666667,12.5
2016-08-09,2016,8,9,10.200000000000001,25.525,17.796,19.718010416666665,100,87.1,97.68958333333333,0.5292857142857142,0,0.07873697916666665,4.359107142857143,0.2964285714285714,1.7549441964285715,13.884714285714285,5.093174603174602,7.21309093915344,1233.7,1.2,167.215625,12
2016-08-10,2016,8,10,7.8,25.21,17.225,19.482010416666668,100,88.9,98.23333333333333,0.4660714285714286,0,0.06324776785714284,4.197321428571429,0.26053571428571426,1.650288318452381,14.827444444444444,5.053873015873015,7.542864417989419,1543.7,1.2,169.92395833333333,12.5
2016-08-11,2016,8,11,1.4,26.158,16.963,20.300375,100,77,94.884375,0.43928571428571433,0,0.05830729166666665,4.1075,0.2064285714285714,1.5838076636904763,14.21815873015873,4.995047619047618,7.395627645502645,1233.7,1.2,213.28333333333333,12.25
2016-08-12,2016,8,12,5,27.456,17.748,20.585583333333332,100,78.2,94.6875,0.42125000000000007,0,0.04968998015873014,3.9639285714285717,0.1883928571428571,1.5092788938492065,14.510079365079365,4.92884126984127,7.4453697089947095,1783.7,1.2,273.59583333333336,12.5
2016-08-13,2016,8,13,0.2,26.402,18.247,20.63225,100,80.8,95.31770833333333,0.3942857142857143,0,0.03595486111111109,4.063214285714286,0.17035714285714285,1.4490687003968254,13.865555555555556,4.90379365079365,7.412608134920636,1638.7,1.2,210.18437500000002,12.25
2016-08-14,2016,8,14,13,24.291,17.605,19.061927083333334,100,88.1,98.83541666666666,0.40303571428571433,0,0.0323034474206349,4.0719642857142855,0.15232142857142852,1.4402368551587303,14.68152380952381,4.8967777777777775,7.6026726190476195,796.2,1.2,97.42395833333333,12.25
2016-08-15,2016,8,15,6.8,24.219,17.534,19.12790625,100,90.2,98.93229166666667,0.35821428571428576,0,0.028568328373015855,4.071785714285714,0.12553571428571425,1.4283413938492064,14.249396825396826,4.898285714285714,7.5779219576719585,1023.7,1.2,146.17395833333333,12.25
2016-08-16,2016,8,16,5.800000000000001,23.617,17.51,19.253239583333333,100,88.9,98.278125,0.3492857142857143,0,0.030889756944444426,4,0.12553571428571425,1.421970486111111,13.533285714285714,4.832603174603174,7.446106812169313,888.7,1.2,172.26770833333333,12.25
2016-08-17,2016,8,17,12.4,23.785,17.653,19.105875,100,87.5,98.89791666666666,0.36714285714285716,0,0.03135478670634919,3.9367857142857146,0.09857142857142855,1.3949578373015874,13.462460317460318,4.83611111111111,7.2306428571428585,923.7,1.2,137.684375,12.25
2016-08-18,2016,8,18,14.2,25.598,18.033,20.080447916666667,100,83.2,96.52291666666667,0.37589285714285714,0,0.041505456349206334,3.8739285714285714,0.0807142857142857,1.3655195932539683,14.94347619047619,4.833349206349206,7.526642195767196,1171.2,1.2,231.14791666666667,12.25
2016-08-19,2016,8,19,5.6000000000000005,26.426,17.605,20.291854166666667,100,81.1,94.928125,0.3762500000000001,0,0.04965959821428569,3.775,0.044821428571428554,1.3458872767857142,14.431396825396826,4.843619047619048,7.469526124338624,1171.2,1.2,219.14270833333333,12.25
2016-08-20,2016,8,20,0,30.545,17.272,21.01546875,100,65.6,92.91770833333334,0.3853571428571429,0,0.05441034226190474,3.6039285714285714,0.03589285714285712,1.3260007440476191,15.29573015873016,4.855650793650794,7.679177248677249,1948.7,1.2,300.86145833333336,12.5
2016-08-21,2016,8,21,0,27.554,16.701,20.877166666666668,100,73.7,91.70625,0.35875000000000007,0,0.05955729166666666,3.505,0.044821428571428554,1.3046577380952382,15.395984126984128,4.824253968253968,7.729849537037038,1583.7,1.2,328.67395833333336,12.5
2016-08-22,2016,8,22,0,28.866,18.652,21.431541666666668,99.9,68.6,91.91354166666667,0.4128571428571429,0,0.07030319940476189,3.5139285714285715,0.026785714285714263,1.2938597470238096,16.714555555555556,4.689746031746031,8.06783068783069,1873.7,1.2,318.04895833333336,12.25
2016-08-23,2016,8,23,8.8,29.59,17.629,20.45815625,100,71,95.08333333333333,0.43982142857142864,0,0.0884784226190476,3.5766071428571427,0.06285714285714282,1.3316573660714288,18.228031746031746,4.64715873015873,8.328468253968255,1696.2,1.2,217.76250000000002,12.25
2016-08-24,2016,8,24,2,25.939,18.152,20.52509375,100,80.3,95.1125,0.4669642857142858,0,0.10232142857142856,3.6846428571428573,0.07178571428571424,1.3930096726190477,18.23698412698413,4.64379365079365,8.310230158730159,1501.2,1.2,220.70520833333333,12.25
2016-08-25,2016,8,25,3,25.234,18.129,19.809729166666667,100,87.9,98.30208333333333,0.5030357142857144,0,0.09414248511904759,3.7921428571428573,0.11678571428571426,1.428941592261905,17.915063492063492,4.654349206349205,8.209861772486773,1023.7,1.2,129.81979166666667,12.25
2016-08-26,2016,8,26,1.4000000000000001,29.19,17.819,20.757697916666668,100,75.3,94.75416666666666,0.49375,0,0.08602306547619046,3.9180357142857143,0.13482142857142854,1.451973586309524,18.58979365079365,4.623952380952381,8.282531746031747,1873.7,1.2,279.246875,12
2016-08-27,2016,8,27,13.8,24.605,18.081,19.312052083333334,100,88.9,99.21666666666667,0.4758928571428572,0,0.08248139880952379,3.9092857142857143,0.14375,1.4680208333333336,17.502111111111113,4.62147619047619,7.835980158730159,843.7,1.2,111.2,12
2016-08-28,2016,8,28,9.4,24.823,17.938,19.60290625,100,87.6,98.50104166666667,0.49375,0,0.0792113095238095,4.0175,0.1526785714285714,1.46484375,17.279634920634923,4.661523809523809,7.692858134920635,758.7,1.2,127.58020833333333,12
2016-08-29,2016,8,29,11.6,25.04,17.582,19.344114583333333,100,92.1,98.83333333333333,0.47261904761904766,0,0.0752486359126984,3.927738095238095,0.17672619047619045,1.4397953869047622,17.067802721088434,4.2446870748299315,7.143634164777022,1211.2,1.2,136.38229166666667,12.25
2016-08-30,2016,8,30,25.2,22.369,17.629,19.091427083333333,100,97,99.80520833333333,0.45353741496598643,0,0.056231575963718805,3.8600850340136055,0.14320578231292513,1.3929602465986395,17.290268990929707,5.8537208049886615,8.554941869803477,536.2,1.2,91.40833333333333,12
2016-08-31,2016,8,31,8,22.178,18.129,19.164614583333332,100,95,99.43541666666667,0.413639455782313,0,0.04355778769841268,3.7716156462585033,0.14448129251700678,1.3397632334183673,17.899013038548752,7.450871598639455,10.180739530187074,563.7,1.2,96.04375,11.25
2016-09-01,2016,9,1,8.4,25.647,17.986,19.558791666666668,100,84.5,98.25208333333333,0.368639455782313,0,0.03888516865079363,3.6817942176870746,0.1084098639455782,1.3015898703231292,18.369060657596375,9.128808106575963,11.726202493150039,926.2,1.2,143.38750000000002,11.75
2016-09-02,2016,9,2,10,24.508,17.772,19.013395833333334,100,92.6,99.32083333333334,0.38667517006802726,0,0.04251612103174601,3.5830442176870747,0.09930272108843534,1.2871832482993197,20.123282879818593,10.835379535147393,13.566439927012471,763.7,1.2,139.61145833333333,12
2016-09-03,2016,9,3,2.4,27.161,16.415,20.46721875,100,75.5,94.07083333333334,0.4225680272108844,0,0.05009238591269839,3.654829931972789,0.09037414965986391,1.3311267006802723,21.6286320861678,12.42695096371882,15.188327823837868,1608.7,1.2,329.0125,12.5
2016-09-04,2016,9,4,5,25.234,17.677,19.697875,100,83.8,97.396875,0.43149659863945583,0,0.0650440228174603,3.6816156462585035,0.09948129251700677,1.4317647215136056,23.27858446712018,13.972173185941042,16.82198258574263,1201.2,1.2,196.06979166666667,12
2016-09-05,2016,9,5,0,26.598,16.749,20.195989583333333,100,76.9,91.76875,0.4344132653061225,0,0.0648939732142857,3.8074489795918365,0.1382908163265306,1.4973562393707485,23.554353174603175,15.955787698412697,18.599043857473543,1551.2,1.2,333.778125,12
2016-09-06,2016,9,6,4.6000000000000005,26.549,16.773,19.870239583333333,100,75.8,93.340625,0.426530612244898,0,0.07024101828231291,3.758316326530612,0.1537755102040816,1.5253892963435374,23.488601190476192,15.968738095238095,18.569185226521164,1546.2,1.2,312.371875,12.25
2016-09-07,2016,9,7,0,27.431,14.936,19.99470833333333,100,66.5,86.01354166666667,0.44857142857142857,0,0.08367745535714284,3.8019642857142855,0.2064285714285714,1.5866573660714285,23.31404761904762,15.974619047619047,18.501001653439154,1653.7,1.2,416.3822916666667,12.5
2016-09-08,2016,9,8,0,26.671,14.649,19.606427083333333,100,67.9,87.884375,0.44857142857142857,0,0.0928236607142857,3.8651785714285714,0.2782142857142857,1.648770461309524,23.198857142857143,15.879063492063493,18.4226875,1946.2,1.2,379.16875,12.5
2016-09-09,2016,9,9,0.8,28.518,15.748,20.482625,100,71,91.79270833333334,0.44857142857142857,0,0.09603050595238094,3.9457142857142857,0.29624999999999996,1.6933928571428574,23.160015873015876,15.544126984126985,18.09778273809524,1958.7,1.2,388.59583333333336,12.25
2016-09-10,2016,9,10,0,27.136,16.677,20.076729166666667,100,74.1,93.72916666666667,0.41250000000000003,0,0.08873325892857141,3.927857142857143,0.30517857142857135,1.6239136904761906,23.586650793650794,15.261412698412698,18.151468584656083,1523.7,1.2,257.29375,12.25
2016-09-11,2016,9,11,2,26.744,15.867,20.128447916666666,100,71.7,91.16354166666666,0.3946428571428572,0,0.07042596726190474,3.810892857142857,0.2871428571428571,1.506114211309524,22.91214285714286,15.084841269841268,17.97684193121693,1846.2,1.2,400.2885416666667,12.25
2016-09-12,2016,9,12,0,27.628,16.868,20.394489583333332,100,70.9,91.515625,0.37678571428571433,0,0.06714843749999998,3.6851785714285716,0.24214285714285713,1.4323753720238097,23.923380952380956,15.035873015873017,18.34306845238095,2146.2,1.2,361.3041666666667,12
2016-09-13,2016,9,13,0,28.345,17.629,20.338208333333334,99.9,69.2,92.89375,0.35875000000000007,0,0.05984188988095236,3.676071428571429,0.20624999999999996,1.3640438988095238,24.911285714285718,14.902222222222221,18.70101818783069,2318.7,1.2,307.97083333333336,12.25
2016-09-14,2016,9,14,0.6000000000000001,24.702,18.081,20.193729166666667,100,83.8,95.95,0.34071428571428575,0,0.04691220238095236,3.6128571428571425,0.1433928571428571,1.2720889136904763,26.000015873015876,14.695809523809524,18.97655224867725,1046.2,1.2,210.44479166666667,12
2016-09-15,2016,9,15,2.2,25.598,18.319,20.23096875,100,80.9,95.89791666666666,0.3226785714285715,0,0.035055803571428554,3.505,0.07160714285714284,1.1705636160714286,27.043587301587305,14.483539682539682,19.269917658730158,1733.7,1.2,268.83020833333336,12
2016-09-16,2016,9,16,5.4,23.785,17.819,19.442229166666667,100,87.9,97.92083333333333,0.3133928571428572,0,0.02932663690476189,3.424107142857143,0.08053571428571427,1.1138299851190478,27.115793650793652,14.419412698412698,19.496511574074074,1461.2,1.2,230.83541666666667,12.25
2016-09-17,2016,9,17,2.2,26.451,15.772,19.683052083333333,100,73.6,93.78645833333333,0.32232142857142865,0,0.03090215773809522,3.3614285714285717,0.10749999999999997,1.1482161458333333,27.277873015873016,14.27938095238095,19.625913359788363,1751.2,1.2,326.35625,12
2016-09-18,2016,9,18,4,25.793,15.843,18.800479166666666,100,76.9,95.76770833333333,0.3130357142857143,0,0.03944568452380951,3.4516071428571427,0.1525,1.197974330357143,28.179222222222222,13.96779365079365,19.864622685185186,1991.2,1.2,263.465625,12.25
2016-09-19,2016,9,19,0,26.256,16.01,20.246833333333335,100,72,90.05104166666666,0.35803571428571435,0,0.045528273809523796,3.595535714285714,0.16160714285714284,1.2332403273809525,28.21511111111111,13.587793650793651,19.75168055555556,2056.2,1.2,443.83020833333336,12.25
2016-09-20,2016,9,20,0,26.94,15.915,20.136729166666665,98.4,74.2,88.75416666666666,0.3762500000000001,0,0.05011532738095237,3.604821428571429,0.16160714285714284,1.2488448660714286,27.958015873015874,13.444761904761904,19.39375562169312,1906.2,1.2,378.90833333333336,12.25
2016-09-21,2016,9,21,3,24.508,17.915,19.56463541666667,100,77.8,94.53125,0.36714285714285716,0,0.04955543154761904,3.5873214285714288,0.16160714285714284,1.235254836309524,27.944174603174606,13.40995238095238,19.280801256613756,1641.2,1.2,240.13229166666667,12
2016-09-22,2016,9,22,7,25.987,17.605,19.747989583333332,100,79.3,93.57916666666667,0.4123214285714286,0,0.05554873511904761,3.6501785714285715,0.1526785714285714,1.2489508928571431,28.518428571428576,13.194079365079364,19.158966269841272,2086.2,1.2,266.79895833333336,12
2016-09-23,2016,9,23,3.6,26.256,17.249,20.064708333333332,100,71.4,90.39895833333333,0.39464285714285724,0,0.05602120535714284,3.6771428571428575,0.11678571428571427,1.2223753720238097,28.87553968253968,12.765349206349205,18.791310846560844,1966.2,1.2,386.5125,11.75
2016-09-24,2016,9,24,1.6,24.992,17.344,19.725229166666665,100,74.5,92.58229166666666,0.3858928571428572,0,0.06380952380952379,3.6948214285714287,0.1258928571428571,1.207021949404762,28.85257142857143,12.187015873015872,18.604009920634923,1741.2,1.2,348.85625,12
2016-09-25,2016,9,25,25,20.77,17.558,18.653760416666668,100,95.5,99.34895833333333,0.4041071428571429,0,0.07662202380952379,3.7125,0.11678571428571427,1.2157161458333334,28.76273015873016,11.365428571428572,18.145181216931217,666.2,1.2,113.51770833333333,12
2016-09-26,2016,9,26,1.4,23.304,17.819,19.736802083333334,100,89.2,97.76979166666666,0.4132142857142858,0,0.08361793154761903,3.6853571428571428,0.09874999999999998,1.2560714285714287,28.565952380952382,10.237396825396827,17.53658597883598,993.7,1.2,184.68958333333333,11.75
2016-09-27,2016,9,27,0.2,25.987,18.081,20.48659375,100,79.6,95.61666666666666,0.44000000000000006,0,0.08707775297619046,3.7660714285714287,0.1257142857142857,1.2939453125,28.725126984126984,8.834031746031746,16.769438161375664,1601.2,1.2,258.23125,11.75
2016-09-28,2016,9,28,1.4000000000000001,24.026,17.891,19.830197916666666,100,87.8,97.83854166666667,0.45551020408163273,0,0.09120969742063491,3.833545918367347,0.15653061224489795,1.3701036352040816,28.585095238095242,7.934926587301588,16.244191344246033,896.2,1.2,140.21041666666667,12
2016-09-29,2016,9,29,8.2,23.665,17.938,19.649260416666667,100,88.7,98.13333333333334,0.41051020408163275,0,0.08587115575396823,3.788545918367347,0.15653061224489795,1.3640973107993197,27.86209523809524,6.532196428571429,15.19138248181217,1126.2,1.2,173.56979166666667,12
2016-09-30,2016,9,30,1.4,26.304,16.606,19.387697916666667,100,80.1,97.06770833333333,0.4103316326530613,0,0.08298053075396825,3.7524744897959184,0.15653061224489795,1.3483142006802722,27.927380952380954,5.415291666666667,14.37806502149471,1531.2,1.2,218.46562500000002,12
2016-10-01,2016,10,1,0,27.431,15.223,20.13315625,100,66.7,90.296875,0.3921173469387756,0,0.07026103670634919,3.7614030612244895,0.11153061224489794,1.3139410607993198,28.297698412698416,4.585069444444445,13.565412905092595,2246.2,1.2,463.2572916666667,12.25
2016-10-02,2016,10,2,0,28.493,13.81,20.451145833333335,100,65.7,87.61458333333333,0.34711734693877555,0,0.04721788194444443,3.6537244897959185,0.06670918367346937,1.2092293792517008,29.229333333333333,4.085386904761905,13.337102058531746,2181.2,1.2,520.4447916666667,12.25
2016-10-03,2016,10,3,0,28.493,16.987,20.800010416666666,100,67.5,91.17604166666666,0.30211734693877557,0,0.03490203373015872,3.5458673469387754,0.057780612244897944,1.0901966411564625,29.875603174603178,3.9513392857142855,12.782393394510581,2048.7,1.2,354.090625,11.75
2016-10-04,2016,10,4,0,27.21,16.82,20.5806875,100,67.3,91.57083333333333,0.257295918367347,0,0.02713789682539681,3.456045918367347,0.030816326530612226,1.012631536989796,30.6808253968254,3.8249424603174598,12.78180146329365,1838.7,1.2,365.78333333333336,12.25
2016-10-05,2016,10,5,0,28.468,16.153,20.83215625,100,62.3,88.81666666666666,0.24709183673469393,0,0.02767644557823128,3.332984693877551,-1.9825411154020653e-17,0.9135775403911566,28.915593253968257,1.1241210317460315,10.055852306547619,2203.7,1.2,466.64270833333336,12.25
2016-10-06,2016,10,6,0,27.604,15.509,20.698291666666666,100,55.1,87.1625,0.24709183673469393,0,0.03172034438775509,3.297091836734694,-1.9825411154020653e-17,0.8767044005102042,27.10081547619048,-0.4342916666666671,7.970962094907407,2126.2,1.2,482.50208333333336,12
2016-10-07,2016,10,7,0,26.769,13.69,19.52915625,99.9,50.6,79.784375,0.22923469387755108,0,0.032371386054421754,3.198341836734694,-1.9825411154020653e-17,0.8364997874149661,23.845942460317463,-2.0050376984126985,5.829703166335979,1831.2,1.2,473.1791666666667,12
2016-10-08,2016,10,8,0.4,28.023,16.058,20.635177083333332,100,64.5,88.2875,0.23834183673469392,0,0.03591305272108842,3.1085204081632654,-1.9825411154020653e-17,0.8057817814625852,20.508101190476193,-3.650450396825397,3.316270626653439,2128.7,1.2,481.121875,12
2016-10-09,2016,10,9,0,28.742,16.749,20.015625,99.9,63.3,91.64895833333333,0.27423469387755106,0,0.04141900510204081,3.135484693877551,0.026964285714285694,0.8628316326530613,16.049815476190478,-5.220466269841269,0.6405897404100529,2071.2,1.2,313.7,12
2016-10-10,2016,10,10,0,25.866,15.676,19.147,100,72.4,91.41145833333333,0.2561989795918368,0,0.03825308248299319,3.08155612244898,0.04499999999999998,0.89898118622449,12.31099007936508,-6.806751984126984,-1.624038235780423,1676.2,1.2,280.00208333333336,12
2016-10-11,2016,10,11,0,28.27,14.122,20.132614583333332,100,61.3,87.76875,0.27423469387755106,0,0.043764615221088425,3.0994132653061226,0.0539285714285714,0.9635124362244899,8.089815476190477,-8.360085317460317,-4.119864293981481,2168.7,1.2,514.2208333333333,12
2016-10-12,2016,10,12,0,27.186,16.32,20.65265625,100,69.4,91.52291666666666,0.2778571428571429,0,0.03955915178571427,3.1996428571428575,0.0539285714285714,1.0184449404761906,7.907619047619049,-7.946587301587302,-4.18442791005291,1843.7,1.2,342.9447916666667,12
2016-10-13,2016,10,13,57.800000000000004,26.109,17.724,20.01646875,100,79.3,96.30416666666666,0.2867857142857143,0,0.03542968749999999,3.2803571428571425,0.08089285714285713,1.0658947172619049,6.660555555555556,-7.9032857142857145,-4.5328167989417985,1168.7,1.2,175.08020833333333,11.75
2016-10-14,2016,10,14,5.2,24.919,16.915,19.65521875,100,81.8,95.62916666666666,0.3228571428571429,0,0.04383370535714284,3.40625,0.08089285714285713,1.145561755952381,7.23315873015873,-7.834555555555555,-4.351941798941799,1163.7,1.2,217.65833333333333,11.5
2016-10-15,2016,10,15,2.6,25.162,17.177,19.806270833333333,100,81.5,94.45208333333333,0.3408928571428572,0,0.04683593749999999,3.5141071428571427,0.08089285714285713,1.181973586309524,9.192047619047619,-7.793634920634921,-3.315648148148148,1463.7,1.2,181.35625000000002,12
2016-10-16,2016,10,16,0,26.451,16.511,20.78290625,100,70.7,90.57291666666667,0.32303571428571437,0,0.04524367559523808,3.505,0.0539285714285714,1.1404129464285717,11.666142857142857,-7.804571428571428,-2.6909742063492064,1726.2,1.2,370.9916666666667,12
2016-10-17,2016,10,17,6.6000000000000005,24.968,17.249,20.239072916666668,100,83.7,96.47708333333334,0.3075510204081633,0,0.042564041241496584,3.472908163265306,0.03589285714285712,1.0804777848639457,13.681825396825397,-7.23815873015873,-1.746409143518518,988.7,1.2,178.15312500000002,11.75
2016-10-18,2016,10,18,0.2,28.717,16.844,21.26571875,100,64.1,89.95520833333333,0.2804081632653062,0,0.033793579931972774,3.45469387755102,0.026964285714285694,1.0144528592687077,14.667825396825396,-7.207619047619048,-1.5676131779100526,1961.2,1.2,476.33020833333336,12
2016-10-19,2016,10,19,0,28.667,16.82,21.039572916666668,100,67.8,91.71875,0.28076530612244904,0,0.03724968112244897,3.472729591836735,0.026964285714285694,1.0102620110544218,15.490396825396827,-7.201968253968254,-0.7610186011904759,2008.7,1.2,390.965625,12
2016-10-20,2016,10,20,38.2,27.924,17.225,20.077208333333335,100,78.6,95.26875,0.2718367346938776,0,0.04671768707482992,3.4550510204081633,0.026964285714285694,1.0285079187925172,17.1724126984127,-7.399190476190476,0.08237094907407418,1281.2,1.2,217.13750000000002,11.75
2016-10-21,2016,10,21,0.4,25.283,17.296,20.088947916666665,100,83.6,95.81354166666667,0.3075510204081633,0,0.05233896683673468,3.562908163265306,0.044821428571428554,1.0537887967687076,18.07025396825397,-7.66520634920635,0.5465111607142857,1171.2,1.2,240.62708333333336,11.5
2016-10-22,2016,10,22,0.4,25.598,17.011,19.675916666666666,100,83.4,95.72395833333333,0.31647959183673474,0,0.05708227040816326,3.562908163265306,0.06285714285714283,1.0900239158163267,17.37284126984127,-7.622968253968254,0.5782092427248678,1341.2,1.2,202.76250000000002,12
2016-10-23,2016,10,23,0,27.554,16.511,20.378958333333333,100,74.3,92.865625,0.34344387755102046,0,0.062407791241496584,3.6618367346938774,0.07178571428571426,1.1629573235544217,17.194968253968256,-7.7673492063492064,0.9551530257936508,1901.2,1.2,360.5229166666667,12
2016-10-24,2016,10,24,0,28.891,16.32,20.557729166666668,100,65.5,91.53541666666666,0.37678571428571433,0,0.0658128720238095,3.8375,0.08982142857142857,1.252676711309524,17.275666666666666,-8.46509523809524,0.9493425925925926,2103.7,1.2,383.43958333333336,12
2016-10-25,2016,10,25,2.8,26.061,16.439,20.17653125,100,74.9,94.54375,0.43964285714285717,0,0.08011346726190474,4.062678571428571,0.09874999999999999,1.3915401785714288,18.51915873015873,-8.658063492063492,1.8221650132275133,1498.7,1.2,252.81458333333333,12
2016-10-26,2016,10,26,0,26.818,16.773,20.19371875,100,73.4,94.63333333333334,0.4933928571428572,0,0.08513578869047618,4.179464285714286,0.1526785714285714,1.5005840773809527,18.547031746031745,-8.79336507936508,1.9043630952380952,1483.7,1.2,260.965625,12
2016-10-27,2016,10,27,2.4000000000000004,25.477,16.606,19.908666666666665,100,81.2,95.575,0.5383928571428572,0,0.08041666666666666,4.305357142857143,0.13464285714285712,1.5339248511904764,18.176015873015874,-8.404793650793652,2.116779761904762,1316.2,1.2,241.43437500000002,12
2016-10-28,2016,10,28,1,28.891,16.558,20.66379166666667,100,66,93.40625,0.5294642857142857,0,0.07574218749999999,4.251428571428572,0.1257142857142857,1.5287779017857144,18.30052380952381,-8.303285714285714,2.3417678571428575,1901.2,1.2,369.37708333333336,11.75
2016-10-29,2016,10,29,0,28.245,16.939,20.339468749999998,100,74.5,93.94791666666667,0.5142261904761904,0,0.06637710813492062,4.251190476190476,0.10767857142857142,1.5264806547619048,17.940675736961452,-7.262757369614512,2.880193924792139,1771.2,1.2,299.92395833333336,12
2016-10-30,2016,10,30,15.4,26.867,16.582,20.17903125,100,76.5,94.25104166666667,0.502389455782313,0,0.06295741213151926,4.224353741496599,0.09874999999999999,1.5265205144557825,17.411330498866214,-6.713576814058956,2.839551357001134,1541.2,1.2,283.83020833333336,11.75
2016-10-31,2016,10,31,26,25.016,16.963,19.898489583333333,100,84.2,94.56875,0.4996598639455783,0,0.06529212726757368,4.223384353741497,0.0807142857142857,1.5238929634353742,16.223393990929704,-5.69138633786848,3.15376564271542,1371.2,1.2,212.78854166666667,11.75
2016-11-01,2016,11,1,0,27.974,16.439,20.75628125,99.6,73.3,89.22395833333333,0.457874149659864,0,0.057180768140589554,4.08546768707483,0.10773809523809522,1.4371766935941044,15.01794359410431,-4.559398242630385,3.3279416099773242,2188.7,1.2,457.73645833333336,11.75
2016-11-02,2016,11,2,0.8,26.818,16.582,20.741510416666667,100,76.1,92.02604166666667,0.44096088435374153,0,0.04946605725623581,3.983886054421769,0.06401360544217685,1.3375973462301587,14.206642006802722,-3.2780649092970515,3.7643698507180656,1793.7,1.2,356.121875,12
2016-11-03,2016,11,3,0.4,28.048,18.343,21.384760416666666,100,65.6,88.65833333333333,0.39578231292517013,0,0.04442699475623581,3.95656462585034,0.06401360544217685,1.3223406498015873,21.8,16.6,19.280208333333334,2243.7,1.2,452.1114583333333,11.5
2016-11-04,2016,11,4,6.6,24.412,18.01,20.02090625,100,87.8,97.690625,0.37649659863945584,0,0.04219671201814058,3.9220238095238096,0.07549319727891154,1.3477796378968256,23.6,18,19.653125,1328.7,1.2,178.12708333333333,11.5
2016-11-05,2016,11,5,0,28.617,16.129,20.555104166666666,100,68,87.7076388888889,0.38280612244897966,0,0.047930839002267564,4.002976190476191,0.0933503401360544,1.395960441468254,22.8,12.7,18.316666666666666,2046.2,1.2,380.64444444444445,11.673214285714284
2016-11-06,2016,11,6,0,26.965,13.954,19.426875,90,47,71.68020833333333,0.39464285714285724,0,0.052747484410430825,4.011955782312925,0.10227891156462583,1.4276021293934242,17.2,9.9,13.89375,1998.7,1.2,451.903125,11.75
2016-11-07,2016,11,7,0,28.048,14.17,19.897229166666666,96.9,52.4,75.74791666666667,0.43344387755102043,0,0.05910696570294783,4.084889455782313,0.12924319727891156,1.4761206774376419,19.3,10.4,15.139583333333334,1971.2,1.2,505.5229166666667,11.75
2016-11-08,2016,11,8,0,26.012,14.984,19.445166666666665,98.3,70.2,86.984375,0.4573724489795919,0,0.06214019982993196,4.195841836734694,0.11114795918367346,1.5455117984693878,21,14.1,17.157291666666666,1856.2,1.2,328.153125,11.75
2016-11-09,2016,11,9,0.4,25.987,15.7,18.950583333333334,100,73.6,92.684375,0.4382142857142858,0,0.0648251488095238,4.225459183673469,0.10987244897959182,1.602676711309524,21.3,15.4,17.684375,1858.7,1.2,291.2260416666667,11.75
2016-11-10,2016,11,10,0,26.207,16.01,19.293104166666666,100,75,91.99895833333333,0.5012500000000001,0,0.0795628720238095,4.279387755102041,0.1279081632653061,1.7034207589285715,22.3,14.9,17.910416666666666,1663.7,1.2,297.9447916666667,11.75
2016-11-11,2016,11,11,3.2,29.74,14.984,19.89634375,100,66.6,89.7875,0.5387500000000001,0,0.08819940476190476,4.457678571428572,0.17035714285714285,1.8054817708333335,23.2,14.6,18.041666666666668,1903.7,1.2,372.9447916666667,11.25
2016-11-12,2016,11,12,0.2,26.671,16.106,20.246291666666668,100,75.1,90.28645833333333,0.5564285714285715,0,0.0908705357142857,4.484642857142857,0.18857142857142856,1.8668210565476193,22.4,16.1,18.533333333333335,1668.7,1.2,359.246875,11.75
2016-11-13,2016,11,13,0,25.525,18.152,20.684489583333335,99.2,80.8,91.27916666666667,0.5741071428571429,0,0.09038690476190474,4.619285714285715,0.20660714285714282,1.883707217261905,22.4,17.6,19.198958333333334,1581.2,1.2,263.9604166666667,11.75
2016-11-14,2016,11,14,0.2,25.671,18.842,21.160083333333333,97,78.1,89.30520833333334,0.5741071428571429,0,0.08915736607142856,4.6375,0.23357142857142854,1.9272377232142859,22.3,17,19.31875,1626.2,1.2,315.6010416666667,11.75
2016-11-15,2016,11,15,0,24.823,17.605,20.52615625,99.7,79.8,90.01354166666667,0.5830357142857144,0,0.09613653273809522,4.610357142857143,0.2785714285714285,1.9779017857142858,21.9,16.2,18.809375,1466.2,1.2,334.3510416666667,11.75
2016-11-16,2016,11,16,0,28.394,17.106,21.367333333333335,95.9,65.7,82.88645833333334,0.6010714285714286,0,0.10452938988095237,4.664285714285714,0.3142857142857142,2.0519698660714285,21.7,15.7,18.239583333333332,1958.7,1.2,513.075,11.75
2016-11-17,2016,11,17,0,28.072,17.819,21.470010416666668,87.5,62.7,77.20104166666667,0.5919642857142857,0,0.10558035714285714,4.6375,0.3051785714285714,2.0473716517857143,21.1,14.9,17.232291666666665,2008.7,1.2,496.79895833333336,11.75
2016-11-18,2016,11,18,0,27.21,17.296,20.61265625,91.1,62.6,79.12916666666666,0.5737500000000001,0,0.10138764880952379,4.5566071428571435,0.26928571428571424,1.9959988839285716,21.6,14.5,16.788541666666667,2013.7,1.2,430.08020833333336,11.75
2016-11-19,2016,11,19,0,25.914,16.582,20.009770833333334,95.6,67.4,83.79166666666667,0.5646428571428571,0,0.1025,4.520892857142857,0.2691071428571428,1.9815792410714288,20.7,14.8,17.120833333333334,1928.7,1.2,362.50208333333336,11.75
2016-11-20,2016,11,20,0,26.28,17.534,20.489958333333334,90.8,69.9,82.840625,0.5557142857142857,0,0.10761532738095236,4.458392857142857,0.31410714285714286,2.0220052083333333,20.7,15.3,17.444791666666667,1806.2,1.2,379.2729166666667,11.75
2016-11-21,2016,11,21,0,27.85,17.082,20.51334375,96.7,69.1,84.43125,0.5466071428571428,0,0.1080673363095238,4.476428571428571,0.33196428571428566,2.0493694196428573,21.9,14.7,17.741666666666667,2141.2,1.2,423.83020833333336,11.75
2016-11-22,2016,11,22,0,27.308,16.249,20.554572916666668,97.4,64.3,80.96354166666667,0.5648214285714286,0,0.11098586309523809,4.548214285714286,0.35,2.1074144345238097,21.4,15,17.002083333333335,1823.7,1.2,457.7104166666667,11.75
2016-11-23,2016,11,23,0,27.087,16.582,20.88671875,98.9,60.4,81.01354166666667,0.5741071428571428,0,0.11624813988095237,4.629107142857143,0.3953571428571428,2.153076636904762,20.9,13.7,17.352083333333333,1883.7,1.2,450.8354166666667,11.5
2016-11-24,2016,11,24,0,27.628,15.223,20.656354166666667,93.6,53.9,75.42083333333333,0.5744642857142858,0,0.11744233630952379,4.6380357142857145,0.4942857142857142,2.186514136904762,21,12,16.0125,1813.7,1.2,462.58020833333336,11.75
2016-11-25,2016,11,25,0,27.751,15.676,20.39428125,88.6,60.1,69.184375,0.5744642857142858,0,0.11594308035714283,4.755000000000001,0.5301785714285714,2.237620907738095,20.6,11.6,14.460416666666667,1853.7,1.2,459.29895833333336,11.75
2016-11-26,2016,11,26,0,27.875,14.002,19.629,95.6,48.8,78.575,0.6017857142857144,0,0.12015066964285713,4.8898214285714285,0.5482142857142857,2.2988597470238092,18.7,12.7,15.446875,1906.2,1.2,449.16875,11.75
2016-11-27,2016,11,27,0,28.493,14.529,20.39584375,99.8,36.5,68.88958333333333,0.6200000000000001,0,0.11430245535714283,4.934642857142857,0.4942857142857143,2.2976171874999998,18.2,3.1,13.826041666666667,1941.2,1.2,463.778125,11.75
2016-11-28,2016,11,28,0,28.99,15.079,20.197864583333335,92.9,36.7,57.9,0.6019642857142857,0,0.11038876488095237,4.853571428571429,0.43142857142857144,2.2286941964285716,18.5,2.6,11.183333333333334,1988.7,1.2,440.340625,11.75
2016-11-29,2016,11,29,0,26.842,14.17,19.320541666666667,91.6,39.2,69.72604166666667,0.5657142857142857,0,0.1009486607142857,4.736785714285714,0.3864285714285714,2.128428199404762,18.3,9.2,13.3,1321.2,1.2,274.76770833333336,11.75
2016-11-30,2016,11,30,0,27.998,15.127,19.564729166666666,89,39,64.80833333333334,0.5383928571428572,0,0.08821986607142855,4.629107142857143,0.34142857142857136,2.032661830357143,16.9,9.7,12.247916666666667,1941.2,1.2,374.92395833333336,11.5
2016-12-01,2016,12,1,25.2,22.082,11.467,16.289541666666665,100,60.6,82.42395833333333,0.5112500000000001,0,0.08654017857142857,4.718928571428571,0.32339285714285715,2.021024925595238,16.5,9.6,13.104166666666666,546.2,1.2,110.78333333333333,11.25
2016-12-02,2016,12,2,2.8000000000000003,24.171,15.438,18.638427083333333,100,81.2,94.80729166666667,0.520357142857143,0,0.09280133928571428,4.656071428571429,0.3235714285714285,2.0312369791666667,21.4,15.2,17.771874999999998,1701.2,1.2,263.98645833333336,11.5
2016-12-03,2016,12,3,0,25.186,17.058,19.24709375,100,75.3,94.196875,0.5383928571428572,0,0.09984188988095237,4.664821428571429,0.36839285714285713,2.0215699404761907,20.8,17.1,18.248958333333334,1826.2,1.2,204.40312500000002,11.25
2016-12-04,2016,12,4,0,24.702,16.487,19.858729166666667,100,77.3,91.78541666666666,0.5292857142857144,0,0.1001078869047619,4.556785714285715,0.42232142857142857,2.011462053571429,21,15.8,18.436458333333334,1713.7,1.2,390.1322916666667,11.75
2016-12-05,2016,12,5,0,26.744,15.891,20.2485,94.2,68.9,83.98125,0.5383928571428572,0,0.11223400297619046,4.665,0.45821428571428563,2.0709207589285716,21.7,14.7,17.367708333333333,1966.2,1.2,464.48125,11.75
2016-12-06,2016,12,6,0,26.426,16.225,19.889,98.8,67.1,83.92395833333333,0.5835714285714285,0,0.12447730654761903,4.781785714285715,0.5121428571428571,2.1283147321428575,20.8,12.3,16.9875,1841.2,1.2,427.2416666666667,11.75
2016-12-07,2016,12,7,0,26.671,15.127,19.045364583333335,91.3,60.5,76.99375,0.637857142857143,0,0.13923177083333332,4.871428571428572,0.5301785714285714,2.1758147321428574,18.6,12.6,14.766666666666667,1811.2,1.2,417.3197916666667,11.5
2016-12-08,2016,12,8,0,28.245,14.649,19.6675625,99.7,61,84.134375,0.6737500000000001,0,0.1486830357142857,4.8175,0.5303571428571429,2.1963988095238096,20,13.2,16.704166666666666,1813.7,1.2,408.6479166666667,11.5
2016-12-09,2016,12,9,0,28.196,15.986,20.0291875,100,61.5,90.55833333333334,0.6828571428571429,0,0.15249255952380952,4.871607142857143,0.5660714285714286,2.193130580357143,22.6,16,18.295833333333334,1888.7,1.2,339.1947916666667,11.75
2016-12-10,2016,12,10,0,26.573,15.247,19.268364583333334,100,67.8,90.26979166666666,0.6826785714285715,0,0.15462053571428572,4.871964285714285,0.5658928571428571,2.2066294642857143,20.7,14.7,17.493750000000002,1658.7,1.2,332.42395833333336,11.5
2016-12-11,2016,12,11,0,28.196,13.906,19.15603125,97.4,44.1,81.65833333333333,0.7008928571428571,0,0.16666108630952378,4.9887500000000005,0.5657142857142857,2.263262648809524,18.3,13.1,15.508333333333333,1951.2,1.2,441.95520833333336,11.75
2016-12-12,2016,12,12,0,25.355,13.786,18.26290625,97.4,58.5,82.57604166666667,0.755,0,0.18476004464285714,5.1049999999999995,0.6198214285714286,2.360453869047619,17.6,13.3,14.99375,1923.7,1.2,347.0072916666667,11.5
2016-12-13,2016,12,13,6.2,18.01,16.296,17.096052083333333,100,81.6,95.41458333333334,0.7639285714285714,0,0.1940234375,5.069285714285714,0.62875,2.4224144345238097,18,13.4,16.348958333333332,261.2,1.2,45.340624999999996,11.25
2016-12-14,2016,12,14,25.4,26.965,14.984,18.894510416666666,100,74.4,94.696875,0.76375,0,0.2001878720238095,5.177142857142857,0.6826785714285714,2.5161458333333333,22.1,15,17.9875,2086.2,1.2,262.11145833333336,11.5
2016-12-15,2016,12,15,0,23.905,17.32,19.5595,100,79.4,90.946875,0.8089285714285716,0,0.21766741071428572,5.303214285714286,0.7994642857142856,2.6278720238095237,20.9,15.7,18.008333333333333,1841.2,1.2,353.85625,11.5
2016-12-16,2016,12,16,0,26.695,15.843,19.64990625,97,68.6,85.53854166666666,0.8539285714285715,0,0.23489769345238096,5.47375,0.8175,2.720801711309524,20.5,15,17.051041666666666,1903.7,1.2,448.3354166666667,11.75
2016-12-17,2016,12,17,0,25.768,15.318,19.528614583333333,98.5,66.6,83.090625,0.8630357142857144,0,0.23732142857142854,5.4825,0.8357142857142856,2.737464657738095,20,13.8,16.496875,1876.2,1.2,459.1947916666667,11.75
2016-12-18,2016,12,18,0,26.5,16.153,19.936427083333335,92.7,55.5,75.59791666666666,0.88125,0,0.24367745535714283,5.419642857142857,0.8717857142857143,2.7491536458333337,18.7,12.8,15.310416666666667,1893.7,1.2,478.778125,11.75
2016-12-19,2016,12,19,0,26.207,16.106,20.240020833333332,88.1,57.1,73.72604166666666,0.8539285714285716,0,0.2277250744047619,5.384107142857142,0.8089285714285713,2.6569921874999998,18.2,13.3,15.223958333333334,1818.7,1.2,449.1166666666667,11.75
2016-12-20,2016,12,20,0,24.726,16.987,19.738583333333334,97.1,74.9,88.38125,0.8539285714285716,0,0.2154706101190476,5.392857142857143,0.7369642857142856,2.577047991071429,21.2,13.9,17.730208333333334,1986.2,1.2,464.29895833333336,11.75
2016-12-21,2016,12,21,0,25.768,16.177,20.232854166666666,99.1,73.9,90.89479166666666,0.8089285714285716,0,0.19577938988095236,5.114642857142857,0.6289285714285714,2.410450148809524,21.5,14.6,18.648958333333333,1918.7,1.2,343.59583333333336,11.75
2016-12-22,2016,12,22,0,26.916,14.96,19.656781249999998,92.2,54.6,73.54895833333333,0.7819642857142858,0,0.16855468749999997,4.979642857142857,0.4401785714285714,2.2632514880952384,18.6,10.5,14.586458333333333,1858.7,1.2,446.8510416666667,11.75
2016-12-23,2016,12,23,0,28.221,14.218,19.657802083333333,95.6,39.8,73.05729166666667,0.7276785714285714,0,0.1569140625,4.718928571428571,0.39535714285714285,2.1767280505952384,17.5,10.8,14.061458333333333,1886.2,1.2,456.3041666666667,11.75
2016-12-24,2016,12,24,0,27.653,14.314,19.4705,98.5,37.5,73.509375,0.7458928571428572,0,0.15953124999999999,4.6832142857142856,0.3503571428571428,2.1545442708333336,18.3,11.1,13.930208333333333,1818.7,1.2,444.8197916666667,11.75
2016-12-25,2016,12,25,0,26.646,14.002,19.287791666666667,97.3,50.7,78.10208333333334,0.7544642857142857,0,0.16665550595238093,4.719285714285713,0.3501785714285714,2.1712239583333335,18.5,11.9,15.017708333333333,1741.2,1.2,432.3979166666667,11.5
2016-12-26,2016,12,26,0,27.85,14.577,20.069885416666665,94.5,45,71.66041666666666,0.7726785714285714,0,0.17532366071428568,4.647321428571429,0.40392857142857147,2.2293340773809525,17,12.6,14.4,1821.2,1.2,450.2625,11.75
2016-12-27,2016,12,27,0,28.468,15.867,20.600020833333335,96,53.1,76.35104166666667,0.7730357142857144,0,0.18453869047619048,4.7283928571428575,0.5028571428571429,2.3156622023809526,19.1,14,16.042708333333334,1918.7,1.2,455.9135416666667,11.75
2016-12-28,2016,12,28,0,24.581,17.724,19.858979166666668,97.7,80.2,89.11770833333334,0.8,0,0.21078497023809523,4.998035714285714,0.62875,2.5003255208333335,21.2,16.2,18.010416666666668,2028.7,1.2,336.1479166666667,11.75
2016-12-29,2016,12,29,0,25.574,15.772,19.450260416666666,96.4,68.4,84.3625,0.8176785714285716,0,0.23259114583333335,5.1867857142857146,0.7276785714285714,2.595368303571429,19.6,12.8,16.655208333333334,1893.7,1.2,472.6322916666667,11.75
2016-12-30,2016,12,30,0,25.162,14.242,18.2931875,90,63.7,74.66979166666667,0.8808928571428573,0,0.24945870535714285,5.357678571428572,0.7905357142857142,2.6841052827380953,18,8.8,13.6625,1803.7,1.2,430.54895833333336,11.75
2016-12-31,2016,12,31,0,26.061,14.625,18.922614583333335,79.4,57.3,68.83958333333334,0.8896428571428573,0,0.26501674107142853,5.501428571428571,0.8175,2.782049851190476,17.5,9.8,13.001041666666666,1838.7,1.2,457.2416666666667,11.75
2017-01-01,2017,1,1,0,29.765,13.522,19.6059375,84.7,34.8,65.06041666666667,0.916607142857143,0,0.2654278273809524,5.627142857142857,0.8178571428571428,2.8087965029761905,15.5,8.9,12.5,1881.2,1.2,433.7260416666667,11.75
2017-01-02,2017,1,2,0,26.109,14.026,19.06365625,94.7,55.3,78.10208333333334,0.916607142857143,0,0.2621242559523809,5.626964285714286,0.80875,2.8085770089285718,19.4,12.4,14.9625,1973.7,1.2,422.26770833333336,11.75
2017-01-03,2017,1,3,0,27.259,15.103,19.558104166666666,92.8,53.5,75.31458333333333,0.9523214285714287,0,0.2681436011904762,5.618035714285715,0.7637499999999999,2.802505580357143,17.8,11.9,14.798958333333333,1846.2,1.2,446.1479166666667,11.75
2017-01-04,2017,1,4,0,27.382,14.242,19.389947916666667,97.8,52.8,75.45104166666667,0.9792857142857143,0,0.2681305803571428,5.626607142857142,0.7276785714285714,2.7792354910714288,18.9,11.2,14.64375,1936.2,1.2,415.10625,11.75
2017-01-05,2017,1,5,0,26.965,14.385,19.206739583333334,95.3,47.2,73.1875,0.9703571428571429,0,0.2635435267857143,5.51875,0.6735714285714286,2.7443880208333336,15.6,11.8,13.852083333333333,1858.7,1.2,452.840625,11.75
2017-01-06,2017,1,6,0,27.358,14.314,19.180614583333334,95.6,48.8,74.31354166666667,0.9435714285714286,0,0.2553441220238095,5.527678571428572,0.6285714285714284,2.7223679315476192,16.1,12,14.060416666666667,1888.7,1.2,456.278125,11.75
2017-01-07,2017,1,7,0,26.818,13.522,19.0770625,98.5,51.3,76.35,0.9167857142857143,0,0.24147135416666665,5.401785714285714,0.6646428571428571,2.6885230654761907,17.4,12.6,14.408333333333333,1821.2,1.2,440.93958333333336,11.75
2017-01-08,2017,1,8,0,26.891,13.497,19.028927083333333,94,60.3,76.234375,0.8989285714285715,0,0.239453125,5.383571428571429,0.7005357142857143,2.6989415922619053,18.9,12,14.594791666666667,1781.2,1.2,410.00208333333336,11.75
2017-01-09,2017,1,9,0,24.726,13.546,18.88596875,95.7,61.5,77.52604166666667,0.9439285714285716,0,0.26442894345238094,5.527321428571428,0.7814285714285714,2.796664806547619,17.3,12,14.698958333333334,1788.7,1.2,343.20520833333336,11.75
2017-01-10,2017,1,10,0,28.493,14.122,19.380520833333332,98.5,48.6,79.478125,0.9078571428571429,0,0.2527139136904762,5.527321428571428,0.7816071428571428,2.786545758928572,19,12.8,15.358333333333334,1906.2,1.2,393.98645833333336,11.75
2017-01-11,2017,1,11,0,26.524,14.697,18.61459375,99.2,59.4,83.66666666666667,0.89875,0,0.23710937499999998,5.4469642857142855,0.71875,2.717025669642857,19.6,13.4,15.623958333333334,1716.2,1.2,273.43958333333336,11.5
2017-01-12,2017,1,12,0,26.695,13.786,18.625385416666667,97.9,58.4,81.55416666666666,0.89,0,0.23029947916666663,5.455892857142857,0.7189285714285714,2.6961588541666672,20.1,12.8,15.182291666666666,1688.7,1.2,294.76770833333336,12
2017-01-13,2017,1,13,0,25.574,13.209,18.955375,97.9,64.2,81.05833333333334,0.8989285714285715,0,0.22813802083333332,5.428928571428571,0.7008928571428571,2.6518396577380954,18.9,12.8,15.477083333333333,1868.7,1.2,445.47083333333336,11.75
2017-01-14,2017,1,14,0,26.402,13.786,19.00321875,94.4,52.3,73.89791666666666,0.9167857142857143,0,0.22763206845238093,5.437857142857142,0.6378571428571428,2.609477306547619,16.5,12.1,13.925,1811.2,1.2,454.61145833333336,12
2017-01-15,2017,1,15,0,26.94,14.074,19.058927083333334,94,51.2,70.59270833333333,0.9080357142857143,0,0.22851748511904763,5.384107142857142,0.5748214285714285,2.58475818452381,16.1,11.2,13.26875,1893.7,1.2,477.0854166666667,12
2017-01-16,2017,1,16,0,26.28,14.218,19.158447916666667,94.7,59.7,73.82708333333333,0.8630357142857144,0,0.2048530505952381,5.303392857142858,0.4401785714285714,2.4751264880952384,19,11.3,14.266666666666667,1916.2,1.2,468.04895833333336,12
2017-01-17,2017,1,17,0,26.402,13.906,18.913635416666665,88.3,42.3,66.16145833333333,0.8810714285714286,0,0.2134858630952381,5.276428571428572,0.3953571428571428,2.4492578125000004,16.1,8.9,12.088541666666666,1916.2,1.2,481.09583333333336,12
2017-01-18,2017,1,18,0,26.378,14.122,18.79284375,80.5,35.2,63.140625,0.8992857142857142,0,0.2233816964285714,5.329821428571429,0.40446428571428567,2.4524107142857146,15,9.3,11.186458333333333,1948.7,1.2,491.6166666666667,12
2017-01-19,2017,1,19,0,25.89,12.775,18.368854166666665,91,55.2,73.78645833333333,0.89,0,0.2248474702380952,5.231071428571428,0.40446428571428567,2.440048363095238,16.7,9.7,13.410416666666666,1966.2,1.2,507.97083333333336,12
2017-01-20,2017,1,20,0,28.023,14.745,20.073135416666666,95,56.5,77.853125,0.8717857142857143,0,0.22995907738095236,5.186071428571429,0.40464285714285714,2.4502455357142856,18.8,13.8,15.845833333333333,1961.2,1.2,489.6375,12
2017-01-21,2017,1,21,12.200000000000001,20.007,17.153,18.231083333333334,99.3,86.4,96.84166666666667,0.8687103174603176,0,0.23378823578042326,5.134087301587302,0.4006349206349206,2.4104691633597883,19.6,16.4,17.732291666666665,1141.2,1.2,177.63229166666667,11.75
2017-01-22,2017,1,22,1,26.5,16.01,19.607739583333334,100,65.6,86.78854166666666,0.8664484126984127,0,0.23776992394179894,5.108392857142857,0.40339285714285716,2.3690077298280423,21.5,12.8,17.21875,2113.7,1.2,330.15833333333336,11.5
2017-01-23,2017,1,23,0,26.989,15.796,20.46809375,75.7,47.4,62.061458333333334,0.8895039682539683,0,0.24889095568783068,5.058531746031746,0.46436507936507937,2.3722269758597885,16.5,7.1,12.821875,2108.7,1.2,458.075,11.75
2017-01-24,2017,1,24,0,28.295,16.558,20.968125,71.8,33.4,56.13541666666667,0.9065873015873016,0.003968253968253968,0.2637857556216931,5.056468253968254,0.5001984126984127,2.391361607142857,13.6,8.9,11.459375,2038.7,1.2,516.9291666666667,11.75
2017-01-25,2017,1,25,0,22.298,15.318,18.99065625,85.5,45.7,70.371875,0.923670634920635,0.003968253968253968,0.2743165095899471,4.997857142857143,0.4829761904761905,2.416450686177249,16.9,5.8,13.35625,1333.7,1.2,267.65833333333336,11.75
2017-01-26,2017,1,26,0,24.653,16.939,19.206635416666668,98.3,75.8,89.87395833333333,0.9878968253968254,0.003968253968253968,0.2966898148148148,5.167599206349207,0.4787896825396825,2.4894661458333336,20.7,15.4,17.503125,1261.2,1.2,227.91875000000002,11.75
2017-01-27,2017,1,27,0,26.036,17.891,20.331635416666668,98.7,75.4,90.75520833333333,0.9828571428571429,0.003968253968253968,0.28995535714285714,5.133650793650793,0.4387301587301587,2.444050925925926,21.7,17.5,18.74375,2078.7,1.2,354.8979166666667,11.75
2017-01-28,2017,1,28,0.4,26.549,18.129,20.52175,99.4,73,89.78854166666667,0.986984126984127,0.003968253968253968,0.2876388888888889,5.253809523809524,0.4307936507936508,2.4644163359788362,21.7,17.3,18.721875,1953.7,1.2,391.0697916666667,11.75
2017-01-29,2017,1,29,0,24.363,16.915,20.087333333333333,99.8,80.1,91.871875,0.993531746031746,0.008432539682539682,0.28735139715608465,5.297718253968254,0.4144642857142857,2.465946593915344,21.8,16.8,18.701041666666665,1511.2,1.2,295.6010416666667,11.75
2017-01-30,2017,1,30,0,28.568,16.987,21.015864583333332,96.1,66.1,82.75,1.0110119047619048,0.017361111111111112,0.300434234457672,5.316329365079365,0.4477777777777777,2.517306960978836,22,14.5,17.84583333333333,2133.7,1.2,527.1114583333333,12
2017-01-31,2017,1,31,0,29.815,14.601,20.846125,98.1,35.4,72.52708333333334,1.0119642857142856,0.013392857142857142,0.2969047619047619,5.372321428571429,0.4206944444444444,2.5272218088624343,19.1,12.1,14.81875,2063.7,1.2,541.434375,11.75
2017-02-01,2017,2,1,0,28.147,15.509,20.23079166666667,98.2,28.2,65.19375,1.013095238095238,0.013392857142857142,0.29520027281746025,5.426646825396825,0.4379166666666666,2.526044560185185,19.2,2.3,12.254166666666666,2021.2,1.2,526.903125,11.75
2017-02-02,2017,2,2,0,27.481,15.557,20.270104166666666,64.5,39,47.171875,1.003154761904762,0.013392857142857142,0.28029534556878305,5.341904761904762,0.3879960317460317,2.4521492642195772,13.6,2.9,8.516666666666667,2081.2,1.2,533.4916666666667,11.75
2017-02-03,2017,2,3,0,28.32,15.915,20.204833333333333,71.4,33.9,55.686458333333334,1.0576587301587304,0.013392857142857142,0.2890405919312169,5.420853174603175,0.3918055555555555,2.471602802579365,13.2,6.3,10.734375,2093.7,1.2,552.7104166666667,12
2017-02-04,2017,2,4,0,26.818,14.721,19.7108125,83.6,42.8,62.265625,1.0973214285714286,0.013392857142857142,0.29508370535714284,5.343392857142858,0.3498214285714285,2.455530133928572,15.8,9.2,12.071875,2076.2,1.2,540.2364583333333,12
2017-02-05,2017,2,5,0,27.776,14.074,19.50646875,77.5,43.4,61.65,1.1375,0.008928571428571428,0.30378348214285716,5.370535714285714,0.3453571428571428,2.469014136904762,14.9,9.9,11.573958333333334,2046.2,1.2,536.434375,12
2017-02-06,2017,2,6,0,27.677,13.112,19.5005625,97.9,48.8,74.97083333333333,1.1151785714285716,0,0.2899609375,5.437678571428571,0.2780357142857143,2.418413318452381,18,10.5,14.490625,2033.7,1.2,512.4239583333333,12
2017-02-07,2017,2,7,0,28.816,14.385,20.270145833333334,99.4,43.3,72.759375,1.115357142857143,0,0.2929445684523809,5.45125,0.2691071428571428,2.4395721726190476,18.7,10,14.358333333333333,1901.2,1.2,503.309375,12
2017-02-08,2017,2,8,0,28.642,13.546,20.2240625,96.6,35.3,67.63958333333333,1.1333928571428573,0,0.3030059523809524,5.5325,0.33178571428571424,2.531977306547619,15.7,8.9,12.9625,2046.2,1.2,539.090625,12
2017-02-09,2017,2,9,0,28.444,13.209,19.9416875,96.6,34.1,60.94583333333333,1.1514285714285715,0,0.3130450148809524,5.5825000000000005,0.39464285714285713,2.624192708333333,14.6,8.8,11.19375,2046.2,1.2,534.1166666666667,12
2017-02-10,2017,2,10,0,28.866,13.185,19.989208333333334,94.4,41.8,65.38020833333333,1.1426785714285714,0,0.3128608630952381,5.605178571428572,0.39464285714285713,2.6548753720238096,16.3,9.3,12.694791666666667,1966.2,1.2,532.3197916666667,12
2017-02-11,2017,2,11,0,29.24,14.17,20.175958333333334,94.4,44.5,66.24583333333334,1.106607142857143,0,0.3063299851190476,5.60125,0.41267857142857134,2.6354873511904766,17.8,9.7,13.195833333333333,2053.7,1.2,540.0020833333333,12
2017-02-12,2017,2,12,0,27.998,14.026,19.761791666666667,77.3,41.4,61.29479166666667,1.075357142857143,0,0.2893917410714285,5.515535714285714,0.3767857142857142,2.551793154761905,16.8,8.3,11.816666666666666,2126.2,1.2,564.403125,12
2017-02-13,2017,2,13,0,27.431,14.601,19.831572916666666,90,50.7,66.8,1.1067857142857143,0,0.28936197916666667,5.457142857142857,0.3857142857142857,2.5233091517857145,17.7,10.5,13.260416666666666,2121.2,1.2,565.9916666666667,12
2017-02-14,2017,2,14,0.8,22.082,17.082,18.77525,98.3,68.4,87.32916666666667,1.1155357142857143,0,0.27864211309523806,5.389642857142857,0.3767857142857142,2.443989955357143,20,12,16.582291666666666,1016.2,1.2,116.87708333333333,11.75
2017-02-15,2017,2,15,0,28.147,16.249,21.296270833333335,90.6,40.3,63.47708333333333,1.092857142857143,0,0.26950148809523805,5.272321428571429,0.28696428571428567,2.3038504464285716,15.9,11.1,13.673958333333333,2136.2,1.2,574.1687499999999,12
2017-02-16,2017,2,16,0,28.667,15.031,20.559375,81.7,35.6,58.25208333333333,1.0433928571428572,0,0.2562220982142857,5.173035714285715,0.20625,2.191129092261905,14.7,9.1,11.519791666666666,2131.2,1.2,563.23125,12
2017-02-17,2017,2,17,0,28.518,13.161,19.830395833333334,73.6,28.5,51.438541666666666,1.0069642857142858,0,0.2445703125,5.078392857142857,0.1794642857142857,2.1131082589285715,13.6,-0.4,8.955208333333333,2128.7,1.2,564.6895833333333,12
2017-02-18,2017,2,18,0,28.518,14.553,20.192104166666667,61.5,27.5,42.458333333333336,1.0069642857142858,0,0.24927641369047615,5.069107142857143,0.17035714285714285,2.1318340773809523,12,-1.7,6.757291666666667,2136.2,1.2,573.9604166666667,12
2017-02-19,2017,2,19,0,30.596,15.294,21.37240625,92.2,24.7,50.85729166666667,1.034107142857143,0,0.2554278273809524,5.149821428571428,0.16124999999999995,2.1855096726190477,14.7,4.7,9.617708333333333,2156.2,1.2,579.0385416666667,12
2017-02-20,2017,2,20,0,31.153,14.577,21.221802083333333,97.5,31.7,70.90208333333334,1.0564285714285715,0,0.26359002976190476,5.302678571428571,0.14785714285714285,2.2396670386904765,18.6,10.9,14.619791666666666,2396.2,1.2,521.98125,12
2017-02-21,2017,2,21,0,31.052,15.605,21.53334375,98.8,35.7,77.46458333333334,1.0475,0,0.2770926339285714,5.415178571428571,0.14785714285714285,2.3052120535714287,20.9,12.7,16.578125,2008.7,1.2,467.34583333333336,11.75
2017-02-22,2017,2,22,0,31.97,15.748,22.543677083333332,98,31.9,69.23333333333333,1.0475,0,0.2859579613095238,5.4871428571428575,0.16142857142857142,2.3681045386904764,19.1,11.2,15.547916666666666,2008.7,1.2,535.4708333333333,12
2017-02-23,2017,2,23,0,32.201,16.654,23.050666666666668,99.5,22.1,57.7625,1.0832142857142857,0,0.30166294642857144,5.595357142857144,0.23321428571428568,2.4519084821428576,19.3,5.1,12.383333333333333,2086.2,1.2,554.48125,12.25
2017-02-24,2017,2,24,0,32.613,18.985,24.262833333333333,61.8,20.6,37.6875,1.1105357142857144,0,0.3274609375,5.685357142857143,0.2782142857142857,2.5443917410714287,13.6,5,8.375,2148.7,1.2,568.8562499999999,12
2017-02-25,2017,2,25,0,32.355,17.605,23.97565625,91.4,15,36.7625,1.1419642857142858,0,0.3363318452380953,5.7125,0.3142857142857142,2.5843898809523815,17.3,1.6,6.416666666666667,2218.7,1.2,575.575,12.25
2017-02-26,2017,2,26,0,31.204,15.605,21.718114583333332,94.2,35.4,60.557291666666664,1.1198214285714287,0,0.3288262648809524,5.654464285714286,0.2964285714285714,2.5565569196428575,18.4,6.8,13.054166666666667,2361.2,1.2,426.746875,12.25
2017-02-27,2017,2,27,0,29.365,17.629,21.466427083333333,91.1,42.3,64.58125,1.0976785714285715,0,0.31935267857142857,5.479285714285715,0.2739285714285714,2.4955543154761908,17,8.3,13.985416666666667,2398.7,1.2,516.903125,11.75
2017-02-28,2017,2,28,0,29.865,15.772,21.789729166666667,66.7,40.1,52.684375,1.0708928571428573,0,0.3005059523809524,5.366964285714286,0.2828571428571428,2.4422581845238094,17,5,11.566666666666666,2213.7,1.2,551.7208333333333,12
2017-03-01,2017,3,1,0,29.715,17.201,22.046885416666665,65.6,22.6,37.02916666666667,1.06625,0,0.28167038690476187,5.285892857142857,0.2785714285714285,2.355221354166667,11.1,-2.8,6.0375,2193.7,1.2,502.60625,12
2017-03-02,2017,3,2,0,29.665,16.725,21.516822916666666,82.9,48.3,65.92604166666666,1.039107142857143,0,0.2515141369047619,5.146428571428571,0.22464285714285712,2.232764136904762,18.2,7.3,14.665625,2438.7,1.2,470.653125,11.75
2017-03-03,2017,3,3,0,27.776,16.487,21.15734375,90.1,58.2,77.41458333333334,0.9942857142857144,0,0.22881510416666664,5.024821428571428,0.16178571428571425,2.106568080357143,19,14.7,16.929166666666667,2116.2,1.2,334.45520833333336,12
2017-03-04,2017,3,4,14,26.231,17.011,20.431875,100,68.9,90.321875,0.9848214285714286,0,0.2269921875,5.020357142857143,0.18874999999999997,2.074986979166667,21,16.5,18.715625,1731.2,1.2,274.76770833333336,11.75
2017-03-05,2017,3,5,13.799999999999999,29.966,16.534,20.56871875,100,61.2,93.521875,0.9260714285714285,0,0.21392299107142856,4.975357142857143,0.19785714285714281,2.0186607142857147,22.6,16.6,19.367708333333333,2343.7,1.2,325.6270833333333,12
2017-03-06,2017,3,6,8.6,26.965,18.343,20.275041666666667,100,76.7,96.60104166666666,0.9392857142857143,0,0.21640438988095237,4.9662500000000005,0.17999999999999997,1.9819866071428573,23.3,18,19.7,1681.2,1.2,186.40833333333333,10
2017-03-07,2017,3,7,21,28.023,17.177,20.269541666666665,100,77.5,95.82708333333333,0.9167857142857143,0,0.21468749999999998,4.9075,0.13482142857142856,1.9391685267857144,24.1,17.2,19.538541666666667,2146.2,1.2,248.30937500000002,12
2017-03-08,2017,3,8,4.6,27.456,17.582,20.92636458333333,100,73.2,94.959375,0.8810714285714286,0,0.2071893601190476,4.808928571428572,0.13499999999999998,1.9058482142857145,23.3,17.6,20.0375,2138.7,1.2,330.54895833333336,12
2017-03-09,2017,3,9,3.2,28.717,17.32,20.406635416666667,100,77.1,95.29375,0.9037499999999999,0,0.21780877976190474,4.867500000000001,0.1439285714285714,1.9326450892857143,25,17.3,19.58020833333333,1933.7,1.2,251.01770833333333,12
2017-03-10,2017,3,10,17,25.428,17.938,19.804427083333334,100,82.5,97.365625,0.9392857142857143,0,0.23571800595238093,4.9799999999999995,0.17535714285714282,2.0319921875,23,18,19.367708333333333,1181.2,1.2,189.58541666666667,12
2017-03-11,2017,3,11,0,30.142,16.844,21.418458333333334,100,56,87.06458333333333,0.9708928571428572,0,0.25068266369047615,5.006785714285714,0.16624999999999998,2.0856863839285715,22.4,16.8,18.876041666666666,2336.2,1.2,465.39270833333336,12.25
2017-03-12,2017,3,12,0,29.439,16.177,21.6360625,100,51.8,81.92916666666666,0.9664285714285715,0,0.24955357142857143,4.952857142857143,0.13017857142857142,2.068385416666667,20.6,15.2,18.071875,2181.2,1.2,417.9447916666667,12.5
2017-03-13,2017,3,13,0.2,28.345,17.011,21.18934375,100,68.6,90.6,0.9664285714285715,0,0.24807477678571427,4.907857142857144,0.12107142857142857,2.0221614583333336,22.7,17,19.476041666666667,1511.2,1.2,277.7104166666667,12.25
2017-03-14,2017,3,14,0.4,28.692,17.368,21.847572916666667,100,68.1,89.20833333333333,0.9394642857142859,0,0.23617745535714282,4.849821428571429,0.12124999999999998,1.954825148809524,23.8,17.4,19.878125,2303.7,1.2,389.06458333333336,12.25
2017-03-15,2017,3,15,2.1999999999999997,27.974,18.414,21.648520833333333,100,65.3,88.80416666666666,0.9350000000000002,0,0.22466517857142856,4.83625,0.08517857142857141,1.8770479910714288,23.4,17.3,19.61145833333333,2418.7,1.2,369.5854166666667,11.75
2017-03-16,2017,3,16,0.4,26.867,17.772,20.470354166666667,100,71.4,90.92291666666667,0.9194387755102041,0,0.21419217687074826,4.831020408163265,0.07624999999999997,1.8000494260204083,21.6,17.4,18.857291666666665,1596.2,1.2,276.72083333333336,12
2017-03-17,2017,3,17,0,28.196,17.296,21.594895833333332,99.7,67.3,88.69375,0.850280612244898,0,0.19136160714285713,4.712525510204082,0.044821428571428554,1.6631858524659866,23.4,16.1,19.53125,1986.2,1.2,342.7885416666667,12
2017-03-18,2017,3,18,0,26.475,17.819,21.013197916666666,100,74.2,92.76145833333334,0.802219387755102,0,0.17157126913265303,4.587448979591836,0.026964285714285694,1.5587045599489797,22.4,17.8,19.720833333333335,1283.7,1.2,243.93437500000002,12.25
2017-03-19,2017,3,19,0,30.041,16.892,21.97442708333333,100,65.1,89.32083333333334,0.8376020408163266,0,0.16969494047619046,4.594897959183673,0.026964285714285694,1.5230763711734696,23.5,16.9,19.972916666666666,2063.7,1.2,355.62708333333336,12.5
2017-03-20,2017,3,20,0.4,29.315,18.271,22.01628125,100,73.2,91.57708333333333,0.8321938775510205,0,0.16026838860544215,4.548622448979592,0.018035714285714266,1.4847526041666668,24.7,18.3,20.492708333333333,1606.2,1.2,311.434375,12.5
2017-03-21,2017,3,21,9.399999999999999,27.259,17.368,20.891604166666667,100,73.4,92.30520833333334,0.8873469387755103,0,0.16199431335034012,4.618112244897959,-1.9825411154020653e-17,1.4897361288265307,23.6,15.8,19.521875,1636.2,1.2,263.2572916666667,11.75
2017-03-22,2017,3,22,0,29.59,17.368,22.38028125,99.8,51.1,80.66458333333333,0.8838775510204082,0,0.1650021258503401,4.654081632653061,0.010204081632653041,1.500170068027211,22.4,15.3,18.477083333333333,2093.7,1.2,503.83020833333336,12.25
2017-03-23,2017,3,23,0,30.192,17.225,22.29421875,98.6,38.2,74.51458333333333,0.8734693877551021,0,0.17460034013605438,4.6899999999999995,0.0204081632653061,1.5541092687074831,21,11.4,16.5875,2131.2,1.2,528.2572916666667,12.5
2017-03-24,2017,3,24,0,30.697,16.463,22.054989583333334,100,35.9,70.00729166666666,0.8942857142857144,0,0.1798533163265306,4.664081632653061,0.0204081632653061,1.5699085884353743,21.5,8.2,15.364583333333334,2163.7,1.2,541.4343749999999,12.5
2017-03-25,2017,3,25,0,31.689,15.819,22.399895833333332,90.9,28.3,57.03125,0.8991836734693878,0,0.18039328231292515,4.756530612244899,0.025510204081632633,1.571947278911565,16.9,7.1,12.182291666666666,2163.7,1.2,541.1218749999999,12.25
2017-03-26,2017,3,26,0,31.868,15.819,23.06790625,98.3,26,61.967708333333334,0.873265306122449,0,0.18319302721088435,4.736122448979592,0.041020408163265284,1.5871024659863946,18.7,8.4,13.515625,2158.7,1.2,544.4291666666667,12.25
2017-03-27,2017,3,27,0,31.842,15.461,22.4044375,99.2,24.7,65.17395833333333,0.8367346938775511,0,0.17907525510204078,4.751224489795918,0.041020408163265284,1.581077806122449,19.1,3.9,13.745833333333334,2233.7,1.2,550.5489583333333,12.25
2017-03-28,2017,3,28,0,31.179,16.153,22.590020833333334,99.8,31.9,77.228125,0.7853061224489796,0,0.1684970238095238,4.642857142857143,0.041020408163265284,1.5361628401360545,21.3,10.8,17.269791666666666,2173.7,1.2,543.8562499999999,12.25
2017-03-29,2017,3,29,0,30.773,16.463,22.934364583333334,100,36.6,78.96875,0.7853061224489796,0,0.1619515306122449,4.509183673469388,0.030816326530612226,1.4838988095238097,22.5,11.8,18.180208333333333,2133.7,1.2,520.4447916666667,12.5
2017-03-30,2017,3,30,0,31.23,17.629,23.117020833333335,99.6,45,77.83645833333334,0.759795918367347,0,0.13787202380952382,4.298775510204082,0.02061224489795916,1.382108843537415,21.7,13.7,18.328125,2291.2,1.2,521.3562499999999,12.25
2017-03-31,2017,3,31,0,32.021,17.296,23.4355625,100,40.4,77.09791666666666,0.7442857142857143,0,0.1309970238095238,4.314081632653061,0.02061224489795916,1.3578656462585035,22.6,14.2,18.328125,2198.7,1.2,570.5489583333333,12.25
2017-04-01,2017,4,1,0,32.253,16.892,23.7194375,99.9,32.5,74.88229166666667,0.7391836734693877,0,0.12066326530612244,4.195918367346939,0.015510204081632633,1.3187096088435375,21.4,11.7,17.723958333333332,2088.7,1.2,523.465625,12.5
2017-04-02,2017,4,2,0,31.893,17.106,23.941572916666665,100,38.2,80.30208333333333,0.759591836734694,0,0.10840136054421767,4.273061224489796,-1.9825411154020653e-17,1.2714434523809524,22.1,15,19.527083333333334,2013.7,1.2,524.6635416666667,12.25
2017-04-03,2017,4,3,0,30.142,17.534,23.081791666666668,100,63.8,87.60520833333334,0.7646938775510205,0,0.11019345238095236,4.34530612244898,-1.9825411154020653e-17,1.2767070578231294,22.9,17.6,20.709375,1933.7,1.2,373.7,12.25
2017-04-04,2017,4,4,0,29.439,17.986,22.503447916666666,99.6,68.9,88.86770833333333,0.7802040816326531,0,0.10717474489795917,4.366122448979592,-1.9825411154020653e-17,1.262325680272109,23.8,17.7,20.444791666666667,1896.2,1.2,327.1635416666667,12.25
2017-04-05,2017,4,5,0,29.414,18.129,22.936968750000002,100,69.3,88.65520833333333,0.7546938775510205,0,0.09575255102040815,4.381632653061224,-1.9825411154020653e-17,1.23765518707483,24.2,18.1,20.811458333333334,1568.7,1.2,330.86145833333336,12.25
2017-04-06,2017,4,6,1.8,33.105,18.271,23.572635416666667,100,55.3,87.08229166666666,0.7955102040816328,0,0.0989158163265306,4.566326530612245,-1.9825411154020653e-17,1.2526339285714287,24.4,18,20.972916666666666,2088.7,1.2,454.45520833333336,12.25
2017-04-07,2017,4,7,0,29.015,17.986,23.03938541666667,100,68.2,88.825,0.8053061224489797,0,0.09607568027210882,4.5869387755102045,-1.9825411154020653e-17,1.2581441326530614,23.6,18,20.922916666666666,1556.2,1.2,395.5229166666667,12.5
2017-04-08,2017,4,8,0,32.536,17.962,24.521260416666667,100,35.9,81.75833333333333,0.8002040816326532,0,0.09907950680272107,4.602244897959183,-1.9825411154020653e-17,1.2744961734693878,24.2,14.3,20.422916666666666,2028.7,1.2,517.6583333333333,12.25
2017-04-09,2017,4,9,0,31.842,18.889,23.7749375,100,36.8,82.85208333333334,0.7614030612244899,0,0.09988414115646257,4.529132653061224,-1.9825411154020653e-17,1.2865396471088437,23.1,13.3,19.9625,2078.7,1.2,389.06458333333336,12.25
2017-04-10,2017,4,10,0.2,29.265,17.891,22.921052083333333,100,68.1,89.70729166666666,0.7575255102040818,0,0.09156940901360543,4.38484693877551,-1.9825411154020653e-17,1.2578008078231293,23,17.9,20.964583333333334,1476.2,1.2,326.2260416666667,12.25
2017-04-11,2017,4,11,1.2,28.617,18.913,22.699885416666667,100,70.2,90.978125,0.742576530612245,0,0.09058886054421768,4.362551020408164,-1.9825411154020653e-17,1.252641900510204,23.7,18.2,21.053125,1461.2,1.2,286.64270833333336,12
2017-04-12,2017,4,12,0.2,30.621,18.366,23.726375,100,56.5,87.31770833333333,0.7444132653061225,0,0.09454799107142856,4.31420918367347,-1.9825411154020653e-17,1.2707849702380953,24,18.4,21.22083333333333,1966.2,1.2,428.9604166666667,12.5
2017-04-13,2017,4,13,7.4,31.97,19.413,22.77853125,100,64,92.18854166666667,0.7054336734693878,0,0.08927800807823127,4.129591836734694,-1.9825411154020653e-17,1.2394223001700682,24.3,19.4,21.276041666666668,1986.2,1.2,347.91875,12
2017-04-14,2017,4,14,0.2,29.665,18.438,22.734135416666668,100,71.3,91.42708333333333,0.6696683673469389,0,0.08071694302721087,4.022372448979592,-1.9825411154020653e-17,1.16007706207483,24.3,18.5,21.15625,1903.7,1.2,401.04375,12.25
2017-04-15,2017,4,15,0,31.868,17.701,23.605458333333335,100,56.2,86.540625,0.6462500000000001,0,0.07290178571428571,3.951071428571429,-1.9825411154020653e-17,1.1069363839285715,24.7,17.7,20.911458333333332,2013.7,1.2,511.2,12.25
2017-04-16,2017,4,16,8.6,29.24,17.558,22.484208333333335,100,67.6,89.803125,0.6775,0,0.06589285714285713,3.896785714285714,-1.9825411154020653e-17,1.0527418154761905,23.4,16.7,20.5875,1551.2,1.2,308.54375,12.75
2017-04-17,2017,4,17,0,29.19,17.986,22.294968750000002,100,66,88.603125,0.6508928571428572,0,0.06328497023809522,3.815714285714286,-1.9825411154020653e-17,1.0082905505952382,23.2,18,20.13854166666667,1976.2,1.2,458.153125,12.25
2017-04-18,2017,4,18,0,30.444,19.294,23.727677083333333,99.6,52.5,78.34895833333333,0.6148214285714285,0,0.05945870535714284,3.7748214285714288,-1.9825411154020653e-17,0.9831603422619049,22,15,19.395833333333332,1911.2,1.2,501.17395833333336,12.5
2017-04-19,2017,4,19,0,29.815,17.724,22.839958333333332,100,65.5,88.74895833333333,0.5967857142857144,0,0.055723586309523794,3.7525000000000004,-1.9825411154020653e-17,0.9367150297619048,24.2,17,20.70625,1966.2,1.2,374.48125,12.5
2017-04-20,2017,4,20,21,29.065,19.032,22.524802083333334,100,72.2,92.075,0.5821825396825397,0,0.0545331101190476,3.836527777777778,-1.9825411154020653e-17,0.9277814980158732,24,19.1,21.096875,1596.2,1.2,256.590625,12.5
2017-04-21,2017,4,21,0,27.998,18.675,21.501739583333332,100,73.9,93.66875,0.5900793650793651,0,0.05200314153439152,3.825039682539683,-1.9825411154020653e-17,0.9275285218253969,23.6,18.7,20.3875,1493.7,1.2,331.121875,12.25
2017-04-22,2017,4,22,0,28.965,17.225,21.956177083333333,100,67.2,91.23541666666667,0.544404761904762,0,0.04663897156084655,3.7697420634920635,-1.9825411154020653e-17,0.9053569361772488,23.5,17.2,20.334375,2046.2,1.2,375.7572916666667,12.5
2017-04-23,2017,4,23,0,29.54,19.912,23.28475,100,70.9,91.29479166666667,0.49043650793650795,0,0.0436090443121693,3.6906547619047623,-1.9825411154020653e-17,0.8852248677248679,25.4,19.9,21.683333333333334,1946.2,1.2,346.3041666666667,12.75
2017-04-24,2017,4,24,5.2,28.742,17.653,22.108249999999998,100,77.1,91.35104166666667,0.48625000000000007,0,0.03878100198412697,3.695059523809524,-1.9825411154020653e-17,0.8903346147486774,24.7,17.2,20.61145833333333,1531.2,1.2,245.91354166666667,12.5
2017-04-25,2017,4,25,0.8,29.315,17.32,22.443270833333333,100,73.3,91.51145833333334,0.4829166666666667,0,0.035576430224867714,3.6184523809523808,-1.9825411154020653e-17,0.8651858052248678,24.8,16.7,20.922916666666666,1896.2,1.2,356.746875,12.75
2017-04-26,2017,4,26,8.4,30.545,17.843,22.987229166666665,100,67.6,89.62395833333333,0.4742857142857143,0,0.03210648148148147,3.5795238095238098,-1.9825411154020653e-17,0.8660052910052911,25.3,17.5,21.073958333333334,2036.2,1.2,425.9916666666667,12.75
2017-04-27,2017,4,27,0,29.265,19.841,22.96436458333333,100,76.1,92.509375,0.47031746031746036,0,0.029882605820105806,3.4512698412698413,-1.9825411154020653e-17,0.8723346560846562,25.2,19.9,21.622916666666665,1701.2,1.2,327.11145833333336,12.5
2017-04-28,2017,4,28,0,29.765,18.176,22.842166666666667,100,69.9,89.56041666666667,0.45047619047619053,0,0.0314996693121693,3.3953968253968254,-1.9825411154020653e-17,0.8886954365079366,25,18.2,20.894791666666666,1863.7,1.2,386.40833333333336,12.5
2017-04-29,2017,4,29,1,29.09,18.057,21.643375,100,72.8,93.04270833333334,0.4860317460317461,0,0.03341600529100528,3.4312698412698412,-1.9825411154020653e-17,0.9123693783068784,24.5,18.1,20.40416666666667,1558.7,1.2,242.97083333333333,12.75
2017-04-30,2017,4,30,0,31.868,18.2,24.145020833333334,98,46.6,77.69583333333334,0.477936507936508,0,0.03399305555555555,3.4636507936507934,-1.9825411154020653e-17,0.942084986772487,22.9,16.8,19.603125,2063.7,1.2,577.0854166666667,12.5
2017-05-01,2017,5,1,23.4,29.265,17.225,21.11025,100,69.8,91.38645833333334,0.47000000000000003,0,0.036570767195767184,3.555555555555556,-1.9825411154020653e-17,0.9588194444444446,24,16.5,19.573958333333334,1678.7,1.2,278.23125,11.75
2017-05-02,2017,5,2,0,29.615,17.51,22.256479166666665,99.5,62.7,85.83333333333333,0.46587301587301594,0,0.03852182539682538,3.6274603174603177,-1.9825411154020653e-17,0.9887053571428572,22.9,16.3,19.610416666666666,1998.7,1.2,387.0072916666667,12.5
2017-05-03,2017,5,3,0,31.052,18.176,22.631885416666666,100,56.5,86.60104166666666,0.506031746031746,0,0.04454695767195766,3.8193650793650797,0.007936507936507917,1.0077761243386243,23.8,17,20.040625,2281.2,1.2,523.3354166666667,12.5
2017-05-04,2017,5,4,0,27.825,18.485,22.07321875,100,78.2,92.284375,0.497936507936508,0,0.04803736772486771,3.8633333333333333,0.007936507936507917,1.0228389550264552,24,18.5,20.705208333333335,1068.7,1.2,231.72083333333333,12.5
2017-05-05,2017,5,5,0,28.941,18.557,22.05903125,100,76.3,92.03125,0.5338095238095238,0,0.07306051587301586,4.011269841269842,0.007936507936507917,1.0808085317460319,25.6,18.6,20.645833333333332,1438.7,1.2,271.64270833333336,12.5
2017-05-06,2017,5,6,0,30.041,19.318,22.322322916666668,100,76.5,94.11458333333333,0.545873015873016,0,0.09431547619047619,4.039206349206349,0.007936507936507917,1.1264021164021165,25.5,19.3,21.296875,1678.7,1.2,232.58020833333333,12.25
2017-05-07,2017,5,7,1.2000000000000002,30.95,19.175,22.468760416666665,100,66.2,91.48541666666667,0.5620634920634922,0,0.09836309523809524,4.0553968253968256,0.007936507936507917,1.1195155423280423,24.8,19.1,20.87291666666667,2143.7,1.2,348.85625,11.75
2017-05-08,2017,5,8,0.2,29.54,18.295,23.080666666666666,100,70.6,88.06875,0.5501587301587302,0,0.09624173280423279,3.935714285714286,0.007936507936507917,1.0901322751322753,24.3,17.4,20.882291666666667,1611.2,1.2,365.2625,12.75
2017-05-09,2017,5,9,0.2,30.117,18.842,22.926645833333332,100,66.1,90.87916666666666,0.5541269841269841,0,0.09428240740740738,3.93984126984127,0.007936507936507917,1.068682208994709,24.5,18.9,21.242708333333333,1956.2,1.2,367.996875,12.5
2017-05-10,2017,5,10,14.8,31.408,17.867,22.52890625,100,63.4,88.63645833333334,0.533968253968254,0,0.09023809523809523,3.8634920634920635,-1.9825411154020653e-17,1.0591137566137567,24.6,16.9,20.369791666666668,2216.2,1.2,432.996875,12.25
2017-05-11,2017,5,11,0,28.32,17.796,22.43296875,100,73.7,89.66770833333334,0.577936507936508,0,0.11059358465608463,3.971746031746032,0.03999999999999999,1.1062020502645502,23.9,17.2,20.5875,1721.2,1.2,339.6375,12.75
2017-05-12,2017,5,12,0.4,28.766,19.151,22.388333333333335,100,75.9,93.246875,0.5898412698412699,0,0.10106316137566136,4.031428571428571,0.06396825396825395,1.1085152116402117,25.5,19.2,21.189583333333335,1641.2,1.2,281.25208333333336,12.75
2017-05-13,2017,5,13,26.6,29.79,17.986,22.697125,100,67.9,89.13541666666667,0.5541269841269841,0,0.08323082010582009,3.9555555555555557,0.06396825396825395,1.0564484126984128,24.6,18,20.682291666666668,1858.7,1.2,427.60625,13
2017-05-14,2017,5,14,0,29.19,18.533,22.4815625,100,69,90.64895833333333,0.5460317460317461,0,0.08115575396825395,4.015079365079365,0.06396825396825395,1.0555009920634921,24.3,18.5,20.777083333333334,1728.7,1.2,354.92395833333336,12.75
2017-05-15,2017,5,15,0,28.245,17.677,21.948760416666666,100,73.8,91.684375,0.55,0,0.08538855820105817,4.007142857142857,0.06396825396825395,1.0701587301587303,23.8,17.6,20.457291666666666,1571.2,1.2,312.3197916666667,12.5
2017-05-16,2017,5,16,0,30.672,18.247,22.968333333333334,98.3,70.7,88.51770833333333,0.5542857142857144,0,0.09124007936507934,3.943174603174603,0.07190476190476189,1.1151818783068783,25.9,16.7,20.888541666666665,1996.2,1.2,407.3979166666667,12.75
2017-05-17,2017,5,17,0,29.765,18.771,22.777479166666666,99.2,71.6,88.95833333333333,0.5785714285714286,0,0.10157407407407405,3.9314285714285715,0.08777777777777776,1.1780853174603174,24.5,18,20.758333333333333,1838.7,1.2,382.2416666666667,12.5
2017-05-18,2017,5,18,12.200000000000001,30.773,17.605,21.454052083333334,100,66.3,92.45104166666667,0.550952380952381,0,0.08709821428571428,3.8590476190476193,0.06380952380952379,1.168637566137566,23.8,17,20.048958333333335,2043.7,1.2,314.14270833333336,12.25
2017-05-19,2017,5,19,0.2,30.217,18.866,23.128385416666667,100,63.6,89.89479166666666,0.5152380952380953,0,0.077323082010582,3.7473015873015876,0.04777777777777776,1.1392774470899472,25.1,18.9,21.186458333333334,1941.2,1.2,486.25208333333336,12.75
2017-05-20,2017,5,20,0,28.493,18.39,21.937375,100,73.8,92.41875,0.5152380952380953,0,0.07972883597883597,3.751428571428572,0.04777777777777776,1.1647966269841272,23.8,17.9,20.58125,1541.2,1.2,273.621875,12.25
2017-05-21,2017,5,21,4.6000000000000005,28.965,18.628,22.11221875,100,73.4,93.34583333333333,0.5430158730158731,0,0.09244047619047617,3.743333333333333,0.07968253968253966,1.2197982804232805,24.5,18.4,20.9125,1536.2,1.2,284.090625,12.75
2017-05-22,2017,5,22,14,26.916,17.296,20.832854166666667,100,81.7,97.45208333333333,0.5788888888888889,0,0.10126818783068782,3.838888888888889,0.11158730158730155,1.2986524470899472,24.6,17,20.41875,1248.7,1.2,170.88750000000002,12.5
2017-05-23,2017,5,23,1.4000000000000001,29.69,17.558,22.58444791666667,99.9,71.7,87,0.5668253968253969,0,0.10470403439153439,3.8787301587301592,0.11158730158730155,1.3373826058201057,24.9,15.5,20.217708333333334,1921.2,1.2,416.95520833333336,12.5
2017-05-24,2017,5,24,0,30.697,19.793,22.58546875,99.9,74,92.16041666666666,0.5187301587301587,0,0.09652777777777777,3.854761904761905,0.11968253968253964,1.3338508597883598,25.6,19.6,21.186458333333334,1861.2,1.2,320.39270833333336,12.75
2017-05-25,2017,5,25,0.4,28.493,19.08,22.425708333333333,100,76.1,94.04583333333333,0.5504761904761905,0,0.09495370370370369,3.974761904761905,0.12761904761904758,1.3505654761904764,24.8,19.1,21.365625,1646.2,1.2,298.8041666666667,12.5
2017-05-26,2017,5,26,14.999999999999998,28.816,17.915,21.288,100,70.9,94.85833333333333,0.5822222222222223,0,0.10155257936507935,4.006507936507936,0.1436507936507936,1.4051339285714286,23.8,17.5,20.382291666666667,1631.2,1.2,249.66354166666667,12.5
2017-05-27,2017,5,27,0,28.568,18.533,21.4150625,99.7,76.6,92.05208333333333,0.6058730158730159,0,0.09626488095238094,4.313809523809524,0.1436507936507936,1.3989880952380953,24.6,17.7,20.058333333333334,1731.2,1.2,232.73645833333333,12.75
2017-05-28,2017,5,28,3,25.016,18.366,20.308052083333333,100,90.1,98.59270833333333,0.5501587301587302,0,0.08112268518518517,4.17031746031746,0.11968253968253965,1.35786541005291,23.5,18.3,20.094791666666666,923.7,1.2,121.64270833333333,12.25
2017-05-29,2017,5,29,1,24.992,18.366,20.315864583333333,100,84,96.38333333333333,0.5301587301587302,0,0.06872519841269839,4.1623809523809525,0.08777777777777776,1.315085978835979,23,18.4,19.722916666666666,1016.2,1.2,172.24166666666667,12.25
2017-05-30,2017,5,30,2,26.451,18.485,20.4815,100,82.7,96.171875,0.5541269841269841,0,0.07393022486772485,4.2103174603174605,0.1038095238095238,1.286942791005291,23.4,18.3,19.84375,1798.7,1.2,218.36145833333333,12.5
2017-05-31,2017,5,31,0.2,28.593,18.271,21.43403125,100,74.9,92.43333333333334,0.59,0,0.08633432539682538,4.210476190476191,0.09587301587301586,1.2846626984126985,24.1,17.8,20.103125,1866.2,1.2,330.93958333333336,12.5
2017-06-01,2017,6,1,2.8000000000000003,24.774,18.2,20.23588541666667,100,88,97.72083333333333,0.557936507936508,0,0.08698247354497353,3.983015873015873,0.07984126984126982,1.2556431878306877,23,18.2,19.875,1318.7,1.2,201.56458333333333,12.75
2017-06-02,2017,6,2,5.2,24.992,18.319,20.374125,100,84.4,97.05208333333333,0.537936507936508,0,0.08386243386243385,3.9393650793650794,0.05587301587301585,1.2148809523809523,23.2,18.3,19.89375,1653.7,1.2,255.21041666666667,12.5
2017-06-03,2017,6,3,1.6,23.93,17.582,20.01934375,100,86.4,96.465625,0.537936507936508,0,0.08755621693121692,3.747777777777778,0.05587301587301585,1.2571891534391535,21.7,17.6,19.447916666666668,911.2,1.2,191.04375000000002,12.75
2017-06-04,2017,6,4,0,28.048,18.01,21.265177083333334,100,77.8,93.19479166666666,0.6019047619047619,0,0.11216600529100527,3.8715873015873017,0.04793650793650791,1.3413640873015873,25,17.8,20.077083333333334,1598.7,1.2,276.87708333333336,13
2017-06-05,2017,6,5,2.6,27.554,18.557,20.912229166666666,100,80.2,95.9625,0.6377777777777779,0,0.12534556878306877,3.8795238095238096,0.07190476190476189,1.405598544973545,24.1,18.6,20.22083333333333,1661.2,1.2,265.39270833333336,12.5
2017-06-06,2017,6,6,5.2,27.825,18.557,21.004427083333333,100,77.9,96.00833333333334,0.673968253968254,0,0.13144179894179892,4.047301587301588,0.09190476190476189,1.5149007936507937,24.9,18.6,20.313541666666666,1991.2,1.2,315.575,12.75
2017-06-07,2017,6,7,0.8,25.016,18.343,19.964958333333332,100,84.7,97.89375,0.7223809523809523,0,0.14042824074074073,4.186984126984127,0.11984126984126982,1.6337962962962964,22.8,18.3,19.629166666666666,1113.7,1.2,173.54375000000002,12.25
2017-06-08,2017,6,8,0.4,27.677,18.105,21.0356875,100,74.2,93.29791666666667,0.7744444444444445,0,0.1503769841269841,4.426349206349206,0.16761904761904758,1.7626686507936509,23.7,18.1,19.863541666666666,2103.7,1.2,362.2416666666667,12.75
2017-06-09,2017,6,9,2.4,23.256,18.319,19.770541666666666,100,93.7,98.30416666666666,0.8187301587301589,0,0.1632142857142857,4.60984126984127,0.23158730158730156,1.8971097883597885,22.7,18.3,19.51354166666667,896.2,1.2,131.06979166666667,12.5
2017-06-10,2017,6,10,37.6,21.581,17.344,18.641666666666666,100,98.9,99.95833333333333,0.8507936507936508,0,0.17794312169312168,4.685396825396826,0.2876190476190476,1.997986111111111,21.6,17.4,18.658333333333335,883.7,1.2,109.48125,12.5
2017-06-11,2017,6,11,12.4,23.352,17.344,18.904541666666667,100,86.7,98.18645833333333,0.8587301587301587,0,0.17091269841269838,4.733492063492064,0.3514285714285714,2.0426140873015872,21.5,17.4,18.616666666666667,1296.2,1.2,206.35625000000002,12.25
2017-06-12,2017,6,12,22.400000000000002,21.461,17.867,19.15240625,100,100,100,0.8507936507936508,0,0.17848214285714284,4.845555555555555,0.3834920634920635,2.0832870370370373,21.5,17.9,19.180208333333333,536.2,1.2,99.35104166666666,12.25
2017-06-13,2017,6,13,13,21.413,18.723,19.676333333333332,100,100,100,0.8423809523809523,0,0.17598544973544974,4.813650793650794,0.4034920634920635,2.069842923280423,21.4,18.7,19.70104166666667,436.2,1.2,54.949999999999996,12.25
2017-06-14,2017,6,14,4,25.55,19.056,20.941802083333332,100,88.1,98.07916666666667,0.7820634920634921,0,0.16272431657848324,4.7536507936507935,0.40746031746031747,2.0336932319223986,24.9,19.1,20.640625,1661.2,1.2,251.56458333333333,12.5
2017-06-15,2017,6,15,0.6000000000000001,27.554,18.461,21.068291666666667,100,79.7,96.59270833333333,0.7661904761904762,0,0.16388172398589065,4.726031746031746,0.40365079365079365,2.0001003086419753,24.2,18.5,20.498958333333334,2103.7,1.2,249.01250000000002,12.5
2017-06-16,2017,6,16,0,26.842,18.295,21.119104166666666,100,80.9,95.26458333333333,0.713968253968254,0,0.1521604938271605,4.546507936507937,0.36365079365079367,1.932601962081129,24.3,18.3,20.311458333333334,1641.2,1.2,263.778125,12.25
2017-06-17,2017,6,17,2.2,26.695,17.391,20.789166666666667,100,84.7,97.11979166666667,0.693968253968254,0,0.14232749118165783,4.482857142857143,0.32365079365079363,1.8640421075837743,25,17.4,20.31458333333333,1693.7,1.2,251.74687500000002,12.75
2017-06-18,2017,6,18,0,28.072,17.272,21.3529375,100,72.6,91.85520833333334,0.657936507936508,0,0.12790619488536153,4.4347619047619045,0.2598412698412698,1.7843975970017638,23.5,17.1,19.902083333333334,1916.2,1.2,386.0697916666667,12.75
2017-06-19,2017,6,19,0.6,27.063,18.152,21.371770833333333,100,76.1,93.54791666666667,0.6500000000000001,0,0.10970017636684302,4.330952380952381,0.2038095238095238,1.7166942239858909,23.3,18.2,20.232291666666665,1608.7,1.2,341.33020833333336,12.75
2017-06-20,2017,6,20,2.2,25.623,17.748,20.320208333333333,100,84.8,96.17395833333333,0.6263492063492064,0,0.09587577160493825,4.234920634920635,0.15587301587301586,1.6584171075837744,23,17.8,19.686458333333334,1041.2,1.2,189.63750000000002,12.25
2017-06-21,2017,6,21,11.4,24.002,18.176,19.679583333333333,100,87.1,98.01666666666667,0.5984126984126984,0,0.08873842592592592,4.210793650793651,0.14777777777777776,1.6205406746031747,22.5,18.2,19.376041666666666,833.7,1.2,169.14270833333333,12.75
2017-06-22,2017,6,22,8.2,25.113,18.438,20.312395833333333,100,87,97.078125,0.5582539682539683,0,0.07187003968253967,4.174444444444445,0.13587301587301587,1.58853835978836,23.3,18.5,19.84166666666667,1293.7,1.2,232.50208333333333,12.75
2017-06-23,2017,6,23,20.8,23.833,18.533,19.657625,100,92,99.41979166666667,0.5782539682539684,0,0.07578042328042327,4.298253968253968,0.1519047619047619,1.6196957671957672,23,18.6,19.588541666666668,1181.2,1.2,167.996875,12.75
2017-06-24,2017,6,24,20.4,21.7,17.772,18.944916666666668,100,99.6,99.9875,0.5823809523809524,0,0.08703869047619046,4.358253968253968,0.17587301587301588,1.658832671957672,21.7,17.8,18.96875,651.2,1.2,101.5125,12.25
2017-06-25,2017,6,25,35.4,21.39,17.463,18.850020833333332,100,98.1,99.890625,0.5865079365079365,0,0.08822255291005289,4.426349206349206,0.19968253968253968,1.6819328703703706,21.4,17.5,18.854166666666668,683.7,1.2,106.66875,12.25
2017-06-26,2017,6,26,54.2,20.293,17.011,18.937541666666668,100,100,100,0.5544444444444445,0,0.0854695767195767,4.398412698412698,0.19968253968253968,1.6531779100529103,20.3,17,18.963541666666668,386.2,1.2,75.31458333333333,12.25
2017-06-27,2017,6,27,64.6,19.77,17.534,18.641083333333334,100,100,100,0.5142857142857143,0,0.0806597222222222,4.314761904761904,0.18365079365079365,1.6075958994708996,19.8,17.6,18.664583333333333,458.7,1.2,74.403125,12.5
2017-06-28,2017,6,28,30.400000000000002,20.531,17.819,18.64559375,100,99.7,99.99479166666667,0.48619047619047623,0,0.07298941798941797,4.227142857142857,0.15174603174603174,1.5456845238095238,20.6,17.8,18.6625,791.2,1.2,109.14270833333333,12.5
2017-06-29,2017,6,29,4,23.497,18.105,19.668729166666665,100,91.5,99.06875,0.4303174603174603,0,0.06718915343915342,4.111587301587302,0.1357142857142857,1.4896445105820106,22.9,18.1,19.53125,1641.2,1.2,194.22083333333333,12.5
2017-06-30,2017,6,30,17,25.113,18.081,19.44875,100,90.3,99.275,0.39031746031746034,0,0.053055555555555536,4.027460317460318,0.1195238095238095,1.4283597883597885,23.4,18.1,19.358333333333334,2003.7,1.2,197.58020833333333,12.25
2017-07-01,2017,7,1,7.2,25.065,18.224,19.87291666666667,100,86.8,98.084375,0.37444444444444447,0,0.04303406084656083,4.055238095238095,0.1114285714285714,1.4146329365079366,23.5,18.2,19.571875,1313.7,1.2,228.88229166666667,12.25
2017-07-02,2017,7,2,8,23.881,17.701,19.499875,100,91.7,99.021875,0.3865079365079365,0,0.047184193121693106,4.143015873015873,0.15952380952380948,1.4940790343915344,22.7,17.7,19.364583333333332,1163.7,1.2,156.25208333333333,12.75
2017-07-03,2017,7,3,15,21.867,18.129,19.32490625,100,96.7,99.82395833333334,0.4266666666666667,0,0.056207010582010566,4.294761904761905,0.23936507936507936,1.6198859126984129,21.7,18.2,19.31875,806.2,1.2,135.62708333333333,12
2017-07-04,2017,7,4,0.4,27.21,17.391,20.611520833333334,100,76.9,94.15208333333334,0.4546031746031746,0,0.060112433862433846,4.3585714285714285,0.2631746031746031,1.7004761904761907,23.4,17.4,19.594791666666666,2076.2,1.2,382.50208333333336,12.75
2017-07-05,2017,7,5,6.8,25.137,18.39,20.699979166666665,100,81.6,94.66041666666666,0.4906349206349207,0,0.06433531746031744,4.418730158730159,0.2711111111111111,1.7449851190476193,23.5,18,19.792708333333334,1423.7,1.2,286.9291666666667,12.5
2017-07-06,2017,7,6,8.799999999999999,23.4,18.2,19.506322916666665,100,93.6,99.02604166666667,0.5065079365079366,0,0.06594742063492062,4.470317460317461,0.2711111111111111,1.7486805555555556,22.4,18.2,19.37291666666667,1371.2,1.2,150.99166666666667,12.5
2017-07-07,2017,7,7,6.4,25.525,18.295,19.514395833333335,100,84.7,98.79791666666667,0.5025396825396825,0,0.06718253968253966,4.454444444444445,0.2792063492063492,1.7756746031746033,23.6,18.3,19.33125,1413.7,1.2,157.26770833333333,12.25
2017-07-08,2017,7,8,9.8,24.557,17.106,19.700708333333335,100,84.9,96.72083333333333,0.5463492063492064,0,0.06812665343915343,4.406984126984127,0.29920634920634914,1.7735069444444445,22.7,17.1,19.164583333333333,1406.2,1.2,222.81458333333333,12.5
2017-07-09,2017,7,9,2.6,24.05,16.558,19.223916666666668,100,84.8,96.81875,0.5382539682539683,0,0.0772304894179894,4.430952380952381,0.29126984126984123,1.7813591269841271,22.9,16.6,18.7125,1848.7,1.2,201.30416666666667,12.5
2017-07-10,2017,7,10,0,26.671,17.011,20.2931875,100,77.4,94.3875,0.5301587301587302,0,0.08312665343915342,4.502857142857144,0.25126984126984125,1.777676917989418,23.2,17,19.327083333333334,1466.2,1.2,287.528125,12.5
2017-07-11,2017,7,11,2.6,25.744,18.033,20.330447916666667,100,81.9,94.91145833333333,0.5582539682539683,0,0.09147652116402115,4.598730158730159,0.3033333333333333,1.8434507275132275,23.3,18,19.469791666666666,1646.2,1.2,280.1322916666667,12.5
2017-07-12,2017,7,12,0.2,25.963,17.867,20.330229166666665,99,83,94.19791666666667,0.5822222222222223,0,0.09852843915343915,4.662222222222222,0.32730158730158726,1.9115591931216933,22.9,17.3,19.363541666666666,1316.2,1.2,203.02291666666667,12.5
2017-07-13,2017,7,13,24.8,24.823,16.939,19.0814375,100,77.5,96.934375,0.8980952380952382,0,0.1093667328042328,5.733650793650794,0.3671428571428571,2.00713458994709,21.1,17,18.570833333333333,1441.2,1.2,177.45,12.25
2017-07-14,2017,7,14,4.4,23.785,17.272,19.19875,100,87.8,97.68333333333334,0.9020634920634921,0,0.10634093915343915,5.833809523809523,0.3671428571428571,1.9850843253968253,21.9,17.3,18.83020833333333,1143.7,1.2,169.61145833333333,12.25
2017-07-15,2017,7,15,2.6,24.46,17.986,19.910979166666667,100,85.5,96.96145833333334,0.8463492063492064,0,0.0991269841269841,5.873492063492064,0.3471428571428571,1.9788012566137567,23.2,18,19.4125,1298.7,1.2,207.55416666666667,12.5
2017-07-16,2017,7,16,3,22.417,17.082,18.980291666666666,100,91.4,98.45104166666667,0.8223809523809524,0,0.08475694444444444,5.773492063492063,0.339047619047619,1.9457093253968254,21.1,16.7,18.74791666666667,1013.7,1.2,133.59583333333333,12.5
2017-07-17,2017,7,17,0.2,23.497,17.011,19.579989583333333,100,91.2,97.57395833333334,0.7974603174603175,0,0.0744541583994709,5.689384920634921,0.35295634920634916,1.9294719328703704,22.1,16.3,19.201041666666665,693.7,1.2,137.73645833333333,12.5
2017-07-18,2017,7,18,13.2,22.226,17.225,19.0854375,100,91.6,98.97708333333334,0.8145833333333333,0,0.074432457010582,5.730277777777778,0.33083333333333326,1.922998511904762,21.3,17.2,18.940625,1083.7,1.2,153.17916666666667,12
2017-07-19,2017,7,19,34.6,19.817,17.368,18.504822916666665,100,100,100,0.7944444444444445,0,0.07009920634920633,5.75047619047619,0.34474206349206343,1.9129561425264552,19.8,17.4,18.527083333333334,376.2,1.2,65.10625,12.25
2017-07-20,2017,7,20,38,22.441,15.414,18.721020833333334,100,96.6,99.70104166666667,0.5104960317460318,0,0.06306175595238094,4.765000000000001,0.36200396825396824,1.905785590277778,21.9,15.4,18.697916666666668,801.2,1.2,123.88229166666667,12.25
2017-07-21,2017,7,21,17.400000000000002,23.833,16.654,18.933697916666667,100,90.7,98.97708333333333,0.49960317460317466,0,0.06663773148148147,4.696527777777779,0.357063492063492,1.960393931878307,22.9,16.7,18.789583333333333,978.7,1.2,141.48645833333333,12.5
2017-07-22,2017,7,22,3.2,24.267,17.582,19.634895833333335,100,88.2,98.56979166666666,0.503452380952381,0,0.06732762896825395,4.691250000000001,0.36105158730158726,1.9973966600529103,23.8,17.6,19.416666666666668,1306.2,1.2,165.47083333333333,12.5
2017-07-23,2017,7,23,4.4,26.818,17.082,19.837666666666667,100,77.5,97.15729166666667,0.5025000000000001,0,0.07195312499999998,4.637678571428572,0.3680357142857143,1.9833798363095239,23.5,17.1,19.359375,1893.7,1.2,186.04375,12.5
2017-07-24,2017,7,24,13.8,25.307,17.962,19.896583333333332,100,84.7,96.90520833333333,0.4935714285714286,0,0.06598400297619046,4.556785714285715,0.3232142857142857,1.8994791666666668,23,18,19.389583333333334,1183.7,1.2,192.97083333333333,12.5
2017-07-25,2017,7,25,0.2,26.842,17.986,21.191333333333333,100,73.9,91.99270833333334,0.38553571428571437,0,0.05068824404761903,4.359107142857143,0.28732142857142856,1.7550855654761908,23.3,18,19.75208333333333,1463.7,1.2,321.6947916666667,12.5
2017-07-26,2017,7,26,0.2,27.653,17.772,20.55690625,100,79.6,94.440625,0.35875000000000007,0,0.04668898809523808,4.269107142857143,0.24249999999999997,1.6865252976190477,23.9,17.8,19.613541666666666,1423.7,1.2,226.38229166666667,12.5
2017-07-27,2017,7,27,4.4,27.677,17.582,20.50213541666667,100,71.9,93.56875,0.3228571428571429,0,0.04071800595238094,4.11625,0.16142857142857142,1.582965029761905,22.9,17.6,19.358333333333334,1836.2,1.2,286.01770833333336,12.5
2017-07-28,2017,7,28,9,25.234,17.915,20.4130625,100,85.2,96.265625,0.3137500000000001,0,0.03476190476190475,3.981607142857143,0.13446428571428568,1.4763839285714286,22.8,17.9,19.804166666666667,1146.2,1.2,212.84062500000002,12.75
2017-07-29,2017,7,29,0.2,29.165,18.675,21.77953125,100,71.7,92.2125,0.29571428571428576,0,0.02795758928571427,3.8467857142857147,0.09857142857142855,1.3706733630952381,24.4,18.7,20.347916666666666,1698.7,1.2,357.45,12.5
2017-07-30,2017,7,30,0,29.765,18.533,21.473041666666667,100,73.7,93.01666666666667,0.30464285714285716,0,0.024133184523809508,3.8373214285714283,0.0626785714285714,1.3402325148809524,24.6,18.6,20.230208333333334,1781.2,1.2,313.934375,12.5
2017-07-31,2017,7,31,7.6000000000000005,29.165,18.533,21.455291666666668,100,69.7,93.078125,0.32250000000000006,0,0.02973400297619046,3.84625,0.07178571428571426,1.3905264136904765,23.7,18.4,20.2,2056.2,1.2,323.9604166666667,12
2017-08-01,2017,8,1,18.2,29.389,18.485,21.199802083333335,100,72.7,95.08645833333334,0.4121428571428572,0,0.04720424107142856,4.008035714285714,0.1076785714285714,1.515122767857143,24.3,18.5,20.31875,1728.7,1.2,266.278125,12.25
2017-08-02,2017,8,2,0.2,29.015,17.867,21.142979166666667,100,73.1,93.56979166666666,0.4660714285714286,0,0.07256138392857141,4.097857142857142,0.22464285714285714,1.6428459821428572,24.5,17.9,20.005208333333332,1893.7,1.2,355.8875,12.5
2017-08-03,2017,8,3,12.8,24.968,17.368,19.334375,100,84.7,98.32083333333333,0.5292857142857142,0,0.0888876488095238,4.304821428571429,0.2875,1.771393229166667,22.6,17.4,19.070833333333333,1126.2,1.2,153.75208333333333,12.25
2017-08-04,2017,8,4,31.8,20.817,18.295,19.2364375,100,100,100,0.5742857142857144,0,0.10100632440476189,4.475714285714286,0.3594642857142857,1.8877287946428574,20.8,18.3,19.266666666666666,491.2,1.2,88.25729166666666,12
2017-08-05,2017,8,5,26.8,21.27,18.652,19.2460625,100,99.9,99.99791666666667,0.5923214285714286,0,0.1091238839285714,4.628571428571428,0.4133928571428571,1.982393973214286,21.3,18.7,19.270833333333332,538.7,1.2,82.60625,12
2017-08-06,2017,8,6,13.8,23.4,18.675,19.885958333333335,100,94.4,99.49375,0.6012500000000001,0,0.11819382440476188,4.628392857142857,0.4133928571428571,2.002412574404762,23.1,18.7,19.820833333333333,811.2,1.2,138.25729166666667,12
2017-08-07,2017,8,7,3.8000000000000003,27.235,18.509,20.620791666666666,100,80.5,96.61770833333334,0.5923214285714286,0,0.11726376488095236,4.574642857142857,0.4133928571428571,1.9652790178571429,24,18.5,20.046875,1923.7,1.2,210.80937500000002,12.25
2017-08-08,2017,8,8,2,29.015,18.652,21.536416666666668,100,71.1,93.7,0.5653571428571429,0,0.10520275297619046,4.430892857142857,0.40446428571428567,1.889873511904762,24.2,18.7,20.369791666666668,1893.7,1.2,358.3875,12
2017-08-09,2017,8,9,8.200000000000001,24.315,18.889,20.377708333333334,100,89.2,98.11875,0.5292857142857142,0,0.07873697916666665,4.359107142857143,0.2964285714285714,1.7549441964285715,22.9,18.9,20.082291666666666,731.2,1.2,121.25208333333333,12.25
2017-08-10,2017,8,10,1.2000000000000002,28.593,18.39,21.61046875,100,74.1,93.859375,0.4660714285714286,0,0.06324776785714284,4.197321428571429,0.26053571428571426,1.650288318452381,24.9,18.4,20.5125,1763.7,1.2,320.23645833333336,12
2017-08-11,2017,8,11,13.6,24.484,17.201,19.487125,100,88.5,98.73541666666667,0.43928571428571433,0,0.05830729166666665,4.1075,0.2064285714285714,1.5838076636904763,23.3,17.2,19.29479166666667,838.7,1.2,136.66875,12.25
2017-08-12,2017,8,12,0.4,28.444,16.415,21.159677083333335,100,66.1,89.32708333333333,0.42125000000000007,0,0.04968998015873014,3.9639285714285717,0.1883928571428571,1.5092788938492065,23.2,16.4,19.1375,1911.2,1.2,418.1010416666667,12.75
2017-08-13,2017,8,13,2,26.573,17.106,20.402864583333333,100,75,93.58541666666667,0.3942857142857143,0,0.03595486111111109,4.063214285714286,0.17035714285714285,1.4490687003968254,23,17.1,19.278125,926.2,1.2,220.57500000000002,12.25
2017-08-14,2017,8,14,4.2,28.916,16.701,20.633208333333332,100,72.9,93.35520833333334,0.40303571428571433,0,0.0323034474206349,4.0719642857142855,0.15232142857142852,1.4402368551587303,23.8,16.7,19.421875,1558.7,1.2,305.23645833333336,12
2017-08-15,2017,8,15,10.4,27.505,17.344,20.7706875,100,70.8,93.20104166666667,0.35821428571428576,0,0.028568328373015855,4.071785714285714,0.12553571428571425,1.4283413938492064,22.9,17.4,19.542708333333334,1501.2,1.2,318.75208333333336,11.5
2017-08-16,2017,8,16,4.2,25.234,16.915,19.671010416666668,100,84.8,96.89375,0.3492857142857143,0,0.030889756944444426,4,0.12553571428571425,1.421970486111111,22.6,16.9,19.166666666666668,806.2,1.2,174.14270833333333,12.25
2017-08-17,2017,8,17,0.4,27.653,17.986,20.667916666666667,100,78.6,94.94270833333333,0.36714285714285716,0,0.03135478670634919,3.9367857142857146,0.09857142857142855,1.3949578373015874,24.1,18,19.778125,1301.2,1.2,257.3197916666667,12.25
2017-08-18,2017,8,18,20.2,27.628,17.796,20.426114583333334,100,72.9,95.7625,0.37589285714285714,0,0.041505456349206334,3.8739285714285714,0.0807142857142857,1.3655195932539683,23.2,17.8,19.673958333333335,1863.7,1.2,261.590625,12.25
2017-08-19,2017,8,19,20.400000000000002,20.96,17.486,19.120052083333334,100,97.1,99.82604166666667,0.3762500000000001,0,0.04965959821428569,3.775,0.044821428571428554,1.3458872767857142,20.8,17.5,19.115625,603.7,1.2,100.2625,11.75
2017-08-20,2017,8,20,46.800000000000004,21.533,18.343,18.870562500000002,100,98.9,99.97708333333333,0.3853571428571429,0,0.05441034226190474,3.6039285714285714,0.03589285714285712,1.3260007440476191,21.4,18.4,18.894791666666666,586.2,1.2,77.89270833333333,12
2017-08-21,2017,8,21,24.2,22.011,18.176,19.334427083333335,100,98.4,99.86875,0.35875000000000007,0,0.05955729166666666,3.505,0.044821428571428554,1.3046577380952382,22,18.2,19.335416666666667,623.7,1.2,112.45,12
2017-08-22,2017,8,22,22.2,26.598,17.486,19.538364583333333,100,85.5,97.875,0.4128571428571429,0,0.07030319940476189,3.5139285714285715,0.026785714285714263,1.2938597470238096,24.7,17.5,19.196875,1623.7,1.2,168.62187500000002,12.25
2017-08-23,2017,8,23,0,29.315,18.39,21.394677083333335,100,77.9,94.25208333333333,0.43982142857142864,0,0.0884784226190476,3.5766071428571427,0.06285714285714282,1.3316573660714288,25.2,18.4,20.385416666666668,1823.7,1.2,279.95,12.5
2017-08-24,2017,8,24,1.7999999999999998,27.235,18.438,21.226072916666666,100,76.4,94.52291666666666,0.4669642857142858,0,0.10232142857142856,3.6846428571428573,0.07178571428571424,1.3930096726190477,23.6,18.5,20.266666666666666,1421.2,1.2,267.89270833333336,12.25
2017-08-25,2017,8,25,0.6000000000000001,25.453,18.366,20.70378125,100,83.3,96.35416666666667,0.5030357142857144,0,0.09414248511904759,3.7921428571428573,0.11678571428571426,1.428941592261905,22.7,18.4,20.095833333333335,921.2,1.2,184.32500000000002,12.25
2017-08-26,2017,8,26,4,26.012,16.677,20.236802083333334,100,84.1,96.07916666666667,0.49375,0,0.08602306547619046,3.9180357142857143,0.13482142857142854,1.451973586309524,23.7,16.7,19.583333333333332,1118.7,1.2,180.70520833333333,12.25
2017-08-27,2017,8,27,28.6,22.154,18.033,18.99221875,100,99.3,99.99166666666666,0.4758928571428572,0,0.08248139880952379,3.9092857142857143,0.14375,1.4680208333333336,22.2,18.1,19.017708333333335,793.7,1.2,86.14791666666666,11.75
2017-08-28,2017,8,28,49.800000000000004,20.388,18.176,19.0339375,100,100,100,0.49375,0,0.0792113095238095,4.0175,0.1526785714285714,1.46484375,20.4,18.2,19.060416666666665,318.7,1.2,57.94479166666667,11.5
2017-08-29,2017,8,29,48,20.96,17.962,18.92296875,100,100,100,0.47261904761904766,0,0.0752486359126984,3.927738095238095,0.17672619047619045,1.4397953869047622,21,18,18.947916666666668,513.7,1.2,71.434375,11.75
2017-08-30,2017,8,30,7,22.609,18.01,19.91303125,100,95.8,99.74583333333334,0.45353741496598643,0,0.056231575963718805,3.8600850340136055,0.14320578231292513,1.3929602465986395,22.6,18,19.896875,636.2,1.2,127.00729166666666,12.25
2017-08-31,2017,8,31,0,26.158,17.938,20.926260416666665,100,84.9,96.49583333333334,0.413639455782313,0,0.04355778769841268,3.7716156462585033,0.14448129251700678,1.3397632334183673,23.7,18,20.34166666666667,946.2,1.2,181.17395833333333,12.25
2017-09-01,2017,9,1,41.4,29.29,17.891,21.53009375,100,71.5,94.325,0.368639455782313,0,0.03888516865079363,3.6817942176870746,0.1084098639455782,1.3015898703231292,24.2,17.9,20.514583333333334,1801.2,1.2,296.48645833333336,12
2017-09-02,2017,9,2,85.2,29.765,16.725,20.28715625,100,71.7,94.21041666666666,0.38667517006802726,0,0.04251612103174601,3.5830442176870747,0.09930272108843534,1.2871832482993197,25.5,16.7,19.24375,1606.2,1.2,258.2572916666667,11.75
2017-09-03,2017,9,3,2,28.147,16.987,20.308729166666666,100,74.5,95.5125,0.4225680272108844,0,0.05009238591269839,3.654829931972789,0.09037414965986391,1.3311267006802723,24.2,17,19.532291666666666,1451.2,1.2,208.85625000000002,12.5
2017-09-04,2017,9,4,10.799999999999999,28.766,17.153,21.424427083333335,100,76.8,94.57395833333334,0.43149659863945583,0,0.0650440228174603,3.6816156462585035,0.09948129251700677,1.4317647215136056,24.9,17.2,20.464583333333334,1576.2,1.2,285.08020833333336,12.25
2017-09-05,2017,9,5,11.6,29.49,18.414,21.7641875,100,67.1,93.121875,0.4344132653061225,0,0.0648939732142857,3.8074489795918365,0.1382908163265306,1.4973562393707485,24.9,18.4,20.48645833333333,1918.7,1.2,339.403125,12
2017-09-06,2017,9,6,16.8,23.978,17.986,19.8555,100,89.6,98.47604166666666,0.426530612244898,0,0.07024101828231291,3.758316326530612,0.1537755102040816,1.5253892963435374,22.5,18,19.619791666666668,546.2,1.2,112.34583333333333,12.25
2017-09-07,2017,9,7,50.4,28.642,17.439,20.44894791666667,100,78.3,96.38020833333333,0.44857142857142857,0,0.08367745535714284,3.8019642857142855,0.2064285714285714,1.5866573660714285,24.8,17.5,19.81875,1476.2,1.2,183.85625000000002,11
2017-09-08,2017,9,8,46,27.505,17.344,19.952979166666665,100,79.7,97.49583333333334,0.44857142857142857,0,0.0928236607142857,3.8651785714285714,0.2782142857142857,1.648770461309524,24.7,17.4,19.53125,1161.2,1.2,176.74687500000002,11.25
2017-09-09,2017,9,9,0.2,26.598,16.892,20.135979166666665,100,80.7,96.04166666666667,0.44857142857142857,0,0.09603050595238094,3.9457142857142857,0.29624999999999996,1.6933928571428574,23.1,16.9,19.469791666666666,1371.2,1.2,176.40833333333333,12
2017-09-10,2017,9,10,8.8,25.623,18.794,20.888041666666666,100,84.3,97.13645833333334,0.41250000000000003,0,0.08873325892857141,3.927857142857143,0.30517857142857135,1.6239136904761906,23.3,18.8,20.415625,1256.2,1.2,160.23645833333333,12.25
2017-09-11,2017,9,11,6,26.916,19.008,21.48154166666667,100,89.8,97.73020833333334,0.3946428571428572,0,0.07042596726190474,3.810892857142857,0.2871428571428571,1.506114211309524,25.4,19,21.125,1246.2,1.2,176.79895833333333,11.75
2017-09-12,2017,9,12,1,26.769,19.698,21.979875,100,84.9,96.40520833333333,0.37678571428571433,0,0.06714843749999998,3.6851785714285716,0.24214285714285713,1.4323753720238097,25,19.7,21.38125,1231.2,1.2,207.24166666666667,12
2017-09-13,2017,9,13,19.4,27.604,18.247,21.071166666666667,100,81.3,96.29375,0.35875000000000007,0,0.05984188988095236,3.676071428571429,0.20624999999999996,1.3640438988095238,24.6,18.3,20.436458333333334,1633.7,1.2,250.31458333333333,12
2017-09-14,2017,9,14,11.799999999999999,24.919,17.272,19.1426875,100,85.9,98.284375,0.34071428571428575,0,0.04691220238095236,3.6128571428571425,0.1433928571428571,1.2720889136904763,22.4,17.3,18.871875,1048.7,1.2,190.54895833333333,11.75
2017-09-15,2017,9,15,1.2000000000000002,24.726,17.558,20.397395833333334,100,85,95.13958333333333,0.3226785714285715,0,0.035055803571428554,3.505,0.07160714285714284,1.1705636160714286,22.3,17.3,19.589583333333334,826.2,1.2,190.23645833333333,12
2017-09-16,2017,9,16,30.8,23.256,17.819,19.2714375,100,97.3,99.928125,0.3133928571428572,0,0.02932663690476189,3.424107142857143,0.08053571428571427,1.1138299851190478,23.1,17.8,19.280208333333334,931.2,1.2,128.153125,11.75
2017-09-17,2017,9,17,97.2,19.603,16.773,18.178322916666666,100,100,100,0.32232142857142865,0,0.03090215773809522,3.3614285714285717,0.10749999999999997,1.1482161458333333,19.6,16.8,18.201041666666665,358.7,1.2,69.48125,11.75
2017-09-18,2017,9,18,8,22.417,16.582,18.792822916666665,100,94.8,99.74895833333333,0.3130357142857143,0,0.03944568452380951,3.4516071428571427,0.1525,1.197974330357143,22.1,16.6,18.773958333333333,826.2,1.2,129.42916666666667,11.75
2017-09-19,2017,9,19,6,23.593,18.105,19.390958333333334,100,93,99.103125,0.35803571428571435,0,0.045528273809523796,3.595535714285714,0.16160714285714284,1.2332403273809525,23,18,19.26875,958.7,1.2,122.31979166666666,11.25
2017-09-20,2017,9,20,1.6,24.026,16.773,19.208833333333335,100,89.9,97.653125,0.3762500000000001,0,0.05011532738095237,3.604821428571429,0.16160714285714284,1.2488448660714286,22.9,16.8,18.836458333333333,888.7,1.2,157.059375,12
2017-09-21,2017,9,21,7.6000000000000005,20.984,15.772,18.099302083333335,100,98.1,99.9125,0.36714285714285716,0,0.04955543154761904,3.5873214285714288,0.16160714285714284,1.235254836309524,21,15.8,18.107291666666665,498.7,1.2,91.33020833333333,11.75
2017-09-22,2017,9,22,3.8,28.27,16.534,20.9155625,100,71.3,91.03645833333333,0.4123214285714286,0,0.05554873511904761,3.6501785714285715,0.1526785714285714,1.2489508928571431,22.9,16.6,19.24375,1783.7,1.2,438.778125,12
2017-09-23,2017,9,23,0,31.97,14.912,21.442145833333335,100,62.4,89.19479166666667,0.39464285714285724,0,0.05602120535714284,3.6771428571428575,0.11678571428571427,1.2223753720238097,25.3,14.9,19.370833333333334,1981.2,1.2,446.3041666666667,12.25
2017-09-24,2017,9,24,0.6000000000000001,26.549,18.247,20.661010416666667,100,82.8,95.971875,0.3858928571428572,0,0.06380952380952379,3.6948214285714287,0.1258928571428571,1.207021949404762,24.2,18.2,19.98229166666667,968.7,1.2,164.95,11.75
2017-09-25,2017,9,25,5.6000000000000005,28.642,16.892,20.9485625,100,67.6,91.57916666666667,0.4041071428571429,0,0.07662202380952379,3.7125,0.11678571428571427,1.2157161458333334,23.4,16.8,19.39375,1578.7,1.2,323.4135416666667,11.75
2017-09-26,2017,9,26,0.6000000000000001,28.419,17.368,20.705385416666665,100,74.9,94.40416666666667,0.4132142857142858,0,0.08361793154761903,3.6853571428571428,0.09874999999999998,1.2560714285714287,24.2,17.4,19.7125,1718.7,1.2,240.41875000000002,11.75
2017-09-27,2017,9,27,7.800000000000001,26.622,17.891,19.606864583333333,100,85,98.49166666666667,0.44000000000000006,0,0.08707775297619046,3.7660714285714287,0.1257142857142857,1.2939453125,25.2,17.9,19.369791666666668,1283.7,1.2,124.325,11.75
2017-09-28,2017,9,28,19.6,21.628,18.033,19.015833333333333,100,97.2,99.83020833333333,0.45551020408163273,0,0.09120969742063491,3.833545918367347,0.15653061224489795,1.3701036352040816,21.5,18.1,19.014583333333334,468.7,1.2,80.67916666666666,11.75
2017-09-29,2017,9,29,20,20.841,18.105,19.008541666666666,100,100,100,0.41051020408163275,0,0.08587115575396823,3.788545918367347,0.15653061224489795,1.3640973107993197,20.9,18.1,19.030208333333334,428.7,1.2,66.64270833333333,11.75
2017-09-30,2017,9,30,0,28.568,16.534,20.355416666666667,100,78,94.80833333333334,0.4103316326530613,0,0.08298053075396825,3.7524744897959184,0.15653061224489795,1.3483142006802722,24.4,16.6,19.454166666666666,1458.7,1.2,213.75208333333333,12.25
2017-10-01,2017,10,1,0,26.769,17.225,20.375989583333332,100,74.9,93.96458333333334,0.3921173469387756,0,0.07026103670634919,3.7614030612244895,0.11153061224489794,1.3139410607993198,22.6,17.2,19.317708333333332,1138.7,1.2,233.49166666666667,12.25
2017-10-02,2017,10,2,0.2,29.765,17.225,21.065125,100,69.4,92.275,0.34711734693877555,0,0.04721788194444443,3.6537244897959185,0.06670918367346937,1.2092293792517008,24.3,17.2,19.66979166666667,1783.7,1.2,298.465625,12
2017-10-03,2017,10,3,0,31.001,16.534,22.24871875,100,57.1,85.87083333333334,0.30211734693877557,0,0.03490203373015872,3.5458673469387754,0.057780612244897944,1.0901966411564625,22.9,15.9,19.430208333333333,1716.2,1.2,434.0125,12.25
2017-10-04,2017,10,4,0.4,28.196,17.177,21.48521875,100,73.8,91.81458333333333,0.257295918367347,0,0.02713789682539681,3.456045918367347,0.030816326530612226,1.012631536989796,24,17.2,19.995833333333334,1176.2,1.2,259.8979166666667,12
2017-10-05,2017,10,5,1.8,32.073,17.629,21.951854166666667,100,63.6,91.175,0.24709183673469393,0,0.02767644557823128,3.332984693877551,-1.9825411154020653e-17,0.9135775403911566,24.5,17.7,20.294791666666665,1791.2,1.2,336.01770833333336,12
2017-10-06,2017,10,6,1,31.026,18.652,21.471197916666668,100,65.3,93.71770833333333,0.24709183673469393,0,0.03172034438775509,3.297091836734694,-1.9825411154020653e-17,0.8767044005102042,25,18.7,20.321875,1606.2,1.2,275.47083333333336,11.75
2017-10-07,2017,10,7,0.6000000000000001,29.64,17.034,21.392239583333332,100,72.8,93.87395833333333,0.22923469387755108,0,0.032371386054421754,3.198341836734694,-1.9825411154020653e-17,0.8364997874149661,24.6,17.1,20.2875,1578.7,1.2,262.528125,12
2017-10-08,2017,10,8,1,29.464,18.485,21.631291666666666,100,72,92.64583333333333,0.23834183673469392,0,0.03591305272108842,3.1085204081632654,-1.9825411154020653e-17,0.8057817814625852,25.9,18.5,20.2875,1826.2,1.2,327.2416666666667,12
2017-10-09,2017,10,9,5.4,29.389,17.819,21.081854166666666,100,68.7,92.49583333333334,0.27423469387755106,0,0.04141900510204081,3.135484693877551,0.026964285714285694,0.8628316326530613,24.6,17.8,19.690625,1581.2,1.2,279.22083333333336,11.25
2017-10-10,2017,10,10,0.2,30.394,16.987,21.6180625,100,63.4,88.20416666666667,0.2561989795918368,0,0.03825308248299319,3.08155612244898,0.04499999999999998,0.89898118622449,23.1,16.4,19.4,1626.2,1.2,309.48125,12.25
2017-10-11,2017,10,11,14.200000000000001,29.74,17.629,20.9585,100,70.3,93.10208333333334,0.27423469387755106,0,0.043764615221088425,3.0994132653061226,0.0539285714285714,0.9635124362244899,24.5,17.5,19.707291666666666,1543.7,1.2,225.23645833333333,11.75
2017-10-12,2017,10,12,17.400000000000002,28.667,17.605,20.550677083333333,100,76.3,95.35520833333334,0.2778571428571429,0,0.03955915178571427,3.1996428571428575,0.0539285714285714,1.0184449404761906,25.3,17.6,19.733333333333334,1541.2,1.2,248.83020833333333,11.25
2017-10-13,2017,10,13,24.599999999999998,29.916,17.986,20.27271875,100,74,96.38125,0.2867857142857143,0,0.03542968749999999,3.2803571428571425,0.08089285714285713,1.0658947172619049,25.3,18,19.625,1598.7,1.2,249.14270833333333,11.75
2017-10-14,2017,10,14,6.4,24.339,17.177,19.070729166666666,100,87.7,98.609375,0.3228571428571429,0,0.04383370535714284,3.40625,0.08089285714285713,1.145561755952381,22.6,17.2,18.860416666666666,836.2,1.2,127.31979166666667,11.5
2017-10-15,2017,10,15,4,27.063,17.439,19.047552083333333,100,85.1,97.25104166666667,0.3408928571428572,0,0.04683593749999999,3.5141071428571427,0.08089285714285713,1.181973586309524,24.6,17.1,18.607291666666665,1448.7,1.2,133.17916666666667,11.75
2017-10-16,2017,10,16,0.6000000000000001,28.048,17.225,20.436802083333333,100,73.6,93.59583333333333,0.32303571428571437,0,0.04524367559523808,3.505,0.0539285714285714,1.1404129464285717,23.5,17.2,19.291666666666668,1396.2,1.2,223.25729166666667,11.5
2017-10-17,2017,10,17,2.2,26.061,17.938,20.022114583333334,100,79.6,97.26875,0.3075510204081633,0,0.042564041241496584,3.472908163265306,0.03589285714285712,1.0804777848639457,22.8,18,19.561458333333334,941.2,1.2,144.81979166666667,11.75
2017-10-18,2017,10,18,0,27.554,16.868,20.771895833333332,100,77.7,93.95104166666667,0.2804081632653062,0,0.033793579931972774,3.45469387755102,0.026964285714285694,1.0144528592687077,23.6,16.9,19.707291666666666,1306.2,1.2,255.70520833333333,12
2017-10-19,2017,10,19,0.2,29.49,16.701,21.592177083333333,100,70.9,91.38541666666667,0.28076530612244904,0,0.03724968112244897,3.472729591836735,0.026964285714285694,1.0102620110544218,24.9,16.7,19.997916666666665,1633.7,1.2,288.5697916666667,12
2017-10-20,2017,10,20,0.2,29.29,17.272,21.715416666666666,100,74.2,92.77604166666667,0.2718367346938776,0,0.04671768707482992,3.4550510204081633,0.026964285714285694,1.0285079187925172,24.5,17.3,20.398958333333333,1281.2,1.2,299.325,11.75
2017-10-21,2017,10,21,5.6000000000000005,25.38,18.176,20.310624999999998,100,84,97.45833333333333,0.3075510204081633,0,0.05233896683673468,3.562908163265306,0.044821428571428554,1.0537887967687076,23.1,18.2,19.891666666666666,796.2,1.2,159.11666666666667,11.75
2017-10-22,2017,10,22,0.2,30.52,16.892,21.59978125,100,60.6,88.85208333333333,0.31647959183673474,0,0.05708227040816326,3.562908163265306,0.06285714285714283,1.0900239158163267,23.2,16.9,19.439583333333335,1661.2,1.2,397.0072916666667,12
2017-10-23,2017,10,23,0,29.966,16.963,21.468145833333335,99.3,56.8,82.703125,0.34344387755102046,0,0.062407791241496584,3.6618367346938774,0.07178571428571426,1.1629573235544217,21.5,14.3,18.073958333333334,1593.7,1.2,412.371875,12
2017-10-24,2017,10,24,0,30.369,15.819,21.8243125,96.7,52.3,74.91979166666667,0.37678571428571433,0,0.0658128720238095,3.8375,0.08982142857142857,1.252676711309524,20,12.7,16.802083333333332,1566.2,1.2,418.1010416666667,12
2017-10-25,2017,10,25,0,28.891,16.963,21.20346875,98.9,73.1,88.72083333333333,0.43964285714285717,0,0.08011346726190474,4.062678571428571,0.09874999999999999,1.3915401785714288,23.9,16.4,19.18125,1496.2,1.2,276.5385416666667,11.75
2017-10-26,2017,10,26,0,27.161,17.011,20.65015625,100,75.9,93.71979166666667,0.4933928571428572,0,0.08513578869047618,4.179464285714286,0.1526785714285714,1.5005840773809527,23.1,17,19.555208333333333,1263.7,1.2,192.13750000000002,11.75
2017-10-27,2017,10,27,0.8,28.147,17.558,20.757437499999998,100,77,94.15416666666667,0.5383928571428572,0,0.08041666666666666,4.305357142857143,0.13464285714285712,1.5339248511904764,24.2,17.6,19.73125,1348.7,1.2,210.57500000000002,11.5
2017-10-28,2017,10,28,6.800000000000001,27.407,17.177,20.780145833333332,100,79.2,91.94791666666667,0.5294642857142857,0,0.07574218749999999,4.251428571428572,0.1257142857142857,1.5287779017857144,23.8,16.5,19.391666666666666,1651.2,1.2,309.5854166666667,11.75
2017-10-29,2017,10,29,0.4,28.468,17.748,21.272822916666666,94,57.9,81.01354166666667,0.5142261904761904,0,0.06637710813492062,4.251190476190476,0.10767857142857142,1.5264806547619048,22.1,14.3,17.773958333333333,1478.7,1.2,330.47083333333336,11.75
2017-10-30,2017,10,30,1,27.949,18.129,21.178385416666668,99.6,67,86.88125,0.502389455782313,0,0.06295741213151926,4.224353741496599,0.09874999999999999,1.5265205144557825,21.8,16.8,18.782291666666666,1536.2,1.2,363.1791666666667,11.75
2017-10-31,2017,10,31,0.4,26.256,17.772,19.97434375,100,80.5,94.815625,0.4996598639455783,0,0.06529212726757368,4.223384353741497,0.0807142857142857,1.5238929634353742,22.7,17.8,19.1,1568.7,1.2,254.61145833333333,11.5
2017-11-01,2017,11,1,0,27.431,18.105,20.842260416666665,99.8,73.3,91.95625,0.457874149659864,0,0.057180768140589554,4.08546768707483,0.10773809523809522,1.4371766935941044,22.9,17.9,19.45,1588.7,1.2,253.46562500000002,11.5
2017-11-02,2017,11,2,1,27.382,18.2,20.822708333333335,100,72.9,91.84270833333333,0.44096088435374153,0,0.04946605725623581,3.983886054421769,0.06401360544217685,1.3375973462301587,23.1,17.7,19.39270833333333,1713.7,1.2,318.4916666666667,11.5
2017-11-03,2017,11,3,6.4,27.407,17.938,21.105614583333335,100,68.7,85.23229166666667,0.39578231292517013,0,0.04442699475623581,3.95656462585034,0.06401360544217685,1.3223406498015873,22.2,16.5,18.410416666666666,1638.7,1.2,369.5854166666667,12
2017-11-04,2017,11,4,2.6,22.824,17.986,19.49128125,100,81.5,93.73125,0.37649659863945584,0,0.04219671201814058,3.9220238095238096,0.07549319727891154,1.3477796378968256,20.9,16.3,18.457291666666666,983.7,1.2,176.82500000000002,11.5
2017-11-05,2017,11,5,8.2,23.665,17.225,19.5143125,100,88.2,97.365625,0.38280612244897966,0,0.047930839002267564,4.002976190476191,0.0933503401360544,1.395960441468254,22.6,17.2,19.088541666666668,1136.2,1.2,199.48125000000002,11.75
2017-11-06,2017,11,6,1.4000000000000001,23.689,17.843,19.8233125,100,88.8,97.08020833333333,0.39464285714285724,0,0.052747484410430825,4.011955782312925,0.10227891156462583,1.4276021293934242,22.2,17.1,19.355208333333334,851.2,1.2,168.70000000000002,11.5
2017-11-07,2017,11,7,0,25.744,16.892,20.214583333333334,99.1,77.9,91.509375,0.43344387755102043,0,0.05910696570294783,4.084889455782313,0.12924319727891156,1.4761206774376419,22.4,15.8,18.772916666666667,1333.7,1.2,234.45520833333333,11.5
2017-11-08,2017,11,8,0,26.402,17.819,20.497510416666668,99.8,76.6,91.46770833333333,0.4573724489795919,0,0.06214019982993196,4.195841836734694,0.11114795918367346,1.5455117984693878,22.5,16.6,19.019791666666666,1693.7,1.2,304.1947916666667,11.5
2017-11-09,2017,11,9,0,27.235,16.725,20.641947916666666,96.9,70.3,84.25208333333333,0.4382142857142858,0,0.0648251488095238,4.225459183673469,0.10987244897959182,1.602676711309524,21.8,15.7,17.8125,1706.2,1.2,316.7729166666667,11.75
2017-11-10,2017,11,10,0,28.543,15.891,20.420083333333334,99.6,58.3,81.85729166666667,0.5012500000000001,0,0.0795628720238095,4.279387755102041,0.1279081632653061,1.7034207589285715,22,11.9,17.0625,1578.7,1.2,314.37708333333336,11.75
2017-11-11,2017,11,11,0,27.924,18.105,20.764541666666666,92.8,68.6,83.50625,0.5387500000000001,0,0.08819940476190476,4.457678571428572,0.17035714285714285,1.8054817708333335,22.2,15.5,17.853125,1486.2,1.2,283.5697916666667,11.75
2017-11-12,2017,11,12,0.2,29.84,16.796,20.78190625,99.7,53.6,85.25520833333333,0.5564285714285715,0,0.0908705357142857,4.484642857142857,0.18857142857142856,1.8668210565476193,22.9,15.8,17.984375,1628.7,1.2,294.6375,11.5
2017-11-13,2017,11,13,0.8,29.115,15.581,20.609572916666668,100,55.8,88.028125,0.5741071428571429,0,0.09038690476190474,4.619285714285715,0.20660714285714282,1.883707217261905,22,15.6,18.232291666666665,1548.7,1.2,364.76770833333336,11.5
2017-11-14,2017,11,14,0,26.573,15.724,20.015395833333333,100,46.4,82.37604166666667,0.5741071428571429,0,0.08915736607142856,4.6375,0.23357142857142854,1.9272377232142859,19.9,11.2,16.460416666666667,1331.2,1.2,238.28333333333333,11.75
2017-11-15,2017,11,15,0,30.394,16.129,20.6658125,100,40.9,81.775,0.5830357142857144,0,0.09613653273809522,4.610357142857143,0.2785714285714285,1.9779017857142858,18.3,13.2,16.790625,1606.2,1.2,359.79375,11.75
2017-11-16,2017,11,16,0,29.09,14.17,19.98710416666667,100,58.2,84.66041666666666,0.6010714285714286,0,0.10452938988095237,4.664285714285714,0.3142857142857142,2.0519698660714285,21.2,12.3,17.035416666666666,1466.2,1.2,260.39270833333336,11.5
2017-11-17,2017,11,17,0,27.801,15.676,20.99625,100,68.2,89.57083333333333,0.5919642857142857,0,0.10558035714285714,4.6375,0.3051785714285714,2.0473716517857143,22.5,15.7,19.088541666666668,1331.2,1.2,249.06458333333336,11.5
2017-11-18,2017,11,18,0,28.196,17.225,20.984750000000002,100,74.9,90.45208333333333,0.5737500000000001,0,0.10138764880952379,4.5566071428571435,0.26928571428571424,1.9959988839285716,24.2,17.2,19.3,1303.7,1.2,237.73645833333333,11.5
2017-11-19,2017,11,19,0.8,28.444,17.486,20.834385416666667,99.6,73.2,92.73125,0.5646428571428571,0,0.1025,4.520892857142857,0.2691071428571428,1.9815792410714288,23.5,17.4,19.558333333333334,1521.2,1.2,239.27291666666667,11.5
2017-11-20,2017,11,20,0,28.518,18.414,21.690989583333334,99.6,73.7,89.97604166666666,0.5557142857142857,0,0.10761532738095236,4.458392857142857,0.31410714285714286,2.0220052083333333,23.5,18.2,19.9,1518.7,1.2,342.42395833333336,11.5
2017-11-21,2017,11,21,0.2,29.64,18.105,21.410197916666668,99.3,70.8,89.77708333333334,0.5466071428571428,0,0.1080673363095238,4.476428571428571,0.33196428571428566,2.0493694196428573,23.8,17.9,19.579166666666666,1686.2,1.2,297.0072916666667,11.75
2017-11-22,2017,11,22,0,27.431,17.819,21.077625,97.9,63.9,87.54270833333334,0.5648214285714286,0,0.11098586309523809,4.548214285714286,0.35,2.1074144345238097,22.7,12,18.863541666666666,1538.7,1.2,322.29375,11.5
2017-11-23,2017,11,23,0,28.766,15.605,20.437927083333335,95.9,50.1,79.59375,0.5741071428571428,0,0.11624813988095237,4.629107142857143,0.3953571428571428,2.153076636904762,19.1,13.9,16.494791666666668,1498.7,1.2,325.028125,11.75
2017-11-24,2017,11,24,0,28.791,16.606,21.350854166666664,92.6,58.4,77.50833333333333,0.5744642857142858,0,0.11744233630952379,4.6380357142857145,0.4942857142857142,2.186514136904762,20.7,15,17.086458333333333,1421.2,1.2,321.825,11.5
2017-11-25,2017,11,25,0,27.628,17.225,20.579166666666666,99.3,67.1,84.85625,0.5744642857142858,0,0.11594308035714283,4.755000000000001,0.5301785714285714,2.237620907738095,21.1,15.2,17.817708333333332,1428.7,1.2,278.6479166666667,11.75
2017-11-26,2017,11,26,0.2,28.295,17.153,20.08340625,99.4,69.4,87.534375,0.6017857142857144,0,0.12015066964285713,4.8898214285714285,0.5482142857142857,2.2988597470238092,22.3,15.2,17.895833333333332,1638.7,1.2,240.73125000000002,11.75
2017-11-27,2017,11,27,7.800000000000001,24.339,18.343,19.703625,100,83.3,96.59791666666666,0.6200000000000001,0,0.11430245535714283,4.934642857142857,0.4942857142857143,2.2976171874999998,22.1,18.3,19.15625,1108.7,1.2,176.06979166666667,11.25
2017-11-28,2017,11,28,0.2,25.987,18.295,20.824770833333332,100,78.8,89.203125,0.6019642857142857,0,0.11038876488095237,4.853571428571429,0.43142857142857144,2.2286941964285716,22.2,16.9,18.945833333333333,1436.2,1.2,290.5229166666667,11.75
2017-11-29,2017,11,29,9.4,25.234,17.891,19.229416666666665,100,76.1,93.88125,0.5657142857142857,0,0.1009486607142857,4.736785714285714,0.3864285714285714,2.128428199404762,20.7,17.1,18.202083333333334,1493.7,1.2,218.28333333333333,11.25
2017-11-30,2017,11,30,20,19.984,17.986,18.839177083333333,100,99.5,99.98541666666667,0.5383928571428572,0,0.08821986607142855,4.629107142857143,0.34142857142857136,2.032661830357143,20,18,18.859375,216.2,1.2,47.47604166666667,11
2017-12-01,2017,12,1,6.800000000000001,23.689,17.701,19.507375,100,92.4,99.22291666666666,0.5112500000000001,0,0.08654017857142857,4.718928571428571,0.32339285714285715,2.021024925595238,22.8,17.7,19.401041666666668,1361.2,1.2,119.84583333333333,11.25
2017-12-02,2017,12,2,0.6000000000000001,28.667,16.415,20.228270833333333,100,66,90.80416666666667,0.520357142857143,0,0.09280133928571428,4.656071428571429,0.3235714285714285,2.0312369791666667,23.2,16.4,18.56458333333333,1506.2,1.2,254.06458333333333,11.75
2017-12-03,2017,12,3,1.7999999999999998,27.554,16.058,20.03228125,100,62.4,91.440625,0.5383928571428572,0,0.09984188988095237,4.664821428571429,0.36839285714285713,2.0215699404761907,22.2,15.6,18.467708333333334,1321.2,1.2,278.98645833333336,11.5
2017-12-04,2017,12,4,0,28.543,16.201,20.639041666666667,100,69.1,89.17916666666666,0.5292857142857144,0,0.1001078869047619,4.556785714285715,0.42232142857142857,2.011462053571429,23.3,16.2,18.617708333333333,1471.2,1.2,306.17395833333336,11.75
2017-12-05,2017,12,5,0,29.966,14.553,20.263322916666667,100,58.9,88.37395833333333,0.5383928571428572,0,0.11223400297619046,4.665,0.45821428571428563,2.0709207589285716,22.6,14.6,18.007291666666667,1536.2,1.2,348.43958333333336,11.75
2017-12-06,2017,12,6,0,29.414,15.748,20.253833333333333,100,65.4,90.6375,0.5835714285714285,0,0.12447730654761903,4.781785714285715,0.5121428571428571,2.1283147321428575,23.2,15.8,18.527083333333334,1556.2,1.2,288.3875,11.75
2017-12-07,2017,12,7,0,27.112,16.415,20.336552083333334,100,72.6,90.80416666666667,0.637857142857143,0,0.13923177083333332,4.871428571428572,0.5301785714285714,2.1758147321428574,22.4,15.7,18.684375,1426.2,1.2,288.8041666666667,11.5
2017-12-08,2017,12,8,0,28.593,15.27,19.997958333333333,100,58.7,82.02291666666666,0.6737500000000001,0,0.1486830357142857,4.8175,0.5303571428571429,2.1963988095238096,23.2,8.5,16.603125,1478.7,1.2,292.18958333333336,11.75
2017-12-09,2017,12,9,0,29.09,14.673,20.139958333333333,98.3,45,78.78645833333333,0.6828571428571429,0,0.15249255952380952,4.871607142857143,0.5660714285714286,2.193130580357143,20.3,14.1,15.821875,1461.2,1.2,342.29375,11.75
2017-12-10,2017,12,10,0,27.727,15.199,20.274864583333333,97.9,55.7,81.24583333333334,0.6826785714285715,0,0.15462053571428572,4.871964285714285,0.5658928571428571,2.2066294642857143,19.5,14.1,16.710416666666667,1426.2,1.2,330.965625,11.75
2017-12-11,2017,12,11,0,22.633,17.534,19.701052083333334,96.1,77.5,86.834375,0.7008928571428571,0,0.16666108630952378,4.9887500000000005,0.5657142857142857,2.263262648809524,20,14.7,17.446875,458.7,1.2,110.83541666666666,11.5
2017-12-12,2017,12,12,0,27.358,16.487,20.53690625,100,73.8,89.61874999999999,0.755,0,0.18476004464285714,5.1049999999999995,0.6198214285714286,2.360453869047619,22.9,15.6,18.70625,1161.2,1.2,236.09583333333333,11.5
2017-12-13,2017,12,13,0,24.653,16.463,19.731354166666666,100,80.3,94.63229166666666,0.7639285714285714,0,0.1940234375,5.069285714285714,0.62875,2.4224144345238097,21.7,16.5,18.814583333333335,616.2,1.2,142.45000000000002,11.25
2017-12-14,2017,12,14,0,27.161,17.415,20.5991875,100,62.4,85.51145833333334,0.76375,0,0.2001878720238095,5.177142857142857,0.6826785714285714,2.5161458333333333,22.1,11,17.945833333333333,1268.7,1.2,301.04375,11.5
2017-12-15,2017,12,15,0,26.085,15.939,20.033885416666667,95.5,71.1,83.04270833333334,0.8089285714285716,0,0.21766741071428572,5.303214285714286,0.7994642857142856,2.6278720238095237,20.9,12.2,17.020833333333332,1461.2,1.2,339.559375,11.5
2017-12-16,2017,12,16,0,26.744,17.082,20.129604166666667,97.8,66.1,86.234375,0.8539285714285715,0,0.23489769345238096,5.47375,0.8175,2.720801711309524,20.3,15.6,17.629166666666666,1436.2,1.2,339.090625,11.5
2017-12-17,2017,12,17,0,25.137,14.361,18.67865625,96.4,69.3,84.8,0.8630357142857144,0,0.23732142857142854,5.4825,0.8357142857142856,2.737464657738095,19.8,11.7,15.9875,1441.2,1.2,352.684375,11.5
2017-12-18,2017,12,18,0,25.234,13.185,18.368427083333334,96.9,62.3,78.68958333333333,0.88125,0,0.24367745535714283,5.419642857142857,0.8717857142857143,2.7491536458333337,18.1,8.7,14.45625,1408.7,1.2,342.65833333333336,11.5
2017-12-19,2017,12,19,0,24.412,14.385,18.906322916666667,94.6,69.1,83.484375,0.8539285714285716,0,0.2277250744047619,5.384107142857142,0.8089285714285713,2.6569921874999998,18.8,12.6,15.978125,1408.7,1.2,347.45,11.5
2017-12-20,2017,12,20,0.4,26.304,16.915,19.041958333333334,100,71.9,88.06041666666667,0.8539285714285716,0,0.2154706101190476,5.392857142857143,0.7369642857142856,2.577047991071429,21.8,13.7,16.928125,1761.2,1.2,249.01250000000002,11.5
2017-12-21,2017,12,21,1.6,25.89,14.96,19.031510416666666,99.1,65.4,84.75416666666666,0.8089285714285716,0,0.19577938988095236,5.114642857142857,0.6289285714285714,2.410450148809524,20.4,12.6,16.329166666666666,1568.7,1.2,319.22083333333336,11.5
2017-12-22,2017,12,22,0,25.598,15.819,19.2165,90.9,68.7,80.41979166666667,0.7819642857142858,0,0.16855468749999997,4.979642857142857,0.4401785714285714,2.2632514880952384,19.9,12.7,15.714583333333334,1466.2,1.2,352.6322916666667,11.5
2017-12-23,2017,12,23,0,25.525,15.819,19.323541666666667,92.7,68.8,82.49583333333334,0.7276785714285714,0,0.1569140625,4.718928571428571,0.39535714285714285,2.1767280505952384,19.8,13.5,16.213541666666668,1463.7,1.2,357.4760416666667,11.5
2017-12-24,2017,12,24,0,26.549,14.792,18.792770833333332,96.3,60.4,81.80104166666666,0.7458928571428572,0,0.15953124999999999,4.6832142857142856,0.3503571428571428,2.1545442708333336,18.6,13.3,15.45625,1446.2,1.2,346.3822916666667,11.5
2017-12-25,2017,12,25,0,25.647,14.098,18.704802083333334,98.1,69.9,86.10729166666667,0.7544642857142857,0,0.16665550595238093,4.719285714285713,0.3501785714285714,2.1712239583333335,20,12.9,16.265625,1428.7,1.2,330.8354166666667,11.75
2017-12-26,2017,12,26,0,26.744,16.058,20.031083333333335,99,67.3,83.7125,0.7726785714285714,0,0.17532366071428568,4.647321428571429,0.40392857142857147,2.2293340773809525,20.7,12.7,17.055208333333333,1421.2,1.2,338.51770833333336,11.75
2017-12-27,2017,12,27,0,25.307,15.533,19.240875,84.5,51,70.21770833333333,0.7730357142857144,0,0.18453869047619048,4.7283928571428575,0.5028571428571429,2.3156622023809526,17.9,9.8,13.565625,1453.7,1.2,349.325,11.75
2017-12-28,2017,12,28,0,23.545,13.473,17.291104166666667,95.1,69.2,82.20729166666666,0.8,0,0.21078497023809523,4.998035714285714,0.62875,2.5003255208333335,17.8,12,14.158333333333333,1443.7,1.2,351.2,11.75
2017-12-29,2017,12,29,0,24.919,13.064,17.685333333333332,87.9,61.3,77.35833333333333,0.8176785714285716,0,0.23259114583333335,5.1867857142857146,0.7276785714285714,2.595368303571429,17.4,11.1,13.548958333333333,1458.7,1.2,351.79895833333336,11.75
2017-12-30,2017,12,30,0,26.769,14.122,18.935,90.3,56.6,77.21041666666667,0.8808928571428573,0,0.24945870535714285,5.357678571428572,0.7905357142857142,2.6841052827380953,18.3,11.9,14.661458333333334,1478.7,1.2,350.93958333333336,11.75
2017-12-31,2017,12,31,0,28.196,14.361,19.324875,90.5,47.4,75.28333333333333,0.8896428571428573,0,0.26501674107142853,5.501428571428571,0.8175,2.782049851190476,17.5,12.4,14.538541666666667,1463.7,1.2,345.54895833333336,11.75
2018-01-01,2018,1,1,0,31.281,14.05,19.596583333333335,98.9,40.4,75.98854166666666,0.916607142857143,0,0.2654278273809524,5.627142857142857,0.8178571428571428,2.8087965029761905,19.6,12.7,14.494791666666666,1451.2,1.2,339.4291666666667,11.75
2018-01-02,2018,1,2,0,29.265,14.553,19.740833333333335,96.6,58.7,79.47083333333333,0.916607142857143,0,0.2621242559523809,5.626964285714286,0.80875,2.8085770089285718,21.2,12.2,15.858333333333334,1328.7,1.2,283.59583333333336,11.75
2018-01-03,2018,1,3,0,28.295,15.199,20.054729166666668,97.6,53.2,81.078125,0.9523214285714287,0,0.2681436011904762,5.618035714285715,0.7637499999999999,2.802505580357143,19.3,14.6,16.33125,1563.7,1.2,311.25208333333336,11.75
2018-01-04,2018,1,4,0,27.456,15.27,19.649760416666666,98.3,57.2,83.54270833333334,0.9792857142857143,0,0.2681305803571428,5.626607142857142,0.7276785714285714,2.7792354910714288,19.8,13.5,16.590625,1451.2,1.2,343.5697916666667,11.75
2018-01-05,2018,1,5,0,25.647,13.954,18.56878125,98.4,63.1,81.71770833333333,0.9703571428571429,0,0.2635435267857143,5.51875,0.6735714285714286,2.7443880208333336,19.5,13,15.213541666666666,1433.7,1.2,308.4135416666667,11.75
2018-01-06,2018,1,6,0,27.776,13.69,18.953260416666666,91.3,48.2,74.91145833333333,0.9435714285714286,0,0.2553441220238095,5.527678571428572,0.6285714285714284,2.7223679315476192,17.9,11.6,14.070833333333333,1453.7,1.2,317.0072916666667,11.75
2018-01-07,2018,1,7,0,26.769,13.69,18.980989583333333,90.1,49,73.64270833333333,0.9167857142857143,0,0.24147135416666665,5.401785714285714,0.6646428571428571,2.6885230654761907,16.7,11.4,13.851041666666667,1336.2,1.2,313.9604166666667,11.75
2018-01-08,2018,1,8,0,25.841,13.305,18.045593750000002,92.1,52.7,75.10833333333333,0.8989285714285715,0,0.239453125,5.383571428571429,0.7005357142857143,2.6989415922619053,16.1,11.5,13.363541666666666,1413.7,1.2,327.5541666666667,11.75
2018-01-09,2018,1,9,0,25.355,13.497,18.701333333333334,89.4,59.6,76.20208333333333,0.9439285714285716,0,0.26442894345238094,5.527321428571428,0.7814285714285714,2.796664806547619,18.9,11,14.339583333333334,1453.7,1.2,315.93958333333336,11.5
2018-01-10,2018,1,10,1.2000000000000002,25.647,15.605,18.344895833333332,100,75.5,92.415625,0.9078571428571429,0,0.2527139136904762,5.527321428571428,0.7816071428571428,2.786545758928572,21.1,14,17.047916666666666,1656.2,1.2,355.1322916666667,11.75
2018-01-11,2018,1,11,0,26.426,16.296,19.9246875,97.5,70.1,87.515625,0.89875,0,0.23710937499999998,5.4469642857142855,0.71875,2.717025669642857,20.9,15.6,17.707291666666666,1461.2,1.2,352.0072916666667,11.5
2018-01-12,2018,1,12,0,25.258,16.63,19.75325,98.2,73.4,88.240625,0.89,0,0.23029947916666663,5.455892857142857,0.7189285714285714,2.6961588541666672,20.7,16,17.708333333333332,1338.7,1.2,225.99166666666667,11.75
2018-01-13,2018,1,13,0,26.524,16.344,19.688770833333333,90.6,48.4,73.39166666666667,0.8989285714285715,0,0.22813802083333332,5.428928571428571,0.7008928571428571,2.6518396577380954,20.2,8.5,14.610416666666667,1526.2,1.2,260.575,11.5
2018-01-14,2018,1,14,0,28.642,12.944,19.607,75.7,35.6,55.51979166666667,0.9167857142857143,0,0.22763206845238093,5.437857142857142,0.6378571428571428,2.609477306547619,15.3,6.7,10.159375,1558.7,1.2,381.56458333333336,11.75
2018-01-15,2018,1,15,0,29.991,14.505,20.475364583333334,83.7,34,59.15625,0.9080357142857143,0,0.22851748511904763,5.384107142857142,0.5748214285714285,2.58475818452381,14.1,7.7,11.6,1556.2,1.2,385.965625,11.75
2018-01-16,2018,1,16,0,29.365,16.01,21.008635416666667,81.9,46.6,64.071875,0.8630357142857144,0,0.2048530505952381,5.303392857142858,0.4401785714285714,2.4751264880952384,17.3,10.4,13.692708333333334,1483.7,1.2,365.2625,11.75
2018-01-17,2018,1,17,0,27.801,15.366,20.015677083333333,95.1,53.5,76.39479166666666,0.8810714285714286,0,0.2134858630952381,5.276428571428572,0.3953571428571428,2.4492578125000004,19.5,12.6,15.491666666666667,1406.2,1.2,350.93958333333336,11.75
2018-01-18,2018,1,18,0,27.014,15.079,19.676677083333335,90.2,45.8,65.309375,0.8992857142857142,0,0.2233816964285714,5.329821428571429,0.40446428571428567,2.4524107142857146,15.1,8.8,12.580208333333333,1496.2,1.2,371.3822916666667,11.75
2018-01-19,2018,1,19,0,25.574,13.69,18.769041666666666,78,54.2,64.909375,0.89,0,0.2248474702380952,5.231071428571428,0.40446428571428567,2.440048363095238,16.5,7.5,11.939583333333333,1593.7,1.2,398.4916666666667,11.75
2018-01-20,2018,1,20,0,27.653,13.738,19.28475,83.3,41.4,64.75,0.8717857142857143,0,0.22995907738095236,5.186071428571429,0.40464285714285714,2.4502455357142856,15.5,7.1,12.116666666666667,1588.7,1.2,392.45,11.75
2018-01-21,2018,1,21,0,27.899,13.209,19.412614583333333,84.2,39.2,63.63645833333333,0.8687103174603176,0,0.23378823578042326,5.134087301587302,0.4006349206349206,2.4104691633597883,15.9,8.3,12.040625,1571.2,1.2,396.48645833333336,12
2018-01-22,2018,1,22,0,30.571,12.243,19.743322916666667,92.1,38.8,68.190625,0.8664484126984127,0,0.23776992394179894,5.108392857142857,0.40339285714285716,2.3690077298280423,15.8,9.7,13.065625,1523.7,1.2,379.090625,11.5
2018-01-23,2018,1,23,0,27.604,14.314,20.004041666666666,97.9,57.6,81.18645833333333,0.8895039682539683,0,0.24889095568783068,5.058531746031746,0.46436507936507937,2.3722269758597885,18.9,13.6,16.434375,1388.7,1.2,292.3197916666667,11.5
2018-01-24,2018,1,24,0,27.456,15.318,20.1855625,99,59,82.67083333333333,0.9065873015873016,0.003968253968253968,0.2637857556216931,5.056468253968254,0.5001984126984127,2.391361607142857,21.3,14.9,16.936458333333334,1526.2,1.2,286.0697916666667,11.75
2018-01-25,2018,1,25,0,29.19,15.867,20.97515625,99.6,51.8,78.46979166666667,0.923670634920635,0.003968253968253968,0.2743165095899471,4.997857142857143,0.4829761904761905,2.416450686177249,19.9,14.7,16.754166666666666,1523.7,1.2,360.5229166666667,11.75
2018-01-26,2018,1,26,0,28.493,15.318,20.159697916666666,97.3,43.6,72.7,0.9878968253968254,0.003968253968253968,0.2966898148148148,5.167599206349207,0.4787896825396825,2.4894661458333336,16.8,12.7,14.519791666666666,1468.7,1.2,357.97083333333336,11.75
2018-01-27,2018,1,27,0,28.147,14.314,19.950895833333334,95.1,46.3,72.76354166666667,0.9828571428571429,0.003968253968253968,0.28995535714285714,5.133650793650793,0.4387301587301587,2.444050925925926,16.1,12.6,14.383333333333333,1476.2,1.2,355.70520833333336,12
2018-01-28,2018,1,28,0,26.842,15.008,19.89178125,97,54.9,77.73020833333334,0.986984126984127,0.003968253968253968,0.2876388888888889,5.253809523809524,0.4307936507936508,2.4644163359788362,18.6,13.6,15.657291666666667,1496.2,1.2,314.14270833333336,11.75
2018-01-29,2018,1,29,0,27.653,15.247,20.28578125,97.1,35.8,64.75416666666666,0.993531746031746,0.008432539682539682,0.28735139715608465,5.297718253968254,0.4144642857142857,2.465946593915344,16.2,9.6,12.821875,1586.2,1.2,387.6322916666667,12
2018-01-30,2018,1,30,0,28.866,14.864,20.2049375,86.4,53.7,70.98333333333333,1.0110119047619048,0.017361111111111112,0.300434234457672,5.316329365079365,0.4477777777777777,2.517306960978836,18.7,12,14.60625,1551.2,1.2,389.22083333333336,12
2018-01-31,2018,1,31,0,27.199599483849486,15.84187062937063,20.316807028908592,82.7792206959707,43.75968173493173,63.40223342282717,1.0119642857142856,0.013392857142857142,0.2969047619047619,5.372321428571429,0.4206944444444444,2.5272218088624343,17.84866248196248,1.5577774891774894,9.244713086219337,1538.7391275391274,1.2,366.8358810460373,11.90521978021978
2018-02-01,2018,2,1,0,27.347270812520815,15.866833666333665,20.404059890630204,81.35165526140524,42.44358283383283,61.493598037379286,1.013095238095238,0.013392857142857142,0.29520027281746025,5.426646825396825,0.4379166666666666,2.526044560185185,17.594813997113995,1.004436940836941,8.484285146103897,1550.744622044622,1.2,372.99433197011325,11.90646853146853
2018-02-02,2018,2,2,0,27.449602480852484,15.850190309690309,20.463318153200966,80.328912004662,41.48390251415251,60.40120682442557,1.003154761904762,0.013392857142857142,0.28029534556878305,5.341904761904762,0.3879960317460317,2.4521492642195772,17.444202164502165,0.7163994227994228,8.291428694684944,1560.4474192474192,1.2,379.64057635073266,11.925199800199797
2018-02-03,2018,2,3,0,27.53316991341992,15.811370129870129,20.506005174512985,80.56538852813853,41.228265151515146,60.33322524350649,1.0576587301587304,0.013392857142857142,0.2890405919312169,5.420853174603175,0.3918055555555555,2.471602802579365,17.241477777777778,1.4860444444444443,8.752641898148148,1570.6372294372293,1.2,384.02239245129874,11.92694805194805
2018-02-04,2018,2,4,0,27.647844155844158,15.716051948051946,20.505063988095237,80.59461038961038,41.6447922077922,60.58503544372294,1.0973214285714286,0.013392857142857142,0.29508370535714284,5.343392857142858,0.3498214285714285,2.455530133928572,16.946571428571428,2.5258571428571424,9.22176917989418,1580.7129870129868,1.2,385.95852272727274,11.94155844155844
2018-02-05,2018,2,5,0,27.806155844155846,15.65364935064935,20.57788244047619,80.6430909090909,41.70848051948052,60.85741829004329,1.1375,0.008928571428571428,0.30378348214285716,5.370535714285714,0.3453571428571428,2.469014136904762,16.467174603174602,3.7597301587301586,9.519156415343916,1583.7649350649351,1.2,386.7492424242424,11.94155844155844
2018-02-06,2018,2,6,1.5,27.91857142857143,15.579909090909089,20.63263216991342,81.67222077922077,42.91067532467532,62.37395562770563,1.1151785714285716,0,0.2899609375,5.437678571428571,0.2780357142857143,2.418413318452381,16.60674603174603,4.936952380952381,10.471868386243386,1594.9012987012986,1.2,390.73733766233767,11.954545454545453
2018-02-07,2018,2,7,19,27.89548051948052,15.506194805194806,20.634620670995673,83.12183116883116,43.60324675324675,63.90337987012987,1.115357142857143,0,0.2929445684523809,5.45125,0.2691071428571428,2.4395721726190476,16.954809523809523,4.9465079365079365,11.451282076719577,1593.5376623376621,1.2,391.8419101731602,11.96103896103896
2018-02-08,2018,2,8,8.5,27.84990909090909,15.528090909090908,20.656106195887446,84.04984415584416,44.299727272727274,65.09205357142856,1.1333928571428573,0,0.3030059523809524,5.5325,0.33178571428571424,2.531977306547619,17.131301587301586,5.560253968253968,12.166220238095239,1597.661038961039,1.2,390.81208062770565,11.967532467532466
2018-02-09,2018,2,9,0.5,27.769636363636362,15.562818181818182,20.659311553030303,84.15240259740258,45.17506493506493,65.80320752164502,1.1514285714285715,0,0.3130450148809524,5.5825000000000005,0.39464285714285713,2.624192708333333,17.138666666666666,6.426174603174603,12.484931547619047,1588.3753246753245,1.2,387.7882034632035,11.96103896103896
2018-02-10,2018,2,10,0,27.86323376623377,15.596896103896103,20.70935037878788,83.76444155844156,44.33892207792207,65.13841585497836,1.1426785714285714,0,0.3128608630952381,5.605178571428572,0.39464285714285713,2.6548753720238096,16.99901587301587,5.75347619047619,12.012106481481482,1595.0961038961038,1.2,391.73672889610395,11.967532467532466
2018-02-11,2018,2,11,0,27.842727272727274,15.664974025974024,20.770661796536796,84.28703896103896,43.51116883116883,64.89943804112553,1.106607142857143,0,0.3063299851190476,5.60125,0.41267857142857134,2.6354873511904766,17.16111111111111,5.149936507936508,11.708300264550264,1589.2844155844157,1.2,390.4157061688312,11.967532467532466
2018-02-12,2018,2,12,0,27.848337662337663,15.68225974025974,20.80039596861472,85.249922077922065,43.20564935064935,65.449079004329,1.075357142857143,0,0.2893917410714285,5.515535714285714,0.3767857142857142,2.551793154761905,17.451555555555554,4.808809523809524,11.874359457671957,1582.0766233766233,1.2,388.98070887445886,11.977272727272725
2018-02-13,2018,2,13,0,28.041987012987015,15.75538961038961,20.892361066017315,85.59203896103895,42.20964935064934,65.44916260822511,1.1067857142857143,0,0.28936197916666667,5.457142857142857,0.3857142857142857,2.5233091517857145,17.612555555555556,4.574396825396825,11.899314153439153,1591.4922077922076,1.2,391.59333062770565,11.98051948051948
2018-02-14,2018,2,14,0,28.23244155844156,15.828051948051947,21.009585362554112,85.33435064935064,41.81858441558442,65.06527895021644,1.1155357142857143,0,0.27864211309523806,5.389642857142857,0.3767857142857142,2.443989955357143,17.730444444444444,5.150714285714286,11.89969642857143,1598.472727272727,1.2,394.0720238095238,11.987012987012987
2018-02-15,2018,2,15,0,28.41875324675325,15.809480519480518,21.070947781385282,85.17622077922077,41.687753246753246,65.05260876623376,1.092857142857143,0,0.26950148809523805,5.272321428571429,0.28696428571428567,2.3038504464285716,17.711857142857145,5.26579365079365,11.850789682539682,1606.2974025974024,1.2,396.962987012987,11.993506493506493
2018-02-16,2018,2,16,0,28.721350649350654,15.86068831168831,21.200428165584416,85.66359740259739,40.535194805194806,64.80316017316018,1.0433928571428572,0,0.2562220982142857,5.173035714285715,0.20625,2.191129092261905,17.83761904761905,4.831761904761905,11.86175992063492,1626.5571428571427,1.2,401.41712662337665,12.003246753246753
2018-02-17,2018,2,17,0,28.826025974025978,15.913519480519481,21.248152597402598,86.23670129870129,40.001844155844154,65.19862445887445,1.0069642857142858,0,0.2445703125,5.078392857142857,0.1794642857142857,2.1131082589285715,18.321269841269842,4.316412698412698,11.913643187830688,1635.0311688311688,1.2,399.86003787878786,12.009740259740258
2018-02-18,2018,2,18,0,29.01448051948052,16.01574025974026,21.34463528138528,85.55635064935063,39.73954545454546,64.84382954545454,1.0069642857142858,0,0.24927641369047615,5.069107142857143,0.17035714285714285,2.1318340773809523,18.55519047619048,3.704206349206349,11.793348875661376,1652.4337662337662,1.2,404.06661255411257,12.009740259740258
2018-02-19,2018,2,19,0,29.145077922077924,16.123896103896104,21.440834550865798,84.65833766233766,39.061701298701294,63.69991287878788,1.034107142857143,0,0.2554278273809524,5.149821428571428,0.16124999999999995,2.1855096726190477,18.707666666666665,2.7807142857142852,11.36835615079365,1666.32987012987,1.2,408.77136093073597,12.016233766233766
2018-02-20,2018,2,20,0,29.231688311688313,16.19851948051948,21.532757034632034,83.71232467532467,38.26137662337662,62.26854058441558,1.0564285714285715,0,0.26359002976190476,5.302678571428571,0.14785714285714285,2.2396670386904765,18.585317460317462,2.352396825396825,10.947229166666668,1674.251948051948,1.2,413.1527867965368,12.025974025974024
2018-02-21,2018,2,21,0,29.31118181818182,16.335623376623378,21.617382305194806,82.31744155844156,38.08422077922078,61.07371212121212,1.0475,0,0.2770926339285714,5.415178571428571,0.14785714285714285,2.3052120535714287,18.356285714285715,2.2507142857142854,10.496811838624339,1676.394805194805,1.2,414.0879193722944,12.029220779220777
2018-02-22,2018,2,22,0,29.476753246753248,16.40938961038961,21.759064935064934,82.84155844155842,37.37331168831169,60.42261093073593,1.0475,0,0.2859579613095238,5.4871428571428575,0.16142857142857142,2.3681045386904764,18.569031746031747,1.8809047619047614,10.371766865079366,1682.6285714285714,1.2,419.2056141774892,12.035714285714283
2018-02-23,2018,2,23,0,29.555753246753248,16.447129870129867,21.811324810606063,82.95684415584414,37.66783116883117,60.50862662337662,1.0832142857142857,0,0.30166294642857144,5.595357142857144,0.23321428571428568,2.4519084821428576,18.638349206349208,1.9196031746031743,10.329175595238096,1686.1025974025974,1.2,420.78468614718616,12.045454545454545
2018-02-24,2018,2,24,0,29.61896103896104,16.523545454545452,21.86768952922078,82.88925974025973,37.97466233766233,60.51658874458874,1.1105357142857144,0,0.3274609375,5.685357142857143,0.2782142857142857,2.5443917410714287,18.43068253968254,2.456190476190476,10.45424007936508,1685.0636363636363,1.2,419.1579274891775,12.04220779220779
2018-02-25,2018,2,25,0,29.57331168831169,16.583662337662336,21.87586958874459,83.18196103896103,38.043,61.10874972943723,1.1419642857142858,0,0.3363318452380953,5.7125,0.3142857142857142,2.5843898809523815,18.29863492063492,2.327031746031746,10.822298611111112,1688.0506493506493,1.2,416.45771103896107,12.05194805194805
2018-02-26,2018,2,26,0,29.573705627705632,16.623844155844157,21.914620084776338,83.63499134199132,37.71261904761904,61.41127191558441,1.1198214285714287,0,0.3288262648809524,5.654464285714286,0.2964285714285714,2.5565569196428575,18.34627777777778,0.5258095238095236,10.35427232142857,1705.8753246753245,1.2,419.3051587301588,12.045454545454545
2018-02-27,2018,2,27,0,29.479991341991344,16.671896103896103,21.88786792027417,83.99274458874457,38.39947619047619,62.25877408008658,1.0976785714285715,0,0.31935267857142857,5.479285714285715,0.2739285714285714,2.4955543154761908,18.382325396825397,-0.01530158730158755,10.162241236772488,1699.998701298701,1.2,414.7214871933622,12.04220779220779
2018-02-28,2018,2,28,0,29.401822510822512,16.71503896103896,21.878913645382397,85.59538095238095,39.09289177489177,64.00280573593074,1.0708928571428573,0,0.3005059523809524,5.366964285714286,0.2828571428571428,2.4422581845238094,18.66940476190476,-0.0043333333333336055,10.850839451058203,1702.855844155844,1.2,409.3379644660895,12.038961038961038
2018-03-01,2018,3,1,0,29.08117316017316,16.855675324675325,21.79952214105339,85.62113419913419,40.79022943722943,65.20231818181819,1.06625,0,0.28167038690476187,5.285892857142857,0.2785714285714285,2.355221354166667,18.708246031746032,0.0681111111111107,11.02634871031746,1670.8428571428572,1.2,386.438207972583,12.025974025974024
2018-03-02,2018,3,2,0,29.21280952380953,16.87668831168831,21.84853079906205,85.81216017316015,40.92702164502164,65.59993641774892,1.039107142857143,0,0.2515141369047619,5.146428571428571,0.22464285714285712,2.232764136904762,19.112817460317462,-0.18879365079365115,11.071238921957672,1678.2454545454545,1.2,382.708161976912,12.029220779220777
2018-03-03,2018,3,3,0,29.310160173160174,16.904545454545453,21.87845138888889,86.54467965367964,41.8575670995671,66.42201352813852,0.9942857142857144,0,0.22881510416666664,5.024821428571428,0.16178571428571425,2.106568080357143,19.337579365079364,0.6894603174603172,11.17266517857143,1683.472727272727,1.2,381.95735028860025,12.006493506493504
2018-03-04,2018,3,4,0,29.336428571428574,16.971181818181815,21.874558982683986,87.32406493506492,43.91602597402597,67.89254734848485,0.9848214285714286,0,0.2269921875,5.020357142857143,0.18874999999999997,2.074986979166667,19.5764126984127,3.743301587301587,12.102372685185186,1671.0701298701297,1.2,372.62180735930735,12.019480519480519
2018-03-05,2018,3,5,0,29.399298701298704,17.00820779220779,21.912535173160173,88.33522077922078,45.14971428571429,69.4863685064935,0.9260714285714285,0,0.21392299107142856,4.975357142857143,0.19785714285714281,2.0186607142857147,20.08693650793651,4.280238095238095,12.700382605820106,1674.8363636363636,1.2,368.3878382034632,12.029220779220779
2018-03-06,2018,3,6,0,29.47475324675325,17.043064935064933,21.94134659090909,89.07205194805194,45.93635064935064,70.07548376623376,0.9392857142857143,0,0.21640438988095237,4.9662500000000005,0.17999999999999997,1.9819866071428573,20.424619047619046,4.771825396825397,12.628993716931218,1675.8103896103894,1.2,365.89122023809523,12.04220779220779
2018-03-07,2018,3,7,0,29.506922077922077,17.100064935064932,21.99897619047619,89.09494805194804,45.882129870129866,70.07187283549783,0.9167857142857143,0,0.21468749999999998,4.9075,0.13482142857142856,1.9391685267857144,20.692333333333334,4.203380952380952,12.520898478835978,1672.5311688311688,1.2,370.37545995671,12.048701298701298
2018-03-08,2018,3,8,0,29.626116883116886,17.119324675324673,22.038808306277055,89.39007792207791,45.98224675324675,70.5281295995671,0.8810714285714286,0,0.2071893601190476,4.808928571428572,0.13499999999999998,1.9058482142857145,20.7808253968254,4.851063492063493,12.712492724867726,1702.855844155844,1.2,377.7516774891775,12.055194805194803
2018-03-09,2018,3,9,0,29.52062337662338,17.104246753246752,22.014499594155843,89.23783116883116,45.765740259740255,70.2249375,0.9037499999999999,0,0.21780877976190474,4.867500000000001,0.1439285714285714,1.9326450892857143,20.61953968253968,4.501714285714286,12.578367063492063,1695.7779220779219,1.2,383.89176136363636,12.074675324675324
2018-03-10,2018,3,10,0,29.52464935064935,17.04949350649351,22.053339556277056,87.91766233766234,44.575519480519475,68.69528652597403,0.9392857142857143,0,0.23571800595238093,4.9799999999999995,0.17535714285714282,2.0319921875,20.373396825396828,3.477746031746032,12.081059854497354,1686.7844155844155,1.2,386.6876893939394,12.113636363636362
2018-03-11,2018,3,11,0,29.599558441558447,17.023545454545452,22.11173768939394,86.48196103896103,42.79461038961039,66.75464069264069,0.9708928571428572,0,0.25068266369047615,5.006785714285714,0.16624999999999998,2.0856863839285715,19.991999999999997,2.1371587301587303,11.288694444444445,1692.8883116883117,1.2,392.4334280303031,12.120129870129869
2018-03-12,2018,3,12,0,29.674610389610393,17.033753246753246,22.112729031385282,85.35798701298701,41.3162987012987,64.88845102813853,0.9664285714285715,0,0.24955357142857143,4.952857142857143,0.13017857142857142,2.068385416666667,19.70979365079365,1.5653015873015872,10.320434193121693,1696.6220779220778,1.2,391.3731601731602,12.123376623376624
2018-03-13,2018,3,13,0,29.67449350649351,17.037480519480518,22.11689826839827,83.9944805194805,40.220961038961036,63.53007305194806,0.9664285714285715,0,0.24807477678571427,4.907857142857144,0.12107142857142857,2.0221614583333336,19.085714285714285,0.666079365079365,9.336463955026456,1682.303896103896,1.2,393.32290313852815,12.120129870129869
2018-03-14,2018,3,14,9.5,29.797077922077925,17.03787012987013,22.160702245670997,83.57580519480518,39.27464935064935,62.6807619047619,0.9394642857142859,0,0.23617745535714282,4.849821428571429,0.12124999999999998,1.954825148809524,19.021142857142856,0.485031746031746,8.716366402116403,1688.0181818181816,1.2,394.23503787878786,12.136363636363637
2018-03-15,2018,3,15,31,29.953688311688314,17.050116883116882,22.242732683982688,82.87255844155844,38.37228571428572,61.64008035714286,0.9350000000000002,0,0.22466517857142856,4.83625,0.08517857142857141,1.8770479910714288,18.676841269841272,-0.18944444444444455,7.999141534391534,1673.6675324675323,1.2,395.2181953463204,12.155844155844154
2018-03-16,2018,3,16,41.3,30.08343376623377,17.1205025974026,22.365743438852814,83.75983766233766,39.18506233766233,62.61347118506494,0.9194387755102041,0,0.21419217687074826,4.831020408163265,0.07624999999999997,1.8000494260204083,18.939063492063493,0.9786507936507938,8.524247974537037,1678.4175324675323,1.2,394.8336241883117,12.165584415584416
2018-03-17,2018,3,17,0,30.156224675324676,17.216515584415585,22.407209212662337,85.46791948051948,40.69177012987013,64.49689182900433,0.850280612244898,0,0.19136160714285713,4.712525510204082,0.044821428571428554,1.6631858524659866,19.46911111111111,2.4069642857142854,9.240709118716932,1676.1253246753245,1.2,389.77437094155846,12.174999999999999
2018-03-18,2018,3,18,0,30.208166233766235,17.241841558441557,22.4157704004329,87.3502974025974,42.09081558441558,66.69936783008659,0.802219387755102,0,0.17157126913265303,4.587448979591836,0.026964285714285694,1.5587045599489797,19.942299603174604,3.743978174603175,10.193409804894179,1671.1740259740259,1.2,386.0134807900433,12.173376623376623
2018-03-19,2018,3,19,0,30.343455844155844,17.340107792207792,22.508037405303032,88.98036233766233,43.10440779220779,68.76538352272728,0.8376020408163266,0,0.16969494047619046,4.594897959183673,0.026964285714285694,1.5230763711734696,20.294015873015873,5.121938492063492,11.481223255621694,1669.2422077922076,1.2,385.80880005411257,12.175324675324674
2018-03-20,2018,3,20,0,30.542336363636366,17.409976623376622,22.624322321428572,90.84327142857141,44.108832467532466,70.80671666666667,0.8321938775510205,0,0.16026838860544215,4.548622448979592,0.018035714285714266,1.4847526041666668,21.076613095238095,6.267468253968254,12.770326760912699,1677.1512987012986,1.2,386.88405032467534,12.183766233766233
2018-03-21,2018,3,21,0,30.679497402597406,17.532474025974025,22.710639299242423,92.39875454545454,44.743754545454536,72.44290075757576,0.8873469387755103,0,0.16199431335034012,4.618112244897959,-1.9825411154020653e-17,1.4897361288265307,21.418623015873017,7.172027777777777,13.779983837632276,1683.4467532467531,1.2,391.454329004329,12.186688311688311
2018-03-22,2018,3,22,0,30.762614285714285,17.567857142857143,22.771587351190476,93.6634,44.58545714285714,73.35794017857143,0.8838775510204082,0,0.1650021258503401,4.654081632653061,0.010204081632653041,1.500170068027211,21.76230357142857,7.819964285714286,14.728332961309524,1692.6285714285714,1.2,394.09769345238095,12.189285714285713
2018-03-23,2018,3,23,7,30.834785714285715,17.623885714285713,22.828510416666667,92.93261428571428,43.16764285714286,72.05718839285714,0.8734693877551021,0,0.17460034013605438,4.6899999999999995,0.0204081632653061,1.5541092687074831,21.43417857142857,7.426196428571428,14.520453125000001,1700.7357142857143,1.2,400.54375,12.189285714285713
2018-03-24,2018,3,24,1.5,30.937600000000003,17.529785714285712,22.85059657738095,92.50015714285713,41.47204285714285,71.03477886904763,0.8942857142857144,0,0.1798533163265306,4.664081632653061,0.0204081632653061,1.5699085884353743,21.18225,6.804607142857143,14.378249255952381,1723.8428571428572,1.2,413.77254464285716,12.2
2018-03-25,2018,3,25,0,31.0152,17.552485714285712,22.938192708333336,92.20025714285714,40.491685714285715,70.27405327380953,0.8991836734693878,0,0.18039328231292515,4.756530612244899,0.025510204081632633,1.571947278911565,21.11030357142857,6.4497857142857145,14.285277901785715,1735.5571428571427,1.2,421.5891369047619,12.224999999999998
2018-03-26,2018,3,26,0,31.14037142857143,17.59857142857143,23.09032261904762,91.30452857142856,39.4128,69.26329702380953,0.873265306122449,0,0.18319302721088435,4.736122448979592,0.041020408163265284,1.5871024659863946,20.961607142857144,6.081464285714285,13.959806175595238,1744.8785714285714,1.2,433.26770833333336,12.257142857142856
2018-03-27,2018,3,27,0,31.270568831168834,17.589663636363635,23.18315174512987,91.18374935064935,38.014440259740255,68.29847118506494,0.8367346938775511,0,0.17907525510204078,4.751224489795918,0.041020408163265284,1.581077806122449,20.92831150793651,5.875458333333333,13.77731212797619,1761.45,1.2,441.6621550324676,12.287662337662336
2018-03-28,2018,3,28,0,31.359732467532467,17.573361038961036,23.23840524891775,91.0140974025974,37.90236233766233,68.29592670454545,0.7853061224489796,0,0.1684970238095238,4.642857142857143,0.041020408163265284,1.5361628401360545,20.938301587301588,6.1171051587301575,13.763550553902117,1760.9662337662337,1.2,441.5808509199134,12.310714285714285
2018-03-29,2018,3,29,0,31.38564155844156,17.638887012987013,23.255192721861473,91.20532207792208,39.076218181818184,69.1576435064935,0.7853061224489796,0,0.1619515306122449,4.509183673469388,0.030816326530612226,1.4838988095238097,21.21735119047619,6.667279761904761,13.766782448743387,1749.0571428571427,1.2,433.6506899350649,12.334090909090907
2018-03-30,2018,3,30,0,31.714,17.177,23.100447916666667,98.5,51.3,79.43125,0.759795918367347,0,0.13787202380952382,4.298775510204082,0.02061224489795916,1.382108843537415,22.3,14.7,18.963541666666668,1896.2,1.2,408.36145833333336,12.25
2018-03-31,2018,3,31,0,32.458,18.033,22.951375,100,56.7,86.43333333333334,0.7442857142857143,0,0.1309970238095238,4.314081632653061,0.02061224489795916,1.3578656462585035,23.2,18,20.213541666666668,1906.2,1.2,398.83020833333336,12.25
2018-04-01,2018,4,1,0,28.99,18.461,21.841458333333332,100,66.2,90.140625,0.7391836734693877,0,0.12066326530612244,4.195918367346939,0.015510204081632633,1.3187096088435375,23.5,17.8,19.988541666666666,1583.7,1.2,236.90312500000002,12.25
2018-04-02,2018,4,2,0,29.84,17.819,21.768552083333333,100,66.9,89.33020833333333,0.759591836734694,0,0.10840136054421767,4.273061224489796,-1.9825411154020653e-17,1.2714434523809524,24.5,17.4,19.829166666666666,1543.7,1.2,279.090625,12.25
2018-04-03,2018,4,3,0,29.015,17.225,22.455677083333335,97.9,58.3,82.25416666666666,0.7646938775510205,0,0.11019345238095236,4.34530612244898,-1.9825411154020653e-17,1.2767070578231294,21.9,16.6,19.011458333333334,1768.7,1.2,319.8197916666667,12.25
2018-04-04,2018,4,4,0,31.612,18.414,23.818520833333334,98.9,35.3,75.34375,0.7802040816326531,0,0.10717474489795917,4.366122448979592,-1.9825411154020653e-17,1.262325680272109,22.7,12.1,18.15416666666667,1981.2,1.2,499.715625,12.25
2018-04-05,2018,4,5,0,30.798,17.51,23.009927083333334,99.3,42.1,80.52083333333333,0.7546938775510205,0,0.09575255102040815,4.381632653061224,-1.9825411154020653e-17,1.23765518707483,23.1,13.1,18.790625,2026.2,1.2,424.6635416666667,12.25
2018-04-06,2018,4,6,0,29.29,18.271,22.522364583333335,99.1,51.4,84.67708333333333,0.7955102040816328,0,0.0989158163265306,4.566326530612245,-1.9825411154020653e-17,1.2526339285714287,22.7,14.7,19.431250000000002,1751.2,1.2,320.653125,12
2018-04-07,2018,4,7,0,30.824,17.296,23.35289583333333,99.9,44.6,72.87291666666667,0.8053061224489797,0,0.09607568027210882,4.5869387755102045,-1.9825411154020653e-17,1.2581441326530614,22,13.3,17.496875,1991.2,1.2,494.325,12.5
2018-04-08,2018,4,8,0,31.791,17.177,23.753333333333334,98.8,39.6,71.34791666666666,0.8002040816326532,0,0.09907950680272107,4.602244897959183,-1.9825411154020653e-17,1.2744961734693878,22.3,13.8,17.510416666666668,2023.7,1.2,519.6375,12.5
2018-04-09,2018,4,9,0,31.281,18.652,23.980291666666666,98.4,45.2,77.428125,0.7614030612244899,0,0.09988414115646257,4.529132653061224,-1.9825411154020653e-17,1.2865396471088437,22.8,16.1,19.225,2116.2,1.2,539.5072916666667,12.5
2018-04-10,2018,4,10,0,31.74,19.27,24.177020833333334,99.4,48.2,75.22291666666666,0.7575255102040818,0,0.09156940901360543,4.38484693877551,-1.9825411154020653e-17,1.2578008078231293,22.5,15.8,19.014583333333334,2108.7,1.2,534.325,12.5
2018-04-11,2018,4,11,0,32.639,19.888,24.286197916666666,97.1,47.4,77.67604166666666,0.742576530612245,0,0.09058886054421768,4.362551020408164,-1.9825411154020653e-17,1.252641900510204,22.4,16.8,19.682291666666668,2083.7,1.2,526.5645833333333,12.25
2018-04-12,2018,4,12,0,32.175,19.032,23.871604166666668,99.3,50.7,82.915625,0.5,0,0.08333333333333333,4.03,0,1.1583333333333332,23.6,16.7,20.341666666666665,2168.7,1.2,457.29375,12.25
2018-04-13,2018,4,13,6.5,32.458,18.961,23.98428125,99.8,44.9,82.04166666666667,0.5,0,0.06770833333333333,3.52,0,1.2845833333333334,22.8,15.6,20.183333333333334,2166.2,1.2,509.4291666666667,12.25
2018-04-14,2018,4,14,0,29.941,18.699,21.76059375,100,68.8,92.87291666666667,0.5,0,0.020833333333333332,3.52,0,0.9642708333333333,23.9,18.4,20.451041666666665,1938.7,1.2,368.90833333333336,12.25
2018-04-15,2018,4,15,0,28.27,18.057,21.60214583333333,100,74,94.62708333333333,0,0,0,2.01,0,0.5871875,24.1,18.1,20.655208333333334,1746.2,1.2,250.93958333333333,12.25
2018-04-16,2018,4,16,0,31.331,18.723,23.873666666666665,100,53.8,85.32291666666667,0.5,0,0.0625,4.53,0,1.0166666666666666,24.3,17.8,20.933333333333334,2243.7,1.2,524.4552083333333,12.25
2018-04-17,2018,4,17,0,30.824,18.39,23.60959375,100,59.7,87.69791666666667,0.5,0,0.005208333333333333,3.02,0,0.8018749999999999,23.6,18.4,21.216666666666665,2093.7,1.2,488.7260416666667,12.25
2018-04-18,2018,4,18,0,32.073,19.651,23.705364583333335,100,56.5,89.07395833333334,0,0,0,3.02,0,0.660625,24.1,19.7,21.580208333333335,1938.7,1.2,380.8875,12.5
2018-04-19,2018,4,19,0,29.065,18.866,23.252354166666667,100,70.9,90.2,0,0,0,2.01,0,0.5138541666666666,24.5,18.8,21.4625,1641.2,1.2,284.9760416666667,12.25
2018-04-20,2018,4,20,0,32.82,19.674,22.890010416666666,100,59.9,90.12395833333333,0,0,0,2.52,0,0.6451041666666667,24,19.7,20.983333333333334,2076.2,1.2,315.6791666666667,12.25
2018-04-21,2018,4,21,0,32.665,19.627,24.657395833333332,99,56.1,81.84166666666667,0,0,0,3.02,0,0.9539583333333332,25.1,17.4,21.08125,2041.2,1.2,476.6947916666667,12.5
2018-04-22,2018,4,22,7.8,30.722,19.508,22.82182291666667,100,71.5,92.38125,0,0,0,2.01,0,0.47739583333333335,25.3,19.5,21.438541666666666,1908.7,1.2,221.06979166666667,12.5
2018-04-23,2018,4,23,0,31.791,18.2,24.036864583333333,100,52.6,86.91041666666666,0,0,0,3.02,0,0.65,25.1,18.2,21.385416666666668,2066.2,1.2,478.59583333333336,12.5
2018-04-24,2018,4,24,5.5,32.201,19.508,23.115791666666667,100,64.5,90.36354166666666,0.5,0,0.005208333333333333,3.52,0,0.6498958333333333,26.3,17.9,21.269791666666666,1758.7,1.2,347.81458333333336,12
2018-04-25,2018,4,25,0,28.866,19.127,22.543302083333334,100,77.3,92.6625,0,0,0,2.01,0,0.56125,24.7,19.2,21.241666666666667,1253.7,1.2,256.278125,12.25
2018-04-26,2018,4,26,26,31.026,16.749,22.6533125,99.9,63.9,88.19583333333334,0.5,0,0.005208333333333333,3.52,0,0.6607291666666667,25.4,16.2,20.41875,1616.2,1.2,338.778125,12.5
2018-04-27,2018,4,27,0,29.89,19.056,23.55576041666667,100,69.2,86.63541666666667,0,0,0,2.01,0,0.7076041666666666,24.4,17.7,21.051041666666666,1641.2,1.2,422.45,12.5
2018-04-28,2018,4,28,0,30.318,19.627,23.677989583333336,100,64.5,88.19375,0,0,0,3.02,0,0.7286458333333333,24.6,19.6,21.408333333333335,2071.2,1.2,475.9135416666667,12.5
2018-04-29,2018,4,29,0,31.077,18.224,23.590708333333332,100,63.4,89.22708333333333,0,0,0,2.52,0,0.5922916666666667,25.7,18.2,21.528125,2001.2,1.2,364.95,12.75
2018-04-30,2018,4,30,3,30.621,18.557,23.414125,100,66.5,89.72916666666667,0.5,0,0.005208333333333333,2.52,0,0.83875,25.3,18.6,21.477083333333333,1941.2,1.2,340.340625,12.75
2018-05-01,2018,5,1,5,32.021,17.51,23.184489583333335,99.7,61.3,87.153125,0.5,0,0.005208333333333333,3.02,0,0.8227083333333333,25,17.5,20.710416666666667,1916.2,1.2,405.2104166666667,12.25
2018-05-02,2018,5,2,0,30.798,18.58,23.54473958333333,100,65.1,88.28750000000001,0,0,0,2.52,0,0.7396874999999999,24.2,18.6,21.311458333333334,1561.2,1.2,360.496875,12.5
2018-05-03,2018,5,3,14,30.95,19.222,23.3686875,100,70,91.340625,0,0,0,2.52,0,0.4878125,25.4,19.2,21.765625,1773.7,1.2,312.58020833333336,12.5
2018-05-04,2018,5,4,14.3,30.293,17.391,22.321364583333335,100,63.9,88.55208333333333,1.01,0,0.0365625,5.54,0,0.9807291666666667,24.1,17.2,20.133333333333333,2036.2,1.2,373.6479166666667,12
2018-05-05,2018,5,5,1.8,29.414,18.485,22.603041666666666,100,70.5,91.36666666666667,0,0,0,3.52,0,0.6921875,24.8,18.5,21.009375,1878.7,1.2,424.3510416666667,12.5
2018-05-06,2018,5,6,23.5,27.825,18.699,21.329072916666668,100,75.9,92.81979166666666,0,0,0,4.03,0,0.4088541666666667,23.8,18.4,20.05625,1408.7,1.2,244.48125000000002,12.5
2018-05-07,2018,5,7,18,28.171,17.986,21.1731875,100,77.1,94.865625,0.5,0,0.010416666666666666,3.52,0,0.5084375,24.5,18,20.254166666666666,1476.2,1.2,252.37187500000002,12.75
2018-05-08,2018,5,8,5.5,27.456,18.366,21.02986458333333,100,79.6,96.096875,0,0,0,2.52,0,0.503125,24.4,18.4,20.355208333333334,1216.2,1.2,222.91875000000002,12.25
2018-05-09,2018,5,9,44.5,29.315,18.2,21.273895833333334,100,74.8,93.09895833333333,0.5,0,0.010416666666666666,3.02,0,0.6086458333333333,24.6,17.6,20.026041666666668,1991.2,1.2,292.7625,12.5
2018-05-10,2018,5,10,5.5,29.941,17.32,20.98103125,100,65.9,92.54479166666667,0,0,0,2.52,0,0.3196875,23.2,17.3,19.585416666666667,2093.7,1.2,311.56458333333336,12.5
2018-05-11,2018,5,11,28,28.742,17.677,20.689885416666666,100,77.1,95.63541666666667,0,0,0,3.52,0,0.29885416666666664,25.3,17.7,19.916666666666668,1733.7,1.2,220.49687500000002,12.25
2018-05-12,2018,5,12,22,27.186,18.675,20.93734375,100,84.6,97.4,0,0,0,3.02,0,0.4248958333333333,25.1,18.7,20.508333333333333,1281.2,1.2,193.98645833333333,12
2018-05-13,2018,5,13,6.3,28.444,18.152,21.472718750000002,100,76.1,94.35,0,0,0,2.01,0,0.32510416666666664,24.5,18.2,20.467708333333334,1821.2,1.2,262.6322916666667,12.5
2018-05-14,2018,5,14,0,27.949,18.414,22.207583333333332,100,79.3,94.309375,0,0,0,2.52,0,0.5032291666666666,24.9,18.4,21.211458333333333,1873.7,1.2,343.83020833333336,12.5
2018-05-15,2018,5,15,2,28.891,18.461,22.808302083333334,100,74,91.090625,0,0,0,3.02,0,0.4875,24.2,18.5,21.180208333333333,1908.7,1.2,434.95,12.75
2018-05-16,2018,5,16,5,25.477,17.724,20.623114583333333,100,83,95.46041666666666,0,0,0,3.52,0,0.3932291666666667,23.4,16.9,19.870833333333334,1023.7,1.2,174.01250000000002,12.25
2018-05-17,2018,5,17,1,28.468,16.963,21.022333333333332,100,69.7,90.65416666666667,0,0,0,2.01,0,0.4661458333333333,24.5,16,19.348958333333332,1623.7,1.2,289.715625,12.5
2018-05-18,2018,5,18,5,27.407,17.772,20.855729166666666,100,78.3,96.03541666666666,0,0,0,1.51,0,0.2359375,23.9,17.8,20.179166666666667,1226.2,1.2,232.71041666666667,12.5
2018-05-19,2018,5,19,0,30.268,18.675,22.53775,100,76.5,93.8375,0,0,0,2.01,0,0.5926041666666667,25.7,18.7,21.448958333333334,1833.7,1.2,314.06458333333336,12.5
2018-05-20,2018,5,20,0,28.642,18.937,22.280124999999998,100,76.9,92.95104166666667,0,0,0,2.52,0,0.5352083333333333,24.5,19,21.008333333333333,1406.2,1.2,285.00208333333336,12.75
2018-05-21,2018,5,21,0,28.692,18.2,22.041114583333332,100,73,92.11979166666667,0,0,0,2.01,0,0.419375,23.7,18.2,20.619791666666668,1433.7,1.2,295.0541666666667,12.5
2018-05-22,2018,5,22,0,30.545,18.533,22.702708333333334,100,71.4,92.38125,0,0,0,3.02,0,0.47187500000000004,24.9,18.5,21.308333333333334,1908.7,1.2,354.16875,12.5
2018-05-23,2018,5,23,0.5,30.016,19.151,22.996239583333335,100,75.2,91.80833333333334,0,0,0,2.52,0,0.6502083333333333,25.9,19.2,21.496875,1671.2,1.2,374.68958333333336,12.5
2018-05-24,2018,5,24,0,28.345,19.413,22.077395833333334,100,72.7,93.34166666666667,0,0,0,2.01,0,0.35625,23.5,19.4,20.875,1901.2,1.2,307.89270833333336,12.5
2018-05-25,2018,5,25,14.3,24.388,18.771,20.364072916666668,100,84.4,97.33333333333333,0,0,0,2.01,0,0.37187499999999996,22.3,18.8,19.921875,753.7,1.2,141.72083333333333,12.25
2018-05-26,2018,5,26,15,29.115,17.724,21.333989583333334,100,75.9,95.78125,0,0,0,2.52,0,0.3775,25,17.7,20.586458333333333,2108.7,1.2,316.590625,12.5
2018-05-27,2018,5,27,33.5,27.579,17.605,20.44075,100,82.3,97.53854166666666,0.5,0,0.005208333333333333,4.03,0,0.6080208333333333,24.3,17.6,20.033333333333335,1533.7,1.2,163.88229166666667,12.5
2018-05-28,2018,5,28,39,29.215,17.701,20.96785416666667,100,79.2,96.81041666666667,0.5,0,0.10416666666666667,5.03,0,1.5257291666666666,25.8,17.7,20.425,1896.2,1.2,258.12708333333336,12.5
2018-05-29,2018,5,29,30,20.841,18.509,19.298000000000002,100,100,100,1.51,0,0.20958333333333334,4.53,0.5,2.2865625,20.9,18.5,19.328125,431.2,1.2,65.10625,12.25
2018-05-30,2018,5,30,12,24.557,17.724,19.682197916666667,100,96.8,99.94375,0.5,0,0.005208333333333333,2.52,0,0.8128125,24.5,17.7,19.696875,1128.7,1.2,117.47604166666667,12.5
2018-05-31,2018,5,31,0,28.866,18.485,21.310114583333334,100,77.6,95.92708333333333,0.5,0,0.005208333333333333,2.52,0,0.6034375,25.4,18.5,20.604166666666668,2036.2,1.2,296.25208333333336,12.5
2018-06-01,2018,6,1,0,29.165,18.01,21.64684375,100,78.4,95.309375,0,0,0,3.02,0,0.6398958333333333,25.1,18,20.833333333333332,1621.2,1.2,236.22604166666667,12.75
2018-06-02,2018,6,2,0,28.667,17.629,21.4705625,100,79.3,96.01666666666667,0,0,0,2.52,0,0.43520833333333336,25.5,17.7,20.77916666666667,1661.2,1.2,273.3875,12.5
2018-06-03,2018,6,3,7,24.388,18.557,20.505614583333333,100,93,99.021875,0.5,0,0.06770833333333333,3.02,0,1.0739583333333333,23.9,18.6,20.370833333333334,973.7,1.2,200.67916666666667,12.5
2018-06-04,2018,6,4,22.5,25.04,17.986,20.607052083333333,100,87.4,97.71666666666667,0.5,0,0.036458333333333336,2.52,0,1.0533333333333332,23.4,18,20.245833333333334,841.2,1.2,200.75729166666667,12.5
2018-06-05,2018,6,5,0,25.963,18.247,20.666541666666667,100,82.5,95.64583333333333,0.5,0,0.020833333333333332,3.02,0,0.9904166666666666,24.2,18.3,19.939583333333335,1131.2,1.2,234.19479166666667,12.75
2018-06-06,2018,6,6,3,27.875,17.938,21.477614583333335,100,79.7,95.640625,0.5,0,0.015625,3.02,0,0.9807291666666667,25.7,18,20.730208333333334,1441.2,1.2,268.90833333333336,12.75
2018-06-07,2018,6,7,19.3,24.171,18.295,19.6889375,100,93.4,99.39375,1.01,0,0.3190625,4.53,0,2.0397916666666664,23.6,18.3,19.615625,1106.2,1.2,134.16875000000002,12.5
2018-06-08,2018,6,8,47.8,21.175,18.295,19.305791666666668,100,100,100,1.51,0,0.26666666666666666,6.04,1.01,2.9148958333333335,21.2,18.3,19.332291666666666,503.7,1.2,79.0125,12.5
2018-06-09,2018,6,9,96.7,20.246,17.724,19.015833333333333,100,100,100,1.01,0,0.21947916666666667,8.05,1.51,3.5284375,20.3,17.7,19.041666666666668,223.7,1.2,38.02291666666667,12.25
2018-06-10,2018,6,10,74,21.079,18.794,19.400135416666668,100,100,100,1.01,0,0.08864583333333333,6.54,0.5,2.7365625,21.1,18.8,19.425,703.7,1.2,86.04375,12.25
2018-06-11,2018,6,11,91.3,21.795,18.319,19.611875,100,100,100,0.5,0,0.015625,5.03,0.5,2.018125,21.8,18.3,19.635416666666668,653.7,1.2,106.35625,12.25
2018-06-12,2018,6,12,72.5,21.318,18.39,19.292375,100,100,100,1.01,0,0.17197916666666666,6.04,1.01,2.3016666666666667,21.3,18.4,19.315625,828.7,1.2,99.42916666666666,12.25
2018-06-13,2018,6,13,88,20.746,17.272,19.25578125,100,100,100,0.5,0,0.078125,5.03,0,1.8769791666666666,20.8,17.3,19.284375,533.7,1.2,96.40833333333333,12.25
2018-06-14,2018,6,14,9.3,20.674,18.271,19.293375,100,99.9,99.99895833333333,0.5,0,0.020833333333333332,3.02,0,1.3010416666666667,20.7,18.3,19.317708333333336,553.7,1.2,92.94479166666666,12
2018-06-15,2018,6,15,4,24.677,18.509,20.124135416666668,100,90,98.61770833333334,0.5,0,0.03125,4.03,0,1.3001041666666666,23.2,18.5,19.920833333333334,906.2,1.2,168.02291666666667,12.25
2018-06-16,2018,6,16,21.5,27.333,18.2,20.455552083333334,100,81.6,96.86770833333334,1.01,0,0.03135416666666667,3.52,0,0.6921875,24.5,18.2,19.92395833333333,1426.2,1.2,234.79375000000002,12.75
2018-06-17,2018,6,17,12,25.744,18.343,20.19875,100,79.3,95.46458333333334,0.5,0,0.09375,4.03,0,1.5622916666666666,24,17.7,19.430208333333333,1428.7,1.2,231.04375000000002,12.5
2018-06-18,2018,6,18,10.3,25.598,18.152,19.981593750000002,100,87.4,97.86666666666667,1.01,0,0.1146875,4.53,0,1.8453125,23.8,18.2,19.640625,1913.7,1.2,221.85104166666667,12.75
2018-06-19,2018,6,19,23.8,21.366,17.439,18.611479166666665,100,96.2,99.80729166666667,1.01,0,0.2978125,5.03,1.01,2.2647916666666665,21,17.5,18.602083333333333,836.2,1.2,150.809375,12.5
2018-06-20,2018,6,20,41,21.032,17.796,18.600239583333334,100,99.1,99.98541666666667,1.01,0,0.45,5.03,1.01,2.5163541666666664,21,17.8,18.61875,751.2,1.2,78.41354166666666,12.25
2018-06-21,2018,6,21,29,21.056,17.819,18.826395833333333,100,100,100,0.5,0,0.08854166666666667,3.52,0,1.4728124999999999,21.1,17.8,18.85,648.7,1.2,76.77291666666666,12
2018-06-22,2018,6,22,13,22.489,17.796,18.98884375,100,95.4,99.68854166666667,0.5,0,0.015625,4.03,0,1.2059374999999999,22.3,17.8,18.963541666666668,858.7,1.2,110.70520833333333,12.25
2018-06-23,2018,6,23,5,23.857,17.391,18.829322916666666,100,91.2,99.540625,0.5,0,0.026041666666666668,5.03,0,1.341875,23,17.4,18.782291666666666,1141.2,1.2,117.65833333333333,12.25
2018-06-24,2018,6,24,10.5,24.315,18.224,20.02540625,100,89.2,98.13854166666667,0.5,0,0.052083333333333336,3.52,0,1.3894791666666666,22.5,18.2,19.733333333333334,1048.7,1.2,210.08020833333333,12.75
2018-06-25,2018,6,25,35.5,23.545,16.892,19.078833333333332,100,89.4,99.13333333333334,0.5,0,0.078125,4.53,0,1.5151041666666667,22.1,16.9,18.960416666666667,1326.2,1.2,151.66875,12.5
2018-06-26,2018,6,26,0.8,25.234,17.938,20.02991666666667,100,81.9,96.95,0.5,0,0.03125,4.03,0,1.7252083333333332,22.7,18,19.529166666666665,1896.2,1.2,231.72083333333333,12.75
2018-06-27,2018,6,27,20.3,22.633,17.415,19.0940625,100,94.6,99.17395833333333,0.5,0,0.13020833333333334,3.52,0.5,2.0124999999999997,22,17.4,18.98125,746.2,1.2,152.86666666666667,12.25
2018-06-28,2018,6,28,13,20.65,16.368,18.448104166666667,100,98.3,99.909375,0.5,0,0.20833333333333334,4.03,0,1.8873958333333332,20.4,16.4,18.463541666666668,711.2,1.2,111.33020833333333,12.25
2018-06-29,2018,6,29,18.8,25.428,16.868,18.891666666666666,100,83,97.89479166666666,0.5,0,0.020833333333333332,3.02,0,0.8492708333333333,23.4,16.9,18.54375,1586.2,1.2,193.07500000000002,12.5
2018-06-30,2018,6,30,15.5,28.345,16.177,20.46453125,100,74.1,93.93645833333333,0,0,0,2.52,0,0.6811458333333333,24,16.2,19.378125,1826.2,1.2,336.87708333333336,12.5
2018-07-01,2018,7,1,0.2,28.791,16.582,20.73846875,100,71.7,94.16354166666666,0,0,0,2.52,0,0.645,24.4,16.6,19.672916666666666,1568.7,1.2,341.7729166666667,12.5
2018-07-02,2018,7,2,0.2,27.875,17.51,20.077479166666667,100,78.1,96.6125,0.5,0,0.015625,3.52,0,0.83875,24.6,17.5,19.503125,1571.2,1.2,234.79375000000002,12.25
2018-07-03,2018,7,3,0.2,26.769,16.939,20.154177083333334,100,82.9,96.16979166666667,0.5,0,0.005208333333333333,2.52,0,0.6395833333333333,24,17,19.514583333333334,1198.7,1.2,229.22083333333333,12.5
2018-07-04,2018,7,4,0,26.891,16.558,20.6426875,100,74.8,91.50833333333333,0.5,0,0.020833333333333332,4.03,0,0.990625,24.2,15.6,19.130208333333332,1558.7,1.2,345.809375,12.5
2018-07-05,2018,7,5,1.8,26.965,16.058,20.34815625,99.7,70.1,87.28020833333333,0.5,0,0.010416666666666666,3.52,0,0.890625,22.2,15.1,18.057291666666668,1803.7,1.2,355.340625,12.75
2018-07-06,2018,7,6,6.8,24.074,16.439,19.082979166666668,100,91,98.53541666666666,0.5,0,0.005208333333333333,3.02,0,1.1379166666666667,23,16.4,18.857291666666665,1233.7,1.2,171.35625000000002,12.75
2018-07-07,2018,7,7,12,22.011,17.677,18.87984375,100,89,98.3125,0.5,0,0.08854166666666667,4.03,0.5,1.8507291666666665,20.7,17.7,18.613541666666666,778.7,1.2,124.95,12.25
2018-07-08,2018,7,8,43.4,21.366,17.034,18.81765625,100,98.1,99.92291666666667,0.5,0,0.057291666666666664,5.54,0.5,1.6886458333333334,21.3,17.1,18.83125,688.7,1.2,96.09583333333333,12.25
2018-07-09,2018,7,9,64,19.08,17.938,18.52210416666667,100,100,100,0.5,0,0.026041666666666668,6.04,0.5,1.6939583333333332,19.1,18,18.552083333333332,256.2,1.2,42.371875,12
2018-07-10,2018,7,10,119.4,20.627,16.963,18.561979166666667,100,100,100,0.5,0,0.036458333333333336,5.03,0.5,1.9455208333333334,20.7,17,18.586458333333333,501.2,1.2,66.903125,12
2018-07-11,2018,7,11,56.6,19.27,17.534,18.283614583333335,100,100,100,0.5,0,0.041666666666666664,7.05,0.5,2.097395833333333,19.3,17.6,18.307291666666668,276.2,1.2,51.668749999999996,12
2018-07-12,2018,7,12,28.400000000000002,22.082,16.868,18.529125,100,93.7,99.42395833333333,0.5,0,0.0625,7.05,1.01,2.469895833333333,21.5,16.9,18.457291666666666,726.2,1.2,106.40833333333333,11.75
2018-07-13,2018,7,13,40.4,19.888,17.819,18.576395833333333,100,100,100,1.01,0,0.10947916666666667,5.54,0.5,2.5851041666666665,19.9,17.8,18.599999999999998,383.7,1.2,78.54375,12.25
2018-07-14,2018,7,14,27.6,22.13,17.368,19.07796875,100,90.1,98.39270833333333,1.01,0,0.05739583333333333,5.54,0.5,2.590104166666667,21.2,17.4,18.834375,688.7,1.2,120.60104166666667,12.25
2018-07-15,2018,7,15,116.4,19.389,17.011,18.37159375,100,97.1,99.803125,0.5,0,0.036458333333333336,5.03,0,2.1029166666666668,19.4,17,18.366666666666667,223.7,1.2,36.95520833333333,11.75
2018-07-16,2018,7,16,81.6,19.222,15.127,17.954177083333335,100,100,100,1.51,0,0.115,7.55,0.5,2.516770833333333,19.2,15.1,17.971875,368.7,1.2,65.28854166666666,12.5
2018-07-17,2018,7,17,38.8,20.126,15.031,17.90409375,100,100,100,0.5,0,0.046875,5.54,0,2.233645833333333,20.2,15.1,17.932291666666668,386.2,1.2,68.153125,11.75
2018-07-18,2018,7,18,58.6,19.698,17.201,18.358395833333333,100,100,100,0.5,0,0.057291666666666664,5.03,0,2.049166666666667,19.7,17.2,18.382291666666667,343.7,1.2,54.793749999999996,12
2018-07-19,2018,7,19,38.4,20.15,17.605,18.62421875,100,100,100,0.5,0,0.078125,4.53,0.5,2.159895833333333,20.2,17.6,18.647916666666667,388.7,1.2,71.22604166666666,12
2018-07-20,2018,7,20,24.6,20.055,17.368,18.280145833333332,100,100,100,1.01,0,0.16677083333333334,4.53,0.5,2.5484375,20.1,17.4,18.305208333333333,513.7,1.2,51.434374999999996,11.75
2018-07-21,2018,7,21,7.2,21.963,17.51,18.928010416666666,100,96,99.70833333333333,1.01,0,0.07322916666666666,6.04,0,2.3276041666666667,21.5,17.5,18.90625,453.7,1.2,85.99166666666666,12.25
2018-07-22,2018,7,22,12.6,23.713,17.653,19.1085625,100,89.2,98.82395833333334,0.5,0,0.010416666666666666,4.53,0,1.5838541666666666,22.2,17.7,18.929166666666667,818.7,1.2,120.340625,12.25
2018-07-23,2018,7,23,20.8,21.413,17.772,18.77315625,100,98.8,99.97083333333333,0.5,0,0.005208333333333333,3.02,0,1.3478124999999999,21.4,17.8,18.798958333333335,458.7,1.2,76.04375,11.75
2018-07-24,2018,7,24,37,19.532,17.724,18.431770833333335,100,100,100,0,0,0,3.52,0,1.174375,19.6,17.7,18.45104166666667,298.7,1.2,50.262499999999996,12.25
2018-07-25,2018,7,25,17.2,22.393,17.701,18.71307291666667,100,99.2,99.98645833333333,0.5,0,0.005208333333333333,4.03,0,0.7752083333333333,22.3,17.7,18.732291666666665,706.2,1.2,71.77291666666666,12
2018-07-26,2018,7,26,29,21.103,18.271,18.909447916666668,100,99.9,99.99791666666667,0.5,0,0.005208333333333333,2.52,0,0.9802083333333332,21.1,18.3,18.933333333333334,428.7,1.2,78.23125,11.5
2018-07-27,2018,7,27,4,21.724,17.701,18.95489583333333,100,97.6,99.82708333333333,0.5,0,0.026041666666666668,3.02,0,1.2946875,21.7,17.7,18.945833333333333,523.7,1.2,86.72083333333333,12.25
2018-07-28,2018,7,28,9.4,23.809,17.486,19.375760416666665,100,90.8,98.396875,0,0,0,3.52,0,0.9591666666666666,22.3,17.5,19.130208333333332,921.2,1.2,125.39270833333333,12
2018-07-29,2018,7,29,11.200000000000001,23.497,17.962,19.388291666666667,100,94,99.79375,0.5,0,0.010416666666666666,3.02,0,0.7759375,23.3,18,19.386458333333334,688.7,1.2,95.00208333333333,12.25
2018-07-30,2018,7,30,3.8000000000000003,23.16,17.986,19.4446875,100,96.1,99.77395833333333,0,0,0,3.02,0,0.6132291666666666,22.9,18,19.4375,783.7,1.2,100.965625,12.25
2018-07-31,2018,7,31,27.4,19.603,17.201,18.126583333333333,100,100,100,0.5,0,0.020833333333333332,3.02,0,1.1426041666666666,19.6,17.2,18.151041666666668,193.7,1.2,40.41875,12
2018-08-01,2018,8,1,1.2000000000000002,22.13,15.796,18.8516875,100,92.1,98.36458333333333,0.5,0,0.020833333333333332,4.03,0,0.9852083333333332,21.7,15.8,18.60625,388.7,1.2,104.06458333333333,12.5
2018-08-02,2018,8,2,1,26.842,17.867,19.976541666666666,100,82.2,97.46458333333334,0,0,0,2.01,0,0.6976041666666667,24.3,17.9,19.56041666666667,1231.2,1.2,142.94479166666667,12.5
2018-08-03,2018,8,3,1.8000000000000003,24.968,18.2,19.977708333333332,100,83.5,96.86041666666667,0,0,0,3.02,0,1.0007291666666667,23.8,18.2,19.463541666666668,1096.2,1.2,175.60104166666667,12.25
2018-08-04,2018,8,4,2.6,24.002,17.819,19.57365625,100,87.7,97.559375,0.5,0,0.005208333333333333,2.52,0,0.8127083333333334,22,17.8,19.189583333333335,828.7,1.2,128.59583333333333,12
2018-08-05,2018,8,5,0.2,24.847,17.819,20.209229166666667,100,78.2,93.33333333333333,0.5,0,0.005208333333333333,4.03,0,1.210625,21.6,17.8,19.052083333333332,848.7,1.2,194.27291666666667,12.5
2018-08-06,2018,8,6,4.4,24.026,17.486,19.05071875,100,85.3,97.825,0.5,0,0.041666666666666664,4.03,0,1.3207291666666665,22.3,17.5,18.7125,1001.2,1.2,134.11666666666667,12.5
2018-08-07,2018,8,7,35.4,19.674,17.106,17.984177083333332,100,100,100,0.5,0,0.020833333333333332,5.54,0,1.7147916666666667,19.7,17.1,18.008333333333333,393.7,1.2,59.11666666666667,12
2018-08-08,2018,8,8,63.4,19.436,17.082,18.187729166666667,100,100,100,0.5,0,0.005208333333333333,5.03,0,1.6514583333333333,19.5,17.1,18.21666666666667,358.7,1.2,52.63229166666667,12
2018-08-09,2018,8,9,13.4,21.39,17.938,18.746958333333335,100,98.4,99.909375,0,0,0,3.02,0,0.880625,21.4,18,18.761458333333334,528.7,1.2,79.42916666666666,12
2018-08-10,2018,8,10,13.8,22.058,18.01,18.878302083333335,100,95.5,99.66354166666666,0.5,0,0.005208333333333333,4.03,0,0.933125,21.9,18,18.84583333333333,531.2,1.2,91.278125,12
2018-08-11,2018,8,11,9.8,20.579,17.13,18.12784375,100,97.9,99.87083333333334,0.5,0,0.010416666666666666,3.52,0.5,1.4680208333333333,20.4,17.2,18.13125,328.7,1.2,59.97604166666667,11.5
2018-08-12,2018,8,12,54.4,19.651,17.629,18.185552083333334,100,100,100,0.5,0,0.026041666666666668,7.05,0.5,1.7508333333333332,19.7,17.7,18.207291666666666,456.2,1.2,46.61666666666667,11.5
2018-08-13,2018,8,13,81,21.27,17.51,18.360885416666665,100,99.6,99.99479166666667,0.5,0,0.07291666666666667,5.54,0.5,2.5479166666666666,21.3,17.5,18.378125,783.7,1.2,74.58541666666666,12
2018-08-14,2018,8,14,132.2,19.294,17.796,18.35990625,100,100,100,0.5,0,0.09375,6.54,0.5,2.72125,19.3,17.8,18.380208333333332,171.2,1.2,32.1375,12
2018-08-15,2018,8,15,116.4,19.532,17.296,18.221395833333332,100,100,100,0.5,0,0.010416666666666666,5.54,0.5,1.673125,19.6,17.3,18.25625,301.2,1.2,41.61666666666667,11.75
2018-08-16,2018,8,16,226.20000000000002,18.628,17.082,17.827791666666666,100,100,100,0.5,0,0.015625,7.55,0,2.0810416666666667,18.7,17.1,17.853125,313.7,1.2,27.970833333333335,11.75
2018-08-17,2018,8,17,91.2,19.389,17.558,18.320020833333334,100,100,100,0.5,0,0.010416666666666666,5.03,0,1.8773958333333334,19.4,17.6,18.34375,296.2,1.2,44.168749999999996,11.5
2018-08-18,2018,8,18,38.6,18.889,17.272,17.975208333333335,100,100,100,0.5,0,0.03125,5.03,0,1.9661458333333333,18.9,17.3,18.001041666666666,271.2,1.2,45.340625,11.5
2018-08-19,2018,8,19,13.200000000000001,21.748,16.868,18.43503125,100,95.9,99.79479166666667,0.5,0,0.005208333333333333,4.03,0,1.6988541666666666,21.7,16.9,18.423958333333335,523.7,1.2,78.98645833333333,12
2018-08-20,2018,8,20,11.2,20.507,17.249,18.377552083333335,100,99.5,99.990625,0.5,0,0.005208333333333333,4.03,0,1.5360416666666665,20.5,17.3,18.404166666666665,473.7,1.2,66.69479166666666,11.5
2018-08-21,2018,8,21,10,22.441,17.32,18.654802083333333,100,96.3,99.765625,0,0,0,2.52,0,1.21125,22.4,17.3,18.644791666666666,701.2,1.2,96.22604166666666,12.25
2018-08-22,2018,8,22,7.800000000000001,23.232,17.13,18.76739583333333,100,89.4,98.91041666666666,0,0,0,2.52,0,0.7071875,22.2,17.2,18.614583333333332,821.2,1.2,96.38229166666666,12
2018-08-23,2018,8,23,3.8000000000000003,23.04,17.463,19.155489583333335,100,90.6,98.459375,0.5,0,0.005208333333333333,3.52,0,0.8542708333333333,22.1,17.5,18.929166666666667,628.7,1.2,100.83541666666666,12
2018-08-24,2018,8,24,0,25.793,17.843,20.026208333333333,100,77.6,95.60625,0,0,0,2.01,0,0.6657291666666667,22.2,17.9,19.278125,931.2,1.2,133.49166666666667,11.75
2018-08-25,2018,8,25,0,26.622,16.868,20.389041666666667,100,76.7,93.19479166666667,0,0,0,2.52,0,0.7496875,22.6,16.9,19.19375,981.2,1.2,201.12187500000002,12.25
2018-08-26,2018,8,26,0,25.866,17.439,19.827739583333333,100,79.5,94.77916666666667,0,0,0,3.52,0,0.8436458333333333,23.5,17.4,18.938541666666666,986.2,1.2,146.98125000000002,12
2018-08-27,2018,8,27,10,21.628,17.486,18.563427083333334,100,94.1,99.61354166666666,0.5,0,0.005208333333333333,5.03,0,1.0170833333333333,20.8,17.5,18.525,403.7,1.2,60.809374999999996,11.75
2018-08-28,2018,8,28,6.2,23.04,17.51,18.771072916666665,100,91.8,99.01875,0.5,0,0.005208333333333333,4.03,0,1.0533333333333332,22,17.5,18.630208333333332,538.7,1.2,83.33541666666666,11.75
2018-08-29,2018,8,29,12.6,24.653,17.558,19.729729166666665,100,83.8,96.19375,0,0,0,2.52,0,0.8172916666666666,22.7,17.6,19.087500000000002,663.7,1.2,146.85104166666667,12.25
2018-08-30,2018,8,30,0,25.866,17.748,20.046052083333333,100,79.8,94.94895833333334,0,0,0,3.02,0,0.7860416666666666,23.2,17.7,19.191666666666666,946.2,1.2,135.08020833333333,12
2018-08-31,2018,8,31,0.6,28.097,17.796,20.74490625,100,73.2,92.78541666666666,0.5,0,0.005208333333333333,3.02,0,0.8697916666666666,22.9,17.8,19.443749999999998,1171.2,1.2,210.47083333333333,12.25
2018-09-01,2018,9,1,0.2,27.727,16.511,20.4395,100,72.4,92.96979166666667,0,0,0,3.02,0,0.7129166666666666,23.1,16.5,19.1875,1036.2,1.2,193.93437500000002,12
2018-09-02,2018,9,2,0,27.431,15.652,20.416895833333335,100,73.2,91.378125,0,0,0,2.52,0,0.7022916666666666,23.2,15.7,18.836458333333333,1218.7,1.2,241.40833333333333,12
2018-09-03,2018,9,3,0,29.015,15.676,21.043041666666667,100,61.4,88.90729166666667,0,0,0,3.02,0,0.8383333333333333,22.7,15.7,18.9125,1236.2,1.2,309.5072916666667,12.25
2018-09-04,2018,9,4,0,29.19,15.055,20.8848125,100,52.8,85.29791666666667,0.5,0,0.005208333333333333,3.02,0,0.8909374999999999,20.4,15,17.9,1246.2,1.2,320.575,12.25
2018-09-05,2018,9,5,0,28.072,14.888,20.092895833333333,100,65.3,87.553125,0.5,0,0.005208333333333333,4.03,0,0.9805208333333334,21.3,14.9,17.714583333333334,1256.2,1.2,283.54375,12.25
2018-09-06,2018,9,6,0,28.369,14.481,19.760083333333334,100,63.1,88.91041666666666,0.5,0,0.005208333333333333,3.52,0,1.0111458333333334,21.5,14.3,17.655208333333334,1308.7,1.2,271.17395833333336,12
2018-09-07,2018,9,7,0,27.628,15.294,20.11670833333333,100,65.2,87.88645833333334,0,0,0,2.52,0,0.9169791666666666,21,15.3,17.814583333333335,1151.2,1.2,262.58020833333336,12.25
2018-09-08,2018,9,8,0,29.515,15.079,21.055666666666667,100,60.2,85.775,0,0,0,3.02,0,0.7704166666666666,21.5,14.9,18.221875,1278.7,1.2,310.10625,12.25
2018-09-09,2018,9,9,0,30.545,16.034,21.765697916666667,100,59,85.40520833333333,0,0,0,2.52,0,0.7490625,22.4,15.6,18.901041666666668,1303.7,1.2,313.4135416666667,12.25
2018-09-10,2018,9,10,0,30.041,15.986,21.142291666666665,100,59.8,87.996875,0,0,0,2.52,0,0.5346875,21.6,15.5,18.833333333333332,1233.7,1.2,212.47604166666667,12
2018-09-11,2018,9,11,16.4,30.318,17.653,21.007916666666667,100,63.1,92.08541666666666,0,0,0,2.52,0,0.3771875,22.8,17.6,19.48229166666667,1161.2,1.2,165.83541666666667,12
2018-09-12,2018,9,12,0,31.484,16.082,21.883427083333334,100,46.9,86.18229166666667,0,0,0,2.52,0,0.4505208333333333,23.7,15.9,19.057291666666668,1278.7,1.2,282.7625,12.25
2018-09-13,2018,9,13,0,29.389,16.582,21.71935416666667,100,53.8,84.73229166666667,0,0,0,3.02,0,0.6184375,22.2,12.7,18.732291666666665,1253.7,1.2,288.59583333333336,12
2018-09-14,2018,9,14,0,30.646,17.011,22.038822916666668,100,52.1,76.46458333333334,0,0,0,2.52,0,0.6551041666666667,23.6,11.5,17.43125,1266.2,1.2,240.41875000000002,11.75
2018-09-15,2018,9,15,3.8000000000000003,30.469,17.225,21.861708333333333,100,48.8,83.68958333333333,0,0,0,2.52,0,0.5973958333333333,22.2,14.8,18.41875,1211.2,1.2,275.39270833333336,12
2018-09-16,2018,9,16,0.2,28.742,15.843,20.076520833333333,100,68.9,90.171875,0,0,0,2.01,0,0.5239583333333333,22.8,15.2,18.327083333333334,1198.7,1.2,148.46562500000002,12
2018-09-17,2018,9,17,14,26.818,16.773,19.582375,100,81.5,94.35,0,0,0,3.52,0,0.6080208333333333,24.4,16.8,18.6375,1316.2,1.2,123.3875,12
2018-09-18,2018,9,18,0,25.307,16.63,19.87809375,100,78.1,94.22916666666667,0,0,0,2.52,0,0.7916666666666666,22.1,16.7,18.889583333333334,818.7,1.2,151.35625,12
2018-09-19,2018,9,19,0.6000000000000001,26.231,16.725,19.686947916666668,100,79.4,94.575,0,0,0,3.02,0,0.6659375,23.1,15.9,18.783333333333335,836.2,1.2,137.18958333333333,12
2018-09-20,2018,9,20,0,27.727,15.724,19.635104166666668,100,71.4,91.61354166666666,0,0,0,2.52,0,0.5766666666666667,22.4,15.3,18.15833333333333,1161.2,1.2,168.04895833333333,11.75
2018-09-21,2018,9,21,0,28.568,14.745,20.410104166666667,100,66.1,87.675,0,0,0,4.53,0,0.9645833333333333,21.8,14.8,18.092708333333334,1343.7,1.2,277.684375,12.25
2018-09-22,2018,9,22,0,29.34,15.509,21.544708333333332,100,66.3,87.4875,0,0,0,2.52,0,0.6761458333333333,23.3,15.1,19.170833333333334,1158.7,1.2,274.2729166666667,12
2018-09-23,2018,9,23,17.2,28.568,17.582,20.76684375,100,74.6,94.815625,0,0,0,2.01,0,0.3408333333333333,23.6,17.6,19.839583333333334,1191.2,1.2,136.69479166666667,12
2018-09-24,2018,9,24,9,26.94,16.677,20.692135416666666,100,78.4,94.103125,0,0,0,3.02,0,0.4928125,24.2,16.7,19.657291666666666,1063.7,1.2,184.03854166666667,12
2018-09-25,2018,9,25,0,27.407,18.033,21.69225,100,73.4,91.84375,0,0,0,2.52,0,0.34625,24.2,18.1,20.225,843.7,1.2,177.08541666666667,12
2018-09-26,2018,9,26,10.399999999999999,28.841,18.271,21.644416666666668,100,74.3,92.84166666666667,0,0,0,2.52,0,0.5449999999999999,24.2,18.3,20.347916666666666,991.2,1.2,177.81458333333333,12
2018-09-27,2018,9,27,0,28.617,18.461,21.81634375,100,75.9,93.13333333333333,0,0,0,2.52,0,0.5241666666666667,24.1,18.5,20.597916666666666,1013.7,1.2,151.56458333333333,11.75
2018-09-28,2018,9,28,5.8,26.842,18.39,20.76146875,100,80.2,96.58645833333333,0,0,0,2.01,0,0.3772916666666667,23.7,18.4,20.18125,751.2,1.2,114.325,11.75
2018-09-29,2018,9,29,36,28.493,18.723,20.632395833333334,100,81.5,97.521875,0,0,0,3.52,0,0.5921875,25,18.1,20.222916666666666,1358.7,1.2,183.07500000000002,11.75
2018-09-30,2018,9,30,0.2,27.333,18.842,21.46709375,100,78.1,94.55104166666666,0,0,0,2.52,0,0.3617708333333333,24.1,18.9,20.508333333333333,806.2,1.2,163.07500000000002,12.25
2018-10-01,2018,10,1,13.4,28.369,17.415,21.796822916666667,100,75.4,93.09270833333333,0,0,0,3.52,0,0.9067708333333333,24.8,17.4,20.547916666666666,1148.7,1.2,262.840625,11.75
2018-10-02,2018,10,2,3.2,26.5,18.414,20.596416666666666,100,83.8,95.484375,0,0,0,3.02,0,0.6811458333333333,25.2,17.9,19.854166666666668,1088.7,1.2,119.559375,11.5
2018-10-03,2018,10,3,13.4,28.518,18.105,21.537864583333334,100,74.4,92.83541666666666,0,0,0,3.02,0,1.0848958333333334,24.5,17.8,20.272916666666667,1103.7,1.2,204.45520833333333,11.75
2018-10-04,2018,10,4,6,24.002,18.557,19.758020833333333,100,91.5,98.875,0,0,0,3.52,0,1.2640625,23,18.6,19.6,728.7,1.2,99.0125,11.25
2018-10-05,2018,10,5,0.2,24.968,17.701,20.330645833333335,100,87.5,97.78854166666666,0,0,0,4.53,0,0.9698958333333333,23,17.7,19.979166666666668,718.7,1.2,136.98125000000002,11.5
2018-10-06,2018,10,6,3.8000000000000003,23.713,18.866,20.4994375,100,94.4,99.38020833333333,0,0,0,2.52,0,0.5185416666666667,23.4,18.9,20.428125,496.2,1.2,92.50208333333333,11.75
2018-10-07,2018,10,7,45.2,27.702,17.796,19.883645833333333,100,79.5,98.01770833333333,0,0,0,5.03,0,0.7808333333333334,24.3,17.8,19.56458333333333,971.2,1.2,109.325,11.75
2018-10-08,2018,10,8,15.8,26.182,17.629,19.508031250000002,100,88.5,98.97604166666666,0,0,0,1.01,0,0.11520833333333333,24.3,17.7,19.358333333333334,618.7,1.2,74.16875,11.75
2018-10-09,2018,10,9,6,27.998,16.773,20.30909375,100,73,93.32395833333334,0,0,0,2.52,0,0.366875,23.2,16.8,19.126041666666666,1148.7,1.2,161.590625,11.75
2018-10-10,2018,10,10,0,28.295,16.201,21.10625,100,73,92.24166666666666,0,0,0,2.52,0,0.4195833333333333,24,16.2,19.694791666666667,1061.2,1.2,202.47604166666667,11.5
2018-10-11,2018,10,11,0,30.066,16.82,21.725072916666665,100,39.6,83.19583333333334,0,0,0,2.52,0,0.5396875,23.3,11.8,18.020833333333332,1061.2,1.2,249.40312500000002,11.75
2018-10-12,2018,10,12,0,28.816,16.987,21.45690625,100,70.3,91.80833333333334,0.5,0,0.010416666666666666,2.52,0,0.4510416666666666,25,17,19.957291666666666,953.7,1.2,194.16875000000002,11.75
2018-10-13,2018,10,13,9.8,28.345,17.463,20.21734375,100,72.8,95.76666666666667,0,0,0,2.52,0,0.26187499999999997,23.4,17.4,19.46875,658.7,1.2,104.42916666666667,11
2018-10-14,2018,10,14,27.6,26.182,17.153,19.702947916666666,100,82.2,97.41458333333333,0,0,0,1.51,0,0.18333333333333335,23.2,17.2,19.266666666666666,566.2,1.2,93.621875,11.5
2018-10-15,2018,10,15,10.799999999999999,27.924,17.249,20.539260416666668,100,81.3,96.42708333333333,0,0,0,3.02,0,0.325,24.5,17.3,19.934375,881.2,1.2,126.56458333333333,12
2018-10-16,2018,10,16,46.6,28.394,17.13,19.778208333333332,100,73.6,96.74375,0,0,0,2.01,0,0.3723958333333333,23.8,17.2,19.213541666666668,926.2,1.2,118.153125,11.25
2018-10-17,2018,10,17,5,26.842,16.915,19.472239583333334,100,77.1,96.14583333333333,0,0,0,2.01,0,0.3667708333333333,23.4,16.9,18.821875,806.2,1.2,124.81979166666666,11.75
2018-10-18,2018,10,18,0,29.04,17.13,21.21159375,100,72.4,91.77708333333334,0,0,0,3.02,0,0.50875,24.2,17.2,19.728125,1083.7,1.2,196.95520833333333,11.75
2018-10-19,2018,10,19,0.4,28.593,17.486,21.097614583333332,100,74.5,93.478125,0,0,0,2.52,0,0.5192708333333333,24.4,17.5,19.941666666666666,1058.7,1.2,175.75729166666667,11.75
2018-10-20,2018,10,20,30.4,27.014,17.32,19.963947916666665,100,78.4,96.95104166666667,0,0,0,2.01,0,0.4036458333333333,23.9,17.3,19.454166666666666,763.7,1.2,102.31979166666667,11.5
2018-10-21,2018,10,21,0.8,26.916,16.63,20.53503125,100,77,91.440625,0,0,0,3.52,0,0.755,23.5,16.6,19.036458333333332,706.2,1.2,150.47083333333333,11.5
2018-10-22,2018,10,22,3.6,26.134,17.582,20.5958125,100,81.8,94.86770833333334,0,0,0,2.52,0,0.7759375,23.9,17.6,19.723958333333332,661.2,1.2,136.590625,11.5
2018-10-23,2018,10,23,0,28.791,17.225,21.446572916666668,96.5,55.2,74.53958333333334,0,0,0,4.03,0,1.5050000000000001,21.4,12,16.48125,1048.7,1.2,252.42395833333336,11.75
2018-10-24,2018,10,24,0,28.122,15.27,21.083520833333335,95.9,52.6,72.221875,0,0,0,4.03,0,0.8964583333333332,21,8.5,15.626041666666667,983.7,1.2,251.01770833333333,11.75
2018-10-25,2018,10,25,0,27.554,16.987,21.114541666666668,98.5,60.3,82.04166666666667,0,0,0,3.52,0,1.3625,22,14.1,17.74791666666667,1023.7,1.2,221.20000000000002,11.75
2018-10-26,2018,10,26,0,27.284,16.463,21.379510416666665,85.1,59.7,71.46458333333334,0.5,0,0.109375,5.54,0.5,2.411770833333333,19.5,12.4,15.928125,983.7,1.2,244.68958333333333,11.75
2018-10-27,2018,10,27,0,27.604,17.201,21.35594791666667,91.7,56.4,78.60833333333333,0.5,0,0.005208333333333333,6.04,0,1.7560416666666667,21.6,12.5,17.296875,958.7,1.2,239.06458333333333,11.75
2018-10-28,2018,10,28,0,27.628,16.582,21.140291666666666,92.8,42.7,63.51354166666667,0.5,0,0.06770833333333333,5.54,0,1.7932291666666667,17.2,9.2,13.434375,996.2,1.2,251.27812500000002,11.75
2018-10-29,2018,10,29,0,27.333,14.984,19.885010416666667,94.6,59,78.05416666666667,0,0,0,4.03,0,0.5186458333333334,21.5,11.2,15.779166666666667,976.2,1.2,192.97083333333333,11.75
2018-10-30,2018,10,30,0,29.59,16.034,20.901072916666667,99.9,53.3,78.37708333333333,0,0,0,2.52,0,0.6236458333333333,22.8,11.8,16.753125,953.7,1.2,179.79375000000002,11.75
2018-10-31,2018,10,31,0,29.665,15.676,20.875364583333333,100,64,89.78020833333333,0,0,0,3.02,0,0.5503125,23.6,15.5,18.959375,946.2,1.2,185.54895833333333,11.75
2018-11-01,2018,11,1,18.8,20.317,17.962,19.191781250000002,100,87.5,96.10520833333334,0,0,0,3.02,0,0.7863541666666667,20,17.6,18.561458333333334,226.2,1.2,44.76770833333333,11.5
2018-11-02,2018,11,2,0,25.38,17.891,20.420739583333333,100,82.9,93.76666666666667,0,0,0,4.53,0,1.1529166666666666,23,17.4,19.379166666666666,823.7,1.2,133.54375000000002,11.25
2018-11-03,2018,11,3,0.8,25.963,18.675,20.07896875,100,83.1,97.28541666666666,0,0,0,4.03,0,0.9645833333333333,23.5,18.5,19.640625,671.2,1.2,94.92395833333333,11.5
2018-11-04,2018,11,4,0.2,27.456,17.558,21.21375,100,72.7,88.95833333333333,0.5,0,0.015625,5.54,0,1.3888541666666667,22.5,16.2,19.239583333333332,1038.7,1.2,238.59583333333333,11.5
2018-11-05,2018,11,5,0,28.023,16.534,20.6829375,98.8,74.5,88.50729166666666,0.5,0,0.015625,3.52,0,1.2733333333333332,23.1,16.1,18.644791666666666,1001.2,1.2,219.22083333333333,11.5
2018-11-06,2018,11,6,0,23.857,17.677,19.79578125,93.4,71.2,80.68854166666667,0,0,0,6.04,0,1.6255208333333333,18.8,13.3,16.359375,481.2,1.2,87.50208333333333,11.5
2018-11-07,2018,11,7,0,26.744,17.249,21.08834375,92.3,70.9,83.2875,0.5,0,0.010416666666666666,4.03,0,1.29,22,15.5,18.097916666666666,1036.2,1.2,194.97604166666667,11.5
2018-11-08,2018,11,8,0,26.989,16.749,20.332395833333333,97,69.4,87.37604166666667,0,0,0,3.02,0,1.0697916666666667,22.6,15.3,18.082291666666666,888.7,1.2,178.98645833333333,11.5
2018-11-09,2018,11,9,0,26.646,17.249,20.080906249999998,97.9,75.2,88.82604166666667,0,0,0,3.02,0,0.938125,23.3,15.5,18.154166666666665,821.2,1.2,134.32500000000002,11.5
2018-11-10,2018,11,10,0,28.048,16.272,20.222510416666665,97.9,66.9,82.70625,0,0,0,5.03,0,1.0586458333333333,21.8,14.1,17.076041666666665,948.7,1.2,235.57500000000002,11.75
2018-11-11,2018,11,11,0,27.382,15.7,19.981958333333335,94.9,51.6,73.56145833333333,0,0,0,4.03,0,0.8125,19.6,9.3,14.833333333333334,926.2,1.2,222.63229166666667,11.75
2018-11-12,2018,11,12,0,28.369,15.485,20.273395833333332,97.3,44.4,78.14791666666666,0,0,0,3.02,0,0.6759375,20.9,13.5,15.829166666666667,951.2,1.2,223.98645833333333,11.75
2018-11-13,2018,11,13,0,29.015,15.055,20.22313541666667,99.7,63.5,87.67708333333333,0.5,0,0.010416666666666666,3.02,0,0.6080208333333333,21.9,14.7,17.901041666666668,953.7,1.2,226.43437500000002,11.75
2018-11-14,2018,11,14,0,28.568,15.819,20.872520833333333,100,49.8,80.378125,0,0,0,3.52,0,0.8752083333333333,20.8,14.7,17.004166666666666,888.7,1.2,209.61145833333333,11.75
2018-11-15,2018,11,15,0.2,30.293,17.272,22.236572916666667,96.6,42.5,64.23125,0,0,0,3.02,0,1.0958333333333332,18.5,11.1,14.734375,941.2,1.2,223.90833333333333,11.75
2018-11-16,2018,11,16,77.2,19.318,17.748,18.5704375,100,95.1,99.51041666666667,0.5,0,0.046875,6.54,0,1.1053125,19.1,17.8,18.517708333333335,121.2,1.2,22.007291666666667,10.75
2018-11-17,2018,11,17,0,28.369,14.529,20.11434375,100,65.7,91.16666666666667,0,0,0,3.02,0,0.4403125,23.3,14.5,18.489583333333332,918.7,1.2,161.06979166666667,11.5
2018-11-18,2018,11,18,5.8,27.112,16.463,19.8286875,100,78.3,95.75729166666667,0,0,0,1.51,0,0.3619791666666667,24.4,16.5,19.101041666666667,703.7,1.2,117.00729166666666,11
2018-11-19,2018,11,19,0,26.818,17.986,20.937958333333334,100,81,93.03645833333333,0,0,0,4.53,0,1.0852083333333333,23.7,17,19.742708333333333,858.7,1.2,163.85625000000002,11.5
2018-11-20,2018,11,20,0,27.579,16.915,21.195729166666666,97.3,72.4,86.459375,0,0,0,2.52,0,0.9904166666666666,23.8,16.2,18.782291666666666,916.2,1.2,197.94479166666667,11.5
2018-11-21,2018,11,21,1.2000000000000002,28.048,17.13,21.561854166666667,100,61,83.78958333333333,0,0,0,3.52,0,1.3110416666666667,21.1,15.5,18.505208333333332,978.7,1.2,237.99687500000002,11.75
2018-11-22,2018,11,22,0.2,26.842,17.724,20.604802083333333,100,77.8,94.87395833333333,0.5,0,0.005208333333333333,4.03,0,1.5365625,23.6,17.7,19.726041666666667,1098.7,1.2,188.04895833333333,11.5
2018-11-23,2018,11,23,45.2,26.891,18.057,20.420229166666665,100,80.7,97.03541666666666,0,0,0,4.03,0,1.2113541666666667,24.4,18.1,19.922916666666666,936.2,1.2,136.95520833333333,11
2018-11-24,2018,11,24,0,25.137,17.558,19.82196875,100,85.2,96.0875,0,0,0,4.03,0,0.9384375,23,17.2,19.172916666666666,883.7,1.2,165.26250000000002,11.5
2018-11-25,2018,11,25,0,29.24,16.201,20.686333333333334,100,73.3,90.084375,0,0,0,2.52,0,0.8698958333333333,24.7,16.2,18.916666666666668,1023.7,1.2,219.95000000000002,11.75
2018-11-26,2018,11,26,0,27.579,16.558,20.78803125,97.8,69.2,87.18958333333333,0,0,0,3.52,0,1.11125,23,14.7,18.495833333333334,923.7,1.2,222.84062500000002,11.5
2018-11-27,2018,11,27,0,25.623,15.867,19.187614583333332,95.6,67.5,86.12708333333333,0.5,0,0.015625,4.53,0,1.6984375,20.6,14.2,16.736458333333335,961.2,1.2,236.74687500000002,11.75
2018-11-28,2018,11,28,0,27.677,14.888,19.848322916666667,98.2,68.4,87.003125,0.5,0,0.005208333333333333,5.03,0,1.4944791666666666,22.3,14.2,17.488541666666666,943.7,1.2,226.79895833333333,11.5
2018-11-29,2018,11,29,0.8,22.609,17.582,18.810375,100,87.7,97.79375,0,0,0,4.03,0,1.1801041666666667,20.5,17.4,18.46875,443.7,1.2,95.93958333333333,11.25
2018-11-30,2018,11,30,0,25.501,17.225,19.78853125,100,83.5,94.709375,0,0,0,3.52,0,1.3680208333333332,22.5,17,18.90625,971.2,1.2,151.87708333333333,11.25
2018-12-01,2018,12,1,0,25.963,16.677,20.144895833333333,98.9,74.2,88.5125,0.5,0,0.005208333333333333,4.53,0,1.6878125,21.7,15.7,18.142708333333335,943.7,1.2,232.68437500000002,11.75
2018-12-02,2018,12,2,0,26.426,16.392,20.174385416666667,97.9,66.5,86.38541666666666,0,0,0,3.02,0,1.1325,22,14.8,17.76875,933.7,1.2,185.34062500000002,11.5
2018-12-03,2018,12,3,0,25.162,17.082,20.00596875,97.4,78.1,87.3875,0.5,0,0.015625,4.53,0,1.5830208333333333,21.3,15,17.823958333333334,936.2,1.2,228.25729166666667,11.5
2018-12-04,2018,12,4,0,23.641,17.296,19.361625,100,89.5,97.171875,0,0,0,3.52,0,1.3209374999999999,22.1,16.5,18.914583333333333,631.2,1.2,92.45,11
2018-12-05,2018,12,5,0,25.89,17.177,20.132041666666666,100,80.4,94.11458333333333,0.5,0,0.005208333333333333,4.53,0,1.0535416666666666,22.9,17,19.128125,926.2,1.2,161.79895833333333,11.25
2018-12-06,2018,12,6,0,26.842,16.725,20.903239583333335,99.9,71.7,88.203125,0.5,0,0.046875,4.53,0,1.2527083333333333,22.3,16.6,18.76875,973.7,1.2,241.40833333333333,11.5
2018-12-07,2018,12,7,0,27.505,16.463,20.32371875,98.6,71.4,88.265625,0.5,0,0.005208333333333333,3.52,0,1.2792708333333334,22.1,15.4,18.244791666666668,978.7,1.2,231.43437500000002,11.5
2018-12-08,2018,12,8,0,26.207,16.368,19.939270833333335,97.1,71,82.14270833333333,0.5,0,0.078125,5.54,0,1.9715625,20.7,13.8,16.752083333333335,906.2,1.2,224.32500000000002,11.5
2018-12-09,2018,12,9,0,28.147,16.296,20.853947916666666,96,56.2,75.72916666666667,0.5,0,0.06770833333333333,5.54,0,2.0127083333333333,19.5,13.4,16.166666666666668,918.7,1.2,231.95520833333333,11.5
2018-12-10,2018,12,10,0,27.653,15.819,20.253197916666668,89.9,46.1,73.34583333333333,0.5,0,0.010416666666666666,4.53,0,1.5040625,18.4,12.3,14.963541666666666,928.7,1.2,199.32500000000002,11.5
2018-12-11,2018,12,11,0,29.315,15.629,20.438135416666668,91.9,46.4,74.32395833333334,0,0,0,3.52,0,0.8594791666666667,18.2,10.8,15.358333333333333,896.2,1.2,210.21041666666667,11.5
2018-12-12,2018,12,12,0,27.21,15.103,19.819447916666668,98.1,57.3,84.0875,0,0,0,2.52,0,0.4872916666666666,20.6,12.8,16.864583333333332,833.7,1.2,162.65833333333333,11.25
2018-12-13,2018,12,13,0,28.667,16.487,20.37115625,99.3,61.5,85.42291666666667,0,0,0,3.02,0,0.5979166666666667,21.3,14.8,17.672916666666666,931.2,1.2,174.27291666666667,11.5
2018-12-14,2018,12,14,0,27.628,15.867,19.994020833333334,97.7,56.5,76.25,0,0,0,4.03,0,1.0434375,18.9,12.7,15.432291666666666,856.2,1.2,200.10625000000002,11.5
2018-12-15,2018,12,15,0,26.012,15.366,19.00915625,93.5,62.1,79.47708333333333,0,0,0,5.03,0,1.1740625,19.5,10.3,15.276041666666666,786.2,1.2,166.38229166666667,11.5
2018-12-16,2018,12,16,0,27.702,16.106,20.028604166666668,92.6,44.9,72.74479166666667,0,0,0,4.03,0,1.4576041666666666,18,11.7,14.636458333333334,973.7,1.2,217.16354166666667,11.5
2018-12-17,2018,12,17,0,30.469,14.385,19.5196875,99.5,45.3,82.86354166666666,0,0,0,3.02,0,0.6236458333333333,20.3,11.8,16.103125,906.2,1.2,209.22083333333333,11.5
2018-12-18,2018,12,18,0,28.791,14.098,20.448260416666667,94.5,44.1,68.990625,0.5,0,0.015625,3.02,0,0.9177083333333333,19.6,9.3,14.191666666666666,928.7,1.2,230.39270833333333,11.5
2018-12-19,2018,12,19,0,25.695,15.127,19.327125,97.2,71.9,87.896875,0,0,0,4.03,0,1.0533333333333332,21.1,14.1,17.209375,801.2,1.2,143.80416666666667,11.5
2018-12-20,2018,12,20,0,28.245,15.939,20.1690625,100,64.8,86.603125,0.5,0,0.010416666666666666,3.02,0,0.9853125,21.5,15.4,17.741666666666667,923.7,1.2,189.68958333333333,11.5
2018-12-21,2018,12,21,0,27.974,17.058,20.380625,92.2,61.9,79.7875,0,0,0,3.02,0,1.4936458333333333,22.5,13.6,16.670833333333334,893.7,1.2,172.26770833333333,11.5
2018-12-22,2018,12,22,0,25.04,15.414,19.806489583333335,93.3,70.7,84.49375,0.5,0,0.08854166666666667,5.54,0,2.3121875,21.7,14.3,17.09375,741.2,1.2,152.13750000000002,11.5
2018-12-23,2018,12,23,0,25.428,18.057,19.974135416666666,98.2,76.2,90.18541666666667,0.5,0,0.125,5.54,0.5,2.705416666666667,22,15.8,18.304166666666667,896.2,1.2,142.94479166666667,11.5
2018-12-24,2018,12,24,0,26.28,17.724,20.300989583333333,99.7,75.8,92.50416666666666,0.5,0,0.057291666666666664,4.03,0,1.7252083333333332,22.4,17.4,19.005208333333332,971.2,1.2,186.46041666666667,11.5
2018-12-25,2018,12,25,0,26.061,17.558,20.656854166666665,96.1,75.4,87.21458333333334,1.01,0,0.0678125,4.53,0,1.8505208333333334,22,15.3,18.422916666666666,1096.2,1.2,221.98125000000002,11.5
2018-12-26,2018,12,26,0,29.065,15.939,20.846968750000002,95.9,45.9,70.06458333333333,0.5,0,0.026041666666666668,4.53,0,1.4680208333333333,17.7,11.8,14.73125,946.2,1.2,228.02291666666667,11.5
2018-12-27,2018,12,27,0,27.259,14.625,20.094645833333335,95.8,60.8,80.64270833333333,0.5,0,0.005208333333333333,3.02,0,0.6817708333333333,21,12.7,16.448958333333334,931.2,1.2,209.95000000000002,11.5
2018-12-28,2018,12,28,0,26.72,15.963,19.630520833333335,100,70.2,90.01979166666666,0,0,0,3.02,0,0.6234375,22,15.6,17.864583333333332,671.2,1.2,122.18958333333333,11.5
2018-12-29,2018,12,29,0,26.256,16.344,19.78240625,100,72.1,89.078125,0.5,0,0.015625,4.53,0,1.5155208333333334,20.9,15.4,17.864583333333332,853.7,1.2,180.93958333333333,11.75
2018-12-30,2018,12,30,0,24.968,15.008,18.78553125,97.3,66.8,83.01145833333334,0.5,0,0.109375,5.54,0,2.3592708333333334,19.9,11,15.745833333333334,911.2,1.2,223.56979166666667,11.75
2018-12-31,2018,12,31,0,24.557,13.93,18.464427083333334,94.7,69.2,78.80416666666666,0.5,0,0.109375,5.54,0,2.285833333333333,18.6,10.7,14.647916666666667,938.7,1.2,232.05937500000002,11.75
2019-01-01,2019,1,1,0,23.448,13.377,17.147,97.7,70.3,83.559375,0.5,0,0.125,6.04,0,2.1809375,18.2,9.2,14.284375,976.2,1.2,239.79375000000002,11.75
2019-01-02,2019,1,2,0,24.798,12.582,16.967583333333334,79.2,55.4,69.44583333333333,1.01,0,0.27708333333333335,7.05,0.5,3.0938541666666666,16.9,7.8,11.284375,996.2,1.2,254.87187500000002,11.75
2019-01-03,2019,1,3,0,26.182,13.594,18.672052083333334,71.1,32.2,53.04270833333333,1.01,0,0.36614583333333334,7.55,0.5,3.4873958333333337,12.2,-0.9,8.563541666666667,1013.7,1.2,259.37708333333336,11.75
2019-01-04,2019,1,4,0,25.963,14.026,18.789354166666666,68.9,29.8,52.04270833333334,1.51,0,0.381875,6.54,1.01,3.8060416666666668,12.9,2.7,8.446875,1023.7,1.2,261.434375,11.75
2019-01-05,2019,1,5,0,25.574,13.57,18.401458333333334,87.3,37,61.922916666666666,1.01,0,0.20864583333333334,6.04,0,2.6425,17,0.6,10.653125,1021.2,1.2,260.78333333333336,11.75
2019-01-06,2019,1,6,0,25.38,14.17,18.440302083333332,87,62.7,75.43229166666667,1.01,0,0.14072916666666666,4.53,0.5,2.4121875,19.3,9.9,13.95,998.7,1.2,250.15833333333333,11.75
2019-01-07,2019,1,7,0,28.866,14.721,19.0745625,91,52.1,72.66354166666667,1.01,0,0.24041666666666667,6.54,0,2.5634375,18.8,9.4,13.854166666666666,1001.2,1.2,259.68958333333336,11.5
2019-01-08,2019,1,8,0,25.793,14.745,19.329635416666665,90.9,47.4,68.26666666666667,1.01,0,0.17739583333333334,6.04,0,2.364479166666667,17,6.4,13.111458333333333,1016.2,1.2,264.22083333333336,11.75
2019-01-09,2019,1,9,0,26.036,15.031,19.530364583333334,72.6,46.5,54.001041666666666,1.01,0,0.16677083333333334,5.54,0.5,2.5272916666666667,15.5,6.1,9.877083333333333,1016.2,1.2,265.70520833333336,11.5
2019-01-10,2019,1,10,0,26.891,14.912,19.8218125,80.2,35.2,56.094791666666666,0.5,0,0.08333333333333333,4.53,0,2.0547916666666666,16.2,4,10.460416666666667,1023.7,1.2,267.3979166666667,11.75
2019-01-11,2019,1,11,0,28.717,12.509,19.1876875,84.6,46,67.93958333333333,0.5,0,0.036458333333333336,4.03,0,1.1424999999999998,17.7,8.5,12.794791666666667,1013.7,1.2,267.4760416666667,11.5
2019-01-12,2019,1,12,0,27.136,14.529,19.85009375,85.2,34.6,65.12291666666667,0.5,0,0.10416666666666667,5.03,0,2.0659375,18.6,8.4,12.765625,1023.7,1.2,267.0072916666667,11.75
2019-01-13,2019,1,13,0,27.456,15.127,19.272833333333335,86.5,49.1,72.446875,0.5,0,0.09895833333333333,5.54,0,2.3702083333333333,18.7,9.5,14.005208333333334,983.7,1.2,219.40312500000002,11.5
2019-01-14,2019,1,14,0,27.407,14.864,19.957239583333333,91.2,59.4,77.790625,0.5,0,0.07291666666666667,4.03,0,1.9190625000000001,20.1,11,15.841666666666667,1018.7,1.2,256.8510416666667,11.5
2019-01-15,2019,1,15,0,25.963,15.031,19.805885416666666,91.7,49.3,66.94270833333333,1.01,0,0.21364583333333334,6.04,0,2.841458333333333,17.5,7.7,13.178125,946.2,1.2,247.52812500000002,11.5
2019-01-16,2019,1,16,0,25.914,15.796,19.740906250000002,72.2,45.8,58.295833333333334,1.01,0,0.329375,6.04,0.5,3.146145833333333,14.9,7,11.185416666666667,1061.2,1.2,278.3875,11.5
2019-01-17,2019,1,17,0,26.916,14.242,19.240739583333333,76.6,42.5,57.077083333333334,1.01,0,0.20927083333333335,7.05,0.5,2.7061458333333333,16,3.8,10.322916666666666,1071.2,1.2,265.6791666666667,11.5
2019-01-18,2019,1,18,0,26.158,14.84,19.31409375,76.6,50.3,64.11875,1.01,0,0.27666666666666667,6.54,1.01,3.3032291666666667,18.2,7.9,12.295833333333333,1016.2,1.2,252.89270833333333,11.5
2019-01-19,2019,1,19,0,26.671,14.17,19.462604166666665,70.9,41.2,57.052083333333336,1.51,0,0.31354166666666666,7.05,0,2.8677083333333333,16.3,5.7,10.595833333333333,1031.2,1.2,277.0072916666667,11.5
2019-01-20,2019,1,20,0,25.453,14.745,18.235145833333334,80.7,38.5,59.334375,1.51,0,0.42333333333333334,6.04,1.01,3.3817708333333334,13,2.3,9.869791666666666,1026.2,1.2,219.42916666666667,11.5
2019-01-21,2019,1,21,0,29.065,13.209,18.619364583333333,86.4,32,54.99166666666667,1.01,0,0.08375,6.04,0,1.4569791666666667,14.5,0.7,8.660416666666666,1101.2,1.2,227.50208333333333,11.5
2019-01-22,2019,1,22,0,29.09,11.273,18.979041666666667,85.9,36.3,62.175,0.5,0,0.052083333333333336,3.02,0,1.4258333333333333,15.4,7.7,11.025,1098.7,1.2,291.56458333333336,11.5
2019-01-23,2019,1,23,0,29.015,12.05,19.361614583333335,90.7,36.2,66.425,0.5,0,0.125,4.53,0,1.4468750000000001,16.4,9.7,12.413541666666667,1091.2,1.2,288.12708333333336,11.5
2019-01-24,2019,1,24,0,28.32,13.522,19.688822916666666,97.7,53.4,74.66666666666667,0.5,0,0.010416666666666666,3.52,0,0.9744791666666666,19.1,11.7,14.785416666666666,1106.2,1.2,222.21562500000002,11.75
2019-01-25,2019,1,25,0,24.702,14.792,19.221197916666668,97.6,67.8,86.18125,0,0,0,2.52,0,0.7395833333333334,19.7,13.2,16.755208333333332,851.2,1.2,120.184375,11.5
2019-01-26,2019,1,26,0,27.628,15.652,20.527510416666665,99.7,62.9,85.759375,0.5,0,0.020833333333333332,3.02,0,0.8127083333333333,21.7,15.6,17.845833333333335,1016.2,1.2,183.30937500000002,11.5
2019-01-27,2019,1,27,0,25.647,15.963,19.845125,100,68.2,88.37604166666667,0,0,0,3.02,0,0.72375,20.6,16,17.725,731.2,1.2,140.184375,11.5
2019-01-28,2019,1,28,0,29.941,16.129,20.8173125,100,53.6,85.68854166666667,0.5,0,0.010416666666666666,2.52,0,0.8178124999999999,22.5,16.1,17.984375,998.7,1.2,214.37708333333333,11.75
2019-01-29,2019,1,29,0,26.965,15.986,20.100072916666665,99.7,65.3,84.68020833333334,1.01,0,0.2140625,5.54,0.5,2.6372916666666666,20.6,15.2,17.297916666666666,1116.2,1.2,300.41875,11.75
2019-01-30,2019,1,30,0,27.358,15.175,19.93640625,92.6,58.1,77.63645833333334,1.01,0,0.27239583333333334,6.04,0,2.4852083333333335,20.2,12.6,15.729166666666666,1133.7,1.2,301.2,11.75
2019-01-31,2019,1,31,0,25.866,14.218,18.988166666666668,96.5,57.9,76.7875,1.51,0,0.21958333333333332,9.06,0,2.38,18.3,11,14.6125,1096.2,1.2,275.3666666666667,11.75
2019-02-01,2019,2,1,0,27.702,13.906,19.49340625,81.3,55.2,69.50520833333333,1.01,0,0.12541666666666668,4.03,0,1.8663541666666668,18.8,9.8,13.711458333333333,1128.7,1.2,250.41875000000002,11.75
2019-02-02,2019,2,2,0,29.265,15.223,20.250427083333335,85.6,53.3,73.121875,1.01,0,0.15114583333333334,4.53,0,1.9086458333333334,19.1,12.1,15.104166666666666,1121.2,1.2,299.92395833333336,11.75
2019-02-03,2019,2,3,0,28.617,14.266,20.7723125,92.6,49.7,68.89479166666666,1.01,0,0.17239583333333333,5.54,0,2.4484375,18.2,12.6,14.547916666666667,1108.7,1.2,297.215625,11.75
2019-02-04,2019,2,4,0,29.439,16.749,21.62940625,88.5,54.4,70.68333333333334,1.01,0,0.2709375,5.03,0.5,2.930833333333333,19.7,11.6,15.911458333333334,1148.7,1.2,297.528125,11.75
2019-02-05,2019,2,5,0,25.841,18.414,20.78284375,91.8,69.6,83.70625,1.01,0,0.13552083333333334,5.03,0,2.4270833333333335,20.5,16.5,17.905208333333334,683.7,1.2,159.74166666666667,11.75
2019-02-06,2019,2,6,0,28.617,16.177,21.249072916666666,99.1,58.6,78.459375,1.01,0,0.12,5.03,0,1.5883333333333334,19.9,15.9,17.095833333333335,1141.2,1.2,259.0125,11.75
2019-02-07,2019,2,7,0,28.295,15.963,21.2159375,99.4,59.9,78.16979166666667,1.01,0,0.104375,5.03,0,1.5257291666666666,21.3,15,17.016666666666666,1121.2,1.2,232.42395833333333,11.75
2019-02-08,2019,2,8,0,28.568,15.986,21.3110625,99,59.7,85.67291666666667,0.5,0,0.036458333333333336,4.03,0,0.7178125,22,15.6,18.604166666666668,1143.7,1.2,191.04375000000002,11.5
2019-02-09,2019,2,9,0,27.554,17.272,21.145427083333335,100,70.7,89.13958333333333,0,0,0,4.03,0,0.8857291666666667,23.6,17.3,19.172916666666666,758.7,1.2,152.97083333333333,11.75
2019-02-10,2019,2,10,0,28.941,17.51,21.7433125,100,65.5,84.81041666666667,0.5,0,0.08854166666666667,5.54,0,1.661875,22.4,16.9,18.894791666666666,1123.7,1.2,217.89270833333333,11.75
2019-02-11,2019,2,11,0,28.941,16.654,21.665520833333332,96.7,57.2,76.83229166666666,1.01,0,0.24520833333333333,5.54,0.5,3.082291666666667,20.2,14.9,17.15833333333333,1226.2,1.2,293.9604166666667,11.75
2019-02-12,2019,2,12,0,28.593,16.201,20.919364583333333,89.1,54.9,73.35520833333334,1.51,0,0.3776041666666667,7.05,1.01,3.3395833333333336,19.7,11.3,15.7875,1126.2,1.2,310.6010416666667,11.75
2019-02-13,2019,2,13,0,27.825,16.249,21.00534375,83.5,40.6,59.171875,1.51,0,0.4242708333333333,7.05,0.5,3.5130208333333335,15.7,8.9,12.517708333333333,1158.7,1.2,317.215625,12
2019-02-14,2019,2,14,0,30.343,16.344,22.028385416666666,91.3,52.9,66.35625,1.01,0,0.2555208333333333,5.54,0,2.427395833333333,19.9,9.9,15.297916666666666,1158.7,1.2,307.73645833333336,12
2019-02-15,2019,2,15,0,29.115,16.701,21.3570625,98.5,64.5,85.73333333333333,0.5,0,0.08854166666666667,4.03,0,1.4257291666666667,22.6,16.4,18.744791666666668,1261.2,1.2,247.86666666666667,12
2019-02-16,2019,2,16,0,30.646,16.987,22.20970833333333,99.1,58,84.596875,1.01,0,0.0521875,3.52,0,0.7390625,24.3,16.7,19.196875,1141.2,1.2,239.68958333333336,12
2019-02-17,2019,2,17,0,33.966,17.724,23.453145833333334,99.5,48.3,83.59479166666667,0.5,0,0.0625,4.53,0,1.0328125,23,17.4,20.034375,1223.7,1.2,302.684375,11.75
2019-02-18,2019,2,18,0,34.255,17.344,23.460125,99.8,44.5,81.11458333333333,0.5,0,0.052083333333333336,3.52,0,0.9747916666666666,21.9,16.8,19.435416666666665,1193.7,1.2,309.53333333333336,12
2019-02-19,2019,2,19,0,31.001,17.415,23.15490625,97.4,57.1,79.61875,0.5,0,0.06770833333333333,3.52,0,1.27375,22.2,16.5,19.078125,1236.2,1.2,277.34583333333336,12
2019-02-20,2019,2,20,0,29.815,18.057,22.160052083333333,99.9,51.1,77.35520833333334,0.5,0,0.17708333333333334,4.53,0,1.8085416666666667,21.5,13.9,17.588541666666668,1158.7,1.2,303.2572916666667,12
2019-02-21,2019,2,21,0,29.765,15.581,21.850916666666667,87.6,34.2,61.5625,1.51,0,0.5139583333333333,7.05,0.5,3.3613541666666666,18.1,10.4,13.525,1188.7,1.2,328.3875,12
2019-02-22,2019,2,22,0,29.414,17.058,22.199302083333333,58.7,25.1,42.08958333333334,1.51,0,0.5870833333333333,8.05,0.5,3.8268750000000002,14.8,-2.1,8.394791666666666,1216.2,1.2,337.65833333333336,12
2019-02-23,2019,2,23,0,30.798,16.534,22.99427083333333,56.5,22.7,37.192708333333336,1.51,0,0.4401041666666667,10.57,1.01,3.114479166666667,11.2,-0.1,6.995833333333334,1213.7,1.2,336.278125,12
2019-02-24,2019,2,24,0,31.816,17.201,23.08628125,49.1,22.8,36.10729166666667,1.51,0,0.366875,7.05,0,2.8317708333333336,11.6,0.6,6.904166666666667,1211.2,1.2,336.4604166666667,12
2019-02-25,2019,2,25,0,32.665,13.954,22.554104166666665,97.5,25.6,56.208333333333336,1.01,0,0.25135416666666666,5.54,0,1.8871875,18.9,1.2,11.85,1216.2,1.2,336.434375,12
2019-02-26,2019,2,26,0,32.587,14.864,22.161895833333332,98.7,33.9,78.19895833333334,0.5,0,0.052083333333333336,3.52,0,1.1689583333333333,22.2,12.9,17.242708333333333,1188.7,1.2,286.6947916666667,12
2019-02-27,2019,2,27,0,31.179,16.749,22.405541666666668,99.8,54.8,84.0125,0.5,0,0.052083333333333336,4.03,0,1.2161458333333333,22.2,16.5,19.198958333333334,1156.2,1.2,223.20520833333333,12
2019-02-28,2019,2,28,0,32.691,17.296,22.96382291666667,100,52.1,84.11041666666667,0.5,0,0.026041666666666668,3.02,0,0.95375,22.1,17.1,19.761458333333334,1131.2,1.2,248.93437500000002,12
2019-03-01,2019,3,1,0,31.996,18.176,24.01459375,100,52.9,75.08229166666666,1.01,0,0.188125,4.53,0,1.7716666666666667,21.8,16.9,18.89270833333333,1183.7,1.2,307.91875,12
2019-03-02,2019,3,2,0,30.243,18.01,22.481927083333332,98.4,57.9,80.28854166666666,1.01,0,0.24562499999999998,5.54,0,1.91875,21.8,15.6,18.634375,1171.2,1.2,297.45,12
2019-03-03,2019,3,3,0,30.798,16.296,22.520864583333335,97.8,48.4,79.490625,1.01,0,0.14625,4.03,0,1.4733333333333334,22.1,15.6,18.35625,1196.2,1.2,311.04375,12
2019-03-04,2019,3,4,0,29.84,16.82,22.192822916666668,99.2,60.8,85.91875,0.5,0,0.046875,4.03,0,1.0591666666666666,24.3,15.7,19.515625,1151.2,1.2,208.02291666666667,12
2019-03-05,2019,3,5,0,33.443,17.011,22.658822916666665,100,57.5,86.60208333333333,0.5,0,0.026041666666666668,3.52,0,0.9119791666666667,24.9,17,20.048958333333335,1078.7,1.2,215.39270833333333,12
2019-03-06,2019,3,6,0,32.15,17.605,23.321197916666666,99.6,53.2,83.41145833333333,0.5,0,0.057291666666666664,4.03,0,0.9907291666666667,23.7,16.6,19.9875,1286.2,1.2,253.67395833333333,12
2019-03-07,2019,3,7,0,35.689,19.413,24.9388125,98.4,32.1,76.6375,1.01,0,0.0834375,4.53,0,1.10625,24.2,15.1,19.692708333333332,1206.2,1.2,292.8666666666667,12
2019-03-08,2019,3,8,0,31.74,17.962,23.229458333333334,99,58.8,84.55729166666667,0.5,0,0.036458333333333336,3.02,0,1.1794791666666666,23.3,16.4,20.240625,1011.2,1.2,220.91354166666667,12
2019-03-09,2019,3,9,13.799999999999999,31.153,16.439,22.348645833333332,99.6,57.8,87.06145833333333,0.5,0,0.07291666666666667,7.55,0,1.0278125,23.1,15.2,19.810416666666665,1126.2,1.2,231.35625000000002,12
2019-03-10,2019,3,10,0,31.306,17.629,23.30628125,100,48.4,81.58645833333334,0.5,0,0.11979166666666667,5.03,0,1.2946875,23.4,16.4,19.491666666666667,1253.7,1.2,345.00208333333336,12
2019-03-11,2019,3,11,0.6,30.976,17.843,22.991802083333333,100,38,76.27395833333333,1.01,0,0.16708333333333333,4.53,0,1.4783333333333333,22,12.2,17.771875,1243.7,1.2,327.42395833333336,12
2019-03-12,2019,3,12,0,31.408,15.915,22.328458333333334,100,24,68.26041666666667,1.01,0,0.2409375,6.04,0,1.6982291666666667,20.6,7.6,14.851041666666667,1243.7,1.2,350.8354166666667,12
2019-03-13,2019,3,13,0,32.407,16.606,23.112947916666666,76.6,27,51.32604166666667,1.51,0,0.4351041666666667,6.04,0,2.7158333333333333,15,8.6,11.808333333333334,1253.7,1.2,351.35625,12
2019-03-14,2019,3,14,0,31.459,16.249,23.123572916666667,68.7,29.6,49.36145833333333,1.01,0,0.14104166666666668,4.53,0,1.8144791666666666,16.8,6.3,11.517708333333333,1281.2,1.2,311.40833333333336,12
2019-03-15,2019,3,15,0,30.621,15.939,22.695802083333334,62.8,30.1,46.63854166666667,1.01,0,0.2834375,5.03,0,1.9078125,17.3,5.4,10.357291666666667,1236.2,1.2,344.29895833333336,12
2019-03-16,2019,3,16,0,29.439,16.201,22.048802083333335,74.3,42.8,57.903125,1.51,0,0.3146875,6.04,0,2.2489583333333334,16.4,9.3,13.125,1283.7,1.2,351.3041666666667,12
2019-03-17,2019,3,17,0,30.243,15.175,22.233854166666667,80.5,39.7,59.06875,1.01,0,0.21916666666666665,5.03,0,1.850625,20,10.3,13.44375,1296.2,1.2,352.840625,12.25
2019-03-18,2019,3,18,0,31.51,16.392,22.562645833333335,95.6,42.7,69.96354166666667,1.01,0,0.1884375,5.54,0,1.4620833333333334,20.2,10.3,16.148958333333333,1283.7,1.2,354.68958333333336,12.25
2019-03-19,2019,3,19,0,31.919,16.915,23.179552083333334,98.5,41,76.85625,1.01,0,0.1565625,4.53,0,1.2997916666666667,21.9,15,18.1875,1296.2,1.2,352.5541666666667,12.25
2019-03-20,2019,3,20,0,29.565,17.534,22.7036875,98.5,49.5,83.19166666666666,0,0,0,4.03,0,0.9327083333333333,22.8,15.6,19.3,1096.2,1.2,196.38229166666667,12.25
2019-03-21,2019,3,21,0,31.561,16.392,23.134145833333335,100,38.7,78.43541666666667,1.01,0,0.23020833333333335,5.03,0,1.5669791666666666,21.6,13.1,18.316666666666666,1296.2,1.2,362.1375,12.25
2019-03-22,2019,3,22,0,31.255,17.748,23.16778125,99.3,36.4,80.39791666666667,1.51,0,0.3411458333333333,5.03,0,1.6672916666666668,22.2,14.5,18.966666666666665,1303.7,1.2,335.4447916666667,12.25
2019-03-23,2019,3,23,0,33.652,17.106,23.516677083333335,100,46.5,82.68958333333333,1.01,0,0.130625,5.03,0,1.2109375,23.4,16,19.820833333333333,1266.2,1.2,317.34583333333336,12.25
2019-03-24,2019,3,24,0,32.82,17.391,23.904479166666665,100,39.9,78.78020833333333,1.01,0,0.16739583333333333,4.53,0,1.2425,23.1,13.3,19.246875,1236.2,1.2,303.3354166666667,12.25
2019-03-25,2019,3,25,0,32.924,18.58,23.997833333333332,99.7,31.9,72.00520833333333,1.51,0,0.3616666666666667,8.05,0,1.9870833333333333,21.9,11.7,17.42395833333333,1278.7,1.2,350.184375,12.25
2019-03-26,2019,3,26,0,31.765,16.558,23.28740625,98.9,32,73.85833333333333,1.51,0,0.3671875,6.04,0,1.9452083333333334,20.7,12.1,17.170833333333334,1263.7,1.2,345.4447916666667,12.25
2019-03-27,2019,3,27,0,32.872,16.558,23.090697916666667,99.5,23.8,72.10520833333334,1.01,0,0.3305208333333333,4.53,0,1.6351041666666668,20.8,7.7,16.127083333333335,1296.2,1.2,358.934375,12.25
2019-03-28,2019,3,28,0.2,33.417,16.511,23.876729166666667,99.1,21.7,71.61354166666666,1.51,0,0.3147916666666667,6.04,0,1.7613541666666668,21.3,8.1,16.555208333333333,1293.7,1.2,361.33020833333336,12.25
2019-03-29,2019,3,29,0,33.053,16.368,23.64891666666667,99.6,41.3,81.35104166666666,0.5,0,0.078125,3.52,0,1.2161458333333333,21.6,16.3,19.525,1216.2,1.2,324.8979166666667,12.25
2019-03-30,2019,3,30,0,31.637,17.582,23.065114583333333,99.8,57,84.903125,0.5,0,0.041666666666666664,3.52,0,1.0380208333333334,23.6,17.5,20.05625,1043.7,1.2,212.05937500000002,12.25
2019-03-31,2019,3,31,0,32.253,17.201,23.55390625,99.3,42.5,79.33958333333334,0.5,0,0.046875,3.52,0,1.1533333333333333,21.6,15.4,19.128125,1026.2,1.2,246.79895833333333,12.25
2019-04-01,2019,4,1,0,33.001,17.058,23.583020833333332,99.9,48.9,80.38645833333334,0.5,0,0.041666666666666664,3.52,0,1.1372916666666666,23.4,16.9,19.461458333333333,1253.7,1.2,292.996875,12.25
2019-04-02,2019,4,2,0,32.794,16.939,23.620677083333334,98.4,45.3,71.54895833333333,0.5,0,0.052083333333333336,5.03,0,1.0479166666666666,19.8,13.1,17.472916666666666,1218.7,1.2,321.56458333333336,12.25
2019-04-03,2019,4,3,0,32.098,18.39,24.080229166666665,98.9,45.6,79.83958333333334,1.01,0,0.17281249999999998,4.53,0,1.3416666666666666,23.3,15.7,19.759375,1278.7,1.2,320.9135416666667,12.25
2019-04-04,2019,4,4,0,32.381,17.701,23.37584375,100,48,81.946875,1.01,0,0.06791666666666667,4.53,0,1.1845833333333333,23.3,15.4,19.628125,1313.7,1.2,257.8666666666667,12.25
2019-04-05,2019,4,5,0,32.407,16.749,23.151135416666666,100,38.9,78.97291666666666,0.5,0,0.06770833333333333,4.03,0,1.1327083333333334,22.8,13.9,18.630208333333332,1301.2,1.2,266.01770833333336,12.25
2019-04-06,2019,4,6,0,32.201,17.605,23.953104166666666,99.6,32.4,74.72916666666667,1.01,0,0.25666666666666665,7.05,0,1.5622916666666666,21.4,11.7,17.99791666666667,1276.2,1.2,349.5854166666667,12.25
2019-04-07,2019,4,7,0,33.809,17.391,24.222322916666666,99.4,35,76.40625,1.01,0,0.07302083333333333,3.52,0,1.0380208333333334,21.1,14.4,18.839583333333334,1148.7,1.2,321.434375,12.25
2019-04-08,2019,4,8,0,31.535,18.937,23.885802083333335,99.2,54.2,83.6125,0.5,0,0.005208333333333333,3.52,0,1.200625,22.9,18.5,20.628125,1058.7,1.2,205.15833333333333,12.25
2019-04-09,2019,4,9,0,31.637,18.818,23.39309375,99.2,61.4,87.56979166666666,0.5,0,0.015625,3.52,0,0.8601041666666667,24.3,18.5,21.05625,1306.2,1.2,187.58020833333333,12.25
2019-04-10,2019,4,10,0,33.443,18.438,24.652552083333333,100,42.5,81.39375,0.5,0,0.078125,3.52,0,1.2053125,23.8,18.4,20.653125,1361.2,1.2,334.2729166666667,12.25
2019-04-11,2019,4,11,0,33.365,19.341,24.198416666666667,99.5,42.7,81.15416666666667,0.5,0,0.046875,3.52,0,1.0223958333333334,22.8,16.4,20.20625,1118.7,1.2,236.90312500000002,12.25
2019-04-12,2019,4,12,0,33.914,17.344,24.22203125,99.2,33.9,75.63125,1.01,0,0.12541666666666668,6.04,0,1.3420833333333333,22,14.4,18.65625,1208.7,1.2,310.8875,12.5
2019-04-13,2019,4,13,0,33.73,18.295,24.59971875,99.6,33.5,77.55833333333334,1.01,0,0.21979166666666666,5.54,0,1.3263541666666667,22.6,13.2,19.37708333333333,1258.7,1.2,321.825,12.5
2019-04-14,2019,4,14,0,33.548,18.461,24.7905625,100,30.2,76.49375,1.51,0,0.19354166666666667,5.03,0,1.4784375,23.6,12.7,19.25,1258.7,1.2,349.2729166666667,12.5
2019-04-15,2019,4,15,0,31.357,18.176,23.419041666666665,99.7,52.4,83.85729166666667,0.5,0,0.010416666666666666,3.52,0,0.8911458333333333,22.7,18.2,20.159375,1191.2,1.2,191.12187500000002,12.5
2019-04-16,2019,4,16,7,31.306,17.748,22.16465625,100,55.5,89.67604166666666,0.5,0,0.005208333333333333,3.02,0,0.5661458333333333,22.5,17.8,20.16979166666667,1236.2,1.2,144.42916666666667,12.75
2019-04-17,2019,4,17,0.4,28.692,17.867,21.505822916666666,97.9,69.7,89.43645833333333,0,0,0,4.03,0,0.4820833333333333,23.6,16.3,19.616666666666667,1026.2,1.2,157.47604166666667,12.25
2019-04-18,2019,4,18,1.2000000000000002,33.391,18.699,23.650760416666667,100,47.6,80.14791666666666,1.01,0,0.14635416666666667,5.54,0,1.331875,22.8,16.5,19.646875,1503.7,1.2,333.621875,11.75
2019-04-19,2019,4,19,54.61,27.727,18.2,20.794875,100,76.2,95.61354166666666,2.01,0,0.02614583333333333,8.05,0,0.6605208333333333,23.5,17.9,20.026041666666668,733.7,1.2,118.25729166666667,12.25
2019-04-20,2019,4,20,24.400000000000002,30.293,18.247,21.386604166666668,100,70.1,93.80520833333333,0.5,0,0.005208333333333333,5.03,0,0.7228125,24.8,18.3,20.26354166666667,1473.7,1.2,213.41354166666667,12.25
2019-04-21,2019,4,21,2,28.941,17.962,21.929729166666668,100,71,90.83854166666667,0.5,0,0.026041666666666668,3.52,0,1.0536458333333334,23.3,17.9,20.226041666666667,1221.2,1.2,251.06979166666667,12.25
2019-04-22,2019,4,22,15.8,31.408,18.224,23.625447916666666,100,55.1,87.45520833333333,1.01,0,0.09416666666666666,4.53,0,1.3738541666666666,25.2,18.1,21.128125,1651.2,1.2,398.90833333333336,12.5
2019-04-23,2019,4,23,2.6,30.016,17.796,22.680260416666666,100,61,83.75416666666666,0.5,0,0.010416666666666666,4.03,0,0.8854166666666666,22.6,16.9,19.526041666666668,1611.2,1.2,367.60625,12.5
2019-04-24,2019,4,24,0,30.142,19.865,23.57940625,99.8,65.5,86.46458333333334,0.5,0,0.057291666666666664,4.53,0,1.1061458333333334,23.8,19.6,21.054166666666667,1616.2,1.2,335.54895833333336,12.25
2019-04-25,2019,4,25,0,30.419,19.722,22.962375,100,64.3,90.02708333333334,0.5,0,0.020833333333333332,3.52,0,0.6763541666666667,24.2,19.5,21.120833333333334,1796.2,1.2,270.8875,12.25
2019-04-26,2019,4,26,0,32.278,17.938,24.194802083333332,100,54.4,84.73645833333333,0.5,0,0.03125,3.52,0,0.9069791666666667,24.7,18,21.044791666666665,1558.7,1.2,435.70520833333336,12.5
2019-04-27,2019,4,27,0,31.51,19.246,24.244260416666666,100,65.3,88.05729166666667,0.5,0,0.010416666666666666,4.53,0,0.7708333333333334,25.5,19.3,21.944791666666667,1448.7,1.2,346.0697916666667,12.5
2019-04-28,2019,4,28,0,28.543,20.103,23.7549375,100,75,92.146875,0,0,0,3.02,0,0.5452083333333333,24.5,20.1,22.326041666666665,983.7,1.2,197.45000000000002,12.25
2019-04-29,2019,4,29,0,29.439,20.388,23.12084375,100,71.9,92.16770833333334,0,0,0,3.02,0,0.8859375,24.9,20.1,21.704166666666666,1131.2,1.2,209.71562500000002,12
2019-04-30,2019,4,30,0,30.041,19.817,23.036427083333333,100,61.5,88.25833333333334,0.5,0,0.03125,3.52,0,1.37875,23.4,19.2,20.789583333333333,1528.7,1.2,317.1375,12.25
2019-05-01,2019,5,1,0,27.875,19.032,22.48609375,97.8,75.2,88.575,1.01,0,0.08864583333333333,4.53,0,1.4260416666666667,23.6,18.6,20.464583333333334,1188.7,1.2,243.85625000000002,12.25
2019-05-02,2019,5,2,0,29.74,19.008,22.885791666666666,100,66.9,88.71770833333333,0.5,0,0.010416666666666666,3.52,0,1.4102083333333333,23.3,19,20.759375,1191.2,1.2,307.7104166666667,12.5
2019-05-03,2019,5,3,0,28.916,16.272,22.058291666666666,100,65.3,86.9125,0.5,0,0.046875,5.03,0,1.3471875,22.4,16.2,19.542708333333334,1511.2,1.2,385.653125,12.5
2019-05-04,2019,5,4,0,29.414,16.963,22.0508125,100,63.6,87.45625,0,0,0,3.52,0,1.1376041666666665,22.2,16.7,19.665625,1413.7,1.2,328.43958333333336,12.25
2019-05-05,2019,5,5,0,31.637,16.439,23.057083333333335,99.8,46.9,81.91145833333333,0,0,0,2.52,0,0.7967708333333333,25.3,13.8,19.389583333333334,1611.2,1.2,347.3197916666667,12.5
2019-05-06,2019,5,6,0,31.484,18.461,23.101979166666666,100,61.9,88.06666666666666,1.51,0,0.020937499999999998,6.54,0,0.6971875,25.1,17.1,20.817708333333332,1536.2,1.2,305.86145833333336,12.5
2019-05-07,2019,5,7,0,27.677,19.103,22.113197916666667,100,79.5,93.46041666666666,0,0,0,3.52,0,1.2529166666666667,24.2,18.8,20.980208333333334,1001.2,1.2,172.00729166666667,12.5
2019-05-08,2019,5,8,0,29.09,17.558,22.040385416666666,100,67.3,88.09583333333333,0,0,0,3.52,0,0.9016666666666666,23.3,16.6,19.820833333333333,1491.2,1.2,323.23125,12.5
2019-05-09,2019,5,9,0,28.766,18.414,22.119239583333332,100,76.5,93.0625,0,0,0,3.02,0,0.6709375,25,18,20.897916666666667,1366.2,1.2,214.58541666666667,12.5
2019-05-10,2019,5,10,0,32.536,18.39,23.794864583333332,100,61.3,87.22708333333334,0.5,0,0.015625,4.03,0,0.8282291666666667,24.5,17.9,21.3125,1506.2,1.2,304.4291666666667,12.75
2019-05-11,2019,5,11,0,30.016,20.15,23.38775,100,70.8,91.72291666666666,0,0,0,3.02,0,0.7704166666666666,24.9,20.2,21.872916666666665,1336.2,1.2,230.36666666666667,12.5
2019-05-12,2019,5,12,0,31.791,19.151,23.121010416666667,100,61.9,89.78229166666667,0,0,0,3.02,0,0.6446875,24.9,18.9,21.179166666666667,1323.7,1.2,259.14270833333336,12.5
2019-05-13,2019,5,13,0,29.74,19.698,22.90809375,100,71.8,92.32083333333334,0,0,0,3.02,0,0.8542708333333333,25.4,19.7,21.517708333333335,1416.2,1.2,229.50729166666667,12.5
2019-05-14,2019,5,14,0,29.991,18.842,22.885270833333333,100,69.4,90.92395833333333,0,0,0,2.52,0,0.7543749999999999,24.5,18.9,21.20625,1223.7,1.2,278.59583333333336,12.5
2019-05-15,2019,5,15,0,30.117,19.199,22.712197916666668,100,72.5,90.60104166666666,0.5,0,0.010416666666666666,7.55,0,0.89125,25.6,16.4,21.026041666666668,1238.7,1.2,201.51250000000002,12.5
2019-05-16,2019,5,16,0,30.469,17.891,23.407395833333332,100,66.7,84.96041666666666,0,0,0,3.52,0,0.9330208333333333,25.5,15.3,20.615625,1423.7,1.2,295.1322916666667,12.75
2019-05-17,2019,5,17,4.2,28.568,17.368,22.816927083333333,100,74,91.94375,1.51,0,0.015729166666666666,9.56,0,0.8911458333333333,24.6,14.9,21.360416666666666,1106.2,1.2,225.02812500000002,12.5
2019-05-18,2019,5,18,6.2,28.493,19.793,23.04465625,100,80,93.8625,0,0,0,2.52,0,0.6132291666666666,25.5,19.3,21.958333333333332,1096.2,1.2,217.84062500000002,12.5
2019-05-19,2019,5,19,0.2,30.293,18.319,23.476854166666666,100,74.6,92.990625,0,0,0,2.52,0,0.6872916666666666,25.8,18.3,22.202083333333334,1376.2,1.2,286.4604166666667,12.5
2019-05-20,2019,5,20,0,30.52,18.438,23.840979166666667,100,71.6,91.36354166666666,0,0,0,2.52,0,0.6968749999999999,26.3,18.5,22.242708333333333,1258.7,1.2,261.48645833333336,12.75
2019-05-21,2019,5,21,0.2,29.765,18.747,23.06765625,100,75.3,92.471875,0,0,0,2.52,0,0.634375,25.6,18.8,21.691666666666666,1116.2,1.2,228.64791666666667,12.5
2019-05-22,2019,5,22,0,30.798,18.652,23.568614583333336,100,71.4,90.85208333333334,0,0,0,3.02,0,0.5294791666666666,25.6,18.7,21.864583333333332,1453.7,1.2,262.0854166666667,12.5
2019-05-23,2019,5,23,11.2,28.816,19.698,22.638708333333334,100,78.2,95.26666666666667,0,0,0,2.52,0,0.49291666666666667,25.8,19.7,21.804166666666667,933.7,1.2,169.16875000000002,12.5
2019-05-24,2019,5,24,17.8,28.147,18.628,21.888916666666667,100,79.2,94.88854166666667,0,0,0,3.02,0,0.5501041666666666,24.7,18.5,20.989583333333332,1058.7,1.2,220.67916666666667,12.5
2019-05-25,2019,5,25,0.2,28.221,18.771,22.256395833333332,100,77.9,94.21145833333334,0,0,0,2.52,0,0.6238541666666666,24.6,18.8,21.244791666666668,1246.2,1.2,229.27291666666667,12.75
2019-05-26,2019,5,26,0,28.891,18.366,22.685822916666666,100,76,92.51666666666667,0,0,0,2.52,0,0.770625,25.7,18.1,21.351041666666667,1181.2,1.2,240.41875000000002,12.75
2019-05-27,2019,5,27,0,29.715,19.151,23.645125,100,75.8,92.803125,0,0,0,2.52,0,0.5608333333333333,26.4,19.2,22.35,1488.7,1.2,234.42916666666667,12.75
2019-05-28,2019,5,28,7.2,31.433,17.843,23.980302083333335,100,65,87.98541666666667,1.01,0,0.02625,5.03,0,0.9694791666666667,25.8,17.8,21.684375,1516.2,1.2,359.559375,12.75
2019-05-29,2019,5,29,1,31.561,18.319,23.706020833333334,100,58.9,85.27604166666667,0.5,0,0.015625,5.03,0,1.0794791666666665,25.5,17.2,20.88125,1596.2,1.2,371.66875,12.5
2019-05-30,2019,5,30,11,29.065,18.842,23.156354166666667,100,75.3,91.84791666666666,0,0,0,15.6,0,0.8655208333333333,25.1,18.5,21.673958333333335,1261.2,1.2,265.39270833333336,12.5
2019-05-31,2019,5,31,0.2,27.825,18.699,22.090635416666668,100,80.8,93.97604166666667,0,0,0,3.02,0,0.9226041666666667,24.4,18.7,21.038541666666667,1016.2,1.2,244.01250000000002,12.25
2019-06-01,2019,6,1,0,30.419,18.129,23.2285625,100,61.8,88.30208333333333,0,0,0,3.52,0,0.9276041666666667,24.2,18.2,20.967708333333334,1498.7,1.2,369.1166666666667,12.75
2019-06-02,2019,6,2,0,28.766,18.675,22.7960625,100,70,89.53854166666666,0,0,0,3.52,0,1.1112499999999998,23.8,18.4,20.877083333333335,1391.2,1.2,297.11145833333336,12.5
2019-06-03,2019,6,3,0,26.207,19.413,21.777364583333334,100,80.7,94.9625,0,0,0,3.02,0,0.8385416666666666,23.2,19.4,20.911458333333332,878.7,1.2,180.62708333333333,12.5
2019-06-04,2019,6,4,0,28.617,19.008,22.2848125,100,73.8,91.59166666666667,0,0,0,3.02,0,0.8286458333333333,24.6,18.5,20.783333333333335,1288.7,1.2,240.23645833333333,12.5
2019-06-05,2019,6,5,21.8,29.74,18.818,21.61790625,100,70.6,94.578125,0,0,0,3.02,0,0.5080208333333333,24.5,18.8,20.625,1416.2,1.2,225.88750000000002,11.5
2019-06-06,2019,6,6,0.2,29.715,17.938,22.869708333333335,100,71.8,91.071875,0,0,0,4.03,0,0.8702083333333334,25.1,18,21.223958333333332,1751.2,1.2,400.15833333333336,13
2019-06-07,2019,6,7,0.2,28.816,18.533,22.21553125,100,78.3,94.38854166666667,0,0,0,3.02,0,0.911875,25.3,18.6,21.227083333333333,1211.2,1.2,238.07500000000002,12.25
2019-06-08,2019,6,8,0.8,28.692,18.366,22.583135416666668,100,64.3,89.03854166666667,0,0,0,3.52,0,1.263125,23.4,17.9,20.540625,1633.7,1.2,366.48645833333336,12.75
2019-06-09,2019,6,9,7.6,27.554,18.366,21.110375,100,77.3,95.63020833333333,1.01,0,0.06260416666666667,8.05,0,2.5846875000000002,24,18.4,20.34375,1661.2,1.2,311.40833333333336,12.5
2019-06-10,2019,6,10,11.200000000000001,21.963,18.533,19.80034375,100,90.8,97.9,1.01,0,0.1409375,6.54,1.51,3.733229166666667,21.2,18.3,19.475,521.2,1.2,106.46041666666666,12.25
2019-06-11,2019,6,11,16.8,22.034,18.771,19.762927083333334,100,97.1,99.91041666666666,1.51,0,0.17729166666666665,7.55,2.01,3.958125,22,18.8,19.777083333333334,521.2,1.2,88.309375,12.25
2019-06-12,2019,6,12,20.2,22.441,18.533,20.051000000000002,100,85.7,99.01041666666667,1.01,0,0.08864583333333334,6.54,0,3.1195833333333334,22.5,18.6,19.910416666666666,961.2,1.2,122.55416666666666,12.5
2019-06-13,2019,6,13,12.799999999999999,23.545,18.105,19.979864583333335,100,95.2,98.94375,0.5,0,0.020833333333333332,5.03,1.01,2.511458333333333,23.4,18.1,19.83125,938.7,1.2,136.77291666666667,12.75
2019-06-14,2019,6,14,4.2,24.291,19.294,20.990822916666666,100,89.8,96.85,0.5,0,0.010416666666666666,4.53,0,1.9660416666666667,23.2,19.2,20.491666666666667,1078.7,1.2,186.95520833333333,12.5
2019-06-15,2019,6,15,11,25.355,18.747,20.5594375,100,89.6,98.93854166666667,0,0,0,3.02,0,0.8123958333333333,23.8,18.8,20.40833333333333,1216.2,1.2,162.684375,12.25
2019-06-16,2019,6,16,0.6000000000000001,28.419,17.51,21.802322916666668,100,75.4,93.515625,0,0,0,3.02,0,0.7546875,24.4,17.5,20.64375,1538.7,1.2,342.42395833333336,12.75
2019-06-17,2019,6,17,0,26.182,17.701,21.09671875,100,81.9,94.25520833333333,0,0,0,3.02,0,0.62375,24,17.7,20.116666666666667,1121.2,1.2,231.46041666666667,12.75
2019-06-18,2019,6,18,5.2,27.308,17.51,20.724864583333332,100,77.2,94.81875,0,0,0,3.52,0,0.6708333333333333,24.4,17.1,19.832291666666666,1373.7,1.2,248.93437500000002,12.5
2019-06-19,2019,6,19,18.2,26.012,18.39,20.295364583333335,100,83.4,98.61354166666666,0,0,0,2.52,0,0.6132291666666666,24.2,18.4,20.085416666666667,1338.7,1.2,180.44479166666667,12.75
2019-06-20,2019,6,20,11,25.283,18.224,20.447552083333335,100,84,97.41458333333334,0,0,0,3.52,0,1.33125,23.4,18.2,20.025,1243.7,1.2,230.10625000000002,12.75
2019-06-21,2019,6,21,6.2,23.521,18.271,19.875666666666667,100,90.6,98.54375,0,0,0,4.53,0,1.289375,22.4,18.3,19.655208333333334,793.7,1.2,141.85104166666667,12.5
2019-06-22,2019,6,22,26.2,22.417,17.748,19.052864583333335,100,96.3,99.8125,0.5,0,0.03125,5.54,0,2.1807291666666666,22.3,17.8,19.038541666666667,941.2,1.2,115.99166666666666,12.25
2019-06-23,2019,6,23,9.200000000000001,23.208,17.772,19.9134375,100,95,99.52083333333333,0,0,0,3.52,0,1.3578124999999999,22.8,17.8,19.85625,596.2,1.2,118.778125,12.5
2019-06-24,2019,6,24,12.6,25.501,18.723,20.63053125,100,87.9,98.65208333333334,0,0,0,3.02,0,0.9702083333333333,24.3,18.7,20.427083333333332,1206.2,1.2,193.98645833333333,12.5
2019-06-25,2019,6,25,0,27.53,18.057,21.150260416666665,100,76.7,93.684375,0.5,0,0.010416666666666666,4.03,0,1.1321875,23.6,18.1,20.039583333333333,1633.7,1.2,308.12708333333336,12.75
2019-06-26,2019,6,26,1,26.989,17.986,20.881572916666666,100,78.3,93.76666666666667,0,0,0,3.52,0,1.1380208333333333,23.1,18,19.79375,1361.2,1.2,255.78333333333333,12.75
2019-06-27,2019,6,27,0,27.161,17.677,21.076125,98.9,73.6,90.53645833333333,0.5,0,0.005208333333333333,5.03,0,1.11625,22.7,17.3,19.401041666666668,1173.7,1.2,286.04375,12.75
2019-06-28,2019,6,28,0,27.702,17.677,21.290364583333332,97.8,65.3,87.19270833333333,1.01,0,0.05739583333333333,4.53,0,1.5514583333333334,22.4,17.2,18.946875,1808.7,1.2,418.465625,12.75
2019-06-29,2019,6,29,0,27.308,18.295,21.42646875,98.9,69.3,88.97916666666667,0.5,0,0.020833333333333332,4.53,0,1.3997916666666665,22.6,18,19.419791666666665,1713.7,1.2,385.4447916666667,12.75
2019-06-30,2019,6,30,0,25.04,18.247,20.576072916666668,100,80.7,94.34166666666667,0,0,0,4.53,0,1.6620833333333334,22.1,18.3,19.622916666666665,943.7,1.2,196.69479166666667,12.75
2019-07-01,2019,7,1,0,26.744,18.105,21.26146875,100,75.1,91.59791666666666,0,0,0,4.53,0,1.2108333333333332,23,17.9,19.779166666666665,1233.7,1.2,283.3354166666667,12.75
2019-07-02,2019,7,2,1.6,23.232,19.008,20.277875,100,91.3,98.753125,0,0,0,4.03,0.5,1.8821875,22.3,18.9,20.105208333333334,671.2,1.2,135.60104166666667,12.5
2019-07-03,2019,7,3,6.800000000000001,27.53,19.103,21.029947916666668,100,80.2,96.8375,0.5,0,0.005208333333333333,4.03,0,1.7828125,23.8,19.1,20.486458333333335,1606.2,1.2,267.97083333333336,12.5
2019-07-04,2019,7,4,21.400000000000002,22.872,18.818,19.993427083333334,100,97.6,99.87916666666666,0.5,0,0.015625,5.03,0,1.7616666666666667,22.7,18.8,20.004166666666666,948.7,1.2,136.40833333333333,12.25
2019-07-05,2019,7,5,25.8,22.465,18.747,19.639239583333335,100,96.4,99.81875,0,0,0,4.53,0,2.1914583333333333,22.4,18.8,19.632291666666667,796.2,1.2,142.97083333333333,12.75
2019-07-06,2019,7,6,8.6,23.737,18.247,19.547395833333333,100,91.3,99.27604166666667,0.5,0,0.005208333333333333,4.53,0.5,2.1864583333333334,22.5,18.3,19.454166666666666,1068.7,1.2,159.715625,12.5
2019-07-07,2019,7,7,11.2,24.05,18.081,19.61453125,100,89.4,98.63229166666666,0.5,0,0.010416666666666666,4.53,0,1.3421874999999999,22.8,18.1,19.409375,1003.7,1.2,167.31979166666667,12.5
2019-07-08,2019,7,8,4.8,25.963,16.439,20.493145833333333,100,83.4,96.79270833333334,0.5,0,0.010416666666666666,5.54,0,1.1898958333333334,23.9,16.5,19.967708333333334,1191.2,1.2,229.84583333333333,12.5
2019-07-09,2019,7,9,19.8,25.162,17.558,19.84475,100,90,98.58854166666667,0,0,0,3.52,0,0.8913541666666667,24,17.6,19.63125,1206.2,1.2,165.86145833333333,12.75
2019-07-10,2019,7,10,22.6,23.376,17.772,19.280520833333334,100,89.4,98.98020833333334,0,0,0,3.52,0,0.84375,21.8,17.6,19.13854166666667,911.2,1.2,136.77291666666667,12.75
2019-07-11,2019,7,11,1.8,26.378,17.011,20.391208333333335,100,73.8,94.71666666666667,0,0,0,3.02,0,0.5973958333333333,23.1,17,19.472916666666666,1133.7,1.2,222.059375,12.5
2019-07-12,2019,7,12,0.8,29.439,17.034,21.924375,100,71.9,90.47083333333333,0,0,0,3.52,0,0.8755208333333333,24.4,16.9,20.16979166666667,1838.7,1.2,419.95,12.75
2019-07-13,2019,7,13,0,27.407,17.106,21.46059375,100,77.6,93.52916666666667,0,0,0,2.52,0,0.691875,24.2,17.1,20.31875,1346.2,1.2,326.66875,12.75
2019-07-14,2019,7,14,1.6,28.394,17.796,20.669447916666666,100,73.4,95.09583333333333,0,0,0,3.02,0,0.7864583333333333,24.9,17.8,19.804166666666667,1916.2,1.2,303.12708333333336,12.5
2019-07-15,2019,7,15,6,27.974,18.176,20.71634375,100,76.9,95.35104166666666,0,0,0,3.02,0,0.7863541666666667,24,18.2,19.913541666666667,2111.2,1.2,305.9135416666667,12.75
2019-07-16,2019,7,16,7.2,25.04,18.152,20.002322916666667,100,89.6,98.02291666666666,0,0,0,3.52,0,0.6707291666666666,24.1,18.2,19.68958333333333,1493.7,1.2,182.18958333333333,12.5
2019-07-17,2019,7,17,0.2,26.671,18.319,20.924885416666665,100,80,95.02604166666667,0,0,0,2.52,0,0.5558333333333333,23.8,18.2,20.069791666666667,1296.2,1.2,246.61666666666667,12.5
2019-07-18,2019,7,18,11.200000000000001,27.333,18.295,19.9835,100,80.9,98.43854166666667,0,0,0,2.52,0,0.5186458333333334,24.8,18.3,19.738541666666666,1691.2,1.2,149.29895833333333,12.25
2019-07-19,2019,7,19,75.8,19.96,16.939,18.421822916666667,100,100,100,0.5,0,0.020833333333333332,5.03,0,1.5465625,20,17,18.442708333333332,336.2,1.2,84.14270833333333,12.25
2019-07-20,2019,7,20,48.8,20.174,17.13,18.209479166666668,100,100,100,0.5,0,0.015625,5.03,0.5,1.845,20.2,17.2,18.234375,491.2,1.2,77.91875,12.25
2019-07-21,2019,7,21,23.6,21.103,17.558,18.705291666666668,100,99.8,99.99791666666667,0.5,0,0.010416666666666666,5.03,0,2.1602083333333333,21.1,17.6,18.730208333333334,536.2,1.2,105.54895833333333,12
2019-07-22,2019,7,22,26.8,19.579,15.748,17.859364583333335,100,100,100,0.5,0,0.005208333333333333,4.53,0,1.420625,19.6,15.8,17.880208333333332,413.7,1.2,56.33020833333333,12
2019-07-23,2019,7,23,17.2,24.388,15.867,18.45196875,100,90.7,99.209375,0.5,0,0.005208333333333333,5.54,0,1.2363541666666666,23.2,15.9,18.346875,1448.7,1.2,137.52812500000002,12.25
2019-07-24,2019,7,24,18.400000000000002,23.713,17.605,19.35203125,100,92.1,99.20520833333333,0,0,0,2.52,0,0.6971875,23,17.6,19.240625,1108.7,1.2,152.05937500000002,12.25
2019-07-25,2019,7,25,18.400000000000002,25.695,18.295,19.766791666666666,100,90.9,99.32916666666667,0,0,0,2.01,0,0.39291666666666664,24.7,18.3,19.682291666666668,1181.2,1.2,143.621875,12.5
2019-07-26,2019,7,26,22.8,23.328,17.296,19.123083333333334,100,93.6,98.68645833333333,0,0,0,2.52,0,0.7128125,22.5,17.3,18.928125,841.2,1.2,147.34583333333333,12
2019-07-27,2019,7,27,0,24.195,17.177,20.012239583333333,100,87.5,95.48020833333334,0,0,0,4.53,0,0.6763541666666667,22.8,16.9,19.26875,891.2,1.2,181.56458333333333,12.75
2019-07-28,2019,7,28,0.4,25.162,17.13,20.10828125,100,84.5,95.59375,0,0,0,3.02,0,0.7813541666666667,23.1,17.2,19.384375,1036.2,1.2,198.02291666666667,12.75
2019-07-29,2019,7,29,0,23.905,17.653,19.893364583333334,100,89,97.05624999999999,0,0,0,4.03,0,0.9802083333333332,22.5,17.5,19.422916666666666,908.7,1.2,147.81458333333333,12.25
2019-07-30,2019,7,30,0,26.036,18.295,20.723083333333335,99.8,79.9,92.828125,0,0,0,3.02,0,0.6082291666666667,22.9,17.9,19.485416666666666,1176.2,1.2,246.59062500000002,12.25
2019-07-31,2019,7,31,0,27.481,17.272,21.0531875,100,73.5,91.334375,0,0,0,3.02,0,0.7285416666666666,22.8,17.3,19.51875,1788.7,1.2,339.325,12.5
2019-08-01,2019,8,1,0,28.369,17.153,21.523104166666666,100,67.9,90.31354166666667,0.5,0,0.010416666666666666,3.52,0,0.8808333333333334,23.5,17.2,19.722916666666666,1683.7,1.2,370.62708333333336,12.5
2019-08-02,2019,8,2,0,26.134,17.272,20.395927083333333,100,78.8,93.59270833333333,1.01,0,0.09395833333333334,4.53,0,1.7563541666666667,22.9,17.1,19.297916666666666,1036.2,1.2,210.34062500000002,12.5
2019-08-03,2019,8,3,0.6000000000000001,26.109,18.438,20.290489583333333,100,79.7,96.06354166666667,1.51,0,0.25656249999999997,7.55,0,2.663854166666667,22.7,18.5,19.616666666666667,1253.7,1.2,238.04895833333333,12.5
2019-08-04,2019,8,4,10.6,22.082,18.533,19.49465625,100,94.2,99.61145833333333,0.5,0,0.08333333333333333,5.54,0.5,2.705416666666667,22,18.6,19.458333333333332,573.7,1.2,94.090625,12.25
2019-08-05,2019,8,5,48.8,19.627,16.415,18.449572916666668,100,100,100,1.01,0,0.14625,5.03,0.5,2.6319791666666665,19.7,16.4,18.471875,191.2,1.2,38.231249999999996,12.25
2019-08-06,2019,8,6,59,19.199,17.391,18.544916666666666,100,100,100,1.01,0,0.19322916666666667,7.55,0,3.1877083333333336,19.2,17.4,18.570833333333333,193.7,1.2,44.79375,12.25
2019-08-07,2019,8,7,112.2,20.365,17.582,18.771104166666667,100,100,100,1.01,0,0.19822916666666665,6.04,1.01,3.5021875000000002,20.4,17.6,18.798958333333335,346.2,1.2,58.83020833333333,11.75
2019-08-08,2019,8,8,279.4,19.436,17.724,18.613260416666666,100,100,100,1.51,0,0.31395833333333334,7.55,1.01,3.67,19.5,17.7,18.6375,271.2,1.2,30.028125,11.5
2019-08-09,2019,8,9,95.4,18.985,16.606,18.065864583333333,100,100,100,1.01,0,0.28770833333333334,6.04,0,2.9360416666666667,19,16.6,18.092708333333334,148.7,1.2,30.496875,11.75
2019-08-10,2019,8,10,64.2,19.793,16.749,18.1899375,100,100,100,1.01,0,0.06260416666666667,6.54,0,2.1915625,19.8,16.8,18.214583333333334,436.2,1.2,76.5125,12
2019-08-11,2019,8,11,21.400000000000002,21.795,16.392,18.3886875,100,96.2,99.825,0.5,0,0.041666666666666664,5.54,0,1.5884375,21.7,16.4,18.380208333333332,1286.2,1.2,120.496875,12
2019-08-12,2019,8,12,20.2,22.633,17.938,19.03715625,100,96.1,99.80208333333333,0.5,0,0.015625,4.03,0,1.0484375,22.2,18,19.025,688.7,1.2,104.74166666666666,12
2019-08-13,2019,8,13,36.2,23.785,18.247,19.424989583333335,100,93.1,99.51770833333333,0.5,0,0.005208333333333333,3.02,0,0.7027083333333333,22.9,18.3,19.373958333333334,661.2,1.2,118.67395833333333,12.25
2019-08-14,2019,8,14,50,21.581,17.51,18.627833333333335,100,100,100,1.01,0,0.2661458333333333,5.03,0.5,2.5484375,21.6,17.5,18.652083333333334,818.7,1.2,131.35625,12
2019-08-15,2019,8,15,6.8,24.122,17.486,19.7119375,100,90.4,97.47395833333333,0.5,0,0.010416666666666666,3.02,0,0.959375,23.3,17.5,19.311458333333334,1071.2,1.2,185.93958333333333,12
2019-08-16,2019,8,16,22.4,22.609,17.748,19.283197916666666,100,94.6,99.57708333333333,0.5,0,0.005208333333333333,6.54,0,0.7232291666666667,21.9,17.8,19.240625,621.2,1.2,108.3875,12.25
2019-08-17,2019,8,17,1.6,26.818,18.01,20.80736458333333,100,77.2,94.06145833333333,0.5,0,0.010416666666666666,3.02,0,0.5870833333333333,23.3,18,19.763541666666665,1316.2,1.2,278.778125,12.25
2019-08-18,2019,8,18,0,26.182,18.295,21.107583333333334,100,80.9,94.64270833333333,0,0,0,2.52,0,0.6970833333333333,23.9,18.3,20.18958333333333,1198.7,1.2,259.84583333333336,12.25
2019-08-19,2019,8,19,0.2,27.801,17.867,21.355520833333333,100,76.5,94.14375,0.5,0,0.020833333333333332,3.52,0,0.9855208333333333,24.4,17.9,20.32604166666667,1416.2,1.2,280.00208333333336,12.25
2019-08-20,2019,8,20,10.6,27.259,18.461,20.465083333333332,100,83.3,97.26875,0.5,0,0.005208333333333333,3.52,0,1.0747916666666666,24.6,18.5,20.0125,1388.7,1.2,216.79895833333333,12
2019-08-21,2019,8,21,9.200000000000001,23.881,18.224,19.752145833333334,100,86,98.51145833333334,0.5,0,0.026041666666666668,3.52,0,1.1842708333333334,22.6,18.2,19.521875,946.2,1.2,172.81458333333333,12.25
2019-08-22,2019,8,22,9.6,25.428,17.748,19.682312500000002,100,85.7,97.68125,1.01,0,0.04177083333333333,3.02,0,1.3945833333333333,23.2,17.8,19.307291666666668,1203.7,1.2,176.14791666666667,12
2019-08-23,2019,8,23,20.8,23.4,17.32,18.8829375,100,87.3,97.928125,1.01,0,0.104375,3.52,0,1.7669791666666668,21.3,17.3,18.557291666666668,833.7,1.2,131.61666666666667,12
2019-08-24,2019,8,24,8,21.485,17.225,18.976604166666668,100,94.1,98.66666666666667,1.01,0,0.1409375,4.03,0,1.7141666666666666,21.4,17.2,18.78125,576.2,1.2,129.403125,12.25
2019-08-25,2019,8,25,18.8,22.633,17.32,18.769197916666666,100,93.3,99.21770833333333,1.51,0,0.38156249999999997,6.04,0,2.5903125,22.2,17.3,18.659375,853.7,1.2,126.01770833333333,12.25
2019-08-26,2019,8,26,15.2,24.026,17.034,18.72465625,100,86,97.97291666666666,2.01,0,0.8236458333333333,7.05,2.01,3.9898958333333336,22,17.1,18.398958333333333,1051.2,1.2,157.73645833333333,12.25
2019-08-27,2019,8,27,7.2,24.002,16.392,19.118354166666666,100,83.3,96.36458333333333,2.01,0,0.560625,6.54,0,3.3290625,21.4,16.4,18.519791666666666,893.7,1.2,197.34583333333333,12.25
2019-08-28,2019,8,28,22.6,24.895,17.724,19.573270833333332,100,85.1,97.57604166666667,1.01,0,0.15135416666666668,4.53,0,2.118125,22.9,17.7,19.180208333333333,1033.7,1.2,164.06458333333333,12
2019-08-29,2019,8,29,14,23.713,17.701,19.507010416666667,100,94.3,99.66354166666666,0.5,0,0.026041666666666668,4.53,0,1.7776041666666667,23.2,17.7,19.475,746.2,1.2,122.58020833333333,12
2019-08-30,2019,8,30,5.4,23.881,17.177,19.336000000000002,100,93.1,99.51354166666667,1.01,0,0.12,4.03,0,2.0442708333333335,23.5,17.2,19.280208333333334,1216.2,1.2,148.54375,12
2019-08-31,2019,8,31,8.6,24.074,17.605,19.237208333333335,100,91,99.5875,1.01,0,0.21427083333333333,5.54,0.5,2.1392708333333332,23.2,17.6,19.191666666666666,966.2,1.2,129.53333333333333,12
2019-09-01,2019,9,1,18.4,21.748,17.677,18.728010416666667,100,98.6,99.97395833333333,1.51,0,0.38125,5.03,1.01,2.78375,21.8,17.7,18.751041666666666,681.2,1.2,103.04895833333333,12
2019-09-02,2019,9,2,42.6,20.865,17.867,18.728604166666667,100,100,100,1.01,0,0.1146875,5.54,0.5,2.238958333333333,20.9,17.9,18.75,498.7,1.2,78.90833333333333,11.5
2019-09-03,2019,9,3,22.8,20.913,18.105,18.896791666666665,100,100,100,0.5,0,0.078125,5.54,0,1.9609375,20.9,18.1,18.922916666666666,521.2,1.2,67.60625,11.75
2019-09-04,2019,9,4,47.6,23.04,18.366,19.3098125,100,97.6,99.92916666666666,1.51,0,0.2559375,7.55,0.5,3.1190625,23,18.4,19.319791666666667,1028.7,1.2,135.65312500000002,12
2019-09-05,2019,9,5,55.6,20.936,17.391,18.975989583333334,100,100,100,1.01,0,0.17208333333333334,5.54,0,2.8734375,21,17.4,19.00208333333333,446.2,1.2,68.12708333333333,11.75
2019-09-06,2019,9,6,19,23.617,18.533,19.506145833333335,100,98.5,99.94479166666666,1.01,0,0.0990625,5.03,0,2.5266666666666664,23.6,18.6,19.525,926.2,1.2,117.45,12
2019-09-07,2019,9,7,3.2,24.002,18.129,19.911583333333333,100,90,98.15416666666667,1.01,0,0.1990625,5.54,0.5,2.4853125,22.9,18.2,19.62708333333333,981.2,1.2,189.55937500000002,12
2019-09-08,2019,9,8,5,23.497,18.057,19.739927083333335,100,92.2,98.96770833333333,0.5,0,0.036458333333333336,4.03,0.5,2.0922916666666667,23,18.1,19.596875,853.7,1.2,149.97604166666667,12
2019-09-09,2019,9,9,4.2,25.113,18.176,20.07040625,100,85.8,96.99479166666667,0.5,0,0.036458333333333336,3.52,0,1.5730208333333333,23.4,18.2,19.579166666666666,901.2,1.2,154.50729166666667,12
2019-09-10,2019,9,10,14.200000000000001,25.72,18.319,19.993770833333333,100,86.4,99.05520833333333,0.5,0,0.010416666666666666,3.02,0,1.0117708333333333,24.2,18.3,19.859375,1281.2,1.2,148.36145833333333,12
2019-09-11,2019,9,11,11.6,23.881,18.39,19.70060416666667,100,96.8,99.85416666666667,0,0,0,3.02,0,0.7342708333333333,23.8,18.4,19.708333333333332,776.2,1.2,99.45520833333333,11.75
2019-09-12,2019,9,12,20.6,26.182,16.725,20.250739583333335,100,84,96.96354166666667,1.01,0,0.09395833333333334,4.53,0,1.4677083333333334,24,16.7,19.748958333333334,1323.7,1.2,223.25729166666667,12
2019-09-13,2019,9,13,1.4,29.69,18.271,21.47403125,100,73.2,94.01875,0.5,0,0.010416666666666666,3.52,0,0.8227083333333334,24.8,18.3,20.39375,1588.7,1.2,298.7260416666667,11.5
2019-09-14,2019,9,14,1.5999999999999999,29.34,17.938,21.90159375,100,72.8,93.52083333333333,1.01,0,0.0521875,3.52,0,1.048125,24.9,18,20.725,1661.2,1.2,349.1947916666667,12.25
2019-09-15,2019,9,15,7,27.604,18.081,20.956635416666668,100,76.1,95.60520833333334,0.5,0,0.0625,4.03,0,1.1642708333333334,23.8,18.1,20.178125,1446.2,1.2,250.31458333333333,11.75
2019-09-16,2019,9,16,0.8,27.358,18.414,20.746770833333333,100,78,95.42916666666666,0.5,0,0.026041666666666668,3.52,0,1.2003125,23.9,18.4,19.958333333333332,1486.2,1.2,235.47083333333333,12
2019-09-17,2019,9,17,0.2,28.32,18.152,21.29346875,100,71.6,93.15729166666667,1.01,0,0.10427083333333333,4.53,0,1.37875,23.4,18.2,20.047916666666666,1593.7,1.2,327.18958333333336,12
2019-09-18,2019,9,18,0,26.451,18.152,20.429,100,83.1,96.603125,0.5,0,0.026041666666666668,3.02,0,0.9910416666666666,23.9,18.2,19.865625,1343.7,1.2,159.50729166666667,12
2019-09-19,2019,9,19,1.2000000000000002,24.774,18.295,19.936645833333333,100,89.3,98.66354166666667,0.5,0,0.057291666666666664,3.52,0,1.253125,23.7,18.3,19.73645833333333,848.7,1.2,127.97083333333333,12
2019-09-20,2019,9,20,0.2,28.916,18.2,21.198041666666665,100,69.5,93.10520833333334,1.01,0,0.14072916666666666,4.03,0,1.7198958333333334,24.1,18,19.938541666666666,1423.7,1.2,293.309375,12
2019-09-21,2019,9,21,0,30.697,16.606,22.201447916666666,100,70.1,90.70104166666667,0.5,0,0.07291666666666667,3.52,0,1.2267708333333334,25.2,16.6,20.454166666666666,1788.7,1.2,418.1010416666667,12.25
2019-09-22,2019,9,22,15.8,29.315,17.344,21.20940625,100,72.4,94.05,0.5,0,0.005208333333333333,3.02,0,0.6810416666666667,24.5,17.4,20.117708333333333,1421.2,1.2,243.25729166666667,12.25
2019-09-23,2019,9,23,5,29.265,17.819,20.501739583333332,100,76.2,96.76875,0,0,0,2.52,0,0.6654166666666667,25.1,17.8,19.938541666666666,1586.2,1.2,202.89270833333333,12
2019-09-24,2019,9,24,2.6,27.481,17.32,20.455541666666665,100,74.8,95.05833333333334,0,0,0,2.01,0,0.4820833333333333,23.3,17.3,19.58125,1448.7,1.2,205.15833333333333,11.75
2019-09-25,2019,9,25,4.2,24.46,17.986,19.826302083333335,100,91.4,98.50208333333333,1.51,0,0.30895833333333333,6.54,0,1.8878125000000001,24.1,18,19.6,1318.7,1.2,205.21041666666667,12
2019-09-26,2019,9,26,4.2,29.315,17.272,20.648052083333333,100,71.6,95.19895833333334,1.01,0,0.14625,6.04,0,1.625625,24.5,17.3,19.801041666666666,1433.7,1.2,267.9447916666667,11.75
2019-09-27,2019,9,27,11.2,29.565,16.844,19.983197916666665,100,69.8,94.475,0,0,0,2.52,0,0.5032291666666666,23.9,16.6,18.983333333333334,1503.7,1.2,225.47083333333333,12
2019-09-28,2019,9,28,0,28.444,16.344,20.962041666666668,100,75.8,92.66145833333333,0.5,0,0.041666666666666664,4.03,0,1.1690625,24.3,16.3,19.665625,1593.7,1.2,323.621875,12.25
2019-09-29,2019,9,29,0,26.28,17.082,21.349302083333335,100,80.1,91.45625,1.01,0,0.13552083333333334,5.03,0,2.1128125,23,17.1,19.854166666666668,1506.2,1.2,343.8041666666667,12.25
2019-09-30,2019,9,30,17.6,27.087,17.962,20.151989583333332,100,74.8,95.7875,0.5,0,0.036458333333333336,3.52,0,0.9804166666666666,23.1,18,19.428125,1653.7,1.2,240.39270833333333,11.75
2019-10-01,2019,10,1,19.4,24.919,16.701,19.26290625,100,86.4,98.43645833333333,0,0,0,2.01,0,0.3511458333333333,22.7,16.7,19.023958333333333,808.7,1.2,123.72604166666666,12
2019-10-02,2019,10,2,0,29.79,16.511,21.89303125,100,70.8,91.94270833333333,0.5,0,0.07291666666666667,5.03,0,1.4892708333333333,24.8,16.5,20.404166666666665,1628.7,1.2,386.35625,12
2019-10-03,2019,10,3,0,28.493,17.272,21.318770833333332,100,72.5,92.90625,0.5,0,0.005208333333333333,3.52,0,0.8227083333333333,24.1,17.3,20.051041666666666,1408.7,1.2,257.840625,12
2019-10-04,2019,10,4,3.4,29.565,17.534,21.311374999999998,100,78.6,95.23125,0,0,0,3.02,0,0.7338541666666667,25.7,17.6,20.491666666666667,1461.2,1.2,204.29895833333333,12
2019-10-05,2019,10,5,7.6,26.207,17.915,21.048072916666666,100,80.5,94.97708333333333,0,0,0,2.52,0,0.5661458333333333,24.1,17.9,20.179166666666667,1186.2,1.2,190.70520833333333,12
2019-10-06,2019,10,6,0,27.038,17.13,20.43210416666667,100,80,94.78020833333333,0,0,0,2.52,0,0.4716666666666666,23.7,17.2,19.532291666666666,1288.7,1.2,225.31458333333333,12
2019-10-07,2019,10,7,0,28.642,16.963,21.154416666666666,100,77.1,94.20625,0,0,0,3.02,0,0.7602083333333333,25.3,17,20.136458333333334,1336.2,1.2,238.90833333333333,12
2019-10-08,2019,10,8,3.5999999999999996,28.766,17.486,20.735791666666668,100,72.4,93.32708333333333,0.5,0,0.010416666666666666,3.52,0,0.7865624999999999,23.9,17.5,19.525000000000002,1216.2,1.2,200.73125000000002,12
2019-10-09,2019,10,9,30.400000000000002,27.136,17.415,20.037260416666665,100,81.3,96.14166666666667,0.5,0,0.005208333333333333,3.02,0,0.5138541666666667,24.1,17.4,19.38125,1141.2,1.2,170.47083333333333,12
2019-10-10,2019,10,10,0.2,27.284,17.534,20.766916666666667,100,80.8,94.94375,0,0,0,2.01,0,0.5971875,24.1,17.6,19.89375,1316.2,1.2,205.80937500000002,11.5
2019-10-11,2019,10,11,0.2,28.617,17.558,20.989625,100,75.1,94.83020833333333,0.5,0,0.07291666666666667,3.52,0,0.9751041666666667,24.4,17.6,20.075,1651.2,1.2,300.31458333333336,11.75
2019-10-12,2019,10,12,1.6,27.407,17.724,20.931041666666665,100,78.1,94.64791666666667,0.5,0,0.005208333333333333,4.53,0,0.9960416666666666,23.8,17.7,20.001041666666666,1263.7,1.2,230.08020833333333,12
2019-10-13,2019,10,13,17,26.842,17.344,20.743864583333334,100,79.8,95.78020833333333,0,0,0,2.52,0,1.0329166666666667,24,17.4,20.0125,1493.7,1.2,216.09583333333333,11.75
2019-10-14,2019,10,14,0.2,27.751,17.915,22.423510416666666,100,73.8,90.86666666666666,1.01,0,0.19322916666666667,5.03,0,2.1285416666666666,24,17.9,20.776041666666668,1541.2,1.2,424.76770833333336,12
2019-10-15,2019,10,15,0.4,26.329,18.557,21.412458333333333,100,81.8,93.69166666666666,0.5,0,0.015625,5.03,0,1.7722916666666666,23.5,18.5,20.34166666666667,1133.7,1.2,213.10104166666667,12
2019-10-16,2019,10,16,1.6,25.355,18.794,21.102489583333334,100,83.6,94.16145833333333,0.5,0,0.015625,4.53,0,1.8453125,22.7,18.4,20.1125,938.7,1.2,210.83541666666667,11.5
2019-10-17,2019,10,17,2.4,25.939,18.343,20.405833333333334,100,85,97.14583333333333,0.5,0,0.020833333333333332,3.52,0,0.6863541666666666,23.7,18.4,19.938541666666666,1413.7,1.2,228.33541666666667,11.5
2019-10-18,2019,10,18,74,24.774,18.129,20.165458333333333,100,87.5,97.70625,0,0,0,3.52,0,0.3826041666666667,24,18.2,19.794791666666665,843.7,1.2,168.96041666666667,11.5
2019-10-19,2019,10,19,11,27.579,17.843,20.974447916666666,100,80.7,96.03645833333333,0.5,0,0.052083333333333336,4.53,0,1.1583333333333332,24.2,17.9,20.288541666666667,1708.7,1.2,324.92395833333336,12
2019-10-20,2019,10,20,29,25.21,17.915,20.374979166666666,100,86.6,97.52083333333333,0,0,0,2.52,0,0.796875,22.8,17.9,19.976041666666667,818.7,1.2,150.57500000000002,12
2019-10-21,2019,10,21,8.200000000000001,25.186,17.748,19.257572916666668,100,88.5,98.82083333333333,0.5,0,0.026041666666666668,4.53,0,0.7342708333333333,23.6,17.8,19.088541666666668,878.7,1.2,146.590625,12
2019-10-22,2019,10,22,12.6,24.968,17.225,19.6068125,100,82.7,97.25625,0,0,0,2.52,0,0.8654166666666666,22.6,17.2,19.152083333333334,841.2,1.2,158.77812500000002,11.5
2019-10-23,2019,10,23,11.6,28.866,17.439,20.67609375,100,72.8,93.87708333333333,0.5,0,0.0625,4.03,0,1.2636458333333334,24.3,17.5,19.558333333333334,1581.2,1.2,335.340625,11.5
2019-10-24,2019,10,24,23.6,24.895,17.439,19.842697916666665,100,80.5,94.42708333333333,1.01,0,0.271875,5.03,0.5,2.6001041666666667,21.6,17.5,18.890625,1246.2,1.2,215.39270833333333,11.75
2019-10-25,2019,10,25,4.6,26.965,16.606,20.49728125,100,68.9,90.421875,1.01,0,0.4025,5.54,1.01,3.0146875,22.9,16.6,18.759375,1453.7,1.2,313.4916666666667,11.75
2019-10-26,2019,10,26,4.6,25.793,16.963,19.456270833333335,100,75.4,95.13541666666667,1.51,0,0.24072916666666666,5.03,0,1.9030208333333334,22,17,18.601041666666667,906.2,1.2,185.91354166666667,11.5
2019-10-27,2019,10,27,1.2,25.939,16.963,19.895635416666668,100,76.6,93.40208333333334,0.5,0,0.005208333333333333,3.02,0,0.35624999999999996,22.4,16.7,18.75625,1106.2,1.2,206.61666666666667,12
2019-10-28,2019,10,28,0,25.55,18.247,20.35365625,96.5,81.4,91.70625,0.5,0,0.08854166666666667,7.05,0,2.6267708333333335,22.6,17.6,18.965625,1111.2,1.2,151.825,11.5
2019-10-29,2019,10,29,9.2,24.074,17.867,19.484364583333335,100,86.4,95.91145833333333,1.01,0,0.18791666666666668,6.54,1.01,3.4233333333333333,22.7,17.9,18.83020833333333,1828.7,1.2,166.51250000000002,11.5
2019-10-30,2019,10,30,8.8,23.112,17.629,19.169166666666666,100,94.1,99.60520833333334,1.01,0,0.04177083333333333,6.54,0,1.5254166666666666,22.6,17.7,19.135416666666668,883.7,1.2,110.62708333333333,11.5
2019-10-31,2019,10,31,16,22.226,15.652,17.812083333333334,100,90.5,99.00729166666667,1.51,0,0.23010416666666667,6.04,0,2.0605208333333334,21.4,15.7,17.666666666666668,923.7,1.2,132.37187500000002,11.5
2019-11-01,2019,11,1,0,29.04,15.151,20.750729166666666,100,57.5,82.80520833333334,0.5,0,0.03125,4.53,0,0.8752083333333333,21.7,12.8,17.43541666666667,1493.7,1.2,387.91875,12
2019-11-02,2019,11,2,0,26.695,16.511,20.918354166666667,100,76.5,91.49895833333333,0.5,0,0.046875,3.52,0,1.394375,23,16.4,19.427083333333332,1611.2,1.2,314.84583333333336,12
2019-11-03,2019,11,3,0,27.579,16.701,20.680895833333334,100,74.1,92.14166666666667,0.5,0,0.09375,5.03,0,1.2844791666666666,22.9,16.7,19.291666666666668,1498.7,1.2,314.6635416666667,11.75
2019-11-04,2019,11,4,0,28.023,17.106,21.284104166666665,100,69.9,87.509375,0.5,0,0.109375,5.03,0,1.4888541666666666,22.6,15.4,18.994791666666668,1483.7,1.2,395.8875,11.75
2019-11-05,2019,11,5,0,27.924,16.368,21.056885416666667,97.8,51.3,76.09479166666667,1.01,0,0.12010416666666666,5.03,0,1.3625,19.8,12,16.252083333333335,1461.2,1.2,390.70520833333336,12
2019-11-06,2019,11,6,0.2,29.515,15.676,21.096072916666667,100,68.7,89.88229166666666,0,0,0,3.02,0,0.8439583333333333,24.3,15.1,19.209375,1508.7,1.2,362.42395833333336,12
2019-11-07,2019,11,7,11.4,30.217,17.201,21.27872916666667,100,68.3,93.51354166666667,0,0,0,3.02,0,0.7394791666666667,24.6,17.2,20.069791666666667,1546.2,1.2,311.121875,12
2019-11-08,2019,11,8,4.4,27.358,17.582,20.434302083333332,100,78.6,95.98020833333334,0,0,0,3.02,0,0.5504166666666667,23.7,17.6,19.734375,1293.7,1.2,195.88750000000002,11.5
2019-11-09,2019,11,9,0,27.899,17.249,20.606791666666666,100,76.9,95.50833333333334,0,0,0,2.52,0,0.4820833333333333,23.9,17.3,19.82604166666667,1248.7,1.2,195.47083333333333,11.25
2019-11-10,2019,11,10,6.8,24.798,17.558,19.79398958333333,100,86.1,97.73645833333333,0.5,0,0.005208333333333333,3.52,0,0.51875,22.8,17.6,19.43125,878.7,1.2,110.93958333333333,11.75
2019-11-11,2019,11,11,10,27.21,17.344,20.601270833333334,100,78.6,95.51354166666667,0.5,0,0.010416666666666666,5.54,0,0.72875,23.5,17.4,19.816666666666666,1368.7,1.2,242.50208333333333,11.5
2019-11-12,2019,11,12,0.2,25.914,17.463,20.702010416666667,100,77.6,91.20104166666667,0.5,0,0.10416666666666667,5.03,0,1.9710416666666666,22.2,16.2,19.176041666666666,1313.7,1.2,328.7260416666667,12
2019-11-13,2019,11,13,0,25.72,17.177,20.542541666666665,99.5,70.4,83.10416666666667,1.01,0,0.32447916666666665,6.04,0,3.2977083333333335,20.9,14.2,17.511458333333334,1423.7,1.2,365.0541666666667,12
2019-11-14,2019,11,14,0,25.331,16.915,20.552239583333332,97.2,75.6,87.23229166666667,1.01,0,0.1615625,5.54,0,2.595,22,14,18.338541666666668,1431.2,1.2,318.04895833333336,11.75
2019-11-15,2019,11,15,5,26.329,18.438,21.014770833333333,100,80,93.98645833333333,0.5,0,0.08854166666666667,5.03,0,2.091875,23,18.5,19.983333333333334,1618.7,1.2,318.9604166666667,12
2019-11-16,2019,11,16,0,26.475,18.319,21.200583333333334,100,79.4,92.171875,0.5,0,0.10416666666666667,7.05,0,1.9761458333333333,22.8,18.1,19.840625,1396.2,1.2,310.08020833333336,11.5
2019-11-17,2019,11,17,0,27.284,17.415,21.1988125,100,78.9,91.28229166666667,1.01,0,0.1146875,5.54,0,2.2547916666666667,23.5,17.4,19.6875,1391.2,1.2,305.0541666666667,11.75
2019-11-18,2019,11,18,0,27.235,18.2,21.559395833333333,98.7,73.1,87.91666666666667,1.01,0,0.17229166666666668,5.54,0,2.4854166666666666,22.4,16.6,19.422916666666666,1381.2,1.2,352.91875,11.75
2019-11-19,2019,11,19,0,26.475,17.772,21.009239583333333,99.7,79.9,90.303125,0.5,0,0.13541666666666666,5.54,0,2.1864583333333334,22.9,16.3,19.332291666666666,1601.2,1.2,345.575,11.5
2019-11-20,2019,11,20,0,25.113,17.629,20.60546875,97.5,81.5,91.93958333333333,0.5,0,0.026041666666666668,5.03,0,1.8926041666666666,22.4,16.6,19.251041666666666,1196.2,1.2,172.65833333333333,11.5
2019-11-21,2019,11,21,2.4,26.256,17.13,20.773291666666665,99.7,74.9,90.86041666666667,1.01,0,0.14614583333333334,5.03,0,2.4272916666666666,22.4,17,19.145833333333332,1551.2,1.2,324.22083333333336,11.75
2019-11-22,2019,11,22,1.2000000000000002,23.064,17.415,19.314125,100,89.4,97.46979166666667,0.5,0,0.09375,5.54,0.5,2.427395833333333,21.7,17.1,18.927083333333332,913.7,1.2,161.69479166666667,11.5
2019-11-23,2019,11,23,0.2,26.891,18.247,20.486916666666666,100,76.5,93.11666666666667,0.5,0,0.16666666666666666,4.53,1.01,2.9987500000000002,22.9,17.6,19.301041666666666,1368.7,1.2,308.778125,11.75
2019-11-24,2019,11,24,0,23.641,17.201,19.200697916666666,100,88.8,96.52083333333333,1.01,0,0.1825,5.54,1.01,3.0565625,21.7,16.8,18.64375,911.2,1.2,156.25208333333333,11.75
2019-11-25,2019,11,25,0,25.307,17.582,20.330125,98.8,78.9,90.921875,1.01,0,0.2190625,6.04,1.01,3.2563541666666667,21.4,17,18.778125,1331.2,1.2,269.29895833333336,11.5
2019-11-26,2019,11,26,0,25.162,17.225,19.90866666666667,96.5,80.4,89.909375,1.01,0,0.4605208333333333,7.55,1.01,3.8693750000000002,21.7,16.3,18.190625,1413.7,1.2,348.2572916666667,11.75
2019-11-27,2019,11,27,0,26.475,17.439,20.300927083333335,99.8,77.1,92.73333333333333,1.01,0,0.255625,4.53,1.01,2.658333333333333,22.4,17.2,19.053125,1561.2,1.2,301.2,11.5
2019-11-28,2019,11,28,2.4,23.376,17.891,19.6555,100,84.2,95.26875,1.01,0,0.1409375,6.04,1.01,2.988541666666667,20.9,17.5,18.88125,628.7,1.2,138.88229166666667,11.75
2019-11-29,2019,11,29,0.6000000000000001,21.223,17.938,19.505364583333332,100,89.3,96.415625,0.5,0,0.11458333333333333,6.04,1.01,3.2665625,20.8,17.4,18.934375,546.2,1.2,97.215625,11.25
2019-11-30,2019,11,30,2.2,21.079,18.461,19.380104166666666,100,89.3,96.89166666666667,1.51,0,0.21416666666666667,9.06,0,3.277083333333333,20.1,17.8,18.889583333333334,616.2,1.2,114.0125,11.25
2019-12-01,2019,12,1,4.8,24.726,18.461,20.10709375,100,89.1,98.67083333333333,0,0,0,3.02,0,1.0272916666666667,23.7,18.5,19.911458333333332,758.7,1.2,144.58541666666667,11.25
2019-12-02,2019,12,2,3.4000000000000004,25.04,17.296,20.0635625,100,86.4,97.08333333333333,0.5,0,0.057291666666666664,4.53,0,1.5936458333333332,23.3,17.3,19.5875,1456.2,1.2,240.49687500000002,11.5
2019-12-03,2019,12,3,0.2,20.412,17.819,18.758260416666666,100,87.5,97.553125,1.51,0,0.1825,7.05,1.01,3.1298958333333333,19.9,15.8,18.382291666666667,566.2,1.2,112.60625,11.5
2019-12-04,2019,12,4,0,25.574,17.296,20.081895833333334,97.1,74.1,86.94270833333333,1.01,0,0.5026041666666666,8.56,1.51,4.367291666666667,21.5,14.8,17.810416666666665,1453.7,1.2,308.90833333333336,11.75
2019-12-05,2019,12,5,0,24.388,16.511,19.160520833333333,97.7,76.8,87.634375,1.01,0,0.37614583333333335,6.54,1.51,3.884895833333333,20.7,13.6,17.030208333333334,1393.7,1.2,350.93958333333336,11.75
2019-12-06,2019,12,6,0,21.987,17.034,18.208135416666668,99.6,86.1,94.15208333333334,1.51,0,0.5446875,8.05,1.51,4.163020833333333,20.4,15.5,17.263541666666665,1101.2,1.2,156.69479166666667,11.75
2019-12-07,2019,12,7,0,24.823,16.654,19.264083333333332,100,82.9,94.478125,1.01,0,0.23489583333333333,6.04,1.51,3.0410416666666666,22,16.5,18.3375,1606.2,1.2,258.7,11.25
2019-12-08,2019,12,8,0,25.72,17.439,20.051614583333333,98.8,77.2,89.19895833333334,1.01,0,0.49114583333333334,7.05,1.51,3.759479166666667,21.5,16.3,18.1875,1428.7,1.2,352.60625,11.75
2019-12-09,2019,12,9,0,25.234,17.249,19.952239583333334,92.3,68.3,80.671875,1.51,0,0.580625,7.05,2.52,4.115833333333334,19.5,13,16.457291666666666,1433.7,1.2,356.5385416666667,11.75
2019-12-10,2019,12,10,0,25.355,16.082,19.59175,91.7,67.9,83.78020833333333,1.01,0,0.3127083333333333,5.03,1.01,3.1511458333333335,19.9,13.8,16.72083333333333,1413.7,1.2,344.68958333333336,11.75
2019-12-11,2019,12,11,0,26.671,16.296,20.323760416666666,96.1,67.3,85.96041666666666,0.5,0,0.078125,4.53,0,1.7352083333333332,21.7,15.2,17.823958333333334,1398.7,1.2,317.1635416666667,11.75
2019-12-12,2019,12,12,0,28.245,16.654,20.679104166666665,95.9,60.1,84.359375,1.01,0,0.19802083333333334,6.04,0,2.61125,21.3,15.5,17.83125,1431.2,1.2,356.590625,11.75
2019-12-13,2019,12,13,0,24.726,17.368,20.110166666666668,96.7,78.2,86.73229166666667,1.01,0,0.2921875,5.54,0.5,2.930625,20.8,15.3,17.808333333333334,1416.2,1.2,356.09583333333336,11.75
2019-12-14,2019,12,14,6.8,22.202,17.225,18.660833333333333,100,93.6,99.09375,0.5,0,0.036458333333333336,3.52,0,2.0554166666666664,21.2,17.2,18.535416666666666,941.2,1.2,119.42916666666667,11.25
2019-12-15,2019,12,15,0.6000000000000001,23.545,16.487,18.675541666666668,100,75.3,92.26041666666667,1.01,0,0.17739583333333334,6.04,0.5,2.9834375,20.8,13.2,17.359375,1093.7,1.2,256.6166666666667,11.5
2019-12-16,2019,12,16,0,24.557,14.792,18.8791875,98.5,78.5,88.17708333333333,0.5,0,0.171875,5.54,0,2.7626041666666667,20.7,12.8,16.85625,1431.2,1.2,356.5385416666667,11.75
2019-12-17,2019,12,17,0.8,20.841,16.606,18.03415625,98.9,89.3,94.99895833333333,0.5,0,0.16666666666666666,6.04,1.01,3.1246875,19.8,15.7,17.239583333333332,953.7,1.2,128.10104166666667,11.25
2019-12-18,2019,12,18,0,22.178,15.629,18.433385416666667,100,87.8,94.71458333333334,1.01,0,0.32927083333333335,5.54,1.51,3.4448958333333333,20.1,14.5,17.577083333333334,1061.2,1.2,226.56458333333333,11.5
2019-12-19,2019,12,19,0,24.629,17.32,19.921135416666665,97.1,81.3,90.40729166666667,1.51,0,0.39770833333333333,6.54,1.01,3.7171875,21.4,16.4,18.288541666666667,1433.7,1.2,368.934375,11.75
2019-12-20,2019,12,20,0,24.484,16.63,19.462,96.9,76.4,88.49479166666667,0.5,0,0.16666666666666666,6.04,0.5,2.6684375,20.8,14,17.501041666666666,1133.7,1.2,175.49687500000002,11.5
2019-12-21,2019,12,21,0,19.508,17.153,18.211,98.9,92.1,95.70729166666666,1.01,0,0.48510416666666667,5.54,2.52,3.759375,18.5,16.7,17.534375,588.7,1.2,151.79895833333333,11.5
2019-12-22,2019,12,22,2.2,27.776,16.63,19.504989583333334,99.8,72.6,92.76979166666666,1.01,0,0.29760416666666667,6.54,0,2.726354166666667,22.4,16.5,18.25,1413.7,1.2,337.8666666666667,11.5
2019-12-23,2019,12,23,0.2,25.72,16.249,19.57675,98.7,70,91.61770833333334,0.5,0,0.07291666666666667,5.03,0,2.102708333333333,21,15.1,18.128125,1143.7,1.2,251.61666666666667,11.5
2019-12-24,2019,12,24,0,26.622,16.32,19.570864583333332,100,69.7,89.48541666666667,0.5,0,0.08333333333333333,4.03,0,1.7669791666666665,21.9,13.7,17.73125,1451.2,1.2,261.25208333333336,11.5
2019-12-25,2019,12,25,0,25.307,17.011,20.075802083333333,100,80,93.290625,0.5,0,0.17708333333333334,5.54,0,2.417291666666667,23.1,16.7,18.94375,1403.7,1.2,283.3354166666667,11.5
2019-12-26,2019,12,26,0,25.914,16.058,19.703989583333332,100,76.6,92.003125,0.5,0,0.026041666666666668,3.52,0,1.2528124999999999,22.3,16.1,18.351041666666667,1423.7,1.2,212.50208333333333,11.5
2019-12-27,2019,12,27,0,28.32,17.391,21.437416666666667,94.5,64.2,82.60416666666667,1.01,0,0.1615625,4.53,0,2.0763541666666665,22,15.8,18.2375,1388.7,1.2,345.6791666666667,11.5
2019-12-28,2019,12,28,0,26.818,17.558,20.428385416666668,95.7,67.8,85.671875,1.51,0,0.3915625,5.54,1.51,3.2661458333333333,22,15.1,17.894791666666666,1401.2,1.2,359.92395833333336,11.5
2019-12-29,2019,12,29,0,25.065,16.606,19.60325,95.3,75.7,86.72083333333333,1.01,0,0.33427083333333335,5.54,0,2.7161458333333335,20.7,15.1,17.298958333333335,1383.7,1.2,345.2104166666667,11.5
2019-12-30,2019,12,30,0,26.695,15.819,19.797041666666665,98,64.4,84.06354166666667,1.01,0,0.19854166666666667,6.04,0,2.081354166666667,20.6,14.4,16.898958333333333,1423.7,1.2,345.6010416666667,11.5
2019-12-31,2019,12,31,0,26.916,16.082,19.785322916666665,99.7,66.4,84.92395833333333,0.5,0,0.08854166666666667,4.03,0,1.8666666666666667,21,14.7,17.084375,1363.7,1.2,324.7416666666667,11.5
2020-01-01,2020,1,1,0,25.914,16.225,20.073520833333333,97,76.7,90.10833333333333,0.5,0,0.125,4.03,0,1.9869791666666665,22,15,18.371875,1386.2,1.2,312.996875,11.75
2020-01-02,2020,1,2,0,26.426,16.558,20.45015625,99.5,73.5,90.31354166666667,0.5,0,0.09895833333333333,5.03,0,1.7666666666666666,22.1,16.4,18.74375,1393.7,1.2,316.590625,11.75
2020-01-03,2020,1,3,0,26.916,16.963,20.884354166666668,97.1,69.6,88.30520833333334,0.5,0,0.052083333333333336,4.03,0,1.83,22,16.5,18.808333333333334,1468.7,1.2,255.44479166666667,11.75
2020-01-04,2020,1,4,0,26.573,16.368,20.822552083333335,100,65.2,86.15208333333334,0.5,0,0.010416666666666666,2.52,0,1.0171875,21.8,16.4,18.296875,1283.7,1.2,206.82500000000002,11.75
2020-01-05,2020,1,5,0,28.221,16.439,20.914416666666668,98.3,71.7,87.396875,0.5,0,0.078125,4.53,0,1.6622916666666667,23.4,15.9,18.671875,1486.2,1.2,297.1635416666667,11.75
2020-01-06,2020,1,6,0,26.524,17.296,20.70340625,98.1,68.3,86.44791666666667,1.51,0,0.34552083333333333,7.05,0,2.9992708333333336,21,16.4,18.254166666666666,1423.7,1.2,355.00208333333336,11.75
2020-01-07,2020,1,7,0,26.72,16.677,20.48890625,98.3,65.8,84.653125,1.01,0,0.3034375,6.54,0.5,3.1513541666666667,20.3,15.1,17.689583333333335,1451.2,1.2,355.15833333333336,11.75
2020-01-08,2020,1,8,0,26.28,16.654,20.072802083333332,95.2,68.7,81.87708333333333,1.01,0,0.2346875,5.03,0,2.474479166666667,20.3,14.3,16.829166666666666,1448.7,1.2,348.98645833333336,11.75
2020-01-09,2020,1,9,0,26.426,16.177,20.190927083333335,92.1,58.9,80.26458333333333,1.01,0,0.19822916666666665,6.04,0,2.2546875,19.7,14.5,16.529166666666665,1431.2,1.2,354.8197916666667,11.75
2020-01-10,2020,1,10,0,26.891,15.629,19.890520833333333,88.4,63.2,75.18958333333333,1.01,0,0.26114583333333335,5.54,0.5,2.8047916666666666,19.6,11.7,15.286458333333334,1456.2,1.2,358.4916666666667,11.75
2020-01-11,2020,1,11,0,25.744,14.984,18.789125,89.9,64.9,80.26875,1.01,0,0.5592708333333333,6.54,2.01,3.5808333333333335,18.8,13,15.202083333333334,1498.7,1.2,367.50208333333336,11.75
2020-01-12,2020,1,12,0,26.109,14.266,18.8506875,89.7,58.8,76.38854166666667,1.01,0,0.439375,7.05,0,3.1092708333333334,17.7,12.1,14.404166666666667,1481.2,1.2,370.73125,11.75
2020-01-13,2020,1,13,0,25.72,15.008,19.585270833333333,91.6,58.8,76.334375,0.5,0,0.08854166666666667,4.53,0,1.8135416666666666,18.3,12.3,15.167708333333334,1456.2,1.2,334.6635416666667,11.75
2020-01-14,2020,1,14,0,27.653,14.098,19.742177083333335,96.2,59.6,81.4125,0.5,0,0.109375,4.53,0,1.8928125,20.7,13.2,16.248958333333334,1416.2,1.2,355.9916666666667,11.75
2020-01-15,2020,1,15,0,27.014,14.792,19.657447916666666,89.3,60.9,76.82604166666667,0.5,0,0.11979166666666667,5.54,0,2.0764583333333335,19.3,12.3,15.370833333333334,1426.2,1.2,342.58020833333336,11.75
2020-01-16,2020,1,16,0,26.402,14.218,19.294864583333332,91.8,53.3,76.13229166666666,1.01,0,0.135625,4.03,0,1.7139583333333333,18.2,12.3,14.748958333333333,1458.7,1.2,348.2572916666667,11.75
2020-01-17,2020,1,17,0,28.295,14.553,20.70565625,93.5,47.2,75.21770833333333,0.5,0,0.07291666666666667,5.03,0,1.8455208333333333,19.9,12.1,15.826041666666667,1438.7,1.2,330.00208333333336,11.75
2020-01-18,2020,1,18,0,24.895,15.676,19.667625,100,78.4,91.5625,1.01,0,0.09385416666666667,4.03,0,2.0077083333333334,20.9,15.4,18.230208333333334,1488.7,1.2,261.48645833333336,11.75
2020-01-19,2020,1,19,0.8,25.623,17.486,20.190364583333334,100,77.6,90.884375,1.01,0,0.193125,6.04,0,2.270208333333333,22.6,15.9,18.60729166666667,1496.2,1.2,303.465625,11.5
2020-01-20,2020,1,20,0,27.382,16.749,21.069322916666668,93.4,63.2,76.640625,1.01,0,0.23510416666666667,6.04,0,2.8891666666666667,20,14.8,16.701041666666665,1551.2,1.2,365.575,11.75
2020-01-21,2020,1,21,0,27.136,17.058,20.9133125,87.2,52.3,72.690625,1.01,0,0.496875,6.04,1.51,3.654166666666667,18.2,13.9,15.654166666666667,1478.7,1.2,382.1635416666667,11.75
2020-01-22,2020,1,22,0,27.505,17.391,21.03215625,93.2,60.7,74.88125,1.51,0,0.6180208333333334,6.54,1.51,4.026458333333333,19.4,12.7,16.307291666666668,1523.7,1.2,394.715625,11.75
2020-01-23,2020,1,23,0,25.501,17.177,20.093416666666666,97.8,75.7,89.04166666666667,1.51,0,0.6816666666666666,7.55,1.51,4.3521875,21.3,16.1,18.183333333333334,1533.7,1.2,367.0854166666667,11.75
2020-01-24,2020,1,24,0,27.825,16.677,20.69659375,96.3,64.2,80.93333333333334,1.01,0,0.5383333333333333,6.54,1.51,3.738125,20.7,14.4,17.155208333333334,1513.7,1.2,398.7,11.75
2020-01-25,2020,1,25,0,27.924,16.654,20.714489583333332,83.2,45.8,61.186458333333334,1.01,0,0.22416666666666665,5.03,0.5,2.7108333333333334,16.8,9.7,12.738541666666666,1521.2,1.2,398.465625,11.75
2020-01-26,2020,1,26,0,29.565,15.485,21.460895833333332,75.4,22.6,51.041666666666664,1.01,0,0.15135416666666665,5.54,0,2.175520833333333,17.5,4.9,10.283333333333333,1521.2,1.2,393.90833333333336,11.75
2020-01-27,2020,1,27,0,29.19,14.577,20.76453125,97.6,46.6,64.953125,0.5,0,0.036458333333333336,3.52,0,1.1742708333333334,18.3,8,13.492708333333333,1493.7,1.2,386.25208333333336,11.75
2020-01-28,2020,1,28,0,28.468,14.266,20.027854166666668,100,50.3,83.665625,0.5,0,0.026041666666666668,3.02,0,0.7341666666666666,19.2,14.2,16.803125,1441.2,1.2,280.86145833333336,11.75
2020-01-29,2020,1,29,0,29.165,15.509,21.5081875,100,57.2,77.69479166666667,0.5,0,0.11979166666666667,4.53,0,1.7769791666666666,20.8,14.3,17.155208333333334,1498.7,1.2,366.25208333333336,11.75
2020-01-30,2020,1,30,0,30.9,15.223,21.84703125,97.2,51.2,73.31875,0.5,0,0.015625,3.52,0,1.1315625,20.5,12.6,16.490625,1518.7,1.2,400.93958333333336,12
2020-01-31,2020,1,31,0,29.115,14.768,21.010510416666666,95.7,57,75.234375,1.01,0,0.1146875,5.54,0,1.4520833333333334,20.6,12.8,16.225,1478.7,1.2,381.7729166666667,11.75
2020-02-01,2020,2,1,0,28.048,15.485,20.669458333333335,99.4,58.2,79.778125,0.5,0,0.08854166666666667,5.54,0,1.6883333333333332,20.6,13.9,16.84375,1498.7,1.2,373.90833333333336,12
2020-02-02,2020,2,2,0,27.358,15.438,20.600708333333333,95.6,45.8,69.38229166666667,1.51,0,0.34552083333333333,5.54,0,2.7944791666666666,16.4,12.4,14.353125,1546.2,1.2,388.778125,12
2020-02-03,2020,2,3,0,27.653,15.39,20.824541666666665,82.9,47.7,64.39791666666666,1.01,0,0.3503125,6.04,0,2.9836458333333336,17.9,11.6,13.709375,1551.2,1.2,412.3979166666667,12
2020-02-04,2020,2,4,0,27.628,13.834,19.917895833333333,93.4,55.5,74.06979166666667,1.01,0,0.18802083333333333,6.04,0,2.039270833333333,18.5,12.2,14.940625,1556.2,1.2,410.1322916666667,12
2020-02-05,2020,2,5,0,27.702,14.84,20.72565625,94.1,58.8,77.06979166666666,1.01,0,0.225,7.05,0,1.7982291666666668,19.4,13.4,16.344791666666666,1586.2,1.2,422.1635416666667,12
2020-02-06,2020,2,6,0,27.776,16.106,20.838385416666668,97.7,56.2,81.61666666666666,0.5,0,0.078125,5.54,0,1.2948958333333334,20.9,15.2,17.33125,1568.7,1.2,324.0385416666667,12
2020-02-07,2020,2,7,0,30.874,16.439,21.11203125,98.6,57.1,84.684375,1.01,0,0.07822916666666667,4.53,0,1.2842708333333333,23.1,15.9,18.207291666666666,1593.7,1.2,309.715625,12
2020-02-08,2020,2,8,0,30.9,15.724,21.390052083333334,100,47.3,81.38645833333334,0.5,0,0.052083333333333336,3.52,0,0.9330208333333333,21,15.4,17.484375,1671.2,1.2,396.56458333333336,12
2020-02-09,2020,2,9,0,27.776,15.867,21.02616666666667,99.2,64.1,80.83229166666666,1.01,0,0.18822916666666667,5.03,0,1.8188541666666667,20.6,15.2,17.385416666666668,1648.7,1.2,434.53333333333336,12
2020-02-10,2020,2,10,0,27.702,16.034,20.941947916666667,95.9,57.7,76.634375,1.01,0,0.4398958333333333,6.04,0.5,3.2354166666666666,19.8,14.8,16.467708333333334,1583.7,1.2,430.39270833333336,12
2020-02-11,2020,2,11,0,26.793,15.724,20.473333333333333,88.3,58,75.14270833333333,2.01,0,0.7021875,7.55,2.01,4.325833333333334,19.5,13.2,15.780208333333333,1613.7,1.2,439.246875,12
2020-02-12,2020,2,12,0,27.136,15.127,20.737708333333334,92.6,62.7,76.02916666666667,1.01,0,0.4769791666666667,6.04,0.5,3.48125,20.4,11.5,16.255208333333332,1633.7,1.2,433.4135416666667,12
2020-02-13,2020,2,13,0,26.989,16.415,20.860802083333333,95.9,65.7,81.17916666666666,1.01,0,0.24614583333333334,5.03,0,2.4165625,20.7,15,17.398958333333333,1586.2,1.2,432.5541666666667,12
2020-02-14,2020,2,14,0,29.215,15.008,21.186885416666666,97.7,49.9,76.209375,0.5,0,0.07291666666666667,4.03,0,1.131875,19.2,14.3,16.432291666666668,1633.7,1.2,365.39270833333336,12
2020-02-15,2020,2,15,0,29.79,16.534,22.31771875,93.2,50.3,70.9125,1.01,0,0.0678125,4.03,0,1.4157291666666667,19.5,14,16.452083333333334,1513.7,1.2,395.4447916666667,12
2020-02-16,2020,2,16,0,29.865,15.843,21.929625,96.3,43.4,68.07708333333333,1.01,0,0.198125,5.54,0,2.2803125,18.5,12.1,15.180208333333333,1578.7,1.2,435.3666666666667,12
2020-02-17,2020,2,17,0,28.048,15.342,21.114270833333332,83.1,47.6,60.13645833333334,1.51,0,0.35614583333333333,6.04,0.5,2.9048958333333337,17.4,6.7,12.90625,1636.2,1.2,457.215625,12
2020-02-18,2020,2,18,0,28.841,15.748,21.012739583333335,76.4,39.6,56.333333333333336,1.51,0,0.4197916666666667,7.05,0.5,3.040625,15.6,6.8,11.739583333333334,1676.2,1.2,465.575,12
2020-02-19,2020,2,19,0,28.097,15.342,20.677625,71.3,39.8,59.463541666666664,1.01,0,0.31416666666666665,6.54,0,2.6844791666666667,17.3,8.6,12.342708333333333,1696.2,1.2,409.090625,12
2020-02-20,2020,2,20,0,27.998,16.582,20.82125,75.5,47.1,62.60729166666667,1.51,0,0.4555208333333333,7.55,0.5,3.528958333333333,18.7,6.7,13.370833333333334,1661.2,1.2,456.64270833333336,12
2020-02-21,2020,2,21,0,28.493,15.629,21.11990625,92.7,57.8,72.41354166666666,1.01,0,0.36614583333333334,6.04,0,3.1614583333333335,20,10.2,15.845833333333333,1628.7,1.2,434.5854166666667,12
2020-02-22,2020,2,22,0,28.742,17.819,21.925458333333335,96.9,54.6,79.05520833333333,1.01,0,0.335,6.54,0.5,2.9309375,20.5,15.4,17.85625,1718.7,1.2,454.76770833333336,12
2020-02-23,2020,2,23,0,27.333,16.749,21.1214375,93.7,56.4,73.03333333333333,1.51,0,0.4034375,6.04,0.5,3.1197916666666665,18.4,12.5,15.867708333333333,1688.7,1.2,418.3354166666667,12
2020-02-24,2020,2,24,0,29.615,16.463,21.63171875,94.3,52.3,74.06875,1.01,0,0.30333333333333334,6.04,0,2.8680208333333335,20.2,14.2,16.515625,1671.2,1.2,460.0541666666667,12
2020-02-25,2020,2,25,0,29.64,15.342,21.33325,98.6,46.3,74.21249999999999,0.5,0,0.13541666666666666,4.53,0,1.37875,20.3,13.3,16.092708333333334,1613.7,1.2,435.809375,12
2020-02-26,2020,2,26,0,30.268,15.223,21.900677083333335,97.6,49,73.59166666666667,1.51,0,0.23572916666666666,5.54,0,2.086666666666667,21.1,13.7,16.540625000000002,1638.7,1.2,456.12187500000005,12
2020-02-27,2020,2,27,0,30.621,15.986,22.374739583333334,95,35.9,66.38020833333333,1.01,0,0.23020833333333332,6.04,0,2.023229166666667,18.9,12.8,15.0125,1636.2,1.2,456.1479166666667,12
2020-02-28,2020,2,28,0,30.419,16.177,21.754458333333332,94.7,43.8,71.05833333333334,1.01,0,0.28291666666666665,6.54,0,2.2910416666666666,19.7,13.3,15.795833333333334,1678.7,1.2,464.1947916666667,12
2020-02-29,2020,2,29,0,29.815,16.606,21.89615625,97.4,46.1,74.43229166666667,1.01,0,0.18822916666666667,5.54,0,1.8720833333333333,20.3,13.9,16.663541666666667,1676.2,1.2,422.2416666666667,12
2020-03-01,2020,3,1,0,29.815,16.963,21.924541666666666,97.8,48.7,79.565625,1.01,0,0.19333333333333333,5.03,0,1.8876041666666667,20.7,15.5,17.770833333333332,1606.2,1.2,429.7416666666667,12.25
2020-03-02,2020,3,2,0,29.24,17.153,21.454114583333332,98.4,63.3,86.12916666666666,0.5,0,0.005208333333333333,3.52,0,0.8913541666666667,23.3,16.8,18.917708333333334,1248.7,1.2,206.53854166666667,12
2020-03-03,2020,3,3,19.8,30.091,17.677,21.379083333333334,99.5,63.3,90.56145833333333,0.5,0,0.015625,3.02,0,0.6027083333333333,23.5,16.7,19.647916666666667,1628.7,1.2,253.93437500000002,12
2020-03-04,2020,3,4,0,28.097,18.2,21.971208333333333,100,72.7,90.79895833333333,0.5,0,0.005208333333333333,3.02,0,0.5558333333333333,24,18.2,20.304166666666667,1316.2,1.2,229.11666666666667,11.75
2020-03-05,2020,3,5,0,31.842,19.127,22.14094791666667,99.4,67,90.50104166666667,0.5,0,0.026041666666666668,3.02,0,0.7444791666666667,25.2,18.9,20.419791666666665,1798.7,1.2,228.02291666666667,11.75
2020-03-06,2020,3,6,0,32.665,17.296,22.5081875,100,58.7,87.12604166666667,1.01,0,0.04177083333333333,3.52,0,1.0485416666666667,24.5,17.3,20.015625,1966.2,1.2,339.0125,12
2020-03-07,2020,3,7,0,29.165,17.867,22.0206875,99.2,65.7,87.69791666666667,0.5,0,0.03125,4.03,0,0.608125,22.7,17.7,19.728125,1566.2,1.2,270.1322916666667,12
2020-03-08,2020,3,8,0,28.369,17.558,22.161479166666666,100,69,88.24375,0.5,0,0.041666666666666664,4.03,0,0.8180208333333333,22.8,17.6,19.961458333333333,1936.2,1.2,337.73645833333336,12.25
2020-03-09,2020,3,9,0,28.941,17.986,22.2399375,100,68.7,88.18333333333334,0.5,0,0.06770833333333333,4.03,0,1.1376041666666667,23.4,18,20.059375,1996.2,1.2,351.825,12.25
2020-03-10,2020,3,10,0,29.14,17.748,22.332083333333333,99,68.4,86.28958333333334,0.5,0,0.046875,3.52,0,0.7496875,23.3,17.6,19.785416666666666,1918.7,1.2,346.09583333333336,12.25
2020-03-11,2020,3,11,0,29.24,16.987,22.252822916666666,100,64.4,88.26458333333333,0.5,0,0.026041666666666668,4.03,0,0.7339583333333333,23.7,17,20.03333333333333,2056.2,1.2,333.90833333333336,11.75
2020-03-12,2020,3,12,0,30.167,17.724,22.485802083333333,100,61.9,83.70520833333333,0.5,0,0.0625,5.54,0,1.0488541666666666,23.7,15.8,19.35625,2011.2,1.2,428.153125,12.25
2020-03-13,2020,3,13,0,31.23,16.534,22.542177083333332,98.7,45.2,72.63541666666667,0.5,0,0.07291666666666667,4.53,0,1.4729166666666667,21.2,13,16.83125,1983.7,1.2,455.62708333333336,12.25
2020-03-14,2020,3,14,0,30.925,15.652,22.559802083333334,90.6,40.2,68.33958333333334,1.01,0,0.13552083333333334,5.03,0,1.4833333333333334,20.6,13,15.833333333333334,1863.7,1.2,531.7729166666667,12.25
2020-03-15,2020,3,15,0,30.824,17.534,22.537197916666667,95.4,47.7,76.0625,1.01,0,0.21385416666666668,4.53,0,2.1127083333333334,21.6,14.7,17.70625,1826.2,1.2,516.0697916666667,12.25
2020-03-16,2020,3,16,0,29.29,17.344,22.347447916666667,96.1,57.6,77.36041666666667,1.01,0,0.22510416666666666,5.54,0,1.94,22.2,15,17.976041666666667,1843.7,1.2,515.653125,12.25
2020-03-17,2020,3,17,0,29.515,16.868,22.730177083333334,92.3,53.9,72.00729166666666,1.01,0,0.2196875,5.54,0,1.9764583333333334,20.9,14.6,17.226041666666667,1846.2,1.2,488.8822916666667,12.25
2020-03-18,2020,3,18,0,32.458,17.391,22.8970625,90.5,49.3,70.34270833333333,1.01,0,0.16197916666666667,4.53,0,1.91875,21.3,13.4,16.921875,1856.2,1.2,488.20520833333336,12.25
2020-03-19,2020,3,19,0,31.612,17.153,22.141458333333333,96.6,52.1,81.46458333333334,0.5,0,0.057291666666666664,4.03,0,1.1009375000000001,22.5,16.4,18.58125,1843.7,1.2,363.67395833333336,12.25
2020-03-20,2020,3,20,0,32.278,17.153,22.388395833333334,98.7,53.9,82.92604166666666,0.5,0,0.036458333333333336,4.03,0,0.7864583333333333,23.5,16.2,19.041666666666668,1683.7,1.2,332.8666666666667,12.25
2020-03-21,2020,3,21,1.8,31.331,17.915,22.949593750000002,99.2,56.9,83.24895833333333,1.01,0,0.03135416666666667,4.03,0,0.9119791666666667,23.3,17,19.584375,1853.7,1.2,359.871875,12
2020-03-22,2020,3,22,0,29.941,18.176,22.578510416666667,100,67.1,89.365625,0.5,0,0.005208333333333333,3.02,0,0.5401041666666666,24.2,18.2,20.609375,1526.2,1.2,279.16875,12.25
2020-03-23,2020,3,23,0,30.041,18.889,22.4310625,100,67,89.07708333333333,1.01,0,0.0365625,4.03,0,0.7708333333333334,24.7,18.5,20.419791666666665,1571.2,1.2,295.496875,12
2020-03-24,2020,3,24,0,31.331,18.604,23.77792708333333,98.6,45.6,81.84895833333333,0.5,0,0.10416666666666667,4.03,0,1.609375,23,16.2,19.939583333333335,1826.2,1.2,495.08020833333336,12.25
2020-03-25,2020,3,25,0,30.066,18.176,22.66829166666667,99.4,60.7,82.784375,0.5,0,0.08854166666666667,4.03,0,1.0641666666666667,22.6,16.1,19.3,1941.2,1.2,438.8041666666667,12.5
2020-03-26,2020,3,26,0,30.167,18.675,23.169385416666668,96,50.3,73.96458333333334,1.01,0,0.21979166666666666,6.54,0,1.8717708333333334,21.9,14.2,17.84375,1883.7,1.2,512.371875,12.25
2020-03-27,2020,3,27,0,30.041,15.891,22.36534375,96.9,43.7,73.51354166666667,1.01,0,0.1721875,6.04,0,1.6513541666666667,19.7,14,16.759375,1883.7,1.2,494.6635416666667,12.25
2020-03-28,2020,3,28,0,30.545,17.368,22.877197916666667,97.2,49.2,76.303125,1.01,0,0.15177083333333333,6.04,0,1.5097916666666666,21.3,12.7,17.971875,1888.7,1.2,482.97083333333336,12.25
2020-03-29,2020,3,29,0,30.95,16.487,23.119822916666667,98.8,42.9,80.96770833333333,1.01,0,0.0521875,4.03,0,1.1219791666666667,22.3,15.2,19.06041666666667,1913.7,1.2,470.9135416666667,12.25
2020-03-30,2020,3,30,0,31.689,17.153,23.188770833333333,99.9,36.1,75.45937500000001,1.01,0,0.25166666666666665,6.54,0,1.6830208333333334,22.8,12.5,17.666666666666668,1873.7,1.2,515.73125,12.25
2020-03-31,2020,3,31,0,32.098,17.843,23.521395833333333,94,30.4,63.079166666666666,1.01,0,0.25083333333333335,6.04,0,2.2279166666666668,19.8,11,15.067708333333334,1838.7,1.2,525.2104166666667,12.5
2020-04-01,2020,4,1,0,32.82,17.772,23.786364583333334,97.3,27.1,61.145833333333336,1.51,0,0.3569791666666667,5.54,0,2.281041666666667,19.8,9.4,14.501041666666666,1866.2,1.2,519.6895833333333,12.5
2020-04-02,2020,4,2,0,34.071,17.582,24.029395833333332,99.1,28.1,73.36458333333333,1.01,0,0.15114583333333334,4.53,0,1.5413541666666666,22,11.6,17.702083333333334,1858.7,1.2,512.840625,12.5
2020-04-03,2020,4,3,0,32.536,18.271,23.924145833333334,99.3,41.8,79.91458333333333,1.01,0,0.16729166666666667,5.03,0,1.3839583333333334,22.6,15,19.547916666666666,1893.7,1.2,529.8979166666667,12.5
2020-04-04,2020,4,4,0,32.562,17.938,23.411395833333334,99.7,48.9,81.1125,0.5,0,0.03125,3.52,0,0.9227083333333334,21.8,16.7,19.458333333333332,2031.2,1.2,410.70520833333336,12.5
2020-04-05,2020,4,5,3.4000000000000004,29.165,18.271,21.449635416666666,99.7,68.5,90.996875,2.01,0,0.041874999999999996,5.54,0,0.8596874999999999,23.7,17.4,19.811458333333334,1561.2,1.2,204.24687500000002,12
2020-04-06,2020,4,6,0.2,31.535,17.344,23.004802083333335,97.6,60.2,86.76875,0.5,0,0.03125,3.52,0,1.0014583333333333,23.6,16.5,20.492708333333333,2011.2,1.2,372.34583333333336,12.5
2020-04-07,2020,4,7,0,29.49,19.294,21.84490625,99.6,69.9,92.43333333333334,1.01,0,0.026145833333333333,4.03,0,0.6975,24.1,19.2,20.50625,1436.2,1.2,218.72604166666667,12.5
2020-04-08,2020,4,8,4.4,30.469,18.152,21.541635416666665,99.7,60.9,89.15208333333334,1.01,0,0.0365625,5.03,0,0.755,23,17.2,19.484375,1688.7,1.2,269.559375,12.5
2020-04-09,2020,4,9,0,30.798,17.415,21.743833333333335,100,63.9,88.2625,1.51,0,0.03666666666666667,6.54,0,0.7551041666666667,24.3,17.4,19.575,1763.7,1.2,302.42395833333336,12.5
2020-04-10,2020,4,10,0,31.281,17.534,23.542802083333335,99.5,54.1,78.77395833333333,1.51,0,0.14604166666666668,6.54,0,1.9032291666666667,23.1,17.1,19.276041666666668,2013.7,1.2,425.028125,12.5
2020-04-11,2020,4,11,0,30.369,18.652,23.424729166666665,97.4,56.5,79.28854166666666,1.01,0,0.15135416666666665,5.03,0,1.8714583333333334,22.7,16.3,19.376041666666666,1971.2,1.2,508.59583333333336,12.5
2020-04-12,2020,4,12,0,30.976,18.081,23.430510416666667,97.1,44.1,69.790625,1.01,0,0.19885416666666667,5.03,0,1.8765625,21.9,11.9,16.985416666666666,1913.7,1.2,542.0854166666667,12.5
2020-04-13,2020,4,13,0,32.278,16.796,23.334625,98.3,45.3,70.33541666666667,0.5,0,0.125,4.03,0,1.2525,21.9,13.5,17.16979166666667,1968.7,1.2,525.3666666666667,12.5
2020-04-14,2020,4,14,0,32.381,17.51,23.500489583333334,99.5,42.4,77.515625,0.5,0,0.09375,4.03,0,1.121875,22.3,14.9,18.70625,1971.2,1.2,507.1635416666667,12.5
2020-04-15,2020,4,15,0,33.027,17.986,23.300697916666667,99.1,50.3,79.86354166666666,1.01,0,0.07302083333333333,5.03,0,1.1373958333333334,22.9,16.4,19.211458333333333,1956.2,1.2,408.28333333333336,12.5
2020-04-16,2020,4,16,0,32.15,17.748,23.72303125,98.4,51.7,81.396875,1.01,0,0.10427083333333333,4.03,0,1.1794791666666666,23.8,17.4,19.882291666666667,2018.7,1.2,533.7,12.5
2020-04-17,2020,4,17,0,32.304,18.295,24.326989583333333,98.7,51.2,81.39583333333333,1.01,0,0.12520833333333334,3.52,0,1.1167708333333333,23.5,17.7,20.483333333333334,1931.2,1.2,514.3510416666667,12.5
2020-04-18,2020,4,18,0,32.407,19.413,24.167114583333333,99.3,48.2,84.98125,0.5,0,0.06770833333333333,4.03,0,0.954375,23.9,18.9,21.052083333333332,1998.7,1.2,440.8875,12.5
2020-04-19,2020,4,19,0,32.846,19.484,24.468489583333334,99.1,45.9,77.765625,1.01,0,0.1253125,4.53,0,1.26875,23.4,16.2,19.692708333333332,1936.2,1.2,486.56458333333336,12.5
2020-04-20,2020,4,20,0,32.51,19.603,24.46325,97.9,45,77.865625,1.01,0,0.14072916666666666,5.03,0,1.2791666666666666,22.9,16.1,19.75,2028.7,1.2,516.5125,12.5
2020-04-21,2020,4,21,0,30.976,19.103,23.008520833333332,99.2,55.1,85.53958333333334,0.5,0,0.041666666666666664,3.52,0,0.9121874999999999,23.5,18.2,20.154166666666665,1901.2,1.2,361.825,12.5
2020-04-22,2020,4,22,0,29.64,18.247,22.361895833333335,98.9,66.8,88.85520833333334,0.5,0,0.005208333333333333,4.03,0,0.6867708333333333,23.1,17.9,20.328125,1253.7,1.2,210.70520833333333,12.5
2020-04-23,2020,4,23,0,30.925,18.818,23.383135416666665,99.5,68.9,88.41875,1.01,0,0.0365625,5.54,0,0.8645833333333333,26.3,18.7,21.2125,1388.7,1.2,261.0697916666667,12.5
2020-04-24,2020,4,24,38.81,30.016,18.961,21.847395833333334,100,69.8,92.53020833333333,1.51,0,0.02614583333333333,4.03,0,0.545625,25.6,18.2,20.471875,1353.7,1.2,207.45000000000002,12.5
2020-04-25,2020,4,25,0.2,31.791,18.961,23.247052083333333,100,63.5,89.67291666666667,1.01,0,0.0521875,4.03,0,0.7917708333333333,25.4,19,21.292708333333334,2021.2,1.2,409.06458333333336,12.5
2020-04-26,2020,4,26,3,30.167,18.652,21.905572916666667,99.6,69.7,91.0125,1.01,0,0.0365625,3.52,0,0.5606249999999999,24.2,18.4,20.317708333333332,1386.2,1.2,161.85104166666667,12.25
2020-04-27,2020,4,27,0.2,30.874,17.867,22.69740625,99.5,67.2,90.178125,0.5,0,0.026041666666666668,4.03,0,0.7183333333333334,25.5,17.4,20.861458333333335,1988.7,1.2,351.1479166666667,12.5
2020-04-28,2020,4,28,0,30.874,19.817,23.395333333333333,99.8,71.6,90.27083333333333,0.5,0,0.020833333333333332,3.02,0,0.72875,25.7,19.6,21.596875,1486.2,1.2,274.1947916666667,12
2020-04-29,2020,4,29,8.2,28.667,19.365,22.242552083333333,100,56.4,90.059375,0.5,0,0.026041666666666668,5.03,0,0.6448958333333333,23.1,17,20.35729166666667,1828.7,1.2,337.26770833333336,12.25
2020-04-30,2020,4,30,0,30.672,17.391,22.874375,95.2,65.5,81.903125,1.01,0,0.02625,3.52,0,0.6973958333333333,24.1,15,19.520833333333332,2053.7,1.2,417.7104166666667,12.5
2020-05-01,2020,5,1,0,30.469,18.271,23.306302083333335,99.4,67.9,88.17083333333333,0,0,0,3.02,0,0.6972916666666666,25.3,18,21.09583333333333,1886.2,1.2,353.59583333333336,12.5
2020-05-02,2020,5,2,0.2,30.318,19.151,22.810302083333333,100,70.6,91.05625,0.5,0,0.015625,3.02,0,0.5765625,25.9,18.2,21.190625,1348.7,1.2,227.05937500000002,12.75
2020-05-03,2020,5,3,0,30.444,19.246,23.81825,99.9,66.5,89.82604166666667,0.5,0,0.026041666666666668,3.02,0,0.7285416666666666,25.9,19.2,21.93125,1546.2,1.2,312.7104166666667,12.5
2020-05-04,2020,5,4,0,32.33,19.032,24.259385416666667,100,58.4,88.15416666666667,0,0,0,3.02,0,0.6711458333333333,25.7,19,21.94375,1478.7,1.2,376.95520833333336,12.5
2020-05-05,2020,5,5,0,32.51,19.722,24.538458333333335,100,44.7,83.715625,0.5,0,0.036458333333333336,4.53,0,0.9909375,24.3,18.5,21.044791666666665,1918.7,1.2,520.7833333333333,12.5
2020-05-06,2020,5,6,3,31.052,19.151,22.837333333333333,99.6,67,89.50729166666667,0.5,0,0.015625,3.52,0,0.5610416666666667,24.7,18.7,20.875,2026.2,1.2,309.2729166666667,12.75
2020-05-07,2020,5,7,12.4,30.268,18.747,22.351729166666665,99.3,74.7,92.25625,0.5,0,0.005208333333333333,3.52,0,0.5609375,25.9,18.5,20.978125,1578.7,1.2,249.09062500000002,12.75
2020-05-08,2020,5,8,0,27.112,18.866,22.822770833333333,100,77.2,92.60104166666667,0,0,0,2.52,0,0.29312499999999997,24.6,18.9,21.51354166666667,898.7,1.2,251.48645833333333,12.75
2020-05-09,2020,5,9,0,31.663,19.96,24.36976041666667,100,59.1,88.23020833333334,0.5,0,0.057291666666666664,3.52,0,0.985625,24.6,20,22.051041666666666,2051.2,1.2,551.4604166666667,12.75
2020-05-10,2020,5,10,0,31.077,20.079,24.427947916666668,99.9,55.8,82.321875,0.5,0,0.046875,4.03,0,1.1272916666666666,24.2,17.4,20.941666666666666,1958.7,1.2,450.184375,12.5
2020-05-11,2020,5,11,0,31.51,20.15,23.95896875,99.1,50.6,84.959375,0.5,0,0.052083333333333336,4.53,0,0.9907291666666667,24,18.2,20.96875,1818.7,1.2,444.090625,12.5
2020-05-12,2020,5,12,0,30.243,19.722,24.1355625,99.3,51.4,81.08854166666667,0.5,0,0.09895833333333333,4.53,0,1.3841666666666665,24.3,17.2,20.311458333333334,1968.7,1.2,447.42395833333336,12.75
2020-05-13,2020,5,13,0,30.142,19.436,23.04925,98.2,63.8,87.675,1.01,0,0.05739583333333333,5.03,0,0.9855208333333333,23.7,18.9,20.752083333333335,2098.7,1.2,373.7260416666667,12.5
2020-05-14,2020,5,14,0,31.204,18.889,23.390708333333333,99,67.4,88.76041666666667,0.5,0,0.026041666666666668,4.03,0,0.8286458333333333,25.5,18.8,21.310416666666665,1911.2,1.2,297.1635416666667,12.5
2020-05-15,2020,5,15,0,28.394,20.507,22.838583333333332,98.9,79.6,93.61041666666667,0.5,0,0.010416666666666666,2.52,0,0.4088541666666667,25.3,20.3,21.738541666666666,943.7,1.2,182.03333333333333,12.75
2020-05-16,2020,5,16,0,29.34,19.555,23.313010416666668,99.3,74,91.078125,0,0,0,2.52,0,0.2621875,24.5,19.4,21.694791666666667,1378.7,1.2,332.1375,12.5
2020-05-17,2020,5,17,3.6000000000000005,29.89,19.603,23.1565,99.1,73.6,90.75520833333333,0.5,0,0.03125,4.03,0,0.9223958333333333,24.9,19.2,21.479166666666668,1333.7,1.2,272.0854166666667,12
2020-05-18,2020,5,18,0.4,25.987,18.842,21.20984375,98.9,83,93.29583333333333,0.5,0,0.041666666666666664,4.03,0,1.0114583333333333,23.6,18.3,20.083333333333332,1208.7,1.2,181.35625,12.5
2020-05-19,2020,5,19,0.8,25.963,19.865,21.69890625,99.1,85.6,93.99791666666667,0.5,0,0.10416666666666667,4.03,0,1.7621875,24.5,19,20.701041666666665,1186.2,1.2,164.42916666666667,12.5
2020-05-20,2020,5,20,0,28.692,18.842,22.705604166666667,98.5,71.4,88.771875,1.01,0,0.14104166666666668,4.53,0,1.4466666666666668,23.4,18.5,20.635416666666668,1513.7,1.2,377.26770833333336,12.75
2020-05-21,2020,5,21,1,30.748,17.677,22.244520833333333,99.5,66.9,90.925,1.01,0,0.073125,5.03,0,1.305625,24.2,17.4,20.572916666666668,2046.2,1.2,388.12708333333336,12.75
2020-05-22,2020,5,22,0,29.565,19.722,22.288833333333333,99.5,75,93.63958333333333,0,0,0,2.52,0,0.634375,24.7,19.6,21.18958333333333,1758.7,1.2,229.14270833333333,12.75
2020-05-23,2020,5,23,0,28.493,18.842,22.848010416666668,98.6,74.7,90.56145833333333,0,0,0,3.02,0,0.6608333333333334,24,18.3,21.161458333333332,1178.7,1.2,252.31979166666667,13
2020-05-24,2020,5,24,0,30.066,20.055,23.525697916666665,98.4,70.1,90.40520833333333,0.5,0,0.026041666666666668,3.52,0,1.0064583333333332,25.3,19.6,21.773958333333333,1436.2,1.2,307.528125,12.5
2020-05-25,2020,5,25,0,32.665,19.103,23.711697916666665,98.2,68,87.25729166666666,0.5,0,0.015625,3.52,0,0.933125,26.5,18.4,21.35,1636.2,1.2,327.7104166666667,12.75
2020-05-26,2020,5,26,0,29.79,20.055,23.644572916666668,98.9,74,90.34375,0,0,0,3.02,0,0.8334374999999999,25.2,19.9,21.88854166666667,1293.7,1.2,289.1166666666667,13
2020-05-27,2020,5,27,0,30.091,18.675,22.6625,98.7,73.8,90.934375,0.5,0,0.005208333333333333,3.52,0,0.7130208333333333,25.9,18.4,21.05,1378.7,1.2,219.48125000000002,12.5
2020-05-28,2020,5,28,59.8,31.586,18.033,21.578885416666665,99.7,70.8,94.778125,2.01,0,0.0365625,6.54,0,0.8067708333333333,25.7,17.6,20.663541666666667,1726.2,1.2,180.78333333333333,12
2020-05-29,2020,5,29,0,29.464,17.986,22.076239583333333,98.4,73.2,89.675,0.5,0,0.026041666666666668,3.02,0,0.880625,24.4,17.7,20.246875,1708.7,1.2,300.809375,12.75
2020-05-30,2020,5,30,17.400000000000002,28.717,18.866,21.9006875,99.5,77.9,94.36875,0.5,0,0.005208333333333333,5.03,0,0.5763541666666666,24.7,18.8,20.922916666666666,1561.2,1.2,216.46041666666667,12.25
2020-05-31,2020,5,31,3.2,27.136,18.913,21.819677083333332,100,83.7,95.14895833333334,0.5,0,0.03125,4.03,0,1.3213541666666666,24.5,18.9,20.994791666666668,1363.7,1.2,250.70520833333333,12.75
2020-06-01,2020,6,1,1.4000000000000001,25.963,18.319,20.928270833333332,99.5,86.4,95.71354166666667,1.51,0,0.12,5.03,0,2.1393750000000002,24.2,18.2,20.222916666666666,1366.2,1.2,238.30937500000002,12.75
2020-06-02,2020,6,2,2,22.226,18.224,19.863864583333335,99.8,90.3,96.484375,1.51,0,0.8288541666666667,6.54,1.51,3.821979166666667,21.2,17.4,19.303125,716.2,1.2,179.6375,12.5
2020-06-03,2020,6,3,3.6000000000000005,27.333,18.2,20.8225625,99.8,82.7,94.85,1.51,0,0.7078125,7.05,1.01,3.560729166666667,24.4,18,19.952083333333334,1778.7,1.2,321.04375,12.5
2020-06-04,2020,6,4,6,26.769,18.913,21.057833333333335,99.9,83.1,95.94375,1.51,0,0.41864583333333333,5.03,0.5,3.041145833333333,24.3,18.9,20.386458333333334,1301.2,1.2,256.5385416666667,12.5
2020-06-05,2020,6,5,3.4000000000000004,26.598,18.366,20.68875,99.3,80.1,95.56875,1.01,0,0.198125,5.54,0,2.291354166666667,23.8,18.1,19.948958333333334,1398.7,1.2,203.98645833333333,12.25
2020-06-06,2020,6,6,13.6,24.871,18.675,20.050979166666668,99.6,91.7,97.93229166666667,0.5,0,0.057291666666666664,4.53,0,2.0711458333333335,23.5,18,19.73645833333333,921.2,1.2,151.278125,12.5
2020-06-07,2020,6,7,0.2,26.916,17.629,20.791364583333333,97.8,77.5,92.40625,0.5,0,0.03125,3.52,0,1.1477083333333333,24.2,17.2,19.48645833333333,1758.7,1.2,283.4916666666667,12.75
2020-06-08,2020,6,8,0,28.766,17.938,21.973104166666666,97.8,67.1,87.58125,0.5,0,0.015625,3.02,0,0.8125,23.3,17.6,19.677083333333332,1786.2,1.2,384.53333333333336,12.5
2020-06-09,2020,6,9,0,29.165,18.2,21.783895833333332,97.1,72.5,90.13333333333333,1.01,0,0.04697916666666666,4.53,0,1.1951041666666666,24.5,17.6,20.044791666666665,1948.7,1.2,312.7104166666667,12.5
2020-06-10,2020,6,10,20.599999999999998,28.593,18.533,21.966416666666667,98.7,72.4,89.95104166666667,1.01,0,0.08885416666666666,4.03,0,1.6355208333333333,24.1,17.8,20.164583333333333,1448.7,1.2,372.91875,12.5
2020-06-11,2020,6,11,7,27.014,17.32,20.358916666666666,99.1,79,94.75104166666667,0.5,0,0.03125,4.03,0,1.6729166666666666,24.7,17.2,19.464583333333334,1383.7,1.2,202.97083333333333,12.25
2020-06-12,2020,6,12,15.8,25.647,17.463,19.912260416666665,99.6,79.4,95.11145833333333,1.01,0,0.1828125,5.03,0.5,2.3488541666666665,22,17.4,19.092708333333334,1098.7,1.2,197.97083333333333,12.5
2020-06-13,2020,6,13,13.4,24.291,18.557,20.249916666666667,99.3,87.9,96.7375,1.01,0,0.12,6.54,0,2.123125,22.8,18.4,19.729166666666668,1006.2,1.2,178.04895833333333,12.75
2020-06-14,2020,6,14,21.400000000000002,26.109,18.533,20.5780625,99.8,82.7,96.57604166666667,1.01,0,0.104375,4.53,0.5,2.0607291666666665,23.9,18.5,20.010416666666668,1358.7,1.2,235.75729166666667,12
2020-06-15,2020,6,15,4,27.014,17.486,21.243583333333333,99.5,77,93.90833333333333,1.01,0,0.13052083333333334,4.53,0,2.0448958333333334,23.8,17.4,20.192708333333332,1341.2,1.2,268.6479166666667,12.5
2020-06-16,2020,6,16,11,25.793,19.175,20.826958333333334,99.6,83.9,96.034375,0.5,0,0.11458333333333333,4.03,0,1.9971875,23.7,19.1,20.165625,1211.2,1.2,207.84062500000002,12.25
2020-06-17,2020,6,17,62,25.234,18.438,20.233836805555555,99.7,91,97.98125,0.5,0,0.04861111111111111,5.03,0.5,2.1778819444444446,24.1,18.4,19.923958333333335,2553.7,1.2,186.09583333333333,12.500541125541124
2020-06-18,2020,6,18,10.799999999999999,25.016,17.843,19.8416875,99.7,88.6,97.16666666666667,1.01,0,0.08354166666666667,4.03,0,1.9608333333333334,23.7,17.7,19.385416666666668,1061.2,1.2,194.79375000000002,12.5
2020-06-19,2020,6,19,13.6,24.871,18.033,20.391395833333334,98.6,83.7,94.95208333333333,0.5,0,0.010416666666666666,3.52,0,1.3733333333333333,22.7,17.3,19.560416666666665,1036.2,1.2,210.99166666666667,12.5
2020-06-20,2020,6,20,0.4,26.965,18.224,20.967916666666667,98.4,83.1,94.32916666666667,0.5,0,0.020833333333333332,4.53,0,1.38375,24.8,17.9,20.022916666666667,1081.2,1.2,225.31458333333333,13
2020-06-21,2020,6,21,38.199999999999996,23.521,17.748,19.570458333333335,99.6,91.7,97.73541666666667,0.5,0,0.010416666666666666,3.52,0,1.2791666666666666,22.8,17.7,19.21875,826.2,1.2,148.90833333333333,12.5
2020-06-22,2020,6,22,11,24.798,17.796,19.572875,100,87.1,97.29583333333333,0.5,0,0.010416666666666666,3.02,0,1.4575,22.6,17.5,19.139583333333334,768.7,1.2,155.05416666666667,12.5
2020-06-23,2020,6,23,3.8,27.407,17.368,20.845854166666665,99.4,69,91.41666666666667,0,0,0,2.52,0,0.7341666666666666,22.8,17.1,19.327083333333334,1256.2,1.2,247.81458333333333,12.5
2020-06-24,2020,6,24,4.8,29.24,18.319,21.262875,98.7,77.1,93.51041666666666,0,0,0,3.52,0,0.9847916666666665,25.8,18.1,20.141666666666666,1498.7,1.2,274.53333333333336,12.5
2020-06-25,2020,6,25,5.8,28.171,17.986,20.990020833333332,99.2,78.5,93.90625,0.5,0,0.03125,3.52,0,1.1114583333333332,25.6,17.8,19.94375,1453.7,1.2,292.1375,12
2020-06-26,2020,6,26,1.2000000000000002,26.842,17.391,20.25875,99.7,82.3,95.57291666666667,1.01,0,0.10479166666666667,6.54,0,1.7510416666666666,24.9,17.3,19.516666666666666,1841.2,1.2,268.7,13
2020-06-27,2020,6,27,17.2,29.966,18.295,20.979854166666666,99.2,71.5,92.75833333333334,0.5,0,0.125,4.03,0,1.8758333333333332,25.1,18,19.6875,1718.7,1.2,324.6375,13
2020-06-28,2020,6,28,3,27.702,18.604,20.976041666666667,98.3,83.6,94.46458333333334,0,0,0,4.03,0,0.9641666666666666,24.7,18.3,20.060416666666665,1543.7,1.2,220.00208333333333,13
2020-06-29,2020,6,29,36.2,28.617,18.485,20.774645833333334,99.4,79.5,95.90416666666667,0,0,0,4.03,0,1.2485416666666667,25.1,18.3,20.077083333333334,1513.7,1.2,197.97083333333333,13
2020-06-30,2020,6,30,45.800000000000004,29.464,16.558,21.2015,99.9,73.8,91.74375,0.5,0,0.03125,3.52,0,1.6458333333333333,24.3,16.6,19.708333333333332,1893.7,1.2,432.60625,13
2020-07-01,2020,7,1,20.2,29.24,18.224,20.954625,99.1,78.3,94.3875,0.5,0,0.041666666666666664,5.03,0,1.8133333333333332,25.5,18.1,19.989583333333332,1203.7,1.2,270.31458333333336,12.5
2020-07-02,2020,7,2,28.4,24.436,18.557,19.794729166666666,99.7,91,98.17916666666667,0,0,0,4.03,0,1.7297916666666666,23.5,18.5,19.514583333333334,808.7,1.2,147.71041666666667,12.5
2020-07-03,2020,7,3,30.2,21.652,17.558,19.0608125,100,98,99.43958333333333,0.5,0,0.07291666666666667,6.54,0.5,2.30625,21.6,17.5,18.9875,458.7,1.2,105.10625,12
2020-07-04,2020,7,4,17.2,21.39,18.2,19.442875,99.9,97.9,99.37083333333334,0,0,0,3.52,0,1.9293749999999998,21.2,18.2,19.360416666666666,493.7,1.2,108.49166666666666,12.5
2020-07-05,2020,7,5,17.2,22.106,18.438,19.52766666666667,100,96.4,99.375,0.5,0,0.010416666666666666,4.03,0.5,2.401875,21.8,18.5,19.447916666666668,771.2,1.2,116.14791666666666,12
2020-07-06,2020,7,6,17.2,22.848,18.129,19.474229166666667,100,93.6,98.51875,0,0,0,4.03,0.5,1.9610416666666666,22.6,17.8,19.254166666666666,786.2,1.2,154.89791666666667,12.5
2020-07-07,2020,7,7,23.2,25.963,17.867,19.620958333333334,99.8,89.1,97.53750000000001,0,0,0,3.52,0,1.64625,24.1,17.6,19.241666666666667,1018.7,1.2,163.12708333333333,12.5
2020-07-08,2020,7,8,3.8000000000000003,22.585,18.343,19.722520833333334,99.4,93.8,97.86458333333333,0,0,0,2.52,0,0.7233333333333333,21.9,18.2,19.40416666666667,518.7,1.2,133.59583333333333,12.5
2020-07-09,2020,7,9,5.2,22.633,18.057,19.52625,99.3,94,97.68125,0,0,0,3.02,0,0.5239583333333333,21.9,17.8,19.177083333333332,498.7,1.2,118.7,12
2020-07-10,2020,7,10,18.8,26.965,17.629,20.672125,100,78.5,94.34791666666666,0,0,0,3.02,0,0.8916666666666666,23.6,17.7,19.683333333333334,1443.7,1.2,283.59583333333336,12.5
2020-07-11,2020,7,11,5.4,28.816,17.153,20.939416666666666,99.4,68.5,93.18125,0.5,0,0.010416666666666666,4.03,0,1.3420833333333333,24.7,17,19.7125,1793.7,1.2,358.3354166666667,12.5
2020-07-12,2020,7,12,19.200000000000003,28.791,18.295,20.927895833333334,99.9,78.2,94.11041666666667,0.5,0,0.020833333333333332,3.52,0,1.6564583333333334,25.4,18.3,19.90833333333333,1498.7,1.2,289.0125,12.5
2020-07-13,2020,7,13,0.2,25.258,17.486,20.104520833333332,99.3,86.3,95.55,0,0,0,2.52,0,0.7124999999999999,23,17.4,19.38125,906.2,1.2,183.49166666666667,12.5
2020-07-14,2020,7,14,0.4,29.265,18.747,21.734520833333335,99.2,72.2,92.37083333333334,0,0,0,2.52,0,0.7960416666666666,25,18.5,20.379166666666666,1741.2,1.2,323.75208333333336,12.5
2020-07-15,2020,7,15,22,25.817,18.033,20.2775,99.7,85.5,95.69375,0,0,0,3.52,0,1.3945833333333333,24,17.8,19.570833333333333,821.2,1.2,172.86666666666667,12.5
2020-07-16,2020,7,16,47,21.724,18.533,19.2136875,100,97.6,99.7125,0,0,0,5.03,0.5,2.201875,21.6,18.5,19.2,643.7,1.2,90.36666666666666,12.5
2020-07-17,2020,7,17,33.8,21.461,18.081,18.96227083333333,100,97.8,99.6875,0.5,0,0.010416666666666666,4.53,0,2.118125,21.2,18.1,18.93958333333333,508.7,1.2,100.47083333333333,12.5
2020-07-18,2020,7,18,17.8,27.875,17.891,20.395479166666668,99.9,83.2,96.4875,0,0,0,3.02,0,0.975,25.4,17.7,19.822916666666668,1463.7,1.2,228.17916666666667,12
2020-07-19,2020,7,19,74.01,26.573,18.58,20.505479166666667,100,88.2,97.74375,0,0,0,2.01,0,0.37749999999999995,24.8,18.6,20.139583333333334,1106.2,1.2,183.80416666666667,12.5
2020-07-20,2020,7,20,80.2,25.793,17.153,19.875395833333332,100,92.2,98.86458333333333,0,0,0,3.02,0,0.7337499999999999,25.1,17.2,19.710416666666667,936.2,1.2,112.97083333333333,12
2020-07-21,2020,7,21,2.6,31.816,16.01,21.453916666666668,100,66,91.8125,0,0,0,3.52,0,0.6504166666666666,25.2,16,19.9,1986.2,1.2,442.2416666666667,12.5
2020-07-22,2020,7,22,12.6,28.742,18.271,21.127208333333332,99.8,84.9,96.17291666666667,0,0,0,2.52,0,0.5977083333333333,26.3,18.2,20.489583333333332,1308.7,1.2,211.82500000000002,12.5
2020-07-23,2020,7,23,46.01,27.924,18.105,21.360541666666666,100,82.6,95.26666666666667,0,0,0,3.52,0,0.9329166666666666,25.7,17.7,20.54375,1216.2,1.2,290.5229166666667,12
2020-07-24,2020,7,24,0.2,26.671,17.32,20.193958333333335,100,82.2,96.20833333333333,0,0,0,3.52,0,1.8560416666666666,23.7,17.3,19.564583333333335,1296.2,1.2,262.3979166666667,12.5
2020-07-25,2020,7,25,0,28.692,18.2,21.256479166666665,98.8,76.2,90.97708333333334,0.5,0,0.041666666666666664,4.53,0,2.5277083333333334,24.2,17.7,19.664583333333333,1758.7,1.2,379.0125,12.5
2020-07-26,2020,7,26,0.2,26.842,17.463,20.664125,99,77.9,91.34166666666667,0.5,0,0.010416666666666666,4.03,0,1.08,23.3,17,19.154166666666665,1386.2,1.2,301.2,12.5
2020-07-27,2020,7,27,0,29.315,17.011,21.97875,98.5,67.7,86.07708333333333,0,0,0,3.02,0,1.1322916666666667,23.6,15.8,19.397916666666667,1816.2,1.2,436.5125,12.5
2020-07-28,2020,7,28,0,27.21,17.891,21.057666666666666,98.5,77.5,93.10833333333333,0,0,0,2.52,0,0.8179166666666666,23.8,17.6,19.86875,1341.2,1.2,247.18958333333333,12.5
2020-07-29,2020,7,29,43,23.352,17.915,18.95189583333333,100,92.8,98.61041666666667,0,0,0,4.03,0,1.1954166666666666,22.3,17.9,18.75,566.2,1.2,103.96041666666667,12.5
2020-07-30,2020,7,30,19.2,23.617,16.463,19.244395833333332,100,92.7,98.18958333333333,0.5,0,0.010416666666666666,3.52,0,1.7402083333333334,22.7,16.5,18.96875,966.2,1.2,168.70000000000002,12.5
2020-07-31,2020,7,31,26.8,25.137,18.366,20.155708333333333,100,89.3,97.84791666666666,0,0,0,3.02,0,1.4889583333333332,23.8,18.4,19.814583333333335,993.7,1.2,192.81458333333333,12.5
2020-08-01,2020,8,1,14.8,22.298,18.081,19.3479375,100,95.9,99.22083333333333,0,0,0,3.02,0,1.7616666666666665,21.8,18.1,19.245833333333334,568.7,1.2,137.81458333333333,12
2020-08-02,2020,8,2,26.4,20.246,17.796,18.811291666666666,100,99.3,99.88958333333333,0.5,0,0.041666666666666664,5.54,0.5,2.967916666666667,20.2,17.8,18.822916666666668,448.7,1.2,95.83541666666666,12.5
2020-08-03,2020,8,3,93.4,20.46,18.033,19.173958333333335,100,100,100,0.5,0,0.07291666666666667,6.54,1.01,3.439375,20.5,18.1,19.2,258.7,1.2,59.06458333333333,12.5
2020-08-04,2020,8,4,49.800000000000004,19.746,18.057,18.7680625,100,98.4,99.75625,1.01,0,0.250625,7.55,2.01,4.56125,19.5,18.1,18.747916666666665,418.7,1.2,94.95,12
2020-08-05,2020,8,5,87.2,19.508,17.32,18.6749375,100,97.5,99.57291666666667,1.01,0,0.291875,7.55,2.52,4.855,19.5,17.3,18.633333333333333,316.2,1.2,81.2,11.5
2020-08-06,2020,8,6,177.2,20.317,18.295,19.067354166666668,100,99.9,99.99791666666667,1.01,0,0.21895833333333334,8.05,1.51,4.446041666666667,20.3,18.3,19.0875,381.2,1.2,64.74166666666666,12
2020-08-07,2020,8,7,95.8,20.484,17.962,19.006895833333335,100,100,100,0.5,0,0.03125,6.04,1.01,2.8629166666666666,20.5,18,19.03125,588.7,1.2,88.28333333333333,11.5
2020-08-08,2020,8,8,74,22.657,17.938,19.117,100,96.8,99.83958333333334,0,0,0,4.53,0,1.7925,22.2,18,19.120833333333334,743.7,1.2,128.85625000000002,12.5
2020-08-09,2020,8,9,53.599999999999994,20.031,17.439,18.436708333333332,100,99.8,99.9875,0.5,0,0.010416666666666666,3.52,0,1.7827083333333333,20,17.5,18.460416666666667,366.2,1.2,84.06458333333333,12
2020-08-10,2020,8,10,17.4,20.531,16.749,18.503083333333333,100,99,99.91875,0,0,0,3.02,0,1.4685416666666666,20.4,16.8,18.516666666666666,488.7,1.2,90.73125,12.5
2020-08-11,2020,8,11,31.6,22.345,18.271,19.248145833333332,100,97.7,99.875,0.5,0,0.010416666666666666,4.03,0,2.254583333333333,22.4,18.3,19.252083333333335,788.7,1.2,129.95,12.5
2020-08-12,2020,8,12,0.8,23.016,17.843,19.5033125,100,93.2,98.35833333333333,0.5,0,0.010416666666666666,4.53,0,2.19125,22.6,17.9,19.260416666666668,886.2,1.2,194.89791666666667,12.5
2020-08-13,2020,8,13,2,22.944,17.51,19.713145833333332,100,92.4,98.05625,0,0,0,3.52,0,1.1529166666666666,22.4,17.5,19.414583333333333,1113.7,1.2,176.2,12.5
2020-08-14,2020,8,14,2.2,22.824,17.724,19.4281875,100,89.6,97.40208333333334,0,0,0,4.03,0,1.5945833333333332,21.4,17.7,19.01875,881.2,1.2,185.93958333333333,12.5
2020-08-15,2020,8,15,0,22.776,17.915,19.739208333333334,99.4,87.8,95.15208333333334,0.5,0,0.020833333333333332,4.03,1.01,2.559375,21.2,17.7,18.945833333333333,706.2,1.2,211.51250000000002,12.5
2020-08-16,2020,8,16,0.6000000000000001,23.761,18.129,19.997291666666666,98.5,86.5,94.59375,0.5,0,0.010416666666666666,5.54,0,2.29625,21.5,17.9,19.108333333333334,843.7,1.2,198.70000000000002,12.5
2020-08-17,2020,8,17,4.4,22.705,17.819,19.387625,100,91.8,98.05208333333333,0.5,0,0.010416666666666666,4.53,0,1.6360416666666666,21.7,17.7,19.095833333333335,833.7,1.2,163.23125000000002,12.5
2020-08-18,2020,8,18,9.4,22.417,17.534,19.542,100,92.5,97.74166666666666,0,0,0,3.02,0,1.353125,22,17.5,19.19375,856.2,1.2,161.98125000000002,12.5
2020-08-19,2020,8,19,0.8,27.087,17.629,20.782916666666665,100,80,94.19791666666667,0,0,0,2.52,0,1.0374999999999999,23.8,17.7,19.78333333333333,1393.7,1.2,305.41875,12.5
2020-08-20,2020,8,20,0.2,23.713,18.271,20.066,99.5,84.8,96.10833333333333,0,0,0,3.02,0,1.1002083333333332,21.5,18.1,19.433333333333334,1168.7,1.2,180.47083333333333,12
2020-08-21,2020,8,21,1,25.89,18.366,21.317520833333333,100,81.2,94.37916666666666,0,0,0,2.52,0,0.8804166666666666,23.6,18.4,20.354166666666668,1288.7,1.2,286.09583333333336,12.5
2020-08-22,2020,8,22,0,29.389,17.558,22.052291666666665,100,72.6,92.47083333333333,0,0,0,3.02,0,0.9545833333333333,25.3,17.6,20.691666666666666,1836.2,1.2,423.12708333333336,12.5
2020-08-23,2020,8,23,4.2,25.453,18.628,20.23389583333333,99.8,83.7,96.86041666666667,0,0,0,4.03,0,0.7975,23.2,18.4,19.727083333333333,978.7,1.2,175.41875000000002,12.5
2020-08-24,2020,8,24,1.4000000000000001,28.518,18.176,21.60408333333333,99.1,76.7,91.53125,0,0,0,3.02,0,0.9539583333333332,24.2,17.9,20.10625,1593.7,1.2,366.825,12.5
2020-08-25,2020,8,25,0.8,29.54,17.986,22.251645833333335,99.8,66.8,88.85625,0.5,0,0.010416666666666666,3.52,0,0.964375,23.7,17.9,20.141666666666666,1846.2,1.2,479.68958333333336,12.5
2020-08-26,2020,8,26,0,28.122,17.439,21.7035625,99.7,79.7,93.01875,0,0,0,3.02,0,0.8072916666666666,24.6,17.4,20.472916666666666,1213.7,1.2,301.4604166666667,12.5
2020-08-27,2020,8,27,0,29.389,18.414,21.94579166666667,99.5,71.7,90.3875,0,0,0,4.03,0,1.1112499999999998,24.4,18.1,20.175,1911.2,1.2,474.7416666666667,12.5
2020-08-28,2020,8,28,0,28.717,17.915,21.402020833333335,99,71.1,90.01458333333333,0.5,0,0.010416666666666666,3.02,0,1.1108333333333333,23.4,17.6,19.583333333333332,1953.7,1.2,441.25208333333336,12.5
2020-08-29,2020,8,29,0,29.265,15.867,21.147645833333332,98.5,69.4,88.91666666666667,0,0,0,4.03,0,1.1533333333333333,24.1,15.6,19.1,1528.7,1.2,435.10625,12.5
2020-08-30,2020,8,30,0.2,29.04,17.843,21.471645833333334,99,73.2,91.9375,0,0,0,3.02,0,1.048125,24.5,17.6,20.027083333333334,2093.7,1.2,359.8979166666667,12
2020-08-31,2020,8,31,0,29.665,17.605,21.5624375,99.5,76.2,91.94791666666667,0,0,0,3.02,0,0.985625,25.6,17.5,20.13125,1856.2,1.2,354.4291666666667,12
2020-09-01,2020,9,1,7.6,26.182,18.295,20.85,99.1,73,93.525,0.5,0,0.010416666666666666,2.52,0,1.0170833333333333,22.3,17.8,19.741666666666667,1076.2,1.2,186.92916666666667,12.5
2020-09-02,2020,9,2,8.6,25.598,17.677,20.511375,99.5,84,94.11458333333333,0,0,0,3.52,0,0.8075,22.7,17.3,19.529166666666665,996.2,1.2,186.04375000000002,12
2020-09-03,2020,9,3,0.2,26.182,17.391,20.736875,100,82.7,94.54166666666667,0,0,0,4.03,0,0.7964583333333333,23.4,17.4,19.802083333333332,1291.2,1.2,254.84583333333336,12
2020-09-04,2020,9,4,39.4,26.28,18.295,20.0524375,99.9,83.7,97.35,0,0,0,2.01,0,0.31416666666666665,24.3,18.3,19.614583333333332,1273.7,1.2,156.92916666666667,11.5
2020-09-05,2020,9,5,7.8,25.671,17.368,20.291125,100,86,97.3625,0,0,0,1.51,0,0.335625,23.4,17.4,19.866666666666667,918.7,1.2,144.74166666666667,12
2020-09-06,2020,9,6,30,25.404,17.011,19.544770833333335,100,87.7,98.21041666666666,1.01,0,0.104375,5.54,0,1.7514583333333333,24,17,19.260416666666668,1063.7,1.2,162.29375000000002,12
2020-09-07,2020,9,7,6,24.098,17.415,19.090645833333333,100,89.8,98.34375,0.5,0,0.17708333333333334,6.04,0,3.0302083333333334,22.8,17.4,18.8375,1203.7,1.2,184.53333333333333,12
2020-09-08,2020,9,8,2.4000000000000004,28.742,17.344,20.831229166666667,99.7,76.5,95.10416666666667,0,0,0,3.02,0,1.1320833333333333,25,17.3,19.99375,1671.2,1.2,302.1375,12
2020-09-09,2020,9,9,29.2,24.677,17.891,19.70175,100,91.8,98.46458333333334,0,0,0,3.52,0,1.4154166666666665,23.7,17.9,19.472916666666666,1153.7,1.2,157.55416666666667,12
2020-09-10,2020,9,10,14.4,19.96,17.011,18.476895833333334,100,98.6,99.79166666666667,0.5,0,0.041666666666666664,5.03,0.5,2.5797916666666665,19.8,17,18.466666666666665,366.2,1.2,94.74166666666666,12
2020-09-11,2020,9,11,15.8,20.341,17.534,18.314895833333335,100,95.7,99.46458333333334,0.5,0,0.11458333333333333,5.54,2.01,3.3558333333333334,19.7,17.6,18.25625,553.7,1.2,101.30416666666666,12
2020-09-12,2020,9,12,16.2,20.96,16.487,17.992770833333335,100,98.6,99.95208333333333,0,0,0,4.53,0,2.558333333333333,20.9,16.5,18.004166666666666,638.7,1.2,72.03333333333333,12
2020-09-13,2020,9,13,45,19.841,16.701,18.284604166666668,100,97.4,99.70416666666667,0,0,0,3.52,0,1.00625,19.9,16.7,18.2625,356.2,1.2,62.762499999999996,11.5
2020-09-14,2020,9,14,7.6000000000000005,21.939,18.2,19.049854166666666,100,95.1,99.37291666666667,0,0,0,4.03,0.5,1.7816666666666665,21.4,18.2,18.96875,748.7,1.2,134.74166666666667,12
2020-09-15,2020,9,15,15,25.137,18.081,19.294,100,88.9,98.61458333333333,0,0,0,3.52,0.5,1.9504166666666667,23.3,18.1,19.085416666666667,1186.2,1.2,176.66875,12
2020-09-16,2020,9,16,12,24.823,17.915,19.506895833333335,100,91.3,98.52291666666666,0,0,0,3.52,0,1.4464583333333332,23.3,17.9,19.2875,1136.2,1.2,196.98125000000002,12
2020-09-17,2020,9,17,17.4,21.963,16.963,18.849291666666666,100,96.9,99.58125,0,0,0,4.03,0,1.489375,21.8,17,18.808333333333334,563.7,1.2,125.8875,12
2020-09-18,2020,9,18,13.6,21.27,17.605,19.06375,100,98.4,99.675,0,0,0,4.03,0.5,1.8558333333333332,21.1,17.6,19.03125,653.7,1.2,115.31458333333333,12
2020-09-19,2020,9,19,46.6,18.913,17.391,18.156791666666667,100,100,100,0.5,0,0.052083333333333336,6.04,2.01,3.4075,18.9,17.4,18.175,278.7,1.2,58.80416666666667,12
2020-09-20,2020,9,20,78.6,19.056,17.653,18.134,100,100,100,0.5,0,0.11458333333333333,6.04,2.01,3.890416666666667,19.1,17.7,18.158333333333335,403.7,1.2,77.1375,12
2020-09-21,2020,9,21,32,19.318,18.01,18.534770833333333,100,100,100,0.5,0,0.28125,7.05,3.02,4.509166666666667,19.3,18,18.554166666666667,358.7,1.2,83.23125,12
2020-09-22,2020,9,22,18.6,22.633,17.962,19.102645833333334,100,90.7,98.34583333333333,0.5,0,0.08333333333333333,7.55,1.51,3.5654166666666667,21.7,18,18.845833333333335,1061.2,1.2,196.92916666666667,12
2020-09-23,2020,9,23,4.4,24.992,17.605,19.406104166666665,100,87.2,97.62708333333333,0.5,0,0.041666666666666664,4.53,0,2.13875,24.2,17.6,19.027083333333334,1288.7,1.2,228.75208333333333,12
2020-09-24,2020,9,24,0.8,24.798,17.439,20.185270833333334,99.2,83.8,89.08541666666666,0,0,0,2.52,0,0.6814583333333333,22.2,15.5,18.320833333333333,953.7,1.2,236.92916666666667,12
2020-09-25,2020,9,25,3.2,24.484,17.011,19.738166666666665,84.1,73.6,78.86458333333333,0,0,0,2.52,0,0.8177083333333333,20.5,12.3,15.979166666666666,901.2,1.2,205.26250000000002,11
2020-09-26,2020,9,26,0.6000000000000001,23.857,17.011,19.481645833333335,73.2,61.4,68.75416666666666,0,0,0,2.52,0,0.6499999999999999,18.3,10.9,13.5875,778.7,1.2,174.74166666666667,12
2020-09-27,2020,9,27,0,28.568,17.867,21.449125,70.4,37.4,58.38333333333333,0,0,0,3.02,0,0.8495833333333332,22.5,3.5,12.785416666666666,1633.7,1.2,379.5854166666667,12
2020-09-28,2020,9,28,0,26.94,17.558,20.694895833333334,67,7,36.74375,0,0,0,3.02,0,0.9222916666666666,20.2,-18.6,3.7395833333333335,1588.7,1.2,311.1479166666667,12
2020-09-29,2020,9,29,1.4000000000000001,25.914,16.225,19.44141666666667,59,1,17.65833333333333,0,0,0,3.02,0,0.734375,17,-38.8,-15.358333333333334,961.2,1.2,213.85625000000002,11.5
2020-09-30,2020,9,30,1,27.038,17.177,19.705291666666668,55.8,1,9.202083333333334,0,0,0,2.52,0,0.99625,16.6,-39.5,-26.475,1386.2,1.2,222.71041666666667,12
2020-10-01,2020,10,1,0.2,27.899,16.487,21.03302083333333,61.8,1,22.210416666666667,0,0,0,3.52,0,1.21625,19.9,-39.9,-16.947916666666668,1911.2,1.2,486.1479166666667,12
2020-10-02,2020,10,2,0,27.481,15.557,20.130166666666668,58.1,1,17.166666666666668,0,0,0,2.52,0,0.9020833333333332,17.7,-40.5,-19.114583333333332,1721.2,1.2,369.95,12
2020-10-03,2020,10,3,0.2,27.382,16.82,19.918833333333332,61,1,13.622916666666667,0,0,0,3.52,0,1.2052083333333332,18.9,-39.7,-23.96666666666667,1778.7,1.2,332.29375,12
2020-10-04,2020,10,4,0.2,26.891,15.247,19.695833333333333,60.6,1,20.202083333333334,0,0,0,5.03,0,1.258125,18.3,-40.7,-18.397916666666667,1981.2,1.2,405.93958333333336,12
2020-10-05,2020,10,5,0,28.369,14.768,20.895416666666666,61.3,1,29.054166666666667,0,0,0,3.52,0,0.921875,19.8,-40.7,-9.2375,1913.7,1.2,519.6895833333333,12.5
2020-10-06,2020,10,6,0,29.389,17.368,21.10175,50.3,1,11.802083333333332,0,0,0,3.02,0,0.8070833333333333,16.5,-39.4,-22.679166666666667,1483.7,1.2,306.2,12
2020-10-07,2020,10,7,0.2,28.493,18.39,21.962729166666666,46.4,1,11.020833333333334,0,0,0,2.52,0,0.9222916666666666,15.5,-38.7,-22.2375,1198.7,1.2,334.8979166666667,12
2020-10-08,2020,10,8,0,26.793,18.794,21.368791666666667,39.8,1,7.166666666666667,0,0,0,2.52,0,0.7129166666666666,11.5,-38.5,-27.941666666666666,1253.7,1.2,216.77291666666667,12
2020-10-09,2020,10,9,2.1999999999999997,28.965,18.176,20.53772916666667,50.6,1,6.183333333333334,0,0,0,2.52,0,0.7752083333333333,15.1,-38.9,-29.816666666666666,1693.7,1.2,242.18958333333333,11.5
2020-10-10,2020,10,10,5.6,27.727,17.344,20.357520833333332,43.2,1,6.8687499999999995,0,0,0,2.52,0,0.8283333333333333,12.6,-39.4,-28.5375,1576.2,1.2,253.96041666666667,11.5
2020-10-11,2020,10,11,1.6,20.388,17.962,18.840500000000002,1,1,1,0,0,0,4.53,0,1.5620833333333333,-37.5,-39,-38.47291666666666,326.2,1.2,73.28333333333333,12
2020-10-12,2020,10,12,37.6,20.15,17.653,18.445645833333334,1,1,1,0.5,0,0.020833333333333332,5.54,1.01,2.957291666666667,-37.7,-39.2,-38.71458333333333,281.2,1.2,68.28333333333333,11.5
2020-10-13,2020,10,13,20.4,20.698,17.415,18.389729166666665,1,1,1,0.5,0,0.03125,4.53,1.01,2.9783333333333335,-37.4,-39.3,-38.74375,601.2,1.2,91.35625,11
2020-10-14,2020,10,14,14.8,23.208,15.247,18.189645833333334,2.4,1,1.0291666666666666,0.5,0,0.0625,6.04,0.5,3.198125,-27.8,-40.7,-38.68125,976.2,1.2,130.00208333333333,12
2020-10-15,2020,10,15,15,23.28,17.034,18.65758333333333,35.1,1,3.0729166666666665,0.5,0,0.0625,6.04,0,2.9877083333333334,7,-39.6,-34.96458333333333,1376.2,1.2,184.32500000000002,11.5
2020-10-16,2020,10,16,7.800000000000001,23.232,16.915,18.8394375,55.3,1,6.1937500000000005,0,0,0,3.02,0,0.9125,13.1,-39.6,-32.02291666666667,793.7,1.2,136.14791666666667,11.5
2020-10-17,2020,10,17,0,26.524,16.606,20.00325,60.5,1,13.877083333333333,0,0,0,3.02,0,0.6397916666666666,15.5,-39.8,-22.660416666666666,1088.7,1.2,216.61666666666667,12
2020-10-18,2020,10,18,0,28.468,15.796,20.6929375,65.9,1,37.77708333333334,0,0,0,3.02,0,0.723125,21.2,-39.7,-3.0083333333333333,1521.2,1.2,368.90833333333336,12
2020-10-19,2020,10,19,0,27.21,17.32,20.644,64.8,1,19.325,0,0,0,3.52,0,0.8799999999999999,17.9,-39.4,-18.604166666666668,1406.2,1.2,286.09583333333336,12
2020-10-20,2020,10,20,0.6000000000000001,23.713,17.082,19.343208333333333,44.8,1,7.260416666666666,0,0,0,2.01,0,0.4716666666666666,11,-39.5,-27.71875,798.7,1.2,123.96041666666667,11.5
2020-10-21,2020,10,21,5.2,24.436,17.796,19.328375,44,1,6.522916666666667,0,0,0,3.02,0,1.0485416666666667,9,-39.1,-29.33125,848.7,1.2,147.60625000000002,11.5
2020-10-22,2020,10,22,0.8,25.963,16.796,19.715979166666667,72.8,1,36.72291666666666,0,0,0,3.52,0,1.4260416666666667,19.8,-39.7,-6.83125,1606.2,1.2,288.28333333333336,11.5
2020-10-23,2020,10,23,0,23.978,16.296,18.808416666666666,72.4,1,36.18333333333333,0,0,0,3.02,0,1.0795833333333333,18.4,-39.9,-2.8458333333333337,1361.2,1.2,188.07500000000002,12
2020-10-24,2020,10,24,0,28.468,16.344,21.029374999999998,73.9,1,39.53333333333333,0.5,0,0.010416666666666666,4.53,0,1.0589583333333332,22.1,-39.6,0.32916666666666694,1813.7,1.2,464.84583333333336,12
2020-10-25,2020,10,25,0,29.24,15.414,21.312416666666667,73.4,1.6,42.958333333333336,0,0,0,2.52,0,0.806875,21.6,-33.9,5.345833333333333,1798.7,1.2,458.54375,12
2020-10-26,2020,10,26,1.7999999999999998,28.543,16.654,21.229979166666666,73.6,1,33.64375,0,0,0,3.02,0,0.9541666666666666,22.4,-39.6,-4.652083333333334,1778.7,1.2,364.6375,12
2020-10-27,2020,10,27,0.2,28.468,17.486,21.631354166666668,72.8,1,27.639583333333334,0,0,0,3.52,0,0.9639583333333333,21.6,-39.3,-13.422916666666666,1786.2,1.2,411.09583333333336,11.5
2020-10-28,2020,10,28,4.4,28.617,17.415,21.7495,75.8,1,36.05,0,0,0,4.03,0,1.4785416666666666,21.8,-39.3,-4.577083333333333,1666.2,1.2,432.1375,12
2020-10-29,2020,10,29,0,27.974,17.011,21.601020833333333,77,1,45.76875,0.5,0,0.0625,4.03,0,1.7195833333333332,19.3,-39.6,3.1583333333333337,1683.7,1.2,449.4291666666667,12
2020-10-30,2020,10,30,0,28.617,17.867,21.0033125,78.2,7.3,58.40833333333333,0.5,0,0.010416666666666666,4.03,0,1.3525,23.1,-17.9,11.410416666666666,1653.7,1.2,308.3354166666667,12
2020-10-31,2020,10,31,0,25.914,16.725,20.8084375,78.2,1,40.2125,0,0,0,2.01,0,0.4508333333333333,21.3,-39.8,0.11458333333333302,1233.7,1.2,223.85625000000002,12
2020-11-01,2020,11,1,0,26.573,17.867,21.3151875,78.2,1,34.385416666666664,0,0,0,2.01,0,0.5660416666666667,22,-39.1,-8.408333333333335,993.7,1.2,210.05416666666667,11.5
2020-11-02,2020,11,2,41.809999999999995,27.751,18.271,20.8060625,80.5,1,28.516666666666666,0,0,0,4.03,0,0.691875,23.8,-38.8,-12.272916666666667,1221.2,1.2,215.52291666666667,11.5
2020-11-03,2020,11,3,0.6000000000000001,26.158,18.889,20.886270833333334,82.1,1,44.78541666666666,0,0,0,2.52,0,0.8179166666666666,22.4,-38.4,-2.55,1278.7,1.2,227.50208333333333,12
2020-11-04,2020,11,4,0,27.136,17.106,21.5079375,83.3,10.3,52.60625,0,0,0,3.02,0,1.0479166666666666,23.5,-13.5,9.241666666666667,1576.2,1.2,314.1166666666667,11.5
2020-11-05,2020,11,5,15.2,26.916,18.033,20.9425625,82.2,11.4,48.56875,0.5,0,0.010416666666666666,4.03,0,1.4264583333333334,23.1,-11.1,7.8375,1776.2,1.2,296.9291666666667,11.5
2020-11-06,2020,11,6,0.2,25.914,18.675,20.818729166666667,84.4,25,61.389583333333334,0.5,0,0.03125,4.53,0,2.2129166666666666,22.1,-1.5,11.924999999999999,1496.2,1.2,307.97083333333336,12
2020-11-07,2020,11,7,0,26.188638528138533,17.117559956709957,20.356014813311692,83.39258225108225,56.39119047619047,71.74455120400432,0.43344387755102043,0,0.05910696570294783,4.084889455782313,0.12924319727891156,1.4761206774376419,14.61581150793651,2.2764769841269845,6.938257746362434,1249.9916666666666,1.2,243.21755839646468,11.679437229437228
2020-11-08,2020,11,8,0.2,26.94,17.582,20.458791666666666,84.2,51.5,75.08541666666666,0.5,0,0.07291666666666667,7.05,0.5,2.72625,23.4,7.7,15.804166666666667,1523.7,1.2,255.62708333333333,11.5
2020-11-09,2020,11,9,0,26.965,18.723,21.379583333333333,85.5,69.7,78.55416666666667,0.5,0,0.0625,6.04,0,2.5589583333333334,22,13.8,17.5,1503.7,1.2,371.40833333333336,12
2020-11-10,2020,11,10,0,26.353,17.463,20.311625,84.7,62.2,76.80833333333334,1.01,0,0.08354166666666667,5.54,0,2.0975,21.2,10.3,16.08125,1706.2,1.2,394.48125,12
2020-11-11,2020,11,11,0,26.793,15.986,20.541458333333335,84.5,63.5,74.69583333333334,0.5,0,0.07291666666666667,5.03,0.5,2.285625,20.6,12.1,15.845833333333333,1641.2,1.2,420.5229166666667,12
2020-11-12,2020,11,12,0,26.842,17.296,21.238458333333334,85.4,57.5,80.13541666666667,1.01,0,0.16708333333333333,6.04,0,2.2547916666666667,22.4,11.1,17.664583333333333,1891.2,1.2,422.7104166666667,12
2020-11-13,2020,11,13,8.4,24.798,18.699,20.483333333333334,83.5,26.4,59.885416666666664,0.5,0,0.10416666666666667,6.54,1.01,3.0827083333333336,21.7,-0.5,11.839583333333334,1338.7,1.2,258.28333333333336,11.5
2020-11-14,2020,11,14,1.2000000000000002,27.554,17.796,20.965854166666666,85.6,38.1,69.95208333333333,1.01,0,0.18770833333333334,6.54,1.51,3.3239583333333336,23.6,4.1,14.927083333333334,1768.7,1.2,363.6479166666667,12
2020-11-15,2020,11,15,3.8000000000000003,25.525,17.249,20.517104166666666,85.9,33.2,69.79375,0.5,0,0.13541666666666666,6.04,1.01,3.05125,22.2,2.6,14.404166666666667,1671.2,1.2,321.1479166666667,11.5
2020-11-16,2020,11,16,3.4000000000000004,26.402,18.533,20.595541666666666,84.7,25.4,48.94166666666666,0.5,0,0.041666666666666664,4.53,0,2.254375,23.4,-1,8.295833333333333,1201.2,1.2,246.14791666666667,11.5
2020-11-17,2020,11,17,9,23.761,18.247,19.931354166666665,83.8,27.2,55.03541666666667,1.01,0,0.15645833333333334,6.04,1.51,3.5864583333333333,20.5,-0.7,9.764583333333334,1563.7,1.2,291.04375,11.5
2020-11-18,2020,11,18,1.2000000000000002,24.798,18.461,20.493395833333334,86,20.1,57.78541666666666,0.5,0,0.08333333333333333,5.54,0,2.222916666666667,21.8,-4.7,10.177083333333334,1488.7,1.2,309.06458333333336,12
2020-11-19,2020,11,19,0,25.72,18.438,20.648062499999998,87.2,47.5,74.60625,0.5,0,0.14583333333333334,4.53,0.5,2.8527083333333336,22.4,7.2,15.883333333333333,1811.2,1.2,415.575,12
2020-11-20,2020,11,20,0,27.308,17.344,20.702229166666665,87.3,59.9,77.48333333333333,0.5,0,0.125,5.54,0.5,2.851875,23,9.5,16.575,1813.7,1.2,476.825,12
2020-11-21,2020,11,21,0,25.744,16.701,20.519458333333333,88.1,63.6,78.01458333333333,0.5,0,0.14583333333333334,4.53,0,2.705625,19.6,14,16.48125,1713.7,1.2,461.7729166666667,12
2020-11-22,2020,11,22,0,25.939,16.058,19.878333333333334,86.9,53.8,70.91875,0.5,0,0.2916666666666667,6.04,0.5,3.5968750000000003,19.7,10.2,14.314583333333333,1758.7,1.2,470.78333333333336,12
2020-11-23,2020,11,23,0,26.646,15.724,19.837,79.3,53,66.53125,0.5,0,0.14583333333333334,5.54,1.01,2.852708333333333,17.3,10.2,13.320833333333333,1786.2,1.2,432.91875,12
2020-11-24,2020,11,24,0,23.785,17.32,20.393666666666668,88.7,71.4,81.53125,0.5,0,0.03125,4.53,0.5,2.422083333333333,19.6,15.4,17.11875,1118.7,1.2,267.29375,12
2020-11-25,2020,11,25,0,25.671,17.249,20.828979166666667,88.7,57.4,80.79791666666667,0.5,0,0.020833333333333332,3.52,0,1.384375,20.5,10.7,17.347916666666666,1458.7,1.2,278.4916666666667,12
2020-11-26,2020,11,26,0,27.727,18.438,20.904458333333334,87.3,38.3,64.82708333333333,0,0,0,3.02,0,1.1427083333333332,23.9,4.1,13.5875,1256.2,1.2,240.10625000000002,11.5
2020-11-27,2020,11,27,0,30.571,16.606,21.662604166666668,86.9,49.8,68.175,0,0,0,2.52,0,0.8383333333333333,23.3,6.2,15.414583333333333,1746.2,1.2,436.66875,12
2020-11-28,2020,11,28,0,26.207,17.201,20.4556875,87.9,49.5,73.44375,0.5,0,0.0625,4.03,0,1.9185416666666666,22.4,7.1,15.36875,1773.7,1.2,381.1479166666667,11.5
2020-11-29,2020,11,29,0,24.557,16.844,20.173958333333335,88.3,73.7,82.30416666666667,1.01,0,0.26083333333333336,5.54,0.5,2.966875,21.2,12.6,17.072916666666668,1811.2,1.2,383.85625,12
2020-11-30,2020,11,30,0,25.55,16.63,20.345083333333335,88.8,76.4,84.32083333333334,1.01,0,0.20895833333333333,5.54,1.01,2.7797916666666667,21.2,14.2,17.616666666666667,1811.2,1.2,394.06458333333336,12
2020-12-01,2020,12,1,0,24.291,16.892,19.781645833333332,88.3,71.2,81.88541666666667,1.01,0,0.1775,5.03,0.5,2.8629166666666666,20.6,13.9,16.595833333333335,1688.7,1.2,385.10625,12
2020-12-02,2020,12,2,0,23.689,16.034,19.6363125,89.6,73,83.76875,1.01,0,0.27125,6.04,1.51,3.439791666666667,20,13.9,16.8,1243.7,1.2,246.87708333333333,11.5
2020-12-03,2020,12,3,60.800000000000004,19.555,17.701,18.391041666666666,89.4,44.2,62.35625,0.5,0,0.09375,6.04,1.01,3.1350000000000002,17.3,5.8,10.691666666666666,286.2,1.2,76.5125,11
2020-12-04,2020,12,4,7.4,22.968,17.891,19.299,88.4,41.7,61.6125,1.01,0,0.166875,7.55,1.51,3.8685416666666668,20.7,4.9,11.277083333333334,1363.7,1.2,246.35625000000002,11.5
2020-12-05,2020,12,5,6.4,22.011,18.01,19.304270833333334,88.4,44.3,66.90208333333334,0.5,0,0.041666666666666664,5.03,1.01,3.093125,19.6,6.2,12.572916666666666,901.2,1.2,176.82500000000002,12
2020-12-06,2020,12,6,11.8,23.064,18.176,19.754520833333334,88.7,59.6,75.83541666666667,0.5,0,0.052083333333333336,5.03,1.51,2.736875,20.9,10.3,15.31875,1421.2,1.2,283.0229166666667,12
2020-12-07,2020,12,7,3.8000000000000003,21.342,18.461,19.315916666666666,85.2,51.3,69.66041666666666,0.5,0,0.03125,5.54,1.01,2.7895833333333333,18.3,8.6,13.483333333333333,788.7,1.2,145.62708333333333,11
2020-12-08,2020,12,8,0.8,26.329,17.391,20.073916666666666,90,56.1,74.51875,0.5,0,0.11458333333333333,4.03,0.5,2.41125,23.9,9.7,15.30625,1741.2,1.2,363.43958333333336,12
2020-12-09,2020,12,9,0.4,23.905,18.271,19.495541666666668,91.4,53.7,71.48541666666667,0.5,0,0.03125,4.53,0.5,2.32875,21.5,9.2,13.941666666666666,1296.2,1.2,211.51250000000002,12
2020-12-10,2020,12,10,1.2000000000000002,24.944,16.868,19.824958333333335,92,66.1,82.69583333333334,0.5,0,0.09375,4.53,0,1.8564583333333333,21.8,11.4,16.752083333333335,1703.7,1.2,400.00208333333336,11.5
2020-12-11,2020,12,11,0,27.407,15.461,20.080791666666666,91.4,55.7,80.9875,0,0,0,4.03,0,1.5827083333333332,22.8,12.8,16.608333333333334,1688.7,1.2,438.28333333333336,12
2020-12-12,2020,12,12,0,27.333,15.867,19.901958333333333,92.7,57.4,83.45625,0.5,0,0.03125,4.03,0,1.7304166666666667,22.4,13.8,16.870833333333334,1666.2,1.2,398.23125,12
2020-12-13,2020,12,13,0,28.345,15.079,19.262145833333335,92.1,60.8,78.85,0.5,0,0.03125,4.53,0.5,1.7931249999999999,21.5,11.1,15.404166666666667,1711.2,1.2,336.87708333333336,12
2020-12-14,2020,12,14,0,24.968,14.481,18.506208333333333,92.9,72.9,83.38541666666667,0.5,0,0.15625,5.03,0,2.2125,20.2,10.3,15.591666666666667,1633.7,1.2,417.7104166666667,12
2020-12-15,2020,12,15,0,23.665,13.738,18.3220625,93.4,74.7,85.825,0.5,0,0.15625,6.04,0.5,2.6110416666666665,18.9,10.9,15.88125,1603.7,1.2,397.8666666666667,12
2020-12-16,2020,12,16,1.6,21.27,17.391,18.676604166666667,93,83.5,90.19375,0.5,0,0.11458333333333333,4.53,1.01,2.8422916666666667,19.9,15.3,17.054166666666667,663.7,1.2,167.08541666666667,12
2020-12-17,2020,12,17,2.8000000000000003,19.27,17.558,18.337125,92,73.8,84.08333333333333,0.5,0,0.0625,6.04,1.01,3.072916666666667,17.3,13.2,15.6,416.2,1.2,83.96041666666666,11.5
2020-12-18,2020,12,18,0.2,23.497,17.058,19.029083333333332,92.6,82.8,90.64166666666667,1.01,0,0.198125,7.55,1.51,3.3658333333333332,20.4,15.5,17.477083333333333,1488.7,1.2,235.15833333333333,11.5
2020-12-19,2020,12,19,0.2,20.365,16.01,17.991729166666666,92.2,73.9,86.62083333333334,1.01,0,0.365625,8.56,2.01,4.530833333333334,17.2,14.6,15.704166666666667,743.7,1.2,174.79375000000002,12
2020-12-20,2020,12,20,0,22.848,15.27,18.019229166666666,89.9,76.2,83.45416666666667,1.51,0,0.5133333333333333,8.56,2.01,4.77125,18.9,12.8,15.164583333333333,1603.7,1.2,384.6375,12
2020-12-21,2020,12,21,0,21.915,14.673,17.4624375,94.1,79.7,88.75208333333333,1.01,0,0.3983333333333333,6.54,1.51,3.827291666666667,18.5,13.7,15.566666666666666,1648.7,1.2,417.18958333333336,12
2020-12-22,2020,12,22,0,24.291,15.461,19.205916666666667,93.5,76.2,88.68333333333334,0.5,0,0.03125,5.54,0,1.4470833333333333,20.7,14.4,17.272916666666667,1173.7,1.2,257.81458333333336,11.5
2020-12-23,2020,12,23,0.8,24.968,17.629,19.548604166666667,92.6,78.4,88.00208333333333,1.01,0,0.17791666666666667,4.53,0,1.5729166666666667,21.1,15.1,17.516666666666666,1518.7,1.2,260.2625,11.5
2020-12-24,2020,12,24,0,29.215,16.915,20.919729166666666,92.5,72.9,86.83333333333333,0,0,0,3.52,0,1.2060416666666667,23.9,15.4,18.608333333333334,1613.7,1.2,399.16875,12
2020-12-25,2020,12,25,0,26.329,17.344,20.084520833333332,93,64.4,80.02291666666666,1.01,0,0.14604166666666668,4.53,0.5,2.653125,21.2,11,16.439583333333335,1653.7,1.2,408.6479166666667,12
2020-12-26,2020,12,26,0,25.72,14.816,18.832125,91.8,56.7,77.77708333333334,0.5,0,0.1875,4.03,1.01,2.4116666666666666,19.9,10,14.747916666666667,1628.7,1.2,425.2104166666667,12
2020-12-27,2020,12,27,0,28.518,14.649,19.640583333333332,88.1,48,71.99583333333334,1.01,0,0.18770833333333334,4.03,0.5,2.3379166666666666,18.2,11.5,14.1375,1701.2,1.2,436.3041666666667,12
2020-12-28,2020,12,28,0,25.186,15.843,19.062791666666666,92.2,70.6,85.1,0.5,0,0.15625,4.53,0.5,2.233125,20,13.8,16.477083333333333,1593.7,1.2,299.4291666666667,11.5
2020-12-29,2020,12,29,0,26.793,16.32,20.268520833333334,93.2,74.6,86.62083333333334,0.5,0,0.19791666666666666,4.03,1.51,2.4747916666666665,22.4,15.1,17.93125,1676.2,1.2,382.81458333333336,12
2020-12-30,2020,12,30,2.4,24.436,17.748,19.479395833333335,92.7,70.4,85.22916666666667,1.01,0,0.18833333333333332,6.04,1.51,2.905,22.4,12.5,16.9,1661.2,1.2,264.53333333333336,11.5
2020-12-31,2020,12,31,10,21.509,17.51,18.6236875,92.9,83.8,90.05833333333334,1.01,0,0.19854166666666667,7.55,1.51,3.74375,20.1,15,16.975,733.7,1.2,148.07500000000002,11.5
2021-01-01,2021,1,1,0,22.848,15.652,17.917166666666667,93.1,79.2,88.02083333333333,1.01,0,0.4708333333333333,7.55,2.01,4.508958333333333,19.5,13.5,15.9,1691.2,1.2,384.6375,12
2021-01-02,2021,1,2,0,24.05,14.864,18.705000000000002,93.5,75.7,87.11875,1.01,0,0.29229166666666667,5.54,1.51,3.5654166666666667,20.3,13.4,16.49375,1696.2,1.2,443.54375,12
2021-01-03,2021,1,3,1.4,22.513,16.963,18.5504375,93.8,81.6,90.92083333333333,0.5,0,0.14583333333333334,7.55,1.51,3.5543750000000003,21.2,14.7,17.045833333333334,1013.7,1.2,204.95000000000002,11.5
2021-01-04,2021,1,4,0,22.489,17.629,18.824625,93.3,76.6,87.09166666666667,0.5,0,0.11458333333333333,5.54,1.01,3.071875,20.7,13.9,16.63125,1671.2,1.2,240.26250000000002,11.5
2021-01-05,2021,1,5,0,24.267,17.249,19.398,93.7,82.8,91.08958333333334,1.01,0,0.25104166666666666,5.03,0.5,2.925625,21.2,15.9,17.916666666666664,1733.7,1.2,303.43958333333336,11.5
2021-01-06,2021,1,6,16.4,24.629,17.629,19.758854166666666,93.5,81,89.14791666666666,0,0,0,4.03,0,1.3104166666666666,21.9,15,17.933333333333334,1093.7,1.2,182.71041666666667,11.5
2021-01-07,2021,1,7,6.6,25.355,17.891,20.0634375,93.2,79.4,87.65416666666667,0.5,0,0.125,5.03,0,2.2018750000000002,22.2,14.4,17.954166666666666,1623.7,1.2,327.2416666666667,11
2021-01-08,2021,1,8,0,24.992,17.439,20.02025,93.6,84.7,89.79375,0.5,0,0.010416666666666666,3.52,0,1.2266666666666666,22.6,15.3,18.304166666666667,1531.2,1.2,240.31458333333333,11.5
2021-01-09,2021,1,9,0,21.724,17.724,19.395416666666666,93.8,90.5,92.35,0.5,0,0.052083333333333336,5.54,0,2.4431249999999998,20.4,16.3,18.141666666666666,913.7,1.2,189.27291666666667,11.5
2021-01-10,2021,1,10,0,21.485,17.629,19.347270833333333,94,83.6,90.74166666666666,0.5,0,0.020833333333333332,4.53,0.5,2.6210416666666667,19.8,16.4,17.8125,673.7,1.2,142.50208333333333,11.5
2021-01-11,2021,1,11,11.600000000000001,21.39,16.868,18.669291666666666,94.4,83.9,91.1,1.51,0,0.3458333333333333,8.56,1.51,4.23625,19.6,15.6,17.2,523.7,1.2,122.39791666666667,11.5
2021-01-12,2021,1,12,27.8,18.699,16.963,17.863979166666667,94.4,87.5,92.71458333333334,1.51,0,0.86,9.06,3.52,5.8825,17.7,15.9,16.685416666666665,661.2,1.2,162.50208333333333,11.5
2021-01-13,2021,1,13,14.8,19.984,17.605,18.3644375,92.3,83.3,88.94166666666666,1.01,0,0.26083333333333336,9.06,2.01,4.414583333333334,18.7,15.1,16.527083333333334,851.2,1.2,160.21041666666667,11.5
2021-01-14,2021,1,14,1.4000000000000001,23.833,16.987,18.643729166666667,93,85,88.55833333333334,2.01,0,0.26104166666666667,8.56,1.51,3.48125,22.2,14.5,16.735416666666666,1481.2,1.2,272.97083333333336,11.5
2021-01-15,2021,1,15,0.4,20.15,17.296,18.145416666666666,94.1,82,86.8,1.01,0,0.14604166666666668,7.55,1.51,3.229375,18.5,14.3,15.91875,913.7,1.2,125.99166666666667,11.5
2021-01-16,2021,1,16,0,24.75,16.654,19.274083333333333,94.5,84.7,92.3625,0.5,0,0.0625,4.03,0.5,2.1704166666666667,22,15.5,18.0125,1616.2,1.2,270.47083333333336,11.5
2021-01-17,2021,1,17,0.2,27.653,15.939,20.028479166666667,94.8,50.3,86.61041666666667,1.01,0,0.16708333333333333,5.03,0.5,2.4858333333333333,21.6,13.4,17.585416666666667,1806.2,1.2,423.8041666666667,11.5
2021-01-18,2021,1,18,0,25.234,13.786,18.21858333333333,86.8,66.5,78.65625,1.01,0,0.346875,6.04,0,2.7685416666666667,19.8,10.7,14.422916666666666,1773.7,1.2,467.50208333333336,11.5
2021-01-19,2021,1,19,0,25.671,14.314,18.715145833333334,91.8,71.7,83.575,1.01,0,0.2725,6.04,0,2.705208333333333,20.8,12.4,15.85625,1751.2,1.2,463.75208333333336,12
2021-01-20,2021,1,20,0,27.604,14.768,20.094,94.6,70.1,85.93958333333333,0.5,0,0.08333333333333333,4.03,0,1.5197916666666667,22.4,13.5,17.614583333333332,1738.7,1.2,381.7729166666667,11.5
2021-01-21,2021,1,21,0,26.182,17.391,20.501208333333334,94.9,77.7,90.10625,0.5,0,0.052083333333333336,4.53,0,1.5933333333333333,23.3,16.5,18.808333333333334,1688.7,1.2,324.4291666666667,11.5
2021-01-22,2021,1,22,0,26.573,16.511,20.4385,94.9,73.6,87.55625,0.5,0,0.10416666666666667,4.53,0,1.750625,22,15.2,18.24375,1731.2,1.2,412.7625,12
2021-01-23,2021,1,23,0,25.89,16.082,20.048604166666667,94.9,75.1,85.76666666666667,1.01,0,0.25104166666666666,4.53,0,2.5160416666666667,21.2,14.1,17.545833333333334,1706.2,1.2,448.43958333333336,11.5
2021-01-24,2021,1,24,0,24.243,15.27,18.694395833333335,95.3,66.1,84.34375,1.01,0,0.29229166666666667,5.54,0,2.370625,19.9,10.7,15.927083333333334,1721.2,1.2,447.91875,12
2021-01-25,2021,1,25,0,25.234,14.314,18.652333333333335,89.9,63.6,79.98125,1.01,0,0.450625,5.03,0.5,2.9883333333333333,18.6,11.2,15.05625,1751.2,1.2,467.7625,12
2021-01-26,2021,1,26,0,24.992,14.05,18.6200625,92.7,57.9,79.98333333333333,1.01,0,0.460625,5.03,0.5,2.977291666666667,19.2,11.8,15.00625,1768.7,1.2,464.84583333333336,12
2021-01-27,2021,1,27,0,25.574,14.194,18.279354166666668,85.5,33.7,66.175,1.01,0,0.3464583333333333,6.04,0.5,3.0616666666666665,15.4,8.2,11.364583333333334,1776.2,1.2,479.4291666666667,12
2021-01-28,2021,1,28,0,24.653,13.81,18.3168125,88.3,54.8,73.9875,1.51,0,0.4295833333333333,7.55,0.5,3.501666666666667,16.7,9.5,13.497916666666667,1793.7,1.2,477.0854166666667,12
2021-01-29,2021,1,29,0,23.785,15.008,18.8448125,92.7,71.8,83.51666666666667,1.01,0,0.324375,5.54,1.01,2.8627083333333334,18.6,12.8,15.9625,1621.2,1.2,352.0854166666667,11.5
2021-01-30,2021,1,30,0,24.315,16.32,19.663125,94.6,77.7,87.41041666666666,0.5,0,0.14583333333333334,5.54,1.01,2.4852083333333335,20.4,15.2,17.483333333333334,1691.2,1.2,357.45,11.5
2021-01-31,2021,1,31,0,25.914,16.82,20.3381875,92.8,55.4,78.11458333333333,1.01,0,0.25104166666666666,5.54,0.5,2.726875,17.2,14.2,16.172916666666666,1778.7,1.2,480.3666666666667,12
2021-02-01,2021,2,1,0,26.451,16.677,20.089208333333332,85,63,74.70833333333333,1.01,0,0.4397916666666667,6.04,1.01,3.5029166666666667,19.3,12.2,15.408333333333333,1823.7,1.2,489.22083333333336,12
2021-02-02,2021,2,2,0,25.404,15.843,19.71141666666667,89.7,52.8,73.125,1.51,0,0.6285416666666667,7.05,2.01,4.320416666666667,17.4,11.6,14.59375,1871.2,1.2,474.7416666666667,12
2021-02-03,2021,2,3,0,24.629,17.106,19.797125,88.3,61.6,75.51666666666667,1.01,0,0.5335416666666667,7.55,1.51,3.9429166666666666,19.8,10.3,15.2875,1738.7,1.2,429.4291666666667,12
2021-02-04,2021,2,4,0,25.428,16.749,19.737895833333333,89.2,59,75.08125,1.51,0,0.46020833333333333,7.05,1.01,3.3554166666666667,17.6,13.4,15.08125,1841.2,1.2,477.65833333333336,12
2021-02-05,2021,2,5,0,27.776,15.557,20.660395833333332,87.8,57.8,74.46666666666667,0.5,0,0.25,5.03,0,2.390833333333333,19.6,13.4,15.833333333333334,1831.2,1.2,483.90833333333336,12
2021-02-06,2021,2,6,0,26.182,15.27,19.788270833333332,94.7,62.1,76.16041666666666,1.51,0,0.3877083333333333,6.54,0.5,2.967916666666667,19.2,11.7,15.3125,1806.2,1.2,477.3979166666667,12
2021-02-07,2021,2,7,0,26.329,16.272,19.891083333333334,77.8,44,57.40625,1.51,0,0.5341666666666667,6.54,0.5,4.0687500000000005,13.7,8.1,10.985416666666667,1836.2,1.2,498.1791666666667,12
2021-02-08,2021,2,8,0,26.231,15.843,19.533854166666668,67.6,46.8,56.072916666666664,1.51,0,0.6385416666666667,7.05,2.01,4.509166666666667,14.3,6.9,10.447916666666666,1896.2,1.2,512.7104166666667,12
2021-02-09,2021,2,9,0,25.186,14.553,19.086833333333335,82.1,51.3,67.89166666666667,1.51,0,0.65,8.56,1.51,4.487916666666667,16.6,8.4,12.86875,1906.2,1.2,512.7625,12
2021-02-10,2021,2,10,0,26.207,14.074,19.128895833333335,80.5,51.9,67.00416666666666,1.01,0,0.23979166666666668,6.04,0.5,3.00875,16.8,10,12.69375,1856.2,1.2,510.78333333333336,12
2021-02-11,2021,2,11,0,25.987,14.17,19.262833333333333,75.4,33.5,53.83958333333334,1.01,0,0.27166666666666667,7.05,0,3.219375,12.9,5.9,9.347916666666666,1908.7,1.2,524.2729166666667,12
2021-02-12,2021,2,12,0,27.431,13.81,19.602520833333333,78.2,28.4,57.72291666666666,1.01,0,0.21895833333333334,5.54,0.5,2.8110416666666667,14.4,6.6,10.627083333333333,1918.7,1.2,529.16875,12
2021-02-13,2021,2,13,0,28.99,13.762,20.105520833333333,82.1,42.6,63.00833333333333,0,0,0,4.03,0,1.6775,15.6,8.8,12.427083333333334,1883.7,1.2,527.29375,12
2021-02-14,2021,2,14,0,29.515,13.064,20.4915,93.7,41.1,71.90625,0.5,0,0.020833333333333332,4.53,0,1.3533333333333333,18.5,11.6,14.589583333333334,1883.7,1.2,525.1583333333333,12
2021-02-15,2021,2,15,0,29.79,14.984,20.976854166666666,94.5,42.6,75.38541666666667,0,0,0,3.52,0,1.310625,18.6,13.8,15.822916666666666,1823.7,1.2,493.59583333333336,12
2021-02-16,2021,2,16,0,29.09,15.748,20.542604166666667,95.1,60.1,84.97083333333333,0,0,0,3.02,0,0.9225,22,15,17.754166666666666,1626.2,1.2,372.03333333333336,12
2021-02-17,2021,2,17,0,27.259,15.175,20.703208333333333,93.9,65.1,83.99166666666666,0.5,0,0.020833333333333332,3.52,0,1.3004166666666666,21.8,14.1,17.775,1571.2,1.2,364.79375,12.5
2021-02-18,2021,2,18,0,25.21,16.701,19.700541666666666,94.5,75.8,87.87916666666666,0.5,0,0.08333333333333333,4.53,0,1.9820833333333332,20.9,15.8,17.608333333333334,1673.7,1.2,281.5125,12.5
2021-02-19,2021,2,19,0,26.426,15.819,20.169375,94.2,70.3,85.50833333333333,0,0,0,3.52,0,1.394375,20.6,14.9,17.5875,1473.7,1.2,299.68958333333336,12
2021-02-20,2021,2,20,9.600000000000001,26.182,16.129,19.43241666666667,94.8,73.1,88.63333333333334,0.5,0,0.14583333333333334,5.03,0,2.3277083333333333,21,15.2,17.45,1901.2,1.2,373.23125,12.5
2021-02-21,2021,2,21,3.1999999999999997,26.426,16.344,19.451520833333333,94.5,75.9,89.50833333333333,1.01,0,0.198125,5.54,0.5,2.8733333333333335,22.2,15.5,17.647916666666667,1968.7,1.2,465.10625,12
2021-02-22,2021,2,22,0.2,25.186,16.511,19.305958333333333,94.8,76.2,89.44375,0.5,0,0.17708333333333334,5.03,0,2.715625,21.2,15.5,17.508333333333333,1983.7,1.2,403.8041666666667,12.5
2021-02-23,2021,2,23,0.2,27.014,15.843,20.6746875,94.9,60.2,79.58958333333334,1.01,0,0.18791666666666668,5.03,0,2.106875,20.5,15,16.820833333333333,1893.7,1.2,512.0854166666667,12.5
2021-02-24,2021,2,24,0,28.32,15.533,20.283229166666665,94.8,63,79.84791666666666,0.5,0,0.08333333333333333,4.53,0,1.6358333333333333,20.6,13.8,16.547916666666666,1883.7,1.2,409.68958333333336,12.5
2021-02-25,2021,2,25,0,29.515,16.153,21.727729166666666,94.4,49.5,77.01875,0.5,0,0.11458333333333333,4.03,0,1.5933333333333333,20,14.4,17.108333333333334,1868.7,1.2,515.0020833333333,12.5
2021-02-26,2021,2,26,0,29.89,16.558,22.1470625,94.7,51.7,78.85208333333334,0.5,0,0.10416666666666667,4.03,0,1.289375,22.9,15,17.84583333333333,1863.7,1.2,518.4916666666667,12.5
2021-02-27,2021,2,27,0,30.672,16.534,22.381104166666667,93.8,32.9,70.09791666666666,0.5,0,0.125,4.53,0,1.4466666666666668,20.7,10.2,15.664583333333333,1851.2,1.2,521.2,12.5
2021-02-28,2021,2,28,0,30.52,17.605,23.045020833333332,89.8,26.3,47.545833333333334,1.01,0,0.2825,5.54,0,2.915625,17.8,5.3,10.245833333333334,1898.7,1.2,534.7416666666667,12.5
2021-03-01,2021,3,1,0,29.065,14.122,21.058416666666666,94,32.1,63.43541666666667,1.01,0,0.11479166666666667,4.53,0,1.615,18.2,4.7,12.679166666666667,1888.7,1.2,536.5125,12.5
2021-03-02,2021,3,2,0,28.766,15.055,21.760541666666665,94.3,29.7,60.65833333333333,1.01,0,0.25145833333333334,6.04,0,2.8308333333333335,18.5,5.4,12.314583333333333,1886.2,1.2,536.98125,12.5
2021-03-03,2021,3,3,0,28.419,14.266,22.0465,94.1,29.3,46.84166666666667,1.51,0,0.47250000000000003,8.05,0,4.142083333333334,14,5,9.0875,1908.7,1.2,546.6166666666667,12.5
2021-03-04,2021,3,4,0,26.793,16.392,21.078937500000002,80.7,38.8,55.49375,1.01,0,0.281875,7.05,0,3.533333333333333,16.3,4.2,11.622916666666667,1996.2,1.2,574.8979166666667,12.5
2021-03-05,2021,3,5,0,29.115,16.01,21.59883333333333,89.8,47.3,66.16041666666666,0.5,0,0.11458333333333333,4.03,0,2.044375,18.3,10.8,14.675,1961.2,1.2,541.4083333333333,12.5
2021-03-06,2021,3,6,0,30.192,16.106,22.377625000000002,93.5,40.3,72.96666666666667,1.01,0,0.14666666666666667,4.53,0,1.7510416666666666,19.6,14.2,16.533333333333335,1941.2,1.2,559.6375,12.5
2021-03-07,2021,3,7,0,30.444,16.415,22.411416666666668,94.1,31.7,67.40208333333334,1.01,0,0.27270833333333333,5.54,0,2.1706250000000002,20.3,11.1,15.189583333333333,1923.7,1.2,562.1375,12.5
2021-03-08,2021,3,8,0,29.69,15.199,22.195833333333333,92.5,52.7,72.5125,1.01,0,0.17791666666666667,6.04,0,2.149583333333333,19.9,13.4,16.727083333333333,1981.2,1.2,569.325,12.5
2021-03-09,2021,3,9,0,29.09,18.081,22.188708333333334,93.1,56.5,75.62083333333334,1.01,0,0.2825,5.03,0,2.7572916666666667,21.5,15.2,17.5,2143.7,1.2,525.2625,12.5
2021-03-10,2021,3,10,0,29.24,17.058,22.207083333333333,92.8,57.9,76.46458333333334,1.01,0,0.293125,5.03,0,2.6214583333333334,21.1,14.8,17.685416666666665,2048.7,1.2,566.66875,12.5
2021-03-11,2021,3,11,2.6,27.801,17.391,20.92695833333333,94,67.8,86.33541666666666,0,0,0,3.52,0,1.100625,22.6,16.3,18.472916666666666,1783.7,1.2,344.79375,12.5
2021-03-12,2021,3,12,0,28.791,16.915,21.594104166666668,94.3,47.7,74.69583333333333,1.51,0,0.24083333333333334,4.53,0,2.065625,21.2,12.4,16.491666666666667,1986.2,1.2,572.7625,12.5
2021-03-13,2021,3,13,0,29.115,14.601,21.6610625,84.7,46.9,69.18541666666667,0.5,0,0.11458333333333333,4.03,0,1.9710416666666666,19.6,11.3,15.579166666666667,2016.2,1.2,493.0229166666667,12.5
2021-03-14,2021,3,14,0,29.315,16.654,21.974270833333332,92.3,39.2,68.27291666666666,1.51,0,0.36770833333333336,5.54,0,2.747291666666667,19.9,12.5,15.264583333333333,2011.2,1.2,586.66875,12.5
2021-03-15,2021,3,15,0,29.265,17.034,22.054458333333333,93.6,43.7,71.86041666666667,0.5,0,0.125,4.53,0,1.8558333333333332,20.2,13.4,16.2625,1921.2,1.2,508.3354166666667,12.5
2021-03-16,2021,3,16,0,29.991,15.963,21.961833333333335,92.7,35.2,63.14791666666667,1.01,0,0.22,5.03,0,1.8245833333333334,17,11.6,13.85625,1923.7,1.2,546.35625,12.5
2021-03-17,2021,3,17,0,29.79,16.082,22.18466666666667,93.4,36.4,64,1.01,0,0.18791666666666668,5.54,0,2.1079166666666667,19.8,8.4,14.385416666666666,1873.7,1.2,541.2,12.5
2021-03-18,2021,3,18,0,29.765,16.153,22.2875625,87.8,27.3,56.764583333333334,1.01,0,0.230625,8.05,0,2.285625,16.8,8.1,12.366666666666667,1956.2,1.2,558.1791666666667,12.5
2021-03-19,2021,3,19,0,28.221,16.106,21.423979166666665,94.5,59.3,77.18333333333334,0.5,0,0.13541666666666666,4.53,0,1.5622916666666666,20.8,13.8,16.9875,1886.2,1.2,500.93958333333336,12.5
2021-03-20,2021,3,20,0,29.464,16.249,21.263083333333334,94.2,58.2,81.45625,0,0,0,3.02,0,0.7860416666666666,21.5,15.3,17.79375,1836.2,1.2,287.03333333333336,12.5
2021-03-21,2021,3,21,0,31.001,16.82,21.1149375,94,63.1,84.39375,0,0,0,3.52,0,0.8797916666666666,23.2,15.8,18.235416666666666,1591.2,1.2,272.8666666666667,12.5
2021-03-22,2021,3,22,0,31.535,16.725,22.0861875,94.4,56,76.37291666666667,0.5,0,0.0625,3.52,0,1.4570833333333333,22,14,17.43541666666667,1921.2,1.2,430.41875,12.5
2021-03-23,2021,3,23,0,30.318,16.844,22.7051875,93.3,58.4,76.46875,1.01,0,0.11479166666666667,5.03,0,1.9402083333333333,22.1,15.2,18.15625,1996.2,1.2,482.60625,12.5
2021-03-24,2021,3,24,0,30.571,17.962,22.931833333333334,93.9,48.1,72.575,1.01,0,0.23,5.54,0,2.1393750000000002,21.3,14.1,17.316666666666666,1906.2,1.2,545.2625,12.5
2021-03-25,2021,3,25,0,30.849,18.033,23.8754375,92.3,44.7,65.91875,1.01,0,0.19875,6.54,0.5,2.653125,20.6,12.2,16.633333333333333,1836.2,1.2,493.3354166666667,12
2021-03-26,2021,3,26,0,31.791,18.723,23.930354166666667,83.8,45.5,64.9125,0.5,0,0.19791666666666666,5.03,0,2.3589583333333333,18.9,14.4,16.495833333333334,2011.2,1.2,556.7729166666667,12.5
2021-03-27,2021,3,27,0,31.663,18.224,23.5990625,93.4,49.4,76.91666666666667,1.01,0,0.14604166666666668,4.53,0,1.9714583333333333,22.8,16,18.902083333333334,1921.2,1.2,549.7416666666667,12.5
2021-03-28,2021,3,28,0,30.394,18.58,23.4070625,94.1,59,82.52291666666667,0.5,0,0.11458333333333333,4.03,0,1.4364583333333334,23.4,17.5,20.02916666666667,1723.7,1.2,451.56458333333336,12
2021-03-29,2021,3,29,0,32.175,18.557,23.840104166666666,93.3,46.7,80.02291666666667,0.5,0,0.041666666666666664,4.03,0,1.395,23.6,15.3,19.775,1816.2,1.2,495.6791666666667,12.5
2021-03-30,2021,3,30,0,33.235,17.558,24.243520833333335,94.1,27.2,69.19375,0.5,0,0.041666666666666664,4.03,0,1.3220833333333333,22.5,11.6,17.291666666666668,1828.7,1.2,517.8145833333333,12.5
2021-03-31,2021,3,31,0,33.521,17.534,24.1471875,93.8,48.6,80.41666666666667,1.01,0,0.09395833333333334,4.53,0,1.499375,25.1,14.9,20.25,1813.7,1.2,482.65833333333336,12.5
2021-04-01,2021,4,1,0,32.15,18.2,22.9454375,93.6,62.8,85.80833333333334,1.01,0,0.09416666666666666,4.53,0,1.331875,26.2,17.1,20.31458333333333,1613.7,1.2,322.1375,12
2021-04-02,2021,4,2,0,33.914,16.963,24.054083333333335,93.4,31.2,69.19166666666666,1.01,0,0.08375,4.03,0,1.4572916666666667,23.7,9.8,17.145833333333332,1816.2,1.2,497.60625,12.5
2021-04-03,2021,4,3,0,32.536,17.962,23.033958333333334,93.1,57.6,82.5,1.01,0,0.16729166666666667,4.03,0,1.6983333333333333,23.6,16.7,19.635416666666668,1856.2,1.2,424.5854166666667,12.5
2021-04-04,2021,4,4,0,34.73,16.534,23.8235625,92.7,27.1,63.60416666666667,1.01,0,0.09416666666666666,4.03,0,1.3522916666666667,23.4,6.5,15.195833333333333,1871.2,1.2,456.1479166666667,12.5
2021-04-05,2021,4,5,0,33.027,19.127,25.000666666666667,92.7,46.4,71.21875,0.5,0,0.041666666666666664,3.52,0,1.21625,21.8,15.2,18.8625,1811.2,1.2,517.8666666666667,12.5
2021-04-06,2021,4,6,0,33.887,19.246,24.36775,92.2,32.9,75.13958333333333,0.5,0,0.125,4.53,0,1.5727083333333334,23.2,14.7,18.997916666666665,1826.2,1.2,514.79375,12.5
2021-04-07,2021,4,7,0,32.227,17.272,23.27733333333333,93.5,37.2,73.38125,0.5,0,0.07291666666666667,5.03,0,1.4575,21.1,13.4,17.483333333333334,1793.7,1.2,504.325,12.5
2021-04-08,2021,4,8,0,30.091,17.605,22.843395833333332,93.9,56.4,83.61666666666667,0.5,0,0.010416666666666666,3.52,0,1.0166666666666666,24.3,16.6,19.691666666666666,1761.2,1.2,393.59583333333336,12.5
2021-04-09,2021,4,9,0,31.331,18.58,23.191520833333332,93,45.8,78.9625,0.5,0,0.07291666666666667,4.03,0,1.069375,22.7,15,18.891666666666666,1828.7,1.2,473.28333333333336,12.5
2021-04-10,2021,4,10,0,31.791,17.463,23.104666666666667,92.9,42.5,76.72083333333333,0.5,0,0.09375,4.03,0,1.258125,22.7,12.5,18.197916666666668,1721.2,1.2,494.5854166666667,12.5
2021-04-11,2021,4,11,0.2,28.593,18.39,22.3856875,92.8,66.2,83.83958333333334,0,0,0,3.52,0,0.975,22.6,17.2,19.3875,1511.2,1.2,310.9916666666667,12.5
2021-04-12,2021,4,12,23.8,26.207,19.056,20.868583333333333,92.3,82.5,89.06458333333333,0,0,0,5.03,0,0.8597916666666666,24.2,17.2,19.008333333333333,1208.7,1.2,215.93958333333333,11.5
2021-04-13,2021,4,13,9.799999999999999,28.99,17.582,20.7504375,92.1,74.2,86.72708333333334,0.5,0,0.020833333333333332,4.03,0,0.933125,25.2,15.5,18.447916666666668,1971.2,1.2,291.66875,12
2021-04-14,2021,4,14,6.6,26.671,18.033,20.499770833333333,91.5,79,87.725,0,0,0,2.52,0,0.78625,24.1,16,18.395833333333332,1318.7,1.2,209.37708333333333,12.5
2021-04-15,2021,4,15,9.799999999999999,27.481,17.249,20.842979166666666,91.2,77.3,86.21458333333334,0,0,0,2.52,0,0.7122916666666665,23.9,14.9,18.45625,1696.2,1.2,283.23125,12.5
2021-04-16,2021,4,16,0.2,29.941,17.391,21.837375,91,61.1,82.63333333333333,0.5,0,0.03125,5.03,0,0.9445833333333333,23.6,14.8,18.647916666666667,2076.2,1.2,452.0333333333333,12
2021-04-17,2021,4,17,0,29.49,17.748,21.431,91.1,74.4,85.94375,0,0,0,2.52,0,0.4822916666666667,25.4,15.3,18.964583333333334,1036.2,1.2,202.03333333333333,12.5
2021-04-18,2021,4,18,1,28.171,18.794,22.050270833333332,91,76.5,85.22083333333333,0.5,0,0.010416666666666666,3.02,0,0.755,24.3,16.1,19.45625,1126.2,1.2,269.325,12.5
2021-04-19,2021,4,19,0,28.419,17.629,22.293375,90.8,72.1,84.69166666666666,0.5,0,0.03125,3.52,0,1.1947916666666667,23.4,15.5,19.55625,1583.7,1.2,323.6479166666667,13
2021-04-20,2021,4,20,0,26.573,18.58,21.439583333333335,91.1,77.9,86.525,0,0,0,2.01,0,0.43,22.6,16.3,19.09583333333333,981.2,1.2,215.88750000000002,12.5
2021-04-21,2021,4,21,0,30.318,17.51,22.901020833333334,90.6,65.3,83.29583333333333,0.5,0,0.020833333333333332,3.52,0,0.964375,23.6,15.6,19.81875,1953.7,1.2,436.56458333333336,12.5
2021-04-22,2021,4,22,6.6,27.85,18.224,21.716625,91.3,76.1,85.31458333333333,0,0,0,2.52,0,0.5872916666666667,24.6,15.8,19.150000000000002,1051.2,1.2,219.53333333333333,12.5
2021-04-23,2021,4,23,6.6,28.023,19.246,22.0058125,90.7,78.4,83.92083333333333,0,0,0,3.52,0,0.4922916666666666,24.5,15.7,19.175,1118.7,1.2,241.82500000000002,13
2021-04-24,2021,4,24,0.2,30.066,18.485,22.107041666666667,90.5,66.4,83.31041666666667,0,0,0,2.52,0,0.6081249999999999,24.3,15.3,19.108333333333334,1923.7,1.2,316.56458333333336,12
2021-04-25,2021,4,25,0.2,29.24,19.103,22.961166666666667,90.7,71.4,83.49583333333334,0,0,0,2.52,0,0.744375,26.2,15.7,20.014583333333334,1488.7,1.2,332.7625,13
2021-04-26,2021,4,26,0,27.998,19.222,22.619062500000002,91.1,71.7,83.7375,0,0,0,2.01,0,0.4610416666666666,24.2,15.6,19.729166666666668,1058.7,1.2,223.59583333333333,13
2021-04-27,2021,4,27,0,28.543,18.129,21.996000000000002,90.9,73.1,83.77083333333333,0,0,0,3.02,0,0.5764583333333333,24.4,15.3,19.1125,1466.2,1.2,267.2416666666667,12
2021-04-28,2021,4,28,0,31.281,18.295,23.526625,90.4,56.1,80.68958333333333,0.5,0,0.020833333333333332,3.52,0,1.0589583333333332,24.7,15.6,19.864583333333332,1916.2,1.2,486.1479166666667,13
2021-04-29,2021,4,29,0,27.801,18.652,22.650333333333332,90.8,78.7,84.72916666666667,0.5,0,0.010416666666666666,2.52,0,0.7862499999999999,24.4,15.9,19.958333333333332,1261.2,1.2,287.03333333333336,13
2021-04-30,2021,4,30,0,29.715,18.771,23.155645833333335,91.5,71.6,83.33541666666666,0.5,0,0.052083333333333336,4.53,0,1.0908333333333333,24.8,16.5,20.125,1723.7,1.2,417.3979166666667,13
2021-05-01,2021,5,1,0.2,29.389,18.438,23.215645833333333,91.3,67.6,83.19375,0.5,0,0.10416666666666667,4.53,0,1.2475,24.2,16.1,20.13125,1808.7,1.2,468.28333333333336,13
2021-05-02,2021,5,2,9.8,29.54,19.127,23.433395833333336,90.6,66.2,81.87916666666666,0.5,0,0.010416666666666666,3.02,0,0.9958333333333332,25.1,16.1,20.102083333333333,1941.2,1.2,480.5229166666667,13
2021-05-03,2021,5,3,0,30.091,19.056,23.026083333333332,90.6,65.2,82.91875,0.5,0,0.010416666666666666,5.54,0,1.341875,24,16.4,19.895833333333332,1733.7,1.2,417.7104166666667,12.5
2021-05-04,2021,5,4,0,28.27,19.555,22.38025,91.1,78.3,87.58333333333333,0,0,0,4.03,0,0.9120833333333334,25.5,17.6,20.222916666666666,1778.7,1.2,272.7625,13
2021-05-05,2021,5,5,0,30.369,18.675,23.270145833333334,90.8,68.1,83.16041666666666,0.5,0,0.010416666666666666,3.52,0,0.859375,25.5,16.8,20.18125,2018.7,1.2,431.87708333333336,13
2021-05-06,2021,5,6,1.8,30.293,18.747,23.27370833333333,90.4,63,81.41666666666667,0.5,0,0.08333333333333333,4.53,0,1.1639583333333334,24.5,16.1,19.820833333333333,1896.2,1.2,469.7416666666667,13
2021-05-07,2021,5,7,21.2,29.815,18.105,22.848395833333335,91,63.7,82.2625,0.5,0,0.010416666666666666,4.53,0,1.3527083333333334,24.9,16.4,19.61875,1881.2,1.2,469.4291666666667,13
2021-05-08,2021,5,8,0,28.27,19.103,23.005166666666668,90.9,72.5,84.40416666666667,0.5,0,0.08333333333333333,5.03,0,1.9183333333333332,24.4,16.9,20.214583333333334,2051.2,1.2,527.0854166666667,13
2021-05-09,2021,5,9,0.2,30.016,19.175,23.796395833333335,89.9,65.2,80.22291666666666,0.5,0,0.08333333333333333,4.03,0,1.5629166666666667,24.2,16.2,20.110416666666666,2003.7,1.2,575.0020833333333,13
2021-05-10,2021,5,10,15.2,27.628,19.674,22.179583333333333,91.1,81.5,86.57291666666667,0,0,0,3.02,0,0.545625,25.5,17,19.85,896.2,1.2,220.99166666666667,12.5
2021-05-11,2021,5,11,12.8,27.801,19.413,21.9231875,90.5,78.5,84.39166666666667,0,0,0,2.52,0,0.4091666666666667,25.3,15.8,19.18125,1236.2,1.2,220.36666666666667,13
2021-05-12,2021,5,12,0,29.464,19.032,22.298791666666666,90.2,76.3,84.18541666666667,0,0,0,2.52,0,0.78625,25.1,15.5,19.504166666666666,1871.2,1.2,290.2104166666667,13
2021-05-13,2021,5,13,9.200000000000001,27.702,18.58,21.357333333333333,90.8,81.5,85.80416666666667,0.5,0,0.07291666666666667,5.03,0,1.3427083333333334,24.5,15.7,18.904166666666665,1246.2,1.2,231.35625000000002,13
2021-05-14,2021,5,14,24,23.881,17.653,19.477104166666667,90.8,81.2,85.32291666666667,3.02,0,1.4364583333333332,13.09,2.52,5.568333333333333,21.8,14.4,16.966666666666665,1316.2,1.2,225.00208333333333,12.5
2021-05-15,2021,5,15,73.2,19.77,17.796,18.850416666666668,82.4,79.5,80.46666666666667,2.01,0,0.7545833333333333,9.06,1.51,4.6554166666666665,16.2,14.6,15.435416666666667,228.7,1.2,47.918749999999996,12
2021-05-16,2021,5,16,80.2,20.579,18.152,19.159583333333334,84.1,80.7,82.12291666666667,1.01,0,0.15666666666666668,5.54,0,2.4227083333333335,17.4,14.9,16.058333333333334,468.7,1.2,98.23125,12
2021-05-17,2021,5,17,0.2,27.505,17.677,20.87325,93.2,80.8,88.24166666666667,0.5,0,0.0625,3.52,0,1.4989583333333332,24.2,15.2,18.864583333333332,1616.2,1.2,269.84583333333336,13
2021-05-18,2021,5,18,0,30.192,16.915,21.633645833333333,92.8,75.1,87.65416666666667,0.5,0,0.15625,4.53,0,1.55125,25.4,15.5,19.45208333333333,1788.7,1.2,444.6375,13
2021-05-19,2021,5,19,6.2,28.766,17.32,21.494104166666666,93.1,76.6,88.05208333333333,1.01,0,0.188125,5.03,0,1.9183333333333334,26.1,16,19.412499999999998,1563.7,1.2,416.66875,13
2021-05-20,2021,5,20,2.9999999999999996,26.598,18.723,21.158958333333334,93.2,82.8,89.92291666666667,1.01,0,0.15645833333333334,5.03,0,2.1489583333333333,24.2,16.9,19.454166666666666,1366.2,1.2,268.3354166666667,13
2021-05-21,2021,5,21,0.4,24.219,18.628,20.345854166666665,93.9,86.4,91.50208333333333,1.01,0,0.19854166666666667,5.03,0,2.16,21.9,17,18.941666666666666,938.7,1.2,202.86666666666667,12.5
2021-05-22,2021,5,22,9.2,28.866,18.794,21.401187500000002,93.4,77.7,89.22083333333333,1.01,0,0.25104166666666666,5.03,0.5,2.4118749999999998,24.9,17.2,19.54375,1353.7,1.2,301.825,13
2021-05-23,2021,5,23,4.800000000000001,27.21,18.39,21.695166666666665,93.9,79,88.42916666666666,0.5,0,0.03125,4.03,0,1.37375,23.5,16.6,19.691666666666666,1313.7,1.2,322.5541666666667,12.5
2021-05-24,2021,5,24,0,27.751,17.724,21.470895833333334,93.8,75.3,88.4625,0.5,0,0.041666666666666664,3.52,0,1.2372916666666667,23.9,16.4,19.460416666666667,1678.7,1.2,348.12708333333336,13
2021-05-25,2021,5,25,13.2,28.543,17.867,21.7571875,94,77.4,88.70208333333333,1.01,0,0.166875,4.53,0,2.044583333333333,24.5,16.6,19.775,1533.7,1.2,365.3666666666667,13
2021-05-26,2021,5,26,27.8,21.008,18.699,19.387041666666665,90.7,88.3,89.59166666666667,0,0,0,3.52,0,1.5410416666666666,19.1,16.9,17.647916666666667,511.2,1.2,88.85625,12
2021-05-27,2021,5,27,0.8,25.04,17.011,20.51204166666667,94.7,82.4,90.27708333333334,0.5,0,0.020833333333333332,4.03,0,1.8347916666666666,23.1,16.2,18.86875,1088.7,1.2,286.825,13
2021-05-28,2021,5,28,0,27.481,15.485,20.8509375,94.8,76.2,87.68541666666667,0.5,0,0.010416666666666666,4.03,0,1.16375,23.8,13.8,18.6875,1478.7,1.2,370.93958333333336,13
2021-05-29,2021,5,29,4.4,24.291,18.247,20.304979166666666,94.7,88.9,93.55,0.5,0,0.020833333333333332,3.02,0,1.143125,23.1,17.4,19.252083333333335,843.7,1.2,184.27291666666667,13
2021-05-30,2021,5,30,1.2,27.653,17.153,20.792354166666666,94.9,79.4,91.75,0.5,0,0.03125,4.53,0,1.1420833333333333,23.8,16.3,19.39375,1418.7,1.2,294.84583333333336,12.5
2021-05-31,2021,5,31,3.8,28.345,16.701,21.5449375,94.9,76.6,89.3125,0.5,0,0.03125,3.52,0,1.415625,24.1,15.8,19.66875,1763.7,1.2,407.1375,13
2021-06-01,2021,6,1,5.8,26.28,18.2,21.247958333333333,94.7,80.5,90.53125,0.5,0,0.010416666666666666,3.52,0,1.4672916666666667,24.1,16.8,19.639583333333334,1371.2,1.2,302.18958333333336,12.5
2021-06-02,2021,6,2,53.41,27.974,18.319,21.434125,94.7,81.6,90.86875,0,0,0,4.53,0,0.8279166666666666,25.4,17.3,19.885416666666668,1516.2,1.2,251.56458333333333,13
2021-06-03,2021,6,3,19.400000000000002,27.751,17.701,21.367520833333334,94.7,82,89.98958333333333,0.5,0,0.010416666666666666,3.02,0,0.7547916666666666,24.5,16.2,19.652083333333334,1176.2,1.2,274.22083333333336,12.5
2021-06-04,2021,6,4,20,27.875,18.557,21.441458333333333,95,82.8,90.70625,0,0,0,2.52,0,0.9122916666666666,24.8,17.2,19.860416666666666,1436.2,1.2,305.41875,12.5
2021-06-05,2021,6,5,9.8,27.407,17.582,20.175395833333333,95.1,79.5,91.925,0.5,0,0.020833333333333332,5.03,0,1.1529166666666666,24.4,16.6,18.822916666666668,1361.2,1.2,243.49166666666667,13
2021-06-06,2021,6,6,1.4,27.628,17.486,21.398041666666668,95.4,73.5,88.82708333333333,0.5,0,0.041666666666666664,4.53,0,1.6364583333333333,23.6,16.6,19.420833333333334,1613.7,1.2,391.09583333333336,13
2021-06-07,2021,6,7,0.2,29.19,16.987,22.093395833333332,94.8,75.3,88.3,0,0,0,2.52,0,0.7972916666666666,24.9,15.8,20.00625,1993.7,1.2,453.7,13
2021-06-08,2021,6,8,0,28.667,17.201,21.2315,95.3,74.2,89.99791666666667,0.5,0,0.010416666666666666,3.02,0,0.9229166666666666,25.3,16.2,19.491666666666667,1668.7,1.2,352.0854166666667,13
2021-06-09,2021,6,9,0.8,25.623,17.391,20.541291666666666,95.5,80.9,91.90625,0,0,0,4.03,0,1.4149999999999998,23.5,16.7,19.179166666666667,1081.2,1.2,284.7416666666667,13
2021-06-10,2021,6,10,0.2,27.801,16.773,20.267,95.6,75.1,91.46458333333334,0.5,0,0.020833333333333332,4.53,0,1.488125,23.9,16.1,18.797916666666666,1558.7,1.2,290.5229166666667,13
2021-06-11,2021,6,11,1.4000000000000001,27.875,15.7,20.248125,95.6,73.8,89.98541666666667,0.5,0,0.11458333333333333,5.03,0,1.6039583333333334,22.8,15,18.491666666666667,1793.7,1.2,394.0125,13
2021-06-12,2021,6,12,19.400000000000002,21.7,17.986,19.241625,94.4,91.5,92.99166666666666,0,0,0,4.03,0.5,1.8768749999999998,20.4,16.9,18.102083333333333,648.7,1.2,108.49166666666666,13
2021-06-13,2021,6,13,20.400000000000002,21.27,18.675,19.29489583333333,94.8,91.3,92.42083333333333,0.5,0,0.0625,4.53,1.01,2.642708333333333,20.2,17.4,18.0625,453.7,1.2,96.77291666666666,12.5
2021-06-14,2021,6,14,47.4,19.651,16.344,18.5654375,93.5,91.9,92.74375,1.01,0,0.135625,5.54,1.51,3.2506250000000003,18.4,15.2,17.391666666666666,541.2,1.2,93.80416666666666,12
2021-06-15,2021,6,15,30.2,20.579,18.461,19.177458333333334,96.8,93.4,95.20833333333333,0.5,0,0.14583333333333334,6.04,1.01,3.3558333333333334,19.8,17.5,18.4125,428.7,1.2,89.74166666666666,12.5
2021-06-16,2021,6,16,61.6,20.793,18.2,19.174020833333334,98.7,96.6,97.48333333333333,0.5,0,0.0625,6.04,1.01,3.198125,20.5,17.7,18.795833333333334,486.2,1.2,104.325,12.5
2021-06-17,2021,6,17,37.2,20.484,17.867,18.958958333333335,99.7,98.3,98.9875,0.5,0,0.10416666666666667,6.04,1.51,3.197916666666667,20.3,17.7,18.820833333333333,576.2,1.2,122.08541666666666,12.5
2021-06-18,2021,6,18,8.6,23.833,17.701,19.51875,100,90,98.28125,1.01,0,0.22979166666666667,6.04,1.01,3.376666666666667,22.9,17.6,19.2625,1296.2,1.2,260.47083333333336,12.5
2021-06-19,2021,6,19,0.6000000000000001,24.847,17.391,19.811041666666668,100,89.4,96.48958333333333,0.5,0,0.09375,4.53,0.5,2.506875,23.1,16.9,19.25,1061.2,1.2,253.07500000000002,13
2021-06-20,2021,6,20,5.2,25.477,17.201,20.178916666666666,100,87.7,97.39791666666667,0.5,0,0.010416666666666666,3.02,0,1.2789583333333332,24.5,17.2,19.764583333333334,1663.7,1.2,257.81458333333336,12.5
2021-06-21,2021,6,21,1.5999999999999999,27.21,17.701,20.619958333333333,100,82.6,95.36666666666666,0,0,0,3.02,0,0.7966666666666666,24.6,17.7,19.825,1116.2,1.2,287.8666666666667,13
2021-06-22,2021,6,22,0,27.579,17.701,21.401145833333334,99.8,78.2,93.49583333333334,0,0,0,3.02,0,0.9339583333333333,24.1,17.6,20.2625,1416.2,1.2,335.8875,12.5
2021-06-23,2021,6,23,2,28.717,17.629,21.005875,100,73.4,93.76666666666667,0,0,0,3.02,0,0.8808333333333332,24.3,17.6,19.89375,1811.2,1.2,347.8666666666667,13
2021-06-24,2021,6,24,3.8,25.162,16.296,19.828812499999998,99.7,81.6,95.9,0,0,0,3.02,0,1.2166666666666666,22.7,16.1,19.152083333333334,983.7,1.2,221.25208333333333,12.5
2021-06-25,2021,6,25,0,27.554,16.296,20.484395833333334,99.6,76.4,90.96458333333334,0,0,0,3.02,0,0.9122916666666666,23.7,15.7,18.872916666666665,1541.2,1.2,383.0229166666667,13
2021-06-26,2021,6,26,5.800000000000001,25.671,16.058,18.875208333333333,99.8,86.1,96.56666666666666,0.5,0,0.010416666666666666,4.03,0,1.05875,24,15.5,18.322916666666668,1173.7,1.2,198.59583333333333,13
2021-06-27,2021,6,27,0,26.28,17.439,20.379145833333332,99.7,75.3,93.18958333333333,0,0,0,3.02,0,0.9431249999999999,22.8,17.4,19.179166666666667,1453.7,1.2,329.0125,12
2021-06-28,2021,6,28,0,29.115,16.463,20.567833333333333,99.4,72.2,91.4375,0,0,0,2.52,0,0.5866666666666667,23.7,16.3,19.022916666666667,1768.7,1.2,375.41875,13
2021-06-29,2021,6,29,4.6,28.468,16.463,21.086395833333334,99.1,72.4,92.04375,0,0,0,2.01,0,0.6495833333333333,23.7,16.2,19.635416666666668,1551.2,1.2,316.2,13
2021-06-30,2021,6,30,1.2000000000000002,28.171,18.081,21.697,98.9,76.8,93.9125,0,0,0,1.51,0,0.3777083333333333,24.2,17.9,20.622916666666665,1478.7,1.2,263.7,13
2021-07-01,2021,7,1,1.2000000000000002,27.014,17.677,20.896125,98.8,82.5,95.76458333333333,0,0,0,2.52,0,0.7966666666666666,25.7,17.4,20.183333333333334,1338.7,1.2,227.65833333333333,12
2021-07-02,2021,7,2,3.2,25.695,17.605,20.1976875,99.1,82.9,96.02083333333334,0,0,0,3.02,0,1.3525,23.7,17.5,19.547916666666666,1353.7,1.2,221.72083333333333,12.5
2021-07-03,2021,7,3,7,28.097,17.391,21.011958333333332,99.2,81.5,94.90625,0,0,0,2.01,0,0.7233333333333333,25.8,17.3,20.147916666666667,946.2,1.2,266.87708333333336,13
2021-07-04,2021,7,4,26.6,27.85,17.463,20.592625,98.8,81.1,95.3375,0,0,0,3.02,0,0.6814583333333333,24.9,17.2,19.797916666666666,1408.7,1.2,233.28333333333333,12.5
2021-07-05,2021,7,5,0,29.439,17.391,21.812041666666666,99.1,70.5,91.11875,0,0,0,3.02,0,0.9645833333333332,24.9,17.1,20.191666666666666,1961.2,1.2,462.18958333333336,13
2021-07-06,2021,7,6,14.6,30.646,18.295,21.534354166666667,99,71.2,94.15208333333334,0,0,0,2.52,0,0.56625,26,18.1,20.4875,1858.7,1.2,331.40833333333336,12.5
2021-07-07,2021,7,7,8.6,27.259,18.176,21.109895833333333,98.8,82.9,96,0,0,0,2.52,0,0.6389583333333333,25.2,17.8,20.441666666666666,1451.2,1.2,219.58541666666667,13
2021-07-08,2021,7,8,3,29.765,18.842,22.1246875,98.9,69.2,93.60625,0,0,0,2.52,0,0.818125,26.1,18.6,20.975,1718.7,1.2,372.0854166666667,12.5
2021-07-09,2021,7,9,21,23.881,18.509,19.899604166666666,99.1,97,98.63958333333333,0,0,0,3.02,0,0.7966666666666666,23.6,18.3,19.7,986.2,1.2,138.17916666666667,12.5
2021-07-10,2021,7,10,70.4,18.747,15.676,17.823270833333332,98.3,97.4,97.6625,0.5,0,0.020833333333333332,4.03,0,2.296875,18.5,15.3,17.475,266.2,1.2,73.80416666666666,12
2021-07-11,2021,7,11,8.4,20.055,15.963,17.689375000000002,99.4,97.3,98.31875,0,0,0,4.03,0,1.7197916666666666,19.9,15.6,17.433333333333334,743.7,1.2,87.60625,12.5
2021-07-12,2021,7,12,11.200000000000001,20.936,17.891,19.079416666666667,99.5,97.7,98.69166666666666,0,0,0,4.03,0.5,2.075833333333333,20.8,17.8,18.897916666666667,488.7,1.2,97.65833333333333,12
2021-07-13,2021,7,13,41.199999999999996,19.698,17.368,18.58975,98.9,97.9,98.40625,0,0,0,5.03,0,1.6681249999999999,19.4,17.1,18.360416666666666,308.7,1.2,58.33541666666666,12.5
2021-07-14,2021,7,14,78.2,19.936,17.058,18.507979166666665,99.6,98,98.70416666666667,0,0,0,5.03,0,2.0025,19.6,16.8,18.314583333333335,403.7,1.2,69.58541666666666,12
2021-07-15,2021,7,15,55.6,20.293,17.915,18.879541666666665,99.5,98.2,98.9,0,0,0,2.52,0,1.2585416666666667,20.2,17.7,18.729166666666668,326.2,1.2,61.668749999999996,12
2021-07-16,2021,7,16,20.4,21.246,17.915,19.2281875,99.6,97.8,98.7875,0,0,0,2.52,0,0.9225,21.2,17.6,19.05625,476.2,1.2,120.15833333333333,12.5
2021-07-17,2021,7,17,43.6,23.641,17.582,19.561416666666666,99.6,89.8,97.36041666666667,0,0,0,3.52,0,0.943125,22.6,17.4,19.145833333333332,866.2,1.2,166.66875000000002,12.5
2021-07-18,2021,7,18,50.4,19.96,16.582,18.094333333333335,99.2,98.2,98.64791666666667,0,0,0,4.53,0,0.954375,19.7,16.4,17.897916666666667,331.2,1.2,56.46041666666667,12
2021-07-19,2021,7,19,14.6,24.026,17.796,19.453833333333332,99.7,95.4,98.17708333333333,0,0,0,3.52,0,1.72,23.6,17.4,19.1875,971.2,1.2,179.53333333333333,12.5
2021-07-20,2021,7,20,4,25.258,17.938,19.733541666666667,99.7,87,97.16458333333334,0,0,0,4.53,0,1.6772916666666666,23,17.9,19.277083333333334,1408.7,1.2,230.62708333333333,12.5
2021-07-21,2021,7,21,26.4,20.126,17.415,18.448583333333335,99.5,98.7,99.075,0.5,0,0.010416666666666666,5.03,0.5,2.443125,20,17.3,18.327083333333334,323.7,1.2,78.49166666666666,12
2021-07-22,2021,7,22,33.4,19.984,17.629,18.653270833333334,99.1,98.1,98.71041666666666,0.5,0,0.041666666666666664,6.04,2.01,3.501875,19.8,17.5,18.46875,358.7,1.2,80.52291666666666,12
2021-07-23,2021,7,23,64,19.817,18.485,18.843854166666667,98,97.5,97.59791666666666,0,0,0,5.54,1.01,2.778958333333333,19.4,18.1,18.477083333333333,278.7,1.2,52.03333333333333,12.5
2021-07-24,2021,7,24,54.8,22.657,17.938,19.42139583333333,100,97,98.41875,0,0,0,3.02,0,1.5210416666666666,22.5,17.6,19.1875,763.7,1.2,136.14791666666667,12.5
2021-07-25,2021,7,25,35.6,20.555,18.129,19.154541666666667,98.9,98,98.38333333333334,0,0,0,3.52,0,1.5410416666666666,20.3,17.9,18.91875,293.7,1.2,82.18958333333333,12.5
2021-07-26,2021,7,26,7.800000000000001,24.171,18.295,19.782354166666668,100,93.2,98.27708333333334,0,0,0,2.52,0,1.4466666666666665,23.6,18.1,19.51875,946.2,1.2,175.47083333333333,12.5
2021-07-27,2021,7,27,16,21.079,17.463,19.071437500000002,100,98.7,99.4,0,0,0,3.02,0,1.11125,21.1,17.3,19.0125,466.2,1.2,110.21041666666666,12.5
2021-07-28,2021,7,28,7.6000000000000005,25.671,18.057,19.8805625,99.7,88.2,97.70416666666667,0,0,0,3.02,0,0.9854166666666666,24,17.9,19.520833333333332,1356.2,1.2,210.88750000000002,12.5
2021-07-29,2021,7,29,0,25.355,17.201,20.267541666666666,99.9,83.5,94.88333333333333,0,0,0,3.52,0,1.1214583333333332,23,17.2,19.4,1196.2,1.2,279.06458333333336,12.5
2021-07-30,2021,7,30,2,23.16,17.748,19.409895833333334,99.5,90.6,97.51041666666667,0,0,0,3.02,0,0.9547916666666666,21.6,17.6,19.01875,776.2,1.2,152.24166666666667,12.5
2021-07-31,2021,7,31,1,24.508,17.701,20.033604166666667,99.6,84.9,96.09166666666667,0,0,0,3.02,0,1.016875,22.8,17.6,19.391666666666666,1196.2,1.2,239.79375000000002,12.5
2021-08-01,2021,8,1,0,23.785,17.843,20.0664375,98.8,84.4,93.76041666666667,0,0,0,3.02,0,0.9852083333333332,21.6,17.6,19.022916666666667,981.2,1.2,235.10625000000002,12.5
2021-08-02,2021,8,2,0,25.234,17.344,19.6570625,99.6,84.8,95.1875,0,0,0,3.02,0,1.1212499999999999,22.8,17.1,18.866666666666667,776.2,1.2,178.96041666666667,12.5
2021-08-03,2021,8,3,10.2,23.978,17.51,19.235770833333333,99.6,88.2,98.17916666666667,0,0,0,3.02,0,1.1741666666666666,22.3,17.4,18.960416666666667,898.7,1.2,156.46041666666667,12.5
2021-08-04,2021,8,4,5.2,23.448,18.033,19.51322916666667,99.8,94.1,98.65,0,0,0,4.53,0,1.1633333333333333,22.7,17.8,19.3125,736.2,1.2,149.58541666666667,12.5
2021-08-05,2021,8,5,17,22.369,17.938,19.044166666666666,99.8,96,99.13333333333333,0,0,0,4.03,0,1.32125,22.1,17.9,18.927083333333332,793.7,1.2,127.71041666666667,12.5
2021-08-06,2021,8,6,20.8,23.881,18.057,19.649854166666668,99.8,94.2,98.59583333333333,0,0,0,3.52,0,0.9960416666666666,23.4,17.9,19.44375,566.2,1.2,121.66875,12
2021-08-07,2021,8,7,21,22.8,18.557,19.591916666666666,99.7,97.8,98.70208333333333,0,0,0,3.02,0,0.7552083333333334,22.6,18.3,19.410416666666666,701.2,1.2,115.10625,12
2021-08-08,2021,8,8,19.400000000000002,27.456,18.461,20.855645833333334,99.3,82.9,95.7125,0,0,0,2.52,0,0.6920833333333333,25.1,18.2,20.139583333333334,1343.7,1.2,254.79375000000002,12.5
2021-08-09,2021,8,9,11.799999999999999,28.122,17.153,21.052229166666667,99.4,77.5,94.28125,0,0,0,3.02,0,0.9964583333333333,24.4,16.8,20.052083333333332,1591.2,1.2,316.4604166666667,12
2021-08-10,2021,8,10,18.8,24.798,18.081,20.100791666666666,99,86.7,96.16458333333334,0,0,0,3.02,0,0.7233333333333333,23.8,17.8,19.48125,836.2,1.2,202.81458333333333,12.5
2021-08-11,2021,8,11,0,26.524,18.247,20.745729166666667,99.5,84.1,95.58541666666667,0,0,0,2.52,0,0.68125,23.6,18.1,20,1041.2,1.2,198.75208333333333,12
2021-08-12,2021,8,12,2.6,22.034,18.414,19.3046875,99.7,92,98.16875,0,0,0,3.02,0,0.565625,21.3,18.2,19.027083333333334,491.2,1.2,98.12708333333333,12.5
2021-08-13,2021,8,13,14.2,25.477,17.867,20.106291666666667,99.9,82.2,96.64791666666667,0,0,0,3.02,0,0.8597916666666667,23.1,17.8,19.552083333333332,1173.7,1.2,184.48125000000002,12
2021-08-14,2021,8,14,13.600000000000001,20.341,17.201,18.342041666666667,99.7,98,98.80416666666666,0,0,0,3.02,0,0.849375,20.2,17,18.16875,403.7,1.2,77.81458333333333,12
2021-08-15,2021,8,15,1.6,24.871,17.082,19.777916666666666,99.4,83.3,95.32291666666667,0,0,0,3.02,0,0.8491666666666666,22.6,16.8,19.002083333333335,1171.2,1.2,261.40833333333336,12.5
2021-08-16,2021,8,16,3.4000000000000004,23.424,17.629,19.46625,99.8,93,98.38541666666667,0,0,0,2.52,0,0.5029166666666667,22.3,17.5,19.229166666666668,816.2,1.2,138.23125000000002,12
2021-08-17,2021,8,17,2.2,25.841,16.439,19.5659375,99.6,89.7,97.70416666666667,0,0,0,3.02,0,0.87,24.1,16.4,19.208333333333332,1196.2,1.2,192.55416666666667,12
2021-08-18,2021,8,18,29.6,23.617,17.51,19.201375,99.2,95.4,97.95416666666667,0,0,0,4.03,0,1.1322916666666667,23.2,17.1,18.89375,621.2,1.2,120.67916666666667,12
2021-08-19,2021,8,19,7.200000000000001,24.002,15.891,19.29275,98.3,87.8,95.87708333333333,0,0,0,2.52,0,0.975,23.1,15.4,18.63125,696.2,1.2,187.97083333333333,12.5
2021-08-20,2021,8,20,0,27.554,17.034,21.513416666666668,97.6,75.7,91.21041666666667,0,0,0,2.01,0,0.5241666666666667,24.1,16.6,19.952083333333334,1318.7,1.2,368.54375,12.5
2021-08-21,2021,8,21,3.6,27.85,17.582,20.529333333333334,97.4,77.6,93.74791666666667,0,0,0,2.01,0,0.46062499999999995,24.3,17.1,19.458333333333332,1223.7,1.2,240.00208333333333,12
2021-08-22,2021,8,22,21.2,26.72,16.463,20.202041666666666,97.5,76.1,92.43125,0,0,0,1.51,0,0.4091666666666667,23.4,16.1,18.885416666666668,1248.7,1.2,245.41875000000002,11
2021-08-23,2021,8,23,1.8,26.769,17.962,20.4223125,96.2,80,93.24166666666667,0,0,0,3.02,0,0.5658333333333333,23.7,17.2,19.291666666666668,1283.7,1.2,230.47083333333333,12
2021-08-24,2021,8,24,2,27.063,16.868,20.3325,95.7,79.9,91.85208333333333,0,0,0,2.01,0,0.6495833333333333,24.5,16,18.952083333333334,1186.2,1.2,239.27291666666667,12.5
2021-08-25,2021,8,25,0,27.875,15.867,20.755312500000002,95.4,75.9,90.50833333333333,0,0,0,3.02,0,0.9541666666666666,24.4,15,19.1,1328.7,1.2,355.26250000000005,12
2021-08-26,2021,8,26,2.2,26.524,16.939,20.5330625,95.4,79.9,92.1625,0,0,0,4.03,0,1.2158333333333333,24.4,16.1,19.210416666666667,1278.7,1.2,280.2625,12
2021-08-27,2021,8,27,45.6,22.298,18.39,19.305145833333334,94.6,92.9,93.59791666666666,0,0,0,2.52,0,1.2791666666666666,21.2,17.3,18.277083333333334,541.2,1.2,101.61666666666666,12
2021-08-28,2021,8,28,35,22.8,17.867,19.041666666666668,94.7,92.4,93.39791666666667,0,0,0,3.52,1.01,1.8981249999999998,21.9,16.8,17.96875,603.7,1.2,138.85625,12
2021-08-29,2021,8,29,28.400000000000002,19.508,17.225,17.8916875,92.9,92,92.35208333333334,0,0,0,4.03,0,1.6993749999999999,18.2,16,16.65,436.2,1.2,58.75208333333333,12
2021-08-30,2021,8,30,1.8,23.352,16.963,19.199666666666666,94.7,89.7,92.75625,0,0,0,3.02,0,1.3210416666666667,22,15.7,18.01875,996.2,1.2,191.66875000000002,12
2021-08-31,2021,8,31,0.4,27.333,18.39,21.380145833333334,94.2,75.9,90.15208333333334,0,0,0,3.52,0,0.7124999999999999,24,17.3,19.66875,1496.2,1.2,328.59583333333336,12.5
2021-09-01,2021,9,1,0,25.5166525974026,17.5157012987013,20.12223253066378,83.81034199134199,68.55737337662337,78.64119007034631,0.368639455782313,0,0.03888516865079363,3.6817942176870746,0.1084098639455782,1.3015898703231292,18.369060657596375,9.128808106575963,11.726202493150039,1051.7227272727273,1.2,192.99562364718616,12.072727272727272
2021-09-02,2021,9,2,0,25.703808441558444,17.53965476190476,20.184045515422078,84.07224675324674,67.8596948051948,78.54807424693362,0.38667517006802726,0,0.04251612103174601,3.5830442176870747,0.09930272108843534,1.2871832482993197,20.123282879818593,10.835379535147393,13.566439927012471,1074.6989177489177,1.2,195.61405122655125,12.06082251082251
2021-09-03,2021,9,3,0.8,25.62636904761905,17.517782467532466,20.11573949765512,83.97224675324675,67.49751623376623,78.40344999098124,0.4225680272108844,0,0.05009238591269839,3.654829931972789,0.09037414965986391,1.3311267006802723,21.6286320861678,12.42695096371882,15.188327823837868,1056.752489177489,1.2,191.70749120671,12.054870129870128
2021-09-04,2021,9,4,9.4,21.032,16.534,18.724145833333335,93.7,90.7,92.68333333333334,0,0,0,3.02,0,0.629375,19.9,15.4,17.5375,428.7,1.2,92.29375,12
2021-09-05,2021,9,5,31,21.533,17.867,18.864895833333332,90.5,88,89.11458333333333,0,0,0,2.52,0,0.8904166666666666,19.5,16.1,17.052083333333332,471.2,1.2,77.50208333333333,12
2021-09-06,2021,9,6,28.2,20.079,17.701,18.6106875,88.6,87,87.46458333333334,0,0,0,3.02,0,1.3214583333333332,17.9,15.7,16.514583333333334,431.2,1.2,73.43958333333333,11.5
2021-09-07,2021,9,7,7.800000000000001,22.274,17.368,18.5845625,91.9,86,87.56458333333333,0,0,0,3.52,0,1.835,19.9,15.2,16.504166666666666,896.2,1.2,112.18958333333333,11.5
2021-09-08,2021,9,8,2,23.521,15.843,18.785395833333332,92.9,86.8,89.07916666666667,0,0,0,3.52,0,1.6358333333333333,22.1,14.2,16.96875,828.7,1.2,151.66875000000002,12.5
2021-09-09,2021,9,9,0,27.751,16.415,20.4274375,93.3,75.4,88.9875,0,0,0,3.02,0,0.7447916666666666,23.7,15.3,18.53125,1236.2,1.2,296.87708333333336,12.5
2021-09-10,2021,9,10,0,26.916,17.724,20.710583333333336,93.1,78.4,88.72291666666666,0,0,0,3.52,0,0.7970833333333333,23.7,16.2,18.777083333333334,1423.7,1.2,300.8354166666667,12.5
2021-09-11,2021,9,11,15.2,23.713,17.605,19.831208333333333,93.1,86.1,90.33958333333334,0,0,0,3.02,0,1.0166666666666666,22,16.1,18.224999999999998,821.2,1.2,155.73125000000002,11.5
2021-09-12,2021,9,12,41.4,20.412,17.986,18.7423125,86.1,84.3,84.98958333333333,0,0,0,3.52,0.5,1.7725,17.7,15.4,16.183333333333334,351.2,1.2,60.78333333333333,12
2021-09-13,2021,9,13,26.4,20.055,18.01,18.964833333333335,85.8,84.7,85.12708333333333,0,0,0,4.03,0.5,1.9295833333333332,17.4,15.5,16.4375,258.7,1.2,52.293749999999996,11.5
2021-09-14,2021,9,14,23.8,22.537,18.461,19.798270833333333,91.3,86,87.70625,0,0,0,3.52,0,1.37375,20.7,16.1,17.725,501.2,1.2,110.10625,12
2021-09-15,2021,9,15,0,26.598,17.534,20.36477083333333,93.8,80.7,89.98541666666667,0,0,0,2.52,0,0.681875,24.6,15.6,18.68958333333333,1248.7,1.2,211.46041666666667,12.5
2021-09-16,2021,9,16,2,24.436,17.891,19.457375,93.8,88.4,90.94583333333334,0,0,0,3.02,0,0.440625,23,16.5,17.958333333333336,1048.7,1.2,127.65833333333333,12.5
2021-09-17,2021,9,17,0.4,27.751,17.724,21.186354166666668,93.2,72.6,87.99166666666666,0,0,0,2.01,0,0.6185416666666667,23.7,16.3,19.091666666666665,1621.2,1.2,351.6166666666667,12
2021-09-18,2021,9,18,0,26.769,17.986,21.47491666666667,93.5,77.6,87.68333333333334,0,0,0,2.52,0,0.5139583333333333,22.9,16.5,19.316666666666666,1043.7,1.2,287.7104166666667,12
2021-09-19,2021,9,19,15.6,29.115,17.962,21.038875,93.3,74,88.09583333333333,0.5,0,0.010416666666666666,3.02,0,0.6077083333333333,24.7,16.2,18.96875,1268.7,1.2,214.32500000000002,12.5
2021-09-20,2021,9,20,0.2,28.048,17.724,21.6713125,93.4,72.2,85.84583333333333,0.5,0,0.020833333333333332,2.52,0,0.7545833333333333,23.1,16,19.139583333333334,1151.2,1.2,294.325,12.5
2021-09-21,2021,9,21,0,27.505,16.987,21.075645833333333,93.6,70.4,87.1625,0.5,0,0.10416666666666667,3.02,0,1.1849999999999998,23.3,15.4,18.820833333333333,1388.7,1.2,302.3979166666667,12.5
2021-09-22,2021,9,22,0,29.64,17.653,21.9886875,93.4,67,85.71875,1.01,0,0.135625,4.03,0,1.2691666666666668,23.2,16.1,19.366666666666667,1441.2,1.2,379.2729166666667,12.5
2021-09-23,2021,9,23,0.4,28.444,18.438,21.5625,93.7,69.2,88.13958333333333,1.01,0,0.18791666666666668,4.03,0,1.4785416666666666,23.9,17.3,19.43958333333333,1663.7,1.2,313.23125,12
2021-09-24,2021,9,24,0,28.742,17.915,21.299520833333332,93.8,72.1,88.28333333333333,0.5,0,0.052083333333333336,4.03,0,1.2897916666666667,23.3,16.8,19.210416666666667,1636.2,1.2,295.00208333333336,12.5
2021-09-25,2021,9,25,7.800000000000001,27.308,18.366,20.28108333333333,93.5,82.4,90.29375,1.01,0,0.041875,4.03,0,1.1110416666666665,25,16.8,18.65833333333333,888.7,1.2,165.93958333333333,12
2021-09-26,2021,9,26,0.4,27.014,17.986,20.907104166666667,93.8,75.8,88.90833333333333,0.5,0,0.07291666666666667,3.52,0,1.069375,23.4,16.4,19.00208333333333,1413.7,1.2,235.36666666666667,12
2021-09-27,2021,9,27,65.2,18.842,16.63,18.084875,94.1,88.4,90.63958333333333,1.01,0,0.409375,6.54,1.01,2.705416666666667,17.4,14.8,16.539583333333333,266.2,1.2,75.00208333333333,12
2021-09-28,2021,9,28,3.5999999999999996,22.178,17.558,18.965708333333335,94.2,90.7,93.13958333333333,1.51,0,0.9345833333333333,6.04,2.01,3.377083333333333,21,16.1,17.858333333333334,638.7,1.2,118.075,11.5
2021-09-29,2021,9,29,0,25.21,17.486,19.993979166666666,94.4,84.1,92.4375,1.01,0,0.3975,4.03,0,2.2445833333333334,22.9,16.6,18.745833333333334,891.2,1.2,186.98125000000002,12
2021-09-30,2021,9,30,5.2,29.64,17.011,21.145520833333332,94.4,73.7,89.9875,1.01,0,0.06270833333333334,3.52,0,1.08,25.1,15.8,19.40625,1633.7,1.2,319.84583333333336,12.5
2021-10-01,2021,10,1,18.4,27.186,17.391,21.173520833333335,93.8,78.1,88.54583333333333,0.5,0,0.08333333333333333,4.53,0,1.8654166666666667,23.4,16.1,19.195833333333333,1551.2,1.2,281.1479166666667,11.5
2021-10-02,2021,10,2,2.6,26.524,17.724,20.921979166666667,93.9,81.3,89.9,0,0,0,3.52,0,1.1212499999999999,23.8,16.3,19.216666666666665,1128.7,1.2,250.62708333333336,12
2021-10-03,2021,10,3,8,26.085,18.842,20.6615625,93.9,83.4,90.86458333333333,0.5,0,0.010416666666666666,2.01,0,0.6495833333333333,24,17.2,19.139583333333334,1246.2,1.2,147.34583333333333,12
2021-10-04,2021,10,4,5.6,28.295,17.51,21.409479166666667,94,78,89.87708333333333,0.5,0,0.041666666666666664,4.03,0,1.2477083333333334,24.9,16.3,19.683333333333334,1486.2,1.2,244.22083333333333,12
2021-10-05,2021,10,5,21.2,28.518,17.772,20.737395833333334,94.2,78.5,89.2375,0.5,0,0.020833333333333332,3.52,0,0.8904166666666666,24.6,16.2,18.891666666666666,1598.7,1.2,263.90833333333336,12
2021-10-06,2021,10,6,0,26.695,18.057,20.8825,94.4,82.2,89.4375,1.51,0,0.20958333333333334,5.03,0,1.3308333333333333,24.2,16.3,19.085416666666667,1288.7,1.2,250.00208333333336,12
2021-10-07,2021,10,7,0,26.256,17.082,20.921645833333333,94.1,79.9,89.28541666666666,1.01,0,0.14604166666666668,4.03,0,1.6772916666666666,23.8,15.4,19.0875,1161.2,1.2,257.29375,12
2021-10-08,2021,10,8,21,25.963,18.414,20.175708333333333,94.3,88.2,90.76041666666667,1.01,0,0.398125,4.53,0,2.328333333333333,24.1,16.8,18.645833333333332,978.7,1.2,183.17916666666667,11.5
2021-10-09,2021,10,9,7,22.824,17.986,19.368770833333333,95.1,88.8,91.60833333333333,1.01,0,0.419375,4.53,0,2.432916666666667,21.5,16.2,17.991666666666667,563.7,1.2,123.80416666666666,11.5
2021-10-10,2021,10,10,3.6,24.339,18.129,20.101604166666668,94.6,89.2,91.60833333333333,0.5,0,0.09375,3.52,0,1.3325,23.1,16.9,18.710416666666667,1031.2,1.2,152.18958333333333,11.5
2021-10-11,2021,10,11,8,26.524,18.39,20.327916666666667,94.9,87.9,90.57083333333334,1.01,0,0.18791666666666668,4.53,0,1.520625,25,16.7,18.758333333333333,1308.7,1.2,189.48125000000002,11.5
2021-10-12,2021,10,12,56.6,19.127,17.486,18.173104166666665,90.3,88.9,89.42916666666666,1.01,0,0.240625,5.03,0.5,2.096875,17.3,15.8,16.429166666666667,246.2,1.2,58.59583333333333,11.5
2021-10-13,2021,10,13,1.4000000000000001,25.162,17.582,19.866062499999998,95,89.2,91.84791666666666,1.01,0,0.1575,3.52,0,1.4252083333333332,23.4,16,18.525,838.7,1.2,170.62708333333333,12
2021-10-14,2021,10,14,3.4000000000000004,22.824,18.319,19.94475,94.5,89.9,91.24791666666667,1.01,0,0.25104166666666666,6.54,0,2.1810416666666668,21.8,16.7,18.495833333333334,511.2,1.2,119.325,12
2021-10-15,2021,10,15,0,29.215,17.082,21.3846875,95.4,77.2,89.52708333333334,0.5,0,0.125,3.52,0,1.1745833333333333,25,15.6,19.566666666666666,1496.2,1.2,343.7,12
2021-10-16,2021,10,16,24,25.258,18.461,19.944416666666665,95,88.7,92.83333333333333,1.51,0,0.11520833333333333,6.04,0,1.4360416666666667,23.3,17.3,18.766666666666666,641.2,1.2,77.03333333333335,12
2021-10-17,2021,10,17,53.4,21.437,18.628,19.356416666666668,92.1,90,90.73333333333333,1.01,0,0.26166666666666666,5.03,0,2.1914583333333333,19.9,17.1,17.833333333333332,403.7,1.2,70.73125,11
2021-10-18,2021,10,18,34.6,24.557,16.82,19.351375,95.6,90.6,92.55416666666667,1.01,0,0.13583333333333333,4.03,0,1.6777083333333334,23.5,15.4,18.133333333333333,671.2,1.2,108.75208333333333,12
2021-10-19,2021,10,19,0,28.493,17.106,21.623395833333333,95.7,75.5,89.73333333333333,0.5,0,0.08333333333333333,3.52,0,0.9225,24.2,16,19.822916666666668,1581.2,1.2,373.6479166666667,12
2021-10-20,2021,10,20,19,28.295,17.915,20.639458333333334,96,81.7,92.6,0,0,0,3.02,0,0.65,25.7,16.9,19.402083333333334,1201.2,1.2,170.57500000000002,11.5
2021-10-21,2021,10,21,25.2,26.867,17.605,20.230625,96.5,83.8,93.56666666666666,0,0,0,3.02,0,0.9429166666666666,24.3,17,19.172916666666666,1088.7,1.2,153.23125000000002,12
2021-10-22,2021,10,22,0.8,26.744,17.272,21.0679375,96.3,84.5,93.03958333333334,0,0,0,2.52,0,0.6499999999999999,24.5,16.6,19.902083333333334,1058.7,1.2,198.54375000000002,12
2021-10-23,2021,10,23,36,27.554,17.534,20.395083333333332,96.5,83.7,93.24166666666667,0,0,0,4.03,0,0.8385416666666666,25,16.7,19.285416666666666,956.2,1.2,185.99166666666667,11
2021-10-24,2021,10,24,12.4,30.318,16.868,20.969291666666667,96.5,72.3,91.20208333333333,0.5,0,0.041666666666666664,3.52,0,0.9227083333333334,24.8,16.3,19.404166666666665,1648.7,1.2,337.29375,12
2021-10-25,2021,10,25,0.2,25.914,17.962,20.8019375,96.7,80.7,92.26666666666667,0.5,0,0.03125,4.03,0,0.954375,23.5,17.1,19.491666666666667,1206.2,1.2,260.5229166666667,12
2021-10-26,2021,10,26,0,26.378,16.892,20.182020833333333,96.8,85,93.60208333333333,0,0,0,3.52,0,0.7547916666666666,23.8,16.3,19.125,1048.7,1.2,208.59583333333333,12
2021-10-27,2021,10,27,4,26.671,17.772,20.636541666666666,96.7,78.3,92.78333333333333,0,0,0,3.02,0,1.4160416666666666,23.4,17,19.4125,951.2,1.2,198.49166666666667,12
2021-10-28,2021,10,28,0.4,25.113,17.439,20.394229166666666,96.8,86.6,93.64791666666666,0.5,0,0.0625,4.53,0,1.5204166666666667,23.2,16.6,19.345833333333335,1151.2,1.2,237.45000000000002,12
2021-10-29,2021,10,29,0,23.184,18.842,20.125333333333334,97.1,88.1,94.22708333333334,0.5,0,0.020833333333333332,4.53,0.5,2.1395833333333334,21.4,17.4,19.1875,693.7,1.2,136.40833333333333,11.5
2021-10-30,2021,10,30,28.2,24.002,18.652,20.570479166666665,96.9,88.9,94.99791666666667,0.5,0,0.0625,5.54,0,2.2333333333333334,22.2,17.9,19.7625,1046.2,1.2,208.75208333333333,12
2021-10-31,2021,10,31,2.8,25.04,18.652,20.092104166666665,97.2,88.2,95.50625,0.5,0,0.010416666666666666,4.03,0.5,2.003125,23,18.1,19.375,966.2,1.2,147.29375000000002,11
2021-11-01,2021,11,1,8.8,24.002,18.628,20.103229166666665,97.2,89.9,95.66458333333334,0.5,0,0.010416666666666666,5.03,0,2.3691666666666666,23,18,19.40625,983.7,1.2,178.59583333333333,12
2021-11-02,2021,11,2,3,25.04,18.628,20.2890625,96.9,92,95.01666666666667,0.5,0,0.0625,4.53,0,2.254583333333333,23.7,17.8,19.4875,1411.2,1.2,201.82500000000002,12
2021-11-03,2021,11,3,48.4,22.417,18.937,19.907666666666668,96.5,93.6,94.6125,0.5,0,0.041666666666666664,5.03,0,1.29,21.7,17.9,19.04375,601.2,1.2,128.59583333333333,11.5
2021-11-04,2021,11,4,39.4,24.702,17.819,20.059291666666667,97.1,90.7,94.44166666666666,0,0,0,1.51,0,0.30375,23.4,16.8,19.1625,656.2,1.2,142.76250000000002,11.5
2021-11-05,2021,11,5,10.799999999999999,28.444,17.415,20.507875,97.1,78.4,93.26041666666667,0.5,0,0.03125,3.52,0,0.8910416666666666,25.7,16.5,19.391666666666666,1421.2,1.2,221.30416666666667,11.5
2021-11-06,2021,11,6,29.8,28.816,17.724,20.557958333333332,97.1,79.5,93.19791666666667,0.5,0,0.03125,3.02,0,0.7864583333333333,26.2,16.8,19.41875,1413.7,1.2,234.01250000000002,11
2021-11-07,2021,11,7,1,25.914,16.606,20.300854166666667,97.2,81.1,92.64791666666666,0,0,0,3.02,0,0.6387499999999999,22.7,15.9,19.058333333333334,1238.7,1.2,215.78333333333333,11.5
2021-11-08,2021,11,8,3.8,23.472,17.938,19.727958333333333,97.7,88.4,95.05,0,0,0,3.52,0,1.1216666666666666,22,17.2,18.925,623.7,1.2,150.67916666666667,11.5
2021-11-09,2021,11,9,1.6,20.317,16.511,18.496625,97.6,92.6,95.80833333333334,0,0,0,3.52,0,1.3320833333333333,19.7,15.6,17.839583333333334,243.7,1.2,70.41875,12
2021-11-10,2021,11,10,0,25.453,16.463,19.9086875,97.3,76.3,89.43541666666667,0.5,0,0.010416666666666666,4.03,0.5,1.6256249999999999,22.1,14.9,18.102083333333333,1178.7,1.2,217.97083333333333,11.5
2021-11-11,2021,11,11,0.2,26.012,17.819,20.7853125,97.7,81.9,92.12291666666667,0.5,0,0.010416666666666666,3.02,0,1.3314583333333332,23.6,17.2,19.458333333333332,1016.2,1.2,189.74166666666667,12
2021-11-12,2021,11,12,21.6,19.032,17.249,18.2805625,96.7,94.6,95.475,0.5,0,0.03125,3.52,0,1.38375,18.4,16.5,17.566666666666666,131.2,1.2,31.2,10.5
2021-11-13,2021,11,13,11.200000000000001,21.485,17.962,19.165354166666667,96.6,94,94.84791666666666,1.01,0,0.115,3.52,0,1.625625,20.8,17.1,18.335416666666667,398.7,1.2,70.00208333333333,11
2021-11-14,2021,11,14,32.6,24.895,17.677,20.057520833333335,98,88,94.58125,1.51,0,0.335,6.54,0.5,2.4118749999999998,24.2,16.8,19.18125,951.2,1.2,170.05416666666667,11.5
2021-11-15,2021,11,15,4.6000000000000005,25.501,17.986,20.26504166666667,98.5,91.1,95.85416666666667,0.5,0,0.020833333333333332,3.52,0,1.1637499999999998,24.2,17.3,19.604166666666668,816.2,1.2,168.80416666666667,11.5
2021-11-16,2021,11,16,6.4,28.543,17.32,20.290104166666666,98.5,86,95.39583333333333,0.5,0,0.0625,3.52,0,1.016875,26.4,16.7,19.539583333333333,998.7,1.2,195.47083333333333,11.5
2021-11-17,2021,11,17,46.6,27.554,17.082,20.044166666666666,98.6,84.5,95.29791666666667,0.5,0,0.010416666666666666,3.02,0,0.6285416666666667,24.9,16.8,19.277083333333334,1313.7,1.2,161.20000000000002,11.5
2021-11-18,2021,11,18,2.2,24.46,16.939,19.525333333333332,98.8,85,95.72291666666666,0.5,0,0.020833333333333332,4.53,0,0.9335416666666667,22.3,16.7,18.825,753.7,1.2,142.71041666666667,11.5
2021-11-19,2021,11,19,1.4000000000000001,28.27,18.081,20.178270833333332,98.6,83.2,95.85416666666667,0.5,0,0.08333333333333333,3.52,0,1.1737499999999998,25.6,17.6,19.502083333333335,1338.7,1.2,172.18958333333333,11.5
2021-11-20,2021,11,20,6.199999999999999,26.549,16.32,20.002187499999998,99.1,78.6,94.58333333333333,1.51,0,0.46145833333333336,4.53,0,2.33875,24.1,16.1,19.091666666666665,1146.2,1.2,205.78333333333333,11.5
2021-11-21,2021,11,21,0,26.622,13.834,19.361583333333332,99.2,74.5,91.2125,0.5,0,0.010416666666666666,3.02,0,0.8383333333333333,22.8,13.6,17.804166666666667,1243.7,1.2,249.84583333333333,12
2021-11-22,2021,11,22,3.6,26.744,16.034,20.439729166666666,99.1,82.9,93.84583333333333,0.5,0,0.041666666666666664,3.52,0,1.4158333333333333,23.6,15.7,19.385416666666668,1158.7,1.2,259.8979166666667,12
2021-11-23,2021,11,23,12.799999999999999,26.158,16.749,20.921666666666667,99.1,82.4,94.44791666666667,0.5,0,0.0625,4.03,0,1.751875,23.9,16.6,19.985416666666666,1256.2,1.2,261.72083333333336,12
2021-11-24,2021,11,24,0,24.026,17.915,19.893708333333333,99.1,80.4,90.60833333333333,0.5,0,0.041666666666666664,5.03,0,2.128125,21.4,15.4,18.29375,856.2,1.2,181.87708333333333,11.5
2021-11-25,2021,11,25,31.8,21.294,17.796,19.084979166666667,99.2,86.4,96.36666666666666,1.01,0,0.188125,6.54,0.5,3.26125,20.4,16.8,18.502083333333335,358.7,1.2,90.67916666666666,10.5
2021-11-26,2021,11,26,0,21.795,18.343,19.541791666666665,99.2,95.5,98.16875,1.51,0,0.19895833333333335,7.05,1.51,3.607083333333333,21.4,18.1,19.266666666666666,486.2,1.2,111.30416666666666,11.5
2021-11-27,2021,11,27,1.2000000000000002,26.256,17.391,19.257729166666667,99.3,80.5,97.3625,0.5,0,0.11458333333333333,6.54,0.5,3.020208333333333,23.7,17.3,18.829166666666666,1046.2,1.2,161.51250000000002,11
2021-11-28,2021,11,28,1.4000000000000001,23.232,18.176,19.5125,99.1,93.7,97.66875,1.01,0,0.15708333333333332,6.54,0.5,3.0614583333333334,22.5,17.9,19.152083333333334,968.7,1.2,199.84583333333333,11.5
2021-11-29,2021,11,29,1,24.677,16.796,19.576354166666665,99.2,87,96.6875,1.01,0,0.18791666666666668,6.54,0,2.873125,22.5,16.7,19.039583333333333,1188.7,1.2,204.32500000000002,11.5
2021-11-30,2021,11,30,4.2,23.641,17.962,19.720041666666667,99,91.8,97.55625,0.5,0,0.052083333333333336,4.03,0,2.2333333333333334,22.9,17.7,19.345833333333335,958.7,1.2,169.42916666666667,11
2021-12-01,2021,12,1,7.8,25.671,16.01,19.64045833333333,99.5,84.6,94.82708333333333,0.5,0,0.09375,4.03,0,1.6879166666666667,22.95,15.9,18.776625,1303.7,1.2,266.04375,11.5
2021-12-02,2021,12,2,5.4,27.456,17.368,20.210833333333333,98.9,83.6,95.68958333333333,0,0,0,3.02,0,0.985625,25.456,16.941,19.50075,1328.7,1.2,201.51250000000002,11.5
2021-12-03,2021,12,3,4.2,24.05,17.344,19.731791666666666,98.7,90.9,96.61666666666666,0,0,0,2.01,0,0.4297916666666667,23.267,16.917,19.197499999999998,688.7,1.2,108.075,11.5
2021-12-04,2021,12,4,23.8,27.407,17.011,20.178354166666665,98.6,81.7,95.06041666666667,0,0,0,2.52,0,0.5766666666666667,25.47,16.39,19.363916666666668,1291.2,1.2,187.18958333333333,11.5
2021-12-05,2021,12,5,1.5999999999999999,25.355,17.058,20.634104166666667,98.5,87,94.8,0,0,0,2.52,0,0.5241666666666667,23.484,16.486,19.78075,963.7,1.2,153.28333333333333,11.5
2021-12-06,2021,12,6,4.3999999999999995,25.55,18.271,20.4395625,97.4,84.5,93.24375,0,0,0,3.02,0,0.754375,23.8,17.711,19.319958333333332,1181.2,1.2,168.33541666666667,11.5
2021-12-07,2021,12,7,0,25.477,17.701,20.7025,99,83.4,94.08333333333333,0.5,0,0.020833333333333332,4.03,0,2.0237499999999997,22.62,17.565,19.7100625,1111.2,1.2,219.42916666666667,11.5
2021-12-08,2021,12,8,0,23.737,17.938,20.127458333333333,98.4,85.9,94.27916666666667,0.5,0,0.11458333333333333,5.54,0.5,2.8525,21.704,16.997,19.185395833333335,1086.2,1.2,215.41875000000002,11.5
2021-12-09,2021,12,9,0.2,26.402,17.296,20.3070625,98.5,75.4,91.53958333333334,1.01,0,0.14604166666666668,6.04,0.5,2.453333333333333,22.134,16.603,18.852041666666665,1416.2,1.2,275.8875,11.5
2021-12-10,2021,12,10,0,25.04,16.392,19.610125,97,79.2,90.17708333333333,1.01,0,0.23020833333333335,5.03,1.01,2.894375,21.459,15.009,17.933020833333334,1298.7,1.2,325.6791666666667,11.5
2021-12-11,2021,12,11,0,25.355,16.415,19.824479166666666,98.4,81.8,92.59375,1.01,0,0.20854166666666668,5.03,1.51,2.9775,22.717,15.853,18.571083333333334,1198.7,1.2,315.0541666666667,11.5
2021-12-12,2021,12,12,0,25.939,17.249,20.059354166666665,98.9,77,91.46041666666667,1.01,0,0.313125,8.05,2.01,3.660416666666667,22.126,16.781,18.589020833333333,1341.2,1.2,316.4604166666667,11.5
2021-12-13,2021,12,13,0,25.453,16.868,20.149333333333335,98,76.6,89.47708333333333,1.01,0,0.1775,6.04,2.01,3.4914583333333336,21.693,16.127,18.32475,1346.2,1.2,319.8979166666667,11.5
2021-12-14,2021,12,14,0,24.629,17.034,19.537895833333334,99.2,83.7,93.35625,1.01,0,0.166875,6.04,1.51,2.9989583333333334,22.102,16.172,18.430625,1338.7,1.2,277.1375,11.5
2021-12-15,2021,12,15,0,25.574,16.439,19.522020833333332,95.9,72.2,86.40416666666667,1.01,0,0.19875,6.54,1.51,3.2195833333333335,20.221,14.884,17.141020833333332,1296.2,1.2,283.12708333333336,11.5
2021-12-16,2021,12,16,0,24.75,16.606,19.811791666666664,98.3,79.3,89.79791666666667,1.01,0,0.23979166666666668,4.53,0.5,2.767916666666667,21.664,15.826,18.072187500000002,1208.7,1.2,287.18958333333336,11.5
2021-12-17,2021,12,17,0,25.647,16.963,20.093145833333335,98.1,73.4,90.09375,1.01,0,0.260625,4.53,0.5,2.642708333333333,21.534,15.685,18.3760625,1266.2,1.2,307.60625,11.5
2021-12-18,2021,12,18,0,26.622,16.487,20.281791666666667,98.8,63.5,87.70833333333333,1.01,0,0.29229166666666667,4.53,1.51,3.0927083333333334,21.137,15.621,18.03172916666667,1273.7,1.2,318.075,11.5
2021-12-19,2021,12,19,0,25.963,15.939,19.614208333333334,98.7,76,88.81875,1.01,0,0.33395833333333336,5.03,1.51,3.0085416666666664,21.773,14.991,17.686979166666667,1268.7,1.2,295.9916666666667,11.5
2021-12-20,2021,12,20,0,24.388,15.867,18.862354166666666,96.3,76.6,87.76458333333333,1.01,0,0.29270833333333335,6.54,1.01,2.767708333333333,20.035,13.707,16.755625,1298.7,1.2,322.97083333333336,11.5
2021-12-21,2021,12,21,0,30.167,14.553,19.773875,97.7,63.6,85.5375,0.5,0,0.041666666666666664,3.02,0,1.6152083333333334,23.187,13.655,17.082875,1276.2,1.2,327.7104166666667,11.5
2021-12-22,2021,12,22,0,28.717,13.738,19.075666666666667,99.3,70,90.5125,0.5,0,0.052083333333333336,4.03,0,1.22625,23.873,13.616,17.379416666666668,1241.2,1.2,297.8666666666667,11.5
2021-12-23,2021,12,23,0,26.549,14.553,19.121895833333333,99.3,59.7,84.6375,0.5,0,0.07291666666666667,4.53,0,1.761875,19.318,12.699,16.236416666666667,1221.2,1.2,305.31458333333336,11.5
2021-12-24,2021,12,24,0,27.653,13.161,18.660229166666667,96.2,63.3,79.20416666666667,0,0,0,3.02,0,1.3737499999999998,21.64,9.871,14.870604166666666,1223.7,1.2,269.06458333333336,11.5
2021-12-25,2021,12,25,0,26.402,13.954,19.0715625,85.8,48.4,66.73125,1.01,0,0.19833333333333333,5.03,0,2.1285416666666666,16.157,8.338,12.466833333333334,1306.2,1.2,328.28333333333336,11.5
2021-12-26,2021,12,26,0,26.304,15.079,19.43575,76,52.4,63.5125,1.01,0,0.198125,4.53,0.5,2.3068750000000002,18.283,7.34,12.228166666666667,1306.2,1.2,328.90833333333336,11.5
2021-12-27,2021,12,27,0,25.258,15.27,19.060312500000002,95.3,54.4,74.9375,1.01,0,0.17791666666666667,7.05,1.01,2.5168749999999998,19.555,8.705,14.337791666666666,1323.7,1.2,326.1479166666667,11.5
2021-12-28,2021,12,28,0,24.992,14.098,18.366895833333334,96.1,70.9,85.37083333333334,0.5,0,0.28125,4.53,0.5,2.77875,19.527,12.739,15.775354166666666,1313.7,1.2,325.15833333333336,11.5
2021-12-29,2021,12,29,0,25.404,14.194,18.8616875,98.3,71.8,86.19375,0.5,0,0.16666666666666666,4.53,0.5,2.516875,20.18,13.732,16.416604166666666,1303.7,1.2,331.35625,12
2021-12-30,2021,12,30,0,25.598,14.888,19.371229166666666,97,59.7,80.51458333333333,1.01,0,0.16729166666666667,5.54,1.01,2.9252083333333334,20.326,8.985,15.783125,1343.7,1.2,322.91875,12
2021-12-31,2021,12,31,0,24.388,17.32,19.6645,98.8,82.2,93.375,1.01,0,0.439375,6.54,1.51,4.0060416666666665,21.825,16.958,18.552291666666665,1303.7,1.2,280.31458333333336,11.5
2022-01-01,2022,1,1,0,25.939,17.249,19.928895833333332,98.8,75.7,92.07708333333333,1.01,0,0.428125,8.05,2.52,4.069375,21.922,17.058,18.565166666666666,1371.2,1.2,312.3979166666667,11.5
2022-01-02,2022,1,2,3,24.823,17.32,19.66325,98.9,73.4,90.92708333333334,1.51,0,0.639375,9.56,2.52,4.729583333333333,21.018,16.249,18.0939375,1441.2,1.2,293.1791666666667,12
2022-01-03,2022,1,3,0,25.234,15.629,19.0733125,96.1,75,89.25625,1.01,0,0.32354166666666667,5.03,1.01,3.229791666666667,20.597,14.652,17.216604166666666,1331.2,1.2,330.5229166666667,12
2022-01-04,2022,1,4,0,24.75,15.891,18.854354166666667,98,75.1,89.65208333333334,1.01,0,0.3879166666666667,6.04,0.5,3.1770833333333335,20.194,14.5,17.08125,1298.7,1.2,323.54375,12
2022-01-05,2022,1,5,0,27.801,16.082,20.055958333333333,97.6,66.1,87.77291666666667,0.5,0,0.0625,4.53,0.5,2.23375,22.203,15.3,17.852666666666668,1356.2,1.2,273.6479166666667,12
2022-01-06,2022,1,6,0,28.816,17.772,20.846625,97.6,68.3,86.29166666666667,1.01,0,0.23979166666666668,5.03,0,2.7579166666666666,22.729,16.126,18.378395833333332,1341.2,1.2,332.7625,12
2022-01-07,2022,1,7,0,27.136,15.843,19.963270833333333,99.1,68,88.88958333333333,0.5,0,0.08333333333333333,4.03,0,1.7297916666666666,21.539,15.658,17.959604166666665,1331.2,1.2,260.0541666666667,12
2022-01-08,2022,1,8,0,25.162,16.225,19.530916666666666,99,79.3,92.61458333333333,0.5,0,0.010416666666666666,3.52,0,1.466875,22.458,16.056,18.280479166666666,898.7,1.2,207.97083333333333,12
2022-01-09,2022,1,9,0,25.72,16.392,19.797270833333332,98.8,75.1,89.95833333333333,0.5,0,0.10416666666666667,4.53,0,1.7616666666666667,21.726,15.909,18.045770833333332,1271.2,1.2,290.8354166666667,12
2022-01-10,2022,1,10,0,25.841,15.915,19.596583333333335,99.1,74.4,90.04583333333333,0.5,0,0.03125,5.03,0,1.6777083333333334,22.468,15.667,17.860958333333333,1156.2,1.2,215.36666666666667,12
2022-01-11,2022,1,11,0,27.161,16.582,20.716729166666667,96.9,64.1,83.70833333333333,0.5,0,0.052083333333333336,5.03,0,1.8872916666666666,21.729,14.847,17.715729166666666,1393.7,1.2,294.2729166666667,12
2022-01-12,2022,1,12,0,30.318,15.533,20.558354166666668,99,60.4,87.92916666666666,0.5,0,0.052083333333333336,3.02,0,0.9533333333333333,23.014,15.364,18.24175,1488.7,1.2,287.8666666666667,12
2022-01-13,2022,1,13,0.4,30.773,15.438,20.605104166666667,98.5,57.4,86.87291666666667,0.5,0,0.0625,3.52,0,1.0270833333333333,23.479,15.206,18.0509375,1423.7,1.2,336.2,12
2022-01-14,2022,1,14,0,29.565,15.557,19.727375,98.7,61.6,89.2375,0,0,0,2.52,0,0.754375,23.204,15.357,17.765,1321.2,1.2,221.14791666666667,12
2022-01-15,2022,1,15,0,27.259,15.891,20.389458333333334,98.7,70.9,88.86666666666667,0.5,0,0.03125,4.03,0,1.5727083333333334,22.016,15.707,18.371791666666667,1423.7,1.2,307.8666666666667,12
2022-01-16,2022,1,16,0,25.866,15.103,19.76475,98.7,73.9,88.92291666666667,1.01,0,0.188125,6.54,0,2.2125,21.396,14.871,17.797229166666668,1341.2,1.2,324.68958333333336,12
2022-01-17,2022,1,17,0,27.087,14.529,19.669395833333333,97.7,68.7,85.53958333333333,1.01,0,0.12520833333333334,4.53,0,2.4120833333333334,20.863,13.559,17.072145833333334,1326.2,1.2,329.2729166666667,12
2022-01-18,2022,1,18,0,25.72,15.318,19.4078125,98.1,70.9,86.41875,1.01,0,0.324375,5.54,0.5,3.3554166666666667,20.397,14.879,17.008666666666667,1361.2,1.2,344.16875,12
2022-01-19,2022,1,19,0,26.304,15.223,19.446291666666667,89.6,70,81.19791666666667,0.5,0,0.15625,5.03,0,2.600625,20.512,11.564,16.08025,1316.2,1.2,337.03333333333336,12
2022-01-20,2022,1,20,0,28.147,13.449,19.49275,98.5,37.7,73.73541666666667,0.5,0,0.09375,4.53,0,1.3727083333333334,16.654,12.093,13.906833333333333,1396.2,1.2,344.37708333333336,12
2022-01-21,2022,1,21,0,29.165,14.122,20.346104166666667,98.8,29.7,76.49791666666667,0.5,0,0.11458333333333333,5.03,0,1.4045833333333333,19.597,8.273,14.832104166666667,1338.7,1.2,332.3979166666667,12
2022-01-22,2022,1,22,0,30.343,14.601,20.7454375,98.8,34.1,81.08125,0.5,0,0.020833333333333332,3.52,0,1.0583333333333333,21.618,11.83,16.368666666666666,1376.2,1.2,336.2,12
2022-01-23,2022,1,23,0,30.268,14.409,19.956833333333332,98.5,45.8,84.06458333333333,0.5,0,0.0625,3.52,0,1.100625,21.288,13.891,16.722145833333332,1408.7,1.2,333.4916666666667,12
2022-01-24,2022,1,24,0,28.941,14.337,19.647708333333334,95.3,36.7,65.08958333333334,0.5,0,0.07291666666666667,3.52,0,1.1529166666666666,19.619,7.374,12.275,1413.7,1.2,337.0854166666667,12
2022-01-25,2022,1,25,0,27.998,14.505,19.041687500000002,98.5,60.5,86.99375,0,0,0,3.02,0,0.6083333333333333,21.427,14.021,16.660375,1078.7,1.2,221.20000000000002,12
2022-01-26,2022,1,26,0,26.867,14.697,18.805812500000002,98.6,69.6,90.5375,0,0,0,2.52,0,0.65,22.614,14.339,17.13775,1043.7,1.2,189.16875000000002,12
2022-01-27,2022,1,27,0,26.134,15.199,19.723125,98.2,72.2,86.87916666666666,1.01,0,0.18854166666666666,5.03,0,1.8245833333333334,20.81,13.918,17.368791666666667,1403.7,1.2,347.8666666666667,12
2022-01-28,2022,1,28,0,26.867,14.649,19.726166666666668,97.8,59.4,81.44583333333334,1.01,0,0.2825,7.05,0,3.1777083333333334,18.865,13.38,16.2013125,1426.2,1.2,356.5125,12
2022-01-29,2022,1,29,0,25.647,16.129,19.835125,97.2,69.5,86.48333333333333,1.01,0,0.41791666666666666,6.54,2.01,3.6391666666666667,19.781,14.712,17.394145833333333,1461.2,1.2,346.72083333333336,12
2022-01-30,2022,1,30,0,26.989,16.392,20.2915,98,70.8,89.43125,0.5,0,0.21875,4.53,0.5,2.380625,22.221,16.034,18.416270833333332,1436.2,1.2,329.7416666666667,12
2022-01-31,2022,1,31,0,28.394,18.01,21.189354166666668,95.3,67.4,85.07916666666667,0.5,0,0.010416666666666666,3.02,0,1.92875,22.12,16.139,18.510354166666666,1301.2,1.2,239.22083333333333,12
2022-02-01,2022,2,1,0,26.916,16.415,21.130395833333335,98.3,65.4,84.31666666666666,0.5,0,0.13541666666666666,4.53,0.5,2.3066666666666666,21.027,15.467,18.242833333333333,1351.2,1.2,347.7104166666667,12
2022-02-02,2022,2,2,0,28.147,15.366,20.7294375,94.8,49.4,75.87708333333333,0.5,0,0.0625,3.52,0.5,1.6977083333333334,19.067,13.528,15.986333333333333,1361.2,1.2,319.37708333333336,12
2022-02-03,2022,2,3,0,32.975,15.581,21.611562499999998,98.5,45.1,82.50416666666666,0.5,0,0.052083333333333336,3.52,0,1.1845833333333333,21.896,15.314,17.910083333333333,1358.7,1.2,349.2729166666667,12
2022-02-04,2022,2,4,0,31.103,14.098,20.981125,98.4,34.9,76.34791666666666,1.01,0,0.12520833333333334,4.53,0,1.1947916666666667,19.036,11.988,15.693375,1441.2,1.2,369.0125,12
2022-02-05,2022,2,5,0,31.331,14.697,21.29825,92.4,30.6,60.920833333333334,1.01,0,0.135625,3.52,0,1.6041666666666667,17.729,5.168,12.598354166666667,1458.7,1.2,378.8041666666667,12
2022-02-06,2022,2,6,0,27.727,15.485,20.320729166666666,96.6,60.8,80.79583333333333,0.5,0,0.0625,4.03,0,1.835,20.269,13.704,16.774458333333335,1416.2,1.2,308.7,12
2022-02-07,2022,2,7,0,29.14,14.816,20.852666666666668,97.3,53.9,78.84791666666666,1.01,0,0.17770833333333333,5.03,0,2.274375,19.716,14.41,16.693333333333335,1381.2,1.2,351.66875,12
2022-02-08,2022,2,8,0,27.974,15.581,20.970958333333332,97.6,56.6,81.7375,0.5,0,0.10416666666666667,4.53,0,1.8872916666666666,20.629,15.11,17.490333333333332,1388.7,1.2,353.1791666666667,12
2022-02-09,2022,2,9,0,26.695,14.816,20.2560625,97.9,63.7,79.34583333333333,0.5,0,0.15625,4.53,0,2.2016666666666667,19.965,14.145,16.4269375,1413.7,1.2,351.66875,12
2022-02-10,2022,2,10,0,26.94,14.84,20.165145833333334,93.6,47.3,69.94791666666667,1.01,0,0.365625,5.54,0,2.863125,17.994,10.791,14.113875,1436.2,1.2,363.23125,12
2022-02-11,2022,2,11,0,26.451,17.582,20.864208333333334,87.1,42.3,65.75,1.01,0,0.24,5.54,1.51,3.187291666666667,20.648,6.182,14.013354166666666,1361.2,1.2,303.8041666666667,12
2022-02-12,2022,2,12,0,20.96,17.938,19.002979166666666,97.9,79.3,93.15833333333333,1.01,0,0.166875,5.54,1.51,2.8939583333333334,20.047,15.658,17.87602083333333,493.7,1.2,120.21041666666666,11.5
2022-02-13,2022,2,13,0,27.628,15.819,20.5429375,97.2,61.3,81.20416666666667,1.01,0,0.27208333333333334,5.54,0,2.5166666666666666,20.042,14.556,17.022979166666666,1466.2,1.2,387.03333333333336,12
2022-02-14,2022,2,14,0,27.087,15.796,20.493895833333333,98.2,60.1,81.86875,1.01,0,0.22,6.04,0,2.2020833333333334,20.535,13.745,17.052062499999998,1436.2,1.2,377.65833333333336,12
2022-02-15,2022,2,15,0,28.295,15.103,20.426208333333335,98.2,46.6,81.025,0.5,0,0.10416666666666667,4.53,0,1.6989583333333333,20.159,13.892,16.672125,1371.2,1.2,339.53333333333336,12
2022-02-16,2022,2,16,0,28.816,16.058,21.025854166666665,97.9,55.6,79.69375,1.01,0,0.135625,5.54,0,1.9920833333333332,20.822,15.107,17.0445,1438.7,1.2,358.0229166666667,12
2022-02-17,2022,2,17,0,27.481,15.151,20.534145833333334,98,54.1,77.16041666666666,1.01,0,0.13604166666666667,5.03,0,1.6985416666666666,20.109,13.403,16.087104166666666,1353.7,1.2,315.6791666666667,12
2022-02-18,2022,2,18,0,29.389,14.218,20.2381875,92.4,49.8,72.67291666666667,1.01,0,0.2941666666666667,5.03,0,1.991875,18.447,10.735,14.915958333333332,1476.2,1.2,380.6791666666667,12
2022-02-19,2022,2,19,0,29.09,15.629,21.289291666666667,90.6,43.1,70.89791666666666,1.51,0,0.4610416666666667,7.55,0,3.1989583333333336,18.142,13.158,15.260270833333333,1476.2,1.2,380.15833333333336,12
2022-02-20,2022,2,20,0,30.016,16.177,21.77285416666667,97.3,49.4,78.82291666666667,0.5,0,0.020833333333333332,3.52,0,1.4047916666666667,21.892,14.379,17.592458333333333,1486.2,1.2,318.075,12
2022-02-21,2022,2,21,0,30.646,16.868,22.145541666666666,98.1,61.5,85.53958333333333,0.5,0,0.010416666666666666,3.52,0,0.9220833333333333,23.951,16.587,19.354625,1333.7,1.2,270.31458333333336,12
2022-02-22,2022,2,22,0,28.866,16.987,21.930833333333332,97.7,56.1,79.40208333333334,1.01,0,0.12520833333333334,4.53,0,1.4366666666666668,22.444,13.712,17.884395833333333,1366.2,1.2,335.93958333333336,12
2022-02-23,2022,2,23,0,28.916,15.891,21.208458333333333,95.1,46.3,70.78333333333333,1.51,0,0.366875,5.54,0,2.653125,18.879,13.16,15.252104166666667,1498.7,1.2,404.5854166666667,12
2022-02-24,2022,2,24,0,26.378,15.031,19.9034375,94.7,62.8,79.95416666666667,1.01,0,0.25145833333333334,5.54,0,2.3072916666666665,21.27,9.605,16.268416666666667,1468.7,1.2,317.81458333333336,12
2022-02-25,2022,2,25,0,27.949,16.487,21.322270833333334,97.1,56.4,76.42916666666666,1.01,0,0.27229166666666665,6.04,0,2.6425,21.05,12.578,16.7171875,1486.2,1.2,384.95,12
2022-02-26,2022,2,26,0,28.419,16.677,21.293333333333333,86.8,56.1,68.83125,1.01,0,0.250625,4.53,0,2.380625,19.324,10.038,15.218979166666667,1503.7,1.2,366.2,12
2022-02-27,2022,2,27,0,28.617,16.892,21.361541666666668,97.4,57.1,80.85625,1.01,0,0.3041666666666667,4.53,0,2.453333333333333,20.989,14.305,17.65352083333333,1548.7,1.2,426.3041666666667,12
2022-02-28,2022,2,28,0,28.27,16.487,21.4268125,94.7,44.2,68.05625,1.01,0,0.33625,5.03,0.5,2.6108333333333333,19.255,9.524,14.704104166666667,1533.7,1.2,425.15833333333336,12
2022-03-01,2022,3,1,0,29.389,15.629,21.5715625,71.3,42.8,57.18125,1.51,0,0.3675,7.05,0,2.4110416666666667,17.156,8.761,12.497958333333333,1546.2,1.2,432.34583333333336,12
2022-03-02,2022,3,2,0,28.593,17.724,22.242520833333334,56.8,26.2,36.90625,1.01,0,0.28208333333333335,6.04,1.51,3.67,11.174,2.344,6.441104166666666,1298.7,1.2,356.25208333333336,12
2022-03-03,2022,3,3,0,30.041,18.247,22.369854166666666,61.2,28.7,39.9125,1.51,0,0.7341666666666666,7.55,2.52,5.033333333333333,11.997,3.534,7.724875,1486.2,1.2,370.8875,12
2022-03-04,2022,3,4,0,28.543,18.081,22.616770833333334,77.5,26.5,47.708333333333336,2.01,0,0.7235416666666666,6.54,1.01,4.477708333333333,16.021,4.645,10.3854375,1476.2,1.2,391.3041666666667,12
2022-03-05,2022,3,5,0,29.49,16.106,22.103,84.6,42.6,66.15625,1.01,0,0.32479166666666665,6.04,0,2.8310416666666667,19.082,12.959,15.144479166666667,1583.7,1.2,442.34583333333336,12
2022-03-06,2022,3,6,0,29.64,17.034,21.74375,89,46,66.25625,1.51,0,0.461875,6.54,0,3.1664583333333334,17.507,12.148,14.828854166666666,1633.7,1.2,423.1791666666667,12
2022-03-07,2022,3,7,0,27.875,17.225,21.0531875,97.1,61.1,82.35833333333333,1.01,0,0.365625,6.04,1.51,3.680416666666667,21.167,15.281,17.756812500000002,1551.2,1.2,400.8354166666667,12
2022-03-08,2022,3,8,0,28.593,17.534,21.798208333333335,97.5,68.5,85.94375000000001,1.01,0,0.18770833333333334,4.53,1.01,2.736875,22.253,17.107,19.21591666666667,1611.2,1.2,411.66875,12
2022-03-09,2022,3,9,0,30.646,17.106,22.771770833333335,96,42.3,69.73958333333333,1.01,0,0.24104166666666665,4.53,0,2.0864583333333333,19.68,12.93,16.2675625,1551.2,1.2,416.04375,12
2022-03-10,2022,3,10,0,30.52,15.414,22.379125000000002,96.8,29.1,55.20625,1.51,0,0.3354166666666667,5.54,0,2.4227083333333335,16.447,6.43,11.752354166666667,1578.7,1.2,445.47083333333336,12
2022-03-11,2022,3,11,0,30.976,16.01,22.698458333333335,81.2,33.3,52.75208333333333,1.51,0,0.283125,5.03,0,2.3595833333333336,14.807,8.667,11.722520833333334,1583.7,1.2,454.32500000000005,12
2022-03-12,2022,3,12,0,31.23,15.294,22.563625000000002,85.7,29.2,51.08541666666667,1.01,0,0.23041666666666666,6.04,0,2.2333333333333334,16.717,6.749,11.106416666666666,1561.2,1.2,447.2416666666667,12
2022-03-13,2022,3,13,0,32.51,18.628,23.977979166666668,53.6,21.7,35.66875,2.01,0,0.5447916666666667,7.55,0.5,4.445416666666667,11.895,2.526,7.3590625,1613.7,1.2,444.2729166666667,12
2022-03-14,2022,3,14,0,32.073,19.603,24.258791666666667,60.8,30.3,44.7625,1.51,0,0.545625,6.54,0.5,3.785625,13.875,8.986,11.217875,1556.2,1.2,438.1791666666667,12
2022-03-15,2022,3,15,0,31.128,16.534,23.090708333333332,96.6,36.3,67.23125,0.5,0,0.08333333333333333,4.03,0,1.4785416666666666,19.909,12.236,15.923395833333334,1321.2,1.2,361.7729166666667,12
2022-03-16,2022,3,16,0,31.97,17.653,23.621541666666666,97.3,30.2,76.67291666666667,0.5,0,0.09375,5.03,0,1.37375,21.734,12.346,18.18425,1431.2,1.2,385.9916666666667,12
2022-03-17,2022,3,17,0,33.287,17.391,23.586854166666665,97.5,32.3,79.70833333333333,0.5,0,0.09375,4.03,0,1.2372916666666667,22.657,13.53,18.953208333333333,1468.7,1.2,383.4916666666667,12
2022-03-18,2022,3,18,0,31.306,17.986,23.149291666666667,97.4,57.7,84.81458333333333,0.5,0,0.041666666666666664,3.02,0,0.94375,23.06,17.591,20.197458333333334,1368.7,1.2,277.1375,12
2022-03-19,2022,3,19,0,29.439,18.39,22.579687500000002,96.9,63.2,86.38125,1.01,0,0.166875,3.52,0,1.4366666666666665,24.526,17.846,19.999791666666667,933.7,1.2,235.47083333333333,12
2022-03-20,2022,3,20,0,29.865,17.272,21.582645833333334,96.9,64.3,85.37083333333334,1.01,0,0.19916666666666666,4.53,0,1.246875,23.587,16.732,18.814145833333335,1158.7,1.2,267.0854166666667,12
2022-03-21,2022,3,21,0,32.975,16.249,22.896083333333333,97,49.4,81.12291666666667,1.01,0,0.261875,4.03,0,1.74,21.686,15.581,18.970708333333334,1666.2,1.2,427.18958333333336,12
2022-03-22,2022,3,22,2.2,33.339,16.749,22.22225,97.3,40.1,82.45833333333333,1.01,0,0.09395833333333334,4.53,0,1.205625,21.589,15.087,18.39314583333333,1573.7,1.2,342.29375,12
2022-03-23,2022,3,23,19.200000000000003,28.642,17.701,20.780375,96.6,77.1,92.73333333333333,0,0,0,2.52,0,0.6810416666666667,24.839,17.094,19.527729166666667,943.7,1.2,168.23125000000002,11.5
2022-03-24,2022,3,24,24.200000000000003,28.369,18.652,20.569541666666666,95.9,83.7,93,1.51,0,0.05229166666666666,5.03,0,0.8804166666666666,25.911,17.588,19.402083333333334,963.7,1.2,165.31458333333333,12
2022-03-25,2022,3,25,20.2,26.744,17.772,20.382791666666666,95.6,79.4,92.63125,0,0,0,2.52,0,0.49291666666666667,23.604,16.772,19.146666666666665,893.7,1.2,170.99166666666667,12
2022-03-26,2022,3,26,0.2,29.64,17.082,21.191208333333332,95.2,72.9,89.83958333333334,0,0,0,2.52,0,0.7333333333333333,24.63,15.86,19.419479166666665,1451.2,1.2,262.2416666666667,12.5
2022-03-27,2022,3,27,0,30.697,17.986,22.608833333333333,94.8,65.1,86.66458333333334,0.5,0,0.0625,3.52,0,1.07,24.575,16.757,20.131249999999998,1741.2,1.2,371.98125,12.5
2022-03-28,2022,3,28,0,30.773,18.937,22.57225,94.6,65.5,87.10625,0.5,0,0.052083333333333336,4.03,0,1.0802083333333334,24.715,17.614,20.203020833333333,1783.7,1.2,358.54375,12.5
2022-03-29,2022,3,29,0,29.49,18.39,22.999916666666667,94.4,72.4,87.70625,0.5,0,0.020833333333333332,3.02,0,1.0799999999999998,24.788,17.43,20.774833333333333,1398.7,1.2,282.29375,12.5
2022-03-30,2022,3,30,0,29.79,18.533,22.8610625,94,70.1,87.31041666666667,0.5,0,0.020833333333333332,3.52,0,1.048125,25.245,17.127,20.582333333333334,1386.2,1.2,300.2625,12.5
2022-03-31,2022,3,31,0,29.414,18.343,22.640916666666666,93.9,70.8,87.41875,0.5,0,0.041666666666666664,3.52,0,0.9122916666666666,24.958,17.162,20.376166666666666,1383.7,1.2,289.68958333333336,12.5
2022-04-01,2022,4,1,0.6000000000000001,29.74,18.295,22.009729166666666,94.4,74,88.95,0.5,0,0.020833333333333332,4.03,0,0.8916666666666666,25.758,17.149,20.074208333333335,1033.7,1.2,234.68958333333333,12.5
2022-04-02,2022,4,2,0,27.038,18.152,21.906020833333333,93.5,76.3,88.22083333333333,0,0,0,2.52,0,0.6608333333333333,23.752,16.75,19.847479166666666,1041.2,1.2,220.99166666666667,12.5
2022-04-03,2022,4,3,0,28.171,18.414,22.499729166666665,93.4,68.3,85.77083333333333,0,0,0,3.52,0,0.933125,23.73,16.975,19.908583333333333,1361.2,1.2,317.65833333333336,12.5
2022-04-04,2022,4,4,0,32.047,17.891,23.3203125,93.6,40.1,77.47708333333334,1.01,0,0.135625,4.53,0,1.7191666666666667,23.062,13.121,18.574541666666665,1658.7,1.2,471.09583333333336,12.5
2022-04-05,2022,4,5,0,29.89,18.675,22.920625,93.2,45.5,80.10833333333333,1.01,0,0.14625,5.03,0,1.4883333333333333,22.849,15.331,18.895208333333333,1578.7,1.2,447.3979166666667,12.5
2022-04-06,2022,4,6,0,30.419,18.509,21.809104166666668,93.7,62.4,85.89791666666666,0.5,0,0.0625,4.53,0,1.0895833333333333,22.93,17.214,19.216562500000002,1871.2,1.2,345.0541666666667,11.5
2022-04-07,2022,4,7,0,31.153,17.891,23.38525,94,42.8,79.42708333333333,0.5,0,0.11458333333333333,4.03,0,1.4885416666666667,23.628,15.173,19.101958333333332,1646.2,1.2,461.56458333333336,12.5
2022-04-08,2022,4,8,10.6,28.27,18.295,21.4756875,93.5,73.3,87.8125,0.5,0,0.010416666666666666,4.03,0,0.9229166666666667,23.684,16.912,19.3220625,1226.2,1.2,235.15833333333333,11.5
2022-04-09,2022,4,9,5.2,27.751,17.058,20.663895833333335,93.7,77.4,89.88958333333333,1.01,0,0.021041666666666667,5.54,0,1.3002083333333334,23.854,16.022,18.931958333333334,1391.2,1.2,241.92916666666667,12.5
2022-04-10,2022,4,10,0.2,25.793,17.677,21.01354166666667,93.9,75.7,88.77083333333333,0.5,0,0.010416666666666666,3.02,0,1.363125,22.149,16.45,19.054520833333335,781.2,1.2,203.38750000000002,12.5
2022-04-11,2022,4,11,11.4,27.727,18.295,20.970291666666668,93.5,72.6,88.77916666666667,1.01,0,0.041875,4.03,0,1.0483333333333333,24.484,16.936,19.021958333333334,1293.7,1.2,235.10625000000002,11.5
2022-04-12,2022,4,12,11.2,26.353,18.485,21.189979166666667,93.1,84.7,89.21041666666667,0,0,0,3.02,0,1.2479166666666666,24.103,16.883,19.36175,1048.7,1.2,218.80416666666667,12.5
2022-04-13,2022,4,13,9,26.231,17.938,20.760208333333335,93.2,81.8,91.10208333333334,0.5,0,0.03125,3.52,0,1.3735416666666667,23.262,16.726,19.268916666666666,1233.7,1.2,200.00208333333333,12.5
2022-04-14,2022,4,14,1.2000000000000002,28.196,18.985,21.66575,93.2,78.9,88.16875,0,0,0,2.52,0,0.806875,25.465,16.871,19.629166666666666,1693.7,1.2,244.53333333333333,12
2022-04-15,2022,4,15,0,30.773,17.748,23.224916666666665,92.7,66.5,83.13125,0.5,0,0.10416666666666667,4.53,0,1.31,25.683,15.612,20.117625,1881.2,1.2,491.2,13
2022-04-16,2022,4,16,0,29.065,18.319,22.785229166666667,92.7,77.8,87.22291666666666,0.5,0,0.010416666666666666,3.02,0,1.0591666666666666,25.123,16.707,20.545375,1491.2,1.2,282.7625,12.5
2022-04-17,2022,4,17,5.6,29.414,18.628,22.1423125,92.7,76.3,86.67708333333333,0.5,0,0.041666666666666664,3.02,0,1.059375,25.547,16.425,19.811145833333335,1723.7,1.2,318.6479166666667,12.5
2022-04-18,2022,4,18,21.599999999999998,30.142,17.249,21.53475,92,71.7,86.7375,0.5,0,0.010416666666666666,3.02,0,0.8381249999999999,25.226,15.527,19.208291666666668,1738.7,1.2,355.2104166666667,12.5
2022-04-19,2022,4,19,0,27.554,18.247,22.068166666666666,92.5,82.8,88.1,0,0,0,2.01,0,0.6602083333333333,25.285,16.229,20.0256875,1028.7,1.2,249.58541666666667,12.5
2022-04-20,2022,4,20,0,30.343,18.937,24.051125,91.8,66.8,81.9375,1.01,0,0.11479166666666667,4.03,0,1.1741666666666666,25.174,16.601,20.688020833333333,1756.2,1.2,489.06458333333336,12.5
2022-04-21,2022,4,21,0,29.916,19.341,23.8471875,92.3,68.1,81.4125,0.5,0,0.11458333333333333,4.03,0,1.289375,24.964,16.98,20.40075,1688.7,1.2,475.0541666666667,12.5
2022-04-22,2022,4,22,0.4,28.891,19.603,22.197854166666666,92.3,70.2,86.475,0.5,0,0.041666666666666664,4.03,0,0.8175,24.052,17.584,19.793458333333334,1723.7,1.2,259.0125,12.5
2022-04-23,2022,4,23,124.02,28.568,16.534,20.022604166666667,92.5,80.3,87.81041666666667,0.5,0,0.041666666666666664,7.05,0,1.3627083333333332,24.997,14.399,17.953125,1336.2,1.2,162.50208333333333,12
2022-04-24,2022,4,24,0,29.565,17.32,22.2851875,93.3,68.3,83.45833333333333,0.5,0,0.041666666666666664,3.52,0,1.1837499999999999,24.98,15.909,19.2466875,1876.2,1.2,481.1479166666667,12.5
2022-04-25,2022,4,25,0,28.766,17.748,21.885166666666667,92.8,72,87.66875,0,0,0,3.02,0,0.7752083333333333,24.375,15.707,19.733395833333333,1328.7,1.2,270.47083333333336,12.5
2022-04-26,2022,4,26,0,30.469,17.891,22.858645833333334,92.4,69.2,84.67916666666666,0.5,0,0.020833333333333332,3.52,0,0.78625,24.834,15.825,20.0735625,1786.2,1.2,416.9291666666667,12.5
2022-04-27,2022,4,27,0,29.865,19.032,23.7884375,92.8,65,83.28958333333333,1.01,0,0.104375,4.03,0,1.20625,25.919,17.499,20.66375,1758.7,1.2,499.06458333333336,12.5
2022-04-28,2022,4,28,0,29.389,18.628,22.159854166666666,92.1,78.4,87.22916666666667,0,0,0,2.01,0,0.4610416666666666,25.65,16.425,19.946354166666666,958.7,1.2,196.66875000000002,12.5
2022-04-29,2022,4,29,0,31.026,19.127,23.392833333333332,91.9,70.9,86.22083333333333,0.5,0,0.03125,3.52,0,1.0691666666666666,25.586,17.19,20.934666666666665,1698.7,1.2,337.29375,12.5
2022-04-30,2022,4,30,0,30.469,19.888,23.7738125,91.7,72.2,83.88541666666667,0,0,0,3.02,0,0.8489583333333333,25.711,17.333,20.853479166666666,1706.2,1.2,440.8354166666667,12.5
2022-05-01,2022,5,1,6.000000000000001,28.221,18.889,22.504458333333332,92.2,82.2,88.73958333333333,0,0,0,2.52,0,0.9539583333333332,25.708,16.775,20.5704375,1081.2,1.2,252.86666666666667,12.5
2022-05-02,2022,5,2,0,31.103,17.938,23.142395833333335,92.2,72.3,86.22291666666666,0.5,0,0.020833333333333332,3.02,0,0.9854166666666666,25.821,16.22,20.6736875,1668.7,1.2,421.25208333333336,12.5
2022-05-03,2022,5,3,0,30.722,18.747,23.408854166666668,91.8,75.7,85.77083333333334,0.5,0,0.03125,3.02,0,0.8389583333333333,26.298,16.213,20.883416666666665,1531.2,1.2,365.62708333333336,12.5
2022-05-04,2022,5,4,0.8,30.596,18.652,22.594270833333333,92.3,79.7,86.8875,0.5,0,0.010416666666666666,4.53,0,1.1425,27.473,16.744,20.307375,1118.7,1.2,275.8875,12.5
2022-05-05,2022,5,5,0.4,29.14,18.509,22.893729166666667,92.5,76,87.10416666666667,0.5,0,0.03125,4.03,0,1.2370833333333333,25.885,16.905,20.614875,1153.7,1.2,368.4916666666667,12.5
2022-05-06,2022,5,6,0,28.667,18.866,22.653979166666666,92.6,78.7,88.38333333333333,1.01,0,0.08354166666666667,4.03,0,0.9122916666666667,25.443,17.071,20.632875,1528.7,1.2,298.9604166666667,12.5
2022-05-07,2022,5,7,0,29.916,18.818,22.91,92.4,77.9,88.02291666666666,0.5,0,0.020833333333333332,3.02,0,1.0272916666666667,26.027,17.409,20.8139375,1751.2,1.2,341.40833333333336,12.5
2022-05-08,2022,5,8,0,30.041,19.436,23.225729166666667,91.8,61.1,79.86041666666667,0.5,0,0.020833333333333332,4.03,0,1.1952083333333334,23.422,14.481,19.4185625,1568.7,1.2,335.15833333333336,12.5
2022-05-09,2022,5,9,5.8,28.916,17.938,22.3188125,92.2,82,88.21458333333334,0.5,0,0.010416666666666666,4.03,0,1.645625,25.85,16.102,20.287416666666665,1388.7,1.2,278.7,12.5
2022-05-10,2022,5,10,11,22.274,18.913,20.5075625,91.9,83.2,86.71666666666667,0.5,0,0.020833333333333332,4.03,0,1.2375,20.63,16.246,18.233020833333335,368.7,1.2,68.59583333333333,12
2022-05-11,2022,5,11,3,22.13,18.176,19.4884375,92.4,83.8,87.96666666666667,0,0,0,3.02,0,1.258125,20.672,15.504,17.457583333333332,391.2,1.2,77.29375,12
2022-05-12,2022,5,12,26.2,20.984,17.843,18.716166666666666,91.6,83.4,86.52083333333333,0.5,0,0.03125,4.03,0,1.3425,19.555,15.122,16.436604166666665,283.7,1.2,51.981249999999996,12
2022-05-13,2022,5,13,13.8,24.508,17.106,19.153458333333333,92.6,83.2,86.99791666666667,0.5,0,0.041666666666666664,3.52,0,1.0691666666666666,22.826,14.455,16.95370833333333,981.2,1.2,113.28333333333333,12
2022-05-14,2022,5,14,0.4,23.93,17.486,20.2559375,92.1,84.2,88.92291666666667,0.5,0,0.020833333333333332,2.52,0,0.933125,22.49,15.773,18.3894375,726.2,1.2,162.24166666666667,12.5
2022-05-15,2022,5,15,25.599999999999998,25.477,18.343,20.078625000000002,91.8,82.3,85.47708333333334,1.01,0,0.18791666666666668,5.03,0,1.7716666666666667,23.894,15.594,17.586729166666668,1198.7,1.2,170.78333333333333,12.5
2022-05-16,2022,5,16,7,23.016,18.985,20.338958333333334,87.1,82.6,84.46041666666666,0,0,0,1.51,0,0.4295833333333333,20.536,16.17,17.655,416.2,1.2,101.87708333333333,12
2022-05-17,2022,5,17,1,27.358,19.389,21.087479166666668,92.5,82.6,85.7875,0,0,0,3.52,0,0.9541666666666666,25.169,16.544,18.635625,1083.7,1.2,166.72083333333333,12.5
2022-05-18,2022,5,18,48.199999999999996,23.04,18.723,19.747125,90.5,83,84.54375,1.01,0,0.13583333333333333,4.03,0,1.8139583333333333,21.154,16.059,17.088979166666668,541.2,1.2,98.80416666666666,12.5
2022-05-19,2022,5,19,18.2,19.032,17.51,18.426770833333332,86.5,84.6,85.93958333333333,1.01,0,0.209375,5.03,0.5,2.328125,16.676,15.089,16.051916666666667,191.2,1.2,40.47083333333333,12.5
2022-05-20,2022,5,20,61.4,24.532,18.438,19.8953125,91.7,85.7,86.89583333333333,1.01,0,0.21916666666666668,7.55,0.5,2.705416666666667,22.591,16.165,17.670833333333334,876.2,1.2,102.50208333333333,12
2022-05-21,2022,5,21,42.800000000000004,21.509,18.889,19.664291666666667,89.2,86.7,87.53125,1.01,0,0.16770833333333335,6.04,1.01,2.76875,19.426,16.7,17.559124999999998,756.2,1.2,125.52291666666667,12
2022-05-22,2022,5,22,24,22.321,17.867,19.492333333333335,92.2,87.6,89.0625,1.01,0,0.08354166666666667,4.03,0,2.0970833333333334,20.537,16.242,17.663208333333333,703.7,1.2,120.00208333333333,12.5
2022-05-23,2022,5,23,1.6,24.774,18.129,20.649604166666666,94,89.7,91.75208333333333,0.5,0,0.010416666666666666,3.02,0,1.0797916666666667,23.721,16.484,19.286875,766.2,1.2,161.14791666666667,12.5
2022-05-24,2022,5,24,0,29.916,18.675,22.34252083333333,94.4,78.9,89.77708333333334,0.5,0,0.09375,3.52,0,1.0595833333333333,26.866,17.181,20.578041666666667,1566.2,1.2,327.5541666666667,12.5
2022-05-25,2022,5,25,9.4,28.543,18.271,21.644354166666666,93.8,77.7,89.65416666666667,0.5,0,0.010416666666666666,4.03,0,0.83875,24.762,16.816,19.865104166666665,1303.7,1.2,261.25208333333336,12.5
2022-05-26,2022,5,26,24.4,26.134,18.438,20.309229166666668,94.3,88.9,91.11875,0,0,0,2.01,0,0.6291666666666667,24.488,16.877,18.8361875,811.2,1.2,128.075,12.5
2022-05-27,2022,5,27,2,27.628,17.796,20.718333333333334,94.5,83.6,90.18958333333333,0,0,0,3.52,0,0.8916666666666666,25.202,16.085,19.068479166666666,1271.2,1.2,257.18958333333336,12.5
2022-05-28,2022,5,28,0.6000000000000001,28.27,16.439,20.677625,94.6,79.3,89.59166666666667,0.5,0,0.020833333333333332,3.02,0,1.0489583333333332,25.058,15.138,18.9013125,1553.7,1.2,341.825,12.5
2022-05-29,2022,5,29,0,29.69,16.654,21.115291666666668,94.5,75.6,89.04375,0.5,0,0.03125,3.02,0,0.8389583333333334,25.473,15.453,19.214979166666666,1486.2,1.2,338.9604166666667,13
2022-05-30,2022,5,30,0,28.097,17.272,21.70404166666667,94.2,70.6,87.31875,0.5,0,0.052083333333333336,3.02,0,1.2483333333333333,24.496,15.792,19.45175,1503.7,1.2,375.78333333333336,12.5
2022-05-31,2022,5,31,18.4,29.19,17.415,21.067479166666665,94.1,74.7,88.06666666666666,0,0,0,2.52,0,1.016875,24.793,16.054,18.979020833333333,1538.7,1.2,325.62708333333336,12.5
2022-06-01,2022,6,1,1.4000000000000001,28.742,17.558,21.3201875,94.3,79.1,88.7625,0.5,0,0.010416666666666666,3.52,0,1.131875,25.228,15.902,19.389729166666665,1443.7,1.2,313.23125,12.5
2022-06-02,2022,6,2,0,29.74,17.534,21.639145833333334,94.5,71.4,88.58958333333334,0.5,0,0.052083333333333336,3.52,0,0.9539583333333332,25.625,15.965,19.629270833333333,1456.2,1.2,328.59583333333336,12.5
2022-06-03,2022,6,3,0.2,30.243,18.485,22.230270833333332,94.4,74.6,88.76875,0.5,0,0.052083333333333336,4.03,0,1.1116666666666666,25.763,16.976,20.259395833333333,1586.2,1.2,347.5541666666667,12.5
2022-06-04,2022,6,4,0.4,29.916,17.701,22.383166666666668,94.2,73,88.11041666666667,0.5,0,0.010416666666666666,2.52,0,0.9324999999999999,24.873,16.182,20.275916666666667,1461.2,1.2,324.0125,13
2022-06-05,2022,6,5,1.5999999999999999,27.702,19.508,22.008333333333333,94.4,83,90.56875,0,0,0,2.52,0,0.7547916666666666,25.353,17.9,20.4089375,1123.7,1.2,197.24166666666667,11.5
2022-06-06,2022,6,6,0,28.791,19.341,22.51275,94.3,74.5,88.30833333333334,0.5,0,0.020833333333333332,3.02,0,0.9647916666666666,26.513,17.576,20.4675625,1243.7,1.2,307.50208333333336,12.5
2022-06-07,2022,6,7,4.6000000000000005,22.513,18.58,20.2025,94.9,89.5,92.17916666666666,1.01,0,0.19833333333333333,3.52,0,1.5310416666666666,21.317,17.101,18.91525,501.2,1.2,139.89791666666667,12.5
2022-06-08,2022,6,8,7.4,29.64,17.891,21.525520833333335,94.6,75.8,89.53958333333333,0.5,0,0.020833333333333332,3.02,0,1.3935416666666665,24.942,16.68,19.720333333333333,1521.2,1.2,288.0229166666667,13
2022-06-09,2022,6,9,1,27.653,17.296,21.143395833333333,95.1,77.7,90.68958333333333,0,0,0,2.52,0,0.9329166666666666,23.918,15.816,19.560125,1238.7,1.2,267.03333333333336,13
2022-06-10,2022,6,10,0,28.369,17.463,21.619770833333334,95.2,77.6,90.12708333333333,1.01,0,0.041875,3.52,0,1.1745833333333333,24.645,16.708,19.893,1208.7,1.2,320.9916666666667,12.5
2022-06-11,2022,6,11,2.6,28.345,17.368,21.320708333333332,94.9,77.7,89.73958333333333,1.01,0,0.25125,5.03,0,2.0235416666666666,25.311,15.939,19.5549375,1281.2,1.2,310.5229166666667,12.5
2022-06-12,2022,6,12,0.6000000000000001,26.28,18.557,20.7880625,94.9,79.5,90.60416666666667,0.5,0,0.03125,3.52,0,1.341875,23.963,17.041,19.202375,1161.2,1.2,229.95000000000002,12.5
2022-06-13,2022,6,13,2.6,31.331,16.868,21.822354166666667,94.4,68.9,87.03958333333334,0.5,0,0.020833333333333332,3.02,0,1.248125,25.036,15.766,19.464041666666667,1611.2,1.2,418.90833333333336,12.5
2022-06-14,2022,6,14,7,30.874,17.344,22.018124999999998,94.4,71.6,87.65416666666667,0.5,0,0.052083333333333336,3.02,0,0.9858333333333333,27.089,15.967,19.810833333333335,1691.2,1.2,392.2416666666667,12.5
2022-06-15,2022,6,15,28,26.818,18.152,20.306291666666667,94.9,87.1,91.97708333333334,0.5,0,0.020833333333333332,3.52,0,1.0060416666666667,25.769,16.712,18.981145833333333,901.2,1.2,179.42916666666667,12.5
2022-06-16,2022,6,16,6.6000000000000005,30.293,18.224,21.277729166666667,94.5,76.1,89.18958333333333,0.5,0,0.03125,4.03,0,1.0277083333333332,25.751,16.578,19.408854166666668,1623.7,1.2,287.1375,12.5
2022-06-17,2022,6,17,13.2,27.875,16.987,21.078354166666667,94.6,77.9,89.16875,0,0,0,3.52,0,1.0802083333333332,24.527,15.591,19.208104166666665,1263.7,1.2,289.7416666666667,12.5
2022-06-18,2022,6,18,13.4,27.308,17.153,20.3783125,95,84.4,91.26875,0.5,0,0.010416666666666666,3.02,0,0.89125,25.158,15.812,18.921020833333333,1053.7,1.2,208.75208333333333,12.5
2022-06-19,2022,6,19,1.4000000000000001,28.171,17.867,20.481895833333333,95.1,82.9,91.24791666666667,0.5,0,0.010416666666666666,2.52,0,1.006875,25.795,16.7,19.0188125,1296.2,1.2,210.78333333333333,12.5
2022-06-20,2022,6,20,5.4,26.842,16.844,20.741145833333334,95.4,75.5,91.37291666666667,0.5,0,0.07291666666666667,3.02,0,1.42625,22.884,16.042,19.266270833333333,1208.7,1.2,279.0125,12.5
2022-06-21,2022,6,21,11,24.363,18.271,20.004541666666668,95.5,87.9,91.94583333333334,0.5,0,0.0625,4.03,0,1.8035416666666666,22.973,16.712,18.678104166666667,746.2,1.2,165.88750000000002,12
2022-06-22,2022,6,22,13.2,26.109,16.344,19.6678125,95.7,84.2,91.84166666666667,1.01,0,0.12520833333333334,4.03,0,1.86625,23.939,14.959,18.318645833333335,1266.2,1.2,206.77291666666667,12.5
2022-06-23,2022,6,23,6,26.695,18.366,20.71216666666667,95.5,83.9,91.60625,1.01,0,0.135625,3.52,1.01,2.2122916666666668,24.611,16.993,19.311020833333334,1083.7,1.2,241.72083333333333,12.5
2022-06-24,2022,6,24,23,24.992,18.414,19.988229166666667,95.5,89.9,91.75416666666666,1.01,0,0.25125,4.53,0.5,2.1710416666666665,23.83,16.929,18.629729166666667,908.7,1.2,162.97083333333333,12.5
2022-06-25,2022,6,25,13.600000000000001,23.761,16.892,19.550791666666665,95.9,88.8,92.23541666666667,1.01,0,0.09416666666666666,4.53,1.01,2.495,22.671,15.416,18.2768125,906.2,1.2,170.21041666666667,12
2022-06-26,2022,6,26,1.8,25.283,18.152,20.254583333333333,96,84.2,91.45208333333333,1.51,0,0.608125,6.04,1.01,3.31375,23.425,16.715,18.829770833333335,1088.7,1.2,236.14791666666667,13
2022-06-27,2022,6,27,2,24.146,18.105,19.889458333333334,96,90.2,94.26458333333333,1.51,0,0.5029166666666667,5.54,1.01,3.114375,22.901,17.146,18.962666666666667,778.7,1.2,175.575,12.5
2022-06-28,2022,6,28,13.2,22.824,17.843,19.309604166666666,96,91.8,93.50833333333334,0.5,0,0.010416666666666666,5.03,0.5,2.17125,22.045,16.7,18.260145833333333,736.2,1.2,158.90833333333333,12.5
2022-06-29,2022,6,29,9.2,23.232,17.915,19.4261875,95.9,90.8,92.99791666666667,0.5,0,0.010416666666666666,4.03,0,1.919375,22.451,16.515,18.287979166666666,648.7,1.2,147.91875000000002,12.5
2022-06-30,2022,6,30,68.6,22.345,17.368,18.562875000000002,94.5,91.1,92.125,1.01,0,0.104375,4.03,0,2.118125,20.849,16.076,17.28183333333333,583.7,1.2,81.14791666666666,12.5
2022-07-01,2022,7,1,16,21.795,17.605,19.1615625,94.6,91.5,92.68333333333334,0.5,0,0.020833333333333332,4.53,0,2.044375,20.9,16.328,17.971854166666667,543.7,1.2,111.66875,12.5
2022-07-02,2022,7,2,27.4,21.294,18.152,19.291687500000002,94.6,91.8,92.83333333333333,0,0,0,4.03,0,1.7202083333333333,20.264,16.901,18.126583333333333,351.2,1.2,74.06458333333333,12.5
2022-07-03,2022,7,3,55.8,23.208,16.796,19.2531875,96.7,91.7,93.5125,1.51,0,0.21979166666666666,6.54,0.5,2.4327083333333333,22.253,15.728,18.203333333333333,813.7,1.2,128.90833333333333,12
2022-07-04,2022,7,4,25,20.936,15.39,17.956229166666667,96.8,92.5,94.26666666666667,1.01,0,0.37666666666666665,5.03,1.01,3.09375,20.301,14.315,17.042875,393.7,1.2,88.7,12.5
2022-07-05,2022,7,5,57,19.08,17.534,18.234583333333333,92.9,92.2,92.53333333333333,1.51,0,0.281875,5.54,1.51,3.418541666666667,17.825,16.377,17.026208333333333,248.7,1.2,44.06458333333333,12
2022-07-06,2022,7,6,65.4,19.318,17.582,18.200333333333333,93.6,92.8,93.17708333333333,1.01,0,0.16729166666666667,7.55,1.01,3.4914583333333336,18.164,16.475,17.101875,328.7,1.2,45.8875,12
2022-07-07,2022,7,7,49.199999999999996,19.222,17.058,17.955145833333333,94.5,93.5,93.92708333333333,0.5,0,0.03125,5.03,0,2.3597916666666667,18.205,16.139,16.9848125,261.2,1.2,48.12708333333333,12
2022-07-08,2022,7,8,25.400000000000002,20.365,17.13,18.25,97.5,94.6,95.76666666666667,1.01,0,0.09395833333333334,4.53,0,2.4008333333333334,19.933,16.343,17.58566666666667,381.2,1.2,77.1375,12.5
2022-07-09,2022,7,9,50.6,18.985,17.51,18.147895833333333,95.5,94.9,95.18125,0.5,0,0.052083333333333336,5.03,1.01,3.1045833333333333,18.206,16.771,17.386645833333333,223.7,1.2,45.36666666666667,12
2022-07-10,2022,7,10,59,20.936,17.249,18.647354166666666,96.9,95.1,95.75,0.5,0,0.10416666666666667,5.54,1.51,3.0412500000000002,20.216,16.512,17.978708333333334,493.7,1.2,86.09583333333333,12
2022-07-11,2022,7,11,38.4,20.126,17.701,18.663145833333335,97,95.3,96.15416666666667,2.01,0,0.135625,5.54,1.01,2.956875,19.41,17.028,18.06147916666667,448.7,1.2,81.56458333333333,12
2022-07-12,2022,7,12,17.4,20.293,17.605,18.524333333333335,97.7,96,96.66041666666666,1.01,0,0.355625,6.04,1.01,3.638125,19.861,17.031,18.00675,351.2,1.2,66.30416666666666,12
2022-07-13,2022,7,13,67.8,19.222,17.201,18.031854166666665,96.7,96.2,96.43958333333333,1.51,0,0.5441666666666667,9.56,2.01,4.8031250000000005,18.626,16.693,17.479166666666668,313.7,1.2,49.481249999999996,11.5
2022-07-14,2022,7,14,73.2,18.889,17.32,17.9423125,97.9,96.4,96.95416666666667,1.51,0,0.39708333333333334,6.54,2.52,4.425208333333334,18.443,16.828,17.47425,311.2,1.2,50.574999999999996,12
2022-07-15,2022,7,15,48,20.269,17.249,18.543666666666667,98.1,96.8,97.37291666666667,1.51,0,0.16708333333333333,6.04,0.5,3.31375,19.847,16.806,18.143104166666667,476.2,1.2,74.95,12
2022-07-16,2022,7,16,19.400000000000002,20.246,17.962,19.019395833333334,98.7,97.1,97.80833333333334,0.5,0,0.0625,5.54,0.5,2.3808333333333334,19.847,17.616,18.68927083333333,358.7,1.2,59.84583333333333,12
2022-07-17,2022,7,17,24.2,20.77,18.2,19.10125,99,97.5,98.34583333333333,0,0,0,4.03,0,1.6154166666666667,20.569,17.951,18.8586875,291.2,1.2,71.56458333333333,12
2022-07-18,2022,7,18,29.2,19.817,17.677,18.4753125,99,97.6,98.3,0,0,0,4.03,0,1.4154166666666665,19.452,17.493,18.225729166666667,241.2,1.2,58.543749999999996,12
2022-07-19,2022,7,19,0.8,27.063,17.605,20.6865,99.7,83.1,96,0.5,0,0.020833333333333332,3.02,0,1.236875,25.012,17.356,20.022020833333332,966.2,1.2,226.30416666666667,13
2022-07-20,2022,7,20,43,23.4,19.008,20.205395833333334,99.8,96.9,98.9375,0,0,0,3.52,0,0.7643749999999999,22.91,18.791,20.059354166666665,373.7,1.2,84.58541666666666,12.5
2022-07-21,2022,7,21,4.2,27.259,18.794,21.10425,99.9,85,95.82291666666667,1.01,0,0.115,4.03,0.5,1.6675,24.859,18.479,20.4085,1081.2,1.2,222.29375000000002,13
2022-07-22,2022,7,22,5.8,24.944,18.58,20.054833333333335,99.9,88.8,97.68125,0.5,0,0.041666666666666664,3.52,0,1.3629166666666666,23.102,18.525,19.687833333333334,603.7,1.2,109.74166666666667,11.5
2022-07-23,2022,7,23,7,23.448,18.057,19.371333333333332,100,96.6,99.01666666666667,0.5,0,0.020833333333333332,3.52,0,1.551875,23.179,17.921,19.237312499999998,598.7,1.2,98.96041666666666,12
2022-07-24,2022,7,24,5.8,25.016,17.677,20.160020833333334,100,85.5,96.64583333333333,0.5,0,0.09375,3.52,0,1.76125,24.331,17.7,19.61025,1006.2,1.2,190.47083333333333,12
2022-07-25,2022,7,25,0.4,26.744,16.868,20.7051875,100,74.6,92.54375,0.5,0,0.0625,4.03,0,1.2477083333333332,22.359,16.874,19.35985416666667,1101.2,1.2,237.65833333333333,12.5
2022-07-26,2022,7,26,1,25.914,17.938,20.7405625,99.9,79,93.9625,0.5,0,0.07291666666666667,4.03,0,1.1429166666666666,23.093,17.866,19.691125,843.7,1.2,214.63750000000002,12.5
2022-07-27,2022,7,27,32.2,25.89,17.629,19.984,99.9,80.4,96.82291666666667,0.5,0,0.03125,3.02,0,0.9960416666666666,23.585,17.636,19.452104166666665,1223.7,1.2,165.47083333333333,12.5
2022-07-28,2022,7,28,30,28.048,17.225,20.873895833333332,99.8,76.5,95.88541666666667,0,0,0,2.52,0,0.744375,24.7,17.057,20.168145833333334,1253.7,1.2,193.70000000000002,12.5
2022-07-29,2022,7,29,1.6,27.53,17.867,21.8865625,99.7,81.4,94.65208333333334,0.5,0,0.03125,3.52,0,1.4470833333333333,25.006,17.731,20.962083333333332,846.2,1.2,209.11666666666667,12.5
2022-07-30,2022,7,30,21.4,28.196,18.39,21.2041875,99.9,82.6,96.06666666666666,0.5,0,0.020833333333333332,3.52,0,1.026875,24.983,18.35,20.536125,1066.2,1.2,177.81458333333333,11.5
2022-07-31,2022,7,31,9.2,28.295,17.058,21.024395833333333,100,72.8,95.34791666666666,0.5,0,0.010416666666666666,3.52,0,0.8902083333333333,25.042,17.08,20.20960416666667,896.2,1.2,159.89791666666667,12.5
2022-08-01,2022,8,1,64.4,25.574,17.986,19.675916666666666,99.9,89.8,98.71875,1.01,0,0.08375,3.02,0,1.143125,24.372,17.882,19.488,618.7,1.2,95.21041666666666,12
2022-08-02,2022,8,2,57,21.008,17.629,18.828770833333333,98.8,97.7,98.31041666666667,1.51,0,0.209375,5.03,1.01,2.1075,20.691,17.445,18.580770833333332,308.7,1.2,72.71041666666666,12
2022-08-03,2022,8,3,47.8,21.318,18.152,19.142395833333335,98.3,97.4,97.83541666666666,1.01,0,0.11479166666666667,3.52,0,1.7825,20.951,17.822,18.8166875,293.7,1.2,67.24166666666666,12
2022-08-04,2022,8,4,121.6,19.222,17.653,18.552625,97.9,97.5,97.64791666666666,2.01,0,0.6183333333333333,7.55,0.5,3.54375,18.841,17.307,18.197125,166.2,1.2,36.46041666666667,11.5
2022-08-05,2022,8,5,39.800000000000004,18.2,16.82,17.5538125,98.3,97.7,97.90625,2.01,0,1.1541666666666666,7.05,4.03,5.432916666666666,17.87,16.507,17.241479166666668,201.2,1.2,38.28333333333333,12
2022-08-06,2022,8,6,28.200000000000003,19.436,16.606,18.14775,99.3,98.1,98.7375,1.51,0,0.408125,6.04,2.01,3.7225,19.235,16.374,17.969291666666667,218.7,1.2,52.762499999999996,12
2022-08-07,2022,8,7,41.8,19.056,16.892,18.228083333333334,100,99.3,99.89583333333333,1.51,0,0.44916666666666666,6.04,2.01,3.96375,19.081,16.898,18.235666666666667,181.2,1.2,41.668749999999996,12
2022-08-08,2022,8,8,63.800000000000004,19.603,17.463,18.386604166666668,100,99.9,99.99375,1.01,0,0.26083333333333336,8.05,2.01,4.247083333333333,19.613,17.486,18.410020833333334,233.7,1.2,54.42916666666667,12
2022-08-09,2022,8,9,24,19.984,17.344,18.227625,100,97.4,99.075,2.01,0,0.5235416666666667,6.54,1.51,4.1935416666666665,20.011,17.234,18.1024375,431.2,1.2,88.59583333333333,12.5
2022-08-10,2022,8,10,1.2000000000000002,22.178,17.368,18.867770833333335,100,96,97.90416666666667,1.51,0,0.37645833333333334,6.54,1.01,3.8800000000000003,21.538,17.006,18.552479166666668,723.7,1.2,109.74166666666667,12
2022-08-11,2022,8,11,6.6,24.05,17.915,19.238229166666667,100,94.2,99.04583333333333,1.51,0,0.24041666666666667,7.05,1.51,3.524166666666667,23.23,17.779,19.105541666666667,566.2,1.2,91.92916666666667,12.5
2022-08-12,2022,8,12,7.2,23.569,17.653,19.590354166666668,100,92.6,98.29583333333333,1.51,0,0.18833333333333332,6.04,0.5,2.6325000000000003,23.165,17.676,19.330770833333332,703.7,1.2,141.77291666666667,12
2022-08-13,2022,8,13,2.4,24.291,16.439,19.670041666666666,100,83.3,94.66041666666666,0.5,0,0.03125,5.54,0,1.908125,22.228,15.59,18.778479166666667,801.2,1.2,160.88750000000002,12
2022-08-14,2022,8,14,0,25.768,16.463,20.3905,100,74.5,90.61666666666667,1.01,0,0.09416666666666666,4.03,0,1.4885416666666667,23.031,15.63,18.738354166666667,963.7,1.2,225.99166666666667,12.5
2022-08-15,2022,8,15,0,28.072,16.963,21.696916666666667,100,68.7,88.42708333333333,1.01,0,0.08354166666666667,4.03,0,1.205625,22.544,16.985,19.4838125,1113.7,1.2,308.28333333333336,12.5
2022-08-16,2022,8,16,0,30.091,17.439,22.453458333333334,100,71,90.31041666666667,1.01,0,0.12541666666666668,4.53,0,1.27875,24.942,17.462,20.63225,1288.7,1.2,312.7625,12.5
2022-08-17,2022,8,17,0,30.52,17.32,21.8219375,100,69.3,92.3625,1.01,0,0.135625,3.52,0,1.4258333333333333,25.158,17.327,20.39825,1216.2,1.2,300.0541666666667,12.5
2022-08-18,2022,8,18,0.2,28.642,18.319,21.486520833333334,99.7,72.4,94.38125000000001,0.5,0,0.07291666666666667,4.03,0,1.4160416666666666,25.419,18.295,20.488375,1101.2,1.2,225.47083333333333,12
2022-08-19,2022,8,19,5,26.695,18.414,20.896291666666666,99.5,83.2,96.24166666666666,0.5,0,0.041666666666666664,3.52,0.5,1.4475,24.13,18.262,20.270520833333332,851.2,1.2,159.11666666666667,12
2022-08-20,2022,8,20,0.4,28.147,17.843,21.336895833333333,99.3,76.4,93.30208333333333,0.5,0,0.0625,3.52,0,1.6035416666666666,24.019,17.675,20.150395833333334,1103.7,1.2,257.5541666666667,12.5
2022-08-21,2022,8,21,2.6,25.598,17.51,20.6635,99,79.3,94.94166666666666,0.5,0,0.041666666666666664,4.03,0,1.4785416666666666,22.655,17.342,19.805833333333332,808.7,1.2,164.89791666666667,12.5
2022-08-22,2022,8,22,39.4,20.246,17.891,18.772104166666665,98.4,96.6,97.43958333333333,1.01,0,0.18791666666666668,5.54,0,2.36,19.83,17.389,18.382125,258.7,1.2,55.731249999999996,12
2022-08-23,2022,8,23,9.200000000000001,23.641,17.677,19.376125,98.1,91.3,96.43333333333334,0.5,0,0.020833333333333332,3.52,0,1.6252083333333331,22.753,17.103,18.814854166666667,531.2,1.2,119.27291666666667,11.5
2022-08-24,2022,8,24,17.2,20.77,17.867,18.818708333333333,97.8,96.3,97.05625,0,0,0,3.02,0,1.2583333333333333,20.303,17.373,18.365604166666667,323.7,1.2,56.09583333333333,11.5
2022-08-25,2022,8,25,39.599999999999994,26.842,16.725,19.814916666666665,98.1,83.5,95.08125,1.01,0,0.08354166666666667,4.03,0,1.4152083333333332,24.813,16.429,18.999291666666668,833.7,1.2,155.15833333333333,12.5
2022-08-26,2022,8,26,23.8,25.914,16.677,19.787541666666666,97.8,88.3,95.57916666666667,0.5,0,0.041666666666666664,3.02,0,1.2052083333333332,24.178,16.171,19.073375,766.2,1.2,144.01250000000002,12
2022-08-27,2022,8,27,42.4,24.871,16.939,19.309875,97.7,88.6,95.89166666666667,0.5,0,0.041666666666666664,3.52,0,1.3002083333333332,23.166,16.4,18.655562500000002,663.7,1.2,122.39791666666666,12
2022-08-28,2022,8,28,42.21,25.939,16.82,19.989354166666665,97.4,84.9,94.575,1.01,0,0.03145833333333333,3.52,0,1.0477083333333332,23.499,16.232,19.095104166666665,793.7,1.2,151.98125000000002,12
2022-08-29,2022,8,29,4.4,27.702,18.485,21.111791666666665,97.3,81,94.14375,0.5,0,0.010416666666666666,3.02,0,0.9860416666666666,26.665,17.875,20.13520833333333,1051.2,1.2,184.79375000000002,12
2022-08-30,2022,8,30,10.799999999999999,27.112,17.605,21.180333333333333,96.7,82.9,93.46458333333334,0.5,0,0.07291666666666667,3.52,0,1.1954166666666666,24.294,17.014,20.083270833333334,1191.2,1.2,200.575,12
2022-08-31,2022,8,31,34,25.598,17.177,19.923854166666665,96.7,87.5,94.88958333333333,1.01,0,0.06291666666666666,5.03,0,1.226875,23.792,16.669,19.095041666666667,751.2,1.2,115.21041666666667,11.5
2022-09-01,2022,9,1,42,23.184,17.463,19.354145833333334,96.4,93.5,95.30416666666667,0,0,0,2.01,0,0.6079166666666667,22.264,16.642,18.607541666666666,386.2,1.2,92.45,12
2022-09-02,2022,9,2,3,24.581,16.844,20.146104166666667,95.5,90.5,93.8625,0.5,0,0.020833333333333332,4.03,0,1.2058333333333333,23.379,15.86,19.14870833333333,581.2,1.2,123.96041666666666,12.5
2022-09-03,2022,9,3,6.8,27.751,17.249,21.002895833333334,95.3,84.4,92.075,0.5,0,0.03125,3.52,0,1.32125,24.91,16.144,19.67770833333333,818.7,1.2,157.24166666666667,12.5
2022-09-04,2022,9,4,41.809999999999995,28.196,17.415,20.8601875,94,81.5,91.27916666666667,0,0,0,2.52,0,0.9539583333333332,25.955,16.122,19.398958333333333,898.7,1.2,142.71041666666667,12.5
2022-09-05,2022,9,5,70.41000000000001,28.245,18.509,20.386916666666668,93.7,78.8,90.09583333333333,0.5,0,0.010416666666666666,2.52,0,0.98625,24.624,16.877,18.718166666666665,941.2,1.2,128.7,11.5
2022-09-06,2022,9,6,22.599999999999998,21.485,18.057,19.050250000000002,89.9,87.4,88.80208333333333,1.51,0,0.4295833333333333,4.53,0,2.401666666666667,19.548,15.952,17.181979166666668,376.2,1.2,89.95,12
2022-09-07,2022,9,7,20,22.824,17.843,18.7948125,90.4,85.4,87.20208333333333,1.51,0,0.6914583333333333,5.54,1.01,3.4502083333333333,21.016,15.435,16.643416666666667,438.7,1.2,76.87708333333333,11.5
2022-09-08,2022,9,8,24,20.627,16.939,18.4263125,85.7,83.3,84.54375,1.51,0,0.41833333333333333,6.04,2.01,3.31375,17.832,14.546,15.793375,236.2,1.2,49.42916666666667,11.5
2022-09-09,2022,9,9,30,20.865,17.891,18.726083333333335,83.2,80.5,81.92291666666667,1.51,0,0.5029166666666667,5.54,2.01,3.963541666666667,17.623,14.779,15.594479166666666,296.2,1.2,65.31458333333333,11.5
2022-09-10,2022,9,10,26.400000000000002,19.484,18.01,18.577791666666666,80.6,78,79.39791666666666,1.51,0,0.713125,7.05,2.01,4.0477083333333335,15.806,14.297,14.9620625,278.7,1.2,47.29375,11.5
2022-09-11,2022,9,11,12.200000000000001,21.127,17.891,18.796395833333335,78.1,72.6,75.9125,1.51,0,0.53375,6.04,2.01,3.8595833333333336,16.46,13.215,14.4739375,291.2,1.2,65.8875,11.5
2022-09-12,2022,9,12,16.4,20.055,17.772,18.623020833333335,72.6,65.8,69.52916666666667,1.51,0,0.4091666666666667,6.04,1.01,3.2510416666666666,14.122,11.581,12.950020833333333,251.2,1.2,54.793749999999996,12
2022-09-13,2022,9,13,4,24.484,17.153,19.208125,83.6,60.4,68.51666666666667,1.01,0,0.09416666666666666,4.03,0,1.405,21.216,9.686,13.256166666666667,751.2,1.2,106.61666666666667,12.5
2022-09-14,2022,9,14,0.4,26.549,16.868,20.221333333333334,82.5,52.1,65.4625,1.01,0,0.08395833333333333,3.52,0,1.1214583333333332,22.988,8.494,13.4438125,828.7,1.2,162.29375000000002,12
2022-09-15,2022,9,15,0,28.593,16.225,20.916895833333335,82.8,50.9,66.275,0.5,0,0.11458333333333333,3.52,0,1.3629166666666666,23.953,6.985,14.308145833333334,963.7,1.2,253.96041666666667,12.5
2022-09-16,2022,9,16,0,29.14,15.7,20.930270833333335,81.6,42.4,63.18125,0.5,0,0.052083333333333336,4.03,0,1.2897916666666667,24.371,5.407,13.4855625,1223.7,1.2,262.7104166666667,12.5
2022-09-17,2022,9,17,0,29.439,16.368,21.180854166666666,79.6,37.4,57.38333333333333,0.5,0,0.03125,3.02,0,1.425625,24.593,3.691,11.9745625,1143.7,1.2,222.08541666666667,12
2022-09-18,2022,9,18,5.8,28.941,17.296,20.923791666666666,77.6,26.9,48.47083333333333,0.5,0,0.020833333333333332,3.52,0,1.0377083333333332,24.067,-0.998,8.816083333333333,1081.2,1.2,206.98125000000002,12
2022-09-19,2022,9,19,5.2,26.426,17.819,20.008541666666666,74,19.1,36.62916666666667,0.5,0,0.03125,3.02,0,1.3414583333333332,20.668,-4.388,3.5701041666666664,693.7,1.2,130.26250000000002,11.5
2022-09-20,2022,9,20,0,27.235,16.892,20.505229166666666,77.2,22.4,49.61875,0.5,0,0.041666666666666664,4.03,0,1.363125,22.399,-4.009,8.263291666666667,991.2,1.2,204.16875000000002,12
2022-09-21,2022,9,21,0,27.727,16.201,20.63925,77.3,14.9,49.510416666666664,0.5,0,0.125,4.53,0,1.4572916666666667,22.471,-9.595,8.440104166666666,958.7,1.2,230.21041666666667,12.5
2022-09-22,2022,9,22,0,28.072,14.888,20.074166666666667,77.4,10.8,43.1625,1.51,0,0.24125,5.54,0,1.6883333333333335,22.507,-13.946,4.201104166666667,1028.7,1.2,255.10625000000002,12.5
2022-09-23,2022,9,23,0,28.369,15.079,20.428395833333333,75.9,15.7,56.322916666666664,1.01,0,0.23041666666666666,5.54,0,1.6670833333333335,22.481,-9.64,10.510979166666667,1228.7,1.2,269.95,12.5
2022-09-24,2022,9,24,0,28.072,15.867,20.497916666666665,75.6,25.9,54.489583333333336,0.5,0,0.09375,4.03,0,1.3104166666666666,22.37,-2.487,10.537166666666668,1136.2,1.2,248.49166666666667,12
2022-09-25,2022,9,25,0,29.439,15.247,21.470895833333334,75.5,12,50.94375,0.5,0,0.010416666666666666,3.52,0,1.1847916666666667,22.471,-10.875,9.92825,1136.2,1.2,306.04375,12
2022-09-26,2022,9,26,0.2,31.077,16.796,21.554770833333333,74.4,2.6,29.76875,0,0,0,3.02,0,1.0070833333333333,22.935,-28.755,-2.5756041666666665,1113.7,1.2,230.26250000000002,11.5
2022-09-27,2022,9,27,0,30.268,16.773,21.712354166666668,74,1,43.65,0.5,0,0.020833333333333332,3.52,0,1.038125,23.372,-38.36,5.015,1151.2,1.2,277.34583333333336,12.5
2022-09-28,2022,9,28,0,28.617,16.868,20.625645833333333,72.8,1,31.379166666666666,0.5,0,0.010416666666666666,3.52,0,1.289375,22.983,-39.669,-9.616041666666666,916.2,1.2,176.61666666666667,12
2022-09-29,2022,9,29,0,30.041,16.987,21.548541666666665,73.2,1,39.233333333333334,1.01,0,0.14604166666666668,4.03,0,1.4360416666666667,22.144,-38.718,1.2859375,1126.2,1.2,268.4916666666667,12
2022-09-30,2022,9,30,0,28.468,16.963,21.05225,73.9,1,31.31458333333333,1.51,0,0.40875,6.04,0,2.4545833333333333,22.158,-39.611,-9.385708333333334,1018.7,1.2,237.60625000000002,12
2022-10-01,2022,10,1,2,22.992,17.225,19.01460416666667,57.6,1,14.222916666666666,0.5,0,0.09375,3.52,0.5,1.9295833333333332,13.243,-39.452,-23.3336875,471.2,1.2,87.03333333333333,11
2022-10-02,2022,10,2,0,29.464,18.057,20.982125,70,1,27.241666666666667,1.01,0,0.11479166666666667,4.53,0,1.8664583333333333,22.991,-38.949,-10.937958333333334,1051.2,1.2,184.84583333333333,12
2022-10-03,2022,10,3,0,27.924,17.867,20.491854166666666,70.1,1,16.554166666666667,0.5,0,0.03125,4.03,0,1.1741666666666666,21.228,-39.064,-21.165854166666666,878.7,1.2,130.88750000000002,11
2022-10-04,2022,10,4,1,28.742,16.106,21.1333125,69.7,1,24.133333333333333,0.5,0,0.020833333333333332,4.03,0,1.2895833333333333,22.682,-40.131,-15.904416666666668,881.2,1.2,211.25208333333333,12
2022-10-05,2022,10,5,0,27.53,18.247,20.8761875,68.8,1,17.077083333333334,0,0,0,3.52,0,0.9533333333333333,20.603,-38.834,-20.534770833333333,801.2,1.2,139.74166666666667,11.5
2022-10-06,2022,10,6,3,24.484,17.867,19.533645833333335,57.2,1,10.370833333333334,1.01,0,0.08354166666666667,4.53,0,1.5091666666666665,14.764,-39.064,-27.640562499999998,541.2,1.2,94.84583333333333,11.5
2022-10-07,2022,10,7,0,28.543,15.127,20.219562500000002,68.6,1,28.072916666666664,0.5,0,0.08333333333333333,4.03,0,1.185,21.42,-40.725,-12.399645833333334,1111.2,1.2,245.26250000000002,12
2022-10-08,2022,10,8,0.4,28.941,15.819,20.712479166666668,69.3,1,25.741666666666667,0.5,0,0.020833333333333332,3.52,0,0.8389583333333333,22.269,-40.305,-15.756104166666667,1143.7,1.2,266.6166666666667,12
2022-10-09,2022,10,9,2.4,24.895,17.272,20.075375,49.3,1,8.60625,0,0,0,2.52,0,0.5354166666666667,13.339,-39.424,-28.412583333333334,471.2,1.2,97.45,12
2022-10-10,2022,10,10,27.2,25.817,17.296,19.5949375,46.7,1,8.975,0,0,0,2.01,0,0.39791666666666664,12.642,-39.409,-27.73875,561.2,1.2,84.6375,12
2022-10-11,2022,10,11,46.2,27.407,17.748,20.0175625,58.5,1,8.93125,0,0,0,3.02,0,0.5452083333333333,16.802,-39.136,-28.927145833333334,778.7,1.2,100.8875,12
2022-10-12,2022,10,12,0.6000000000000001,27.949,17.724,20.93572916666667,58.3,1,14.352083333333333,0,0,0,3.02,0,0.6916666666666667,19.023,-39.15,-20.8709375,891.2,1.2,140.8875,12
2022-10-13,2022,10,13,1.8,27.038,17.13,20.690354166666665,51.4,1,10.704166666666667,0,0,0,2.01,0,0.7547916666666666,15.008,-39.51,-24.702833333333334,498.7,1.2,102.71041666666666,11.5
2022-10-14,2022,10,14,3.4,28.493,18.01,20.866333333333333,64.3,1,12.68125,0.5,0,0.041666666666666664,3.52,0,1.0797916666666667,19.864,-38.977,-25.894020833333332,891.2,1.2,178.12708333333333,12
2022-10-15,2022,10,15,5.8,27.505,17.439,20.989833333333333,61,1,13.891666666666666,0.5,0,0.020833333333333332,4.03,0,0.8804166666666666,19.149,-39.323,-24.062041666666666,1048.7,1.2,198.12708333333333,12
2022-10-16,2022,10,16,68.60000000000001,25.453,18.129,19.809520833333334,1,1,1,0,0,0,2.01,0,0.5135416666666667,-34.505,-38.905,-37.89191666666667,498.7,1.2,64.74166666666666,11
2022-10-17,2022,10,17,38,26.451,17.177,19.908145833333332,15.7,1,2.0708333333333333,0,0,0,2.52,0,0.6602083333333333,-2.951,-39.481,-34.71625,701.2,1.2,102.91875,11
2022-10-18,2022,10,18,5,28.221,16.725,20.31127083333333,56.7,1,9.666666666666668,1.51,0,0.25145833333333334,5.54,0,1.6041666666666667,18.373,-39.755,-27.701166666666666,983.7,1.2,195.67916666666667,12
2022-10-19,2022,10,19,7.3999999999999995,26.426,17.701,19.71847916666667,33.1,1,3.075,0,0,0,3.02,0,0.755,6.694,-39.164,-33.77970833333333,578.7,1.2,102.55416666666666,11.5
2022-10-20,2022,10,20,14.4,26.60782467532468,17.509170995670996,20.545443925865804,81.9662922077922,52.86909090909091,66.57594500811688,0.2718367346938776,0,0.04671768707482992,3.4550510204081633,0.026964285714285694,1.0285079187925172,17.1724126984127,-7.399190476190476,0.08237094907407418,1224.222186147186,1.2,235.42238568722948,11.770833333333332
2022-10-21,2022,10,21,4.4,24.702,18.224,20.456729166666666,11.9,1,1.2958333333333334,0.5,0,0.020833333333333332,3.52,0,0.9541666666666666,-7.728,-38.848,-36.45045833333333,616.2,1.2,121.61666666666666,12
2022-10-22,2022,10,22,0.2,27.038,17.391,21.182958333333332,63.5,1,21.6625,1.01,0,0.18791666666666668,5.03,0,1.8245833333333334,19.356,-39.352,-16.6839375,1081.2,1.2,282.3979166666667,12
2022-10-23,2022,10,23,0,30.142,16.534,20.980583333333332,57.2,1,10.277083333333334,0,0,0,3.02,0,0.7860416666666666,20.592,-39.871,-25.282958333333333,908.7,1.2,192.76250000000002,12
2022-10-24,2022,10,24,0,27.456,17.653,20.645812499999998,48.2,1,6.90625,0.5,0,0.010416666666666666,3.02,0,0.7339583333333333,13.557,-39.193,-28.792312499999998,541.2,1.2,122.45,11.5
2022-10-25,2022,10,25,0,29.515,15.867,21.0575625,62.9,1,20.96666666666667,0.5,0,0.03125,3.52,0,0.9752083333333333,21.055,-40.276,-18.147479166666667,1098.7,1.2,271.72083333333336,12
2022-10-26,2022,10,26,0,27.53,16.773,20.906291666666668,62.8,1,28.31875,0.5,0,0.03125,4.03,0,1.6675,19.618,-39.726,-10.543,1133.7,1.2,240.10625000000002,12
2022-10-27,2022,10,27,0,28.941,15.915,20.929291666666668,62.5,1,23.15,0.5,0,0.020833333333333332,3.52,0,1.54125,20.551,-40.247,-13.948166666666667,988.7,1.2,208.75208333333333,12
2022-10-28,2022,10,28,0,26.231,15.843,20.482416666666666,62.6,1,25.320833333333333,1.51,0,0.29333333333333333,5.54,0,2.4114583333333335,18.292,-40.29,-12.526583333333333,1051.2,1.2,262.81458333333336,12
2022-10-29,2022,10,29,0,24.944,15.724,19.420708333333334,41.9,1,7.8875,1.01,0,0.229375,4.53,0,2.275,10.166,-40.362,-27.05225,881.2,1.2,170.99166666666667,12
2022-10-30,2022,10,30,0,25.234,17.344,19.897166666666667,46,1,7.691666666666666,1.01,0,0.14604166666666668,4.53,0.5,2.3697916666666665,11.251,-39.38,-28.219625,1018.7,1.2,166.87708333333333,12
2022-10-31,2022,10,31,0,26.329,17.986,21.004916666666666,62.9,1,22.09583333333333,1.51,0,0.30395833333333333,4.53,0,1.9395833333333334,18.071,-38.992,-13.5751875,1023.7,1.2,234.79375000000002,12
2022-11-01,2022,11,1,5.8,26.357837445887448,17.43525194805195,20.497390201118325,83.52091233766234,53.82772359307359,69.76735136183261,0.457874149659864,0,0.057180768140589554,4.08546768707483,0.10773809523809522,1.4371766935941044,15.01794359410431,-4.559398242630385,3.3279416099773242,1305.6193722943722,1.2,246.08797573953825,11.727110389610388
2022-11-02,2022,11,2,0.2,26.304,16.725,20.280458333333332,55.9,1,10.558333333333334,0.5,0,0.13541666666666666,4.03,0,1.8352083333333333,16.791,-39.755,-25.381291666666666,1038.7,1.2,218.80416666666667,12
2022-11-03,2022,11,3,1.4000000000000001,25.21,18.01,19.87110416666667,6.8,1,1.3375,0.5,0,0.14583333333333334,4.03,0,2.2960416666666665,-16.329,-38.977,-36.343604166666665,1223.7,1.2,157.39791666666667,11.5
2022-11-04,2022,11,4,2.8,24.388,18.033,19.890291666666666,7.5,1,1.3083333333333333,1.01,0,0.17791666666666667,6.04,1.51,2.7572916666666667,-12.779,-38.963,-36.53927083333333,876.2,1.2,129.37708333333333,11
2022-11-05,2022,11,5,0,24.726,17.605,20.128708333333332,24.1,1,3.2916666666666665,0.5,0,0.0625,5.03,0.5,2.390625,2.114,-39.222,-32.69445833333333,806.2,1.2,164.68958333333333,12
2022-11-06,2022,11,6,4,25.113,16.915,19.444979166666666,29.9,1,3.5812500000000003,0.5,0,0.09375,6.54,0.5,2.5054166666666666,5.266,-39.64,-32.869395833333336,663.7,1.2,123.3875,11.5
2022-11-07,2022,11,7,0,26.231,17.344,20.4019375,59.2,1,19.55625,1.51,0,0.31375,4.53,0.5,2.9047916666666667,17.362,-39.38,-18.143375,1006.2,1.2,242.91875000000002,12
2022-11-08,2022,11,8,0,24.944,17.32,20.51,42.6,1,8.554166666666667,1.01,0,0.19875,5.03,0.5,2.4422916666666667,10.669,-39.395,-25.756083333333333,978.7,1.2,190.00208333333333,12
2022-11-09,2022,11,9,0,27.333,18.01,20.7460625,57.7,1,14.641666666666667,1.01,0,0.22958333333333333,4.03,0.5,2.391875,18.282,-38.977,-22.280291666666667,1101.2,1.2,211.56458333333336,11.5
2022-11-10,2022,11,10,0,26.134,16.534,20.352416666666667,60.1,1,22.570833333333333,1.51,0,0.2833333333333333,5.03,0,2.359375,17.26,-39.871,-12.8064375,1093.7,1.2,234.63750000000002,12
2022-11-11,2022,11,11,20,19.579,16.606,17.8961875,1.1,1,1.0020833333333334,0.5,0,0.10416666666666667,5.54,0,2.7891666666666666,-37.65,-39.827,-39.0269375,216.2,1.2,53.64791666666667,11.5
2022-11-12,2022,11,12,69.2,21.676,17.368,18.4463125,1,1,1,0.5,0,0.020833333333333332,3.02,0,1.3945833333333333,-36.767,-39.366,-38.71395833333334,388.7,1.2,57.55416666666667,11
2022-11-13,2022,11,13,2.8,24.243,17.13,19.824416666666664,1,1,1,0.5,0,0.08333333333333333,4.03,0,1.8768749999999998,-35.228,-39.51,-37.88364583333333,876.2,1.2,169.42916666666667,12
2022-11-14,2022,11,14,6.2,24.653,16.654,19.375708333333332,6.3,1,1.1979166666666667,1.01,0,0.166875,4.03,0,2.013541666666667,-15.396,-39.798,-37.24075,1001.2,1.2,174.63750000000002,11
2022-11-15,2022,11,15,0,25.38,15.485,19.519583333333333,12.6,1,1.4125,1.01,0,0.073125,4.03,0,1.5622916666666666,-5.424,-40.508,-36.595958333333336,916.2,1.2,164.16875000000002,12
2022-11-16,2022,11,16,0,25.914,15.724,20.042041666666666,38,1,7.779166666666666,0.5,0,0.041666666666666664,3.02,0,1.1110416666666667,10.525,-40.362,-26.802895833333334,913.7,1.2,195.62708333333333,12
2022-11-17,2022,11,17,0,28.916,16.249,20.3129375,59.9,1,11.020833333333334,0.5,0,0.010416666666666666,4.03,0,1.4683333333333333,19.732,-40.044,-23.965354166666668,1031.2,1.2,213.64791666666667,11.5
2022-11-18,2022,11,18,0,25.428,17.677,20.202729166666668,56.1,1,36.229166666666664,0.5,0,0.17708333333333334,4.53,2.01,2.977708333333333,15.892,-38.675,2.4661458333333335,981.2,1.2,219.58541666666667,11.5
2022-11-19,2022,11,19,0,27.063,14.912,19.760020833333332,63.5,5.1,42.770833333333336,0.5,0,0.0625,3.52,0.5,1.9393749999999998,17.498,-21.437,4.923229166666666,1058.7,1.2,239.95000000000002,11.5
2022-11-20,2022,11,20,0,27.949,14.745,19.720229166666666,64.3,1,34.99375,0,0,0,2.52,0,0.84875,19.459,-40.088,-4.065125,981.2,1.2,240.00208333333333,11.5
2022-11-21,2022,11,21,0,28.097,14.649,19.600875000000002,60.9,1,17.45,0.5,0,0.020833333333333332,3.02,0,0.7964583333333333,19.598,-41.016,-20.9284375,1018.7,1.2,220.10625000000002,11.5
2022-11-22,2022,11,22,0,26.965,14.385,18.705854166666665,56.2,1,11.18125,0.5,0,0.010416666666666666,2.52,0,0.8068749999999999,17.246,-41.176,-25.513,918.7,1.2,161.20000000000002,11.5
2022-11-23,2022,11,23,0,28.692,14.601,19.349875,55.6,1,11.497916666666667,0.5,0,0.020833333333333332,3.02,0,0.89125,18.955,-41.045,-25.266770833333332,893.7,1.2,195.47083333333333,11.5
2022-11-24,2022,11,24,0,26.231,15.247,19.75839583333333,34.2,1,4.6375,0,0,0,2.52,0,0.8816666666666667,8.655,-40.652,-30.417729166666668,861.2,1.2,155.67916666666667,11.5
2022-11-25,2022,11,25,0,25.331,17.391,20.425916666666666,33.9,1,7.195833333333333,1.01,0,0.24104166666666665,5.03,1.01,2.3802083333333335,8.291,-39.352,-27.789770833333332,1011.2,1.2,240.99166666666667,11.5
2022-11-26,2022,11,26,0,25.089,16.249,20.047416666666667,23.6,1,4.18125,0,0,0,3.52,0,1.593125,1.364,-40.044,-30.182125,688.7,1.2,155.78333333333333,11.5
2022-11-27,2022,11,27,2,22.633,17.249,19.701208333333334,1,1,1,0,0,0,2.52,0,0.7760416666666666,-36.192,-39.438,-37.957125,338.7,1.2,78.43958333333333,11.5
2022-11-28,2022,11,28,0.2,23.569,16.677,19.660770833333334,1,1,1,0,0,0,1.51,0,0.4091666666666667,-35.631,-39.784,-37.982458333333334,478.7,1.2,102.97083333333333,11.5
2022-11-29,2022,11,29,0,26.867,17.558,20.682145833333333,14.6,1,1.8770833333333334,0.5,0,0.020833333333333332,3.02,0,1.32125,-3.51,-39.251,-34.65302083333333,771.2,1.2,176.72083333333333,11.5
2022-11-30,2022,11,30,0,24.532,16.272,19.589041666666667,19.7,1,3.25,1.01,0,0.08354166666666667,4.03,0,1.9925,-2.245,-40.03,-32.040145833333334,796.2,1.2,164.11666666666667,11.5
2022-12-01,2022,12,1,0,26.426,15.485,19.505395833333335,59.8,1,13.695833333333335,0.5,0,0.14583333333333334,4.03,0,2.075833333333333,15.907,-40.508,-22.862,1026.2,1.2,204.48125000000002,11.5
2022-12-02,2022,12,2,0,24.508,17.368,20.384249999999998,8.9,1,1.39375,0.5,0,0.11458333333333333,4.53,0,1.771875,-11.085,-39.366,-35.892562500000004,966.2,1.2,164.95000000000002,11.5
2022-12-03,2022,12,3,0,26.598,18.057,21.2933125,49.9,1,9.929166666666667,0.5,0,0.19791666666666666,4.53,0.5,2.5272916666666667,15.22,-38.949,-25.577979166666665,1083.7,1.2,245.15833333333333,11.5
2022-12-04,2022,12,4,8.4,26.109,17.272,19.648895833333334,11.1,1,1.4833333333333334,0.5,0,0.22916666666666666,5.03,2.01,3.1147916666666666,-7.003,-39.424,-36.358020833333335,978.7,1.2,143.02291666666667,11.5
2022-12-05,2022,12,5,0,23.424,16.963,19.2840625,19.2,1,2.683333333333333,1.01,0,0.28270833333333334,5.54,0,3.219375,-2.634,-39.611,-33.065395833333334,851.2,1.2,182.60625000000002,11.5
2022-12-06,2022,12,6,0,24.992,16.749,19.570166666666665,29.5,1,6.227083333333333,1.01,0,0.25083333333333335,6.54,0.5,2.7575,5.779,-39.741,-27.924104166666666,1036.2,1.2,219.63750000000002,11.5
2022-12-07,2022,12,7,0,23.617,15.915,18.7241875,62.6,1,16.95625,0.5,0,0.010416666666666666,3.52,0,1.26875,9.355,-40.247,-19.156395833333335,548.7,1.2,129.53333333333333,11.5
2022-12-08,2022,12,8,0,27.431,14.936,19.431541666666668,63.1,1,51.40416666666667,0,0,0,3.02,0,1.0697916666666667,16.043,-39.438,7.9099375,941.2,1.2,195.47083333333333,11
2022-12-09,2022,12,9,35.2,17.891,14.481,15.614895833333334,61.8,1,11.15,0,0,0,2.01,0,0.471875,10.453,-41.118,-31.33160416666667,133.7,1.2,28.90833333333333,10.5
2022-12-10,2022,12,10,5,20.031,15.223,17.098041666666667,1,1,1,0.5,0,0.010416666666666666,3.52,0,0.7125,-37.757,-40.667,-39.52995833333333,296.2,1.2,38.856249999999996,10
2022-12-11,2022,12,11,25.4,19.484,17.296,17.823791666666665,1,1,1,0.5,0,0.09375,4.03,0,1.5727083333333334,-38.087,-39.409,-39.08991666666667,193.7,1.2,34.89791666666667,10.5
2022-12-12,2022,12,12,24.4,24.436,15.629,18.470937499999998,1,1,1,0.5,0,0.0625,4.03,0,1.43625,-35.112,-40.42,-38.7001875,556.2,1.2,84.95,11
2022-12-13,2022,12,13,30.4,25.55,15.581,18.9689375,16.4,1,2,0.5,0,0.010416666666666666,2.52,0,0.5349999999999999,-2.667,-40.449,-35.116770833333334,888.7,1.2,124.06458333333333,11.5
2022-12-14,2022,12,14,2.8,23.088,16.939,18.770375,1,1,1,0,0,0,3.02,0,1.1635416666666667,-35.92,-39.625,-38.518854166666664,793.7,1.2,102.29375,11.5
2022-12-15,2022,12,15,0.2,24.605,14.912,18.856458333333332,26.8,1,5.610416666666667,1.01,0,0.16708333333333333,6.54,1.01,2.265,4.236,-40.856,-29.611541666666668,1143.7,1.2,266.4604166666667,11.5
2022-12-16,2022,12,16,0,25.501,14.96,19.08535416666667,62.2,1,37.56458333333333,1.51,0,0.503125,4.53,0.5,2.4741666666666666,16.841,-40.261,-2.8455625,1146.2,1.2,269.79375,11.5
2022-12-17,2022,12,17,0,25.089,16.344,19.5865,59.6,3.3,33.775,1.01,0,0.29354166666666665,6.54,1.51,3.2295833333333333,16.482,-27.387,0.9923958333333335,1156.2,1.2,257.50208333333336,11.5
2022-12-18,2022,12,18,0,24.484,17.772,19.82795833333333,35.1,1,12.770833333333334,1.01,0,0.42833333333333334,5.54,2.52,3.9112500000000003,5.819,-38.848,-17.019041666666666,1091.2,1.2,215.62708333333333,11.5
2022-12-19,2022,12,19,0,24.026,16.368,18.971833333333333,27.9,1,4.49375,1.01,0,0.26145833333333335,6.54,1.01,2.7470833333333333,4.356,-39.972,-31.840104166666666,1083.7,1.2,203.75208333333333,11.5
2022-12-20,2022,12,20,0,27.407,17.225,19.6318125,27.8,1,3.095833333333333,1.01,0,0.229375,5.03,1.51,2.6635416666666667,5.942,-39.452,-33.14072916666667,1101.2,1.2,190.41875000000002,11.5
2022-12-21,2022,12,21,0,25.428,16.82,19.926375,37,1,6.902083333333334,1.01,0,0.250625,5.03,0.5,2.8833333333333333,9.33,-39.698,-28.6115,1118.7,1.2,265.31458333333336,11.5
2022-12-22,2022,12,22,0,25.355,15.748,19.388791666666666,61.5,1,31.672916666666666,0.5,0,0.3229166666666667,6.54,1.01,3.1564583333333336,16.971,-40.117,-9.796145833333334,1103.7,1.2,259.37708333333336,11.5
2022-12-23,2022,12,23,0,28.617,14.481,19.97425,60.3,1,41.1875,1.01,0,0.125625,3.52,0.5,2.065,19.593,-40.088,1.2621041666666668,1098.7,1.2,258.59583333333336,11.5
2022-12-24,2022,12,24,0,25.817,15.127,19.606395833333334,58.8,1,27.389583333333334,1.01,0,0.19895833333333335,4.03,0,1.6777083333333334,16.868,-40.725,-10.493333333333334,1126.2,1.2,262.8666666666667,11.5
2022-12-25,2022,12,25,0.6000000000000001,26.769,16.01,20.332166666666666,36.7,1,6.166666666666667,1.01,0,0.19854166666666667,5.54,0,2.5372916666666665,9.531,-40.189,-28.166020833333334,1068.7,1.2,265.10625,11.5
2022-12-26,2022,12,26,0.8,24.581,18.747,20.614854166666667,1,1,1,1.01,0,0.5341666666666667,6.54,1.51,4.0375000000000005,-35.026,-38.532,-37.407020833333334,928.7,1.2,169.68958333333333,11.5
2022-12-27,2022,12,27,0.6000000000000001,22.465,18.343,19.799020833333334,1,1,1,0.5,0,0.03125,5.54,0.5,2.2641666666666667,-36.293,-38.776,-37.897416666666665,601.2,1.2,86.2,11.5
2022-12-28,2022,12,28,0,24.823,17.344,20.067541666666667,14.5,1,1.5395833333333333,1.01,0,0.19895833333333335,5.54,0.5,2.3179166666666666,-9.446,-39.38,-36.3323125,988.7,1.2,218.54375000000002,11.5
2022-12-29,2022,12,29,0,27.235,16.558,20.207125,59.3,1,24.629166666666666,0.5,0,0.16666666666666666,4.53,0.5,2.4022916666666667,17.993,-39.856,-9.2931875,1163.7,1.2,260.8875,11.5
2022-12-30,2022,12,30,0,24.823,15.079,18.877166666666668,58,1,40.82083333333333,1.01,0,0.21895833333333334,4.53,0.5,2.5377083333333332,15.58,-39.986,2.260895833333333,1176.2,1.2,268.12708333333336,11.5
2022-12-31,2022,12,31,0,25.744,15.079,19.18927083333333,60.3,13.9,41.97291666666667,0.5,0,0.21875,5.54,0.5,2.4439583333333332,17.31,-11.818,5.0125416666666665,1161.2,1.2,258.7,12
2023-01-01,2023,1,1,0,26.134,14.17,19.1549375,61.6,1,39,1.51,0,0.3041666666666667,6.04,0,2.169791666666667,16.23,-41.307,-0.7567291666666668,1126.2,1.2,266.9291666666667,12
2023-01-02,2023,1,2,0,24.267,15.772,19.126416666666668,62.1,1.4,49.891666666666666,1.51,0,0.38625,5.03,0.5,3.2925,15.976,-37.088,6.649958333333333,1108.7,1.2,267.1375,12
2023-01-03,2023,1,3,0,24.363,15.151,18.4929375,60.8,1,36.10625,1.51,0,0.3354166666666667,5.54,0.5,2.8110416666666667,16.093,-40.449,-3.071270833333333,1153.7,1.2,271.72083333333336,12
2023-01-04,2023,1,4,0,23.954,14.816,18.492166666666666,58.5,1,22.927083333333332,2.01,0,0.398125,6.54,1.01,3.166875,14.962,-40.914,-14.928166666666666,1113.7,1.2,267.45,12
2023-01-05,2023,1,5,0,25.016,14.385,18.56983333333333,59.3,1,20.879166666666666,1.51,0,0.366875,5.54,1.51,3.4716666666666667,15.649,-41.176,-18.569666666666667,1153.7,1.2,271.98125,12
2023-01-06,2023,1,6,0,24.436,15.724,19.267916666666668,61.9,1,40.579166666666666,2.01,0,0.5441666666666667,6.04,1.51,4.057291666666667,15.817,-39.596,0.6078125000000002,1141.2,1.2,269.1166666666667,12
2023-01-07,2023,1,7,0,24.412,15.223,19.11820833333333,62,1,38.50625,1.51,0,0.491875,6.54,2.01,4.015833333333333,15.901,-39.496,0.912875,1143.7,1.2,269.37708333333336,12
2023-01-08,2023,1,8,0,25.671,16.749,19.373854166666668,49.2,1,10.65625,1.01,0,0.42854166666666665,6.04,1.51,3.5133333333333336,13.131,-39.741,-23.642770833333334,1106.2,1.2,259.2729166666667,12
2023-01-09,2023,1,9,0,25.162,16.272,19.125833333333333,52.1,1,9.022916666666667,1.01,0,0.313125,5.03,0.5,3.0195833333333333,14.413,-40.03,-28.039041666666666,1071.2,1.2,264.95,12
2023-01-10,2023,1,10,0,26.158,15.247,18.984833333333334,56.8,1,20.989583333333332,1.01,0,0.29291666666666666,5.03,1.01,2.705,16.071,-40.652,-15.61125,1161.2,1.2,270.31458333333336,12
2023-01-11,2023,1,11,0,26.134,13.064,18.538375,59.2,1,26.395833333333332,0.5,0,0.14583333333333334,3.52,1.01,2.1914583333333333,16.959,-41.981,-9.094,1171.2,1.2,277.0854166666667,12
2023-01-12,2023,1,12,0,26.158,13.834,18.746479166666667,62,23.9,52.364583333333336,1.01,0,0.26104166666666667,4.53,0.5,2.432916666666667,14.906,-5.156,8.622958333333333,1198.7,1.2,275.00208333333336,12
2023-01-13,2023,1,13,0,26.012,13.642,18.544479166666665,62.2,31.5,54.427083333333336,1.01,0,0.16708333333333333,4.03,0.5,1.950625,16.652,-2.359,9.099479166666667,1191.2,1.2,280.10625,12
2023-01-14,2023,1,14,0,25.307,14.481,18.949729166666668,61.4,1.3,45.610416666666666,0.5,0,0.1875,4.03,0,2.2547916666666667,16.725,-37.59,5.455791666666666,1173.7,1.2,278.9604166666667,12
2023-01-15,2023,1,15,0,29.14,13.594,19.539208333333335,62.2,1,38.860416666666666,0,0,0,3.52,0,1.0477083333333332,19.429,-41.045,0.7665208333333333,1206.2,1.2,268.075,12
2023-01-16,2023,1,16,0,27.825,13.978,19.424645833333333,58.2,1,22.891666666666666,0.5,0,0.010416666666666666,3.52,0,1.1104166666666666,18.769,-41.424,-14.790645833333333,1168.7,1.2,266.25208333333336,12
2023-01-17,2023,1,17,0,27.604,14.864,19.380979166666666,61.4,1,35.78541666666666,0.5,0,0.020833333333333332,4.03,0,1.2372916666666667,18.591,-40.885,-3.791,1138.7,1.2,239.74166666666667,12
2023-01-18,2023,1,18,0,26.402,15.223,19.477229166666667,60.5,1,31.575,1.01,0,0.291875,5.03,0.5,2.600416666666667,16.511,-40.377,-5.152729166666667,1128.7,1.2,270.3666666666667,12
2023-01-19,2023,1,19,0,25.04,14.361,18.2955625,61.3,1,34.43958333333333,1.01,0,0.535,5.03,0.5,3.0195833333333333,16.505,-41.045,-7.427,1168.7,1.2,285.575,12
2023-01-20,2023,1,20,0,24.219,12.896,17.931354166666665,62,2,48.7875,1.51,0,0.3772916666666667,5.54,1.01,3.1460416666666666,15.025,-34.011,5.639083333333334,1193.7,1.2,286.40833333333336,12
2023-01-21,2023,1,21,0,23.184,14.577,17.899208333333334,61,5,43.52916666666667,0.5,0,0.14583333333333334,5.54,1.01,2.7895833333333333,15.217,-23.832,4.640145833333333,896.2,1.2,195.62708333333333,12
2023-01-22,2023,1,22,0,23.376,15.748,18.294604166666666,32.7,1,15.497916666666667,1.01,0,0.26125,5.54,1.51,3.1037500000000002,4.446,-40.348,-13.4381875,936.2,1.2,199.11666666666667,12
2023-01-23,2023,1,23,0,25.04,16.272,19.734604166666667,59.6,1,19.541666666666668,0.5,0,0.13541666666666666,5.03,0,2.2227083333333333,15.769,-39.64,-16.161104166666668,1113.7,1.2,172.65833333333333,11.5
2023-01-24,2023,1,24,5.4,24.243,17.034,18.645229166666667,1,1,1,0.5,0,0.03125,3.52,0,2.086875,-35.228,-39.568,-38.5944375,713.7,1.2,110.2625,11.5
2023-01-25,2023,1,25,0.2,25.793,15.39,18.898395833333332,37.3,1,6.145833333333333,1.01,0,0.22979166666666667,5.54,0,2.2960416666666665,9.609,-40.565,-30.776041666666668,1233.7,1.2,293.7,12
2023-01-26,2023,1,26,0,28.245,15.342,19.569541666666666,57.5,1,24.81458333333333,0.5,0,0.0625,3.52,0,1.9820833333333332,17.746,-40.595,-11.099666666666668,1176.2,1.2,279.84583333333336,12
2023-01-27,2023,1,27,0,26.451,15.079,19.4045625,56.4,1,16.891666666666666,1.01,0,0.19833333333333333,4.53,0,2.296666666666667,16.556,-40.754,-19.91625,1158.7,1.2,275.78333333333336,12
2023-01-28,2023,1,28,0,25.963,14.84,19.1248125,61.3,1,38.4625,1.01,0,0.18770833333333334,4.53,0,2.359166666666667,16.53,-40.551,-2.1713750000000003,1213.7,1.2,293.1791666666667,12
2023-01-29,2023,1,29,0,26.426,15.939,19.785916666666665,61.3,1,44.55833333333333,1.51,0,0.37666666666666665,8.05,0,3.4283333333333337,15.736,-40.102,2.6636875000000004,1201.2,1.2,288.12708333333336,12
2023-01-30,2023,1,30,0,23.809,15.127,18.8854375,43.6,1,7.885416666666667,1.01,0,0.166875,5.54,0,2.2016666666666667,10.661,-40.725,-28.15675,1058.7,1.2,199.84583333333333,12
2023-01-31,2023,1,31,0,27.85,17.415,21.11475,58.5,1,23.416666666666668,1.01,0,0.16708333333333333,5.54,0.5,2.6533333333333333,18.507,-39.337,-12.472124999999998,1223.7,1.2,295.41875,11.5
2023-02-01,2023,2,1,0,26.646,16.915,20.421895833333334,59.4,1,37.947916666666664,1.01,0,0.25145833333333334,5.54,0.5,2.8208333333333333,17.995,-39.093,2.2650000000000006,1283.7,1.2,259.0125,12
2023-02-02,2023,2,2,1,21.461,16.606,18.50958333333333,60.6,1,17.258333333333333,1.01,0,0.38708333333333333,6.04,2.01,3.9639583333333333,12.267,-39.827,-18.333520833333335,431.2,1.2,95.73125,11.5
2023-02-03,2023,2,3,0.8,27.259,16.487,18.9365,12.6,1,1.4333333333333333,2.01,0,0.21958333333333332,8.56,0.5,3.0933333333333333,-3.958,-39.899,-37.2335,1323.7,1.2,197.34583333333333,11.5
2023-02-04,2023,2,4,4.4,27.702,17.034,19.512854166666667,40.8,1,5.74375,0.5,0,0.08333333333333333,5.03,0,2.464375,9.94,-39.568,-29.654374999999998,1226.2,1.2,192.60625000000002,11.5
2023-02-05,2023,2,5,0,27.038,16.368,20.7676875,59.8,1,28.5,1.01,0,0.16708333333333333,5.03,0,2.432916666666667,17.065,-39.972,-7.964708333333333,1221.2,1.2,292.81458333333336,12
2023-02-06,2023,2,6,0,27.382,16.153,20.976479166666667,60.4,34.4,44.416666666666664,1.01,0,0.21958333333333332,5.03,0,2.4739583333333335,11.856,3.047,8.217166666666667,1288.7,1.2,325.73125,12
2023-02-07,2023,2,7,0,28.617,14.529,20.388020833333332,60.9,39,54.012499999999996,1.01,0,0.12520833333333334,5.03,0,1.64625,14.973,6.209,10.578854166666666,1226.2,1.2,278.54375,12
2023-02-08,2023,2,8,0,28.345,16.439,21.188145833333333,60.7,37.2,51.916666666666664,1.51,0,0.3777083333333333,5.54,0.5,2.433125,16.638,1.856,10.776020833333334,1231.2,1.2,315.15833333333336,12
2023-02-09,2023,2,9,0,27.53,15.318,20.53152083333333,61,30.2,50.99583333333333,1.01,0,0.26208333333333333,5.03,0,2.1079166666666667,15.618,-2.054,9.845666666666666,1238.7,1.2,308.3354166666667,12
2023-02-10,2023,2,10,0,27.53,14.385,20.150125,61.2,1,41.99375,1.01,0,0.28291666666666665,4.53,0,2.5895833333333336,13.822,-40.624,4.763166666666667,1271.2,1.2,304.5854166666667,12
2023-02-11,2023,2,11,0,27.776,17.13,21.362083333333334,55.6,27.7,45.46666666666667,1.01,0,0.35625,5.54,1.01,3.0308333333333333,15.484,5.025,8.875583333333333,1318.7,1.2,309.6375,12
2023-02-12,2023,2,12,0,27.998,16.201,21.564104166666667,55.8,34.9,44.5625,1.51,0,0.4297916666666667,5.54,0.5,3.072916666666667,14.225,5.672,8.848479166666667,1281.2,1.2,329.79375,12
2023-02-13,2023,2,13,0,29.065,17.249,22.290645833333333,57.2,27.7,38.33958333333333,1.01,0,0.37666666666666665,6.04,0.5,3.69125,10.243,2.946,7.119479166666666,1311.2,1.2,333.90833333333336,12
2023-02-14,2023,2,14,0,28.941,15.581,20.561395833333332,60.4,32.8,48.95625,1.01,0,0.26145833333333335,4.53,0.5,2.2127083333333335,13.032,7.212,9.124458333333333,1301.2,1.2,334.325,12
2023-02-15,2023,2,15,0,28.295,15.055,20.858145833333335,60.9,35.2,49.666666666666664,1.51,0,0.4820833333333333,4.53,0,2.4222916666666667,12.845,4.09,9.64875,1298.7,1.2,337.18958333333336,12
2023-02-16,2023,2,16,0,28.717,17.391,21.868875,58.5,26.1,46.24791666666667,1.51,0,0.4710416666666667,6.54,2.01,3.785,13.723,7.161,9.434229166666666,1323.7,1.2,341.09583333333336,12
2023-02-17,2023,2,17,0,27.604,16.106,20.924,60.4,35,47.65,1.51,0,0.4502083333333333,6.04,1.01,3.314166666666667,13.447,5.061,9.17975,1318.7,1.2,341.40833333333336,12
2023-02-18,2023,2,18,0,27.974,13.906,20.558166666666665,61.3,31.5,50.108333333333334,1.01,0,0.3358333333333333,5.03,0,2.4960416666666667,13.972,6.284,9.441333333333333,1323.7,1.2,345.41875,12
2023-02-19,2023,2,19,0,27.974,14.266,20.27725,60.3,1,39.93125,1.01,0,0.24083333333333334,5.03,0,2.149375,17.793,-41.206,1.6217291666666662,1306.2,1.2,344.16875,12
2023-02-20,2023,2,20,0,28.518,15.008,20.850375,57.2,1,27.75,0.5,0,0.13541666666666666,4.03,0,1.761875,18.707,-40.798,-9.2483125,1341.2,1.2,342.5541666666667,12
2023-02-21,2023,2,21,0,28.766,15.748,21.147291666666668,60.6,1,32.06041666666667,1.01,0,0.27229166666666665,5.03,0,2.0766666666666667,16.882,-40.348,-7.0479375,1308.7,1.2,345.8875,12
2023-02-22,2023,2,22,0,28.221,15.294,20.797250000000002,59.8,1,40.50208333333333,1.51,0,0.28270833333333334,7.05,0,2.3804166666666666,15.077,-40.624,4.562479166666666,1311.2,1.2,349.68958333333336,12
2023-02-23,2023,2,23,0,27.974,15.986,21.0850625,60.8,32.2,45.864583333333336,1.01,0,0.32416666666666666,5.54,1.01,3.4395833333333337,12.177,5.087,8.7575625,1361.2,1.2,363.85625,12
2023-02-24,2023,2,24,0,28.543,17.249,21.848458333333333,61.1,46.9,54.86666666666667,1.01,0,0.28229166666666666,7.05,1.01,3.2504166666666667,17.284,8.295,12.3129375,1358.7,1.2,364.16875,12
2023-02-25,2023,2,25,0,29.665,15.819,21.6550625,58,15.3,40.4,1.01,0,0.335625,6.54,0,2.8102083333333336,17.268,-10.311,7.157479166666667,1388.7,1.2,375.5229166666667,12
2023-02-26,2023,2,26,0,29.065,17.724,21.9204375,57.9,26.6,40.141666666666666,1.51,0,0.5458333333333334,7.05,0.5,4.068958333333334,10.378,4.864,7.360166666666666,1366.2,1.2,364.68958333333336,12
2023-02-27,2023,2,27,0,26.695,15.533,20.693395833333334,57.8,25.3,42.545833333333334,1.51,0,0.5033333333333333,6.54,1.01,3.6275,12.781,-4.128,7.157333333333334,1331.2,1.2,362.65833333333336,12
2023-02-28,2023,2,28,0,26.231,17.058,20.832916666666666,60.4,1,40.27708333333333,1.51,0,0.4402083333333333,5.54,1.51,3.41875,15.796,-38.417,0.1921249999999998,1148.7,1.2,264.4291666666667,12
2023-03-01,2023,3,1,0,26.231,17.344,20.211395833333334,46.6,1,6.891666666666667,1.01,0,0.229375,4.03,0.5,2.5904166666666666,12.709,-39.38,-28.6061875,831.2,1.2,166.14791666666667,12
2023-03-02,2023,3,2,0,27.998,16.129,20.939166666666665,59.7,1,37.854166666666664,1.01,0,0.34625,5.54,0.5,2.9785416666666666,17.16,-39.395,3.341020833333333,1388.7,1.2,380.3666666666667,12
2023-03-03,2023,3,3,0,28.766,14.768,20.952708333333334,61,30.3,48.36875,1.01,0,0.35625,6.54,1.01,3.261041666666667,12.841,3.952,9.332875,1451.2,1.2,355.47083333333336,12
2023-03-04,2023,3,4,0,30.469,15.772,21.834645833333333,59,1.8,45.02916666666667,1.51,0,0.493125,6.04,0.5,3.0839583333333334,16.714,-32.807,8.5678125,1393.7,1.2,382.1375,12
2023-03-05,2023,3,5,0,29.84,17.391,22.019020833333332,59.6,1,33.46041666666667,1.01,0,0.24083333333333334,5.03,0,2.359375,19.31,-39.352,-1.7441875000000004,1346.2,1.2,294.22083333333336,12
2023-03-06,2023,3,6,0,29.865,16.796,22.208791666666666,60.7,11.4,40.88541666666667,1.01,0,0.28270833333333334,4.53,0,2.8314583333333334,12.263,-11.959,7.711895833333333,1393.7,1.2,391.66875,12
2023-03-07,2023,3,7,0,28.791,15.414,21.562604166666667,61.5,39.7,53.15208333333333,0.5,0,0.17708333333333334,5.03,0,2.3072916666666665,16.086,7.808,11.459458333333334,1371.2,1.2,373.75208333333336,12
2023-03-08,2023,3,8,0,28.32,16.082,21.248458333333332,60.6,1,40.28125,1.01,0,0.3985416666666667,6.54,1.01,3.2502083333333336,19.074,-40.145,0.4911874999999998,1388.7,1.2,373.28333333333336,12
2023-03-09,2023,3,9,0,27.751,16.415,21.400125,61.7,35.2,54.5,1.51,0,0.419375,5.54,1.01,3.480625,16.926,2.541,11.7829375,1351.2,1.2,361.3041666666667,12
2023-03-10,2023,3,10,0,28.419,16.987,21.71345833333333,61.1,1,46.7125,1.01,0,0.229375,5.03,0.5,3.092916666666667,16.46,-39.596,8.063395833333333,1351.2,1.2,341.66875,12
2023-03-11,2023,3,11,0,28.568,17.106,21.827208333333335,61.2,20.2,49.608333333333334,1.01,0,0.24,5.54,0,2.6637500000000003,19.463,-5.691,10.3828125,1361.2,1.2,357.34583333333336,12
2023-03-12,2023,3,12,0,28.866,16.796,21.817666666666668,59.7,1,30.75,1.01,0,0.3252083333333333,4.53,0,2.4535416666666667,19.019,-39.611,-5.429791666666667,1398.7,1.2,384.5854166666667,12
2023-03-13,2023,3,13,0,28.394,16.82,21.8420625,61,1,45.46666666666667,1.01,0,0.18791666666666668,5.03,0.5,2.12875,19.659,-39.049,4.702541666666667,1288.7,1.2,286.35625,12
2023-03-14,2023,3,14,0,31.103,17.32,22.84925,59.5,1,31.304166666666667,1.01,0,0.209375,4.53,0,1.8870833333333334,18.397,-39.395,-3.041479166666667,1341.2,1.2,358.3354166666667,12
2023-03-15,2023,3,15,20.200000000000003,31.077,16.606,20.772375,57,1,13.30625,0,0,0,3.52,0,1.0066666666666666,21.433,-39.827,-24.988395833333335,1261.2,1.2,216.51250000000002,12
2023-03-16,2023,3,16,5.8,27.382,16.987,20.585354166666665,20.6,1,2.127083333333333,0,0,0,2.52,0,0.5449999999999999,0.862,-39.596,-34.187729166666664,921.2,1.2,198.38750000000002,12
2023-03-17,2023,3,17,0,29.315,17.058,21.602229166666667,44.3,1,8.84375,0,0,0,3.52,0,1.1427083333333332,15.63,-39.553,-24.533270833333333,1476.2,1.2,318.85625,12.5
2023-03-18,2023,3,18,0.6000000000000001,26.793,17.677,20.9538125,23.3,1,2.3041666666666667,0,0,0,2.52,0,0.7760416666666666,3.333,-39.179,-33.6146875,1006.2,1.2,186.61666666666667,12
2023-03-19,2023,3,19,0.2,30.343455844155844,17.340107792207792,22.508037405303032,88.98036233766233,43.10440779220779,68.76538352272728,0.8376020408163266,0,0.16969494047619046,4.594897959183673,0.026964285714285694,1.5230763711734696,20.294015873015873,5.121938492063492,11.481223255621694,1669.2422077922076,1.2,385.80880005411257,12.175324675324674
2023-03-20,2023,3,20,0,30.542336363636366,17.409976623376622,22.624322321428572,90.84327142857141,44.108832467532466,70.80671666666667,0.8321938775510205,0,0.16026838860544215,4.548622448979592,0.018035714285714266,1.4847526041666668,21.076613095238095,6.267468253968254,12.770326760912699,1677.1512987012986,1.2,386.88405032467534,12.183766233766233
2023-03-21,2023,3,21,0,30.679497402597406,17.532474025974025,22.710639299242423,92.39875454545454,44.743754545454536,72.44290075757576,0.8873469387755103,0,0.16199431335034012,4.618112244897959,-1.9825411154020653e-17,1.4897361288265307,21.418623015873017,7.172027777777777,13.779983837632276,1683.4467532467531,1.2,391.454329004329,12.186688311688311
2023-03-22,2023,3,22,0,30.762614285714285,17.567857142857143,22.771587351190476,93.6634,44.58545714285714,73.35794017857143,0.8838775510204082,0,0.1650021258503401,4.654081632653061,0.010204081632653041,1.500170068027211,21.76230357142857,7.819964285714286,14.728332961309524,1692.6285714285714,1.2,394.09769345238095,12.189285714285713
2023-03-23,2023,3,23,0,30.834785714285715,17.623885714285713,22.828510416666667,92.93261428571428,43.16764285714286,72.05718839285714,0.8734693877551021,0,0.17460034013605438,4.6899999999999995,0.0204081632653061,1.5541092687074831,21.43417857142857,7.426196428571428,14.520453125000001,1700.7357142857143,1.2,400.54375,12.189285714285713
2023-03-24,2023,3,24,0,30.937600000000003,17.529785714285712,22.85059657738095,92.50015714285713,41.47204285714285,71.03477886904763,0.8942857142857144,0,0.1798533163265306,4.664081632653061,0.0204081632653061,1.5699085884353743,21.18225,6.804607142857143,14.378249255952381,1723.8428571428572,1.2,413.77254464285716,12.2
2023-03-25,2023,3,25,0,31.0152,17.552485714285712,22.938192708333336,92.20025714285714,40.491685714285715,70.27405327380953,0.8991836734693878,0,0.18039328231292515,4.756530612244899,0.025510204081632633,1.571947278911565,21.11030357142857,6.4497857142857145,14.285277901785715,1735.5571428571427,1.2,421.5891369047619,12.224999999999998
2023-03-26,2023,3,26,0,31.14037142857143,17.59857142857143,23.09032261904762,91.30452857142856,39.4128,69.26329702380953,0.873265306122449,0,0.18319302721088435,4.736122448979592,0.041020408163265284,1.5871024659863946,20.961607142857144,6.081464285714285,13.959806175595238,1744.8785714285714,1.2,433.26770833333336,12.257142857142856
2023-03-27,2023,3,27,0,31.270568831168834,17.589663636363635,23.18315174512987,91.18374935064935,38.014440259740255,68.29847118506494,0.8367346938775511,0,0.17907525510204078,4.751224489795918,0.041020408163265284,1.581077806122449,20.92831150793651,5.875458333333333,13.77731212797619,1761.45,1.2,441.6621550324676,12.287662337662336
2023-03-28,2023,3,28,0,31.359732467532467,17.573361038961036,23.23840524891775,91.0140974025974,37.90236233766233,68.29592670454545,0.7853061224489796,0,0.1684970238095238,4.642857142857143,0.041020408163265284,1.5361628401360545,20.938301587301588,6.1171051587301575,13.763550553902117,1760.9662337662337,1.2,441.5808509199134,12.310714285714285
2023-03-29,2023,3,29,0,31.38564155844156,17.638887012987013,23.255192721861473,91.20532207792208,39.076218181818184,69.1576435064935,0.7853061224489796,0,0.1619515306122449,4.509183673469388,0.030816326530612226,1.4838988095238097,21.21735119047619,6.667279761904761,13.766782448743387,1749.0571428571427,1.2,433.6506899350649,12.334090909090907
2023-03-30,2023,3,30,0,31.391997402597404,17.698745454545453,23.27360481601732,92.02314025974025,40.67645064935065,70.85403422619048,0.759795918367347,0,0.13787202380952382,4.298775510204082,0.02061224489795916,1.382108843537415,21.61319047619048,7.187396825396825,14.06320068617725,1725.3883116883117,1.2,421.6987148268399,12.35681818181818
2023-03-31,2023,3,31,0,31.334496103896104,17.924702597402597,23.350673552489177,92.61250259740258,42.61091428571428,72.30893760822511,0.7442857142857143,0,0.1309970238095238,4.314081632653061,0.02061224489795916,1.3578656462585035,21.914722222222224,7.93078373015873,14.317127273478835,1698.6642857142856,1.2,407.93494994588747,12.35616883116883
2023-04-01,2023,4,1,0,31.4389025974026,18.00220909090909,23.38870102813853,92.97669999999998,43.0802,72.91049429112554,0.7391836734693877,0,0.12066326530612244,4.195918367346939,0.015510204081632633,1.3187096088435375,22.128527777777776,8.272162698412698,14.328048073743387,1700.894805194805,1.2,402.7878652597403,12.371753246753245
2023-04-02,2023,4,2,0,31.315064935064935,18.05242857142857,23.32348051948052,93.8865844155844,44.828909090909086,74.19155357142857,0.759591836734694,0,0.10840136054421767,4.273061224489796,-1.9825411154020653e-17,1.2714434523809524,22.382857142857144,8.73711111111111,14.679870701058203,1686.0701298701297,1.2,391.2784632034632,12.373376623376624
2023-04-03,2023,4,3,0,31.279051948051947,18.133376623376623,23.289366206709957,93.97664935064934,46.17328571428571,75.26112418831168,0.7646938775510205,0,0.11019345238095236,4.34530612244898,-1.9825411154020653e-17,1.2767070578231294,22.480730158730157,9.114063492063492,14.921034722222222,1686.1675324675323,1.2,382.5240665584416,12.363636363636362
2023-04-04,2023,4,4,0,31.172506493506496,18.190493506493507,23.26073998917749,94.12085714285713,47.02392207792207,75.67401109307359,0.7802040816326531,0,0.10717474489795917,4.366122448979592,-1.9825411154020653e-17,1.262325680272109,22.495444444444445,9.316873015873016,14.943458664021165,1677.303896103896,1.2,375.26520562770565,12.370129870129869
2023-04-05,2023,4,5,0,31.10814285714286,18.242,23.25731520562771,94.19433766233765,47.84140259740259,76.20329193722944,0.7546938775510205,0,0.09575255102040815,4.381632653061224,-1.9825411154020653e-17,1.23765518707483,22.586222222222222,9.396587301587301,15.084704695767197,1676.2,1.2,371.5929924242424,12.366883116883116
2023-04-06,2023,4,6,0,31.02335064935065,18.315103896103896,23.190117424242427,94.28112987012987,48.57501298701299,76.84776893939394,0.7955102040816328,0,0.0989158163265306,4.566326530612245,-1.9825411154020653e-17,1.2526339285714287,22.681587301587303,9.516047619047617,15.27322619047619,1691.7194805194806,1.2,368.63134469696973,12.363636363636362
2023-04-07,2023,4,7,0,30.929844155844158,18.300506493506493,23.139739312770562,94.24945454545454,49.14406493506493,77.00155357142857,0.8053061224489797,0,0.09607568027210882,4.5869387755102045,-1.9825411154020653e-17,1.2581441326530614,22.624126984126985,9.607984126984126,15.403786044973545,1693.82987012987,1.2,369.33852813852815,12.386363636363637
2023-04-08,2023,4,8,0,30.67079220779221,18.377532467532465,23.05565827922078,94.20564935064934,50.88032467532467,77.75397483766234,0.8002040816326532,0,0.09907950680272107,4.602244897959183,-1.9825411154020653e-17,1.2744961734693878,22.61738095238095,9.960047619047618,15.63846626984127,1666.1675324675325,1.2,359.68687770562775,12.370129870129869
2023-04-09,2023,4,9,0,30.549558441558442,18.402623376623378,22.97819886363636,94.20515584415583,51.60641558441558,77.98364962121211,0.7614030612244899,0,0.09988414115646257,4.529132653061224,-1.9825411154020653e-17,1.2865396471088437,22.631650793650795,10.022079365079364,15.54963458994709,1664.8363636363636,1.2,355.3243912337662,12.373376623376624
2023-04-10,2023,4,10,0,30.37927272727273,18.395402597402597,22.891584145021646,94.25810389610389,52.6385974025974,78.2932481060606,0.7575255102040818,0,0.09156940901360543,4.38484693877551,-1.9825411154020653e-17,1.2578008078231293,22.68657142857143,10.066603174603173,15.552334656084657,1652.1415584415586,1.2,350.8986607142857,12.383116883116882
2023-04-11,2023,4,11,0,30.28705194805195,18.43112987012987,22.814352543290045,94.3185974025974,53.99088311688312,79.10825108225109,0.742576530612245,0,0.09058886054421768,4.362551020408164,-1.9825411154020653e-17,1.252641900510204,22.817349206349206,10.173873015873015,15.847503306878307,1662.4662337662337,1.2,348.3195211038961,12.37987012987013
2023-04-12,2023,4,12,0,30.24388311688312,18.387987012987015,22.793205492424242,94.30755844155843,54.57324675324675,79.45152435064935,0.7444132653061225,0,0.09454799107142856,4.31420918367347,-1.9825411154020653e-17,1.2707849702380953,22.854269841269844,10.267460317460317,16.128923611111112,1687.3363636363636,1.2,353.44770021645024,12.409090909090908
2023-04-13,2023,4,13,0,30.21127272727273,18.3534025974026,22.781888122294372,94.25329870129869,55.23024675324675,79.69666504329004,0.7054336734693878,0,0.08927800807823127,4.129591836734694,-1.9825411154020653e-17,1.2394223001700682,22.86720634920635,10.44115873015873,16.145983134920634,1684.6415584415586,1.2,352.1385146103897,12.412337662337661
2023-04-14,2023,4,14,0,30.20318181818182,18.336441558441557,22.732348079004332,94.2651948051948,55.976805194805195,80.07197835497836,0.6696683673469389,0,0.08071694302721087,4.022372448979592,-1.9825411154020653e-17,1.16007706207483,23.05284126984127,10.507984126984127,16.075060515873016,1693.0181818181816,1.2,349.53333333333336,12.409090909090907
2023-04-15,2023,4,15,0,30.324389610389613,18.35877922077922,22.78336525974026,94.33957142857142,55.588974025974025,79.9390083874459,0.6462500000000001,0,0.07290178571428571,3.951071428571429,-1.9825411154020653e-17,1.1069363839285715,23.154746031746033,10.512365079365079,16.032624338624338,1706.0376623376621,1.2,354.50526244588747,12.428571428571427
2023-04-16,2023,4,16,0,30.278103896103897,18.33766233766234,22.781335633116885,94.37124675324675,56.5338961038961,80.41410470779222,0.6775,0,0.06589285714285713,3.896785714285714,-1.9825411154020653e-17,1.0527418154761905,23.324857142857145,10.664730158730157,16.190444444444445,1689.9012987012986,1.2,348.0594426406927,12.438311688311687
2023-04-17,2023,4,17,0,30.314103896103898,18.44928571428571,22.842430330086582,94.36592207792206,56.77705194805195,80.49513663419914,0.6508928571428572,0,0.06328497023809522,3.815714285714286,-1.9825411154020653e-17,1.0082905505952382,23.383333333333333,10.823873015873016,16.151012896825396,1692.3363636363636,1.2,347.1432494588745,12.4512987012987
2023-04-18,2023,4,18,0,30.315298701298705,18.505558441558442,22.9109908008658,94.2797922077922,56.83723376623376,80.30207278138528,0.6148214285714285,0,0.05945870535714284,3.7748214285714288,-1.9825411154020653e-17,0.9831603422619049,23.410396825396823,10.929015873015873,16.035230158730158,1678.1155844155842,1.2,347.0685064935065,12.4512987012987
2023-04-19,2023,4,19,0,30.3118051948052,18.61975324675325,22.920003382034633,94.22905194805195,57.04538961038961,80.03114853896103,0.5967857142857144,0,0.055723586309523794,3.7525000000000004,-1.9825411154020653e-17,0.9367150297619048,23.40004761904762,10.948952380952381,15.641324404761905,1654.1870129870128,1.2,339.6790990259741,12.444805194805195
2023-04-20,2023,4,20,0,30.323778138528137,18.650532467532464,22.934868765782827,93.0664512987013,56.83473484848485,79.0189769796176,0.5821825396825397,0,0.0545331101190476,3.836527777777778,-1.9825411154020653e-17,0.9277814980158732,22.757031746031746,10.2298873015873,14.89752529761905,1634.5252164502162,1.2,335.73567482864365,12.472673160173159
2023-04-21,2023,4,21,0,30.33707683982684,18.742126623376624,22.952437454906203,92.17366341991341,56.66804653679653,78.30653636814574,0.5900793650793651,0,0.05200314153439152,3.825039682539683,-1.9825411154020653e-17,0.9275285218253969,22.48831111111111,9.605577777777778,14.222279034391535,1625.6372294372293,1.2,329.14966968795096,12.470508658008656
2023-04-22,2023,4,22,5.6000000000000005,30.17548593073593,18.7135303030303,22.883809794372294,91.11089935064933,57.44980844155844,78.00480542027417,0.544404761904762,0,0.04663897156084655,3.7697420634920635,-1.9825411154020653e-17,0.9053569361772488,21.787739682539684,8.997222222222222,13.589744246031746,1606.097186147186,1.2,319.85017361111113,12.477272727272725
2023-04-23,2023,4,23,48.01,28.717,17.962,20.79595833333333,1,1,1,0.5,0,0.020833333333333332,4.03,0,0.744375,-32.562,-39.006,-37.30164583333333,1178.7,1.2,189.27291666666667,13
2023-04-24,2023,4,24,0,29.941,18.176,22.4204375,11.5,1,1.375,0.5,0,0.020833333333333332,4.03,0,1.0485416666666667,-3.853,-38.877,-35.0225625,1218.7,1.2,262.7104166666667,13
2023-04-25,2023,4,25,41.809999999999995,27.899,17.819,20.679208333333335,1,1,1,0,0,0,4.03,0,0.9964583333333333,-33.047,-39.093,-37.370895833333336,1323.7,1.2,188.49166666666667,12
2023-04-26,2023,4,26,1.8,27.382,17.653,21.5020625,1,1,1,0.5,0,0.03125,3.52,0,0.9441666666666666,-33.355,-39.193,-36.877291666666665,1683.7,1.2,373.85625,12
2023-04-27,2023,4,27,0,28.394,18.295,22.928229166666668,1,1,1,0,0,0,3.02,0,1.3422916666666667,-32.753,-38.805,-36.02139583333334,1771.2,1.2,441.825,12.5
2023-04-28,2023,4,28,0.2,29.04,19.008,22.6721875,1,1,1,0.5,0,0.020833333333333332,4.03,0,1.1641666666666666,-32.37,-38.374,-36.17370833333334,1848.7,1.2,353.3875,12.5
2023-04-29,2023,4,29,24.6,28.717,18.842,21.7531875,1,1,1,0.5,0,0.010416666666666666,3.52,0,1.1639583333333332,-32.562,-38.474,-36.725,1738.7,1.2,330.15833333333336,12.5
2023-04-30,2023,4,30,23.999999999999996,27.801,17.962,21.2491875,1,1,1,0.5,0,0.03125,3.52,0,0.7018749999999999,-33.106,-39.006,-37.02647916666667,1426.2,1.2,207.97083333333333,12.5
2023-05-01,2023,5,1,7,24.702,18.913,20.716104166666668,1,1,1,0,0,0,1.51,0,0.46125,-34.953,-38.431,-37.345687500000004,801.2,1.2,157.03333333333333,12.5
2023-05-02,2023,5,2,45.8,29.464,18.699,21.273125,1,1,1,0.5,0,0.03125,3.52,0,0.9433333333333334,-32.118,-38.561,-37.015166666666666,1698.7,1.2,319.06458333333336,11.5
2023-05-03,2023,5,3,0,28.295,19.08,22.0031875,1,1,1,0,0,0,3.02,0,0.870625,-32.812,-38.331,-36.57522916666667,1708.7,1.2,380.3666666666667,12.5
2023-05-04,2023,5,4,0,29.515,18.604,22.7013125,51.3,1,9.491666666666667,0.5,0,0.020833333333333332,3.52,0,0.9014583333333334,17.967,-38.618,-25.58804166666667,1718.7,1.2,407.3979166666667,12.5
2023-05-05,2023,5,5,0,28.742,18.152,21.671125,13.6,1,1.8416666666666666,0,0,0,3.02,0,0.8906249999999999,-1.773,-38.891,-34.192125,1381.2,1.2,303.6479166666667,12.5
2023-05-06,2023,5,6,15.4,28.692,17.368,21.35,16.5,1,2.7354166666666666,0,0,0,2.52,0,0.660625,-1.258,-39.366,-32.141333333333336,1341.2,1.2,291.2,12.5
2023-05-07,2023,5,7,1,26.304,18.129,21.260020833333332,1,1,1,0,0,0,1.51,0,0.3875,-33.997,-38.905,-37.020604166666665,786.2,1.2,206.04375000000002,12.5
2023-05-08,2023,5,8,0.4,29.966,17.534,22.237333333333332,24,1,2.16875,0,0,0,2.01,0,0.7652083333333333,6.168,-39.265,-33.74664583333333,1648.7,1.2,336.9291666666667,12.5
2023-05-09,2023,5,9,2.2,30.495,17.439,22.192125,38.4,1,5.308333333333334,0,0,0,3.02,0,0.6604166666666667,14.588,-39.323,-29.251520833333334,1881.2,1.2,346.25208333333336,12.5
2023-05-10,2023,5,10,0.2,30.621,18.176,23.370375,5,1,1.0833333333333333,1.01,0,0.03145833333333333,4.03,0,1.0064583333333332,-13.391,-38.877,-35.38039583333333,1898.7,1.2,433.28333333333336,12.5
2023-05-11,2023,5,11,0,29.79,18.818,23.104708333333335,1,1,1,0.5,0,0.010416666666666666,4.03,0,1.079375,-31.925,-38.489,-35.91560416666667,1368.7,1.2,316.1479166666667,12.5
2023-05-12,2023,5,12,0,30.091,19.246,23.3246875,5.3,1,1.1583333333333332,0.5,0,0.020833333333333332,3.02,0,1.1112499999999998,-12.942,-38.23,-34.918791666666664,1433.7,1.2,351.72083333333336,12.5
2023-05-13,2023,5,13,0,29.515,18.414,22.790458333333333,1,1,1,0.5,0,0.07291666666666667,3.52,0,1.310625,-32.088,-38.733,-36.1035625,1378.7,1.2,329.5854166666667,12.5
2023-05-14,2023,5,14,0,31.331,18.604,23.874458333333333,4.2,1,1.18125,0.5,0,0.052083333333333336,3.52,0,1.3841666666666665,-15.768,-38.618,-34.35491666666667,1583.7,1.2,446.7729166666667,12.5
2023-05-15,2023,5,15,0,29.865,18.889,23.659520833333335,2.6,1,1.0625,0.5,0,0.010416666666666666,3.02,0,1.059375,-22.487,-38.446,-35.174708333333335,1393.7,1.2,363.3875,12.5
2023-05-16,2023,5,16,0,32.381,18.985,23.88114583333333,35.3,1,4.970833333333333,0.5,0,0.03125,3.02,0,0.7758333333333333,14.453,-38.388,-27.566375,1621.2,1.2,453.59583333333336,12.5
2023-05-17,2023,5,17,7.8,30.672,17.962,22.250895833333335,1,1,1,0.5,0,0.010416666666666666,4.53,0,0.9225,-31.403,-39.006,-36.43029166666667,1596.2,1.2,339.48125,13
2023-05-18,2023,5,18,0.2,30.976,18.604,23.1516875,1,1,1,0,0,0,2.52,0,0.7545833333333333,-31.223,-38.618,-35.8889375,1468.7,1.2,313.3354166666667,12.5
2023-05-19,2023,5,19,0,29.34,19.389,22.734479166666667,1,1,1,0.5,0,0.010416666666666666,3.02,0,0.9118749999999999,-32.192,-38.144,-36.13514583333333,1318.7,1.2,221.87708333333333,12.5
2023-05-20,2023,5,20,0,30.394,19.603,23.428333333333335,3.4,1,1.0729166666666667,0.5,0,0.041666666666666664,3.02,0,0.9125,-18.561,-38.015,-35.27879166666667,1671.2,1.2,373.90833333333336,12.5
2023-05-21,2023,5,21,3.2,28.345,20.126,22.926645833333332,1,1,1,0,0,0,2.01,0,0.7125,-32.782,-37.7,-36.019979166666666,1088.7,1.2,236.35625000000002,12.5
2023-05-22,2023,5,22,33.8,27.579,18.057,20.796187500000002,1,1,1,0.5,0,0.010416666666666666,6.04,0,0.8070833333333333,-33.238,-38.949,-37.30054166666667,1138.7,1.2,187.45000000000002,12.5
2023-05-23,2023,5,23,27.409999999999997,28.667,17.962,21.984020833333336,1,1,1,0,0,0,2.52,0,0.84875,-32.591,-39.006,-36.588833333333334,1163.7,1.2,272.7625,13
2023-05-24,2023,5,24,0.6000000000000001,29.04,18.343,22.239354166666665,1,1,1,0.5,0,0.020833333333333332,4.03,0,0.9533333333333333,-32.37,-38.776,-36.4356875,1496.2,1.2,324.6375,12.5
2023-05-25,2023,5,25,0.2,29.515,18.652,22.577833333333334,1,1,1,0.5,0,0.020833333333333332,3.52,0,1.0799999999999998,-32.088,-38.589,-36.232104166666666,1768.7,1.2,378.12708333333336,13
2023-05-26,2023,5,26,3,27.136,18.081,21.151354166666668,1,1,1,0.5,0,0.020833333333333332,3.52,0,0.8487499999999999,-33.501,-38.934,-37.08622916666667,1226.2,1.2,232.91875000000002,13
2023-05-27,2023,5,27,22.009999999999998,28.941,17.51,21.400041666666667,1.6,1,1.0208333333333333,0,0,0,3.52,0,0.7545833333333333,-28.398,-39.28,-36.76564583333333,1551.2,1.2,335.9916666666667,13
2023-05-28,2023,5,28,1.2,28.419,17.819,22.088562500000002,1,1,1,0,0,0,4.03,0,0.7547916666666666,-32.738,-39.093,-36.525020833333336,1518.7,1.2,295.5229166666667,13
2023-05-29,2023,5,29,10.2,29.966,18.842,21.831895833333334,3.7,1,1.0583333333333333,0,0,0,3.52,0,0.6185416666666667,-17.635,-38.474,-36.3580625,1323.7,1.2,221.25208333333333,12.5
2023-05-30,2023,5,30,5.800000000000001,28.965,19.222,22.05891666666667,1,1,1,0.5,0,0.010416666666666666,5.03,0,0.6816666666666666,-32.414,-38.245,-36.54225,1331.2,1.2,271.25208333333336,12.5
2023-05-31,2023,5,31,17.4,29.54,18.58,21.339708333333334,1,1,1,0,0,0,3.02,0,0.3985416666666667,-32.073,-38.633,-36.97441666666666,1386.2,1.2,215.00208333333333,12.5
2023-06-01,2023,6,1,0,26.158,18.2,21.800270833333332,1,1,1,0,0,0,2.52,0,0.9752083333333332,-34.084,-38.862,-36.695875,846.2,1.2,247.65833333333336,12.5
2023-06-02,2023,6,2,0,29.389,17.772,22.5245625,1,1,1,0,0,0,2.52,0,0.818125,-32.163,-39.121,-36.264895833333334,1603.7,1.2,336.2,13
2023-06-03,2023,6,3,0,29.916,19.199,23.270979166666667,1,1,1,0.5,0,0.020833333333333332,4.53,0,0.9227083333333334,-31.851,-38.259,-35.8160625,1488.7,1.2,312.60625,12.5
2023-06-04,2023,6,4,0,30.167,19.08,22.778770833333333,1,1,1,0.5,0,0.020833333333333332,3.02,0,1.080625,-31.702,-38.331,-36.110958333333336,1448.7,1.2,340.73125,13
2023-06-05,2023,6,5,0,29.065,19.127,22.523770833333334,1,1,1,0.5,0,0.041666666666666664,4.03,0,1.468125,-32.355,-38.302,-36.263645833333335,1376.2,1.2,336.1479166666667,12.5
2023-06-06,2023,6,6,0,30.444,18.889,23.108708333333333,2.6,1,1.0520833333333333,0,0,0,3.02,0,1.184375,-21.524,-38.446,-35.55533333333334,1731.2,1.2,400.78333333333336,13
2023-06-07,2023,6,7,2.8,28.717,18.747,22.1491875,1,1,1,0.5,0,0.052083333333333336,4.53,0,1.635,-32.562,-38.532,-36.4875,1351.2,1.2,321.04375,12.5
2023-06-08,2023,6,8,7.2,26.256,17.344,20.906458333333333,1,1,1,0.5,0,0.0625,4.03,0,1.58375,-34.026,-39.38,-37.2339375,1116.2,1.2,258.8041666666667,12.5
2023-06-09,2023,6,9,4.4,25.939,17.605,20.380020833333333,1,1,1,0.5,0,0.041666666666666664,3.52,0,1.3633333333333333,-34.215,-39.222,-37.549125,1106.2,1.2,170.62708333333333,12.5
2023-06-10,2023,6,10,3.2,27.382,18.033,20.634083333333333,1,1,1,1.01,0,0.12520833333333334,4.53,0,1.7929166666666667,-33.355,-38.963,-37.3964375,1168.7,1.2,265.93958333333336,13
2023-06-11,2023,6,11,2.4,26.72,18.081,20.595416666666665,1,1,1,1.01,0,0.12541666666666668,4.53,0,1.7195833333333332,-33.749,-38.934,-37.41925,1291.2,1.2,196.46041666666667,12.5
2023-06-12,2023,6,12,15.6,25.623,18.723,20.394375,1,1,1,1.01,0,0.08354166666666667,5.03,0,1.4677083333333334,-34.403,-38.546,-37.5403125,1083.7,1.2,164.53333333333333,12.5
2023-06-13,2023,6,13,0.4,23.424,18.557,20.419979166666668,1,1,1,0.5,0,0.041666666666666664,3.02,0,1.1535416666666667,-35.718,-38.646,-37.52339583333333,698.7,1.2,125.99166666666666,12.5
2023-06-14,2023,6,14,2,26.231,18.866,20.991520833333333,1,1,1,0.5,0,0.041666666666666664,4.03,0,1.1533333333333333,-34.041,-38.46,-37.180791666666664,953.7,1.2,197.24166666666667,13
2023-06-15,2023,6,15,4.4,28.841,18.438,21.251395833333333,1,1,1,0,0,0,3.02,0,0.5662499999999999,-32.488,-38.718,-37.025333333333336,1603.7,1.2,222.97083333333333,12.5
2023-06-16,2023,6,16,2.1999999999999997,27.014,19.151,21.466166666666666,1,1,1,0,0,0,3.52,0,1.0274999999999999,-33.574,-38.288,-36.89629166666666,1661.2,1.2,280.73125,12.5
2023-06-17,2023,6,17,5.4,25.283,18.913,20.77541666666667,1,1,1,0,0,0,3.02,0,0.9122916666666666,-34.606,-38.431,-37.310541666666666,876.2,1.2,186.56458333333333,12.5
2023-06-18,2023,6,18,1,25.283,18.58,20.7589375,1,1,1,0,0,0,2.52,0,0.681875,-34.606,-38.633,-37.320458333333335,793.7,1.2,167.91875000000002,13
2023-06-19,2023,6,19,0,27.358,18.794,21.664895833333333,1,1,1,0,0,0,2.52,0,0.660625,-33.369,-38.503,-36.7779375,1216.2,1.2,246.04375000000002,12.5
2023-06-20,2023,6,20,3,29.64,18.747,21.472958333333334,1,1,1,0.5,0,0.010416666666666666,3.02,0,0.6291666666666667,-32.014,-38.532,-36.893520833333334,1593.7,1.2,243.80416666666667,12.5
2023-06-21,2023,6,21,18.4,28.122,18.129,20.511166666666668,1,1,1,0.5,0,0.010416666666666666,4.53,0,0.89125,-32.915,-38.905,-37.470979166666666,1371.2,1.2,176.14791666666667,12.5
2023-06-22,2023,6,22,1.2,26.646,18.485,21.145041666666668,1,1,1,0,0,0,2.52,0,0.8387499999999999,-33.793,-38.69,-37.08947916666667,946.2,1.2,210.21041666666667,12.5
2023-06-23,2023,6,23,1.6,27.063,18.438,21.089125,1,1,1,0.5,0,0.041666666666666664,4.53,0,1.3629166666666666,-33.545,-38.718,-37.12408333333333,1171.2,1.2,273.12708333333336,12.5
2023-06-24,2023,6,24,2.2,24.968,17.272,19.666125,1,1,1,0.5,0,0.052083333333333336,4.03,0,1.4160416666666666,-34.794,-39.424,-37.97927083333333,1073.7,1.2,161.56458333333333,13
2023-06-25,2023,6,25,2.4,26.965,17.225,20.345895833333334,1,1,1,0.5,0,0.020833333333333332,3.52,0,0.99625,-33.603,-39.452,-37.571395833333334,1111.2,1.2,201.20000000000002,12.5
2023-06-26,2023,6,26,14.8,21.676,17.582,18.911208333333335,1,1,1,0.5,0,0.052083333333333336,3.52,0,1.8245833333333332,-36.767,-39.236,-38.4333125,491.2,1.2,97.55416666666666,12.5
2023-06-27,2023,6,27,13,22.393,16.749,18.434791666666666,1,1,1,1.51,0,0.4191666666666667,5.54,0,2.3595833333333336,-36.336,-39.741,-38.721604166666665,648.7,1.2,150.83541666666667,12.5
2023-06-28,2023,6,28,5.6,27.014,17.344,19.881104166666667,1,1,1,1.01,0,0.08354166666666667,4.03,0,1.5629166666666667,-33.574,-39.38,-37.85027083333333,963.7,1.2,160.67916666666667,13
2023-06-29,2023,6,29,9.8,24.774,17.962,19.837729166666666,1,1,1,0.5,0,0.052083333333333336,4.03,0,1.3527083333333334,-34.91,-39.006,-37.87489583333333,1058.7,1.2,206.72083333333333,12.5
2023-06-30,2023,6,30,1,26.085,18.366,20.453104166666666,1,1,1,0.5,0,0.052083333333333336,3.52,0,1.5002083333333334,-34.128,-38.762,-37.504666666666665,831.2,1.2,166.40833333333333,13
2023-07-01,2023,7,1,1.6,26.549,18.319,21.249624999999998,1,1,1,0,0,0,2.52,0,0.9329166666666666,-33.851,-38.79,-37.02670833333333,946.2,1.2,218.85625000000002,12.5
2023-07-02,2023,7,2,8.2,27.554,19.199,21.011666666666667,1,1,1,0,0,0,2.52,0,0.8808333333333334,-33.253,-38.259,-37.169312500000004,1108.7,1.2,175.52291666666667,12.5
2023-07-03,2023,7,3,70.60000000000001,21.891,17.819,19.179729166666668,1,1,1,0,0,0,3.02,0.5,1.8035416666666666,-36.638,-39.093,-38.27102083333333,531.2,1.2,87.86666666666666,12.5
2023-07-04,2023,7,4,63.6,19.722,17.486,18.348041666666667,1,1,1,1.01,0,0.27145833333333336,6.04,0.5,3.104375,-37.943,-39.294,-38.772958333333335,371.2,1.2,72.81458333333333,12.5
2023-07-05,2023,7,5,59.4,19.413,17.605,18.435666666666666,1,1,1,1.01,0,0.198125,6.54,1.51,3.4916666666666667,-38.13,-39.222,-38.719875,348.7,1.2,65.83541666666666,12
2023-07-06,2023,7,6,60,19.341,17.819,18.578395833333335,1,1,1,1.01,0,0.18791666666666668,8.05,1.51,3.796041666666667,-38.173,-39.093,-38.63364583333333,216.2,1.2,54.68958333333333,12
2023-07-07,2023,7,7,39.8,20.269,18.176,18.939541666666667,1,1,1,0.5,0,0.09375,4.53,0.5,2.767916666666667,-37.614,-38.877,-38.41545833333333,401.2,1.2,80.00208333333333,12
2023-07-08,2023,7,8,29,20.412,18.319,18.9133125,1,1,1,0.5,0,0.03125,4.03,0,1.6252083333333331,-37.527,-38.79,-38.431333333333335,383.7,1.2,81.66875,13
2023-07-09,2023,7,9,5.6,26.061,18.366,20.572625,1,1,1,0,0,0,3.52,0,0.8597916666666666,-34.142,-38.762,-37.4330625,1028.7,1.2,199.48125000000002,13
2023-07-10,2023,7,10,5,25.939,17.486,20.036458333333332,1,1,1,0,0,0,3.02,0,0.4302083333333333,-34.215,-39.294,-37.75652083333333,943.7,1.2,163.02291666666667,12
2023-07-11,2023,7,11,5.6000000000000005,25.137,18.081,19.9168125,1,1,1,0.5,0,0.010416666666666666,2.52,0,0.6604166666666667,-34.693,-38.934,-37.827333333333335,851.2,1.2,134.0125,12.5
2023-07-12,2023,7,12,0.4,27.825,18.033,21.2494375,1,1,1,0,0,0,4.03,0,0.9854166666666666,-33.091,-38.963,-37.02820833333333,1226.2,1.2,267.50208333333336,13
2023-07-13,2023,7,13,7,21.891,18.295,19.4975625,1,1,1,0,0,0,3.52,0,1.0172916666666667,-36.638,-38.805,-38.079229166666664,486.2,1.2,98.075,12
2023-07-14,2023,7,14,6.2,25.987,18.152,20.19172916666667,1,1,1,0.5,0,0.010416666666666666,4.03,0,1.195625,-34.186,-38.891,-37.663333333333334,1421.2,1.2,234.27291666666667,12.5
2023-07-15,2023,7,15,3.4,26.353,18.39,20.800145833333332,1,1,1,0,0,0,3.52,0,0.7760416666666666,-33.968,-38.747,-37.29685416666667,1261.2,1.2,225.93958333333333,13
2023-07-16,2023,7,16,2.6,25.793,18.842,20.972791666666666,1,1,1,0,0,0,4.03,0,0.5660416666666667,-34.302,-38.474,-37.1925,993.7,1.2,194.53333333333333,13
2023-07-17,2023,7,17,9,24.05,18.723,19.75583333333333,1,1,1,0.5,0,0.010416666666666666,4.03,0,1.2264583333333332,-35.343,-38.546,-37.923604166666664,871.2,1.2,138.90833333333333,12.5
2023-07-18,2023,7,18,14.2,23.064,18.485,19.548020833333332,1,1,1,1.01,0,0.14625,5.54,0.5,2.6735416666666665,-35.934,-38.69,-38.0490625,813.7,1.2,157.29375000000002,12
2023-07-19,2023,7,19,26.8,20.007,17.986,18.944958333333332,1,1,1,1.01,0,0.104375,5.54,1.51,3.3764583333333333,-37.771,-38.992,-38.412333333333336,343.7,1.2,83.59583333333333,12.5
2023-07-20,2023,7,20,2.8,22.872,17.938,19.706979166666667,1,1,1,1.51,0,0.26166666666666666,7.55,0.5,3.5027083333333335,-36.049,-39.021,-37.9534375,758.7,1.2,139.79375,13
2023-07-21,2023,7,21,0,22.824,18.271,19.688104166666665,1,1,1,1.01,0,0.2814583333333333,7.05,2.01,3.575416666666667,-36.078,-38.819,-37.9644375,561.2,1.2,99.325,13
2023-07-22,2023,7,22,25.6,20.103,17.391,18.795895833333333,1,1,1,0.5,0,0.1875,5.54,0.5,3.0414583333333334,-37.714,-39.352,-38.502270833333334,386.2,1.2,74.06458333333333,12
2023-07-23,2023,7,23,53,19.96,17.225,18.723583333333334,1,1,1,0.5,0,0.010416666666666666,5.03,1.01,2.59,-37.8,-39.452,-38.54589583333333,251.2,1.2,51.14791666666667,12
2023-07-24,2023,7,24,67.2,19.413,17.415,18.327166666666667,1,1,1,0.5,0,0.07291666666666667,6.54,0.5,2.685,-38.13,-39.337,-38.7855,283.7,1.2,52.34583333333333,12
2023-07-25,2023,7,25,46.2,19.627,17.653,18.330166666666667,1,1,1,0,0,0,5.03,0,2.149583333333333,-38.001,-39.193,-38.78370833333334,271.2,1.2,52.39791666666667,11.5
2023-07-26,2023,7,26,28.2,19.722,17.724,18.447104166666666,1,1,1,0,0,0,4.03,0.5,1.7410416666666666,-37.943,-39.15,-38.71304166666667,266.2,1.2,57.293749999999996,12
2023-07-27,2023,7,27,9.399999999999999,24.919,16.987,19.279625,1,1,1,0,0,0,4.53,0,1.540625,-34.824,-39.596,-38.2126875,1153.7,1.2,182.34583333333333,12
2023-07-28,2023,7,28,0.6000000000000001,23.978,17.249,19.276541666666667,1,1,1,0,0,0,4.03,0,1.2474999999999998,-35.386,-39.438,-38.213833333333334,686.2,1.2,136.46041666666667,12
2023-07-29,2023,7,29,0,23.472,17.748,19.662645833333332,1,1,1,0,0,0,3.52,0,0.9858333333333333,-35.689,-39.136,-37.98052083333333,726.2,1.2,148.80416666666667,13
2023-07-30,2023,7,30,0.2,26.744,17.415,20.8455,1,1,1,0.5,0,0.03125,3.52,0,1.3002083333333332,-33.735,-39.337,-37.27110416666667,1306.2,1.2,298.85625,13
2023-07-31,2023,7,31,1.2000000000000002,27.112,18.414,20.8459375,1,1,1,0.5,0,0.010416666666666666,3.02,0,1.2483333333333333,-33.516,-38.733,-37.26977083333333,1158.7,1.2,226.98125000000002,12
2023-08-01,2023,8,1,2.8,26.891,18.366,20.578875,1,1,1,0.5,0,0.03125,5.03,0,1.6147916666666666,-33.647,-38.762,-37.43060416666667,1441.2,1.2,277.45,12.5
2023-08-02,2023,8,2,0,27.751,17.938,20.842020833333333,1.5,1,1.0104166666666667,0.5,0,0.08333333333333333,5.03,0,1.6670833333333333,-29.602,-39.021,-37.186479166666665,1303.7,1.2,300.6791666666667,13
2023-08-03,2023,8,3,0,27.85,18.295,21.0904375,9.6,1,1.425,0.5,0,0.052083333333333336,4.53,0,1.7089583333333334,-7.113,-38.805,-35.596333333333334,1478.7,1.2,289.22083333333336,12.5
2023-08-04,2023,8,4,1.2000000000000002,28.072,17.582,20.960375,1,1,1,0.5,0,0.03125,4.53,0,1.4047916666666667,-32.945,-39.236,-37.20175,1401.2,1.2,293.9604166666667,12.5
2023-08-05,2023,8,5,0.6,27.801,16.868,20.720791666666667,3.1,1,1.0979166666666667,0,0,0,3.52,0,1.0379166666666666,-21.357,-39.669,-36.72320833333333,1378.7,1.2,261.5125,13
2023-08-06,2023,8,6,0.6000000000000001,28.468,18.628,21.090145833333334,1,1,1,0,0,0,2.52,0,0.83875,-32.709,-38.604,-37.12352083333333,1548.7,1.2,235.52291666666667,12.5
2023-08-07,2023,8,7,0,28.097,18.343,21.48925,1,1,1,0,0,0,3.02,0,0.7654166666666666,-32.93,-38.776,-36.8839375,1038.7,1.2,245.36666666666667,12.5
2023-08-08,2023,8,8,9,26.769,16.534,20.299791666666668,1,1,1,0,0,0,2.52,0,0.5866666666666667,-33.72,-39.871,-37.59889583333333,976.2,1.2,195.26250000000002,12.5
2023-08-09,2023,8,9,0.8,30.343,17.439,21.789729166666667,24.8,1,2.3604166666666666,0,0,0,3.52,0,0.95375,7.358,-39.323,-33.307375,1531.2,1.2,357.45,12.5
2023-08-10,2023,8,10,3.4000000000000004,28.841,17.51,21.444208333333332,1.5,1,1.0166666666666666,0,0,0,2.52,0,0.7124999999999999,-28.687,-39.28,-36.768854166666664,1471.2,1.2,343.54375,12.5
2023-08-11,2023,8,11,30,28.692,18.39,20.927666666666667,1,1,1,0,0,0,2.52,0,0.5135416666666667,-32.576,-38.747,-37.220666666666666,1116.2,1.2,196.87708333333333,12
2023-08-12,2023,8,12,0.4,26.818,18.319,20.542395833333334,1,1,1,0,0,0,2.01,0,0.7235416666666666,-33.691,-38.79,-37.451166666666666,1201.2,1.2,182.81458333333333,13
2023-08-13,2023,8,13,0,28.667,17.439,21.605166666666666,8.3,1,1.38125,0,0,0,3.02,0,0.9647916666666666,-9.932,-39.323,-35.2011875,1341.2,1.2,347.3979166666667,12.5
2023-08-14,2023,8,14,0,28.345,18.033,21.389375,2.7,1,1.0791666666666666,0,0,0,2.52,0,0.7027083333333334,-22.092,-38.963,-36.409062500000005,1176.2,1.2,269.5854166666667,12.5
2023-08-15,2023,8,15,0,29.439,16.249,21.392375,21.4,1,2.841666666666667,0,0,0,3.52,0,1.0274999999999999,3.739,-40.044,-32.350125,1591.2,1.2,380.93958333333336,12.5
2023-08-16,2023,8,16,0,30.646,15.27,21.734208333333335,54.1,1,16.047916666666666,0,0,0,3.02,0,0.9222916666666666,19.051,-40.638,-19.194354166666667,1638.7,1.2,447.97083333333336,12.5
2023-08-17,2023,8,17,0,28.692,16.344,21.678104166666667,35.2,1,6.7375,0.5,0,0.03125,4.03,0,1.499375,11.823,-39.986,-26.794291666666666,1476.2,1.2,401.825,12.5
2023-08-18,2023,8,18,2.1999999999999997,25.04,17.653,20.138354166666666,1,1,1,0,0,0,3.52,0,1.42625,-34.751,-39.193,-37.694833333333335,951.2,1.2,187.97083333333333,12.5
2023-08-19,2023,8,19,0.2,25.55,15.843,19.217666666666666,1,1,1,0.5,0,0.041666666666666664,5.54,0,1.3104166666666666,-34.447,-40.29,-38.250166666666665,1033.7,1.2,175.21041666666667,12.5
2023-08-20,2023,8,20,0.8,28.568,16.868,20.935145833333333,17.8,1,1.7520833333333332,0.5,0,0.010416666666666666,3.52,0,1.1420833333333333,1.793,-39.669,-34.751979166666665,1606.2,1.2,307.5541666666667,12.5
2023-08-21,2023,8,21,0.2,30.672,16.511,22.120770833333335,29.6,1,3.591666666666667,0,0,0,2.52,0,0.7124999999999999,10.167,-39.885,-31.393104166666667,1513.7,1.2,372.50208333333336,12.5
2023-08-22,2023,8,22,0,29.49,18.794,22.0708125,1.6,1,1.0125,0,0,0,2.52,0,0.796875,-28.705,-38.503,-36.432854166666665,1138.7,1.2,230.15833333333333,12.5
2023-08-23,2023,8,23,0,30.52,18.105,22.654208333333333,32.8,1,6.022916666666667,0,0,0,3.52,0,0.965,11.213,-38.92,-26.637770833333335,1566.2,1.2,438.23125,12.5
2023-08-24,2023,8,24,0,30.369,16.082,21.375895833333335,54.2,1,13.529166666666667,0,0,0,3.52,0,0.9747916666666666,18.985,-40.145,-22.080458333333333,1638.7,1.2,410.9916666666667,12.5
2023-08-25,2023,8,25,0,30.419,15.581,21.666833333333333,38.9,1,8.683333333333334,0,0,0,3.52,0,0.9958333333333332,12.394,-40.449,-24.954375,1648.7,1.2,406.56458333333336,12.5
2023-08-26,2023,8,26,0,29.916,16.677,21.960854166666667,43.6,1,7.995833333333334,0,0,0,3.52,0,0.7758333333333333,16.216,-39.784,-27.296416666666666,1523.7,1.2,345.73125,12.5
2023-08-27,2023,8,27,0,30.217,18.414,22.201687500000002,29.2,1,3.495833333333333,0,0,0,3.02,0,0.7233333333333333,10.33,-38.733,-31.2330625,1488.7,1.2,301.40833333333336,12.5
2023-08-28,2023,8,28,0,31.586,16.749,22.134375,49.2,1,8.639583333333334,0,0,0,3.52,0,0.9227083333333332,18.335,-39.741,-26.631625,1696.2,1.2,416.04375,12.5
2023-08-29,2023,8,29,9.799999999999999,31.077,16.868,21.410520833333333,44,1,5.533333333333333,0,0,0,4.03,0,0.6604166666666667,16.768,-39.669,-29.4203125,1798.7,1.2,324.1166666666667,12
2023-08-30,2023,8,30,1.5999999999999999,29.34,18.152,21.803854166666667,11.6,1,1.4104166666666667,0,0,0,4.53,0,0.7335416666666666,-3.719,-38.891,-35.21854166666667,1451.2,1.2,359.95,12.5
2023-08-31,2023,8,31,13.600000000000001,29.515,17.558,20.924854166666666,19.5,1,2.377083333333333,0,0,0,4.03,0,0.7127083333333333,3.746,-39.251,-33.9533125,1601.2,1.2,259.2729166666667,12.5
2023-09-01,2023,9,1,27,30.243,17.368,22.3459375,35.8,1,5.7124999999999995,0,0,0,4.03,0,0.9333333333333333,12.545,-39.366,-28.0514375,1496.2,1.2,380.2625,12.5
2023-09-02,2023,9,2,15,27.604,17.51,20.1525,1,1,1,0,0,0,2.52,0,0.723125,-33.223,-39.28,-37.6876875,1143.7,1.2,187.65833333333333,12.5
2023-09-03,2023,9,3,7.3999999999999995,24.774,17.558,20.165270833333334,1,1,1,0,0,0,2.52,0,0.9847916666666666,-34.91,-39.251,-37.678895833333335,773.7,1.2,173.54375000000002,12
2023-09-04,2023,9,4,15.8,21.27,18.271,19.246958333333332,1,1,1,0,0,0,3.52,0,1.75125,-37.011,-38.819,-38.230125,416.2,1.2,87.34583333333333,12
2023-09-05,2023,9,5,5,22.489,18.105,19.300083333333333,1,1,1,0,0,0,3.02,0,1.520625,-36.279,-38.92,-38.19860416666667,631.2,1.2,111.77291666666667,12
2023-09-06,2023,9,6,24.8,23.184,17.582,18.880375,1,1,1,0,0,0,3.52,0,1.6039583333333334,-35.862,-39.236,-38.452083333333334,628.7,1.2,99.16875,12.5
2023-09-07,2023,9,7,21.8,21.413,18.01,19.145041666666668,1,1,1,0,0,0,3.52,0,1.9502083333333333,-36.925,-38.977,-38.29179166666667,413.7,1.2,92.03333333333333,11.5
2023-09-08,2023,9,8,10,22.896,17.605,18.9374375,1,1,1,0.5,0,0.010416666666666666,5.54,1.01,2.223125,-36.035,-39.222,-38.4173125,458.7,1.2,110.31458333333333,12.5
2023-09-09,2023,9,9,0.2,28.444,18.509,20.7684375,1,1,1,0.5,0,0.010416666666666666,3.02,0,1.3204166666666666,-32.724,-38.675,-37.316125,1201.2,1.2,202.29375000000002,12
2023-09-10,2023,9,10,8,24.677,18.461,19.949479166666666,1,1,1,0,0,0,3.02,0,1.384375,-34.968,-38.704,-37.80747916666667,906.2,1.2,146.14791666666667,12
2023-09-11,2023,9,11,14.200000000000001,23.641,18.129,19.865770833333332,1,1,1,0,0,0,3.02,0,1.20625,-35.588,-38.905,-37.85789583333334,968.7,1.2,152.71041666666667,12
2023-09-12,2023,9,12,9.8,28.394,18.2,21.710208333333334,12.6,1,1.9770833333333333,0,0,0,3.02,0,0.890625,-3.074,-38.862,-33.082791666666665,1443.7,1.2,326.6166666666667,12.5
2023-09-13,2023,9,13,3.8,25.186,18.485,20.164895833333333,1,1,1,0,0,0,3.02,0,0.7647916666666666,-34.664,-38.69,-37.67822916666667,778.7,1.2,136.87708333333333,12.5
2023-09-14,2023,9,14,11.6,22.8,18.176,19.434020833333335,1,1,1,0,0,0,3.02,0,1.1120833333333333,-36.092,-38.877,-38.11779166666667,423.7,1.2,92.86666666666666,11.5
2023-09-15,2023,9,15,7,21.509,18.105,19.14110416666667,1,1,1,0,0,0,3.02,0.5,1.5,-36.867,-38.92,-38.29425,466.2,1.2,97.97083333333333,12.5
2023-09-16,2023,9,16,18.4,22.441,17.867,19.524604166666666,1,1,1,0,0,0,3.02,0,1.133125,-36.308,-39.064,-38.063125,446.2,1.2,114.58541666666666,12
2023-09-17,2023,9,17,5.4,25.404,17.51,19.850520833333334,1,1,1,0,0,0,3.52,0,0.83875,-34.534,-39.28,-37.8679375,736.2,1.2,151.40833333333333,12
2023-09-18,2023,9,18,15,25.331,18.224,20.103666666666665,1,1,1,0,0,0,3.02,0,0.6497916666666667,-34.578,-38.848,-37.715020833333334,763.7,1.2,158.43958333333333,11.5
2023-09-19,2023,9,19,1.4000000000000001,25.817,18.224,20.374375,1,1,1,0,0,0,2.01,0,0.5760416666666667,-34.287,-38.848,-37.55227083333333,908.7,1.2,171.20000000000002,12.5
2023-09-20,2023,9,20,0.6000000000000001,29.941,17.249,21.31854166666667,1,1,1,0,0,0,2.52,0,0.6610416666666666,-31.836,-39.438,-36.988104166666666,1311.2,1.2,270.31458333333336,12
2023-09-21,2023,9,21,26.400000000000002,27.358,17.32,20.846166666666665,1,1,1,0,0,0,2.52,0,0.47208333333333335,-33.369,-39.395,-37.27133333333333,1171.2,1.2,243.38750000000002,12
2023-09-22,2023,9,22,38.2,28.295,17.415,19.794291666666666,1,1,1,0,0,0,2.52,0,0.3985416666666666,-32.812,-39.337,-37.90229166666666,1131.2,1.2,123.90833333333333,12
2023-09-23,2023,9,23,22.8,25.939,17.51,20.269520833333335,1,1,1,0,0,0,2.52,0,0.4927083333333333,-34.215,-39.28,-37.6165,971.2,1.2,187.71041666666667,12
2023-09-24,2023,9,24,3.8,26.134,16.987,19.839312500000002,1,1,1,0,0,0,2.52,0,0.6602083333333333,-34.098,-39.596,-37.87520833333333,1028.7,1.2,165.78333333333333,12
2023-09-25,2023,9,25,0,28.642,17.534,21.0039375,15.9,1,1.3458333333333332,0,0,0,3.02,0,0.5347916666666667,-0.604,-39.265,-36.27347916666667,1516.2,1.2,261.04375,12
2023-09-26,2023,9,26,2,26.989,17.534,20.085520833333334,11.5,1,1.4458333333333333,0,0,0,3.52,0,0.639375,-6.036,-39.265,-36.222479166666666,1138.7,1.2,206.46041666666667,12.5
2023-09-27,2023,9,27,15,23.064,17.701,19.589354166666666,1,1,1,0,0,0,2.52,0,0.5033333333333333,-35.934,-39.164,-38.02427083333333,593.7,1.2,114.84583333333333,12.5
2023-09-28,2023,9,28,15.6,21.581,17.891,18.926291666666668,1,1,1,0,0,0,3.52,0,1.4160416666666666,-36.824,-39.049,-38.42375,596.2,1.2,86.87708333333333,11.5
2023-09-29,2023,9,29,10.4,20.15,18.343,18.918229166666666,1,1,1,0.5,0,0.010416666666666666,4.03,0.5,2.306875,-37.685,-38.776,-38.42839583333333,286.2,1.2,64.42916666666666,11.5
2023-09-30,2023,9,30,30,20.913,18.224,18.912875,1,1,1,0.5,0,0.041666666666666664,4.53,1.51,2.9466666666666668,-37.226,-38.848,-38.43170833333333,363.7,1.2,71.04375,11.5
2023-10-01,2023,10,1,24.2,20.841,18.152,18.9203125,1,1,1,0.5,0,0.09375,5.03,1.01,2.9679166666666665,-37.269,-38.891,-38.42720833333333,496.2,1.2,74.84583333333333,11.5
2023-10-02,2023,10,2,24.6,22.034,17.51,19.223541666666666,1,1,1,0,0,0,3.52,0,1.2585416666666667,-36.552,-39.28,-38.244729166666666,546.2,1.2,86.92916666666666,11.5
2023-10-03,2023,10,3,0.2,29.115,16.582,21.379520833333334,7.3,1,1.3770833333333332,0,0,0,3.02,0,0.7645833333333333,-10.172,-39.842,-35.4171875,1401.2,1.2,338.28333333333336,12
2023-10-04,2023,10,4,0,27.974,16.249,21.028770833333333,8.7,1,1.5999999999999999,0,0,0,2.52,0,0.6497916666666667,-9.865,-40.044,-34.64329166666667,1158.7,1.2,271.4604166666667,12.5
2023-10-05,2023,10,5,0,30.596,16.963,22.322520833333332,49.5,1,11.175,0,0,0,2.52,0,0.6395833333333333,17.949,-39.611,-23.869104166666666,1438.7,1.2,381.40833333333336,12.5
2023-10-06,2023,10,6,0,30.066,15.891,21.596145833333335,55.4,1,15.452083333333333,0,0,0,3.02,0,0.703125,19.237,-40.261,-20.75029166666667,1498.7,1.2,378.12708333333336,12.5
2023-10-07,2023,10,7,0,31.331,16.201,22.020020833333334,57.5,1,15.129166666666666,0,0,0,3.02,0,0.5658333333333333,21.872,-40.073,-20.924625,1493.7,1.2,363.75208333333336,12.5
2023-10-08,2023,10,8,49,27.235,17.653,20.287833333333335,1,1,1,0,0,0,2.01,0,0.27229166666666665,-33.442,-39.193,-37.60570833333333,1056.2,1.2,136.66875000000002,12
2023-10-09,2023,10,9,20.6,27.628,17.891,20.576583333333332,1,1,1,0,0,0,1.51,0,0.17833333333333334,-33.209,-39.049,-37.431041666666665,853.7,1.2,130.31458333333333,12.5
2023-10-10,2023,10,10,1.8,26.085,18.01,20.473770833333333,1,1,1,0,0,0,2.01,0,0.28291666666666665,-34.128,-38.977,-37.492416666666664,866.2,1.2,126.87708333333333,12
2023-10-11,2023,10,11,0.8,26.842,18.057,21.122125,1,1,1,0,0,0,2.01,0,0.34604166666666664,-33.676,-38.949,-37.10335416666667,958.7,1.2,167.39791666666667,12
2023-10-12,2023,10,12,4.2,25.307,18.818,20.7841875,1,1,1,0,0,0,1.51,0,0.25125,-34.592,-38.489,-37.305375,616.2,1.2,122.55416666666667,11.5
2023-10-13,2023,10,13,0,26.622,18.247,21.4020625,8.6,1,1.2666666666666666,0,0,0,3.52,0,1.2475,-10.337,-38.834,-35.8321875,1288.7,1.2,259.0125,11.5
2023-10-14,2023,10,14,76.61,26.622,17.486,20.147583333333333,1,1,1,0,0,0,1.01,0,0.3358333333333333,-33.807,-39.294,-37.69045833333333,841.2,1.2,152.39791666666667,11.5
2023-10-15,2023,10,15,4.2,30.142,17.439,20.867479166666666,6,1,1.11875,0,0,0,1.51,0,0.46166666666666667,-11.368,-39.323,-36.7213125,1091.2,1.2,214.16875000000002,11.5
2023-10-16,2023,10,16,10,26.378,18.295,20.843979166666667,12.4,1,1.55625,0,0,0,4.53,0,0.660625,-5.521,-38.805,-35.67989583333333,1213.7,1.2,203.12708333333333,11.5
2023-10-17,2023,10,17,1,27.751,17.938,21.507020833333335,1,1,1,0,0,0,3.02,0,0.8179166666666666,-33.135,-39.021,-36.87470833333333,1516.2,1.2,358.9604166666667,12
2023-10-18,2023,10,18,0,25.623,16.773,20.680666666666667,48.9,1,7.485416666666667,0,0,0,3.02,0,1.310625,14.013,-39.726,-28.06925,906.2,1.2,207.39791666666667,12
2023-10-19,2023,10,19,0,27.53,16.773,21.0594375,57.2,1,18.133333333333333,1.01,0,0.15666666666666668,6.04,0,1.9825000000000002,17.903,-39.726,-18.671333333333333,1346.2,1.2,349.5854166666667,12
2023-10-20,2023,10,20,0,27.628,15.796,21.082291666666666,53.4,1,11.954166666666666,0.5,0,0.03125,4.03,0,1.153125,16.688,-40.319,-22.216583333333332,1351.2,1.2,353.28333333333336,12
2023-10-21,2023,10,21,0,27.628,17.272,21.511479166666668,49.9,1,10.389583333333333,0.5,0,0.010416666666666666,3.52,0,1.121875,15.985,-39.424,-24.060166666666667,1228.7,1.2,330.2104166666667,12
2023-10-22,2023,10,22,0,27.85,17.534,21.628770833333334,44.3,1,8.229166666666666,0.5,0,0.07291666666666667,4.03,0,1.2477083333333334,14.443,-39.265,-25.706354166666667,1371.2,1.2,318.1791666666667,12
2023-10-23,2023,10,23,1,28.023,17.415,20.455875,4,1,1.11875,0,0,0,2.01,0,0.3254166666666667,-18.683,-39.337,-36.897958333333335,1081.2,1.2,133.64791666666667,12
2023-10-24,2023,10,24,0,27.776,17.463,21.220458333333333,16.1,1,2.029166666666667,0,0,0,3.52,0,0.65,-0.827,-39.308,-34.31852083333334,1391.2,1.2,235.10625000000002,12
2023-10-25,2023,10,25,2,25.137,18.913,20.521229166666668,1,1,1,0,0,0,2.52,0,0.4508333333333333,-34.693,-38.431,-37.46339583333334,736.2,1.2,111.66875,11.5
2023-10-26,2023,10,26,0,27.038,18.438,21.496416666666665,13.6,1,2.18125,0,0,0,4.53,0,1.2370833333333333,-3.111,-38.718,-32.68935416666667,1143.7,1.2,236.98125000000002,12
2023-10-27,2023,10,27,0,28.171,17.486,21.232166666666668,30.1,1,4.602083333333333,0.5,0,0.052083333333333336,4.03,0,1.6360416666666666,8.045,-39.294,-30.056166666666666,1313.7,1.2,294.06458333333336,12
2023-10-28,2023,10,28,0,27.284,17.011,21.214083333333335,26.7,1,3.36875,0,0,0,4.53,0,1.3735416666666667,4.822,-39.582,-31.843333333333334,1293.7,1.2,262.45,12
2023-10-29,2023,10,29,0.6000000000000001,29.04,18.533,21.592395833333335,47.4,1,8.929166666666667,0.5,0,0.010416666666666666,4.53,0,1.8454166666666667,16.67,-38.661,-27.034916666666668,1376.2,1.2,293.3875,12
2023-10-30,2023,10,30,2.6,23.809,18.414,20.115208333333335,1,1,1,0,0,0,4.03,0,1.6154166666666667,-35.488,-38.733,-37.707520833333334,948.7,1.2,138.49166666666667,12
2023-10-31,2023,10,31,0.2,26.256,18.366,21.214979166666666,18.3,1,1.8208333333333333,0.5,0,0.041666666666666664,5.03,0,2.1075,0.3,-38.762,-34.73372916666667,1393.7,1.2,308.8041666666667,12
2023-11-01,2023,11,1,0,26.475,18.129,21.354875,1,1,1,0.5,0,0.0625,4.53,0,2.0658333333333334,-33.895,-38.905,-36.96277083333333,1206.2,1.2,258.6479166666667,12
2023-11-02,2023,11,2,3.8,26.475,18.604,20.9686875,1,1,1,0.5,0,0.0625,4.53,0,1.73,-33.895,-38.618,-37.194625,1173.7,1.2,215.05416666666667,12
2023-11-03,2023,11,3,0,27.161,19.103,21.602541666666667,1,1,1,0.5,0,0.010416666666666666,4.03,0,1.53125,-33.487,-38.317,-36.8136875,1261.2,1.2,214.95000000000002,12
2023-11-04,2023,11,4,60.4,24.243,18.509,20.189729166666666,1,1,1,0,0,0,2.52,0,0.44,-35.228,-38.675,-37.663,403.7,1.2,94.95,10.5
2023-11-05,2023,11,5,0.6000000000000001,25.186,17.653,20.406291666666668,1,1,1,0.5,0,0.010416666666666666,2.52,0,0.660625,-34.664,-39.193,-37.533541666666665,1046.2,1.2,170.36666666666667,12
2023-11-06,2023,11,6,14.4,27.038,17.177,19.899854166666668,1,1,1,0,0,0,3.52,0,0.5977083333333333,-33.56,-39.481,-37.8395625,1346.2,1.2,181.04375000000002,11.5
2023-11-07,2023,11,7,0.2,27.456,17.772,21.2614375,9.5,1,1.1770833333333333,0,0,0,3.02,0,1.3210416666666667,-8.489,-39.121,-36.486645833333334,1053.7,1.2,187.81458333333333,11.5
2023-11-08,2023,11,8,3.0000000000000004,26.867,18.509,21.052666666666667,1,1,1,0.5,0,0.03125,4.53,0,1.5416666666666667,-33.662,-38.675,-37.144687499999996,1278.7,1.2,235.62708333333333,11
2023-11-09,2023,11,9,3.4,26.012,18.485,20.352166666666665,1,1,1,0.5,0,0.052083333333333336,4.53,0,1.541875,-34.171,-38.69,-37.565395833333334,751.2,1.2,112.60625,11.5
2023-11-10,2023,11,10,0,26.5,18.818,20.834,1,1,1,0.5,0,0.07291666666666667,5.03,1.01,2.4747916666666665,-33.88,-38.489,-37.27554166666667,1411.2,1.2,215.73125000000002,12
2023-11-11,2023,11,11,0,25.89,18.557,21.26429166666667,1,1,1,1.01,0,0.14625,4.53,0.5,2.569375,-34.244,-38.646,-37.01764583333333,1373.7,1.2,264.1166666666667,12
2023-11-12,2023,11,12,0,26.5,16.915,20.442541666666667,29.1,1,5.356249999999999,0.5,0,0.08333333333333333,4.53,0.5,2.2860416666666667,5.727,-39.64,-29.093729166666666,1316.2,1.2,299.0125,12
2023-11-13,2023,11,13,0,25.72,16.296,20.420145833333333,19.3,1,4.577083333333333,0.5,0,0.125,4.53,0.5,2.3491666666666666,0.597,-40.015,-29.294854166666667,1251.2,1.2,301.35625,12
2023-11-14,2023,11,14,7,22.417,17.391,19.651854166666666,1,1,1,0,0,0,5.03,0,2.453125,-36.322,-39.352,-37.9863125,548.7,1.2,115.62708333333333,11.5
2023-11-15,2023,11,15,0,26.916,17.011,20.453458333333334,17.7,1,1.9354166666666668,0.5,0,0.10416666666666667,5.03,0,2.506666666666667,-0.791,-39.582,-34.82004166666667,1351.2,1.2,275.9916666666667,11.5
2023-11-16,2023,11,16,0,24.412,17.867,20.8595625,1,1,1,0.5,0,0.010416666666666666,4.53,0,1.6045833333333333,-35.127,-39.064,-37.260083333333334,796.2,1.2,161.25208333333333,12
2023-11-17,2023,11,17,0,26.744,18.889,21.49972916666667,1,1,1,0.5,0,0.08333333333333333,5.03,0,1.9391666666666667,-33.735,-38.446,-36.87589583333333,1328.7,1.2,263.75208333333336,12
2023-11-18,2023,11,18,0,27.382,18.604,21.486166666666666,10.7,1,1.5916666666666666,0.5,0,0.052083333333333336,5.03,0,1.9395833333333332,-6.545,-38.618,-34.58077083333333,1358.7,1.2,236.51250000000002,12
2023-11-19,2023,11,19,0,26.891,18.509,21.063895833333333,60.6,1,28.333333333333332,0.5,0,0.020833333333333332,4.53,0.5,2.4747916666666665,16.841,-38.474,-11.596604166666667,1321.2,1.2,257.1375,12
2023-11-20,2023,11,20,0,26.72,18.604,21.403166666666667,57.6,1,34.639583333333334,0.5,0,0.13541666666666666,5.54,0.5,3.019791666666667,17.122,-37.627,2.3112291666666662,1133.7,1.2,236.51250000000002,12
2023-11-21,2023,11,21,0,28.023,17.415,21.61820833333333,41.3,1,5.20625,0.5,0,0.11458333333333333,5.03,0,1.9502083333333333,11.867,-39.337,-29.965208333333333,1366.2,1.2,254.58541666666667,12
2023-11-22,2023,11,22,15.8,26.549,18.58,21.063145833333333,1,1,1,0,0,0,2.52,0,0.6502083333333333,-33.851,-38.633,-37.13820833333333,733.7,1.2,146.04375000000002,12
2023-11-23,2023,11,23,17,26.867,19.008,20.608729166666667,1,1,1,0,0,0,3.02,0,0.6708333333333333,-33.662,-38.374,-37.41083333333333,918.7,1.2,125.575,11.5
2023-11-24,2023,11,24,0.2,25.404,17.986,20.775833333333335,1,1,1,0.5,0,0.041666666666666664,4.53,0,1.605,-34.534,-38.992,-37.31077083333333,1288.7,1.2,246.14791666666667,12
2023-11-25,2023,11,25,0,25.963,18.247,20.924958333333333,1,1,1,0.5,0,0.09375,5.03,1.01,2.5166666666666666,-34.2,-38.834,-37.221333333333334,1121.2,1.2,217.50208333333333,11.5
2023-11-26,2023,11,26,6,25.016,18.295,20.402458333333335,1,1,1,1.01,0,0.23979166666666668,6.04,1.01,3.1977083333333334,-34.766,-38.805,-37.535041666666665,1213.7,1.2,218.90833333333333,11.5
2023-11-27,2023,11,27,0,26.231,16.749,20.235041666666667,1,1,1,1.01,0,0.1775,5.03,2.01,3.198125,-34.041,-39.741,-37.63704166666667,1308.7,1.2,277.1375,11.5
2023-11-28,2023,11,28,0,26.842,17.653,20.914604166666667,15,1,2.2354166666666666,0.5,0,0.125,5.03,0,2.3585416666666665,-2.762,-39.193,-33.457125,1283.7,1.2,284.5854166666667,11.5
2023-11-29,2023,11,29,0,26.134,17.891,20.490979166666666,1,1,1,1.01,0,0.16708333333333333,6.04,0,2.4539583333333335,-34.098,-39.049,-37.483104166666664,1231.2,1.2,257.2416666666667,11.5
2023-11-30,2023,11,30,0.4,26.769,18.319,20.866125,1,1,1,0.5,0,0.020833333333333332,5.03,0,2.5160416666666667,-33.72,-38.79,-37.257104166666664,1301.2,1.2,257.34583333333336,11.5
2023-12-01,2023,12,1,0.2,27.431,18.438,21.129395833333334,24.2,1,2.1666666666666665,0.5,0,0.03125,6.04,0,2.0875,5.208,-38.718,-34.722479166666666,1298.7,1.2,285.41875,11.5
2023-12-02,2023,12,2,0,28.345,18.889,21.6280625,46.5,1,9.877083333333333,0.5,0,0.041666666666666664,5.03,0.5,2.3277083333333333,14.476,-38.446,-24.582916666666666,1321.2,1.2,268.9604166666667,11.5
2023-12-03,2023,12,3,0,27.382,19.341,21.419375000000002,9.5,1,1.1770833333333333,0,0,0,4.03,0,1.6352083333333332,-10.029,-38.173,-36.3965,671.2,1.2,133.96041666666667,11
2023-12-04,2023,12,4,0,28.916,19.103,22.312895833333336,47.7,1,7.239583333333333,0,0,0,3.02,0,1.0270833333333333,15.369,-38.317,-26.782083333333333,1098.7,1.2,236.30416666666667,11.5
2023-12-05,2023,12,5,0,29.84,17.439,21.488791666666668,57.7,1,10.414583333333333,0.5,0,0.03125,4.03,0,1.0062499999999999,20.623,-39.323,-26.648895833333334,1258.7,1.2,256.6166666666667,11.5
2023-12-06,2023,12,6,0,30.394,15.39,20.9284375,56.9,1,12.364583333333334,0.5,0,0.020833333333333332,4.03,0,0.9229166666666667,20.624,-40.565,-23.786916666666666,1276.2,1.2,279.48125,11.5
2023-12-07,2023,12,7,1.6,29.389,17.011,21.134541666666667,52.4,1,6.05,0,0,0,2.01,0,0.5970833333333333,18.237,-39.582,-29.98720833333333,1163.7,1.2,205.57500000000002,11
2023-12-08,2023,12,8,25.6,25.866,18.628,20.870041666666665,1,1,1,0,0,0,2.52,0,0.6083333333333333,-34.258,-38.604,-37.253729166666666,1243.7,1.2,178.33541666666667,10.5
2023-12-09,2023,12,9,2,25.914,19.008,21.00316666666667,1,1,1,0.5,0,0.03125,5.03,0,1.5522916666666666,-34.23,-38.374,-37.173520833333335,1141.2,1.2,191.35625000000002,11.5
2023-12-10,2023,12,10,0,24.895,18.295,20.69183333333333,1,1,1,1.01,0,0.115,5.03,0,1.6672916666666666,-34.838,-38.805,-37.361354166666665,1153.7,1.2,235.00208333333333,11.5
2023-12-11,2023,12,11,0,26.158,17.486,20.561395833333332,1,1,1,0.5,0,0.03125,3.52,0,1.8975,-34.084,-39.294,-37.44079166666667,1298.7,1.2,256.4604166666667,11.5
2023-12-12,2023,12,12,0,27.259,17.605,20.446520833333334,17.9,1,1.625,0.5,0,0.010416666666666666,4.03,0,2.1810416666666668,0.233,-39.222,-35.502854166666665,1183.7,1.2,243.70000000000002,11.5
2023-12-13,2023,12,13,0,23.4,17.558,19.668,1,1,1,0.5,0,0.10416666666666667,5.54,0,2.946458333333333,-35.733,-39.251,-37.977020833333334,1028.7,1.2,221.77291666666667,11.5
2023-12-14,2023,12,14,0,24.026,16.177,19.3788125,17.4,1,2.0416666666666665,1.01,0,0.26125,7.55,0.5,3.408333333333333,-2.2,-40.088,-35.1723125,1253.7,1.2,285.41875,11.5
2023-12-15,2023,12,15,0,26.304,15.939,20.09497916666667,27.6,1,2.689583333333333,0.5,0,0.09375,4.53,0,2.1395833333333334,6.15,-40.232,-34.227937499999996,1211.2,1.2,225.93958333333333,11.5
2023-12-16,2023,12,16,0,24.871,17.605,19.947354166666667,1,1,1,0.5,0,0.052083333333333336,4.53,1.51,2.6214583333333334,-34.852,-39.222,-37.809416666666664,1001.2,1.2,200.99166666666667,11.5
2023-12-17,2023,12,17,23.6,19.341,17.796,18.791395833333333,1,1,1,1.51,0,0.21916666666666668,7.55,1.51,4.0060416666666665,-38.173,-39.107,-38.505,228.7,1.2,55.574999999999996,11.5
2023-12-18,2023,12,18,11,19.103,17.368,18.060583333333334,1,1,1,1.51,0,0.5241666666666667,7.55,3.02,5.1066666666666665,-38.317,-39.366,-38.9466875,506.2,1.2,116.51249999999999,11.5
2023-12-19,2023,12,19,0,21.867,16.368,18.672250000000002,1,1,1,1.01,0,0.27166666666666667,8.56,0.5,3.7435416666666668,-36.652,-39.972,-38.577895833333336,1288.7,1.2,195.47083333333333,11.5
2023-12-20,2023,12,20,0,24.484,17.724,19.863229166666667,1,1,1,1.01,0,0.24,6.04,1.51,3.2614583333333336,-35.084,-39.15,-37.86002083333334,1188.7,1.2,255.99166666666667,11.5
2023-12-21,2023,12,21,0.2,23.641,18.152,19.733645833333334,1,1,1,1.01,0,0.13583333333333333,4.03,1.01,2.4535416666666667,-35.588,-38.891,-37.9374375,1168.7,1.2,197.91875000000002,11.5
2023-12-22,2023,12,22,0,27.038,15.7,20.189145833333335,52.5,1,10.991666666666667,0.5,0,0.0625,4.53,0,1.5516666666666665,9.939,-39.842,-23.220770833333333,1251.2,1.2,262.18958333333336,11.5
2023-12-23,2023,12,23,0,27.875,15.533,20.236270833333332,59.6,1,21.220833333333335,0.5,0,0.13541666666666666,5.54,0,2.5689583333333332,19.146,-39.539,-15.610895833333332,1223.7,1.2,263.23125,11.5
2023-12-24,2023,12,24,0,24.992,15.079,19.404875,6.6,1,1.29375,1.01,0,0.18770833333333334,4.53,0.5,2.68375,-14.589,-40.754,-36.83083333333333,1193.7,1.2,240.73125000000002,11.5
2023-12-25,2023,12,25,0,25.404,17.843,20.679520833333335,7.8,1,1.5416666666666667,1.01,0,0.17770833333333333,5.54,1.01,2.904166666666667,-11.74,-39.078,-35.375458333333334,1286.2,1.2,283.75208333333336,11.5
2023-12-26,2023,12,26,0,26.842,16.272,19.885083333333334,59.3,1,15.602083333333333,0.5,0,0.1875,4.53,1.01,3.2725,17.129,-40.03,-19.7821875,1258.7,1.2,292.60625,11.5
2023-12-27,2023,12,27,0,25.55,15.652,19.53775,12.8,1,2.3875,1.51,0,0.4604166666666667,6.04,1.01,3.2295833333333333,-5.596,-40.406,-34.07727083333333,1268.7,1.2,283.43958333333336,11.5
2023-12-28,2023,12,28,0.2,25.089,18.247,20.307916666666667,1.3,1,1.00625,1.01,0,0.15645833333333334,4.53,1.51,2.8735416666666667,-32.44,-38.834,-37.53729166666667,1138.7,1.2,217.65833333333333,11.5
2023-12-29,2023,12,29,0,25.598,17.915,20.50875,5.7,1,1.1916666666666667,1.01,0,0.3129166666666667,5.03,1.51,3.198125,-16.594,-39.035,-36.59254166666666,1176.2,1.2,261.56458333333336,12
2023-12-30,2023,12,30,0,24.291,17.867,19.729041666666667,1,1,1,1.01,0,0.38625,6.54,2.01,3.7435416666666668,-35.199,-39.064,-37.94085416666667,1088.7,1.2,251.92916666666667,12
2023-12-31,2023,12,31,0,25.72,17.32,19.900041666666667,22.2,1,2.0229166666666667,0.5,0,0.23958333333333334,4.53,1.01,2.9366666666666665,2.55,-39.395,-35.81639583333333,1246.2,1.2,280.78333333333336,11.5
2024-01-01,2024,1,1,0,29.04,16.749,20.919020833333335,50.6,1,8.683333333333334,0.5,0,0.020833333333333332,4.03,0,1.4783333333333333,17.224,-39.741,-27.599229166666667,1286.2,1.2,256.4604166666667,11.5
2024-01-02,2024,1,2,0,25.089,17.843,20.746458333333333,19.1,1,2.4625,1.01,0,0.17729166666666668,4.03,0,2.285833333333333,-0.063,-39.078,-33.486625,1233.7,1.2,255.99166666666667,11.5
2024-01-03,2024,1,3,0,28.891,17.011,20.884125,44.7,1,6.660416666666667,0.5,0,0.020833333333333332,5.03,0,1.6877083333333331,15.681,-39.582,-28.448854166666667,1243.7,1.2,245.78333333333333,11.5
2024-01-04,2024,1,4,11.8,27.21,17.986,20.232458333333334,7.1,1,1.1895833333333332,0.5,0,0.052083333333333336,5.03,0,1.64625,-13.824,-38.992,-36.790145833333334,973.7,1.2,190.47083333333333,11.5
2024-01-05,2024,1,5,5.800000000000001,25.477,17.938,20.27175,1,1,1,0,0,0,4.03,0,0.9854166666666666,-34.49,-39.021,-37.613708333333335,796.2,1.2,168.23125000000002,11.5
2024-01-06,2024,1,6,0,24.098,17.558,19.882416666666668,1,1,1,0.5,0,0.03125,4.53,0,1.2585416666666667,-35.315,-39.251,-37.8475625,1236.2,1.2,157.55416666666667,11.5
2024-01-07,2024,1,7,1.6,24.388,18.533,20.176395833333334,1,1,1,0.5,0,0.07291666666666667,4.03,0,1.6985416666666666,-35.141,-38.661,-37.67089583333333,1256.2,1.2,246.82500000000002,11.5
2024-01-08,2024,1,8,0,25.331,18.343,20.170416666666668,1,1,1,0.5,0,0.125,5.54,0.5,2.4435416666666665,-34.578,-38.776,-37.67483333333333,1226.2,1.2,220.62708333333333,11.5
2024-01-09,2024,1,9,26,21.103,15.772,18.991583333333335,35,1,1.8062500000000001,1.01,0,0.104375,6.54,1.51,2.9358333333333335,0.36,-40.117,-37.1598125,383.7,1.2,79.58541666666666,11.5
2024-01-10,2024,1,10,0.8,22.681,16.201,18.5853125,46.2,1,2.31875,1.01,0,0.26166666666666666,5.54,1.51,3.229375,4.864,-39.957,-37.017041666666664,1211.2,1.2,233.96041666666667,11.5
2024-01-11,2024,1,11,0,25.234,16.368,19.363395833333335,45.1,1,5.485416666666667,1.51,0,0.33479166666666665,6.54,1.51,3.7858333333333336,7.157,-39.972,-31.111333333333334,1341.2,1.2,283.4916666666667,12
2024-01-12,2024,1,12,0,24.002,16.368,19.286583333333333,61.8,1,18.104166666666668,2.01,0,0.639375,9.06,2.01,4.4775,10.926,-39.654,-15.310479166666667,1303.7,1.2,290.2625,12
2024-01-13,2024,1,13,0,24.919,15.581,19.373541666666668,61.1,1,14.94375,1.01,0,0.2814583333333333,5.54,1.01,3.136041666666667,16.019,-40.449,-21.178708333333333,1276.2,1.2,288.75208333333336,12
2024-01-14,2024,1,14,0,28.221,17.344,20.899458333333335,62.7,1,36.975,1.51,0,0.25104166666666666,8.56,0,3.2820833333333335,18.575,-39.38,-1.2950833333333336,1263.7,1.2,283.7,12
2024-01-15,2024,1,15,0,25.453,15.175,19.331958333333333,60.9,1,24.695833333333333,1.01,0,0.28291666666666665,5.03,0,2.349375,17.3,-40.276,-14.17075,1206.2,1.2,277.8666666666667,12
2024-01-16,2024,1,16,0,26.012,14.337,19.12772916666667,61,1,23.022916666666667,1.01,0,0.198125,5.54,0,1.8777083333333333,17.401,-40.943,-14.056770833333333,1246.2,1.2,278.1791666666667,12
2024-01-17,2024,1,17,0,26.329,14.888,19.719166666666666,60.5,1,24.227083333333333,0.5,0,0.052083333333333336,3.52,0,1.5310416666666666,17.992,-40.87,-12.7636875,1248.7,1.2,272.34583333333336,12
2024-01-18,2024,1,18,0,28.122,14.17,19.816229166666666,59.6,1,23.6125,0,0,0,3.52,0,1.0166666666666666,19.13,-41.307,-14.422854166666667,1261.2,1.2,279.95,12
2024-01-19,2024,1,19,0,27.949,15.438,20.639770833333333,59.8,1,14.11875,0.5,0,0.041666666666666664,4.53,0,1.6466666666666667,19.405,-40.536,-22.614104166666667,1316.2,1.2,279.5854166666667,12
2024-01-20,2024,1,20,0,25.355,17.225,20.114458333333335,18.5,1,1.7395833333333335,0.5,0,0.14583333333333334,4.53,0,2.0341666666666667,-0.561,-39.452,-35.865270833333334,1343.7,1.2,230.36666666666667,11.5
2024-01-21,2024,1,21,0,26.842,17.011,20.888270833333333,45.1,1,9.95625,1.01,0,0.14604166666666668,5.03,0,2.149583333333333,13.743,-39.582,-24.0475,1296.2,1.2,287.97083333333336,12
2024-01-22,2024,1,22,0,27.014,17.439,21.096416666666666,55.1,1,15.752083333333333,0.5,0,0.17708333333333334,5.54,0,2.0341666666666667,16.298,-39.323,-18.959770833333334,1286.2,1.2,296.7729166666667,12
2024-01-23,2024,1,23,0,26.769,17.463,20.835958333333334,61.3,1,27.729166666666668,0.5,0,0.14583333333333334,4.03,0,2.0341666666666667,18.327,-39.308,-8.490208333333333,1298.7,1.2,293.9604166666667,12
2024-01-24,2024,1,24,0,28.171,15.414,20.339604166666668,60.5,1,23.070833333333333,0.5,0,0.010416666666666666,3.52,0,1.3629166666666666,19.037,-40.551,-13.830874999999999,1313.7,1.2,272.45,12
2024-01-25,2024,1,25,0,26.231,15.342,20.100625,59.4,1,26.735416666666666,0.5,0,0.13541666666666666,4.53,0,1.824375,15.401,-40.595,-10.381291666666666,1273.7,1.2,291.04375,12
2024-01-26,2024,1,26,0,26.061,16.034,19.785541666666667,63.3,22.3,51.59375,1.51,0,0.30395833333333333,5.54,1.01,2.904375,15.818,-4.746,9.303625,1323.7,1.2,296.66875,12
2024-01-27,2024,1,27,0,24.992,15.461,19.3720625,63.4,1,41.06041666666667,1.51,0,0.3566666666666667,6.04,1.51,3.470416666666667,17.291,-40.522,0.3235208333333335,1351.2,1.2,298.4916666666667,12
2024-01-28,2024,1,28,0,24.267,15.629,19.358479166666665,60.7,1,30.6375,1.01,0,0.26166666666666666,4.53,0.5,2.8527083333333336,16.185,-39.957,-3.875166666666667,1286.2,1.2,295.41875,12
2024-01-29,2024,1,29,0,26.818,15.772,19.719479166666666,62.3,1,21.222916666666666,0.5,0,0.15625,4.03,0,2.390833333333333,19.027,-40.333,-11.116458333333332,1308.7,1.2,277.50208333333336,12
2024-01-30,2024,1,30,0,30.495,17.534,21.8076875,62.2,1,28.629166666666666,0.5,0,0.09375,3.52,0,2.0347916666666666,20.157,-39.265,-5.836916666666666,1343.7,1.2,301.35625,12
2024-01-31,2024,1,31,0,32.201,16.129,21.902354166666665,61.7,1,19.572916666666668,0,0,0,3.52,0,0.9541666666666666,21.398,-40.117,-17.8405,1368.7,1.2,314.16875,12
2024-02-01,2024,2,1,0,30.016,16.82,21.619770833333334,60.9,1,21.56041666666667,0,0,0,3.52,0,1.0372916666666667,21.136,-39.698,-15.9195625,1366.2,1.2,304.2729166666667,12
2024-02-02,2024,2,2,0,26.965,16.368,20.770937500000002,46.2,1,8.252083333333333,0,0,0,3.02,0,1.1424999999999998,13.117,-39.972,-24.468479166666665,846.2,1.2,163.07500000000002,12
2024-02-03,2024,2,3,0,27.235,16.225,21.203875,55,1,17.46875,0.5,0,0.125,4.03,0,1.8033333333333332,15.255,-40.058,-17.11925,1328.7,1.2,256.7729166666667,12
2024-02-04,2024,2,4,0,28.32,16.106,20.972854166666668,62.5,1,36.02291666666667,1.01,0,0.24083333333333334,5.54,0,2.7058333333333335,18.106,-40.131,-5.439208333333333,1336.2,1.2,314.2729166666667,12
2024-02-05,2024,2,5,0,27.554,15.7,20.584520833333332,63.5,7.3,46.625,1.01,0,0.17770833333333333,5.03,0,2.4120833333333334,17.547,-19.53,7.306541666666667,1396.2,1.2,324.06458333333336,12
2024-02-06,2024,2,6,0,27.875,16.082,20.621916666666667,65.2,39.7,57.13333333333333,1.51,0,0.45145833333333335,5.54,0.5,2.926041666666667,17.496,4.202,11.740895833333333,1388.7,1.2,330.8875,12
2024-02-07,2024,2,7,0,28.916,16.272,21.365395833333334,64.7,41.8,56.21666666666667,1.51,0,0.3564583333333333,5.03,0,2.474375,17.321,8.852,12.151979166666667,1388.7,1.2,329.8979166666667,12
2024-02-08,2024,2,8,0,29.34,18.081,22.548750000000002,60.5,30.8,46.22708333333333,1.01,0,0.18854166666666666,5.54,0,2.6220833333333333,13.366,6.88,10.127125,1358.7,1.2,312.81458333333336,12
2024-02-09,2024,2,9,0,28.345,15.27,21.305770833333334,65.2,30.9,54.4125,1.01,0,0.17729166666666668,6.54,0.5,2.38,16.276,-0.643,11.5338125,1378.7,1.2,334.8979166666667,12
2024-02-10,2024,2,10,0,26.158,15.724,20.479333333333333,64.6,1,43.34166666666667,1.01,0,0.22020833333333334,6.04,0,2.8097916666666665,18.301,-40.362,1.6304999999999996,1353.7,1.2,327.91875,12
2024-02-11,2024,2,11,0,26.451,15.843,20.457854166666667,64.2,1,43.516666666666666,1.51,0,0.41854166666666665,7.05,0.5,3.5025,18.474,-40.16,0.04110416666666732,1388.7,1.2,336.7729166666667,12
2024-02-12,2024,2,12,0,26.012,16.463,20.634875,63.3,17.6,53.81875,1.51,0,0.4195833333333333,6.04,0,3.3554166666666667,18.369,-7.737,10.66325,1398.7,1.2,354.4291666666667,12
2024-02-13,2024,2,13,0,26.744,15.438,20.150291666666668,61,1,20.65833333333333,1.01,0,0.2814583333333333,4.53,0.5,2.4960416666666667,16.447,-40.536,-16.140291666666666,1398.7,1.2,347.8666666666667,12
2024-02-14,2024,2,14,0,25.817,17.344,20.907875,46.9,1,14.004166666666666,1.01,0,0.20854166666666668,7.05,1.51,3.1039583333333334,13.459,-39.38,-19.528020833333333,1388.7,1.2,302.3979166666667,12
2024-02-15,2024,2,15,0,25.841,16.487,20.864583333333332,62.7,1,43.33125,1.01,0,0.293125,7.55,1.51,3.1766666666666667,17.052,-39.265,2.3398958333333333,1333.7,1.2,334.22083333333336,12
2024-02-16,2024,2,16,0,27.21,16.677,21.010208333333335,63.2,1,39.75625,1.01,0,0.37645833333333334,6.04,1.51,3.6910416666666666,19.11,-39.683,-0.14625000000000007,1461.2,1.2,358.9604166666667,12
2024-02-17,2024,2,17,0,28.295,17.534,21.915770833333333,63.2,1,33.83125,1.01,0,0.2502083333333333,5.54,0,2.6008333333333336,20.143,-39.265,-5.0335624999999995,1403.7,1.2,355.10625,12
2024-02-18,2024,2,18,0,28.667,15.772,21.625166666666665,62.3,1,33.860416666666666,1.01,0,0.188125,5.54,0,1.7516666666666667,19.805,-40.333,-6.764729166666667,1446.2,1.2,358.23125,12
2024-02-19,2024,2,19,0,28.916,18.271,22.740625,64.5,30.5,60.09166666666667,1.01,0,0.15645833333333334,4.03,0,2.38,20.893,0.997,14.538708333333334,1438.7,1.2,365.2625,12
2024-02-20,2024,2,20,0,29.464,16.463,21.90877083333333,61.7,1,27.764583333333334,0.5,0,0.0625,4.53,0,1.46875,20.798,-39.914,-9.903770833333333,1388.7,1.2,348.9604166666667,12
2024-02-21,2024,2,21,0,30.672,17.13,22.483125,61.4,1,20.08125,0,0,0,3.02,0,0.8704166666666666,21.172,-39.51,-17.460083333333333,1431.2,1.2,278.0229166666667,12
2024-02-22,2024,2,22,0,33.417,18.176,23.265416666666667,60.2,1,22.741666666666667,1.01,0,0.073125,3.52,0,1.1214583333333332,22.551,-38.877,-14.522166666666667,1438.7,1.2,310.78333333333336,12
2024-02-23,2024,2,23,0,33.861,16.773,23.177875,61.4,1,25.391666666666666,0.5,0,0.03125,4.03,0,1.0383333333333333,22.709,-39.726,-12.112541666666667,1426.2,1.2,313.9604166666667,12
2024-02-24,2024,2,24,0,29.24,17.748,21.8443125,46.5,1,11.10625,0,0,0,2.52,0,0.608125,14.399,-39.136,-23.6148125,971.2,1.2,182.13750000000002,12
2024-02-25,2024,2,25,0,28.444,17.106,22.369770833333334,60.3,1,26.9875,1.01,0,0.22979166666666667,5.03,0,2.4325,19.842,-39.524,-9.367458333333332,1353.7,1.2,319.53333333333336,12
2024-02-26,2024,2,26,0,28.122,16.249,21.892625,63.1,1,35.275,1.51,0,0.3666666666666667,7.55,1.51,3.701041666666667,19.968,-39.784,-2.001041666666666,1468.7,1.2,385.8354166666667,12
2024-02-27,2024,2,27,0,27.677,17.201,21.275541666666665,58.4,1,19.972916666666666,1.01,0,0.491875,6.04,0.5,3.554791666666667,17.52,-39.467,-16.770875,1458.7,1.2,324.2729166666667,12
2024-02-28,2024,2,28,0,29.79,17.344,22.365145833333333,62.6,1,43.65625,1.51,0,0.43041666666666667,6.04,0,3.1033333333333335,18.302,-39.38,3.948583333333333,1508.7,1.2,412.1375,12
2024-02-29,2024,2,29,0,29.765,16.249,22.354041666666667,62.7,1,35.59583333333333,1.01,0,0.23020833333333335,4.53,0,2.265416666666667,18.525,-40.044,-1.8674791666666664,1478.7,1.2,407.7625,12
2024-03-01,2024,3,1,0,28.394,16.63,21.91775,63.4,1,42.43333333333334,1.51,0,0.3460416666666667,6.04,0,2.5060416666666665,17.754,-39.813,3.0095416666666672,1491.2,1.2,394.06458333333336,12
2024-03-02,2024,3,2,0,30.041,16.106,22.379020833333335,64.7,13,52.114583333333336,0,0,0,4.03,0,1.3845833333333333,19.067,-10.674,11.601208333333334,1386.2,1.2,366.56458333333336,12
2024-03-03,2024,3,3,0,30.066,15.294,22.008770833333333,62,1,34.989583333333336,0.5,0,0.052083333333333336,3.52,0,1.3735416666666667,20.682,-40.624,-2.456979166666667,1441.2,1.2,390.10625,12
2024-03-04,2024,3,4,0,30.268,15.748,22.176479166666667,59.5,1,21.897916666666667,0.5,0,0.03125,3.52,0,0.94375,21.275,-40.348,-15.0241875,1306.2,1.2,353.23125,12
2024-03-05,2024,3,5,0,31.97,17.011,23.3429375,57.8,1,20.33125,0.5,0,0.03125,4.03,0,1.5,20.578,-39.582,-15.366520833333333,1443.7,1.2,395.47083333333336,12
2024-03-06,2024,3,6,0,30.52,17.249,22.4439375,58.5,1,19.416666666666668,0,0,0,3.52,0,0.933125,20.624,-39.438,-17.773104166666666,1176.2,1.2,307.7104166666667,12
2024-03-07,2024,3,7,0,31.382,17.486,23.373895833333332,59.1,1,21.920833333333334,0.5,0,0.125,4.03,0,1.436875,20.872,-39.294,-13.904395833333332,1406.2,1.2,386.7729166666667,12
2024-03-08,2024,3,8,0,31.255,17.796,23.0186875,58.8,1,22.55,0,0,0,4.53,0,0.8804166666666666,21.248,-39.107,-14.5460625,1366.2,1.2,284.06458333333336,12
2024-03-09,2024,3,9,0,31.996,17.463,23.012,60.7,1,20.88125,0.5,0,0.010416666666666666,3.02,0,0.9645833333333332,22.52,-39.308,-16.722729166666667,1266.2,1.2,285.9916666666667,12
2024-03-10,2024,3,10,0,31.026,18.889,23.378895833333335,59.5,1,20.325,0,0,0,3.52,0,0.8491666666666666,21.9,-38.446,-15.407270833333333,1181.2,1.2,278.1791666666667,12
2024-03-11,2024,3,11,0,31.637,18.081,23.511854166666666,59.9,1,22.391666666666666,0.5,0,0.11458333333333333,4.03,0,1.6883333333333332,20.565,-38.934,-13.054208333333333,1361.2,1.2,366.7729166666667,12
2024-03-12,2024,3,12,0,31.689,17.51,23.237166666666667,59.2,1,26.447916666666668,0.5,0,0.10416666666666667,3.02,0,1.3108333333333333,22.772,-39.28,-10.369854166666666,1393.7,1.2,374.68958333333336,12
2024-03-13,2024,3,13,0,31.128,17.249,22.781604166666668,59.5,1,15.697916666666666,0.5,0,0.010416666666666666,4.03,0,0.9329166666666666,20.646,-39.438,-19.6561875,1178.7,1.2,276.7729166666667,12
2024-03-14,2024,3,14,0,31.128,17.701,23.228604166666667,58.5,1,17.383333333333333,0,0,0,3.02,0,0.89125,21.967,-39.164,-18.934895833333332,1116.2,1.2,258.9604166666667,12
2024-03-15,2024,3,15,0,30.773,18.01,23.1968125,58.7,1,16.635416666666668,0,0,0,3.02,0,0.86,21.719,-38.977,-19.190833333333334,1333.7,1.2,244.37708333333333,12.5
2024-03-16,2024,3,16,0,30.646,18.057,23.27766666666667,59.1,1,20.425,0.5,0,0.010416666666666666,3.02,0,0.8595833333333333,21.404,-38.949,-15.871375,1443.7,1.2,320.0541666666667,12
2024-03-17,2024,3,17,0,32.253,17.225,22.774375,59.6,1,21.1875,0,0,0,2.52,0,0.8491666666666666,20.753,-39.452,-15.872083333333334,911.2,1.2,237.50208333333336,12
2024-03-18,2024,3,18,0,31.561,16.558,22.78152083333333,62,1,27.63125,0.5,0,0.041666666666666664,3.52,0,1.121875,21.253,-39.856,-9.823145833333333,1436.2,1.2,398.28333333333336,12
2024-03-19,2024,3,19,0,31.128,16.511,22.720166666666668,58.5,1,21.639583333333334,0.5,0,0.11458333333333333,5.03,0,1.363125,21.012,-39.885,-14.330729166666666,1466.2,1.2,405.10625,12
2024-03-20,2024,3,20,0,31.484,17.034,22.95970833333333,58.6,1,20.76875,0.5,0,0.08333333333333333,4.53,0,1.3420833333333333,21.463,-39.568,-15.682708333333332,1438.7,1.2,396.98125,12
2024-03-21,2024,3,21,0,28.99,17.938,22.384687500000002,59.6,1,26.685416666666665,1.01,0,0.1775,4.53,0,1.9185416666666666,19.997,-39.021,-10.453541666666666,1508.7,1.2,344.37708333333336,12
2024-03-22,2024,3,22,0,30.646,18.295,23.059041666666666,61.4,1,27.4,1.01,0,0.15645833333333334,5.54,0,2.2020833333333334,21.153,-38.805,-9.859875,1521.2,1.2,329.16875,12
2024-03-23,2024,3,23,0,31.103,18.509,23.801583333333333,59.8,1,26.547916666666666,1.01,0,0.26208333333333333,5.54,0,2.0125,20.412,-38.675,-9.5121875,1478.7,1.2,404.53333333333336,12
2024-03-24,2024,3,24,0,32.33,18.604,23.696583333333333,63,1,29.370833333333334,0.5,0,0.11458333333333333,4.53,0,1.7193749999999999,20.609,-38.618,-6.279041666666667,1516.2,1.2,378.3354166666667,12
2024-03-25,2024,3,25,0,32.278,16.987,23.805979166666667,58.1,1,35.15416666666667,0.5,0,0.125,4.53,0,1.750625,19.229,-39.596,1.7047916666666667,1458.7,1.2,392.2416666666667,12
2024-03-26,2024,3,26,0,32.15,17.249,23.840645833333333,57.7,1,23.952083333333334,0.5,0,0.09375,4.53,0,1.51,18.536,-39.337,-8.505979166666666,1436.2,1.2,389.7416666666667,12
2024-03-27,2024,3,27,0,32.278,17.415,23.354958333333332,61.2,1,31.5625,1.01,0,0.12520833333333334,4.03,0,1.4570833333333333,21.097,-39.337,-5.8015,1513.7,1.2,412.97083333333336,12.5
2024-03-28,2024,3,28,0,32.124,17.677,23.900354166666666,62.7,1,31.877083333333335,0.5,0,0.08333333333333333,5.03,0,1.583125,22.572,-39.179,-5.356833333333333,1476.2,1.2,399.84583333333336,12.5
2024-03-29,2024,3,29,0,33.809,18.699,24.217020833333333,58.3,1,18.229166666666668,0.5,0,0.041666666666666664,3.52,0,1.0277083333333332,23.678,-38.561,-16.6740625,1431.2,1.2,375.73125,12
2024-03-30,2024,3,30,0,31.51,18.2,23.931375,58.4,1,19.722916666666666,0.5,0,0.07291666666666667,4.53,0,1.2372916666666667,21.056,-38.862,-15.314791666666666,1466.2,1.2,380.3666666666667,12.5
2024-03-31,2024,3,31,0,31.306,18.366,23.446708333333333,58.1,1,20.679166666666667,0,0,0,3.52,0,0.8489583333333333,21.041,-38.762,-16.123,1283.7,1.2,280.8354166666667,12.5
2024-04-01,2024,4,1,0,31.255,17.915,23.267479166666668,59,1,18.247916666666665,0,0,0,3.02,0,0.7441666666666666,21.336,-39.035,-18.236875,1016.2,1.2,240.26250000000002,12.5
2024-04-02,2024,4,2,0,33.809,18.652,24.5001875,57.3,1,16.527083333333334,0.5,0,0.052083333333333336,4.03,0,1.3004166666666666,22.85,-38.589,-18.216083333333334,1576.2,1.2,343.9604166666667,12.5
2024-04-03,2024,4,3,0,32.613,19.793,24.495125,58,1,13.814583333333333,0,0,0,3.02,0,0.9752083333333332,22.793,-37.9,-19.754916666666666,1003.7,1.2,239.06458333333333,12
2024-04-04,2024,4,4,0,33.391,19.151,24.290666666666667,57.8,1,15.408333333333333,0.5,0,0.010416666666666666,4.03,0,1.0175,23.82,-38.288,-19.681604166666666,1511.2,1.2,349.84583333333336,12.5
2024-04-05,2024,4,5,0,34.124,18.652,25.1809375,58.5,1,18.09166666666667,0.5,0,0.010416666666666666,5.54,0,1.2060416666666667,22.429,-38.589,-15.629791666666666,1503.7,1.2,406.35625,12.5
2024-04-06,2024,4,6,0,34.73,18.937,24.789895833333333,59.4,1,20.7125,0.5,0,0.020833333333333332,4.53,0,1.0483333333333333,23.03,-38.417,-14.780395833333333,1453.7,1.2,349.0125,12.5
2024-04-07,2024,4,7,0,31.919,19.175,24.092395833333335,59.2,1,15.591666666666667,0.5,0,0.010416666666666666,4.53,0,1.016875,22.819,-38.273,-18.524562500000002,816.2,1.2,192.60625000000002,12.5
2024-04-08,2024,4,8,0,33.678,18.271,24.942875,57.5,1,19.304166666666667,0,0,0,4.03,0,1.0802083333333332,23.393,-38.819,-15.335270833333334,1558.7,1.2,346.87708333333336,12.5
2024-04-09,2024,4,9,0,32.742,19.555,24.7114375,61,1,24.445833333333333,0.5,0,0.14583333333333334,5.03,0,1.5727083333333334,21.734,-38.044,-10.69925,1518.7,1.2,404.0125,12.5
2024-04-10,2024,4,10,0,32.15,18.961,24.5066875,58.2,1,25.275,0.5,0,0.16666666666666666,5.54,0,1.6675,20.656,-38.402,-9.463583333333334,1496.2,1.2,407.91875,12.5
2024-04-11,2024,4,11,0,31.331,18.461,24.17075,59.5,1,24.447916666666668,0.5,0,0.052083333333333336,4.53,0,1.4685416666666666,22.1,-38.704,-11.177708333333333,1376.2,1.2,300.575,12.5
2024-04-12,2024,4,12,0,31.408,20.079,24.010895833333333,59.2,1,14.86875,0.5,0,0.10416666666666667,4.03,0,1.8454166666666667,21.828,-37.728,-21.201270833333332,1546.2,1.2,295.6791666666667,12.5
2024-04-13,2024,4,13,0,31.357,19.08,24.022270833333334,57.9,1,20.902083333333334,0.5,0,0.041666666666666664,4.03,0,1.5095833333333333,22.096,-38.331,-14.504708333333333,1306.2,1.2,337.3979166666667,12.5
2024-04-14,2024,4,14,0,31.306,19.222,24.484333333333332,62.4,1,32.56041666666667,1.01,0,0.13583333333333333,4.53,0,2.1289583333333333,20.661,-38.245,-4.695291666666667,1491.2,1.2,391.1479166666667,12.5
2024-04-15,2024,4,15,0,31.663,17.867,24.387833333333333,62.2,1,35.75208333333333,1.01,0,0.16708333333333333,4.53,0,2.044583333333333,22.806,-39.064,0.6278541666666668,1451.2,1.2,426.40833333333336,12.5
2024-04-16,2024,4,16,0,31.179,20.103,24.338854166666668,60.8,1,21.995833333333334,0,0,0,3.02,0,1.2375,21.644,-37.714,-14.4783125,1276.2,1.2,301.56458333333336,12.5
2024-04-17,2024,4,17,0,32.433,18.699,24.265791666666665,57,1,16.45,0,0,0,3.52,0,0.8808333333333332,22.578,-38.561,-18.9395625,1428.7,1.2,256.40833333333336,12.5
2024-04-18,2024,4,18,0,33.339,19.77,24.969708333333333,58.5,1,18.183333333333334,0.5,0,0.03125,3.52,0,1.090625,23.917,-37.914,-16.45029166666667,1236.2,1.2,246.30416666666667,12.5
2024-04-19,2024,4,19,0,33.417,18.509,24.402083333333334,58.4,1,14.160416666666666,0.5,0,0.03125,3.02,0,1.2270833333333333,24.162,-38.675,-19.811104166666667,1171.2,1.2,222.50208333333333,12.5
2024-04-20,2024,4,20,0,33.235,20.365,24.017625,57.9,1,12.075,0,0,0,2.52,0,0.7447916666666666,23.848,-37.556,-23.558645833333333,953.7,1.2,192.55416666666667,12.5
2024-04-21,2024,4,21,0,31.714,19.603,24.35964583333333,58.9,1,16.191666666666666,0.5,0,0.010416666666666666,3.52,0,0.7966666666666666,22.084,-38.015,-17.926208333333335,903.7,1.2,174.06458333333333,12.5
2024-04-22,2024,4,22,0,33.235,19.651,23.492791666666665,55.3,1,8.1,0.5,0,0.010416666666666666,3.52,0,0.6604166666666667,21.035,-37.986,-26.2456875,1023.7,1.2,176.77291666666667,13
2024-04-23,2024,4,23,0,35.475,19.056,24.855979166666668,57.2,1,19.4625,0.5,0,0.020833333333333332,4.53,0,1.1952083333333334,25.732,-38.345,-14.290770833333333,1443.7,1.2,340.93958333333336,13
2024-04-24,2024,4,24,0,33.079,19.175,24.194395833333335,59,1,15.352083333333333,0.5,0,0.010416666666666666,4.53,0,0.86,23.76,-38.273,-19.4040625,1133.7,1.2,259.4291666666667,12.5
2024-04-25,2024,4,25,0,33.131,18.675,24.8474375,59.9,1,20.860416666666666,0.5,0,0.07291666666666667,4.03,0,1.248125,22.774,-38.575,-14.011770833333333,1361.2,1.2,351.87708333333336,12.5
2024-04-26,2024,4,26,0,32.227,19.484,24.863208333333333,57.8,1,19.74375,0.5,0,0.010416666666666666,3.52,0,1.1114583333333332,22.591,-38.087,-15.557020833333333,1176.2,1.2,272.0854166666667,12.5
2024-04-27,2024,4,27,0,34.045,19.008,25.399416666666667,57.8,1,21.760416666666668,0.5,0,0.03125,3.52,0,1.2479166666666666,22.3,-38.374,-12.983791666666667,1411.2,1.2,376.04375,12.5
2024-04-28,2024,4,28,0,33.94,20.317,25.631895833333335,58.2,1,20.035416666666666,0.5,0,0.07291666666666667,4.03,0,1.2479166666666666,22.897,-37.585,-14.298583333333333,1483.7,1.2,414.8979166666667,12.5
2024-04-29,2024,4,29,0,33.495,20.269,25.6205,58.4,1,19.852083333333333,0.5,0,0.03125,4.03,0,1.0170833333333333,23.074,-37.614,-14.762020833333334,1471.2,1.2,379.5854166666667,12.5
2024-04-30,2024,4,30,0,33.678,20.126,25.290895833333334,59.3,1,20.662499999999998,0,0,0,3.52,0,1.3002083333333332,24.262,-37.7,-14.773208333333333,1141.2,1.2,253.96041666666667,12.5
2024-05-01,2024,5,1,0,34.545,19.698,24.963104166666668,59.5,1,14.822916666666666,0.5,0,0.020833333333333332,3.02,0,1.2166666666666666,24.748,-37.958,-20.069583333333334,1271.2,1.2,233.54375000000002,12.5
2024-05-02,2024,5,2,0,35.609,19.817,26.378104166666667,58.9,1,20.083333333333332,0.5,0,0.010416666666666666,3.02,0,1.1322916666666667,24.622,-37.886,-13.7539375,1376.2,1.2,303.90833333333336,12.5
2024-05-03,2024,5,3,0,35.368,20.96,25.446625,58.9,1,14.950000000000001,0.5,0,0.03125,3.52,0,1.0691666666666666,24,-37.198,-18.370124999999998,1053.7,1.2,221.51250000000002,12.5
2024-05-04,2024,5,4,0,31.077,21.151,24.996729166666665,44.4,1,8.66875,0.5,0,0.052083333333333336,4.03,0,1.175,16.547,-37.083,-23.0255,766.2,1.2,198.12708333333333,12.5
2024-05-05,2024,5,5,0,33.027,20.96,25.2355625,57,1,15.958333333333334,0.5,0,0.0625,4.03,0,1.363125,22.832,-37.198,-17.668145833333334,1141.2,1.2,260.47083333333336,12.5
2024-05-06,2024,5,6,0,35.342,19.627,25.320625,59.9,1,20.849999999999998,0.5,0,0.09375,4.03,0,1.4583333333333333,24.104,-38.001,-14.263791666666666,1441.2,1.2,326.72083333333336,12.5
2024-05-07,2024,5,7,0,35.662,19.199,25.665833333333335,59.4,1,27.62291666666667,0.5,0,0.10416666666666667,4.03,0,1.604375,23.781,-38.259,-5.6576458333333335,1451.2,1.2,371.2,12.5
2024-05-08,2024,5,8,0.4,33.105,19.341,25.270375,59.3,1,26.310416666666665,0.5,0,0.09375,4.03,0,1.4260416666666667,23.413,-38.173,-8.0763125,1473.7,1.2,409.84583333333336,12.5
2024-05-09,2024,5,9,0.6000000000000001,30.621,20.222,23.624395833333335,38.2,1,6.322916666666667,0.5,0,0.010416666666666666,3.52,0,0.8702083333333333,12.718,-37.642,-26.090479166666668,811.2,1.2,162.81458333333333,12
2024-05-10,2024,5,10,3.4000000000000004,33.209,19.865,23.33245833333333,34.5,1,4.520833333333333,0,0,0,3.02,0,0.6604166666666667,15.383,-37.857,-29.305958333333333,1421.2,1.2,258.4916666666667,12.5
2024-05-11,2024,5,11,10.4,28.32,19.817,22.962229166666667,26.3,1,2.2979166666666666,0,0,0,2.52,0,0.48166666666666663,5.349,-37.886,-33.530625,751.2,1.2,160.67916666666667,12.5
2024-05-12,2024,5,12,2.2,28.196,20.007,22.373104166666668,1,1,1,0,0,0,2.52,0,0.28291666666666665,-32.871,-37.771,-36.35066666666667,1233.7,1.2,163.02291666666667,12.5
2024-05-13,2024,5,13,6.6,28.543,18.557,21.682041666666667,7.7,1,1.1625,0.5,0,0.010416666666666666,6.04,0,1.1529166666666666,-9.898,-38.646,-36.112770833333336,998.7,1.2,189.89791666666667,12.5
2024-05-14,2024,5,14,6.6000000000000005,29.09,18.699,22.121229166666666,21.6,1,1.8104166666666668,0.5,0,0.010416666666666666,4.03,0,0.849375,2.974,-38.561,-34.22360416666667,1101.2,1.2,205.15833333333333,12.5
2024-05-15,2024,5,15,6.4,30.874,19.294,22.313,55.3,1,6.397916666666666,0,0,0,4.53,0,0.9535416666666666,20.597,-38.201,-29.633208333333332,1648.7,1.2,253.33541666666667,12.5
2024-05-16,2024,5,16,0,29.79,19.674,22.675979166666668,23.4,1,2.7645833333333334,0,0,0,2.52,0,0.8283333333333333,4.007,-37.972,-31.742145833333332,1173.7,1.2,233.80416666666667,12.5
2024-05-17,2024,5,17,9.8,26.304,19.199,21.789895833333333,1,1,1,0,0,0,1.51,0,0.461875,-33.997,-38.259,-36.70104166666667,868.7,1.2,148.33541666666667,12
2024-05-18,2024,5,18,26.2,28.493,19.175,21.188645833333332,6.8,1,1.2,0,0,0,2.01,0,0.4089583333333333,-10.992,-38.273,-36.252541666666666,1351.2,1.2,153.12708333333333,12.5
2024-05-19,2024,5,19,1.6,27.875,19.389,21.364541666666668,1,1,1,0.5,0,0.020833333333333332,2.52,0,0.72375,-33.062,-38.144,-36.956625,723.7,1.2,149.22083333333333,12.5
2024-05-20,2024,5,20,68.8,22.369,18.105,19.6958125,1,1,1,0.5,0,0.010416666666666666,4.53,0,0.744375,-36.351,-38.92,-37.9596875,438.7,1.2,64.74166666666666,12
2024-05-21,2024,5,21,34.800000000000004,30.192,18.057,21.6809375,28.4,1,2.7125,0,0,0,4.53,0,0.9222916666666666,9.121,-38.949,-33.35275,1241.2,1.2,221.09583333333333,12.5
2024-05-22,2024,5,22,32.4,27.949,20.079,21.679854166666665,1,1,1,0,0,0,4.03,0,0.9120833333333334,-33.018,-37.728,-36.76710416666666,1401.2,1.2,157.60625000000002,12
2024-05-23,2024,5,23,11,26.94,19.318,22.125729166666666,7.5,1,1.16875,0,0,0,1.51,0,0.4083333333333333,-11.457,-38.187,-35.816520833333335,881.2,1.2,178.85625000000002,12.5
2024-05-24,2024,5,24,24.6,24.05,19.151,21.196583333333333,1,1,1,0.5,0,0.020833333333333332,5.03,0,0.901875,-35.343,-38.288,-37.056,576.2,1.2,140.575,12.5
2024-05-25,2024,5,25,4.2,25.477,19.46,21.014,1,1,1,0.5,0,0.010416666666666666,3.02,0,1.4358333333333333,-34.49,-38.101,-37.16625,616.2,1.2,123.96041666666667,12
2024-05-26,2024,5,26,0,27.407,19.579,21.977145833333335,6.4,1,1.2,0.5,0,0.052083333333333336,4.53,0,1.8664583333333333,-13.047,-38.03,-35.627854166666665,871.2,1.2,161.40833333333333,12.5
2024-05-27,2024,5,27,0.4,24.992,19.484,21.5905625,1,1,1,0.5,0,0.052083333333333336,3.52,0,1.7193749999999999,-34.78,-38.087,-36.819833333333335,536.2,1.2,133.80416666666667,12.5
2024-05-28,2024,5,28,31.6,24.605,18.39,20.173979166666665,1,1,1,0.5,0,0.03125,4.03,0,1.499375,-35.011,-38.747,-37.67183333333333,553.7,1.2,75.47083333333333,12
2024-05-29,2024,5,29,4.8,25.574,18.509,21.30375,1,1,1,0,0,0,2.52,0,0.7760416666666666,-34.432,-38.675,-36.99275,536.2,1.2,125.73125,12
2024-05-30,2024,5,30,1.4000000000000001,27.259,19.627,22.195375,1,1,1,0.5,0,0.010416666666666666,4.03,0,1.0485416666666667,-33.428,-38.001,-36.45791666666667,791.2,1.2,195.15833333333333,12
2024-05-31,2024,5,31,0.2,28.841,19.032,23.027125,1,1,1,0,0,0,2.01,0,0.6912499999999999,-32.488,-38.36,-35.96027083333333,1146.2,1.2,212.03333333333333,12.5
2024-06-01,2024,6,1,10.8,25.307,19.27,21.753458333333334,1,1,1,0.5,0,0.010416666666666666,6.04,0,0.9120833333333334,-34.592,-38.216,-36.721625,551.2,1.2,103.85625,12.5
2024-06-02,2024,6,2,18,29.165,19.008,21.944479166666667,4.4,1,1.0916666666666668,0.5,0,0.010416666666666666,4.03,0,0.7964583333333334,-15.849,-38.374,-36.100541666666665,1236.2,1.2,185.41875000000002,12.5
2024-06-03,2024,6,3,2,27.653,18.866,21.631291666666666,1,1,1,0,0,0,2.52,0,0.5660416666666667,-33.194,-38.46,-36.797104166666664,1361.2,1.2,189.32500000000002,12.5
2024-06-04,2024,6,4,0.2,29.966,18.557,23.157291666666666,41.2,1,7.141666666666667,0.5,0,0.020833333333333332,3.02,0,1.0695833333333333,14.321,-38.646,-27.1773125,1516.2,1.2,375.41875,13
2024-06-05,2024,6,5,0.2,27.505,18.818,21.93702083333333,1,1,1,0.5,0,0.010416666666666666,3.02,0,0.8491666666666666,-33.282,-38.489,-36.61325,1093.7,1.2,192.55416666666667,12.5
2024-06-06,2024,6,6,25.4,30.95,18.771,22.107770833333333,29.7,1,2.6625,0.5,0,0.020833333333333332,3.52,0,1.2372916666666667,8.23,-38.517,-33.4925625,1626.2,1.2,256.3041666666667,12
2024-06-07,2024,6,7,9,29.065,18.224,21.2870625,3.1,1,1.04375,1.51,0,0.27166666666666667,4.53,0,2.2639583333333335,-22.548,-38.848,-36.7536875,1506.2,1.2,222.76250000000002,12.5
2024-06-08,2024,6,8,76.8,24.002,18.985,20.60804166666667,1,1,1,1.01,0,0.18791666666666668,4.53,0.5,2.3804166666666666,-35.372,-38.388,-37.41025,806.2,1.2,124.68958333333335,12
2024-06-09,2024,6,9,5.800000000000001,25.331,18.628,20.361625,1,1,1,1.01,0,0.18770833333333334,5.03,0,2.6420833333333333,-34.578,-38.604,-37.55922916666667,1051.2,1.2,152.03333333333333,12.5
2024-06-10,2024,6,10,9,25.72,19.127,20.714479166666667,1,1,1,1.01,0,0.219375,5.54,0,2.4010416666666665,-34.345,-38.302,-37.34685416666667,938.7,1.2,172.45000000000002,12.5
2024-06-11,2024,6,11,1.4000000000000001,23.954,19.318,20.969375,1,1,1,0.5,0,0.052083333333333336,4.03,0.5,1.8029166666666667,-35.401,-38.187,-37.19329166666667,688.7,1.2,157.34583333333333,12.5
2024-06-12,2024,6,12,0.2,23.448,19.46,20.711479166666667,1,1,1,0.5,0,0.010416666666666666,3.02,0,1.4677083333333332,-35.704,-38.101,-37.347875,553.7,1.2,112.71041666666666,12.5
2024-06-13,2024,6,13,1.4,27.407,18.723,21.700645833333333,7.8,1,1.4583333333333333,0.5,0,0.03125,3.52,0,1.353125,-11.417,-38.546,-34.725187500000004,951.2,1.2,218.07500000000002,12.5
2024-06-14,2024,6,14,0,29.115,18.01,22.2135,43.8,1,6.933333333333334,0.5,0,0.03125,3.02,0,1.0379166666666666,13.883,-38.977,-27.629541666666665,1311.2,1.2,306.04375,13
2024-06-15,2024,6,15,0,27.702,17.915,21.59166666666667,40,1,6.702083333333333,0.5,0,0.09375,4.03,0,1.1222916666666667,12.74,-39.035,-27.8954375,1136.2,1.2,291.2,12.5
2024-06-16,2024,6,16,4.8,27.358,17.486,21.232104166666666,24.8,1,2.31875,0.5,0,0.08333333333333333,4.03,0,1.3,3.871,-39.294,-33.472833333333334,1008.7,1.2,227.91875000000002,13
2024-06-17,2024,6,17,0.2,30.571,17.819,22.9751875,51.4,1,12.910416666666666,1.01,0,0.09395833333333334,4.53,0,1.468125,19.43,-39.093,-21.4754375,1403.7,1.2,393.12708333333336,13
2024-06-18,2024,6,18,1,27.998,19.46,21.5988125,1,1,1,0.5,0,0.0625,4.03,0,1.6464583333333331,-32.989,-38.101,-36.81625,1191.2,1.2,182.50208333333333,12
2024-06-19,2024,6,19,8.200000000000001,22.657,19.127,20.4259375,1,1,1,0.5,0,0.041666666666666664,3.52,0,1.5725,-36.178,-38.302,-37.51958333333333,391.2,1.2,95.31458333333333,12.5
2024-06-20,2024,6,20,23.2,25.307,19.389,20.548666666666666,1,1,1,0.5,0,0.020833333333333332,3.52,0,1.6781249999999999,-34.592,-38.144,-37.44629166666667,881.2,1.2,141.30416666666667,12
2024-06-21,2024,6,21,6,24.677,18.794,20.12475,1,1,1,0,0,0,3.02,0,1.0691666666666666,-34.968,-38.503,-37.70110416666667,771.2,1.2,113.17916666666666,12.5
2024-06-22,2024,6,22,15.2,24.05,18.913,19.804083333333335,1,1,1,0.5,0,0.010416666666666666,3.52,0,1.3216666666666665,-35.343,-38.431,-37.894354166666666,751.2,1.2,99.22083333333333,12.5
2024-06-23,2024,6,23,35.6,20.436,18.366,19.187270833333333,1,1,1,1.01,0,0.19833333333333333,5.54,0,2.88375,-37.513,-38.762,-38.266104166666665,266.2,1.2,68.02291666666666,12.5
2024-06-24,2024,6,24,26.400000000000002,20.555,17.772,19.177,1,1,1,0.5,0,0.020833333333333332,5.03,0.5,2.317083333333333,-37.441,-39.121,-38.272416666666665,411.2,1.2,70.62708333333333,12.5
2024-06-25,2024,6,25,104,21.581,18.319,19.6118125,1,1,1,1.01,0,0.16708333333333333,6.54,0.5,3.0100000000000002,-36.824,-38.79,-38.010041666666666,413.7,1.2,73.17916666666666,12.5
2024-06-26,2024,6,26,60,20.365,18.224,19.139208333333332,1,1,1,1.51,0,0.39729166666666665,7.05,0.5,3.7120833333333336,-37.556,-38.848,-38.29504166666666,386.2,1.2,70.78333333333333,12.5
2024-06-27,2024,6,27,27.4,20.269,18.319,19.216541666666668,1,1,1,1.01,0,0.34541666666666665,6.04,1.01,2.9883333333333333,-37.614,-38.79,-38.2483125,253.7,1.2,53.699999999999996,12.5
2024-06-28,2024,6,28,16,27.382,18.604,20.370979166666668,1,1,1,0.5,0,0.09375,4.53,0.5,2.3479166666666664,-33.355,-38.618,-37.55383333333333,1133.7,1.2,179.22083333333333,12.5
2024-06-29,2024,6,29,5,25.38,18.771,20.752916666666668,1,1,1,0.5,0,0.03125,3.02,0,1.1004166666666666,-34.548,-38.517,-37.3235625,908.7,1.2,160.73125,13
2024-06-30,2024,6,30,31.2,22.393,19.651,20.360541666666666,1,1,1,0,0,0,4.03,0,0.9535416666666666,-36.336,-37.986,-37.55864583333333,371.2,1.2,82.08541666666666,12.5
2024-07-01,2024,7,1,13.4,23.304,17.772,19.863854166666666,1,1,1,0.5,0,0.020833333333333332,3.52,0,1.5516666666666665,-35.79,-39.121,-37.858958333333334,663.7,1.2,122.24166666666667,12
2024-07-02,2024,7,2,0.2,26.524,17.891,21.247395833333332,1,1,1,0.5,0,0.010416666666666666,3.52,0,1.0379166666666666,-33.866,-39.049,-37.02702083333333,1153.7,1.2,175.10625,12.5
2024-07-03,2024,7,3,18.8,24.026,18.866,20.7049375,1,1,1,0,0,0,3.52,0,1.195,-35.358,-38.46,-37.3520625,608.7,1.2,137.50208333333333,13
2024-07-04,2024,7,4,0,27.899,18.985,22.0705625,23.3,1,2.754166666666667,0.5,0,0.020833333333333332,3.52,0,0.9014583333333333,3.578,-38.388,-32.076125,1343.7,1.2,301.6166666666667,13
2024-07-05,2024,7,5,4.4,25.55,18.913,20.528395833333335,1,1,1,0.5,0,0.010416666666666666,5.03,0,1.4260416666666667,-34.447,-38.431,-37.4584375,1053.7,1.2,166.77291666666667,13
2024-07-06,2024,7,6,5.6,22.8,16.677,19.319770833333333,1,1,1,0.5,0,0.03125,4.03,0,1.4883333333333333,-36.092,-39.784,-38.186770833333334,541.2,1.2,97.03333333333333,12.5
2024-07-07,2024,7,7,26.8,22.753,18.699,19.799145833333334,1,1,1,0.5,0,0.020833333333333332,4.53,0,1.3204166666666666,-36.12,-38.561,-37.89729166666667,546.2,1.2,97.39791666666666,12.5
2024-07-08,2024,7,8,17,21.939,18.509,19.341833333333334,1,1,1,1.01,0,0.166875,4.03,0,2.11875,-36.609,-38.675,-38.173,586.2,1.2,102.71041666666666,12.5
2024-07-09,2024,7,9,5.4,22.321,17.439,19.5038125,1,1,1,0.5,0,0.041666666666666664,3.52,0,1.1737499999999998,-36.38,-39.323,-38.07597916666667,491.2,1.2,95.83541666666666,12.5
2024-07-10,2024,7,10,4,28.221,18.509,21.386937500000002,13.1,1,1.6666666666666667,0.5,0,0.0625,3.52,0,1.4364583333333332,-3.285,-38.675,-34.6668125,1278.7,1.2,288.4916666666667,13
2024-07-11,2024,7,11,1,25.38,18.271,20.555375,1,1,1,0.5,0,0.020833333333333332,2.52,0,0.6922916666666666,-34.548,-38.819,-37.44354166666667,781.2,1.2,173.70000000000002,13
2024-07-12,2024,7,12,20.4,27.407,17.843,20.480020833333334,3.1,1,1.04375,1.01,0,0.06270833333333334,6.54,0,1.3841666666666665,-22.759,-39.078,-37.24014583333334,986.2,1.2,195.31458333333333,12.5
2024-07-13,2024,7,13,17.4,23.881,17.796,19.495208333333334,1,1,1,0.5,0,0.020833333333333332,6.54,0,1.8247916666666666,-35.444,-39.107,-38.0808125,836.2,1.2,100.05416666666666,13
2024-07-14,2024,7,14,60.8,22.011,18.557,19.3580625,1,1,1,0.5,0,0.041666666666666664,5.03,1.01,2.736666666666667,-36.566,-38.646,-38.16316666666667,408.7,1.2,70.93958333333333,12
2024-07-15,2024,7,15,124.2,19.841,18.414,19.065854166666668,1,1,1,1.51,0,0.27166666666666667,6.54,2.01,3.9533333333333336,-37.872,-38.733,-38.3391875,231.2,1.2,54.53333333333333,12
2024-07-16,2024,7,16,72.8,19.365,17.867,18.690291666666667,1,1,1,1.51,0,0.40708333333333335,8.05,2.52,4.205416666666667,-38.159,-39.064,-38.56602083333333,186.2,1.2,42.55416666666667,12
2024-07-17,2024,7,17,59.2,20.365,18.509,19.129854166666668,1,1,1,0.5,0,0.125,5.54,2.01,3.2608333333333333,-37.556,-38.675,-38.300625,283.7,1.2,56.92916666666667,12
2024-07-18,2024,7,18,76.4,19.579,18.081,18.694354166666667,1,1,1,1.01,0,0.27145833333333336,6.54,1.51,4.0372916666666665,-38.03,-38.934,-38.563520833333335,296.2,1.2,51.668749999999996,11.5
2024-07-19,2024,7,19,24,20.007,17.701,18.730458333333335,1,1,1,1.01,0,0.17729166666666668,7.05,1.51,3.6495833333333336,-37.771,-39.164,-38.54170833333333,266.2,1.2,60.78333333333333,12
2024-07-20,2024,7,20,17.8,22.944,17.938,19.4476875,1,1,1,0.5,0,0.08333333333333333,5.54,1.01,3.1352083333333334,-36.006,-39.021,-38.10947916666667,798.7,1.2,105.52291666666667,12
2024-07-21,2024,7,21,0.2,23.232,18.176,19.903083333333335,1,1,1,1.01,0,0.135625,5.54,0,2.81,-35.833,-38.877,-37.83525,626.2,1.2,133.59583333333333,12.5
2024-07-22,2024,7,22,5.6000000000000005,23.256,17.677,19.4734375,1,1,1,0.5,0,0.03125,7.05,0,1.6260416666666666,-35.819,-39.179,-38.094187500000004,743.7,1.2,92.60625,12
2024-07-23,2024,7,23,12.4,23.857,18.723,20.425395833333333,1,1,1,0.5,0,0.010416666666666666,6.04,1.01,2.191875,-35.459,-38.546,-37.520375,673.7,1.2,132.1375,12
2024-07-24,2024,7,24,15,23.881,17.796,20.10975,1,1,1,0.5,0,0.07291666666666667,5.03,0,2.2860416666666667,-35.444,-39.107,-37.710875,896.2,1.2,176.61666666666667,12.5
2024-07-25,2024,7,25,53.4,21.056,17.986,19.378666666666668,1,1,1,1.51,0,0.14625,8.05,0.5,3.2604166666666665,-37.14,-38.992,-38.150666666666666,378.7,1.2,63.387499999999996,12
2024-07-26,2024,7,26,28.6,22.345,18.081,19.781104166666665,1,1,1,1.01,0,0.34479166666666666,6.54,2.01,3.785,-36.365,-38.934,-37.908229166666665,468.7,1.2,104.89791666666666,12
2024-07-27,2024,7,27,2,22.896,18.961,20.057041666666667,1,1,1,1.01,0,0.104375,6.04,0.5,2.473958333333333,-36.035,-38.402,-37.74189583333333,661.2,1.2,105.15833333333333,12
2024-07-28,2024,7,28,34.6,23.737,18.295,19.502291666666668,1,1,1,0.5,0,0.0625,6.04,0.5,2.338125,-35.531,-38.805,-38.07675,716.2,1.2,125.62708333333333,12
2024-07-29,2024,7,29,114.41,20.555,18.105,19.209083333333332,1,1,1,1.01,0,0.22958333333333333,5.54,0,3.051458333333333,-37.441,-38.92,-38.253,241.2,1.2,47.24166666666667,11.5
2024-07-30,2024,7,30,79.8,20.507,17.962,19.158083333333334,1,1,1,0.5,0,0.03125,5.03,0,2.1810416666666668,-37.47,-39.006,-38.2836875,393.7,1.2,73.02291666666666,12
2024-07-31,2024,7,31,47.800000000000004,21.939,17.605,19.195625,1,1,1,0.5,0,0.03125,5.03,0,1.583125,-36.609,-39.222,-38.2613125,466.2,1.2,72.45,12
2024-08-01,2024,8,1,12.4,21.772,17.986,19.3595625,1,1,1,0.5,0,0.03125,5.03,0,1.4570833333333333,-36.709,-38.992,-38.162333333333336,401.2,1.2,77.03333333333333,12
2024-08-02,2024,8,2,10.6,21.008,18.01,19.219729166666667,1,1,1,0,0,0,3.52,0,1.4152083333333332,-37.169,-38.977,-38.2466875,338.7,1.2,76.04375,12
2024-08-03,2024,8,3,5.2,24.944,17.391,19.6504375,1,1,1,0,0,0,3.02,0,0.8804166666666666,-34.809,-39.352,-37.988479166666664,576.2,1.2,113.3875,12.5
2024-08-04,2024,8,4,4.6,26.965,18.414,20.581354166666667,37.3,1,4.879166666666666,0.5,0,0.020833333333333332,3.52,0,1.268125,9.622,-38.733,-30.592229166666666,1246.2,1.2,183.23125000000002,12
2024-08-05,2024,8,5,0.2,26.916,18.485,21.348354166666667,63,1,9.875,0.5,0,0.052083333333333336,3.52,0,1.1952083333333332,18.445,-38.69,-26.21272916666667,1076.2,1.2,242.45000000000002,12
2024-08-06,2024,8,6,12.4,26.818,18.699,20.6109375,7.6,1,1.2354166666666666,0.5,0,0.03125,3.02,0,0.94375,-11.22,-38.561,-36.54485416666667,1151.2,1.2,198.02291666666667,12
2024-08-07,2024,8,7,2.6,27.53,17.415,20.65758333333333,56.7,1,7.233333333333333,0.5,0,0.010416666666666666,3.02,0,0.9227083333333332,16.205,-39.337,-29.41575,996.2,1.2,193.70000000000002,12
2024-08-08,2024,8,8,4.800000000000001,25.453,18.366,20.22404166666667,10.9,1,1.3666666666666667,0.5,0,0.03125,5.03,0,1.4466666666666665,-8.872,-38.762,-36.20166666666667,856.2,1.2,139.27291666666667,12
2024-08-09,2024,8,9,0.6000000000000001,27.235,17.32,21.387104166666667,65.8,1,16.7375,0.5,0,0.08333333333333333,3.52,0,1.2370833333333333,19.804,-39.395,-20.278395833333335,1098.7,1.2,259.325,12.5
2024-08-10,2024,8,10,1.4000000000000001,25.04,18.961,20.640791666666665,1,1,1,0.5,0,0.010416666666666666,3.02,0,0.9335416666666666,-34.751,-38.402,-37.39089583333333,526.2,1.2,111.72083333333333,12
2024-08-11,2024,8,11,30.200000000000003,28.593,19.199,21.209770833333334,29.5,1,2.9958333333333336,0.5,0,0.010416666666666666,2.01,0,0.7029166666666666,8.629,-38.259,-33.43870833333333,1098.7,1.2,154.79375000000002,12
2024-08-12,2024,8,12,16.2,28.444,18.366,22.127916666666668,49.8,1,7.8625,0,0,0,3.02,0,1.0483333333333333,15.616,-38.762,-27.2889375,1196.2,1.2,214.84583333333333,12.5
2024-08-13,2024,8,13,1,27.998,19.27,22.8971875,61.1,1,17.133333333333333,0.5,0,0.03125,3.52,0,1.41625,18.645,-38.216,-18.300145833333332,1086.2,1.2,275.00208333333336,12.5
2024-08-14,2024,8,14,19,23.93,19.056,20.8481875,1,1,1,0,0,0,1.51,0,0.5141666666666667,-35.415,-38.345,-37.26597916666667,436.2,1.2,86.09583333333333,12.5
2024-08-15,2024,8,15,3.8000000000000003,24.944,18.604,21.446437500000002,2,1,1.0208333333333333,0,0,0,1.51,0,0.49291666666666667,-28.123,-38.618,-36.75758333333333,481.2,1.2,124.53333333333333,12.5
2024-08-16,2024,8,16,2.2,24.992,19.318,21.587458333333334,1,1,1,0,0,0,2.52,0,0.5872916666666667,-34.78,-38.187,-36.82191666666667,601.2,1.2,116.04375,12.5
2024-08-17,2024,8,17,2.8000000000000003,25.866,19.603,21.2013125,2.2,1,1.025,0.5,0,0.041666666666666664,3.52,0,1.184375,-27.862,-38.015,-36.884437500000004,843.7,1.2,154.68958333333333,12.5
2024-08-18,2024,8,18,0.2,27.579,18.438,21.8748125,5.4,1,1.0916666666666668,0,0,0,2.01,0,0.5875,-17.356,-38.718,-36.269645833333335,636.2,1.2,140.93958333333333,12.5
2024-08-19,2024,8,19,11.600000000000001,25.016,19.436,20.965583333333335,1,1,1,0,0,0,3.02,0,1.0379166666666666,-34.766,-38.116,-37.195145833333335,403.7,1.2,70.78333333333333,11.5
2024-08-20,2024,8,20,31.6,27.112,18.414,21.415958333333332,17.8,1,1.9854166666666666,0.5,0,0.010416666666666666,3.52,0,0.954375,0.613,-38.733,-33.97516666666667,751.2,1.2,162.71041666666667,12.5
2024-08-21,2024,8,21,8.4,26.598,17.51,20.277208333333334,59.5,1,7.760416666666666,2.01,0,0.8922916666666667,7.05,0,3.3139583333333333,16.623,-39.28,-28.903166666666667,1063.7,1.2,212.45000000000002,12.5
2024-08-22,2024,8,22,1.4000000000000001,23.304,17.867,19.893979166666668,1,1,1,1.01,0,0.37645833333333334,5.03,0,2.4325,-35.79,-39.064,-37.84129166666666,401.2,1.2,108.075,12
2024-08-23,2024,8,23,0.2,27.628,17.177,21.698291666666666,67.4,1,21.80625,1.01,0,0.188125,4.03,0,1.6152083333333334,20.016,-39.481,-16.9235625,1306.2,1.2,323.075,12.5
2024-08-24,2024,8,24,10.6,24.871,18.509,19.648,2.4,1,1.0354166666666667,1.01,0,0.30375,5.03,0.5,2.653125,-27.693,-38.675,-37.74625,593.7,1.2,101.87708333333333,12
2024-08-25,2024,8,25,0,26.353,17.653,20.42804166666667,51.5,1,9.320833333333333,1.01,0,0.25125,5.03,0,2.4222916666666667,15.443,-39.193,-26.286375,931.2,1.2,193.85625000000002,12
2024-08-26,2024,8,26,0.8,25.598,17.867,20.525833333333335,32.3,1,4.277083333333334,1.51,0,0.3770833333333333,6.04,1.01,2.820625,6.108,-39.064,-30.805645833333333,968.7,1.2,199.79375000000002,12.5
2024-08-27,2024,8,27,1.8,25.453,18.247,20.374958333333336,14.5,1,1.7145833333333333,1.01,0,0.28229166666666666,4.53,0,2.4008333333333334,-3.756,-38.834,-35.426833333333335,986.2,1.2,164.58541666666667,12
2024-08-28,2024,8,28,2.2,23.665,17.962,20.080958333333335,12.2,1,1.5291666666666666,0.5,0,0.07291666666666667,5.03,0,1.4991666666666665,-7.294,-39.006,-36.005625,621.2,1.2,121.72083333333333,12.5
2024-08-29,2024,8,29,24.2,22.896,18.343,19.60139583333333,1,1,1,0.5,0,0.041666666666666664,5.03,0,1.7402083333333334,-36.035,-38.776,-38.016625,418.7,1.2,89.37708333333333,11.5
2024-08-30,2024,8,30,31.4,23.016,17.748,19.60247916666667,1,1,1,0,0,0,2.52,0,1.2783333333333333,-35.963,-39.136,-38.016041666666666,458.7,1.2,76.5125,12.5
2024-08-31,2024,8,31,11.8,25.866,18.913,20.04629166666667,1,1,1,0.5,0,0.020833333333333332,4.03,0,1.363125,-34.258,-38.431,-37.74883333333333,683.7,1.2,115.62708333333333,12
2024-09-01,2024,9,1,8.200000000000001,24.532,18.866,20.369,41.3,1,5.010416666666667,0.5,0,0.010416666666666666,3.02,0,1.248125,8.858,-38.46,-31.864416666666667,843.7,1.2,139.68958333333333,12
2024-09-02,2024,9,2,14.399999999999999,24.291,18.937,20.442166666666665,1,1,1,0.5,0,0.052083333333333336,4.03,0,1.5414583333333334,-35.199,-38.417,-37.510374999999996,666.2,1.2,121.35625,12
2024-09-03,2024,9,3,22.6,25.623,18.533,20.025583333333334,1,1,1,0.5,0,0.020833333333333332,3.02,0,1.3212499999999998,-34.403,-38.661,-37.761625,1106.2,1.2,127.60625,12
2024-09-04,2024,9,4,3.6,23.593,18.319,20.131854166666667,1,1,1,0.5,0,0.010416666666666666,3.52,0,1.2060416666666667,-35.617,-38.79,-37.6976875,503.7,1.2,116.66874999999999,12.5
2024-09-05,2024,9,5,0,27.186,18.414,21.327520833333335,70.3,1,16.43125,1.01,0,0.14625,4.53,0,1.4268750000000001,20.139,-38.733,-22.6770625,1153.7,1.2,253.59583333333333,12
2024-09-06,2024,9,6,3,24.653,17.843,20.4180625,15.1,1,1.9979166666666668,0,0,0,4.03,0,0.9227083333333332,-5.633,-39.078,-34.373958333333334,668.7,1.2,127.1375,12
2024-09-07,2024,9,7,8.799999999999999,25.501,17.748,20.2453125,50.7,1,7.88125,0.5,0,0.0625,3.52,0,0.975,13.215,-39.136,-29.4751875,763.7,1.2,134.48125,12
2024-09-08,2024,9,8,8.2,22.8,18.723,19.740291666666668,1,1,1,0.5,0,0.020833333333333332,4.53,0,1.1527083333333332,-36.092,-38.546,-37.93270833333333,348.7,1.2,69.84583333333333,11.5
2024-09-09,2024,9,9,11.6,22.872,18.628,19.708645833333332,1,1,1,0.5,0,0.08333333333333333,3.52,0,1.8770833333333332,-36.049,-38.604,-37.9518125,418.7,1.2,78.02291666666666,11.5
2024-09-10,2024,9,10,8,23.521,18.509,19.852979166666668,1,1,1,1.01,0,0.219375,4.53,1.01,2.600416666666667,-35.66,-38.675,-37.86514583333334,581.2,1.2,124.06458333333335,12
2024-09-11,2024,9,11,4.6000000000000005,22.968,18.747,19.731020833333332,1,1,1,0.5,0,0.14583333333333334,5.54,0.5,2.3070833333333334,-35.991,-38.532,-37.93839583333333,508.7,1.2,91.56458333333333,11.5
2024-09-12,2024,9,12,9.6,25.453,17.653,20.2013125,14.4,1,1.2854166666666667,0.5,0,0.020833333333333332,3.52,0,1.3525,-5.854,-39.193,-36.96927083333333,656.2,1.2,120.8875,12.5
2024-09-13,2024,9,13,1,27.628,17.486,20.982083333333335,63.2,1,11.272916666666667,0.5,0,0.052083333333333336,4.53,0,0.9541666666666666,18.979,-39.294,-25.81625,1063.7,1.2,217.55416666666667,12.5
2024-09-14,2024,9,14,3.4,23.93,17.701,20.042166666666667,1.4,1,1.0083333333333333,0.5,0,0.010416666666666666,3.52,0,0.8487499999999999,-33.684,-39.164,-37.681916666666666,538.7,1.2,110.52291666666666,12.5
2024-09-15,2024,9,15,0,27.751,16.606,21.005000000000003,72.7,1,24.36875,1.01,0,0.14625,4.03,0,1.185,22.427,-39.827,-15.9025,1331.2,1.2,309.22083333333336,12.5
2024-09-16,2024,9,16,0.2,29.015,17.249,21.972208333333334,72.5,1,30.610416666666666,0.5,0,0.13541666666666666,4.03,0,1.395,23.225,-39.438,-11.936020833333334,1311.2,1.2,338.12708333333336,12.5
2024-09-17,2024,9,17,0,28.916,17.558,21.23075,72.1,1,24.9875,0.5,0,0.08333333333333333,3.52,0,1.1529166666666666,23.409,-39.251,-15.815375,1263.7,1.2,232.65833333333333,12.5
2024-09-18,2024,9,18,0,29.89,17.011,21.607625,73.4,1,27.595833333333335,0.5,0,0.10416666666666667,4.03,0,1.21625,22.726,-39.582,-14.366354166666667,1308.7,1.2,339.2729166666667,12.5
2024-09-19,2024,9,19,0,26.573,15.891,20.522,72.4,1,30.28125,0.5,0,0.020833333333333332,3.02,0,1.0072916666666667,20.905,-40.261,-13.062895833333332,1156.2,1.2,238.90833333333333,12.5
2024-09-20,2024,9,20,0,28.147,15.438,20.508458333333333,72.6,1,28.864583333333332,0.5,0,0.03125,3.52,0,1.0066666666666666,22.648,-40.536,-14.726791666666667,1053.7,1.2,267.29375,12.5
2024-09-21,2024,9,21,0,28.99,16.582,20.658041666666666,71.9,1,19.90625,0.5,0,0.0625,4.03,0,1.1639583333333334,23.295,-39.842,-18.233645833333334,1226.2,1.2,211.14791666666667,12
2024-09-22,2024,9,22,0.4,29.09,16.296,20.96335416666667,74,1,28.575,0.5,0,0.08333333333333333,4.53,0,1.2477083333333334,22.679,-40.015,-14.575000000000001,1246.2,1.2,265.8354166666667,12
2024-09-23,2024,9,23,6.6000000000000005,24.702,18.295,19.744395833333332,23.1,1,1.7395833333333335,0,0,0,2.52,0,0.9847916666666666,0.825,-38.805,-36.26172916666667,696.2,1.2,94.68958333333333,11.5
2024-09-24,2024,9,24,4.8,26.842,17.891,20.46902083333333,69.5,1,12.70625,0.5,0,0.07291666666666667,4.53,0,1.5306250000000001,20.024,-39.049,-24.530729166666667,1106.2,1.2,182.18958333333333,12
2024-09-25,2024,9,25,5.4,27.186,17.986,20.900020833333333,71.2,1,18.722916666666666,1.01,0,0.13583333333333333,4.53,0,1.6045833333333335,21.426,-38.992,-22.779208333333333,1223.7,1.2,243.70000000000002,12
2024-09-26,2024,9,26,1,25.963,18.319,20.681083333333333,45.2,1,5.760416666666667,0,0,0,3.52,0,1.1114583333333332,11.685,-38.79,-30.4668125,826.2,1.2,139.79375000000002,11.5
2024-09-27,2024,9,27,0.2,28.642,17.986,21.696208333333335,72.3,1,19.33125,0,0,0,3.02,0,0.9125,22.657,-38.992,-19.44,896.2,1.2,212.34583333333333,12
2024-09-28,2024,9,28,2.1999999999999997,27.136,18.889,22.2893125,68.6,1,20.514583333333334,0,0,0,3.02,0,0.6916666666666667,20.478,-38.446,-17.624875,888.7,1.2,198.28333333333333,12
2024-09-29,2024,9,29,5,28.617,17.486,22.702229166666665,71.7,1,22.883333333333333,0.5,0,0.0625,4.03,0,1.3941666666666668,22.318,-39.294,-16.248166666666666,1261.2,1.2,300.10625,12
2024-09-30,2024,9,30,0,28.791,18.961,22.0263125,70.8,1,18.99375,0.5,0,0.041666666666666664,4.53,0,1.2264583333333332,22.987,-38.402,-16.8851875,1321.2,1.2,242.08541666666667,12
2024-10-01,2024,10,1,12.6,26.80788181818182,17.399683116883118,20.575935267857144,82.78524783549783,53.14140692640693,68.4473529265873,0.3921173469387756,0,0.07026103670634919,3.7614030612244895,0.11153061224489794,1.3139410607993198,28.297698412698416,4.585069444444445,13.565412905092595,1279.6334415584413,1.2,239.49911841630595,11.921266233766232
2024-10-02,2024,10,2,27.8,27.899,18.747,21.089333333333332,42.7,1,4.654166666666667,0,0,0,2.52,0,0.5558333333333333,12.705,-38.532,-30.7749375,831.2,1.2,138.07500000000002,12
2024-10-03,2024,10,3,0.2,28.965,18.818,22.06575,68.2,1,14.2375,0,0,0,3.52,0,0.82875,21.915,-38.489,-23.407729166666666,1196.2,1.2,243.38750000000002,12
2024-10-04,2024,10,4,0,26.475,18.39,21.557,58.9,1,10.372916666666667,0.5,0,0.010416666666666666,3.52,0,0.8704166666666666,17.808,-38.747,-23.434479166666666,738.7,1.2,158.28333333333333,12
2024-10-05,2024,10,5,0.8,27.161,18.913,21.707416666666667,71.9,1,13.922916666666667,0,0,0,2.52,0,0.56625,21.563,-38.431,-23.044770833333335,1158.7,1.2,174.27291666666667,11.5
2024-10-06,2024,10,6,0,24.992,19.318,21.279458333333334,38,1,4.364583333333333,0,0,0,2.01,0,0.3145833333333333,9.491,-38.187,-30.370250000000002,501.2,1.2,121.825,11.5
2024-10-07,2024,10,7,42.81,26.231,19.151,20.45925,54.1,1,3.6999999999999997,0,0,0,2.01,0,0.450625,15.156,-38.288,-34.10958333333333,731.2,1.2,105.21041666666667,11.5
2024-10-08,2024,10,8,4.2,29.265,18.129,21.7843125,61.2,1,11.924999999999999,0,0,0,3.52,0,0.7129166666666666,21.02,-38.905,-24.548625,1251.2,1.2,238.85625000000002,12
2024-10-09,2024,10,9,4,28.221,18.438,21.506687499999998,60.6,1,11.416666666666666,0,0,0,3.52,0,1.028125,19.902,-38.718,-24.718895833333335,1051.2,1.2,223.17916666666667,12
2024-10-10,2024,10,10,3.4,23.064,17.748,19.315583333333333,1,1,1,0,0,0,2.52,0,0.5137499999999999,-35.934,-39.136,-38.189479166666665,481.2,1.2,85.52291666666666,12
2024-10-11,2024,10,11,31.400000000000002,24.677,17.391,19.461166666666667,22.7,1,1.7333333333333332,0,0,0,1.51,0,0.20958333333333334,0.182,-39.352,-36.4241875,501.2,1.2,77.60625,12
2024-10-12,2024,10,12,28.4,24.074,18.604,19.934916666666666,1,1,1,0,0,0,1.51,0,0.26208333333333333,-35.329,-38.618,-37.816270833333334,471.2,1.2,89.11666666666666,11.5
2024-10-13,2024,10,13,44.2,24.388,18.604,19.580520833333335,1,1,1,0,0,0,1.01,0,0.11520833333333333,-35.141,-38.618,-38.02941666666666,646.2,1.2,70.36666666666666,11
2024-10-14,2024,10,14,20.6,23.112,18.271,19.958916666666667,1,1,1,0,0,0,1.01,0,0.08354166666666667,-35.905,-38.819,-37.801770833333336,381.2,1.2,97.18958333333333,12
2024-10-15,2024,10,15,4.6000000000000005,25.453,17.368,19.540875,10.9,1,1.2104166666666667,0,0,0,2.01,0,0.32479166666666665,-9.647,-39.366,-37.46002083333333,691.2,1.2,88.3875,11
2024-10-16,2024,10,16,16.599999999999998,22.609,17.891,19.149583333333336,1,1,1,0,0,0,3.02,0,0.8702083333333333,-36.207,-39.049,-38.289291666666664,426.2,1.2,72.08541666666666,11
2024-10-17,2024,10,17,0,26.769,17.486,20.383458333333333,60.9,1,11.154166666666667,1.01,0,0.17770833333333333,4.53,0,1.8141666666666667,16.421,-39.294,-25.382354166666666,771.2,1.2,163.38750000000002,11.5
2024-10-18,2024,10,18,0,25.113,16.963,20.615520833333335,69.6,1,20.34583333333333,0,0,0,3.02,0,0.8174999999999999,18.309,-39.611,-18.352854166666667,778.7,1.2,150.93958333333333,12
2024-10-19,2024,10,19,7.4,28.122,18.247,20.642416666666666,60.3,1,8.116666666666667,0,0,0,2.01,0,0.3564583333333333,18.106,-38.834,-29.016208333333335,901.2,1.2,126.04375,11.5
2024-10-20,2024,10,20,14.200000000000001,26.867,18.295,20.779020833333334,40.4,1,4.422916666666667,0,0,0,2.52,0,0.30395833333333333,10.948,-38.805,-32.090375,916.2,1.2,126.56458333333333,11.5
2024-10-21,2024,10,21,66.60000000000001,25.525,18.461,19.968104166666667,1,1,1,0,0,0,2.01,0,0.178125,-34.462,-38.704,-37.795812500000004,743.7,1.2,68.54375,11.5
2024-10-22,2024,10,22,69.61,26.134,18.319,20.585333333333335,27.7,1,3.3791666666666664,0,0,0,3.52,0,0.765625,5.598,-38.79,-33.05339583333333,676.2,1.2,119.6375,11.5
2024-10-23,2024,10,23,6.6,28.369,17.391,21.036125,73.3,1,17.739583333333332,0,0,0,2.52,0,0.9220833333333333,23.157,-39.352,-21.099979166666667,1061.2,1.2,182.18958333333333,12
2024-10-24,2024,10,24,0.2,28.072,17.796,21.1555625,69.4,1,15.406250000000002,0.5,0,0.010416666666666666,4.03,0,1.1116666666666666,20.912,-39.107,-21.1234375,951.2,1.2,168.59583333333333,12
2024-10-25,2024,10,25,7.3999999999999995,28.667,17.796,20.796333333333333,73.5,1,18.56875,0.5,0,0.03125,3.52,0,0.8597916666666666,23.444,-39.107,-22.0480625,936.2,1.2,192.55416666666667,12
2024-10-26,2024,10,26,0.4,26.72,16.892,20.66754166666667,73.4,1,20.99791666666667,0,0,0,3.52,0,0.744375,21.498,-39.654,-19.560229166666666,1068.7,1.2,175.67916666666667,12
2024-10-27,2024,10,27,0,27.038,16.701,20.5913125,73.3,1,23.579166666666666,0,0,0,2.01,0,0.5766666666666667,21.122,-39.77,-17.183625,1051.2,1.2,178.02291666666667,12
2024-10-28,2024,10,28,0,29.615,17.225,21.522750000000002,73.9,1,24.545833333333334,0.5,0,0.010416666666666666,3.52,0,0.8070833333333333,24.287,-39.452,-17.3755,1078.7,1.2,236.04375000000002,11.5
2024-10-29,2024,10,29,0.2,27.308,17.486,21.0594375,73.4,1,20.391666666666666,0,0,0,2.01,0,0.5241666666666667,21.819,-39.294,-19.05410416666667,788.7,1.2,164.32500000000002,12
2024-10-30,2024,10,30,0,30.773,16.987,21.8348125,72.8,1,22.329166666666666,0.5,0,0.010416666666666666,3.02,0,0.7233333333333333,25.145,-39.596,-18.3516875,1106.2,1.2,222.29375000000002,12
2024-10-31,2024,10,31,0,29.74,17.867,21.350354166666666,69.7,1,15.097916666666666,0,0,0,2.01,0,0.4720833333333333,22.206,-39.064,-22.550479166666666,918.7,1.2,128.59583333333333,12
2024-11-01,2024,11,1,0.6000000000000001,26.357837445887448,17.43525194805195,20.497390201118325,83.52091233766234,53.82772359307359,69.76735136183261,0.457874149659864,0,0.057180768140589554,4.08546768707483,0.10773809523809522,1.4371766935941044,15.01794359410431,-4.559398242630385,3.3279416099773242,1305.6193722943722,1.2,246.08797573953825,11.727110389610388
2024-11-02,2024,11,2,0,26.352696753246757,17.412821212121212,20.492320925775612,83.01506493506493,54.29979393939394,70.17981970598846,0.44096088435374153,0,0.04946605725623581,3.983886054421769,0.06401360544217685,1.3375973462301587,14.206642006802722,-3.2780649092970515,3.7643698507180656,1305.389393939394,1.2,245.94204094516596,11.718181818181817
2024-11-03,2024,11,3,0,26.3078038961039,17.30666645021645,20.44580914502165,82.89120779220778,54.409389177489174,70.22106573773449,0.39578231292517013,0,0.04442699475623581,3.95656462585034,0.06401360544217685,1.3223406498015873,14.076143594104309,-2.07191887755102,4.361020148337113,1300.6572510822512,1.2,249.0565002705628,11.697348484848485
2024-11-04,2024,11,4,0,26.395059307359308,17.239711904761904,20.47679737554113,82.94532792207791,54.74502121212121,70.73314487734488,0.37649659863945584,0,0.04219671201814058,3.9220238095238096,0.07549319727891154,1.3477796378968256,13.87177851473923,-0.4470617346938775,5.165745346749811,1321.2443722943722,1.2,256.4970891955267,11.700595238095236
2024-11-05,2024,11,5,0,26.357645021645023,17.24087380952381,20.460037033279225,82.5030779220779,55.106895021645016,70.66422111742425,0.38280612244897966,0,0.047930839002267564,4.002976190476191,0.0933503401360544,1.395960441468254,14.102409126984128,0.24081785714285736,5.446260185185186,1309.6372294372293,1.2,252.31895179473307,11.673214285714284
2024-11-06,2024,11,6,0,27.722,17.153,21.201333333333334,92.696,55.303,76.75591666666666,0.5,0,0.03125,4.03,0,1.94,18.414,15.331,16.805,1071.2,1.2,208.17916666666667,12
2024-11-07,2024,11,7,0,26.424,18.885,21.527458333333332,91.276,62.843,77.62670833333334,0.5,0,0.11458333333333333,4.53,0.5,2.810208333333333,19.37,14.908,17.391416666666668,1011.2,1.2,204.16875000000002,12
2024-11-08,2024,11,8,0,25.982,19.411,21.907145833333335,90.55,62.477,76.591375,1.01,0,0.19875,5.03,0,2.747708333333333,19.275,16.038,17.533041666666666,926.2,1.2,177.65833333333333,11.5
2024-11-09,2024,11,9,0,27.486,17.845,21.126791666666666,92.757,53.481,76.47389583333333,1.01,0,0.293125,5.03,0,2.327916666666667,17.916,15.103,16.591604166666666,1138.7,1.2,223.85625000000002,11.5
2024-11-10,2024,11,10,0,26.883,17.496,20.960375,92.679,46.284,68.38989583333333,1.01,0,0.2816666666666667,5.03,0,2.5791666666666666,17.455,9.991,14.4609375,1063.7,1.2,233.17916666666667,12
2024-11-11,2024,11,11,0,26.805,16.89,20.4749375,86.078,52.541,72.28383333333333,1.01,0,0.22958333333333333,7.05,0,2.4847916666666667,17.123,11.718,15.175145833333334,958.7,1.2,185.73125000000002,12
2024-11-12,2024,11,12,0,26.456,16.523,20.822395833333335,91.637,61.103,78.93725,0,0,0,3.52,0,1.5827083333333332,18.729,13.939,16.919395833333333,726.2,1.2,148.49166666666667,12
2024-11-13,2024,11,13,0,25.228,17.411,20.851145833333334,94.989,69.845,86.05822916666666,0.5,0,0.10416666666666667,4.53,0,2.013125,19.997,16.515,18.36925,786.2,1.2,165.73125000000002,11.5
2024-11-14,2024,11,14,0.8,25.668,18.941,21.0175625,96.42,70.735,87.68522916666667,0.5,0,0.0625,3.52,1.51,2.2537499999999997,19.979,17.877,18.8416875,686.2,1.2,145.26250000000002,11
2024-11-15,2024,11,15,0.2,26.033,18.882,21.107916666666668,96.53,68.537,87.17637500000001,0.5,0,0.08333333333333333,4.53,1.01,2.4431249999999998,19.823,17.894,18.830041666666666,993.7,1.2,152.91875000000002,11.5
2024-11-16,2024,11,16,3.4000000000000004,26.177,19.148,20.654375,96.925,71.873,91.01052083333333,0.5,0,0.125,5.03,1.51,2.83125,20.727,17.801,19.114125,1051.2,1.2,160.26250000000002,11.5
2024-11-17,2024,11,17,14.799999999999999,26.518,18.263,21.266541666666665,96.333,67.114,86.29589583333333,1.01,0,0.23041666666666666,6.04,1.51,2.83125,20.419,17.257,18.762041666666665,1071.2,1.2,228.12708333333333,12
2024-11-18,2024,11,18,0,24.113,17.982,20.31175,92.963,74.781,85.91164583333334,1.01,0,0.22979166666666667,5.03,0.5,2.841458333333333,19.413,16.125,17.860375,683.7,1.2,147.08541666666667,11.5
2024-11-19,2024,11,19,0,25.488,18.29,20.83866666666667,93.898,69.955,82.85204166666666,1.01,0,0.20916666666666667,4.53,0.5,2.705208333333333,19.628,15.308,17.763583333333333,1111.2,1.2,204.22083333333333,11.5
2024-11-20,2024,11,20,0,22.378,18,19.547916666666666,93.46,80.334,87.6146875,1.51,0,0.15708333333333332,5.03,0,2.4435416666666665,19.022,16.235,17.435083333333335,601.2,1.2,131.14791666666667,11.5
2024-11-21,2024,11,21,0,22.636,17.571,19.835270833333333,93.513,79.422,87.65870833333334,0.5,0,0.03125,4.03,0.5,2.13875,18.975,16.533,17.724854166666667,431.2,1.2,85.78333333333333,11.5
2024-11-22,2024,11,22,0,26.606,17.55,20.619,92.549,65.249,83.62897916666667,0.5,0,0.09375,5.03,0,2.3172916666666667,19.958,16.031,17.679229166666666,991.2,1.2,179.01250000000002,11.5
2024-11-23,2024,11,23,0,26.502,16.502,20.298104166666665,90.207,63.398,80.64902083333334,0.5,0,0.13541666666666666,4.03,0,1.8045833333333334,19.418,13.947,16.781729166666665,1076.2,1.2,212.76250000000002,11.5
2024-11-24,2024,11,24,0,26.301,17.263,20.30475,95.087,64.335,84.02495833333333,0.5,0,0.14583333333333334,5.54,0.5,2.3389583333333333,19.409,15.978,17.424770833333334,1006.2,1.2,202.65833333333333,11.5
2024-11-25,2024,11,25,0,26.338,17.971,20.506666666666668,90.637,64.741,80.39691666666667,0.5,0,0.10416666666666667,5.54,0.5,2.6522916666666667,19.19,14.022,16.9475,963.7,1.2,204.74166666666667,11.5
2024-11-26,2024,11,26,1.4,21.523,18.043,19.47925,95.814,65.167,80.65460416666667,0.5,0,0.03125,3.52,0.5,2.453333333333333,17.767,13.305,16.050562499999998,371.2,1.2,91.56458333333333,11.5
2024-11-27,2024,11,27,12.2,20.689,17.574,18.686812500000002,98.128,76.117,88.4471875,1.01,0,0.23041666666666666,5.54,1.01,2.8629166666666666,18.121,14.819,16.6998125,423.7,1.2,85.575,11.5
2024-11-28,2024,11,28,0,26.901,18.011,20.7676875,86.9,49.648,70.1590625,0.5,0,0.10416666666666667,5.54,0.5,2.4120833333333334,16.988,12.125,14.936520833333333,621.2,1.2,119.42916666666666,11.5
2024-11-29,2024,11,29,0,23.483,19.092,20.7445625,86.381,71.241,76.63825,0.5,0,0.052083333333333336,5.54,0,2.2227083333333333,18.405,13.882,16.4903125,563.7,1.2,105.10625,11.5
2024-11-30,2024,11,30,0,24.483,17.874,19.978458333333332,97.446,70.388,88.08566666666667,0,0,0,2.52,0,0.4822916666666666,19.211,16.726,17.896104166666667,551.2,1.2,90.15833333333333,11
2024-12-01,2024,12,1,0.2,23.952,18.622,20.575187500000002,98.471,74.846,89.88295833333333,0,0,0,3.52,0,0.7970833333333334,19.573,18.029,18.806874999999998,391.2,1.2,95.05416666666666,11.5
2024-12-02,2024,12,2,18.8,21.663,17.899,19.177770833333334,99.997,89.572,98.21527083333334,0.5,0,0.020833333333333332,3.52,0,1.4575,20.287,17.819,18.905645833333335,381.2,1.2,50.31458333333333,10.5
2024-12-03,2024,12,3,22.8,25.411,16.944,20.7281875,99.997,73.442,90.91570833333333,0.5,0,0.010416666666666666,3.52,0,1.51,20.667,16.91,19.096354166666668,838.7,1.2,156.82500000000002,11.5
2024-12-04,2024,12,4,0,25.574,18,20.584541666666667,99.678,73.809,90.702125,0.5,0,0.010416666666666666,3.02,0,1.0797916666666667,20.579,17.551,18.9595625,971.2,1.2,138.80416666666667,11
2024-12-05,2024,12,5,0,25.416,18.062,20.697499999999998,96.951,72.049,87.8953125,0.5,0,0.10416666666666667,4.03,0,2.15,20.347,17.518,18.583979166666666,746.2,1.2,147.03333333333333,11.5
2024-12-06,2024,12,6,0,26.639,17.306,21.313354166666667,93.429,67.547,80.69216666666667,1.01,0,0.16729166666666667,5.03,0,2.475,20.161,14.803,17.774041666666665,1011.2,1.2,203.90833333333333,11.5
2024-12-07,2024,12,7,0,27.336,17.089,21.194729166666665,92.811,61.892,79.17920833333334,0.5,0,0.041666666666666664,3.02,0,1.5422916666666666,19.409,13.946,17.307520833333335,951.2,1.2,195.26250000000002,11.5
2024-12-08,2024,12,8,0,26.089,17.137,20.568666666666665,96.548,66.697,84.935875,0.5,0,0.11458333333333333,4.03,0,1.3839583333333334,19.985,15.666,17.823854166666667,956.2,1.2,185.26250000000002,11.5
2024-12-09,2024,12,9,0,26.057,15.842,20.249270833333334,93.985,63.204,80.80485416666667,1.01,0,0.10458333333333333,3.52,0,1.21625,19.454,14.763,16.721458333333334,961.2,1.2,181.61666666666667,11.5
2024-12-10,2024,12,10,0,26.298,16.571,20.651020833333334,93.902,60.693,79.96414583333333,1.01,0,0.21916666666666668,4.53,0,2.0235416666666666,19.258,13.459,16.9170625,926.2,1.2,190.57500000000002,11.5
2024-12-11,2024,12,11,0,24.435,18.424,20.627333333333333,90.156,64.556,76.68883333333333,1.51,0,0.575625,7.05,1.51,4.341458333333334,17.849,13.362,16.314291666666666,856.2,1.2,160.26250000000002,11.5
2024-12-12,2024,12,12,29.4,20.054,17.708,19.029791666666668,97.65,89.607,94.8436875,1.01,0,0.42854166666666665,7.05,2.01,3.4289583333333336,19.06,16.987,18.204791666666665,278.7,1.2,73.7,11.5
2024-12-13,2024,12,13,51.6,21.984,18.435,19.4219375,99.525,85.264,95.81147916666667,2.01,0,0.6595833333333333,11.07,2.01,4.624583333333334,19.429,17.699,18.7446875,518.7,1.2,78.96041666666666,10.5
2024-12-14,2024,12,14,4.2,21.577,17.341,18.528083333333335,97.653,84.36,93.29125,1.51,0,0.29270833333333335,5.54,0.5,3.1037500000000002,19.406,15.577,17.4375,341.2,1.2,67.50208333333333,11.5
2024-12-15,2024,12,15,0,23.014,15.936,18.579979166666668,96.37,71.464,85.40602083333333,1.51,0,0.81875,6.04,1.01,4.183958333333334,17.784,13.783,16.0144375,973.7,1.2,203.64791666666667,11.5
2024-12-16,2024,12,16,0,27.29,15.837,20.166145833333335,93.684,53.996,78.39233333333334,1.01,0,0.20916666666666667,4.03,0,2.149375,19.219,12.114,16.118729166666668,971.2,1.2,205.67916666666667,11.5
2024-12-17,2024,12,17,0,27.933,15.974,20.587291666666665,90.739,49.683,67.8690625,0.5,0,0.125,3.52,0,1.59375,18.365,7.563,14.232083333333334,971.2,1.2,196.46041666666667,11.5
2024-12-18,2024,12,18,0,28.212,15.786,20.665375,97.07,55.576,77.2411875,0.5,0,0.10416666666666667,4.53,0,1.3,18.988,11.316,16.269645833333332,976.2,1.2,189.01250000000002,11.5
2024-12-19,2024,12,19,0,27.451,16.81,20.9245,98.74,63.69,86.43616666666667,0.5,0,0.03125,3.52,0,1.0266666666666666,20.125,16.038,18.392791666666668,928.7,1.2,183.17916666666667,11.5
2024-12-20,2024,12,20,0,28.663,16.563,21.447229166666666,98.903,49.784,80.40691666666666,0.5,0,0.10416666666666667,4.03,0,1.3527083333333334,20.512,15.007,17.496145833333333,958.7,1.2,200.73125000000002,11.5
2024-12-21,2024,12,21,0,27.933,16.663,20.596625,97.765,51.72,84.41008333333333,1.01,0,0.12520833333333334,3.02,0,1.07,19.302,15.758,17.590333333333334,931.2,1.2,174.63750000000002,11.5
2024-12-22,2024,12,22,0,26.486,15.59,19.616125,97.807,62.158,84.15029166666666,0.5,0,0.03125,4.03,0,0.9541666666666666,18.764,14.075,16.702166666666667,883.7,1.2,143.28333333333333,11.5
2024-12-23,2024,12,23,0,27.612,14.958,19.557479166666667,97.16,51.269,80.524125,1.01,0,0.12520833333333334,3.52,0,1.1114583333333332,17.131,14.293,15.786249999999999,1088.7,1.2,189.79375000000002,11.5
2024-12-24,2024,12,24,0,27.089,12.949,18.668479166666668,95.984,54.699,80.790625,0.5,0,0.03125,4.03,0,1.0904166666666666,17.524,12.209,15.09275,988.7,1.2,152.03333333333333,11.5
2024-12-25,2024,12,25,0,27.564,13.695,19.036354166666666,97.783,52.572,81.92245833333332,0.5,0,0.041666666666666664,3.52,0,1.1214583333333332,18.24,11.803,15.5796875,1016.2,1.2,168.80416666666667,11.5
2024-12-26,2024,12,26,0,26.25,15.488,19.88,96.803,65.826,85.456625,0.5,0,0.17708333333333334,3.52,0,1.5943749999999999,19.374,14.367,17.246,931.2,1.2,162.34583333333333,11.5
2024-12-27,2024,12,27,0,26.58,17.255,20.490645833333332,94.807,63.641,85.89927083333333,1.01,0,0.36645833333333333,5.54,0.5,3.0100000000000002,19.606,16.226,17.961,991.2,1.2,184.16875000000002,11.5
2024-12-28,2024,12,28,0,25.311,16.706,19.877395833333335,93.988,65.115,79.55108333333334,2.01,0,0.76625,7.05,1.01,4.383541666666667,18.309,14.459,16.144625,928.7,1.2,185.78333333333333,11.5
2024-12-29,2024,12,29,0,25.679,16.805,20.058729166666666,94.221,57.551,78.81147916666667,1.51,0,0.4710416666666667,6.04,1.01,3.2197916666666666,17.297,14.198,16.0910625,988.7,1.2,205.05416666666667,11.5
2024-12-30,2024,12,30,2,24.167,18.344,20.058375,93.979,78.187,86.59125,1.01,0,0.3647916666666667,6.54,2.01,3.8693750000000002,20.153,15.864,17.754541666666668,1001.2,1.2,129.53333333333333,11.5
2024-12-31,2024,12,31,0,24.676,18.035,20.086875,89.021,61.105,78.8289375,1.51,0,0.7445833333333334,8.56,3.02,5.294791666666667,18.027,10.598,16.258208333333332,938.7,1.2,149.84583333333333,11.5
2025-01-01,2025,1,1,0,24.7,15.306,19.288833333333333,85.664,50.964,66.92597916666666,2.01,0,0.7127083333333333,8.05,2.52,4.8758333333333335,16.5,7.879,12.797083333333333,976.2,1.2,206.87708333333333,11.5
2025-01-02,2025,1,2,0,23.722,15.075,18.429333333333332,91.353,60.543,78.4865625,2.01,0,0.6285416666666667,7.05,2.52,4.394166666666667,16.3,12.683,14.507583333333333,926.2,1.2,197.97083333333333,12
2025-01-03,2025,1,3,0,22.805,14.931,18.0268125,86.143,63.235,75.37533333333333,2.01,0,1.2054166666666666,8.56,2.01,5.452500000000001,15.563,11.294,13.532416666666666,981.2,1.2,208.49166666666667,12
2025-01-04,2025,1,4,0,26.727,14.526,19.048520833333335,89.061,46.398,70.1048125,1.01,0,0.30333333333333334,6.04,1.01,2.6216666666666666,16.123,7.625,13.183125,986.2,1.2,204.95000000000002,12
2025-01-05,2025,1,5,0,27.448,15.201,19.47275,88.96,46.387,73.46522916666666,0.5,0,0.07291666666666667,3.52,0.5,2.149583333333333,17.552,10.788,14.359125,1006.2,1.2,199.06458333333333,12
2025-01-06,2025,1,6,0,26.183,13.984,19.100458333333332,89.876,42.448,73.3949375,1.01,0,0.21916666666666668,5.54,0.5,2.2864583333333335,16.425,11.821,13.836729166666666,983.7,1.2,211.77291666666667,12
2025-01-07,2025,1,7,0,26.25,13.984,19.0211875,90.59,44.456,70.6129375,0.5,0,0.1875,5.03,0.5,2.3479166666666664,16.69,8.09,13.317375,983.7,1.2,187.45000000000002,12
2025-01-08,2025,1,8,0,24.679,14.775,18.837520833333333,93.588,61.538,81.70841666666666,0.5,0,0.13541666666666666,4.03,0,2.065,17.39,13.401,15.504854166666666,888.7,1.2,174.95000000000002,12
2025-01-09,2025,1,9,0,22.526,15.657,18.358875,93.524,69.03,84.69495833333333,1.01,0,0.398125,6.04,1.51,3.314166666666667,17.021,14.576,15.69175,916.2,1.2,201.09583333333333,12
2025-01-10,2025,1,10,0,26.454,15.775,19.637291666666666,91.728,56.359,80.52402083333334,1.01,0,0.35520833333333335,5.54,1.51,3.2820833333333335,18.287,13.801,16.034333333333333,961.2,1.2,194.01250000000002,12
2025-01-11,2025,1,11,0,25.829,16.507,19.928333333333335,93.954,65.002,82.96204166666666,1.01,0,0.34458333333333335,5.03,1.01,3.3139583333333333,19.246,14.899,16.861041666666665,783.7,1.2,170.00208333333333,12
2025-01-12,2025,1,12,0,25.577,16.96,20.233979166666668,93.922,57.832,79.48097916666667,1.51,0,0.38708333333333333,5.03,1.01,3.470416666666667,18.699,14.724,16.430791666666668,988.7,1.2,174.95000000000002,12
2025-01-13,2025,1,13,0,24.59,17.336,20.081604166666665,96.73,67.164,84.9224375,1.51,0,0.303125,5.54,1.01,3.3764583333333333,19.06,15.905,17.380041666666667,956.2,1.2,171.82500000000002,12
2025-01-14,2025,1,14,0,25.298,17.287,20.040416666666665,95.857,65.045,82.73652083333333,1.01,0,0.271875,5.54,0.5,3.3977083333333336,18.347,15.254,16.927020833333334,911.2,1.2,143.54375000000002,12
2025-01-15,2025,1,15,0.6000000000000001,22.411,16.496,18.620041666666665,91.443,74.531,84.76599999999999,1.51,0,0.670625,6.54,2.52,4.5925,17.697,13.922,16.007958333333335,518.7,1.2,100.52291666666666,11.5
2025-01-16,2025,1,16,0,23.888,16.156,19.2995,87.596,56.878,74.52839583333333,1.51,0,0.7864583333333334,7.55,3.02,5.001458333333334,16.855,12.007,14.551125,973.7,1.2,191.87708333333333,12
2025-01-17,2025,1,17,0,25.049,16.183,19.14175,89.07,59.898,78.8615625,1.51,0,0.765,7.55,2.01,4.686875000000001,17.076,13.147,15.272208333333333,996.2,1.2,211.56458333333333,12
2025-01-18,2025,1,18,0.4,22.008,15.151,17.885666666666665,96.393,70.617,86.36889583333333,1.51,0,0.6391666666666667,7.05,2.52,4.425416666666667,17.363,13.268,15.542708333333334,851.2,1.2,134.95000000000002,12
2025-01-19,2025,1,19,5.4,22.51,16.984,18.669708333333332,98.198,82.109,93.19460416666666,0.5,0,0.10416666666666667,5.54,1.01,3.1770833333333335,19.443,16.561,17.545458333333332,788.7,1.2,105.10625,11.5
2025-01-20,2025,1,20,0,25.99,17.255,20.529020833333334,95.267,65.171,80.88641666666666,1.01,0,0.24125,5.54,0,2.81,19.342,12.343,17.004458333333332,1051.2,1.2,220.73125000000002,12
2025-01-21,2025,1,21,0,24.459,15.66,19.165979166666666,91.554,47.24,74.87991666666667,2.01,0,0.41854166666666665,6.54,0,3.062291666666667,17.266,6.387,14.4375625,971.2,1.2,211.98125000000002,12
2025-01-22,2025,1,22,0,26.791,15.703,20.22425,93.545,49.023,70.3381875,0.5,0,0.10416666666666667,4.03,0,2.243958333333333,18.468,7.433,14.381708333333334,923.7,1.2,202.29375000000002,11.5
2025-01-23,2025,1,23,0,24.888,17.569,19.7435625,97.71,68.168,84.93960416666667,1.01,0,0.5122916666666667,6.54,2.52,3.974166666666667,18.761,13.123,17.058291666666666,863.7,1.2,179.89791666666667,12
2025-01-24,2025,1,24,0,24.933,17.019,19.703166666666668,85.667,31.739,65.72212499999999,2.01,0,0.5133333333333333,7.55,2.01,3.659375,17.046,4.616,12.736854166666667,926.2,1.2,148.75208333333333,12
2025-01-25,2025,1,25,0,26.553,16.354,20.1638125,88.425,58.204,75.64358333333334,2.01,0,0.5443749999999999,7.05,2.01,3.6810416666666668,18.091,13.793,15.5845,986.2,1.2,205.10625000000002,12
2025-01-26,2025,1,26,0,26.266,16.172,19.801083333333334,87.974,24.393,60.96791666666667,1.51,0,0.34625,7.05,1.01,3.3560416666666666,16.422,-1.755,11.284604166666666,1076.2,1.2,221.25208333333333,12
2025-01-27,2025,1,27,0,26.553,14.392,19.584875,76.445,24.797,48.511624999999995,1.51,0,0.4925,6.04,1.01,3.15625,13.917,-0.585,7.9425,1031.2,1.2,223.12708333333333,12
2025-01-28,2025,1,28,0,28.572,16.319,20.473979166666666,79.483,41.097,63.9734375,1.51,0,0.28208333333333335,5.03,0.5,2.6327083333333334,15.293,10.78,13.034125,1033.7,1.2,217.45000000000002,12
2025-01-29,2025,1,29,0,28.491,17.341,21.383708333333335,80.534,35.523,63.307208333333335,2.52,0,0.586875,6.04,0.5,3.1662500000000002,17.807,10.613,13.779229166666667,1053.7,1.2,227.45000000000002,11.5
2025-01-30,2025,1,30,0,26.955,15.395,20.38114583333333,89.784,54.118,75.74841666666667,0.5,0,0.17708333333333334,5.03,0,2.0029166666666667,18.577,12.075,15.7675,963.7,1.2,194.48125000000002,12
2025-01-31,2025,1,31,0,26.706,17.915,21.474916666666665,92.741,64.907,80.91352083333334,1.01,0,0.261875,7.05,0.5,2.9475000000000002,19.84,15.749,17.969104166666668,1073.7,1.2,197.60625000000002,12
2025-02-01,2025,2,1,0,27.279,17.81,21.126645833333335,94.922,56.721,77.206125,1.51,0,0.2939583333333333,6.54,0,2.370625,18.551,12.09,16.733125,1038.7,1.2,216.72083333333333,12
2025-02-02,2025,2,2,0,27.641,16.563,20.824166666666667,93.188,54.665,71.4513125,1.51,0,0.3772916666666667,5.54,0,2.55875,18.258,12.224,15.274520833333334,1066.2,1.2,217.08541666666667,12
2025-02-03,2025,2,3,0,27.049,14.92,20.502708333333334,86.926,52.375,70.0566875,1.01,0,0.21958333333333332,4.53,0,2.202916666666667,17.668,12.569,14.62525,1043.7,1.2,219.79375000000002,12
2025-02-04,2025,2,4,0,28.049,15.987,20.952145833333333,81.891,34.478,51.58145833333333,1.01,0,0.398125,5.54,1.01,2.904375,13.166,4.511,9.930479166666666,1053.7,1.2,228.54375000000002,12
2025-02-05,2025,2,5,0,26.647,15.786,20.486791666666665,68.949,43.47,54.104104166666666,2.01,0,0.5135416666666667,6.54,0.5,3.3554166666666667,14.581,5.596,10.787708333333333,1008.7,1.2,230.78333333333333,12
2025-02-06,2025,2,6,0,26.188,14.354,20.12725,84.012,43.798,59.72691666666667,1.51,0,0.3460416666666667,6.54,0.5,3.2822916666666666,16.497,6.272,11.810020833333333,1041.2,1.2,234.84583333333333,12
2025-02-07,2025,2,7,0,26.102,14.215,19.7163125,84.697,37.342,52.73466666666667,1.51,0,0.43020833333333336,6.04,0,2.8108333333333335,14.357,4.726,9.309791666666667,1088.7,1.2,235.05416666666667,12
2025-02-08,2025,2,8,0,27.408,15.397,20.329833333333333,68.855,35.125,50.976479166666664,2.01,0,0.50375,7.05,1.01,3.4714583333333335,12.974,2.554,9.4758125,1078.7,1.2,241.09583333333333,12
2025-02-09,2025,2,9,0,28.059,15.652,20.895125,67.631,33.434,54.135104166666665,1.01,0,0.3041666666666667,6.04,1.01,3.3133333333333335,13.643,8.37,10.935791666666667,1053.7,1.2,239.84583333333333,12
2025-02-10,2025,2,10,0,25.507,15.941,20.183520833333333,75.846,49.703,60.4088125,2.01,0,0.5970833333333333,7.55,1.01,3.932291666666667,15.172,8.223,12.1676875,1058.7,1.2,241.92916666666667,12
2025-02-11,2025,2,11,0,27.159,15.668,20.479791666666667,84.048,41.007,62.727041666666665,1.01,0,0.25125,6.04,0.5,2.8204166666666666,16.261,5.219,12.817375,1061.2,1.2,241.20000000000002,12
2025-02-12,2025,2,12,0,28.022,17.63,22.2814375,70.146,22.171,41.24420833333333,1.51,0,0.450625,6.04,0.5,3.7120833333333336,15.945,0.622,7.799166666666666,1108.7,1.2,252.91875000000002,12
2025-02-13,2025,2,13,0,29.312,17.067,22.073979166666668,58.439,24.915,40.039,1.51,0,0.3458333333333333,7.55,0.5,2.7147916666666667,10.688,0.779,7.3159375,1106.2,1.2,259.1166666666667,12
2025-02-14,2025,2,14,0,29.984,16.242,22.692833333333333,91.437,17.205,39.626083333333334,1.01,0,0.3675,5.54,0,2.874166666666667,17.153,1.397,6.429,1131.2,1.2,265.9916666666667,12
2025-02-15,2025,2,15,0,29.754,14.472,21.124875,92.197,27.9,57.20925,1.51,0,0.3254166666666667,6.54,0,2.2233333333333336,14.749,3.592,11.1515,1086.2,1.2,256.25208333333336,12
2025-02-16,2025,2,16,0,29.462,14.376,21.340770833333334,84.974,30.442,51.019666666666666,2.01,0,0.450625,7.05,0,2.8935416666666667,12.69,6.265,10.021458333333333,1108.7,1.2,267.2416666666667,12
2025-02-17,2025,2,17,0,28.727,15.515,21.466375,70.204,43.191,53.36539583333333,2.01,0,0.5447916666666667,7.05,0,3.1772916666666666,15.617,7.937,11.447270833333334,1143.7,1.2,274.8979166666667,12
2025-02-18,2025,2,18,0,28.875,15.365,21.385458333333332,85.872,30.733,56.5639375,1.51,0,0.5345833333333333,6.04,0.5,2.9575,13.972,8.33,11.567479166666667,1128.7,1.2,274.06458333333336,12
2025-02-19,2025,2,19,0,30.395,16.609,22.142229166666667,83.874,28.824,46.9575,1.01,0,0.26229166666666665,5.03,0,2.191666666666667,15.181,5.422,9.616708333333333,1123.7,1.2,272.91875,12
2025-02-20,2025,2,20,0,30.151,16.132,21.991645833333333,93.068,27.047,60.748083333333334,1.51,0,0.314375,6.04,0,2.4008333333333334,16.093,8.511,12.835958333333334,1116.2,1.2,281.56458333333336,12
2025-02-21,2025,2,21,0,29.931,17.472,22.641708333333334,72.65,28.708,46.1475,1.51,0,0.3772916666666667,6.54,0.5,3.019375,13.511,6.576,9.964854166666667,1141.2,1.2,288.6479166666667,12
2025-02-22,2025,2,22,0,29.746,14.845,22.02925,82.75,34.006,53.576625,1.51,0,0.24083333333333334,5.03,0,2.2752083333333335,15.839,7.218,11.593229166666667,1068.7,1.2,274.68958333333336,12
2025-02-23,2025,2,23,0,29.805,16.566,22.640854166666667,88.731,28.217,53.429,2.01,0,0.608125,9.56,0,3.89,15.472,7.145,11.5008125,1131.2,1.2,289.16875,12
2025-02-24,2025,2,24,0,29.438,18.743,23.24910416666667,65.298,30.15,42.76985416666667,2.01,0,0.8608333333333333,9.06,0,4.927708333333333,12.734,6.666,9.5460625,1153.7,1.2,296.98125,12
2025-02-25,2025,2,25,0,28.55,17.845,22.262229166666668,66.929,35.193,49.34789583333333,1.51,0,0.7135416666666666,8.05,1.51,4.802708333333333,15.139,6.475,10.882291666666667,1148.7,1.2,274.79375,12
2025-02-26,2025,2,26,0,28.033,18.912,22.4633125,65.551,41.102,55.34945833333333,1.51,0,0.7764583333333334,8.56,2.01,5.169791666666667,17.006,5.591,12.9791875,1246.2,1.2,287.81458333333336,12
2025-02-27,2025,2,27,0,28.955,18.933,22.7545,75.364,41.773,51.58825,2.01,0,1.1841666666666666,10.07,1.51,5.7995833333333335,15.217,7.273,12.043541666666666,1191.2,1.2,317.7104166666667,12
2025-02-28,2025,2,28,0,27.655,17.269,21.8841875,83.088,45.67,65.48452083333333,2.01,0,0.6704166666666667,7.05,1.51,3.98375,17.444,10.841,14.837666666666667,1111.2,1.2,270.73125,12
2025-03-01,2025,3,1,2.2,27.759,18.823,21.841375,94.878,61.605,81.09395833333333,1.01,0,0.41833333333333333,5.54,1.01,3.3033333333333332,19.889,16.108,18.340333333333334,1221.2,1.2,240.15833333333333,11.5
2025-03-02,2025,3,2,0,28.411,18.799,22.4343125,97.101,57.043,77.47070833333333,1.51,0,0.3772916666666667,7.05,0,3.1037500000000002,19.572,16.846,18.094291666666667,1241.2,1.2,247.65833333333333,12
2025-03-03,2025,3,3,0,29.349,18.346,22.522479166666667,99.274,48.501,75.93014583333334,1.51,0,0.28291666666666665,5.54,0,2.2333333333333334,19.399,14.709,17.628708333333332,1131.2,1.2,256.9291666666667,12
2025-03-04,2025,3,4,0,30.92,18.925,23.922,89.989,25.289,51.90675,2.01,0,0.6804166666666667,11.07,0.5,3.85875,17.593,6.83,11.798458333333333,1218.7,1.2,301.72083333333336,12
2025-03-05,2025,3,5,0,31.92,16.049,23.811791666666668,92.473,22.406,50.6600625,1.51,0,0.39895833333333336,6.54,0,2.6947916666666667,18.525,7.173,11.490333333333334,1201.2,1.2,328.85625,12
2025-03-06,2025,3,6,0,30.952,17.057,23.2045625,96.492,32.522,69.53341666666667,1.01,0,0.23104166666666667,5.03,0,1.48875,19.363,10.847,15.997395833333334,1128.7,1.2,290.78333333333336,12
2025-03-07,2025,3,7,0,29.711,18.118,22.674770833333334,96.246,43.868,77.1394375,1.51,0,0.18854166666666666,5.54,0,1.64625,19.934,14.349,17.745104166666668,1128.7,1.2,254.06458333333333,12
2025-03-08,2025,3,8,0,31.384,17.046,23.028479166666667,97.037,32.799,75.38172916666667,0.5,0,0.11458333333333333,4.53,0,1.4045833333333333,20.796,13.048,17.4354375,1188.7,1.2,295.6791666666667,12
2025-03-09,2025,3,9,0,31.531,19.121,23.732270833333335,94.937,23.214,57.445083333333336,1.51,0,0.3777083333333333,6.04,0,2.37,18.621,6.128,12.962770833333334,1201.2,1.2,324.0125,12
2025-03-10,2025,3,10,0,29.692,15.486,22.166395833333333,64.337,40.826,51.26147916666667,1.51,0,0.7239583333333334,6.54,0.5,3.7333333333333334,15.478,5.171,11.482875,1266.2,1.2,347.7625,12
2025-03-11,2025,3,11,0.2,24.496,19.054,20.424770833333334,96.614,60.598,81.70414583333333,1.01,0,0.49125,5.54,1.01,3.8164583333333333,19.943,12.182,17.104125,951.2,1.2,155.93958333333333,11.5
2025-03-12,2025,3,12,31.8,27.159,17.512,20.13854166666667,98.65,60.935,87.1996875,1.01,0,0.18770833333333334,5.03,0,2.548125,19.226,14.331,17.796583333333334,891.2,1.2,162.81458333333333,12
2025-03-13,2025,3,13,0,29.4,16.917,22.3614375,98.039,40.275,72.23258333333334,1.51,0,0.25166666666666665,5.03,0,2.191666666666667,19.35,10.849,16.4365625,1366.2,1.2,345.47083333333336,12
2025-03-14,2025,3,14,0.2,30.068,16.571,22.189729166666666,99.997,32.438,69.99929166666666,1.51,0,0.3358333333333333,5.54,0,2.1389583333333335,19.192,8.76,15.427708333333333,1328.7,1.2,371.35625,12
2025-03-15,2025,3,15,0,30.336,15.287,22.24320833333333,87.791,32.869,62.492416666666664,1.51,0,0.25166666666666665,5.54,0,2.055,18.831,9.244,14.143583333333334,1331.2,1.2,373.59583333333336,12
2025-03-16,2025,3,16,0,27.408,17.362,21.478083333333334,98.647,61.173,81.8083125,0.5,0,0.010416666666666666,3.02,0,1.0379166666666666,19.83,15.239,18.033604166666667,711.2,1.2,169.27291666666667,11.5
2025-03-17,2025,3,17,0.2,29.041,18.823,21.786458333333332,97.699,57.06,86.21972916666667,0.5,0,0.041666666666666664,3.52,0,0.9958333333333333,21.177,18.028,19.242979166666665,1111.2,1.2,171.09583333333333,12
2025-03-18,2025,3,18,0,30.29,17.853,23.007020833333332,95.364,40.816,78.73208333333334,1.01,0,0.09416666666666666,4.53,0,1.4679166666666668,20.541,13.676,18.679208333333335,1321.2,1.2,277.97083333333336,12
2025-03-19,2025,3,19,0,30.352,18.604,23.4696875,97.855,49.308,78.07968749999999,1.51,0,0.19916666666666666,6.54,0,1.6991666666666667,20.21,16.787,19.031083333333335,1343.7,1.2,302.5541666666667,12
2025-03-20,2025,3,20,0,30.384,18.853,23.523333333333333,92.383,46.865,71.12077083333334,1.01,0,0.24,5.54,0,2.7579166666666666,19.566,14.322,17.511729166666665,1368.7,1.2,347.45,12
2025-03-21,2025,3,21,0,28.695,17.882,21.94739583333333,94.591,57.995,81.12902083333333,0.5,0,0.08333333333333333,4.03,0,1.6777083333333334,19.932,16.079,18.356354166666666,1341.2,1.2,248.43958333333333,12
2025-03-22,2025,3,22,0,29.665,18.547,22.205083333333334,97.36,55.396,82.25520833333333,1.01,0,0.12520833333333334,5.03,0,1.6677083333333333,20.447,17.918,18.825708333333335,1363.7,1.2,230.31458333333333,11.5
2025-03-23,2025,3,23,0,31.14,17.574,23.16133333333333,97.81,44.167,77.31110416666667,1.01,0,0.22,4.53,0,1.7616666666666667,20.69,16.244,18.405874999999998,1311.2,1.2,340.5229166666667,12
2025-03-24,2025,3,24,0,29.917,18.263,23.251145833333332,96.892,48.49,76.29779166666667,1.51,0,0.25166666666666665,5.54,0,2.222916666666667,20.281,16.688,18.445833333333333,1303.7,1.2,315.31458333333336,12
2025-03-25,2025,3,25,0,31.038,17.665,22.933875,95.447,40.061,76.87577083333333,0.5,0,0.03125,3.02,0,1.2997916666666667,19.746,14.548,18.119083333333332,1143.7,1.2,269.53333333333336,12
2025-03-26,2025,3,26,18.8,30.636,17.794,22.550687500000002,98,45.061,82.31039583333333,0.5,0,0.11458333333333333,4.53,0,1.27875,20.907,17.174,18.925583333333336,1343.7,1.2,329.53333333333336,12
2025-03-27,2025,3,27,0.2,30.279,17.764,22.2594375,97.511,47.973,84.26147916666666,0,0,0,2.52,0,0.9435416666666666,21.336,17.057,19.136458333333334,1261.2,1.2,270.3666666666667,12
2025-03-28,2025,3,28,0,31.143,18.735,23.9434375,98.198,41.37,74.85114583333333,1.01,0,0.115,4.53,0,1.2797916666666667,21.199,13.434,18.332395833333333,1261.2,1.2,340.78333333333336,12
2025-03-29,2025,3,29,0,31.084,18.566,23.731375,98.059,33.474,71.01789583333333,1.01,0,0.17770833333333333,5.03,0,1.4466666666666668,19.896,12.105,17.037,1286.2,1.2,354.53333333333336,12.5
2025-03-30,2025,3,30,0,31.77,17.679,23.4028125,94.191,28.84,64.024375,0.5,0,0.11458333333333333,5.03,0,1.4254166666666666,19.035,9.165,15.082604166666668,1238.7,1.2,344.7416666666667,12.5
2025-03-31,2025,3,31,0,30.722,17.338,23.0283125,95.608,38.119,69.40893750000001,0.5,0,0.010416666666666666,3.52,0,1.1210416666666665,20.294,10.964,16.544708333333332,1188.7,1.2,329.68958333333336,12.5
2025-04-01,2025,4,1,0,30.236,17.77,22.519333333333332,96.466,42.214,78.1766875,0.5,0,0.052083333333333336,3.52,0,0.9435416666666666,19.525,15.699,18.069854166666666,1323.7,1.2,267.81458333333336,12.5
2025-04-02,2025,4,2,8.4,25.255,19.188,20.9075,98.872,73.065,90.32227083333333,0.5,0,0.010416666666666666,3.02,0,0.82875,20.218,17.978,19.22533333333333,931.2,1.2,112.7625,12.5
2025-04-03,2025,4,3,2,25.467,18.944,21.095583333333334,99.043,73.884,90.66529166666668,0.5,0,0.020833333333333332,5.03,0,1.405,20.845,18.57,19.4524375,778.7,1.2,168.85625000000002,12
2025-04-04,2025,4,4,30.000000000000004,28.236,18.36,21.29370833333333,98.991,65.212,90.61935416666667,0.5,0,0.0625,4.03,0,1.0058333333333334,21.397,18.039,19.5824375,1478.7,1.2,203.85625000000002,12.5
2025-04-05,2025,4,5,18.400000000000002,26.794,18.636,20.6095,99.896,72.792,94.86083333333333,0.5,0,0.020833333333333332,3.52,0,0.94375,21.527,18.433,19.7303125,1131.2,1.2,149.11666666666667,12.5
2025-04-06,2025,4,6,1.8,30.518,17.848,22.847916666666666,98.926,49.657,82.8219375,0.5,0,0.10416666666666667,7.05,0,1.6775,21.842,16.981,19.3573125,1523.7,1.2,421.56458333333336,12.5
2025-04-07,2025,4,7,0.2,30.542,18.193,23.3326875,95.712,46.218,72.10539583333333,1.01,0,0.16708333333333333,4.53,0,1.8875,20.273,15.041,17.566520833333332,1488.7,1.2,413.23125,12.5
2025-04-08,2025,4,8,0,31.269,18.74,23.910604166666666,98.624,32.36,75.9000625,1.01,0,0.188125,5.54,0,1.7514583333333333,20.961,12.442,18.5136875,1496.2,1.2,424.1166666666667,12.5
2025-04-09,2025,4,9,0,30.773,18.754,23.712270833333335,98.955,40.653,77.58345833333334,0.5,0,0.09375,5.03,0,1.8139583333333333,20.94,15.887,18.801916666666667,1461.2,1.2,402.18958333333336,12.5
2025-04-10,2025,4,10,0,26.751,18.271,21.539854166666665,96.904,67.601,84.30254166666667,0.5,0,0.052083333333333336,4.53,0,1.1010416666666667,20.643,17.289,18.630020833333333,1156.2,1.2,216.66875000000002,12.5
2025-04-11,2025,4,11,0,28.486,17.681,22.181395833333333,96.518,58.204,81.83391666666667,1.01,0,0.12520833333333334,4.03,0,1.5102083333333334,20.97,16.32,18.6868125,1416.2,1.2,282.0854166666667,12.5
2025-04-12,2025,4,12,2.4,28.722,18.735,21.898333333333333,98.558,62.701,86.10204166666666,1.01,0,0.06270833333333334,4.03,0,0.9852083333333334,21.473,17.328,19.283645833333335,1271.2,1.2,283.7,12.5
2025-04-13,2025,4,13,0,28.127,18.124,22.160041666666665,98.503,58.135,84.88602083333333,0,0,0,2.52,0,0.86,22.304,16.988,19.313958333333332,816.2,1.2,198.38750000000002,12.5
2025-04-14,2025,4,14,4.4,29.842,18.21,22.012791666666665,98.57,58.944,85.25020833333333,0.5,0,0.010416666666666666,7.05,0,1.0691666666666666,22.433,17.073,19.194208333333332,1176.2,1.2,237.24166666666667,12.5
2025-04-15,2025,4,15,1.2000000000000002,30.499,17.483,23.198125,97.374,45.702,75.8373125,0.5,0,0.17708333333333334,5.54,0,1.9295833333333334,21.175,15.283,18.169895833333335,1503.7,1.2,382.45,12.5
2025-04-16,2025,4,16,4.2,30.593,18.561,21.754166666666666,97.977,57.942,87.48949999999999,1.01,0,0.073125,4.03,0,1.006875,21.476,17.915,19.3954375,1413.7,1.2,240.78333333333333,12.5
2025-04-17,2025,4,17,2.8000000000000003,28.121,18.18,22.030208333333334,98.72,67.686,87.74541666666667,0.5,0,0.010416666666666666,6.54,0,0.7124999999999999,22.118,17.183,19.770833333333332,1108.7,1.2,232.97083333333333,12.5
2025-04-18,2025,4,18,9.8,28.362,18.971,22.829166666666666,99.545,69.541,88.71085416666666,0.5,0,0.010416666666666666,3.52,0,1.0164583333333332,22.331,18.915,20.715208333333333,1126.2,1.2,232.18958333333333,12.5
2025-04-19,2025,4,19,9.399999999999999,28.891,19.322,22.273354166666667,99.997,67.26,91.369875,1.01,0,0.03145833333333333,4.53,0,0.8491666666666666,22.974,19.328,20.657625,1438.7,1.2,264.68958333333336,12.5
2025-04-20,2025,4,20,0.2,29.167,17.872,22.537125,99.893,61.158,87.34422916666666,0.5,0,0.020833333333333332,3.02,0,0.8495833333333332,21.524,17.864,20.095854166666665,1458.7,1.2,291.40833333333336,12.5
2025-04-21,2025,4,21,0.6,30.062,18.81,23.153229166666666,99.138,56.278,86.66554166666667,0,0,0,3.52,0,0.9016666666666666,22.116,18.658,20.5456875,1506.2,1.2,300.47083333333336,12.5
2025-04-22,2025,4,22,0.2,30.325,19.311,23.5375,99.667,47.53,81.98864583333334,0.5,0,0.052083333333333336,4.53,0,1.153125,21.425,16.789,19.811958333333333,1538.7,1.2,412.0854166666667,12.5
2025-04-23,2025,4,23,0.2,27.748,18.888,22.169770833333335,98.471,71.669,89.6339375,0.5,0,0.010416666666666666,2.52,0,0.7864583333333333,22.203,18.493,20.307729166666665,873.7,1.2,206.35625000000002,12.5
2025-04-24,2025,4,24,15.2,28.218,19.017,22.208541666666665,99.664,69.592,91.58966666666666,0,0,0,3.02,0,0.629375,22.817,18.936,20.667583333333333,1148.7,1.2,207.71041666666667,12.5
2025-04-25,2025,4,25,0,30.038,17.939,22.840229166666667,99.986,57.24,85.46397916666666,0,0,0,4.03,0,0.8702083333333334,22.718,17.485,19.947854166666666,1621.2,1.2,321.825,12.5
2025-04-26,2025,4,26,0,29.818,18.719,22.650354166666666,98.592,59.345,86.402875,0,0,0,3.52,0,0.8910416666666666,22.396,18.367,20.0890625,1473.7,1.2,250.21041666666667,12.5
2025-04-27,2025,4,27,0,29.974,19.011,22.961312500000002,99.133,56.808,85.96754166666666,0,0,0,3.52,0,0.83875,21.62,18.576,20.2293125,1698.7,1.2,327.45,12.5
2025-04-28,2025,4,28,0,29.711,19.151,22.7468125,97.36,60.259,85.95108333333333,1.01,0,0.041875,3.52,0,0.7766666666666666,21.759,18.237,20.078500000000002,1521.2,1.2,291.98125,11.5
2025-04-29,2025,4,29,0,29.824,19.215,23.0544375,98.146,63.398,86.4328125,0.5,0,0.010416666666666666,3.02,0,0.8383333333333333,22.851,18.915,20.504666666666665,1433.7,1.2,293.59583333333336,12.5
2025-04-30,2025,4,30,0,28.507,19.234,23.057354166666666,98.042,71.299,86.8543125,0.5,0,0.010416666666666666,3.52,0,1.026875,22.831,18.567,20.630229166666666,841.2,1.2,221.51250000000002,12.5
2025-05-01,2025,5,1,0.6000000000000001,29.673,19.577,22.630333333333333,97.94,65.162,89.616,0,0,0,3.52,0,0.8075,22.523,19.033,20.731229166666665,1288.7,1.2,212.03333333333333,12.5
2025-05-02,2025,5,2,8.6,28.663,18.338,22.253395833333336,98.23,68.394,89.13914583333333,0.5,0,0.010416666666666666,7.05,0,0.8702083333333333,22.52,17.872,20.256875,1058.7,1.2,208.02291666666667,12
2025-05-03,2025,5,3,0,29.03,18.697,22.853291666666667,98.576,67.668,88.74095833333334,0.5,0,0.010416666666666666,3.52,0,1.153125,23.066,18.485,20.7579375,1438.7,1.2,308.3875,12.5
2025-05-04,2025,5,4,1.7999999999999998,31.735,18.947,23.224854166666667,99.324,53.719,86.01270833333334,0.5,0,0.041666666666666664,4.53,0,0.8810416666666666,22.952,18.799,20.437729166666667,1526.2,1.2,373.75208333333336,13
2025-05-05,2025,5,5,1.2000000000000002,27.925,18.4,22.1338125,98.143,66.812,87.2024375,0.5,0,0.020833333333333332,4.53,0,0.8591666666666666,21.912,16.86,19.818791666666666,1051.2,1.2,185.83541666666667,12.5
2025-05-06,2025,5,6,6.199999999999999,30.625,18.226,22.099854166666667,98.785,62.556,86.96014583333333,1.01,0,0.03145833333333333,7.05,0,0.82875,23.371,17.66,19.649895833333332,1533.7,1.2,290.62708333333336,12.5
2025-05-07,2025,5,7,6.8,28.893,18.754,21.54414583333333,98.051,67.994,89.868125,0.5,0,0.041666666666666664,3.52,0,0.7135416666666666,22.845,18.286,19.683875,1453.7,1.2,272.5541666666667,12.5
2025-05-08,2025,5,8,0,28.4,17.097,21.922250000000002,99.004,61.35,85.46495833333333,0.5,0,0.052083333333333336,4.53,0,1.038125,21.497,16.52,19.13,1613.7,1.2,349.37708333333336,12.5
2025-05-09,2025,5,9,0,30.633,16.829,22.868354166666666,99.135,37.789,72.8628125,0.5,0,0.0625,3.52,0,1.1214583333333332,19.65,12.79,17.010729166666668,1563.7,1.2,467.3979166666667,13
2025-05-10,2025,5,10,0,29.639,17.148,22.208833333333335,98.297,50.1,79.16166666666666,1.01,0,0.041875,4.53,0,1.1116666666666666,19.52,16.023,17.908895833333332,1538.7,1.2,393.0229166666667,12.5
2025-05-11,2025,5,11,0,30.464,16.545,22.846729166666666,96.429,45.797,72.53433333333334,1.01,0,0.15666666666666668,4.03,0,1.48875,20.134,12.05,17.032604166666665,1581.2,1.2,464.0125,13
2025-05-12,2025,5,12,38.6,30.395,17.555,21.536708333333333,99.997,58.636,87.28427083333334,0.5,0,0.041666666666666664,4.53,0,1.195625,21.404,16.299,19.052229166666667,1706.2,1.2,287.60625,12.5
2025-05-13,2025,5,13,0.4,29.459,18.244,21.415416666666665,99.997,63.091,91.26022916666666,0.5,0,0.052083333333333336,4.03,0,0.8077083333333334,22.312,18.268,19.788333333333334,1466.2,1.2,263.23125,12.5
2025-05-14,2025,5,14,3.8000000000000003,30.135,17.963,21.462354166666668,98.48,58.505,90.31939583333333,0.5,0,0.020833333333333332,4.53,0,0.8704166666666666,22.443,17.697,19.653166666666667,1076.2,1.2,188.75208333333333,12.5
2025-05-15,2025,5,15,1,26.732,18.944,21.384416666666667,98.77,74.484,92.22533333333332,0.5,0,0.010416666666666666,3.02,0,0.691875,22.438,18.484,20.020395833333332,918.7,1.2,168.64791666666667,12.5
2025-05-16,2025,5,16,0,28.462,18.625,21.91679166666667,98.282,65.62,88.1835625,0.5,0,0.010416666666666666,3.02,0,0.9858333333333333,21.762,18.345,19.7515625,1488.7,1.2,243.70000000000002,12.5
2025-05-17,2025,5,17,0,27.403,18.633,21.345625,97.041,67.472,87.59241666666667,0.5,0,0.010416666666666666,4.03,0,0.9125,20.938,17.678,19.133479166666667,861.2,1.2,190.36666666666667,12.5
2025-05-18,2025,5,18,8.4,25.95,19.038,21.066187499999998,99.509,75.16,92.49566666666666,0,0,0,3.02,0,0.8179166666666666,21.396,18.677,19.74375,941.2,1.2,196.98125000000002,12.5
2025-05-19,2025,5,19,33.4,27.537,18.773,21.192416666666666,99.997,68.472,91.76635416666666,0,0,0,2.52,0,0.9114583333333333,21.726,18.419,19.6835,1306.2,1.2,218.07500000000002,12.5
2025-05-20,2025,5,20,5.8,23.121,17.764,19.866833333333332,99.997,85.653,95.955375,1.51,0,0.3975,4.53,0.5,2.631875,21.18,17.246,19.2099375,628.7,1.2,147.34583333333333,12.5
2025-05-21,2025,5,21,1.8,24.413,17.877,20.4388125,99.646,78.695,92.50633333333333,0.5,0,0.0625,4.53,0,1.9189583333333333,21.088,17.297,19.164104166666668,856.2,1.2,170.31458333333333,12.5
2025-05-22,2025,5,22,0.6000000000000001,25.55,18.891,20.8934375,99.205,75.398,92.19945833333334,0.5,0,0.020833333333333332,3.52,0,1.0275,21.247,18.522,19.528708333333334,811.2,1.2,172.29375000000002,12.5
2025-05-23,2025,5,23,11.8,24.092,18.794,20.270395833333332,99.997,86.674,97.66114583333334,1.01,0,0.29270833333333335,6.04,0,3.019375,21.759,18.449,19.902770833333335,696.2,1.2,120.83541666666666,12
2025-05-24,2025,5,24,59.4,21.228,18.035,19.552145833333334,99.997,97.479,99.73810416666666,2.01,0,0.6704166666666667,8.05,2.01,4.4558333333333335,21.094,18.058,19.5355,426.2,1.2,75.93958333333333,12
2025-05-25,2025,5,25,89,20.167,18.486,19.268729166666667,99.997,99.997,99.997,1.51,0,0.6814583333333334,8.05,2.01,4.854791666666666,20.194,18.51,19.294083333333333,221.2,1.2,48.90833333333333,12
2025-05-26,2025,5,26,82,19.893,18.333,19.267270833333335,99.997,99.997,99.997,1.51,0,0.555625,7.55,0.5,5.211875,19.919,18.357,19.292604166666667,156.2,1.2,41.981249999999996,12
2025-05-27,2025,5,27,70.8,21.872,18.665,19.995229166666668,99.997,96.519,99.5638125,1.01,0,0.291875,7.55,1.51,4.2785416666666665,21.515,18.689,19.950145833333334,421.2,1.2,88.75208333333333,12.5
2025-05-28,2025,5,28,56,21.051,19.226,19.893,99.997,98.564,99.88758333333334,1.01,0,0.38625,8.05,1.51,4.508958333333333,20.981,19.251,19.901541666666667,381.2,1.2,73.54375,12.5
2025-05-29,2025,5,29,55.4,20.397,18.303,19.264145833333334,99.997,99.582,99.98239583333333,1.51,0,0.5441666666666667,8.05,1.01,4.918333333333334,20.357,18.327,19.287104166666666,346.2,1.2,54.637499999999996,11.5
2025-05-30,2025,5,30,54.6,20.869,17.638,18.725625,99.997,88.371,98.55710416666666,0.5,0,0.010416666666666666,5.03,0,2.096458333333333,20.395,17.465,18.509270833333332,573.7,1.2,98.3875,12.5
2025-05-31,2025,5,31,0.2,24.443,18.311,20.345354166666667,99.997,76.899,94.55583333333334,0,0,0,4.03,0.5,1.8145833333333332,21.339,18.208,19.420770833333332,766.2,1.2,121.56458333333333,12.5
2025-06-01,2025,6,1,0.8,26.357,18.955,21.395708333333335,99.997,78.904,94.16695833333333,0.5,0,0.0625,4.03,0,1.530625,22.637,18.853,20.389541666666666,1278.7,1.2,210.05416666666667,12.5
2025-06-02,2025,6,2,7,27.598,18.129,20.987083333333334,99.997,67.573,91.56210416666667,1.01,0,0.15666666666666668,4.53,0,1.8766666666666667,21.254,17.777,19.473625,1386.2,1.2,250.47083333333336,12.5
2025-06-03,2025,6,3,11.2,23.856,18.754,20.150895833333333,99.997,85.055,97.08260416666667,1.01,0,0.23979166666666668,5.03,0,2.432916666666667,21.218,18.779,19.676291666666668,668.7,1.2,138.17916666666667,12.5
2025-06-04,2025,6,4,8.6,25.51,17.939,20.339,99.997,76.88,94.69552083333333,0.5,0,0.052083333333333336,4.03,0,1.1852083333333334,21.842,17.526,19.429916666666667,1036.2,1.2,187.55416666666667,12.5
2025-06-05,2025,6,5,0,29.459,17.132,22.3394375,99.767,53.082,81.81152083333333,0.5,0,0.11458333333333333,4.03,0,1.2164583333333332,20.281,16.567,18.654166666666665,1528.7,1.2,426.6166666666667,13
2025-06-06,2025,6,6,0,28.429,16.751,21.89075,98.505,58.807,83.35975,0.5,0,0.07291666666666667,5.03,0,1.3108333333333333,21.868,15.792,18.689041666666668,1591.2,1.2,393.43958333333336,13
2025-06-07,2025,6,7,0,26.998,17.271,21.360979166666667,99.991,66.339,86.95177083333333,0.5,0,0.07291666666666667,4.03,0,1.2904166666666668,21.034,16.591,18.942020833333334,1343.7,1.2,294.4291666666667,13
2025-06-08,2025,6,8,0,28.438,17.116,21.450083333333332,99.997,64.607,87.35675,0.5,0,0.09375,3.52,0,1.2999999999999998,21.739,16.483,19.120270833333333,1351.2,1.2,295.2625,12.5
2025-06-09,2025,6,9,4.4,27.598,18.199,21.363166666666668,99.997,58.613,87.164875,0.5,0,0.09375,4.03,0,1.7933333333333332,20.736,17.855,18.908770833333335,1491.2,1.2,295.47083333333336,12.5
2025-06-10,2025,6,10,2.8000000000000003,26.529,17.671,20.805208333333333,99.59,70.08,89.02416666666666,0.5,0,0.03125,3.02,0,1.3422916666666667,21.325,16.284,18.889895833333334,1096.2,1.2,179.84583333333333,12.5
2025-06-11,2025,6,11,11,23.108,18.55,19.886916666666668,99.997,86.67,97.71754166666666,1.01,0,0.115,3.52,0.5,1.8775,20.79,18.541,19.527041666666666,628.7,1.2,88.12708333333333,12.5
2025-06-12,2025,6,12,10.200000000000001,23.397,18.228,19.404291666666666,99.997,84.55,98.14829166666667,1.01,0,0.08354166666666667,5.54,1.01,2.3808333333333334,20.671,18.252,19.11841666666667,661.2,1.2,92.29375,12.5
2025-06-13,2025,6,13,20.2,20.456,18.451,19.234125,99.997,98.488,99.8800625,1.51,0,0.891875,6.54,1.51,3.7858333333333336,20.237,18.475,19.240375,278.7,1.2,76.09583333333333,12.5
2025-06-14,2025,6,14,35.800000000000004,20.799,17.751,18.785895833333335,99.997,94.795,99.75522916666667,1.51,0,0.8072916666666666,6.04,2.01,3.680625,19.96,17.774,18.77060416666667,513.7,1.2,65.8875,12.5
2025-06-15,2025,6,15,49.800000000000004,19.092,17.185,18.282895833333335,99.997,99.997,99.997,2.01,0,1.0383333333333333,8.56,2.52,5.201666666666667,19.117,17.207,18.306729166666667,291.2,1.2,63.699999999999996,12.5
2025-06-16,2025,6,16,47.8,20.022,17.228,18.594645833333335,99.997,99.66,99.98441666666666,2.01,0,0.7129166666666666,10.57,3.02,5.085416666666667,19.994,17.25,18.616854166666666,348.7,1.2,63.856249999999996,12
2025-06-17,2025,6,17,43,20.759,17.352,18.954979166666668,99.997,97.621,99.89891666666666,1.01,0,0.31354166666666666,6.54,1.01,3.5975,20.429,17.374,18.963791666666665,481.2,1.2,72.65833333333333,12
2025-06-18,2025,6,18,35,21.448,18.113,19.3256875,99.997,98.218,99.82691666666666,0.5,0,0.020833333333333332,7.05,0.5,2.1704166666666667,21.238,18.137,19.323270833333332,401.2,1.2,81.40833333333333,12.5
2025-06-19,2025,6,19,31.6,21.381,18.47,19.442229166666667,99.997,96.326,99.744375,0,0,0,4.03,0,1.7193749999999999,20.799,18.494,19.426416666666668,456.2,1.2,80.575,12
2025-06-20,2025,6,20,10.4,24.545,18.057,19.768520833333334,99.997,84.204,97.533375,0.5,0,0.0625,4.03,0,1.6356249999999999,21.729,18.08,19.369833333333332,948.7,1.2,158.90833333333333,12.5
2025-06-21,2025,6,21,7.800000000000001,23.789,18.558,19.846958333333333,99.997,87.047,97.27210416666667,1.01,0,0.08354166666666667,4.03,0,1.6354166666666665,21.531,18.582,19.413270833333332,748.7,1.2,138.96041666666667,12.5
2025-06-22,2025,6,22,39.2,22.598,17.979,19.637520833333333,99.997,88.47,97.77327083333333,1.01,0,0.13604166666666667,5.03,0,1.9291666666666667,21.141,18.002,19.287916666666668,826.2,1.2,133.28333333333333,12
2025-06-23,2025,6,23,9.6,22.242,16.601,19.345458333333333,99.997,90.477,97.204875,1.01,0,0.11479166666666667,5.03,0,2.3691666666666666,20.974,16.622,18.9039375,686.2,1.2,125.62708333333333,12.5
2025-06-24,2025,6,24,22.400000000000002,21.987,18.636,19.609604166666667,99.997,92.181,98.49416666666667,1.01,0,0.2710416666666667,8.05,1.51,3.8064583333333335,20.813,18.64,19.383791666666667,638.7,1.2,110.10625,12.5
2025-06-25,2025,6,25,93.4,21.416,18.175,19.0415,99.997,96.654,99.81810416666667,0.5,0,0.08333333333333333,5.03,1.01,2.9252083333333334,20.89,18.199,19.03697916666667,436.2,1.2,61.40833333333333,12
2025-06-26,2025,6,26,61,22.561,18.183,19.348333333333333,99.997,94.197,99.43754166666666,0.5,0,0.03125,4.53,1.01,2.61125,21.609,18.207,19.2806875,656.2,1.2,98.75208333333333,12
2025-06-27,2025,6,27,21.2,22.569,17.097,19.204708333333333,99.997,91.603,98.55275,0.5,0,0.08333333333333333,5.03,0,2.1704166666666667,21.16,17.119,18.987041666666666,733.7,1.2,117.29375,13
2025-06-28,2025,6,28,21.4,23.301,18.293,19.438770833333333,99.997,85.817,98.3886875,0.5,0,0.041666666666666664,5.54,0.5,2.3177083333333335,20.841,18.317,19.191541666666666,791.2,1.2,119.27291666666666,12.5
2025-06-29,2025,6,29,12.6,25.775,16.858,20.276020833333334,99.997,75.274,91.40160416666667,1.01,0,0.16708333333333333,4.53,0,2.265625,21.093,16.88,18.745104166666668,1003.7,1.2,240.21041666666667,13
2025-06-30,2025,6,30,3.4,24.837,17.722,19.830270833333334,99.997,77.644,93.742875,0.5,0,0.07291666666666667,4.53,0,1.804375,21.189,17.32,18.769291666666668,1036.2,1.2,179.48125000000002,12.5
2025-07-01,2025,7,1,6.6,23.137,17.966,19.671625,99.997,85.56,95.84529166666667,0.5,0,0.08333333333333333,4.53,0.5,2.1083333333333334,21.417,17.59,18.990125,926.2,1.2,145.93958333333333,12.5
2025-07-02,2025,7,2,19.4,21.901,17.995,18.9374375,99.997,91.667,99.21802083333333,0.5,0,0.11458333333333333,5.03,1.01,2.3497916666666665,20.51,18.018,18.8335,428.7,1.2,76.46041666666666,12.5
2025-07-03,2025,7,3,7.2,21.084,17.799,19.09252083333333,99.997,87.291,96.51952083333333,0.5,0,0.041666666666666664,4.53,0,1.7297916666666666,20.091,17.461,18.539520833333334,388.7,1.2,88.64791666666666,13
2025-07-04,2025,7,4,9,21.815,17.035,18.9666875,99.986,88.298,97.07883333333334,1.01,0,0.19895833333333335,7.05,0.5,2.201875,20.048,16.978,18.505791666666667,571.2,1.2,105.47083333333333,12
2025-07-05,2025,7,5,13.2,22.807,17.086,19.125854166666667,99.997,88.548,97.90145833333334,1.01,0,0.20875,7.05,1.01,2.8312500000000003,20.843,17.108,18.7985,721.2,1.2,117.1375,12.5
2025-07-06,2025,7,6,6.199999999999999,22.295,17.853,19.296479166666668,99.997,88.431,97.1465,1.51,0,0.3877083333333333,5.54,1.51,2.966875,20.371,17.876,18.844458333333332,596.2,1.2,124.325,12.5
2025-07-07,2025,7,7,23.6,21.864,17.199,19.004437499999998,99.997,90.799,99.01804166666666,1.01,0,0.16791666666666666,4.53,0.5,2.7058333333333335,20.679,17.221,18.864958333333334,526.2,1.2,87.24166666666666,12
2025-07-08,2025,7,8,6.4,23.419,18.336,19.983770833333335,99.997,83.703,96.22527083333334,0.5,0,0.0625,4.53,0.5,2.1914583333333333,20.871,18.36,19.3618125,778.7,1.2,158.80416666666667,12.5
2025-07-09,2025,7,9,6,24.545,18.1,20.001708333333333,99.997,81.595,96.0965,0.5,0,0.07291666666666667,4.03,0,1.9820833333333332,21.214,18.123,19.350958333333335,866.2,1.2,155.05416666666667,12.5
2025-07-10,2025,7,10,9,24.022,18.073,19.5339375,99.997,84.523,98.05975,0,0,0,3.02,0,1.2270833333333333,21.279,17.914,19.233125,683.7,1.2,101.92916666666666,12.5
2025-07-11,2025,7,11,16.2,21.834,18.145,19.465020833333334,99.997,92.56,98.2549375,1.01,0,0.104375,3.52,0,1.5408333333333333,20.799,18.169,19.20135416666667,771.2,1.2,115.62708333333333,12.5
2025-07-12,2025,7,12,6.4,25.711,18.247,20.286229166666665,99.997,75.897,94.40095833333334,0.5,0,0.07291666666666667,4.03,0,1.7829166666666667,21.591,18.271,19.314395833333332,1401.2,1.2,203.33541666666667,12.5
2025-07-13,2025,7,13,3.6,22.443,17.311,19.532729166666666,99.997,88.212,96.8794375,0.5,0,0.125,4.03,0,1.6879166666666665,20.723,17.248,19.033166666666666,531.2,1.2,107.91875,12
2025-07-14,2025,7,14,12.4,22.378,17.36,18.957625,99.997,87.501,98.3036875,1.01,0,0.19875,4.53,0.5,2.3285416666666667,20.227,17.382,18.6945,551.2,1.2,104.37708333333333,12
2025-07-15,2025,7,15,8.4,21.531,17.566,18.7236875,99.997,89.464,98.75725,0.5,0,0.010416666666666666,3.52,0,1.8035416666666666,20.134,17.589,18.542604166666667,453.7,1.2,81.92916666666666,12
2025-07-16,2025,7,16,49.4,20.941,17.025,18.872875,99.997,94.397,99.51816666666667,0.5,0,0.010416666666666666,4.03,0,1.47875,20.394,17.047,18.818645833333335,291.2,1.2,67.08541666666666,12
2025-07-17,2025,7,17,21.6,21.462,17.392,18.5486875,99.997,89.752,98.97375,1.01,0,0.03145833333333333,4.53,0,1.5822916666666667,19.842,17.414,18.402375,513.7,1.2,74.48125,12.5
2025-07-18,2025,7,18,13.4,20.612,18.075,18.8060625,99.997,96.095,99.33302083333334,0.5,0,0.03125,4.53,0,1.6677083333333333,19.994,18.098,18.72233333333333,456.2,1.2,80.52291666666666,12
2025-07-19,2025,7,19,41.2,20.577,17.37,18.385708333333334,99.997,96.42,99.76202083333334,0.5,0,0.041666666666666664,4.03,0,2.1083333333333334,20.014,17.392,18.371291666666668,398.7,1.2,65.73125,12
2025-07-20,2025,7,20,14.6,19.561,17.234,18.1499375,99.997,97.441,99.7765625,0,0,0,4.53,0.5,1.6879166666666665,19.207,17.256,18.137666666666668,303.7,1.2,58.074999999999996,12
2025-07-21,2025,7,21,8.6,20.655,17.504,18.4684375,99.997,95.427,99.2671875,1.51,0,0.29291666666666666,4.53,0,2.108125,20.019,17.527,18.372791666666668,401.2,1.2,73.33541666666666,12
2025-07-22,2025,7,22,15.4,20.598,18.177,18.930125,99.997,97.934,99.79552083333333,1.01,0,0.21916666666666668,4.53,0.5,2.6425,20.287,18.201,18.9221875,401.2,1.2,74.16875,12
2025-07-23,2025,7,23,29,20.129,16.984,18.4749375,99.997,99.709,99.98835416666667,1.51,0,0.37604166666666666,5.03,1.51,3.240416666666667,20.109,17.006,18.497645833333333,381.2,1.2,72.71041666666666,12
2025-07-24,2025,7,24,51.6,18.99,17.282,17.964083333333335,99.997,99.997,99.997,1.01,0,0.166875,6.54,1.01,3.4491666666666667,19.015,17.304,17.987270833333334,203.7,1.2,42.24166666666667,12
2025-07-25,2025,7,25,34.8,19.108,16.882,18.075791666666667,99.997,98.442,99.79847916666667,1.01,0,0.30291666666666667,6.54,1.51,3.9114583333333335,18.966,16.897,18.067375000000002,373.7,1.2,62.449999999999996,12
2025-07-26,2025,7,26,79.8,18.829,15.85,17.485833333333332,99.997,99.976,99.9965625,1.01,0,0.21958333333333332,7.05,1.01,3.6602083333333333,18.854,15.87,17.5083125,251.2,1.2,49.949999999999996,12
2025-07-27,2025,7,27,19.400000000000002,20.017,17.62,18.468854166666667,99.997,93.158,98.88575,1.01,0,0.03145833333333333,6.54,0,1.9710416666666666,19.333,17.643,18.3115,381.2,1.2,83.49166666666666,12
2025-07-28,2025,7,28,3.6,22.236,17.226,18.943395833333334,99.834,85.756,94.29116666666667,0,0,0,5.03,0.5,1.7825,19.761,16.938,18.012520833333333,943.7,1.2,125.575,12.5
2025-07-29,2025,7,29,2.4,23.14,17.386,19.132520833333334,99.629,82.756,92.43525,0.5,0,0.041666666666666664,6.04,0.5,2.3802083333333335,20.072,16.288,17.884458333333335,846.2,1.2,139.11666666666667,12.5
2025-07-30,2025,7,30,10.4,21.504,18.019,19.090812500000002,99.997,92.522,97.87389583333334,0,0,0,4.03,0,1.64625,20.312,18.019,18.764354166666667,563.7,1.2,92.45,12
2025-07-31,2025,7,31,9.8,22.199,17.909,19.610520833333332,99.997,90.404,97.87870833333334,0,0,0,3.02,0,1.3629166666666666,20.948,17.932,19.281833333333335,661.2,1.2,128.75208333333333,12
2025-08-01,2025,8,1,2.2,24.719,18.183,20.095270833333334,99.997,82.387,96.63745833333333,0,0,0,3.52,0,1.0583333333333333,21.542,18.207,19.53858333333333,761.2,1.2,160.47083333333333,12.5
2025-08-02,2025,8,2,62.199999999999996,21.504,16.998,18.840374999999998,99.997,95.691,99.37989583333334,0.5,0,0.010416666666666666,4.03,0,1.11125,21.205,16.743,18.7653125,396.2,1.2,68.85625,12.5
2025-08-03,2025,8,3,13.4,24.317,17.057,19.70375,99.997,79.773,93.82104166666666,0.5,0,0.010416666666666666,3.02,0,1.3627083333333332,20.71,16.574,18.662333333333333,941.2,1.2,171.09583333333333,12.5
2025-08-04,2025,8,4,20.4,26.928,17.244,20.513166666666667,99.997,71.882,93.10320833333334,0.5,0,0.03125,3.02,0,1.174375,21.837,17.266,19.277770833333335,1501.2,1.2,291.2,12
2025-08-05,2025,8,5,12.4,25.049,17.813,19.275666666666666,99.997,80.069,97.79591666666667,0.5,0,0.08333333333333333,3.52,0,1.4052083333333332,21.397,17.836,18.913666666666668,988.7,1.2,137.13750000000002,12
2025-08-06,2025,8,6,1.4000000000000001,26.017,17.234,20.607208333333332,99.997,70.056,90.7619375,1.01,0,0.11479166666666667,5.54,0,1.8139583333333333,20.35,17.256,18.9244375,1451.2,1.2,344.79375,13
2025-08-07,2025,8,7,3.4000000000000004,24.614,18.108,20.050833333333333,99.997,77.041,94.16464583333334,0.5,0,0.041666666666666664,3.52,0,1.489375,21.046,18.027,19.049625,871.2,1.2,190.83541666666667,12.5
2025-08-08,2025,8,8,0.6000000000000001,23.11,18.177,20.0369375,99.997,87.436,96.3064375,0.5,0,0.020833333333333332,3.52,0,1.1010416666666667,20.935,18.201,19.432270833333334,518.7,1.2,143.43958333333333,12.5
2025-08-09,2025,8,9,6.4,24.907,18.325,20.240604166666667,99.997,81.381,96.08,0.5,0,0.041666666666666664,3.52,0,0.985,21.545,18.349,19.583229166666666,901.2,1.2,158.85625000000002,12
2025-08-10,2025,8,10,15.6,25.55,18.153,20.3904375,99.997,76.252,94.1105,0,0,0,2.52,0,1.090625,21.179,18.177,19.354979166666666,1163.7,1.2,202.76250000000002,12.5
2025-08-11,2025,8,11,14.6,22.706,17.85,19.2106875,99.997,84.846,97.40758333333333,0.5,0,0.052083333333333336,3.52,0.5,1.6781249999999999,20.474,17.873,18.7885625,651.2,1.2,136.72083333333333,11.5
2025-08-12,2025,8,12,10.8,20.566,17.381,18.431895833333332,99.997,94.832,99.3384375,0.5,0,0.010416666666666666,4.53,0,1.5735416666666666,19.979,17.403,18.348,476.2,1.2,84.06458333333333,12.5
2025-08-13,2025,8,13,22.2,20.046,17.515,18.373958333333334,99.997,97.762,99.7784375,0,0,0,4.03,1.01,1.85625,19.707,17.538,18.362479166666667,378.7,1.2,71.14791666666666,12
2025-08-14,2025,8,14,28,21.424,17.561,18.321833333333334,99.997,93.701,99.7241875,0.5,0,0.020833333333333332,4.53,0,1.8343749999999999,20.393,17.584,18.300541666666668,483.7,1.2,71.14791666666666,12
2025-08-15,2025,8,15,67.2,19.156,17.537,18.20488888888889,99.997,99.408,99.97783333333334,0.5,0,0.024305555555555556,6.04,0.5,2.2468055555555555,19.087,17.56,18.225416666666668,321.2,1.2,53.89097222222222,12.5
2025-08-16,2025,8,16,33,19.679,17.228,18.252479166666667,99.997,99.35,99.964625,0.5,0,0.020833333333333332,6.04,0.5,2.2016666666666667,19.6,17.25,18.270979166666667,341.2,1.2,60.93958333333333,12
2025-08-17,2025,8,17,59.4,19.858,17.81,18.365791666666667,99.997,98.903,99.95816666666667,0.5,0,0.010416666666666666,5.03,0,2.3585416666666665,19.766,17.833,18.383499999999998,366.2,1.2,43.75208333333333,12
2025-08-18,2025,8,18,17.6,19.462,17.534,18.255625,99.997,98.726,99.86310416666666,0.5,0,0.052083333333333336,6.54,1.01,3.1664583333333334,19.421,17.557,18.257791666666666,301.2,1.2,66.87708333333333,12
2025-08-19,2025,8,19,0,24.137,16.63,19.456520833333332,99.997,77.241,92.60314583333333,1.01,0,0.27145833333333336,5.54,0.5,2.6845833333333333,20.237,16.333,18.1861875,1093.7,1.2,230.83541666666667,12.5
2025-08-20,2025,8,20,1,25.346,16.799,19.345083333333335,99.835,73.816,91.88054166666666,0.5,0,0.07291666666666667,4.53,0,1.9608333333333332,20.361,15.837,17.942145833333335,1288.7,1.2,193.07500000000002,12.5
2025-08-21,2025,8,21,0,27.681,15.821,20.953708333333335,99.976,66.397,88.44702083333333,0.5,0,0.08333333333333333,3.52,0,1.3633333333333333,21.176,15.055,18.829333333333334,1606.2,1.2,331.98125,12.5
2025-08-22,2025,8,22,0,23.421,17.912,20.263520833333335,99.997,83.284,94.06420833333334,0,0,0,2.01,0,0.8595833333333334,20.451,17.208,19.257729166666667,581.2,1.2,135.575,12
2025-08-23,2025,8,23,0,25.435,16.526,20.127979166666666,99.997,74.06,91.07972916666667,0.5,0,0.125,3.52,0,1.2897916666666667,20.784,16.343,18.54875,1003.7,1.2,236.51250000000002,12
2025-08-24,2025,8,24,0.2,26.4,17.051,20.9354375,99.893,66.593,87.38225,0.5,0,0.09375,3.52,0,1.37375,20.306,16.828,18.5616875,1376.2,1.2,337.91875,12.5
2025-08-25,2025,8,25,0,29.515,15.81,21.388333333333332,99.997,49.899,79.08808333333333,0.5,0,0.03125,3.52,0,1.0483333333333333,18.753,15.18,17.077416666666668,1551.2,1.2,391.98125000000005,12.5
2025-08-26,2025,8,26,0,25.317,16.893,20.133333333333333,99.997,66.917,89.23072916666666,0.5,0,0.15625,3.52,0,1.6356249999999999,19.601,16.883,18.136291666666665,1031.2,1.2,260.6791666666667,12.5
2025-08-27,2025,8,27,30,19.995,17.542,18.459062499999998,99.997,97.545,99.50170833333334,0.5,0,0.052083333333333336,4.53,0.5,2.1708333333333334,19.71,17.565,18.403020833333333,361.2,1.2,74.27291666666666,11.5
2025-08-28,2025,8,28,37.6,20.105,17.789,18.438458333333333,99.997,98.503,99.9161875,2.01,0,0.31395833333333334,6.54,1.51,2.967083333333333,20.1,17.812,18.4495,346.2,1.2,72.50208333333333,12
2025-08-29,2025,8,29,21.400000000000002,22.376,16.963,18.886583333333334,99.997,87.938,98.63372916666667,1.01,0,0.07333333333333333,5.03,1.01,2.37,20.496,16.985,18.6810625,718.7,1.2,83.075,12
2025-08-30,2025,8,30,22.2,22.925,18.478,19.395645833333333,99.997,89.134,99.25952083333334,1.01,0,0.05229166666666667,4.53,0.5,1.9716666666666667,21.33,18.502,19.296875,678.7,1.2,95.47083333333333,12
2025-08-31,2025,8,31,9,24.226,18.193,19.985104166666666,99.997,82.612,95.95347916666667,0.5,0,0.052083333333333336,4.03,0.5,2.055625,21.105,18.217,19.298291666666668,1008.7,1.2,171.35625000000002,11.5
2025-09-01,2025,9,1,3,25.5166525974026,17.5157012987013,20.12223253066378,83.81034199134199,68.55737337662337,78.64119007034631,0.368639455782313,0,0.03888516865079363,3.6817942176870746,0.1084098639455782,1.3015898703231292,18.369060657596375,9.128808106575963,11.726202493150039,1051.7227272727273,1.2,192.99562364718616,12.072727272727272
2025-09-02,2025,9,2,1,25.703808441558444,17.53965476190476,20.184045515422078,99.997,72.828,91.49870833333334,1.01,0,0.104375,4.03,0.5,2.118125,129.026,118.926,126.0225625,1241.2,1.2,233.80416666666667,12
2025-09-03,2025,9,3,7.2,25.62636904761905,17.517782467532466,20.11573949765512,99.997,80.203,95.0643125,0.5,0,0.07291666666666667,3.52,0.5,1.8356249999999998,129.026,121.94,127.338375,693.7,1.2,122.55416666666667,12
2025-09-04,2025,9,4,11.4,25.401136363636365,17.439305194805193,19.98996370400433,99.997,91.087,98.09372916666666,0.5,0,0.052083333333333336,3.52,0,1.6145833333333333,129.026,125.994,128.38683333333333,493.7,1.2,101.61666666666666,12
2025-09-05,2025,9,5,24.2,25.250087012987017,17.332528571428572,19.884221915584416,99.997,89.433,98.76720833333333,0.5,0,0.020833333333333332,3.02,0.5,1.3837499999999998,129.026,125.405,128.61033333333333,428.7,1.2,91.46041666666666,12
2025-09-06,2025,9,6,6.3999999999999995,25.33001038961039,17.327731168831168,19.8919654491342,99.997,82.211,96.462125,0.5,0,0.03125,3.02,0,1.3002083333333332,129.026,122.72,127.80814583333334,738.7,1.2,143.12708333333333,12.5
2025-09-07,2025,9,7,0.8,25.12967532467533,17.370506493506493,19.840697916666667,99.997,79.928,93.93452083333334,0.5,0,0.0625,3.52,0,1.0583333333333333,129.026,121.831,126.91000000000001,936.2,1.2,183.33541666666667,12
2025-09-08,2025,9,8,0.4,25.092792207792208,17.415363636363633,19.844824945887446,99.997,69.531,90.61485416666666,0.5,0,0.041666666666666664,3.52,0,1.0904166666666666,129.026,117.496,125.62447916666667,1331.2,1.2,291.66875,12.5
2025-09-09,2025,9,9,0.2,25.028909090909092,17.39037662337662,19.860690070346322,99.997,74.646,92.80770833333334,0,0,0,2.52,0,0.5977083333333333,129.026,119.691,126.46235416666667,828.7,1.2,162.65833333333333,12.5
2025-09-10,2025,9,10,7.8,25.27384415584416,17.39907792207792,19.966294372294374,99.997,80.537,95.27929166666667,0,0,0,2.52,0,0.8279166666666666,129.026,122.071,127.4014375,588.7,1.2,112.86666666666667,12
2025-09-11,2025,9,11,0.6000000000000001,25.406000000000002,17.454454545454546,20.061637175324677,99.962,71.389,92.29383333333334,0.5,0,0.041666666666666664,3.52,0,1.1008333333333333,129.015,118.309,126.286125,1313.7,1.2,219.37708333333333,12.5
2025-09-12,2025,9,12,0,25.569571428571432,17.528454545454544,20.166218750000002,98.912,54.2,83.89585416666667,0.5,0,0.010416666666666666,3.52,0,1.153125,128.669,110.002,122.83275,1461.2,1.2,388.6479166666667,12.5
2025-09-13,2025,9,13,0,25.502636363636366,17.531545454545455,20.147999053030304,99.997,59.846,86.9160625,0.5,0,0.10416666666666667,5.54,0,1.4475,129.026,112.945,124.09710416666667,1281.2,1.2,301.40833333333336,12.5
2025-09-14,2025,9,14,0.2,25.629220779220784,17.47688311688312,20.160797483766235,99.997,75.573,91.45379166666666,0.5,0,0.020833333333333332,3.52,0,1.1635416666666667,129.026,120.076,126.0210625,663.7,1.2,160.36666666666667,12.5
2025-09-15,2025,9,15,2,25.731038961038962,17.411376623376622,20.161225108225107,99.997,77.72,92.44008333333333,0.5,0,0.020833333333333332,3.02,0,0.839375,129.026,120.951,126.37975,753.7,1.2,161.66875,12.5
2025-09-16,2025,9,16,5,25.691207792207795,17.414142857142856,20.11476501623377,99.997,75.308,94.24897916666667,0.5,0,0.010416666666666666,3.52,0,0.9852083333333332,129.026,119.966,126.99602083333333,993.7,1.2,169.95000000000002,12.5
2025-09-17,2025,9,17,8.4,25.787597402597406,17.329454545454546,20.10509023268398,99.997,79.153,95.10866666666666,0.5,0,0.041666666666666664,3.52,0,1.1222916666666667,129.026,121.525,127.32389583333334,928.7,1.2,163.59583333333333,11.5
2025-09-18,2025,9,18,1,25.95114285714286,17.184766233766233,20.130943587662337,99.997,83.574,95.93985416666666,0.5,0,0.020833333333333332,3.52,0,1.2160416666666667,129.026,123.242,127.630875,793.7,1.2,135.47083333333333,12
2025-09-19,2025,9,19,0,26.205324675324675,17.09072727272727,20.18590313852814,99.997,78.801,92.6921875,0.5,0,0.041666666666666664,3.02,0,0.8602083333333334,129.026,121.385,126.49389583333334,673.7,1.2,130.73125,12.5
2025-09-20,2025,9,20,0,26.50341558441559,17.08415584415584,20.281155844155844,99.481,69.558,90.13108333333334,0,0,0,2.52,0,0.9016666666666666,128.857,117.508,125.49395833333334,1053.7,1.2,194.06458333333333,12
2025-09-21,2025,9,21,0.8,26.65887012987013,17.091272727272727,20.341410173160174,99.997,75.949,89.81760416666667,0,0,0,3.02,0,0.9120833333333332,129.026,120.231,125.4614375,783.7,1.2,177.13750000000002,12
2025-09-22,2025,9,22,1.2,26.83353246753247,17.09435064935065,20.415582792207793,99.997,73.587,93.84258333333334,1.01,0,0.13604166666666667,4.53,0,1.7297916666666666,129.026,119.247,126.86864583333333,1136.2,1.2,197.81458333333333,12
2025-09-23,2025,9,23,9.8,27.117727272727276,17.120974025974025,20.504281791125543,99.997,91.627,98.4075,0.5,0,0.020833333333333332,3.52,0,1.5202083333333334,129.026,126.185,128.49625,498.7,1.2,87.18958333333333,11.5
2025-09-24,2025,9,24,5.2,27.160454545454545,17.217753246753244,20.560270833333334,99.997,91.739,98.134,0.5,0,0.010416666666666666,4.03,0,1.4258333333333333,129.026,126.224,128.40216666666666,621.2,1.2,85.52291666666666,11.5
2025-09-25,2025,9,25,11.6,27.053,17.395818181818182,20.555921807359308,99.997,82.8,96.51352083333333,0.5,0,0.010416666666666666,3.02,0,1.5522916666666666,129.026,122.946,127.83525,911.2,1.2,146.56458333333333,12
2025-09-26,2025,9,26,4,26.78066233766234,17.513649350649352,20.510354707792207,99.997,83.432,97.08858333333333,0.5,0,0.020833333333333332,3.52,0,1.5831250000000001,129.026,123.188,128.0326875,708.7,1.2,112.65833333333333,11.5
2025-09-27,2025,9,27,7.8,26.699155844155847,17.543116883116884,20.473160037878788,99.997,91.403,98.8648125,1.01,0,0.355,5.03,1.51,2.9779166666666668,129.026,126.106,128.646875,366.2,1.2,86.46041666666666,11.5
2025-09-28,2025,9,28,13,26.577751948051947,17.487358441558442,20.44699668560606,99.997,94.267,99.09064583333333,1.01,0,0.37666666666666665,8.05,0.5,3.1350000000000002,129.026,127.103,128.7248125,353.7,1.2,83.33541666666666,11.5
2025-09-29,2025,9,29,5.6000000000000005,26.679738961038964,17.45692987012987,20.48904457521645,99.997,84.977,96.67914583333334,1.51,0,0.32458333333333333,5.03,0,2.6950000000000003,129.026,123.771,127.89158333333334,783.7,1.2,138.64791666666667,12
2025-09-30,2025,9,30,0,26.801855844155845,17.452267532467534,20.556514542748918,99.997,81.149,93.53552083333334,0.5,0,0.08333333333333333,4.53,0,1.363125,129.026,122.309,126.79504166666666,543.7,1.2,130.52291666666667,12
2025-10-01,2025,10,1,1.2,26.80788181818182,17.399683116883118,20.575935267857144,99.997,65.534,89.55683333333333,1.01,0,0.13215277777777779,4.53,0,1.38375,129.026,115.686,125.24111111111111,1193.7,1.2,241.4951388888889,12.5
2025-10-02,2025,10,2,0.4,27.095816883116886,17.35756623376623,20.688346117424242,99.997,67.976,92.01160416666667,0.5,0,0.020833333333333332,2.52,0,0.8283333333333333,129.026,116.803,126.16752083333334,1231.2,1.2,198.85625000000002,12
2025-10-03,2025,10,3,10.200000000000001,27.329011688311688,17.35876103896104,20.761121009199137,99.77,64.511,89.28902083333332,0.5,0,0.03125,3.52,0,0.8172916666666666,128.952,115.208,125.04352083333333,1523.7,1.2,307.5541666666667,12
2025-10-04,2025,10,4,0.2,27.507336363636366,17.26274805194805,20.82824952651515,99.997,71.852,91.18575,0,0,0,3.52,0,0.7758333333333333,129.026,118.508,125.88583333333334,971.2,1.2,194.79375000000002,12
2025-10-05,2025,10,5,9.4,27.79058441558442,17.349662337662334,20.894574134199136,99.738,68.048,92.88660416666667,0.5,0,0.052083333333333336,4.53,0,1.0064583333333332,128.941,116.835,126.47729166666666,1171.2,1.2,179.16875000000002,11.5
2025-10-06,2025,10,6,0.2,27.72099025974026,17.417925324675323,20.82586609397547,99.997,65.028,86.771125,0.5,0,0.09375,4.03,0,1.1952083333333334,129.026,115.45,124.12166666666667,1441.2,1.2,348.0229166666667,12.5
2025-10-07,2025,10,7,0,27.49722510822511,17.386041125541123,20.724217329545457,99.997,70.155,88.76085416666666,0.5,0,0.010416666666666666,3.02,0,0.7235416666666666,129.026,117.771,124.97233333333334,873.7,1.2,213.59583333333333,12
2025-10-08,2025,10,8,13.2,27.537205627705628,17.40406277056277,20.67740516774892,80.07992748917749,49.048313852813855,64.52810168650794,0.23834183673469392,0,0.03591305272108842,3.1085204081632654,-1.9825411154020653e-17,0.8057817814625852,20.508101190476193,-3.650450396825397,3.316270626653439,1346.0809523809523,1.2,245.39296198593075,11.921536796536795
2025-10-09,2025,10,9,42.809999999999995,25.716,17.73,19.9990625,99.997,74.62,94.80997916666666,0.5,0,0.010416666666666666,5.03,0,0.8072916666666666,21.107,17.153,19.081625,908.7,1.2,141.40833333333333,12
2025-10-10,2025,10,10,9.6,26.596,17.156,20.476583333333334,99.997,72.662,93.637125,0.5,0,0.020833333333333332,3.52,0,0.7235416666666666,21.786,17.178,19.339708333333334,1131.2,1.2,184.22083333333333,12
2025-10-11,2025,10,11,2.4,26.936,17.872,20.33170833333333,99.997,73.909,94.06672916666666,0.5,0,0.010416666666666666,2.52,0,0.6708333333333333,22.259,17.762,19.296458333333334,1268.7,1.2,168.49166666666667,12
2025-10-12,2025,10,12,0,28.722,18.21,21.833520833333335,99.997,59.092,86.15464583333333,0.5,0,0.10416666666666667,5.03,0,2.0025,21.382,17.205,19.154375,1338.7,1.2,335.93958333333336,12
2025-10-13,2025,10,13,23.400000000000002,27.475,17.148,21.159854166666666,99.997,64.184,88.97885416666666,0.5,0,0.020833333333333332,4.03,0,1.05875,21.542,17.164,19.054479166666667,1091.2,1.2,250.78333333333333,12
2025-10-14,2025,10,14,0,24.352,18.416,21.141583333333333,99.997,81.906,92.29825,0,0,0,3.02,0,1.4891666666666665,21.088,18.215,19.808520833333333,673.7,1.2,161.77291666666667,11.7267316017316
2025-10-15,2025,10,15,0.4,23.982,17.936,20.489562499999998,99.997,79.094,92.15420833333333,0.5,0,0.03125,4.03,0,1.7408333333333332,20.278,17.959,19.150583333333334,843.7,1.2,132.81458333333333,12
2025-10-16,2025,10,16,0,23.218,19.242,20.72875,96.675,85.541,92.26770833333333,0.5,0,0.07291666666666667,4.53,1.51,2.6845833333333333,20.907,18.249,19.443166666666666,566.2,1.2,125.21041666666666,12
2025-10-17,2025,10,17,3.4000000000000004,25.722,19.33,21.280041666666666,99.905,78.389,92.30622916666667,0.5,0,0.125,4.03,0,2.3804166666666666,21.705,18.882,19.954166666666666,1201.2,1.2,217.86666666666667,12
2025-10-18,2025,10,18,21.6,25.775,18.609,20.888104166666665,99.997,75.879,94.76495833333334,0.5,0,0.052083333333333336,5.03,0,1.38375,21.482,18.595,19.984875,1043.7,1.2,150.41875000000002,11.5
2025-10-19,2025,10,19,38,25.872,18.159,20.776833333333332,99.997,74.659,95.15402083333333,0,0,0,3.02,0,0.8072916666666666,21.749,18.183,19.942875,961.2,1.2,152.45,12
2025-10-20,2025,10,20,1.6,25.633,18.432,20.550895833333332,99.997,76.675,94.4390625,0.5,0,0.020833333333333332,3.02,0,1.0491666666666666,21.584,18.456,19.58125,1026.2,1.2,175.78333333333333,12
2025-10-21,2025,10,21,5,20.829,17.802,19.279166666666665,99.997,92.918,97.25504166666667,0,0,0,3.52,0,1.2470833333333333,19.863,17.825,18.852229166666667,318.7,1.2,77.08541666666666,11.5
2025-10-22,2025,10,22,16.4,24.126,17.987,19.83085416666667,99.997,84.712,96.59785416666666,1.01,0,0.18791666666666668,6.54,0,1.8772916666666668,21.437,18.01,19.2653125,648.7,1.2,144.01250000000002,11.5
2025-10-23,2025,10,23,3.8000000000000003,23.869,18.03,19.428687500000002,99.997,85.183,96.15279166666667,1.51,0,0.6714583333333334,6.04,1.51,3.5966666666666667,21.375,17.525,18.804833333333335,991.2,1.2,127.81458333333333,11.5
2025-10-24,2025,10,24,3.8,23.124,17.113,19.479041666666667,99.997,85.037,96.4295625,2.01,0,0.5552083333333333,6.04,0.5,2.9989583333333334,20.762,17.135,18.898666666666667,526.2,1.2,105.67916666666666,12
2025-10-25,2025,10,25,1.4,26.033,17.655,20.599479166666665,99.997,72.337,93.03622916666667,1.01,0,0.20875,5.03,0,2.013125,21.034,17.678,19.3466875,1018.7,1.2,192.71041666666667,12
2025-10-26,2025,10,26,0,27.094,15.274,20.346354166666668,99.997,63.633,87.088375,1.01,0,0.20895833333333333,4.53,0,1.7929166666666667,20.041,15.061,17.90525,1236.2,1.2,225.52291666666667,12
2025-10-27,2025,10,27,21.2,19.411,17.735,18.449604166666667,99.997,88.296,96.73864583333334,1.01,0,0.166875,6.54,1.01,2.29625,18.926,16.239,17.933083333333332,211.2,1.2,40.00208333333333,11
2025-10-28,2025,10,28,2.2,20.971,17.893,18.8689375,99.997,88.965,98.109,1.51,0,0.335625,4.53,0.5,2.747291666666667,19.497,17.916,18.5769375,378.7,1.2,73.23125,11.5
2025-10-29,2025,10,29,13.2,21.716,17.773,18.964624999999998,99.997,93.709,98.84345833333333,2.01,0,0.21895833333333334,6.54,1.51,3.0933333333333333,20.935,17.796,18.798666666666666,438.7,1.2,86.72083333333333,11.5
2025-10-30,2025,10,30,0,26.478,16.051,19.846708333333332,99.997,66.622,89.24654166666667,1.01,0,0.19854166666666667,5.54,0,1.7406249999999999,20.259,15.454,17.894395833333334,1253.7,1.2,216.25208333333333,12
2025-10-31,2025,10,31,0,28.655,15.893,20.333770833333332,93.475,56.204,74.905,0.5,0,0.052083333333333336,4.03,0,1.100625,19.171,10.84,15.5345,1276.2,1.2,253.75208333333333,12
2025-11-01,2025,11,1,0,27.228,15.311,20.096166666666665,95.93,48.853,70.07016666666667,0.5,0,0.03125,3.52,0,1.0689583333333332,19.238,8.374,14.17825,1281.2,1.2,255.78333333333333,12
2025-11-02,2025,11,2,0,27.837,13.496,19.446458333333332,99.997,57.035,81.16129166666667,0.5,0,0.041666666666666664,3.02,0,0.9754166666666666,20.946,7.572,15.926354166666666,1308.7,1.2,260.8875,12
2025-11-03,2025,11,3,0,28.647,15.301,20.39325,99.997,68.286,89.1706875,0.5,0,0.041666666666666664,3.02,0,0.9116666666666666,22.32,15.32,18.355208333333334,1251.2,1.2,255.10625000000002,12
2025-11-04,2025,11,4,0,26.395059307359308,17.239711904761904,20.47679737554113,82.94532792207791,54.74502121212121,70.73314487734488,0.37649659863945584,0,0.04219671201814058,3.9220238095238096,0.07549319727891154,1.3477796378968256,13.87177851473923,-0.4470617346938775,5.165745346749811,1321.2443722943722,1.2,256.4970891955267,11.700595238095236
2025-11-05,2025,11,5,12.799999999999999,26.073,16.507,19.768291666666666,99.997,73.216,93.34720833333333,0.5,0,0.010416666666666666,3.52,0,0.7127083333333333,20.928,16.418,18.578291666666665,763.7,1.2,135.41875000000002,12
2025-11-06,2025,11,6,0,27.204,15.958,20.0528125,99.997,52.125,85.37820833333333,0,0,0,3.52,0,0.8177083333333333,18.464,15.348,17.129479166666666,1203.7,1.2,220.15833333333333,12
2025-11-07,2025,11,7,0,26.483,15.065,19.969666666666665,97.11,59.896,82.45875,0.5,0,0.010416666666666666,3.02,0,0.89125,19.63,12.481,16.688479166666667,1231.2,1.2,245.41875000000002,12
2025-11-08,2025,11,8,0.6,25.687,17.148,20.193604166666667,99.997,72.044,91.2653125,0,0,0,3.52,0,0.8070833333333333,20.295,16.925,18.652666666666665,1011.2,1.2,143.23125000000002,12
2025-11-09,2025,11,9,2.4,22.483,17.346,19.6403125,99.997,68.83,85.2266875,0.5,0,0.03125,4.03,0,1.6668749999999999,18.73,15.167,17.008229166666666,566.2,1.2,103.33541666666666,12
2025-11-10,2025,11,10,0,22.373,16.912,19.389458333333334,99.997,80.136,90.90472916666667,0,0,0,2.52,0,0.3985416666666666,19.592,15.137,17.85325,403.7,1.2,91.72083333333333,12
2025-11-11,2025,11,11,5.6000000000000005,25.373,16.443,19.995645833333334,99.538,69.023,91.60072916666667,0,0,0,3.02,0,0.7864583333333333,20.534,16.091,18.540666666666667,646.2,1.2,115.41875,11.5
2025-11-12,2025,11,12,0,25.196,18.22,20.683645833333333,99.997,74.479,91.54168750000001,0.5,0,0.041666666666666664,4.03,0,1.615,20.515,17.699,19.213916666666666,891.2,1.2,161.04375000000002,11.5
2025-11-13,2025,11,13,0,26.464,16.84,20.847520833333334,92.763,61.836,76.2965,1.01,0,0.14625,5.03,0,2.118125,19.016,13.146,16.400895833333333,1166.2,1.2,243.49166666666667,12
2025-11-14,2025,11,14,0,25.687,16.877,19.86375,97.949,72.657,89.204875,0.5,0,0.08333333333333333,4.03,0,1.898125,20.432,16.535,18.0018125,1108.7,1.2,152.08541666666667,12
2025-11-15,2025,11,15,0,25.7,17.354,20.290520833333332,96.568,69.644,85.50010416666667,0.5,0,0.14583333333333334,5.03,0,2.5270833333333336,20.022,15.3,17.712833333333332,1096.2,1.2,221.51250000000002,12
2025-11-16,2025,11,16,0,25.81,15.893,20.135791666666666,96.057,64.486,84.90816666666667,1.01,0,0.20916666666666667,6.04,0,2.2858333333333336,20.524,15.002,17.415166666666668,1106.2,1.2,233.23125000000002,12
2025-11-17,2025,11,17,0,21.695,17.992,19.331708333333335,96.144,85.002,92.1631875,0.5,0,0.0625,4.03,0,2.40125,19.247,16.814,18.0395,418.7,1.2,90.36666666666666,11.5
2025-11-18,2025,11,18,2.8,23.829,17.405,19.287208333333332,99.997,80.261,94.018875,0.5,0,0.22916666666666666,4.53,1.01,2.8627083333333334,20.468,17.421,18.285416666666666,1198.7,1.2,172.97083333333333,11
2025-11-19,2025,11,19,0,23.51,17.542,19.823604166666666,99.562,80.449,91.83135416666667,1.01,0,0.26125,5.03,0.5,2.8941666666666666,20.003,17.005,18.440104166666668,1116.2,1.2,193.28333333333333,11.5
2025-11-20,2025,11,20,0,26.58,16.987,20.522416666666665,97.987,69.651,87.34139583333334,0.5,0,0.16666666666666666,5.03,0,2.328125,20.729,16.56,18.289125,1151.2,1.2,213.64791666666667,12
2025-11-21,2025,11,21,0.8,24.588,18.193,20.769083333333334,93.692,74.557,86.46777083333333,1.01,0,0.293125,6.04,1.01,2.7800000000000002,20.418,16.078,18.416520833333333,1128.7,1.2,166.77291666666667,11.5
2025-11-22,2025,11,22,10,24.885,17.933,20.282416666666666,97.99,76.304,91.52808333333333,0.5,0,0.17708333333333334,5.03,1.01,2.8833333333333333,20.564,17.189,18.831812499999998,931.2,1.2,186.87708333333333,11.5
2025-11-23,2025,11,23,15.8,22.746,18.309,19.5704375,98.711,87.79,94.5731875,1.51,0,0.39666666666666667,8.56,2.01,4.267916666666667,20.643,17.728,18.688020833333333,1016.2,1.2,123.7,11
2025-11-24,2025,11,24,4.800000000000001,19.826,17.775,18.655625,97.957,91.182,95.33304166666667,1.51,0,0.250625,6.04,2.01,3.711666666666667,18.639,17.118,17.915229166666666,336.2,1.2,75.15833333333333,11
2025-11-25,2025,11,25,2.4000000000000004,24.118,17.668,19.433791666666668,97.81,75.659,87.47433333333333,1.01,0,0.26104166666666667,6.04,0.5,3.5547916666666666,19.574,15.36,17.266333333333332,1088.7,1.2,200.67916666666667,11.5
2025-11-26,2025,11,26,0,24.247,17.033,19.458166666666667,96.614,75.427,86.50954166666666,1.01,0,0.2825,6.04,1.01,2.8941666666666666,19.705,15.691,17.111020833333335,1156.2,1.2,230.10625000000002,11.5
2025-11-27,2025,11,27,0,21.821,15.266,18.04660416666667,95.486,75.88,86.57635416666666,1.01,0,0.34479166666666666,5.03,2.01,3.5339583333333335,17.399,14.475,15.757895833333333,861.2,1.2,169.63750000000002,11.5
2025-11-28,2025,11,28,0,19.518,15.523,17.314104166666667,94.672,65.164,84.84822916666667,0.5,0,0.08333333333333333,7.05,1.51,3.166875,16.459,11.425,14.692104166666667,388.7,1.2,87.08541666666666,11
2025-11-29,2025,11,29,3.4000000000000004,19.035,16.555,17.4591875,99.384,80.446,89.54729166666667,0.5,0,0.14583333333333334,5.03,1.51,2.779166666666667,16.943,14.252,15.7103125,366.2,1.2,65.73125,11
2025-11-30,2025,11,30,2,24.475,16.582,19.8921875,99.138,73.001,89.65108333333333,0.5,0,0.020833333333333332,5.54,0,1.7306249999999999,19.763,16.134,18.07425,953.7,1.2,186.72083333333333,11.5
2025-12-01,2025,12,1,0.2,26.96,18.067,20.855083333333333,99.442,65.899,89.728875,0.5,0,0.020833333333333332,3.02,0,0.9964583333333333,20.707,17.889,18.9995625,1216.2,1.2,196.56458333333333,11.5
2025-12-02,2025,12,2,0.2,26.775,17.663,21.162895833333334,99.649,68.205,87.47270833333333,0.5,0,0.09375,4.03,0,1.5522916666666666,20.684,17.455,18.84725,1161.2,1.2,227.76250000000002,12
2025-12-03,2025,12,3,28.4,21.341,18.084,19.246270833333334,99.997,92.447,98.41883333333334,0,0,0,2.52,0,0.555625,20.216,18.011,19.011875,236.2,1.2,62.03333333333333,11
2025-12-04,2025,12,4,1.2,25.084,18.317,20.0688125,99.583,79.022,92.94297916666666,0.5,0,0.13541666666666666,8.05,0.5,2.5795833333333333,21.216,17.691,18.8860625,1008.7,1.2,173.90833333333333,11
2025-12-05,2025,12,5,2.4,24.96,17.974,19.996395833333334,99.318,77.288,91.243375,1.01,0,0.18770833333333334,5.03,1.01,3.4502083333333333,20.734,16.688,18.4909375,1058.7,1.2,191.20000000000002,11.5
2025-12-06,2025,12,6,0.8,22.765,17.459,18.868895833333333,97.163,79.474,91.36664583333334,1.01,0,0.26083333333333336,6.04,2.01,3.46,19.053,16.078,17.426395833333334,811.2,1.2,155.93958333333333,11
2025-12-07,2025,12,7,0,25.303,17.802,19.980270833333332,97.711,72.425,89.52852083333333,1.01,0,0.2710416666666667,5.54,1.51,3.271875,20.055,16.4,18.16375,1091.2,1.2,196.04375000000002,11.5
2025-12-08,2025,12,8,0,25.215,16.008,19.710708333333333,96.561,47.892,77.71802083333333,1.01,0,0.24041666666666667,7.55,0,2.495625,19.384,6.948,15.491416666666666,1058.7,1.2,216.92916666666667,11.5
2025-12-09,2025,12,9,0,25.118,16.815,19.9646875,93.358,60.694,78.47327083333333,1.01,0,0.32354166666666667,6.54,1.51,3.3239583333333336,19.38,11.579,15.990645833333334,1028.7,1.2,216.72083333333333,11.5
2025-12-10,2025,12,10,0,25.009,16.365,19.7604375,86.943,61.065,72.9909375,1.01,0,0.33479166666666665,7.05,1.51,3.3564583333333333,17.326,12.152,14.717541666666667,1123.7,1.2,218.80416666666667,11.5
2025-12-11,2025,12,11,0,22.821,15.271,18.442958333333333,92.23,64.022,79.18525,1.51,0,0.5864583333333333,6.54,2.52,4.120833333333334,17.596,12.999,14.675416666666667,1083.7,1.2,226.46041666666667,11.5
2025-12-12,2025,12,12,0,24.121,15.952,18.904291666666666,94.878,70.924,84.82183333333333,1.01,0,0.19833333333333333,4.53,1.51,2.662916666666667,18.964,14.637,16.243375,1011.2,1.2,204.84583333333333,11.5
2025-12-13,2025,12,13,0,25.673,15.606,19.477458333333335,91.493,63.728,82.6023125,0.5,0,0.1875,4.03,0.5,2.3591666666666664,19.087,14.207,16.35429166666667,1096.2,1.2,204.53333333333333,11.5
2025-12-14,2025,12,14,0,25,16.011,19.198875,89.642,41.595,68.77416666666666,1.01,0,0.37604166666666666,5.03,1.51,2.9991666666666665,15.15,6.442,12.931833333333334,1096.2,1.2,217.39791666666667,11.5
2025-12-15,2025,12,15,0,24.799,14.831,18.349354166666668,82.435,39.704,68.12627083333334,1.51,0,0.555,5.03,1.01,3.4185416666666666,16.16,5.122,12.120416666666667,1116.2,1.2,226.04375000000002,11.5
2025-12-16,2025,12,16,3.8000000000000003,24.357,15.389,18.972020833333332,98.68,73.898,87.19627083333333,1.51,0,0.513125,6.54,2.01,3.8693750000000002,19.465,11.658,16.750916666666665,1118.7,1.2,220.93958333333333,11.5
2025-12-17,2025,12,17,7.4,24.051,17.644,19.56758333333333,99.556,70.228,87.440375,1.51,0,0.5441666666666667,8.05,1.01,4.121458333333333,18.424,14.669,17.3343125,926.2,1.2,147.65833333333333,11.5
2025-12-18,2025,12,18,0,24.408,14.472,17.6571875,87.483,39.353,67.5526875,1.51,0,0.660625,7.05,2.01,4.205,15.023,4.14,11.10825,978.7,1.2,162.34583333333333,11.5
2025-12-19,2025,12,19,0,23.719,14.877,17.989208333333334,89.033,44.492,65.8329375,2.01,0,0.5454166666666667,7.05,0.5,3.575416666666667,16.868,4.289,11.283854166666666,1146.2,1.2,223.02291666666667,11.5
2025-12-20,2025,12,20,0,23.773,11.697,17.128041666666668,90.91,49.615,75.78525,0.5,0,0.041666666666666664,3.52,0,1.7410416666666666,16.898,8.056,12.701208333333334,1091.2,1.2,221.77291666666667,11.5
2025-12-21,2025,12,21,0,25.689,12.995,18.48675,87.504,44.407,69.72902083333334,1.01,0,0.20875,6.04,0.5,2.5372916666666665,16.125,6.691,12.538041666666667,1096.2,1.2,218.38750000000002,11.5
2025-12-22,2025,12,22,0,25.132,14.579,18.089291666666668,90.486,62.808,77.32914583333333,1.51,0,0.3875,7.05,1.01,3.46,17.878,9.784,13.9806875,1086.2,1.2,224.32500000000002,11.5
2025-12-23,2025,12,23,0,26.58,13.853,18.725416666666668,86.079,49.194,69.03860416666666,1.51,0,0.2825,6.54,0.5,2.5795833333333333,15.774,8.467,12.672125,1101.2,1.2,210.93958333333333,11.5
2025-12-24,2025,12,24,0,27.598,13.4,18.84122916666667,91.16,47.86,75.772875,0.5,0,0.010416666666666666,2.52,0,1.5614583333333332,16.818,11.388,14.137166666666667,1126.2,1.2,210.36666666666667,11.5
2025-12-25,2025,12,25,0,26.692,13.649,18.758770833333333,94.903,45.93,76.29495833333333,0.5,0,0.020833333333333332,3.52,0,1.4885416666666667,15.958,12.659,14.044479166666667,1103.7,1.2,213.59583333333333,11.5
2025-12-26,2025,12,26,0,24.933,14.025,18.413083333333333,91.35,61.491,76.89510416666667,0.5,0,0.21875,4.03,0,2.2135416666666665,17.351,10.152,14.200583333333334,1101.2,1.2,230.99166666666667,11.5
2025-12-27,2025,12,27,0,23.427,15.486,18.457,94.214,68.148,83.2305,1.01,0,0.354375,5.03,0.5,2.8525,17.502,14.112,15.4995625,1061.2,1.2,206.51250000000002,11.5
2025-12-28,2025,12,28,0,25.534,15.049,19.166625,90.991,60.723,78.81608333333334,0.5,0,0.09375,3.52,0.5,2.0972916666666666,17.606,13.201,15.274958333333334,963.7,1.2,201.82500000000002,11.5
2025-12-29,2025,12,29,0,26.076,15.668,19.219541666666665,94.302,53.832,83.9624375,1.01,0,0.09395833333333334,5.54,0,2.044791666666667,18.67,14.61,16.276791666666668,1033.7,1.2,223.07500000000002,11.5
2025-12-30,2025,12,30,0,24.555,15.408,19.4568125,96.762,63.693,83.74727083333333,0,0,0,2.52,0,0.8808333333333334,18.045,14.546,16.496333333333332,643.7,1.2,134.6375,11.5
2025-12-31,2025,12,31,0,25.041,16.153,19.468687499999998,97.644,68.864,87.80845833333333,0,0,0,2.52,0,0.84875,19.021,14.694,17.314625,668.7,1.2,116.25208333333333,11.5
2026-01-01,2026,1,1,1.6,24.529,17.016,19.473819444444445,99.548,72.714,91.68538194444444,0.5,0,0.0625,4.53,0,1.153125,19.331,16.015,18.036409722222224,873.7,1.2,107.95347222222223,12
2026-01-02,2026,1,2,0.8,23.081,16.917,18.843333333333334,99.823,72.149,90.26104166666667,0,0,0,1.51,0,0.3985416666666667,18.203,16.003,17.140458333333335,461.2,1.2,92.18958333333333,11.5
2026-01-03,2026,1,3,0,24.679,15.344,19.058041666666668,97.42,52.044,80.01222916666667,1.01,0,0.166875,5.54,0,2.40125,16.492,12.925,15.234729166666666,1046.2,1.2,225.00208333333333,12
2026-01-04,2026,1,4,0,23.899,15.411,18.620645833333334,90.657,51.133,72.66102083333334,1.51,0,0.4191666666666667,7.05,1.51,3.564583333333333,15.049,12.03,13.408,1033.7,1.2,229.11666666666667,12
2026-01-05,2026,1,5,0,22.998,14.577,17.991520833333333,87.59,64.392,77.09914583333334,1.51,0,0.5339583333333333,6.54,1.51,4.005208333333334,16.384,11.28,13.883708333333333,1053.7,1.2,225.78333333333333,12
2026-01-06,2026,1,6,0,20.384,15.344,17.181562500000002,91.237,79.052,85.0684375,1.51,0,0.45,6.04,2.01,3.8802083333333335,16.652,13.418,14.656895833333333,533.7,1.2,121.61666666666667,12
2026-01-07,2026,1,7,0,22.48,15.845,18.38225,84.138,68.603,76.54225,1.51,0,0.5335416666666667,7.55,2.52,4.414583333333334,16.601,12.377,14.1586875,1078.7,1.2,236.09583333333333,12
2026-01-08,2026,1,8,0,22.287,13.577,17.342729166666665,80.737,54.777,70.85779166666667,2.01,0,0.8704166666666666,8.56,2.01,4.9175,14.318,9.217,11.92325,1153.7,1.2,239.42916666666667,12
2026-01-09,2026,1,9,0,23.767,14.515,17.779,82.464,58.825,72.41585416666666,1.01,0,0.70375,6.04,1.01,4.037083333333333,15.864,9.017,12.6595625,1123.7,1.2,236.30416666666667,12
2026-01-10,2026,1,10,0,24.786,15.628,18.809354166666665,99.017,67.12,83.16747916666667,1.01,0,0.5329166666666667,6.04,2.52,4.183958333333334,18.316,13.271,15.809791666666667,1133.7,1.2,238.28333333333333,12
2026-01-11,2026,1,11,0.2,23.866,15.797,17.945625,99.997,74.298,94.10060416666667,1.01,0,0.135625,5.03,1.01,2.5168749999999998,19.039,15.817,16.935354166666666,988.7,1.2,152.81458333333333,12
2026-01-12,2026,1,12,0,24.194,16.075,19.283083333333334,99.997,71.696,89.32952083333333,1.01,0,0.22958333333333333,5.03,2.01,3.1566666666666667,19.084,15.548,17.382708333333333,1136.2,1.2,216.30416666666667,12
2026-01-13,2026,1,13,2.8000000000000003,20.606,16.325,17.707520833333334,99.997,89.242,97.7226875,0.5,0,0.052083333333333336,5.03,0,2.3070833333333334,18.797,16.346,17.356916666666667,601.2,1.2,86.2,11
2026-01-14,2026,1,14,0,26.464,15.577,19.630854166666666,96.913,66.578,85.42995833333333,0.5,0,0.010416666666666666,3.02,0,1.248125,19.761,14.361,17.037166666666668,1196.2,1.2,197.29375000000002,12
2026-01-15,2026,1,15,0,25.995,16.21,19.979916666666668,93.034,54.646,75.48083333333334,1.01,0,0.14666666666666667,4.53,0,1.59375,19.06,12.202,15.312520833333334,1121.2,1.2,233.96041666666667,12
2026-01-16,2026,1,16,0,25.992,15.376,19.703958333333333,87.478,45.835,64.9625,1.01,0,0.20895833333333333,6.54,0,2.5789583333333335,16.009,10.202,12.6905625,1106.2,1.2,233.85625000000002,12
2026-01-17,2026,1,17,0,23.151,14.848,18.390645833333334,81.48,54.276,69.06797916666666,1.51,0,0.3985416666666667,5.54,1.01,3.2816666666666667,16.118,7.755,12.577479166666667,1093.7,1.2,235.36666666666667,12
2026-01-18,2026,1,18,0,26.121,14.644,19.296625,85.211,39.442,58.311770833333334,0.5,0,0.03125,3.52,0,1.7933333333333332,13.593,7.331,10.4705625,1123.7,1.2,237.24166666666667,12
2026-01-19,2026,1,19,0,26.253,13.813,18.9824375,91.06,51.359,75.04908333333333,0.5,0,0.03125,4.03,0,1.1220833333333333,16.607,11.653,14.1465625,1068.7,1.2,236.30416666666667,12
2026-01-20,2026,1,20,0,25.502,14.4,19.033854166666668,95.451,52.641,75.89304166666666,1.01,0,0.198125,5.03,0,1.7933333333333334,16.947,12.916,14.362895833333333,1096.2,1.2,235.00208333333333,12
2026-01-21,2026,1,21,0,24.341,13.976,18.4088125,85.173,57.505,71.8984375,1.01,0,0.260625,5.03,0,2.29625,16.257,10.793,13.109583333333333,1106.2,1.2,232.81458333333333,12
2026-01-22,2026,1,22,0,23.805,15.204,18.396375,74.607,56.587,65.7815,1.01,0,0.35541666666666666,4.53,1.01,2.9679166666666665,15.91,9.47,11.832520833333334,1126.2,1.2,232.71041666666667,12
2026-01-23,2026,1,23,0,24.96,14.571,18.8044375,76.361,41.132,63.98854166666667,1.01,0,0.29208333333333336,5.54,0,2.7358333333333333,14.025,9.949,11.579333333333333,1153.7,1.2,238.28333333333333,12
2026-01-24,2026,1,24,0,24.4,14.073,18.709625,95.526,65.869,79.72529166666666,1.01,0,0.345,5.54,0.5,2.725625,17.763,10.49,15.044375,1096.2,1.2,225.41875000000002,12
2026-01-25,2026,1,25,0,22.277,15.73,18.426270833333334,99.132,77.583,91.36020833333333,0.5,0,0.28125,5.54,2.01,3.4077083333333333,18.295,14.517,16.97704166666667,1083.7,1.2,157.39791666666667,11.5
2026-01-26,2026,1,26,0,24.18,16.963,19.257875,99.345,73.532,89.87683333333334,1.01,0,0.26125,6.04,1.51,3.0620833333333333,19.175,15.742,17.521166666666666,1213.7,1.2,225.47083333333333,12
2026-01-27,2026,1,27,0,26.038,16.191,19.701479166666665,94.142,59.979,80.94008333333333,1.01,0,0.334375,5.54,0,2.978125,18.18,14.344,16.217479166666667,1076.2,1.2,226.61666666666667,12
2026-01-28,2026,1,28,0,25.925,16.676,20.696125000000002,86.233,55.642,69.95495833333334,1.01,0,0.3566666666666667,6.04,0,3.1662500000000002,17.832,12.233,14.837395833333334,1146.2,1.2,236.09583333333333,12
2026-01-29,2026,1,29,0,25.614,14.963,19.5535,99.139,56.027,71.75079166666667,1.51,0,0.4820833333333333,7.55,0,3.2506250000000003,17.273,10.298,14.059270833333333,1148.7,1.2,248.02291666666667,12
2026-01-30,2026,1,30,0,25.66,15.325,19.703,85.429,52.879,66.85835416666667,1.01,0,0.22958333333333333,5.03,0,2.674166666666667,16.838,10.06,13.221854166666667,1063.7,1.2,241.25208333333333,12
2026-01-31,2026,1,31,0,25.606,16.274,20.184562500000002,76.092,48.196,59.487770833333336,0.5,0,0.2604166666666667,5.54,1.51,3.22,16.364,7.598,11.897729166666666,1121.2,1.2,247.65833333333333,12
