sno,season,transect,tcode,eventDate,fielddate,tlength,verbatimIdentification,vernacularName,scientificName,taxonRank,taxonRemarks,verbatimCoordinateSystem,verbatimSRS,georeferenceRemarks,verbatimLongitude,verbatimLatitude,decimalLongitude,decimalLatitude,habitat,individualCount,occurrenceStatus,occurrenceRemarks
1,monsoon,Balaji Temple,b1,2011-06-15,15/06/2011,6.7,butterfly,Butterfly,Lepidoptera,order,insecta,UTM,EPSG:32643,Converted from UTM coordinates (grid 43 P of UTM Zone 43 N) to decimal degrees using QGIS,718124,1143721,76.9919940397572,10.3403230854333,eucalyptus,1,present,NA
2,monsoon,Balaji Temple,b1,2011-06-15,15/06/2011,6.7,frog,Frog,Anura,order,amphibia,UTM,EPSG:32643,Converted from UTM coordinates (grid 43 P of UTM Zone 43 N) to decimal degrees using QGIS,718123,1143708,76.9919841703248,10.3402056363342,eucalyptus,1,present,NA
3,monsoon,Balaji Temple,b1,2011-06-15,15/06/2011,6.7,earthworm,Earthworm,Annelida,phylum,annelida,UTM,EPSG:32643,Converted from UTM coordinates (grid 43 P of UTM Zone 43 N) to decimal degrees using QGIS,718320,1143673,76.9937805008359,10.3398781540964,tea,1,present,NA
4,monsoon,Balaji Temple,b1,2011-06-15,15/06/2011,6.7,frog,Frog,Anura,order,amphibia,UTM,EPSG:32643,Converted from UTM coordinates (grid 43 P of UTM Zone 43 N) to decimal degrees using QGIS,718478,1143522,76.9952141924242,10.338504358014,tea,1,present,NA
5,monsoon,Balaji Temple,b1,2011-06-15,15/06/2011,6.7,frog,Frog,Anura,order,amphibia,UTM,EPSG:32643,Converted from UTM coordinates (grid 43 P of UTM Zone 43 N) to decimal degrees using QGIS,718606,1144521,76.9964397143877,10.3475269444196,tea,1,present,NA
6,monsoon,Balaji Temple,b1,2011-06-15,15/06/2011,6.7,frog,Frog,Anura,order,amphibia,UTM,EPSG:32643,Converted from UTM coordinates (grid 43 P of UTM Zone 43 N) to decimal degrees using QGIS,718483,1143041,76.9952323888806,10.3341563784947,tea,1,present,NA
7,monsoon,Balaji Temple,b1,2011-06-15,15/06/2011,6.7,snake,Snake,Squamata,order,reptilia,UTM,EPSG:32643,Converted from UTM coordinates (grid 43 P of UTM Zone 43 N) to decimal degrees using QGIS,718342,1143279,76.9939588575482,10.3363155939422,tea,1,present,NA
8,monsoon,Balaji Temple,b1,2011-06-15,15/06/2011,6.7,earthworm,Earthworm,Annelida,phylum,annelida,UTM,EPSG:32643,Converted from UTM coordinates (grid 43 P of UTM Zone 43 N) to decimal degrees using QGIS,718419,1146711,76.9948578310354,10.3673326302655,forest_tea,1,present,NA
9,monsoon,Balaji Temple,b1,2011-06-15,15/06/2011,6.7,earthworm,Earthworm,Annelida,phylum,annelida,UTM,EPSG:32643,Converted from UTM coordinates (grid 43 P of UTM Zone 43 N) to decimal degrees using QGIS,718404,1146436,76.9947051574072,10.3648477943316,forest_tea,1,present,NA
10,monsoon,Balaji Temple,b1,2011-06-15,15/06/2011,6.7,earthworm,Earthworm,Annelida,phylum,annelida,UTM,EPSG:32643,Converted from UTM coordinates (grid 43 P of UTM Zone 43 N) to decimal degrees using QGIS,718709,1145867,76.997456994022,10.3596874049828,forest_tea,1,present,NA
11,monsoon,Balaji Temple,b1,2011-06-15,15/06/2011,6.7,earthworm,Earthworm,Annelida,phylum,annelida,UTM,EPSG:32643,Converted from UTM coordinates (grid 43 P of UTM Zone 43 N) to decimal degrees using QGIS,718820,1145595,76.9984547444449,10.3572225461533,forest_tea,1,present,NA
12,monsoon,Balaji Temple,b1,2011-06-15,15/06/2011,6.7,earthworm,Earthworm,Annelida,phylum,annelida,UTM,EPSG:32643,Converted from UTM coordinates (grid 43 P of UTM Zone 43 N) to decimal degrees using QGIS,718875,1145352,76.9989429220927,10.3550229890351,forest_tea,1,present,NA
13,monsoon,Balaji Temple,b1,2011-06-15,15/06/2011,6.7,frog,Frog,Anura,order,amphibia,UTM,EPSG:32643,Converted from UTM coordinates (grid 43 P of UTM Zone 43 N) to decimal degrees using QGIS,718411,1146420,76.9947681469497,10.3647027761267,forest_tea,1,present,NA
14,monsoon,Balaji Temple,b1,2011-06-15,15/06/2011,6.7,frog,Frog,Anura,order,amphibia,UTM,EPSG:32643,Converted from UTM coordinates (grid 43 P of UTM Zone 43 N) to decimal degrees using QGIS,718785,1145711,76.9981418712114,10.3582730364402,forest_tea,1,present,NA
15,monsoon,Balaji Temple,b1,2011-06-15,15/06/2011,6.7,frog,Frog,Anura,order,amphibia,UTM,EPSG:32643,Converted from UTM coordinates (grid 43 P of UTM Zone 43 N) to decimal degrees using QGIS,718785,1145711,76.9981418712114,10.3582730364402,forest_tea,1,present,NA
16,monsoon,Balaji Temple,b1,2011-06-15,15/06/2011,6.7,frog,Frog,Anura,order,amphibia,UTM,EPSG:32643,Converted from UTM coordinates (grid 43 P of UTM Zone 43 N) to decimal degrees using QGIS,718710,1145926,76.9974695013044,10.3602206401779,forest_tea,1,present,NA
17,monsoon,Balaji Temple,b1,2011-06-15,15/06/2011,6.7,Indian crested porcupine,Indian crested porcupine,Hystrix indica,species,mammalia,UTM,EPSG:32643,Converted from UTM coordinates (grid 43 P of UTM Zone 43 N) to decimal degrees using QGIS,718748,1145800,76.9978091922276,10.3590795913548,forest_tea,1,present,NA
18,monsoon,Balaji Temple,b1,2011-06-15,15/06/2011,6.7,snail,Snail,Gastropoda,class,mollusca,UTM,EPSG:32643,Converted from UTM coordinates (grid 43 P of UTM Zone 43 N) to decimal degrees using QGIS,718444,1146535,76.9950759926477,10.3657403752753,forest_tea,1,present,NA
19,monsoon,Balaji Temple,b2,2011-06-22,22/06/2011,6.7,snake,Snake,Squamata,order,reptilia,UTM,EPSG:32643,Converted from UTM coordinates (grid 43 P of UTM Zone 43 N) to decimal degrees using QGIS,718608,1144524,76.996458143372,10.3475539478035,tea,1,present,NA
20,monsoon,Balaji Temple,b2,2011-06-22,22/06/2011,6.7,toad,Toad,Anura,order,amphibia,UTM,EPSG:32643,Converted from UTM coordinates (grid 43 P of UTM Zone 43 N) to decimal degrees using QGIS,718478,1143036,76.995186461772,10.3341114665705,tea,1,present,NA
21,monsoon,Balaji Temple,b2,2011-06-22,22/06/2011,6.7,millipede,Millipede,Diplopoda,class,diplopoda,UTM,EPSG:32643,Converted from UTM coordinates (grid 43 P of UTM Zone 43 N) to decimal degrees using QGIS,718415,1146519,76.9948103278223,10.3655973964377,forest_tea,1,present,NA
22,monsoon,Balaji Temple,b2,2011-06-22,22/06/2011,6.7,millipede,Millipede,Diplopoda,class,diplopoda,UTM,EPSG:32643,Converted from UTM coordinates (grid 43 P of UTM Zone 43 N) to decimal degrees using QGIS,718781,1145716,76.9981056413181,10.3583184574575,forest_tea,1,present,NA
23,monsoon,Balaji Temple,b2,2011-06-22,22/06/2011,6.7,millipede,Millipede,Diplopoda,class,diplopoda,UTM,EPSG:32643,Converted from UTM coordinates (grid 43 P of UTM Zone 43 N) to decimal degrees using QGIS,718878,1145403,76.9989732299308,10.355483799745,forest_tea,1,present,NA
24,monsoon,Balaji Temple,b2,2011-06-22,22/06/2011,6.7,shield tail,Shieldtail,Uropeltidae,family,reptilia,UTM,EPSG:32643,Converted from UTM coordinates (grid 43 P of UTM Zone 43 N) to decimal degrees using QGIS,718483,1146358,76.9954219057167,10.3641382883901,forest_tea,1,present,NA
25,monsoon,Balaji Temple,b2,2011-06-22,22/06/2011,6.7,snake,Snake,Squamata,order,reptilia,UTM,EPSG:32643,Converted from UTM coordinates (grid 43 P of UTM Zone 43 N) to decimal degrees using QGIS,718700,1145878,76.9973754619011,10.3597873424848,forest_tea,1,present,NA
26,monsoon,Balaji Temple,b3,2011-06-23,23/06/2011,6.7,frog,Frog,Anura,order,amphibia,UTM,EPSG:32643,Converted from UTM coordinates (grid 43 P of UTM Zone 43 N) to decimal degrees using QGIS,718179,1143997,76.9925118462799,10.342814713168,eucalyptus,1,present,NA
27,monsoon,Balaji Temple,b3,2011-06-23,23/06/2011,6.7,frog,Frog,Anura,order,amphibia,UTM,EPSG:32643,Converted from UTM coordinates (grid 43 P of UTM Zone 43 N) to decimal degrees using QGIS,718142,1143954,76.9921716352027,10.3424281299086,eucalyptus,1,present,NA
28,monsoon,Balaji Temple,b3,2011-06-23,23/06/2011,6.7,caecilian,Caecilians,Gymnophiona,order,amphibia,UTM,EPSG:32643,Converted from UTM coordinates (grid 43 P of UTM Zone 43 N) to decimal degrees using QGIS,718135,1143625,76.9920889829749,10.3394547315874,eucalyptus,1,present,NA
29,monsoon,Balaji Temple,b3,2011-06-23,23/06/2011,6.7,toad,Toad,Anura,order,amphibia,UTM,EPSG:32643,Converted from UTM coordinates (grid 43 P of UTM Zone 43 N) to decimal degrees using QGIS,718124,1143729,76.9919944956782,10.3403953965272,eucalyptus,1,present,NA
30,monsoon,Balaji Temple,b3,2011-06-23,23/06/2011,6.7,frog/toad,Frog or toad,Anura,order,amphibia,UTM,EPSG:32643,Converted from UTM coordinates (grid 43 P of UTM Zone 43 N) to decimal degrees using QGIS,718852,1145041,76.9987151489714,10.3522132133214,eucalyptus_tea,1,present,NA
31,monsoon,Balaji Temple,b3,2011-06-23,23/06/2011,6.7,frog,Frog,Anura,order,amphibia,UTM,EPSG:32643,Converted from UTM coordinates (grid 43 P of UTM Zone 43 N) to decimal degrees using QGIS,718806,1144856,76.9982846325523,10.3505436340791,tea,1,present,NA
32,monsoon,Balaji Temple,b3,2011-06-23,23/06/2011,6.7,frog,Frog,Anura,order,amphibia,UTM,EPSG:32643,Converted from UTM coordinates (grid 43 P of UTM Zone 43 N) to decimal degrees using QGIS,718775,1144793,76.9979980340255,10.3499759430986,tea,1,present,NA
33,monsoon,Balaji Temple,b3,2011-06-23,23/06/2011,6.7,frog,Frog,Anura,order,amphibia,UTM,EPSG:32643,Converted from UTM coordinates (grid 43 P of UTM Zone 43 N) to decimal degrees using QGIS,718392,1144184,76.9944669193275,10.3444929506578,tea,1,present,NA
34,monsoon,Balaji Temple,b3,2011-06-23,23/06/2011,6.7,slug,Slug,Gastropoda,class,mollusca,UTM,EPSG:32643,Converted from UTM coordinates (grid 43 P of UTM Zone 43 N) to decimal degrees using QGIS,718770,1144953,76.997961544989,10.3514224420331,tea,1,present,NA
35,monsoon,Balaji Temple,b3,2011-06-23,23/06/2011,6.7,frog/toad,Frog or toad,Anura,order,amphibia,UTM,EPSG:32643,Converted from UTM coordinates (grid 43 P of UTM Zone 43 N) to decimal degrees using QGIS,718458,1143499,76.9950303098792,10.3382975941555,tea,1,present,NA
36,monsoon,Balaji Temple,b3,2011-06-23,23/06/2011,6.7,slug,Slug,Gastropoda,class,mollusca,UTM,EPSG:32643,Converted from UTM coordinates (grid 43 P of UTM Zone 43 N) to decimal degrees using QGIS,718715,1142769,76.9973346390515,10.331684695964,tea,1,present,NA
37,monsoon,Balaji Temple,b3,2011-06-23,23/06/2011,6.7,frog,Frog,Anura,order,amphibia,UTM,EPSG:32643,Converted from UTM coordinates (grid 43 P of UTM Zone 43 N) to decimal degrees using QGIS,718881,1145302,76.9989948322384,10.354570706796,forest,1,present,NA
38,monsoon,Balaji Temple,b3,2011-06-23,23/06/2011,6.7,frog,Frog,Anura,order,amphibia,UTM,EPSG:32643,Converted from UTM coordinates (grid 43 P of UTM Zone 43 N) to decimal degrees using QGIS,718882,1145300,76.9990038466408,10.3545525724105,forest,1,present,NA
39,monsoon,Balaji Temple,b3,2011-06-23,23/06/2011,6.7,earthworm,Earthworm,Annelida,phylum,annelida,UTM,EPSG:32643,Converted from UTM coordinates (grid 43 P of UTM Zone 43 N) to decimal degrees using QGIS,718403,1146441,76.9946963141698,10.3648930452612,forest_tea,1,present,NA
40,monsoon,Balaji Temple,b3,2011-06-23,23/06/2011,6.7,earthworm,Earthworm,Annelida,phylum,annelida,UTM,EPSG:32643,Converted from UTM coordinates (grid 43 P of UTM Zone 43 N) to decimal degrees using QGIS,718578,1146212,76.9962808258483,10.3628132328136,forest_tea,1,present,NA
41,monsoon,Balaji Temple,b3,2011-06-23,23/06/2011,6.7,earthworm,Earthworm,Annelida,phylum,annelida,UTM,EPSG:32643,Converted from UTM coordinates (grid 43 P of UTM Zone 43 N) to decimal degrees using QGIS,718717,1145936,76.9975339777254,10.3603106317725,forest_tea,1,present,NA
42,monsoon,Balaji Temple,b3,2011-06-23,23/06/2011,6.7,frog,Frog,Anura,order,amphibia,UTM,EPSG:32643,Converted from UTM coordinates (grid 43 P of UTM Zone 43 N) to decimal degrees using QGIS,718381,1146718,76.9945113167078,10.3673980550487,forest_tea,1,present,NA
43,monsoon,Balaji Temple,b3,2011-06-23,23/06/2011,6.7,frog,Frog,Anura,order,amphibia,UTM,EPSG:32643,Converted from UTM coordinates (grid 43 P of UTM Zone 43 N) to decimal degrees using QGIS,718457,1146646,76.9952010256833,10.3667429515979,forest_tea,1,present,NA
44,monsoon,Balaji Temple,b3,2011-06-23,23/06/2011,6.7,frog,Frog,Anura,order,amphibia,UTM,EPSG:32643,Converted from UTM coordinates (grid 43 P of UTM Zone 43 N) to decimal degrees using QGIS,718422,1146410,76.9948679967232,10.3646117644958,forest_tea,1,present,NA
45,monsoon,Balaji Temple,b3,2011-06-23,23/06/2011,6.7,frog,Frog,Anura,order,amphibia,UTM,EPSG:32643,Converted from UTM coordinates (grid 43 P of UTM Zone 43 N) to decimal degrees using QGIS,718543,1146265,76.9959643371734,10.3632942753703,forest_tea,1,present,NA
46,monsoon,Balaji Temple,b3,2011-06-23,23/06/2011,6.7,frog,Frog,Anura,order,amphibia,UTM,EPSG:32643,Converted from UTM coordinates (grid 43 P of UTM Zone 43 N) to decimal degrees using QGIS,718877,1145319,76.9989592900524,10.3547245938991,forest_tea,1,present,NA
47,monsoon,Balaji Temple,b3,2011-06-23,23/06/2011,6.7,millipede,Millipede,Diplopoda,class,diplopoda,UTM,EPSG:32643,Converted from UTM coordinates (grid 43 P of UTM Zone 43 N) to decimal degrees using QGIS,718582,1146201,76.9963167129968,10.3627135787663,forest_tea,1,present,NA
48,monsoon,Balaji Temple,b3,2011-06-23,23/06/2011,6.7,toad,Toad,Anura,order,amphibia,UTM,EPSG:32643,Converted from UTM coordinates (grid 43 P of UTM Zone 43 N) to decimal degrees using QGIS,718422,1146410,76.9948679967232,10.3646117644958,forest_tea,1,present,NA
49,monsoon,Balaji Temple,b3,2011-06-23,23/06/2011,6.7,toad,Toad,Anura,order,amphibia,UTM,EPSG:32643,Converted from UTM coordinates (grid 43 P of UTM Zone 43 N) to decimal degrees using QGIS,718513,1146291,76.9956919486197,10.36353098544,forest_tea,1,present,NA
50,monsoon,Balaji Temple,b3,2011-06-23,23/06/2011,6.7,toad,Toad,Anura,order,amphibia,UTM,EPSG:32643,Converted from UTM coordinates (grid 43 P of UTM Zone 43 N) to decimal degrees using QGIS,718549,1146262,76.9960189407496,10.3632668188111,forest_tea,1,present,NA
51,monsoon,Balaji Temple,b3,2011-06-23,23/06/2011,6.7,toad,Toad,Anura,order,amphibia,UTM,EPSG:32643,Converted from UTM coordinates (grid 43 P of UTM Zone 43 N) to decimal degrees using QGIS,718748,1145800,76.9978091922276,10.3590795913548,forest_tea,1,present,NA
52,monsoon,Balaji Temple,b3,2011-06-23,23/06/2011,6.7,ui,Animals,Animalia,kingdom,ui,UTM,EPSG:32643,Converted from UTM coordinates (grid 43 P of UTM Zone 43 N) to decimal degrees using QGIS,718490,1146356,76.9954856959538,10.3641198140852,forest_tea,1,present,NA
53,monsoon,Balaji Temple,b4,2011-08-11,11/08/2011,6.7,millipede,Millipede,Diplopoda,class,diplopoda,UTM,EPSG:32643,Converted from UTM coordinates (grid 43 P of UTM Zone 43 N) to decimal degrees using QGIS,718140,1143623,76.9921345117253,10.3394363716712,eucalyptus,1,present,NA
54,monsoon,Balaji Temple,b4,2011-08-11,11/08/2011,6.7,moth,Moth,Lepidoptera,order,insecta,UTM,EPSG:32643,Converted from UTM coordinates (grid 43 P of UTM Zone 43 N) to decimal degrees using QGIS,718141,1143957,76.9921626775915,10.3424553030088,eucalyptus,1,present,NA
55,monsoon,Balaji Temple,b4,2011-08-11,11/08/2011,6.7,snail,Snail,Gastropoda,class,mollusca,UTM,EPSG:32643,Converted from UTM coordinates (grid 43 P of UTM Zone 43 N) to decimal degrees using QGIS,718792,1145011,76.9981656992419,10.3519454485558,eucalyptus_tea,1,present,NA
56,monsoon,Balaji Temple,b4,2011-08-11,11/08/2011,6.7,earthworm,Earthworm,Annelida,phylum,annelida,UTM,EPSG:32643,Converted from UTM coordinates (grid 43 P of UTM Zone 43 N) to decimal degrees using QGIS,718254,1143638,76.9931760208015,10.3395655202752,tea,1,present,NA
57,monsoon,Balaji Temple,b4,2011-08-11,11/08/2011,6.7,snail,Snail,Gastropoda,class,mollusca,UTM,EPSG:32643,Converted from UTM coordinates (grid 43 P of UTM Zone 43 N) to decimal degrees using QGIS,718274,1143656,76.9933596181021,10.3397270908685,tea,1,present,NA
58,monsoon,Balaji Temple,b4,2011-08-11,11/08/2011,6.7,snail,Snail,Gastropoda,class,mollusca,UTM,EPSG:32643,Converted from UTM coordinates (grid 43 P of UTM Zone 43 N) to decimal degrees using QGIS,718466,1143513,76.9951041367941,10.3384236862963,tea,1,present,NA
59,monsoon,Balaji Temple,b4,2011-08-11,11/08/2011,6.7,crab,Crabs,Decapoda,order,crustacea,UTM,EPSG:32643,Converted from UTM coordinates (grid 43 P of UTM Zone 43 N) to decimal degrees using QGIS,718776,1144784,76.9980066478967,10.3498945368131,tea,1,present,NA
60,monsoon,Balaji Temple,b4,2011-08-11,11/08/2011,6.7,frog,Frog,Anura,order,amphibia,UTM,EPSG:32643,Converted from UTM coordinates (grid 43 P of UTM Zone 43 N) to decimal degrees using QGIS,718776,1144795,76.9980072772751,10.3499939641424,tea,1,present,NA
61,monsoon,Balaji Temple,b4,2011-08-11,11/08/2011,6.7,millipede,Millipede,Diplopoda,class,diplopoda,UTM,EPSG:32643,Converted from UTM coordinates (grid 43 P of UTM Zone 43 N) to decimal degrees using QGIS,718734,1144692,76.9976179750114,10.3490653417233,tea,1,present,NA
62,monsoon,Balaji Temple,b4,2011-08-11,11/08/2011,6.7,caecilian,Caecilian,Gymnophiona,order,amphibia,UTM,EPSG:32643,Converted from UTM coordinates (grid 43 P of UTM Zone 43 N) to decimal degrees using QGIS,718503,1142854,76.9954042883948,10.3324649796486,tea,1,present,NA
63,monsoon,Balaji Temple,b4,2011-08-11,11/08/2011,6.7,moth,Moth,Lepidoptera,order,insecta,UTM,EPSG:32643,Converted from UTM coordinates (grid 43 P of UTM Zone 43 N) to decimal degrees using QGIS,718602,1142903,76.9963107888017,10.3329022909488,tea,1,present,NA
64,monsoon,Balaji Temple,b4,2011-08-11,11/08/2011,6.7,snail,Snail,Gastropoda,class,mollusca,UTM,EPSG:32643,Converted from UTM coordinates (grid 43 P of UTM Zone 43 N) to decimal degrees using QGIS,718449,1142806,76.9949086214073,10.332034163407,tea,1,present,NA
65,monsoon,Balaji Temple,b4,2011-08-11,11/08/2011,6.7,snail,Snail,Gastropoda,class,mollusca,UTM,EPSG:32643,Converted from UTM coordinates (grid 43 P of UTM Zone 43 N) to decimal degrees using QGIS,718675,1142781,76.9969701923263,10.3317954235066,tea,1,present,NA
66,monsoon,Balaji Temple,b4,2011-08-11,11/08/2011,6.7,wasp,Wasp,Hymenoptera,order,insecta,UTM,EPSG:32643,Converted from UTM coordinates (grid 43 P of UTM Zone 43 N) to decimal degrees using QGIS,718889,1145263,76.999065630193,10.354217738394,forest,1,present,NA
67,monsoon,Balaji Temple,b4,2011-08-11,11/08/2011,6.7,caecilian,Caecilian,Gymnophiona,order,amphibia,UTM,EPSG:32643,Converted from UTM coordinates (grid 43 P of UTM Zone 43 N) to decimal degrees using QGIS,718458,1146649,76.9952103266939,10.3667700114968,forest_tea,1,present,NA
68,monsoon,Balaji Temple,b4,2011-08-11,11/08/2011,6.7,caterpillar,Caterpillar,Lepidoptera,order,insecta,UTM,EPSG:32643,Converted from UTM coordinates (grid 43 P of UTM Zone 43 N) to decimal degrees using QGIS,718836,1145576,76.9985997206165,10.3570499008742,forest_tea,1,present,NA
69,monsoon,Balaji Temple,b4,2011-08-11,11/08/2011,6.7,earthworm,Earthworm,Annelida,phylum,annelida,UTM,EPSG:32643,Converted from UTM coordinates (grid 43 P of UTM Zone 43 N) to decimal degrees using QGIS,718423,1146706,76.994894062256,10.3672872093573,forest_tea,1,present,NA
70,monsoon,Balaji Temple,b4,2011-08-11,11/08/2011,6.7,earthworm,Earthworm,Annelida,phylum,annelida,UTM,EPSG:32643,Converted from UTM coordinates (grid 43 P of UTM Zone 43 N) to decimal degrees using QGIS,718721,1145945,76.9975710095609,10.3603917545928,forest_tea,1,present,NA
71,monsoon,Balaji Temple,b4,2011-08-11,11/08/2011,6.7,frog,Frog,Anura,order,amphibia,UTM,EPSG:32643,Converted from UTM coordinates (grid 43 P of UTM Zone 43 N) to decimal degrees using QGIS,718401,1146470,76.9946797146101,10.3651552854239,forest_tea,1,present,NA
72,monsoon,Balaji Temple,b4,2011-08-11,11/08/2011,6.7,frog,Frog,Anura,order,amphibia,UTM,EPSG:32643,Converted from UTM coordinates (grid 43 P of UTM Zone 43 N) to decimal degrees using QGIS,718695,1145889,76.9973304461599,10.3598870532296,forest_tea,1,present,NA
73,monsoon,Balaji Temple,b4,2011-08-11,11/08/2011,6.7,frog,Frog,Anura,order,amphibia,UTM,EPSG:32643,Converted from UTM coordinates (grid 43 P of UTM Zone 43 N) to decimal degrees using QGIS,718737,1145822,76.9977100320485,10.359279069578,forest_tea,1,present,NA
74,monsoon,Balaji Temple,b4,2011-08-11,11/08/2011,6.7,grasshopper,Grasshopper,Orthoptera,order,insecta,UTM,EPSG:32643,Converted from UTM coordinates (grid 43 P of UTM Zone 43 N) to decimal degrees using QGIS,718879,1145452,76.9989851654616,10.3559266461701,forest_tea,1,present,NA
75,monsoon,Balaji Temple,b4,2011-08-11,11/08/2011,6.7,snail,Snail,Gastropoda,class,mollusca,UTM,EPSG:32643,Converted from UTM coordinates (grid 43 P of UTM Zone 43 N) to decimal degrees using QGIS,718447,1146610,76.995107672329,10.3664181194462,forest_tea,1,present,NA
76,monsoon,Balaji Temple,b5,2011-08-23,23/08/2011,6.7,pill millipede,Pill millipede,Diplopoda,class,diplopoda,UTM,EPSG:32643,Converted from UTM coordinates (grid 43 P of UTM Zone 43 N) to decimal degrees using QGIS,718306,1143682,76.9936532144661,10.3399602946661,tea,1,present,NA
77,monsoon,Balaji Temple,b5,2011-08-23,23/08/2011,6.7,caecilian,Caecilian,Gymnophiona,order,amphibia,UTM,EPSG:32643,Converted from UTM coordinates (grid 43 P of UTM Zone 43 N) to decimal degrees using QGIS,718771,1144768,76.9979600883969,10.3497501984949,tea,1,present,NA
78,monsoon,Balaji Temple,b5,2011-08-23,23/08/2011,6.7,frog,Frog,Anura,order,amphibia,UTM,EPSG:32643,Converted from UTM coordinates (grid 43 P of UTM Zone 43 N) to decimal degrees using QGIS,718455,1144419,76.9950554460299,10.3466135229583,tea,1,present,NA
79,monsoon,Balaji Temple,b5,2011-08-23,23/08/2011,6.7,frog,Frog,Anura,order,amphibia,UTM,EPSG:32643,Converted from UTM coordinates (grid 43 P of UTM Zone 43 N) to decimal degrees using QGIS,718598,1144509,76.9963659984845,10.347418930867,tea,1,present,NA
80,monsoon,Balaji Temple,b5,2011-08-23,23/08/2011,6.7,frog,Frog,Anura,order,amphibia,UTM,EPSG:32643,Converted from UTM coordinates (grid 43 P of UTM Zone 43 N) to decimal degrees using QGIS,718817,1144873,76.9983860226217,10.3506966711416,tea,1,present,NA
81,monsoon,Balaji Temple,b5,2011-08-23,23/08/2011,6.7,toad,Toad,Anura,order,amphibia,UTM,EPSG:32643,Converted from UTM coordinates (grid 43 P of UTM Zone 43 N) to decimal degrees using QGIS,718776,1144788,76.9980068767609,10.3499306922056,tea,1,present,NA
82,monsoon,Balaji Temple,b5,2011-08-23,23/08/2011,6.7,caecilian,Caecilian,Gymnophiona,order,amphibia,UTM,EPSG:32643,Converted from UTM coordinates (grid 43 P of UTM Zone 43 N) to decimal degrees using QGIS,718855,1142706,76.9986090003376,10.3311073307296,tea,1,present,NA
83,monsoon,Balaji Temple,b5,2011-08-23,23/08/2011,6.7,frog,Frog,Anura,order,amphibia,UTM,EPSG:32643,Converted from UTM coordinates (grid 43 P of UTM Zone 43 N) to decimal degrees using QGIS,718564,1143079,76.9959739557602,10.3344952790774,tea,1,present,NA
84,monsoon,Balaji Temple,b5,2011-08-23,23/08/2011,6.7,snail,Snail,Gastropoda,class,mollusca,UTM,EPSG:32643,Converted from UTM coordinates (grid 43 P of UTM Zone 43 N) to decimal degrees using QGIS,718637,1142794,76.9966240589543,10.3319150765194,tea,1,present,NA
85,monsoon,Balaji Temple,b5,2011-08-23,23/08/2011,6.7,toad,Toad,Anura,order,amphibia,UTM,EPSG:32643,Converted from UTM coordinates (grid 43 P of UTM Zone 43 N) to decimal degrees using QGIS,718501,1142856,76.995386145829,10.3324831703611,tea,1,present,NA
86,monsoon,Balaji Temple,b5,2011-08-23,23/08/2011,6.7,shield tail,Shieldtail,Uropeltidae,family,reptilia,UTM,EPSG:32643,Converted from UTM coordinates (grid 43 P of UTM Zone 43 N) to decimal degrees using QGIS,718423,1146408,76.9948770115623,10.3645936301386,forest_tea,1,present,NA
87,monsoon,Balaji Temple,b5,2011-08-23,23/08/2011,6.7,snail,Snail,Gastropoda,class,mollusca,UTM,EPSG:32643,Converted from UTM coordinates (grid 43 P of UTM Zone 43 N) to decimal degrees using QGIS,718446,1146611,76.9950986002462,10.3664272149602,forest_tea,1,present,NA
88,monsoon,Balaji Temple,b5,2011-08-23,23/08/2011,6.7,snail,Snail,Gastropoda,class,mollusca,UTM,EPSG:32643,Converted from UTM coordinates (grid 43 P of UTM Zone 43 N) to decimal degrees using QGIS,718423,1146706,76.994894062256,10.3672872093573,forest_tea,1,present,NA
89,monsoon,Balaji Temple,b5,2011-08-23,23/08/2011,6.7,toad,Toad,Anura,order,amphibia,UTM,EPSG:32643,Converted from UTM coordinates (grid 43 P of UTM Zone 43 N) to decimal degrees using QGIS,718404,1146483,76.994707846136,10.365272620654,forest_tea,1,present,NA
90,monsoon,Balaji Temple,b5,2011-08-23,23/08/2011,6.7,toad,Toad,Anura,order,amphibia,UTM,EPSG:32643,Converted from UTM coordinates (grid 43 P of UTM Zone 43 N) to decimal degrees using QGIS,718441,1146698,76.9950579324433,10.3672138786372,forest_tea,1,present,NA
91,monsoon,Balaji Temple,b5,2011-08-23,23/08/2011,6.7,toad,Toad,Anura,order,amphibia,UTM,EPSG:32643,Converted from UTM coordinates (grid 43 P of UTM Zone 43 N) to decimal degrees using QGIS,718889,1145116,76.9990572119733,10.3528890288755,tea,1,present,NA
92,monsoon,Balaji Temple,b6,2011-08-31,31/08/2011,6.7,frog,Frog,Anura,order,amphibia,UTM,EPSG:32643,Converted from UTM coordinates (grid 43 P of UTM Zone 43 N) to decimal degrees using QGIS,718115,1143806,76.991916726745,10.3410918986863,eucalyptus,1,present,NA
93,monsoon,Balaji Temple,b6,2011-08-31,31/08/2011,6.7,frog,Frog,Anura,order,amphibia,UTM,EPSG:32643,Converted from UTM coordinates (grid 43 P of UTM Zone 43 N) to decimal degrees using QGIS,718130,1143865,76.9920570185017,10.3416243464423,eucalyptus,1,present,NA
94,monsoon,Balaji Temple,b6,2011-08-31,31/08/2011,6.7,toad,Toad,Anura,order,amphibia,UTM,EPSG:32643,Converted from UTM coordinates (grid 43 P of UTM Zone 43 N) to decimal degrees using QGIS,718200,1144030,76.9927054295469,10.3431118105754,eucalyptus,1,present,NA
95,monsoon,Balaji Temple,b6,2011-08-31,31/08/2011,6.7,frog,Frog,Anura,order,amphibia,UTM,EPSG:32643,Converted from UTM coordinates (grid 43 P of UTM Zone 43 N) to decimal degrees using QGIS,718396,1144194,76.9945040048939,10.3445831132709,tea,1,present,NA
96,monsoon,Balaji Temple,b6,2011-08-31,31/08/2011,6.7,frog,Frog,Anura,order,amphibia,UTM,EPSG:32643,Converted from UTM coordinates (grid 43 P of UTM Zone 43 N) to decimal degrees using QGIS,718789,1144845,76.9981288129562,10.3504451700018,tea,1,present,NA
97,monsoon,Balaji Temple,b6,2011-08-31,31/08/2011,6.7,toad,Toad,Anura,order,amphibia,UTM,EPSG:32643,Converted from UTM coordinates (grid 43 P of UTM Zone 43 N) to decimal degrees using QGIS,718419,1144324,76.9947213868978,10.3457568661181,tea,1,present,NA
98,monsoon,Balaji Temple,b6,2011-08-31,31/08/2011,6.7,caecilian,Caecilian,Gymnophiona,order,amphibia,UTM,EPSG:32643,Converted from UTM coordinates (grid 43 P of UTM Zone 43 N) to decimal degrees using QGIS,718503,1142965,76.9954106205038,10.3334682944411,tea,1,present,NA
99,monsoon,Balaji Temple,b6,2011-08-31,31/08/2011,6.7,shield tail,Shieldtail,Uropeltidae,family,reptilia,UTM,EPSG:32643,Converted from UTM coordinates (grid 43 P of UTM Zone 43 N) to decimal degrees using QGIS,718804,1142748,76.9981458574028,10.3314898473608,tea,1,present,NA
100,monsoon,Balaji Temple,b6,2011-08-31,31/08/2011,6.7,snail,Snail,Gastropoda,class,mollusca,UTM,EPSG:32643,Converted from UTM coordinates (grid 43 P of UTM Zone 43 N) to decimal degrees using QGIS,718759,1142757,76.9977355985975,10.3315737418774,tea,1,present,NA
101,monsoon,Balaji Temple,b6,2011-08-31,31/08/2011,6.7,caecilian,Caecilian,Gymnophiona,order,amphibia,UTM,EPSG:32643,Converted from UTM coordinates (grid 43 P of UTM Zone 43 N) to decimal degrees using QGIS,718627,1146090,76.9967211720938,10.3617077160314,forest_tea,1,present,NA
102,monsoon,Balaji Temple,b6,2011-08-31,31/08/2011,6.7,frog,Frog,Anura,order,amphibia,UTM,EPSG:32643,Converted from UTM coordinates (grid 43 P of UTM Zone 43 N) to decimal degrees using QGIS,718721,1145964,76.9975720975626,10.3605634926409,forest_tea,1,present,NA
103,monsoon,Balaji Temple,b6,2011-08-31,31/08/2011,6.7,mouse,Mouse,Muridae,family,mammalia,UTM,EPSG:32643,Converted from UTM coordinates (grid 43 P of UTM Zone 43 N) to decimal degrees using QGIS,718762,1145749,76.9979340788708,10.3586178165632,forest_tea,1,present,NA
104,monsoon,Balaji Temple,b6,2011-08-31,31/08/2011,6.7,pill millipede,Pill millipede,Diplopoda,class,diplopoda,UTM,EPSG:32643,Converted from UTM coordinates (grid 43 P of UTM Zone 43 N) to decimal degrees using QGIS,718783,1145714,76.9981237848994,10.3583002663705,forest_tea,1,present,NA
105,monsoon,Balaji Temple,b6,2011-08-31,31/08/2011,6.7,toad,Toad,Anura,order,amphibia,UTM,EPSG:32643,Converted from UTM coordinates (grid 43 P of UTM Zone 43 N) to decimal degrees using QGIS,718620,1146090,76.9966572679493,10.3617081127815,forest_tea,1,present,NA
106,monsoon,Balaji Temple,b7,2011-09-08,08/09/2011,6.7,caecilian,Caecilian,Gymnophiona,order,amphibia,UTM,EPSG:32643,Converted from UTM coordinates (grid 43 P of UTM Zone 43 N) to decimal degrees using QGIS,718878,1145459,76.9989764374238,10.3559899747581,forest_tea,1,present,NA
107,monsoon,Balaji Temple,b7,2011-09-08,08/09/2011,6.7,frog,Frog,Anura,order,amphibia,UTM,EPSG:32643,Converted from UTM coordinates (grid 43 P of UTM Zone 43 N) to decimal degrees using QGIS,718752,1145786,76.9978449068722,10.358952820753,forest_tea,1,present,NA
108,monsoon,Balaji Temple,b7,2011-09-08,08/09/2011,6.7,snail,Snail,Gastropoda,class,mollusca,UTM,EPSG:32643,Converted from UTM coordinates (grid 43 P of UTM Zone 43 N) to decimal degrees using QGIS,718451,1146557,76.9951411565956,10.3659388334986,forest_tea,1,present,NA
109,monsoon,Balaji Temple,b7,2011-09-08,08/09/2011,6.7,snake,Snake,Squamata,order,reptilia,UTM,EPSG:32643,Converted from UTM coordinates (grid 43 P of UTM Zone 43 N) to decimal degrees using QGIS,718852,1145041,76.9987151489714,10.3522132133214,eucalyptus_tea,1,present,LYCODON?
110,monsoon,Balaji Temple,b7,2011-09-08,08/09/2011,6.7,toad,Toad,Anura,order,amphibia,UTM,EPSG:32643,Converted from UTM coordinates (grid 43 P of UTM Zone 43 N) to decimal degrees using QGIS,718878,1145082,76.9989548473125,10.352582331934,tea,1,present,NA
111,monsoon,Balaji Temple,b8,2011-09-16,16/09/2011,6.7,caecilian,Caecilian,Gymnophiona,order,amphibia,UTM,EPSG:32643,Converted from UTM coordinates (grid 43 P of UTM Zone 43 N) to decimal degrees using QGIS,718850,1142732,76.9985648442811,10.3313426238067,tea,1,present,NA
112,monsoon,Balaji Temple,b8,2011-09-16,16/09/2011,6.7,earthworm,Earthworm,Annelida,phylum,annelida,UTM,EPSG:32643,Converted from UTM coordinates (grid 43 P of UTM Zone 43 N) to decimal degrees using QGIS,718706,1144629,76.9973587657551,10.3484974797473,tea,1,present,NA
113,monsoon,Balaji Temple,b8,2011-09-16,16/09/2011,6.7,frog,Frog,Anura,order,amphibia,UTM,EPSG:32643,Converted from UTM coordinates (grid 43 P of UTM Zone 43 N) to decimal degrees using QGIS,718136,1143975,76.9921180605369,10.342618285164,eucalyptus,1,present,NA
114,monsoon,Balaji Temple,b8,2011-09-16,16/09/2011,6.7,frog,Frog,Anura,order,amphibia,UTM,EPSG:32643,Converted from UTM coordinates (grid 43 P of UTM Zone 43 N) to decimal degrees using QGIS,718270,1144113,76.9933491696294,10.3438580842127,tea,1,present,NA
115,monsoon,Balaji Temple,b8,2011-09-16,16/09/2011,6.7,frog,Purple frog,Nasikabatrachus sahyadrensis,species,amphibia,UTM,EPSG:32643,Converted from UTM coordinates (grid 43 P of UTM Zone 43 N) to decimal degrees using QGIS,718420,1146709,76.9948668459232,10.3673144958968,forest_tea,1,present,PURPLE FROG!!
116,monsoon,Balaji Temple,b8,2011-09-16,16/09/2011,6.7,millipede,Millipede,Diplopoda,class,diplopoda,UTM,EPSG:32643,Converted from UTM coordinates (grid 43 P of UTM Zone 43 N) to decimal degrees using QGIS,718876,1145322,76.9989503329146,10.3547517671248,forest_tea,1,present,NA
117,monsoon,Balaji Temple,b8,2011-09-16,16/09/2011,6.7,toad,Toad,Anura,order,amphibia,UTM,EPSG:32643,Converted from UTM coordinates (grid 43 P of UTM Zone 43 N) to decimal degrees using QGIS,718885,1145277,76.9990299162387,10.3543445089743,forest,1,present,NA
118,monsoon,Balaji Temple,b9,2011-09-24,24/09/2011,6.7,caecilian,Caecilian,Gymnophiona,order,amphibia,UTM,EPSG:32643,Converted from UTM coordinates (grid 43 P of UTM Zone 43 N) to decimal degrees using QGIS,718438,1143465,76.9948457999361,10.3379914025496,tea,1,present,NA
119,monsoon,Balaji Temple,b9,2011-09-24,24/09/2011,6.7,caterpillar,Caterpillar,Lepidoptera,order,insecta,UTM,EPSG:32643,Converted from UTM coordinates (grid 43 P of UTM Zone 43 N) to decimal degrees using QGIS,718181,1143605,76.9925077560421,10.3392713579367,eucalyptus,1,present,NA
120,monsoon,Balaji Temple,b9,2011-09-24,24/09/2011,6.7,earthworm,Earthworm,Annelida,phylum,annelida,UTM,EPSG:32643,Converted from UTM coordinates (grid 43 P of UTM Zone 43 N) to decimal degrees using QGIS,718422,1143455,76.9946991735801,10.3379019177558,tea,1,present,NA
121,monsoon,Balaji Temple,b9,2011-09-24,24/09/2011,6.7,earthworm,Earthworm,Annelida,phylum,annelida,UTM,EPSG:32643,Converted from UTM coordinates (grid 43 P of UTM Zone 43 N) to decimal degrees using QGIS,718410,1143639,76.9946001299201,10.3395657483421,tea,1,present,NA
122,monsoon,Balaji Temple,b9,2011-09-24,24/09/2011,6.7,frog,Frog,Anura,order,amphibia,UTM,EPSG:32643,Converted from UTM coordinates (grid 43 P of UTM Zone 43 N) to decimal degrees using QGIS,718717,1145942,76.9975343212937,10.360364864842,forest_tea,1,present,NA
123,monsoon,Balaji Temple,b9,2011-09-24,24/09/2011,6.7,grasshopper,Grasshopper,Orthoptera,order,insecta,UTM,EPSG:32643,Converted from UTM coordinates (grid 43 P of UTM Zone 43 N) to decimal degrees using QGIS,718224,1143604,76.992900226125,10.3392598919439,tea,1,present,NA
124,monsoon,Balaji Temple,b9,2011-09-24,24/09/2011,6.7,millipede,Millipede,Diplopoda,class,diplopoda,UTM,EPSG:32643,Converted from UTM coordinates (grid 43 P of UTM Zone 43 N) to decimal degrees using QGIS,718251,1144097,76.9931748122752,10.3437145353751,tea,1,present,NA
125,monsoon,Balaji Temple,b9,2011-09-24,24/09/2011,6.7,pill millipede,Pill millipede,Diplopoda,class,diplopoda,UTM,EPSG:32643,Converted from UTM coordinates (grid 43 P of UTM Zone 43 N) to decimal degrees using QGIS,718330,1143662,76.9938711588702,10.3397781616583,tea,1,present,NA
126,monsoon,Balaji Temple,b9,2011-09-24,24/09/2011,6.7,pill millipede,Pill millipede,Diplopoda,class,diplopoda,UTM,EPSG:32643,Converted from UTM coordinates (grid 43 P of UTM Zone 43 N) to decimal degrees using QGIS,718787,1145687,76.9981587549146,10.358055990813,forest_tea,1,present,NA
127,monsoon,Balaji Temple,b9,2011-09-24,24/09/2011,6.7,shield tail,Shieldtail,Uropeltidae,family,reptilia,UTM,EPSG:32643,Converted from UTM coordinates (grid 43 P of UTM Zone 43 N) to decimal degrees using QGIS,718460,1146685,76.9952306457025,10.3670952969116,forest_tea,1,present,NA
128,monsoon,Balaji Temple,b9,2011-09-24,24/09/2011,6.7,skink,Skink,Scincidae,family,reptilia,UTM,EPSG:32643,Converted from UTM coordinates (grid 43 P of UTM Zone 43 N) to decimal degrees using QGIS,718776,1145725,76.9980605114176,10.3584000905445,forest_tea,1,present,NA
129,monsoon,Balaji Temple,b9,2011-09-24,24/09/2011,6.7,toad,Toad,Anura,order,amphibia,UTM,EPSG:32643,Converted from UTM coordinates (grid 43 P of UTM Zone 43 N) to decimal degrees using QGIS,718797,1145018,76.9982117442402,10.3520084371353,eucalyptus_tea,1,present,NA
130,monsoon,Balaji Temple,b10,2011-10-02,02/10/2011,6.7,calotes,Calotes,Calotes,genus,reptilia,UTM,EPSG:32643,Converted from UTM coordinates (grid 43 P of UTM Zone 43 N) to decimal degrees using QGIS,718759,1145753,76.997906920719,10.3586541420289,forest_tea,1,present,NA
131,monsoon,Balaji Temple,b10,2011-10-02,02/10/2011,6.7,calotes,Calotes,Calotes,genus,reptilia,UTM,EPSG:32643,Converted from UTM coordinates (grid 43 P of UTM Zone 43 N) to decimal degrees using QGIS,718599,1146158,76.9964694478405,10.362323944748,forest_tea,1,present,NA
132,monsoon,Balaji Temple,b10,2011-10-02,02/10/2011,6.7,calotes,Calotes,Calotes,genus,reptilia,UTM,EPSG:32643,Converted from UTM coordinates (grid 43 P of UTM Zone 43 N) to decimal degrees using QGIS,718460,1146370,76.9952126197604,10.3642480576715,forest_tea,1,present,NA
133,monsoon,Balaji Temple,b10,2011-10-02,02/10/2011,6.7,snake,Snake,Squamata,order,reptilia,UTM,EPSG:32643,Converted from UTM coordinates (grid 43 P of UTM Zone 43 N) to decimal degrees using QGIS,718461,1146652,76.9952378863445,10.3667969580658,forest_tea,1,present,NA
134,monsoon,Balaji Temple,b10,2011-10-02,02/10/2011,6.7,frog,Frog,Anura,order,amphibia,UTM,EPSG:32643,Converted from UTM coordinates (grid 43 P of UTM Zone 43 N) to decimal degrees using QGIS,718253,1144099,76.9931931836875,10.3437325001675,tea,1,present,NA
135,monsoon,Balaji Temple,b10,2011-10-02,02/10/2011,6.7,frog,Frog,Anura,order,amphibia,UTM,EPSG:32643,Converted from UTM coordinates (grid 43 P of UTM Zone 43 N) to decimal degrees using QGIS,718797,1145021,76.9982119159416,10.3520355536728,eucalyptus_tea,1,present,NA
136,monsoon,Balaji Temple,b10,2011-10-02,02/10/2011,6.7,grasshopper,Grasshopper,Orthoptera,order,insecta,UTM,EPSG:32643,Converted from UTM coordinates (grid 43 P of UTM Zone 43 N) to decimal degrees using QGIS,718504,1143153,76.9954304750393,10.3351675457278,tea,1,present,NA
137,monsoon,Balaji Temple,b10,2011-10-02,02/10/2011,6.7,grasshopper,Grasshopper,Orthoptera,order,insecta,UTM,EPSG:32643,Converted from UTM coordinates (grid 43 P of UTM Zone 43 N) to decimal degrees using QGIS,718560,1146239,76.9961180456369,10.3630583018705,forest_tea,1,present,NA
138,monsoon,Balaji Temple,b10,2011-10-02,02/10/2011,6.7,calotes,Calotes,Calotes grandisquamis,species,reptilia,UTM,EPSG:32643,Converted from UTM coordinates (grid 43 P of UTM Zone 43 N) to decimal degrees using QGIS,718407,1146497,76.9947360349005,10.3653989947344,forest_tea,1,present,green calotes1
139,monsoon,Balaji Temple,b10,2011-10-02,02/10/2011,6.7,millipede,Millipede,Diplopoda,class,diplopoda,UTM,EPSG:32643,Converted from UTM coordinates (grid 43 P of UTM Zone 43 N) to decimal degrees using QGIS,718447,1143473,76.9949284128144,10.3380632050303,tea,2,present,NA
140,monsoon,Balaji Temple,b10,2011-10-02,02/10/2011,6.7,millipede,Millipede,Diplopoda,class,diplopoda,UTM,EPSG:32643,Converted from UTM coordinates (grid 43 P of UTM Zone 43 N) to decimal degrees using QGIS,718787,1145009,76.9981199404157,10.3519276541981,eucalyptus_tea,1,present,NA
141,monsoon,Balaji Temple,b10,2011-10-02,02/10/2011,6.7,snake,Snake,Squamata,order,reptilia,UTM,EPSG:32643,Converted from UTM coordinates (grid 43 P of UTM Zone 43 N) to decimal degrees using QGIS,718740,1145817,76.9977371330053,10.3592337052716,forest_tea,1,present,NA
142,monsoon,Balaji Temple,b10,2011-10-02,02/10/2011,6.7,shield tail,Shieldtail,Uropeltidae,family,reptilia,UTM,EPSG:32643,Converted from UTM coordinates (grid 43 P of UTM Zone 43 N) to decimal degrees using QGIS,718442,1146379,76.9950488082488,10.3643304270451,forest_tea,1,present,NA
143,monsoon,Balaji Temple,b10,2011-10-02,02/10/2011,6.7,skink,Skink,Scincidae,family,reptilia,UTM,EPSG:32643,Converted from UTM coordinates (grid 43 P of UTM Zone 43 N) to decimal degrees using QGIS,718122,1143834,76.9919822227506,10.3413445924734,eucalyptus,1,present,NA
144,monsoon,Balaji Temple,b10,2011-10-02,02/10/2011,6.7,skink,Skink,Scincidae,family,reptilia,UTM,EPSG:32643,Converted from UTM coordinates (grid 43 P of UTM Zone 43 N) to decimal degrees using QGIS,718221,1144061,76.9928988991432,10.3433908300332,eucalyptus,1,present,NA
145,monsoon,Balaji Temple,b10,2011-10-02,02/10/2011,6.7,snail,Snail,Gastropoda,class,mollusca,UTM,EPSG:32643,Converted from UTM coordinates (grid 43 P of UTM Zone 43 N) to decimal degrees using QGIS,718317,1143674,76.9937531722276,10.3398873624071,tea,5,present,NA
146,monsoon,Balaji Temple,b10,2011-10-02,02/10/2011,6.7,snail,Snail,Gastropoda,class,mollusca,UTM,EPSG:32643,Converted from UTM coordinates (grid 43 P of UTM Zone 43 N) to decimal degrees using QGIS,718449,1143477,76.9949468980407,10.3380992475147,tea,4,present,NA
147,monsoon,Balaji Temple,b10,2011-10-02,02/10/2011,6.7,snake,Snake,Squamata,order,reptilia,UTM,EPSG:32643,Converted from UTM coordinates (grid 43 P of UTM Zone 43 N) to decimal degrees using QGIS,718507,1143154,76.9954579173091,10.3351764150988,tea,1,present,NA
148,monsoon,Balaji Temple,b10,2011-10-02,02/10/2011,6.7,toad,Toad,Anura,order,amphibia,UTM,EPSG:32643,Converted from UTM coordinates (grid 43 P of UTM Zone 43 N) to decimal degrees using QGIS,718225,1144064,76.9929355848653,10.3434177207819,eucalyptus,1,present,NA
149,monsoon,Balaji Temple,b10,2011-10-02,02/10/2011,6.7,toad,Toad,Anura,order,amphibia,UTM,EPSG:32643,Converted from UTM coordinates (grid 43 P of UTM Zone 43 N) to decimal degrees using QGIS,718412,1144310,76.9946566865553,10.3456307177013,tea,1,present,NA
150,monsoon,Balaji Temple,b10,2011-10-02,02/10/2011,6.7,toad,Toad,Anura,order,amphibia,UTM,EPSG:32643,Converted from UTM coordinates (grid 43 P of UTM Zone 43 N) to decimal degrees using QGIS,718791,1145015,76.9981567992967,10.351981660608,eucalyptus_tea,1,present,NA
151,monsoon,Balaji Temple,b11,2011-10-13,13/10/2011,6.7,snake,Snake,Squamata,order,reptilia,UTM,EPSG:32643,Converted from UTM coordinates (grid 43 P of UTM Zone 43 N) to decimal degrees using QGIS,718707,1145868,76.9974387930755,10.3596965572069,forest_tea,1,present,coral snake1
152,monsoon,Balaji Temple,b11,2011-10-13,13/10/2011,6.7,earthworm,Earthworm,Annelida,phylum,annelida,UTM,EPSG:32643,Converted from UTM coordinates (grid 43 P of UTM Zone 43 N) to decimal degrees using QGIS,718858,1145044,76.9987700939883,10.3522399897365,eucalyptus_tea,1,present,NA
153,monsoon,Balaji Temple,b11,2011-10-13,13/10/2011,6.7,earthworm,Earthworm,Annelida,phylum,annelida,UTM,EPSG:32643,Converted from UTM coordinates (grid 43 P of UTM Zone 43 N) to decimal degrees using QGIS,718547,1142788,76.9958021691793,10.3318659286609,tea,3,present,NA
154,monsoon,Balaji Temple,b11,2011-10-13,13/10/2011,6.7,earthworm,Earthworm,Annelida,phylum,annelida,UTM,EPSG:32643,Converted from UTM coordinates (grid 43 P of UTM Zone 43 N) to decimal degrees using QGIS,718399,1144227,76.994533274818,10.3448812264162,tea,1,present,NA
155,monsoon,Balaji Temple,b11,2011-10-13,13/10/2011,6.7,earthworm,Earthworm,Annelida,phylum,annelida,UTM,EPSG:32643,Converted from UTM coordinates (grid 43 P of UTM Zone 43 N) to decimal degrees using QGIS,718638,1146095,76.9968218791313,10.3617522867817,forest_tea,1,present,NA
156,monsoon,Balaji Temple,b11,2011-10-13,13/10/2011,6.7,frog,Frog,Anura,order,amphibia,UTM,EPSG:32643,Converted from UTM coordinates (grid 43 P of UTM Zone 43 N) to decimal degrees using QGIS,718850,1142730,76.9985647300271,10.3313245460959,tea,1,present,NA
157,monsoon,Balaji Temple,b11,2011-10-13,13/10/2011,6.7,frog,Frog,Anura,order,amphibia,UTM,EPSG:32643,Converted from UTM coordinates (grid 43 P of UTM Zone 43 N) to decimal degrees using QGIS,718578,1144472,76.9961813089281,10.3470856248487,tea,1,present,NA
158,monsoon,Balaji Temple,b11,2011-10-13,13/10/2011,6.7,frog,Frog,Anura,order,amphibia,UTM,EPSG:32643,Converted from UTM coordinates (grid 43 P of UTM Zone 43 N) to decimal degrees using QGIS,718625,1144558,76.9966152757728,10.3478603067834,tea,1,present,NA
159,monsoon,Balaji Temple,b11,2011-10-13,13/10/2011,6.7,frog,Frog,Anura,order,amphibia,UTM,EPSG:32643,Converted from UTM coordinates (grid 43 P of UTM Zone 43 N) to decimal degrees using QGIS,718646,1144579,76.9968081803758,10.3480489340659,tea,3,present,NA
160,monsoon,Balaji Temple,b11,2011-10-13,13/10/2011,6.7,frog,Frog,Anura,order,amphibia,UTM,EPSG:32643,Converted from UTM coordinates (grid 43 P of UTM Zone 43 N) to decimal degrees using QGIS,718677,1144595,76.9970920870263,10.3481918007578,tea,1,present,NA
161,monsoon,Balaji Temple,b11,2011-10-13,13/10/2011,6.7,frog,Frog,Anura,order,amphibia,UTM,EPSG:32643,Converted from UTM coordinates (grid 43 P of UTM Zone 43 N) to decimal degrees using QGIS,718777,1144790,76.9980161200092,10.3499487132494,tea,1,present,NA
162,monsoon,Balaji Temple,b11,2011-10-13,13/10/2011,6.7,frog,Frog,Anura,order,amphibia,UTM,EPSG:32643,Converted from UTM coordinates (grid 43 P of UTM Zone 43 N) to decimal degrees using QGIS,718902,1145204,76.9991809272456,10.3536837096783,forest,1,present,NA
163,monsoon,Balaji Temple,b11,2011-10-13,13/10/2011,6.7,frog,Frog,Anura,order,amphibia,UTM,EPSG:32643,Converted from UTM coordinates (grid 43 P of UTM Zone 43 N) to decimal degrees using QGIS,718883,1145297,76.9990128037713,10.3545253991849,forest,1,present,NA
164,monsoon,Balaji Temple,b11,2011-10-13,13/10/2011,6.7,frog,Frog,Anura,order,amphibia,UTM,EPSG:32643,Converted from UTM coordinates (grid 43 P of UTM Zone 43 N) to decimal degrees using QGIS,718843,1145563,76.9986628791686,10.3569319989877,forest_tea,1,present,NA
165,monsoon,Balaji Temple,b11,2011-10-13,13/10/2011,6.7,frog,Frog,Anura,order,amphibia,UTM,EPSG:32643,Converted from UTM coordinates (grid 43 P of UTM Zone 43 N) to decimal degrees using QGIS,718588,1142807,76.9961775138644,10.3320353507646,tea,1,present,NA
166,monsoon,Balaji Temple,b11,2011-10-13,13/10/2011,6.7,frog,Frog,Anura,order,amphibia,UTM,EPSG:32643,Converted from UTM coordinates (grid 43 P of UTM Zone 43 N) to decimal degrees using QGIS,718747,1145804,76.9978002921944,10.3591158034274,forest_tea,1,present,NA
167,monsoon,Balaji Temple,b11,2011-10-13,13/10/2011,6.7,frog,Frog,Anura,order,amphibia,UTM,EPSG:32643,Converted from UTM coordinates (grid 43 P of UTM Zone 43 N) to decimal degrees using QGIS,718708,1145864,76.9974476931558,10.3596603451347,forest_tea,1,present,NA
168,monsoon,Balaji Temple,b11,2011-10-13,13/10/2011,6.7,frog,Frog,Anura,order,amphibia,UTM,EPSG:32643,Converted from UTM coordinates (grid 43 P of UTM Zone 43 N) to decimal degrees using QGIS,718716,1145940,76.9975250776513,10.3603468438473,forest_tea,1,present,NA
169,monsoon,Balaji Temple,b11,2011-10-13,13/10/2011,6.7,frog,Frog,Anura,order,amphibia,UTM,EPSG:32643,Converted from UTM coordinates (grid 43 P of UTM Zone 43 N) to decimal degrees using QGIS,718445,1146696,76.9950943353106,10.3671955742778,forest_tea,1,present,NA
170,monsoon,Balaji Temple,b11,2011-10-13,13/10/2011,6.7,frog,Frog,Anura,order,amphibia,UTM,EPSG:32643,Converted from UTM coordinates (grid 43 P of UTM Zone 43 N) to decimal degrees using QGIS,718581,1142804,76.9961134445189,10.3320086296781,tea,1,present,NA
171,monsoon,Balaji Temple,b11,2011-10-13,13/10/2011,6.7,frog,Frog,Anura,order,amphibia,UTM,EPSG:32643,Converted from UTM coordinates (grid 43 P of UTM Zone 43 N) to decimal degrees using QGIS,718561,1142794,76.9959303077875,10.331919370964,tea,1,present,NA
172,monsoon,Balaji Temple,b11,2011-10-13,13/10/2011,6.7,frog,Frog,Anura,order,amphibia,UTM,EPSG:32643,Converted from UTM coordinates (grid 43 P of UTM Zone 43 N) to decimal degrees using QGIS,718559,1143102,76.9959296264682,10.3347034555989,tea,1,present,NA
173,monsoon,Balaji Temple,b11,2011-10-13,13/10/2011,6.7,frog,Frog,Anura,order,amphibia,UTM,EPSG:32643,Converted from UTM coordinates (grid 43 P of UTM Zone 43 N) to decimal degrees using QGIS,718112,1143758,76.9918866054434,10.3406582014034,eucalyptus,1,present,NA
174,monsoon,Balaji Temple,b11,2011-10-13,13/10/2011,6.7,frog,Frog,Anura,order,amphibia,UTM,EPSG:32643,Converted from UTM coordinates (grid 43 P of UTM Zone 43 N) to decimal degrees using QGIS,718359,1144145,76.9941634470167,10.3441422997327,tea,1,present,NA
175,monsoon,Balaji Temple,b11,2011-10-13,13/10/2011,6.7,frog,Frog,Anura,order,amphibia,UTM,EPSG:32643,Converted from UTM coordinates (grid 43 P of UTM Zone 43 N) to decimal degrees using QGIS,718410,1144264,76.9946358027996,10.3452150427812,tea,1,present,NA
176,monsoon,Balaji Temple,b11,2011-10-13,13/10/2011,6.7,frog,Frog,Anura,order,amphibia,UTM,EPSG:32643,Converted from UTM coordinates (grid 43 P of UTM Zone 43 N) to decimal degrees using QGIS,718409,1144296,76.9946285010977,10.3455043431327,tea,1,present,NA
177,monsoon,Balaji Temple,b11,2011-10-13,13/10/2011,6.7,glow worm,Glowworm,Lampyridae,family,insecta,UTM,EPSG:32643,Converted from UTM coordinates (grid 43 P of UTM Zone 43 N) to decimal degrees using QGIS,718520,1142965,76.9955658025216,10.3334673340787,tea,1,present,NA
178,monsoon,Balaji Temple,b11,2011-10-13,13/10/2011,6.7,millipede,Millipede,Diplopoda,class,diplopoda,UTM,EPSG:32643,Converted from UTM coordinates (grid 43 P of UTM Zone 43 N) to decimal degrees using QGIS,718406,1143642,76.9945637869573,10.3395930909578,tea,1,present,NA
179,monsoon,Balaji Temple,b11,2011-10-13,13/10/2011,6.7,millipede,Millipede,Diplopoda,class,diplopoda,UTM,EPSG:32643,Converted from UTM coordinates (grid 43 P of UTM Zone 43 N) to decimal degrees using QGIS,718774,1145730,76.9980425396229,10.3584453981591,forest_tea,1,present,NA
180,monsoon,Balaji Temple,b11,2011-10-13,13/10/2011,6.7,Indian crested porcupine,Indian crested porcupine,Hystrix indica,species,mammalia,UTM,EPSG:32643,Converted from UTM coordinates (grid 43 P of UTM Zone 43 N) to decimal degrees using QGIS,718800,1145637,76.9982745691316,10.3576033115733,forest_tea,1,present,fresh
181,monsoon,Balaji Temple,b11,2011-10-13,13/10/2011,6.7,frog,Frog,Rhacophorus,genus,amphibia,UTM,EPSG:32643,Converted from UTM coordinates (grid 43 P of UTM Zone 43 N) to decimal degrees using QGIS,718405,1146490,76.9947173758745,10.3653358360163,forest_tea,1,present,rhacophorus
182,monsoon,Balaji Temple,b11,2011-10-13,13/10/2011,6.7,toad,Toad,Anura,order,amphibia,UTM,EPSG:32643,Converted from UTM coordinates (grid 43 P of UTM Zone 43 N) to decimal degrees using QGIS,718634,1142794,76.9965966740456,10.3319152460652,tea,1,present,NA
183,monsoon,Balaji Temple,b11,2011-10-13,13/10/2011,6.7,toad,Toad,Anura,order,amphibia,UTM,EPSG:32643,Converted from UTM coordinates (grid 43 P of UTM Zone 43 N) to decimal degrees using QGIS,718484,1142787,76.9952270287622,10.3318604482797,tea,1,present,NA
184,monsoon,Balaji Temple,b11,2011-10-13,13/10/2011,6.7,toad,Toad,Anura,order,amphibia,UTM,EPSG:32643,Converted from UTM coordinates (grid 43 P of UTM Zone 43 N) to decimal degrees using QGIS,718604,1142903,76.9963290454677,10.3329021779241,tea,1,present,NA
185,monsoon,Balaji Temple,b11,2011-10-13,13/10/2011,6.7,toad,Toad,Anura,order,amphibia,UTM,EPSG:32643,Converted from UTM coordinates (grid 43 P of UTM Zone 43 N) to decimal degrees using QGIS,718110,1143781,76.9918696590224,10.3408662086661,eucalyptus,1,present,NA
186,monsoon,Balaji Temple,b11,2011-10-13,13/10/2011,6.7,toad,Toad,Anura,order,amphibia,UTM,EPSG:32643,Converted from UTM coordinates (grid 43 P of UTM Zone 43 N) to decimal degrees using QGIS,718454,1144421,76.9950464315192,10.3466316572416,tea,1,present,NA
187,monsoon,Balaji Temple,b11,2011-10-13,13/10/2011,6.7,toad,Toad,Anura,order,amphibia,UTM,EPSG:32643,Converted from UTM coordinates (grid 43 P of UTM Zone 43 N) to decimal degrees using QGIS,718495,1146354,76.9955312277028,10.3641014530869,forest_tea,1,present,NA
188,monsoon,Balaji Temple,b11,2011-10-13,13/10/2011,6.7,snake,Snake,Lycodon,genus,reptilia,UTM,EPSG:32643,Converted from UTM coordinates (grid 43 P of UTM Zone 43 N) to decimal degrees using QGIS,718892,1145257,76.9990926733655,10.3541633352381,forest,1,present,wolf snake1
189,monsoon,Balaji Temple,b12,2011-10-22,22/10/2011,6.7,caecilian,Caecilian,Gymnophiona,order,amphibia,UTM,EPSG:32643,Converted from UTM coordinates (grid 43 P of UTM Zone 43 N) to decimal degrees using QGIS,718452,1143485,76.994974740015,10.3381713889808,tea,1,present,NA
190,monsoon,Balaji Temple,b12,2011-10-22,22/10/2011,6.7,snake,Snake,Squamata,order,reptilia,UTM,EPSG:32643,Converted from UTM coordinates (grid 43 P of UTM Zone 43 N) to decimal degrees using QGIS,718487,1143523,76.9952964060044,10.3385128882708,tea,1,present,CORAL SNAKE1
191,monsoon,Balaji Temple,b12,2011-10-22,22/10/2011,6.7,frog,Frog,Anura,order,amphibia,UTM,EPSG:32643,Converted from UTM coordinates (grid 43 P of UTM Zone 43 N) to decimal degrees using QGIS,718902,1145204,76.9991809272456,10.3536837096783,forest,1,present,NA
192,monsoon,Balaji Temple,b12,2011-10-22,22/10/2011,6.7,millipede,Millipede,Diplopoda,class,diplopoda,UTM,EPSG:32643,Converted from UTM coordinates (grid 43 P of UTM Zone 43 N) to decimal degrees using QGIS,718596,1142921,76.9962570460694,10.3330653296283,tea,1,present,NA
193,monsoon,Balaji Temple,b12,2011-10-22,22/10/2011,6.7,millipede,Millipede,Diplopoda,class,diplopoda,UTM,EPSG:32643,Converted from UTM coordinates (grid 43 P of UTM Zone 43 N) to decimal degrees using QGIS,718317,1143674,76.9937531722276,10.3398873624071,tea,1,present,NA
194,monsoon,Balaji Temple,b12,2011-10-22,22/10/2011,6.7,snake,Pitviper,Craspedocephalus,genus,reptilia,UTM,EPSG:32643,Converted from UTM coordinates (grid 43 P of UTM Zone 43 N) to decimal degrees using QGIS,718422,1146522,76.9948744044719,10.3656241164774,forest_tea,1,present,PIT VIPER GREEN1
195,monsoon,Balaji Temple,b12,2011-10-22,22/10/2011,6.7,shield tail,Shieldtail,Uropeltidae,family,reptilia,UTM,EPSG:32643,Converted from UTM coordinates (grid 43 P of UTM Zone 43 N) to decimal degrees using QGIS,718422,1146708,76.9948850473703,10.3673053437263,forest_tea,1,present,NA
196,monsoon,Balaji Temple,b12,2011-10-22,22/10/2011,6.7,snail,Snail,Gastropoda,class,mollusca,UTM,EPSG:32643,Converted from UTM coordinates (grid 43 P of UTM Zone 43 N) to decimal degrees using QGIS,718462,1142828,76.9950285441794,10.3322322845449,tea,1,present,NA
197,monsoon,Balaji Temple,b12,2011-10-22,22/10/2011,6.7,snail,Snail,Gastropoda,class,mollusca,UTM,EPSG:32643,Converted from UTM coordinates (grid 43 P of UTM Zone 43 N) to decimal degrees using QGIS,718257,1143639,76.9932034634504,10.3395743897763,tea,1,present,NA
198,monsoon,Balaji Temple,b12,2011-10-22,22/10/2011,6.7,toad,Toad,Anura,order,amphibia,UTM,EPSG:32643,Converted from UTM coordinates (grid 43 P of UTM Zone 43 N) to decimal degrees using QGIS,718161,1143616,76.9923258121995,10.339371914403,eucalyptus,1,present,NA
199,monsoon,Chinnakallar,c1,2011-08-15,15/08/2011,6.8,snake,Pitviper,Craspedocephalus,genus,reptilia,UTM,EPSG:32643,Converted from UTM coordinates (grid 43 P of UTM Zone 43 N) to decimal degrees using QGIS,718258,1137988,76.9928912080303,10.2884955343386,tea,1,present,PIT VIPER GREEN
200,monsoon,Chinnakallar,c1,2011-08-15,15/08/2011,6.8,shield tail,Shieldtail,Uropeltidae,family,reptilia,UTM,EPSG:32643,Converted from UTM coordinates (grid 43 P of UTM Zone 43 N) to decimal degrees using QGIS,718714,1138008,76.9970542849221,10.2886506692744,forest_tea,1,present,NA
201,monsoon,Chinnakallar,c2,2011-08-25,25/08/2011,6.8,frog,Frog,Anura,order,amphibia,UTM,EPSG:32643,Converted from UTM coordinates (grid 43 P of UTM Zone 43 N) to decimal degrees using QGIS,720047,1138217,77.0092325555572,10.2904645146766,forest_tea,1,present,NA
202,monsoon,Chinnakallar,c2,2011-08-25,25/08/2011,6.8,frog,Frog,Anura,order,amphibia,UTM,EPSG:32643,Converted from UTM coordinates (grid 43 P of UTM Zone 43 N) to decimal degrees using QGIS,719106,1137951,77.0006288405596,10.2881133668868,forest_tea,1,present,NA
203,monsoon,Chinnakallar,c2,2011-08-25,25/08/2011,6.8,frog,Frog,Anura,order,amphibia,UTM,EPSG:32643,Converted from UTM coordinates (grid 43 P of UTM Zone 43 N) to decimal degrees using QGIS,717969,1138191,76.990264982357,10.2903466601021,tea,1,present,NA
204,monsoon,Chinnakallar,c2,2011-08-25,25/08/2011,6.8,snail,Snail,Gastropoda,class,mollusca,UTM,EPSG:32643,Converted from UTM coordinates (grid 43 P of UTM Zone 43 N) to decimal degrees using QGIS,719125,1137975,77.0008036206477,10.2883292282091,forest_tea,1,present,NA
205,monsoon,Chinnakallar,c2,2011-08-25,25/08/2011,6.8,snail,Snail,Gastropoda,class,mollusca,UTM,EPSG:32643,Converted from UTM coordinates (grid 43 P of UTM Zone 43 N) to decimal degrees using QGIS,718448,1137995,76.9946257484553,10.2885481286302,tea,1,present,NA
206,monsoon,Chinnakallar,c2,2011-08-25,25/08/2011,6.8,snail,Snail,Gastropoda,class,mollusca,UTM,EPSG:32643,Converted from UTM coordinates (grid 43 P of UTM Zone 43 N) to decimal degrees using QGIS,718260,1137987,76.992909405453,10.2884863830761,tea,1,present,NA
207,monsoon,Chinnakallar,c2,2011-08-25,25/08/2011,6.8,toad,Toad,Anura,order,amphibia,UTM,EPSG:32643,Converted from UTM coordinates (grid 43 P of UTM Zone 43 N) to decimal degrees using QGIS,720542,1138408,77.013761383777,10.2921628525323,tea,1,present,NA
208,monsoon,Chinnakallar,c2,2011-08-25,25/08/2011,6.8,toad,Toad,Anura,order,amphibia,UTM,EPSG:32643,Converted from UTM coordinates (grid 43 P of UTM Zone 43 N) to decimal degrees using QGIS,717318,1138087,76.9843173275394,10.2894430828075,tea,1,present,NA
209,monsoon,Chinnakallar,c3,2011-09-02,02/09/2011,6.8,earthworm,Earthworm,Annelida,phylum,annelida,UTM,EPSG:32643,Converted from UTM coordinates (grid 43 P of UTM Zone 43 N) to decimal degrees using QGIS,717244,1137638,76.9836165705473,10.2853887275063,tea,1,present,NA
210,monsoon,Chinnakallar,c3,2011-09-02,02/09/2011,6.8,frog,Frog,Anura,order,amphibia,UTM,EPSG:32643,Converted from UTM coordinates (grid 43 P of UTM Zone 43 N) to decimal degrees using QGIS,720529,1138405,77.0136425599642,10.2921364743188,tea,1,present,NA
211,monsoon,Chinnakallar,c3,2011-09-02,02/09/2011,6.8,frog,Frog,Anura,order,amphibia,UTM,EPSG:32643,Converted from UTM coordinates (grid 43 P of UTM Zone 43 N) to decimal degrees using QGIS,720402,1138349,77.0124802138776,10.2916375105339,tea,1,present,NA
212,monsoon,Chinnakallar,c3,2011-09-02,02/09/2011,6.8,frog,Frog,Anura,order,amphibia,UTM,EPSG:32643,Converted from UTM coordinates (grid 43 P of UTM Zone 43 N) to decimal degrees using QGIS,719502,1138017,77.0042469010881,10.28868757962,forest,1,present,NA
213,monsoon,Chinnakallar,c3,2011-09-02,02/09/2011,6.8,frog,Frog,Anura,order,amphibia,UTM,EPSG:32643,Converted from UTM coordinates (grid 43 P of UTM Zone 43 N) to decimal degrees using QGIS,717556,1138179,76.9864947899029,10.2902613449678,tea,1,present,NA
214,monsoon,Chinnakallar,c3,2011-09-02,02/09/2011,6.8,snail,Snail,Gastropoda,class,mollusca,UTM,EPSG:32643,Converted from UTM coordinates (grid 43 P of UTM Zone 43 N) to decimal degrees using QGIS,720502,1138398,77.0133957279849,10.2920747357278,tea,1,present,NA
215,monsoon,Chinnakallar,c3,2011-09-02,02/09/2011,6.8,snail,Snail,Gastropoda,class,mollusca,UTM,EPSG:32643,Converted from UTM coordinates (grid 43 P of UTM Zone 43 N) to decimal degrees using QGIS,718261,1137985,76.9929184190776,10.2884682490787,tea,1,present,NA
216,monsoon,Chinnakallar,c3,2011-09-02,02/09/2011,6.8,snail,Snail,Gastropoda,class,mollusca,UTM,EPSG:32643,Converted from UTM coordinates (grid 43 P of UTM Zone 43 N) to decimal degrees using QGIS,718013,1138130,76.9906631197082,10.2897928166905,tea,1,present,NA
217,monsoon,Chinnakallar,c3,2011-09-02,02/09/2011,6.8,toad,Toad,Anura,order,amphibia,UTM,EPSG:32643,Converted from UTM coordinates (grid 43 P of UTM Zone 43 N) to decimal degrees using QGIS,720942,1138934,77.0174424261337,10.2968945120184,forest_tea,1,present,NA
218,monsoon,Chinnakallar,c3,2011-09-02,02/09/2011,6.8,toad,Toad,Anura,order,amphibia,UTM,EPSG:32643,Converted from UTM coordinates (grid 43 P of UTM Zone 43 N) to decimal degrees using QGIS,719201,1137963,77.0014965907499,10.2882164748816,forest_tea,1,present,NA
219,monsoon,Chinnakallar,c3,2011-09-02,02/09/2011,6.8,toad,Toad,Anura,order,amphibia,UTM,EPSG:32643,Converted from UTM coordinates (grid 43 P of UTM Zone 43 N) to decimal degrees using QGIS,718284,1137983,76.993128228272,10.2884488791369,tea,1,present,NA
220,monsoon,Chinnakallar,c3,2011-09-02,02/09/2011,6.8,toad,Toad,Anura,order,amphibia,UTM,EPSG:32643,Converted from UTM coordinates (grid 43 P of UTM Zone 43 N) to decimal degrees using QGIS,718255,1137989,76.9928638835325,10.2885047417753,tea,1,present,NA
221,monsoon,Chinnakallar,c4,2011-09-10,10/09/2011,6.8,frog,Frog,Anura,order,amphibia,UTM,EPSG:32643,Converted from UTM coordinates (grid 43 P of UTM Zone 43 N) to decimal degrees using QGIS,720522,1138401,77.0135784411994,10.2921007165989,tea,1,present,NA
222,monsoon,Chinnakallar,c4,2011-09-10,10/09/2011,6.8,frog,Frog,Anura,order,amphibia,UTM,EPSG:32643,Converted from UTM coordinates (grid 43 P of UTM Zone 43 N) to decimal degrees using QGIS,716927,1137405,76.9807101670668,10.2833003518069,tea,1,present,NA
223,monsoon,Chinnakallar,c4,2011-09-10,10/09/2011,6.8,shield tail,Shieldtail,Uropeltidae,family,reptilia,UTM,EPSG:32643,Converted from UTM coordinates (grid 43 P of UTM Zone 43 N) to decimal degrees using QGIS,717320,1137975,76.9843292557889,10.2884306076725,tea,1,present,NA
224,monsoon,Chinnakallar,c4,2011-09-10,10/09/2011,6.8,snail,Snail,Gastropoda,class,mollusca,UTM,EPSG:32643,Converted from UTM coordinates (grid 43 P of UTM Zone 43 N) to decimal degrees using QGIS,716811,1137446,76.9796537447195,10.2836774218532,tea,1,present,NA
225,monsoon,Chinnakallar,c4,2011-09-10,10/09/2011,6.8,snake,Snake,Squamata,order,reptilia,UTM,EPSG:32643,Converted from UTM coordinates (grid 43 P of UTM Zone 43 N) to decimal degrees using QGIS,720657,1138512,77.0148169621069,10.293096354514,tea,1,present,NA
226,monsoon,Chinnakallar,c4,2011-09-10,10/09/2011,6.8,toad,Toad,Anura,order,amphibia,UTM,EPSG:32643,Converted from UTM coordinates (grid 43 P of UTM Zone 43 N) to decimal degrees using QGIS,717136,1137437,76.9826195121508,10.2835779300851,tea,1,present,NA
227,monsoon,Chinnakallar,c5,2011-09-18,18/09/2011,6.8,caecilian,Caecilian,Gymnophiona,order,amphibia,UTM,EPSG:32643,Converted from UTM coordinates (grid 43 P of UTM Zone 43 N) to decimal degrees using QGIS,717636,1138244,76.9872286398316,10.2908443949024,tea,1,present,NA
228,monsoon,Chinnakallar,c5,2011-09-18,18/09/2011,6.8,frog,Frog,Anura,order,amphibia,UTM,EPSG:32643,Converted from UTM coordinates (grid 43 P of UTM Zone 43 N) to decimal degrees using QGIS,719873,1138193,77.0076430783568,10.2902574354693,forest_tea,1,present,NA
229,monsoon,Chinnakallar,c5,2011-09-18,18/09/2011,6.8,frog,Frog,Anura,order,amphibia,UTM,EPSG:32643,Converted from UTM coordinates (grid 43 P of UTM Zone 43 N) to decimal degrees using QGIS,717126,1137436,76.9825281858531,10.2835694497002,tea,1,present,NA
230,monsoon,Chinnakallar,c5,2011-09-18,18/09/2011,6.8,snake,Pitviper,Craspedocephalus,genus,reptilia,UTM,EPSG:32643,Converted from UTM coordinates (grid 43 P of UTM Zone 43 N) to decimal degrees using QGIS,719100,1137946,77.0005737937436,10.2880685108899,forest_tea,1,present,PITVIPER1
231,monsoon,Chinnakallar,c5,2011-09-18,18/09/2011,6.8,shield tail,Shieldtail,Uropeltidae,family,reptilia,UTM,EPSG:32643,Converted from UTM coordinates (grid 43 P of UTM Zone 43 N) to decimal degrees using QGIS,719897,1138225,77.0078639564703,10.2905453194254,forest_tea,1,present,NA
232,monsoon,Chinnakallar,c6,2011-09-26,26/09/2011,6.8,earthworm,Earthworm,Annelida,phylum,annelida,UTM,EPSG:32643,Converted from UTM coordinates (grid 43 P of UTM Zone 43 N) to decimal degrees using QGIS,721336,1139030,77.0210440569615,10.2977397881299,forest_tea,16,present,NA
233,monsoon,Chinnakallar,c6,2011-09-26,26/09/2011,6.8,earthworm,Earthworm,Annelida,phylum,annelida,UTM,EPSG:32643,Converted from UTM coordinates (grid 43 P of UTM Zone 43 N) to decimal degrees using QGIS,721450,1139091,77.0220880693793,10.2982846495523,forest_tea,5,present,NA
234,monsoon,Chinnakallar,c6,2011-09-26,26/09/2011,6.8,frog,Frog,Anura,order,amphibia,UTM,EPSG:32643,Converted from UTM coordinates (grid 43 P of UTM Zone 43 N) to decimal degrees using QGIS,718943,1138013,76.9991446635788,10.2886829656335,forest_tea,1,present,NA
235,monsoon,Chinnakallar,c6,2011-09-26,26/09/2011,6.8,mouse,Mouse,Muridae,family,mammalia,UTM,EPSG:32643,Converted from UTM coordinates (grid 43 P of UTM Zone 43 N) to decimal degrees using QGIS,717442,1138159,76.9854531629123,10.2900869488472,tea,1,present,NA
236,monsoon,Chinnakallar,c6,2011-09-26,26/09/2011,6.8,shield tail,Shieldtail,Uropeltidae,family,reptilia,UTM,EPSG:32643,Converted from UTM coordinates (grid 43 P of UTM Zone 43 N) to decimal degrees using QGIS,718908,1138039,76.9988266962579,10.2889199486481,forest_tea,1,present,NA
237,monsoon,Chinnakallar,c7,2011-10-05,05/10/2011,6.8,beetle,Beetle,Coleoptera,order,insecta,UTM,EPSG:32643,Converted from UTM coordinates (grid 43 P of UTM Zone 43 N) to decimal degrees using QGIS,720343,1138152,77.0119304337803,10.2898602136897,tea,1,present,NA
238,monsoon,Chinnakallar,c7,2011-10-05,05/10/2011,6.8,earthworm,Earthworm,Annelida,phylum,annelida,UTM,EPSG:32643,Converted from UTM coordinates (grid 43 P of UTM Zone 43 N) to decimal degrees using QGIS,721425,1139076,77.0218590255424,10.2981504946094,forest_tea,3,present,NA
239,monsoon,Chinnakallar,c7,2011-10-05,05/10/2011,6.8,earthworm,Earthworm,Annelida,phylum,annelida,UTM,EPSG:32643,Converted from UTM coordinates (grid 43 P of UTM Zone 43 N) to decimal degrees using QGIS,721399,1139058,77.0216206819071,10.297989280267,forest_tea,1,present,NA
240,monsoon,Chinnakallar,c7,2011-10-05,05/10/2011,6.8,earthworm,Earthworm,Annelida,phylum,annelida,UTM,EPSG:32643,Converted from UTM coordinates (grid 43 P of UTM Zone 43 N) to decimal degrees using QGIS,721377,1139044,77.0214190775771,10.2978639925681,forest_tea,1,present,NA
241,monsoon,Chinnakallar,c7,2011-10-05,05/10/2011,6.8,earthworm,Earthworm,Annelida,phylum,annelida,UTM,EPSG:32643,Converted from UTM coordinates (grid 43 P of UTM Zone 43 N) to decimal degrees using QGIS,721146,1139053,77.0193112147627,10.2979585086491,forest_tea,1,present,NA
242,monsoon,Chinnakallar,c7,2011-10-05,05/10/2011,6.8,earthworm,Earthworm,Annelida,phylum,annelida,UTM,EPSG:32643,Converted from UTM coordinates (grid 43 P of UTM Zone 43 N) to decimal degrees using QGIS,721112,1139057,77.019001120112,10.2979966005849,forest_tea,1,present,NA
243,monsoon,Chinnakallar,c7,2011-10-05,05/10/2011,6.8,earthworm,Earthworm,Annelida,phylum,annelida,UTM,EPSG:32643,Converted from UTM coordinates (grid 43 P of UTM Zone 43 N) to decimal degrees using QGIS,717396,1138071,76.9850283408812,10.2892940955121,tea,1,present,NA
244,monsoon,Chinnakallar,c7,2011-10-05,05/10/2011,6.8,frog,Frog,Anura,order,amphibia,UTM,EPSG:32643,Converted from UTM coordinates (grid 43 P of UTM Zone 43 N) to decimal degrees using QGIS,720926,1138687,77.0172821988482,10.2946628461491,forest_tea,1,present,NA
245,monsoon,Chinnakallar,c7,2011-10-05,05/10/2011,6.8,glow worm,Glowworm,Lampyridae,family,insecta,UTM,EPSG:32643,Converted from UTM coordinates (grid 43 P of UTM Zone 43 N) to decimal degrees using QGIS,719073,1137938,77.0003269087704,10.2879977223634,forest_tea,1,present,NA
246,monsoon,Chinnakallar,c7,2011-10-05,05/10/2011,6.8,glow worm,Glowworm,Lampyridae,family,insecta,UTM,EPSG:32643,Converted from UTM coordinates (grid 43 P of UTM Zone 43 N) to decimal degrees using QGIS,717549,1138160,76.9864298253477,10.2900899970334,tea,1,present,NA
247,monsoon,Chinnakallar,c7,2011-10-05,05/10/2011,6.8,praying mantis,Praying mantis,Mantodea,order,insecta,UTM,EPSG:32643,Converted from UTM coordinates (grid 43 P of UTM Zone 43 N) to decimal degrees using QGIS,719448,1138013,77.0037538140406,10.2886544746651,forest,1,present,NA
248,monsoon,Chinnakallar,c7,2011-10-05,05/10/2011,6.8,snake,Snake,Squamata,order,reptilia,UTM,EPSG:32643,Converted from UTM coordinates (grid 43 P of UTM Zone 43 N) to decimal degrees using QGIS,718162,1138101,76.9920214160226,10.2895223234431,tea,1,present,NA
249,monsoon,Chinnakallar,c7,2011-10-05,05/10/2011,6.8,shield tail,Shieldtail,Uropeltidae,family,reptilia,UTM,EPSG:32643,Converted from UTM coordinates (grid 43 P of UTM Zone 43 N) to decimal degrees using QGIS,718814,1138020,76.9979676725585,10.2887535051979,forest_tea,1,present,NA
250,monsoon,Chinnakallar,c7,2011-10-05,05/10/2011,6.8,shield tail,Shieldtail,Uropeltidae,family,reptilia,UTM,EPSG:32643,Converted from UTM coordinates (grid 43 P of UTM Zone 43 N) to decimal degrees using QGIS,717250,1137624,76.9836705425525,10.2852618466296,tea,1,present,NA
251,monsoon,Chinnakallar,c7,2011-10-05,05/10/2011,6.8,spider,Spider,Araneae,order,arachnida,UTM,EPSG:32643,Converted from UTM coordinates (grid 43 P of UTM Zone 43 N) to decimal degrees using QGIS,717064,1137415,76.9819611283191,10.2833830939071,tea,1,present,big one
252,monsoon,Chinnakallar,c8,2011-10-15,15/10/2011,6.8,frog,Frog,Anura,order,amphibia,UTM,EPSG:32643,Converted from UTM coordinates (grid 43 P of UTM Zone 43 N) to decimal degrees using QGIS,720950,1138932,77.0175153286046,10.2968759791651,forest_tea,1,present,NA
253,monsoon,Chinnakallar,c8,2011-10-15,15/10/2011,6.8,glow worm,Glowworm,Lampyridae,family,insecta,UTM,EPSG:32643,Converted from UTM coordinates (grid 43 P of UTM Zone 43 N) to decimal degrees using QGIS,721063,1139004,77.0185508394019,10.2975203370465,forest_tea,1,present,NA
254,monsoon,Chinnakallar,c8,2011-10-15,15/10/2011,6.8,glow worm,Glowworm,Lampyridae,family,insecta,UTM,EPSG:32643,Converted from UTM coordinates (grid 43 P of UTM Zone 43 N) to decimal degrees using QGIS,719264,1137975,77.0020722765412,10.2883213864435,forest_tea,1,present,NA
255,monsoon,Chinnakallar,c8,2011-10-15,15/10/2011,6.8,millipede,Millipede,Diplopoda,class,diplopoda,UTM,EPSG:32643,Converted from UTM coordinates (grid 43 P of UTM Zone 43 N) to decimal degrees using QGIS,718177,1138100,76.9921582659257,10.2895124421493,tea,1,present,NA
256,monsoon,Chinnakallar,c8,2011-10-15,15/10/2011,6.8,mouse,Mouse,Muridae,family,mammalia,UTM,EPSG:32643,Converted from UTM coordinates (grid 43 P of UTM Zone 43 N) to decimal degrees using QGIS,719626,1138027,77.0053792214032,10.2887709604692,forest,1,present,NA
257,monsoon,Chinnakallar,c8,2011-10-15,15/10/2011,6.8,shield tail,Shieldtail,Uropeltidae,family,reptilia,UTM,EPSG:32643,Converted from UTM coordinates (grid 43 P of UTM Zone 43 N) to decimal degrees using QGIS,720555,1138424,77.0138809530494,10.2923067349951,tea,1,present,NA
258,monsoon,Chinnakallar,c8,2011-10-15,15/10/2011,6.8,shield tail,Shieldtail,Uropeltidae,family,reptilia,UTM,EPSG:32643,Converted from UTM coordinates (grid 43 P of UTM Zone 43 N) to decimal degrees using QGIS,718573,1138063,76.9957704941161,10.2891557433517,forest_tea,1,present,NA
259,monsoon,Chinnakallar,c8,2011-10-15,15/10/2011,6.8,snail,Snail,Gastropoda,class,mollusca,UTM,EPSG:32643,Converted from UTM coordinates (grid 43 P of UTM Zone 43 N) to decimal degrees using QGIS,719227,1137967,77.0017341210783,10.2882511634097,forest_tea,1,present,NA
260,monsoon,Chinnakallar,c8,2011-10-15,15/10/2011,6.8,snail,Snail,Gastropoda,class,mollusca,UTM,EPSG:32643,Converted from UTM coordinates (grid 43 P of UTM Zone 43 N) to decimal degrees using QGIS,718734,1138011,76.9972369965501,10.2886766600063,forest_tea,1,present,NA
261,monsoon,Chinnakallar,c9,2011-10-24,24/10/2011,6.8,caecilian,Caecilian,Gymnophiona,order,amphibia,UTM,EPSG:32643,Converted from UTM coordinates (grid 43 P of UTM Zone 43 N) to decimal degrees using QGIS,719163,1137969,77.0011501057951,10.2882728517194,forest_tea,1,present,NA
262,monsoon,Chinnakallar,c9,2011-10-24,24/10/2011,6.8,crab,Crabs,Decapoda,order,crustacea,UTM,EPSG:32643,Converted from UTM coordinates (grid 43 P of UTM Zone 43 N) to decimal degrees using QGIS,720469,1138384,77.013093732473,10.2919500659431,tea,1,present,NA
263,monsoon,Chinnakallar,c9,2011-10-24,24/10/2011,6.8,mouse,Mouse,Muridae,family,mammalia,UTM,EPSG:32643,Converted from UTM coordinates (grid 43 P of UTM Zone 43 N) to decimal degrees using QGIS,717352,1138073,76.9846268596478,10.2893146353457,tea,1,present,NA
264,monsoon,Chinnakallar,c9,2011-10-24,24/10/2011,6.8,pill millipede,Pill millipede,Diplopoda,class,diplopoda,UTM,EPSG:32643,Converted from UTM coordinates (grid 43 P of UTM Zone 43 N) to decimal degrees using QGIS,718287,1137983,76.9931556094842,10.2884487105894,tea,1,present,NA
265,monsoon,Chinnakallar,c9,2011-10-24,24/10/2011,6.8,pill millipede,Pill millipede,Diplopoda,class,diplopoda,UTM,EPSG:32643,Converted from UTM coordinates (grid 43 P of UTM Zone 43 N) to decimal degrees using QGIS,721109,1139049,77.0189732783543,10.2979244613904,forest_tea,1,present,NA
266,monsoon,Chinnakallar,c9,2011-10-24,24/10/2011,6.8,shield tail,Shieldtail,Uropeltidae,family,reptilia,UTM,EPSG:32643,Converted from UTM coordinates (grid 43 P of UTM Zone 43 N) to decimal degrees using QGIS,717974,1138179,76.9903099381396,10.2902379124531,tea,1,present,NA
267,monsoon,Chinnakallar,c9,2011-10-24,24/10/2011,6.8,toad,Toad,Anura,order,amphibia,UTM,EPSG:32643,Converted from UTM coordinates (grid 43 P of UTM Zone 43 N) to decimal degrees using QGIS,720720,1138544,77.0153938047188,10.2933820154913,tea,1,present,NA
268,monsoon,Chinnakallar,c9,2011-10-24,24/10/2011,6.8,toad,Toad,Anura,order,amphibia,UTM,EPSG:32643,Converted from UTM coordinates (grid 43 P of UTM Zone 43 N) to decimal degrees using QGIS,717263,1137587,76.9837871054783,10.2849266783048,tea,1,present,NA
269,monsoon,Chinnakallar,c10,2011-11-01,01/11/2011,6.8,caecilian,Caecilian,Gymnophiona,order,amphibia,UTM,EPSG:32643,Converted from UTM coordinates (grid 43 P of UTM Zone 43 N) to decimal degrees using QGIS,717314,1137945,76.9842727987534,10.2881597745227,tea,1,present,NA
270,monsoon,Chinnakallar,c10,2011-11-01,01/11/2011,6.8,millipede,Millipede,Diplopoda,class,diplopoda,UTM,EPSG:32643,Converted from UTM coordinates (grid 43 P of UTM Zone 43 N) to decimal degrees using QGIS,717267,1137712,76.9838306696732,10.2860563249953,tea,4,present,NA
271,monsoon,Chinnakallar,c10,2011-11-01,01/11/2011,6.8,Indian crested porcupine,Indian crested porcupine,Hystrix indica,species,mammalia,UTM,EPSG:32643,Converted from UTM coordinates (grid 43 P of UTM Zone 43 N) to decimal degrees using QGIS,720451,1138369,77.0129285856989,10.2918155056855,tea,1,present,NA
272,monsoon,Chinnakallar,c10,2011-11-01,01/11/2011,6.8,shield tail,Shieldtail,Uropeltidae,family,reptilia,UTM,EPSG:32643,Converted from UTM coordinates (grid 43 P of UTM Zone 43 N) to decimal degrees using QGIS,720939,1138842,77.0174097576577,10.2960631159197,forest,1,present,NA
273,monsoon,Chinnakallar,c10,2011-11-01,01/11/2011,6.8,toad,Toad,Anura,order,amphibia,UTM,EPSG:32643,Converted from UTM coordinates (grid 43 P of UTM Zone 43 N) to decimal degrees using QGIS,719063,1137942,77.0002358663109,10.2880344416569,forest_tea,1,present,NA
274,monsoon,Old Valparai,t1,2011-08-12,12/08/2011,6.1,caecilian,Caecilian,Gymnophiona,order,amphibia,UTM,EPSG:32643,Converted from UTM coordinates (grid 43 P of UTM Zone 43 N) to decimal degrees using QGIS,711707,1145597,76.9335187896094,10.3576374202279,coffee,1,present,NA
275,monsoon,Old Valparai,t1,2011-08-12,12/08/2011,6.1,earthworm,Earthworm,Annelida,phylum,annelida,UTM,EPSG:32643,Converted from UTM coordinates (grid 43 P of UTM Zone 43 N) to decimal degrees using QGIS,711950,1145314,76.9357215330729,10.3550659913554,coffee,1,present,NA
276,monsoon,Old Valparai,t1,2011-08-12,12/08/2011,6.1,earthworm,Earthworm,Annelida,phylum,annelida,UTM,EPSG:32643,Converted from UTM coordinates (grid 43 P of UTM Zone 43 N) to decimal degrees using QGIS,711605,1145518,76.9325832159302,10.3569289182576,coffee,1,present,NA
277,monsoon,Old Valparai,t1,2011-08-12,12/08/2011,6.1,frog,Frog,Anura,order,amphibia,UTM,EPSG:32643,Converted from UTM coordinates (grid 43 P of UTM Zone 43 N) to decimal degrees using QGIS,712422,1145078,76.9400174437163,10.3529068009331,forest,1,present,NA
278,monsoon,Old Valparai,t1,2011-08-12,12/08/2011,6.1,frog,Frog,Anura,order,amphibia,UTM,EPSG:32643,Converted from UTM coordinates (grid 43 P of UTM Zone 43 N) to decimal degrees using QGIS,712093,1145027,76.937011097438,10.3524638917815,coffee,1,present,NA
279,monsoon,Old Valparai,t1,2011-08-12,12/08/2011,6.1,frog,Frog,Anura,order,amphibia,UTM,EPSG:32643,Converted from UTM coordinates (grid 43 P of UTM Zone 43 N) to decimal degrees using QGIS,711934,1145169,76.9355674234127,10.3537561879715,coffee,1,present,NA
280,monsoon,Old Valparai,t1,2011-08-12,12/08/2011,6.1,frog,Frog,Anura,order,amphibia,UTM,EPSG:32643,Converted from UTM coordinates (grid 43 P of UTM Zone 43 N) to decimal degrees using QGIS,712405,1145076,76.9398621358132,10.3528896579806,forest,1,present,NA
281,monsoon,Old Valparai,t1,2011-08-12,12/08/2011,6.1,frog,Frog,Anura,order,amphibia,UTM,EPSG:32643,Converted from UTM coordinates (grid 43 P of UTM Zone 43 N) to decimal degrees using QGIS,712303,1145041,76.9389290110391,10.3525788977401,forest,1,present,NA
282,monsoon,Old Valparai,t1,2011-08-12,12/08/2011,6.1,frog,Frog,Anura,order,amphibia,UTM,EPSG:32643,Converted from UTM coordinates (grid 43 P of UTM Zone 43 N) to decimal degrees using QGIS,712283,1145032,76.9387459268707,10.3524986449919,forest,1,present,NA
283,monsoon,Old Valparai,t1,2011-08-12,12/08/2011,6.1,frog,Frog,Anura,order,amphibia,UTM,EPSG:32643,Converted from UTM coordinates (grid 43 P of UTM Zone 43 N) to decimal degrees using QGIS,712229,1145002,76.9382512835492,10.3522304386798,forest,1,present,NA
284,monsoon,Old Valparai,t1,2011-08-12,12/08/2011,6.1,frog,Frog,Anura,order,amphibia,UTM,EPSG:32643,Converted from UTM coordinates (grid 43 P of UTM Zone 43 N) to decimal degrees using QGIS,712195,1144982,76.9379397801632,10.3520515240408,forest,1,present,NA
285,monsoon,Old Valparai,t1,2011-08-12,12/08/2011,6.1,frog,Frog,Anura,order,amphibia,UTM,EPSG:32643,Converted from UTM coordinates (grid 43 P of UTM Zone 43 N) to decimal degrees using QGIS,711947,1144776,76.9356643147943,10.3502030737989,forest,1,present,NA
286,monsoon,Old Valparai,t1,2011-08-12,12/08/2011,6.1,frog,Frog,Anura,order,amphibia,UTM,EPSG:32643,Converted from UTM coordinates (grid 43 P of UTM Zone 43 N) to decimal degrees using QGIS,711935,1144838,76.935558201543,10.3507641620941,coffee_forest,1,present,NA
287,monsoon,Old Valparai,t1,2011-08-12,12/08/2011,6.1,frog,Frog,Anura,order,amphibia,UTM,EPSG:32643,Converted from UTM coordinates (grid 43 P of UTM Zone 43 N) to decimal degrees using QGIS,712033,1144946,76.9364588511016,10.3517350137335,coffee_forest,1,present,NA
288,monsoon,Old Valparai,t1,2011-08-12,12/08/2011,6.1,millipede,Millipede,Diplopoda,class,diplopoda,UTM,EPSG:32643,Converted from UTM coordinates (grid 43 P of UTM Zone 43 N) to decimal degrees using QGIS,711882,1144753,76.9350696443019,10.3499987394908,coffee_forest,1,present,NA
289,monsoon,Old Valparai,t1,2011-08-12,12/08/2011,6.1,pill millipede,Pill millipede,Diplopoda,class,diplopoda,UTM,EPSG:32643,Converted from UTM coordinates (grid 43 P of UTM Zone 43 N) to decimal degrees using QGIS,712148,1144948,76.9375088205094,10.3517467748977,forest,1,present,NA
290,monsoon,Old Valparai,t1,2011-08-12,12/08/2011,6.1,pill millipede,Pill millipede,Diplopoda,class,diplopoda,UTM,EPSG:32643,Converted from UTM coordinates (grid 43 P of UTM Zone 43 N) to decimal degrees using QGIS,711984,1144892,76.9360085256184,10.3512495883615,coffee_forest,1,present,NA
291,monsoon,Old Valparai,t1,2011-08-12,12/08/2011,6.1,pill millipede,Pill millipede,Diplopoda,class,diplopoda,UTM,EPSG:32643,Converted from UTM coordinates (grid 43 P of UTM Zone 43 N) to decimal degrees using QGIS,711949,1145302,76.9357117382374,10.35495757605,coffee,1,present,NA
292,monsoon,Old Valparai,t1,2011-08-12,12/08/2011,6.1,praying mantis,Praying mantis,Mantodea,order,insecta,UTM,EPSG:32643,Converted from UTM coordinates (grid 43 P of UTM Zone 43 N) to decimal degrees using QGIS,711992,1144825,76.9360778440946,10.3506435237281,forest,1,present,NA
293,monsoon,Old Valparai,t1,2011-08-12,12/08/2011,6.1,praying mantis,Praying mantis,Mantodea,order,insecta,UTM,EPSG:32643,Converted from UTM coordinates (grid 43 P of UTM Zone 43 N) to decimal degrees using QGIS,711883,1144754,76.935078828881,10.350007723813,coffee_forest,1,present,NA
294,monsoon,Old Valparai,t1,2011-08-12,12/08/2011,6.1,shield tail,Shieldtail,Uropeltidae,family,reptilia,UTM,EPSG:32643,Converted from UTM coordinates (grid 43 P of UTM Zone 43 N) to decimal degrees using QGIS,711953,1145333,76.9357499747818,10.355237571121,coffee,1,present,NA
295,monsoon,Old Valparai,t1,2011-08-12,12/08/2011,6.1,snail,Snail,Gastropoda,class,mollusca,UTM,EPSG:32643,Converted from UTM coordinates (grid 43 P of UTM Zone 43 N) to decimal degrees using QGIS,712129,1144933,76.9373345333426,10.3516122311739,forest,1,present,NA
296,monsoon,Old Valparai,t1,2011-08-12,12/08/2011,6.1,snail,Snail,Gastropoda,class,mollusca,UTM,EPSG:32643,Converted from UTM coordinates (grid 43 P of UTM Zone 43 N) to decimal degrees using QGIS,711955,1145353,76.9357693426865,10.3554182449782,coffee,1,present,NA
297,monsoon,Old Valparai,t1,2011-08-12,12/08/2011,6.1,snail,Snail,Gastropoda,class,mollusca,UTM,EPSG:32643,Converted from UTM coordinates (grid 43 P of UTM Zone 43 N) to decimal degrees using QGIS,711824,1145558,76.9345847660382,10.3572784708843,coffee,1,present,NA
298,monsoon,Old Valparai,t1,2011-08-12,12/08/2011,6.1,toad,Toad,Anura,order,amphibia,UTM,EPSG:32643,Converted from UTM coordinates (grid 43 P of UTM Zone 43 N) to decimal degrees using QGIS,712068,1144875,76.9367744348254,10.3510913096057,forest,1,present,NA
299,monsoon,Old Valparai,t1,2011-08-12,12/08/2011,6.1,toad,Toad,Anura,order,amphibia,UTM,EPSG:32643,Converted from UTM coordinates (grid 43 P of UTM Zone 43 N) to decimal degrees using QGIS,711771,1145594,76.9341029043856,10.357606790776,coffee,1,present,NA
300,monsoon,Old Valparai,t1,2011-08-12,12/08/2011,6.1,toad,Toad,Anura,order,amphibia,UTM,EPSG:32643,Converted from UTM coordinates (grid 43 P of UTM Zone 43 N) to decimal degrees using QGIS,712023,1144840,76.936361680396,10.3507774094399,forest,1,present,NA
301,monsoon,Old Valparai,t1,2011-08-12,12/08/2011,6.1,toad,Toad,Anura,order,amphibia,UTM,EPSG:32643,Converted from UTM coordinates (grid 43 P of UTM Zone 43 N) to decimal degrees using QGIS,711972,1144805,76.9358941517117,10.3504638379618,forest,1,present,NA
302,monsoon,Old Valparai,t1,2011-08-12,12/08/2011,6.1,toad,Toad,Anura,order,amphibia,UTM,EPSG:32643,Converted from UTM coordinates (grid 43 P of UTM Zone 43 N) to decimal degrees using QGIS,711958,1144790,76.9357655117313,10.3503290186519,forest,1,present,NA
303,monsoon,Old Valparai,t1,2011-08-12,12/08/2011,6.1,toad,Toad,Anura,order,amphibia,UTM,EPSG:32643,Converted from UTM coordinates (grid 43 P of UTM Zone 43 N) to decimal degrees using QGIS,711983,1144890,76.9359992855268,10.3512315648923,coffee_forest,1,present,NA
304,monsoon,Old Valparai,t1,2011-08-12,12/08/2011,6.1,toad,Toad,Anura,order,amphibia,UTM,EPSG:32643,Converted from UTM coordinates (grid 43 P of UTM Zone 43 N) to decimal degrees using QGIS,711993,1144902,76.9360912428834,10.3513394860835,coffee_forest,1,present,NA
305,monsoon,Old Valparai,t1,2011-08-12,12/08/2011,6.1,toad,Toad,Anura,order,amphibia,UTM,EPSG:32643,Converted from UTM coordinates (grid 43 P of UTM Zone 43 N) to decimal degrees using QGIS,712055,1145140,76.9366704557566,10.3534874066347,coffee,1,present,NA
306,monsoon,Old Valparai,t1,2011-08-12,12/08/2011,6.1,toad,Toad,Anura,order,amphibia,UTM,EPSG:32643,Converted from UTM coordinates (grid 43 P of UTM Zone 43 N) to decimal degrees using QGIS,711940,1145143,76.9356207573154,10.3535208397111,coffee,1,present,NA
307,monsoon,Old Valparai,t1,2011-08-12,12/08/2011,6.1,toad,Toad,Anura,order,amphibia,UTM,EPSG:32643,Converted from UTM coordinates (grid 43 P of UTM Zone 43 N) to decimal degrees using QGIS,711941,1145227,76.9356345445749,10.3542800764295,coffee,1,present,NA
308,monsoon,Old Valparai,t1,2011-08-12,12/08/2011,6.1,snake,Pitviper,Craspedocephalus,genus,reptilia,UTM,EPSG:32643,Converted from UTM coordinates (grid 43 P of UTM Zone 43 N) to decimal degrees using QGIS,711383,1145402,76.930550075609,10.3558925365845,coffee,1,present,VIPER SNAKE
309,monsoon,Old Valparai,t2,2011-08-20,20/08/2011,6.1,caecilian,Caecilian,Gymnophiona,order,amphibia,UTM,EPSG:32643,Converted from UTM coordinates (grid 43 P of UTM Zone 43 N) to decimal degrees using QGIS,711808,1144078,76.9343567056478,10.3439013413658,eucalyptus_tea,1,present,NA
310,monsoon,Old Valparai,t2,2011-08-20,20/08/2011,6.1,caecilian,Caecilian,Gymnophiona,order,amphibia,UTM,EPSG:32643,Converted from UTM coordinates (grid 43 P of UTM Zone 43 N) to decimal degrees using QGIS,712350,1145059,76.9393590841496,10.3527390178453,forest,1,present,NA
311,monsoon,Old Valparai,t2,2011-08-20,20/08/2011,6.1,caecilian,Caecilian,Gymnophiona,order,amphibia,UTM,EPSG:32643,Converted from UTM coordinates (grid 43 P of UTM Zone 43 N) to decimal degrees using QGIS,711913,1142753,76.9352419044935,10.3319186484216,tea,1,present,NA
312,monsoon,Old Valparai,t2,2011-08-20,20/08/2011,6.1,caecilian,Caecilian,Gymnophiona,order,amphibia,UTM,EPSG:32643,Converted from UTM coordinates (grid 43 P of UTM Zone 43 N) to decimal degrees using QGIS,711895,1143004,76.9350914749264,10.3341884737419,tea,1,present,NA
313,monsoon,Old Valparai,t2,2011-08-20,20/08/2011,6.1,earthworm,Earthworm,Annelida,phylum,annelida,UTM,EPSG:32643,Converted from UTM coordinates (grid 43 P of UTM Zone 43 N) to decimal degrees using QGIS,711859,1142604,76.9347407176691,10.3305747647982,tea,1,present,NA
314,monsoon,Old Valparai,t2,2011-08-20,20/08/2011,6.1,frog,Frog,Anura,order,amphibia,UTM,EPSG:32643,Converted from UTM coordinates (grid 43 P of UTM Zone 43 N) to decimal degrees using QGIS,711957,1142805,76.9356464419881,10.3323862762009,tea,1,present,NA
315,monsoon,Old Valparai,t2,2011-08-20,20/08/2011,6.1,frog,Frog,Anura,order,amphibia,UTM,EPSG:32643,Converted from UTM coordinates (grid 43 P of UTM Zone 43 N) to decimal degrees using QGIS,711865,1144129,76.9348798823251,10.3443592153698,eucalyptus_tea,1,present,NA
316,monsoon,Old Valparai,t2,2011-08-20,20/08/2011,6.1,frog,Frog,Anura,order,amphibia,UTM,EPSG:32643,Converted from UTM coordinates (grid 43 P of UTM Zone 43 N) to decimal degrees using QGIS,711611,1145521,76.9326381583458,10.3569557068467,coffee,1,present,NA
317,monsoon,Old Valparai,t2,2011-08-20,20/08/2011,6.1,millipede,Millipede,Diplopoda,class,diplopoda,UTM,EPSG:32643,Converted from UTM coordinates (grid 43 P of UTM Zone 43 N) to decimal degrees using QGIS,711845,1143410,76.9346575020028,10.3378611284549,forest,1,present,NA
318,monsoon,Old Valparai,t2,2011-08-20,20/08/2011,6.1,shield tail,Shieldtail,Uropeltidae,family,reptilia,UTM,EPSG:32643,Converted from UTM coordinates (grid 43 P of UTM Zone 43 N) to decimal degrees using QGIS,711863,1144125,76.9348614028092,10.3443231682551,eucalyptus_tea,1,present,NA
319,monsoon,Old Valparai,t2,2011-08-20,20/08/2011,6.1,shield tail,Shieldtail,Uropeltidae,family,reptilia,UTM,EPSG:32643,Converted from UTM coordinates (grid 43 P of UTM Zone 43 N) to decimal degrees using QGIS,712053,1144447,76.9366137623618,10.3472233629696,eucalyptus_tea,1,present,NA
320,monsoon,Old Valparai,t2,2011-08-20,20/08/2011,6.1,shield tail,Shieldtail,Uropeltidae,family,reptilia,UTM,EPSG:32643,Converted from UTM coordinates (grid 43 P of UTM Zone 43 N) to decimal degrees using QGIS,711302,1145373,76.9298089938004,10.3556348349561,coffee,1,present,NA
321,monsoon,Old Valparai,t2,2011-08-20,20/08/2011,6.1,snail,Snail,Gastropoda,class,mollusca,UTM,EPSG:32643,Converted from UTM coordinates (grid 43 P of UTM Zone 43 N) to decimal degrees using QGIS,711893,1144250,76.9351421964276,10.3454514223534,eucalyptus_tea,1,present,NA
322,monsoon,Old Valparai,t2,2011-08-20,20/08/2011,6.1,snail,Snail,Gastropoda,class,mollusca,UTM,EPSG:32643,Converted from UTM coordinates (grid 43 P of UTM Zone 43 N) to decimal degrees using QGIS,712343,1144751,76.9392780723661,10.3499553391982,eucalyptus_tea,1,present,NA
323,monsoon,Old Valparai,t2,2011-08-20,20/08/2011,6.1,toad,Toad,Anura,order,amphibia,UTM,EPSG:32643,Converted from UTM coordinates (grid 43 P of UTM Zone 43 N) to decimal degrees using QGIS,711788,1143973,76.9341683137174,10.3429533216811,eucalyptus_tea,1,present,NA
324,monsoon,Old Valparai,t2,2011-08-20,20/08/2011,6.1,toad,Toad,Anura,order,amphibia,UTM,EPSG:32643,Converted from UTM coordinates (grid 43 P of UTM Zone 43 N) to decimal degrees using QGIS,712203,1144987,76.9380130913757,10.3520962802166,forest,1,present,NA
325,monsoon,Old Valparai,t2,2011-08-20,20/08/2011,6.1,toad,Toad,Anura,order,amphibia,UTM,EPSG:32643,Converted from UTM coordinates (grid 43 P of UTM Zone 43 N) to decimal degrees using QGIS,711878,1144748,76.9350328505773,10.3499537630068,coffee_forest,1,present,NA
326,monsoon,Old Valparai,t2,2011-08-20,20/08/2011,6.1,toad,Toad,Anura,order,amphibia,UTM,EPSG:32643,Converted from UTM coordinates (grid 43 P of UTM Zone 43 N) to decimal degrees using QGIS,711575,1145510,76.9323088915849,10.3568582495604,coffee,1,present,NA
327,monsoon,Old Valparai,t3,2011-08-30,30/08/2011,6.1,brown palm civet,Brown palm civet,Paradoxurus jerdoni,species,mammalia,UTM,EPSG:32643,Converted from UTM coordinates (grid 43 P of UTM Zone 43 N) to decimal degrees using QGIS,711835,1143441,76.9345679292271,10.3381418915946,forest,1,present,NA
328,monsoon,Old Valparai,t3,2011-08-30,30/08/2011,6.1,frog,Frog,Anura,order,amphibia,UTM,EPSG:32643,Converted from UTM coordinates (grid 43 P of UTM Zone 43 N) to decimal degrees using QGIS,711857,1144714,76.9348392543011,10.3496475826211,coffee_forest,1,present,NA
329,monsoon,Old Valparai,t3,2011-08-30,30/08/2011,6.1,frog,Frog,Anura,order,amphibia,UTM,EPSG:32643,Converted from UTM coordinates (grid 43 P of UTM Zone 43 N) to decimal degrees using QGIS,711953,1145316,76.9357490319176,10.3550839049822,coffee,1,present,NA
330,monsoon,Old Valparai,t3,2011-08-30,30/08/2011,6.1,frog,Frog,Anura,order,amphibia,UTM,EPSG:32643,Converted from UTM coordinates (grid 43 P of UTM Zone 43 N) to decimal degrees using QGIS,711954,1145341,76.9357595478015,10.3553098296815,coffee,1,present,NA
331,monsoon,Old Valparai,t3,2011-08-30,30/08/2011,6.1,jungle palm squirrel,Jungle striped squirrel,Funambulus tristriatus,species,mammalia,UTM,EPSG:32643,Converted from UTM coordinates (grid 43 P of UTM Zone 43 N) to decimal degrees using QGIS,711781,1143557,76.9340813903026,10.3391933975357,tea,1,present,NA
332,monsoon,Old Valparai,t3,2011-08-30,30/08/2011,6.1,shield tail,Shieldtail,Uropeltidae,family,reptilia,UTM,EPSG:32643,Converted from UTM coordinates (grid 43 P of UTM Zone 43 N) to decimal degrees using QGIS,711970,1142873,76.9357688775895,10.3330002292764,tea,1,present,NA
333,monsoon,Old Valparai,t3,2011-08-30,30/08/2011,6.1,shield tail,Shieldtail,Uropeltidae,family,reptilia,UTM,EPSG:32643,Converted from UTM coordinates (grid 43 P of UTM Zone 43 N) to decimal degrees using QGIS,711872,1143085,76.9348859959823,10.3349219090285,tea,1,present,NA
334,monsoon,Old Valparai,t3,2011-08-30,30/08/2011,6.1,shield tail,Shieldtail,Uropeltidae,family,reptilia,UTM,EPSG:32643,Converted from UTM coordinates (grid 43 P of UTM Zone 43 N) to decimal degrees using QGIS,712346,1144750,76.9393054042495,10.3499461350652,eucalyptus_tea,1,present,NA
335,monsoon,Old Valparai,t3,2011-08-30,30/08/2011,6.1,shield tail,Shieldtail,Uropeltidae,family,reptilia,UTM,EPSG:32643,Converted from UTM coordinates (grid 43 P of UTM Zone 43 N) to decimal degrees using QGIS,711983,1144818,76.9359952933855,10.3505807435229,forest,1,present,NA
336,monsoon,Old Valparai,t3,2011-08-30,30/08/2011,6.1,toad,Toad,Anura,order,amphibia,UTM,EPSG:32643,Converted from UTM coordinates (grid 43 P of UTM Zone 43 N) to decimal degrees using QGIS,711871,1143247,76.9348858308787,10.3363863142459,tea,1,present,NA
337,monsoon,Old Valparai,t3,2011-08-30,30/08/2011,6.1,toad,Toad,Anura,order,amphibia,UTM,EPSG:32643,Converted from UTM coordinates (grid 43 P of UTM Zone 43 N) to decimal degrees using QGIS,712161,1144958,76.9376280551004,10.3518364523286,forest,1,present,NA
338,monsoon,Old Valparai,t4,2011-09-06,06/09/2011,6.1,earthworm,Earthworm,Annelida,phylum,annelida,UTM,EPSG:32643,Converted from UTM coordinates (grid 43 P of UTM Zone 43 N) to decimal degrees using QGIS,712409,1144913,76.9398895956353,10.3514160541585,coffee_forest,1,present,NA
339,monsoon,Old Valparai,t4,2011-09-06,06/09/2011,6.1,frog,Frog,Anura,order,amphibia,UTM,EPSG:32643,Converted from UTM coordinates (grid 43 P of UTM Zone 43 N) to decimal degrees using QGIS,711904,1142739,76.9351589722701,10.3317925926093,tea,1,present,NA
340,monsoon,Old Valparai,t4,2011-09-06,06/09/2011,6.1,frog,Frog,Anura,order,amphibia,UTM,EPSG:32643,Converted from UTM coordinates (grid 43 P of UTM Zone 43 N) to decimal degrees using QGIS,711719,1143792,76.9335284006418,10.3413210068117,tea,1,present,NA
341,monsoon,Old Valparai,t4,2011-09-06,06/09/2011,6.1,frog,Frog,Anura,order,amphibia,UTM,EPSG:32643,Converted from UTM coordinates (grid 43 P of UTM Zone 43 N) to decimal degrees using QGIS,712041,1144414,76.9365023839371,10.3469257286177,eucalyptus_tea,1,present,NA
342,monsoon,Old Valparai,t4,2011-09-06,06/09/2011,6.1,frog,Frog,Anura,order,amphibia,UTM,EPSG:32643,Converted from UTM coordinates (grid 43 P of UTM Zone 43 N) to decimal degrees using QGIS,712381,1145069,76.9396426455519,10.3528277042255,forest,1,present,NA
343,monsoon,Old Valparai,t4,2011-09-06,06/09/2011,6.1,frog,Frog,Anura,order,amphibia,UTM,EPSG:32643,Converted from UTM coordinates (grid 43 P of UTM Zone 43 N) to decimal degrees using QGIS,711951,1145120,76.9357199038017,10.3533123344918,coffee,1,present,NA
344,monsoon,Old Valparai,t4,2011-09-06,06/09/2011,6.1,frog,Frog,Anura,order,amphibia,UTM,EPSG:32643,Converted from UTM coordinates (grid 43 P of UTM Zone 43 N) to decimal degrees using QGIS,711942,1145232,76.9356439511339,10.3543252174506,coffee,1,present,NA
345,monsoon,Old Valparai,t4,2011-09-06,06/09/2011,6.1,frog,Frog,Anura,order,amphibia,UTM,EPSG:32643,Converted from UTM coordinates (grid 43 P of UTM Zone 43 N) to decimal degrees using QGIS,711951,1145317,76.9357308287646,10.3550930539958,coffee,1,present,NA
346,monsoon,Old Valparai,t4,2011-09-06,06/09/2011,6.1,frog,Frog,Anura,order,amphibia,UTM,EPSG:32643,Converted from UTM coordinates (grid 43 P of UTM Zone 43 N) to decimal degrees using QGIS,711935,1145413,76.9355900839925,10.3559616943783,coffee,1,present,NA
347,monsoon,Old Valparai,t4,2011-09-06,06/09/2011,6.1,mouse,Mouse,Muridae,family,mammalia,UTM,EPSG:32643,Converted from UTM coordinates (grid 43 P of UTM Zone 43 N) to decimal degrees using QGIS,711990,1144898,76.9360636334894,10.3513034940561,coffee_forest,1,present,NA
348,monsoon,Old Valparai,t4,2011-09-06,06/09/2011,6.1,snail,Snail,Gastropoda,class,mollusca,UTM,EPSG:32643,Converted from UTM coordinates (grid 43 P of UTM Zone 43 N) to decimal degrees using QGIS,711950,1145308,76.9357212003061,10.3550117562462,coffee,1,present,NA
349,monsoon,Old Valparai,t4,2011-09-06,06/09/2011,6.1,toad,Toad,Anura,order,amphibia,UTM,EPSG:32643,Converted from UTM coordinates (grid 43 P of UTM Zone 43 N) to decimal degrees using QGIS,711892,1144721,76.9351591626047,10.3497089366859,forest,1,present,NA
350,monsoon,Old Valparai,t4,2011-09-06,06/09/2011,6.1,toad,Toad,Anura,order,amphibia,UTM,EPSG:32643,Converted from UTM coordinates (grid 43 P of UTM Zone 43 N) to decimal degrees using QGIS,711830,1144647,76.9345890554574,10.349043437752,coffee_forest,1,present,NA
351,monsoon,Old Valparai,t4,2011-09-06,06/09/2011,6.1,toad,Toad,Anura,order,amphibia,UTM,EPSG:32643,Converted from UTM coordinates (grid 43 P of UTM Zone 43 N) to decimal degrees using QGIS,712112,1145081,76.9371875491739,10.3529509635655,coffee,1,present,NA
352,monsoon,Old Valparai,t5,2011-09-14,14/09/2011,6.1,centipede,Centipede,Chilopoda,class,chilopoda,UTM,EPSG:32643,Converted from UTM coordinates (grid 43 P of UTM Zone 43 N) to decimal degrees using QGIS,711512,1145482,76.931732190745,10.3566086053613,coffee,1,present,NA
353,monsoon,Old Valparai,t5,2011-09-14,14/09/2011,6.1,snake,Snake,Squamata,order,reptilia,UTM,EPSG:32643,Converted from UTM coordinates (grid 43 P of UTM Zone 43 N) to decimal degrees using QGIS,711473,1145463,76.9313750936031,10.3564389977658,coffee,1,present,NA
354,monsoon,Old Valparai,t5,2011-09-14,14/09/2011,6.1,earthworm,Earthworm,Annelida,phylum,annelida,UTM,EPSG:32643,Converted from UTM coordinates (grid 43 P of UTM Zone 43 N) to decimal degrees using QGIS,712012,1144379,76.9362357008921,10.3466109488778,eucalyptus_tea,1,present,NA
355,monsoon,Old Valparai,t5,2011-09-14,14/09/2011,6.1,frog,Frog,Anura,order,amphibia,UTM,EPSG:32643,Converted from UTM coordinates (grid 43 P of UTM Zone 43 N) to decimal degrees using QGIS,711871,1143087,76.9348769779068,10.3349400422142,tea,1,present,NA
356,monsoon,Old Valparai,t5,2011-09-14,14/09/2011,6.1,frog,Frog,Anura,order,amphibia,UTM,EPSG:32643,Converted from UTM coordinates (grid 43 P of UTM Zone 43 N) to decimal degrees using QGIS,711501,1145477,76.9316314908752,10.3565640122121,coffee,1,present,NA
357,monsoon,Old Valparai,t5,2011-09-14,14/09/2011,6.1,frog,Frog,Anura,order,amphibia,UTM,EPSG:32643,Converted from UTM coordinates (grid 43 P of UTM Zone 43 N) to decimal degrees using QGIS,711458,1145456,76.9312377656635,10.3563765452455,coffee,1,present,NA
358,monsoon,Old Valparai,t5,2011-09-14,14/09/2011,6.1,frog,Frog,Anura,order,amphibia,UTM,EPSG:32643,Converted from UTM coordinates (grid 43 P of UTM Zone 43 N) to decimal degrees using QGIS,711870,1143250,76.934876868112,10.3364134866374,tea,1,present,NA
359,monsoon,Old Valparai,t5,2011-09-14,14/09/2011,6.1,frog,Frog,Anura,order,amphibia,UTM,EPSG:32643,Converted from UTM coordinates (grid 43 P of UTM Zone 43 N) to decimal degrees using QGIS,711801,1144005,76.9342887616126,10.3432418635527,eucalyptus_tea,2,present,NA
360,monsoon,Old Valparai,t5,2011-09-14,14/09/2011,6.1,frog,Frog,Anura,order,amphibia,UTM,EPSG:32643,Converted from UTM coordinates (grid 43 P of UTM Zone 43 N) to decimal degrees using QGIS,711994,1144824,76.9360960470009,10.3506343747409,forest,1,present,NA
361,monsoon,Old Valparai,t5,2011-09-14,14/09/2011,6.1,frog,Frog,Anura,order,amphibia,UTM,EPSG:32643,Converted from UTM coordinates (grid 43 P of UTM Zone 43 N) to decimal degrees using QGIS,711854,1144670,76.9348094290394,10.3492500227149,forest,1,present,NA
362,monsoon,Old Valparai,t5,2011-09-14,14/09/2011,6.1,frog,Frog,Anura,order,amphibia,UTM,EPSG:32643,Converted from UTM coordinates (grid 43 P of UTM Zone 43 N) to decimal degrees using QGIS,712066,1144993,76.9367627221679,10.3521580428315,coffee_forest,1,present,NA
363,monsoon,Old Valparai,t5,2011-09-14,14/09/2011,6.1,frog,Frog,Anura,order,amphibia,UTM,EPSG:32643,Converted from UTM coordinates (grid 43 P of UTM Zone 43 N) to decimal degrees using QGIS,711949,1145306,76.9357119600794,10.3549937327898,coffee,1,present,NA
364,monsoon,Old Valparai,t5,2011-09-14,14/09/2011,6.1,frog,Frog,Anura,order,amphibia,UTM,EPSG:32643,Converted from UTM coordinates (grid 43 P of UTM Zone 43 N) to decimal degrees using QGIS,711954,1145345,76.9357597696567,10.3553459864195,coffee,1,present,NA
365,monsoon,Old Valparai,t5,2011-09-14,14/09/2011,6.1,frog,Frog,Anura,order,amphibia,UTM,EPSG:32643,Converted from UTM coordinates (grid 43 P of UTM Zone 43 N) to decimal degrees using QGIS,711539,1145495,76.931979403518,10.3567246350836,coffee,2,present,NA
366,monsoon,Old Valparai,t5,2011-09-14,14/09/2011,6.1,mouse,Mouse,Muridae,family,mammalia,UTM,EPSG:32643,Converted from UTM coordinates (grid 43 P of UTM Zone 43 N) to decimal degrees using QGIS,712037,1144957,76.9364959780479,10.3518342250703,coffee_forest,1,present,NA
367,monsoon,Old Valparai,t5,2011-09-14,14/09/2011,6.1,shield tail,Shieldtail,Uropeltidae,family,reptilia,UTM,EPSG:32643,Converted from UTM coordinates (grid 43 P of UTM Zone 43 N) to decimal degrees using QGIS,711996,1144826,76.9361144162509,10.3506523433085,forest,1,present,NA
368,monsoon,Old Valparai,t5,2011-09-14,14/09/2011,6.1,shield tail,Shieldtail,Uropeltidae,family,reptilia,UTM,EPSG:32643,Converted from UTM coordinates (grid 43 P of UTM Zone 43 N) to decimal degrees using QGIS,711400,1145418,76.9307061598619,10.3560362328119,coffee,1,present,NA
369,monsoon,Old Valparai,t5,2011-09-14,14/09/2011,6.1,snail,Snail,Gastropoda,class,mollusca,UTM,EPSG:32643,Converted from UTM coordinates (grid 43 P of UTM Zone 43 N) to decimal degrees using QGIS,712022,1144405,76.936328432744,10.3468454188671,eucalyptus_tea,2,present,NA
370,monsoon,Old Valparai,t5,2011-09-14,14/09/2011,6.1,toad,Toad,Anura,order,amphibia,UTM,EPSG:32643,Converted from UTM coordinates (grid 43 P of UTM Zone 43 N) to decimal degrees using QGIS,711798,1143990,76.9342605443777,10.3431064399953,eucalyptus_tea,1,present,NA
371,monsoon,Old Valparai,t5,2011-09-14,14/09/2011,6.1,toad,Toad,Anura,order,amphibia,UTM,EPSG:32643,Converted from UTM coordinates (grid 43 P of UTM Zone 43 N) to decimal degrees using QGIS,711881,1144708,76.9350580215316,10.3495920307491,forest,1,present,NA
372,monsoon,Old Valparai,t5,2011-09-14,14/09/2011,6.1,toad,Toad,Anura,order,amphibia,UTM,EPSG:32643,Converted from UTM coordinates (grid 43 P of UTM Zone 43 N) to decimal degrees using QGIS,711895,1144776,76.9351895980623,10.3502059275562,coffee_forest,1,present,NA
373,monsoon,Old Valparai,t5,2011-09-14,14/09/2011,6.1,toad,Toad,Anura,order,amphibia,UTM,EPSG:32643,Converted from UTM coordinates (grid 43 P of UTM Zone 43 N) to decimal degrees using QGIS,712073,1145000,76.9368270150271,10.3522209325924,coffee_forest,1,present,NA
374,monsoon,Old Valparai,t5,2011-09-14,14/09/2011,6.1,toad,Toad,Anura,order,amphibia,UTM,EPSG:32643,Converted from UTM coordinates (grid 43 P of UTM Zone 43 N) to decimal degrees using QGIS,711672,1145568,76.9331976541462,10.3573772036238,coffee,1,present,NA
375,monsoon,Old Valparai,t6,2011-09-22,22/09/2011,6.1,beetle,Beetle,Coleoptera,order,insecta,UTM,EPSG:32643,Converted from UTM coordinates (grid 43 P of UTM Zone 43 N) to decimal degrees using QGIS,712441,1145085,76.9401912879524,10.3529690295596,forest,1,present,NA
376,monsoon,Old Valparai,t6,2011-09-22,22/09/2011,6.1,caterpillar,Caterpillar,Lepidoptera,order,insecta,UTM,EPSG:32643,Converted from UTM coordinates (grid 43 P of UTM Zone 43 N) to decimal degrees using QGIS,711946,1145127,76.9356746456736,10.3533758833136,coffee,1,present,NA
377,monsoon,Old Valparai,t6,2011-09-22,22/09/2011,6.1,caterpillar,Caterpillar,Lepidoptera,order,insecta,UTM,EPSG:32643,Converted from UTM coordinates (grid 43 P of UTM Zone 43 N) to decimal degrees using QGIS,711924,1144291,76.9354274678474,10.3458203288328,eucalyptus_tea,1,present,NA
378,monsoon,Old Valparai,t6,2011-09-22,22/09/2011,6.1,centipede,Centipede,Chilopoda,class,chilopoda,UTM,EPSG:32643,Converted from UTM coordinates (grid 43 P of UTM Zone 43 N) to decimal degrees using QGIS,711797,1143987,76.9342512493475,10.3430793772066,eucalyptus_tea,1,present,NA
379,monsoon,Old Valparai,t6,2011-09-22,22/09/2011,6.1,snake,Snake,Squamata,order,reptilia,UTM,EPSG:32643,Converted from UTM coordinates (grid 43 P of UTM Zone 43 N) to decimal degrees using QGIS,711875,1144743,76.9350051860253,10.3499087316502,coffee_forest,1,present,coral snake1
380,monsoon,Old Valparai,t6,2011-09-22,22/09/2011,6.1,crab,Crabs,Decapoda,order,crustacea,UTM,EPSG:32643,Converted from UTM coordinates (grid 43 P of UTM Zone 43 N) to decimal degrees using QGIS,711767,1145594,76.9340663868284,10.3576070102987,coffee,1,present,NA
381,monsoon,Old Valparai,t6,2011-09-22,22/09/2011,6.1,damselfly,Clear-winged forest glory,Vestalis gracilis,species,insecta,UTM,EPSG:32643,Converted from UTM coordinates (grid 43 P of UTM Zone 43 N) to decimal degrees using QGIS,711898,1144203,76.9351852381546,10.3450263060345,eucalyptus_tea,1,present,cwfglory
382,monsoon,Old Valparai,t6,2011-09-22,22/09/2011,6.1,earthworm,Earthworm,Annelida,phylum,annelida,UTM,EPSG:32643,Converted from UTM coordinates (grid 43 P of UTM Zone 43 N) to decimal degrees using QGIS,712111,1145077,76.9371781979708,10.3529148617968,coffee,1,present,NA
383,monsoon,Old Valparai,t6,2011-09-22,22/09/2011,6.1,frog,Frog,Anura,order,amphibia,UTM,EPSG:32643,Converted from UTM coordinates (grid 43 P of UTM Zone 43 N) to decimal degrees using QGIS,711740,1143694,76.9337146860039,10.3404340144373,tea,1,present,NA
384,monsoon,Old Valparai,t6,2011-09-22,22/09/2011,6.1,frog,Frog,Anura,order,amphibia,UTM,EPSG:32643,Converted from UTM coordinates (grid 43 P of UTM Zone 43 N) to decimal degrees using QGIS,711515,1145484,76.9317596895768,10.3566265193444,coffee,1,present,NA
385,monsoon,Old Valparai,t6,2011-09-22,22/09/2011,6.1,frog,Frog,Anura,order,amphibia,UTM,EPSG:32643,Converted from UTM coordinates (grid 43 P of UTM Zone 43 N) to decimal degrees using QGIS,711885,1144140,76.9350630715787,10.3444575497795,eucalyptus_tea,1,present,NA
386,monsoon,Old Valparai,t6,2011-09-22,22/09/2011,6.1,frog,Frog,Anura,order,amphibia,UTM,EPSG:32643,Converted from UTM coordinates (grid 43 P of UTM Zone 43 N) to decimal degrees using QGIS,712156,1144954,76.9375821870967,10.3518005703732,forest,1,present,NA
387,monsoon,Old Valparai,t6,2011-09-22,22/09/2011,6.1,frog,Frog,Anura,order,amphibia,UTM,EPSG:32643,Converted from UTM coordinates (grid 43 P of UTM Zone 43 N) to decimal degrees using QGIS,711945,1144773,76.9356458901637,10.3501760660078,forest,1,present,NA
388,monsoon,Old Valparai,t6,2011-09-22,22/09/2011,6.1,frog,Frog,Anura,order,amphibia,UTM,EPSG:32643,Converted from UTM coordinates (grid 43 P of UTM Zone 43 N) to decimal degrees using QGIS,711933,1144763,76.9355357858794,10.3500863327353,forest,1,present,NA
389,monsoon,Old Valparai,t6,2011-09-22,22/09/2011,6.1,frog,Frog,Anura,order,amphibia,UTM,EPSG:32643,Converted from UTM coordinates (grid 43 P of UTM Zone 43 N) to decimal degrees using QGIS,712109,1145074,76.9371597730252,10.3528878541489,coffee,1,present,NA
390,monsoon,Old Valparai,t6,2011-09-22,22/09/2011,6.1,frog,Frog,Anura,order,amphibia,UTM,EPSG:32643,Converted from UTM coordinates (grid 43 P of UTM Zone 43 N) to decimal degrees using QGIS,712068,1145157,76.9367900793037,10.3536403585506,coffee,1,present,NA
391,monsoon,Old Valparai,t6,2011-09-22,22/09/2011,6.1,frog,Frog,Anura,order,amphibia,UTM,EPSG:32643,Converted from UTM coordinates (grid 43 P of UTM Zone 43 N) to decimal degrees using QGIS,711954,1145115,76.9357470143086,10.3532669738485,coffee,1,present,NA
392,monsoon,Old Valparai,t6,2011-09-22,22/09/2011,6.1,frog,Frog,Anura,order,amphibia,UTM,EPSG:32643,Converted from UTM coordinates (grid 43 P of UTM Zone 43 N) to decimal degrees using QGIS,711658,1145550,76.9330688455617,10.3572152659982,coffee,1,present,NA
393,monsoon,Old Valparai,t6,2011-09-22,22/09/2011,6.1,snake,Green vine snake,Ahaetulla,genus,reptilia,UTM,EPSG:32643,Converted from UTM coordinates (grid 43 P of UTM Zone 43 N) to decimal degrees using QGIS,711332,1145393,76.9300839805062,10.3558139766607,coffee,1,present,green vine snake
394,monsoon,Old Valparai,t6,2011-09-22,22/09/2011,6.1,insect,Insects,Insecta,class,insecta,UTM,EPSG:32643,Converted from UTM coordinates (grid 43 P of UTM Zone 43 N) to decimal degrees using QGIS,711937,1145157,76.93559414582,10.3536475530273,coffee,1,present,NA
395,monsoon,Old Valparai,t6,2011-09-22,22/09/2011,6.1,millipede,Millipede,Diplopoda,class,diplopoda,UTM,EPSG:32643,Converted from UTM coordinates (grid 43 P of UTM Zone 43 N) to decimal degrees using QGIS,712408,1144786,76.9398734107014,10.3502681352313,coffee_forest,1,present,NA
396,monsoon,Old Valparai,t6,2011-09-22,22/09/2011,6.1,millipede,Millipede,Diplopoda,class,diplopoda,UTM,EPSG:32643,Converted from UTM coordinates (grid 43 P of UTM Zone 43 N) to decimal degrees using QGIS,711948,1145301,76.9357025534734,10.3549485917778,coffee,1,present,NA
397,monsoon,Old Valparai,t6,2011-09-22,22/09/2011,6.1,millipede,Millipede,Diplopoda,class,diplopoda,UTM,EPSG:32643,Converted from UTM coordinates (grid 43 P of UTM Zone 43 N) to decimal degrees using QGIS,711756,1145597,76.9339661298169,10.3576347315432,coffee,1,present,NA
398,monsoon,Old Valparai,t6,2011-09-22,22/09/2011,6.1,mouse,Mouse,Muridae,family,mammalia,UTM,EPSG:32643,Converted from UTM coordinates (grid 43 P of UTM Zone 43 N) to decimal degrees using QGIS,711949,1145121,76.9357017007403,10.3533214834862,coffee,1,present,NA
399,monsoon,Old Valparai,t6,2011-09-22,22/09/2011,6.1,stick insect,Stick insect,Phasmida,order,insecta,UTM,EPSG:32643,Converted from UTM coordinates (grid 43 P of UTM Zone 43 N) to decimal degrees using QGIS,712103,1145061,76.9371042762552,10.3527706744805,coffee,1,present,only leg was there
400,monsoon,Old Valparai,t6,2011-09-22,22/09/2011,6.1,stick insect,Stick insect,Phasmida,order,insecta,UTM,EPSG:32643,Converted from UTM coordinates (grid 43 P of UTM Zone 43 N) to decimal degrees using QGIS,712337,1145056,76.9392402376391,10.352712615383,forest,1,present,NA
401,monsoon,Old Valparai,t6,2011-09-22,22/09/2011,6.1,toad,Toad,Anura,order,amphibia,UTM,EPSG:32643,Converted from UTM coordinates (grid 43 P of UTM Zone 43 N) to decimal degrees using QGIS,711900,1144731,76.9352327500255,10.3497988896239,forest,1,present,NA
402,monsoon,Old Valparai,t6,2011-09-22,22/09/2011,6.1,toad,Toad,Anura,order,amphibia,UTM,EPSG:32643,Converted from UTM coordinates (grid 43 P of UTM Zone 43 N) to decimal degrees using QGIS,711987,1144896,76.9360361350011,10.3512855803957,coffee_forest,1,present,NA
403,monsoon,Old Valparai,t6,2011-09-22,22/09/2011,6.1,toad,Toad,Anura,order,amphibia,UTM,EPSG:32643,Converted from UTM coordinates (grid 43 P of UTM Zone 43 N) to decimal degrees using QGIS,712085,1145017,76.9369375088229,10.352373939469,coffee_forest,1,present,NA
404,monsoon,Old Valparai,t6,2011-09-22,22/09/2011,6.1,toad,Toad,Anura,order,amphibia,UTM,EPSG:32643,Converted from UTM coordinates (grid 43 P of UTM Zone 43 N) to decimal degrees using QGIS,711664,1145557,76.9331240096532,10.3572782112775,coffee,1,present,NA
405,monsoon,Old Valparai,t7,2011-09-30,30/09/2011,6.1,caecilian,Caecilian,Gymnophiona,order,amphibia,UTM,EPSG:32643,Converted from UTM coordinates (grid 43 P of UTM Zone 43 N) to decimal degrees using QGIS,711877,1143155,76.9349355127452,10.3355543791135,tea,1,present,NA
406,monsoon,Old Valparai,t7,2011-09-30,30/09/2011,6.1,earthworm,Earthworm,Annelida,phylum,annelida,UTM,EPSG:32643,Converted from UTM coordinates (grid 43 P of UTM Zone 43 N) to decimal degrees using QGIS,712371,1144752,76.9395337438038,10.3499628386058,eucalyptus_tea,28,present,NA
407,monsoon,Old Valparai,t7,2011-09-30,30/09/2011,6.1,earthworm,Earthworm,Annelida,phylum,annelida,UTM,EPSG:32643,Converted from UTM coordinates (grid 43 P of UTM Zone 43 N) to decimal degrees using QGIS,711982,1145099,76.9360017460763,10.353120809455,coffee,1,present,NA
408,monsoon,Old Valparai,t7,2011-09-30,30/09/2011,6.1,frog,Frog,Anura,order,amphibia,UTM,EPSG:32643,Converted from UTM coordinates (grid 43 P of UTM Zone 43 N) to decimal degrees using QGIS,712015,1144387,76.9362635315165,10.3466830977177,eucalyptus_tea,1,present,NA
409,monsoon,Old Valparai,t7,2011-09-30,30/09/2011,6.1,frog,Frog,Anura,order,amphibia,UTM,EPSG:32643,Converted from UTM coordinates (grid 43 P of UTM Zone 43 N) to decimal degrees using QGIS,711974,1144807,76.9359125209406,10.3504818065449,forest,1,present,NA
410,monsoon,Old Valparai,t7,2011-09-30,30/09/2011,6.1,frog,Frog,Anura,order,amphibia,UTM,EPSG:32643,Converted from UTM coordinates (grid 43 P of UTM Zone 43 N) to decimal degrees using QGIS,711957,1144861,76.9357603186713,10.3509708558269,coffee_forest,1,present,NA
411,monsoon,Old Valparai,t7,2011-09-30,30/09/2011,6.1,frog,Frog,Anura,order,amphibia,UTM,EPSG:32643,Converted from UTM coordinates (grid 43 P of UTM Zone 43 N) to decimal degrees using QGIS,711981,1145099,76.9359926168272,10.3531208643664,coffee,1,present,NA
412,monsoon,Old Valparai,t7,2011-09-30,30/09/2011,6.1,frog,Frog,Anura,order,amphibia,UTM,EPSG:32643,Converted from UTM coordinates (grid 43 P of UTM Zone 43 N) to decimal degrees using QGIS,711778,1145592,76.9341666992474,10.3575883282179,coffee,1,present,NA
413,monsoon,Old Valparai,t7,2011-09-30,30/09/2011,6.1,mouse,Malabar spiny dormouse,Platacanthomys lasiurus,species,mammalia,UTM,EPSG:32643,Converted from UTM coordinates (grid 43 P of UTM Zone 43 N) to decimal degrees using QGIS,712095,1145053,76.9370307985012,10.3526988005669,coffee,1,present,malabar spiny dormouse hair taken
414,monsoon,Old Valparai,t7,2011-09-30,30/09/2011,6.1,millipede,Millipede,Diplopoda,class,diplopoda,UTM,EPSG:32643,Converted from UTM coordinates (grid 43 P of UTM Zone 43 N) to decimal degrees using QGIS,712196,1144717,76.9379342013985,10.3496560876316,eucalyptus_tea,1,present,NA
415,monsoon,Old Valparai,t7,2011-09-30,30/09/2011,6.1,millipede,Millipede,Diplopoda,class,diplopoda,UTM,EPSG:32643,Converted from UTM coordinates (grid 43 P of UTM Zone 43 N) to decimal degrees using QGIS,711596,1145517,76.9325009961487,10.3569203725569,coffee,1,present,NA
416,monsoon,Old Valparai,t7,2011-09-30,30/09/2011,6.1,shield tail,Shieldtail,Uropeltidae,family,reptilia,UTM,EPSG:32643,Converted from UTM coordinates (grid 43 P of UTM Zone 43 N) to decimal degrees using QGIS,711678,1145574,76.93325276289,10.3574311096739,coffee,1,present,NA
417,monsoon,Old Valparai,t7,2011-09-30,30/09/2011,6.1,snail,Snail,Gastropoda,class,mollusca,UTM,EPSG:32643,Converted from UTM coordinates (grid 43 P of UTM Zone 43 N) to decimal degrees using QGIS,711858,1144716,76.9348484942694,10.3496656061457,coffee_forest,1,present,NA
418,monsoon,Old Valparai,t7,2011-09-30,30/09/2011,6.1,snake,Snake,Squamata,order,reptilia,UTM,EPSG:32643,Converted from UTM coordinates (grid 43 P of UTM Zone 43 N) to decimal degrees using QGIS,712039,1144962,76.9365145137984,10.3518793111441,coffee_forest,1,present,NA
419,monsoon,Old Valparai,t7,2011-09-30,30/09/2011,6.1,toad,Toad,Anura,order,amphibia,UTM,EPSG:32643,Converted from UTM coordinates (grid 43 P of UTM Zone 43 N) to decimal degrees using QGIS,711853,1143341,76.9347267142703,10.3372369853014,tea,1,present,NA
420,monsoon,Old Valparai,t7,2011-09-30,30/09/2011,6.1,toad,Toad,Anura,order,amphibia,UTM,EPSG:32643,Converted from UTM coordinates (grid 43 P of UTM Zone 43 N) to decimal degrees using QGIS,711885,1144713,76.9350948152075,10.3496370072381,forest,1,present,NA
421,monsoon,Old Valparai,t7,2011-09-30,30/09/2011,6.1,toad,Toad,Anura,order,amphibia,UTM,EPSG:32643,Converted from UTM coordinates (grid 43 P of UTM Zone 43 N) to decimal degrees using QGIS,711856,1144711,76.9348299589279,10.3496205199034,coffee_forest,1,present,NA
422,monsoon,Old Valparai,t7,2011-09-30,30/09/2011,6.1,toad,Toad,Anura,order,amphibia,UTM,EPSG:32643,Converted from UTM coordinates (grid 43 P of UTM Zone 43 N) to decimal degrees using QGIS,711941,1145227,76.9356345445749,10.3542800764295,coffee,1,present,NA
423,monsoon,Old Valparai,t7,2011-09-30,30/09/2011,6.1,toad,Toad,Anura,order,amphibia,UTM,EPSG:32643,Converted from UTM coordinates (grid 43 P of UTM Zone 43 N) to decimal degrees using QGIS,711607,1145520,76.93260158545,10.356946886989,coffee,2,present,NA
424,monsoon,Old Valparai,t8,2011-10-08,08/10/2011,6.1,calotes,Calotes,Calotes,genus,reptilia,UTM,EPSG:32643,Converted from UTM coordinates (grid 43 P of UTM Zone 43 N) to decimal degrees using QGIS,711777,1143965,76.9340674523175,10.3428816109307,eucalyptus_tea,1,present,NA
425,monsoon,Old Valparai,t8,2011-10-08,08/10/2011,6.1,calotes,Calotes,Calotes,genus,reptilia,UTM,EPSG:32643,Converted from UTM coordinates (grid 43 P of UTM Zone 43 N) to decimal degrees using QGIS,711983,1144363,76.9359700713926,10.3464679133937,eucalyptus_tea,1,present,NA
426,monsoon,Old Valparai,t8,2011-10-08,08/10/2011,6.1,earthworm,Earthworm,Annelida,phylum,annelida,UTM,EPSG:32643,Converted from UTM coordinates (grid 43 P of UTM Zone 43 N) to decimal degrees using QGIS,711789,1143533,76.9341530932617,10.3389760184019,tea,3,present,NA
427,monsoon,Old Valparai,t8,2011-10-08,08/10/2011,6.1,earthworm,Earthworm,Annelida,phylum,annelida,UTM,EPSG:32643,Converted from UTM coordinates (grid 43 P of UTM Zone 43 N) to decimal degrees using QGIS,711783,1143551,76.9340993160493,10.3391390527523,tea,1,present,NA
428,monsoon,Old Valparai,t8,2011-10-08,08/10/2011,6.1,earthworm,Earthworm,Annelida,phylum,annelida,UTM,EPSG:32643,Converted from UTM coordinates (grid 43 P of UTM Zone 43 N) to decimal degrees using QGIS,711787,1143970,76.9341590187015,10.3429262588873,eucalyptus_tea,1,present,NA
429,monsoon,Old Valparai,t8,2011-10-08,08/10/2011,6.1,earthworm,Earthworm,Annelida,phylum,annelida,UTM,EPSG:32643,Converted from UTM coordinates (grid 43 P of UTM Zone 43 N) to decimal degrees using QGIS,712375,1144753,76.9395703159016,10.3499716577904,eucalyptus_tea,3,present,NA
430,monsoon,Old Valparai,t8,2011-10-08,08/10/2011,6.1,earthworm,Earthworm,Annelida,phylum,annelida,UTM,EPSG:32643,Converted from UTM coordinates (grid 43 P of UTM Zone 43 N) to decimal degrees using QGIS,712397,1144889,76.9397787121213,10.3511997743301,coffee_forest,1,present,NA
431,monsoon,Old Valparai,t8,2011-10-08,08/10/2011,6.1,frog,Frog,Anura,order,amphibia,UTM,EPSG:32643,Converted from UTM coordinates (grid 43 P of UTM Zone 43 N) to decimal degrees using QGIS,711854,1143337,76.9347356217256,10.3372007737087,tea,1,present,NA
432,monsoon,Old Valparai,t8,2011-10-08,08/10/2011,6.1,frog,Frog,Anura,order,amphibia,UTM,EPSG:32643,Converted from UTM coordinates (grid 43 P of UTM Zone 43 N) to decimal degrees using QGIS,711859,1144719,76.934857789646,10.3496926688623,coffee_forest,1,present,NA
433,monsoon,Old Valparai,t8,2011-10-08,08/10/2011,6.1,frog,Frog,Anura,order,amphibia,UTM,EPSG:32643,Converted from UTM coordinates (grid 43 P of UTM Zone 43 N) to decimal degrees using QGIS,711902,1144788,76.9352541673049,10.3503140137177,coffee_forest,1,present,NA
434,monsoon,Old Valparai,t8,2011-10-08,08/10/2011,6.1,frog,Frog,Anura,order,amphibia,UTM,EPSG:32643,Converted from UTM coordinates (grid 43 P of UTM Zone 43 N) to decimal degrees using QGIS,711907,1144797,76.9353003119752,10.350395092044,coffee_forest,4,present,NA
435,monsoon,Old Valparai,t8,2011-10-08,08/10/2011,6.1,frog,Frog,Anura,order,amphibia,UTM,EPSG:32643,Converted from UTM coordinates (grid 43 P of UTM Zone 43 N) to decimal degrees using QGIS,711941,1145400,76.9356441389653,10.3558438554829,coffee,1,present,NA
436,monsoon,Old Valparai,t8,2011-10-08,08/10/2011,6.1,frog,Frog,Anura,order,amphibia,UTM,EPSG:32643,Converted from UTM coordinates (grid 43 P of UTM Zone 43 N) to decimal degrees using QGIS,711549,1145500,76.9320709740966,10.3567692829246,coffee,1,present,NA
437,monsoon,Old Valparai,t8,2011-10-08,08/10/2011,6.1,frog,Frog,Anura,order,amphibia,UTM,EPSG:32643,Converted from UTM coordinates (grid 43 P of UTM Zone 43 N) to decimal degrees using QGIS,711504,1145477,76.9316588789921,10.356563847794,coffee,1,present,NA
438,monsoon,Old Valparai,t8,2011-10-08,08/10/2011,6.1,frog,Frog,Anura,order,amphibia,UTM,EPSG:32643,Converted from UTM coordinates (grid 43 P of UTM Zone 43 N) to decimal degrees using QGIS,711417,1145438,76.9308624655684,10.3562160857776,coffee,1,present,big one
439,monsoon,Old Valparai,t8,2011-10-08,08/10/2011,6.1,frog,Frog,Anura,order,amphibia,UTM,EPSG:32643,Converted from UTM coordinates (grid 43 P of UTM Zone 43 N) to decimal degrees using QGIS,711399,1145417,76.9306969751771,10.3560272483772,coffee,2,present,big one
440,monsoon,Old Valparai,t8,2011-10-08,08/10/2011,6.1,frog,Frog,Anura,order,amphibia,UTM,EPSG:32643,Converted from UTM coordinates (grid 43 P of UTM Zone 43 N) to decimal degrees using QGIS,711718,1143772,76.9335181652692,10.3411402775034,tea,1,present,NA
441,monsoon,Old Valparai,t8,2011-10-08,08/10/2011,6.1,frog,Frog,Anura,order,amphibia,UTM,EPSG:32643,Converted from UTM coordinates (grid 43 P of UTM Zone 43 N) to decimal degrees using QGIS,711721,1143906,76.9335529657347,10.342351366495,eucalyptus_tea,1,present,NA
442,monsoon,Old Valparai,t8,2011-10-08,08/10/2011,6.1,frog,Frog,Anura,order,amphibia,UTM,EPSG:32643,Converted from UTM coordinates (grid 43 P of UTM Zone 43 N) to decimal degrees using QGIS,712086,1144551,76.9369207891559,10.3481616261809,eucalyptus_tea,1,present,NA
443,monsoon,Old Valparai,t8,2011-10-08,08/10/2011,6.1,frog,Frog,Anura,order,amphibia,UTM,EPSG:32643,Converted from UTM coordinates (grid 43 P of UTM Zone 43 N) to decimal degrees using QGIS,712227,1144751,76.9382190918016,10.3499617160439,eucalyptus_tea,1,present,NA
444,monsoon,Old Valparai,t8,2011-10-08,08/10/2011,6.1,frog,Frog,Anura,order,amphibia,UTM,EPSG:32643,Converted from UTM coordinates (grid 43 P of UTM Zone 43 N) to decimal degrees using QGIS,712376,1145067,76.9395968883268,10.3528099009578,forest,2,present,NA
445,monsoon,Old Valparai,t8,2011-10-08,08/10/2011,6.1,frog,Frog,Anura,order,amphibia,UTM,EPSG:32643,Converted from UTM coordinates (grid 43 P of UTM Zone 43 N) to decimal degrees using QGIS,712049,1144858,76.9366000373846,10.3509386869916,forest,1,present,NA
446,monsoon,Old Valparai,t8,2011-10-08,08/10/2011,6.1,frog,Frog,Anura,order,amphibia,UTM,EPSG:32643,Converted from UTM coordinates (grid 43 P of UTM Zone 43 N) to decimal degrees using QGIS,711914,1144745,76.9353613341366,10.3499246700417,forest,1,present,NA
447,monsoon,Old Valparai,t8,2011-10-08,08/10/2011,6.1,frog,Frog,Anura,order,amphibia,UTM,EPSG:32643,Converted from UTM coordinates (grid 43 P of UTM Zone 43 N) to decimal degrees using QGIS,711888,1144717,76.9351224243253,10.3496729993986,forest,2,present,NA
448,monsoon,Old Valparai,t8,2011-10-08,08/10/2011,6.1,glow worm,Glowworm,Lampyridae,family,insecta,UTM,EPSG:32643,Converted from UTM coordinates (grid 43 P of UTM Zone 43 N) to decimal degrees using QGIS,711749,1143658,76.9337948543471,10.3401081100807,tea,1,present,NA
449,monsoon,Old Valparai,t8,2011-10-08,08/10/2011,6.1,glow worm,Glowworm,Lampyridae,family,insecta,UTM,EPSG:32643,Converted from UTM coordinates (grid 43 P of UTM Zone 43 N) to decimal degrees using QGIS,711886,1144716,76.9351041106027,10.349664069944,forest,1,present,NA
450,monsoon,Old Valparai,t8,2011-10-08,08/10/2011,6.1,grasshopper,Grasshopper,Orthoptera,order,insecta,UTM,EPSG:32643,Converted from UTM coordinates (grid 43 P of UTM Zone 43 N) to decimal degrees using QGIS,711970,1142873,76.9357688775895,10.3330002292764,tea,1,present,NA
451,monsoon,Old Valparai,t8,2011-10-08,08/10/2011,6.1,grasshopper,Grasshopper,Orthoptera,order,insecta,UTM,EPSG:32643,Converted from UTM coordinates (grid 43 P of UTM Zone 43 N) to decimal degrees using QGIS,712051,1144446,76.9365954487677,10.3472144335805,eucalyptus_tea,1,present,NA
452,monsoon,Old Valparai,t8,2011-10-08,08/10/2011,6.1,millipede,Millipede,Diplopoda,class,diplopoda,UTM,EPSG:32643,Converted from UTM coordinates (grid 43 P of UTM Zone 43 N) to decimal degrees using QGIS,711895,1142966,76.9350893724608,10.3338449841419,tea,1,present,NA
453,monsoon,Old Valparai,t8,2011-10-08,08/10/2011,6.1,millipede,Millipede,Diplopoda,class,diplopoda,UTM,EPSG:32643,Converted from UTM coordinates (grid 43 P of UTM Zone 43 N) to decimal degrees using QGIS,711794,1144069,76.9342284015461,10.3438207559807,eucalyptus_tea,1,present,NA
454,monsoon,Old Valparai,t8,2011-10-08,08/10/2011,6.1,millipede,Millipede,Diplopoda,class,diplopoda,UTM,EPSG:32643,Converted from UTM coordinates (grid 43 P of UTM Zone 43 N) to decimal degrees using QGIS,712397,1144773,76.9397722679375,10.3501512311298,eucalyptus_tea,2,present,NA
455,monsoon,Old Valparai,t8,2011-10-08,08/10/2011,6.1,millipede,Millipede,Diplopoda,class,diplopoda,UTM,EPSG:32643,Converted from UTM coordinates (grid 43 P of UTM Zone 43 N) to decimal degrees using QGIS,711759,1145597,76.9339935179889,10.3576345669097,coffee,1,present,NA
456,monsoon,Old Valparai,t8,2011-10-08,08/10/2011,6.1,millipede,Millipede,Diplopoda,class,diplopoda,UTM,EPSG:32643,Converted from UTM coordinates (grid 43 P of UTM Zone 43 N) to decimal degrees using QGIS,711689,1145586,76.9333538510429,10.3575389765947,coffee,1,present,NA
457,monsoon,Old Valparai,t8,2011-10-08,08/10/2011,6.1,praying mantis,Praying mantis,Mantodea,order,insecta,UTM,EPSG:32643,Converted from UTM coordinates (grid 43 P of UTM Zone 43 N) to decimal degrees using QGIS,711794,1143521,76.9341980735605,10.338867274049,tea,1,present,NA
458,monsoon,Old Valparai,t8,2011-10-08,08/10/2011,6.1,snake,Rat snake,Ptyas mucosa,species,reptilia,UTM,EPSG:32643,Converted from UTM coordinates (grid 43 P of UTM Zone 43 N) to decimal degrees using QGIS,711923,1144824,76.9354478753247,10.3506382720723,coffee_forest,1,present,ratsnake1
459,monsoon,Old Valparai,t8,2011-10-08,08/10/2011,6.1,shield tail,Shieldtail,Uropeltidae,family,reptilia,UTM,EPSG:32643,Converted from UTM coordinates (grid 43 P of UTM Zone 43 N) to decimal degrees using QGIS,711898,1143017,76.935119580339,10.3343058189774,tea,1,present,old
460,monsoon,Old Valparai,t8,2011-10-08,08/10/2011,6.1,skink,Skink,Scincidae,family,reptilia,UTM,EPSG:32643,Converted from UTM coordinates (grid 43 P of UTM Zone 43 N) to decimal degrees using QGIS,711729,1143725,76.933615983131,10.340714832336,eucalyptus_tea,1,present,NA
461,monsoon,Old Valparai,t8,2011-10-08,08/10/2011,6.1,snail,Snail,Gastropoda,class,mollusca,UTM,EPSG:32643,Converted from UTM coordinates (grid 43 P of UTM Zone 43 N) to decimal degrees using QGIS,711798,1143993,76.93426071044,10.3431335575934,eucalyptus_tea,1,present,NA
462,monsoon,Old Valparai,t9,2011-10-20,20/10/2011,6.1,caecilian,Caecilian,Gymnophiona,order,amphibia,UTM,EPSG:32643,Converted from UTM coordinates (grid 43 P of UTM Zone 43 N) to decimal degrees using QGIS,711898,1144148,76.9351821917274,10.3445291503931,eucalyptus_tea,1,present,NA
463,monsoon,Old Valparai,t9,2011-10-20,20/10/2011,6.1,earthworm,Earthworm,Annelida,phylum,annelida,UTM,EPSG:32643,Converted from UTM coordinates (grid 43 P of UTM Zone 43 N) to decimal degrees using QGIS,711883,1143058,76.9349849181101,10.3346772479797,tea,1,present,NA
464,monsoon,Old Valparai,t9,2011-10-20,20/10/2011,6.1,earthworm,Earthworm,Annelida,phylum,annelida,UTM,EPSG:32643,Converted from UTM coordinates (grid 43 P of UTM Zone 43 N) to decimal degrees using QGIS,711802,1143505,76.9342702190429,10.3387222085273,forest,4,present,NA
465,monsoon,Old Valparai,t9,2011-10-20,20/10/2011,6.1,frog,Frog,Anura,order,amphibia,UTM,EPSG:32643,Converted from UTM coordinates (grid 43 P of UTM Zone 43 N) to decimal degrees using QGIS,711808,1143495,76.93432443878,10.3386314877856,forest,1,present,NA
466,monsoon,Old Valparai,t9,2011-10-20,20/10/2011,6.1,frog,Frog,Anura,order,amphibia,UTM,EPSG:32643,Converted from UTM coordinates (grid 43 P of UTM Zone 43 N) to decimal degrees using QGIS,712188,1144977,76.9378755981763,10.3520067128857,forest,1,present,NA
467,monsoon,Old Valparai,t9,2011-10-20,20/10/2011,6.1,frog,Frog,Anura,order,amphibia,UTM,EPSG:32643,Converted from UTM coordinates (grid 43 P of UTM Zone 43 N) to decimal degrees using QGIS,711909,1144803,76.9353189028693,10.3504492174263,coffee_forest,1,present,NA
468,monsoon,Old Valparai,t9,2011-10-20,20/10/2011,6.1,frog,Frog,Anura,order,amphibia,UTM,EPSG:32643,Converted from UTM coordinates (grid 43 P of UTM Zone 43 N) to decimal degrees using QGIS,711942,1145253,76.9356451157003,10.3545150403484,coffee,1,present,NA
469,monsoon,Old Valparai,t9,2011-10-20,20/10/2011,6.1,frog,Frog,Anura,order,amphibia,UTM,EPSG:32643,Converted from UTM coordinates (grid 43 P of UTM Zone 43 N) to decimal degrees using QGIS,711309,1145379,76.9298732310688,10.3556886870012,coffee,2,present,NA
470,monsoon,Old Valparai,t9,2011-10-20,20/10/2011,6.1,shield tail,Shieldtail,Uropeltidae,family,reptilia,UTM,EPSG:32643,Converted from UTM coordinates (grid 43 P of UTM Zone 43 N) to decimal degrees using QGIS,711677,1145575,76.9332436889046,10.3574402037267,coffee,1,present,NA
471,monsoon,Old Valparai,t9,2011-10-20,20/10/2011,6.1,snail,Snail,Gastropoda,class,mollusca,UTM,EPSG:32643,Converted from UTM coordinates (grid 43 P of UTM Zone 43 N) to decimal degrees using QGIS,712063,1145146,76.9367438226962,10.3535412022484,coffee,1,present,NA
472,monsoon,Old Valparai,t9,2011-10-20,20/10/2011,6.1,snake,Snake,Squamata,order,reptilia,UTM,EPSG:32643,Converted from UTM coordinates (grid 43 P of UTM Zone 43 N) to decimal degrees using QGIS,711302,1145370,76.9298088279155,10.3556077173075,coffee,1,present,NA
473,monsoon,Old Valparai,t9,2011-10-20,20/10/2011,6.1,toad,Toad,Anura,order,amphibia,UTM,EPSG:32643,Converted from UTM coordinates (grid 43 P of UTM Zone 43 N) to decimal degrees using QGIS,711898,1142965,76.9351167032242,10.3338357805869,tea,1,present,NA
474,monsoon,Old Valparai,t9,2011-10-20,20/10/2011,6.1,toad,Toad,Anura,order,amphibia,UTM,EPSG:32643,Converted from UTM coordinates (grid 43 P of UTM Zone 43 N) to decimal degrees using QGIS,712034,1145130,76.9364781866262,10.3533981683415,coffee,1,present,NA
475,monsoon,Old Valparai,t9,2011-10-20,20/10/2011,6.1,toad,Toad,Anura,order,amphibia,UTM,EPSG:32643,Converted from UTM coordinates (grid 43 P of UTM Zone 43 N) to decimal degrees using QGIS,711940,1145239,76.9356260807446,10.3543886015657,coffee,1,present,NA
476,monsoon,Old Valparai,t9,2011-10-20,20/10/2011,6.1,toad,Toad,Anura,order,amphibia,UTM,EPSG:32643,Converted from UTM coordinates (grid 43 P of UTM Zone 43 N) to decimal degrees using QGIS,711603,1145519,76.9325650125556,10.3569380671269,coffee,4,present,NA
477,monsoon,Old Valparai,t9,2011-10-20,20/10/2011,6.1,toad,Toad,Anura,order,amphibia,UTM,EPSG:32643,Converted from UTM coordinates (grid 43 P of UTM Zone 43 N) to decimal degrees using QGIS,711554,1145502,76.9321167317105,10.356787087232,coffee,3,present,NA
478,monsoon,Old Valparai,t9,2011-10-20,20/10/2011,6.1,toad,Toad,Anura,order,amphibia,UTM,EPSG:32643,Converted from UTM coordinates (grid 43 P of UTM Zone 43 N) to decimal degrees using QGIS,711455,1145455,76.9312103222168,10.3563676704165,coffee,2,present,NA
479,monsoon,Old Valparai,t9,2011-10-20,20/10/2011,6.1,toad,Toad,Anura,order,amphibia,UTM,EPSG:32643,Converted from UTM coordinates (grid 43 P of UTM Zone 43 N) to decimal degrees using QGIS,711394,1145408,76.9306508304771,10.3559461693521,coffee,4,present,NA
480,monsoon,Old Valparai,t9,2011-10-20,20/10/2011,6.1,toad,Toad,Anura,order,amphibia,UTM,EPSG:32643,Converted from UTM coordinates (grid 43 P of UTM Zone 43 N) to decimal degrees using QGIS,711310,1145380,76.9298824157228,10.3556976714657,coffee,2,present,NA
481,monsoon,Old Valparai,t10,2011-10-30,30/10/2011,6.1,caecilian,Caecilian,Gymnophiona,order,amphibia,UTM,EPSG:32643,Converted from UTM coordinates (grid 43 P of UTM Zone 43 N) to decimal degrees using QGIS,711933,1142920,76.9354337174691,10.3334270990143,tea,1,present,NA
482,monsoon,Old Valparai,t10,2011-10-30,30/10/2011,6.1,caecilian,Caecilian,Gymnophiona,order,amphibia,UTM,EPSG:32643,Converted from UTM coordinates (grid 43 P of UTM Zone 43 N) to decimal degrees using QGIS,711786,1143540,76.9341260940047,10.3390394571724,tea,1,present,NA
483,monsoon,Old Valparai,t10,2011-10-30,30/10/2011,6.1,caecilian,Caecilian,Gymnophiona,order,amphibia,UTM,EPSG:32643,Converted from UTM coordinates (grid 43 P of UTM Zone 43 N) to decimal degrees using QGIS,711771,1143592,76.9339920381325,10.339510317466,tea,1,present,NA
484,monsoon,Old Valparai,t10,2011-10-30,30/10/2011,6.1,caecilian,Caecilian,Gymnophiona,order,amphibia,UTM,EPSG:32643,Converted from UTM coordinates (grid 43 P of UTM Zone 43 N) to decimal degrees using QGIS,711774,1143961,76.9340398440408,10.342845618536,eucalyptus_tea,1,present,NA
485,monsoon,Old Valparai,t10,2011-10-30,30/10/2011,6.1,caecilian,Caecilian,Gymnophiona,order,amphibia,UTM,EPSG:32643,Converted from UTM coordinates (grid 43 P of UTM Zone 43 N) to decimal degrees using QGIS,712022,1144497,76.9363335328565,10.3476770239731,eucalyptus_tea,2,present,NA
486,monsoon,Old Valparai,t10,2011-10-30,30/10/2011,6.1,caecilian,Caecilian,Gymnophiona,order,amphibia,UTM,EPSG:32643,Converted from UTM coordinates (grid 43 P of UTM Zone 43 N) to decimal degrees using QGIS,712080,1145007,76.9368913079119,10.3522838223356,coffee_forest,1,present,NA
487,monsoon,Old Valparai,t10,2011-10-30,30/10/2011,6.1,frog,Frog,Anura,order,amphibia,UTM,EPSG:32643,Converted from UTM coordinates (grid 43 P of UTM Zone 43 N) to decimal degrees using QGIS,712089,1145044,76.936975523756,10.3526177775782,coffee,1,present,NA
488,monsoon,Old Valparai,t10,2011-10-30,30/10/2011,6.1,glow worm,Glowworm,Lampyridae,family,insecta,UTM,EPSG:32643,Converted from UTM coordinates (grid 43 P of UTM Zone 43 N) to decimal degrees using QGIS,711876,1142694,76.9349008814762,10.331387362126,tea,1,present,NA
489,monsoon,Old Valparai,t10,2011-10-30,30/10/2011,6.1,mouse,Mouse,Muridae,family,mammalia,UTM,EPSG:32643,Converted from UTM coordinates (grid 43 P of UTM Zone 43 N) to decimal degrees using QGIS,711982,1144816,76.9359860533212,10.350562720049,forest,1,present,NA
490,monsoon,Old Valparai,t10,2011-10-30,30/10/2011,6.1,shield tail,Shieldtail,Uropeltidae,family,reptilia,UTM,EPSG:32643,Converted from UTM coordinates (grid 43 P of UTM Zone 43 N) to decimal degrees using QGIS,711864,1143264,76.9348228701501,10.3365403641862,tea,1,present,NA
491,monsoon,Old Valparai,t10,2011-10-30,30/10/2011,6.1,shield tail,Shieldtail,Uropeltidae,family,reptilia,UTM,EPSG:32643,Converted from UTM coordinates (grid 43 P of UTM Zone 43 N) to decimal degrees using QGIS,711895,1144725,76.9351867717366,10.3497449288382,forest,1,present,NA
492,monsoon,Old Valparai,t10,2011-10-30,30/10/2011,6.1,shield tail,Shieldtail,Uropeltidae,family,reptilia,UTM,EPSG:32643,Converted from UTM coordinates (grid 43 P of UTM Zone 43 N) to decimal degrees using QGIS,711696,1145592,76.9334180892345,10.357592827746,coffee,1,present,NA
493,monsoon,Old Valparai,t10,2011-10-30,30/10/2011,6.1,snail,Snail,Gastropoda,class,mollusca,UTM,EPSG:32643,Converted from UTM coordinates (grid 43 P of UTM Zone 43 N) to decimal degrees using QGIS,712418,1144806,76.9399658132953,10.3504483684488,coffee_forest,7,present,NA
494,monsoon,Old Valparai,t10,2011-10-30,30/10/2011,6.1,snake,Snake,Squamata,order,reptilia,UTM,EPSG:32643,Converted from UTM coordinates (grid 43 P of UTM Zone 43 N) to decimal degrees using QGIS,712019,1145121,76.9363407485748,10.3533176395676,coffee,1,present,NA
495,monsoon,Old Valparai,t10,2011-10-30,30/10/2011,6.1,toad,Toad,Anura,order,amphibia,UTM,EPSG:32643,Converted from UTM coordinates (grid 43 P of UTM Zone 43 N) to decimal degrees using QGIS,711866,1142661,76.9348077701429,10.3310896160765,tea,1,present,NA
496,monsoon,Old Valparai,t10,2011-10-30,30/10/2011,6.1,toad,Toad,Anura,order,amphibia,UTM,EPSG:32643,Converted from UTM coordinates (grid 43 P of UTM Zone 43 N) to decimal degrees using QGIS,712111,1145100,76.9371794742823,10.3531227628945,coffee,1,present,NA
497,monsoon,Old Valparai,t10,2011-10-30,30/10/2011,6.1,toad,Toad,Anura,order,amphibia,UTM,EPSG:32643,Converted from UTM coordinates (grid 43 P of UTM Zone 43 N) to decimal degrees using QGIS,711940,1145239,76.9356260807446,10.3543886015657,coffee,2,present,NA
498,monsoon,Old Valparai,t10,2011-10-30,30/10/2011,6.1,toad,Toad,Anura,order,amphibia,UTM,EPSG:32643,Converted from UTM coordinates (grid 43 P of UTM Zone 43 N) to decimal degrees using QGIS,711703,1145594,76.9334821058027,10.3576105220987,coffee,5,present,NA
499,monsoon,Old Valparai,t10,2011-10-30,30/10/2011,6.1,toad,Toad,Anura,order,amphibia,UTM,EPSG:32643,Converted from UTM coordinates (grid 43 P of UTM Zone 43 N) to decimal degrees using QGIS,711647,1145540,76.9329678684014,10.3571254773462,coffee,4,present,NA
500,monsoon,Old Valparai,t10,2011-10-30,30/10/2011,6.1,toad,Toad,Anura,order,amphibia,UTM,EPSG:32643,Converted from UTM coordinates (grid 43 P of UTM Zone 43 N) to decimal degrees using QGIS,711536,1145493,76.9319519046676,10.3567067211233,coffee,23,present,NA
501,monsoon,Old Valparai,t10,2011-10-30,30/10/2011,6.1,toad,Toad,Anura,order,amphibia,UTM,EPSG:32643,Converted from UTM coordinates (grid 43 P of UTM Zone 43 N) to decimal degrees using QGIS,711408,1145429,76.9307798033357,10.3561352259089,coffee,12,present,NA
502,monsoon,Old Valparai,t10,2011-10-30,30/10/2011,6.1,toad,Toad,Anura,order,amphibia,UTM,EPSG:32643,Converted from UTM coordinates (grid 43 P of UTM Zone 43 N) to decimal degrees using QGIS,711335,1145394,76.9301114238878,10.3558228516006,coffee,8,present,NA
503,monsoon,Neerar Dam,n1,2011-08-17,17/08/2011,9.2,frog,Frog,Anura,order,amphibia,UTM,EPSG:32643,Converted from UTM coordinates (grid 43 P of UTM Zone 43 N) to decimal degrees using QGIS,715130,1139694,76.9644369281253,10.3040906360571,tea,1,present,NA
504,monsoon,Neerar Dam,n1,2011-08-17,17/08/2011,9.2,grasshopper,Grasshopper,Orthoptera,order,insecta,UTM,EPSG:32643,Converted from UTM coordinates (grid 43 P of UTM Zone 43 N) to decimal degrees using QGIS,714701,1140163,76.9605473665697,10.3083537310321,forest_tea,1,present,NA
505,monsoon,Neerar Dam,n1,2011-08-17,17/08/2011,9.2,millipede,Millipede,Diplopoda,class,diplopoda,UTM,EPSG:32643,Converted from UTM coordinates (grid 43 P of UTM Zone 43 N) to decimal degrees using QGIS,715749,1138032,76.9699936832214,10.289033388198,tea,1,present,NA
506,monsoon,Neerar Dam,n1,2011-08-17,17/08/2011,9.2,scorpion,Scorpion,Scorpiones,order,arachnida,UTM,EPSG:32643,Converted from UTM coordinates (grid 43 P of UTM Zone 43 N) to decimal degrees using QGIS,716057,1137561,76.9727784200196,10.2847588923365,tea,1,present,NA
507,monsoon,Neerar Dam,n1,2011-08-17,17/08/2011,9.2,shield tail,Shieldtail,Uropeltidae,family,reptilia,UTM,EPSG:32643,Converted from UTM coordinates (grid 43 P of UTM Zone 43 N) to decimal degrees using QGIS,716734,1136242,76.9788832174313,10.2727987679295,tea,1,present,NA
508,monsoon,Neerar Dam,n1,2011-08-17,17/08/2011,9.2,skink,Skink,Scincidae,family,reptilia,UTM,EPSG:32643,Converted from UTM coordinates (grid 43 P of UTM Zone 43 N) to decimal degrees using QGIS,715567,1138566,76.9683624553639,10.2938703404114,tea,1,present,NA
509,monsoon,Neerar Dam,n1,2011-08-17,17/08/2011,9.2,snail,Snail,Gastropoda,class,mollusca,UTM,EPSG:32643,Converted from UTM coordinates (grid 43 P of UTM Zone 43 N) to decimal degrees using QGIS,716067,1137557,76.9728694662627,10.2847221803423,tea,1,present,NA
510,monsoon,Neerar Dam,n1,2011-08-17,17/08/2011,9.2,toad,Toad,Anura,order,amphibia,UTM,EPSG:32643,Converted from UTM coordinates (grid 43 P of UTM Zone 43 N) to decimal degrees using QGIS,716384,1136371,76.975696112325,10.2739842788836,tea,1,present,NA
511,monsoon,Neerar Dam,n1,2011-08-17,17/08/2011,9.2,toad,Toad,Anura,order,amphibia,UTM,EPSG:32643,Converted from UTM coordinates (grid 43 P of UTM Zone 43 N) to decimal degrees using QGIS,716404,1136431,76.9758820169677,10.2745255072939,tea,1,present,NA
512,monsoon,Neerar Dam,n1,2011-08-17,17/08/2011,9.2,toad,Toad,Anura,order,amphibia,UTM,EPSG:32643,Converted from UTM coordinates (grid 43 P of UTM Zone 43 N) to decimal degrees using QGIS,716720,1137188,76.9788086639709,10.2813504366727,tea,1,present,NA
513,monsoon,Neerar Dam,n1,2011-08-17,17/08/2011,9.2,toad,Toad,Anura,order,amphibia,UTM,EPSG:32643,Converted from UTM coordinates (grid 43 P of UTM Zone 43 N) to decimal degrees using QGIS,716756,1137221,76.9791390916876,10.2816467165258,tea,1,present,NA
514,monsoon,Neerar Dam,n2,2011-08-26,26/08/2011,9.2,caecilian,Caecilian,Gymnophiona,order,amphibia,UTM,EPSG:32643,Converted from UTM coordinates (grid 43 P of UTM Zone 43 N) to decimal degrees using QGIS,714583,1140362,76.9594814047185,10.3101590402291,forest_tea,1,present,NA
515,monsoon,Neerar Dam,n2,2011-08-26,26/08/2011,9.2,snake,Snake,Squamata,order,reptilia,UTM,EPSG:32643,Converted from UTM coordinates (grid 43 P of UTM Zone 43 N) to decimal degrees using QGIS,715644,1138186,76.9690439572524,10.2904312300982,tea,1,present,coral snake
516,monsoon,Neerar Dam,n2,2011-08-26,26/08/2011,9.2,crab,Crabs,Decapoda,order,crustacea,UTM,EPSG:32643,Converted from UTM coordinates (grid 43 P of UTM Zone 43 N) to decimal degrees using QGIS,716712,1137179,76.9787351418708,10.2812695316555,tea,1,present,NA
517,monsoon,Neerar Dam,n2,2011-08-26,26/08/2011,9.2,frog,Frog,Anura,order,amphibia,UTM,EPSG:32643,Converted from UTM coordinates (grid 43 P of UTM Zone 43 N) to decimal degrees using QGIS,714538,1140546,76.9590809330404,10.31182472203,forest,1,present,NA
518,monsoon,Neerar Dam,n2,2011-08-26,26/08/2011,9.2,frog,Frog,Anura,order,amphibia,UTM,EPSG:32643,Converted from UTM coordinates (grid 43 P of UTM Zone 43 N) to decimal degrees using QGIS,715522,1138990,76.9679754912264,10.2977053926862,tea,1,present,NA
519,monsoon,Neerar Dam,n2,2011-08-26,26/08/2011,9.2,frog,Frog,Anura,order,amphibia,UTM,EPSG:32643,Converted from UTM coordinates (grid 43 P of UTM Zone 43 N) to decimal degrees using QGIS,715530,1138608,76.9680270968415,10.2942520340763,tea,1,present,NA
520,monsoon,Neerar Dam,n2,2011-08-26,26/08/2011,9.2,pill millipede,Pill millipede,Diplopoda,class,diplopoda,UTM,EPSG:32643,Converted from UTM coordinates (grid 43 P of UTM Zone 43 N) to decimal degrees using QGIS,715638,1138210,76.9689905390021,10.2906485001576,tea,1,present,NA
521,monsoon,Neerar Dam,n2,2011-08-26,26/08/2011,9.2,pill millipede,Pill millipede,Diplopoda,class,diplopoda,UTM,EPSG:32643,Converted from UTM coordinates (grid 43 P of UTM Zone 43 N) to decimal degrees using QGIS,714723,1140148,76.9607473398941,10.3082169266975,forest_tea,1,present,NA
522,monsoon,Neerar Dam,n2,2011-08-26,26/08/2011,9.2,shield tail,Shieldtail,Uropeltidae,family,reptilia,UTM,EPSG:32643,Converted from UTM coordinates (grid 43 P of UTM Zone 43 N) to decimal degrees using QGIS,715145,1139495,76.9645626994396,10.3022910316572,tea,1,present,NA
523,monsoon,Neerar Dam,n2,2011-08-26,26/08/2011,9.2,snail,Snail,Gastropoda,class,mollusca,UTM,EPSG:32643,Converted from UTM coordinates (grid 43 P of UTM Zone 43 N) to decimal degrees using QGIS,715493,1138693,76.9676941473338,10.2950224064914,tea,2,present,NA
524,monsoon,Neerar Dam,n2,2011-08-26,26/08/2011,9.2,snail,Snail,Gastropoda,class,mollusca,UTM,EPSG:32643,Converted from UTM coordinates (grid 43 P of UTM Zone 43 N) to decimal degrees using QGIS,715522,1138988,76.9679753790946,10.2976873146014,tea,1,present,NA
525,monsoon,Neerar Dam,n2,2011-08-26,26/08/2011,9.2,toad,Toad,Anura,order,amphibia,UTM,EPSG:32643,Converted from UTM coordinates (grid 43 P of UTM Zone 43 N) to decimal degrees using QGIS,715115,1139588,76.9642940775664,10.303133327615,tea,1,present,NA
526,monsoon,Neerar Dam,n2,2011-08-26,26/08/2011,9.2,toad,Toad,Anura,order,amphibia,UTM,EPSG:32643,Converted from UTM coordinates (grid 43 P of UTM Zone 43 N) to decimal degrees using QGIS,716745,1137356,76.9790462949821,10.2828675934829,tea,1,present,NA
527,monsoon,Neerar Dam,n2,2011-08-26,26/08/2011,9.2,toad,Toad,Anura,order,amphibia,UTM,EPSG:32643,Converted from UTM coordinates (grid 43 P of UTM Zone 43 N) to decimal degrees using QGIS,716396,1136414,76.9758080481256,10.2743722890466,tea,1,present,NA
528,monsoon,Neerar Dam,n2,2011-08-26,26/08/2011,9.2,toad,Toad,Anura,order,amphibia,UTM,EPSG:32643,Converted from UTM coordinates (grid 43 P of UTM Zone 43 N) to decimal degrees using QGIS,716714,1137179,76.97875339576,10.2812694201789,tea,1,present,NA
529,monsoon,Neerar Dam,n2,2011-08-26,26/08/2011,9.2,toad,Toad,Anura,order,amphibia,UTM,EPSG:32643,Converted from UTM coordinates (grid 43 P of UTM Zone 43 N) to decimal degrees using QGIS,715640,1138209,76.9690087374816,10.290639350089,tea,1,present,NA
530,monsoon,Neerar Dam,n3,2011-09-03,03/09/2011,9.2,caecilian,Caecilian,Gymnophiona,order,amphibia,UTM,EPSG:32643,Converted from UTM coordinates (grid 43 P of UTM Zone 43 N) to decimal degrees using QGIS,716780,1136838,76.9793365793835,10.278183445228,tea,1,present,NA
531,monsoon,Neerar Dam,n3,2011-09-03,03/09/2011,9.2,frog,Frog,Anura,order,amphibia,UTM,EPSG:32643,Converted from UTM coordinates (grid 43 P of UTM Zone 43 N) to decimal degrees using QGIS,716620,1136913,76.9778805003361,10.2788702850139,tea,1,present,NA
532,monsoon,Neerar Dam,n3,2011-09-03,03/09/2011,9.2,frog,Frog,Anura,order,amphibia,UTM,EPSG:32643,Converted from UTM coordinates (grid 43 P of UTM Zone 43 N) to decimal degrees using QGIS,716654,1137131,76.9782030783149,10.2808388922396,tea,1,present,NA
533,monsoon,Neerar Dam,n3,2011-09-03,03/09/2011,9.2,frog,Frog,Anura,order,amphibia,UTM,EPSG:32643,Converted from UTM coordinates (grid 43 P of UTM Zone 43 N) to decimal degrees using QGIS,714352,1140802,76.9573974342429,10.3141490194852,tea,1,present,NA
534,monsoon,Neerar Dam,n3,2011-09-03,03/09/2011,9.2,Indian crested porcupine,Indian crested porcupine,Hystrix indica,species,mammalia,UTM,EPSG:32643,Converted from UTM coordinates (grid 43 P of UTM Zone 43 N) to decimal degrees using QGIS,714809,1139832,76.9615146574166,10.3053558166303,tea,1,present,3 days old
535,monsoon,Neerar Dam,n3,2011-09-03,03/09/2011,9.2,snail,Snail,Gastropoda,class,mollusca,UTM,EPSG:32643,Converted from UTM coordinates (grid 43 P of UTM Zone 43 N) to decimal degrees using QGIS,716613,1136860,76.9778136314767,10.27839160796,tea,1,present,NA
536,monsoon,Neerar Dam,n4,2011-09-12,12/09/2011,9.2,caecilian,Caecilian,Gymnophiona,order,amphibia,UTM,EPSG:32643,Converted from UTM coordinates (grid 43 P of UTM Zone 43 N) to decimal degrees using QGIS,716314,1136254,76.9750506720658,10.272930606193,tea,1,present,NA
537,monsoon,Neerar Dam,n4,2011-09-12,12/09/2011,9.2,caecilian,Caecilian,Gymnophiona,order,amphibia,UTM,EPSG:32643,Converted from UTM coordinates (grid 43 P of UTM Zone 43 N) to decimal degrees using QGIS,714727,1140145,76.9607836834098,10.3081895879696,forest_tea,1,present,NA
538,monsoon,Neerar Dam,n4,2011-09-12,12/09/2011,9.2,snake,Snake,Squamata,order,reptilia,UTM,EPSG:32643,Converted from UTM coordinates (grid 43 P of UTM Zone 43 N) to decimal degrees using QGIS,715573,1138557,76.9684167150341,10.2937886559487,tea,1,present,CORAL SNAKE1
539,monsoon,Neerar Dam,n4,2011-09-12,12/09/2011,9.2,frog,Frog,Anura,order,amphibia,UTM,EPSG:32643,Converted from UTM coordinates (grid 43 P of UTM Zone 43 N) to decimal degrees using QGIS,716720,1136205,76.9787533630068,10.2724651047583,tea,1,present,NA
540,monsoon,Neerar Dam,n4,2011-09-12,12/09/2011,9.2,shield tail,Shieldtail,Uropeltidae,family,reptilia,UTM,EPSG:32643,Converted from UTM coordinates (grid 43 P of UTM Zone 43 N) to decimal degrees using QGIS,717108,1136343,76.9823022898745,10.2736908561048,forest,1,present,NA
541,monsoon,Neerar Dam,n4,2011-09-12,12/09/2011,9.2,skink,Skink,Scincidae,family,reptilia,UTM,EPSG:32643,Converted from UTM coordinates (grid 43 P of UTM Zone 43 N) to decimal degrees using QGIS,715519,1138958,76.9679463147389,10.2974163098901,tea,1,present,NA
542,monsoon,Neerar Dam,n4,2011-09-12,12/09/2011,9.2,snake,Snake,Squamata,order,reptilia,UTM,EPSG:32643,Converted from UTM coordinates (grid 43 P of UTM Zone 43 N) to decimal degrees using QGIS,715720,1138099,76.9697327505832,10.2896406140661,tea,1,present,NA
543,monsoon,Neerar Dam,n4,2011-09-12,12/09/2011,9.2,toad,Toad,Anura,order,amphibia,UTM,EPSG:32643,Converted from UTM coordinates (grid 43 P of UTM Zone 43 N) to decimal degrees using QGIS,716410,1136437,76.9759371145482,10.2745794076297,tea,1,present,NA
544,monsoon,Neerar Dam,n5,2011-09-19,19/09/2011,9.2,caecilian,Caecilian,Gymnophiona,order,amphibia,UTM,EPSG:32643,Converted from UTM coordinates (grid 43 P of UTM Zone 43 N) to decimal degrees using QGIS,716746,1136774,76.9790226650942,10.2776068446394,tea,1,present,NA
545,monsoon,Neerar Dam,n5,2011-09-19,19/09/2011,9.2,caecilian,Caecilian,Gymnophiona,order,amphibia,UTM,EPSG:32643,Converted from UTM coordinates (grid 43 P of UTM Zone 43 N) to decimal degrees using QGIS,715524,1138763,76.9679810204314,10.295653418909,tea,1,present,NA
546,monsoon,Neerar Dam,n5,2011-09-19,19/09/2011,9.2,earthworm,Earthworm,Annelida,phylum,annelida,UTM,EPSG:32643,Converted from UTM coordinates (grid 43 P of UTM Zone 43 N) to decimal degrees using QGIS,716426,1136229,76.976071461085,10.2726984032366,tea,13,present,NA
547,monsoon,Neerar Dam,n5,2011-09-19,19/09/2011,9.2,earthworm,Earthworm,Annelida,phylum,annelida,UTM,EPSG:32643,Converted from UTM coordinates (grid 43 P of UTM Zone 43 N) to decimal degrees using QGIS,716313,1137467,76.9751096679476,10.2838949861228,tea,1,present,NA
548,monsoon,Neerar Dam,n5,2011-09-19,19/09/2011,9.2,frog,Frog,Anura,order,amphibia,UTM,EPSG:32643,Converted from UTM coordinates (grid 43 P of UTM Zone 43 N) to decimal degrees using QGIS,716349,1137490,76.9754395340015,10.2841008797666,tea,1,present,NA
549,monsoon,Neerar Dam,n5,2011-09-19,19/09/2011,9.2,frog,Frog,Anura,order,amphibia,UTM,EPSG:32643,Converted from UTM coordinates (grid 43 P of UTM Zone 43 N) to decimal degrees using QGIS,715597,1138519,76.9686336413358,10.2934438399722,tea,1,present,NA
550,monsoon,Neerar Dam,n5,2011-09-19,19/09/2011,9.2,frog,Frog,Anura,order,amphibia,UTM,EPSG:32643,Converted from UTM coordinates (grid 43 P of UTM Zone 43 N) to decimal degrees using QGIS,714535,1140568,76.9590547788389,10.3120237478951,forest,1,present,NA
551,monsoon,Neerar Dam,n5,2011-09-19,19/09/2011,9.2,shrew,Shrew,Soricidae,family,mammalia,UTM,EPSG:32643,Converted from UTM coordinates (grid 43 P of UTM Zone 43 N) to decimal degrees using QGIS,716431,1136221,76.9761166453882,10.2726258130531,tea,1,present,NA
552,monsoon,Neerar Dam,n5,2011-09-19,19/09/2011,9.2,snail,Snail,Gastropoda,class,mollusca,UTM,EPSG:32643,Converted from UTM coordinates (grid 43 P of UTM Zone 43 N) to decimal degrees using QGIS,716728,1137202,76.9788824675374,10.2814765366246,tea,1,present,NA
553,monsoon,Neerar Dam,n5,2011-09-19,19/09/2011,9.2,toad,Toad,Anura,order,amphibia,UTM,EPSG:32643,Converted from UTM coordinates (grid 43 P of UTM Zone 43 N) to decimal degrees using QGIS,715577,1138547,76.9684526639039,10.2936980434699,tea,1,present,NA
554,monsoon,Neerar Dam,n5,2011-09-19,19/09/2011,9.2,toad,Toad,Anura,order,amphibia,UTM,EPSG:32643,Converted from UTM coordinates (grid 43 P of UTM Zone 43 N) to decimal degrees using QGIS,714642,1140219,76.9600119552636,10.308863185861,forest_tea,1,present,NA
555,monsoon,Neerar Dam,n6,2011-09-27,27/09/2011,9.2,caecilian,Caecilian,Gymnophiona,order,amphibia,UTM,EPSG:32643,Converted from UTM coordinates (grid 43 P of UTM Zone 43 N) to decimal degrees using QGIS,715757,1138013,76.9700656354899,10.2888612022421,tea,1,present,NA
556,monsoon,Neerar Dam,n6,2011-09-27,27/09/2011,9.2,caecilian,Caecilian,Gymnophiona,order,amphibia,UTM,EPSG:32643,Converted from UTM coordinates (grid 43 P of UTM Zone 43 N) to decimal degrees using QGIS,716512,1136603,76.9768773728738,10.2760742077236,tea,1,present,NA
557,monsoon,Neerar Dam,n6,2011-09-27,27/09/2011,9.2,caecilian,Caecilian,Gymnophiona,order,amphibia,UTM,EPSG:32643,Converted from UTM coordinates (grid 43 P of UTM Zone 43 N) to decimal degrees using QGIS,715552,1138581,76.9682263856809,10.2940067587267,tea,1,present,NA
558,monsoon,Neerar Dam,n6,2011-09-27,27/09/2011,9.2,centipede,Centipede,Chilopoda,class,chilopoda,UTM,EPSG:32643,Converted from UTM coordinates (grid 43 P of UTM Zone 43 N) to decimal degrees using QGIS,714617,1140238,76.959784821223,10.3090363122476,forest_tea,1,present,NA
559,monsoon,Neerar Dam,n6,2011-09-27,27/09/2011,9.2,earthworm,Earthworm,Annelida,phylum,annelida,UTM,EPSG:32643,Converted from UTM coordinates (grid 43 P of UTM Zone 43 N) to decimal degrees using QGIS,716740,1136227,76.9789371340585,10.2726628487994,tea,1,present,NA
560,monsoon,Neerar Dam,n6,2011-09-27,27/09/2011,9.2,earthworm,Earthworm,Annelida,phylum,annelida,UTM,EPSG:32643,Converted from UTM coordinates (grid 43 P of UTM Zone 43 N) to decimal degrees using QGIS,716404,1136158,76.9758666867778,10.2720578568082,tea,8,present,NA
561,monsoon,Neerar Dam,n6,2011-09-27,27/09/2011,9.2,millipede,Millipede,Diplopoda,class,diplopoda,UTM,EPSG:32643,Converted from UTM coordinates (grid 43 P of UTM Zone 43 N) to decimal degrees using QGIS,716383,1136387,76.9756878840286,10.2741289587108,tea,1,present,NA
562,monsoon,Neerar Dam,n6,2011-09-27,27/09/2011,9.2,millipede,Millipede,Diplopoda,class,diplopoda,UTM,EPSG:32643,Converted from UTM coordinates (grid 43 P of UTM Zone 43 N) to decimal degrees using QGIS,715543,1138593,76.9681449119671,10.2941157268287,tea,1,present,NA
563,monsoon,Neerar Dam,n6,2011-09-27,27/09/2011,9.2,snail,Snail,Gastropoda,class,mollusca,UTM,EPSG:32643,Converted from UTM coordinates (grid 43 P of UTM Zone 43 N) to decimal degrees using QGIS,716431,1136464,76.9761302932483,10.2748222927658,tea,1,present,NA
564,monsoon,Neerar Dam,n6,2011-09-27,27/09/2011,9.2,snail,Snail,Gastropoda,class,mollusca,UTM,EPSG:32643,Converted from UTM coordinates (grid 43 P of UTM Zone 43 N) to decimal degrees using QGIS,715551,1138586,76.9682175385741,10.2940520094521,tea,1,present,NA
565,monsoon,Neerar Dam,n6,2011-09-27,27/09/2011,9.2,snail,Snail,Gastropoda,class,mollusca,UTM,EPSG:32643,Converted from UTM coordinates (grid 43 P of UTM Zone 43 N) to decimal degrees using QGIS,715132,1139691,76.964455015481,10.3040634079688,tea,1,present,NA
566,monsoon,Neerar Dam,n6,2011-09-27,27/09/2011,9.2,snail,Snail,Gastropoda,class,mollusca,UTM,EPSG:32643,Converted from UTM coordinates (grid 43 P of UTM Zone 43 N) to decimal degrees using QGIS,714766,1139976,76.9611302169295,10.306659824587,tea,1,present,NA
567,monsoon,Neerar Dam,n6,2011-09-27,27/09/2011,9.2,snake,Snake,Squamata,order,reptilia,UTM,EPSG:32643,Converted from UTM coordinates (grid 43 P of UTM Zone 43 N) to decimal degrees using QGIS,714422,1140729,76.9580323160003,10.3134852936586,tea,1,present,NA
568,monsoon,Neerar Dam,n6,2011-09-27,27/09/2011,9.2,toad,Toad,Anura,order,amphibia,UTM,EPSG:32643,Converted from UTM coordinates (grid 43 P of UTM Zone 43 N) to decimal degrees using QGIS,715862,1137708,76.9710068831807,10.2860984651107,tea,1,present,NA
569,monsoon,Neerar Dam,n6,2011-09-27,27/09/2011,9.2,toad,Toad,Anura,order,amphibia,UTM,EPSG:32643,Converted from UTM coordinates (grid 43 P of UTM Zone 43 N) to decimal degrees using QGIS,715133,1139613,76.9644597752206,10.3033583059745,tea,1,present,NA
570,monsoon,Neerar Dam,n7,2011-10-06,06/10/2011,9.2,calotes,Calotes,Calotes grandisquamis,species,reptilia,UTM,EPSG:32643,Converted from UTM coordinates (grid 43 P of UTM Zone 43 N) to decimal degrees using QGIS,716731,1136314,76.9788598864911,10.2734497427674,forest,1,present,calotes grandisquamis1
571,monsoon,Neerar Dam,n7,2011-10-06,06/10/2011,9.2,earthworm,Earthworm,Annelida,phylum,annelida,UTM,EPSG:32643,Converted from UTM coordinates (grid 43 P of UTM Zone 43 N) to decimal degrees using QGIS,717086,1136329,76.9821007136328,10.273565537897,forest,1,present,NA
572,monsoon,Neerar Dam,n7,2011-10-06,06/10/2011,9.2,earthworm,Earthworm,Annelida,phylum,annelida,UTM,EPSG:32643,Converted from UTM coordinates (grid 43 P of UTM Zone 43 N) to decimal degrees using QGIS,716546,1137455,76.9772355918493,10.2837735447003,tea,1,present,NA
573,monsoon,Neerar Dam,n7,2011-10-06,06/10/2011,9.2,earthworm,Earthworm,Annelida,phylum,annelida,UTM,EPSG:32643,Converted from UTM coordinates (grid 43 P of UTM Zone 43 N) to decimal degrees using QGIS,715256,1139261,76.9655627577457,10.3001697365024,tea,1,present,NA
574,monsoon,Neerar Dam,n7,2011-10-06,06/10/2011,9.2,earthworm,Earthworm,Annelida,phylum,annelida,UTM,EPSG:32643,Converted from UTM coordinates (grid 43 P of UTM Zone 43 N) to decimal degrees using QGIS,714498,1140661,76.9587222423273,10.3128664304221,tea,1,present,NA
575,monsoon,Neerar Dam,n7,2011-10-06,06/10/2011,9.2,earthworm,Earthworm,Annelida,phylum,annelida,UTM,EPSG:32643,Converted from UTM coordinates (grid 43 P of UTM Zone 43 N) to decimal degrees using QGIS,716666,1136237,76.9782623205622,10.2727573597221,tea,1,present,NA
576,monsoon,Neerar Dam,n7,2011-10-06,06/10/2011,9.2,earthworm,Earthworm,Annelida,phylum,annelida,UTM,EPSG:32643,Converted from UTM coordinates (grid 43 P of UTM Zone 43 N) to decimal degrees using QGIS,716556,1136219,76.9772573714889,10.2726007807779,tea,1,present,NA
577,monsoon,Neerar Dam,n7,2011-10-06,06/10/2011,9.2,earthworm,Earthworm,Annelida,phylum,annelida,UTM,EPSG:32643,Converted from UTM coordinates (grid 43 P of UTM Zone 43 N) to decimal degrees using QGIS,716310,1136193,76.9750107414458,10.2723794484616,tea,1,present,NA
578,monsoon,Neerar Dam,n7,2011-10-06,06/10/2011,9.2,earthworm,Earthworm,Annelida,phylum,annelida,UTM,EPSG:32643,Converted from UTM coordinates (grid 43 P of UTM Zone 43 N) to decimal degrees using QGIS,716294,1136231,76.9748668467037,10.2727238205098,tea,3,present,NA
579,monsoon,Neerar Dam,n7,2011-10-06,06/10/2011,9.2,earthworm,Earthworm,Annelida,phylum,annelida,UTM,EPSG:32643,Converted from UTM coordinates (grid 43 P of UTM Zone 43 N) to decimal degrees using QGIS,716382,1136362,76.9756773534468,10.2739030389888,tea,1,present,NA
580,monsoon,Neerar Dam,n7,2011-10-06,06/10/2011,9.2,earthworm,Earthworm,Annelida,phylum,annelida,UTM,EPSG:32643,Converted from UTM coordinates (grid 43 P of UTM Zone 43 N) to decimal degrees using QGIS,716614,1136713,76.9778144918622,10.2770628193148,tea,1,present,NA
581,monsoon,Neerar Dam,n7,2011-10-06,06/10/2011,9.2,earthworm,Earthworm,Annelida,phylum,annelida,UTM,EPSG:32643,Converted from UTM coordinates (grid 43 P of UTM Zone 43 N) to decimal degrees using QGIS,716606,1136899,76.9777519366618,10.2787445188133,tea,1,present,NA
582,monsoon,Neerar Dam,n7,2011-10-06,06/10/2011,9.2,earthworm,Earthworm,Annelida,phylum,annelida,UTM,EPSG:32643,Converted from UTM coordinates (grid 43 P of UTM Zone 43 N) to decimal degrees using QGIS,716658,1136959,76.9782299094309,10.2792839620305,tea,1,present,NA
583,monsoon,Neerar Dam,n7,2011-10-06,06/10/2011,9.2,frog,Frog,Anura,order,amphibia,UTM,EPSG:32643,Converted from UTM coordinates (grid 43 P of UTM Zone 43 N) to decimal degrees using QGIS,716723,1137376,76.9788466270764,10.2830495998619,tea,1,present,NA
584,monsoon,Neerar Dam,n7,2011-10-06,06/10/2011,9.2,frog,Frog,Anura,order,amphibia,UTM,EPSG:32643,Converted from UTM coordinates (grid 43 P of UTM Zone 43 N) to decimal degrees using QGIS,716407,1137472,76.9759678905683,10.2839349489164,tea,1,present,NA
585,monsoon,Neerar Dam,n7,2011-10-06,06/10/2011,9.2,frog,Frog,Anura,order,amphibia,UTM,EPSG:32643,Converted from UTM coordinates (grid 43 P of UTM Zone 43 N) to decimal degrees using QGIS,716397,1137489,76.9758775758471,10.2840891687633,tea,1,present,NA
586,monsoon,Neerar Dam,n7,2011-10-06,06/10/2011,9.2,frog,Frog,Anura,order,amphibia,UTM,EPSG:32643,Converted from UTM coordinates (grid 43 P of UTM Zone 43 N) to decimal degrees using QGIS,715839,1137749,76.9707992586591,10.2864703429722,tea,1,present,NA
587,monsoon,Neerar Dam,n7,2011-10-06,06/10/2011,9.2,frog,Frog,Anura,order,amphibia,UTM,EPSG:32643,Converted from UTM coordinates (grid 43 P of UTM Zone 43 N) to decimal degrees using QGIS,715620,1138293,76.9688309005751,10.2913997398012,tea,1,present,NA
588,monsoon,Neerar Dam,n7,2011-10-06,06/10/2011,9.2,frog,Frog,Anura,order,amphibia,UTM,EPSG:32643,Converted from UTM coordinates (grid 43 P of UTM Zone 43 N) to decimal degrees using QGIS,715261,1139257,76.9656081714991,10.3001333029446,tea,1,present,NA
589,monsoon,Neerar Dam,n7,2011-10-06,06/10/2011,9.2,frog,Frog,Anura,order,amphibia,UTM,EPSG:32643,Converted from UTM coordinates (grid 43 P of UTM Zone 43 N) to decimal degrees using QGIS,714573,1140396,76.959392026206,10.310466922499,forest_tea,1,present,NA
590,monsoon,Neerar Dam,n7,2011-10-06,06/10/2011,9.2,frog,Frog,Anura,order,amphibia,UTM,EPSG:32643,Converted from UTM coordinates (grid 43 P of UTM Zone 43 N) to decimal degrees using QGIS,714551,1140487,76.9591962984783,10.3112906966373,forest,2,present,NA
591,monsoon,Neerar Dam,n7,2011-10-06,06/10/2011,9.2,glow worm,Glowworm,Lampyridae,family,insecta,UTM,EPSG:32643,Converted from UTM coordinates (grid 43 P of UTM Zone 43 N) to decimal degrees using QGIS,716354,1137489,76.975485113018,10.2840915624523,tea,1,present,NA
592,monsoon,Neerar Dam,n7,2011-10-06,06/10/2011,9.2,grasshopper,Grasshopper,Orthoptera,order,insecta,UTM,EPSG:32643,Converted from UTM coordinates (grid 43 P of UTM Zone 43 N) to decimal degrees using QGIS,714540,1140540,76.9590988535563,10.311770376839,forest,1,present,NA
593,monsoon,Neerar Dam,n7,2011-10-06,06/10/2011,9.2,skink,Skink,Scincidae,family,reptilia,UTM,EPSG:32643,Converted from UTM coordinates (grid 43 P of UTM Zone 43 N) to decimal degrees using QGIS,714848,1140041,76.9618823303602,10.3072428223655,tea,1,present,NA
594,monsoon,Neerar Dam,n7,2011-10-06,06/10/2011,9.2,snail,Snail,Gastropoda,class,mollusca,UTM,EPSG:32643,Converted from UTM coordinates (grid 43 P of UTM Zone 43 N) to decimal degrees using QGIS,716322,1136279,76.9751250891663,10.2731561368924,tea,1,present,NA
595,monsoon,Neerar Dam,n7,2011-10-06,06/10/2011,9.2,snail,Snail,Gastropoda,class,mollusca,UTM,EPSG:32643,Converted from UTM coordinates (grid 43 P of UTM Zone 43 N) to decimal degrees using QGIS,716657,1136964,76.9782210638145,10.2793292127264,tea,1,present,NA
596,monsoon,Neerar Dam,n7,2011-10-06,06/10/2011,9.2,snail,Snail,Gastropoda,class,mollusca,UTM,EPSG:32643,Converted from UTM coordinates (grid 43 P of UTM Zone 43 N) to decimal degrees using QGIS,715621,1138390,76.9688454654893,10.2922764712549,tea,4,present,NA
597,monsoon,Neerar Dam,n7,2011-10-06,06/10/2011,9.2,snail,Snail,Gastropoda,class,mollusca,UTM,EPSG:32643,Converted from UTM coordinates (grid 43 P of UTM Zone 43 N) to decimal degrees using QGIS,715519,1138968,76.9679468753764,10.2975067003166,tea,1,present,big one
598,monsoon,Neerar Dam,n8,2011-10-16,16/10/2011,9.2,frog,Frog,Anura,order,amphibia,UTM,EPSG:32643,Converted from UTM coordinates (grid 43 P of UTM Zone 43 N) to decimal degrees using QGIS,716945,1136298,76.9808121025568,10.2732931933928,forest,1,present,NA
599,monsoon,Neerar Dam,n8,2011-10-16,16/10/2011,9.2,frog,Frog,Anura,order,amphibia,UTM,EPSG:32643,Converted from UTM coordinates (grid 43 P of UTM Zone 43 N) to decimal degrees using QGIS,715633,1138237,76.9689464161462,10.290892831828,tea,1,present,NA
600,monsoon,Neerar Dam,n8,2011-10-16,16/10/2011,9.2,frog,Frog,Anura,order,amphibia,UTM,EPSG:32643,Converted from UTM coordinates (grid 43 P of UTM Zone 43 N) to decimal degrees using QGIS,716306,1136246,76.9749772092435,10.2728587387594,tea,1,present,NA
601,monsoon,Neerar Dam,n8,2011-10-16,16/10/2011,9.2,frog,Frog,Anura,order,amphibia,UTM,EPSG:32643,Converted from UTM coordinates (grid 43 P of UTM Zone 43 N) to decimal degrees using QGIS,716688,1137152,76.9785145757997,10.2810268164595,tea,1,present,NA
602,monsoon,Neerar Dam,n8,2011-10-16,16/10/2011,9.2,frog,Frog,Anura,order,amphibia,UTM,EPSG:32643,Converted from UTM coordinates (grid 43 P of UTM Zone 43 N) to decimal degrees using QGIS,716766,1137274,76.9792333450111,10.2821252254463,tea,1,present,NA
603,monsoon,Neerar Dam,n8,2011-10-16,16/10/2011,9.2,frog,Frog,Anura,order,amphibia,UTM,EPSG:32643,Converted from UTM coordinates (grid 43 P of UTM Zone 43 N) to decimal degrees using QGIS,716343,1137484,76.9753844345306,10.2840469796678,tea,1,present,NA
604,monsoon,Neerar Dam,n8,2011-10-16,16/10/2011,9.2,frog,Frog,Anura,order,amphibia,UTM,EPSG:32643,Converted from UTM coordinates (grid 43 P of UTM Zone 43 N) to decimal degrees using QGIS,716192,1137454,76.9740045656322,10.2837842106752,tea,1,present,NA
605,monsoon,Neerar Dam,n8,2011-10-16,16/10/2011,9.2,frog,Frog,Anura,order,amphibia,UTM,EPSG:32643,Converted from UTM coordinates (grid 43 P of UTM Zone 43 N) to decimal degrees using QGIS,716161,1137452,76.97372151497,10.2837678566824,tea,1,present,NA
606,monsoon,Neerar Dam,n8,2011-10-16,16/10/2011,9.2,frog,Frog,Anura,order,amphibia,UTM,EPSG:32643,Converted from UTM coordinates (grid 43 P of UTM Zone 43 N) to decimal degrees using QGIS,716055,1137562,76.9727602219939,10.2847680425374,tea,1,present,NA
607,monsoon,Neerar Dam,n8,2011-10-16,16/10/2011,9.2,frog,Frog,Anura,order,amphibia,UTM,EPSG:32643,Converted from UTM coordinates (grid 43 P of UTM Zone 43 N) to decimal degrees using QGIS,715638,1138207,76.9689903708356,10.2906213830353,tea,1,present,NA
608,monsoon,Neerar Dam,n8,2011-10-16,16/10/2011,9.2,glow worm,Glowworm,Lampyridae,family,insecta,UTM,EPSG:32643,Converted from UTM coordinates (grid 43 P of UTM Zone 43 N) to decimal degrees using QGIS,716580,1137053,76.9775232981142,10.2801379728972,tea,1,present,NA
609,monsoon,Neerar Dam,n8,2011-10-16,16/10/2011,9.2,grasshopper,Grasshopper,Orthoptera,order,insecta,UTM,EPSG:32643,Converted from UTM coordinates (grid 43 P of UTM Zone 43 N) to decimal degrees using QGIS,716636,1136929,76.9780274303741,10.2790140177278,tea,1,present,NA
610,monsoon,Neerar Dam,n8,2011-10-16,16/10/2011,9.2,praying mantis,Praying mantis,Mantodea,order,insecta,UTM,EPSG:32643,Converted from UTM coordinates (grid 43 P of UTM Zone 43 N) to decimal degrees using QGIS,714514,1140641,76.9588671719366,10.3126847632436,tea,1,present,NA
611,monsoon,Neerar Dam,n8,2011-10-16,16/10/2011,9.2,snake,Rat snake,Ptyas mucosa,species,reptilia,UTM,EPSG:32643,Converted from UTM coordinates (grid 43 P of UTM Zone 43 N) to decimal degrees using QGIS,714568,1140418,76.9593476163634,10.3106660590451,forest_tea,1,present,RAT SNAKE1
612,monsoon,Neerar Dam,n8,2011-10-16,16/10/2011,9.2,shield tail,Shieldtail,Uropeltidae,family,reptilia,UTM,EPSG:32643,Converted from UTM coordinates (grid 43 P of UTM Zone 43 N) to decimal degrees using QGIS,716739,1136806,76.9789605777759,10.2778964825069,tea,1,present,NA
613,monsoon,Neerar Dam,n8,2011-10-16,16/10/2011,9.2,shield tail,Shieldtail,Uropeltidae,family,reptilia,UTM,EPSG:32643,Converted from UTM coordinates (grid 43 P of UTM Zone 43 N) to decimal degrees using QGIS,715634,1138245,76.9689559918704,10.2909650886404,tea,1,present,NA
614,monsoon,Neerar Dam,n8,2011-10-16,16/10/2011,9.2,snail,Snail,Gastropoda,class,mollusca,UTM,EPSG:32643,Converted from UTM coordinates (grid 43 P of UTM Zone 43 N) to decimal degrees using QGIS,715624,1138423,76.9688746974856,10.292574593032,tea,2,present,NA
615,monsoon,Neerar Dam,n8,2011-10-16,16/10/2011,9.2,snail,Snail,Gastropoda,class,mollusca,UTM,EPSG:32643,Converted from UTM coordinates (grid 43 P of UTM Zone 43 N) to decimal degrees using QGIS,715556,1138578,76.9682627269945,10.2939794195558,tea,1,present,NA
616,monsoon,Neerar Dam,n8,2011-10-16,16/10/2011,9.2,snail,Snail,Gastropoda,class,mollusca,UTM,EPSG:32643,Converted from UTM coordinates (grid 43 P of UTM Zone 43 N) to decimal degrees using QGIS,715529,1138937,76.9680364120416,10.2972259347866,tea,1,present,NA
617,monsoon,Neerar Dam,n8,2011-10-16,16/10/2011,9.2,snail,Snail,Gastropoda,class,mollusca,UTM,EPSG:32643,Converted from UTM coordinates (grid 43 P of UTM Zone 43 N) to decimal degrees using QGIS,715246,1139297,76.9654734984713,10.3004956971311,tea,1,present,NA
618,monsoon,Neerar Dam,n8,2011-10-16,16/10/2011,9.2,snail,Snail,Gastropoda,class,mollusca,UTM,EPSG:32643,Converted from UTM coordinates (grid 43 P of UTM Zone 43 N) to decimal degrees using QGIS,714844,1139810,76.9618328974794,10.305155018557,tea,1,present,NA
619,monsoon,Neerar Dam,n9,2011-09-25,25/09/2011,9.2,centipede,Centipede,Chilopoda,class,chilopoda,UTM,EPSG:32643,Converted from UTM coordinates (grid 43 P of UTM Zone 43 N) to decimal degrees using QGIS,715954,1137621,76.9718416970554,10.2853069583398,tea,1,present,NA
620,monsoon,Neerar Dam,n9,2011-09-25,25/09/2011,9.2,earthworm,Earthworm,Annelida,phylum,annelida,UTM,EPSG:32643,Converted from UTM coordinates (grid 43 P of UTM Zone 43 N) to decimal degrees using QGIS,716658,1137133,76.9782396985833,10.2808567473456,tea,1,present,NA
621,monsoon,Neerar Dam,n9,2011-09-25,25/09/2011,9.2,frog,Frog,Rhacophorus,genus,amphibia,UTM,EPSG:32643,Converted from UTM coordinates (grid 43 P of UTM Zone 43 N) to decimal degrees using QGIS,714538,1140548,76.9590810448222,10.3118428001958,forest,1,present,RHACOPORUS
622,monsoon,Neerar Dam,n9,2011-09-25,25/09/2011,9.2,frog,Frog,Anura,order,amphibia,UTM,EPSG:32643,Converted from UTM coordinates (grid 43 P of UTM Zone 43 N) to decimal degrees using QGIS,714716,1140153,76.9606837247465,10.308262509695,forest_tea,1,present,NA
623,monsoon,Neerar Dam,n9,2011-09-25,25/09/2011,9.2,frog,Frog,Anura,order,amphibia,UTM,EPSG:32643,Converted from UTM coordinates (grid 43 P of UTM Zone 43 N) to decimal degrees using QGIS,715640,1138190,76.9690076724264,10.2904676083155,tea,1,present,NA
624,monsoon,Neerar Dam,n9,2011-09-25,25/09/2011,9.2,frog,Frog,Anura,order,amphibia,UTM,EPSG:32643,Converted from UTM coordinates (grid 43 P of UTM Zone 43 N) to decimal degrees using QGIS,716618,1136800,76.9778558915394,10.2778489895202,tea,1,present,NA
625,monsoon,Neerar Dam,n9,2011-09-25,25/09/2011,9.2,frog,Frog,Anura,order,amphibia,UTM,EPSG:32643,Converted from UTM coordinates (grid 43 P of UTM Zone 43 N) to decimal degrees using QGIS,716676,1136752,76.9783825488249,10.2774118869418,tea,1,present,NA
626,monsoon,Neerar Dam,n9,2011-09-25,25/09/2011,9.2,spider,Giant golden orb weaver,Nephila pilipes,species,arachnida,UTM,EPSG:32643,Converted from UTM coordinates (grid 43 P of UTM Zone 43 N) to decimal degrees using QGIS,717088,1136331,76.9821190797096,10.2735835042703,forest,1,present,GIANT WOOD SPIDER
627,monsoon,Neerar Dam,n9,2011-09-25,25/09/2011,9.2,millipede,Millipede,Diplopoda,class,diplopoda,UTM,EPSG:32643,Converted from UTM coordinates (grid 43 P of UTM Zone 43 N) to decimal degrees using QGIS,714398,1140781,76.9578161493336,10.3139566540215,tea,1,present,NA
628,monsoon,Neerar Dam,n9,2011-09-25,25/09/2011,9.2,mouse,Mouse,Muridae,family,mammalia,UTM,EPSG:32643,Converted from UTM coordinates (grid 43 P of UTM Zone 43 N) to decimal degrees using QGIS,716313,1136255,76.975041601469,10.2729397008002,tea,1,present,NA
629,monsoon,Neerar Dam,n9,2011-09-25,25/09/2011,9.2,caecilian,Caecilian,Gymnophiona,order,amphibia,UTM,EPSG:32643,Converted from UTM coordinates (grid 43 P of UTM Zone 43 N) to decimal degrees using QGIS,715622,1138292,76.9688490991,10.2913905897332,tea,1,present,NA
630,monsoon,Neerar Dam,n9,2011-09-25,25/09/2011,9.2,snake,Pitviper,Craspedocephalus,genus,reptilia,UTM,EPSG:32643,Converted from UTM coordinates (grid 43 P of UTM Zone 43 N) to decimal degrees using QGIS,715868,1137699,76.9710611411357,10.2860167805406,tea,1,present,PIT VIPER GREEN1
631,monsoon,Neerar Dam,n9,2011-09-25,25/09/2011,9.2,snail,Snail,Gastropoda,class,mollusca,UTM,EPSG:32643,Converted from UTM coordinates (grid 43 P of UTM Zone 43 N) to decimal degrees using QGIS,714538,1140550,76.9590811566041,10.3118608783616,forest,1,present,NA
632,monsoon,Neerar Dam,n9,2011-09-25,25/09/2011,9.2,snail,Snail,Gastropoda,class,mollusca,UTM,EPSG:32643,Converted from UTM coordinates (grid 43 P of UTM Zone 43 N) to decimal degrees using QGIS,715511,1138643,76.9678556382198,10.2945694552095,tea,5,present,NA
633,monsoon,Neerar Dam,n9,2011-09-25,25/09/2011,9.2,snail,Snail,Gastropoda,class,mollusca,UTM,EPSG:32643,Converted from UTM coordinates (grid 43 P of UTM Zone 43 N) to decimal degrees using QGIS,715616,1138376,76.9687990440877,10.2921502022703,tea,3,present,NA
634,monsoon,Neerar Dam,n9,2011-09-25,25/09/2011,9.2,snail,Snail,Gastropoda,class,mollusca,UTM,EPSG:32643,Converted from UTM coordinates (grid 43 P of UTM Zone 43 N) to decimal degrees using QGIS,715678,1138121,76.9693506400119,10.2898418049326,tea,1,present,NA
635,monsoon,Neerar Dam,n9,2011-09-25,25/09/2011,9.2,toad,Toad,Anura,order,amphibia,UTM,EPSG:32643,Converted from UTM coordinates (grid 43 P of UTM Zone 43 N) to decimal degrees using QGIS,714429,1140713,76.9580953179506,10.3133402809726,tea,1,present,NA
636,monsoon,Neerar Dam,n9,2011-09-25,25/09/2011,9.2,toad,Toad,Anura,order,amphibia,UTM,EPSG:32643,Converted from UTM coordinates (grid 43 P of UTM Zone 43 N) to decimal degrees using QGIS,714650,1140209,76.9600844189633,10.3087723522026,forest_tea,1,present,NA
637,monsoon,Neerar Dam,n9,2011-09-25,25/09/2011,9.2,toad,Toad,Anura,order,amphibia,UTM,EPSG:32643,Converted from UTM coordinates (grid 43 P of UTM Zone 43 N) to decimal degrees using QGIS,715683,1138125,76.9693965004756,10.2898776834875,tea,1,present,NA
638,monsoon,Neerar Dam,n9,2011-09-25,25/09/2011,9.2,toad,Toad,Anura,order,amphibia,UTM,EPSG:32643,Converted from UTM coordinates (grid 43 P of UTM Zone 43 N) to decimal degrees using QGIS,716673,1136753,76.9783552245652,10.27742109306,tea,1,present,NA
639,monsoon,Puthuthotam,p1,2011-06-13,13/06/2011,3.7,caecilian,Caecilian,Gymnophiona,order,amphibia,UTM,EPSG:32643,Converted from UTM coordinates (grid 43 P of UTM Zone 43 N) to decimal degrees using QGIS,715622,1143814,76.9691594298979,10.3413040932505,forest,1,present,NA
640,monsoon,Puthuthotam,p1,2011-06-13,13/06/2011,3.7,crab,Crabs,Decapoda,order,crustacea,UTM,EPSG:32643,Converted from UTM coordinates (grid 43 P of UTM Zone 43 N) to decimal degrees using QGIS,715296,1143560,76.9661691746621,10.3390263533869,forest,1,present,NA
641,monsoon,Puthuthotam,p1,2011-06-13,13/06/2011,3.7,earthworm,Earthworm,Annelida,phylum,annelida,UTM,EPSG:32643,Converted from UTM coordinates (grid 43 P of UTM Zone 43 N) to decimal degrees using QGIS,715639,1143832,76.9693156324887,10.3414658469988,forest,1,present,NA
642,monsoon,Puthuthotam,p1,2011-06-13,13/06/2011,3.7,frog,Frog,Anura,order,amphibia,UTM,EPSG:32643,Converted from UTM coordinates (grid 43 P of UTM Zone 43 N) to decimal degrees using QGIS,715145,1143537,76.9647894511422,10.3388268620621,forest,1,present,NA
643,monsoon,Puthuthotam,p1,2011-06-13,13/06/2011,3.7,frog,Frog,Anura,order,amphibia,UTM,EPSG:32643,Converted from UTM coordinates (grid 43 P of UTM Zone 43 N) to decimal degrees using QGIS,715359,1143678,76.9667509203217,10.3400894493238,forest,1,present,NA
644,monsoon,Puthuthotam,p1,2011-06-13,13/06/2011,3.7,frog,Frog,Anura,order,amphibia,UTM,EPSG:32643,Converted from UTM coordinates (grid 43 P of UTM Zone 43 N) to decimal degrees using QGIS,715949,1145059,76.9722148133294,10.352539381524,tea,1,present,NA
645,monsoon,Puthuthotam,p1,2011-06-13,13/06/2011,3.7,frog,Frog,Anura,order,amphibia,UTM,EPSG:32643,Converted from UTM coordinates (grid 43 P of UTM Zone 43 N) to decimal degrees using QGIS,715975,1145496,76.9724768633039,10.3564879640587,tea,1,present,NA
646,monsoon,Puthuthotam,p1,2011-06-13,13/06/2011,3.7,millipede,Millipede,Diplopoda,class,diplopoda,UTM,EPSG:32643,Converted from UTM coordinates (grid 43 P of UTM Zone 43 N) to decimal degrees using QGIS,715133,1143497,76.9646776590151,10.3384659683642,forest,1,present,NA
647,monsoon,Puthuthotam,p1,2011-06-13,13/06/2011,3.7,millipede,Millipede,Diplopoda,class,diplopoda,UTM,EPSG:32643,Converted from UTM coordinates (grid 43 P of UTM Zone 43 N) to decimal degrees using QGIS,715283,1143513,76.9660478585976,10.3386022429521,forest,1,present,NA
648,monsoon,Puthuthotam,p1,2011-06-13,13/06/2011,3.7,millipede,Millipede,Diplopoda,class,diplopoda,UTM,EPSG:32643,Converted from UTM coordinates (grid 43 P of UTM Zone 43 N) to decimal degrees using QGIS,715300,1143572,76.9662063643159,10.3391345989647,forest,1,present,NA
649,monsoon,Puthuthotam,p1,2011-06-13,13/06/2011,3.7,millipede,Millipede,Diplopoda,class,diplopoda,UTM,EPSG:32643,Converted from UTM coordinates (grid 43 P of UTM Zone 43 N) to decimal degrees using QGIS,715343,1143631,76.9666022167611,10.3396655064772,forest,1,present,NA
650,monsoon,Puthuthotam,p1,2011-06-13,13/06/2011,3.7,millipede,Millipede,Diplopoda,class,diplopoda,UTM,EPSG:32643,Converted from UTM coordinates (grid 43 P of UTM Zone 43 N) to decimal degrees using QGIS,715346,1143650,76.9666306718061,10.3398370808521,forest,1,present,NA
651,monsoon,Puthuthotam,p1,2011-06-13,13/06/2011,3.7,millipede,Millipede,Diplopoda,class,diplopoda,UTM,EPSG:32643,Converted from UTM coordinates (grid 43 P of UTM Zone 43 N) to decimal degrees using QGIS,715364,1143695,76.9667975204073,10.3402428341774,forest,1,present,NA
652,monsoon,Puthuthotam,p1,2011-06-13,13/06/2011,3.7,millipede,Millipede,Diplopoda,class,diplopoda,UTM,EPSG:32643,Converted from UTM coordinates (grid 43 P of UTM Zone 43 N) to decimal degrees using QGIS,715376,1143727,76.966908865639,10.3405314143456,forest,1,present,NA
653,monsoon,Puthuthotam,p1,2011-06-13,13/06/2011,3.7,millipede,Millipede,Diplopoda,class,diplopoda,UTM,EPSG:32643,Converted from UTM coordinates (grid 43 P of UTM Zone 43 N) to decimal degrees using QGIS,716020,1144401,76.9728258017121,10.3465877561501,forest_tea,1,present,NA
654,monsoon,Puthuthotam,p1,2011-06-13,13/06/2011,3.7,millipede,Millipede,Diplopoda,class,diplopoda,UTM,EPSG:32643,Converted from UTM coordinates (grid 43 P of UTM Zone 43 N) to decimal degrees using QGIS,716020,1144404,76.9728259711423,10.3466148731159,forest_tea,1,present,NA
655,monsoon,Puthuthotam,p1,2011-06-13,13/06/2011,3.7,bat,Horseshoe bats,Rhinolophus sp.,genus,mammalia,UTM,EPSG:32643,Converted from UTM coordinates (grid 43 P of UTM Zone 43 N) to decimal degrees using QGIS,716029,1144620,76.9729203315924,10.3485667911264,forest_tea,1,present,RHINOLOPUS SP
656,monsoon,Puthuthotam,p1,2011-06-13,13/06/2011,3.7,shield tail,Shieldtail,Uropeltidae,family,reptilia,UTM,EPSG:32643,Converted from UTM coordinates (grid 43 P of UTM Zone 43 N) to decimal degrees using QGIS,715626,1143820,76.9691962828642,10.341358104162,forest,1,present,NA
657,monsoon,Puthuthotam,p1,2011-06-13,13/06/2011,3.7,shield tail,Shieldtail,Uropeltidae,family,reptilia,UTM,EPSG:32643,Converted from UTM coordinates (grid 43 P of UTM Zone 43 N) to decimal degrees using QGIS,715652,1143863,76.9694360528854,10.3417453309629,forest,1,present,NA
658,monsoon,Puthuthotam,p1,2011-06-13,13/06/2011,3.7,shrew,Shrew,Soricidae,family,mammalia,UTM,EPSG:32643,Converted from UTM coordinates (grid 43 P of UTM Zone 43 N) to decimal degrees using QGIS,715156,1143582,76.9648923959497,10.3392330065031,forest,1,present,NA
659,monsoon,Puthuthotam,p1,2011-06-13,13/06/2011,3.7,toad,Toad,Anura,order,amphibia,UTM,EPSG:32643,Converted from UTM coordinates (grid 43 P of UTM Zone 43 N) to decimal degrees using QGIS,715106,1143484,76.9644304544484,10.3383499632216,forest,1,present,NA
660,monsoon,Puthuthotam,p1,2011-06-13,13/06/2011,3.7,toad,Toad,Anura,order,amphibia,UTM,EPSG:32643,Converted from UTM coordinates (grid 43 P of UTM Zone 43 N) to decimal degrees using QGIS,715299,1143569,76.9661970668994,10.3391075375712,forest,1,present,NA
661,monsoon,Puthuthotam,p1,2011-06-13,13/06/2011,3.7,toad,Toad,Anura,order,amphibia,UTM,EPSG:32643,Converted from UTM coordinates (grid 43 P of UTM Zone 43 N) to decimal degrees using QGIS,715625,1143819,76.969187097793,10.3413491209405,forest,1,present,NA
662,monsoon,Puthuthotam,p1,2011-06-13,13/06/2011,3.7,toad,Toad,Anura,order,amphibia,UTM,EPSG:32643,Converted from UTM coordinates (grid 43 P of UTM Zone 43 N) to decimal degrees using QGIS,716023,1144313,76.9728482184736,10.345792157384,forest_tea,1,present,NA
663,monsoon,Puthuthotam,p1,2011-06-13,13/06/2011,3.7,toad,Toad,Anura,order,amphibia,UTM,EPSG:32643,Converted from UTM coordinates (grid 43 P of UTM Zone 43 N) to decimal degrees using QGIS,716020,1144401,76.9728258017121,10.3465877561501,forest_tea,1,present,NA
664,monsoon,Puthuthotam,p1,2011-06-13,13/06/2011,3.7,toad,Toad,Anura,order,amphibia,UTM,EPSG:32643,Converted from UTM coordinates (grid 43 P of UTM Zone 43 N) to decimal degrees using QGIS,716020,1144401,76.9728258017121,10.3465877561501,forest_tea,1,present,NA
665,monsoon,Puthuthotam,p2,2011-06-26,26/06/2011,3.7,frog,Frog,Anura,order,amphibia,UTM,EPSG:32643,Converted from UTM coordinates (grid 43 P of UTM Zone 43 N) to decimal degrees using QGIS,714940,1143385,76.9629095366623,10.3374643300316,forest,1,present,NA
666,monsoon,Puthuthotam,p2,2011-06-26,26/06/2011,3.7,frog,Frog,Anura,order,amphibia,UTM,EPSG:32643,Converted from UTM coordinates (grid 43 P of UTM Zone 43 N) to decimal degrees using QGIS,715095,1143484,76.9643300391075,10.3383505752348,forest,1,present,NA
667,monsoon,Puthuthotam,p2,2011-06-26,26/06/2011,3.7,frog,Frog,Anura,order,amphibia,UTM,EPSG:32643,Converted from UTM coordinates (grid 43 P of UTM Zone 43 N) to decimal degrees using QGIS,715147,1143546,76.964808214339,10.3389081020881,forest,1,present,NA
668,monsoon,Puthuthotam,p2,2011-06-26,26/06/2011,3.7,frog,Frog,Anura,order,amphibia,UTM,EPSG:32643,Converted from UTM coordinates (grid 43 P of UTM Zone 43 N) to decimal degrees using QGIS,715373,1143711,76.9668805791299,10.3403869571152,forest,1,present,NA
669,monsoon,Puthuthotam,p2,2011-06-26,26/06/2011,3.7,frog,Frog,Anura,order,amphibia,UTM,EPSG:32643,Converted from UTM coordinates (grid 43 P of UTM Zone 43 N) to decimal degrees using QGIS,715662,1144186,76.9695455457351,10.3446643726911,forest,1,present,NA
670,monsoon,Puthuthotam,p2,2011-06-26,26/06/2011,3.7,shield tail,Shieldtail,Uropeltidae,family,reptilia,UTM,EPSG:32643,Converted from UTM coordinates (grid 43 P of UTM Zone 43 N) to decimal degrees using QGIS,715680,1144192,76.9697102027717,10.3447176019746,forest,1,present,NA
671,monsoon,Puthuthotam,p2,2011-06-26,26/06/2011,3.7,shield tail,Shieldtail,Uropeltidae,family,reptilia,UTM,EPSG:32643,Converted from UTM coordinates (grid 43 P of UTM Zone 43 N) to decimal degrees using QGIS,715677,1144189,76.969682647177,10.3446906524203,forest,1,present,NA
672,monsoon,Puthuthotam,p2,2011-06-26,26/06/2011,3.7,toad,Toad,Anura,order,amphibia,UTM,EPSG:32643,Converted from UTM coordinates (grid 43 P of UTM Zone 43 N) to decimal degrees using QGIS,715352,1143662,76.9666861191574,10.3399452149026,forest,1,present,NA
673,monsoon,Puthuthotam,p3,2011-08-10,10/08/2011,3.7,caecilian,Caecilian,Gymnophiona,order,amphibia,UTM,EPSG:32643,Converted from UTM coordinates (grid 43 P of UTM Zone 43 N) to decimal degrees using QGIS,715653,1143926,76.969448731963,10.3423147327685,forest,1,present,NA
674,monsoon,Puthuthotam,p3,2011-08-10,10/08/2011,3.7,frog,Frog,Anura,order,amphibia,UTM,EPSG:32643,Converted from UTM coordinates (grid 43 P of UTM Zone 43 N) to decimal degrees using QGIS,715829,1144184,76.9710699453365,10.3446369695716,forest,1,present,NA
675,monsoon,Puthuthotam,p3,2011-08-10,10/08/2011,3.7,frog,Frog,Anura,order,amphibia,UTM,EPSG:32643,Converted from UTM coordinates (grid 43 P of UTM Zone 43 N) to decimal degrees using QGIS,715645,1144135,76.9693874810824,10.344204332114,forest,1,present,NA
676,monsoon,Puthuthotam,p3,2011-08-10,10/08/2011,3.7,frog,Frog,Anura,order,amphibia,UTM,EPSG:32643,Converted from UTM coordinates (grid 43 P of UTM Zone 43 N) to decimal degrees using QGIS,715533,1143770,76.9683444950557,10.3409113407057,forest,1,present,NA
677,monsoon,Puthuthotam,p3,2011-08-10,10/08/2011,3.7,millipede,Millipede,Diplopoda,class,diplopoda,UTM,EPSG:32643,Converted from UTM coordinates (grid 43 P of UTM Zone 43 N) to decimal degrees using QGIS,715360,1143681,76.9667602178273,10.3401165106857,forest,1,present,NA
678,monsoon,Puthuthotam,p3,2011-08-10,10/08/2011,3.7,snake,Snake,Squamata,order,reptilia,UTM,EPSG:32643,Converted from UTM coordinates (grid 43 P of UTM Zone 43 N) to decimal degrees using QGIS,714993,1143451,76.9633970614468,10.3380579603029,forest,1,present,NA
679,monsoon,Puthuthotam,p4,2011-08-18,18/08/2011,3.7,caecilian,Caecilian,Gymnophiona,order,amphibia,UTM,EPSG:32643,Converted from UTM coordinates (grid 43 P of UTM Zone 43 N) to decimal degrees using QGIS,715847,1144187,76.9712344332069,10.3446630810356,forest,1,present,NA
680,monsoon,Puthuthotam,p4,2011-08-18,18/08/2011,3.7,caecilian,Caecilian,Gymnophiona,order,amphibia,UTM,EPSG:32643,Converted from UTM coordinates (grid 43 P of UTM Zone 43 N) to decimal degrees using QGIS,715849,1144187,76.9712526908307,10.3446629693044,forest,1,present,NA
681,monsoon,Puthuthotam,p4,2011-08-18,18/08/2011,3.7,snake,Snake,Squamata,order,reptilia,UTM,EPSG:32643,Converted from UTM coordinates (grid 43 P of UTM Zone 43 N) to decimal degrees using QGIS,715664,1144186,76.9695638033776,10.3446642610556,forest,1,present,CORALSNAKE1
682,monsoon,Puthuthotam,p4,2011-08-18,18/08/2011,3.7,frog,Frog,Anura,order,amphibia,UTM,EPSG:32643,Converted from UTM coordinates (grid 43 P of UTM Zone 43 N) to decimal degrees using QGIS,715340,1143619,76.9665741555736,10.3395572052791,forest,1,present,NA
683,monsoon,Puthuthotam,p4,2011-08-18,18/08/2011,3.7,frog,Frog,Anura,order,amphibia,UTM,EPSG:32643,Converted from UTM coordinates (grid 43 P of UTM Zone 43 N) to decimal degrees using QGIS,715349,1143655,76.9666583392134,10.3398821088535,forest,1,present,NA
684,monsoon,Puthuthotam,p4,2011-08-18,18/08/2011,3.7,frog,Frog,Anura,order,amphibia,UTM,EPSG:32643,Converted from UTM coordinates (grid 43 P of UTM Zone 43 N) to decimal degrees using QGIS,715616,1143802,76.9691039814534,10.3411959598347,forest,1,present,NA
685,monsoon,Puthuthotam,p4,2011-08-18,18/08/2011,3.7,frog,Frog,Anura,order,amphibia,UTM,EPSG:32643,Converted from UTM coordinates (grid 43 P of UTM Zone 43 N) to decimal degrees using QGIS,715653,1143887,76.9694465341091,10.3419622113968,forest,1,present,NA
686,monsoon,Puthuthotam,p4,2011-08-18,18/08/2011,3.7,millipede,Millipede,Diplopoda,class,diplopoda,UTM,EPSG:32643,Converted from UTM coordinates (grid 43 P of UTM Zone 43 N) to decimal degrees using QGIS,715393,1143734,76.9670644477589,10.3405937402191,forest,1,present,NA
687,monsoon,Puthuthotam,p4,2011-08-18,18/08/2011,3.7,shield tail,Shieldtail,Uropeltidae,family,reptilia,UTM,EPSG:32643,Converted from UTM coordinates (grid 43 P of UTM Zone 43 N) to decimal degrees using QGIS,715344,1143643,76.9666120205821,10.3397739190859,forest,1,present,NA
688,monsoon,Puthuthotam,p4,2011-08-18,18/08/2011,3.7,shield tail,Shieldtail,Uropeltidae,family,reptilia,UTM,EPSG:32643,Converted from UTM coordinates (grid 43 P of UTM Zone 43 N) to decimal degrees using QGIS,716019,1144594,76.9728275737698,10.3483323367771,forest_tea,1,present,NA
689,monsoon,Puthuthotam,p4,2011-08-18,18/08/2011,3.7,snail,Snail,Gastropoda,class,mollusca,UTM,EPSG:32643,Converted from UTM coordinates (grid 43 P of UTM Zone 43 N) to decimal degrees using QGIS,715659,1144186,76.9695181592709,10.3446645401423,forest,1,present,NA
690,monsoon,Puthuthotam,p4,2011-08-18,18/08/2011,3.7,snail,Snail,Gastropoda,class,mollusca,UTM,EPSG:32643,Converted from UTM coordinates (grid 43 P of UTM Zone 43 N) to decimal degrees using QGIS,716028,1144634,76.9729119935442,10.3486933928778,forest_tea,1,present,NA
691,monsoon,Puthuthotam,p4,2011-08-18,18/08/2011,3.7,snail,Snail,Gastropoda,class,mollusca,UTM,EPSG:32643,Converted from UTM coordinates (grid 43 P of UTM Zone 43 N) to decimal degrees using QGIS,716027,1144672,76.9729050113063,10.3490369303136,forest_tea,1,present,NA
692,monsoon,Puthuthotam,p4,2011-08-18,18/08/2011,3.7,snail,Snail,Gastropoda,class,mollusca,UTM,EPSG:32643,Converted from UTM coordinates (grid 43 P of UTM Zone 43 N) to decimal degrees using QGIS,716015,1144730,76.9727987406297,10.349561862786,forest_tea,1,present,NA
693,monsoon,Puthuthotam,p4,2011-08-18,18/08/2011,3.7,snail,Snail,Gastropoda,class,mollusca,UTM,EPSG:32643,Converted from UTM coordinates (grid 43 P of UTM Zone 43 N) to decimal degrees using QGIS,716010,1144846,76.9727596492317,10.3506106649545,tea,1,present,NA
694,monsoon,Puthuthotam,p4,2011-08-18,18/08/2011,3.7,snail,Snail,Gastropoda,class,mollusca,UTM,EPSG:32643,Converted from UTM coordinates (grid 43 P of UTM Zone 43 N) to decimal degrees using QGIS,715989,1144916,76.9725718952852,10.3512445687725,tea,1,present,NA
695,monsoon,Puthuthotam,p4,2011-08-18,18/08/2011,3.7,toad,Toad,Anura,order,amphibia,UTM,EPSG:32643,Converted from UTM coordinates (grid 43 P of UTM Zone 43 N) to decimal degrees using QGIS,715199,1143563,76.9652838614024,10.3390588713796,forest,1,present,NA
696,monsoon,Puthuthotam,p4,2011-08-18,18/08/2011,3.7,toad,Toad,Anura,order,amphibia,UTM,EPSG:32643,Converted from UTM coordinates (grid 43 P of UTM Zone 43 N) to decimal degrees using QGIS,715852,1144188,76.9712801336877,10.3446718407039,forest,1,present,NA
697,monsoon,Puthuthotam,p4,2011-08-18,18/08/2011,3.7,toad,Toad,Anura,order,amphibia,UTM,EPSG:32643,Converted from UTM coordinates (grid 43 P of UTM Zone 43 N) to decimal degrees using QGIS,715924,1144237,76.9719401736624,10.3451107283598,forest,1,present,NA
698,monsoon,Puthuthotam,p4,2011-08-18,18/08/2011,3.7,toad,Toad,Anura,order,amphibia,UTM,EPSG:32643,Converted from UTM coordinates (grid 43 P of UTM Zone 43 N) to decimal degrees using QGIS,716010,1144771,76.9727554120867,10.3499327409373,tea,1,present,NA
699,monsoon,Puthuthotam,p4,2011-08-18,18/08/2011,3.7,toad,Toad,Anura,order,amphibia,UTM,EPSG:32643,Converted from UTM coordinates (grid 43 P of UTM Zone 43 N) to decimal degrees using QGIS,716009,1144799,76.9727478649568,10.3501858885117,tea,1,present,NA
700,monsoon,Puthuthotam,p4,2011-08-18,18/08/2011,3.7,toad,Toad,Anura,order,amphibia,UTM,EPSG:32643,Converted from UTM coordinates (grid 43 P of UTM Zone 43 N) to decimal degrees using QGIS,715977,1145359,76.9724873785141,10.3552495111559,tea,1,present,NA
701,monsoon,Puthuthotam,p4,2011-08-18,18/08/2011,3.7,toad,Toad,Anura,order,amphibia,UTM,EPSG:32643,Converted from UTM coordinates (grid 43 P of UTM Zone 43 N) to decimal degrees using QGIS,715180,1143577,76.9651112034209,10.3391864754925,forest,1,present,NA
702,monsoon,Puthuthotam,p4,2011-08-18,18/08/2011,3.7,toad,Toad,Anura,order,amphibia,UTM,EPSG:32643,Converted from UTM coordinates (grid 43 P of UTM Zone 43 N) to decimal degrees using QGIS,715312,1143588,76.9663168084614,10.3392785550769,forest,1,present,NA
703,monsoon,Puthuthotam,p4,2011-08-18,18/08/2011,3.7,toad,Toad,Anura,order,amphibia,UTM,EPSG:32643,Converted from UTM coordinates (grid 43 P of UTM Zone 43 N) to decimal degrees using QGIS,715619,1144004,76.9691427495518,10.3430216727451,forest,1,present,NA
704,monsoon,Puthuthotam,p4,2011-08-18,18/08/2011,3.7,toad,Toad,Anura,order,amphibia,UTM,EPSG:32643,Converted from UTM coordinates (grid 43 P of UTM Zone 43 N) to decimal degrees using QGIS,715633,1144059,76.9692736520193,10.3435180370996,forest,1,present,NA
705,monsoon,Puthuthotam,p4,2011-08-18,18/08/2011,3.7,toad,Toad,Anura,order,amphibia,UTM,EPSG:32643,Converted from UTM coordinates (grid 43 P of UTM Zone 43 N) to decimal degrees using QGIS,715643,1144128,76.9693688289144,10.3441411706728,forest,1,present,NA
706,monsoon,Puthuthotam,p4,2011-08-18,18/08/2011,3.7,toad,Toad,Anura,order,amphibia,UTM,EPSG:32643,Converted from UTM coordinates (grid 43 P of UTM Zone 43 N) to decimal degrees using QGIS,715677,1144189,76.969682647177,10.3446906524203,forest,1,present,NA
707,monsoon,Puthuthotam,p4,2011-08-18,18/08/2011,3.7,toad,Toad,Anura,order,amphibia,UTM,EPSG:32643,Converted from UTM coordinates (grid 43 P of UTM Zone 43 N) to decimal degrees using QGIS,715694,1144214,76.9698392466628,10.3449156785651,forest,1,present,NA
708,monsoon,Puthuthotam,p4,2011-08-18,18/08/2011,3.7,toad,Toad,Anura,order,amphibia,UTM,EPSG:32643,Converted from UTM coordinates (grid 43 P of UTM Zone 43 N) to decimal degrees using QGIS,715825,1144186,76.9710335429168,10.3446552710106,forest,1,present,NA
709,monsoon,Puthuthotam,p5,2011-08-28,28/08/2011,3.7,caecilian,Caecilian,Gymnophiona,order,amphibia,UTM,EPSG:32643,Converted from UTM coordinates (grid 43 P of UTM Zone 43 N) to decimal degrees using QGIS,715377,1143723,76.9669177692601,10.3404952025277,forest,1,present,NA
710,monsoon,Puthuthotam,p5,2011-08-28,28/08/2011,3.7,frog,Frog,Anura,order,amphibia,UTM,EPSG:32643,Converted from UTM coordinates (grid 43 P of UTM Zone 43 N) to decimal degrees using QGIS,715054,1143501,76.9639567187092,10.3385065198057,forest,1,present,NA
711,monsoon,Puthuthotam,p5,2011-08-28,28/08/2011,3.7,frog,Frog,Anura,order,amphibia,UTM,EPSG:32643,Converted from UTM coordinates (grid 43 P of UTM Zone 43 N) to decimal degrees using QGIS,715153,1143566,76.9648641105579,10.3390885488932,forest,1,present,NA
712,monsoon,Puthuthotam,p5,2011-08-28,28/08/2011,3.7,frog,Frog,Anura,order,amphibia,UTM,EPSG:32643,Converted from UTM coordinates (grid 43 P of UTM Zone 43 N) to decimal degrees using QGIS,715395,1143735,76.9670827614726,10.3406026677909,forest,1,present,NA
713,monsoon,Puthuthotam,p5,2011-08-28,28/08/2011,3.7,frog,Frog,Anura,order,amphibia,UTM,EPSG:32643,Converted from UTM coordinates (grid 43 P of UTM Zone 43 N) to decimal degrees using QGIS,715497,1143747,76.9680145660623,10.3407054506065,forest,1,present,NA
714,monsoon,Puthuthotam,p5,2011-08-28,28/08/2011,3.7,frog,Frog,Anura,order,amphibia,UTM,EPSG:32643,Converted from UTM coordinates (grid 43 P of UTM Zone 43 N) to decimal degrees using QGIS,716021,1144319,76.9728302996372,10.3458465031515,forest_tea,1,present,NA
715,monsoon,Puthuthotam,p5,2011-08-28,28/08/2011,3.7,frog,Frog,Anura,order,amphibia,UTM,EPSG:32643,Converted from UTM coordinates (grid 43 P of UTM Zone 43 N) to decimal degrees using QGIS,716028,1144666,76.9729138012792,10.348982640457,forest_tea,1,present,NA
716,monsoon,Puthuthotam,p5,2011-08-28,28/08/2011,3.7,mouse,Mouse,Muridae,family,mammalia,UTM,EPSG:32643,Converted from UTM coordinates (grid 43 P of UTM Zone 43 N) to decimal degrees using QGIS,715635,1143975,76.9692871756716,10.3427586486657,forest,1,present,NA
717,monsoon,Puthuthotam,p5,2011-08-28,28/08/2011,3.7,pill millipede,Pill millipede,Diplopoda,class,diplopoda,UTM,EPSG:32643,Converted from UTM coordinates (grid 43 P of UTM Zone 43 N) to decimal degrees using QGIS,715645,1144135,76.9693874810824,10.344204332114,forest,1,present,NA
718,monsoon,Puthuthotam,p5,2011-08-28,28/08/2011,3.7,pill millipede,Pill millipede,Diplopoda,class,diplopoda,UTM,EPSG:32643,Converted from UTM coordinates (grid 43 P of UTM Zone 43 N) to decimal degrees using QGIS,715293,1143536,76.9661404388048,10.3388095837564,forest,1,present,NA
719,monsoon,Puthuthotam,p5,2011-08-28,28/08/2011,3.7,shield tail,Shieldtail,Uropeltidae,family,reptilia,UTM,EPSG:32643,Converted from UTM coordinates (grid 43 P of UTM Zone 43 N) to decimal degrees using QGIS,715645,1144158,76.9693887774914,10.3444122293127,forest,1,present,NA
720,monsoon,Puthuthotam,p5,2011-08-28,28/08/2011,3.7,shield tail,Shieldtail,Uropeltidae,family,reptilia,UTM,EPSG:32643,Converted from UTM coordinates (grid 43 P of UTM Zone 43 N) to decimal degrees using QGIS,715874,1144199,76.9714815882437,10.3447700405417,forest,1,present,NA
721,monsoon,Puthuthotam,p5,2011-08-28,28/08/2011,3.7,snail,Snail,Gastropoda,class,mollusca,UTM,EPSG:32643,Converted from UTM coordinates (grid 43 P of UTM Zone 43 N) to decimal degrees using QGIS,715348,1143653,76.9666490979891,10.3398640865114,forest,1,present,NA
722,monsoon,Puthuthotam,p5,2011-08-28,28/08/2011,3.7,snail,Snail,Gastropoda,class,mollusca,UTM,EPSG:32643,Converted from UTM coordinates (grid 43 P of UTM Zone 43 N) to decimal degrees using QGIS,715645,1144112,76.9693861847009,10.3439964349124,forest,1,present,NA
723,monsoon,Puthuthotam,p5,2011-08-28,28/08/2011,3.7,snail,Snail,Gastropoda,class,mollusca,UTM,EPSG:32643,Converted from UTM coordinates (grid 43 P of UTM Zone 43 N) to decimal degrees using QGIS,716028,1144612,76.9729107507574,10.3484945351639,forest_tea,1,present,NA
724,monsoon,Puthuthotam,p5,2011-08-28,28/08/2011,3.7,snail,Snail,Gastropoda,class,mollusca,UTM,EPSG:32643,Converted from UTM coordinates (grid 43 P of UTM Zone 43 N) to decimal degrees using QGIS,715991,1144916,76.9725901532747,10.3512444568953,tea,1,present,NA
725,monsoon,Puthuthotam,p5,2011-08-28,28/08/2011,3.7,toad,Toad,Anura,order,amphibia,UTM,EPSG:32643,Converted from UTM coordinates (grid 43 P of UTM Zone 43 N) to decimal degrees using QGIS,715250,1143500,76.9657458816273,10.3384865730409,forest,1,present,NA
726,monsoon,Puthuthotam,p5,2011-08-28,28/08/2011,3.7,toad,Toad,Anura,order,amphibia,UTM,EPSG:32643,Converted from UTM coordinates (grid 43 P of UTM Zone 43 N) to decimal degrees using QGIS,716028,1144662,76.9729135753094,10.3489464845099,forest_tea,1,present,NA
727,monsoon,Puthuthotam,p6,2011-09-04,04/09/2011,3.7,caecilian,Caecilian,Gymnophiona,order,amphibia,UTM,EPSG:32643,Converted from UTM coordinates (grid 43 P of UTM Zone 43 N) to decimal degrees using QGIS,715111,1143485,76.9644761539751,10.3383587240622,forest,1,present,NA
728,monsoon,Puthuthotam,p6,2011-09-04,04/09/2011,3.7,frog,Frog,Anura,order,amphibia,UTM,EPSG:32643,Converted from UTM coordinates (grid 43 P of UTM Zone 43 N) to decimal degrees using QGIS,716010,1144864,76.9727606661901,10.3507733667141,tea,1,present,NA
729,monsoon,Puthuthotam,p6,2011-09-04,04/09/2011,3.7,frog,Frog,Anura,order,amphibia,UTM,EPSG:32643,Converted from UTM coordinates (grid 43 P of UTM Zone 43 N) to decimal degrees using QGIS,716014,1144734,76.9727898376541,10.3495980746701,forest_tea,1,present,NA
730,monsoon,Puthuthotam,p6,2011-09-04,04/09/2011,3.7,frog,Frog,Anura,order,amphibia,UTM,EPSG:32643,Converted from UTM coordinates (grid 43 P of UTM Zone 43 N) to decimal degrees using QGIS,716020,1144407,76.972826140573,10.3466419900816,forest_tea,1,present,NA
731,monsoon,Puthuthotam,p6,2011-09-04,04/09/2011,3.7,millipede,Millipede,Diplopoda,class,diplopoda,UTM,EPSG:32643,Converted from UTM coordinates (grid 43 P of UTM Zone 43 N) to decimal degrees using QGIS,715654,1143910,76.9694569590196,10.3421700528154,forest,1,present,NA
732,monsoon,Puthuthotam,p6,2011-09-04,04/09/2011,3.7,pill millipede,Pill millipede,Diplopoda,class,diplopoda,UTM,EPSG:32643,Converted from UTM coordinates (grid 43 P of UTM Zone 43 N) to decimal degrees using QGIS,715753,1144259,76.9703803852926,10.3453191394394,forest,1,present,NA
733,monsoon,Puthuthotam,p6,2011-09-04,04/09/2011,3.7,snail,Snail,Gastropoda,class,mollusca,UTM,EPSG:32643,Converted from UTM coordinates (grid 43 P of UTM Zone 43 N) to decimal degrees using QGIS,716008,1144797,76.9727386230051,10.3501678664752,tea,1,present,NA
734,monsoon,Puthuthotam,p6,2011-09-04,04/09/2011,3.7,toad,Toad,Anura,order,amphibia,UTM,EPSG:32643,Converted from UTM coordinates (grid 43 P of UTM Zone 43 N) to decimal degrees using QGIS,715215,1143550,76.9654291894243,10.3389404732444,forest,1,present,NA
735,monsoon,Puthuthotam,p7,2011-09-11,11/09/2011,3.7,caecilian,Caecilian,Gymnophiona,order,amphibia,UTM,EPSG:32643,Converted from UTM coordinates (grid 43 P of UTM Zone 43 N) to decimal degrees using QGIS,716030,1144293,76.9729109908383,10.345610986186,forest_tea,1,present,NA
736,monsoon,Puthuthotam,p7,2011-09-11,11/09/2011,3.7,earthworm,Earthworm,Annelida,phylum,annelida,UTM,EPSG:32643,Converted from UTM coordinates (grid 43 P of UTM Zone 43 N) to decimal degrees using QGIS,715976,1145366,76.9724786450095,10.3553128400125,tea,1,present,NA
737,monsoon,Puthuthotam,p7,2011-09-11,11/09/2011,3.7,frog,Frog,Anura,order,amphibia,UTM,EPSG:32643,Converted from UTM coordinates (grid 43 P of UTM Zone 43 N) to decimal degrees using QGIS,715575,1143787,76.9687288588088,10.3410626616529,forest,1,present,NA
738,monsoon,Puthuthotam,p7,2011-09-11,11/09/2011,3.7,frog,Frog,Anura,order,amphibia,UTM,EPSG:32643,Converted from UTM coordinates (grid 43 P of UTM Zone 43 N) to decimal degrees using QGIS,716024,1144598,76.9728734442666,10.3483682130729,forest_tea,1,present,NA
739,monsoon,Puthuthotam,p7,2011-09-11,11/09/2011,3.7,mouse,Mouse,Muridae,family,mammalia,UTM,EPSG:32643,Converted from UTM coordinates (grid 43 P of UTM Zone 43 N) to decimal degrees using QGIS,715976,1145318,76.9724759323303,10.3548789686976,tea,1,present,NA
740,monsoon,Puthuthotam,p7,2011-09-11,11/09/2011,3.7,shield tail,Shieldtail,Uropeltidae,family,reptilia,UTM,EPSG:32643,Converted from UTM coordinates (grid 43 P of UTM Zone 43 N) to decimal degrees using QGIS,715525,1143765,76.9682711837249,10.3408665917218,forest,1,present,NA
741,monsoon,Puthuthotam,p7,2011-09-11,11/09/2011,3.7,snail,Snail,Gastropoda,class,mollusca,UTM,EPSG:32643,Converted from UTM coordinates (grid 43 P of UTM Zone 43 N) to decimal degrees using QGIS,716029,1144664,76.9729228172212,10.3489645065474,forest_tea,1,present,NA
742,monsoon,Puthuthotam,p7,2011-09-11,11/09/2011,3.7,toad,Toad,Anura,order,amphibia,UTM,EPSG:32643,Converted from UTM coordinates (grid 43 P of UTM Zone 43 N) to decimal degrees using QGIS,716009,1144799,76.9727478649568,10.3501858885117,tea,1,present,NA
743,monsoon,Puthuthotam,p8,2011-09-20,20/09/2011,3.7,earthworm,Earthworm,Annelida,phylum,annelida,UTM,EPSG:32643,Converted from UTM coordinates (grid 43 P of UTM Zone 43 N) to decimal degrees using QGIS,715178,1143575,76.9650928336174,10.3391685087475,forest,1,present,NA
744,monsoon,Puthuthotam,p8,2011-09-20,20/09/2011,3.7,frog,Frog,Anura,order,amphibia,UTM,EPSG:32643,Converted from UTM coordinates (grid 43 P of UTM Zone 43 N) to decimal degrees using QGIS,714937,1143372,76.9628814208775,10.3373469891806,forest,1,present,NA
745,monsoon,Puthuthotam,p8,2011-09-20,20/09/2011,3.7,frog,Frog,Anura,order,amphibia,UTM,EPSG:32643,Converted from UTM coordinates (grid 43 P of UTM Zone 43 N) to decimal degrees using QGIS,714963,1143428,76.9631219100188,10.3378517303659,forest,1,present,NA
746,monsoon,Puthuthotam,p8,2011-09-20,20/09/2011,3.7,frog,Frog,Anura,order,amphibia,UTM,EPSG:32643,Converted from UTM coordinates (grid 43 P of UTM Zone 43 N) to decimal degrees using QGIS,715377,1143723,76.9669177692601,10.3404952025277,forest,1,present,NA
747,monsoon,Puthuthotam,p8,2011-09-20,20/09/2011,3.7,frog,Frog,Anura,order,amphibia,UTM,EPSG:32643,Converted from UTM coordinates (grid 43 P of UTM Zone 43 N) to decimal degrees using QGIS,715446,1143722,76.9675475942032,10.3404823181551,forest,1,present,NA
748,monsoon,Puthuthotam,p8,2011-09-20,20/09/2011,3.7,frog,Frog,Anura,order,amphibia,UTM,EPSG:32643,Converted from UTM coordinates (grid 43 P of UTM Zone 43 N) to decimal degrees using QGIS,715641,1143969,76.9693416101437,10.3427040798024,forest,1,present,NA
749,monsoon,Puthuthotam,p8,2011-09-20,20/09/2011,3.7,pill millipede,Pill millipede,Diplopoda,class,diplopoda,UTM,EPSG:32643,Converted from UTM coordinates (grid 43 P of UTM Zone 43 N) to decimal degrees using QGIS,715109,1143488,76.9644580652156,10.3383859524589,forest,1,present,NA
750,monsoon,Puthuthotam,p8,2011-09-20,20/09/2011,3.7,snake,Snake,Squamata,order,reptilia,UTM,EPSG:32643,Converted from UTM coordinates (grid 43 P of UTM Zone 43 N) to decimal degrees using QGIS,715811,1144193,76.9709061344101,10.3447193260204,forest,1,present,NA
751,monsoon,Puthuthotam,p8,2011-09-20,20/09/2011,3.7,shield tail,Shieldtail,Uropeltidae,family,reptilia,UTM,EPSG:32643,Converted from UTM coordinates (grid 43 P of UTM Zone 43 N) to decimal degrees using QGIS,715569,1143787,76.9686740864774,10.3410629962991,forest,1,present,NA
752,monsoon,Puthuthotam,p8,2011-09-20,20/09/2011,3.7,skink,Skink,Scincidae,family,reptilia,UTM,EPSG:32643,Converted from UTM coordinates (grid 43 P of UTM Zone 43 N) to decimal degrees using QGIS,716024,1144704,76.9728794322835,10.3493263456994,forest_tea,1,present,NA
753,monsoon,Puthuthotam,p8,2011-09-20,20/09/2011,3.7,toad,Toad,Anura,order,amphibia,UTM,EPSG:32643,Converted from UTM coordinates (grid 43 P of UTM Zone 43 N) to decimal degrees using QGIS,714965,1143428,76.9631401673385,10.3378516191668,forest,1,present,NA
754,monsoon,Puthuthotam,p8,2011-09-20,20/09/2011,3.7,toad,Toad,Anura,order,amphibia,UTM,EPSG:32643,Converted from UTM coordinates (grid 43 P of UTM Zone 43 N) to decimal degrees using QGIS,715643,1144128,76.9693688289144,10.3441411706728,forest,1,present,NA
755,monsoon,Puthuthotam,p8,2011-09-20,20/09/2011,3.7,toad,Toad,Anura,order,amphibia,UTM,EPSG:32643,Converted from UTM coordinates (grid 43 P of UTM Zone 43 N) to decimal degrees using QGIS,715779,1144223,76.970615704404,10.3449922833393,forest,1,present,NA
756,monsoon,Puthuthotam,p9,2011-09-28,28/09/2011,3.7,frog,Frog,Anura,order,amphibia,UTM,EPSG:32643,Converted from UTM coordinates (grid 43 P of UTM Zone 43 N) to decimal degrees using QGIS,714946,1143393,76.9629647577129,10.3375363088594,forest,1,present,NA
757,monsoon,Puthuthotam,p9,2011-09-28,28/09/2011,3.7,frog,Frog,Anura,order,amphibia,UTM,EPSG:32643,Converted from UTM coordinates (grid 43 P of UTM Zone 43 N) to decimal degrees using QGIS,714957,1143413,76.9630662958305,10.3377164782558,forest,1,present,NA
758,monsoon,Puthuthotam,p9,2011-09-28,28/09/2011,3.7,frog,Frog,Anura,order,amphibia,UTM,EPSG:32643,Converted from UTM coordinates (grid 43 P of UTM Zone 43 N) to decimal degrees using QGIS,715137,1143500,76.9647143422894,10.3384928628879,forest,1,present,NA
759,monsoon,Puthuthotam,p9,2011-09-28,28/09/2011,3.7,frog,Frog,Anura,order,amphibia,UTM,EPSG:32643,Converted from UTM coordinates (grid 43 P of UTM Zone 43 N) to decimal degrees using QGIS,715487,1143738,76.9679227721753,10.3406246569556,forest,2,present,NA
760,monsoon,Puthuthotam,p9,2011-09-28,28/09/2011,3.7,millipede,Millipede,Diplopoda,class,diplopoda,UTM,EPSG:32643,Converted from UTM coordinates (grid 43 P of UTM Zone 43 N) to decimal degrees using QGIS,715425,1143737,76.967356735549,10.3406190739361,forest,4,present,NA
761,monsoon,Puthuthotam,p9,2011-09-28,28/09/2011,3.7,millipede,Millipede,Diplopoda,class,diplopoda,UTM,EPSG:32643,Converted from UTM coordinates (grid 43 P of UTM Zone 43 N) to decimal degrees using QGIS,715232,1143527,76.9655830837474,10.3387316290639,forest,6,present,NA
762,monsoon,Puthuthotam,p9,2011-09-28,28/09/2011,3.7,millipede,Millipede,Diplopoda,class,diplopoda,UTM,EPSG:32643,Converted from UTM coordinates (grid 43 P of UTM Zone 43 N) to decimal degrees using QGIS,714937,1143372,76.9628814208775,10.3373469891806,forest,1,present,NA
763,monsoon,Puthuthotam,p9,2011-09-28,28/09/2011,3.7,millipede,Millipede,Diplopoda,class,diplopoda,UTM,EPSG:32643,Converted from UTM coordinates (grid 43 P of UTM Zone 43 N) to decimal degrees using QGIS,714961,1143418,76.9631030912018,10.3377614510986,forest,1,present,NA
764,monsoon,Puthuthotam,p9,2011-09-28,28/09/2011,3.7,millipede,Millipede,Diplopoda,class,diplopoda,UTM,EPSG:32643,Converted from UTM coordinates (grid 43 P of UTM Zone 43 N) to decimal degrees using QGIS,715096,1143485,76.9643392239632,10.338359558638,forest,1,present,NA
765,monsoon,Puthuthotam,p9,2011-09-28,28/09/2011,3.7,mouse,Mouse,Muridae,family,mammalia,UTM,EPSG:32643,Converted from UTM coordinates (grid 43 P of UTM Zone 43 N) to decimal degrees using QGIS,715094,1143485,76.9643209666274,10.3383596699104,forest,1,present,NA
766,monsoon,Puthuthotam,p9,2011-09-28,28/09/2011,3.7,pill millipede,Pill millipede,Diplopoda,class,diplopoda,UTM,EPSG:32643,Converted from UTM coordinates (grid 43 P of UTM Zone 43 N) to decimal degrees using QGIS,715150,1143575,76.9648372303593,10.3391700671848,forest,1,present,NA
767,monsoon,Puthuthotam,p9,2011-09-28,28/09/2011,3.7,shield tail,Shieldtail,Uropeltidae,family,reptilia,UTM,EPSG:32643,Converted from UTM coordinates (grid 43 P of UTM Zone 43 N) to decimal degrees using QGIS,715092,1143485,76.9643027092914,10.3383597811817,forest,1,present,NA
768,monsoon,Puthuthotam,p9,2011-09-28,28/09/2011,3.7,shield tail,Shieldtail,Uropeltidae,family,reptilia,UTM,EPSG:32643,Converted from UTM coordinates (grid 43 P of UTM Zone 43 N) to decimal degrees using QGIS,715795,1144203,76.9707606374315,10.3448106096973,forest,1,present,NA
769,monsoon,Puthuthotam,p9,2011-09-28,28/09/2011,3.7,skink,Skink,Scincidae,family,reptilia,UTM,EPSG:32643,Converted from UTM coordinates (grid 43 P of UTM Zone 43 N) to decimal degrees using QGIS,715978,1145346,76.9724957729273,10.355131948386,tea,1,present,NA
770,monsoon,Puthuthotam,p9,2011-09-28,28/09/2011,3.7,toad,Toad,Anura,order,amphibia,UTM,EPSG:32643,Converted from UTM coordinates (grid 43 P of UTM Zone 43 N) to decimal degrees using QGIS,714960,1143417,76.9630939063952,10.3377524676501,forest,1,present,NA
771,monsoon,Puthuthotam,p9,2011-09-28,28/09/2011,3.7,toad,Toad,Anura,order,amphibia,UTM,EPSG:32643,Converted from UTM coordinates (grid 43 P of UTM Zone 43 N) to decimal degrees using QGIS,715096,1143485,76.9643392239632,10.338359558638,forest,1,present,NA
772,monsoon,Puthuthotam,p10,2011-10-04,04/10/2011,3.7,bat,Horseshoe bats,Rhinolophus sp.,genus,mammalia,UTM,EPSG:32643,Converted from UTM coordinates (grid 43 P of UTM Zone 43 N) to decimal degrees using QGIS,714915,1143349,76.962679299546,10.3371403139631,forest_tea,1,present,(rhinolophus bat)
773,monsoon,Puthuthotam,p10,2011-10-04,04/10/2011,3.7,beetle,Beetle,Coleoptera,order,insecta,UTM,EPSG:32643,Converted from UTM coordinates (grid 43 P of UTM Zone 43 N) to decimal degrees using QGIS,714936,1143367,76.9628720115287,10.33730184953,forest,1,present,NA
774,monsoon,Puthuthotam,p10,2011-10-04,04/10/2011,3.7,beetle,Beetle,Coleoptera,order,insecta,UTM,EPSG:32643,Converted from UTM coordinates (grid 43 P of UTM Zone 43 N) to decimal degrees using QGIS,715058,1143498,76.9639930648687,10.3384791801741,forest,1,present,NA
775,monsoon,Puthuthotam,p10,2011-10-04,04/10/2011,3.7,caterpillar,Caterpillar,Lepidoptera,order,insecta,UTM,EPSG:32643,Converted from UTM coordinates (grid 43 P of UTM Zone 43 N) to decimal degrees using QGIS,715645,1144173,76.9693896229903,10.3445478144408,forest,1,present,NA
776,monsoon,Puthuthotam,p10,2011-10-04,04/10/2011,3.7,mouse,Mouse,Muridae,family,mammalia,UTM,EPSG:32643,Converted from UTM coordinates (grid 43 P of UTM Zone 43 N) to decimal degrees using QGIS,715364,1143692,76.9667973516009,10.3402157171022,forest,1,present,NA
777,monsoon,Puthuthotam,p10,2011-10-04,04/10/2011,3.7,earthworm,Earthworm,Annelida,phylum,annelida,UTM,EPSG:32643,Converted from UTM coordinates (grid 43 P of UTM Zone 43 N) to decimal degrees using QGIS,715404,1143736,76.9671649762097,10.3406112052686,forest,1,present,NA
778,monsoon,Puthuthotam,p10,2011-10-04,04/10/2011,3.7,earthworm,Earthworm,Annelida,phylum,annelida,UTM,EPSG:32643,Converted from UTM coordinates (grid 43 P of UTM Zone 43 N) to decimal degrees using QGIS,715977,1145478,76.9724941042026,10.3563251504027,tea,1,present,NA
779,monsoon,Puthuthotam,p10,2011-10-04,04/10/2011,3.7,earthworm,Earthworm,Annelida,phylum,annelida,UTM,EPSG:32643,Converted from UTM coordinates (grid 43 P of UTM Zone 43 N) to decimal degrees using QGIS,715608,1143794,76.9690305009606,10.3411240940194,forest,1,present,NA
780,monsoon,Puthuthotam,p10,2011-10-04,04/10/2011,3.7,earthworm,Earthworm,Annelida,phylum,annelida,UTM,EPSG:32643,Converted from UTM coordinates (grid 43 P of UTM Zone 43 N) to decimal degrees using QGIS,715647,1144090,76.9694032023037,10.3437974650998,forest,1,present,NA
781,monsoon,Puthuthotam,p10,2011-10-04,04/10/2011,3.7,earthworm,Earthworm,Annelida,phylum,annelida,UTM,EPSG:32643,Converted from UTM coordinates (grid 43 P of UTM Zone 43 N) to decimal degrees using QGIS,716019,1144437,76.9728187060378,10.346913215658,forest_tea,1,present,NA
782,monsoon,Puthuthotam,p10,2011-10-04,04/10/2011,3.7,earthworm,Earthworm,Annelida,phylum,annelida,UTM,EPSG:32643,Converted from UTM coordinates (grid 43 P of UTM Zone 43 N) to decimal degrees using QGIS,716009,1144817,76.9727488818664,10.3503485902768,tea,1,present,NA
783,monsoon,Puthuthotam,p10,2011-10-04,04/10/2011,3.7,earthworm,Earthworm,Annelida,phylum,annelida,UTM,EPSG:32643,Converted from UTM coordinates (grid 43 P of UTM Zone 43 N) to decimal degrees using QGIS,716006,1144883,76.9727252237236,10.350945331225,tea,1,present,NA
784,monsoon,Puthuthotam,p10,2011-10-04,04/10/2011,3.7,earthworm,Earthworm,Annelida,phylum,annelida,UTM,EPSG:32643,Converted from UTM coordinates (grid 43 P of UTM Zone 43 N) to decimal degrees using QGIS,715998,1145253,76.9726730989253,10.3542902036031,tea,1,present,NA
785,monsoon,Puthuthotam,p10,2011-10-04,04/10/2011,3.7,earthworm,Earthworm,Annelida,phylum,annelida,UTM,EPSG:32643,Converted from UTM coordinates (grid 43 P of UTM Zone 43 N) to decimal degrees using QGIS,715981,1145291,76.9725200519673,10.3546346363057,tea,1,present,NA
786,monsoon,Puthuthotam,p10,2011-10-04,04/10/2011,3.7,earthworm,Earthworm,Annelida,phylum,annelida,UTM,EPSG:32643,Converted from UTM coordinates (grid 43 P of UTM Zone 43 N) to decimal degrees using QGIS,715976,1145364,76.9724785319788,10.3552947620413,tea,1,present,NA
787,monsoon,Puthuthotam,p10,2011-10-04,04/10/2011,3.7,frog,Frog,Anura,order,amphibia,UTM,EPSG:32643,Converted from UTM coordinates (grid 43 P of UTM Zone 43 N) to decimal degrees using QGIS,714936,1143367,76.9628720115287,10.33730184953,forest,1,present,NA
788,monsoon,Puthuthotam,p10,2011-10-04,04/10/2011,3.7,frog,Frog,Anura,order,amphibia,UTM,EPSG:32643,Converted from UTM coordinates (grid 43 P of UTM Zone 43 N) to decimal degrees using QGIS,715643,1144149,76.9693700125725,10.3443309898573,forest,1,present,NA
789,monsoon,Puthuthotam,p10,2011-10-04,04/10/2011,3.7,frog,Frog,Anura,order,amphibia,UTM,EPSG:32643,Converted from UTM coordinates (grid 43 P of UTM Zone 43 N) to decimal degrees using QGIS,715688,1144190,76.9697831205873,10.3446990773744,forest,1,present,NA
790,monsoon,Puthuthotam,p10,2011-10-04,04/10/2011,3.7,frog,Frog,Anura,order,amphibia,UTM,EPSG:32643,Converted from UTM coordinates (grid 43 P of UTM Zone 43 N) to decimal degrees using QGIS,716019,1144374,76.9728151480091,10.3463437593756,forest_tea,1,present,NA
791,monsoon,Puthuthotam,p10,2011-10-04,04/10/2011,3.7,frog,Frog,Anura,order,amphibia,UTM,EPSG:32643,Converted from UTM coordinates (grid 43 P of UTM Zone 43 N) to decimal degrees using QGIS,715976,1145364,76.9724785319788,10.3552947620413,tea,1,present,NA
792,monsoon,Puthuthotam,p10,2011-10-04,04/10/2011,3.7,frog,Frog,Anura,order,amphibia,UTM,EPSG:32643,Converted from UTM coordinates (grid 43 P of UTM Zone 43 N) to decimal degrees using QGIS,715982,1145429,76.9725369803584,10.3558819603263,tea,1,present,NA
793,monsoon,Puthuthotam,p10,2011-10-04,04/10/2011,3.7,frog,Frog,Anura,order,amphibia,UTM,EPSG:32643,Converted from UTM coordinates (grid 43 P of UTM Zone 43 N) to decimal degrees using QGIS,714962,1143420,76.9631123321587,10.3377794735932,forest,1,present,NA
794,monsoon,Puthuthotam,p10,2011-10-04,04/10/2011,3.7,frog,Frog,Anura,order,amphibia,UTM,EPSG:32643,Converted from UTM coordinates (grid 43 P of UTM Zone 43 N) to decimal degrees using QGIS,714976,1143441,76.9632413125977,10.3379685151478,forest,1,present,NA
795,monsoon,Puthuthotam,p10,2011-10-04,04/10/2011,3.7,frog,Frog,Anura,order,amphibia,UTM,EPSG:32643,Converted from UTM coordinates (grid 43 P of UTM Zone 43 N) to decimal degrees using QGIS,715014,1143483,76.9635905606921,10.3383460418716,forest,1,present,NA
796,monsoon,Puthuthotam,p10,2011-10-04,04/10/2011,3.7,frog,Frog,Anura,order,amphibia,UTM,EPSG:32643,Converted from UTM coordinates (grid 43 P of UTM Zone 43 N) to decimal degrees using QGIS,715099,1143486,76.9643666661554,10.3383684307668,forest,1,present,NA
797,monsoon,Puthuthotam,p10,2011-10-04,04/10/2011,3.7,frog,Frog,Anura,order,amphibia,UTM,EPSG:32643,Converted from UTM coordinates (grid 43 P of UTM Zone 43 N) to decimal degrees using QGIS,715193,1143568,76.9652293703923,10.3391044005477,forest,1,present,NA
798,monsoon,Puthuthotam,p10,2011-10-04,04/10/2011,3.7,frog,Frog,Anura,order,amphibia,UTM,EPSG:32643,Converted from UTM coordinates (grid 43 P of UTM Zone 43 N) to decimal degrees using QGIS,715237,1143514,76.9656279961581,10.3386138432726,forest,1,present,NA
799,monsoon,Puthuthotam,p10,2011-10-04,04/10/2011,3.7,frog,Frog,Anura,order,amphibia,UTM,EPSG:32643,Converted from UTM coordinates (grid 43 P of UTM Zone 43 N) to decimal degrees using QGIS,715383,1143730,76.9669729354795,10.3405581413656,forest,1,present,NA
800,monsoon,Puthuthotam,p10,2011-10-04,04/10/2011,3.7,frog,Frog,Anura,order,amphibia,UTM,EPSG:32643,Converted from UTM coordinates (grid 43 P of UTM Zone 43 N) to decimal degrees using QGIS,715635,1143975,76.9692871756716,10.3427586486657,forest,2,present,bull frog
801,monsoon,Puthuthotam,p10,2011-10-04,04/10/2011,3.7,grasshopper,Grasshopper,Orthoptera,order,insecta,UTM,EPSG:32643,Converted from UTM coordinates (grid 43 P of UTM Zone 43 N) to decimal degrees using QGIS,715461,1143722,76.9676845248698,10.3404814820471,forest,1,present,NA
802,monsoon,Puthuthotam,p10,2011-10-04,04/10/2011,3.7,grasshopper,Grasshopper,Orthoptera,order,insecta,UTM,EPSG:32643,Converted from UTM coordinates (grid 43 P of UTM Zone 43 N) to decimal degrees using QGIS,715628,1143823,76.9692147093524,10.3413851096153,forest,1,present,NA
803,monsoon,Puthuthotam,p10,2011-10-04,04/10/2011,3.7,grasshopper,Grasshopper,Orthoptera,order,insecta,UTM,EPSG:32643,Converted from UTM coordinates (grid 43 P of UTM Zone 43 N) to decimal degrees using QGIS,716005,1144544,76.972696944961,10.3478811703509,forest_tea,1,present,NA
804,monsoon,Puthuthotam,p10,2011-10-04,04/10/2011,3.7,millipede,Millipede,Diplopoda,class,diplopoda,UTM,EPSG:32643,Converted from UTM coordinates (grid 43 P of UTM Zone 43 N) to decimal degrees using QGIS,714964,1143424,76.963130814076,10.337815518581,forest,1,present,NA
805,monsoon,Puthuthotam,p10,2011-10-04,04/10/2011,3.7,millipede,Millipede,Diplopoda,class,diplopoda,UTM,EPSG:32643,Converted from UTM coordinates (grid 43 P of UTM Zone 43 N) to decimal degrees using QGIS,714936,1143367,76.9628720115287,10.33730184953,forest,8,present,NA
806,monsoon,Puthuthotam,p10,2011-10-04,04/10/2011,3.7,millipede,Millipede,Diplopoda,class,diplopoda,UTM,EPSG:32643,Converted from UTM coordinates (grid 43 P of UTM Zone 43 N) to decimal degrees using QGIS,715378,1143728,76.966927179346,10.3405403419277,forest,1,present,NA
807,monsoon,Puthuthotam,p10,2011-10-04,04/10/2011,3.7,millipede,Millipede,Diplopoda,class,diplopoda,UTM,EPSG:32643,Converted from UTM coordinates (grid 43 P of UTM Zone 43 N) to decimal degrees using QGIS,716024,1144704,76.9728794322835,10.3493263456994,forest_tea,1,present,NA
808,monsoon,Puthuthotam,p10,2011-10-04,04/10/2011,3.7,millipede,Millipede,Diplopoda,class,diplopoda,UTM,EPSG:32643,Converted from UTM coordinates (grid 43 P of UTM Zone 43 N) to decimal degrees using QGIS,714977,1143442,76.9632504974151,10.33797749859,forest,1,present,NA
809,monsoon,Puthuthotam,p10,2011-10-04,04/10/2011,3.7,millipede,Millipede,Diplopoda,class,diplopoda,UTM,EPSG:32643,Converted from UTM coordinates (grid 43 P of UTM Zone 43 N) to decimal degrees using QGIS,715009,1143470,76.9635441871885,10.3382288123741,forest,1,present,NA
810,monsoon,Puthuthotam,p10,2011-10-04,04/10/2011,3.7,millipede,Millipede,Diplopoda,class,diplopoda,UTM,EPSG:32643,Converted from UTM coordinates (grid 43 P of UTM Zone 43 N) to decimal degrees using QGIS,715033,1143517,76.9637659153067,10.3386523125831,forest,6,present,NA
811,monsoon,Puthuthotam,p10,2011-10-04,04/10/2011,3.7,millipede,Millipede,Diplopoda,class,diplopoda,UTM,EPSG:32643,Converted from UTM coordinates (grid 43 P of UTM Zone 43 N) to decimal degrees using QGIS,715070,1143489,76.9641021033074,10.3383971612615,forest,1,present,NA
812,monsoon,Puthuthotam,p10,2011-10-04,04/10/2011,3.7,millipede,Millipede,Diplopoda,class,diplopoda,UTM,EPSG:32643,Converted from UTM coordinates (grid 43 P of UTM Zone 43 N) to decimal degrees using QGIS,715191,1143568,76.9652111130233,10.3391045118784,forest,1,present,NA
813,monsoon,Puthuthotam,p10,2011-10-04,04/10/2011,3.7,millipede,Millipede,Diplopoda,class,diplopoda,UTM,EPSG:32643,Converted from UTM coordinates (grid 43 P of UTM Zone 43 N) to decimal degrees using QGIS,715280,1143509,76.9660202476513,10.3385662538884,forest,1,present,NA
814,monsoon,Puthuthotam,p10,2011-10-04,04/10/2011,3.7,millipede,Millipede,Diplopoda,class,diplopoda,UTM,EPSG:32643,Converted from UTM coordinates (grid 43 P of UTM Zone 43 N) to decimal degrees using QGIS,715323,1143600,76.9664178990123,10.3393864107221,forest,1,present,NA
815,monsoon,Puthuthotam,p10,2011-10-04,04/10/2011,3.7,millipede,Millipede,Diplopoda,class,diplopoda,UTM,EPSG:32643,Converted from UTM coordinates (grid 43 P of UTM Zone 43 N) to decimal degrees using QGIS,715344,1143643,76.9666120205821,10.3397739190859,forest,5,present,NA
816,monsoon,Puthuthotam,p10,2011-10-04,04/10/2011,3.7,mouse,Mouse,Muridae,family,mammalia,UTM,EPSG:32643,Converted from UTM coordinates (grid 43 P of UTM Zone 43 N) to decimal degrees using QGIS,715145,1143535,76.9647893387352,10.3388087839885,forest,1,present,NA
817,monsoon,Puthuthotam,p10,2011-10-04,04/10/2011,3.7,mouse,Mouse,Muridae,family,mammalia,UTM,EPSG:32643,Converted from UTM coordinates (grid 43 P of UTM Zone 43 N) to decimal degrees using QGIS,715616,1144031,76.9691168847096,10.3432658934269,forest,1,present,NA
818,monsoon,Puthuthotam,p10,2011-10-04,04/10/2011,3.7,moth,Moth,Lepidoptera,order,insecta,UTM,EPSG:32643,Converted from UTM coordinates (grid 43 P of UTM Zone 43 N) to decimal degrees using QGIS,715011,1143474,76.9635626691865,10.3382648573222,forest,1,present,owl moth1
819,monsoon,Puthuthotam,p10,2011-10-04,04/10/2011,3.7,praying mantis,Praying mantis,Mantodea,order,insecta,UTM,EPSG:32643,Converted from UTM coordinates (grid 43 P of UTM Zone 43 N) to decimal degrees using QGIS,715652,1143868,76.9694363346496,10.3417905260119,forest,1,present,NA
820,monsoon,Puthuthotam,p10,2011-10-04,04/10/2011,3.7,shield tail,Shieldtail,Uropeltidae,family,reptilia,UTM,EPSG:32643,Converted from UTM coordinates (grid 43 P of UTM Zone 43 N) to decimal degrees using QGIS,715827,1144185,76.9710517441273,10.3446461202915,forest,1,present,NA
821,monsoon,Puthuthotam,p10,2011-10-04,04/10/2011,3.7,shield tail,Shieldtail,Uropeltidae,family,reptilia,UTM,EPSG:32643,Converted from UTM coordinates (grid 43 P of UTM Zone 43 N) to decimal degrees using QGIS,715869,1144196,76.9714357748946,10.3447432029113,forest,1,present,NA
822,monsoon,Puthuthotam,p10,2011-10-04,04/10/2011,3.7,skink,Skink,Scincidae,family,reptilia,UTM,EPSG:32643,Converted from UTM coordinates (grid 43 P of UTM Zone 43 N) to decimal degrees using QGIS,715644,1144119,76.9693774504441,10.3440597637837,forest,1,present,NA
823,monsoon,Puthuthotam,p10,2011-10-04,04/10/2011,3.7,snail,Snail,Gastropoda,class,mollusca,UTM,EPSG:32643,Converted from UTM coordinates (grid 43 P of UTM Zone 43 N) to decimal degrees using QGIS,715949,1144988,76.9722108025018,10.3518976133203,tea,1,present,big one
824,monsoon,Puthuthotam,p11,2011-10-12,12/10/2011,3.7,calotes,Calotes,Calotes grandisquamis,species,reptilia,UTM,EPSG:32643,Converted from UTM coordinates (grid 43 P of UTM Zone 43 N) to decimal degrees using QGIS,715374,1143713,76.966889820387,10.3404049794448,forest,1,present,calotes grandis 1
825,monsoon,Puthuthotam,p11,2011-10-12,12/10/2011,3.7,snake,Snake,Squamata,order,reptilia,UTM,EPSG:32643,Converted from UTM coordinates (grid 43 P of UTM Zone 43 N) to decimal degrees using QGIS,715507,1143752,76.9681061347584,10.3407500881517,forest,1,present,coral snake1
826,monsoon,Puthuthotam,p11,2011-10-12,12/10/2011,3.7,earthworm,Earthworm,Annelida,phylum,annelida,UTM,EPSG:32643,Converted from UTM coordinates (grid 43 P of UTM Zone 43 N) to decimal degrees using QGIS,715155,1143581,76.9648832110512,10.3392240231237,forest,1,present,NA
827,monsoon,Puthuthotam,p11,2011-10-12,12/10/2011,3.7,frog,Frog,Anura,order,amphibia,UTM,EPSG:32643,Converted from UTM coordinates (grid 43 P of UTM Zone 43 N) to decimal degrees using QGIS,715003,1143461,76.9634889097111,10.338147794651,forest,1,present,NA
828,monsoon,Puthuthotam,p11,2011-10-12,12/10/2011,3.7,frog,Frog,Anura,order,amphibia,UTM,EPSG:32643,Converted from UTM coordinates (grid 43 P of UTM Zone 43 N) to decimal degrees using QGIS,715653,1143884,76.9694463650467,10.3419350943679,forest,1,present,NA
829,monsoon,Puthuthotam,p11,2011-10-12,12/10/2011,3.7,frog,Frog,Anura,order,amphibia,UTM,EPSG:32643,Converted from UTM coordinates (grid 43 P of UTM Zone 43 N) to decimal degrees using QGIS,715649,1143951,76.969413625843,10.3425409312142,forest,1,present,NA
830,monsoon,Puthuthotam,p11,2011-10-12,12/10/2011,3.7,frog,Frog,Anura,order,amphibia,UTM,EPSG:32643,Converted from UTM coordinates (grid 43 P of UTM Zone 43 N) to decimal degrees using QGIS,715630,1143985,76.9692420953631,10.3428493177652,forest,1,present,NA
831,monsoon,Puthuthotam,p11,2011-10-12,12/10/2011,3.7,frog,Frog,Anura,order,amphibia,UTM,EPSG:32643,Converted from UTM coordinates (grid 43 P of UTM Zone 43 N) to decimal degrees using QGIS,715619,1144043,76.9691449472968,10.3433741941584,forest,1,present,NA
832,monsoon,Puthuthotam,p11,2011-10-12,12/10/2011,3.7,frog,Frog,Anura,order,amphibia,UTM,EPSG:32643,Converted from UTM coordinates (grid 43 P of UTM Zone 43 N) to decimal degrees using QGIS,715645,1144110,76.9693860719734,10.3439783568947,forest,1,present,NA
833,monsoon,Puthuthotam,p11,2011-10-12,12/10/2011,3.7,frog,Frog,Anura,order,amphibia,UTM,EPSG:32643,Converted from UTM coordinates (grid 43 P of UTM Zone 43 N) to decimal degrees using QGIS,715706,1144234,76.9699499202933,10.3450957887246,forest,1,present,NA
834,monsoon,Puthuthotam,p11,2011-10-12,12/10/2011,3.7,frog,Frog,Anura,order,amphibia,UTM,EPSG:32643,Converted from UTM coordinates (grid 43 P of UTM Zone 43 N) to decimal degrees using QGIS,715908,1144232,76.971793830326,10.3450664275546,forest,1,present,NA
835,monsoon,Puthuthotam,p11,2011-10-12,12/10/2011,3.7,frog,Frog,Anura,order,amphibia,UTM,EPSG:32643,Converted from UTM coordinates (grid 43 P of UTM Zone 43 N) to decimal degrees using QGIS,716011,1144489,76.9727486119229,10.3473836904399,forest_tea,1,present,NA
836,monsoon,Puthuthotam,p11,2011-10-12,12/10/2011,3.7,frog,Frog,Anura,order,amphibia,UTM,EPSG:32643,Converted from UTM coordinates (grid 43 P of UTM Zone 43 N) to decimal degrees using QGIS,716006,1144496,76.9727033628557,10.347447242972,forest_tea,1,present,NA
837,monsoon,Puthuthotam,p11,2011-10-12,12/10/2011,3.7,frog,Frog,Anura,order,amphibia,UTM,EPSG:32643,Converted from UTM coordinates (grid 43 P of UTM Zone 43 N) to decimal degrees using QGIS,716007,1144874,76.9727338442258,10.3508639244038,tea,1,present,NA
838,monsoon,Puthuthotam,p11,2011-10-12,12/10/2011,3.7,frog,Frog,Anura,order,amphibia,UTM,EPSG:32643,Converted from UTM coordinates (grid 43 P of UTM Zone 43 N) to decimal degrees using QGIS,715042,1143512,76.9638477925419,10.3386066167666,forest,1,present,NA
839,monsoon,Puthuthotam,p11,2011-10-12,12/10/2011,3.7,frog,Frog,Anura,order,amphibia,UTM,EPSG:32643,Converted from UTM coordinates (grid 43 P of UTM Zone 43 N) to decimal degrees using QGIS,715203,1143559,76.9653201512536,10.3390224925748,forest,1,present,NA
840,monsoon,Puthuthotam,p11,2011-10-12,12/10/2011,3.7,frog,Frog,Anura,order,amphibia,UTM,EPSG:32643,Converted from UTM coordinates (grid 43 P of UTM Zone 43 N) to decimal degrees using QGIS,715429,1143732,76.9673929689752,10.3405736558903,forest,1,present,NA
841,monsoon,Puthuthotam,p11,2011-10-12,12/10/2011,3.7,frog,Frog,Anura,order,amphibia,UTM,EPSG:32643,Converted from UTM coordinates (grid 43 P of UTM Zone 43 N) to decimal degrees using QGIS,715461,1143722,76.9676845248698,10.3404814820471,forest,1,present,NA
842,monsoon,Puthuthotam,p11,2011-10-12,12/10/2011,3.7,frog,Frog,Anura,order,amphibia,UTM,EPSG:32643,Converted from UTM coordinates (grid 43 P of UTM Zone 43 N) to decimal degrees using QGIS,715493,1143743,76.96797782598,10.340669517543,forest,2,present,NA
843,monsoon,Puthuthotam,p11,2011-10-12,12/10/2011,3.7,frog,Frog,Anura,order,amphibia,UTM,EPSG:32643,Converted from UTM coordinates (grid 43 P of UTM Zone 43 N) to decimal degrees using QGIS,715529,1143767,76.9683078112301,10.3408844467081,forest,1,present,NA
844,monsoon,Puthuthotam,p11,2011-10-12,12/10/2011,3.7,frog,Frog,Anura,order,amphibia,UTM,EPSG:32643,Converted from UTM coordinates (grid 43 P of UTM Zone 43 N) to decimal degrees using QGIS,715619,1143808,76.9691317056703,10.3412500265447,forest,4,present,NA
845,monsoon,Puthuthotam,p11,2011-10-12,12/10/2011,3.7,frog,Frog,Anura,order,amphibia,UTM,EPSG:32643,Converted from UTM coordinates (grid 43 P of UTM Zone 43 N) to decimal degrees using QGIS,715651,1143852,76.969426304274,10.3416459576528,forest,1,present,NA
846,monsoon,Puthuthotam,p11,2011-10-12,12/10/2011,3.7,glow worm,Glowworm,Lampyridae,family,insecta,UTM,EPSG:32643,Converted from UTM coordinates (grid 43 P of UTM Zone 43 N) to decimal degrees using QGIS,715946,1145158,76.9721930191491,10.3534344091876,tea,1,present,NA
847,monsoon,Puthuthotam,p11,2011-10-12,12/10/2011,3.7,millipede,Millipede,Diplopoda,class,diplopoda,UTM,EPSG:32643,Converted from UTM coordinates (grid 43 P of UTM Zone 43 N) to decimal degrees using QGIS,716011,1144758,76.9727638066305,10.3498151781686,forest_tea,1,present,NA
848,monsoon,Puthuthotam,p11,2011-10-12,12/10/2011,3.7,shield tail,Shieldtail,Uropeltidae,family,reptilia,UTM,EPSG:32643,Converted from UTM coordinates (grid 43 P of UTM Zone 43 N) to decimal degrees using QGIS,716018,1144356,76.9728050026203,10.3461811134948,forest_tea,1,present,NA
849,monsoon,Puthuthotam,p11,2011-10-12,12/10/2011,3.7,shield tail,Shieldtail,Uropeltidae,family,reptilia,UTM,EPSG:32643,Converted from UTM coordinates (grid 43 P of UTM Zone 43 N) to decimal degrees using QGIS,716025,1144690,76.9728877703138,10.349199743948,forest_tea,1,present,NA
850,monsoon,Puthuthotam,p11,2011-10-12,12/10/2011,3.7,shield tail,Shieldtail,Uropeltidae,family,reptilia,UTM,EPSG:32643,Converted from UTM coordinates (grid 43 P of UTM Zone 43 N) to decimal degrees using QGIS,715896,1144222,76.9716837201234,10.3449767081788,forest,1,present,NA
851,monsoon,Puthuthotam,p11,2011-10-12,12/10/2011,3.7,skink,Skink,Scincidae,family,reptilia,UTM,EPSG:32643,Converted from UTM coordinates (grid 43 P of UTM Zone 43 N) to decimal degrees using QGIS,716028,1144676,76.9729143662073,10.3490730303243,forest_tea,1,present,NA
852,monsoon,Puthuthotam,p11,2011-10-12,12/10/2011,3.7,snail,Snail,Gastropoda,class,mollusca,UTM,EPSG:32643,Converted from UTM coordinates (grid 43 P of UTM Zone 43 N) to decimal degrees using QGIS,715630,1143985,76.9692420953631,10.3428493177652,forest,1,present,NA
853,monsoon,Puthuthotam,p11,2011-10-12,12/10/2011,3.7,toad,Toad,Anura,order,amphibia,UTM,EPSG:32643,Converted from UTM coordinates (grid 43 P of UTM Zone 43 N) to decimal degrees using QGIS,715653,1143889,76.9694466468177,10.341980289416,forest,1,present,NA
854,monsoon,Puthuthotam,p11,2011-10-12,12/10/2011,3.7,toad,Toad,Anura,order,amphibia,UTM,EPSG:32643,Converted from UTM coordinates (grid 43 P of UTM Zone 43 N) to decimal degrees using QGIS,715645,1144114,76.9693862974286,10.34401451293,forest,1,present,NA
855,monsoon,Puthuthotam,p12,2011-06-20,20/06/2011,3.7,caterpillar,Caterpillar,Lepidoptera,order,insecta,UTM,EPSG:32643,Converted from UTM coordinates (grid 43 P of UTM Zone 43 N) to decimal degrees using QGIS,716020,1144387,76.9728250110438,10.3464612103094,forest_tea,1,present,NA
856,monsoon,Puthuthotam,p12,2011-06-20,20/06/2011,3.7,caterpillar,Caterpillar,Lepidoptera,order,insecta,UTM,EPSG:32643,Converted from UTM coordinates (grid 43 P of UTM Zone 43 N) to decimal degrees using QGIS,716024,1144700,76.97287920631,10.3492901897524,forest_tea,1,present,NA
857,monsoon,Puthuthotam,p12,2011-06-20,20/06/2011,3.7,caterpillar,Caterpillar,Lepidoptera,order,insecta,UTM,EPSG:32643,Converted from UTM coordinates (grid 43 P of UTM Zone 43 N) to decimal degrees using QGIS,716001,1144902,76.972680652245,10.3511173516783,tea,1,present,NA
858,monsoon,Puthuthotam,p12,2011-06-20,20/06/2011,3.7,cricket,Cricket,Orthoptera,order,insecta,UTM,EPSG:32643,Converted from UTM coordinates (grid 43 P of UTM Zone 43 N) to decimal degrees using QGIS,715982,1145297,76.9725295201396,10.3546888142647,tea,1,present,NA
859,monsoon,Puthuthotam,p12,2011-06-20,20/06/2011,3.7,earthworm,Earthworm,Annelida,phylum,annelida,UTM,EPSG:32643,Converted from UTM coordinates (grid 43 P of UTM Zone 43 N) to decimal degrees using QGIS,715349,1143657,76.9666584517393,10.3399001869055,forest,1,present,NA
860,monsoon,Puthuthotam,p12,2011-06-20,20/06/2011,3.7,earthworm,Earthworm,Annelida,phylum,annelida,UTM,EPSG:32643,Converted from UTM coordinates (grid 43 P of UTM Zone 43 N) to decimal degrees using QGIS,715978,1145313,76.9724939079646,10.3548336618581,tea,20,present,NA
861,monsoon,Puthuthotam,p12,2011-06-20,20/06/2011,3.7,frog/toad,Frog or toad,Anura,order,amphibia,UTM,EPSG:32643,Converted from UTM coordinates (grid 43 P of UTM Zone 43 N) to decimal degrees using QGIS,715644,1144152,76.9693793104817,10.3443580510724,forest,1,present,NA
862,monsoon,Puthuthotam,p12,2011-06-20,20/06/2011,3.7,frog,Frog,Anura,order,amphibia,UTM,EPSG:32643,Converted from UTM coordinates (grid 43 P of UTM Zone 43 N) to decimal degrees using QGIS,715168,1143584,76.9650020526503,10.3392504166742,forest,1,present,NA
863,monsoon,Puthuthotam,p12,2011-06-20,20/06/2011,3.7,pill millipede,Pill millipede,Diplopoda,class,diplopoda,UTM,EPSG:32643,Converted from UTM coordinates (grid 43 P of UTM Zone 43 N) to decimal degrees using QGIS,715653,1143882,76.9694462523387,10.3419170163485,forest,1,present,NA
864,monsoon,Puthuthotam,p12,2011-06-20,20/06/2011,3.7,grasshopper,Grasshopper,Orthoptera,order,insecta,UTM,EPSG:32643,Converted from UTM coordinates (grid 43 P of UTM Zone 43 N) to decimal degrees using QGIS,715377,1143723,76.9669177692601,10.3404952025277,forest,1,present,NA
865,monsoon,Puthuthotam,p12,2011-06-20,20/06/2011,3.7,grasshopper,Grasshopper,Orthoptera,order,insecta,UTM,EPSG:32643,Converted from UTM coordinates (grid 43 P of UTM Zone 43 N) to decimal degrees using QGIS,715594,1143789,76.9689024171801,10.3410796799048,forest,1,present,NA
866,monsoon,Puthuthotam,p12,2011-06-20,20/06/2011,3.7,earthworm,Earthworm,Annelida,phylum,annelida,UTM,EPSG:32643,Converted from UTM coordinates (grid 43 P of UTM Zone 43 N) to decimal degrees using QGIS,715123,1143489,76.9645859227573,10.3383942125124,forest,1,present,NA
867,monsoon,Puthuthotam,p12,2011-06-20,20/06/2011,3.7,earthworm,Earthworm,Annelida,phylum,annelida,UTM,EPSG:32643,Converted from UTM coordinates (grid 43 P of UTM Zone 43 N) to decimal degrees using QGIS,715343,1143638,76.966602610583,10.3397287796621,forest,1,present,NA
868,monsoon,Puthuthotam,p12,2011-06-20,20/06/2011,3.7,praying mantis,Praying mantis,Mantodea,order,insecta,UTM,EPSG:32643,Converted from UTM coordinates (grid 43 P of UTM Zone 43 N) to decimal degrees using QGIS,715986,1145197,76.972560385336,10.3537846918665,tea,1,present,NA
869,monsoon,Puthuthotam,p12,2011-06-20,20/06/2011,3.7,millipede,Millipede,Diplopoda,class,diplopoda,UTM,EPSG:32643,Converted from UTM coordinates (grid 43 P of UTM Zone 43 N) to decimal degrees using QGIS,715165,1143582,76.9649745541579,10.3392325055818,forest,1,present,NA
870,monsoon,Puthuthotam,p12,2011-06-20,20/06/2011,3.7,millipede,Millipede,Diplopoda,class,diplopoda,UTM,EPSG:32643,Converted from UTM coordinates (grid 43 P of UTM Zone 43 N) to decimal degrees using QGIS,715232,1143524,76.9655829150704,10.3387045119664,forest,1,present,NA
871,monsoon,Puthuthotam,p12,2011-06-20,20/06/2011,3.7,millipede,Millipede,Diplopoda,class,diplopoda,UTM,EPSG:32643,Converted from UTM coordinates (grid 43 P of UTM Zone 43 N) to decimal degrees using QGIS,715596,1143789,76.9689206746226,10.341079568344,forest,1,present,NA
872,monsoon,Puthuthotam,p12,2011-06-20,20/06/2011,3.7,millipede,Millipede,Diplopoda,class,diplopoda,UTM,EPSG:32643,Converted from UTM coordinates (grid 43 P of UTM Zone 43 N) to decimal degrees using QGIS,716026,1144683,76.972896503796,10.3491364151043,forest_tea,1,present,NA
873,monsoon,Puthuthotam,p12,2011-06-20,20/06/2011,3.7,moth,Moth,Lepidoptera,order,insecta,UTM,EPSG:32643,Converted from UTM coordinates (grid 43 P of UTM Zone 43 N) to decimal degrees using QGIS,715006,1143464,76.9635164642006,10.3381747449483,forest,1,present,NA
874,monsoon,Puthuthotam,p12,2011-06-20,20/06/2011,3.7,centipede,Centipede,Chilopoda,class,chilopoda,UTM,EPSG:32643,Converted from UTM coordinates (grid 43 P of UTM Zone 43 N) to decimal degrees using QGIS,715145,1143549,76.964790125589,10.3389353305031,forest,1,present,NA
875,monsoon,Puthuthotam,p12,2011-06-20,20/06/2011,3.7,centipede,Centipede,Chilopoda,class,chilopoda,UTM,EPSG:32643,Converted from UTM coordinates (grid 43 P of UTM Zone 43 N) to decimal degrees using QGIS,715162,1143582,76.964947168089,10.3392326725579,forest,1,present,NA
876,monsoon,Puthuthotam,p12,2011-06-20,20/06/2011,3.7,shield tail,Shieldtail,Uropeltidae,family,reptilia,UTM,EPSG:32643,Converted from UTM coordinates (grid 43 P of UTM Zone 43 N) to decimal degrees using QGIS,715645,1144103,76.9693856774287,10.3439150838327,forest,1,present,NA
877,monsoon,Puthuthotam,p12,2011-06-20,20/06/2011,3.7,shield tail,Shieldtail,Uropeltidae,family,reptilia,UTM,EPSG:32643,Converted from UTM coordinates (grid 43 P of UTM Zone 43 N) to decimal degrees using QGIS,716005,1144541,76.9726967755206,10.3478540533852,forest_tea,1,present,NA
878,monsoon,Puthuthotam,p12,2011-06-20,20/06/2011,3.7,toad,Toad,Anura,order,amphibia,UTM,EPSG:32643,Converted from UTM coordinates (grid 43 P of UTM Zone 43 N) to decimal degrees using QGIS,715185,1143572,76.9651565657779,10.3391410020028,forest,1,present,NA
879,monsoon,Puthuthotam,p12,2011-06-20,20/06/2011,3.7,toad,Toad,Anura,order,amphibia,UTM,EPSG:32643,Converted from UTM coordinates (grid 43 P of UTM Zone 43 N) to decimal degrees using QGIS,715645,1144103,76.9693856774287,10.3439150838327,forest,1,present,NA
880,monsoon,Puthuthotam,p12,2011-06-20,20/06/2011,3.7,toad,Toad,Anura,order,amphibia,UTM,EPSG:32643,Converted from UTM coordinates (grid 43 P of UTM Zone 43 N) to decimal degrees using QGIS,715884,1144211,76.9715735535498,10.3448779497569,forest,1,present,NA
881,monsoon,Puthuthotam,p12,2011-06-20,20/06/2011,3.7,toad,Toad,Anura,order,amphibia,UTM,EPSG:32643,Converted from UTM coordinates (grid 43 P of UTM Zone 43 N) to decimal degrees using QGIS,716019,1144716,76.9728344655045,10.3494350932241,forest_tea,1,present,NA
882,monsoon,Puthuthotam,p13,2011-07-01,01/07/2011,3.7,frog,Frog,Anura,order,amphibia,UTM,EPSG:32643,Converted from UTM coordinates (grid 43 P of UTM Zone 43 N) to decimal degrees using QGIS,715644,1144119,76.9693774504441,10.3440597637837,forest,1,present,NA
883,monsoon,Puthuthotam,p13,2011-07-01,01/07/2011,3.7,frog,Frog,Anura,order,amphibia,UTM,EPSG:32643,Converted from UTM coordinates (grid 43 P of UTM Zone 43 N) to decimal degrees using QGIS,716009,1144766,76.9727460006662,10.3498876019379,forest_tea,1,present,NA
884,monsoon,Puthuthotam,p13,2011-07-01,01/07/2011,3.7,pill millipede,Pill millipede,Diplopoda,class,diplopoda,UTM,EPSG:32643,Converted from UTM coordinates (grid 43 P of UTM Zone 43 N) to decimal degrees using QGIS,715615,1143800,76.9690947400501,10.3411779375971,forest,1,present,NA
885,monsoon,Puthuthotam,p13,2011-07-01,01/07/2011,3.7,millipede,Millipede,Diplopoda,class,diplopoda,UTM,EPSG:32643,Converted from UTM coordinates (grid 43 P of UTM Zone 43 N) to decimal degrees using QGIS,715022,1143509,76.9636650504674,10.3385806120628,forest,1,present,NA
886,monsoon,Puthuthotam,p13,2011-07-01,01/07/2011,3.7,millipede,Millipede,Diplopoda,class,diplopoda,UTM,EPSG:32643,Converted from UTM coordinates (grid 43 P of UTM Zone 43 N) to decimal degrees using QGIS,715023,1143510,76.9636742353156,10.3385895954872,forest,1,present,NA
887,monsoon,Puthuthotam,p13,2011-07-01,01/07/2011,3.7,millipede,Millipede,Diplopoda,class,diplopoda,UTM,EPSG:32643,Converted from UTM coordinates (grid 43 P of UTM Zone 43 N) to decimal degrees using QGIS,715645,1144105,76.9693857901555,10.3439331618505,forest,1,present,NA
888,monsoon,Puthuthotam,p13,2011-07-01,01/07/2011,3.7,millipede,Millipede,Diplopoda,class,diplopoda,UTM,EPSG:32643,Converted from UTM coordinates (grid 43 P of UTM Zone 43 N) to decimal degrees using QGIS,715681,1144193,76.969719387971,10.3447265851587,forest,1,present,NA
889,monsoon,Puthuthotam,p13,2011-07-01,01/07/2011,3.7,slug,Slug,Gastropoda,class,mollusca,UTM,EPSG:32643,Converted from UTM coordinates (grid 43 P of UTM Zone 43 N) to decimal degrees using QGIS,715023,1143510,76.9636742353156,10.3385895954872,forest,1,present,NA
890,monsoon,Puthuthotam,p13,2011-07-01,01/07/2011,3.7,toad,Toad,Anura,order,amphibia,UTM,EPSG:32643,Converted from UTM coordinates (grid 43 P of UTM Zone 43 N) to decimal degrees using QGIS,715655,1143881,76.9694644534691,10.3419078657384,forest,1,present,NA
891,monsoon,Puthuthotam,p13,2011-07-01,01/07/2011,3.7,shield tail,Shieldtail,Uropeltidae,family,reptilia,UTM,EPSG:32643,Converted from UTM coordinates (grid 43 P of UTM Zone 43 N) to decimal degrees using QGIS,715450,1143722,76.9675841090487,10.3404820951987,forest,1,present,NA
892,monsoon,Puthuthotam,p13,2011-07-01,01/07/2011,3.7,shield tail,Shieldtail,Uropeltidae,family,reptilia,UTM,EPSG:32643,Converted from UTM coordinates (grid 43 P of UTM Zone 43 N) to decimal degrees using QGIS,715645,1144105,76.9693857901555,10.3439331618505,forest,1,present,NA
893,monsoon,Puthuthotam,p13,2011-07-01,01/07/2011,3.7,shield tail,Shieldtail,Uropeltidae,family,reptilia,UTM,EPSG:32643,Converted from UTM coordinates (grid 43 P of UTM Zone 43 N) to decimal degrees using QGIS,715681,1144193,76.969719387971,10.3447265851587,forest,1,present,NA
894,monsoon,Sholayar,sh1,2011-08-19,19/08/2011,12.9,caecilian,Caecilian,Gymnophiona,order,amphibia,UTM,EPSG:32643,Converted from UTM coordinates (grid 43 P of UTM Zone 43 N) to decimal degrees using QGIS,708461,1143651,76.9037784249185,10.3402235580072,tea,1,present,NA
895,monsoon,Sholayar,sh1,2011-08-19,19/08/2011,12.9,crab,Crabs,Decapoda,order,crustacea,UTM,EPSG:32643,Converted from UTM coordinates (grid 43 P of UTM Zone 43 N) to decimal degrees using QGIS,710162,1144416,76.9193488864497,10.3470464954088,tea,1,present,NA
896,monsoon,Sholayar,sh1,2011-08-19,19/08/2011,12.9,frog,Frog,Anura,order,amphibia,UTM,EPSG:32643,Converted from UTM coordinates (grid 43 P of UTM Zone 43 N) to decimal degrees using QGIS,706418,1139786,76.8849195897982,10.3053956443243,tea,1,present,NA
897,monsoon,Sholayar,sh1,2011-08-19,19/08/2011,12.9,frog,Frog,Anura,order,amphibia,UTM,EPSG:32643,Converted from UTM coordinates (grid 43 P of UTM Zone 43 N) to decimal degrees using QGIS,707917,1141636,76.8987028520569,10.3220384782396,tea,1,present,NA
898,monsoon,Sholayar,sh1,2011-08-19,19/08/2011,12.9,frog,Frog,Anura,order,amphibia,UTM,EPSG:32643,Converted from UTM coordinates (grid 43 P of UTM Zone 43 N) to decimal degrees using QGIS,710747,1145019,76.9247226737919,10.3524652884229,tea,1,present,NA
899,monsoon,Sholayar,sh1,2011-08-19,19/08/2011,12.9,pill millipede,Pill millipede,Diplopoda,class,diplopoda,UTM,EPSG:32643,Converted from UTM coordinates (grid 43 P of UTM Zone 43 N) to decimal degrees using QGIS,711207,1145283,76.9289367306964,10.3548265050558,tea,1,present,NA
900,monsoon,Sholayar,sh1,2011-08-19,19/08/2011,12.9,shield tail,Shieldtail,Uropeltidae,family,reptilia,UTM,EPSG:32643,Converted from UTM coordinates (grid 43 P of UTM Zone 43 N) to decimal degrees using QGIS,706683,1140074,76.8873540460589,10.3079848989436,tea,1,present,NA
901,monsoon,Sholayar,sh1,2011-08-19,19/08/2011,12.9,shield tail,Shieldtail,Uropeltidae,family,reptilia,UTM,EPSG:32643,Converted from UTM coordinates (grid 43 P of UTM Zone 43 N) to decimal degrees using QGIS,707506,1142586,76.8950024464814,10.3306479711274,tea,1,present,NA
902,monsoon,Sholayar,sh1,2011-08-19,19/08/2011,12.9,shield tail,Shieldtail,Uropeltidae,family,reptilia,UTM,EPSG:32643,Converted from UTM coordinates (grid 43 P of UTM Zone 43 N) to decimal degrees using QGIS,707548,1142871,76.8954012988188,10.3332219506773,tea,1,present,NA
903,monsoon,Sholayar,sh1,2011-08-19,19/08/2011,12.9,shield tail,Shieldtail,Uropeltidae,family,reptilia,UTM,EPSG:32643,Converted from UTM coordinates (grid 43 P of UTM Zone 43 N) to decimal degrees using QGIS,710429,1144543,76.9217933590281,10.3481799457794,tea,1,present,NA
904,monsoon,Sholayar,sh1,2011-08-19,19/08/2011,12.9,shield tail,Shieldtail,Uropeltidae,family,reptilia,UTM,EPSG:32643,Converted from UTM coordinates (grid 43 P of UTM Zone 43 N) to decimal degrees using QGIS,710795,1145038,76.9251619274652,10.3526344134981,tea,1,present,NA
905,monsoon,Sholayar,sh1,2011-08-19,19/08/2011,12.9,snail,Snail,Gastropoda,class,mollusca,UTM,EPSG:32643,Converted from UTM coordinates (grid 43 P of UTM Zone 43 N) to decimal degrees using QGIS,707408,1141004,76.8940222370098,10.316352857864,tea,1,present,NA
906,monsoon,Sholayar,sh1,2011-08-19,19/08/2011,12.9,snail,Snail,Gastropoda,class,mollusca,UTM,EPSG:32643,Converted from UTM coordinates (grid 43 P of UTM Zone 43 N) to decimal degrees using QGIS,707503,1142713,76.8949819391807,10.3317961376677,tea,1,present,NA
907,monsoon,Sholayar,sh1,2011-08-19,19/08/2011,12.9,toad,Toad,Anura,order,amphibia,UTM,EPSG:32643,Converted from UTM coordinates (grid 43 P of UTM Zone 43 N) to decimal degrees using QGIS,707895,1141689,76.898504897529,10.3225187476993,tea,1,present,NA
908,monsoon,Sholayar,sh1,2011-08-19,19/08/2011,12.9,toad,Toad,Anura,order,amphibia,UTM,EPSG:32643,Converted from UTM coordinates (grid 43 P of UTM Zone 43 N) to decimal degrees using QGIS,707595,1143282,76.895852637788,10.336934625061,tea,1,present,NA
909,monsoon,Sholayar,sh1,2011-08-19,19/08/2011,12.9,toad,Toad,Anura,order,amphibia,UTM,EPSG:32643,Converted from UTM coordinates (grid 43 P of UTM Zone 43 N) to decimal degrees using QGIS,709439,1143846,76.9127172830145,10.3419333560929,tea,1,present,NA
910,monsoon,Sholayar,sh2,2011-08-27,27/08/2011,12.9,caecilian,Caecilian,Gymnophiona,order,amphibia,UTM,EPSG:32643,Converted from UTM coordinates (grid 43 P of UTM Zone 43 N) to decimal degrees using QGIS,706683,1140585,76.887381557011,10.3126040661048,tea,1,present,NA
911,monsoon,Sholayar,sh2,2011-08-27,27/08/2011,12.9,snake,Snake,Squamata,order,reptilia,UTM,EPSG:32643,Converted from UTM coordinates (grid 43 P of UTM Zone 43 N) to decimal degrees using QGIS,707881,1141512,76.8983675019627,10.3209195252028,tea,1,present,coral snake1
912,monsoon,Sholayar,sh2,2011-08-27,27/08/2011,12.9,frog,Frog,Anura,order,amphibia,UTM,EPSG:32643,Converted from UTM coordinates (grid 43 P of UTM Zone 43 N) to decimal degrees using QGIS,705992,1139297,76.8810047757809,10.300997975448,tea,1,present,NA
913,monsoon,Sholayar,sh2,2011-08-27,27/08/2011,12.9,frog,Frog,Anura,order,amphibia,UTM,EPSG:32643,Converted from UTM coordinates (grid 43 P of UTM Zone 43 N) to decimal degrees using QGIS,706321,1139680,76.8840284658032,10.3044426198417,tea,1,present,NA
914,monsoon,Sholayar,sh2,2011-08-27,27/08/2011,12.9,frog,Frog,Anura,order,amphibia,UTM,EPSG:32643,Converted from UTM coordinates (grid 43 P of UTM Zone 43 N) to decimal degrees using QGIS,706555,1139938,76.8861783199592,10.3067623509779,tea,1,present,NA
915,monsoon,Sholayar,sh2,2011-08-27,27/08/2011,12.9,frog,Frog,Anura,order,amphibia,UTM,EPSG:32643,Converted from UTM coordinates (grid 43 P of UTM Zone 43 N) to decimal degrees using QGIS,710793,1145038,76.9251436688778,10.3526345227009,tea,1,present,NA
916,monsoon,Sholayar,sh2,2011-08-27,27/08/2011,12.9,frog,Frog,Anura,order,amphibia,UTM,EPSG:32643,Converted from UTM coordinates (grid 43 P of UTM Zone 43 N) to decimal degrees using QGIS,711264,1145325,76.9294594246328,10.3552030327621,tea,1,present,NA
917,monsoon,Sholayar,sh2,2011-08-27,27/08/2011,12.9,mouse,Mouse,Muridae,family,mammalia,UTM,EPSG:32643,Converted from UTM coordinates (grid 43 P of UTM Zone 43 N) to decimal degrees using QGIS,708737,1143420,76.9062854436397,10.3381205731494,tea,1,present,NA
918,monsoon,Sholayar,sh2,2011-08-27,27/08/2011,12.9,pill millipede,Pill millipede,Diplopoda,class,diplopoda,UTM,EPSG:32643,Converted from UTM coordinates (grid 43 P of UTM Zone 43 N) to decimal degrees using QGIS,710447,1144682,76.9219653339244,10.3494354224497,tea,1,present,NA
919,monsoon,Sholayar,sh2,2011-08-27,27/08/2011,12.9,pill millipede,Pill millipede,Diplopoda,class,diplopoda,UTM,EPSG:32643,Converted from UTM coordinates (grid 43 P of UTM Zone 43 N) to decimal degrees using QGIS,706487,1139843,76.8855524960863,10.3059072218169,tea,1,present,NA
920,monsoon,Sholayar,sh2,2011-08-27,27/08/2011,12.9,snail,Snail,Gastropoda,class,mollusca,UTM,EPSG:32643,Converted from UTM coordinates (grid 43 P of UTM Zone 43 N) to decimal degrees using QGIS,707382,1140952,76.8937820875764,10.3158841993085,tea,3,present,NA
921,monsoon,Sholayar,sh2,2011-08-27,27/08/2011,12.9,snail,Snail,Gastropoda,class,mollusca,UTM,EPSG:32643,Converted from UTM coordinates (grid 43 P of UTM Zone 43 N) to decimal degrees using QGIS,707723,1141246,76.8969107883035,10.3185235200068,tea,2,present,NA
922,monsoon,Sholayar,sh2,2011-08-27,27/08/2011,12.9,toad,Toad,Anura,order,amphibia,UTM,EPSG:32643,Converted from UTM coordinates (grid 43 P of UTM Zone 43 N) to decimal degrees using QGIS,706506,1139849,76.8857262536612,10.3059604470723,tea,1,present,NA
923,monsoon,Sholayar,sh2,2011-08-27,27/08/2011,12.9,toad,Toad,Anura,order,amphibia,UTM,EPSG:32643,Converted from UTM coordinates (grid 43 P of UTM Zone 43 N) to decimal degrees using QGIS,707826,1141743,76.8978779533239,10.3230105795823,tea,1,present,NA
924,monsoon,Sholayar,sh2,2011-08-27,27/08/2011,12.9,toad,Toad,Anura,order,amphibia,UTM,EPSG:32643,Converted from UTM coordinates (grid 43 P of UTM Zone 43 N) to decimal degrees using QGIS,707620,1143329,76.8960834114961,10.3373581347813,tea,1,present,NA
925,monsoon,Sholayar,sh2,2011-08-27,27/08/2011,12.9,toad,Toad,Anura,order,amphibia,UTM,EPSG:32643,Converted from UTM coordinates (grid 43 P of UTM Zone 43 N) to decimal degrees using QGIS,710424,1144561,76.9217487035462,10.3483429249313,tea,1,present,NA
926,monsoon,Sholayar,sh2,2011-08-27,27/08/2011,12.9,toad,Toad,Anura,order,amphibia,UTM,EPSG:32643,Converted from UTM coordinates (grid 43 P of UTM Zone 43 N) to decimal degrees using QGIS,710451,1144687,76.9220021259868,10.3494804007767,tea,1,present,NA
927,monsoon,Sholayar,sh3,2011-09-05,05/09/2011,12.9,snake,Snake,Squamata,order,reptilia,UTM,EPSG:32643,Converted from UTM coordinates (grid 43 P of UTM Zone 43 N) to decimal degrees using QGIS,708893,1143543,76.9077162753896,10.3392239865414,tea,1,present,coralsnake1
928,monsoon,Sholayar,sh3,2011-09-05,05/09/2011,12.9,frog,Frog,Anura,order,amphibia,UTM,EPSG:32643,Converted from UTM coordinates (grid 43 P of UTM Zone 43 N) to decimal degrees using QGIS,708026,1143757,76.8998130453118,10.341205168416,tea,1,present,NA
929,monsoon,Sholayar,sh3,2011-09-05,05/09/2011,12.9,pill millipede,Pill millipede,Diplopoda,class,diplopoda,UTM,EPSG:32643,Converted from UTM coordinates (grid 43 P of UTM Zone 43 N) to decimal degrees using QGIS,710727,1144996,76.9245388200541,10.3522584774755,tea,1,present,NA
930,monsoon,Sholayar,sh3,2011-09-05,05/09/2011,12.9,shield tail,Shieldtail,Uropeltidae,family,reptilia,UTM,EPSG:32643,Converted from UTM coordinates (grid 43 P of UTM Zone 43 N) to decimal degrees using QGIS,711102,1145156,76.9279711352183,10.3536842674432,tea,1,present,NA
931,monsoon,Sholayar,sh3,2011-09-05,05/09/2011,12.9,shield tail,Shieldtail,Uropeltidae,family,reptilia,UTM,EPSG:32643,Converted from UTM coordinates (grid 43 P of UTM Zone 43 N) to decimal degrees using QGIS,709871,1143867,76.9166621801636,10.3420997456163,tea,1,present,NA
932,monsoon,Sholayar,sh3,2011-09-05,05/09/2011,12.9,snail,Snail,Gastropoda,class,mollusca,UTM,EPSG:32643,Converted from UTM coordinates (grid 43 P of UTM Zone 43 N) to decimal degrees using QGIS,710596,1144838,76.9233341793077,10.3508374235233,tea,1,present,NA
933,monsoon,Sholayar,sh3,2011-09-05,05/09/2011,12.9,snail,Snail,Gastropoda,class,mollusca,UTM,EPSG:32643,Converted from UTM coordinates (grid 43 P of UTM Zone 43 N) to decimal degrees using QGIS,710222,1144501,76.9199013083264,10.3478115687372,tea,1,present,NA
934,monsoon,Sholayar,sh3,2011-09-05,05/09/2011,12.9,snail,Snail,Gastropoda,class,mollusca,UTM,EPSG:32643,Converted from UTM coordinates (grid 43 P of UTM Zone 43 N) to decimal degrees using QGIS,707515,1142748,76.895093381496,10.3321118734523,tea,1,present,NA
935,monsoon,Sholayar,sh3,2011-09-05,05/09/2011,12.9,snake,Snake,Squamata,order,reptilia,UTM,EPSG:32643,Converted from UTM coordinates (grid 43 P of UTM Zone 43 N) to decimal degrees using QGIS,710148,1144453,76.9192231111636,10.347381710356,tea,1,present,NA
936,monsoon,Sholayar,sh3,2011-09-05,05/09/2011,12.9,toad,Toad,Anura,order,amphibia,UTM,EPSG:32643,Converted from UTM coordinates (grid 43 P of UTM Zone 43 N) to decimal degrees using QGIS,710597,1144841,76.9233434738107,10.3508644867429,tea,1,present,NA
937,monsoon,Sholayar,sh3,2011-09-05,05/09/2011,12.9,toad,Toad,Anura,order,amphibia,UTM,EPSG:32643,Converted from UTM coordinates (grid 43 P of UTM Zone 43 N) to decimal degrees using QGIS,710524,1144742,76.9226715870876,10.3499735810746,tea,1,present,NA
938,monsoon,Sholayar,sh3,2011-09-05,05/09/2011,12.9,toad,Toad,Anura,order,amphibia,UTM,EPSG:32643,Converted from UTM coordinates (grid 43 P of UTM Zone 43 N) to decimal degrees using QGIS,710230,1144499,76.9199742318433,10.3477930547633,tea,1,present,NA
939,monsoon,Sholayar,sh4,2011-09-05,05/09/2011,12.9,snake,Snake,Squamata,order,reptilia,UTM,EPSG:32643,Converted from UTM coordinates (grid 43 P of UTM Zone 43 N) to decimal degrees using QGIS,708893,1143543,76.9077162753896,10.3392239865414,tea,1,present,CORALSNAKE1
940,monsoon,Sholayar,sh4,2011-09-05,05/09/2011,12.9,frog,Frog,Anura,order,amphibia,UTM,EPSG:32643,Converted from UTM coordinates (grid 43 P of UTM Zone 43 N) to decimal degrees using QGIS,710519,1144733,76.9226254454116,10.3498925003377,tea,1,present,NA
941,monsoon,Sholayar,sh4,2011-09-05,05/09/2011,12.9,frog,Frog,Anura,order,amphibia,UTM,EPSG:32643,Converted from UTM coordinates (grid 43 P of UTM Zone 43 N) to decimal degrees using QGIS,708026,1143757,76.8998130453118,10.341205168416,tea,1,present,NA
942,monsoon,Sholayar,sh4,2011-09-05,05/09/2011,12.9,pill millipede,Pill millipede,Diplopoda,class,diplopoda,UTM,EPSG:32643,Converted from UTM coordinates (grid 43 P of UTM Zone 43 N) to decimal degrees using QGIS,710727,1144999,76.9245389854315,10.3522855952142,tea,1,present,NA
943,monsoon,Sholayar,sh4,2011-09-05,05/09/2011,12.9,pill millipede,Pill millipede,Diplopoda,class,diplopoda,UTM,EPSG:32643,Converted from UTM coordinates (grid 43 P of UTM Zone 43 N) to decimal degrees using QGIS,710597,1144846,76.9233437492309,10.3509096830098,tea,1,present,NA
944,monsoon,Sholayar,sh4,2011-09-05,05/09/2011,12.9,shield tail,Shieldtail,Uropeltidae,family,reptilia,UTM,EPSG:32643,Converted from UTM coordinates (grid 43 P of UTM Zone 43 N) to decimal degrees using QGIS,711105,1145158,76.9279986336099,10.3537021818357,tea,1,present,NA
945,monsoon,Sholayar,sh4,2011-09-05,05/09/2011,12.9,shield tail,Shieldtail,Uropeltidae,family,reptilia,UTM,EPSG:32643,Converted from UTM coordinates (grid 43 P of UTM Zone 43 N) to decimal degrees using QGIS,709871,1143867,76.9166621801636,10.3420997456163,tea,1,present,NA
946,monsoon,Sholayar,sh4,2011-09-05,05/09/2011,12.9,snail,Snail,Gastropoda,class,mollusca,UTM,EPSG:32643,Converted from UTM coordinates (grid 43 P of UTM Zone 43 N) to decimal degrees using QGIS,710229,1144500,76.9199651576322,10.3478021484657,tea,1,present,NA
947,monsoon,Sholayar,sh4,2011-09-05,05/09/2011,12.9,snail,Snail,Gastropoda,class,mollusca,UTM,EPSG:32643,Converted from UTM coordinates (grid 43 P of UTM Zone 43 N) to decimal degrees using QGIS,707515,1142748,76.895093381496,10.3321118734523,tea,1,present,NA
948,monsoon,Sholayar,sh4,2011-09-05,05/09/2011,12.9,snake,Snake,Lycodon,genus,reptilia,UTM,EPSG:32643,Converted from UTM coordinates (grid 43 P of UTM Zone 43 N) to decimal degrees using QGIS,710147,1144454,76.9192140369367,10.3473908040392,tea,1,present,LYCODON
949,monsoon,Sholayar,sh4,2011-09-05,05/09/2011,12.9,toad,Toad,Anura,order,amphibia,UTM,EPSG:32643,Converted from UTM coordinates (grid 43 P of UTM Zone 43 N) to decimal degrees using QGIS,710596,1144843,76.9233344547258,10.3508826197905,tea,1,present,NA
950,monsoon,Sholayar,sh4,2011-09-05,05/09/2011,12.9,toad,Toad,Anura,order,amphibia,UTM,EPSG:32643,Converted from UTM coordinates (grid 43 P of UTM Zone 43 N) to decimal degrees using QGIS,710526,1144742,76.9226898455477,10.3499734720397,tea,1,present,NA
951,monsoon,Sholayar,sh4,2011-09-05,05/09/2011,12.9,toad,Toad,Anura,order,amphibia,UTM,EPSG:32643,Converted from UTM coordinates (grid 43 P of UTM Zone 43 N) to decimal degrees using QGIS,710230,1144499,76.9199742318433,10.3477930547633,tea,1,present,NA
952,monsoon,Sholayar,sh5,2011-09-13,13/09/2011,12.9,caecilian,Caecilian,Gymnophiona,order,amphibia,UTM,EPSG:32643,Converted from UTM coordinates (grid 43 P of UTM Zone 43 N) to decimal degrees using QGIS,707002,1140654,76.8902972164334,10.3132107640401,tea,1,present,NA
953,monsoon,Sholayar,sh5,2011-09-13,13/09/2011,12.9,caecilian,Caecilian,Gymnophiona,order,amphibia,UTM,EPSG:32643,Converted from UTM coordinates (grid 43 P of UTM Zone 43 N) to decimal degrees using QGIS,710681,1144943,76.9241159518825,10.3517819077985,tea,1,present,NA
954,monsoon,Sholayar,sh5,2011-09-13,13/09/2011,12.9,caterpillar,Caterpillar,Lepidoptera,order,insecta,UTM,EPSG:32643,Converted from UTM coordinates (grid 43 P of UTM Zone 43 N) to decimal degrees using QGIS,707852,1143740,76.898223658007,10.3410608602492,tea,1,present,NA
955,monsoon,Sholayar,sh5,2011-09-13,13/09/2011,12.9,earthworm,Earthworm,Annelida,phylum,annelida,UTM,EPSG:32643,Converted from UTM coordinates (grid 43 P of UTM Zone 43 N) to decimal degrees using QGIS,710350,1144542,76.9210720984082,10.3481752098604,tea,1,present,NA
956,monsoon,Sholayar,sh5,2011-09-13,13/09/2011,12.9,frog,Frog,Anura,order,amphibia,UTM,EPSG:32643,Converted from UTM coordinates (grid 43 P of UTM Zone 43 N) to decimal degrees using QGIS,706010,1139312,76.881169884659,10.3011326124002,tea,1,present,NA
957,monsoon,Sholayar,sh5,2011-09-13,13/09/2011,12.9,frog,Frog,Anura,order,amphibia,UTM,EPSG:32643,Converted from UTM coordinates (grid 43 P of UTM Zone 43 N) to decimal degrees using QGIS,706349,1139605,76.8842800244813,10.3037631690096,tea,1,present,NA
958,monsoon,Sholayar,sh5,2011-09-13,13/09/2011,12.9,frog,Frog,Anura,order,amphibia,UTM,EPSG:32643,Converted from UTM coordinates (grid 43 P of UTM Zone 43 N) to decimal degrees using QGIS,706540,1139905,76.8860396225415,10.3064648472029,tea,1,present,NA
959,monsoon,Sholayar,sh5,2011-09-13,13/09/2011,12.9,frog,Frog,Anura,order,amphibia,UTM,EPSG:32643,Converted from UTM coordinates (grid 43 P of UTM Zone 43 N) to decimal degrees using QGIS,706710,1140208,76.8876077215384,10.309194748124,tea,1,present,NA
960,monsoon,Sholayar,sh5,2011-09-13,13/09/2011,12.9,frog,Frog,Anura,order,amphibia,UTM,EPSG:32643,Converted from UTM coordinates (grid 43 P of UTM Zone 43 N) to decimal degrees using QGIS,710314,1144537,76.9207431726787,10.3481319739992,tea,1,present,NA
961,monsoon,Sholayar,sh5,2011-09-13,13/09/2011,12.9,frog,Frog,Anura,order,amphibia,UTM,EPSG:32643,Converted from UTM coordinates (grid 43 P of UTM Zone 43 N) to decimal degrees using QGIS,707380,1140947,76.8937635605268,10.3158391092078,tea,2,present,NA
962,monsoon,Sholayar,sh5,2011-09-13,13/09/2011,12.9,frog,Frog,Anura,order,amphibia,UTM,EPSG:32643,Converted from UTM coordinates (grid 43 P of UTM Zone 43 N) to decimal degrees using QGIS,710638,1144911,76.9237216298587,10.3514949979344,tea,1,present,NA
963,monsoon,Sholayar,sh5,2011-09-13,13/09/2011,12.9,snake,Pitviper,Craspedocephalus,genus,reptilia,UTM,EPSG:32643,Converted from UTM coordinates (grid 43 P of UTM Zone 43 N) to decimal degrees using QGIS,707532,1142280,76.8952232217967,10.3278805158009,tea,1,present,GREEN PITVITER1
964,monsoon,Sholayar,sh5,2011-09-13,13/09/2011,12.9,mouse,Mouse,Muridae,family,mammalia,UTM,EPSG:32643,Converted from UTM coordinates (grid 43 P of UTM Zone 43 N) to decimal degrees using QGIS,711278,1145342,76.9295881753294,10.3553559331188,tea,1,present,NA
965,monsoon,Sholayar,sh5,2011-09-13,13/09/2011,12.9,pill millipede,Pill millipede,Diplopoda,class,diplopoda,UTM,EPSG:32643,Converted from UTM coordinates (grid 43 P of UTM Zone 43 N) to decimal degrees using QGIS,710646,1144917,76.9237949946073,10.3515487969908,tea,1,present,NA
966,monsoon,Sholayar,sh5,2011-09-13,13/09/2011,12.9,shield tail,Shieldtail,Uropeltidae,family,reptilia,UTM,EPSG:32643,Converted from UTM coordinates (grid 43 P of UTM Zone 43 N) to decimal degrees using QGIS,706667,1140145,76.8872118161274,10.308627553963,tea,1,present,NA
967,monsoon,Sholayar,sh5,2011-09-13,13/09/2011,12.9,shield tail,Shieldtail,Uropeltidae,family,reptilia,UTM,EPSG:32643,Converted from UTM coordinates (grid 43 P of UTM Zone 43 N) to decimal degrees using QGIS,707502,1142709,76.89497259365,10.3317600336498,tea,1,present,NA
968,monsoon,Sholayar,sh5,2011-09-13,13/09/2011,12.9,shield tail,Shieldtail,Uropeltidae,family,reptilia,UTM,EPSG:32643,Converted from UTM coordinates (grid 43 P of UTM Zone 43 N) to decimal degrees using QGIS,707565,1143031,76.8955651616283,10.3346673440353,tea,1,present,NA
969,monsoon,Sholayar,sh5,2011-09-13,13/09/2011,12.9,snail,Snail,Gastropoda,class,mollusca,UTM,EPSG:32643,Converted from UTM coordinates (grid 43 P of UTM Zone 43 N) to decimal degrees using QGIS,706030,1139341,76.8813540004199,10.3013936960816,tea,1,present,NA
970,monsoon,Sholayar,sh5,2011-09-13,13/09/2011,12.9,snail,Snail,Gastropoda,class,mollusca,UTM,EPSG:32643,Converted from UTM coordinates (grid 43 P of UTM Zone 43 N) to decimal degrees using QGIS,711275,1145336,76.9295604555661,10.3553018620355,tea,1,present,NA
971,monsoon,Sholayar,sh5,2011-09-13,13/09/2011,12.9,snake,Snake,Squamata,order,reptilia,UTM,EPSG:32643,Converted from UTM coordinates (grid 43 P of UTM Zone 43 N) to decimal degrees using QGIS,708111,1143764,76.9005893992141,10.3412638680846,tea,1,present,NA
972,monsoon,Sholayar,sh5,2011-09-13,13/09/2011,12.9,snake,Snake,Squamata,order,reptilia,UTM,EPSG:32643,Converted from UTM coordinates (grid 43 P of UTM Zone 43 N) to decimal degrees using QGIS,710894,1145141,76.926071410218,10.3535600481408,tea,1,present,NA
973,monsoon,Sholayar,sh5,2011-09-13,13/09/2011,12.9,snake,Snake,Squamata,order,reptilia,UTM,EPSG:32643,Converted from UTM coordinates (grid 43 P of UTM Zone 43 N) to decimal degrees using QGIS,711132,1145175,76.9282460640231,10.3538543720099,tea,1,present,NA
974,monsoon,Sholayar,sh5,2011-09-13,13/09/2011,12.9,toad,Toad,Anura,order,amphibia,UTM,EPSG:32643,Converted from UTM coordinates (grid 43 P of UTM Zone 43 N) to decimal degrees using QGIS,706010,1139312,76.881169884659,10.3011326124002,tea,1,present,NA
975,monsoon,Sholayar,sh5,2011-09-13,13/09/2011,12.9,toad,Toad,Anura,order,amphibia,UTM,EPSG:32643,Converted from UTM coordinates (grid 43 P of UTM Zone 43 N) to decimal degrees using QGIS,706547,1139927,76.8861047029266,10.3066633428448,tea,1,present,NA
976,monsoon,Sholayar,sh5,2011-09-13,13/09/2011,12.9,toad,Toad,Anura,order,amphibia,UTM,EPSG:32643,Converted from UTM coordinates (grid 43 P of UTM Zone 43 N) to decimal degrees using QGIS,706669,1140151,76.8872303955289,10.3086816841672,tea,1,present,NA
977,monsoon,Sholayar,sh5,2011-09-13,13/09/2011,12.9,toad,Toad,Anura,order,amphibia,UTM,EPSG:32643,Converted from UTM coordinates (grid 43 P of UTM Zone 43 N) to decimal degrees using QGIS,710825,1145048,76.925436357789,10.3527231677443,tea,1,present,NA
978,monsoon,Sholayar,sh5,2011-09-13,13/09/2011,12.9,toad,Toad,Anura,order,amphibia,UTM,EPSG:32643,Converted from UTM coordinates (grid 43 P of UTM Zone 43 N) to decimal degrees using QGIS,711270,1145329,76.9295144218378,10.355238861208,tea,1,present,NA
979,monsoon,Sholayar,sh6,2011-09-21,21/09/2011,12.9,caecilian,Caecilian,Gymnophiona,order,amphibia,UTM,EPSG:32643,Converted from UTM coordinates (grid 43 P of UTM Zone 43 N) to decimal degrees using QGIS,707767,1143666,76.8974436667235,10.3403965151618,tea,1,present,NA
980,monsoon,Sholayar,sh6,2011-09-21,21/09/2011,12.9,snake,Snake,Squamata,order,reptilia,UTM,EPSG:32643,Converted from UTM coordinates (grid 43 P of UTM Zone 43 N) to decimal degrees using QGIS,711193,1145269,76.9288081463148,10.3547007220037,tea,1,present,NA
981,monsoon,Sholayar,sh6,2011-09-21,21/09/2011,12.9,frog,Frog,Anura,order,amphibia,UTM,EPSG:32643,Converted from UTM coordinates (grid 43 P of UTM Zone 43 N) to decimal degrees using QGIS,711239,1145301,76.929229864385,10.354987459834,tea,1,present,NA
982,monsoon,Sholayar,sh6,2011-09-21,21/09/2011,12.9,frog,Frog,Anura,order,amphibia,UTM,EPSG:32643,Converted from UTM coordinates (grid 43 P of UTM Zone 43 N) to decimal degrees using QGIS,711247,1145308,76.9293032860418,10.3550502965262,tea,1,present,NA
983,monsoon,Sholayar,sh6,2011-09-21,21/09/2011,12.9,frog,Frog,Anura,order,amphibia,UTM,EPSG:32643,Converted from UTM coordinates (grid 43 P of UTM Zone 43 N) to decimal degrees using QGIS,711165,1145237,76.9285507568489,10.3544129987927,tea,1,present,NA
984,monsoon,Sholayar,sh6,2011-09-21,21/09/2011,12.9,pill millipede,Pill millipede,Diplopoda,class,diplopoda,UTM,EPSG:32643,Converted from UTM coordinates (grid 43 P of UTM Zone 43 N) to decimal degrees using QGIS,710996,1145117,76.9270012752718,10.3533375327263,tea,1,present,NA
985,monsoon,Sholayar,sh6,2011-09-21,21/09/2011,12.9,shield tail,Shieldtail,Uropeltidae,family,reptilia,UTM,EPSG:32643,Converted from UTM coordinates (grid 43 P of UTM Zone 43 N) to decimal degrees using QGIS,707555,1142952,76.8954695907148,10.3339537673218,tea,1,present,NA
986,monsoon,Sholayar,sh6,2011-09-21,21/09/2011,12.9,snail,Snail,Gastropoda,class,mollusca,UTM,EPSG:32643,Converted from UTM coordinates (grid 43 P of UTM Zone 43 N) to decimal degrees using QGIS,707998,1143772,76.8995582457906,10.3413422661632,tea,1,present,NA
987,monsoon,Sholayar,sh6,2011-09-21,21/09/2011,12.9,toad,Toad,Anura,order,amphibia,UTM,EPSG:32643,Converted from UTM coordinates (grid 43 P of UTM Zone 43 N) to decimal degrees using QGIS,711153,1145208,76.9284396027178,10.3541515177545,tea,1,present,NA
988,monsoon,Sholayar,sh6,2011-09-21,21/09/2011,12.9,toad,Toad,Anura,order,amphibia,UTM,EPSG:32643,Converted from UTM coordinates (grid 43 P of UTM Zone 43 N) to decimal degrees using QGIS,711040,1145118,76.9274030198155,10.3533441667776,tea,1,present,NA
989,monsoon,Sholayar,sh6,2011-09-21,21/09/2011,12.9,toad,Toad,Anura,order,amphibia,UTM,EPSG:32643,Converted from UTM coordinates (grid 43 P of UTM Zone 43 N) to decimal degrees using QGIS,707947,1143765,76.899092281035,10.3412817348172,tea,1,present,NA
990,monsoon,Sholayar,sh7,2011-09-29,29/09/2011,12.9,caecilian,Caecilian,Gymnophiona,order,amphibia,UTM,EPSG:32643,Converted from UTM coordinates (grid 43 P of UTM Zone 43 N) to decimal degrees using QGIS,706646,1139999,76.8870122663659,10.3073089107187,tea,2,present,NA
991,monsoon,Sholayar,sh7,2011-09-29,29/09/2011,12.9,caecilian,Caecilian,Gymnophiona,order,amphibia,UTM,EPSG:32643,Converted from UTM coordinates (grid 43 P of UTM Zone 43 N) to decimal degrees using QGIS,707706,1143567,76.8968814197259,10.3395048930488,tea,2,present,NA
992,monsoon,Sholayar,sh7,2011-09-29,29/09/2011,12.9,caecilian,Caecilian,Gymnophiona,order,amphibia,UTM,EPSG:32643,Converted from UTM coordinates (grid 43 P of UTM Zone 43 N) to decimal degrees using QGIS,710069,1143884,76.9184706613297,10.3422426557985,tea,1,present,NA
993,monsoon,Sholayar,sh7,2011-09-29,29/09/2011,12.9,earthworm,Earthworm,Annelida,phylum,annelida,UTM,EPSG:32643,Converted from UTM coordinates (grid 43 P of UTM Zone 43 N) to decimal degrees using QGIS,707822,1141745,76.8978415473953,10.3230288730916,tea,2,present,NA
994,monsoon,Sholayar,sh7,2011-09-29,29/09/2011,12.9,earthworm,Earthworm,Annelida,phylum,annelida,UTM,EPSG:32643,Converted from UTM coordinates (grid 43 P of UTM Zone 43 N) to decimal degrees using QGIS,706643,1139997,76.8869847741762,10.3072909916433,tea,4,present,NA
995,monsoon,Sholayar,sh7,2011-09-29,29/09/2011,12.9,earthworm,Earthworm,Annelida,phylum,annelida,UTM,EPSG:32643,Converted from UTM coordinates (grid 43 P of UTM Zone 43 N) to decimal degrees using QGIS,706542,1139911,76.8860582015612,10.3065189775394,tea,1,present,NA
996,monsoon,Sholayar,sh7,2011-09-29,29/09/2011,12.9,frog,Frog,Anura,order,amphibia,UTM,EPSG:32643,Converted from UTM coordinates (grid 43 P of UTM Zone 43 N) to decimal degrees using QGIS,706543,1139913,76.8860674372935,10.3065370032318,tea,1,present,NA
997,monsoon,Sholayar,sh7,2011-09-29,29/09/2011,12.9,frog,Frog,Anura,order,amphibia,UTM,EPSG:32643,Converted from UTM coordinates (grid 43 P of UTM Zone 43 N) to decimal degrees using QGIS,707908,1141679,76.8986230266544,10.3224276556918,tea,1,present,NA
998,monsoon,Sholayar,sh7,2011-09-29,29/09/2011,12.9,frog,Frog,Anura,order,amphibia,UTM,EPSG:32643,Converted from UTM coordinates (grid 43 P of UTM Zone 43 N) to decimal degrees using QGIS,710069,1143884,76.9184706613297,10.3422426557985,tea,1,present,NA
999,monsoon,Sholayar,sh7,2011-09-29,29/09/2011,12.9,frog,Frog,Anura,order,amphibia,UTM,EPSG:32643,Converted from UTM coordinates (grid 43 P of UTM Zone 43 N) to decimal degrees using QGIS,711083,1145142,76.9277969051703,10.3535587572523,tea,1,present,NA
1000,monsoon,Sholayar,sh7,2011-09-29,29/09/2011,12.9,gecko,Gecko,Squamata,order,reptilia,UTM,EPSG:32643,Converted from UTM coordinates (grid 43 P of UTM Zone 43 N) to decimal degrees using QGIS,711204,1145280,76.9289091768918,10.3547995515506,tea,1,present,NA
1001,monsoon,Sholayar,sh7,2011-09-29,29/09/2011,12.9,snake,Pitviper,Craspedocephalus,genus,reptilia,UTM,EPSG:32643,Converted from UTM coordinates (grid 43 P of UTM Zone 43 N) to decimal degrees using QGIS,711295,1145369,76.9297448671391,10.3555990613272,tea,1,present,green pit viper
1002,monsoon,Sholayar,sh7,2011-09-29,29/09/2011,12.9,mouse,Mouse,Muridae,family,mammalia,UTM,EPSG:32643,Converted from UTM coordinates (grid 43 P of UTM Zone 43 N) to decimal degrees using QGIS,711301,1145367,76.9297995326772,10.3555806544075,tea,1,present,NA
1003,monsoon,Sholayar,sh7,2011-09-29,29/09/2011,12.9,shield tail,Shieldtail,Uropeltidae,family,reptilia,UTM,EPSG:32643,Converted from UTM coordinates (grid 43 P of UTM Zone 43 N) to decimal degrees using QGIS,706734,1140596,76.8878476947856,10.3127007802337,tea,1,present,NA
1004,monsoon,Sholayar,sh7,2011-09-29,29/09/2011,12.9,shield tail,Shieldtail,Uropeltidae,family,reptilia,UTM,EPSG:32643,Converted from UTM coordinates (grid 43 P of UTM Zone 43 N) to decimal degrees using QGIS,707505,1142720,76.89500057608,10.3318593062873,tea,1,present,NA
1005,monsoon,Sholayar,sh7,2011-09-29,29/09/2011,12.9,snail,Snail,Gastropoda,class,mollusca,UTM,EPSG:32643,Converted from UTM coordinates (grid 43 P of UTM Zone 43 N) to decimal degrees using QGIS,707537,1141018,76.8952005591573,10.3164725019062,tea,1,present,NA
1006,monsoon,Sholayar,sh7,2011-09-29,29/09/2011,12.9,snail,Snail,Gastropoda,class,mollusca,UTM,EPSG:32643,Converted from UTM coordinates (grid 43 P of UTM Zone 43 N) to decimal degrees using QGIS,708090,1143759,76.9003974162979,10.3412198019013,tea,1,present,NA
1007,monsoon,Sholayar,sh7,2011-09-29,29/09/2011,12.9,stick insect,Stick insect,Phasmida,order,insecta,UTM,EPSG:32643,Converted from UTM coordinates (grid 43 P of UTM Zone 43 N) to decimal degrees using QGIS,707390,1140979,76.8938565742121,10.3161278356921,tea,1,present,NA
1008,monsoon,Sholayar,sh7,2011-09-29,29/09/2011,12.9,toad,Toad,Anura,order,amphibia,UTM,EPSG:32643,Converted from UTM coordinates (grid 43 P of UTM Zone 43 N) to decimal degrees using QGIS,707537,1141018,76.8952005591573,10.3164725019062,tea,1,present,NA
1009,monsoon,Sholayar,sh7,2011-09-29,29/09/2011,12.9,toad,Toad,Anura,order,amphibia,UTM,EPSG:32643,Converted from UTM coordinates (grid 43 P of UTM Zone 43 N) to decimal degrees using QGIS,708089,1143758,76.9003882328266,10.3412108163615,tea,1,present,NA
1010,monsoon,Sholayar,sh7,2011-09-29,29/09/2011,12.9,toad,Toad,Anura,order,amphibia,UTM,EPSG:32643,Converted from UTM coordinates (grid 43 P of UTM Zone 43 N) to decimal degrees using QGIS,711089,1145145,76.9278518466897,10.353585546844,tea,1,present,NA
1011,monsoon,Sholayar,sh8,2011-10-07,07/10/2011,12.9,beetle,Beetle,Coleoptera,order,insecta,UTM,EPSG:32643,Converted from UTM coordinates (grid 43 P of UTM Zone 43 N) to decimal degrees using QGIS,706581,1139957,76.8864166746208,10.3069327160634,tea,1,present,NA
1012,monsoon,Sholayar,sh8,2011-10-07,07/10/2011,12.9,earthworm,Earthworm,Annelida,phylum,annelida,UTM,EPSG:32643,Converted from UTM coordinates (grid 43 P of UTM Zone 43 N) to decimal degrees using QGIS,706799,1140439,76.8884325781101,10.3112781174721,tea,1,present,NA
1013,monsoon,Sholayar,sh8,2011-10-07,07/10/2011,12.9,earthworm,Earthworm,Annelida,phylum,annelida,UTM,EPSG:32643,Converted from UTM coordinates (grid 43 P of UTM Zone 43 N) to decimal degrees using QGIS,706745,1140508,76.8879433664343,10.3119047208336,tea,1,present,NA
1014,monsoon,Sholayar,sh8,2011-10-07,07/10/2011,12.9,frog,Frog,Anura,order,amphibia,UTM,EPSG:32643,Converted from UTM coordinates (grid 43 P of UTM Zone 43 N) to decimal degrees using QGIS,706249,1139438,76.8833582487372,10.3022588920341,tea,1,present,NA
1015,monsoon,Sholayar,sh8,2011-10-07,07/10/2011,12.9,frog,Frog,Anura,order,amphibia,UTM,EPSG:32643,Converted from UTM coordinates (grid 43 P of UTM Zone 43 N) to decimal degrees using QGIS,710438,1144673,76.92188267565,10.3493545595306,tea,1,present,NA
1016,monsoon,Sholayar,sh8,2011-10-07,07/10/2011,12.9,glow worm,Glowworm,Lampyridae,family,insecta,UTM,EPSG:32643,Converted from UTM coordinates (grid 43 P of UTM Zone 43 N) to decimal degrees using QGIS,706394,1139733,76.8846976663909,10.3049178289268,tea,1,present,NA
1017,monsoon,Sholayar,sh8,2011-10-07,07/10/2011,12.9,glow worm,Glowworm,Lampyridae,family,insecta,UTM,EPSG:32643,Converted from UTM coordinates (grid 43 P of UTM Zone 43 N) to decimal degrees using QGIS,707526,1141016,76.8951000384621,10.3164550122789,tea,1,present,NA
1018,monsoon,Sholayar,sh8,2011-10-07,07/10/2011,12.9,glow worm,Glowworm,Lampyridae,family,insecta,UTM,EPSG:32643,Converted from UTM coordinates (grid 43 P of UTM Zone 43 N) to decimal degrees using QGIS,708522,1143479,76.9043259266172,10.3386654976793,tea,1,present,NA
1019,monsoon,Sholayar,sh8,2011-10-07,07/10/2011,12.9,mouse,Mouse,Muridae,family,mammalia,UTM,EPSG:32643,Converted from UTM coordinates (grid 43 P of UTM Zone 43 N) to decimal degrees using QGIS,711305,1145371,76.9298362712747,10.3556165922756,tea,1,present,NA
1020,monsoon,Sholayar,sh8,2011-10-07,07/10/2011,12.9,millipede,Millipede,Diplopoda,class,diplopoda,UTM,EPSG:32643,Converted from UTM coordinates (grid 43 P of UTM Zone 43 N) to decimal degrees using QGIS,710144,1144444,76.9191860999562,10.3473005744803,tea,1,present,NA
1021,monsoon,Sholayar,sh8,2011-10-07,07/10/2011,12.9,millipede,Millipede,Diplopoda,class,diplopoda,UTM,EPSG:32643,Converted from UTM coordinates (grid 43 P of UTM Zone 43 N) to decimal degrees using QGIS,710408,1144594,76.9216044522325,10.3486420923308,tea,1,present,NA
1022,monsoon,Sholayar,sh8,2011-10-07,07/10/2011,12.9,shield tail,Shieldtail,Uropeltidae,family,reptilia,UTM,EPSG:32643,Converted from UTM coordinates (grid 43 P of UTM Zone 43 N) to decimal degrees using QGIS,710427,1144552,76.9217755958838,10.3482614081139,tea,1,present,NA
1023,monsoon,Sholayar,sh8,2011-10-07,07/10/2011,12.9,shield tail,Shieldtail,Uropeltidae,family,reptilia,UTM,EPSG:32643,Converted from UTM coordinates (grid 43 P of UTM Zone 43 N) to decimal degrees using QGIS,710933,1145166,76.9264288331725,10.3537838981699,tea,1,present,NA
1024,monsoon,Sholayar,sh8,2011-10-07,07/10/2011,12.9,skink,Skink,Scincidae,family,reptilia,UTM,EPSG:32643,Converted from UTM coordinates (grid 43 P of UTM Zone 43 N) to decimal degrees using QGIS,709375,1143592,76.9121191277264,10.3396408370015,tea,1,present,NA
1025,monsoon,Sholayar,sh9,2011-10-18,18/10/2011,12.9,caecilian,Caecilian,Gymnophiona,order,amphibia,UTM,EPSG:32643,Converted from UTM coordinates (grid 43 P of UTM Zone 43 N) to decimal degrees using QGIS,706064,1139413,76.8816682153675,10.3020427346284,tea,1,present,NA
1026,monsoon,Sholayar,sh9,2011-10-18,18/10/2011,12.9,earthworm,Earthworm,Annelida,phylum,annelida,UTM,EPSG:32643,Converted from UTM coordinates (grid 43 P of UTM Zone 43 N) to decimal degrees using QGIS,711246,1145307,76.9292941014235,10.3550413120385,tea,4,present,NA
1027,monsoon,Sholayar,sh9,2011-10-18,18/10/2011,12.9,frog,Frog,Anura,order,amphibia,UTM,EPSG:32643,Converted from UTM coordinates (grid 43 P of UTM Zone 43 N) to decimal degrees using QGIS,706500,1139847,76.8856713771839,10.3059426875842,tea,1,present,NA
1028,monsoon,Sholayar,sh9,2011-10-18,18/10/2011,12.9,frog,Frog,Anura,order,amphibia,UTM,EPSG:32643,Converted from UTM coordinates (grid 43 P of UTM Zone 43 N) to decimal degrees using QGIS,706734,1140596,76.8878476947856,10.3127007802337,tea,1,present,NA
1029,monsoon,Sholayar,sh9,2011-10-18,18/10/2011,12.9,frog,Frog,Anura,order,amphibia,UTM,EPSG:32643,Converted from UTM coordinates (grid 43 P of UTM Zone 43 N) to decimal degrees using QGIS,711244,1145306,76.9292757874649,10.3550323822814,tea,1,present,NA
1030,monsoon,Sholayar,sh9,2011-10-18,18/10/2011,12.9,grasshopper,Grasshopper,Orthoptera,order,insecta,UTM,EPSG:32643,Converted from UTM coordinates (grid 43 P of UTM Zone 43 N) to decimal degrees using QGIS,707531,1143214,76.8952646960341,10.3363233808204,tea,1,present,NA
1031,monsoon,Sholayar,sh9,2011-10-18,18/10/2011,12.9,millipede,Millipede,Diplopoda,class,diplopoda,UTM,EPSG:32643,Converted from UTM coordinates (grid 43 P of UTM Zone 43 N) to decimal degrees using QGIS,707501,1142688,76.8949623272587,10.3315702595874,tea,1,present,NA
1032,monsoon,Sholayar,sh9,2011-10-18,18/10/2011,12.9,mouse,Mouse,Muridae,family,mammalia,UTM,EPSG:32643,Converted from UTM coordinates (grid 43 P of UTM Zone 43 N) to decimal degrees using QGIS,711295,1145372,76.9297450330184,10.3556261789768,tea,1,present,NA
1033,monsoon,Sholayar,sh9,2011-10-18,18/10/2011,12.9,shield tail,Shieldtail,Uropeltidae,family,reptilia,UTM,EPSG:32643,Converted from UTM coordinates (grid 43 P of UTM Zone 43 N) to decimal degrees using QGIS,707504,1142618,76.8949859221054,10.3309373396646,tea,1,present,NA
1034,monsoon,Sholayar,sh9,2011-10-18,18/10/2011,12.9,shield tail,Shieldtail,Uropeltidae,family,reptilia,UTM,EPSG:32643,Converted from UTM coordinates (grid 43 P of UTM Zone 43 N) to decimal degrees using QGIS,711247,1145308,76.9293032860418,10.3550502965262,tea,1,present,NA
1035,monsoon,Sholayar,sh9,2011-10-18,18/10/2011,12.9,toad,Toad,Anura,order,amphibia,UTM,EPSG:32643,Converted from UTM coordinates (grid 43 P of UTM Zone 43 N) to decimal degrees using QGIS,706160,1139424,76.8825450997018,10.3021370692693,tea,1,present,NA
1036,monsoon,Sholayar,sh9,2011-10-18,18/10/2011,12.9,toad,Toad,Anura,order,amphibia,UTM,EPSG:32643,Converted from UTM coordinates (grid 43 P of UTM Zone 43 N) to decimal degrees using QGIS,707511,1142665,76.8950523698115,10.33136181668,tea,1,present,NA
1037,monsoon,Sholayar,sh9,2011-10-18,18/10/2011,12.9,toad,Toad,Anura,order,amphibia,UTM,EPSG:32643,Converted from UTM coordinates (grid 43 P of UTM Zone 43 N) to decimal degrees using QGIS,711244,1145306,76.9292757874649,10.3550323822814,tea,1,present,NA
1038,monsoon,Sholayar,sh9,2011-10-18,18/10/2011,12.9,toad,Toad,Anura,order,amphibia,UTM,EPSG:32643,Converted from UTM coordinates (grid 43 P of UTM Zone 43 N) to decimal degrees using QGIS,711247,1145308,76.9293032860418,10.3550502965262,tea,1,present,NA
1039,monsoon,Sholayar,sh10,2011-10-29,29/10/2011,12.9,bat,Horseshoe bats,Rhinolophus sp.,genus,mammalia,UTM,EPSG:32643,Converted from UTM coordinates (grid 43 P of UTM Zone 43 N) to decimal degrees using QGIS,707567,1143104,76.8955873763989,10.3353271135652,tea,1,present,RHINOLOPUS
1040,monsoon,Sholayar,sh10,2011-10-29,29/10/2011,12.9,black naped hare,Black-naped hare,Lepus nigricollis,species,mammalia,UTM,EPSG:32643,Converted from UTM coordinates (grid 43 P of UTM Zone 43 N) to decimal degrees using QGIS,707603,1143361,76.8959299536351,10.3376483086148,tea,1,present,NA
1041,monsoon,Sholayar,sh10,2011-10-29,29/10/2011,12.9,caecilian,Caecilian,Gymnophiona,order,amphibia,UTM,EPSG:32643,Converted from UTM coordinates (grid 43 P of UTM Zone 43 N) to decimal degrees using QGIS,707707,1143569,76.8968906573229,10.3395229181159,tea,1,present,NA
1042,monsoon,Sholayar,sh10,2011-10-29,29/10/2011,12.9,earthworm,Earthworm,Annelida,phylum,annelida,UTM,EPSG:32643,Converted from UTM coordinates (grid 43 P of UTM Zone 43 N) to decimal degrees using QGIS,707793,1143707,76.8976832490586,10.3407657326959,tea,1,present,NA
1043,monsoon,Sholayar,sh10,2011-10-29,29/10/2011,12.9,earthworm,Earthworm,Annelida,phylum,annelida,UTM,EPSG:32643,Converted from UTM coordinates (grid 43 P of UTM Zone 43 N) to decimal degrees using QGIS,707566,1143110,76.8955785726824,10.3353814036935,tea,1,present,NA
1044,monsoon,Sholayar,sh10,2011-10-29,29/10/2011,12.9,millipede,Millipede,Diplopoda,class,diplopoda,UTM,EPSG:32643,Converted from UTM coordinates (grid 43 P of UTM Zone 43 N) to decimal degrees using QGIS,708010,1143766,76.8996674689105,10.3412873840277,tea,1,present,NA
1045,monsoon,Sholayar,sh10,2011-10-29,29/10/2011,12.9,mouse,Mouse,Muridae,family,mammalia,UTM,EPSG:32643,Converted from UTM coordinates (grid 43 P of UTM Zone 43 N) to decimal degrees using QGIS,707510,1142735,76.8950470329382,10.3319946292906,tea,1,present,NA
1046,monsoon,Sholayar,sh10,2011-10-29,29/10/2011,12.9,shield tail,Shieldtail,Uropeltidae,family,reptilia,UTM,EPSG:32643,Converted from UTM coordinates (grid 43 P of UTM Zone 43 N) to decimal degrees using QGIS,710723,1144989,76.9245019170377,10.3521954210764,tea,1,present,NA
1047,monsoon,Sholayar,sh10,2011-10-29,29/10/2011,12.9,shield tail,Shieldtail,Uropeltidae,family,reptilia,UTM,EPSG:32643,Converted from UTM coordinates (grid 43 P of UTM Zone 43 N) to decimal degrees using QGIS,708006,1143765,76.8996308981478,10.3412785599231,tea,1,present,NA
1048,monsoon,Sholayar,sh10,2011-10-29,29/10/2011,12.9,shield tail,Shieldtail,Uropeltidae,family,reptilia,UTM,EPSG:32643,Converted from UTM coordinates (grid 43 P of UTM Zone 43 N) to decimal degrees using QGIS,707627,1143311,76.8961463383652,10.3371950495941,tea,1,present,NA
1049,monsoon,Sholayar,sh10,2011-10-29,29/10/2011,12.9,shield tail,Shieldtail,Uropeltidae,family,reptilia,UTM,EPSG:32643,Converted from UTM coordinates (grid 43 P of UTM Zone 43 N) to decimal degrees using QGIS,707560,1143010,76.8955183787635,10.3344777847782,tea,1,present,NA
1050,monsoon,Sholayar,sh10,2011-10-29,29/10/2011,12.9,shield tail,Shieldtail,Uropeltidae,family,reptilia,UTM,EPSG:32643,Converted from UTM coordinates (grid 43 P of UTM Zone 43 N) to decimal degrees using QGIS,707787,1141798,76.8975249193145,10.3235098400499,tea,1,present,NA
1051,monsoon,Sholayar,sh10,2011-10-29,29/10/2011,12.9,snail,Snail,Gastropoda,class,mollusca,UTM,EPSG:32643,Converted from UTM coordinates (grid 43 P of UTM Zone 43 N) to decimal degrees using QGIS,707680,1143522,76.8966416224186,10.3390995169489,tea,1,present,NA
1052,monsoon,Sholayar,sh10,2011-10-29,29/10/2011,12.9,toad,Toad,Anura,order,amphibia,UTM,EPSG:32643,Converted from UTM coordinates (grid 43 P of UTM Zone 43 N) to decimal degrees using QGIS,710628,1144903,76.9236298964087,10.351423229458,tea,1,present,NA
1053,monsoon,Sholayar,sh10,2011-10-29,29/10/2011,12.9,toad,Toad,Anura,order,amphibia,UTM,EPSG:32643,Converted from UTM coordinates (grid 43 P of UTM Zone 43 N) to decimal degrees using QGIS,708010,1143766,76.8996674689105,10.3412873840277,tea,1,present,NA
1054,monsoon,Sholayar,sh10,2011-10-29,29/10/2011,12.9,toad,Toad,Anura,order,amphibia,UTM,EPSG:32643,Converted from UTM coordinates (grid 43 P of UTM Zone 43 N) to decimal degrees using QGIS,707681,1143523,76.8966508057303,10.3391085026265,tea,1,present,NA
1055,monsoon,Azhiyar,az1,2011-11-04,04/11/2011,5.1,centipede,Centipede,Chilopoda,class,chilopoda,UTM,EPSG:32643,Converted from UTM coordinates (grid 43 P of UTM Zone 43 N) to decimal degrees using QGIS,715816,1156345,76.9716411451744,10.4545605757525,forest,1,present,NA
1056,monsoon,Azhiyar,az1,2011-11-04,04/11/2011,5.1,centipede,Centipede,Chilopoda,class,chilopoda,UTM,EPSG:32643,Converted from UTM coordinates (grid 43 P of UTM Zone 43 N) to decimal degrees using QGIS,715786,1156647,76.9713844125954,10.4572920279186,forest,1,present,NA
1057,monsoon,Azhiyar,az1,2011-11-04,04/11/2011,5.1,centipede,Centipede,Chilopoda,class,chilopoda,UTM,EPSG:32643,Converted from UTM coordinates (grid 43 P of UTM Zone 43 N) to decimal degrees using QGIS,715288,1157469,76.9668834350241,10.4647501404319,forest,1,present,NA
1058,monsoon,Azhiyar,az1,2011-11-04,04/11/2011,5.1,millipede,Millipede,Diplopoda,class,diplopoda,UTM,EPSG:32643,Converted from UTM coordinates (grid 43 P of UTM Zone 43 N) to decimal degrees using QGIS,715929,1156175,76.9726633592393,10.4530175757506,forest,1,present,NA
1059,monsoon,Azhiyar,az1,2011-11-04,04/11/2011,5.1,millipede,Millipede,Diplopoda,class,diplopoda,UTM,EPSG:32643,Converted from UTM coordinates (grid 43 P of UTM Zone 43 N) to decimal degrees using QGIS,715275,1157492,76.9667660248732,10.4649587693384,forest,1,present,NA
1060,monsoon,Azhiyar,az1,2011-11-04,04/11/2011,5.1,snake,Pitviper,Craspedocephalus,genus,reptilia,UTM,EPSG:32643,Converted from UTM coordinates (grid 43 P of UTM Zone 43 N) to decimal degrees using QGIS,715551,1156331,76.9692203649054,10.4544489841442,forest,1,present,GREEN1 pit viper
1061,monsoon,Azhiyar,az1,2011-11-04,04/11/2011,5.1,snake,Indian rock python,Python molurus,species,reptilia,UTM,EPSG:32643,Converted from UTM coordinates (grid 43 P of UTM Zone 43 N) to decimal degrees using QGIS,715254,1157611,76.9665810240047,10.4660355889868,forest,1,present,SMALL python
1062,monsoon,Azhiyar,az1,2011-11-04,04/11/2011,5.1,snake,Snake,Squamata,order,reptilia,UTM,EPSG:32643,Converted from UTM coordinates (grid 43 P of UTM Zone 43 N) to decimal degrees using QGIS,716127,1156106,76.9744675437484,10.4523827012224,forest,1,present,NA
1063,monsoon,Azhiyar,az1,2011-11-04,04/11/2011,5.1,toad,Toad,Anura,order,amphibia,UTM,EPSG:32643,Converted from UTM coordinates (grid 43 P of UTM Zone 43 N) to decimal degrees using QGIS,715929,1156175,76.9726633592393,10.4530175757506,forest,1,present,NA
1064,monsoon,Azhiyar,az2,2011-11-07,07/11/2011,5.1,centipede,Centipede,Chilopoda,class,chilopoda,UTM,EPSG:32643,Converted from UTM coordinates (grid 43 P of UTM Zone 43 N) to decimal degrees using QGIS,715643,1156304,76.9700589709503,10.4541997433633,forest,1,present,NA
1065,monsoon,Azhiyar,az2,2011-11-07,07/11/2011,5.1,earthworm,Earthworm,Annelida,phylum,annelida,UTM,EPSG:32643,Converted from UTM coordinates (grid 43 P of UTM Zone 43 N) to decimal degrees using QGIS,716620,1156401,76.9789864652133,10.4550212727715,forest,1,present,NA
1066,monsoon,Azhiyar,az2,2011-11-07,07/11/2011,5.1,frog,Frog,Anura,order,amphibia,UTM,EPSG:32643,Converted from UTM coordinates (grid 43 P of UTM Zone 43 N) to decimal degrees using QGIS,716037,1156127,76.9736468693151,10.4525776055299,forest,2,present,NA
1067,monsoon,Azhiyar,az2,2011-11-07,07/11/2011,5.1,millipede,Millipede,Diplopoda,class,diplopoda,UTM,EPSG:32643,Converted from UTM coordinates (grid 43 P of UTM Zone 43 N) to decimal degrees using QGIS,716118,1156105,76.9743852993204,10.4523741710861,forest,2,present,NA
1068,monsoon,Azhiyar,az2,2011-11-07,07/11/2011,5.1,shield tail,Shieldtail,Uropeltidae,family,reptilia,UTM,EPSG:32643,Converted from UTM coordinates (grid 43 P of UTM Zone 43 N) to decimal degrees using QGIS,715782,1156649,76.9713479983613,10.4573103316682,forest,1,present,NA
1069,monsoon,Azhiyar,az2,2011-11-07,07/11/2011,5.1,snake,Snake,Squamata,order,reptilia,UTM,EPSG:32643,Converted from UTM coordinates (grid 43 P of UTM Zone 43 N) to decimal degrees using QGIS,715462,1157004,76.9684459551658,10.4605372156556,forest,1,present,NA
1070,monsoon,Azhiyar,az2,2011-11-07,07/11/2011,5.1,toad,Toad,Anura,order,amphibia,UTM,EPSG:32643,Converted from UTM coordinates (grid 43 P of UTM Zone 43 N) to decimal degrees using QGIS,715849,1156264,76.9719378800766,10.453826558748,forest,1,present,NA
1071,monsoon,Azhiyar,az2,2011-11-07,07/11/2011,5.1,toad,Toad,Anura,order,amphibia,UTM,EPSG:32643,Converted from UTM coordinates (grid 43 P of UTM Zone 43 N) to decimal degrees using QGIS,715613,1156727,76.9698091219705,10.4580249088547,forest,2,present,NA
1072,monsoon,Azhiyar,az2,2011-11-07,07/11/2011,5.1,toad,Toad,Anura,order,amphibia,UTM,EPSG:32643,Converted from UTM coordinates (grid 43 P of UTM Zone 43 N) to decimal degrees using QGIS,715594,1156850,76.9696426239416,10.4591377709593,forest,1,present,NA
1073,monsoon,Azhiyar,az3,2011-11-10,10/11/2011,5.1,millipede,Millipede,Diplopoda,class,diplopoda,UTM,EPSG:32643,Converted from UTM coordinates (grid 43 P of UTM Zone 43 N) to decimal degrees using QGIS,716091,1156105,76.9741387373543,10.4523756973109,forest,1,present,NA
1074,monsoon,Azhiyar,az3,2011-11-10,10/11/2011,5.1,millipede,Millipede,Diplopoda,class,diplopoda,UTM,EPSG:32643,Converted from UTM coordinates (grid 43 P of UTM Zone 43 N) to decimal degrees using QGIS,715316,1157045,76.967114988974,10.4609160450155,forest,5,present,NA
1075,monsoon,Azhiyar,az3,2011-11-10,10/11/2011,5.1,skink,Skink,Scincidae,family,reptilia,UTM,EPSG:32643,Converted from UTM coordinates (grid 43 P of UTM Zone 43 N) to decimal degrees using QGIS,715862,1156264,76.9720565958112,10.453825824641,forest,1,present,NA
1076,monsoon,Azhiyar,az3,2011-11-10,10/11/2011,5.1,snake,Snake,Squamata,order,reptilia,UTM,EPSG:32643,Converted from UTM coordinates (grid 43 P of UTM Zone 43 N) to decimal degrees using QGIS,716532,1156299,76.9781770132686,10.4541042916168,forest,1,present,NA
1077,monsoon,Azhiyar,az3,2011-11-10,10/11/2011,5.1,toad,Toad,Anura,order,amphibia,UTM,EPSG:32643,Converted from UTM coordinates (grid 43 P of UTM Zone 43 N) to decimal degrees using QGIS,716118,1156105,76.9743852993204,10.4523741710861,forest,1,present,NA
1078,monsoon,Azhiyar,az3,2011-11-10,10/11/2011,5.1,toad,Toad,Anura,order,amphibia,UTM,EPSG:32643,Converted from UTM coordinates (grid 43 P of UTM Zone 43 N) to decimal degrees using QGIS,715597,1156770,76.9696654594818,10.4584144862462,forest,2,present,NA
1079,monsoon,Azhiyar,az4,2011-11-15,15/11/2011,5.1,caterpillar,Caterpillar,Lepidoptera,order,insecta,UTM,EPSG:32643,Converted from UTM coordinates (grid 43 P of UTM Zone 43 N) to decimal degrees using QGIS,715199,1157697,76.966083641481,10.4668160398632,forest,1,present,NA
1080,monsoon,Azhiyar,az4,2011-11-15,15/11/2011,5.1,centipede,Centipede,Chilopoda,class,chilopoda,UTM,EPSG:32643,Converted from UTM coordinates (grid 43 P of UTM Zone 43 N) to decimal degrees using QGIS,714927,1157814,76.9636062843152,10.4678889223328,forest,1,present,NA
1081,monsoon,Azhiyar,az4,2011-11-15,15/11/2011,5.1,centipede,Centipede,Chilopoda,class,chilopoda,UTM,EPSG:32643,Converted from UTM coordinates (grid 43 P of UTM Zone 43 N) to decimal degrees using QGIS,714769,1157882,76.9621672241899,10.4685124656776,forest,1,present,NA
1082,monsoon,Azhiyar,az4,2011-11-15,15/11/2011,5.1,centipede,Centipede,Chilopoda,class,chilopoda,UTM,EPSG:32643,Converted from UTM coordinates (grid 43 P of UTM Zone 43 N) to decimal degrees using QGIS,714591,1157897,76.9605424969545,10.468658061757,forest,2,present,NA
1083,monsoon,Azhiyar,az4,2011-11-15,15/11/2011,5.1,grasshopper,Grasshopper,Orthoptera,order,insecta,UTM,EPSG:32643,Converted from UTM coordinates (grid 43 P of UTM Zone 43 N) to decimal degrees using QGIS,714212,1157980,76.9570859911486,10.4694295880322,forest,1,present,NA
1084,monsoon,Azhiyar,az4,2011-11-15,15/11/2011,5.1,millipede,Millipede,Diplopoda,class,diplopoda,UTM,EPSG:32643,Converted from UTM coordinates (grid 43 P of UTM Zone 43 N) to decimal degrees using QGIS,715347,1157034,76.9673974610452,10.4608148689956,forest,1,present,NA
1085,monsoon,Azhiyar,az4,2011-11-15,15/11/2011,5.1,millipede,Millipede,Diplopoda,class,diplopoda,UTM,EPSG:32643,Converted from UTM coordinates (grid 43 P of UTM Zone 43 N) to decimal degrees using QGIS,715253,1157591,76.9665707524065,10.4658548662547,forest,1,present,NA
1086,monsoon,Azhiyar,az4,2011-11-15,15/11/2011,5.1,snake,Snake,Squamata,order,reptilia,UTM,EPSG:32643,Converted from UTM coordinates (grid 43 P of UTM Zone 43 N) to decimal degrees using QGIS,714312,1157928,76.9579962926481,10.4689539461446,forest,1,present,NA
1087,monsoon,Azhiyar,az4,2011-11-15,15/11/2011,5.1,toad,Toad,Anura,order,amphibia,UTM,EPSG:32643,Converted from UTM coordinates (grid 43 P of UTM Zone 43 N) to decimal degrees using QGIS,715499,1156992,76.9687831624147,10.4604266611741,forest,1,present,NA
1088,monsoon,Azhiyar,az5,2011-11-18,18/11/2011,5.1,agamid,Agamid lizards,Agamidae,family,reptilia,UTM,EPSG:32643,Converted from UTM coordinates (grid 43 P of UTM Zone 43 N) to decimal degrees using QGIS,714737,1157875,76.9618745874648,10.4684509932103,forest,1,present,NA
1089,monsoon,Azhiyar,az5,2011-11-18,18/11/2011,5.1,calotes,Calotes,Calotes grandisquamis,species,reptilia,UTM,EPSG:32643,Converted from UTM coordinates (grid 43 P of UTM Zone 43 N) to decimal degrees using QGIS,716722,1156353,76.9799151767708,10.45458162377,forest,1,present,green grandisquamis
1090,monsoon,Azhiyar,az5,2011-11-18,18/11/2011,5.1,calotes,Calotes,Calotes,genus,reptilia,UTM,EPSG:32643,Converted from UTM coordinates (grid 43 P of UTM Zone 43 N) to decimal degrees using QGIS,714764,1157879,76.9621213913327,10.4684856300712,forest,1,present,NA
1091,monsoon,Azhiyar,az5,2011-11-18,18/11/2011,5.1,millipede,Millipede,Diplopoda,class,diplopoda,UTM,EPSG:32643,Converted from UTM coordinates (grid 43 P of UTM Zone 43 N) to decimal degrees using QGIS,715551,1156331,76.9692203649054,10.4544489841442,forest,1,present,NA
1092,monsoon,Azhiyar,az5,2011-11-18,18/11/2011,5.1,snake,Pitviper,Craspedocephalus,genus,reptilia,UTM,EPSG:32643,Converted from UTM coordinates (grid 43 P of UTM Zone 43 N) to decimal degrees using QGIS,715253,1157557,76.9665688157602,10.4655475417597,forest,1,present,pit viper brown
1093,monsoon,Azhiyar,az5,2011-11-18,18/11/2011,5.1,toad,Toad,Anura,order,amphibia,UTM,EPSG:32643,Converted from UTM coordinates (grid 43 P of UTM Zone 43 N) to decimal degrees using QGIS,715550,1156327,76.9692110049968,10.4544128847469,forest,1,present,NA
1094,monsoon,Azhiyar,az6,2011-11-22,22/11/2011,5.1,calotes,Calotes,Calotes versicolor,species,reptilia,UTM,EPSG:32643,Converted from UTM coordinates (grid 43 P of UTM Zone 43 N) to decimal degrees using QGIS,715584,1156411,76.9695262801112,10.4551702386752,forest,1,present,versi
1095,monsoon,Azhiyar,az6,2011-11-22,22/11/2011,5.1,mouse,Mouse,Muridae,family,mammalia,UTM,EPSG:32643,Converted from UTM coordinates (grid 43 P of UTM Zone 43 N) to decimal degrees using QGIS,716685,1156365,76.9795779815929,10.4546921881987,forest,1,present,NA
1096,monsoon,Azhiyar,az6,2011-11-22,22/11/2011,5.1,pill millipede,Pill millipede,Diplopoda,class,diplopoda,UTM,EPSG:32643,Converted from UTM coordinates (grid 43 P of UTM Zone 43 N) to decimal degrees using QGIS,716246,1156137,76.9755560138526,10.4526561783116,forest,1,present,NA
1097,monsoon,Azhiyar,az6,2011-11-22,22/11/2011,5.1,snake,Pitviper,Craspedocephalus,genus,reptilia,UTM,EPSG:32643,Converted from UTM coordinates (grid 43 P of UTM Zone 43 N) to decimal degrees using QGIS,715855,1156263,76.9719926149043,10.453817181002,forest,1,present,pit viper brown
1098,monsoon,Azhiyar,az6,2011-11-22,22/11/2011,5.1,snake,Pitviper,Craspedocephalus,genus,reptilia,UTM,EPSG:32643,Converted from UTM coordinates (grid 43 P of UTM Zone 43 N) to decimal degrees using QGIS,714989,1157788,76.9641710158506,10.4676504178035,forest,1,present,pit viper green
1099,monsoon,Azhiyar,az6,2011-11-22,22/11/2011,5.1,snake,Snake,Squamata,order,reptilia,UTM,EPSG:32643,Converted from UTM coordinates (grid 43 P of UTM Zone 43 N) to decimal degrees using QGIS,716394,1156176,76.9769097686017,10.4530003211296,forest,1,present,NA
1100,monsoon,Azhiyar,az6,2011-11-22,22/11/2011,5.1,snake,Green vine snake,Ahaetulla,genus,reptilia,UTM,EPSG:32643,Converted from UTM coordinates (grid 43 P of UTM Zone 43 N) to decimal degrees using QGIS,714880,1157846,76.9631788797179,10.4681808154798,forest,1,present,green vine snake
1101,monsoon,Azhiyar,az6,2011-11-22,22/11/2011,5.1,toad,Toad,Anura,order,amphibia,UTM,EPSG:32643,Converted from UTM coordinates (grid 43 P of UTM Zone 43 N) to decimal degrees using QGIS,715857,1156262,76.9720108218115,10.4538080291296,forest,1,present,NA
1102,monsoon,Azhiyar,az7,2011-11-25,25/11/2011,5.1,centipede,Centipede,Chilopoda,class,chilopoda,UTM,EPSG:32643,Converted from UTM coordinates (grid 43 P of UTM Zone 43 N) to decimal degrees using QGIS,714645,1157889,76.9610351960717,10.46858271359,forest,1,present,NA
1103,monsoon,Azhiyar,az7,2011-11-25,25/11/2011,5.1,snake,Pitviper,Craspedocephalus,genus,reptilia,UTM,EPSG:32643,Converted from UTM coordinates (grid 43 P of UTM Zone 43 N) to decimal degrees using QGIS,715533,1156976,76.9690927447973,10.460280119863,forest,1,present,pit viper brown
1104,monsoon,Azhiyar,az7,2011-11-25,25/11/2011,5.1,snake,Pitviper,Craspedocephalus,genus,reptilia,UTM,EPSG:32643,Converted from UTM coordinates (grid 43 P of UTM Zone 43 N) to decimal degrees using QGIS,714601,1157897,76.9606338217152,10.468657499538,forest,1,present,green pit viper
1105,monsoon,Azhiyar,az7,2011-11-25,25/11/2011,5.1,snake,Snake,Squamata,order,reptilia,UTM,EPSG:32643,Converted from UTM coordinates (grid 43 P of UTM Zone 43 N) to decimal degrees using QGIS,714722,1157875,76.9617376005147,10.4684518370461,forest,1,present,NA
1106,monsoon,Azhiyar,az7,2011-11-25,25/11/2011,5.1,toad,Toad,Anura,order,amphibia,UTM,EPSG:32643,Converted from UTM coordinates (grid 43 P of UTM Zone 43 N) to decimal degrees using QGIS,715597,1156772,76.9696655735003,10.4584325641321,forest,2,present,NA
1107,monsoon,Azhiyar,az8,2011-11-29,29/11/2011,5.1,millipede,Millipede,Diplopoda,class,diplopoda,UTM,EPSG:32643,Converted from UTM coordinates (grid 43 P of UTM Zone 43 N) to decimal degrees using QGIS,715763,1156345,76.9711571489419,10.4545635679511,forest,1,present,NA
1108,monsoon,Azhiyar,az8,2011-11-29,29/11/2011,5.1,millipede,Millipede,Diplopoda,class,diplopoda,UTM,EPSG:32643,Converted from UTM coordinates (grid 43 P of UTM Zone 43 N) to decimal degrees using QGIS,715260,1157111,76.9666073427173,10.4615157724339,forest,1,present,NA
1109,monsoon,Azhiyar,az8,2011-11-29,29/11/2011,5.1,shield tail,Shieldtail,Uropeltidae,family,reptilia,UTM,EPSG:32643,Converted from UTM coordinates (grid 43 P of UTM Zone 43 N) to decimal degrees using QGIS,715323,1157042,76.9671787436155,10.4608885335694,forest,1,present,NA
1110,monsoon,Azhiyar,az8,2011-11-29,29/11/2011,5.1,snake,Pitviper,Craspedocephalus,genus,reptilia,UTM,EPSG:32643,Converted from UTM coordinates (grid 43 P of UTM Zone 43 N) to decimal degrees using QGIS,715591,1156863,76.9696159686555,10.4592554465065,forest,1,present,pit viper brown
1111,monsoon,Azhiyar,az8,2011-11-29,29/11/2011,5.1,toad,Toad,Anura,order,amphibia,UTM,EPSG:32643,Converted from UTM coordinates (grid 43 P of UTM Zone 43 N) to decimal degrees using QGIS,715808,1156294,76.9715651800357,10.4541000417728,forest,1,present,NA
1112,monsoon,Azhiyar,az8,2011-11-29,29/11/2011,5.1,toad,Toad,Anura,order,amphibia,UTM,EPSG:32643,Converted from UTM coordinates (grid 43 P of UTM Zone 43 N) to decimal degrees using QGIS,715596,1156842,76.9696604321339,10.4590653465565,forest,1,present,NA
1113,monsoon,Azhiyar,az9,2011-12-12,12/12/2011,5.1,mouse,Mouse,Muridae,family,mammalia,UTM,EPSG:32643,Converted from UTM coordinates (grid 43 P of UTM Zone 43 N) to decimal degrees using QGIS,715761,1156343,76.9711387708696,10.4545456029757,forest,1,present,NA
1114,monsoon,Azhiyar,az9,2011-12-12,12/12/2011,5.1,snake,Pitviper,Craspedocephalus,genus,reptilia,UTM,EPSG:32643,Converted from UTM coordinates (grid 43 P of UTM Zone 43 N) to decimal degrees using QGIS,714886,1157841,76.963233390018,10.4681352828508,forest,1,present,brown pit viper
1115,monsoon,Azhiyar,az9,2011-12-12,12/12/2011,5.1,skink,Skink,Scincidae,family,reptilia,UTM,EPSG:32643,Converted from UTM coordinates (grid 43 P of UTM Zone 43 N) to decimal degrees using QGIS,715905,1156200,76.9724456188732,10.453244904573,forest,1,present,NA
1116,monsoon,Azhiyar,az9,2011-12-12,12/12/2011,5.1,skink,Skink,Scincidae,family,reptilia,UTM,EPSG:32643,Converted from UTM coordinates (grid 43 P of UTM Zone 43 N) to decimal degrees using QGIS,714646,1157889,76.9610443285431,10.4685826573555,forest,1,present,NA
1117,monsoon,Azhiyar,az9,2011-12-12,12/12/2011,5.1,skink,Skink,Scincidae,family,reptilia,UTM,EPSG:32643,Converted from UTM coordinates (grid 43 P of UTM Zone 43 N) to decimal degrees using QGIS,714537,1157903,76.960049683885,10.468715331225,forest,1,present,NA
1118,monsoon,Azhiyar,az9,2011-12-12,12/12/2011,5.1,snake,Snake,Squamata,order,reptilia,UTM,EPSG:32643,Converted from UTM coordinates (grid 43 P of UTM Zone 43 N) to decimal degrees using QGIS,715550,1156324,76.9692108340758,10.4543857679038,forest,1,present,NA
1119,monsoon,Azhiyar,az10,2011-12-15,15/12/2011,5.1,centipede,Centipede,Chilopoda,class,chilopoda,UTM,EPSG:32643,Converted from UTM coordinates (grid 43 P of UTM Zone 43 N) to decimal degrees using QGIS,715282,1157070,76.9668059172024,10.461143935296,forest,1,present,NA
1120,monsoon,Azhiyar,az10,2011-12-15,15/12/2011,5.1,centipede,Centipede,Chilopoda,class,chilopoda,UTM,EPSG:32643,Converted from UTM coordinates (grid 43 P of UTM Zone 43 N) to decimal degrees using QGIS,715263,1157520,76.9666580317231,10.465212536628,forest,1,present,NA
1121,monsoon,Azhiyar,az10,2011-12-15,15/12/2011,5.1,mouse,Mouse,Muridae,family,mammalia,UTM,EPSG:32643,Converted from UTM coordinates (grid 43 P of UTM Zone 43 N) to decimal degrees using QGIS,715302,1157052,76.9669875365974,10.4609801068317,forest,1,present,NA
1122,monsoon,Azhiyar,az10,2011-12-15,15/12/2011,5.1,mouse,Mouse,Muridae,family,mammalia,UTM,EPSG:32643,Converted from UTM coordinates (grid 43 P of UTM Zone 43 N) to decimal degrees using QGIS,715231,1157271,76.9663516174249,10.4629636400849,forest,1,present,NA
1123,monsoon,Azhiyar,az10,2011-12-15,15/12/2011,5.1,snake,Pitviper,Craspedocephalus,genus,reptilia,UTM,EPSG:32643,Converted from UTM coordinates (grid 43 P of UTM Zone 43 N) to decimal degrees using QGIS,716341,1156175,76.9764257191544,10.4529942819703,forest,1,present,brown pit viper
1124,monsoon,Azhiyar,az10,2011-12-15,15/12/2011,5.1,toad,Toad,Anura,order,amphibia,UTM,EPSG:32643,Converted from UTM coordinates (grid 43 P of UTM Zone 43 N) to decimal degrees using QGIS,715236,1157296,76.9663987023285,10.4631893322514,forest,1,present,NA
1125,monsoon,Waverly,w1,2011-08-16,16/08/2011,8.5,caecilian,Caecilian,Gymnophiona,order,amphibia,UTM,EPSG:32643,Converted from UTM coordinates (grid 43 P of UTM Zone 43 N) to decimal degrees using QGIS,718905,1149402,76.9994492055287,10.3916285398155,forest_tea,1,present,NA
1126,monsoon,Waverly,w1,2011-08-16,16/08/2011,8.5,earthworm,Earthworm,Annelida,phylum,annelida,UTM,EPSG:32643,Converted from UTM coordinates (grid 43 P of UTM Zone 43 N) to decimal degrees using QGIS,718259,1147067,76.9934174967454,10.3705595272728,forest,1,present,NA
1127,monsoon,Waverly,w1,2011-08-16,16/08/2011,8.5,frog,Frog,Anura,order,amphibia,UTM,EPSG:32643,Converted from UTM coordinates (grid 43 P of UTM Zone 43 N) to decimal degrees using QGIS,718306,1146821,76.9938325073898,10.3683333055877,forest,1,present,NA
1128,monsoon,Waverly,w1,2011-08-16,16/08/2011,8.5,frog,Frog,Anura,order,amphibia,UTM,EPSG:32643,Converted from UTM coordinates (grid 43 P of UTM Zone 43 N) to decimal degrees using QGIS,718281,1147188,76.9936252667781,10.3716519833965,forest,1,present,NA
1129,monsoon,Waverly,w1,2011-08-16,16/08/2011,8.5,millipede,Millipede,Diplopoda,class,diplopoda,UTM,EPSG:32643,Converted from UTM coordinates (grid 43 P of UTM Zone 43 N) to decimal degrees using QGIS,718239,1147234,76.9932444604064,10.3720701499329,forest,1,present,NA
1130,monsoon,Waverly,w1,2011-08-16,16/08/2011,8.5,millipede,Millipede,Diplopoda,class,diplopoda,UTM,EPSG:32643,Converted from UTM coordinates (grid 43 P of UTM Zone 43 N) to decimal degrees using QGIS,718340,1147263,76.9941681976259,10.3723265551483,forest,1,present,NA
1131,monsoon,Waverly,w1,2011-08-16,16/08/2011,8.5,millipede,Millipede,Diplopoda,class,diplopoda,UTM,EPSG:32643,Converted from UTM coordinates (grid 43 P of UTM Zone 43 N) to decimal degrees using QGIS,718795,1149329,76.9984407087549,10.3909749652795,forest,1,present,NA
1132,monsoon,Waverly,w1,2011-08-16,16/08/2011,8.5,pill millipede,Pill millipede,Diplopoda,class,diplopoda,UTM,EPSG:32643,Converted from UTM coordinates (grid 43 P of UTM Zone 43 N) to decimal degrees using QGIS,718472,1149219,76.995485404302,10.3899990538074,forest,1,present,NA
1133,monsoon,Waverly,w1,2011-08-16,16/08/2011,8.5,mouse,Mouse,Muridae,family,mammalia,UTM,EPSG:32643,Converted from UTM coordinates (grid 43 P of UTM Zone 43 N) to decimal degrees using QGIS,718157,1146783,76.9924700583864,10.3679982640708,forest_tea,1,present,NA
1134,monsoon,Waverly,w1,2011-08-16,16/08/2011,8.5,mouse,Mouse,Muridae,family,mammalia,UTM,EPSG:32643,Converted from UTM coordinates (grid 43 P of UTM Zone 43 N) to decimal degrees using QGIS,718640,1149269,76.9970221126981,10.3904414497514,forest,1,present,NA
1135,monsoon,Waverly,w1,2011-08-16,16/08/2011,8.5,shield tail,Shieldtail,Uropeltidae,family,reptilia,UTM,EPSG:32643,Converted from UTM coordinates (grid 43 P of UTM Zone 43 N) to decimal degrees using QGIS,718248,1146736,76.9932981432118,10.3675682864374,forest_tea,1,present,NA
1136,monsoon,Waverly,w1,2011-08-16,16/08/2011,8.5,shield tail,Shieldtail,Uropeltidae,family,reptilia,UTM,EPSG:32643,Converted from UTM coordinates (grid 43 P of UTM Zone 43 N) to decimal degrees using QGIS,718252,1146838,76.9933404934373,10.3684900240894,forest,1,present,NA
1137,monsoon,Waverly,w1,2011-08-16,16/08/2011,8.5,shield tail,Shieldtail,Uropeltidae,family,reptilia,UTM,EPSG:32643,Converted from UTM coordinates (grid 43 P of UTM Zone 43 N) to decimal degrees using QGIS,718275,1146724,76.9935439494499,10.3674582914095,forest_tea,1,present,NA
1138,monsoon,Waverly,w1,2011-08-16,16/08/2011,8.5,snail,Snail,Gastropoda,class,mollusca,UTM,EPSG:32643,Converted from UTM coordinates (grid 43 P of UTM Zone 43 N) to decimal degrees using QGIS,718244,1146738,76.9932617401625,10.3675865906203,forest_tea,1,present,NA
1139,monsoon,Waverly,w1,2011-08-16,16/08/2011,8.5,snail,Snail,Gastropoda,class,mollusca,UTM,EPSG:32643,Converted from UTM coordinates (grid 43 P of UTM Zone 43 N) to decimal degrees using QGIS,718109,1146943,76.9920409927784,10.3694471995267,forest,1,present,NA
1140,monsoon,Waverly,w1,2011-08-16,16/08/2011,8.5,snail,Snail,Gastropoda,class,mollusca,UTM,EPSG:32643,Converted from UTM coordinates (grid 43 P of UTM Zone 43 N) to decimal degrees using QGIS,718261,1147163,76.993441247214,10.3714271447193,forest,1,present,NA
1141,monsoon,Waverly,w1,2011-08-16,16/08/2011,8.5,snake,Snake,Squamata,order,reptilia,UTM,EPSG:32643,Converted from UTM coordinates (grid 43 P of UTM Zone 43 N) to decimal degrees using QGIS,718264,1147153,76.9934680635317,10.3713365861892,forest,1,present,CORAL SNAKE
1142,monsoon,Waverly,w1,2011-08-16,16/08/2011,8.5,snake,Snake,Lycodon,genus,reptilia,UTM,EPSG:32643,Converted from UTM coordinates (grid 43 P of UTM Zone 43 N) to decimal degrees using QGIS,718207,1146900,76.9929332163237,10.3690529814054,forest,1,present,wOLF SNAKE
1143,monsoon,Waverly,w1,2011-08-16,16/08/2011,8.5,toad,Toad,Anura,order,amphibia,UTM,EPSG:32643,Converted from UTM coordinates (grid 43 P of UTM Zone 43 N) to decimal degrees using QGIS,718266,1147087,76.9934825468788,10.3707399080629,forest,1,present,NA
1144,monsoon,Waverly,w1,2011-08-16,16/08/2011,8.5,toad,Toad,Anura,order,amphibia,UTM,EPSG:32643,Converted from UTM coordinates (grid 43 P of UTM Zone 43 N) to decimal degrees using QGIS,718262,1147143,76.9934492325501,10.3712463108533,forest,1,present,NA
1145,monsoon,Waverly,w1,2011-08-16,16/08/2011,8.5,toad,Toad,Anura,order,amphibia,UTM,EPSG:32643,Converted from UTM coordinates (grid 43 P of UTM Zone 43 N) to decimal degrees using QGIS,718251,1147209,76.9933525840198,10.3718434987346,forest,1,present,NA
1146,monsoon,Waverly,w1,2011-08-16,16/08/2011,8.5,toad,Toad,Anura,order,amphibia,UTM,EPSG:32643,Converted from UTM coordinates (grid 43 P of UTM Zone 43 N) to decimal degrees using QGIS,718230,1147256,76.9931635535207,10.3722695146276,forest,1,present,NA
1147,monsoon,Waverly,w1,2011-08-16,16/08/2011,8.5,toad,Toad,Anura,order,amphibia,UTM,EPSG:32643,Converted from UTM coordinates (grid 43 P of UTM Zone 43 N) to decimal degrees using QGIS,718238,1147249,76.9932361889944,10.3722057895008,forest,1,present,NA
1148,monsoon,Waverly,w1,2011-08-16,16/08/2011,8.5,toad,Toad,Anura,order,amphibia,UTM,EPSG:32643,Converted from UTM coordinates (grid 43 P of UTM Zone 43 N) to decimal degrees using QGIS,718277,1147197,76.9935892638145,10.3717335597192,forest,1,present,NA
1149,monsoon,Waverly,w1,2011-08-16,16/08/2011,8.5,toad,Toad,Anura,order,amphibia,UTM,EPSG:32643,Converted from UTM coordinates (grid 43 P of UTM Zone 43 N) to decimal degrees using QGIS,718757,1149315,76.9980929643346,10.3908505832396,forest,1,present,NA
1150,monsoon,Waverly,w1,2011-08-16,16/08/2011,8.5,toad,Toad,Anura,order,amphibia,UTM,EPSG:32643,Converted from UTM coordinates (grid 43 P of UTM Zone 43 N) to decimal degrees using QGIS,718754,1149289,76.9980640806764,10.3906157444184,forest,1,present,NA
1151,monsoon,Waverly,w2,2011-08-22,22/08/2011,8.5,caecilian,Caecilian,Gymnophiona,order,amphibia,UTM,EPSG:32643,Converted from UTM coordinates (grid 43 P of UTM Zone 43 N) to decimal degrees using QGIS,718372,1149314,76.9945778529123,10.3908634224584,forest,1,present,NA
1152,monsoon,Waverly,w2,2011-08-22,22/08/2011,8.5,frog,Frog,Anura,order,amphibia,UTM,EPSG:32643,Converted from UTM coordinates (grid 43 P of UTM Zone 43 N) to decimal degrees using QGIS,718373,1149320,76.9945873270283,10.3909175987466,forest,1,present,NA
1153,monsoon,Waverly,w2,2011-08-22,22/08/2011,8.5,mouse,Mouse,Muridae,family,mammalia,UTM,EPSG:32643,Converted from UTM coordinates (grid 43 P of UTM Zone 43 N) to decimal degrees using QGIS,718239,1147042,76.9932334780941,10.3703346883156,forest,1,present,NA
1154,monsoon,Waverly,w2,2011-08-22,22/08/2011,8.5,mouse,Mouse,Muridae,family,mammalia,UTM,EPSG:32643,Converted from UTM coordinates (grid 43 P of UTM Zone 43 N) to decimal degrees using QGIS,718693,1148151,76.9974418278602,10.3803330233955,tea,1,present,NA
1155,monsoon,Waverly,w2,2011-08-22,22/08/2011,8.5,mouse,Mouse,Muridae,family,mammalia,UTM,EPSG:32643,Converted from UTM coordinates (grid 43 P of UTM Zone 43 N) to decimal degrees using QGIS,718797,1149387,76.9984623015872,10.3914991032082,forest_tea,1,present,NA
1156,monsoon,Waverly,w2,2011-08-22,22/08/2011,8.5,pill millipede,Pill millipede,Diplopoda,class,diplopoda,UTM,EPSG:32643,Converted from UTM coordinates (grid 43 P of UTM Zone 43 N) to decimal degrees using QGIS,718356,1148890,76.9944074631756,10.3870318600943,forest,1,present,NA
1157,monsoon,Waverly,w2,2011-08-22,22/08/2011,8.5,pill millipede,Pill millipede,Diplopoda,class,diplopoda,UTM,EPSG:32643,Converted from UTM coordinates (grid 43 P of UTM Zone 43 N) to decimal degrees using QGIS,718457,1149206,76.9953477086865,10.3898824008122,forest,1,present,NA
1158,monsoon,Waverly,w2,2011-08-22,22/08/2011,8.5,toad,Toad,Anura,order,amphibia,UTM,EPSG:32643,Converted from UTM coordinates (grid 43 P of UTM Zone 43 N) to decimal degrees using QGIS,718262,1147148,76.9934495185799,10.3712915051602,forest,1,present,NA
1159,monsoon,Waverly,w2,2011-08-22,22/08/2011,8.5,toad,Toad,Anura,order,amphibia,UTM,EPSG:32643,Converted from UTM coordinates (grid 43 P of UTM Zone 43 N) to decimal degrees using QGIS,718372,1148639,76.9945391544306,10.3847622014246,tea,1,present,NA
1160,monsoon,Waverly,w2,2011-08-22,22/08/2011,8.5,toad,Toad,Anura,order,amphibia,UTM,EPSG:32643,Converted from UTM coordinates (grid 43 P of UTM Zone 43 N) to decimal degrees using QGIS,718916,1149400,76.9995495207032,10.3916098360596,forest_tea,1,present,NA
1161,monsoon,Waverly,w3,2011-08-29,29/08/2011,8.5,caecilian,Caecilian,Gymnophiona,order,amphibia,UTM,EPSG:32643,Converted from UTM coordinates (grid 43 P of UTM Zone 43 N) to decimal degrees using QGIS,717960,1150315,76.9908736044504,10.3999346932863,forest,1,present,NA
1162,monsoon,Waverly,w3,2011-08-29,29/08/2011,8.5,caecilian,Caecilian,Gymnophiona,order,amphibia,UTM,EPSG:32643,Converted from UTM coordinates (grid 43 P of UTM Zone 43 N) to decimal degrees using QGIS,718328,1149489,76.9941861667974,10.3924477183903,forest,1,present,NA
1163,monsoon,Waverly,w3,2011-08-29,29/08/2011,8.5,caecilian,Caecilian,Gymnophiona,order,amphibia,UTM,EPSG:32643,Converted from UTM coordinates (grid 43 P of UTM Zone 43 N) to decimal degrees using QGIS,718871,1149391,76.9991381526497,10.3915310479041,forest_tea,1,present,NA
1164,monsoon,Waverly,w3,2011-08-29,29/08/2011,8.5,caecilian,Caecilian,Gymnophiona,order,amphibia,UTM,EPSG:32643,Converted from UTM coordinates (grid 43 P of UTM Zone 43 N) to decimal degrees using QGIS,718738,1148423,76.9978682745085,10.3827890291933,tea,1,present,NA
1165,monsoon,Waverly,w3,2011-08-29,29/08/2011,8.5,cockroach,Cockroach,Blattodea,order,insecta,UTM,EPSG:32643,Converted from UTM coordinates (grid 43 P of UTM Zone 43 N) to decimal degrees using QGIS,718317,1149524,76.9940877430988,10.3927647024898,forest,1,present,NA
1166,monsoon,Waverly,w3,2011-08-29,29/08/2011,8.5,cockroach,Cockroach,Blattodea,order,insecta,UTM,EPSG:32643,Converted from UTM coordinates (grid 43 P of UTM Zone 43 N) to decimal degrees using QGIS,718713,1148201,76.9976272907394,10.380783828984,tea,1,present,NA
1167,monsoon,Waverly,w3,2011-08-29,29/08/2011,8.5,snake,Snake,Squamata,order,reptilia,UTM,EPSG:32643,Converted from UTM coordinates (grid 43 P of UTM Zone 43 N) to decimal degrees using QGIS,718257,1146731,76.9933800214639,10.3675225825816,forest_tea,1,present,Coral Snake
1168,monsoon,Waverly,w3,2011-08-29,29/08/2011,8.5,Crab,Crabs,Decapoda,order,crustacea,UTM,EPSG:32643,Converted from UTM coordinates (grid 43 P of UTM Zone 43 N) to decimal degrees using QGIS,718379,1147484,76.9945368994357,10.3743219318321,forest,1,present,NA
1169,monsoon,Waverly,w3,2011-08-29,29/08/2011,8.5,earthworm,Earthworm,Annelida,phylum,annelida,UTM,EPSG:32643,Converted from UTM coordinates (grid 43 P of UTM Zone 43 N) to decimal degrees using QGIS,717967,1150306,76.9909370009258,10.3998529465098,forest,1,present,NA
1170,monsoon,Waverly,w3,2011-08-29,29/08/2011,8.5,frog,Frog,Anura,order,amphibia,UTM,EPSG:32643,Converted from UTM coordinates (grid 43 P of UTM Zone 43 N) to decimal degrees using QGIS,718259,1147200,76.993425104949,10.3717616958664,forest,1,present,NA
1171,monsoon,Waverly,w3,2011-08-29,29/08/2011,8.5,mouse,Mouse,Muridae,family,mammalia,UTM,EPSG:32643,Converted from UTM coordinates (grid 43 P of UTM Zone 43 N) to decimal degrees using QGIS,718105,1149701,76.9921623064348,10.3943766099317,forest,1,present,NA
1172,monsoon,Waverly,w3,2011-08-29,29/08/2011,8.5,mouse,Mouse,Muridae,family,mammalia,UTM,EPSG:32643,Converted from UTM coordinates (grid 43 P of UTM Zone 43 N) to decimal degrees using QGIS,718340,1149419,76.9942917132692,10.391814317938,forest,1,present,NA
1173,monsoon,Waverly,w3,2011-08-29,29/08/2011,8.5,mouse,Mouse,Muridae,family,mammalia,UTM,EPSG:32643,Converted from UTM coordinates (grid 43 P of UTM Zone 43 N) to decimal degrees using QGIS,718501,1149382,76.9957595272556,10.3914707371251,forest_tea,1,present,NA
1174,monsoon,Waverly,w3,2011-08-29,29/08/2011,8.5,mouse,Mouse,Muridae,family,mammalia,UTM,EPSG:32643,Converted from UTM coordinates (grid 43 P of UTM Zone 43 N) to decimal degrees using QGIS,718430,1149076,76.9950937428577,10.3887088846406,forest,1,present,NA
1175,monsoon,Waverly,w3,2011-08-29,29/08/2011,8.5,mouse,Mouse,Muridae,family,mammalia,UTM,EPSG:32643,Converted from UTM coordinates (grid 43 P of UTM Zone 43 N) to decimal degrees using QGIS,718586,1148643,76.9964931692341,10.3847862080279,tea,1,present,NA
1176,monsoon,Waverly,w3,2011-08-29,29/08/2011,8.5,mouse,Mouse,Muridae,family,mammalia,UTM,EPSG:32643,Converted from UTM coordinates (grid 43 P of UTM Zone 43 N) to decimal degrees using QGIS,718260,1147187,76.9934334907184,10.37164413403,forest,1,present,NA
1177,monsoon,Waverly,w3,2011-08-29,29/08/2011,8.5,mouse,Mouse,Muridae,family,mammalia,UTM,EPSG:32643,Converted from UTM coordinates (grid 43 P of UTM Zone 43 N) to decimal degrees using QGIS,718238,1146741,76.9932071355794,10.3676140468884,forest_tea,1,present,NA
1178,monsoon,Waverly,w3,2011-08-29,29/08/2011,8.5,snake,Pitviper,Craspedocephalus,genus,reptilia,UTM,EPSG:32643,Converted from UTM coordinates (grid 43 P of UTM Zone 43 N) to decimal degrees using QGIS,718798,1149330,76.9984681562223,10.3909838334409,forest,1,present,Pit Viper
1179,monsoon,Waverly,w3,2011-08-29,29/08/2011,8.5,shield tail,Shieldtail,Uropeltidae,family,reptilia,UTM,EPSG:32643,Converted from UTM coordinates (grid 43 P of UTM Zone 43 N) to decimal degrees using QGIS,718750,1148313,76.9979715179334,10.3817940759426,tea,1,present,NA
1180,monsoon,Waverly,w3,2011-08-29,29/08/2011,8.5,shield tail,Shieldtail,Uropeltidae,family,reptilia,UTM,EPSG:32643,Converted from UTM coordinates (grid 43 P of UTM Zone 43 N) to decimal degrees using QGIS,718314,1147055,76.9939189291802,10.3704479457263,forest,1,present,NA
1181,monsoon,Waverly,w3,2011-08-29,29/08/2011,8.5,shield tail,Shieldtail,Uropeltidae,family,reptilia,UTM,EPSG:32643,Converted from UTM coordinates (grid 43 P of UTM Zone 43 N) to decimal degrees using QGIS,718115,1146840,76.9920898823809,10.3685158563643,forest,1,present,NA
1182,monsoon,Waverly,w3,2011-08-29,29/08/2011,8.5,shield tail,Shieldtail,Uropeltidae,family,reptilia,UTM,EPSG:32643,Converted from UTM coordinates (grid 43 P of UTM Zone 43 N) to decimal degrees using QGIS,718278,1146724,76.9935713374924,10.3674581215472,forest_tea,1,present,NA
1183,monsoon,Waverly,w3,2011-08-29,29/08/2011,8.5,snake,Snake,Squamata,order,reptilia,UTM,EPSG:32643,Converted from UTM coordinates (grid 43 P of UTM Zone 43 N) to decimal degrees using QGIS,718032,1150018,76.9915139667957,10.3972460683613,forest,1,present,NA
1184,monsoon,Waverly,w3,2011-08-29,29/08/2011,8.5,toad,Toad,Anura,order,amphibia,UTM,EPSG:32643,Converted from UTM coordinates (grid 43 P of UTM Zone 43 N) to decimal degrees using QGIS,717971,1150305,76.9909734648369,10.3998436807647,forest,1,present,NA
1185,monsoon,Waverly,w3,2011-08-29,29/08/2011,8.5,toad,Toad,Anura,order,amphibia,UTM,EPSG:32643,Converted from UTM coordinates (grid 43 P of UTM Zone 43 N) to decimal degrees using QGIS,718461,1148513,76.9953444863051,10.3836182560525,tea,1,present,NA
1186,monsoon,Waverly,w3,2011-08-29,29/08/2011,8.5,toad,Toad,Anura,order,amphibia,UTM,EPSG:32643,Converted from UTM coordinates (grid 43 P of UTM Zone 43 N) to decimal degrees using QGIS,718639,1148594,76.9969742386029,10.3843402944941,tea,1,present,NA
1187,monsoon,Waverly,w3,2011-08-29,29/08/2011,8.5,toad,Toad,Anura,order,amphibia,UTM,EPSG:32643,Converted from UTM coordinates (grid 43 P of UTM Zone 43 N) to decimal degrees using QGIS,718352,1147287,76.9942791251148,10.3725428077047,forest,1,present,NA
1188,monsoon,Waverly,w3,2011-08-29,29/08/2011,8.5,toad,Toad,Anura,order,amphibia,UTM,EPSG:32643,Converted from UTM coordinates (grid 43 P of UTM Zone 43 N) to decimal degrees using QGIS,718137,1146804,76.9922886712418,10.3681892121364,forest_tea,1,present,NA
1189,monsoon,Waverly,w3,2011-08-29,29/08/2011,8.5,toad,Toad,Anura,order,amphibia,UTM,EPSG:32643,Converted from UTM coordinates (grid 43 P of UTM Zone 43 N) to decimal degrees using QGIS,718116,1146845,76.9920992975264,10.3685609941313,forest,1,present,NA
1190,monsoon,Waverly,w4,2011-09-07,07/09/2011,8.5,caecilian,Caecilian,Gymnophiona,order,amphibia,UTM,EPSG:32643,Converted from UTM coordinates (grid 43 P of UTM Zone 43 N) to decimal degrees using QGIS,718749,1148363,76.9979652580048,10.3822460742853,tea,1,present,NA
1191,monsoon,Waverly,w4,2011-09-07,07/09/2011,8.5,caecilian,Caecilian,Gymnophiona,order,amphibia,UTM,EPSG:32643,Converted from UTM coordinates (grid 43 P of UTM Zone 43 N) to decimal degrees using QGIS,718478,1149223,76.9955404137297,10.3900348683763,forest,1,present,NA
1192,monsoon,Waverly,w4,2011-09-07,07/09/2011,8.5,caecilian,Caecilian,Gymnophiona,order,amphibia,UTM,EPSG:32643,Converted from UTM coordinates (grid 43 P of UTM Zone 43 N) to decimal degrees using QGIS,718315,1149541,76.9940704578139,10.3929184764137,forest,1,present,NA
1193,monsoon,Waverly,w4,2011-09-07,07/09/2011,8.5,caecilian,Caecilian,Gymnophiona,order,amphibia,UTM,EPSG:32643,Converted from UTM coordinates (grid 43 P of UTM Zone 43 N) to decimal degrees using QGIS,718141,1149728,76.9924925386477,10.3946186166631,forest,1,present,NA
1194,monsoon,Waverly,w4,2011-09-07,07/09/2011,8.5,cockroach,Cockroach,Blattodea,order,insecta,UTM,EPSG:32643,Converted from UTM coordinates (grid 43 P of UTM Zone 43 N) to decimal degrees using QGIS,718395,1149308,76.9947874992405,10.3908078834805,forest,1,present,NA
1195,monsoon,Waverly,w4,2011-09-07,07/09/2011,8.5,snake,Snake,Squamata,order,reptilia,UTM,EPSG:32643,Converted from UTM coordinates (grid 43 P of UTM Zone 43 N) to decimal degrees using QGIS,718253,1149663,76.9935113871723,10.3940247353578,forest,1,present,Coral Snake
1196,monsoon,Waverly,w4,2011-09-07,07/09/2011,8.5,frog,Frog,Anura,order,amphibia,UTM,EPSG:32643,Converted from UTM coordinates (grid 43 P of UTM Zone 43 N) to decimal degrees using QGIS,718455,1148505,76.995289248843,10.3835462858462,tea,1,present,NA
1197,monsoon,Waverly,w4,2011-09-07,07/09/2011,8.5,frog,Frog,Anura,order,amphibia,UTM,EPSG:32643,Converted from UTM coordinates (grid 43 P of UTM Zone 43 N) to decimal degrees using QGIS,718357,1148894,76.9944168223766,10.3870679587323,forest,1,present,NA
1198,monsoon,Waverly,w4,2011-09-07,07/09/2011,8.5,frog,Frog,Anura,order,amphibia,UTM,EPSG:32643,Converted from UTM coordinates (grid 43 P of UTM Zone 43 N) to decimal degrees using QGIS,718432,1149073,76.9951118307118,10.3886816545544,forest,1,present,NA
1199,monsoon,Waverly,w4,2011-09-07,07/09/2011,8.5,frog,Frog,Anura,order,amphibia,UTM,EPSG:32643,Converted from UTM coordinates (grid 43 P of UTM Zone 43 N) to decimal degrees using QGIS,718723,1149354,76.9977847845242,10.3912050311032,forest_tea,1,present,NA
1200,monsoon,Waverly,w4,2011-09-07,07/09/2011,8.5,frog,Frog,Anura,order,amphibia,UTM,EPSG:32643,Converted from UTM coordinates (grid 43 P of UTM Zone 43 N) to decimal degrees using QGIS,718501,1149382,76.9957595272556,10.3914707371251,forest_tea,1,present,NA
1201,monsoon,Waverly,w4,2011-09-07,07/09/2011,8.5,frog,Frog,Anura,order,amphibia,UTM,EPSG:32643,Converted from UTM coordinates (grid 43 P of UTM Zone 43 N) to decimal degrees using QGIS,718410,1149330,76.9949257113993,10.3910058862529,forest,1,present,NA
1202,monsoon,Waverly,w4,2011-09-07,07/09/2011,8.5,frog,Frog,Anura,order,amphibia,UTM,EPSG:32643,Converted from UTM coordinates (grid 43 P of UTM Zone 43 N) to decimal degrees using QGIS,718022,1150121,76.9914285661366,10.3981776379274,forest,1,present,NA
1203,monsoon,Waverly,w4,2011-09-07,07/09/2011,8.5,mouse,Mouse,Muridae,family,mammalia,UTM,EPSG:32643,Converted from UTM coordinates (grid 43 P of UTM Zone 43 N) to decimal degrees using QGIS,718170,1146852,76.9925926845421,10.3686212102202,forest,1,present,NA
1204,monsoon,Waverly,w4,2011-09-07,07/09/2011,8.5,mouse,Mouse,Muridae,family,mammalia,UTM,EPSG:32643,Converted from UTM coordinates (grid 43 P of UTM Zone 43 N) to decimal degrees using QGIS,718866,1149340,76.9990895710446,10.391070352683,forest,1,present,NA
1205,monsoon,Waverly,w4,2011-09-07,07/09/2011,8.5,mouse,Mouse,Muridae,family,mammalia,UTM,EPSG:32643,Converted from UTM coordinates (grid 43 P of UTM Zone 43 N) to decimal degrees using QGIS,718361,1149360,76.9944800606541,10.3912798338312,forest,1,present,NA
1206,monsoon,Waverly,w4,2011-09-07,07/09/2011,8.5,mouse,Mouse,Muridae,family,mammalia,UTM,EPSG:32643,Converted from UTM coordinates (grid 43 P of UTM Zone 43 N) to decimal degrees using QGIS,718307,1149568,76.9939989654492,10.3931629794334,forest,1,present,NA
1207,monsoon,Waverly,w4,2011-09-07,07/09/2011,8.5,mouse,Mouse,Muridae,family,mammalia,UTM,EPSG:32643,Converted from UTM coordinates (grid 43 P of UTM Zone 43 N) to decimal degrees using QGIS,718026,1150441,76.9914834260138,10.4010698450625,forest,1,present,NA
1208,monsoon,Waverly,w4,2011-09-07,07/09/2011,8.5,snake,Pitviper,Craspedocephalus,genus,reptilia,UTM,EPSG:32643,Converted from UTM coordinates (grid 43 P of UTM Zone 43 N) to decimal degrees using QGIS,718027,1150471,76.9914942759014,10.4013409539808,forest,1,present,pit viper green
1209,monsoon,Waverly,w4,2011-09-07,07/09/2011,8.5,snake,Pitviper,Craspedocephalus,genus,reptilia,UTM,EPSG:32643,Converted from UTM coordinates (grid 43 P of UTM Zone 43 N) to decimal degrees using QGIS,718028,1150102,76.9914822589269,10.3980055592803,forest,1,present,pit viper green
1210,monsoon,Waverly,w4,2011-09-07,07/09/2011,8.5,shield tail,Shieldtail,Uropeltidae,family,reptilia,UTM,EPSG:32643,Converted from UTM coordinates (grid 43 P of UTM Zone 43 N) to decimal degrees using QGIS,718692,1147970,76.9974223147984,10.3786970511043,tea,1,present,NA
1211,monsoon,Waverly,w4,2011-09-07,07/09/2011,8.5,shield tail,Shieldtail,Uropeltidae,family,reptilia,UTM,EPSG:32643,Converted from UTM coordinates (grid 43 P of UTM Zone 43 N) to decimal degrees using QGIS,718357,1148894,76.9944168223766,10.3870679587323,forest,1,present,NA
1212,monsoon,Waverly,w4,2011-09-07,07/09/2011,8.5,snail,Snail,Gastropoda,class,mollusca,UTM,EPSG:32643,Converted from UTM coordinates (grid 43 P of UTM Zone 43 N) to decimal degrees using QGIS,718255,1147235,76.9933905893338,10.3720782825727,forest,1,present,NA
1213,monsoon,Waverly,w4,2011-09-07,07/09/2011,8.5,snake,Snake,Squamata,order,reptilia,UTM,EPSG:32643,Converted from UTM coordinates (grid 43 P of UTM Zone 43 N) to decimal degrees using QGIS,718005,1150180,76.991276732372,10.3987118948616,forest,1,present,NA
1214,monsoon,Waverly,w4,2011-09-07,07/09/2011,8.5,toad,Toad,Anura,order,amphibia,UTM,EPSG:32643,Converted from UTM coordinates (grid 43 P of UTM Zone 43 N) to decimal degrees using QGIS,718169,1146854,76.992583669488,10.368639344555,forest,1,present,NA
1215,monsoon,Waverly,w4,2011-09-07,07/09/2011,8.5,toad,Toad,Anura,order,amphibia,UTM,EPSG:32643,Converted from UTM coordinates (grid 43 P of UTM Zone 43 N) to decimal degrees using QGIS,718212,1146874,76.9929773766475,10.3688176878461,forest,1,present,NA
1216,monsoon,Waverly,w4,2011-09-07,07/09/2011,8.5,toad,Toad,Anura,order,amphibia,UTM,EPSG:32643,Converted from UTM coordinates (grid 43 P of UTM Zone 43 N) to decimal degrees using QGIS,718630,1147888,76.9968515741333,10.3779593868999,tea,1,present,NA
1217,monsoon,Waverly,w4,2011-09-07,07/09/2011,8.5,toad,Toad,Anura,order,amphibia,UTM,EPSG:32643,Converted from UTM coordinates (grid 43 P of UTM Zone 43 N) to decimal degrees using QGIS,718863,1149339,76.9990621235618,10.3910614845796,forest,1,present,NA
1218,monsoon,Waverly,w4,2011-09-07,07/09/2011,8.5,toad,Toad,Anura,order,amphibia,UTM,EPSG:32643,Converted from UTM coordinates (grid 43 P of UTM Zone 43 N) to decimal degrees using QGIS,718457,1149355,76.9953562567213,10.3912291879793,forest,1,present,NA
1219,monsoon,Waverly,w5,2011-09-15,15/09/2011,8.5,caecilian,Caecilian,Gymnophiona,order,amphibia,UTM,EPSG:32643,Converted from UTM coordinates (grid 43 P of UTM Zone 43 N) to decimal degrees using QGIS,718045,1150494,76.9916599405138,10.4015478261803,forest,1,present,NA
1220,monsoon,Waverly,w5,2011-09-15,15/09/2011,8.5,caecilian,Caecilian,Gymnophiona,order,amphibia,UTM,EPSG:32643,Converted from UTM coordinates (grid 43 P of UTM Zone 43 N) to decimal degrees using QGIS,718299,1147136,76.9937866219463,10.371180943048,forest,1,present,NA
1221,monsoon,Waverly,w5,2011-09-15,15/09/2011,8.5,caecilian,Caecilian,Gymnophiona,order,amphibia,UTM,EPSG:32643,Converted from UTM coordinates (grid 43 P of UTM Zone 43 N) to decimal degrees using QGIS,718319,1148657,76.9940563040441,10.3849279076986,tea,1,present,NA
1222,monsoon,Waverly,w5,2011-09-15,15/09/2011,8.5,frog,Frog,Anura,order,amphibia,UTM,EPSG:32643,Converted from UTM coordinates (grid 43 P of UTM Zone 43 N) to decimal degrees using QGIS,718045,1150494,76.9916599405138,10.4015478261803,forest,1,present,NA
1223,monsoon,Waverly,w5,2011-09-15,15/09/2011,8.5,mouse,Mouse,Muridae,family,mammalia,UTM,EPSG:32643,Converted from UTM coordinates (grid 43 P of UTM Zone 43 N) to decimal degrees using QGIS,718126,1146869,76.9921919631247,10.3687773611403,forest,2,present,NA
1224,monsoon,Waverly,w5,2011-09-15,15/09/2011,8.5,mouse,Mouse,Muridae,family,mammalia,UTM,EPSG:32643,Converted from UTM coordinates (grid 43 P of UTM Zone 43 N) to decimal degrees using QGIS,718322,1147104,76.9939947683256,10.3708903966179,forest,1,present,NA
1225,monsoon,Waverly,w5,2011-09-15,15/09/2011,8.5,mouse,Mouse,Muridae,family,mammalia,UTM,EPSG:32643,Converted from UTM coordinates (grid 43 P of UTM Zone 43 N) to decimal degrees using QGIS,718268,1147095,76.9935012634019,10.3708121056807,forest,1,present,NA
1226,monsoon,Waverly,w5,2011-09-15,15/09/2011,8.5,mouse,Mouse,Muridae,family,mammalia,UTM,EPSG:32643,Converted from UTM coordinates (grid 43 P of UTM Zone 43 N) to decimal degrees using QGIS,718334,1147231,76.9941115893503,10.3720376516992,forest,1,present,NA
1227,monsoon,Waverly,w5,2011-09-15,15/09/2011,8.5,mouse,Mouse,Muridae,family,mammalia,UTM,EPSG:32643,Converted from UTM coordinates (grid 43 P of UTM Zone 43 N) to decimal degrees using QGIS,718879,1149396,76.9992114801923,10.3915757867103,forest_tea,1,present,NA
1228,monsoon,Waverly,w5,2011-09-15,15/09/2011,8.5,snake,Pitviper,Craspedocephalus,genus,reptilia,UTM,EPSG:32643,Converted from UTM coordinates (grid 43 P of UTM Zone 43 N) to decimal degrees using QGIS,718303,1147030,76.9938170751427,10.3702225973325,forest,1,present,Pit Viper
1229,monsoon,Waverly,w5,2011-09-15,15/09/2011,8.5,snake,Pitviper,Craspedocephalus,genus,reptilia,UTM,EPSG:32643,Converted from UTM coordinates (grid 43 P of UTM Zone 43 N) to decimal degrees using QGIS,718526,1147608,76.9958860460914,10.3754344131376,forest_tea,1,present,Pit Viper
1230,monsoon,Waverly,w5,2011-09-15,15/09/2011,8.5,snake,Pitviper,Craspedocephalus,genus,reptilia,UTM,EPSG:32643,Converted from UTM coordinates (grid 43 P of UTM Zone 43 N) to decimal degrees using QGIS,718844,1149368,76.9988903202951,10.3913246915071,forest_tea,1,present,Pit Viper
1231,monsoon,Waverly,w5,2011-09-15,15/09/2011,8.5,snake,Pitviper,Craspedocephalus,genus,reptilia,UTM,EPSG:32643,Converted from UTM coordinates (grid 43 P of UTM Zone 43 N) to decimal degrees using QGIS,718768,1149376,76.9981968990481,10.3914013258504,forest_tea,1,present,Pit Viper
1232,monsoon,Waverly,w5,2011-09-15,15/09/2011,8.5,shield tail,Shieldtail,Uropeltidae,family,reptilia,UTM,EPSG:32643,Converted from UTM coordinates (grid 43 P of UTM Zone 43 N) to decimal degrees using QGIS,718586,1148641,76.9964930544951,10.3847681303539,tea,1,present,NA
1233,monsoon,Waverly,w5,2011-09-15,15/09/2011,8.5,shield tail,Shieldtail,Uropeltidae,family,reptilia,UTM,EPSG:32643,Converted from UTM coordinates (grid 43 P of UTM Zone 43 N) to decimal degrees using QGIS,718306,1148730,76.993941798795,10.3855884812676,tea,1,present,NA
1234,monsoon,Waverly,w5,2011-09-15,15/09/2011,8.5,shield tail,Shieldtail,Uropeltidae,family,reptilia,UTM,EPSG:32643,Converted from UTM coordinates (grid 43 P of UTM Zone 43 N) to decimal degrees using QGIS,718883,1149399,76.9992481727144,10.3916026755146,forest_tea,1,present,NA
1235,monsoon,Waverly,w5,2011-09-15,15/09/2011,8.5,snake,Snake,Squamata,order,reptilia,UTM,EPSG:32643,Converted from UTM coordinates (grid 43 P of UTM Zone 43 N) to decimal degrees using QGIS,718213,1146872,76.99298639168,10.3687995535037,forest,1,present,NA
1236,monsoon,Waverly,w5,2011-09-15,15/09/2011,8.5,snake,Snake,Squamata,order,reptilia,UTM,EPSG:32643,Converted from UTM coordinates (grid 43 P of UTM Zone 43 N) to decimal degrees using QGIS,718299,1147136,76.9937866219463,10.371180943048,forest,1,present,NA
1237,monsoon,Waverly,w5,2011-09-15,15/09/2011,8.5,snake,Snake,Squamata,order,reptilia,UTM,EPSG:32643,Converted from UTM coordinates (grid 43 P of UTM Zone 43 N) to decimal degrees using QGIS,718061,1149841,76.9917686011926,10.3956445456716,forest,1,present,NA
1238,monsoon,Waverly,w6,2011-09-23,23/09/2011,8.5,caecilian,Caecilian,Gymnophiona,order,amphibia,UTM,EPSG:32643,Converted from UTM coordinates (grid 43 P of UTM Zone 43 N) to decimal degrees using QGIS,718724,1149355,76.9977939719798,10.39121401306,forest_tea,1,present,NA
1239,monsoon,Waverly,w6,2011-09-23,23/09/2011,8.5,millipede,Millipede,Diplopoda,class,diplopoda,UTM,EPSG:32643,Converted from UTM coordinates (grid 43 P of UTM Zone 43 N) to decimal degrees using QGIS,718262,1147152,76.9934497474046,10.3713276606057,forest,1,present,NA
1240,monsoon,Waverly,w6,2011-09-23,23/09/2011,8.5,millipede,Millipede,Diplopoda,class,diplopoda,UTM,EPSG:32643,Converted from UTM coordinates (grid 43 P of UTM Zone 43 N) to decimal degrees using QGIS,718426,1149133,76.9950604920995,10.3892243257812,forest,1,present,NA
1241,monsoon,Waverly,w6,2011-09-23,23/09/2011,8.5,pill millipede,Pill millipede,Diplopoda,class,diplopoda,UTM,EPSG:32643,Converted from UTM coordinates (grid 43 P of UTM Zone 43 N) to decimal degrees using QGIS,718354,1147301,76.9942981854259,10.3726692383501,forest,1,present,NA
1242,monsoon,Waverly,w6,2011-09-23,23/09/2011,8.5,snake,Pitviper,Craspedocephalus,genus,reptilia,UTM,EPSG:32643,Converted from UTM coordinates (grid 43 P of UTM Zone 43 N) to decimal degrees using QGIS,718598,1149287,76.9966396861919,10.3906065359385,forest,1,present,Pit Viper
1243,monsoon,Waverly,w6,2011-09-23,23/09/2011,8.5,shield tail,Shieldtail,Uropeltidae,family,reptilia,UTM,EPSG:32643,Converted from UTM coordinates (grid 43 P of UTM Zone 43 N) to decimal degrees using QGIS,718269,1146726,76.993489287735,10.3674767088537,forest_tea,1,present,NA
1244,monsoon,Waverly,w6,2011-09-23,23/09/2011,8.5,shield tail,Shieldtail,Uropeltidae,family,reptilia,UTM,EPSG:32643,Converted from UTM coordinates (grid 43 P of UTM Zone 43 N) to decimal degrees using QGIS,718119,1149715,76.9922909305785,10.3945023597043,forest,1,present,NA
1245,monsoon,Waverly,w6,2011-09-23,23/09/2011,8.5,shrew,Shrew,Soricidae,family,mammalia,UTM,EPSG:32643,Converted from UTM coordinates (grid 43 P of UTM Zone 43 N) to decimal degrees using QGIS,718567,1149394,76.9963627980652,10.3915754529061,forest_tea,1,present,NA
1246,monsoon,Waverly,w6,2011-09-23,23/09/2011,8.5,skink,Skink,Scincidae,family,reptilia,UTM,EPSG:32643,Converted from UTM coordinates (grid 43 P of UTM Zone 43 N) to decimal degrees using QGIS,718338,1149426,76.9942738545893,10.3918777034008,forest,1,present,NA
1247,monsoon,Waverly,w6,2011-09-23,23/09/2011,8.5,snake,Snake,Squamata,order,reptilia,UTM,EPSG:32643,Converted from UTM coordinates (grid 43 P of UTM Zone 43 N) to decimal degrees using QGIS,718457,1149355,76.9953562567213,10.3912291879793,forest,1,present,NA
1248,monsoon,Waverly,w7,2011-10-01,01/10/2011,8.5,bat,Horseshoe bats,Rhinolophus sp.,genus,mammalia,UTM,EPSG:32643,Converted from UTM coordinates (grid 43 P of UTM Zone 43 N) to decimal degrees using QGIS,718490,1149371,76.9956584656923,10.3913719348364,forest_tea,1,present,(rhinolopus)
1249,monsoon,Waverly,w7,2011-10-01,01/10/2011,8.5,calotes,Calotes,Calotes,genus,reptilia,UTM,EPSG:32643,Converted from UTM coordinates (grid 43 P of UTM Zone 43 N) to decimal degrees using QGIS,718940,1149404,76.9997688710413,10.3916446251254,forest_tea,1,present,NA
1250,monsoon,Waverly,w7,2011-10-01,01/10/2011,8.5,snake,Snake,Squamata,order,reptilia,UTM,EPSG:32643,Converted from UTM coordinates (grid 43 P of UTM Zone 43 N) to decimal degrees using QGIS,718336,1147217,76.9941290470921,10.3719109943749,forest,1,present,Coral Snake
1251,monsoon,Waverly,w7,2011-10-01,01/10/2011,8.5,snake,Snake,Squamata,order,reptilia,UTM,EPSG:32643,Converted from UTM coordinates (grid 43 P of UTM Zone 43 N) to decimal degrees using QGIS,718658,1148473,76.9971407618276,10.3832455161699,tea,1,present,Coral Snake
1252,monsoon,Waverly,w7,2011-10-01,01/10/2011,8.5,frog,Frog,Anura,order,amphibia,UTM,EPSG:32643,Converted from UTM coordinates (grid 43 P of UTM Zone 43 N) to decimal degrees using QGIS,718234,1146743,76.993170732518,10.3676323510629,forest_tea,1,present,NA
1253,monsoon,Waverly,w7,2011-10-01,01/10/2011,8.5,frog,Frog,Anura,order,amphibia,UTM,EPSG:32643,Converted from UTM coordinates (grid 43 P of UTM Zone 43 N) to decimal degrees using QGIS,718026,1150420,76.9914822223601,10.4008800290955,forest,1,present,NA
1254,monsoon,Waverly,w7,2011-10-01,01/10/2011,8.5,snake,Pitviper,Craspedocephalus,genus,reptilia,UTM,EPSG:32643,Converted from UTM coordinates (grid 43 P of UTM Zone 43 N) to decimal degrees using QGIS,718441,1147515,76.9951047062823,10.3745986211886,forest,1,present,Pit Viper
1255,monsoon,Waverly,w7,2011-10-01,01/10/2011,8.5,snake,Pitviper,Craspedocephalus,genus,reptilia,UTM,EPSG:32643,Converted from UTM coordinates (grid 43 P of UTM Zone 43 N) to decimal degrees using QGIS,718715,1149241,76.9977052539433,10.3901840986059,forest,1,present,Pit Viper
1256,monsoon,Waverly,w7,2011-10-01,01/10/2011,8.5,mouse,Malabar spiny dormouse,Platacanthomys lasiurus,species,mammalia,UTM,EPSG:32643,Converted from UTM coordinates (grid 43 P of UTM Zone 43 N) to decimal degrees using QGIS,718347,1148871,76.9943242049115,10.3868606327319,forest,1,present,malabar spiny dor
1257,monsoon,Waverly,w7,2011-10-01,01/10/2011,8.5,millipede,Millipede,Diplopoda,class,diplopoda,UTM,EPSG:32643,Converted from UTM coordinates (grid 43 P of UTM Zone 43 N) to decimal degrees using QGIS,718200,1146927,76.9928708543358,10.3692974270563,forest,1,present,NA
1258,monsoon,Waverly,w7,2011-10-01,01/10/2011,8.5,millipede,Millipede,Diplopoda,class,diplopoda,UTM,EPSG:32643,Converted from UTM coordinates (grid 43 P of UTM Zone 43 N) to decimal degrees using QGIS,718827,1149377,76.9987356273625,10.3914070081802,forest_tea,1,present,NA
1259,monsoon,Waverly,w7,2011-10-01,01/10/2011,8.5,mouse,Mouse,Muridae,family,mammalia,UTM,EPSG:32643,Converted from UTM coordinates (grid 43 P of UTM Zone 43 N) to decimal degrees using QGIS,718235,1146743,76.9931798618726,10.367632294452,forest_tea,1,present,NA
1260,monsoon,Waverly,w7,2011-10-01,01/10/2011,8.5,mouse,Mouse,Muridae,family,mammalia,UTM,EPSG:32643,Converted from UTM coordinates (grid 43 P of UTM Zone 43 N) to decimal degrees using QGIS,718493,1147582,76.9955832808575,10.3752012750556,forest_tea,1,present,NA
1261,monsoon,Waverly,w7,2011-10-01,01/10/2011,8.5,mouse,Mouse,Muridae,family,mammalia,UTM,EPSG:32643,Converted from UTM coordinates (grid 43 P of UTM Zone 43 N) to decimal degrees using QGIS,718521,1149398,76.9959430461452,10.391614222192,forest_tea,1,present,NA
1262,monsoon,Waverly,w7,2011-10-01,01/10/2011,8.5,mouse,Mouse,Muridae,family,mammalia,UTM,EPSG:32643,Converted from UTM coordinates (grid 43 P of UTM Zone 43 N) to decimal degrees using QGIS,718321,1149509,76.9941234032199,10.3926288927134,forest,1,present,NA
1263,monsoon,Waverly,w7,2011-10-01,01/10/2011,8.5,pill millipede,Pill millipede,Diplopoda,class,diplopoda,UTM,EPSG:32643,Converted from UTM coordinates (grid 43 P of UTM Zone 43 N) to decimal degrees using QGIS,718372,1147337,76.9944645770938,10.3729936170261,forest,1,present,NA
1264,monsoon,Waverly,w7,2011-10-01,01/10/2011,8.5,pill millipede,Pill millipede,Diplopoda,class,diplopoda,UTM,EPSG:32643,Converted from UTM coordinates (grid 43 P of UTM Zone 43 N) to decimal degrees using QGIS,718807,1149387,76.9985536017565,10.3914985342942,forest_tea,1,present,NA
1265,monsoon,Waverly,w7,2011-10-01,01/10/2011,8.5,snake,Rat snake,Ptyas mucosa,species,reptilia,UTM,EPSG:32643,Converted from UTM coordinates (grid 43 P of UTM Zone 43 N) to decimal degrees using QGIS,718678,1149228,76.9973666980035,10.3900686975232,forest,1,present,Rat Snake
1266,monsoon,Waverly,w7,2011-10-01,01/10/2011,8.5,shield tail,Shieldtail,Uropeltidae,family,reptilia,UTM,EPSG:32643,Converted from UTM coordinates (grid 43 P of UTM Zone 43 N) to decimal degrees using QGIS,718207,1146898,76.9929331019665,10.3690349036745,forest,1,present,NA
1267,monsoon,Waverly,w7,2011-10-01,01/10/2011,8.5,shield tail,Shieldtail,Uropeltidae,family,reptilia,UTM,EPSG:32643,Converted from UTM coordinates (grid 43 P of UTM Zone 43 N) to decimal degrees using QGIS,718506,1149241,76.9957970862915,10.3901959769822,forest,1,present,NA
1268,monsoon,Waverly,w7,2011-10-01,01/10/2011,8.5,shield tail,Shieldtail,Uropeltidae,family,reptilia,UTM,EPSG:32643,Converted from UTM coordinates (grid 43 P of UTM Zone 43 N) to decimal degrees using QGIS,718294,1149593,76.9938817078295,10.3933896886148,forest,1,present,NA
1269,monsoon,Waverly,w7,2011-10-01,01/10/2011,8.5,snake,Snake,Squamata,order,reptilia,UTM,EPSG:32643,Converted from UTM coordinates (grid 43 P of UTM Zone 43 N) to decimal degrees using QGIS,718947,1149408,76.9998330111563,10.391680381881,forest_tea,1,present,NA
1270,monsoon,Waverly,w7,2011-10-01,01/10/2011,8.5,snake,Snake,Squamata,order,reptilia,UTM,EPSG:32643,Converted from UTM coordinates (grid 43 P of UTM Zone 43 N) to decimal degrees using QGIS,718271,1149624,76.9936734930426,10.3936711985329,forest,1,present,NA
1271,monsoon,Waverly,w7,2011-10-01,01/10/2011,8.5,snake,Snake,Squamata,order,reptilia,UTM,EPSG:32643,Converted from UTM coordinates (grid 43 P of UTM Zone 43 N) to decimal degrees using QGIS,718022,1150411,76.99144518521,10.400798906359,forest,1,present,NA
1272,monsoon,Waverly,w7,2011-10-01,01/10/2011,8.5,stick insect,Stick insect,Phasmida,order,insecta,UTM,EPSG:32643,Converted from UTM coordinates (grid 43 P of UTM Zone 43 N) to decimal degrees using QGIS,718755,1149299,76.9980737851519,10.3907060757935,forest,1,present,NA
1273,monsoon,Waverly,w7,2011-10-01,01/10/2011,8.5,toad,Toad,Anura,order,amphibia,UTM,EPSG:32643,Converted from UTM coordinates (grid 43 P of UTM Zone 43 N) to decimal degrees using QGIS,718247,1146841,76.9932950181016,10.3685174237784,forest,1,present,NA
1274,monsoon,Waverly,w7,2011-10-01,01/10/2011,8.5,toad,Toad,Anura,order,amphibia,UTM,EPSG:32643,Converted from UTM coordinates (grid 43 P of UTM Zone 43 N) to decimal degrees using QGIS,718201,1146977,76.9928828427316,10.3697493137203,forest,1,present,NA
1275,monsoon,Waverly,w7,2011-10-01,01/10/2011,8.5,toad,Toad,Anura,order,amphibia,UTM,EPSG:32643,Converted from UTM coordinates (grid 43 P of UTM Zone 43 N) to decimal degrees using QGIS,718658,1148464,76.9971402454144,10.3831641666614,tea,1,present,NA
1276,monsoon,Waverly,w7,2011-10-01,01/10/2011,8.5,toad,Toad,Anura,order,amphibia,UTM,EPSG:32643,Converted from UTM coordinates (grid 43 P of UTM Zone 43 N) to decimal degrees using QGIS,718620,1149389,76.9968464025528,10.3915272463545,forest_tea,1,present,NA
1277,monsoon,Waverly,w7,2011-10-01,01/10/2011,8.5,toad,Toad,Anura,order,amphibia,UTM,EPSG:32643,Converted from UTM coordinates (grid 43 P of UTM Zone 43 N) to decimal degrees using QGIS,718299,1149587,76.9939270142519,10.3933351716837,forest,1,present,NA
1278,monsoon,Waverly,w8,2011-10-11,11/10/2011,8.5,calotes,Calotes,Calotes,genus,reptilia,UTM,EPSG:32643,Converted from UTM coordinates (grid 43 P of UTM Zone 43 N) to decimal degrees using QGIS,718758,1148393,76.9980491477857,10.3825167277331,tea,1,present,NA
1279,monsoon,Waverly,w8,2011-10-11,11/10/2011,8.5,earthworm,Earthworm,Annelida,phylum,annelida,UTM,EPSG:32643,Converted from UTM coordinates (grid 43 P of UTM Zone 43 N) to decimal degrees using QGIS,718241,1146740,76.9932344664618,10.3676048381876,forest_tea,1,present,NA
1280,monsoon,Waverly,w8,2011-10-11,11/10/2011,8.5,frog,Frog,Anura,order,amphibia,UTM,EPSG:32643,Converted from UTM coordinates (grid 43 P of UTM Zone 43 N) to decimal degrees using QGIS,718232,1146742,76.9931524166315,10.3676234254187,forest_tea,1,present,NA
1281,monsoon,Waverly,w8,2011-10-11,11/10/2011,8.5,frog,Frog,Anura,order,amphibia,UTM,EPSG:32643,Converted from UTM coordinates (grid 43 P of UTM Zone 43 N) to decimal degrees using QGIS,718054,1150496,76.9917422282906,10.4015653931208,forest,1,present,NA
1282,monsoon,Waverly,w8,2011-10-11,11/10/2011,8.5,frog,Frog,Anura,order,amphibia,UTM,EPSG:32643,Converted from UTM coordinates (grid 43 P of UTM Zone 43 N) to decimal degrees using QGIS,718167,1146777,76.9925610091044,10.367943464921,forest_tea,1,present,NA
1283,monsoon,Waverly,w8,2011-10-11,11/10/2011,8.5,frog,Frog,Anura,order,amphibia,UTM,EPSG:32643,Converted from UTM coordinates (grid 43 P of UTM Zone 43 N) to decimal degrees using QGIS,718173,1146849,76.9926199012,10.3685939238177,forest,1,present,NA
1284,monsoon,Waverly,w8,2011-10-11,11/10/2011,8.5,frog,Frog,Anura,order,amphibia,UTM,EPSG:32643,Converted from UTM coordinates (grid 43 P of UTM Zone 43 N) to decimal degrees using QGIS,718219,1146864,76.9930407105752,10.3687269029079,forest,1,present,NA
1285,monsoon,Waverly,w8,2011-10-11,11/10/2011,8.5,frog,Frog,Anura,order,amphibia,UTM,EPSG:32643,Converted from UTM coordinates (grid 43 P of UTM Zone 43 N) to decimal degrees using QGIS,718569,1147772,76.9962880170115,10.3769143437559,forest_tea,1,present,NA
1286,monsoon,Waverly,w8,2011-10-11,11/10/2011,8.5,frog,Frog,Anura,order,amphibia,UTM,EPSG:32643,Converted from UTM coordinates (grid 43 P of UTM Zone 43 N) to decimal degrees using QGIS,718669,1148412,76.997237689234,10.382693522402,tea,1,present,NA
1287,monsoon,Waverly,w8,2011-10-11,11/10/2011,8.5,frog,Frog,Anura,order,amphibia,UTM,EPSG:32643,Converted from UTM coordinates (grid 43 P of UTM Zone 43 N) to decimal degrees using QGIS,718365,1148916,76.9944911228251,10.3872663593433,forest,1,present,NA
1288,monsoon,Waverly,w8,2011-10-11,11/10/2011,8.5,frog,Frog,Anura,order,amphibia,UTM,EPSG:32643,Converted from UTM coordinates (grid 43 P of UTM Zone 43 N) to decimal degrees using QGIS,718417,1148995,76.9949704084134,10.3879774764336,forest,1,present,NA
1289,monsoon,Waverly,w8,2011-10-11,11/10/2011,8.5,frog,Frog,Anura,order,amphibia,UTM,EPSG:32643,Converted from UTM coordinates (grid 43 P of UTM Zone 43 N) to decimal degrees using QGIS,718036,1150026,76.9915509460709,10.3973181523239,forest,1,present,NA
1290,monsoon,Waverly,w8,2011-10-11,11/10/2011,8.5,glow worm,Glowworm,Lampyridae,family,insecta,UTM,EPSG:32643,Converted from UTM coordinates (grid 43 P of UTM Zone 43 N) to decimal degrees using QGIS,718105,1146948,76.9920047608957,10.3694926202303,forest,1,present,NA
1291,monsoon,Waverly,w8,2011-10-11,11/10/2011,8.5,glow worm,Glowworm,Lampyridae,family,insecta,UTM,EPSG:32643,Converted from UTM coordinates (grid 43 P of UTM Zone 43 N) to decimal degrees using QGIS,718554,1147643,76.9961436796734,10.3757491841392,forest_tea,1,present,NA
1292,monsoon,Waverly,w8,2011-10-11,11/10/2011,8.5,glow worm,Glowworm,Lampyridae,family,insecta,UTM,EPSG:32643,Converted from UTM coordinates (grid 43 P of UTM Zone 43 N) to decimal degrees using QGIS,718755,1149292,76.9980733830141,10.3906428040191,forest,1,present,NA
1293,monsoon,Waverly,w8,2011-10-11,11/10/2011,8.5,snake,Pitviper,Craspedocephalus,genus,reptilia,UTM,EPSG:32643,Converted from UTM coordinates (grid 43 P of UTM Zone 43 N) to decimal degrees using QGIS,718120,1146823,76.9921345577226,10.368361912643,forest,1,present,Pit Viper
1294,monsoon,Waverly,w8,2011-10-11,11/10/2011,8.5,mouse,Mouse,Muridae,family,mammalia,UTM,EPSG:32643,Converted from UTM coordinates (grid 43 P of UTM Zone 43 N) to decimal degrees using QGIS,718913,1149403,76.9995223031457,10.3916371232724,forest_tea,1,present,NA
1295,monsoon,Waverly,w8,2011-10-11,11/10/2011,8.5,millipede,Millipede,Diplopoda,class,diplopoda,UTM,EPSG:32643,Converted from UTM coordinates (grid 43 P of UTM Zone 43 N) to decimal degrees using QGIS,718079,1146976,76.9917689962424,10.3697471798266,forest,1,present,NA
1296,monsoon,Waverly,w8,2011-10-11,11/10/2011,8.5,millipede,Millipede,Diplopoda,class,diplopoda,UTM,EPSG:32643,Converted from UTM coordinates (grid 43 P of UTM Zone 43 N) to decimal degrees using QGIS,718237,1147040,76.9932151048409,10.3703167238429,forest,1,present,NA
1297,monsoon,Waverly,w8,2011-10-11,11/10/2011,8.5,millipede,Millipede,Diplopoda,class,diplopoda,UTM,EPSG:32643,Converted from UTM coordinates (grid 43 P of UTM Zone 43 N) to decimal degrees using QGIS,718558,1147620,76.9961788798597,10.3755410637728,forest_tea,1,present,NA
1298,monsoon,Waverly,w8,2011-10-11,11/10/2011,8.5,millipede,Millipede,Diplopoda,class,diplopoda,UTM,EPSG:32643,Converted from UTM coordinates (grid 43 P of UTM Zone 43 N) to decimal degrees using QGIS,718319,1148829,76.9940661604888,10.3864825898828,forest,1,present,NA
1299,monsoon,Waverly,w8,2011-10-11,11/10/2011,8.5,millipede,Millipede,Diplopoda,class,diplopoda,UTM,EPSG:32643,Converted from UTM coordinates (grid 43 P of UTM Zone 43 N) to decimal degrees using QGIS,718451,1149354,76.9953014191883,10.3912204899363,forest,1,present,NA
1300,monsoon,Waverly,w8,2011-10-11,11/10/2011,8.5,millipede,Millipede,Diplopoda,class,diplopoda,UTM,EPSG:32643,Converted from UTM coordinates (grid 43 P of UTM Zone 43 N) to decimal degrees using QGIS,718568,1148746,76.9963347410856,10.3857182306193,tea,1,present,NA
1301,monsoon,Waverly,w8,2011-10-11,11/10/2011,8.5,millipede,Millipede,Diplopoda,class,diplopoda,UTM,EPSG:32643,Converted from UTM coordinates (grid 43 P of UTM Zone 43 N) to decimal degrees using QGIS,718256,1149646,76.9935378028086,10.3938709046492,forest,1,present,NA
1302,monsoon,Waverly,w8,2011-10-11,11/10/2011,8.5,pill millipede,Pill millipede,Diplopoda,class,diplopoda,UTM,EPSG:32643,Converted from UTM coordinates (grid 43 P of UTM Zone 43 N) to decimal degrees using QGIS,718425,1147463,76.9949556556773,10.3741295081391,forest,1,present,NA
1303,monsoon,Waverly,w8,2011-10-11,11/10/2011,8.5,snake,Rat snake,Ptyas mucosa,species,reptilia,UTM,EPSG:32643,Converted from UTM coordinates (grid 43 P of UTM Zone 43 N) to decimal degrees using QGIS,717960,1150315,76.9908736044504,10.3999346932863,forest,1,present,Rat Snake
1304,monsoon,Waverly,w8,2011-10-11,11/10/2011,8.5,scorpion,Scorpion,Scorpiones,order,arachnida,UTM,EPSG:32643,Converted from UTM coordinates (grid 43 P of UTM Zone 43 N) to decimal degrees using QGIS,718050,1150495,76.9917056495751,10.4015565812774,forest,1,present,NA
1305,monsoon,Waverly,w8,2011-10-11,11/10/2011,8.5,shield tail,Shieldtail,Uropeltidae,family,reptilia,UTM,EPSG:32643,Converted from UTM coordinates (grid 43 P of UTM Zone 43 N) to decimal degrees using QGIS,718384,1148562,76.9946442993383,10.3840655292512,tea,1,present,NA
1306,monsoon,Waverly,w8,2011-10-11,11/10/2011,8.5,shield tail,Shieldtail,Uropeltidae,family,reptilia,UTM,EPSG:32643,Converted from UTM coordinates (grid 43 P of UTM Zone 43 N) to decimal degrees using QGIS,718152,1149734,76.9925933140757,10.3946722256577,forest,1,present,NA
1307,monsoon,Waverly,w9,2011-10-21,21/10/2011,8.5,calotes,Calotes,Calotes,genus,reptilia,UTM,EPSG:32643,Converted from UTM coordinates (grid 43 P of UTM Zone 43 N) to decimal degrees using QGIS,718653,1149370,76.9971466023239,10.3913536325893,forest_tea,1,present,GREEN1
1308,monsoon,Waverly,w9,2011-10-21,21/10/2011,8.5,earthworm,Earthworm,Annelida,phylum,annelida,UTM,EPSG:32643,Converted from UTM coordinates (grid 43 P of UTM Zone 43 N) to decimal degrees using QGIS,718476,1147566,76.9954271617693,10.3750576176876,forest_tea,1,present,NA
1309,monsoon,Waverly,w9,2011-10-21,21/10/2011,8.5,earthworm,Earthworm,Annelida,phylum,annelida,UTM,EPSG:32643,Converted from UTM coordinates (grid 43 P of UTM Zone 43 N) to decimal degrees using QGIS,718752,1148328,76.9979906383508,10.3819295447497,tea,1,present,NA
1310,monsoon,Waverly,w9,2011-10-21,21/10/2011,8.5,frog,Frog,Anura,order,amphibia,UTM,EPSG:32643,Converted from UTM coordinates (grid 43 P of UTM Zone 43 N) to decimal degrees using QGIS,718661,1147918,76.9971363132498,10.3782287919877,tea,1,present,NA
1311,monsoon,Waverly,w9,2011-10-21,21/10/2011,8.5,frog,Frog,Anura,order,amphibia,UTM,EPSG:32643,Converted from UTM coordinates (grid 43 P of UTM Zone 43 N) to decimal degrees using QGIS,718414,1148990,76.9949427318951,10.3879324525287,forest,1,present,NA
1312,monsoon,Waverly,w9,2011-10-21,21/10/2011,8.5,frog,Frog,Anura,order,amphibia,UTM,EPSG:32643,Converted from UTM coordinates (grid 43 P of UTM Zone 43 N) to decimal degrees using QGIS,718730,1149362,76.99784915417,10.3912769436189,forest_tea,1,present,NA
1313,monsoon,Waverly,w9,2011-10-21,21/10/2011,8.5,frog,Frog,Anura,order,amphibia,UTM,EPSG:32643,Converted from UTM coordinates (grid 43 P of UTM Zone 43 N) to decimal degrees using QGIS,718017,1150133,76.9913836024661,10.3982863878459,forest,1,present,NA
1314,monsoon,Waverly,w9,2011-10-21,21/10/2011,8.5,millipede,Millipede,Diplopoda,class,diplopoda,UTM,EPSG:32643,Converted from UTM coordinates (grid 43 P of UTM Zone 43 N) to decimal degrees using QGIS,718601,1147845,76.9965843494411,10.3775723630146,tea,1,present,NA
1315,monsoon,Waverly,w9,2011-10-21,21/10/2011,8.5,millipede,Millipede,Diplopoda,class,diplopoda,UTM,EPSG:32643,Converted from UTM coordinates (grid 43 P of UTM Zone 43 N) to decimal degrees using QGIS,718383,1148951,76.9946574679238,10.3875816973227,forest,2,present,NA
1316,monsoon,Waverly,w9,2011-10-21,21/10/2011,8.5,mouse,Mouse,Muridae,family,mammalia,UTM,EPSG:32643,Converted from UTM coordinates (grid 43 P of UTM Zone 43 N) to decimal degrees using QGIS,718529,1147610,76.9959135493883,10.3754523206373,forest_tea,1,present,NA
1317,monsoon,Waverly,w9,2011-10-21,21/10/2011,8.5,mouse,Mouse,Muridae,family,mammalia,UTM,EPSG:32643,Converted from UTM coordinates (grid 43 P of UTM Zone 43 N) to decimal degrees using QGIS,718725,1149246,76.9977968409614,10.390228724112,forest,1,present,NA
1318,monsoon,Waverly,w9,2011-10-21,21/10/2011,8.5,snake,Pitviper,Craspedocephalus,genus,reptilia,UTM,EPSG:32643,Converted from UTM coordinates (grid 43 P of UTM Zone 43 N) to decimal degrees using QGIS,717957,1150332,76.9908471875195,10.4000885240577,forest,1,present,pit viper green
1319,monsoon,Waverly,w9,2011-10-21,21/10/2011,8.5,shield tail,Shieldtail,Uropeltidae,family,reptilia,UTM,EPSG:32643,Converted from UTM coordinates (grid 43 P of UTM Zone 43 N) to decimal degrees using QGIS,718737,1149370,76.9979135238459,10.391348856116,forest_tea,1,present,NA
1320,monsoon,Waverly,w9,2011-10-21,21/10/2011,8.5,shield tail,Shieldtail,Uropeltidae,family,reptilia,UTM,EPSG:32643,Converted from UTM coordinates (grid 43 P of UTM Zone 43 N) to decimal degrees using QGIS,718434,1149353,76.9951461513582,10.3912124166351,forest,1,present,NA
1321,monsoon,Waverly,w9,2011-10-21,21/10/2011,8.5,skink,Skink,Scincidae,family,reptilia,UTM,EPSG:32643,Converted from UTM coordinates (grid 43 P of UTM Zone 43 N) to decimal degrees using QGIS,718442,1149189,76.9952097837274,10.3897295923729,forest,1,present,NA
1322,monsoon,Waverly,w9,2011-10-21,21/10/2011,8.5,snail,Snail,Gastropoda,class,mollusca,UTM,EPSG:32643,Converted from UTM coordinates (grid 43 P of UTM Zone 43 N) to decimal degrees using QGIS,718557,1147649,76.9961714122498,10.3758032469839,forest_tea,4,present,NA
1323,monsoon,Waverly,w9,2011-10-21,21/10/2011,8.5,snail,Snail,Gastropoda,class,mollusca,UTM,EPSG:32643,Converted from UTM coordinates (grid 43 P of UTM Zone 43 N) to decimal degrees using QGIS,718687,1147990,76.9973778137617,10.3788781117664,tea,1,present,NA
1324,monsoon,Waverly,w9,2011-10-21,21/10/2011,8.5,snake,Snake,Squamata,order,reptilia,UTM,EPSG:32643,Converted from UTM coordinates (grid 43 P of UTM Zone 43 N) to decimal degrees using QGIS,718374,1149311,76.9945959409052,10.3908361923734,forest,1,present,NA
1325,monsoon,Waverly,w9,2011-10-21,21/10/2011,8.5,snake,Snake,Squamata,order,reptilia,UTM,EPSG:32643,Converted from UTM coordinates (grid 43 P of UTM Zone 43 N) to decimal degrees using QGIS,717964,1150347,76.9909119591196,10.4002237099011,forest,1,present,wOLF?
1326,monsoon,Waverly,w9,2011-10-21,21/10/2011,8.5,toad,Toad,Anura,order,amphibia,UTM,EPSG:32643,Converted from UTM coordinates (grid 43 P of UTM Zone 43 N) to decimal degrees using QGIS,718476,1147564,76.9954270472013,10.3750395399909,forest_tea,1,present,NA
1327,monsoon,Waverly,w9,2011-10-21,21/10/2011,8.5,toad,Toad,Anura,order,amphibia,UTM,EPSG:32643,Converted from UTM coordinates (grid 43 P of UTM Zone 43 N) to decimal degrees using QGIS,718684,1147993,76.997350596873,10.3789053986448,tea,1,present,NA
1328,monsoon,Waverly,w9,2011-10-21,21/10/2011,8.5,toad,Toad,Anura,order,amphibia,UTM,EPSG:32643,Converted from UTM coordinates (grid 43 P of UTM Zone 43 N) to decimal degrees using QGIS,718016,1150136,76.9913746441082,10.3983135611441,forest,1,present,NA
1329,monsoon,Waverly,w10,2011-10-31,31/10/2011,8.5,caecilian,Caecilian,Gymnophiona,order,amphibia,UTM,EPSG:32643,Converted from UTM coordinates (grid 43 P of UTM Zone 43 N) to decimal degrees using QGIS,718253,1149664,76.9935114445084,10.3940337742061,forest,1,present,NA
1330,monsoon,Waverly,w10,2011-10-31,31/10/2011,8.5,calotes,Calotes,Calotes,genus,reptilia,UTM,EPSG:32643,Converted from UTM coordinates (grid 43 P of UTM Zone 43 N) to decimal degrees using QGIS,718866,1149356,76.9990904907264,10.3912149737874,forest,1,present,GREEN1
1331,monsoon,Waverly,w10,2011-10-31,31/10/2011,8.5,earthworm,Earthworm,Annelida,phylum,annelida,UTM,EPSG:32643,Converted from UTM coordinates (grid 43 P of UTM Zone 43 N) to decimal degrees using QGIS,718372,1149325,76.9945784837528,10.3909628497438,forest,1,present,NA
1332,monsoon,Waverly,w10,2011-10-31,31/10/2011,8.5,Insect,Insects,Insecta,class,insecta,UTM,EPSG:32643,Converted from UTM coordinates (grid 43 P of UTM Zone 43 N) to decimal degrees using QGIS,718173,1149739,76.9927853336433,10.3947162283154,forest,1,present,NA
1333,monsoon,Waverly,w10,2011-10-31,31/10/2011,8.5,mouse,Mouse,Muridae,family,mammalia,UTM,EPSG:32643,Converted from UTM coordinates (grid 43 P of UTM Zone 43 N) to decimal degrees using QGIS,718585,1148685,76.9964864489587,10.3851658959758,tea,1,present,NA
1334,monsoon,Waverly,w10,2011-10-31,31/10/2011,8.5,mouse,Mouse,Muridae,family,mammalia,UTM,EPSG:32643,Converted from UTM coordinates (grid 43 P of UTM Zone 43 N) to decimal degrees using QGIS,718715,1149330,76.9977103658576,10.3909885542083,forest_tea,1,present,NA
1335,monsoon,Waverly,w10,2011-10-31,31/10/2011,8.5,snake,Pitviper,Craspedocephalus,genus,reptilia,UTM,EPSG:32643,Converted from UTM coordinates (grid 43 P of UTM Zone 43 N) to decimal degrees using QGIS,718301,1147068,76.9938009903114,10.370566187296,forest,1,present,Pit Viper
1336,monsoon,Waverly,w10,2011-10-31,31/10/2011,8.5,red vented bulbul,Red-vented bulbul,Pycnonotus cafer,species,aves,UTM,EPSG:32643,Converted from UTM coordinates (grid 43 P of UTM Zone 43 N) to decimal degrees using QGIS,718324,1148839,76.994112383079,10.3865726946816,forest,1,present,NA
1337,monsoon,Waverly,w10,2011-10-31,31/10/2011,8.5,shield tail,Shieldtail,Uropeltidae,family,reptilia,UTM,EPSG:32643,Converted from UTM coordinates (grid 43 P of UTM Zone 43 N) to decimal degrees using QGIS,718342,1147265,76.9941865710623,10.3723445195325,forest,1,present,NA
1338,monsoon,Waverly,w10,2011-10-31,31/10/2011,8.5,shield tail,Shieldtail,Uropeltidae,family,reptilia,UTM,EPSG:32643,Converted from UTM coordinates (grid 43 P of UTM Zone 43 N) to decimal degrees using QGIS,718430,1149350,76.9951094591501,10.3911855272867,forest,1,present,NA
1339,monsoon,Waverly,w10,2011-10-31,31/10/2011,8.5,snail,Snail,Gastropoda,class,mollusca,UTM,EPSG:32643,Converted from UTM coordinates (grid 43 P of UTM Zone 43 N) to decimal degrees using QGIS,718260,1147166,76.9934322893701,10.3714543179422,forest,1,present,NA
1340,monsoon,Waverly,w10,2011-10-31,31/10/2011,8.5,snail,Snail,Gastropoda,class,mollusca,UTM,EPSG:32643,Converted from UTM coordinates (grid 43 P of UTM Zone 43 N) to decimal degrees using QGIS,718236,1147250,76.9932179872253,10.3722149416369,forest,1,present,NA
1341,monsoon,Waverly,w10,2011-10-31,31/10/2011,8.5,snail,Snail,Gastropoda,class,mollusca,UTM,EPSG:32643,Converted from UTM coordinates (grid 43 P of UTM Zone 43 N) to decimal degrees using QGIS,718305,1148690,76.9939303769438,10.3852269839653,tea,1,present,NA
1342,monsoon,Waverly,w10,2011-10-31,31/10/2011,8.5,toad,Toad,Anura,order,amphibia,UTM,EPSG:32643,Converted from UTM coordinates (grid 43 P of UTM Zone 43 N) to decimal degrees using QGIS,718253,1147207,76.9933707285572,10.3718253077339,forest,1,present,NA
1343,monsoon,Waverly,w10,2011-10-31,31/10/2011,8.5,toad,Toad,Anura,order,amphibia,UTM,EPSG:32643,Converted from UTM coordinates (grid 43 P of UTM Zone 43 N) to decimal degrees using QGIS,718234,1147252,76.9931998426591,10.3722331326345,forest,1,present,NA
1344,monsoon,Waverly,w10,2011-10-31,31/10/2011,8.5,toad,Toad,Anura,order,amphibia,UTM,EPSG:32643,Converted from UTM coordinates (grid 43 P of UTM Zone 43 N) to decimal degrees using QGIS,718743,1148301,76.9979069210479,10.3816860077314,tea,1,present,NA
1345,monsoon,Waverly,w10,2011-10-31,31/10/2011,8.5,toad,Toad,Anura,order,amphibia,UTM,EPSG:32643,Converted from UTM coordinates (grid 43 P of UTM Zone 43 N) to decimal degrees using QGIS,718306,1148684,76.9939391630129,10.3851726941327,tea,1,present,NA
1346,monsoon,Waverly,w10,2011-10-31,31/10/2011,8.5,toad,Toad,Anura,order,amphibia,UTM,EPSG:32643,Converted from UTM coordinates (grid 43 P of UTM Zone 43 N) to decimal degrees using QGIS,718715,1149330,76.9977103658576,10.3909885542083,forest_tea,1,present,NA
1347,monsoon,Waverly,w10,2011-10-31,31/10/2011,8.5,toad,Toad,Anura,order,amphibia,UTM,EPSG:32643,Converted from UTM coordinates (grid 43 P of UTM Zone 43 N) to decimal degrees using QGIS,718430,1149350,76.9951094591501,10.3911855272867,forest,3,present,NA
1348,monsoon,Waverly,w10,2011-10-31,31/10/2011,8.5,toad,Toad,Anura,order,amphibia,UTM,EPSG:32643,Converted from UTM coordinates (grid 43 P of UTM Zone 43 N) to decimal degrees using QGIS,718422,1149344,76.9950360747516,10.3911317485737,forest,1,present,NA
1349,monsoon,Waverly,w10,2011-10-31,31/10/2011,8.5,toad,Toad,Anura,order,amphibia,UTM,EPSG:32643,Converted from UTM coordinates (grid 43 P of UTM Zone 43 N) to decimal degrees using QGIS,718253,1149665,76.9935115018445,10.3940428130543,forest,1,present,NA
1350,monsoon,Attakatti - 1 hpb,at1,2011-11-03,03/11/2011,6.7,frog,Frog,Anura,order,amphibia,UTM,EPSG:32643,Converted from UTM coordinates (grid 43 P of UTM Zone 43 N) to decimal degrees using QGIS,717295,1155442,76.9850954780964,10.4463146875637,forest,1,present,NA
1351,monsoon,Attakatti - 1 hpb,at1,2011-11-03,03/11/2011,6.7,shield tail,Shieldtail,Uropeltidae,family,reptilia,UTM,EPSG:32643,Converted from UTM coordinates (grid 43 P of UTM Zone 43 N) to decimal degrees using QGIS,716916,1155762,76.9816528994917,10.4492286403499,forest,1,present,NA
1352,monsoon,Attakatti - 1 hpb,at1,2011-11-03,03/11/2011,6.7,shield tail,Shieldtail,Uropeltidae,family,reptilia,UTM,EPSG:32643,Converted from UTM coordinates (grid 43 P of UTM Zone 43 N) to decimal degrees using QGIS,716965,1155843,76.9821050001138,10.4499580099496,forest,1,present,NA
1353,monsoon,Attakatti - 1 hpb,at1,2011-11-03,03/11/2011,6.7,shield tail,Shieldtail,Uropeltidae,family,reptilia,UTM,EPSG:32643,Converted from UTM coordinates (grid 43 P of UTM Zone 43 N) to decimal degrees using QGIS,716210,1155833,76.9752098969651,10.4499103838398,forest,1,present,NA
1354,monsoon,Attakatti - 1 hpb,at1,2011-11-03,03/11/2011,6.7,snake,Snake,Squamata,order,reptilia,UTM,EPSG:32643,Converted from UTM coordinates (grid 43 P of UTM Zone 43 N) to decimal degrees using QGIS,717233,1155684,76.9845431987601,10.4485056149109,forest,1,present,NA
1355,monsoon,Attakatti - 1 hpb,at1,2011-11-03,03/11/2011,6.7,snake,Snake,Squamata,order,reptilia,UTM,EPSG:32643,Converted from UTM coordinates (grid 43 P of UTM Zone 43 N) to decimal degrees using QGIS,716901,1155864,76.981521767539,10.4501514572073,forest,1,present,NA
1356,monsoon,Attakatti - 1 hpb,at1,2011-11-03,03/11/2011,6.7,toad,Toad,Anura,order,amphibia,UTM,EPSG:32643,Converted from UTM coordinates (grid 43 P of UTM Zone 43 N) to decimal degrees using QGIS,717297,1155427,76.9851128806544,10.446178990977,forest,1,present,NA
1357,monsoon,Attakatti - 1 hpb,at1,2011-11-03,03/11/2011,6.7,toad,Toad,Anura,order,amphibia,UTM,EPSG:32643,Converted from UTM coordinates (grid 43 P of UTM Zone 43 N) to decimal degrees using QGIS,717233,1155684,76.9845431987601,10.4485056149109,forest,1,present,NA
1358,monsoon,Attakatti - 1 hpb,at1,2011-11-03,03/11/2011,6.7,toad,Toad,Anura,order,amphibia,UTM,EPSG:32643,Converted from UTM coordinates (grid 43 P of UTM Zone 43 N) to decimal degrees using QGIS,716821,1155813,76.9807883003528,10.4496950109582,forest,3,present,NA
1359,monsoon,Attakatti - 1 hpb,at1,2011-11-03,03/11/2011,6.7,toad,Toad,Anura,order,amphibia,UTM,EPSG:32643,Converted from UTM coordinates (grid 43 P of UTM Zone 43 N) to decimal degrees using QGIS,716899,1155861,76.981503331984,10.4501244540037,forest,1,present,NA
1360,monsoon,Attakatti - 1 hpb,at2,2011-11-06,06/11/2011,6.7,calotes,Calotes,Calotes versicolor,species,reptilia,UTM,EPSG:32643,Converted from UTM coordinates (grid 43 P of UTM Zone 43 N) to decimal degrees using QGIS,716714,1156343,76.9798415482873,10.4544916884709,forest,1,present,VERSICOLOR
1361,monsoon,Attakatti - 1 hpb,at2,2011-11-06,06/11/2011,6.7,centipede,Centipede,Chilopoda,class,chilopoda,UTM,EPSG:32643,Converted from UTM coordinates (grid 43 P of UTM Zone 43 N) to decimal degrees using QGIS,717080,1155999,76.9831641055405,10.4513615475679,forest,1,present,NA
1362,monsoon,Attakatti - 1 hpb,at2,2011-11-06,06/11/2011,6.7,centipede,Centipede,Chilopoda,class,chilopoda,UTM,EPSG:32643,Converted from UTM coordinates (grid 43 P of UTM Zone 43 N) to decimal degrees using QGIS,716476,1155902,76.9776429129268,10.450519019129,forest,1,present,NA
1363,monsoon,Attakatti - 1 hpb,at2,2011-11-06,06/11/2011,6.7,gecko,Gecko,Squamata,order,reptilia,UTM,EPSG:32643,Converted from UTM coordinates (grid 43 P of UTM Zone 43 N) to decimal degrees using QGIS,717047,1155998,76.9828626972511,10.4513543821652,forest,1,present,NA
1364,monsoon,Attakatti - 1 hpb,at2,2011-11-06,06/11/2011,6.7,snake,Snake,Squamata,order,reptilia,UTM,EPSG:32643,Converted from UTM coordinates (grid 43 P of UTM Zone 43 N) to decimal degrees using QGIS,717147,1155642,76.9837554585344,10.4481308661713,forest,1,present,NA
1365,monsoon,Attakatti - 1 hpb,at2,2011-11-06,06/11/2011,6.7,toad,Toad,Anura,order,amphibia,UTM,EPSG:32643,Converted from UTM coordinates (grid 43 P of UTM Zone 43 N) to decimal degrees using QGIS,717245,1155635,76.9846499679035,10.448062028827,forest,1,present,NA
1366,monsoon,Attakatti - 1 hpb,at2,2011-11-06,06/11/2011,6.7,toad,Toad,Anura,order,amphibia,UTM,EPSG:32643,Converted from UTM coordinates (grid 43 P of UTM Zone 43 N) to decimal degrees using QGIS,716557,1156054,76.9783912903643,10.4518883452618,forest,1,present,NA
1367,monsoon,Attakatti - 1 hpb,at3,2011-11-09,09/11/2011,6.7,caecilian,Caecilian,Gymnophiona,order,amphibia,UTM,EPSG:32643,Converted from UTM coordinates (grid 43 P of UTM Zone 43 N) to decimal degrees using QGIS,717087,1156000,76.9832280858214,10.4513701890008,forest,1,present,NA
1368,monsoon,Attakatti - 1 hpb,at3,2011-11-09,09/11/2011,6.7,crab,Crabs,Decapoda,order,crustacea,UTM,EPSG:32643,Converted from UTM coordinates (grid 43 P of UTM Zone 43 N) to decimal degrees using QGIS,716467,1155901,76.9775606690655,10.4505104897372,forest,1,present,NA
1369,monsoon,Attakatti - 1 hpb,at3,2011-11-09,09/11/2011,6.7,millipede,Millipede,Diplopoda,class,diplopoda,UTM,EPSG:32643,Converted from UTM coordinates (grid 43 P of UTM Zone 43 N) to decimal degrees using QGIS,717087,1155695,76.9832105928237,10.4486133325926,forest,1,present,NA
1370,monsoon,Attakatti - 1 hpb,at3,2011-11-09,09/11/2011,6.7,millipede,Millipede,Diplopoda,class,diplopoda,UTM,EPSG:32643,Converted from UTM coordinates (grid 43 P of UTM Zone 43 N) to decimal degrees using QGIS,716522,1155906,76.9780632068844,10.4505525702298,forest,1,present,NA
1371,monsoon,Attakatti - 1 hpb,at3,2011-11-09,09/11/2011,6.7,shield tail,Shieldtail,Uropeltidae,family,reptilia,UTM,EPSG:32643,Converted from UTM coordinates (grid 43 P of UTM Zone 43 N) to decimal degrees using QGIS,716930,1155764,76.9817808591888,10.4492459239869,forest,1,present,NA
1372,monsoon,Attakatti - 1 hpb,at3,2011-11-09,09/11/2011,6.7,toad,Toad,Anura,order,amphibia,UTM,EPSG:32643,Converted from UTM coordinates (grid 43 P of UTM Zone 43 N) to decimal degrees using QGIS,717200,1155709,76.9842432852268,10.4487334608945,forest,1,present,NA
1373,monsoon,Attakatti - 1 hpb,at3,2011-11-09,09/11/2011,6.7,toad,Toad,Anura,order,amphibia,UTM,EPSG:32643,Converted from UTM coordinates (grid 43 P of UTM Zone 43 N) to decimal degrees using QGIS,716541,1155907,76.9782367692458,10.4505605331915,forest,1,present,NA
1374,monsoon,Attakatti - 1 hpb,at4,2011-11-14,14/11/2011,6.7,calotes,Calotes,Calotes versicolor,species,reptilia,UTM,EPSG:32643,Converted from UTM coordinates (grid 43 P of UTM Zone 43 N) to decimal degrees using QGIS,716329,1155917,76.9763013875171,10.4506629221849,forest,1,present,VERSICOLOR
1375,monsoon,Attakatti - 1 hpb,at4,2011-11-14,14/11/2011,6.7,glow worm,Glowworm,Lampyridae,family,insecta,UTM,EPSG:32643,Converted from UTM coordinates (grid 43 P of UTM Zone 43 N) to decimal degrees using QGIS,717360,1155490,76.9856917931728,10.4467448600986,forest,1,present,NA
1376,monsoon,Attakatti - 1 hpb,at4,2011-11-14,14/11/2011,6.7,grasshopper,Grasshopper,Orthoptera,order,insecta,UTM,EPSG:32643,Converted from UTM coordinates (grid 43 P of UTM Zone 43 N) to decimal degrees using QGIS,717359,1155511,76.9856838670357,10.4469347330178,forest,1,present,NA
1377,monsoon,Attakatti - 1 hpb,at4,2011-11-14,14/11/2011,6.7,grasshopper,Grasshopper,Orthoptera,order,insecta,UTM,EPSG:32643,Converted from UTM coordinates (grid 43 P of UTM Zone 43 N) to decimal degrees using QGIS,716826,1155817,76.9808341885377,10.4497308830055,forest,1,present,NA
1378,monsoon,Attakatti - 1 hpb,at4,2011-11-14,14/11/2011,6.7,snake,Snake,Squamata,order,reptilia,UTM,EPSG:32643,Converted from UTM coordinates (grid 43 P of UTM Zone 43 N) to decimal degrees using QGIS,716265,1155887,76.9757152339478,10.4503953750877,forest,1,present,NA
1379,monsoon,Attakatti - 1 hpb,at4,2011-11-14,14/11/2011,6.7,scorpion,Scorpion,Scorpiones,order,arachnida,UTM,EPSG:32643,Converted from UTM coordinates (grid 43 P of UTM Zone 43 N) to decimal degrees using QGIS,717144,1155643,76.9837281206482,10.4481400753691,forest,1,present,NA
1380,monsoon,Attakatti - 1 hpb,at4,2011-11-14,14/11/2011,6.7,shield tail,Shieldtail,Uropeltidae,family,reptilia,UTM,EPSG:32643,Converted from UTM coordinates (grid 43 P of UTM Zone 43 N) to decimal degrees using QGIS,717361,1155433,76.9856976527223,10.4462295881517,forest,1,present,NA
1381,monsoon,Attakatti - 1 hpb,at4,2011-11-14,14/11/2011,6.7,toad,Toad,Anura,order,amphibia,UTM,EPSG:32643,Converted from UTM coordinates (grid 43 P of UTM Zone 43 N) to decimal degrees using QGIS,717201,1155712,76.9842525891206,10.4487605207069,forest,1,present,NA
1382,monsoon,Attakatti - 1 hpb,at4,2011-11-14,14/11/2011,6.7,toad,Toad,Anura,order,amphibia,UTM,EPSG:32643,Converted from UTM coordinates (grid 43 P of UTM Zone 43 N) to decimal degrees using QGIS,717080,1155843,76.9831551579897,10.449951483314,forest,2,present,NA
1383,monsoon,Attakatti - 1 hpb,at4,2011-11-14,14/11/2011,6.7,three striped palm squirrel,Three-striped palm squirrel,Funambulus palmarum,species,mammalia,UTM,EPSG:32643,Converted from UTM coordinates (grid 43 P of UTM Zone 43 N) to decimal degrees using QGIS,716568,1156151,76.9784972924901,10.4527644952945,forest,1,present,NA
1384,monsoon,Attakatti - 1 hpb,at5,2011-11-17,17/11/2011,6.7,centipede,Centipede,Chilopoda,class,chilopoda,UTM,EPSG:32643,Converted from UTM coordinates (grid 43 P of UTM Zone 43 N) to decimal degrees using QGIS,717422,1155430,76.9862545129526,10.4461990050022,forest,1,present,NA
1385,monsoon,Attakatti - 1 hpb,at5,2011-11-17,17/11/2011,6.7,crab,Crabs,Decapoda,order,crustacea,UTM,EPSG:32643,Converted from UTM coordinates (grid 43 P of UTM Zone 43 N) to decimal degrees using QGIS,716714,1156343,76.9798415482873,10.4544916884709,forest,1,present,NA
1386,monsoon,Attakatti - 1 hpb,at5,2011-11-17,17/11/2011,6.7,snake,Pitviper,Craspedocephalus,genus,reptilia,UTM,EPSG:32643,Converted from UTM coordinates (grid 43 P of UTM Zone 43 N) to decimal degrees using QGIS,716984,1155793,76.9822756382368,10.4495049879341,forest,1,present,pit viper green
1387,monsoon,Attakatti - 1 hpb,at5,2011-11-17,17/11/2011,6.7,snake,Pitviper,Craspedocephalus,genus,reptilia,UTM,EPSG:32643,Converted from UTM coordinates (grid 43 P of UTM Zone 43 N) to decimal degrees using QGIS,716992,1155984,76.9823596428638,10.4512309596998,forest,1,present,pit viper green
1388,monsoon,Attakatti - 1 hpb,at5,2011-11-17,17/11/2011,6.7,snake,Snake,Squamata,order,reptilia,UTM,EPSG:32643,Converted from UTM coordinates (grid 43 P of UTM Zone 43 N) to decimal degrees using QGIS,716583,1155902,76.9786200207652,10.450512959972,forest,1,present,NA
1389,monsoon,Attakatti - 1 hpb,at5,2011-11-17,17/11/2011,6.7,snake,Snake,Squamata,order,reptilia,UTM,EPSG:32643,Converted from UTM coordinates (grid 43 P of UTM Zone 43 N) to decimal degrees using QGIS,716657,1156337,76.9793206831332,10.4544406864716,forest,1,present,coral snake
1390,monsoon,Attakatti - 1 hpb,at5,2011-11-17,17/11/2011,6.7,toad,Toad,Anura,order,amphibia,UTM,EPSG:32643,Converted from UTM coordinates (grid 43 P of UTM Zone 43 N) to decimal degrees using QGIS,716711,1156343,76.9798141524202,10.4544918585633,forest,1,present,NA
1391,monsoon,Attakatti - 1 hpb,at6,2011-11-21,21/11/2011,6.7,millipede,Millipede,Diplopoda,class,diplopoda,UTM,EPSG:32643,Converted from UTM coordinates (grid 43 P of UTM Zone 43 N) to decimal degrees using QGIS,717029,1155790,76.9826863970165,10.4494753177039,forest,1,present,NA
1392,monsoon,Attakatti - 1 hpb,at6,2011-11-21,21/11/2011,6.7,toad,Toad,Anura,order,amphibia,UTM,EPSG:32643,Converted from UTM coordinates (grid 43 P of UTM Zone 43 N) to decimal degrees using QGIS,717054,1155741,76.982911882119,10.4490309939097,forest,2,present,NA
1393,monsoon,Attakatti - 1 hpb,at7,2011-11-24,24/11/2011,6.7,crab,Crabs,Decapoda,order,crustacea,UTM,EPSG:32643,Converted from UTM coordinates (grid 43 P of UTM Zone 43 N) to decimal degrees using QGIS,717359,1155524,76.9856846133463,10.4470522382186,forest,1,present,NA
1394,monsoon,Attakatti - 1 hpb,at7,2011-11-24,24/11/2011,6.7,pill millipede,Pill millipede,Diplopoda,class,diplopoda,UTM,EPSG:32643,Converted from UTM coordinates (grid 43 P of UTM Zone 43 N) to decimal degrees using QGIS,717103,1155738,76.9833591671728,10.4490010959102,forest,1,present,NA
1395,monsoon,Attakatti - 1 hpb,at7,2011-11-24,24/11/2011,6.7,shield tail,Shieldtail,Uropeltidae,family,reptilia,UTM,EPSG:32643,Converted from UTM coordinates (grid 43 P of UTM Zone 43 N) to decimal degrees using QGIS,717394,1155433,76.9859989981931,10.4462277129132,forest,1,present,NA
1396,monsoon,Attakatti - 1 hpb,at7,2011-11-24,24/11/2011,6.7,shield tail,Shieldtail,Uropeltidae,family,reptilia,UTM,EPSG:32643,Converted from UTM coordinates (grid 43 P of UTM Zone 43 N) to decimal degrees using QGIS,717039,1156003,76.982789929219,10.4514000306723,forest,1,present,NA
1397,monsoon,Attakatti - 1 hpb,at7,2011-11-24,24/11/2011,6.7,toad,Toad,Anura,order,amphibia,UTM,EPSG:32643,Converted from UTM coordinates (grid 43 P of UTM Zone 43 N) to decimal degrees using QGIS,717359,1155524,76.9856846133463,10.4470522382186,forest,1,present,NA
1398,monsoon,Attakatti - 1 hpb,at8,2011-11-28,28/11/2011,6.7,calotes,Calotes,Calotes grandisquamis,species,reptilia,UTM,EPSG:32643,Converted from UTM coordinates (grid 43 P of UTM Zone 43 N) to decimal degrees using QGIS,716958,1155904,76.9820445740459,10.4505097787794,forest,1,present,green grandisquamis
1399,monsoon,Attakatti - 1 hpb,at8,2011-11-28,28/11/2011,6.7,pill millipede,Pill millipede,Diplopoda,class,diplopoda,UTM,EPSG:32643,Converted from UTM coordinates (grid 43 P of UTM Zone 43 N) to decimal degrees using QGIS,717030,1155941,76.9827041871503,10.4508401312623,forest,1,present,NA
1400,monsoon,Attakatti - 1 hpb,at8,2011-11-28,28/11/2011,6.7,snake,Pitviper,Craspedocephalus,genus,reptilia,UTM,EPSG:32643,Converted from UTM coordinates (grid 43 P of UTM Zone 43 N) to decimal degrees using QGIS,717049,1155856,76.9828728174961,10.4500707483875,forest,1,present,pit viper green
1401,monsoon,Attakatti - 1 hpb,at9,2011-12-10,10/12/2011,6.7,calotes,Calotes,Calotes,genus,reptilia,UTM,EPSG:32643,Converted from UTM coordinates (grid 43 P of UTM Zone 43 N) to decimal degrees using QGIS,716903,1155956,76.9815453035919,10.4509829209383,forest,1,present,green
1402,monsoon,Attakatti - 1 hpb,at9,2011-12-10,10/12/2011,6.7,snake,Snake,Squamata,order,reptilia,UTM,EPSG:32643,Converted from UTM coordinates (grid 43 P of UTM Zone 43 N) to decimal degrees using QGIS,717060,1155856,76.9829732673991,10.4500701240015,forest,1,present,brown
1403,monsoon,Attakatti - 1 hpb,at9,2011-12-10,10/12/2011,6.7,snake,Snake,Squamata,order,reptilia,UTM,EPSG:32643,Converted from UTM coordinates (grid 43 P of UTM Zone 43 N) to decimal degrees using QGIS,716626,1155887,76.9790118315769,10.4503749406972,forest,1,present,NA
1404,monsoon,Attakatti - 1 hpb,at10,2011-12-14,14/12/2011,6.7,gecko,Gecko,Squamata,order,reptilia,UTM,EPSG:32643,Converted from UTM coordinates (grid 43 P of UTM Zone 43 N) to decimal degrees using QGIS,716805,1155971,76.9806512419482,10.4511240623168,forest,1,present,NA
1405,monsoon,Attakatti - 1 hpb,at10,2011-12-14,14/12/2011,6.7,mouse,Mouse,Muridae,family,mammalia,UTM,EPSG:32643,Converted from UTM coordinates (grid 43 P of UTM Zone 43 N) to decimal degrees using QGIS,716644,1156282,76.9791988183086,10.4539442842004,forest,1,present,NA
1406,monsoon,Attakatti - 1 hpb,at10,2011-12-14,14/12/2011,6.7,snake,Snake,Squamata,order,reptilia,UTM,EPSG:32643,Converted from UTM coordinates (grid 43 P of UTM Zone 43 N) to decimal degrees using QGIS,716644,1156216,76.9791950392627,10.4533477172297,forest,1,present,NA
1407,monsoon,Attakatti - 1 hpb,at11,2011-12-17,17/12/2011,6.7,bonnet macaque,Bonnet macaque,Macaca radiata,species,mammalia,UTM,EPSG:32643,Converted from UTM coordinates (grid 43 P of UTM Zone 43 N) to decimal degrees using QGIS,716247,1155844,76.9755484037382,10.4500077197231,forest,1,present,NA
1408,monsoon,Attakatti - 1 hpb,at11,2011-12-17,17/12/2011,6.7,centipede,Centipede,Chilopoda,class,chilopoda,UTM,EPSG:32643,Converted from UTM coordinates (grid 43 P of UTM Zone 43 N) to decimal degrees using QGIS,717150,1155642,76.9837828537785,10.4481306958429,forest,2,present,NA
1409,monsoon,Waterfalls,wf1,2011-11-02,02/11/2011,5.2,centipede,Centipede,Chilopoda,class,chilopoda,UTM,EPSG:32643,Converted from UTM coordinates (grid 43 P of UTM Zone 43 N) to decimal degrees using QGIS,717875,1154053,76.9903119749812,10.433726748644,forest,1,present,NA
1410,monsoon,Waterfalls,wf1,2011-11-02,02/11/2011,5.2,centipede,Centipede,Chilopoda,class,chilopoda,UTM,EPSG:32643,Converted from UTM coordinates (grid 43 P of UTM Zone 43 N) to decimal degrees using QGIS,717554,1154278,76.9873937402727,10.4357787388415,forest,1,present,NA
1411,monsoon,Waterfalls,wf1,2011-11-02,02/11/2011,5.2,crab,Crabs,Decapoda,order,crustacea,UTM,EPSG:32643,Converted from UTM coordinates (grid 43 P of UTM Zone 43 N) to decimal degrees using QGIS,717864,1154217,76.9902209556824,10.4352097447379,forest,1,present,NA
1412,monsoon,Waterfalls,wf1,2011-11-02,02/11/2011,5.2,crab,Crabs,Decapoda,order,crustacea,UTM,EPSG:32643,Converted from UTM coordinates (grid 43 P of UTM Zone 43 N) to decimal degrees using QGIS,717410,1154553,76.9860945979622,10.4382726051462,forest,1,present,NA
1413,monsoon,Waterfalls,wf1,2011-11-02,02/11/2011,5.2,frog,Frog,Anura,order,amphibia,UTM,EPSG:32643,Converted from UTM coordinates (grid 43 P of UTM Zone 43 N) to decimal degrees using QGIS,717727,1153195,76.988911288891,10.4259798286947,forest,1,present,NA
1414,monsoon,Waterfalls,wf1,2011-11-02,02/11/2011,5.2,frog,Frog,Anura,order,amphibia,UTM,EPSG:32643,Converted from UTM coordinates (grid 43 P of UTM Zone 43 N) to decimal degrees using QGIS,717661,1153392,76.9883199400907,10.4277642323097,forest,1,present,NA
1415,monsoon,Waterfalls,wf1,2011-11-02,02/11/2011,5.2,millipede,Millipede,Diplopoda,class,diplopoda,UTM,EPSG:32643,Converted from UTM coordinates (grid 43 P of UTM Zone 43 N) to decimal degrees using QGIS,717864,1154217,76.9902209556824,10.4352097447379,forest,1,present,NA
1416,monsoon,Waterfalls,wf1,2011-11-02,02/11/2011,5.2,shield tail,Shieldtail,Uropeltidae,family,reptilia,UTM,EPSG:32643,Converted from UTM coordinates (grid 43 P of UTM Zone 43 N) to decimal degrees using QGIS,717364,1153774,76.985629884381,10.4312339384882,forest,1,present,NA
1417,monsoon,Waterfalls,wf1,2011-11-02,02/11/2011,5.2,shield tail,Shieldtail,Uropeltidae,family,reptilia,UTM,EPSG:32643,Converted from UTM coordinates (grid 43 P of UTM Zone 43 N) to decimal degrees using QGIS,717474,1154045,76.9866498640419,10.4336772279599,forest,1,present,NA
1418,monsoon,Waterfalls,wf1,2011-11-02,02/11/2011,5.2,snake,Snake,Squamata,order,reptilia,UTM,EPSG:32643,Converted from UTM coordinates (grid 43 P of UTM Zone 43 N) to decimal degrees using QGIS,717228,1153856,76.9843927319654,10.4319828404701,forest,1,present,NA
1419,monsoon,Waterfalls,wf1,2011-11-02,02/11/2011,5.2,snake,Snake,Squamata,order,reptilia,UTM,EPSG:32643,Converted from UTM coordinates (grid 43 P of UTM Zone 43 N) to decimal degrees using QGIS,717560,1154021,76.9874337793257,10.4334554112155,forest,1,present,NA
1420,monsoon,Waterfalls,wf1,2011-11-02,02/11/2011,5.2,snake,Snake,Squamata,order,reptilia,UTM,EPSG:32643,Converted from UTM coordinates (grid 43 P of UTM Zone 43 N) to decimal degrees using QGIS,717551,1154321,76.9873688141634,10.4361675801983,forest,1,present,NA
1421,monsoon,Waterfalls,wf1,2011-11-02,02/11/2011,5.2,toad,Toad,Anura,order,amphibia,UTM,EPSG:32643,Converted from UTM coordinates (grid 43 P of UTM Zone 43 N) to decimal degrees using QGIS,717667,1153365,76.9883731776722,10.4275198423666,forest,1,present,NA
1422,monsoon,Waterfalls,wf1,2011-11-02,02/11/2011,5.2,toad,Toad,Anura,order,amphibia,UTM,EPSG:32643,Converted from UTM coordinates (grid 43 P of UTM Zone 43 N) to decimal degrees using QGIS,717583,1153708,76.9876258390122,10.4306249417385,forest,1,present,NA
1423,monsoon,Waterfalls,wf1,2011-11-02,02/11/2011,5.2,toad,Toad,Anura,order,amphibia,UTM,EPSG:32643,Converted from UTM coordinates (grid 43 P of UTM Zone 43 N) to decimal degrees using QGIS,717537,1153939,76.9872190546957,10.4327155309924,forest,1,present,NA
1424,monsoon,Waterfalls,wf1,2011-11-02,02/11/2011,5.2,toad,Toad,Anura,order,amphibia,UTM,EPSG:32643,Converted from UTM coordinates (grid 43 P of UTM Zone 43 N) to decimal degrees using QGIS,717784,1154077,76.989482405914,10.4339488565208,forest,3,present,NA
1425,monsoon,Waterfalls,wf1,2011-11-02,02/11/2011,5.2,toad,Toad,Anura,order,amphibia,UTM,EPSG:32643,Converted from UTM coordinates (grid 43 P of UTM Zone 43 N) to decimal degrees using QGIS,717874,1154052,76.9903027862225,10.433717766686,forest,1,present,NA
1426,monsoon,Waterfalls,wf1,2011-11-02,02/11/2011,5.2,toad,Toad,Anura,order,amphibia,UTM,EPSG:32643,Converted from UTM coordinates (grid 43 P of UTM Zone 43 N) to decimal degrees using QGIS,717840,1154222,76.9900020909608,10.4352563042719,forest,1,present,NA
1427,monsoon,Waterfalls,wf1,2011-11-02,02/11/2011,5.2,toad,Toad,Anura,order,amphibia,UTM,EPSG:32643,Converted from UTM coordinates (grid 43 P of UTM Zone 43 N) to decimal degrees using QGIS,717331,1154642,76.9853783178625,10.4390815499688,forest,1,present,NA
1428,monsoon,Waterfalls,wf2,2011-11-05,05/11/2011,5.2,glow worm,Glowworm,Lampyridae,family,insecta,UTM,EPSG:32643,Converted from UTM coordinates (grid 43 P of UTM Zone 43 N) to decimal degrees using QGIS,717681,1153329,76.9884989477051,10.4271936483259,forest,1,present,NA
1429,monsoon,Waterfalls,wf2,2011-11-05,05/11/2011,5.2,millipede,Millipede,Diplopoda,class,diplopoda,UTM,EPSG:32643,Converted from UTM coordinates (grid 43 P of UTM Zone 43 N) to decimal degrees using QGIS,717472,1154079,76.986633551727,10.4339846628906,forest,1,present,NA
1430,monsoon,Waterfalls,wf2,2011-11-05,05/11/2011,5.2,scorpion,Scorpion,Scorpiones,order,arachnida,UTM,EPSG:32643,Converted from UTM coordinates (grid 43 P of UTM Zone 43 N) to decimal degrees using QGIS,717754,1154217,76.9892165085059,10.4352160011841,forest,1,present,NA
1431,monsoon,Waterfalls,wf2,2011-11-05,05/11/2011,5.2,shield tail,Shieldtail,Uropeltidae,family,reptilia,UTM,EPSG:32643,Converted from UTM coordinates (grid 43 P of UTM Zone 43 N) to decimal degrees using QGIS,717741,1153163,76.9890372875487,10.4256897900512,forest,1,present,NA
1432,monsoon,Waterfalls,wf2,2011-11-05,05/11/2011,5.2,snake,Snake,Squamata,order,reptilia,UTM,EPSG:32643,Converted from UTM coordinates (grid 43 P of UTM Zone 43 N) to decimal degrees using QGIS,717472,1154079,76.986633551727,10.4339846628906,forest,1,present,NA
1433,monsoon,Waterfalls,wf2,2011-11-05,05/11/2011,5.2,snake,Snake,Squamata,order,reptilia,UTM,EPSG:32643,Converted from UTM coordinates (grid 43 P of UTM Zone 43 N) to decimal degrees using QGIS,717608,1154245,76.9878849395659,10.4354773882937,forest,1,present,NA
1434,monsoon,Waterfalls,wf2,2011-11-05,05/11/2011,5.2,toad,Toad,Anura,order,amphibia,UTM,EPSG:32643,Converted from UTM coordinates (grid 43 P of UTM Zone 43 N) to decimal degrees using QGIS,717475,1154078,76.9866608883211,10.4339754536798,forest,1,present,NA
1435,monsoon,Waterfalls,wf3,2011-11-08,08/11/2011,5.2,centipede,Centipede,Chilopoda,class,chilopoda,UTM,EPSG:32643,Converted from UTM coordinates (grid 43 P of UTM Zone 43 N) to decimal degrees using QGIS,717860,1154218,76.990184487814,10.4352190111438,forest,1,present,NA
1436,monsoon,Waterfalls,wf3,2011-11-08,08/11/2011,5.2,centipede,Centipede,Chilopoda,class,chilopoda,UTM,EPSG:32643,Converted from UTM coordinates (grid 43 P of UTM Zone 43 N) to decimal degrees using QGIS,717341,1154732,76.9854747950289,10.439894480251,forest,1,present,NA
1437,monsoon,Waterfalls,wf3,2011-11-08,08/11/2011,5.2,crab,Crabs,Decapoda,order,crustacea,UTM,EPSG:32643,Converted from UTM coordinates (grid 43 P of UTM Zone 43 N) to decimal degrees using QGIS,717348,1153836,76.9854873380397,10.4317952563006,forest,1,present,NA
1438,monsoon,Waterfalls,wf3,2011-11-08,08/11/2011,5.2,earthworm,Earthworm,Annelida,phylum,annelida,UTM,EPSG:32643,Converted from UTM coordinates (grid 43 P of UTM Zone 43 N) to decimal degrees using QGIS,717499,1154016,76.9868764831281,10.4334136813415,forest,1,present,NA
1439,monsoon,Waterfalls,wf3,2011-11-08,08/11/2011,5.2,millipede,Millipede,Diplopoda,class,diplopoda,UTM,EPSG:32643,Converted from UTM coordinates (grid 43 P of UTM Zone 43 N) to decimal degrees using QGIS,717437,1153992,76.9863089659524,10.4332002687847,forest,1,present,NA
1440,monsoon,Waterfalls,wf3,2011-11-08,08/11/2011,5.2,mouse,Mouse,Muridae,family,mammalia,UTM,EPSG:32643,Converted from UTM coordinates (grid 43 P of UTM Zone 43 N) to decimal degrees using QGIS,717210,1153821,76.9842263641912,10.431667500422,forest,1,present,NA
1441,monsoon,Waterfalls,wf3,2011-11-08,08/11/2011,5.2,mouse,Mouse,Muridae,family,mammalia,UTM,EPSG:32643,Converted from UTM coordinates (grid 43 P of UTM Zone 43 N) to decimal degrees using QGIS,717535,1153914,76.9871993578522,10.4324896730412,forest,1,present,NA
1442,monsoon,Waterfalls,wf3,2011-11-08,08/11/2011,5.2,mouse,Mouse,Muridae,family,mammalia,UTM,EPSG:32643,Converted from UTM coordinates (grid 43 P of UTM Zone 43 N) to decimal degrees using QGIS,717334,1154457,76.9853951023218,10.4374091890478,forest,1,present,NA
1443,monsoon,Waterfalls,wf3,2011-11-08,08/11/2011,5.2,mouse,Mouse,Muridae,family,mammalia,UTM,EPSG:32643,Converted from UTM coordinates (grid 43 P of UTM Zone 43 N) to decimal degrees using QGIS,717509,1154458,76.9869931584768,10.4374082900333,forest,1,present,NA
1444,monsoon,Waterfalls,wf3,2011-11-08,08/11/2011,5.2,scorpion,Scorpion,Scorpiones,order,arachnida,UTM,EPSG:32643,Converted from UTM coordinates (grid 43 P of UTM Zone 43 N) to decimal degrees using QGIS,717515,1154044,76.9870241903467,10.4336658608649,forest,1,present,NA
1445,monsoon,Waterfalls,wf3,2011-11-08,08/11/2011,5.2,scorpion,Scorpion,Scorpiones,order,arachnida,UTM,EPSG:32643,Converted from UTM coordinates (grid 43 P of UTM Zone 43 N) to decimal degrees using QGIS,717346,1154460,76.9855048514798,10.4374356244524,forest,1,present,NA
1446,monsoon,Waterfalls,wf3,2011-11-08,08/11/2011,5.2,shield tail,Shieldtail,Uropeltidae,family,reptilia,UTM,EPSG:32643,Converted from UTM coordinates (grid 43 P of UTM Zone 43 N) to decimal degrees using QGIS,717366,1154452,76.9856870211567,10.4373621780978,forest,1,present,NA
1447,monsoon,Waterfalls,wf3,2011-11-08,08/11/2011,5.2,snake,Snake,Squamata,order,reptilia,UTM,EPSG:32643,Converted from UTM coordinates (grid 43 P of UTM Zone 43 N) to decimal degrees using QGIS,717366,1153773,76.9856480895514,10.4312247861399,forest,1,present,NA
1448,monsoon,Waterfalls,wf3,2011-11-08,08/11/2011,5.2,snake,Snake,Squamata,order,reptilia,UTM,EPSG:32643,Converted from UTM coordinates (grid 43 P of UTM Zone 43 N) to decimal degrees using QGIS,717451,1154082,76.9864419660816,10.4340129718499,forest,1,present,NA
1449,monsoon,Waterfalls,wf3,2011-11-08,08/11/2011,5.2,toad,Toad,Anura,order,amphibia,UTM,EPSG:32643,Converted from UTM coordinates (grid 43 P of UTM Zone 43 N) to decimal degrees using QGIS,717437,1153992,76.9863089659524,10.4332002687847,forest,1,present,NA
1450,monsoon,Waterfalls,wf4,2011-11-11,11/11/2011,5.2,calotes,Calotes,Calotes versicolor,species,reptilia,UTM,EPSG:32643,Converted from UTM coordinates (grid 43 P of UTM Zone 43 N) to decimal degrees using QGIS,717882,1154215,76.9903852047495,10.4351906429709,forest,1,present,VERSICOLOR
1451,monsoon,Waterfalls,wf4,2011-11-11,11/11/2011,5.2,centipede,Centipede,Chilopoda,class,chilopoda,UTM,EPSG:32643,Converted from UTM coordinates (grid 43 P of UTM Zone 43 N) to decimal degrees using QGIS,717561,1153899,76.9874359102639,10.4323526135067,forest,1,present,NA
1452,monsoon,Waterfalls,wf4,2011-11-11,11/11/2011,5.2,centipede,Centipede,Chilopoda,class,chilopoda,UTM,EPSG:32643,Converted from UTM coordinates (grid 43 P of UTM Zone 43 N) to decimal degrees using QGIS,717881,1154215,76.9903760734158,10.4351906998665,forest,1,present,NA
1453,monsoon,Waterfalls,wf4,2011-11-11,11/11/2011,5.2,earthworm,Earthworm,Annelida,phylum,annelida,UTM,EPSG:32643,Converted from UTM coordinates (grid 43 P of UTM Zone 43 N) to decimal degrees using QGIS,717718,1153874,76.9888680831435,10.4321177219881,forest,1,present,NA
1454,monsoon,Waterfalls,wf4,2011-11-11,11/11/2011,5.2,mouse,Mouse,Muridae,family,mammalia,UTM,EPSG:32643,Converted from UTM coordinates (grid 43 P of UTM Zone 43 N) to decimal degrees using QGIS,717551,1153743,76.9873356478553,10.4309431191167,forest,1,present,NA
1455,monsoon,Waterfalls,wf4,2011-11-11,11/11/2011,5.2,mouse,Mouse,Muridae,family,mammalia,UTM,EPSG:32643,Converted from UTM coordinates (grid 43 P of UTM Zone 43 N) to decimal degrees using QGIS,717751,1154216,76.9891890570396,10.4352071329213,forest,1,present,NA
1456,monsoon,Waterfalls,wf4,2011-11-11,11/11/2011,5.2,snake,Snake,Squamata,order,reptilia,UTM,EPSG:32643,Converted from UTM coordinates (grid 43 P of UTM Zone 43 N) to decimal degrees using QGIS,717288,1153801,76.9849374567072,10.4314822994789,forest,1,present,GREEN
1457,monsoon,Waterfalls,wf4,2011-11-11,11/11/2011,5.2,scorpion,Scorpion,Scorpiones,order,arachnida,UTM,EPSG:32643,Converted from UTM coordinates (grid 43 P of UTM Zone 43 N) to decimal degrees using QGIS,717881,1154215,76.9903760734158,10.4351906998665,forest,1,present,NA
1458,monsoon,Waterfalls,wf4,2011-11-11,11/11/2011,5.2,shield tail,Shieldtail,Uropeltidae,family,reptilia,UTM,EPSG:32643,Converted from UTM coordinates (grid 43 P of UTM Zone 43 N) to decimal degrees using QGIS,717608,1154020,76.9878720242431,10.4334436455603,forest,1,present,NA
1459,monsoon,Waterfalls,wf4,2011-11-11,11/11/2011,5.2,skink,Skink,Scincidae,family,reptilia,UTM,EPSG:32643,Converted from UTM coordinates (grid 43 P of UTM Zone 43 N) to decimal degrees using QGIS,717582,1153874,76.9876262323233,10.432125449249,forest,1,present,NA
1460,monsoon,Waterfalls,wf4,2011-11-11,11/11/2011,5.2,snail,Snail,Gastropoda,class,mollusca,UTM,EPSG:32643,Converted from UTM coordinates (grid 43 P of UTM Zone 43 N) to decimal degrees using QGIS,717613,1153573,76.9878920295792,10.4294029918869,forest,1,present,NA
1461,monsoon,Waterfalls,wf4,2011-11-11,11/11/2011,5.2,snake,Snake,Squamata,order,reptilia,UTM,EPSG:32643,Converted from UTM coordinates (grid 43 P of UTM Zone 43 N) to decimal degrees using QGIS,717549,1153965,76.987330121828,10.4329498598445,forest,1,present,NA
1462,monsoon,Waterfalls,wf4,2011-11-11,11/11/2011,5.2,snake,Snake,Squamata,order,reptilia,UTM,EPSG:32643,Converted from UTM coordinates (grid 43 P of UTM Zone 43 N) to decimal degrees using QGIS,717347,1154757,76.9855310181372,10.4401201112221,forest,1,present,NA
1463,monsoon,Waterfalls,wf4,2011-11-11,11/11/2011,5.2,toad,Toad,Anura,order,amphibia,UTM,EPSG:32643,Converted from UTM coordinates (grid 43 P of UTM Zone 43 N) to decimal degrees using QGIS,717613,1153573,76.9878920295792,10.4294029918869,forest,1,present,NA
1464,monsoon,Waterfalls,wf5,2011-11-16,16/11/2011,5.2,caecilian,Caecilian,Gymnophiona,order,amphibia,UTM,EPSG:32643,Converted from UTM coordinates (grid 43 P of UTM Zone 43 N) to decimal degrees using QGIS,717667,1153365,76.9883731776722,10.4275198423666,forest,1,present,NA
1465,monsoon,Waterfalls,wf5,2011-11-16,16/11/2011,5.2,millipede,Millipede,Diplopoda,class,diplopoda,UTM,EPSG:32643,Converted from UTM coordinates (grid 43 P of UTM Zone 43 N) to decimal degrees using QGIS,717532,1153761,76.9871631870439,10.4311068975229,forest,1,present,NA
1466,monsoon,Waterfalls,wf5,2011-11-16,16/11/2011,5.2,millipede,Millipede,Diplopoda,class,diplopoda,UTM,EPSG:32643,Converted from UTM coordinates (grid 43 P of UTM Zone 43 N) to decimal degrees using QGIS,717335,1154668,76.9854163350428,10.4393163334271,forest,1,present,NA
1467,monsoon,Waterfalls,wf5,2011-11-16,16/11/2011,5.2,mouse,Mouse,Muridae,family,mammalia,UTM,EPSG:32643,Converted from UTM coordinates (grid 43 P of UTM Zone 43 N) to decimal degrees using QGIS,717735,1153174,76.9889831323893,10.4257895582923,forest,1,present,NA
1468,monsoon,Waterfalls,wf5,2011-11-16,16/11/2011,5.2,mouse,Mouse,Muridae,family,mammalia,UTM,EPSG:32643,Converted from UTM coordinates (grid 43 P of UTM Zone 43 N) to decimal degrees using QGIS,717607,1153654,76.9878418897941,10.4301354802578,forest,1,present,NA
1469,monsoon,Waterfalls,wf5,2011-11-16,16/11/2011,5.2,mouse,Mouse,Muridae,family,mammalia,UTM,EPSG:32643,Converted from UTM coordinates (grid 43 P of UTM Zone 43 N) to decimal degrees using QGIS,717334,1154663,76.985406916775,10.4392711958655,forest,1,present,NA
1470,monsoon,Waterfalls,wf5,2011-11-16,16/11/2011,5.2,shield tail,Shieldtail,Uropeltidae,family,reptilia,UTM,EPSG:32643,Converted from UTM coordinates (grid 43 P of UTM Zone 43 N) to decimal degrees using QGIS,717612,1153629,76.9878861113775,10.4299092247991,forest,1,present,NA
1471,monsoon,Waterfalls,wf5,2011-11-16,16/11/2011,5.2,shield tail,Shieldtail,Uropeltidae,family,reptilia,UTM,EPSG:32643,Converted from UTM coordinates (grid 43 P of UTM Zone 43 N) to decimal degrees using QGIS,717449,1154071,76.986423072516,10.433913657889,forest,1,present,NA
1472,monsoon,Waterfalls,wf5,2011-11-16,16/11/2011,5.2,snake,Pitviper,Craspedocephalus,genus,reptilia,UTM,EPSG:32643,Converted from UTM coordinates (grid 43 P of UTM Zone 43 N) to decimal degrees using QGIS,717527,1153984,76.9871303236037,10.4331228476702,forest,1,present,pit viper green color
1473,monsoon,Waterfalls,wf5,2011-11-16,16/11/2011,5.2,snake,Snake,Squamata,order,reptilia,UTM,EPSG:32643,Converted from UTM coordinates (grid 43 P of UTM Zone 43 N) to decimal degrees using QGIS,717714,1153247,76.98879556877,10.4264505876468,forest,1,present,NA
1474,monsoon,Waterfalls,wf5,2011-11-16,16/11/2011,5.2,snake,Pitviper,Craspedocephalus,genus,reptilia,UTM,EPSG:32643,Converted from UTM coordinates (grid 43 P of UTM Zone 43 N) to decimal degrees using QGIS,717613,1153573,76.9878920295792,10.4294029918869,forest,1,present,pit viper
1475,monsoon,Waterfalls,wf5,2011-11-16,16/11/2011,5.2,snake,Snake,Squamata,order,reptilia,UTM,EPSG:32643,Converted from UTM coordinates (grid 43 P of UTM Zone 43 N) to decimal degrees using QGIS,717909,1154195,76.990630601048,10.4350083298707,forest,1,present,NA
1476,monsoon,Waterfalls,wf5,2011-11-16,16/11/2011,5.2,toad,Toad,Anura,order,amphibia,UTM,EPSG:32643,Converted from UTM coordinates (grid 43 P of UTM Zone 43 N) to decimal degrees using QGIS,717649,1153439,76.9882130631491,10.428189740197,forest,2,present,NA
1477,monsoon,Waterfalls,wf5,2011-11-16,16/11/2011,5.2,toad,Toad,Anura,order,amphibia,UTM,EPSG:32643,Converted from UTM coordinates (grid 43 P of UTM Zone 43 N) to decimal degrees using QGIS,717606,1153657,76.9878329307213,10.4301626536313,forest,1,present,NA
1478,monsoon,Waterfalls,wf5,2011-11-16,16/11/2011,5.2,toad,Toad,Anura,order,amphibia,UTM,EPSG:32643,Converted from UTM coordinates (grid 43 P of UTM Zone 43 N) to decimal degrees using QGIS,717530,1153763,76.9871450393018,10.4311250888107,forest,1,present,NA
1479,monsoon,Waterfalls,wf6,2011-11-19,19/11/2011,5.2,centipede,Centipede,Chilopoda,class,chilopoda,UTM,EPSG:32643,Converted from UTM coordinates (grid 43 P of UTM Zone 43 N) to decimal degrees using QGIS,717622,1153501,76.9879700792678,10.4287516828803,forest,1,present,NA
1480,monsoon,Waterfalls,wf6,2011-11-19,19/11/2011,5.2,centipede,Centipede,Chilopoda,class,chilopoda,UTM,EPSG:32643,Converted from UTM coordinates (grid 43 P of UTM Zone 43 N) to decimal degrees using QGIS,717470,1154049,76.9866135682428,10.4337136105371,forest,2,present,NA
1481,monsoon,Waterfalls,wf6,2011-11-19,19/11/2011,5.2,centipede,Centipede,Chilopoda,class,chilopoda,UTM,EPSG:32643,Converted from UTM coordinates (grid 43 P of UTM Zone 43 N) to decimal degrees using QGIS,717713,1153851,76.9888211063379,10.4319101125501,forest,1,present,NA
1482,monsoon,Waterfalls,wf6,2011-11-19,19/11/2011,5.2,centipede,Centipede,Chilopoda,class,chilopoda,UTM,EPSG:32643,Converted from UTM coordinates (grid 43 P of UTM Zone 43 N) to decimal degrees using QGIS,717613,1154244,76.9879305389361,10.4354680653057,forest,1,present,NA
1483,monsoon,Waterfalls,wf6,2011-11-19,19/11/2011,5.2,snake,Pitviper,Craspedocephalus,genus,reptilia,UTM,EPSG:32643,Converted from UTM coordinates (grid 43 P of UTM Zone 43 N) to decimal degrees using QGIS,717742,1154214,76.9891067600886,10.4351895669665,forest,1,present,pit viper brown
1484,monsoon,Waterfalls,wf6,2011-11-19,19/11/2011,5.2,toad,Toad,Anura,order,amphibia,UTM,EPSG:32643,Converted from UTM coordinates (grid 43 P of UTM Zone 43 N) to decimal degrees using QGIS,717685,1153318,76.9885348409771,10.4270939937007,forest,5,present,NA
1485,monsoon,Waterfalls,wf6,2011-11-19,19/11/2011,5.2,toad,Toad,Anura,order,amphibia,UTM,EPSG:32643,Converted from UTM coordinates (grid 43 P of UTM Zone 43 N) to decimal degrees using QGIS,717617,1153536,76.9879264314756,10.4290683269186,forest,1,present,NA
1486,monsoon,Waterfalls,wf6,2011-11-19,19/11/2011,5.2,toad,Toad,Anura,order,amphibia,UTM,EPSG:32643,Converted from UTM coordinates (grid 43 P of UTM Zone 43 N) to decimal degrees using QGIS,717615,1153612,76.9879125295591,10.4297553938071,forest,2,present,NA
1487,monsoon,Waterfalls,wf6,2011-11-19,19/11/2011,5.2,toad,Toad,Anura,order,amphibia,UTM,EPSG:32643,Converted from UTM coordinates (grid 43 P of UTM Zone 43 N) to decimal degrees using QGIS,717540,1153975,76.9872485140084,10.4330407596101,forest,2,present,NA
1488,monsoon,Waterfalls,wf6,2011-11-19,19/11/2011,5.2,toad,Toad,Anura,order,amphibia,UTM,EPSG:32643,Converted from UTM coordinates (grid 43 P of UTM Zone 43 N) to decimal degrees using QGIS,717722,1153848,76.988903115306,10.4318824844822,forest,2,present,NA
1489,monsoon,Waterfalls,wf6,2011-11-19,19/11/2011,5.2,toad,Toad,Anura,order,amphibia,UTM,EPSG:32643,Converted from UTM coordinates (grid 43 P of UTM Zone 43 N) to decimal degrees using QGIS,717738,1154214,76.9890702347254,10.4351897944011,forest,5,present,NA
1490,monsoon,Waterfalls,wf6,2011-11-19,19/11/2011,5.2,toad,Toad,Anura,order,amphibia,UTM,EPSG:32643,Converted from UTM coordinates (grid 43 P of UTM Zone 43 N) to decimal degrees using QGIS,717587,1154253,76.9876936402967,10.4355508924344,forest,4,present,NA
1491,monsoon,Waterfalls,wf7,2011-11-23,23/11/2011,5.2,millipede,Millipede,Diplopoda,class,diplopoda,UTM,EPSG:32643,Converted from UTM coordinates (grid 43 P of UTM Zone 43 N) to decimal degrees using QGIS,717354,1154791,76.9855968891856,10.4404270351713,forest,1,present,NA
1492,monsoon,Waterfalls,wf7,2011-11-23,23/11/2011,5.2,mouse,Mouse,Muridae,family,mammalia,UTM,EPSG:32643,Converted from UTM coordinates (grid 43 P of UTM Zone 43 N) to decimal degrees using QGIS,717762,1153970,76.9892753715692,10.4329829505589,forest,1,present,NA
1493,monsoon,Waterfalls,wf7,2011-11-23,23/11/2011,5.2,snake,Snake,Lycodon,genus,reptilia,UTM,EPSG:32643,Converted from UTM coordinates (grid 43 P of UTM Zone 43 N) to decimal degrees using QGIS,717722,1153214,76.9888667237952,10.4261518509732,forest,1,present,wolf snake
1494,monsoon,Waterfalls,wf7,2011-11-23,23/11/2011,5.2,snake,Snake,Squamata,order,reptilia,UTM,EPSG:32643,Converted from UTM coordinates (grid 43 P of UTM Zone 43 N) to decimal degrees using QGIS,717739,1154214,76.9890793660663,10.4351897375428,forest,1,present,coral snake
1495,monsoon,Waterfalls,wf7,2011-11-23,23/11/2011,5.2,snake,Pitviper,Craspedocephalus,genus,reptilia,UTM,EPSG:32643,Converted from UTM coordinates (grid 43 P of UTM Zone 43 N) to decimal degrees using QGIS,717354,1154791,76.9855968891856,10.4404270351713,forest,1,present,green pit viper
1496,monsoon,Waterfalls,wf7,2011-11-23,23/11/2011,5.2,toad,Toad,Anura,order,amphibia,UTM,EPSG:32643,Converted from UTM coordinates (grid 43 P of UTM Zone 43 N) to decimal degrees using QGIS,717735,1153936,76.9890268746488,10.4326771645307,forest,1,present,NA
1497,monsoon,Waterfalls,wf8,2011-11-26,26/11/2011,5.2,centipede,Centipede,Chilopoda,class,chilopoda,UTM,EPSG:32643,Converted from UTM coordinates (grid 43 P of UTM Zone 43 N) to decimal degrees using QGIS,717902,1154164,76.990564899838,10.4347285240886,forest,1,present,NA
1498,monsoon,Waterfalls,wf8,2011-11-26,26/11/2011,5.2,mouse,Mouse,Muridae,family,mammalia,UTM,EPSG:32643,Converted from UTM coordinates (grid 43 P of UTM Zone 43 N) to decimal degrees using QGIS,717399,1153895,76.9859564149395,10.432325655593,forest,1,present,NA
1499,monsoon,Waterfalls,wf8,2011-11-26,26/11/2011,5.2,snake,Snake,Squamata,order,reptilia,UTM,EPSG:32643,Converted from UTM coordinates (grid 43 P of UTM Zone 43 N) to decimal degrees using QGIS,717499,1154016,76.9868764831281,10.4334136813415,forest,1,present,NA
1500,monsoon,Waterfalls,wf8,2011-11-26,26/11/2011,5.2,toad,Toad,Anura,order,amphibia,UTM,EPSG:32643,Converted from UTM coordinates (grid 43 P of UTM Zone 43 N) to decimal degrees using QGIS,717394,1153868,76.9859092106029,10.4320818899035,forest,3,present,NA
1501,monsoon,Waterfalls,wf8,2011-11-26,26/11/2011,5.2,toad,Toad,Anura,order,amphibia,UTM,EPSG:32643,Converted from UTM coordinates (grid 43 P of UTM Zone 43 N) to decimal degrees using QGIS,717506,1154052,76.9869424675351,10.433738682875,forest,2,present,NA
1502,monsoon,Waterfalls,wf8,2011-11-26,26/11/2011,5.2,toad,Toad,Anura,order,amphibia,UTM,EPSG:32643,Converted from UTM coordinates (grid 43 P of UTM Zone 43 N) to decimal degrees using QGIS,717900,1154158,76.9905462923208,10.4346744048343,forest,1,present,NA
1503,monsoon,Waterfalls,wf8,2011-11-26,26/11/2011,5.2,toad,Toad,Anura,order,amphibia,UTM,EPSG:32643,Converted from UTM coordinates (grid 43 P of UTM Zone 43 N) to decimal degrees using QGIS,717618,1154237,76.9879757938441,10.4354045091786,forest,4,present,NA
1504,monsoon,Waterfalls,wf9,2011-11-30,30/11/2011,5.2,centipede,Centipede,Chilopoda,class,chilopoda,UTM,EPSG:32643,Converted from UTM coordinates (grid 43 P of UTM Zone 43 N) to decimal degrees using QGIS,717552,1153741,76.9873446643496,10.4309249846078,forest,1,present,NA
1505,monsoon,Waterfalls,wf9,2011-11-30,30/11/2011,5.2,centipede,Centipede,Chilopoda,class,chilopoda,UTM,EPSG:32643,Converted from UTM coordinates (grid 43 P of UTM Zone 43 N) to decimal degrees using QGIS,717317,1154621,76.9852492728371,10.4388925285342,forest,1,present,NA
1506,monsoon,Waterfalls,wf9,2011-11-30,30/11/2011,5.2,millipede,Millipede,Diplopoda,class,diplopoda,UTM,EPSG:32643,Converted from UTM coordinates (grid 43 P of UTM Zone 43 N) to decimal degrees using QGIS,717734,1153934,76.9890176285324,10.4326591436713,forest,1,present,NA
1507,monsoon,Waterfalls,wf9,2011-11-30,30/11/2011,5.2,mouse,Mouse,Muridae,family,mammalia,UTM,EPSG:32643,Converted from UTM coordinates (grid 43 P of UTM Zone 43 N) to decimal degrees using QGIS,717751,1153951,76.9891738363655,10.43281183776,forest,1,present,NA
1508,monsoon,Waterfalls,wf9,2011-11-30,30/11/2011,5.2,snake,Pitviper,Craspedocephalus,genus,reptilia,UTM,EPSG:32643,Converted from UTM coordinates (grid 43 P of UTM Zone 43 N) to decimal degrees using QGIS,717766,1153118,76.9892629815453,10.4252816213884,forest,1,present,pit viper brown
1509,monsoon,Waterfalls,wf9,2011-11-30,30/11/2011,5.2,snake,Pitviper,Craspedocephalus,genus,reptilia,UTM,EPSG:32643,Converted from UTM coordinates (grid 43 P of UTM Zone 43 N) to decimal degrees using QGIS,717457,1154064,76.9864957215538,10.4338499316239,forest,1,present,pit viper green
1510,monsoon,Waterfalls,wf9,2011-11-30,30/11/2011,5.2,snake,Snake,Squamata,order,reptilia,UTM,EPSG:32643,Converted from UTM coordinates (grid 43 P of UTM Zone 43 N) to decimal degrees using QGIS,717551,1154314,76.9873684123905,10.4361043081891,forest,1,present,NA
1511,monsoon,Waterfalls,wf9,2011-11-30,30/11/2011,5.2,toad,Toad,Anura,order,amphibia,UTM,EPSG:32643,Converted from UTM coordinates (grid 43 P of UTM Zone 43 N) to decimal degrees using QGIS,717569,1153723,76.9874988625242,10.4307613197173,forest,1,present,NA
1512,monsoon,Waterfalls,wf9,2011-11-30,30/11/2011,5.2,toad,Toad,Anura,order,amphibia,UTM,EPSG:32643,Converted from UTM coordinates (grid 43 P of UTM Zone 43 N) to decimal degrees using QGIS,717766,1153984,76.9893127007585,10.4331092670412,forest,1,present,NA
1513,monsoon,Waterfalls,wf9,2011-11-30,30/11/2011,5.2,toad,Toad,Anura,order,amphibia,UTM,EPSG:32643,Converted from UTM coordinates (grid 43 P of UTM Zone 43 N) to decimal degrees using QGIS,717751,1153951,76.9891738363655,10.43281183776,forest,1,present,NA
1514,monsoon,Waterfalls,wf10,2011-12-13,13/12/2011,5.2,mouse,Mouse,Muridae,family,mammalia,UTM,EPSG:32643,Converted from UTM coordinates (grid 43 P of UTM Zone 43 N) to decimal degrees using QGIS,717607,1153654,76.9878418897941,10.4301354802578,forest,1,present,NA
1515,monsoon,Waterfalls,wf10,2011-12-13,13/12/2011,5.2,three striped palm squirrel,Three-striped palm squirrel,Funambulus palmarum,species,mammalia,UTM,EPSG:32643,Converted from UTM coordinates (grid 43 P of UTM Zone 43 N) to decimal degrees using QGIS,717712,1153251,76.9887775361242,10.4264868566773,forest,1,present,NA
1516,monsoon,Waterfalls,wf10,2011-12-13,13/12/2011,5.2,skink,Skink,Scincidae,family,reptilia,UTM,EPSG:32643,Converted from UTM coordinates (grid 43 P of UTM Zone 43 N) to decimal degrees using QGIS,717613,1153617,76.9878945540589,10.4298007016939,forest,1,present,NA
1517,monsoon,Waterfalls,wf10,2011-12-13,13/12/2011,5.2,snake,Snake,Squamata,order,reptilia,UTM,EPSG:32643,Converted from UTM coordinates (grid 43 P of UTM Zone 43 N) to decimal degrees using QGIS,717286,1153849,76.984921944622,10.4319162788916,forest,1,present,NA
1518,monsoon,Waterfalls,wf11,2011-12-16,16/12/2011,5.2,centipede,Centipede,Chilopoda,class,chilopoda,UTM,EPSG:32643,Converted from UTM coordinates (grid 43 P of UTM Zone 43 N) to decimal degrees using QGIS,717531,1153945,76.9871646112474,10.4327701049082,forest,1,present,NA
1519,monsoon,Waterfalls,wf11,2011-12-16,16/12/2011,5.2,centipede,Centipede,Chilopoda,class,chilopoda,UTM,EPSG:32643,Converted from UTM coordinates (grid 43 P of UTM Zone 43 N) to decimal degrees using QGIS,717738,1154214,76.9890702347254,10.4351897944011,forest,1,present,NA
1520,monsoon,Waterfalls,wf11,2011-12-16,16/12/2011,5.2,snake,Snake,Squamata,order,reptilia,UTM,EPSG:32643,Converted from UTM coordinates (grid 43 P of UTM Zone 43 N) to decimal degrees using QGIS,717264,1153810,76.9847188221964,10.4315650105675,forest,1,present,NA
1521,monsoon,Waterfalls,wf11,2011-12-16,16/12/2011,5.2,snake,Snake,Squamata,order,reptilia,UTM,EPSG:32643,Converted from UTM coordinates (grid 43 P of UTM Zone 43 N) to decimal degrees using QGIS,717722,1153212,76.9888666090289,10.4261337732615,forest,1,present,NA
1522,monsoon,Waterfalls,wf11,2011-12-16,16/12/2011,5.2,millipede,Millipede,Diplopoda,class,diplopoda,UTM,EPSG:32643,Converted from UTM coordinates (grid 43 P of UTM Zone 43 N) to decimal degrees using QGIS,717493,1153784,76.9868083880394,10.4313170056894,forest,1,present,NA
1523,monsoon,Waterfalls,wf11,2011-12-16,16/12/2011,5.2,snake,Snake,Squamata,order,reptilia,UTM,EPSG:32643,Converted from UTM coordinates (grid 43 P of UTM Zone 43 N) to decimal degrees using QGIS,717615,1153607,76.9879122426799,10.4297101995117,forest,1,present,brown
1524,monsoon,Waterfalls,wf11,2011-12-16,16/12/2011,5.2,snake,Snake,Squamata,order,reptilia,UTM,EPSG:32643,Converted from UTM coordinates (grid 43 P of UTM Zone 43 N) to decimal degrees using QGIS,717477,1153979,76.986673472171,10.4330804926034,forest,1,present,brown
1525,monsoon,Waterfalls,wf11,2011-12-16,16/12/2011,5.2,snake,Snake,Squamata,order,reptilia,UTM,EPSG:32643,Converted from UTM coordinates (grid 43 P of UTM Zone 43 N) to decimal degrees using QGIS,717756,1154218,76.9892348286324,10.4352249263074,forest,1,present,brown
1526,monsoon,Waterfalls,wf11,2011-12-16,16/12/2011,5.2,shield tail,Shieldtail,Uropeltidae,family,reptilia,UTM,EPSG:32643,Converted from UTM coordinates (grid 43 P of UTM Zone 43 N) to decimal degrees using QGIS,717866,1154033,76.9902286440641,10.4335464837231,forest,1,present,NA
1527,monsoon,Waterfalls,wf11,2011-12-16,16/12/2011,5.2,snake,Snake,Squamata,order,reptilia,UTM,EPSG:32643,Converted from UTM coordinates (grid 43 P of UTM Zone 43 N) to decimal degrees using QGIS,717531,1153945,76.9871646112474,10.4327701049082,forest,1,present,NA
1528,monsoon,Waterfalls,wf11,2011-12-16,16/12/2011,5.2,toad,Toad,Anura,order,amphibia,UTM,EPSG:32643,Converted from UTM coordinates (grid 43 P of UTM Zone 43 N) to decimal degrees using QGIS,717718,1153237,76.988831519284,10.426359971873,forest,1,present,NA
1529,monsoon,Waterfalls,wf11,2011-12-16,16/12/2011,5.2,toad,Toad,Anura,order,amphibia,UTM,EPSG:32643,Converted from UTM coordinates (grid 43 P of UTM Zone 43 N) to decimal degrees using QGIS,717520,1153769,76.9870540711222,10.4311798897882,forest,1,present,NA
1530,monsoon,Waterfalls,wf11,2011-12-16,16/12/2011,5.2,toad,Toad,Anura,order,amphibia,UTM,EPSG:32643,Converted from UTM coordinates (grid 43 P of UTM Zone 43 N) to decimal degrees using QGIS,717861,1154058,76.9901844242174,10.4337727392401,forest,1,present,NA
1531,monsoon,Nallamudi,s1,2011-06-16,16/06/2011,9.3,earthworm,Earthworm,Annelida,phylum,annelida,UTM,EPSG:32643,Converted from UTM coordinates (grid 43 P of UTM Zone 43 N) to decimal degrees using QGIS,711933,1137075,76.935111158219,10.2805928926594,tea,1,present,NA
1532,monsoon,Nallamudi,s1,2011-06-16,16/06/2011,9.3,earthworm,Earthworm,Annelida,phylum,annelida,UTM,EPSG:32643,Converted from UTM coordinates (grid 43 P of UTM Zone 43 N) to decimal degrees using QGIS,711790,1136472,76.9337728178805,10.2751500237423,tea,1,present,NA
1533,monsoon,Nallamudi,s1,2011-06-16,16/06/2011,9.3,earthworm,Earthworm,Annelida,phylum,annelida,UTM,EPSG:32643,Converted from UTM coordinates (grid 43 P of UTM Zone 43 N) to decimal degrees using QGIS,711851,1135916,76.9342990022546,10.2701208858945,tea,1,present,NA
1534,monsoon,Nallamudi,s1,2011-06-16,16/06/2011,9.3,earthworm,Earthworm,Annelida,phylum,annelida,UTM,EPSG:32643,Converted from UTM coordinates (grid 43 P of UTM Zone 43 N) to decimal degrees using QGIS,711917,1135740,76.9348917009505,10.2685263873322,tea,1,present,NA
1535,monsoon,Nallamudi,s1,2011-06-16,16/06/2011,9.3,earthworm,Earthworm,Annelida,phylum,annelida,UTM,EPSG:32643,Converted from UTM coordinates (grid 43 P of UTM Zone 43 N) to decimal degrees using QGIS,711916,1134771,76.9348293380151,10.2597674180387,tea,1,present,NA
1536,monsoon,Nallamudi,s1,2011-06-16,16/06/2011,9.3,frog/toad,Frog or toad,Anura,order,amphibia,UTM,EPSG:32643,Converted from UTM coordinates (grid 43 P of UTM Zone 43 N) to decimal degrees using QGIS,713088,1138935,76.9457560119916,10.2973426193769,tea,1,present,NA
1537,monsoon,Nallamudi,s1,2011-06-16,16/06/2011,9.3,frog/toad,Frog or toad,Anura,order,amphibia,UTM,EPSG:32643,Converted from UTM coordinates (grid 43 P of UTM Zone 43 N) to decimal degrees using QGIS,712699,1137855,76.9421456498188,10.2876016338561,tea,1,present,NA
1538,monsoon,Nallamudi,s1,2011-06-16,16/06/2011,9.3,frog/toad,Frog or toad,Anura,order,amphibia,UTM,EPSG:32643,Converted from UTM coordinates (grid 43 P of UTM Zone 43 N) to decimal degrees using QGIS,712330,1137745,76.9387715931767,10.2866275031361,tea,1,present,NA
1539,monsoon,Nallamudi,s1,2011-06-16,16/06/2011,9.3,frog/toad,Frog or toad,Anura,order,amphibia,UTM,EPSG:32643,Converted from UTM coordinates (grid 43 P of UTM Zone 43 N) to decimal degrees using QGIS,711932,1136903,76.9350925655906,10.2790381995753,tea,1,present,NA
1540,monsoon,Nallamudi,s1,2011-06-16,16/06/2011,9.3,frog/toad,Frog or toad,Anura,order,amphibia,UTM,EPSG:32643,Converted from UTM coordinates (grid 43 P of UTM Zone 43 N) to decimal degrees using QGIS,711801,1134484,76.9337640324658,10.2571794065884,tea,1,present,NA
1541,monsoon,Nallamudi,s1,2011-06-16,16/06/2011,9.3,frog/toad,Frog or toad,Anura,order,amphibia,UTM,EPSG:32643,Converted from UTM coordinates (grid 43 P of UTM Zone 43 N) to decimal degrees using QGIS,712092,1135438,76.9364722829841,10.2657870095779,tea,1,present,NA
1542,monsoon,Nallamudi,s1,2011-06-16,16/06/2011,9.3,frog,Frog,Anura,order,amphibia,UTM,EPSG:32643,Converted from UTM coordinates (grid 43 P of UTM Zone 43 N) to decimal degrees using QGIS,713382,1141311,76.9485715513183,10.3188034714239,tea,1,present,NA
1543,monsoon,Nallamudi,s1,2011-06-16,16/06/2011,9.3,frog,Frog,Anura,order,amphibia,UTM,EPSG:32643,Converted from UTM coordinates (grid 43 P of UTM Zone 43 N) to decimal degrees using QGIS,711929,1136962,76.9350684308899,10.2795716776734,tea,1,present,NA
1544,monsoon,Nallamudi,s1,2011-06-16,16/06/2011,9.3,frog,Frog,Anura,order,amphibia,UTM,EPSG:32643,Converted from UTM coordinates (grid 43 P of UTM Zone 43 N) to decimal degrees using QGIS,711924,1136884,76.9350185031602,10.2788668901567,tea,1,present,NA
1545,monsoon,Nallamudi,s1,2011-06-16,16/06/2011,9.3,frog,Frog,Anura,order,amphibia,UTM,EPSG:32643,Converted from UTM coordinates (grid 43 P of UTM Zone 43 N) to decimal degrees using QGIS,711869,1136789,76.9345112860233,10.2780111597304,tea,1,present,NA
1546,monsoon,Nallamudi,s1,2011-06-16,16/06/2011,9.3,frog,Frog,Anura,order,amphibia,UTM,EPSG:32643,Converted from UTM coordinates (grid 43 P of UTM Zone 43 N) to decimal degrees using QGIS,711784,1136577,76.933723827611,10.2760994705655,tea,1,present,NA
1547,monsoon,Nallamudi,s1,2011-06-16,16/06/2011,9.3,frog,Frog,Anura,order,amphibia,UTM,EPSG:32643,Converted from UTM coordinates (grid 43 P of UTM Zone 43 N) to decimal degrees using QGIS,711839,1136442,76.9342183921479,10.2748761787487,tea,1,present,NA
1548,monsoon,Nallamudi,s1,2011-06-16,16/06/2011,9.3,frog,Frog,Anura,order,amphibia,UTM,EPSG:32643,Converted from UTM coordinates (grid 43 P of UTM Zone 43 N) to decimal degrees using QGIS,711855,1136222,76.93435232899,10.2728866752623,tea,1,present,NA
1549,monsoon,Nallamudi,s1,2011-06-16,16/06/2011,9.3,frog,Frog,Anura,order,amphibia,UTM,EPSG:32643,Converted from UTM coordinates (grid 43 P of UTM Zone 43 N) to decimal degrees using QGIS,711816,1136126,76.9339911018371,10.2720210313423,tea,1,present,NA
1550,monsoon,Nallamudi,s1,2011-06-16,16/06/2011,9.3,frog,Frog,Anura,order,amphibia,UTM,EPSG:32643,Converted from UTM coordinates (grid 43 P of UTM Zone 43 N) to decimal degrees using QGIS,712138,1135339,76.9368866672628,10.2648896202006,tea,1,present,NA
1551,monsoon,Nallamudi,s1,2011-06-16,16/06/2011,9.3,frog,Frog,Anura,order,amphibia,UTM,EPSG:32643,Converted from UTM coordinates (grid 43 P of UTM Zone 43 N) to decimal degrees using QGIS,713301,1141146,76.9478229930572,10.3173164744521,tea,1,present,NA
1552,monsoon,Nallamudi,s1,2011-06-16,16/06/2011,9.3,frog,Frog,Anura,order,amphibia,UTM,EPSG:32643,Converted from UTM coordinates (grid 43 P of UTM Zone 43 N) to decimal degrees using QGIS,713292,1141123,76.9477395609611,10.3171090697121,tea,1,present,NA
1553,monsoon,Nallamudi,s1,2011-06-16,16/06/2011,9.3,frog,Frog,Anura,order,amphibia,UTM,EPSG:32643,Converted from UTM coordinates (grid 43 P of UTM Zone 43 N) to decimal degrees using QGIS,713257,1140859,76.9474054025522,10.3147246624952,tea,1,present,NA
1554,monsoon,Nallamudi,s1,2011-06-16,16/06/2011,9.3,frog,Frog,Anura,order,amphibia,UTM,EPSG:32643,Converted from UTM coordinates (grid 43 P of UTM Zone 43 N) to decimal degrees using QGIS,713236,1140741,76.9472071561763,10.3136591989076,tea,1,present,NA
1555,monsoon,Nallamudi,s1,2011-06-16,16/06/2011,9.3,frog,Frog,Anura,order,amphibia,UTM,EPSG:32643,Converted from UTM coordinates (grid 43 P of UTM Zone 43 N) to decimal degrees using QGIS,713135,1139820,76.94623409602,10.3053396942662,tea,1,present,NA
1556,monsoon,Nallamudi,s1,2011-06-17,17/06/2011,9.3,frog,Frog,Anura,order,amphibia,UTM,EPSG:32643,Converted from UTM coordinates (grid 43 P of UTM Zone 43 N) to decimal degrees using QGIS,713056,1138020,76.9454132387184,10.2890735379586,tea,1,present,NA
1557,monsoon,Nallamudi,s1,2011-06-17,17/06/2011,9.3,frog,Frog,Anura,order,amphibia,UTM,EPSG:32643,Converted from UTM coordinates (grid 43 P of UTM Zone 43 N) to decimal degrees using QGIS,712329,1137744,76.9387624106859,10.2866185185702,tea,1,present,NA
1558,monsoon,Nallamudi,s1,2011-06-17,17/06/2011,9.3,frog,Frog,Anura,order,amphibia,UTM,EPSG:32643,Converted from UTM coordinates (grid 43 P of UTM Zone 43 N) to decimal degrees using QGIS,711890,1137124,76.9347213864122,10.2810381585379,tea,1,present,NA
1559,monsoon,Nallamudi,s1,2011-06-17,17/06/2011,9.3,millipede,Millipede,Diplopoda,class,diplopoda,UTM,EPSG:32643,Converted from UTM coordinates (grid 43 P of UTM Zone 43 N) to decimal degrees using QGIS,713027,1138637,76.9451827175634,10.2946522957108,tea,1,present,NA
1560,monsoon,Nallamudi,s1,2011-06-17,17/06/2011,9.3,millipede,Millipede,Diplopoda,class,diplopoda,UTM,EPSG:32643,Converted from UTM coordinates (grid 43 P of UTM Zone 43 N) to decimal degrees using QGIS,713053,1138116,76.945391172914,10.2899414627459,tea,1,present,NA
1561,monsoon,Nallamudi,s1,2011-06-17,17/06/2011,9.3,millipede,Millipede,Diplopoda,class,diplopoda,UTM,EPSG:32643,Converted from UTM coordinates (grid 43 P of UTM Zone 43 N) to decimal degrees using QGIS,713061,1138096,76.9454630842942,10.2897602406019,tea,1,present,NA
1562,monsoon,Nallamudi,s1,2011-06-17,17/06/2011,9.3,millipede,Millipede,Diplopoda,class,diplopoda,UTM,EPSG:32643,Converted from UTM coordinates (grid 43 P of UTM Zone 43 N) to decimal degrees using QGIS,713063,1139059,76.9455346953393,10.2984648479854,tea,1,present,NA
1563,monsoon,Nallamudi,s1,2011-06-17,17/06/2011,9.3,millipede,Millipede,Diplopoda,class,diplopoda,UTM,EPSG:32643,Converted from UTM coordinates (grid 43 P of UTM Zone 43 N) to decimal degrees using QGIS,713022,1137956,76.9450993653383,10.288496895433,tea,1,present,NA
1564,monsoon,Nallamudi,s1,2011-06-17,17/06/2011,9.3,slug,Slug,Gastropoda,class,mollusca,UTM,EPSG:32643,Converted from UTM coordinates (grid 43 P of UTM Zone 43 N) to decimal degrees using QGIS,713262,1140917,76.9474542663889,10.315248657688,tea,1,present,NA
1565,monsoon,Nallamudi,s1,2011-06-17,17/06/2011,9.3,slug,Slug,Gastropoda,class,mollusca,UTM,EPSG:32643,Converted from UTM coordinates (grid 43 P of UTM Zone 43 N) to decimal degrees using QGIS,711932,1136903,76.9350925655906,10.2790381995753,tea,1,present,NA
1566,monsoon,Nallamudi,s1,2011-06-17,17/06/2011,9.3,slug,Slug,Gastropoda,class,mollusca,UTM,EPSG:32643,Converted from UTM coordinates (grid 43 P of UTM Zone 43 N) to decimal degrees using QGIS,711909,1136853,76.9348798908182,10.2785874913554,tea,1,present,NA
1567,monsoon,Nallamudi,s1,2011-06-17,17/06/2011,9.3,slug,Slug,Gastropoda,class,mollusca,UTM,EPSG:32643,Converted from UTM coordinates (grid 43 P of UTM Zone 43 N) to decimal degrees using QGIS,711872,1136794,76.9345389423337,10.2780561924728,tea,1,present,NA
1568,monsoon,Nallamudi,s1,2011-06-17,17/06/2011,9.3,slug,Slug,Gastropoda,class,mollusca,UTM,EPSG:32643,Converted from UTM coordinates (grid 43 P of UTM Zone 43 N) to decimal degrees using QGIS,711806,1136617,76.9339268217037,10.2764598422817,tea,1,present,NA
1569,monsoon,Nallamudi,s1,2011-06-17,17/06/2011,9.3,slug,Slug,Gastropoda,class,mollusca,UTM,EPSG:32643,Converted from UTM coordinates (grid 43 P of UTM Zone 43 N) to decimal degrees using QGIS,711792,1136595,76.9337978335001,10.2762617413137,tea,1,present,NA
1570,monsoon,Nallamudi,s1,2011-06-17,17/06/2011,9.3,slug,Slug,Gastropoda,class,mollusca,UTM,EPSG:32643,Converted from UTM coordinates (grid 43 P of UTM Zone 43 N) to decimal degrees using QGIS,711828,1135801,76.9340827653476,10.2690826249341,tea,1,present,NA
1571,monsoon,Nallamudi,s1,2011-06-17,17/06/2011,9.3,slug,Slug,Gastropoda,class,mollusca,UTM,EPSG:32643,Converted from UTM coordinates (grid 43 P of UTM Zone 43 N) to decimal degrees using QGIS,713078,1138962,76.9456662327031,10.2975872257205,tea,1,present,NA
1572,monsoon,Nallamudi,s1,2011-06-17,17/06/2011,9.3,slug,Slug,Gastropoda,class,mollusca,UTM,EPSG:32643,Converted from UTM coordinates (grid 43 P of UTM Zone 43 N) to decimal degrees using QGIS,713128,1138796,76.9461134095748,10.2960839799571,tea,1,present,NA
1573,monsoon,Nallamudi,s1,2011-06-17,17/06/2011,9.3,slug,Slug,Gastropoda,class,mollusca,UTM,EPSG:32643,Converted from UTM coordinates (grid 43 P of UTM Zone 43 N) to decimal degrees using QGIS,712922,1137917,76.9441844732519,10.2881498491665,tea,1,present,NA
1574,monsoon,Nallamudi,s1,2011-06-17,17/06/2011,9.3,slug,Slug,Gastropoda,class,mollusca,UTM,EPSG:32643,Converted from UTM coordinates (grid 43 P of UTM Zone 43 N) to decimal degrees using QGIS,711864,1137144,76.9344851801703,10.2812203600416,tea,1,present,NA
1575,monsoon,Nallamudi,s1,2011-06-17,17/06/2011,9.3,slug,Slug,Gastropoda,class,mollusca,UTM,EPSG:32643,Converted from UTM coordinates (grid 43 P of UTM Zone 43 N) to decimal degrees using QGIS,711865,1137141,76.9344941422892,10.2811931878517,tea,1,present,NA
1576,monsoon,Nallamudi,s1,2011-06-17,17/06/2011,9.3,slug,Slug,Gastropoda,class,mollusca,UTM,EPSG:32643,Converted from UTM coordinates (grid 43 P of UTM Zone 43 N) to decimal degrees using QGIS,711909,1137106,76.9348938122249,10.2808744168872,tea,1,present,NA
1577,monsoon,Nallamudi,s1,2011-06-17,17/06/2011,9.3,slug,Slug,Gastropoda,class,mollusca,UTM,EPSG:32643,Converted from UTM coordinates (grid 43 P of UTM Zone 43 N) to decimal degrees using QGIS,711908,1137106,76.9348846850514,10.2808744713886,tea,1,present,NA
1578,monsoon,Nallamudi,s1,2011-06-17,17/06/2011,9.3,slug,Slug,Gastropoda,class,mollusca,UTM,EPSG:32643,Converted from UTM coordinates (grid 43 P of UTM Zone 43 N) to decimal degrees using QGIS,711924,1137087,76.9350296741521,10.2807018539655,tea,1,present,NA
1579,monsoon,Nallamudi,s1,2011-06-17,17/06/2011,9.3,snail,Snail,Gastropoda,class,mollusca,UTM,EPSG:32643,Converted from UTM coordinates (grid 43 P of UTM Zone 43 N) to decimal degrees using QGIS,711923,1136873,76.9350087707833,10.2787675131079,tea,1,present,NA
1580,monsoon,Nallamudi,s1,2011-06-17,17/06/2011,9.3,snake,Snake,Squamata,order,reptilia,UTM,EPSG:32643,Converted from UTM coordinates (grid 43 P of UTM Zone 43 N) to decimal degrees using QGIS,713080,1140166,76.9457512633545,10.3084702647283,tea,1,present,NA
1581,monsoon,Nallamudi,s1,2011-06-17,17/06/2011,9.3,toad,Toad,Anura,order,amphibia,UTM,EPSG:32643,Converted from UTM coordinates (grid 43 P of UTM Zone 43 N) to decimal degrees using QGIS,713420,1141468,76.9489271585275,10.3202205219194,tea,1,present,NA
1582,monsoon,Nallamudi,s1,2011-06-17,17/06/2011,9.3,toad,Toad,Anura,order,amphibia,UTM,EPSG:32643,Converted from UTM coordinates (grid 43 P of UTM Zone 43 N) to decimal degrees using QGIS,713070,1139039,76.9455974800388,10.2982836804549,tea,1,present,NA
1583,monsoon,Nallamudi,s1,2011-06-17,17/06/2011,9.3,ui,Animals,Animalia,kingdom,ui,UTM,EPSG:32643,Converted from UTM coordinates (grid 43 P of UTM Zone 43 N) to decimal degrees using QGIS,713131,1139830,76.9461981396393,10.3054303056256,tea,1,present,NA
1584,monsoon,Nallamudi,s1,2011-06-17,17/06/2011,9.3,ui bird,Birds,Aves,class,aves,UTM,EPSG:32643,Converted from UTM coordinates (grid 43 P of UTM Zone 43 N) to decimal degrees using QGIS,713197,1139724,76.9467946922223,10.3044685281708,tea,1,present,NA
1585,monsoon,Nallamudi,s2,2011-07-05,05/07/2011,9.3,earthworm,Earthworm,Annelida,phylum,annelida,UTM,EPSG:32643,Converted from UTM coordinates (grid 43 P of UTM Zone 43 N) to decimal degrees using QGIS,711833,1136071,76.9341432367026,10.2715229478133,tea,1,present,NA
1586,monsoon,Nallamudi,s2,2011-07-05,05/07/2011,9.3,frog/toad,Frog or toad,Anura,order,amphibia,UTM,EPSG:32643,Converted from UTM coordinates (grid 43 P of UTM Zone 43 N) to decimal degrees using QGIS,712332,1137746,76.9387899029859,10.2866364330603,tea,1,present,NA
1587,monsoon,Nallamudi,s2,2011-07-05,05/07/2011,9.3,frog,Frog,Anura,order,amphibia,UTM,EPSG:32643,Converted from UTM coordinates (grid 43 P of UTM Zone 43 N) to decimal degrees using QGIS,713080,1140493,76.945769412055,10.3114260687541,tea,1,present,NA
1588,monsoon,Nallamudi,s2,2011-07-05,05/07/2011,9.3,frog,Frog,Anura,order,amphibia,UTM,EPSG:32643,Converted from UTM coordinates (grid 43 P of UTM Zone 43 N) to decimal degrees using QGIS,711925,1136881,76.9350274652018,10.2788397179688,tea,1,present,NA
1589,monsoon,Nallamudi,s2,2011-07-05,05/07/2011,9.3,frog,Frog,Anura,order,amphibia,UTM,EPSG:32643,Converted from UTM coordinates (grid 43 P of UTM Zone 43 N) to decimal degrees using QGIS,711922,1136864,76.9349991484637,10.2786862145197,tea,1,present,NA
1590,monsoon,Nallamudi,s2,2011-07-05,05/07/2011,9.3,frog,Frog,Anura,order,amphibia,UTM,EPSG:32643,Converted from UTM coordinates (grid 43 P of UTM Zone 43 N) to decimal degrees using QGIS,711874,1136836,76.9345595068529,10.2784357313442,tea,1,present,NA
1591,monsoon,Nallamudi,s2,2011-07-05,05/07/2011,9.3,frog,Frog,Anura,order,amphibia,UTM,EPSG:32643,Converted from UTM coordinates (grid 43 P of UTM Zone 43 N) to decimal degrees using QGIS,711814,1136700,76.9340044018179,10.2772096633937,tea,1,present,NA
1592,monsoon,Nallamudi,s2,2011-07-05,05/07/2011,9.3,frog,Frog,Anura,order,amphibia,UTM,EPSG:32643,Converted from UTM coordinates (grid 43 P of UTM Zone 43 N) to decimal degrees using QGIS,711812,1136649,76.9339833434552,10.2767487711841,tea,1,present,NA
1593,monsoon,Nallamudi,s2,2011-07-05,05/07/2011,9.3,frog,Frog,Anura,order,amphibia,UTM,EPSG:32643,Converted from UTM coordinates (grid 43 P of UTM Zone 43 N) to decimal degrees using QGIS,711779,1136505,76.9336742346083,10.2754489174972,tea,1,present,NA
1594,monsoon,Nallamudi,s2,2011-07-05,05/07/2011,9.3,frog,Frog,Anura,order,amphibia,UTM,EPSG:32643,Converted from UTM coordinates (grid 43 P of UTM Zone 43 N) to decimal degrees using QGIS,711833,1136071,76.9341432367026,10.2715229478133,tea,1,present,NA
1595,monsoon,Nallamudi,s2,2011-07-05,05/07/2011,9.3,frog,Frog,Anura,order,amphibia,UTM,EPSG:32643,Converted from UTM coordinates (grid 43 P of UTM Zone 43 N) to decimal degrees using QGIS,711983,1134861,76.9354457620635,10.2605773049254,tea,1,present,NA
1596,monsoon,Nallamudi,s2,2011-07-05,05/07/2011,9.3,frog,Frog,Anura,order,amphibia,UTM,EPSG:32643,Converted from UTM coordinates (grid 43 P of UTM Zone 43 N) to decimal degrees using QGIS,713140,1139810,76.9462791801965,10.3052490279556,tea,1,present,NA
1597,monsoon,Nallamudi,s2,2011-07-05,05/07/2011,9.3,frog,Frog,Anura,order,amphibia,UTM,EPSG:32643,Converted from UTM coordinates (grid 43 P of UTM Zone 43 N) to decimal degrees using QGIS,713057,1139074,76.9454807610598,10.2986007648025,tea,1,present,NA
1598,monsoon,Nallamudi,s2,2011-07-05,05/07/2011,9.3,frog,Frog,Anura,order,amphibia,UTM,EPSG:32643,Converted from UTM coordinates (grid 43 P of UTM Zone 43 N) to decimal degrees using QGIS,713062,1139058,76.9455255122874,10.2984558637154,tea,1,present,NA
1599,monsoon,Nallamudi,s2,2011-07-05,05/07/2011,9.3,frog,Frog,Anura,order,amphibia,UTM,EPSG:32643,Converted from UTM coordinates (grid 43 P of UTM Zone 43 N) to decimal degrees using QGIS,713065,1139056,76.9455527842869,10.2984376207065,tea,1,present,NA
1600,monsoon,Nallamudi,s2,2011-07-05,05/07/2011,9.3,frog,Frog,Anura,order,amphibia,UTM,EPSG:32643,Converted from UTM coordinates (grid 43 P of UTM Zone 43 N) to decimal degrees using QGIS,713078,1139006,76.9456686716706,10.2979849489066,tea,1,present,NA
1601,monsoon,Nallamudi,s2,2011-07-05,05/07/2011,9.3,frog,Frog,Anura,order,amphibia,UTM,EPSG:32643,Converted from UTM coordinates (grid 43 P of UTM Zone 43 N) to decimal degrees using QGIS,713039,1138350,76.9452763491252,10.292057396152,tea,1,present,NA
1602,monsoon,Nallamudi,s2,2011-07-06,06/07/2011,9.3,frog,Frog,Anura,order,amphibia,UTM,EPSG:32643,Converted from UTM coordinates (grid 43 P of UTM Zone 43 N) to decimal degrees using QGIS,712650,1137832,76.9416971397052,10.287396414482,tea,1,present,NA
1603,monsoon,Nallamudi,s2,2011-07-06,06/07/2011,9.3,frog,Frog,Anura,order,amphibia,UTM,EPSG:32643,Converted from UTM coordinates (grid 43 P of UTM Zone 43 N) to decimal degrees using QGIS,711940,1137061,76.9351742778366,10.2804659618988,tea,1,present,NA
1604,monsoon,Nallamudi,s2,2011-07-06,06/07/2011,9.3,caecilian,Caecilian,Gymnophiona,order,amphibia,UTM,EPSG:32643,Converted from UTM coordinates (grid 43 P of UTM Zone 43 N) to decimal degrees using QGIS,713533,1141504,76.9499606524731,10.3205397020737,tea,1,present,NA
1605,monsoon,Nallamudi,s2,2011-07-06,06/07/2011,9.3,caecilian,Caecilian,Gymnophiona,order,amphibia,UTM,EPSG:32643,Converted from UTM coordinates (grid 43 P of UTM Zone 43 N) to decimal degrees using QGIS,713075,1140149,76.9457046804766,10.3083168738159,tea,1,present,NA
1606,monsoon,Nallamudi,s2,2011-07-06,06/07/2011,9.3,caecilian,Caecilian,Gymnophiona,order,amphibia,UTM,EPSG:32643,Converted from UTM coordinates (grid 43 P of UTM Zone 43 N) to decimal degrees using QGIS,713180,1139635,76.9466345809379,10.3036649777126,tea,1,present,NA
1607,monsoon,Nallamudi,s2,2011-07-06,06/07/2011,9.3,centipede,Centipede,Chilopoda,class,chilopoda,UTM,EPSG:32643,Converted from UTM coordinates (grid 43 P of UTM Zone 43 N) to decimal degrees using QGIS,713065,1139056,76.9455527842869,10.2984376207065,tea,1,present,NA
1608,monsoon,Nallamudi,s2,2011-07-06,06/07/2011,9.3,slug,Slug,Gastropoda,class,mollusca,UTM,EPSG:32643,Converted from UTM coordinates (grid 43 P of UTM Zone 43 N) to decimal degrees using QGIS,713186,1139670,76.9466912897948,10.3039810183997,tea,1,present,NA
1609,monsoon,Nallamudi,s2,2011-07-06,06/07/2011,9.3,slug,Slug,Gastropoda,class,mollusca,UTM,EPSG:32643,Converted from UTM coordinates (grid 43 P of UTM Zone 43 N) to decimal degrees using QGIS,711874,1136810,76.9345580766378,10.2782007112629,tea,1,present,NA
1610,monsoon,Nallamudi,s2,2011-07-06,06/07/2011,9.3,slug,Slug,Gastropoda,class,mollusca,UTM,EPSG:32643,Converted from UTM coordinates (grid 43 P of UTM Zone 43 N) to decimal degrees using QGIS,712731,1137859,76.9424379453981,10.2876360387547,tea,1,present,NA
1611,monsoon,Nallamudi,s2,2011-07-06,06/07/2011,9.3,slug,Slug,Gastropoda,class,mollusca,UTM,EPSG:32643,Converted from UTM coordinates (grid 43 P of UTM Zone 43 N) to decimal degrees using QGIS,712204,1137623,76.937614823947,10.2855316018486,tea,1,present,NA
1612,monsoon,Nallamudi,s2,2011-07-06,06/07/2011,9.3,slug,Slug,Gastropoda,class,mollusca,UTM,EPSG:32643,Converted from UTM coordinates (grid 43 P of UTM Zone 43 N) to decimal degrees using QGIS,711865,1137323,76.9345041571655,10.2828383281047,tea,1,present,NA
1613,monsoon,Nallamudi,s2,2011-07-06,06/07/2011,9.3,slug,Slug,Gastropoda,class,mollusca,UTM,EPSG:32643,Converted from UTM coordinates (grid 43 P of UTM Zone 43 N) to decimal degrees using QGIS,711864,1137144,76.9344851801703,10.2812203600416,tea,1,present,NA
1614,monsoon,Nallamudi,s2,2011-07-06,06/07/2011,9.3,slug,Slug,Gastropoda,class,mollusca,UTM,EPSG:32643,Converted from UTM coordinates (grid 43 P of UTM Zone 43 N) to decimal degrees using QGIS,711867,1137142,76.9345124516813,10.2812021180998,tea,1,present,NA
1615,monsoon,Nallamudi,s2,2011-07-06,06/07/2011,9.3,slug,Slug,Gastropoda,class,mollusca,UTM,EPSG:32643,Converted from UTM coordinates (grid 43 P of UTM Zone 43 N) to decimal degrees using QGIS,711880,1137133,76.9346306098478,10.2811200565882,tea,1,present,NA
1616,monsoon,Nallamudi,s2,2011-07-06,06/07/2011,9.3,slug,Slug,Gastropoda,class,mollusca,UTM,EPSG:32643,Converted from UTM coordinates (grid 43 P of UTM Zone 43 N) to decimal degrees using QGIS,711931,1136945,76.9350857496551,10.2794179017566,tea,1,present,NA
1617,monsoon,Nallamudi,s2,2011-07-06,06/07/2011,9.3,slug,Slug,Gastropoda,class,mollusca,UTM,EPSG:32643,Converted from UTM coordinates (grid 43 P of UTM Zone 43 N) to decimal degrees using QGIS,711882,1136846,76.9346330738057,10.2785256878354,tea,1,present,NA
1618,monsoon,Nallamudi,s2,2011-07-06,06/07/2011,9.3,shield tail,Shieldtail,Uropeltidae,family,reptilia,UTM,EPSG:32643,Converted from UTM coordinates (grid 43 P of UTM Zone 43 N) to decimal degrees using QGIS,712136,1135207,76.9368611542438,10.2636965508781,tea,1,present,NA
1619,monsoon,Nallamudi,s3,2011-08-13,13/08/2011,9.3,cricket,Cricket,Orthoptera,order,insecta,UTM,EPSG:32643,Converted from UTM coordinates (grid 43 P of UTM Zone 43 N) to decimal degrees using QGIS,711779,1136534,76.9336758286858,10.2757110554617,tea,1,present,NA
1620,monsoon,Nallamudi,s3,2011-08-13,13/08/2011,9.3,earthworm,Earthworm,Annelida,phylum,annelida,UTM,EPSG:32643,Converted from UTM coordinates (grid 43 P of UTM Zone 43 N) to decimal degrees using QGIS,711924,1134799,76.9349038882462,10.2600200817017,tea,1,present,NA
1621,monsoon,Nallamudi,s3,2011-08-13,13/08/2011,9.3,frog,Frog,Anura,order,amphibia,UTM,EPSG:32643,Converted from UTM coordinates (grid 43 P of UTM Zone 43 N) to decimal degrees using QGIS,713181,1139637,76.9466438196851,10.3036830010697,tea,1,present,NA
1622,monsoon,Nallamudi,s3,2011-08-13,13/08/2011,9.3,millipede,Millipede,Diplopoda,class,diplopoda,UTM,EPSG:32643,Converted from UTM coordinates (grid 43 P of UTM Zone 43 N) to decimal degrees using QGIS,713077,1139013,76.9456599320889,10.2980482779442,tea,1,present,NA
1623,monsoon,Nallamudi,s3,2011-08-13,13/08/2011,9.3,millipede,Millipede,Diplopoda,class,diplopoda,UTM,EPSG:32643,Converted from UTM coordinates (grid 43 P of UTM Zone 43 N) to decimal degrees using QGIS,713048,1138176,76.9453488588482,10.290484087123,tea,1,present,NA
1624,monsoon,Nallamudi,s3,2011-08-13,13/08/2011,9.3,millipede,Millipede,Diplopoda,class,diplopoda,UTM,EPSG:32643,Converted from UTM coordinates (grid 43 P of UTM Zone 43 N) to decimal degrees using QGIS,713055,1138077,76.9454072678633,10.2895888254575,tea,1,present,NA
1625,monsoon,Nallamudi,s3,2011-08-13,13/08/2011,9.3,millipede,Millipede,Diplopoda,class,diplopoda,UTM,EPSG:32643,Converted from UTM coordinates (grid 43 P of UTM Zone 43 N) to decimal degrees using QGIS,712591,1137766,76.9411549814077,10.2868030561755,tea,1,present,NA
1626,monsoon,Nallamudi,s3,2011-08-13,13/08/2011,9.3,shield tail,Shieldtail,Uropeltidae,family,reptilia,UTM,EPSG:32643,Converted from UTM coordinates (grid 43 P of UTM Zone 43 N) to decimal degrees using QGIS,713100,1140521,76.9459535263183,10.3116780656424,tea,1,present,NA
1627,monsoon,Nallamudi,s3,2011-08-13,13/08/2011,9.3,shield tail,Shieldtail,Uropeltidae,family,reptilia,UTM,EPSG:32643,Converted from UTM coordinates (grid 43 P of UTM Zone 43 N) to decimal degrees using QGIS,713146,1139622,76.946323515646,10.3035493369063,tea,1,present,NA
1628,monsoon,Nallamudi,s3,2011-08-13,13/08/2011,9.3,shield tail,Shieldtail,Uropeltidae,family,reptilia,UTM,EPSG:32643,Converted from UTM coordinates (grid 43 P of UTM Zone 43 N) to decimal degrees using QGIS,712064,1137511,76.936330831817,10.2845268509823,tea,1,present,NA
1629,monsoon,Nallamudi,s3,2011-08-13,13/08/2011,9.3,shield tail,Shieldtail,Uropeltidae,family,reptilia,UTM,EPSG:32643,Converted from UTM coordinates (grid 43 P of UTM Zone 43 N) to decimal degrees using QGIS,711972,1134851,76.9353448202551,10.2604875110316,tea,1,present,NA
1630,monsoon,Nallamudi,s3,2011-08-13,13/08/2011,9.3,snail,Snail,Gastropoda,class,mollusca,UTM,EPSG:32643,Converted from UTM coordinates (grid 43 P of UTM Zone 43 N) to decimal degrees using QGIS,712593,1137770,76.9411734569987,10.2868391035315,tea,1,present,NA
1631,monsoon,Nallamudi,s3,2011-08-13,13/08/2011,9.3,snail,Snail,Gastropoda,class,mollusca,UTM,EPSG:32643,Converted from UTM coordinates (grid 43 P of UTM Zone 43 N) to decimal degrees using QGIS,713254,1140848,76.9473774070151,10.3146253969997,tea,1,present,NA
1632,monsoon,Nallamudi,s3,2011-08-13,13/08/2011,9.3,snail,Snail,Gastropoda,class,mollusca,UTM,EPSG:32643,Converted from UTM coordinates (grid 43 P of UTM Zone 43 N) to decimal degrees using QGIS,711941,1137054,76.9351830197336,10.2804026327858,tea,1,present,NA
1633,monsoon,Nallamudi,s3,2011-08-13,13/08/2011,9.3,snail,Snail,Gastropoda,class,mollusca,UTM,EPSG:32643,Converted from UTM coordinates (grid 43 P of UTM Zone 43 N) to decimal degrees using QGIS,711810,1136689,76.9339672886888,10.277110449606,tea,1,present,NA
1634,monsoon,Nallamudi,s3,2011-08-13,13/08/2011,9.3,snail,Snail,Gastropoda,class,mollusca,UTM,EPSG:32643,Converted from UTM coordinates (grid 43 P of UTM Zone 43 N) to decimal degrees using QGIS,711840,1136370,76.9342235607219,10.2742252991775,tea,1,present,NA
1635,monsoon,Nallamudi,s3,2011-08-13,13/08/2011,9.3,snail,Snail,Gastropoda,class,mollusca,UTM,EPSG:32643,Converted from UTM coordinates (grid 43 P of UTM Zone 43 N) to decimal degrees using QGIS,711872,1136259,76.9345095212721,10.2732202014424,tea,1,present,NA
1636,monsoon,Nallamudi,s3,2011-08-13,13/08/2011,9.3,snail,Snail,Gastropoda,class,mollusca,UTM,EPSG:32643,Converted from UTM coordinates (grid 43 P of UTM Zone 43 N) to decimal degrees using QGIS,711813,1136133,76.9339641057639,10.2720844693143,tea,1,present,NA
1637,monsoon,Nallamudi,s3,2011-08-13,13/08/2011,9.3,snail,Snail,Gastropoda,class,mollusca,UTM,EPSG:32643,Converted from UTM coordinates (grid 43 P of UTM Zone 43 N) to decimal degrees using QGIS,713079,1140489,76.9457600620276,10.3113899671018,tea,1,present,NA
1638,monsoon,Nallamudi,s3,2011-08-13,13/08/2011,9.3,snail,Snail,Gastropoda,class,mollusca,UTM,EPSG:32643,Converted from UTM coordinates (grid 43 P of UTM Zone 43 N) to decimal degrees using QGIS,713154,1139986,76.9464167371587,10.3068391498499,tea,1,present,NA
1639,monsoon,Nallamudi,s3,2011-08-13,13/08/2011,9.3,snail,Snail,Gastropoda,class,mollusca,UTM,EPSG:32643,Converted from UTM coordinates (grid 43 P of UTM Zone 43 N) to decimal degrees using QGIS,713194,1139730,76.9467676418573,10.3045229279746,tea,1,present,NA
1640,monsoon,Nallamudi,s3,2011-08-13,13/08/2011,9.3,snail,Snail,Gastropoda,class,mollusca,UTM,EPSG:32643,Converted from UTM coordinates (grid 43 P of UTM Zone 43 N) to decimal degrees using QGIS,713077,1139009,76.9456597103601,10.2980121212913,tea,1,present,NA
1641,monsoon,Nallamudi,s3,2011-08-13,13/08/2011,9.3,snail,Snail,Gastropoda,class,mollusca,UTM,EPSG:32643,Converted from UTM coordinates (grid 43 P of UTM Zone 43 N) to decimal degrees using QGIS,712849,1137880,76.9435161311926,10.2878193993135,tea,1,present,NA
1642,monsoon,Nallamudi,s3,2011-08-13,13/08/2011,9.3,snail,Snail,Gastropoda,class,mollusca,UTM,EPSG:32643,Converted from UTM coordinates (grid 43 P of UTM Zone 43 N) to decimal degrees using QGIS,712514,1137754,76.9404515157442,10.2866987976361,tea,1,present,NA
1643,monsoon,Nallamudi,s3,2011-08-13,13/08/2011,9.3,snail,Snail,Gastropoda,class,mollusca,UTM,EPSG:32643,Converted from UTM coordinates (grid 43 P of UTM Zone 43 N) to decimal degrees using QGIS,712384,1137755,76.939265020131,10.2867149441914,tea,1,present,NA
1644,monsoon,Nallamudi,s3,2011-08-13,13/08/2011,9.3,snail,Snail,Gastropoda,class,mollusca,UTM,EPSG:32643,Converted from UTM coordinates (grid 43 P of UTM Zone 43 N) to decimal degrees using QGIS,712099,1137581,76.9366541434971,10.2851576865174,tea,1,present,NA
1645,monsoon,Nallamudi,s3,2011-08-13,13/08/2011,9.3,toad,Toad,Anura,order,amphibia,UTM,EPSG:32643,Converted from UTM coordinates (grid 43 P of UTM Zone 43 N) to decimal degrees using QGIS,713130,1139837,76.9461894002385,10.3054936346683,tea,1,present,NA
1646,monsoon,Nallamudi,s3,2011-08-13,13/08/2011,9.3,toad,Toad,Anura,order,amphibia,UTM,EPSG:32643,Converted from UTM coordinates (grid 43 P of UTM Zone 43 N) to decimal degrees using QGIS,713032,1138358,76.9452129001507,10.2921300934668,tea,1,present,NA
1647,monsoon,Nallamudi,s3,2011-08-13,13/08/2011,9.3,toad,Toad,Anura,order,amphibia,UTM,EPSG:32643,Converted from UTM coordinates (grid 43 P of UTM Zone 43 N) to decimal degrees using QGIS,712447,1137741,76.9398392681715,10.2865849515859,tea,1,present,NA
1648,monsoon,Nallamudi,s3,2011-08-13,13/08/2011,9.3,toad,Toad,Anura,order,amphibia,UTM,EPSG:32643,Converted from UTM coordinates (grid 43 P of UTM Zone 43 N) to decimal degrees using QGIS,712265,1137705,76.9381761111978,10.2862694858557,tea,1,present,NA
1649,monsoon,Nallamudi,s3,2011-08-13,13/08/2011,9.3,toad,Toad,Anura,order,amphibia,UTM,EPSG:32643,Converted from UTM coordinates (grid 43 P of UTM Zone 43 N) to decimal degrees using QGIS,711876,1136810,76.9345763308347,10.2782006023062,tea,1,present,NA
1650,monsoon,Nallamudi,s3,2011-08-13,13/08/2011,9.3,toad,Toad,Anura,order,amphibia,UTM,EPSG:32643,Converted from UTM coordinates (grid 43 P of UTM Zone 43 N) to decimal degrees using QGIS,711814,1136643,76.9340012676728,10.2766944268484,tea,1,present,NA
1651,monsoon,Nallamudi,s3,2011-08-13,13/08/2011,9.3,toad,Toad,Anura,order,amphibia,UTM,EPSG:32643,Converted from UTM coordinates (grid 43 P of UTM Zone 43 N) to decimal degrees using QGIS,711870,1135981,76.9344759853118,10.2707074022261,tea,1,present,NA
1652,monsoon,Nallamudi,s4,2011-08-24,24/08/2011,9.3,caecilian,Caecilian,Gymnophiona,order,amphibia,UTM,EPSG:32643,Converted from UTM coordinates (grid 43 P of UTM Zone 43 N) to decimal degrees using QGIS,712097,1135469,76.9365196215251,10.2660669533788,tea,1,present,NA
1653,monsoon,Nallamudi,s4,2011-08-24,24/08/2011,9.3,caecilian,Caecilian,Gymnophiona,order,amphibia,UTM,EPSG:32643,Converted from UTM coordinates (grid 43 P of UTM Zone 43 N) to decimal degrees using QGIS,713140,1139808,76.9462790692175,10.3052309496438,tea,1,present,NA
1654,monsoon,Nallamudi,s4,2011-08-24,24/08/2011,9.3,caecilian,Caecilian,Gymnophiona,order,amphibia,UTM,EPSG:32643,Converted from UTM coordinates (grid 43 P of UTM Zone 43 N) to decimal degrees using QGIS,713218,1140651,76.9470378513039,10.31284666599,tea,1,present,NA
1655,monsoon,Nallamudi,s4,2011-08-24,24/08/2011,9.3,earthworm,Earthworm,Annelida,phylum,annelida,UTM,EPSG:32643,Converted from UTM coordinates (grid 43 P of UTM Zone 43 N) to decimal degrees using QGIS,712081,1135045,76.9363502813118,10.2622351904527,tea,1,present,NA
1656,monsoon,Nallamudi,s4,2011-08-24,24/08/2011,9.3,earthworm,Earthworm,Annelida,phylum,annelida,UTM,EPSG:32643,Converted from UTM coordinates (grid 43 P of UTM Zone 43 N) to decimal degrees using QGIS,711837,1135840,76.9341670498569,10.2694346655719,tea,1,present,NA
1657,monsoon,Nallamudi,s4,2011-08-24,24/08/2011,9.3,frog,Frog,Anura,order,amphibia,UTM,EPSG:32643,Converted from UTM coordinates (grid 43 P of UTM Zone 43 N) to decimal degrees using QGIS,712148,1135386,76.9369805195234,10.2653139191778,tea,1,present,NA
1658,monsoon,Nallamudi,s4,2011-08-24,24/08/2011,9.3,frog,Frog,Anura,order,amphibia,UTM,EPSG:32643,Converted from UTM coordinates (grid 43 P of UTM Zone 43 N) to decimal degrees using QGIS,711868,1136266,76.9344733982953,10.2732836939029,tea,1,present,NA
1659,monsoon,Nallamudi,s4,2011-08-24,24/08/2011,9.3,frog,Frog,Anura,order,amphibia,UTM,EPSG:32643,Converted from UTM coordinates (grid 43 P of UTM Zone 43 N) to decimal degrees using QGIS,711869,1136263,76.9344823603176,10.2732565217415,tea,1,present,NA
1660,monsoon,Nallamudi,s4,2011-08-24,24/08/2011,9.3,frog,Frog,Anura,order,amphibia,UTM,EPSG:32643,Converted from UTM coordinates (grid 43 P of UTM Zone 43 N) to decimal degrees using QGIS,711890,1136848,76.9347062006907,10.2785433304381,tea,1,present,NA
1661,monsoon,Nallamudi,s4,2011-08-24,24/08/2011,9.3,glow worm,Glowworm,Lampyridae,family,insecta,UTM,EPSG:32643,Converted from UTM coordinates (grid 43 P of UTM Zone 43 N) to decimal degrees using QGIS,713061,1138258,76.9454720567096,10.2912245858924,tea,1,present,FLAT ONE
1662,monsoon,Nallamudi,s4,2011-08-24,24/08/2011,9.3,pill millipede,Pill millipede,Diplopoda,class,diplopoda,UTM,EPSG:32643,Converted from UTM coordinates (grid 43 P of UTM Zone 43 N) to decimal degrees using QGIS,713057,1138079,76.9454256333547,10.2896067941084,tea,1,present,NA
1663,monsoon,Nallamudi,s4,2011-08-24,24/08/2011,9.3,snail,Snail,Gastropoda,class,mollusca,UTM,EPSG:32643,Converted from UTM coordinates (grid 43 P of UTM Zone 43 N) to decimal degrees using QGIS,711871,1136262,76.9345005592527,10.2732473736039,tea,20,present,NA
1664,monsoon,Nallamudi,s4,2011-08-24,24/08/2011,9.3,snail,Snail,Gastropoda,class,mollusca,UTM,EPSG:32643,Converted from UTM coordinates (grid 43 P of UTM Zone 43 N) to decimal degrees using QGIS,711849,1136307,76.9343022400389,10.2736553371619,tea,8,present,NA
1665,monsoon,Nallamudi,s4,2011-08-24,24/08/2011,9.3,snail,Snail,Gastropoda,class,mollusca,UTM,EPSG:32643,Converted from UTM coordinates (grid 43 P of UTM Zone 43 N) to decimal degrees using QGIS,711926,1134666,76.9349148376811,10.2588177536683,tea,8,present,NA
1666,monsoon,Nallamudi,s4,2011-08-24,24/08/2011,9.3,snail,Snail,Gastropoda,class,mollusca,UTM,EPSG:32643,Converted from UTM coordinates (grid 43 P of UTM Zone 43 N) to decimal degrees using QGIS,711912,1134754,76.9347918982187,10.2596139684622,tea,1,present,NA
1667,monsoon,Nallamudi,s4,2011-08-24,24/08/2011,9.3,snail,Snail,Gastropoda,class,mollusca,UTM,EPSG:32643,Converted from UTM coordinates (grid 43 P of UTM Zone 43 N) to decimal degrees using QGIS,712075,1135000,76.9362930479433,10.2618287516033,tea,1,present,NA
1668,monsoon,Nallamudi,s4,2011-08-24,24/08/2011,9.3,snail,Snail,Gastropoda,class,mollusca,UTM,EPSG:32643,Converted from UTM coordinates (grid 43 P of UTM Zone 43 N) to decimal degrees using QGIS,712136,1135334,76.936868138853,10.2648445330028,tea,1,present,NA
1669,monsoon,Nallamudi,s4,2011-08-24,24/08/2011,9.3,snail,Snail,Gastropoda,class,mollusca,UTM,EPSG:32643,Converted from UTM coordinates (grid 43 P of UTM Zone 43 N) to decimal degrees using QGIS,712049,1135575,76.9360873666014,10.2670277262446,tea,1,present,NA
1670,monsoon,Nallamudi,s4,2011-08-24,24/08/2011,9.3,snail,Snail,Gastropoda,class,mollusca,UTM,EPSG:32643,Converted from UTM coordinates (grid 43 P of UTM Zone 43 N) to decimal degrees using QGIS,712023,1135628,76.9358529847533,10.2675082215378,tea,1,present,NA
1671,monsoon,Nallamudi,s4,2011-08-24,24/08/2011,9.3,snail,Snail,Gastropoda,class,mollusca,UTM,EPSG:32643,Converted from UTM coordinates (grid 43 P of UTM Zone 43 N) to decimal degrees using QGIS,711846,1136049,76.9342606773505,10.2713233769183,tea,18,present,NA
1672,monsoon,Nallamudi,s4,2011-08-24,24/08/2011,9.3,snail,Snail,Gastropoda,class,mollusca,UTM,EPSG:32643,Converted from UTM coordinates (grid 43 P of UTM Zone 43 N) to decimal degrees using QGIS,711810,1136161,76.9339382637876,10.2723377313385,tea,1,present,NA
1673,monsoon,Nallamudi,s4,2011-08-24,24/08/2011,9.3,snail,Snail,Gastropoda,class,mollusca,UTM,EPSG:32643,Converted from UTM coordinates (grid 43 P of UTM Zone 43 N) to decimal degrees using QGIS,711853,1136220,76.9343339651514,10.2728687056744,tea,13,present,NA
1674,monsoon,Nallamudi,s4,2011-08-24,24/08/2011,9.3,toad,Toad,Anura,order,amphibia,UTM,EPSG:32643,Converted from UTM coordinates (grid 43 P of UTM Zone 43 N) to decimal degrees using QGIS,712001,1134867,76.9356103702932,10.2606305609206,tea,1,present,NA
1675,monsoon,Nallamudi,s4,2011-08-24,24/08/2011,9.3,toad,Toad,Anura,order,amphibia,UTM,EPSG:32643,Converted from UTM coordinates (grid 43 P of UTM Zone 43 N) to decimal degrees using QGIS,712075,1134997,76.9362928830415,10.261801633902,tea,1,present,NA
1676,monsoon,Nallamudi,s4,2011-08-24,24/08/2011,9.3,toad,Toad,Anura,order,amphibia,UTM,EPSG:32643,Converted from UTM coordinates (grid 43 P of UTM Zone 43 N) to decimal degrees using QGIS,712048,1135577,76.9360783498111,10.267045859171,tea,1,present,NA
1677,monsoon,Nallamudi,s4,2011-08-24,24/08/2011,9.3,toad,Toad,Anura,order,amphibia,UTM,EPSG:32643,Converted from UTM coordinates (grid 43 P of UTM Zone 43 N) to decimal degrees using QGIS,711811,1136158,76.9339472258468,10.2723105591869,tea,1,present,NA
1678,monsoon,Nallamudi,s4,2011-08-24,24/08/2011,9.3,toad,Toad,Anura,order,amphibia,UTM,EPSG:32643,Converted from UTM coordinates (grid 43 P of UTM Zone 43 N) to decimal degrees using QGIS,711847,1136309,76.9342840960499,10.2736735245314,tea,1,present,NA
1679,monsoon,Nallamudi,s4,2011-08-24,24/08/2011,9.3,toad,Toad,Anura,order,amphibia,UTM,EPSG:32643,Converted from UTM coordinates (grid 43 P of UTM Zone 43 N) to decimal degrees using QGIS,711932,1137378,76.9351187093507,10.2833318335255,tea,1,present,NA
1680,monsoon,Nallamudi,s5,2011-09-01,01/09/2011,9.3,caecilian,Caecilian,Gymnophiona,order,amphibia,UTM,EPSG:32643,Converted from UTM coordinates (grid 43 P of UTM Zone 43 N) to decimal degrees using QGIS,711837,1135783,76.9341639178706,10.2689194288301,tea,1,present,NA
1681,monsoon,Nallamudi,s5,2011-09-01,01/09/2011,9.3,caecilian,Caecilian,Gymnophiona,order,amphibia,UTM,EPSG:32643,Converted from UTM coordinates (grid 43 P of UTM Zone 43 N) to decimal degrees using QGIS,711836,1136347,76.9341857883574,10.2740176144875,tea,1,present,NA
1682,monsoon,Nallamudi,s5,2011-09-01,01/09/2011,9.3,caecilian,Caecilian,Gymnophiona,order,amphibia,UTM,EPSG:32643,Converted from UTM coordinates (grid 43 P of UTM Zone 43 N) to decimal degrees using QGIS,711828,1136459,76.9341189297058,10.2750304447432,tea,1,present,NA
1683,monsoon,Nallamudi,s5,2011-09-01,01/09/2011,9.3,caecilian,Caecilian,Gymnophiona,order,amphibia,UTM,EPSG:32643,Converted from UTM coordinates (grid 43 P of UTM Zone 43 N) to decimal degrees using QGIS,713059,1139149,76.9455031737615,10.2992785922841,tea,1,present,NA
1684,monsoon,Nallamudi,s5,2011-09-01,01/09/2011,9.3,caecilian,Caecilian,Gymnophiona,order,amphibia,UTM,EPSG:32643,Converted from UTM coordinates (grid 43 P of UTM Zone 43 N) to decimal degrees using QGIS,713113,1140246,76.946056924512,10.3091915835561,tea,1,present,NA
1685,monsoon,Nallamudi,s5,2011-09-01,01/09/2011,9.3,earthworm,Earthworm,Annelida,phylum,annelida,UTM,EPSG:32643,Converted from UTM coordinates (grid 43 P of UTM Zone 43 N) to decimal degrees using QGIS,711965,1135707,76.9353279740114,10.2682254793081,tea,1,present,NA
1686,monsoon,Nallamudi,s5,2011-09-01,01/09/2011,9.3,earthworm,Earthworm,Annelida,phylum,annelida,UTM,EPSG:32643,Converted from UTM coordinates (grid 43 P of UTM Zone 43 N) to decimal degrees using QGIS,711907,1135744,76.9348006526031,10.2685630886391,tea,1,present,NA
1687,monsoon,Nallamudi,s5,2011-09-01,01/09/2011,9.3,frog,Frog,Anura,order,amphibia,UTM,EPSG:32643,Converted from UTM coordinates (grid 43 P of UTM Zone 43 N) to decimal degrees using QGIS,712086,1135408,76.9364158728377,10.2655161594454,tea,1,present,NA
1688,monsoon,Nallamudi,s5,2011-09-01,01/09/2011,9.3,frog,Frog,Anura,order,amphibia,UTM,EPSG:32643,Converted from UTM coordinates (grid 43 P of UTM Zone 43 N) to decimal degrees using QGIS,711952,1135716,76.9352098202469,10.2683075402272,tea,1,present,NA
1689,monsoon,Nallamudi,s5,2011-09-01,01/09/2011,9.3,frog,Frog,Anura,order,amphibia,UTM,EPSG:32643,Converted from UTM coordinates (grid 43 P of UTM Zone 43 N) to decimal degrees using QGIS,711811,1136147,76.9339466213113,10.272211127541,tea,1,present,NA
1690,monsoon,Nallamudi,s5,2011-09-01,01/09/2011,9.3,shield tail,Shieldtail,Uropeltidae,family,reptilia,UTM,EPSG:32643,Converted from UTM coordinates (grid 43 P of UTM Zone 43 N) to decimal degrees using QGIS,711931,1135730,76.9350189267383,10.2684352328236,tea,1,present,NA
1691,monsoon,Nallamudi,s5,2011-09-01,01/09/2011,9.3,shield tail,Shieldtail,Uropeltidae,family,reptilia,UTM,EPSG:32643,Converted from UTM coordinates (grid 43 P of UTM Zone 43 N) to decimal degrees using QGIS,711882,1137132,76.9346488091853,10.281110908365,tea,1,present,NA
1692,monsoon,Nallamudi,s5,2011-09-01,01/09/2011,9.3,snail,Snail,Gastropoda,class,mollusca,UTM,EPSG:32643,Converted from UTM coordinates (grid 43 P of UTM Zone 43 N) to decimal degrees using QGIS,711865,1136277,76.9344466221775,10.2733832888615,tea,4,present,NA
1693,monsoon,Nallamudi,s5,2011-09-01,01/09/2011,9.3,snail,Snail,Gastropoda,class,mollusca,UTM,EPSG:32643,Converted from UTM coordinates (grid 43 P of UTM Zone 43 N) to decimal degrees using QGIS,712097,1135402,76.9365159368433,10.2654613249446,tea,1,present,NA
1694,monsoon,Nallamudi,s5,2011-09-01,01/09/2011,9.3,snail,Snail,Gastropoda,class,mollusca,UTM,EPSG:32643,Converted from UTM coordinates (grid 43 P of UTM Zone 43 N) to decimal degrees using QGIS,712091,1135440,76.9364632662397,10.2658051425059,tea,1,present,NA
1695,monsoon,Nallamudi,s5,2011-09-01,01/09/2011,9.3,snail,Snail,Gastropoda,class,mollusca,UTM,EPSG:32643,Converted from UTM coordinates (grid 43 P of UTM Zone 43 N) to decimal degrees using QGIS,711810,1136181,76.9339393629567,10.2725185161484,tea,1,present,NA
1696,monsoon,Nallamudi,s5,2011-09-01,01/09/2011,9.3,toad,Toad,Anura,order,amphibia,UTM,EPSG:32643,Converted from UTM coordinates (grid 43 P of UTM Zone 43 N) to decimal degrees using QGIS,711811,1136174,76.9339481051822,10.2724551870345,tea,1,present,NA
1697,monsoon,Nallamudi,s5,2011-09-01,01/09/2011,9.3,toad,Toad,Anura,order,amphibia,UTM,EPSG:32643,Converted from UTM coordinates (grid 43 P of UTM Zone 43 N) to decimal degrees using QGIS,711868,1136269,76.9344735632305,10.2733108116143,tea,1,present,NA
1698,monsoon,Nallamudi,s5,2011-09-01,01/09/2011,9.3,toad,Toad,Anura,order,amphibia,UTM,EPSG:32643,Converted from UTM coordinates (grid 43 P of UTM Zone 43 N) to decimal degrees using QGIS,711836,1136344,76.9341856234351,10.2739904967727,tea,1,present,NA
1699,monsoon,Nallamudi,s5,2011-09-01,01/09/2011,9.3,toad,Toad,Anura,order,amphibia,UTM,EPSG:32643,Converted from UTM coordinates (grid 43 P of UTM Zone 43 N) to decimal degrees using QGIS,713142,1139804,76.9462971028812,10.3051946831192,tea,1,present,NA
1700,monsoon,Nallamudi,s5,2011-09-01,01/09/2011,9.3,toad,Toad,Anura,order,amphibia,UTM,EPSG:32643,Converted from UTM coordinates (grid 43 P of UTM Zone 43 N) to decimal degrees using QGIS,713144,1140567,76.9463577125266,10.3120914474608,tea,1,present,NA
1701,monsoon,Nallamudi,s6,2011-09-09,09/09/2011,9.3,snake,Snake,Squamata,order,reptilia,UTM,EPSG:32643,Converted from UTM coordinates (grid 43 P of UTM Zone 43 N) to decimal degrees using QGIS,712889,1137893,76.9438819434293,10.2879347171933,tea,1,present,coral snake
1702,monsoon,Nallamudi,s6,2011-09-09,09/09/2011,9.3,frog,Frog,Anura,order,amphibia,UTM,EPSG:32643,Converted from UTM coordinates (grid 43 P of UTM Zone 43 N) to decimal degrees using QGIS,713097,1138920,76.9458373287812,10.2972065378787,tea,1,present,NA
1703,monsoon,Nallamudi,s6,2011-09-09,09/09/2011,9.3,frog,Frog,Anura,order,amphibia,UTM,EPSG:32643,Converted from UTM coordinates (grid 43 P of UTM Zone 43 N) to decimal degrees using QGIS,712524,1137755,76.9405428440714,10.286707289934,tea,1,present,NA
1704,monsoon,Nallamudi,s6,2011-09-09,09/09/2011,9.3,frog,Frog,Anura,order,amphibia,UTM,EPSG:32643,Converted from UTM coordinates (grid 43 P of UTM Zone 43 N) to decimal degrees using QGIS,711857,1137230,76.9344260217987,10.2819981154981,tea,1,present,NA
1705,monsoon,Nallamudi,s6,2011-09-09,09/09/2011,9.3,frog,Frog,Anura,order,amphibia,UTM,EPSG:32643,Converted from UTM coordinates (grid 43 P of UTM Zone 43 N) to decimal degrees using QGIS,711887,1137128,76.9346942249832,10.281074478956,tea,1,present,NA
1706,monsoon,Nallamudi,s6,2011-09-09,09/09/2011,9.3,pill millipede,Pill millipede,Diplopoda,class,diplopoda,UTM,EPSG:32643,Converted from UTM coordinates (grid 43 P of UTM Zone 43 N) to decimal degrees using QGIS,713057,1138105,76.9454270732317,10.2898418125052,tea,1,present,NA
1707,monsoon,Nallamudi,s6,2011-09-09,09/09/2011,9.3,pill millipede,Pill millipede,Diplopoda,class,diplopoda,UTM,EPSG:32643,Converted from UTM coordinates (grid 43 P of UTM Zone 43 N) to decimal degrees using QGIS,713065,1138282,76.9455098957483,10.2914413065011,tea,1,present,NA
1708,monsoon,Nallamudi,s6,2011-09-09,09/09/2011,9.3,shield tail,Shieldtail,Uropeltidae,family,reptilia,UTM,EPSG:32643,Converted from UTM coordinates (grid 43 P of UTM Zone 43 N) to decimal degrees using QGIS,713245,1140770,76.9472909200137,10.3139208389306,tea,1,present,NA
1709,monsoon,Nallamudi,s6,2011-09-09,09/09/2011,9.3,snail,Snail,Gastropoda,class,mollusca,UTM,EPSG:32643,Converted from UTM coordinates (grid 43 P of UTM Zone 43 N) to decimal degrees using QGIS,712317,1137737,76.9386524966838,10.2865558997879,tea,5,present,NA
1710,monsoon,Nallamudi,s6,2011-09-09,09/09/2011,9.3,snail,Snail,Gastropoda,class,mollusca,UTM,EPSG:32643,Converted from UTM coordinates (grid 43 P of UTM Zone 43 N) to decimal degrees using QGIS,711809,1136180,76.9339301810592,10.2725095313386,tea,14,present,NA
1711,monsoon,Nallamudi,s6,2011-09-09,09/09/2011,9.3,snail,Snail,Gastropoda,class,mollusca,UTM,EPSG:32643,Converted from UTM coordinates (grid 43 P of UTM Zone 43 N) to decimal degrees using QGIS,713092,1140120,76.9458582455127,10.3080538040811,tea,1,present,NA
1712,monsoon,Nallamudi,s6,2011-09-09,09/09/2011,9.3,snail,Snail,Gastropoda,class,mollusca,UTM,EPSG:32643,Converted from UTM coordinates (grid 43 P of UTM Zone 43 N) to decimal degrees using QGIS,712495,1137746,76.9402776551021,10.2866275230853,tea,2,present,NA
1713,monsoon,Nallamudi,s6,2011-09-09,09/09/2011,9.3,snail,Snail,Gastropoda,class,mollusca,UTM,EPSG:32643,Converted from UTM coordinates (grid 43 P of UTM Zone 43 N) to decimal degrees using QGIS,712198,1137620,76.9375598947927,10.2855048118182,tea,1,present,NA
1714,monsoon,Nallamudi,s6,2011-09-09,09/09/2011,9.3,snail,Snail,Gastropoda,class,mollusca,UTM,EPSG:32643,Converted from UTM coordinates (grid 43 P of UTM Zone 43 N) to decimal degrees using QGIS,712523,1137758,76.9405338824336,10.2867344622165,tea,1,present,NA
1715,monsoon,Nallamudi,s6,2011-09-09,09/09/2011,9.3,toad,Toad,Anura,order,amphibia,UTM,EPSG:32643,Converted from UTM coordinates (grid 43 P of UTM Zone 43 N) to decimal degrees using QGIS,713065,1138277,76.9455096187904,10.2913961106625,tea,1,present,NA
1716,monsoon,Nallamudi,s6,2011-09-09,09/09/2011,9.3,toad,Toad,Anura,order,amphibia,UTM,EPSG:32643,Converted from UTM coordinates (grid 43 P of UTM Zone 43 N) to decimal degrees using QGIS,711810,1136183,76.9339394728748,10.2725365946292,tea,1,present,NA
1717,monsoon,Nallamudi,s7,2011-09-17,17/09/2011,9.3,snake,Snake,Squamata,order,reptilia,UTM,EPSG:32643,Converted from UTM coordinates (grid 43 P of UTM Zone 43 N) to decimal degrees using QGIS,712846,1137882,76.9434888598429,10.2878376420161,tea,1,present,coral snake
1718,monsoon,Nallamudi,s7,2011-09-17,17/09/2011,9.3,frog,Frog,Anura,order,amphibia,UTM,EPSG:32643,Converted from UTM coordinates (grid 43 P of UTM Zone 43 N) to decimal degrees using QGIS,711869,1135992,76.9344674630355,10.270806888287,tea,1,present,NA
1719,monsoon,Nallamudi,s7,2011-09-17,17/09/2011,9.3,pill millipede,Pill millipede,Diplopoda,class,diplopoda,UTM,EPSG:32643,Converted from UTM coordinates (grid 43 P of UTM Zone 43 N) to decimal degrees using QGIS,711829,1136458,76.9341280017376,10.275021351056,tea,1,present,NA
1720,monsoon,Nallamudi,s7,2011-09-17,17/09/2011,9.3,pill millipede,Pill millipede,Diplopoda,class,diplopoda,UTM,EPSG:32643,Converted from UTM coordinates (grid 43 P of UTM Zone 43 N) to decimal degrees using QGIS,712738,1137861,76.9425019472539,10.2876537338738,tea,1,present,NA
1721,monsoon,Nallamudi,s7,2011-09-17,17/09/2011,9.3,skink,Skink,Scincidae,family,reptilia,UTM,EPSG:32643,Converted from UTM coordinates (grid 43 P of UTM Zone 43 N) to decimal degrees using QGIS,711839,1136324,76.9342119048885,10.2738095486708,tea,1,present,NA
1722,monsoon,Nallamudi,s7,2011-09-17,17/09/2011,9.3,snail,Snail,Gastropoda,class,mollusca,UTM,EPSG:32643,Converted from UTM coordinates (grid 43 P of UTM Zone 43 N) to decimal degrees using QGIS,711781,1136550,76.9336949622671,10.2758555744198,tea,2,present,NA
1723,monsoon,Nallamudi,s7,2011-09-17,17/09/2011,9.3,snail,Snail,Gastropoda,class,mollusca,UTM,EPSG:32643,Converted from UTM coordinates (grid 43 P of UTM Zone 43 N) to decimal degrees using QGIS,711820,1136463,76.9340461335283,10.2750670372816,tea,3,present,NA
1724,monsoon,Nallamudi,s7,2011-09-17,17/09/2011,9.3,snail,Snail,Gastropoda,class,mollusca,UTM,EPSG:32643,Converted from UTM coordinates (grid 43 P of UTM Zone 43 N) to decimal degrees using QGIS,711867,1135999,76.9344495940116,10.2708702718305,tea,1,present,NA
1725,monsoon,Nallamudi,s8,2011-09-25,25/09/2011,9.3,caterpillar,Caterpillar,Lepidoptera,order,insecta,UTM,EPSG:32643,Converted from UTM coordinates (grid 43 P of UTM Zone 43 N) to decimal degrees using QGIS,713131,1139412,76.9461749500362,10.3016519378681,tea,1,present,NA
1726,monsoon,Nallamudi,s8,2011-09-25,25/09/2011,9.3,cockroach,Cockroach,Blattodea,order,insecta,UTM,EPSG:32643,Converted from UTM coordinates (grid 43 P of UTM Zone 43 N) to decimal degrees using QGIS,711845,1136409,76.9342713398202,10.2745775572024,tea,1,present,NA
1727,monsoon,Nallamudi,s8,2011-09-25,25/09/2011,9.3,frog,Frog,Anura,order,amphibia,UTM,EPSG:32643,Converted from UTM coordinates (grid 43 P of UTM Zone 43 N) to decimal degrees using QGIS,713165,1139776,76.9465054886491,10.3049403228496,tea,1,present,NA
1728,monsoon,Nallamudi,s8,2011-09-25,25/09/2011,9.3,grasshopper,Grasshopper,Orthoptera,order,insecta,UTM,EPSG:32643,Converted from UTM coordinates (grid 43 P of UTM Zone 43 N) to decimal degrees using QGIS,711938,1137067,76.9351563537391,10.2805203062898,tea,1,present,NA
1729,monsoon,Nallamudi,s8,2011-09-25,25/09/2011,9.3,millipede,Millipede,Diplopoda,class,diplopoda,UTM,EPSG:32643,Converted from UTM coordinates (grid 43 P of UTM Zone 43 N) to decimal degrees using QGIS,711823,1136208,76.9340594971586,10.272761867998,tea,1,present,NA
1730,monsoon,Nallamudi,s8,2011-09-25,25/09/2011,9.3,millipede,Millipede,Diplopoda,class,diplopoda,UTM,EPSG:32643,Converted from UTM coordinates (grid 43 P of UTM Zone 43 N) to decimal degrees using QGIS,713058,1138100,76.945435923702,10.2897965618147,tea,1,present,NA
1731,monsoon,Nallamudi,s8,2011-09-25,25/09/2011,9.3,skink,Skink,Scincidae,family,reptilia,UTM,EPSG:32643,Converted from UTM coordinates (grid 43 P of UTM Zone 43 N) to decimal degrees using QGIS,713072,1140330,76.9456873411644,10.3099531260683,tea,1,present,NA
1732,monsoon,Nallamudi,s8,2011-09-25,25/09/2011,9.3,snail,Snail,Gastropoda,class,mollusca,UTM,EPSG:32643,Converted from UTM coordinates (grid 43 P of UTM Zone 43 N) to decimal degrees using QGIS,711810,1136201,76.9339404621463,10.2726993009561,tea,1,present,NA
1733,monsoon,Nallamudi,s8,2011-09-25,25/09/2011,9.3,snail,Snail,Gastropoda,class,mollusca,UTM,EPSG:32643,Converted from UTM coordinates (grid 43 P of UTM Zone 43 N) to decimal degrees using QGIS,711945,1137034,76.9352184276076,10.2802216301701,tea,1,present,NA
1734,monsoon,Nallamudi,s8,2011-09-25,25/09/2011,9.3,toad,Toad,Anura,order,amphibia,UTM,EPSG:32643,Converted from UTM coordinates (grid 43 P of UTM Zone 43 N) to decimal degrees using QGIS,712030,1137444,76.9360168140901,10.2839230779867,tea,1,present,NA
1735,monsoon,Nallamudi,s9,2011-10-03,03/10/2011,9.3,calotes,Calotes,Calotes,genus,reptilia,UTM,EPSG:32643,Converted from UTM coordinates (grid 43 P of UTM Zone 43 N) to decimal degrees using QGIS,713128,1140060,76.946183519659,10.3075094762908,tea,1,present,NA
1736,monsoon,Nallamudi,s9,2011-10-03,03/10/2011,9.3,cockroach,Cockroach,Blattodea,order,insecta,UTM,EPSG:32643,Converted from UTM coordinates (grid 43 P of UTM Zone 43 N) to decimal degrees using QGIS,713130,1139837,76.9461894002385,10.3054936346683,tea,1,present,NA
1737,monsoon,Nallamudi,s9,2011-10-03,03/10/2011,9.3,cockroach,Cockroach,Blattodea,order,insecta,UTM,EPSG:32643,Converted from UTM coordinates (grid 43 P of UTM Zone 43 N) to decimal degrees using QGIS,713183,1139651,76.9466628521062,10.3038094393288,tea,1,present,NA
1738,monsoon,Nallamudi,s9,2011-10-03,03/10/2011,9.3,earthworm,Earthworm,Annelida,phylum,annelida,UTM,EPSG:32643,Converted from UTM coordinates (grid 43 P of UTM Zone 43 N) to decimal degrees using QGIS,713136,1139401,76.9462199784358,10.301552232481,tea,1,present,NA
1739,monsoon,Nallamudi,s9,2011-10-03,03/10/2011,9.3,earthworm,Earthworm,Annelida,phylum,annelida,UTM,EPSG:32643,Converted from UTM coordinates (grid 43 P of UTM Zone 43 N) to decimal degrees using QGIS,713056,1139089,76.94547246489,10.2987364071537,tea,1,present,NA
1740,monsoon,Nallamudi,s9,2011-10-03,03/10/2011,9.3,earthworm,Earthworm,Annelida,phylum,annelida,UTM,EPSG:32643,Converted from UTM coordinates (grid 43 P of UTM Zone 43 N) to decimal degrees using QGIS,713085,1138941,76.9457289618119,10.2973970190376,tea,1,present,NA
1741,monsoon,Nallamudi,s9,2011-10-03,03/10/2011,9.3,earthworm,Earthworm,Annelida,phylum,annelida,UTM,EPSG:32643,Converted from UTM coordinates (grid 43 P of UTM Zone 43 N) to decimal degrees using QGIS,712561,1137752,76.940880388815,10.2866781485962,tea,1,present,NA
1742,monsoon,Nallamudi,s9,2011-10-03,03/10/2011,9.3,earthworm,Earthworm,Annelida,phylum,annelida,UTM,EPSG:32643,Converted from UTM coordinates (grid 43 P of UTM Zone 43 N) to decimal degrees using QGIS,711836,1136361,76.9341865580006,10.274144163823,tea,1,present,NA
1743,monsoon,Nallamudi,s9,2011-10-03,03/10/2011,9.3,frog,Frog,Anura,order,amphibia,UTM,EPSG:32643,Converted from UTM coordinates (grid 43 P of UTM Zone 43 N) to decimal degrees using QGIS,713234,1140735,76.947188566708,10.3136050740717,tea,1,present,NA
1744,monsoon,Nallamudi,s9,2011-10-03,03/10/2011,9.3,frog,Frog,Anura,order,amphibia,UTM,EPSG:32643,Converted from UTM coordinates (grid 43 P of UTM Zone 43 N) to decimal degrees using QGIS,711942,1137007,76.9351895601775,10.2799777344936,tea,2,present,NA
1745,monsoon,Nallamudi,s9,2011-10-03,03/10/2011,9.3,frog,Frog,Anura,order,amphibia,UTM,EPSG:32643,Converted from UTM coordinates (grid 43 P of UTM Zone 43 N) to decimal degrees using QGIS,711840,1136445,76.9342276840932,10.2749032420102,tea,1,present,BULL Frog
1746,monsoon,Nallamudi,s9,2011-10-03,03/10/2011,9.3,frog,Frog,Anura,order,amphibia,UTM,EPSG:32643,Converted from UTM coordinates (grid 43 P of UTM Zone 43 N) to decimal degrees using QGIS,711814,1136203,76.933977079844,10.2727171617069,tea,1,present,NA
1747,monsoon,Nallamudi,s9,2011-10-03,03/10/2011,9.3,frog,Frog,Anura,order,amphibia,UTM,EPSG:32643,Converted from UTM coordinates (grid 43 P of UTM Zone 43 N) to decimal degrees using QGIS,711963,1135710,76.9353098853184,10.2682527059089,tea,1,present,NA
1748,monsoon,Nallamudi,s9,2011-10-03,03/10/2011,9.3,frog,Frog,Anura,order,amphibia,UTM,EPSG:32643,Converted from UTM coordinates (grid 43 P of UTM Zone 43 N) to decimal degrees using QGIS,712033,1135605,76.9359429878763,10.2672997745923,tea,1,present,NA
1749,monsoon,Nallamudi,s9,2011-10-03,03/10/2011,9.3,frog,Frog,Anura,order,amphibia,UTM,EPSG:32643,Converted from UTM coordinates (grid 43 P of UTM Zone 43 N) to decimal degrees using QGIS,712086,1135417,76.9364163677588,10.2655975125246,tea,1,present,NA
1750,monsoon,Nallamudi,s9,2011-10-03,03/10/2011,9.3,frog,Frog,Anura,order,amphibia,UTM,EPSG:32643,Converted from UTM coordinates (grid 43 P of UTM Zone 43 N) to decimal degrees using QGIS,712139,1135344,76.9368960689735,10.2649347618707,tea,3,present,NA
1751,monsoon,Nallamudi,s9,2011-10-03,03/10/2011,9.3,frog,Frog,Anura,order,amphibia,UTM,EPSG:32643,Converted from UTM coordinates (grid 43 P of UTM Zone 43 N) to decimal degrees using QGIS,712152,1135271,76.9370107009233,10.264274190014,tea,2,present,BULL Frog
1752,monsoon,Nallamudi,s9,2011-10-03,03/10/2011,9.3,frog,Frog,Anura,order,amphibia,UTM,EPSG:32643,Converted from UTM coordinates (grid 43 P of UTM Zone 43 N) to decimal degrees using QGIS,712077,1135126,76.9363182275372,10.262967586119,tea,1,present,NA
1753,monsoon,Nallamudi,s9,2011-10-03,03/10/2011,9.3,frog,Frog,Anura,order,amphibia,UTM,EPSG:32643,Converted from UTM coordinates (grid 43 P of UTM Zone 43 N) to decimal degrees using QGIS,711924,1134792,76.9349035038213,10.2599568070061,tea,1,present,NA
1754,monsoon,Nallamudi,s9,2011-10-03,03/10/2011,9.3,frog,Frog,Anura,order,amphibia,UTM,EPSG:32643,Converted from UTM coordinates (grid 43 P of UTM Zone 43 N) to decimal degrees using QGIS,713104,1140283,76.9459768267981,10.3095265269744,tea,1,present,NA
1755,monsoon,Nallamudi,s9,2011-10-03,03/10/2011,9.3,frog,Frog,Anura,order,amphibia,UTM,EPSG:32643,Converted from UTM coordinates (grid 43 P of UTM Zone 43 N) to decimal degrees using QGIS,713137,1139392,76.9462286069339,10.3014708251275,tea,1,present,NA
1756,monsoon,Nallamudi,s9,2011-10-03,03/10/2011,9.3,frog,Frog,Anura,order,amphibia,UTM,EPSG:32643,Converted from UTM coordinates (grid 43 P of UTM Zone 43 N) to decimal degrees using QGIS,713058,1139087,76.9454906092859,10.2987182190386,tea,1,present,NA
1757,monsoon,Nallamudi,s9,2011-10-03,03/10/2011,9.3,frog,Frog,Anura,order,amphibia,UTM,EPSG:32643,Converted from UTM coordinates (grid 43 P of UTM Zone 43 N) to decimal degrees using QGIS,713085,1138939,76.9457288509506,10.2973789407112,tea,1,present,NA
1758,monsoon,Nallamudi,s9,2011-10-03,03/10/2011,9.3,frog,Frog,Anura,order,amphibia,UTM,EPSG:32643,Converted from UTM coordinates (grid 43 P of UTM Zone 43 N) to decimal degrees using QGIS,713119,1138858,76.9460346985152,10.2966449020779,tea,1,present,NA
1759,monsoon,Nallamudi,s9,2011-10-03,03/10/2011,9.3,frog,Frog,Anura,order,amphibia,UTM,EPSG:32643,Converted from UTM coordinates (grid 43 P of UTM Zone 43 N) to decimal degrees using QGIS,712620,1137797,76.941421386137,10.287081684466,tea,1,present,NA
1760,monsoon,Nallamudi,s9,2011-10-03,03/10/2011,9.3,frog,Frog,Anura,order,amphibia,UTM,EPSG:32643,Converted from UTM coordinates (grid 43 P of UTM Zone 43 N) to decimal degrees using QGIS,711864,1137347,76.9344963506964,10.2830553241653,tea,1,present,NA
1761,monsoon,Nallamudi,s9,2011-10-03,03/10/2011,9.3,frog,Frog,Anura,order,amphibia,UTM,EPSG:32643,Converted from UTM coordinates (grid 43 P of UTM Zone 43 N) to decimal degrees using QGIS,712243,1137663,76.9379729941428,10.2858910406111,tea,2,present,NA
1762,monsoon,Nallamudi,s9,2011-10-03,03/10/2011,9.3,glow worm,Glowworm,Lampyridae,family,insecta,UTM,EPSG:32643,Converted from UTM coordinates (grid 43 P of UTM Zone 43 N) to decimal degrees using QGIS,713067,1139169,76.945577303661,10.2994589363566,tea,1,present,NA
1763,monsoon,Nallamudi,s9,2011-10-03,03/10/2011,9.3,snake,Green vine snake,Ahaetulla,genus,reptilia,UTM,EPSG:32643,Converted from UTM coordinates (grid 43 P of UTM Zone 43 N) to decimal degrees using QGIS,713054,1140358,76.9455245918899,10.3102072116857,tea,1,present,green vine snake
1764,monsoon,Nallamudi,s9,2011-10-03,03/10/2011,9.3,millipede,Millipede,Diplopoda,class,diplopoda,UTM,EPSG:32643,Converted from UTM coordinates (grid 43 P of UTM Zone 43 N) to decimal degrees using QGIS,713056,1138071,76.9454160629577,10.2895345355983,tea,1,present,NA
1765,monsoon,Nallamudi,s9,2011-10-03,03/10/2011,9.3,mouse,Mouse,Muridae,family,mammalia,UTM,EPSG:32643,Converted from UTM coordinates (grid 43 P of UTM Zone 43 N) to decimal degrees using QGIS,711990,1137415,76.9356501268456,10.2836631222219,tea,1,present,NA
1766,monsoon,Nallamudi,s9,2011-10-03,03/10/2011,9.3,snail,Snail,Gastropoda,class,mollusca,UTM,EPSG:32643,Converted from UTM coordinates (grid 43 P of UTM Zone 43 N) to decimal degrees using QGIS,713107,1140277,76.9460038775782,10.3094721271495,tea,1,present,NA
1767,monsoon,Nallamudi,s9,2011-10-03,03/10/2011,9.3,snail,Snail,Gastropoda,class,mollusca,UTM,EPSG:32643,Converted from UTM coordinates (grid 43 P of UTM Zone 43 N) to decimal degrees using QGIS,713137,1139392,76.9462286069339,10.3014708251275,tea,1,present,NA
1768,monsoon,Nallamudi,s9,2011-10-03,03/10/2011,9.3,snail,Snail,Gastropoda,class,mollusca,UTM,EPSG:32643,Converted from UTM coordinates (grid 43 P of UTM Zone 43 N) to decimal degrees using QGIS,713033,1138650,76.9452382028677,10.2947694756988,tea,1,present,NA
1769,monsoon,Nallamudi,s9,2011-10-03,03/10/2011,9.3,snail,Snail,Gastropoda,class,mollusca,UTM,EPSG:32643,Converted from UTM coordinates (grid 43 P of UTM Zone 43 N) to decimal degrees using QGIS,711863,1137342,76.9344869482982,10.2830101825087,tea,1,present,NA
1770,monsoon,Nallamudi,s9,2011-10-03,03/10/2011,9.3,snail,Snail,Gastropoda,class,mollusca,UTM,EPSG:32643,Converted from UTM coordinates (grid 43 P of UTM Zone 43 N) to decimal degrees using QGIS,711814,1136203,76.933977079844,10.2727171617069,tea,1,present,NA
1771,monsoon,Nallamudi,s9,2011-10-03,03/10/2011,9.3,snail,Snail,Gastropoda,class,mollusca,UTM,EPSG:32643,Converted from UTM coordinates (grid 43 P of UTM Zone 43 N) to decimal degrees using QGIS,711812,1136129,76.9339547590099,10.2720483667811,tea,1,present,NA
1772,monsoon,Nallamudi,s9,2011-10-03,03/10/2011,9.3,snail,Snail,Gastropoda,class,mollusca,UTM,EPSG:32643,Converted from UTM coordinates (grid 43 P of UTM Zone 43 N) to decimal degrees using QGIS,711864,1135948,76.9344194102639,10.2704094339551,tea,1,present,NA
1773,monsoon,Nallamudi,s9,2011-10-03,03/10/2011,9.3,snail,Snail,Gastropoda,class,mollusca,UTM,EPSG:32643,Converted from UTM coordinates (grid 43 P of UTM Zone 43 N) to decimal degrees using QGIS,712087,1135414,76.9364253295108,10.2655703403673,tea,1,present,NA
1774,monsoon,Nallamudi,s9,2011-10-03,03/10/2011,9.3,spider,Spider,Araneae,order,arachnida,UTM,EPSG:32643,Converted from UTM coordinates (grid 43 P of UTM Zone 43 N) to decimal degrees using QGIS,713207,1140645,76.9469371097062,10.3127930362187,tea,1,present,NA
1775,monsoon,Nallamudi,s9,2011-10-03,03/10/2011,9.3,spider,Spider,Araneae,order,arachnida,UTM,EPSG:32643,Converted from UTM coordinates (grid 43 P of UTM Zone 43 N) to decimal degrees using QGIS,712137,1137598,76.9370019173258,10.2853092792247,tea,1,present,NA
1776,monsoon,Nallamudi,s9,2011-10-03,03/10/2011,9.3,spider,Spider,Araneae,order,arachnida,UTM,EPSG:32643,Converted from UTM coordinates (grid 43 P of UTM Zone 43 N) to decimal degrees using QGIS,712087,1135421,76.936425714453,10.2656336149839,tea,1,present,NA
1777,monsoon,Nallamudi,s10,2011-10-14,14/10/2011,9.3,earthworm,Earthworm,Annelida,phylum,annelida,UTM,EPSG:32643,Converted from UTM coordinates (grid 43 P of UTM Zone 43 N) to decimal degrees using QGIS,713058,1138103,76.9454360898439,10.2898236793217,tea,1,present,NA
1778,monsoon,Nallamudi,s10,2011-10-14,14/10/2011,9.3,frog,Frog,Anura,order,amphibia,UTM,EPSG:32643,Converted from UTM coordinates (grid 43 P of UTM Zone 43 N) to decimal degrees using QGIS,713082,1140319,76.9457780101605,10.3098531457529,tea,1,present,NA
1779,monsoon,Nallamudi,s10,2011-10-14,14/10/2011,9.3,frog,Frog,Anura,order,amphibia,UTM,EPSG:32643,Converted from UTM coordinates (grid 43 P of UTM Zone 43 N) to decimal degrees using QGIS,712246,1137669,76.9380007069313,10.2859451120334,tea,1,present,NA
1780,monsoon,Nallamudi,s10,2011-10-14,14/10/2011,9.3,frog,Frog,Anura,order,amphibia,UTM,EPSG:32643,Converted from UTM coordinates (grid 43 P of UTM Zone 43 N) to decimal degrees using QGIS,712061,1137513,76.9363035601891,10.2845450931067,tea,4,present,NA
1781,monsoon,Nallamudi,s10,2011-10-14,14/10/2011,9.3,frog,Frog,Anura,order,amphibia,UTM,EPSG:32643,Converted from UTM coordinates (grid 43 P of UTM Zone 43 N) to decimal degrees using QGIS,711975,1137407,76.9355127775835,10.2835916264481,tea,1,present,NA
1782,monsoon,Nallamudi,s10,2011-10-14,14/10/2011,9.3,frog,Frog,Anura,order,amphibia,UTM,EPSG:32643,Converted from UTM coordinates (grid 43 P of UTM Zone 43 N) to decimal degrees using QGIS,711945,1137039,76.9352187027954,10.2802668263165,tea,1,present,NA
1783,monsoon,Nallamudi,s10,2011-10-14,14/10/2011,9.3,frog,Frog,Anura,order,amphibia,UTM,EPSG:32643,Converted from UTM coordinates (grid 43 P of UTM Zone 43 N) to decimal degrees using QGIS,711843,1136391,76.9342520962118,10.274414959826,tea,1,present,NA
1784,monsoon,Nallamudi,s10,2011-10-14,14/10/2011,9.3,frog,Frog,Anura,order,amphibia,UTM,EPSG:32643,Converted from UTM coordinates (grid 43 P of UTM Zone 43 N) to decimal degrees using QGIS,712093,1135150,76.9364655734613,10.263183656494,tea,1,present,NA
1785,monsoon,Nallamudi,s10,2011-10-14,14/10/2011,9.3,frog,Frog,Anura,order,amphibia,UTM,EPSG:32643,Converted from UTM coordinates (grid 43 P of UTM Zone 43 N) to decimal degrees using QGIS,712089,1134891,76.9364148290814,10.2608427129679,tea,1,present,NA
1786,monsoon,Nallamudi,s10,2011-10-14,14/10/2011,9.3,frog,Frog,Anura,order,amphibia,UTM,EPSG:32643,Converted from UTM coordinates (grid 43 P of UTM Zone 43 N) to decimal degrees using QGIS,712046,1134875,76.936021506372,10.2607004258476,tea,1,present,NA
1787,monsoon,Nallamudi,s10,2011-10-14,14/10/2011,9.3,frog,Frog,Anura,order,amphibia,UTM,EPSG:32643,Converted from UTM coordinates (grid 43 P of UTM Zone 43 N) to decimal degrees using QGIS,713074,1140153,76.9456957745326,10.3083530853955,tea,1,present,NA
1788,monsoon,Nallamudi,s10,2011-10-14,14/10/2011,9.3,frog,Frog,Anura,order,amphibia,UTM,EPSG:32643,Converted from UTM coordinates (grid 43 P of UTM Zone 43 N) to decimal degrees using QGIS,713093,1140117,76.9458672069284,10.3080266316579,tea,1,present,NA
1789,monsoon,Nallamudi,s10,2011-10-14,14/10/2011,9.3,frog,Frog,Anura,order,amphibia,UTM,EPSG:32643,Converted from UTM coordinates (grid 43 P of UTM Zone 43 N) to decimal degrees using QGIS,713156,1139987,76.9464350483758,10.3068480790778,tea,1,present,NA
1790,monsoon,Nallamudi,s10,2011-10-14,14/10/2011,9.3,frog,Frog,Anura,order,amphibia,UTM,EPSG:32643,Converted from UTM coordinates (grid 43 P of UTM Zone 43 N) to decimal degrees using QGIS,713195,1139693,76.9467747161906,10.3041884243277,tea,1,present,NA
1791,monsoon,Nallamudi,s10,2011-10-14,14/10/2011,9.3,frog,Frog,Anura,order,amphibia,UTM,EPSG:32643,Converted from UTM coordinates (grid 43 P of UTM Zone 43 N) to decimal degrees using QGIS,712983,1138378,76.9447667629917,10.2923135643018,tea,1,present,NA
1792,monsoon,Nallamudi,s10,2011-10-14,14/10/2011,9.3,frog,Frog,Anura,order,amphibia,UTM,EPSG:32643,Converted from UTM coordinates (grid 43 P of UTM Zone 43 N) to decimal degrees using QGIS,712865,1137885,76.9436624449998,10.2878637186851,tea,1,present,NA
1793,monsoon,Nallamudi,s10,2011-10-14,14/10/2011,9.3,frog,Frog,Anura,order,amphibia,UTM,EPSG:32643,Converted from UTM coordinates (grid 43 P of UTM Zone 43 N) to decimal degrees using QGIS,712622,1137801,76.9414398617776,10.2871177317977,tea,1,present,NA
1794,monsoon,Nallamudi,s10,2011-10-14,14/10/2011,9.3,frog,Frog,Anura,order,amphibia,UTM,EPSG:32643,Converted from UTM coordinates (grid 43 P of UTM Zone 43 N) to decimal degrees using QGIS,712336,1137748,76.938826522607,10.286654292905,tea,1,present,NA
1795,monsoon,Nallamudi,s10,2011-10-14,14/10/2011,9.3,glow worm,Glowworm,Lampyridae,family,insecta,UTM,EPSG:32643,Converted from UTM coordinates (grid 43 P of UTM Zone 43 N) to decimal degrees using QGIS,713108,1138894,76.9459362908858,10.2969709157913,tea,1,present,NA
1796,monsoon,Nallamudi,s10,2011-10-14,14/10/2011,9.3,grasshopper,Grasshopper,Orthoptera,order,insecta,UTM,EPSG:32643,Converted from UTM coordinates (grid 43 P of UTM Zone 43 N) to decimal degrees using QGIS,712218,1137629,76.9377429368662,10.285585072664,tea,1,present,NA
1797,monsoon,Nallamudi,s10,2011-10-14,14/10/2011,9.3,millipede,Millipede,Diplopoda,class,diplopoda,UTM,EPSG:32643,Converted from UTM coordinates (grid 43 P of UTM Zone 43 N) to decimal degrees using QGIS,713013,1138592,76.9450524395847,10.2942463011971,tea,1,present,NA
1798,monsoon,Nallamudi,s10,2011-10-14,14/10/2011,9.3,millipede,Millipede,Diplopoda,class,diplopoda,UTM,EPSG:32643,Converted from UTM coordinates (grid 43 P of UTM Zone 43 N) to decimal degrees using QGIS,712980,1138385,76.9447397682695,10.2923770030195,tea,1,present,NA
1799,monsoon,Nallamudi,s10,2011-10-14,14/10/2011,9.3,millipede,Millipede,Diplopoda,class,diplopoda,UTM,EPSG:32643,Converted from UTM coordinates (grid 43 P of UTM Zone 43 N) to decimal degrees using QGIS,712985,1138379,76.9447850732643,10.2923224937929,tea,1,present,NA
1800,monsoon,Nallamudi,s10,2011-10-14,14/10/2011,9.3,millipede,Millipede,Diplopoda,class,diplopoda,UTM,EPSG:32643,Converted from UTM coordinates (grid 43 P of UTM Zone 43 N) to decimal degrees using QGIS,713043,1138345,76.945312581931,10.2920119808966,tea,1,present,NA
1801,monsoon,Nallamudi,s10,2011-10-14,14/10/2011,9.3,millipede,Millipede,Diplopoda,class,diplopoda,UTM,EPSG:32643,Converted from UTM coordinates (grid 43 P of UTM Zone 43 N) to decimal degrees using QGIS,713050,1138049,76.9453600804853,10.2893360029226,tea,1,present,NA
1802,monsoon,Nallamudi,s10,2011-10-14,14/10/2011,9.3,millipede,Millipede,Diplopoda,class,diplopoda,UTM,EPSG:32643,Converted from UTM coordinates (grid 43 P of UTM Zone 43 N) to decimal degrees using QGIS,713000,1137950,76.944898231766,10.2884438665739,tea,1,present,NA
1803,monsoon,Nallamudi,s10,2011-10-14,14/10/2011,9.3,millipede,Millipede,Diplopoda,class,diplopoda,UTM,EPSG:32643,Converted from UTM coordinates (grid 43 P of UTM Zone 43 N) to decimal degrees using QGIS,712867,1137886,76.9436807549728,10.2878726482937,tea,1,present,NA
1804,monsoon,Nallamudi,s10,2011-10-14,14/10/2011,9.3,shield tail,Shieldtail,Uropeltidae,family,reptilia,UTM,EPSG:32643,Converted from UTM coordinates (grid 43 P of UTM Zone 43 N) to decimal degrees using QGIS,713191,1139684,76.9467377056052,10.3041072917756,tea,1,present,NA
1805,monsoon,Nallamudi,s10,2011-10-14,14/10/2011,9.3,snail,Snail,Gastropoda,class,mollusca,UTM,EPSG:32643,Converted from UTM coordinates (grid 43 P of UTM Zone 43 N) to decimal degrees using QGIS,712519,1137755,76.9404972075193,10.286707563387,tea,1,present,NA
1806,monsoon,Nallamudi,s10,2011-10-14,14/10/2011,9.3,snail,Snail,Gastropoda,class,mollusca,UTM,EPSG:32643,Converted from UTM coordinates (grid 43 P of UTM Zone 43 N) to decimal degrees using QGIS,711818,1136208,76.9340138624323,10.2727621401725,tea,1,present,NA
1807,monsoon,Nallamudi,s10,2011-10-14,14/10/2011,9.3,snail,Snail,Gastropoda,class,mollusca,UTM,EPSG:32643,Converted from UTM coordinates (grid 43 P of UTM Zone 43 N) to decimal degrees using QGIS,711814,1136127,76.9339729029457,10.2720301794418,tea,2,present,NA
1808,monsoon,Nallamudi,s10,2011-10-14,14/10/2011,9.3,snail,Snail,Gastropoda,class,mollusca,UTM,EPSG:32643,Converted from UTM coordinates (grid 43 P of UTM Zone 43 N) to decimal degrees using QGIS,712026,1135624,76.935880145161,10.26747190123,tea,1,present,NA
1809,monsoon,Nallamudi,s10,2011-10-14,14/10/2011,9.3,snail,Snail,Gastropoda,class,mollusca,UTM,EPSG:32643,Converted from UTM coordinates (grid 43 P of UTM Zone 43 N) to decimal degrees using QGIS,712064,1134961,76.936190511548,10.2614768202978,tea,1,present,NA
1810,monsoon,Nallamudi,s10,2011-10-14,14/10/2011,9.3,jungle palm squirrel,Jungle striped squirrel,Funambulus tristriatus,species,mammalia,UTM,EPSG:32643,Converted from UTM coordinates (grid 43 P of UTM Zone 43 N) to decimal degrees using QGIS,711820,1136706,76.9340594941843,10.2772635720684,tea,1,present,NA
1811,monsoon,Nallamudi,s10,2011-10-14,14/10/2011,9.3,jungle palm squirrel,Jungle striped squirrel,Funambulus tristriatus,species,mammalia,UTM,EPSG:32643,Converted from UTM coordinates (grid 43 P of UTM Zone 43 N) to decimal degrees using QGIS,712052,1135572,76.9361145819384,10.2670004451604,tea,1,present,NA
1812,monsoon,Nallamudi,s10,2011-10-14,14/10/2011,9.3,toad,Toad,Anura,order,amphibia,UTM,EPSG:32643,Converted from UTM coordinates (grid 43 P of UTM Zone 43 N) to decimal degrees using QGIS,713074,1139179,76.9456417516036,10.2995489436734,tea,2,present,NA
1813,monsoon,Nallamudi,s10,2011-10-14,14/10/2011,9.3,toad,Toad,Anura,order,amphibia,UTM,EPSG:32643,Converted from UTM coordinates (grid 43 P of UTM Zone 43 N) to decimal degrees using QGIS,711865,1136227,76.934443873336,10.2729313269928,tea,1,present,NA
1814,monsoon,Nallamudi,s10,2011-10-14,14/10/2011,9.3,shield tail,Shieldtail,Uropeltidae,family,reptilia,UTM,EPSG:32643,Converted from UTM coordinates (grid 43 P of UTM Zone 43 N) to decimal degrees using QGIS,713260,1140930,76.9474367327141,10.3153662766327,tea,2,present,NA
1815,monsoon,Nallamudi,s11,2011-10-23,23/10/2011,9.3,snake,Snake,Squamata,order,reptilia,UTM,EPSG:32643,Converted from UTM coordinates (grid 43 P of UTM Zone 43 N) to decimal degrees using QGIS,712850,1137880,76.9435252585187,10.2878193445325,tea,1,present,coral snake
1816,monsoon,Nallamudi,s11,2011-10-23,23/10/2011,9.3,earthworm,Earthworm,Annelida,phylum,annelida,UTM,EPSG:32643,Converted from UTM coordinates (grid 43 P of UTM Zone 43 N) to decimal degrees using QGIS,711870,1136235,76.9344899478914,10.2730033686513,tea,1,present,NA
1817,monsoon,Nallamudi,s11,2011-10-23,23/10/2011,9.3,frog,Frog,Anura,order,amphibia,UTM,EPSG:32643,Converted from UTM coordinates (grid 43 P of UTM Zone 43 N) to decimal degrees using QGIS,711982,1137410,76.9355768335172,10.2836183623858,tea,3,present,NA
1818,monsoon,Nallamudi,s11,2011-10-23,23/10/2011,9.3,millipede,Millipede,Diplopoda,class,diplopoda,UTM,EPSG:32643,Converted from UTM coordinates (grid 43 P of UTM Zone 43 N) to decimal degrees using QGIS,713028,1138524,76.9451855851697,10.2936308148705,tea,1,present,NA
1819,monsoon,Nallamudi,s11,2011-10-23,23/10/2011,9.3,millipede,Millipede,Diplopoda,class,diplopoda,UTM,EPSG:32643,Converted from UTM coordinates (grid 43 P of UTM Zone 43 N) to decimal degrees using QGIS,713046,1138169,76.9453302163947,10.290420922631,tea,3,present,NA
1820,monsoon,Nallamudi,s11,2011-10-23,23/10/2011,9.3,mouse,Mouse,Muridae,family,mammalia,UTM,EPSG:32643,Converted from UTM coordinates (grid 43 P of UTM Zone 43 N) to decimal degrees using QGIS,713057,1138086,76.9454260210105,10.2896700682925,tea,1,present,NA
1821,monsoon,Nallamudi,s11,2011-10-23,23/10/2011,9.3,shield tail,Shieldtail,Uropeltidae,family,reptilia,UTM,EPSG:32643,Converted from UTM coordinates (grid 43 P of UTM Zone 43 N) to decimal degrees using QGIS,713531,1141504,76.949942396008,10.3205398123437,tea,1,present,NA
1822,monsoon,Nallamudi,s11,2011-10-23,23/10/2011,9.3,shield tail,Shieldtail,Uropeltidae,family,reptilia,UTM,EPSG:32643,Converted from UTM coordinates (grid 43 P of UTM Zone 43 N) to decimal degrees using QGIS,713497,1141506,76.9496321474082,10.3205597650342,tea,1,present,NA
1823,monsoon,Nallamudi,s11,2011-10-23,23/10/2011,9.3,shield tail,Shieldtail,Uropeltidae,family,reptilia,UTM,EPSG:32643,Converted from UTM coordinates (grid 43 P of UTM Zone 43 N) to decimal degrees using QGIS,713057,1138070,76.9454251349438,10.2895254415855,tea,1,present,NA
1824,monsoon,Nallamudi,s11,2011-10-23,23/10/2011,9.3,snail,Snail,Gastropoda,class,mollusca,UTM,EPSG:32643,Converted from UTM coordinates (grid 43 P of UTM Zone 43 N) to decimal degrees using QGIS,713099,1138915,76.9458553067819,10.2971612322735,tea,1,present,NA
1825,monsoon,Nallamudi,s11,2011-10-23,23/10/2011,9.3,snail,Snail,Gastropoda,class,mollusca,UTM,EPSG:32643,Converted from UTM coordinates (grid 43 P of UTM Zone 43 N) to decimal degrees using QGIS,711982,1135681,76.9354817002976,10.2679895335645,tea,1,present,NA
1826,monsoon,Nallamudi,s11,2011-10-23,23/10/2011,9.3,toad,Toad,Anura,order,amphibia,UTM,EPSG:32643,Converted from UTM coordinates (grid 43 P of UTM Zone 43 N) to decimal degrees using QGIS,713104,1138905,76.9459003903501,10.2970705661659,tea,1,present,NA
1827,monsoon,Nallamudi,s11,2011-10-23,23/10/2011,9.3,toad,Toad,Anura,order,amphibia,UTM,EPSG:32643,Converted from UTM coordinates (grid 43 P of UTM Zone 43 N) to decimal degrees using QGIS,711872,1137287,76.9345660666238,10.2825125342611,tea,1,present,NA
1828,monsoon,Nallamudi,s11,2011-10-23,23/10/2011,9.3,toad,Toad,Anura,order,amphibia,UTM,EPSG:32643,Converted from UTM coordinates (grid 43 P of UTM Zone 43 N) to decimal degrees using QGIS,711835,1136212,76.9341692403643,10.2727973717094,tea,1,present,NA
1829,summer,Azhiyar,az11,2012-05-23,23/05/2012,5.1,snake,Pitviper,Craspedocephalus,genus,reptilia,UTM,EPSG:32643,Converted from UTM coordinates (grid 43 P of UTM Zone 43 N) to decimal degrees using QGIS,716024,1156129,76.9735282683456,10.4525964179923,forest,1,present,brown pit viper
1830,summer,Azhiyar,az11,2012-05-23,23/05/2012,5.1,calotes,Calotes,Calotes calotes,species,reptilia,UTM,EPSG:32643,Converted from UTM coordinates (grid 43 P of UTM Zone 43 N) to decimal degrees using QGIS,715781,1156586,76.9713352721374,10.4567409352568,forest,1,present,green calotes
1831,summer,Azhiyar,az11,2012-05-23,23/05/2012,5.1,snake,Pitviper,Craspedocephalus,genus,reptilia,UTM,EPSG:32643,Converted from UTM coordinates (grid 43 P of UTM Zone 43 N) to decimal degrees using QGIS,714218,1157973,76.9571403893013,10.4693659782395,forest,1,present,pit viper
1832,summer,Azhiyar,az12,2012-05-26,26/05/2012,5.1,NA,Animals,Animalia,kingdom,NA,UTM,EPSG:32643,Converted from UTM coordinates (grid 43 P of UTM Zone 43 N) to decimal degrees using QGIS,714218,1157973,76.9571403893013,10.4693659782395,forest,0,absent,No roadkills on this day; location based on previous roadkill
1833,summer,Azhiyar,az13,2012-05-28,28/05/2012,5.1,snake,Pitviper,Craspedocephalus,genus,reptilia,UTM,EPSG:32643,Converted from UTM coordinates (grid 43 P of UTM Zone 43 N) to decimal degrees using QGIS,715563,1156307,76.9693285816163,10.4542313726717,forest,1,present,pit viper
1834,summer,Azhiyar,az13,2012-05-28,28/05/2012,5.1,snake,Indian rock python,Python molurus,species,reptilia,UTM,EPSG:32643,Converted from UTM coordinates (grid 43 P of UTM Zone 43 N) to decimal degrees using QGIS,715256,1157333,76.9665834550585,10.4635226464208,forest,1,present,rock python young one 1
1835,summer,Azhiyar,az14,2012-06-07,07/06/2012,5.1,snake,Pitviper,Craspedocephalus,genus,reptilia,UTM,EPSG:32643,Converted from UTM coordinates (grid 43 P of UTM Zone 43 N) to decimal degrees using QGIS,715252,1157555,76.96655956949,10.4655295202246,forest,1,present,pit viper
1836,summer,Azhiyar,az15,2012-06-14,14/06/2012,5.1,NA,Animals,Animalia,kingdom,NA,UTM,EPSG:32643,Converted from UTM coordinates (grid 43 P of UTM Zone 43 N) to decimal degrees using QGIS,715252,1157555,76.96655956949,10.4655295202246,forest,0,absent,No roadkills on this day; location based on previous roadkill
1837,summer,Azhiyar,az16,2012-06-17,17/06/2012,5.1,NA,Animals,Animalia,kingdom,NA,UTM,EPSG:32643,Converted from UTM coordinates (grid 43 P of UTM Zone 43 N) to decimal degrees using QGIS,715252,1157555,76.96655956949,10.4655295202246,forest,0,absent,No roadkills on this day; location based on previous roadkill
1838,summer,Azhiyar,az17,2012-06-19,19/06/2012,5.1,calotes,Calotes,Calotes,genus,reptilia,UTM,EPSG:32643,Converted from UTM coordinates (grid 43 P of UTM Zone 43 N) to decimal degrees using QGIS,714266,1157954,76.9575776723222,10.4691915428011,forest,1,present,calotes1
1839,summer,Azhiyar,az17,2012-06-19,19/06/2012,5.1,centipede,Centipede,Chilopoda,class,chilopoda,UTM,EPSG:32643,Converted from UTM coordinates (grid 43 P of UTM Zone 43 N) to decimal degrees using QGIS,714761,1157877,76.9620938802526,10.4684677209078,forest,1,present,centiipede1
1840,summer,Azhiyar,az17,2012-06-19,19/06/2012,5.1,centipede,Centipede,Chilopoda,class,chilopoda,UTM,EPSG:32643,Converted from UTM coordinates (grid 43 P of UTM Zone 43 N) to decimal degrees using QGIS,714504,1157906,76.9597484823318,10.4687443028795,forest,1,present,centipede2
1841,summer,Azhiyar,az17,2012-06-19,19/06/2012,5.1,snake,Rat snake,Ptyas mucosa,species,reptilia,UTM,EPSG:32643,Converted from UTM coordinates (grid 43 P of UTM Zone 43 N) to decimal degrees using QGIS,714034,1158267,76.9554766654722,10.4720337710426,forest,1,present,rat snake1
1842,summer,Azhiyar,az17,2012-06-19,19/06/2012,5.1,scorpion,Scorpion,Scorpiones,order,arachnida,UTM,EPSG:32643,Converted from UTM coordinates (grid 43 P of UTM Zone 43 N) to decimal degrees using QGIS,715590,1156869,76.9696071785782,10.4593097365937,forest,1,present,scorpion1
1843,summer,Azhiyar,az17,2012-06-19,19/06/2012,5.1,snake,Snake,Squamata,order,reptilia,UTM,EPSG:32643,Converted from UTM coordinates (grid 43 P of UTM Zone 43 N) to decimal degrees using QGIS,715597,1156778,76.9696659155571,10.4584867977897,forest,1,present,snake1
1844,summer,Azhiyar,az17,2012-06-19,19/06/2012,5.1,frog,Frog,Anura,order,amphibia,UTM,EPSG:32643,Converted from UTM coordinates (grid 43 P of UTM Zone 43 N) to decimal degrees using QGIS,714652,1157887,76.9610990097349,10.4685642419756,forest,1,present,frog1
1845,summer,Azhiyar,az18,2012-06-20,20/06/2012,5.1,three striped palm squirrel,Three-striped palm squirrel,Funambulus palmarum,species,mammalia,UTM,EPSG:32643,Converted from UTM coordinates (grid 43 P of UTM Zone 43 N) to decimal degrees using QGIS,715859,1156261,76.9720290287175,10.4537988772563,forest,1,present,palm squirrel tsps1
1846,summer,Azhiyar,az18,2012-06-20,20/06/2012,5.1,skink,Skink,Scincidae,family,reptilia,UTM,EPSG:32643,Converted from UTM coordinates (grid 43 P of UTM Zone 43 N) to decimal degrees using QGIS,716593,1156411,76.9787404743768,10.4551131918867,forest,1,present,skink1
1847,summer,Waverly,w11,2012-05-19,19/05/2012,8.5,snake,Pitviper,Craspedocephalus,genus,reptilia,UTM,EPSG:32643,Converted from UTM coordinates (grid 43 P of UTM Zone 43 N) to decimal degrees using QGIS,718556,1149277,76.9962556521294,10.3905185343627,forest,1,present,brown pit viper1
1848,summer,Waverly,w11,2012-05-19,19/05/2012,8.5,snake,Pitviper,Craspedocephalus,genus,reptilia,UTM,EPSG:32643,Converted from UTM coordinates (grid 43 P of UTM Zone 43 N) to decimal degrees using QGIS,718027,1150471,76.9914942759014,10.4013409539808,forest,1,present,brown pit viper2
1849,summer,Waverly,w11,2012-05-19,19/05/2012,8.5,calotes,Calotes,Calotes,genus,reptilia,UTM,EPSG:32643,Converted from UTM coordinates (grid 43 P of UTM Zone 43 N) to decimal degrees using QGIS,718719,1148236,76.9976840773756,10.3810998472681,tea,1,present,calotes green1
1850,summer,Waverly,w11,2012-05-19,19/05/2012,8.5,snake,Snake,Squamata,order,reptilia,UTM,EPSG:32643,Converted from UTM coordinates (grid 43 P of UTM Zone 43 N) to decimal degrees using QGIS,718031,1150481,76.9915313704745,10.4014311155498,forest,1,present,coral snake1
1851,summer,Waverly,w11,2012-05-19,19/05/2012,8.5,earthworm,Earthworm,Annelida,phylum,annelida,UTM,EPSG:32643,Converted from UTM coordinates (grid 43 P of UTM Zone 43 N) to decimal degrees using QGIS,718566,1149283,76.9963472965249,10.3905721991369,forest,1,present,earthworm1
1852,summer,Waverly,w11,2012-05-19,19/05/2012,8.5,mouse,Mouse,Muridae,family,mammalia,UTM,EPSG:32643,Converted from UTM coordinates (grid 43 P of UTM Zone 43 N) to decimal degrees using QGIS,718198,1146934,76.9928529957719,10.3693608123386,forest,1,present,mouse1
1853,summer,Waverly,w11,2012-05-19,19/05/2012,8.5,mouse,Mouse,Muridae,family,mammalia,UTM,EPSG:32643,Converted from UTM coordinates (grid 43 P of UTM Zone 43 N) to decimal degrees using QGIS,718055,1149851,76.9917143930791,10.3957352745715,forest,1,present,mouse2
1854,summer,Waverly,w11,2012-05-19,19/05/2012,8.5,mouse,Mouse,Muridae,family,mammalia,UTM,EPSG:32643,Converted from UTM coordinates (grid 43 P of UTM Zone 43 N) to decimal degrees using QGIS,718036,1149940,76.9915460186194,10.3965408105804,forest,1,present,mouse3
1855,summer,Waverly,w11,2012-05-19,19/05/2012,8.5,snake,Pitviper,Craspedocephalus,genus,reptilia,UTM,EPSG:32643,Converted from UTM coordinates (grid 43 P of UTM Zone 43 N) to decimal degrees using QGIS,718346,1147271,76.9942234324102,10.3723985260093,forest,1,present,pit viper green1
1856,summer,Waverly,w11,2012-05-19,19/05/2012,8.5,snake,Rat snake,Ptyas mucosa,species,reptilia,UTM,EPSG:32643,Converted from UTM coordinates (grid 43 P of UTM Zone 43 N) to decimal degrees using QGIS,718044,1149900,76.9916167684463,10.3961788025114,forest,1,present,rat snake1
1857,summer,Waverly,w11,2012-05-19,19/05/2012,8.5,snake,Snake,Squamata,order,reptilia,UTM,EPSG:32643,Converted from UTM coordinates (grid 43 P of UTM Zone 43 N) to decimal degrees using QGIS,718198,1146942,76.9928534531984,10.3694331232644,forest,1,present,snake1
1858,summer,Waverly,w12,2012-05-24,24/05/2012,8.5,calotes,Calotes,Calotes,genus,reptilia,UTM,EPSG:32643,Converted from UTM coordinates (grid 43 P of UTM Zone 43 N) to decimal degrees using QGIS,718026,1150430,76.9914827955257,10.4009704176515,forest,1,present,calotes1
1859,summer,Waverly,w12,2012-05-24,24/05/2012,8.5,snake,Snake,Squamata,order,reptilia,UTM,EPSG:32643,Converted from UTM coordinates (grid 43 P of UTM Zone 43 N) to decimal degrees using QGIS,718019,1150406,76.9914175076609,10.4007538822993,forest,1,present,coral snake1
1860,summer,Waverly,w12,2012-05-24,24/05/2012,8.5,snake,Pitviper,Craspedocephalus,genus,reptilia,UTM,EPSG:32643,Converted from UTM coordinates (grid 43 P of UTM Zone 43 N) to decimal degrees using QGIS,718304,1148694,76.9939214762765,10.3852631960962,tea,1,present,green pit viper1
1861,summer,Waverly,w12,2012-05-24,24/05/2012,8.5,mouse,Mouse,Muridae,family,mammalia,UTM,EPSG:32643,Converted from UTM coordinates (grid 43 P of UTM Zone 43 N) to decimal degrees using QGIS,718202,1149699,76.9930478147251,10.3943530285528,forest,1,present,mouse1
1862,summer,Waverly,w12,2012-05-24,24/05/2012,8.5,snake,Pitviper,Craspedocephalus,genus,reptilia,UTM,EPSG:32643,Converted from UTM coordinates (grid 43 P of UTM Zone 43 N) to decimal degrees using QGIS,718292,1146726,76.9936992627343,10.3674754065499,forest_tea,1,present,pit viper1
1863,summer,Waverly,w12,2012-05-24,24/05/2012,8.5,snake,Snake,Squamata,order,reptilia,UTM,EPSG:32643,Converted from UTM coordinates (grid 43 P of UTM Zone 43 N) to decimal degrees using QGIS,718219,1146864,76.9930407105752,10.3687269029079,forest,1,present,snake1
1864,summer,Waverly,w12,2012-05-24,24/05/2012,8.5,snake,Snake,Squamata,order,reptilia,UTM,EPSG:32643,Converted from UTM coordinates (grid 43 P of UTM Zone 43 N) to decimal degrees using QGIS,718202,1149700,76.9930478720497,10.3943620674035,forest,1,present,snake2
1865,summer,Waverly,w13,2012-05-26,26/05/2012,8.5,butterfly,Butterfly,Lepidoptera,order,insecta,UTM,EPSG:32643,Converted from UTM coordinates (grid 43 P of UTM Zone 43 N) to decimal degrees using QGIS,718272,1147208,76.9935442457852,10.371833270406,forest,1,present,butterfly1
1866,summer,Waverly,w13,2012-05-26,26/05/2012,8.5,calotes,Calotes,Calotes,genus,reptilia,UTM,EPSG:32643,Converted from UTM coordinates (grid 43 P of UTM Zone 43 N) to decimal degrees using QGIS,718714,1148212,76.9976370516314,10.3808831993369,tea,1,present,calotes green1
1867,summer,Waverly,w13,2012-05-26,26/05/2012,8.5,frog,Frog,Anura,order,amphibia,UTM,EPSG:32643,Converted from UTM coordinates (grid 43 P of UTM Zone 43 N) to decimal degrees using QGIS,718422,1149343,76.995036017388,10.3911227097322,forest,1,present,frog1
1868,summer,Waverly,w13,2012-05-26,26/05/2012,8.5,frog,Frog,Anura,order,amphibia,UTM,EPSG:32643,Converted from UTM coordinates (grid 43 P of UTM Zone 43 N) to decimal degrees using QGIS,718488,1149368,76.9956400334873,10.3913449319411,forest,1,present,frog2
1869,summer,Waverly,w13,2012-05-26,26/05/2012,8.5,frog,Frog,Anura,order,amphibia,UTM,EPSG:32643,Converted from UTM coordinates (grid 43 P of UTM Zone 43 N) to decimal degrees using QGIS,718662,1149361,76.9972282556566,10.3912717714487,forest_tea,1,present,frog3
1870,summer,Waverly,w13,2012-05-26,26/05/2012,8.5,frog,Frog,Anura,order,amphibia,UTM,EPSG:32643,Converted from UTM coordinates (grid 43 P of UTM Zone 43 N) to decimal degrees using QGIS,718319,1148828,76.9940661031794,10.3864735510334,forest,1,present,frog4
1871,summer,Waverly,w13,2012-05-26,26/05/2012,8.5,frog,Frog,Anura,order,amphibia,UTM,EPSG:32643,Converted from UTM coordinates (grid 43 P of UTM Zone 43 N) to decimal degrees using QGIS,718307,1148676,76.9939478344841,10.3851003265985,tea,1,present,frog5
1872,summer,Waverly,w13,2012-05-26,26/05/2012,8.5,frog,Frog,Anura,order,amphibia,UTM,EPSG:32643,Converted from UTM coordinates (grid 43 P of UTM Zone 43 N) to decimal degrees using QGIS,718469,1148522,76.9954180407418,10.3836991515657,tea,1,present,frog6
1873,summer,Waverly,w13,2012-05-26,26/05/2012,8.5,frog,Frog,Anura,order,amphibia,UTM,EPSG:32643,Converted from UTM coordinates (grid 43 P of UTM Zone 43 N) to decimal degrees using QGIS,718587,1148729,76.996507233069,10.3855634911855,tea,1,present,frog7
1874,summer,Waverly,w13,2012-05-26,26/05/2012,8.5,frog,Frog,Anura,order,amphibia,UTM,EPSG:32643,Converted from UTM coordinates (grid 43 P of UTM Zone 43 N) to decimal degrees using QGIS,718585,1148620,76.9964827199203,10.3845783715726,tea,1,present,frog8
1875,summer,Waverly,w13,2012-05-26,26/05/2012,8.5,frog,Frog,Anura,order,amphibia,UTM,EPSG:32643,Converted from UTM coordinates (grid 43 P of UTM Zone 43 N) to decimal degrees using QGIS,718650,1147908,76.9970353137322,10.378139028182,tea,2,present,frog9 two of them
1876,summer,Waverly,w13,2012-05-26,26/05/2012,8.5,insect,Insects,Insecta,class,insecta,UTM,EPSG:32643,Converted from UTM coordinates (grid 43 P of UTM Zone 43 N) to decimal degrees using QGIS,717997,1150266,76.9912086178923,10.3994896904505,forest,1,present,insect1
1877,summer,Waverly,w13,2012-05-26,26/05/2012,8.5,insect,Insects,Insecta,class,insecta,UTM,EPSG:32643,Converted from UTM coordinates (grid 43 P of UTM Zone 43 N) to decimal degrees using QGIS,718572,1149285,76.996402191336,10.3905899358512,forest,1,present,insect2
1878,summer,Waverly,w13,2012-05-26,26/05/2012,8.5,insect,Insects,Insecta,class,insecta,UTM,EPSG:32643,Converted from UTM coordinates (grid 43 P of UTM Zone 43 N) to decimal degrees using QGIS,718431,1149086,76.9951034463332,10.3887992162856,forest,1,present,insect3
1879,summer,Waverly,w13,2012-05-26,26/05/2012,8.5,millipede,Millipede,Diplopoda,class,diplopoda,UTM,EPSG:32643,Converted from UTM coordinates (grid 43 P of UTM Zone 43 N) to decimal degrees using QGIS,718030,1150090,76.9914998318134,10.3978969795405,forest,1,present,millipede1
1880,summer,Waverly,w13,2012-05-26,26/05/2012,8.5,millipede,Millipede,Diplopoda,class,diplopoda,UTM,EPSG:32643,Converted from UTM coordinates (grid 43 P of UTM Zone 43 N) to decimal degrees using QGIS,718212,1149674,76.9931376828631,10.3941264897701,forest,2,present,millipede2 two of them
1881,summer,Waverly,w13,2012-05-26,26/05/2012,8.5,millipede,Millipede,Diplopoda,class,diplopoda,UTM,EPSG:32643,Converted from UTM coordinates (grid 43 P of UTM Zone 43 N) to decimal degrees using QGIS,718342,1149417,76.9943098586755,10.391796126701,forest,2,present,millipede3 two of them
1882,summer,Waverly,w13,2012-05-26,26/05/2012,8.5,millipede,Millipede,Diplopoda,class,diplopoda,UTM,EPSG:32643,Converted from UTM coordinates (grid 43 P of UTM Zone 43 N) to decimal degrees using QGIS,718701,1149233,76.9975769747244,10.3901125840171,forest,1,present,millipede4
1883,summer,Waverly,w13,2012-05-26,26/05/2012,8.5,mouse,Mouse,Muridae,family,mammalia,UTM,EPSG:32643,Converted from UTM coordinates (grid 43 P of UTM Zone 43 N) to decimal degrees using QGIS,718056,1149721,76.9917160754482,10.3945601663704,forest,1,present,mouse1
1884,summer,Waverly,w13,2012-05-26,26/05/2012,8.5,mouse,Mouse,Muridae,family,mammalia,UTM,EPSG:32643,Converted from UTM coordinates (grid 43 P of UTM Zone 43 N) to decimal degrees using QGIS,718205,1146914,76.9929157580284,10.3691796387459,forest,1,present,mouse2
1885,summer,Waverly,w13,2012-05-26,26/05/2012,8.5,snake,Snake,Squamata,order,reptilia,UTM,EPSG:32643,Converted from UTM coordinates (grid 43 P of UTM Zone 43 N) to decimal degrees using QGIS,718755,1149313,76.9980745894352,10.3908326193416,forest,1,present,snake1
1886,summer,Waverly,w13,2012-05-26,26/05/2012,8.5,shield tail,Shieldtail,Uropeltidae,family,reptilia,UTM,EPSG:32643,Converted from UTM coordinates (grid 43 P of UTM Zone 43 N) to decimal degrees using QGIS,718056,1149794,76.9917202575699,10.395220002982,forest,1,present,uropeltid1
1887,summer,Waverly,w14,2012-05-28,28/05/2012,8.5,calotes,Calotes,Calotes,genus,reptilia,UTM,EPSG:32643,Converted from UTM coordinates (grid 43 P of UTM Zone 43 N) to decimal degrees using QGIS,718663,1148424,76.9971835991567,10.3828023292547,tea,1,present,calotes green1
1888,summer,Waverly,w14,2012-05-28,28/05/2012,8.5,calotes,Calotes,Calotes,genus,reptilia,UTM,EPSG:32643,Converted from UTM coordinates (grid 43 P of UTM Zone 43 N) to decimal degrees using QGIS,718121,1146859,76.9921457446146,10.3686872553825,forest,1,present,calotes green2
1889,summer,Waverly,w14,2012-05-28,28/05/2012,8.5,frog,Frog,Anura,order,amphibia,UTM,EPSG:32643,Converted from UTM coordinates (grid 43 P of UTM Zone 43 N) to decimal degrees using QGIS,718339,1149425,76.9942829272948,10.3918686077824,forest,1,present,frog1
1890,summer,Waverly,w14,2012-05-28,28/05/2012,8.5,millipede,Millipede,Diplopoda,class,diplopoda,UTM,EPSG:32643,Converted from UTM coordinates (grid 43 P of UTM Zone 43 N) to decimal degrees using QGIS,718372,1149307,76.9945774514716,10.3908001505492,forest,1,present,millipede1
1891,summer,Waverly,w14,2012-05-28,28/05/2012,8.5,millipede,Millipede,Diplopoda,class,diplopoda,UTM,EPSG:32643,Converted from UTM coordinates (grid 43 P of UTM Zone 43 N) to decimal degrees using QGIS,718663,1149237,76.997230265058,10.390150899731,forest,1,present,millipede2
1892,summer,Waverly,w14,2012-05-28,28/05/2012,8.5,millipede,Millipede,Diplopoda,class,diplopoda,UTM,EPSG:32643,Converted from UTM coordinates (grid 43 P of UTM Zone 43 N) to decimal degrees using QGIS,718241,1147223,76.9932620901188,10.3719706091768,forest,1,present,millipede3
1893,summer,Waverly,w14,2012-05-28,28/05/2012,8.5,millipede,Millipede,Diplopoda,class,diplopoda,UTM,EPSG:32643,Converted from UTM coordinates (grid 43 P of UTM Zone 43 N) to decimal degrees using QGIS,718091,1146949,76.9918770062303,10.3695024513032,forest,1,present,millipede4
1894,summer,Waverly,w14,2012-05-28,28/05/2012,8.5,mouse,Mouse,Muridae,family,mammalia,UTM,EPSG:32643,Converted from UTM coordinates (grid 43 P of UTM Zone 43 N) to decimal degrees using QGIS,717997,1150266,76.9912086178923,10.3994896904505,forest,1,present,mouse1
1895,summer,Waverly,w14,2012-05-28,28/05/2012,8.5,mouse,Mouse,Muridae,family,mammalia,UTM,EPSG:32643,Converted from UTM coordinates (grid 43 P of UTM Zone 43 N) to decimal degrees using QGIS,718054,1149789,76.991701710791,10.39517492213,forest,1,present,mouse2
1896,summer,Waverly,w14,2012-05-28,28/05/2012,8.5,mouse,Mouse,Muridae,family,mammalia,UTM,EPSG:32643,Converted from UTM coordinates (grid 43 P of UTM Zone 43 N) to decimal degrees using QGIS,718405,1148979,76.9948599317512,10.3878335361675,forest,1,present,mouse3
1897,summer,Waverly,w14,2012-05-28,28/05/2012,8.5,mouse,Mouse,Muridae,family,mammalia,UTM,EPSG:32643,Converted from UTM coordinates (grid 43 P of UTM Zone 43 N) to decimal degrees using QGIS,718244,1147242,76.9932905654688,10.3721421776402,forest,1,present,mouse4
1898,summer,Waverly,w14,2012-05-28,28/05/2012,8.5,snake,Snake,Squamata,order,reptilia,UTM,EPSG:32643,Converted from UTM coordinates (grid 43 P of UTM Zone 43 N) to decimal degrees using QGIS,718125,1149720,76.9923459979374,10.3945472135876,forest,1,present,snake1
1899,summer,Waverly,w15,2012-06-04,04/06/2012,8.5,calotes,Calotes,Calotes,genus,reptilia,UTM,EPSG:32643,Converted from UTM coordinates (grid 43 P of UTM Zone 43 N) to decimal degrees using QGIS,718749,1148312,76.9979623308001,10.3817850939356,tea,1,present,calotes green
1900,summer,Waverly,w15,2012-06-04,04/06/2012,8.5,snake,Snake,Squamata,order,reptilia,UTM,EPSG:32643,Converted from UTM coordinates (grid 43 P of UTM Zone 43 N) to decimal degrees using QGIS,718234,1147244,76.993199385027,10.3721608217365,forest,1,present,coral snake1
1901,summer,Waverly,w15,2012-06-04,04/06/2012,8.5,millipede,Millipede,Diplopoda,class,diplopoda,UTM,EPSG:32643,Converted from UTM coordinates (grid 43 P of UTM Zone 43 N) to decimal degrees using QGIS,718354,1147299,76.9942980709496,10.3726511606383,forest,1,present,millipede1
1902,summer,Waverly,w15,2012-06-04,04/06/2012,8.5,mouse,Mouse,Muridae,family,mammalia,UTM,EPSG:32643,Converted from UTM coordinates (grid 43 P of UTM Zone 43 N) to decimal degrees using QGIS,718222,1146815,76.9930652969457,10.3682838286803,forest,1,present,mouse
1903,summer,Waverly,w15,2012-06-04,04/06/2012,8.5,snake,Pitviper,Craspedocephalus,genus,reptilia,UTM,EPSG:32643,Converted from UTM coordinates (grid 43 P of UTM Zone 43 N) to decimal degrees using QGIS,718743,1148417,76.9979135789529,10.3827345120781,tea,1,present,pit viper brown
1904,summer,Waverly,w15,2012-06-04,04/06/2012,8.5,shield tail,Shieldtail,Uropeltidae,family,reptilia,UTM,EPSG:32643,Converted from UTM coordinates (grid 43 P of UTM Zone 43 N) to decimal degrees using QGIS,718244,1146842,76.9932676871477,10.3685266324983,forest,1,present,shield tail1
1905,summer,Waverly,w15,2012-06-04,04/06/2012,8.5,shrew,Shrew,Soricidae,family,mammalia,UTM,EPSG:32643,Converted from UTM coordinates (grid 43 P of UTM Zone 43 N) to decimal degrees using QGIS,718198,1146951,76.9928539678071,10.3695144730556,forest,1,present,shrew1
1906,summer,Waverly,w15,2012-06-04,04/06/2012,8.5,toad,Toad,Anura,order,amphibia,UTM,EPSG:32643,Converted from UTM coordinates (grid 43 P of UTM Zone 43 N) to decimal degrees using QGIS,718658,1148478,76.9971410487257,10.3832907103411,tea,1,present,toad1
1907,summer,Waverly,w16,2012-06-09,09/06/2012,8.5,snake,Snake,Squamata,order,reptilia,UTM,EPSG:32643,Converted from UTM coordinates (grid 43 P of UTM Zone 43 N) to decimal degrees using QGIS,718797,1149387,76.9984623015872,10.3914991032082,forest_tea,1,present,coral snake1
1908,summer,Waverly,w16,2012-06-09,09/06/2012,8.5,mouse,Mouse,Muridae,family,mammalia,UTM,EPSG:32643,Converted from UTM coordinates (grid 43 P of UTM Zone 43 N) to decimal degrees using QGIS,718712,1148197,76.9976179315117,10.3807477304602,tea,1,present,mouse1
1909,summer,Waverly,w16,2012-06-09,09/06/2012,8.5,snake,Pitviper,Craspedocephalus,genus,reptilia,UTM,EPSG:32643,Converted from UTM coordinates (grid 43 P of UTM Zone 43 N) to decimal degrees using QGIS,718225,1146858,76.9930951438091,10.3686723300369,forest,1,present,pitviper green1
1910,summer,Waverly,w16,2012-06-09,09/06/2012,8.5,snake,Pitviper,Craspedocephalus,genus,reptilia,UTM,EPSG:32643,Converted from UTM coordinates (grid 43 P of UTM Zone 43 N) to decimal degrees using QGIS,718431,1149096,76.9951040198589,10.3888896047094,forest,1,present,pitviper green2
1911,summer,Waverly,w16,2012-06-09,09/06/2012,8.5,snake,Pitviper,Craspedocephalus,genus,reptilia,UTM,EPSG:32643,Converted from UTM coordinates (grid 43 P of UTM Zone 43 N) to decimal degrees using QGIS,718318,1146736,76.9939371977315,10.3675643228234,forest_tea,1,present,pitviper1
1912,summer,Waverly,w16,2012-06-09,09/06/2012,8.5,snake,Rat snake,Ptyas mucosa,species,reptilia,UTM,EPSG:32643,Converted from UTM coordinates (grid 43 P of UTM Zone 43 N) to decimal degrees using QGIS,718062,1149709,76.9917701688457,10.3944513597864,forest,1,present,ratsnake1
1913,summer,Waverly,w17,2012-06-15,15/06/2012,8.5,calotes,Calotes,Calotes,genus,reptilia,UTM,EPSG:32643,Converted from UTM coordinates (grid 43 P of UTM Zone 43 N) to decimal degrees using QGIS,718308,1146816,76.9938504801284,10.3682879980165,forest,1,present,calotes1
1914,summer,Waverly,w17,2012-06-15,15/06/2012,8.5,earthworm,Earthworm,Annelida,phylum,annelida,UTM,EPSG:32643,Converted from UTM coordinates (grid 43 P of UTM Zone 43 N) to decimal degrees using QGIS,718120,1146855,76.9921363866091,10.3686511564893,forest,1,present,earthworm
1915,summer,Waverly,w17,2012-06-15,15/06/2012,8.5,mouse,Mouse,Muridae,family,mammalia,UTM,EPSG:32643,Converted from UTM coordinates (grid 43 P of UTM Zone 43 N) to decimal degrees using QGIS,718306,1148689,76.9939394495056,10.3852178883871,tea,1,present,mouse1
1916,summer,Waverly,w17,2012-06-15,15/06/2012,8.5,shield tail,Shieldtail,Uropeltidae,family,reptilia,UTM,EPSG:32643,Converted from UTM coordinates (grid 43 P of UTM Zone 43 N) to decimal degrees using QGIS,718875,1149375,76.9991737529576,10.3913861991699,forest,1,present,shieldtail1
1917,summer,Waverly,w17,2012-06-15,15/06/2012,8.5,shield tail,Shieldtail,Uropeltidae,family,reptilia,UTM,EPSG:32643,Converted from UTM coordinates (grid 43 P of UTM Zone 43 N) to decimal degrees using QGIS,718053,1149788,76.9916925233391,10.3951659399898,forest,1,present,shieldtail2
1918,summer,Waverly,w17,2012-06-15,15/06/2012,8.5,snake,Snake,Squamata,order,reptilia,UTM,EPSG:32643,Converted from UTM coordinates (grid 43 P of UTM Zone 43 N) to decimal degrees using QGIS,717966,1150351,76.9909304489323,10.4002597518922,forest,2,present,snake two of them
1919,summer,Waverly,w17,2012-06-15,15/06/2012,8.5,toad,Toad,Anura,order,amphibia,UTM,EPSG:32643,Converted from UTM coordinates (grid 43 P of UTM Zone 43 N) to decimal degrees using QGIS,718306,1148688,76.9939393922069,10.3852088495362,tea,1,present,toad1
1920,summer,Waverly,w17,2012-06-15,15/06/2012,8.5,toad,Toad,Anura,order,amphibia,UTM,EPSG:32643,Converted from UTM coordinates (grid 43 P of UTM Zone 43 N) to decimal degrees using QGIS,718068,1149706,76.991824777817,10.3944239029161,forest,1,present,toad2
1921,summer,Waverly,w18,2012-06-30,30/06/2012,8.5,caecilian,Caecilian,Gymnophiona,order,amphibia,UTM,EPSG:32643,Converted from UTM coordinates (grid 43 P of UTM Zone 43 N) to decimal degrees using QGIS,718772,1149376,76.9982334191111,10.3914010983202,forest_tea,1,present,cecilian1
1922,summer,Waverly,w18,2012-06-30,30/06/2012,8.5,snake,Pitviper,Craspedocephalus,genus,reptilia,UTM,EPSG:32643,Converted from UTM coordinates (grid 43 P of UTM Zone 43 N) to decimal degrees using QGIS,718060,1149807,76.9917575230255,10.395337281251,forest,1,present,greenpitviper1
1923,summer,Waverly,w18,2012-06-30,30/06/2012,8.5,shield tail,Shieldtail,Uropeltidae,family,reptilia,UTM,EPSG:32643,Converted from UTM coordinates (grid 43 P of UTM Zone 43 N) to decimal degrees using QGIS,718772,1149376,76.9982334191111,10.3914010983202,forest_tea,1,present,shield tail2
1924,summer,Waverly,w18,2012-06-30,30/06/2012,8.5,shield tail,Shieldtail,Uropeltidae,family,reptilia,UTM,EPSG:32643,Converted from UTM coordinates (grid 43 P of UTM Zone 43 N) to decimal degrees using QGIS,718304,1148798,76.993927435595,10.3862032365637,tea,1,present,shieldtail
1925,summer,Attakatti - 1 hpb,at12,2012-05-22,22/05/2012,6.7,bonnet macaque,Bonnet macaque,Macaca radiata,species,mammalia,UTM,EPSG:32643,Converted from UTM coordinates (grid 43 P of UTM Zone 43 N) to decimal degrees using QGIS,716568,1156149,76.978497178024,10.4527464174988,forest,1,present,NA
1926,summer,Attakatti - 1 hpb,at12,2012-05-22,22/05/2012,6.7,snake,Snake,Squamata,order,reptilia,UTM,EPSG:32643,Converted from UTM coordinates (grid 43 P of UTM Zone 43 N) to decimal degrees using QGIS,716687,1155890,76.9795690454695,10.4503986011151,forest,1,present,NA
1927,summer,Attakatti - 1 hpb,at12,2012-05-22,22/05/2012,6.7,toad,Toad,Anura,order,amphibia,UTM,EPSG:32643,Converted from UTM coordinates (grid 43 P of UTM Zone 43 N) to decimal degrees using QGIS,716680,1155889,76.9795050653563,10.450389958892,forest,1,present,NA
1928,summer,Attakatti - 1 hpb,at13,2012-05-25,25/05/2012,6.7,frog,Frog,Anura,order,amphibia,UTM,EPSG:32643,Converted from UTM coordinates (grid 43 P of UTM Zone 43 N) to decimal degrees using QGIS,717363,1155432,76.9857158586807,10.4462204356471,forest,1,present,NA
1929,summer,Attakatti - 1 hpb,at13,2012-05-25,25/05/2012,6.7,frog,Frog,Anura,order,amphibia,UTM,EPSG:32643,Converted from UTM coordinates (grid 43 P of UTM Zone 43 N) to decimal degrees using QGIS,716972,1155845,76.9821690374341,10.4499756905333,forest,1,present,NA
1930,summer,Attakatti - 1 hpb,at13,2012-05-25,25/05/2012,6.7,grasshopper,Grasshopper,Orthoptera,order,insecta,UTM,EPSG:32643,Converted from UTM coordinates (grid 43 P of UTM Zone 43 N) to decimal degrees using QGIS,717148,1155814,76.9837744568757,10.4496854952172,forest,1,present,NA
1931,summer,Attakatti - 1 hpb,at13,2012-05-25,25/05/2012,6.7,millipede,Millipede,Diplopoda,class,diplopoda,UTM,EPSG:32643,Converted from UTM coordinates (grid 43 P of UTM Zone 43 N) to decimal degrees using QGIS,717249,1155750,76.9846930945658,10.4491012712316,forest,1,present,NA
1932,summer,Attakatti - 1 hpb,at13,2012-05-25,25/05/2012,6.7,millipede,Millipede,Diplopoda,class,diplopoda,UTM,EPSG:32643,Converted from UTM coordinates (grid 43 P of UTM Zone 43 N) to decimal degrees using QGIS,716579,1156087,76.9785940805283,10.4521853826901,forest,1,present,NA
1933,summer,Attakatti - 1 hpb,at13,2012-05-25,25/05/2012,6.7,rat,Rat,Muridae,family,mammalia,UTM,EPSG:32643,Converted from UTM coordinates (grid 43 P of UTM Zone 43 N) to decimal degrees using QGIS,716212,1155805,76.9752265612468,10.4496571810695,forest,1,present,NA
1934,summer,Attakatti - 1 hpb,at13,2012-05-25,25/05/2012,6.7,snake,Snake,Squamata,order,reptilia,UTM,EPSG:32643,Converted from UTM coordinates (grid 43 P of UTM Zone 43 N) to decimal degrees using QGIS,717038,1156007,76.9827810267677,10.4514362429381,forest,1,present,NA
1935,summer,Attakatti - 1 hpb,at14,2012-05-27,27/05/2012,6.7,frog,Frog,Anura,order,amphibia,UTM,EPSG:32643,Converted from UTM coordinates (grid 43 P of UTM Zone 43 N) to decimal degrees using QGIS,717087,1155695,76.9832105928237,10.4486133325926,forest,1,present,NA
1936,summer,Attakatti - 1 hpb,at14,2012-05-27,27/05/2012,6.7,frog,Frog,Anura,order,amphibia,UTM,EPSG:32643,Converted from UTM coordinates (grid 43 P of UTM Zone 43 N) to decimal degrees using QGIS,716599,1155892,76.978765558017,10.4504216646964,forest,1,present,NA
1937,summer,Attakatti - 1 hpb,at14,2012-05-27,27/05/2012,6.7,grasshopper,Grasshopper,Orthoptera,order,insecta,UTM,EPSG:32643,Converted from UTM coordinates (grid 43 P of UTM Zone 43 N) to decimal degrees using QGIS,716645,1156216,76.9792041711885,10.4533476605563,forest,1,present,NA
1938,summer,Attakatti - 1 hpb,at14,2012-05-27,27/05/2012,6.7,millipede,Millipede,Diplopoda,class,diplopoda,UTM,EPSG:32643,Converted from UTM coordinates (grid 43 P of UTM Zone 43 N) to decimal degrees using QGIS,717174,1155873,76.9840152687187,10.4502173120064,forest,1,present,NA
1939,summer,Attakatti - 1 hpb,at14,2012-05-27,27/05/2012,6.7,millipede,Millipede,Diplopoda,class,diplopoda,UTM,EPSG:32643,Converted from UTM coordinates (grid 43 P of UTM Zone 43 N) to decimal degrees using QGIS,717017,1155984,76.9825879390073,10.4512295408066,forest,1,present,NA
1940,summer,Attakatti - 1 hpb,at14,2012-05-27,27/05/2012,6.7,millipede,Millipede,Diplopoda,class,diplopoda,UTM,EPSG:32643,Converted from UTM coordinates (grid 43 P of UTM Zone 43 N) to decimal degrees using QGIS,716054,1155770,76.9737817321323,10.4493497487264,forest,1,present,NA
1941,summer,Attakatti - 1 hpb,at14,2012-05-27,27/05/2012,6.7,skink,Skink,Scincidae,family,reptilia,UTM,EPSG:32643,Converted from UTM coordinates (grid 43 P of UTM Zone 43 N) to decimal degrees using QGIS,716913,1155975,76.9816377109993,10.4511540923965,forest,1,present,NA
1942,summer,Attakatti - 1 hpb,at14,2012-05-27,27/05/2012,6.7,snake,Snake,Squamata,order,reptilia,UTM,EPSG:32643,Converted from UTM coordinates (grid 43 P of UTM Zone 43 N) to decimal degrees using QGIS,717012,1155801,76.9825317871703,10.4495757101095,forest,1,present,NA
1943,summer,Attakatti - 1 hpb,at15,2012-05-30,30/05/2012,6.7,calotes,Calotes,Calotes,genus,reptilia,UTM,EPSG:32643,Converted from UTM coordinates (grid 43 P of UTM Zone 43 N) to decimal degrees using QGIS,716984,1155986,76.9822867027592,10.4512494914669,forest,1,present,brown
1944,summer,Attakatti - 1 hpb,at15,2012-05-30,30/05/2012,6.7,frog,Frog,Anura,order,amphibia,UTM,EPSG:32643,Converted from UTM coordinates (grid 43 P of UTM Zone 43 N) to decimal degrees using QGIS,717091,1155850,76.9832560093229,10.4500141309591,forest,1,present,NA
1945,summer,Attakatti - 1 hpb,at15,2012-05-30,30/05/2012,6.7,snake,Snake,Squamata,order,reptilia,UTM,EPSG:32643,Converted from UTM coordinates (grid 43 P of UTM Zone 43 N) to decimal degrees using QGIS,717051,1155720,76.9828832826736,10.4488413477838,forest,1,present,NA
1946,summer,Attakatti - 1 hpb,at16,2012-06-06,06/06/2012,6.7,calotes,Calotes,Calotes,genus,reptilia,UTM,EPSG:32643,Converted from UTM coordinates (grid 43 P of UTM Zone 43 N) to decimal degrees using QGIS,716546,1156048,76.978290496265,10.4518347349158,forest,1,present,green
1947,summer,Attakatti - 1 hpb,at17,2012-06-07,07/06/2012,6.7,mouse,Mouse,Muridae,family,mammalia,UTM,EPSG:32643,Converted from UTM coordinates (grid 43 P of UTM Zone 43 N) to decimal degrees using QGIS,717028,1155938,76.9826857514541,10.4508131281545,forest,1,present,NA
1948,summer,Attakatti - 1 hpb,at17,2012-06-07,07/06/2012,6.7,white-throated kingfisher ,White-throated kingfisher,Halcyon smyrnensis,species,aves,UTM,EPSG:32643,Converted from UTM coordinates (grid 43 P of UTM Zone 43 N) to decimal degrees using QGIS,717249,1155750,76.9846930945658,10.4491012712316,forest,1,present,NA
1949,summer,Attakatti - 1 hpb,at18,2012-06-13,13/06/2012,6.7,calotes,Calotes,Calotes,genus,reptilia,UTM,EPSG:32643,Converted from UTM coordinates (grid 43 P of UTM Zone 43 N) to decimal degrees using QGIS,716647,1156219,76.9792226068121,10.4533746638893,forest,1,present,green
1950,summer,Balaji Temple,b13,2012-03-20,20/03/2012,6.7,skink,Skink,Scincidae,family,reptilia,UTM,EPSG:32643,Converted from UTM coordinates (grid 43 P of UTM Zone 43 N) to decimal degrees using QGIS,718874,1145358,76.9989341367648,10.3550772787821,forest_tea,1,present,NA
1951,summer,Balaji Temple,b13,2012-03-20,20/03/2012,6.7,mouse,Mouse,Muridae,family,mammalia,UTM,EPSG:32643,Converted from UTM coordinates (grid 43 P of UTM Zone 43 N) to decimal degrees using QGIS,718136,1143967,76.9921176044875,10.3425459740856,eucalyptus_tea,1,present,NA
1952,summer,Balaji Temple,b13,2012-03-20,20/03/2012,6.7,jungle palm squirrel,Jungle striped squirrel,Funambulus tristriatus,species,mammalia,UTM,EPSG:32643,Converted from UTM coordinates (grid 43 P of UTM Zone 43 N) to decimal degrees using QGIS,718287,1143670,76.9934790876142,10.3398529010997,tea,1,present,NA
1953,summer,Balaji Temple,b14,2012-03-29,29/03/2012,6.7,butterfly,Butterfly,Lepidoptera,order,insecta,UTM,EPSG:32643,Converted from UTM coordinates (grid 43 P of UTM Zone 43 N) to decimal degrees using QGIS,718628,1142798,76.9965421325173,10.3319517406151,tea,1,present,NA
1954,summer,Balaji Temple,b14,2012-03-29,29/03/2012,6.7,toad,Toad,Anura,order,amphibia,UTM,EPSG:32643,Converted from UTM coordinates (grid 43 P of UTM Zone 43 N) to decimal degrees using QGIS,718111,1143647,76.9918711514658,10.3396549413184,eucalyptus_tea,1,present,NA
1955,summer,Balaji Temple,b14,2012-03-29,29/03/2012,6.7,toad,Toad,Anura,order,amphibia,UTM,EPSG:32643,Converted from UTM coordinates (grid 43 P of UTM Zone 43 N) to decimal degrees using QGIS,718783,1144833,76.9980733533295,10.3503370437781,tea,1,present,NA
1956,summer,Balaji Temple,b15,2012-04-07,07/04/2012,6.7,frog,Frog,Anura,order,amphibia,UTM,EPSG:32643,Converted from UTM coordinates (grid 43 P of UTM Zone 43 N) to decimal degrees using QGIS,718599,1142959,76.9962865998439,10.3334086370385,tea,1,present,NA
1957,summer,Balaji Temple,b15,2012-04-07,07/04/2012,6.7,snake,Snake,Squamata,order,reptilia,UTM,EPSG:32643,Converted from UTM coordinates (grid 43 P of UTM Zone 43 N) to decimal degrees using QGIS,718133,1143877,76.992085088329,10.3417326437507,eucalyptus_tea,1,present,NA
1958,summer,Balaji Temple,b15,2012-04-07,07/04/2012,6.7,toad,Toad,Anura,order,amphibia,UTM,EPSG:32643,Converted from UTM coordinates (grid 43 P of UTM Zone 43 N) to decimal degrees using QGIS,718488,1143555,76.9953073609129,10.3388020755772,tea,2,present,NA
1959,summer,Balaji Temple,b15,2012-04-07,07/04/2012,6.7,toad,Toad,Anura,order,amphibia,UTM,EPSG:32643,Converted from UTM coordinates (grid 43 P of UTM Zone 43 N) to decimal degrees using QGIS,718568,1146223,76.9961901634762,10.3629132268908,forest_tea,1,present,NA
1960,summer,Balaji Temple,b15,2012-04-07,07/04/2012,6.7,toad,Toad,Anura,order,amphibia,UTM,EPSG:32643,Converted from UTM coordinates (grid 43 P of UTM Zone 43 N) to decimal degrees using QGIS,718414,1143170,76.9946098881368,10.3353262905112,tea,1,present,NA
1961,summer,Balaji Temple,b15,2012-04-07,07/04/2012,6.7,toad,Toad,Anura,order,amphibia,UTM,EPSG:32643,Converted from UTM coordinates (grid 43 P of UTM Zone 43 N) to decimal degrees using QGIS,718610,1144527,76.9964765723597,10.3475809511857,tea,1,present,NA
1962,summer,Balaji Temple,b16,2012-04-19,19/04/2012,6.7,snake,Snake,Squamata,order,reptilia,UTM,EPSG:32643,Converted from UTM coordinates (grid 43 P of UTM Zone 43 N) to decimal degrees using QGIS,718467,1143003,76.9950841672518,10.3338138050936,tea,1,present,NA
1963,summer,Balaji Temple,b16,2012-04-19,19/04/2012,6.7,toad,Toad,Anura,order,amphibia,UTM,EPSG:32643,Converted from UTM coordinates (grid 43 P of UTM Zone 43 N) to decimal degrees using QGIS,718872,1142633,76.9987600104382,10.3304465326558,tea,1,present,NA
1964,summer,Balaji Temple,b16,2012-04-19,19/04/2012,6.7,insect,Insects,Insecta,class,insecta,UTM,EPSG:32643,Converted from UTM coordinates (grid 43 P of UTM Zone 43 N) to decimal degrees using QGIS,718122,1143815,76.9919811398489,10.3411728536336,eucalyptus_tea,1,present,NA
1965,summer,Balaji Temple,b16,2012-04-19,19/04/2012,6.7,insect,Insects,Insecta,class,insecta,UTM,EPSG:32643,Converted from UTM coordinates (grid 43 P of UTM Zone 43 N) to decimal degrees using QGIS,718346,1146723,76.9941920757887,10.3674452318505,forest_tea,1,present,NA
1966,summer,Balaji Temple,b16,2012-04-19,19/04/2012,6.7,millipede,Millipede,Diplopoda,class,diplopoda,UTM,EPSG:32643,Converted from UTM coordinates (grid 43 P of UTM Zone 43 N) to decimal degrees using QGIS,718491,1143528,76.9953332053834,10.3385578565603,tea,1,present,NA
1967,summer,Balaji Temple,b16,2012-04-19,19/04/2012,6.7,skink,Skink,Scincidae,family,reptilia,UTM,EPSG:32643,Converted from UTM coordinates (grid 43 P of UTM Zone 43 N) to decimal degrees using QGIS,718862,1145046,76.9988067240039,10.3522578406737,eucalyptus_tea,1,present,NA
1968,summer,Balaji Temple,b17,2012-04-24,24/04/2012,6.7,toad,Toad,Anura,order,amphibia,UTM,EPSG:32643,Converted from UTM coordinates (grid 43 P of UTM Zone 43 N) to decimal degrees using QGIS,718883,1145284,76.9990120592541,10.3544078942646,forest,1,present,NA
1969,summer,Balaji Temple,b17,2012-04-24,24/04/2012,6.7,toad,Toad,Anura,order,amphibia,UTM,EPSG:32643,Converted from UTM coordinates (grid 43 P of UTM Zone 43 N) to decimal degrees using QGIS,718878,1145081,76.9989547900543,10.3525732930926,tea,1,present,bubo
1970,summer,Balaji Temple,b18,2012-05-01,01/05/2012,6.7,frog,Frog,Anura,order,amphibia,UTM,EPSG:32643,Converted from UTM coordinates (grid 43 P of UTM Zone 43 N) to decimal degrees using QGIS,718438,1146700,76.995030658904,10.367232126332,forest_tea,1,present,NA
1971,summer,Balaji Temple,b18,2012-05-01,01/05/2012,6.7,frog,Frog,Anura,order,amphibia,UTM,EPSG:32643,Converted from UTM coordinates (grid 43 P of UTM Zone 43 N) to decimal degrees using QGIS,718796,1144958,76.9981991814518,10.3514661630417,tea,1,present,NA
1972,summer,Balaji Temple,b18,2012-05-01,01/05/2012,6.7,frog,Frog,Anura,order,amphibia,UTM,EPSG:32643,Converted from UTM coordinates (grid 43 P of UTM Zone 43 N) to decimal degrees using QGIS,718712,1144642,76.9974142819082,10.3486146450642,tea,1,present,NA
1973,summer,Balaji Temple,b18,2012-05-01,01/05/2012,6.7,frog,Frog,Anura,order,amphibia,UTM,EPSG:32643,Converted from UTM coordinates (grid 43 P of UTM Zone 43 N) to decimal degrees using QGIS,718426,1143163,76.994719029807,10.335262340646,tea,1,present,NA
1974,summer,Balaji Temple,b18,2012-05-01,01/05/2012,6.7,snail,Snail,Gastropoda,class,mollusca,UTM,EPSG:32643,Converted from UTM coordinates (grid 43 P of UTM Zone 43 N) to decimal degrees using QGIS,718743,1145813,76.9977642912166,10.3591973798085,forest_tea,1,present,NA
1975,summer,Balaji Temple,b18,2012-05-01,01/05/2012,6.7,snail,Snail,Gastropoda,class,mollusca,UTM,EPSG:32643,Converted from UTM coordinates (grid 43 P of UTM Zone 43 N) to decimal degrees using QGIS,718111,1143765,76.9918778757822,10.3407215300424,eucalyptus_tea,1,present,NA
1976,summer,Balaji Temple,b19,2012-05-10,10/05/2012,6.7,calotes,Calotes,Calotes ellioti,species,reptilia,UTM,EPSG:32643,Converted from UTM coordinates (grid 43 P of UTM Zone 43 N) to decimal degrees using QGIS,718447,1146538,76.9951035521821,10.3657673218763,forest_tea,1,present,eliotti
1977,summer,Balaji Temple,b19,2012-05-10,10/05/2012,6.7,snake,Snake,Squamata,order,reptilia,UTM,EPSG:32643,Converted from UTM coordinates (grid 43 P of UTM Zone 43 N) to decimal degrees using QGIS,718398,1143381,76.9944758685307,10.3372343968078,tea,1,present,coralsnake
1978,summer,Balaji Temple,b19,2012-05-10,10/05/2012,6.7,frog,Frog,Anura,order,amphibia,UTM,EPSG:32643,Converted from UTM coordinates (grid 43 P of UTM Zone 43 N) to decimal degrees using QGIS,718460,1146662,76.9952293293458,10.3668874032709,forest_tea,1,present,NA
1979,summer,Balaji Temple,b19,2012-05-10,10/05/2012,6.7,frog,Frog,Anura,order,amphibia,UTM,EPSG:32643,Converted from UTM coordinates (grid 43 P of UTM Zone 43 N) to decimal degrees using QGIS,718742,1144713,76.9976922066085,10.3492547044792,tea,1,present,NA
1980,summer,Balaji Temple,b19,2012-05-10,10/05/2012,6.7,frog,Frog,Anura,order,amphibia,UTM,EPSG:32643,Converted from UTM coordinates (grid 43 P of UTM Zone 43 N) to decimal degrees using QGIS,718563,1142879,76.9959534143156,10.3326875618677,tea,1,present,NA
1981,summer,Balaji Temple,b19,2012-05-10,10/05/2012,6.7,frog,Frog,Anura,order,amphibia,UTM,EPSG:32643,Converted from UTM coordinates (grid 43 P of UTM Zone 43 N) to decimal degrees using QGIS,718557,1142878,76.995898587283,10.3326788619987,tea,1,present,NA
1982,summer,Balaji Temple,b19,2012-05-10,10/05/2012,6.7,glow worm,Glowworm,Lampyridae,family,insecta,UTM,EPSG:32643,Converted from UTM coordinates (grid 43 P of UTM Zone 43 N) to decimal degrees using QGIS,718754,1145767,76.9978620770394,10.3587809693249,forest_tea,1,present,NA
1983,summer,Balaji Temple,b19,2012-05-10,10/05/2012,6.7,snake,Snake,Squamata,order,reptilia,UTM,EPSG:32643,Converted from UTM coordinates (grid 43 P of UTM Zone 43 N) to decimal degrees using QGIS,718683,1146083,76.9972320043352,10.3616412696532,forest_tea,1,present,NA
1984,summer,Balaji Temple,b19,2012-05-10,10/05/2012,6.7,spider,Spider,Araneae,order,arachnida,UTM,EPSG:32643,Converted from UTM coordinates (grid 43 P of UTM Zone 43 N) to decimal degrees using QGIS,718448,1146601,76.995116286602,10.3663367130926,forest_tea,2,present,NA
1985,summer,Balaji Temple,b19,2012-05-10,10/05/2012,6.7,shield tail,Shieldtail,Uropeltidae,family,reptilia,UTM,EPSG:32643,Converted from UTM coordinates (grid 43 P of UTM Zone 43 N) to decimal degrees using QGIS,718357,1144144,76.9941451326044,10.3441333738836,tea,1,present,NA
1986,summer,Chinnakallar,c11,2012-03-16,16/03/2012,6.8,frog,Frog,Anura,order,amphibia,UTM,EPSG:32643,Converted from UTM coordinates (grid 43 P of UTM Zone 43 N) to decimal degrees using QGIS,719328,1138032,77.0026596546412,10.2888329890029,forest,1,present,NA
1987,summer,Chinnakallar,c11,2012-03-16,16/03/2012,6.8,praying mantis,Praying mantis,Mantodea,order,insecta,UTM,EPSG:32643,Converted from UTM coordinates (grid 43 P of UTM Zone 43 N) to decimal degrees using QGIS,717306,1138047,76.9842055425218,10.2890821957332,tea,1,present,NA
1988,summer,Chinnakallar,c11,2012-03-16,16/03/2012,6.8,shield tail,Shieldtail,Uropeltidae,family,reptilia,UTM,EPSG:32643,Converted from UTM coordinates (grid 43 P of UTM Zone 43 N) to decimal degrees using QGIS,720460,1138377,77.0130111877268,10.2918873052269,tea,1,present,NA
1989,summer,Chinnakallar,c11,2012-03-16,16/03/2012,6.8,jungle palm squirrel,Jungle striped squirrel,Funambulus tristriatus,species,mammalia,UTM,EPSG:32643,Converted from UTM coordinates (grid 43 P of UTM Zone 43 N) to decimal degrees using QGIS,718120,1138100,76.9916380207535,10.2895156428815,tea,1,present,NA
1990,summer,Chinnakallar,c12,2012-03-24,24/03/2012,6.8,butterfly,Butterfly,Lepidoptera,order,insecta,UTM,EPSG:32643,Converted from UTM coordinates (grid 43 P of UTM Zone 43 N) to decimal degrees using QGIS,718911,1138036,76.9988539067285,10.2888926629788,forest_tea,1,present,NA
1991,summer,Chinnakallar,c12,2012-03-24,24/03/2012,6.8,frog,Frog,Anura,order,amphibia,UTM,EPSG:32643,Converted from UTM coordinates (grid 43 P of UTM Zone 43 N) to decimal degrees using QGIS,716736,1137385,76.9789657846832,10.2831302259937,tea,1,present,NA
1992,summer,Chinnakallar,c12,2012-03-24,24/03/2012,6.8,frog,Frog,Anura,order,amphibia,UTM,EPSG:32643,Converted from UTM coordinates (grid 43 P of UTM Zone 43 N) to decimal degrees using QGIS,719819,1138115,77.0071457613329,10.2895554627355,forest_tea,1,present,NA
1993,summer,Chinnakallar,c12,2012-03-24,24/03/2012,6.8,snail,Snail,Gastropoda,class,mollusca,UTM,EPSG:32643,Converted from UTM coordinates (grid 43 P of UTM Zone 43 N) to decimal degrees using QGIS,717270,1137886,76.9838678744334,10.2876289365543,tea,1,present,NA
1994,summer,Chinnakallar,c13,2012-04-04,04/04/2012,6.8,skink,Skink,Scincidae,family,reptilia,UTM,EPSG:32643,Converted from UTM coordinates (grid 43 P of UTM Zone 43 N) to decimal degrees using QGIS,721123,1139064,77.0191019219746,10.2980592452904,forest_tea,1,present,NA
1995,summer,Chinnakallar,c13,2012-04-04,04/04/2012,6.8,skink,Skink,Scincidae,family,reptilia,UTM,EPSG:32643,Converted from UTM coordinates (grid 43 P of UTM Zone 43 N) to decimal degrees using QGIS,718932,1138024,76.9990448919926,10.2887830131418,forest_tea,1,present,NA
1996,summer,Chinnakallar,c13,2012-04-04,04/04/2012,6.8,toad,Toad,Anura,order,amphibia,UTM,EPSG:32643,Converted from UTM coordinates (grid 43 P of UTM Zone 43 N) to decimal degrees using QGIS,717453,1138162,76.9855537312474,10.2901134499612,tea,2,present,NA
1997,summer,Chinnakallar,c13,2012-04-04,04/04/2012,6.8,toad,Toad,Anura,order,amphibia,UTM,EPSG:32643,Converted from UTM coordinates (grid 43 P of UTM Zone 43 N) to decimal degrees using QGIS,720555,1138425,77.0138810103919,10.2923157737871,tea,1,present,NA
1998,summer,Chinnakallar,c13,2012-04-04,04/04/2012,6.8,toad,Toad,Anura,order,amphibia,UTM,EPSG:32643,Converted from UTM coordinates (grid 43 P of UTM Zone 43 N) to decimal degrees using QGIS,719312,1138011,77.002512425204,10.288644076211,forest,1,present,NA
1999,summer,Chinnakallar,c14,2012-04-13,13/04/2012,6.8,toad,Toad,Anura,order,amphibia,UTM,EPSG:32643,Converted from UTM coordinates (grid 43 P of UTM Zone 43 N) to decimal degrees using QGIS,721341,1139036,77.0210900383392,10.297793735521,forest_tea,1,present,NA
2000,summer,Chinnakallar,c14,2012-04-13,13/04/2012,6.8,toad,Toad,Anura,order,amphibia,UTM,EPSG:32643,Converted from UTM coordinates (grid 43 P of UTM Zone 43 N) to decimal degrees using QGIS,720077,1138213,77.0095061378597,10.2904266598858,forest_tea,1,present,NA
2001,summer,Chinnakallar,c14,2012-04-13,13/04/2012,6.8,toad,Toad,Anura,order,amphibia,UTM,EPSG:32643,Converted from UTM coordinates (grid 43 P of UTM Zone 43 N) to decimal degrees using QGIS,717129,1137437,76.9825556232238,10.2835783210977,tea,1,present,NA
2002,summer,Chinnakallar,c14,2012-04-13,13/04/2012,6.8,shield tail,Shieldtail,Uropeltidae,family,reptilia,UTM,EPSG:32643,Converted from UTM coordinates (grid 43 P of UTM Zone 43 N) to decimal degrees using QGIS,716894,1137408,76.9804091453205,10.2833293101654,tea,1,present,NA
2003,summer,Chinnakallar,c15,2012-05-05,05/05/2012,6.8,frog,Frog,Anura,order,amphibia,UTM,EPSG:32643,Converted from UTM coordinates (grid 43 P of UTM Zone 43 N) to decimal degrees using QGIS,719149,1137973,77.0010225553122,10.288309796858,forest_tea,1,present,NA
2004,summer,Chinnakallar,c15,2012-05-05,05/05/2012,6.8,frog,Frog,Anura,order,amphibia,UTM,EPSG:32643,Converted from UTM coordinates (grid 43 P of UTM Zone 43 N) to decimal degrees using QGIS,720889,1138629,77.0169411639882,10.2941407022709,forest_tea,1,present,NA
2005,summer,Chinnakallar,c16,2012-05-09,09/05/2012,6.8,butterfly,Butterfly,Lepidoptera,order,insecta,UTM,EPSG:32643,Converted from UTM coordinates (grid 43 P of UTM Zone 43 N) to decimal degrees using QGIS,718942,1138014,76.9991355934372,10.2886920608624,forest_tea,1,present,NA
2006,summer,Chinnakallar,c16,2012-05-09,09/05/2012,6.8,crab,Crabs,Decapoda,order,crustacea,UTM,EPSG:32643,Converted from UTM coordinates (grid 43 P of UTM Zone 43 N) to decimal degrees using QGIS,718946,1138008,76.9991717601943,10.2886376021943,forest_tea,1,present,NA
2007,summer,Chinnakallar,c16,2012-05-09,09/05/2012,6.8,frog,Frog,Anura,order,amphibia,UTM,EPSG:32643,Converted from UTM coordinates (grid 43 P of UTM Zone 43 N) to decimal degrees using QGIS,719291,1137989,77.0023195038619,10.2884464066672,forest_tea,1,present,NA
2008,summer,Chinnakallar,c17,2012-05-15,15/05/2012,6.8,calotes,Calotes,Calotes ellioti,species,reptilia,UTM,EPSG:32643,Converted from UTM coordinates (grid 43 P of UTM Zone 43 N) to decimal degrees using QGIS,721094,1139026,77.018835047533,10.2977174242846,forest_tea,1,present,eliotii
2009,summer,Chinnakallar,c17,2012-05-15,15/05/2012,6.8,frog,Frog,Anura,order,amphibia,UTM,EPSG:32643,Converted from UTM coordinates (grid 43 P of UTM Zone 43 N) to decimal degrees using QGIS,719107,1137953,77.0006380814627,10.2881313882311,forest_tea,1,present,NA
2010,summer,Chinnakallar,c17,2012-05-15,15/05/2012,6.8,frog,Frog,Anura,order,amphibia,UTM,EPSG:32643,Converted from UTM coordinates (grid 43 P of UTM Zone 43 N) to decimal degrees using QGIS,716919,1137406,76.980637207475,10.2833098372164,tea,1,present,NA
2011,summer,Chinnakallar,c17,2012-05-15,15/05/2012,6.8,glow worm,Glowworm,Lampyridae,family,insecta,UTM,EPSG:32643,Converted from UTM coordinates (grid 43 P of UTM Zone 43 N) to decimal degrees using QGIS,720705,1138535,77.0152563819099,10.2933015189545,tea,1,present,NA
2012,summer,Chinnakallar,c17,2012-05-15,15/05/2012,6.8,snake,Snake,Squamata,order,reptilia,UTM,EPSG:32643,Converted from UTM coordinates (grid 43 P of UTM Zone 43 N) to decimal degrees using QGIS,720932,1138789,77.0173428221437,10.2955844594204,forest,1,present,NA
2013,summer,Chinnakallar,c18,2012-05-24,24/05/2012,6.8,frog,Frog,Anura,order,amphibia,UTM,EPSG:32643,Converted from UTM coordinates (grid 43 P of UTM Zone 43 N) to decimal degrees using QGIS,717262,1137881,76.9837945753422,10.2875841890736,tea,1,present,NA
2014,summer,Chinnakallar,c18,2012-05-24,24/05/2012,6.8,frog,Frog,Anura,order,amphibia,UTM,EPSG:32643,Converted from UTM coordinates (grid 43 P of UTM Zone 43 N) to decimal degrees using QGIS,721303,1139008,77.0207415934568,10.2975428171194,forest_tea,1,present,NA
2015,summer,Chinnakallar,c18,2012-05-24,24/05/2012,6.8,frog,Frog,Anura,order,amphibia,UTM,EPSG:32643,Converted from UTM coordinates (grid 43 P of UTM Zone 43 N) to decimal degrees using QGIS,718219,1138076,76.9925402431147,10.2892931492896,tea,1,present,NA
2016,summer,Chinnakallar,c18,2012-05-24,24/05/2012,6.8,frog,Frog,Anura,order,amphibia,UTM,EPSG:32643,Converted from UTM coordinates (grid 43 P of UTM Zone 43 N) to decimal degrees using QGIS,718218,1138083,76.9925315130426,10.2893564778452,tea,1,present,NA
2017,summer,Chinnakallar,c18,2012-05-24,24/05/2012,6.8,frog,Frog,Anura,order,amphibia,UTM,EPSG:32643,Converted from UTM coordinates (grid 43 P of UTM Zone 43 N) to decimal degrees using QGIS,717244,1137660,76.9836178122906,10.2855875847032,tea,1,present,NA
2018,summer,Chinnakallar,c18,2012-05-24,24/05/2012,6.8,frog,Frog,Anura,order,amphibia,UTM,EPSG:32643,Converted from UTM coordinates (grid 43 P of UTM Zone 43 N) to decimal degrees using QGIS,716949,1137409,76.9809111862934,10.2833352799622,tea,1,present,NA
2019,summer,Chinnakallar,c18,2012-05-24,24/05/2012,6.8,millipede,Millipede,Diplopoda,class,diplopoda,UTM,EPSG:32643,Converted from UTM coordinates (grid 43 P of UTM Zone 43 N) to decimal degrees using QGIS,717865,1138202,76.9893163823358,10.2904519225488,tea,2,present,NA
2020,summer,Chinnakallar,c18,2012-05-24,24/05/2012,6.8,shield tail,Shieldtail,Uropeltidae,family,reptilia,UTM,EPSG:32643,Converted from UTM coordinates (grid 43 P of UTM Zone 43 N) to decimal degrees using QGIS,718744,1138010,76.9973282102408,10.2886670581163,forest_tea,1,present,NA
2021,summer,Old Valparai,t11,2012-03-10,10/03/2012,6.1,bat,Bats,Chiroptera,order,mammalia,UTM,EPSG:32643,Converted from UTM coordinates (grid 43 P of UTM Zone 43 N) to decimal degrees using QGIS,712112,1145087,76.9371878821249,10.3530051986344,coffee,1,present,NA
2022,summer,Old Valparai,t11,2012-03-10,10/03/2012,6.1,crab,Crabs,Decapoda,order,crustacea,UTM,EPSG:32643,Converted from UTM coordinates (grid 43 P of UTM Zone 43 N) to decimal degrees using QGIS,711862,1144723,76.9348853987466,10.349728661047,coffee_forest,1,present,NA
2023,summer,Old Valparai,t11,2012-03-10,10/03/2012,6.1,mouse,Mouse,Muridae,family,mammalia,UTM,EPSG:32643,Converted from UTM coordinates (grid 43 P of UTM Zone 43 N) to decimal degrees using QGIS,711792,1144049,76.9342090364464,10.3436400816195,eucalyptus_tea,1,present,NA
2024,summer,Old Valparai,t11,2012-03-10,10/03/2012,6.1,skink,Skink,Scincidae,family,reptilia,UTM,EPSG:32643,Converted from UTM coordinates (grid 43 P of UTM Zone 43 N) to decimal degrees using QGIS,711770,1143596,76.9339831305719,10.3395465290606,tea,1,present,NA
2025,summer,Old Valparai,t11,2012-03-10,10/03/2012,6.1,ui bird,Birds,Aves,class,aves,UTM,EPSG:32643,Converted from UTM coordinates (grid 43 P of UTM Zone 43 N) to decimal degrees using QGIS,712335,1144754,76.9392052058451,10.3499828965993,eucalyptus_tea,1,present,NA
2026,summer,Old Valparai,t12,2012-03-22,22/03/2012,6.1,frog,Frog,Anura,order,amphibia,UTM,EPSG:32643,Converted from UTM coordinates (grid 43 P of UTM Zone 43 N) to decimal degrees using QGIS,711947,1145295,76.9356930914117,10.3548944115799,coffee,1,present,NA
2027,summer,Old Valparai,t12,2012-03-22,22/03/2012,6.1,insect,Insects,Insecta,class,insecta,UTM,EPSG:32643,Converted from UTM coordinates (grid 43 P of UTM Zone 43 N) to decimal degrees using QGIS,711936,1144304,76.9355377366124,10.345937180013,eucalyptus_tea,1,present,NA
2028,summer,Old Valparai,t12,2012-03-22,22/03/2012,6.1,rat,Rat,Muridae,family,mammalia,UTM,EPSG:32643,Converted from UTM coordinates (grid 43 P of UTM Zone 43 N) to decimal degrees using QGIS,711979,1144885,76.9359624915129,10.351186588568,coffee_forest,1,present,NA
2029,summer,Old Valparai,t12,2012-03-22,22/03/2012,6.1,red-whiskered bulbul,Red-whiskered bulbul,Pycnonotus jocosus,species,aves,UTM,EPSG:32643,Converted from UTM coordinates (grid 43 P of UTM Zone 43 N) to decimal degrees using QGIS,711438,1145449,76.9310547909291,10.3563143665995,coffee,1,present,NA
2030,summer,Old Valparai,t13,2012-05-31,31/05/2012,6.1,beetle,Beetle,Coleoptera,order,insecta,UTM,EPSG:32643,Converted from UTM coordinates (grid 43 P of UTM Zone 43 N) to decimal degrees using QGIS,712511,1145079,76.9408299997925,10.3529109419085,coffee_forest,1,present,NA
2031,summer,Old Valparai,t13,2012-05-31,31/05/2012,6.1,black naped hare,Black-naped hare,Lepus nigricollis,species,mammalia,UTM,EPSG:32643,Converted from UTM coordinates (grid 43 P of UTM Zone 43 N) to decimal degrees using QGIS,711849,1143386,76.9346926891732,10.337643968478,forest,1,present,NA
2032,summer,Old Valparai,t13,2012-05-31,31/05/2012,6.1,butterfly,Butterfly,Lepidoptera,order,insecta,UTM,EPSG:32643,Converted from UTM coordinates (grid 43 P of UTM Zone 43 N) to decimal degrees using QGIS,711958,1142820,76.9356564006749,10.3325218093756,tea,1,present,NA
2033,summer,Old Valparai,t13,2012-05-31,31/05/2012,6.1,toad,Toad,Anura,order,amphibia,UTM,EPSG:32643,Converted from UTM coordinates (grid 43 P of UTM Zone 43 N) to decimal degrees using QGIS,712051,1144436,76.9365948943371,10.3471240417348,eucalyptus_tea,1,present,NA
2034,summer,Old Valparai,t14,2012-04-11,11/04/2012,6.1,red-whiskered bulbul,Red-whiskered bulbul,Pycnonotus jocosus,species,aves,UTM,EPSG:32643,Converted from UTM coordinates (grid 43 P of UTM Zone 43 N) to decimal degrees using QGIS,712406,1145074,76.9398711538984,10.3528715246331,forest,1,present,NA
2035,summer,Old Valparai,t14,2012-04-11,11/04/2012,6.1,skink,Skink,Scincidae,family,reptilia,UTM,EPSG:32643,Converted from UTM coordinates (grid 43 P of UTM Zone 43 N) to decimal degrees using QGIS,712256,1144755,76.9384840590573,10.34999627885,eucalyptus_tea,1,present,NA
2036,summer,Old Valparai,t14,2012-04-11,11/04/2012,6.1,toad,Toad,Anura,order,amphibia,UTM,EPSG:32643,Converted from UTM coordinates (grid 43 P of UTM Zone 43 N) to decimal degrees using QGIS,711964,1142895,76.9357153230731,10.333199420406,tea,1,present,NA
2037,summer,Old Valparai,t14,2012-04-11,11/04/2012,6.1,toad,Toad,Anura,order,amphibia,UTM,EPSG:32643,Converted from UTM coordinates (grid 43 P of UTM Zone 43 N) to decimal degrees using QGIS,711725,1143825,76.9335849999189,10.3416189718583,tea,1,present,NA
2038,summer,Old Valparai,t14,2012-04-11,11/04/2012,6.1,toad,Toad,Anura,order,amphibia,UTM,EPSG:32643,Converted from UTM coordinates (grid 43 P of UTM Zone 43 N) to decimal degrees using QGIS,711835,1144658,76.9346353105235,10.3491425946323,coffee_forest,1,present,NA
2039,summer,Old Valparai,t14,2012-04-11,11/04/2012,6.1,toad,Toad,Anura,order,amphibia,UTM,EPSG:32643,Converted from UTM coordinates (grid 43 P of UTM Zone 43 N) to decimal degrees using QGIS,712016,1145121,76.9363133608156,10.3533178043329,coffee,1,present,NA
2040,summer,Old Valparai,t15,2012-04-20,20/04/2012,6.1,insect,Insects,Insecta,class,insecta,UTM,EPSG:32643,Converted from UTM coordinates (grid 43 P of UTM Zone 43 N) to decimal degrees using QGIS,711892,1144239,76.9351324580886,10.3453520460727,eucalyptus_tea,1,present,NA
2041,summer,Old Valparai,t15,2012-04-20,20/04/2012,6.1,insect,Insects,Insecta,class,insecta,UTM,EPSG:32643,Converted from UTM coordinates (grid 43 P of UTM Zone 43 N) to decimal degrees using QGIS,712032,1144944,76.9364496109673,10.351716990285,coffee_forest,1,present,NA
2042,summer,Old Valparai,t15,2012-04-20,20/04/2012,6.1,rat,Rat,Muridae,family,mammalia,UTM,EPSG:32643,Converted from UTM coordinates (grid 43 P of UTM Zone 43 N) to decimal degrees using QGIS,711943,1145274,76.935655409586,10.354704808334,coffee,1,present,NA
2043,summer,Old Valparai,t15,2012-04-20,20/04/2012,6.1,skink,Skink,Scincidae,family,reptilia,UTM,EPSG:32643,Converted from UTM coordinates (grid 43 P of UTM Zone 43 N) to decimal degrees using QGIS,712061,1144868,76.9367101422467,10.3510284197865,forest,1,present,NA
2044,summer,Old Valparai,t15,2012-04-20,20/04/2012,6.1,toad,Toad,Anura,order,amphibia,UTM,EPSG:32643,Converted from UTM coordinates (grid 43 P of UTM Zone 43 N) to decimal degrees using QGIS,711798,1143513,76.9342341463088,10.3387947412888,forest,1,present,NA
2045,summer,Old Valparai,t16,2012-04-26,26/04/2012,6.1,frog,Frog,Anura,order,amphibia,UTM,EPSG:32643,Converted from UTM coordinates (grid 43 P of UTM Zone 43 N) to decimal degrees using QGIS,711875,1143140,76.9349164252835,10.3354189006899,tea,1,present,NA
2046,summer,Old Valparai,t16,2012-04-26,26/04/2012,6.1,frog,Frog,Anura,order,amphibia,UTM,EPSG:32643,Converted from UTM coordinates (grid 43 P of UTM Zone 43 N) to decimal degrees using QGIS,711866,1144731,76.9349223586496,10.3498007551333,coffee_forest,1,present,NA
2047,summer,Old Valparai,t16,2012-04-26,26/04/2012,6.1,frog,Frog,Anura,order,amphibia,UTM,EPSG:32643,Converted from UTM coordinates (grid 43 P of UTM Zone 43 N) to decimal degrees using QGIS,711960,1144864,76.9357878725584,10.3509978087058,coffee_forest,1,present,NA
2048,summer,Old Valparai,t16,2012-04-26,26/04/2012,6.1,frog,Frog,Anura,order,amphibia,UTM,EPSG:32643,Converted from UTM coordinates (grid 43 P of UTM Zone 43 N) to decimal degrees using QGIS,712018,1144918,76.9363203601303,10.3514827403233,coffee_forest,1,present,NA
2049,summer,Old Valparai,t16,2012-04-26,26/04/2012,6.1,frog,Frog,Anura,order,amphibia,UTM,EPSG:32643,Converted from UTM coordinates (grid 43 P of UTM Zone 43 N) to decimal degrees using QGIS,712030,1144939,76.9364310752393,10.3516719042037,coffee_forest,1,present,NA
2050,summer,Old Valparai,t16,2012-04-26,26/04/2012,6.1,frog,Frog,Anura,order,amphibia,UTM,EPSG:32643,Converted from UTM coordinates (grid 43 P of UTM Zone 43 N) to decimal degrees using QGIS,711879,1145540,76.9350858835153,10.3571127460037,coffee,1,present,NA
2051,summer,Old Valparai,t16,2012-04-26,26/04/2012,6.1,frog,Frog,Anura,order,amphibia,UTM,EPSG:32643,Converted from UTM coordinates (grid 43 P of UTM Zone 43 N) to decimal degrees using QGIS,711882,1143171,76.934982041821,10.3356987323589,tea,2,present,NA
2052,summer,Old Valparai,t16,2012-04-26,26/04/2012,6.1,frog,Frog,Anura,order,amphibia,UTM,EPSG:32643,Converted from UTM coordinates (grid 43 P of UTM Zone 43 N) to decimal degrees using QGIS,711728,1143836,76.9336129953121,10.3417182387489,tea,1,present,NA
2053,summer,Old Valparai,t16,2012-04-26,26/04/2012,6.1,frog,Frog,Anura,order,amphibia,UTM,EPSG:32643,Converted from UTM coordinates (grid 43 P of UTM Zone 43 N) to decimal degrees using QGIS,711893,1144144,76.9351363251537,10.3444932678307,eucalyptus_tea,1,present,NA
2054,summer,Old Valparai,t16,2012-04-26,26/04/2012,6.1,frog,Frog,Anura,order,amphibia,UTM,EPSG:32643,Converted from UTM coordinates (grid 43 P of UTM Zone 43 N) to decimal degrees using QGIS,712011,1144376,76.9362264055443,10.3465838862011,eucalyptus_tea,1,present,NA
2055,summer,Old Valparai,t16,2012-04-26,26/04/2012,6.1,frog,Frog,Anura,order,amphibia,UTM,EPSG:32643,Converted from UTM coordinates (grid 43 P of UTM Zone 43 N) to decimal degrees using QGIS,712038,1144532,76.9364815388089,10.3479925171302,eucalyptus_tea,1,present,NA
2056,summer,Old Valparai,t16,2012-04-26,26/04/2012,6.1,frog,Frog,Anura,order,amphibia,UTM,EPSG:32643,Converted from UTM coordinates (grid 43 P of UTM Zone 43 N) to decimal degrees using QGIS,712289,1144768,76.9387860426054,10.3501119740729,eucalyptus_tea,1,present,NA
2057,summer,Old Valparai,t16,2012-04-26,26/04/2012,6.1,frog,Frog,Anura,order,amphibia,UTM,EPSG:32643,Converted from UTM coordinates (grid 43 P of UTM Zone 43 N) to decimal degrees using QGIS,712407,1144860,76.9398683926635,10.3509370884528,coffee_forest,1,present,NA
2058,summer,Old Valparai,t16,2012-04-26,26/04/2012,6.1,frog,Frog,Anura,order,amphibia,UTM,EPSG:32643,Converted from UTM coordinates (grid 43 P of UTM Zone 43 N) to decimal degrees using QGIS,712118,1144918,76.9372332798789,10.3514772478333,forest,1,present,NA
2059,summer,Old Valparai,t16,2012-04-26,26/04/2012,6.1,snail,Snail,Gastropoda,class,mollusca,UTM,EPSG:32643,Converted from UTM coordinates (grid 43 P of UTM Zone 43 N) to decimal degrees using QGIS,711804,1143502,76.9342883107353,10.3386949813477,forest,1,present,NA
2060,summer,Old Valparai,t16,2012-04-26,26/04/2012,6.1,snake,Snake,Squamata,order,reptilia,UTM,EPSG:32643,Converted from UTM coordinates (grid 43 P of UTM Zone 43 N) to decimal degrees using QGIS,711883,1143216,76.9349936606722,10.3361054415436,tea,1,present,NA
2061,summer,Old Valparai,t17,2012-05-07,07/05/2012,6.1,frog,Frog,Anura,order,amphibia,UTM,EPSG:32643,Converted from UTM coordinates (grid 43 P of UTM Zone 43 N) to decimal degrees using QGIS,711718,1143787,76.9335189951056,10.3412758655695,tea,1,present,NA
2062,summer,Old Valparai,t17,2012-05-07,07/05/2012,6.1,frog,Frog,Anura,order,amphibia,UTM,EPSG:32643,Converted from UTM coordinates (grid 43 P of UTM Zone 43 N) to decimal degrees using QGIS,711724,1143905,76.9335802972574,10.3423421629333,eucalyptus_tea,1,present,NA
2063,summer,Old Valparai,t17,2012-05-07,07/05/2012,6.1,frog,Frog,Anura,order,amphibia,UTM,EPSG:32643,Converted from UTM coordinates (grid 43 P of UTM Zone 43 N) to decimal degrees using QGIS,712055,1144983,76.9366617460555,10.3520682552101,coffee_forest,1,present,NA
2064,summer,Old Valparai,t17,2012-05-07,07/05/2012,6.1,grasshopper,Grasshopper,Orthoptera,order,insecta,UTM,EPSG:32643,Converted from UTM coordinates (grid 43 P of UTM Zone 43 N) to decimal degrees using QGIS,712244,1145010,76.9383886658898,10.3523019274679,forest,1,present,NA
2065,summer,Old Valparai,t17,2012-05-07,07/05/2012,6.1,millipede,Millipede,Diplopoda,class,diplopoda,UTM,EPSG:32643,Converted from UTM coordinates (grid 43 P of UTM Zone 43 N) to decimal degrees using QGIS,712096,1145032,76.9370387625362,10.3525089228663,coffee,1,present,NA
2066,summer,Old Valparai,t17,2012-05-07,07/05/2012,6.1,millipede,Millipede,Diplopoda,class,diplopoda,UTM,EPSG:32643,Converted from UTM coordinates (grid 43 P of UTM Zone 43 N) to decimal degrees using QGIS,711659,1145552,76.9330780857399,10.3572332895439,coffee,1,present,NA
2067,summer,Old Valparai,t18,2012-05-14,14/05/2012,6.1,bat,Bats,Chiroptera,order,mammalia,UTM,EPSG:32643,Converted from UTM coordinates (grid 43 P of UTM Zone 43 N) to decimal degrees using QGIS,712047,1145136,76.9365971997956,10.3534516893616,coffee,1,present,NA
2068,summer,Old Valparai,t18,2012-05-14,14/05/2012,6.1,snake,Snake,Squamata,order,reptilia,UTM,EPSG:32643,Converted from UTM coordinates (grid 43 P of UTM Zone 43 N) to decimal degrees using QGIS,711835,1142537,76.9345179266279,10.3299704521624,tea,1,present,coral
2069,summer,Old Valparai,t18,2012-05-14,14/05/2012,6.1,snake,Snake,Squamata,order,reptilia,UTM,EPSG:32643,Converted from UTM coordinates (grid 43 P of UTM Zone 43 N) to decimal degrees using QGIS,711362,1145400,76.9303582484385,10.3558756083017,coffee,1,present,coral
2070,summer,Old Valparai,t18,2012-05-14,14/05/2012,6.1,frog,Frog,Anura,order,amphibia,UTM,EPSG:32643,Converted from UTM coordinates (grid 43 P of UTM Zone 43 N) to decimal degrees using QGIS,712413,1144919,76.9399264457208,10.3514700690909,coffee_forest,1,present,NA
2071,summer,Old Valparai,t18,2012-05-14,14/05/2012,6.1,frog,Frog,Anura,order,amphibia,UTM,EPSG:32643,Converted from UTM coordinates (grid 43 P of UTM Zone 43 N) to decimal degrees using QGIS,712072,1144878,76.9368111179824,10.3511182074561,forest,1,present,NA
2072,summer,Old Valparai,t18,2012-05-14,14/05/2012,6.1,frog,Frog,Anura,order,amphibia,UTM,EPSG:32643,Converted from UTM coordinates (grid 43 P of UTM Zone 43 N) to decimal degrees using QGIS,711949,1145125,76.9357019225454,10.3533576402299,coffee,1,present,NA
2073,summer,Old Valparai,t18,2012-05-14,14/05/2012,6.1,frog,Frog,Anura,order,amphibia,UTM,EPSG:32643,Converted from UTM coordinates (grid 43 P of UTM Zone 43 N) to decimal degrees using QGIS,711624,1145526,76.9327571171932,10.3570001899521,coffee,1,present,NA
2074,summer,Old Valparai,t18,2012-05-14,14/05/2012,6.1,grasshopper,Grasshopper,Orthoptera,order,insecta,UTM,EPSG:32643,Converted from UTM coordinates (grid 43 P of UTM Zone 43 N) to decimal degrees using QGIS,712009,1144912,76.9362378645901,10.3514289994161,coffee_forest,1,present,NA
2075,summer,Old Valparai,t18,2012-05-14,14/05/2012,6.1,grasshopper,Grasshopper,Orthoptera,order,insecta,UTM,EPSG:32643,Converted from UTM coordinates (grid 43 P of UTM Zone 43 N) to decimal degrees using QGIS,711504,1145478,76.9316589343453,10.3565728869998,coffee,1,present,NA
2076,summer,Old Valparai,t18,2012-05-14,14/05/2012,6.1,millipede,Millipede,Diplopoda,class,diplopoda,UTM,EPSG:32643,Converted from UTM coordinates (grid 43 P of UTM Zone 43 N) to decimal degrees using QGIS,711937,1145210,76.9355970847348,10.3541266298945,coffee,1,present,NA
2077,summer,Old Valparai,t18,2012-05-14,14/05/2012,6.1,millipede,Millipede,Diplopoda,class,diplopoda,UTM,EPSG:32643,Converted from UTM coordinates (grid 43 P of UTM Zone 43 N) to decimal degrees using QGIS,711693,1145589,76.933390534832,10.3575658747422,coffee,1,present,NA
2078,summer,Old Valparai,t18,2012-05-14,14/05/2012,6.1,millipede,Millipede,Diplopoda,class,diplopoda,UTM,EPSG:32643,Converted from UTM coordinates (grid 43 P of UTM Zone 43 N) to decimal degrees using QGIS,711575,1145510,76.9323088915849,10.3568582495604,coffee,2,present,NA
2079,summer,Old Valparai,t18,2012-05-14,14/05/2012,6.1,snake,Snake,Squamata,order,reptilia,UTM,EPSG:32643,Converted from UTM coordinates (grid 43 P of UTM Zone 43 N) to decimal degrees using QGIS,711624,1145526,76.9327571171932,10.3570001899521,coffee,1,present,NA
2080,summer,Neerar Dam,n10,2012-03-17,17/03/2012,9.2,bat,Bats,Chiroptera,order,mammalia,UTM,EPSG:32643,Converted from UTM coordinates (grid 43 P of UTM Zone 43 N) to decimal degrees using QGIS,716585,1136694,76.9775487455674,10.2768926931766,tea,1,present,NA
2081,summer,Neerar Dam,n10,2012-03-17,17/03/2012,9.2,frog,Frog,Anura,order,amphibia,UTM,EPSG:32643,Converted from UTM coordinates (grid 43 P of UTM Zone 43 N) to decimal degrees using QGIS,714558,1140446,76.9592579023174,10.3109197068246,forest_tea,1,present,NA
2082,summer,Neerar Dam,n10,2012-03-17,17/03/2012,9.2,snake,Pitviper,Craspedocephalus,genus,reptilia,UTM,EPSG:32643,Converted from UTM coordinates (grid 43 P of UTM Zone 43 N) to decimal degrees using QGIS,716531,1136204,76.9770283611242,10.2724665868459,tea,1,present,green pit viper
2083,summer,Neerar Dam,n10,2012-03-17,17/03/2012,9.2,rat,Rat,Muridae,family,mammalia,UTM,EPSG:32643,Converted from UTM coordinates (grid 43 P of UTM Zone 43 N) to decimal degrees using QGIS,715834,1137764,76.970754464212,10.2866062061821,tea,1,present,NA
2084,summer,Neerar Dam,n10,2012-03-17,17/03/2012,9.2,Indian scimitar babbler,Indian scimitar babbler, Pomatorhinus horsfieldii,species,aves,UTM,EPSG:32643,Converted from UTM coordinates (grid 43 P of UTM Zone 43 N) to decimal degrees using QGIS,715538,1138903,76.9681166529398,10.2969181076533,tea,1,present,NA
2085,summer,Neerar Dam,n11,2012-03-27,27/03/2012,9.2,butterfly,Butterfly,Lepidoptera,order,insecta,UTM,EPSG:32643,Converted from UTM coordinates (grid 43 P of UTM Zone 43 N) to decimal degrees using QGIS,716522,1136596,76.9769682475225,10.2760103780946,tea,1,present,NA
2086,summer,Neerar Dam,n11,2012-03-27,27/03/2012,9.2,praying mantis,Praying mantis,Mantodea,order,insecta,UTM,EPSG:32643,Converted from UTM coordinates (grid 43 P of UTM Zone 43 N) to decimal degrees using QGIS,716522,1136596,76.9769682475225,10.2760103780946,tea,1,present,NA
2087,summer,Neerar Dam,n11,2012-03-27,27/03/2012,9.2,toad,Toad,Anura,order,amphibia,UTM,EPSG:32643,Converted from UTM coordinates (grid 43 P of UTM Zone 43 N) to decimal degrees using QGIS,715116,1139568,76.9643020853998,10.302952490979,tea,1,present,NA
2088,summer,Neerar Dam,n11,2012-03-27,27/03/2012,9.2,toad,Toad,Anura,order,amphibia,UTM,EPSG:32643,Converted from UTM coordinates (grid 43 P of UTM Zone 43 N) to decimal degrees using QGIS,714213,1140820,76.9561296454343,10.3143194090616,tea,1,present,NA
2089,summer,Neerar Dam,n12,2012-04-05,05/04/2012,9.2,snake,Pitviper,Craspedocephalus,genus,reptilia,UTM,EPSG:32643,Converted from UTM coordinates (grid 43 P of UTM Zone 43 N) to decimal degrees using QGIS,716510,1136196,76.9768362509649,10.272395443226,tea,1,present,pit viper green
2090,summer,Neerar Dam,n12,2012-04-05,05/04/2012,9.2,Indian crested porcupine,Indian crested porcupine,Hystrix indica,species,mammalia,UTM,EPSG:32643,Converted from UTM coordinates (grid 43 P of UTM Zone 43 N) to decimal degrees using QGIS,715494,1138725,76.9677050681453,10.2953116004389,tea,1,present,NA
2091,summer,Neerar Dam,n12,2012-04-05,05/04/2012,9.2,toad,Toad,Anura,order,amphibia,UTM,EPSG:32643,Converted from UTM coordinates (grid 43 P of UTM Zone 43 N) to decimal degrees using QGIS,716900,1136211,76.9803965043745,10.2725093100814,forest,1,present,NA
2092,summer,Neerar Dam,n12,2012-04-05,05/04/2012,9.2,toad,Toad,Anura,order,amphibia,UTM,EPSG:32643,Converted from UTM coordinates (grid 43 P of UTM Zone 43 N) to decimal degrees using QGIS,716384,1136384,76.9756968423229,10.2741017860568,tea,1,present,NA
2093,summer,Neerar Dam,n12,2012-04-05,05/04/2012,9.2,toad,Toad,Anura,order,amphibia,UTM,EPSG:32643,Converted from UTM coordinates (grid 43 P of UTM Zone 43 N) to decimal degrees using QGIS,715885,1137641,76.9712130489135,10.2854915723815,tea,1,present,NA
2094,summer,Neerar Dam,n12,2012-04-05,05/04/2012,9.2,toad,Toad,Anura,order,amphibia,UTM,EPSG:32643,Converted from UTM coordinates (grid 43 P of UTM Zone 43 N) to decimal degrees using QGIS,715617,1138462,76.9688129926425,10.2929275042525,tea,1,present,NA
2095,summer,Neerar Dam,n12,2012-04-05,05/04/2012,9.2,toad,Toad,Anura,order,amphibia,UTM,EPSG:32643,Converted from UTM coordinates (grid 43 P of UTM Zone 43 N) to decimal degrees using QGIS,715327,1139211,76.9662080130062,10.2997138451033,tea,1,present,NA
2096,summer,Neerar Dam,n12,2012-04-05,05/04/2012,9.2,toad,Toad,Anura,order,amphibia,UTM,EPSG:32643,Converted from UTM coordinates (grid 43 P of UTM Zone 43 N) to decimal degrees using QGIS,714611,1140244,76.959730389502,10.3090908788397,forest_tea,1,present,NA
2097,summer,Neerar Dam,n13,2012-04-14,14/04/2012,9.2,butterfly,Butterfly,Lepidoptera,order,insecta,UTM,EPSG:32643,Converted from UTM coordinates (grid 43 P of UTM Zone 43 N) to decimal degrees using QGIS,716502,1136193,76.976763068835,10.2723687712893,tea,1,present,NA
2098,summer,Neerar Dam,n13,2012-04-14,14/04/2012,9.2,calotes,Calotes,Calotes versicolor,species,reptilia,UTM,EPSG:32643,Converted from UTM coordinates (grid 43 P of UTM Zone 43 N) to decimal degrees using QGIS,714590,1140327,76.9595433435993,10.3098422849288,forest_tea,1,present,versicolor
2099,summer,Neerar Dam,n13,2012-04-14,14/04/2012,9.2,snake,Snake,Squamata,order,reptilia,UTM,EPSG:32643,Converted from UTM coordinates (grid 43 P of UTM Zone 43 N) to decimal degrees using QGIS,716323,1136288,76.975134721095,10.2732374324511,tea,1,present,NA
2100,summer,Neerar Dam,n13,2012-04-14,14/04/2012,9.2,toad,Toad,Anura,order,amphibia,UTM,EPSG:32643,Converted from UTM coordinates (grid 43 P of UTM Zone 43 N) to decimal degrees using QGIS,716999,1136270,76.9813033678836,10.2730370907899,forest,1,present,NA
2101,summer,Neerar Dam,n13,2012-04-14,14/04/2012,9.2,toad,Toad,Anura,order,amphibia,UTM,EPSG:32643,Converted from UTM coordinates (grid 43 P of UTM Zone 43 N) to decimal degrees using QGIS,716720,1136309,76.9787592113866,10.273405160464,forest,1,present,NA
2102,summer,Neerar Dam,n13,2012-04-14,14/04/2012,9.2,toad,Toad,Anura,order,amphibia,UTM,EPSG:32643,Converted from UTM coordinates (grid 43 P of UTM Zone 43 N) to decimal degrees using QGIS,714848,1140041,76.9618823303602,10.3072428223655,tea,1,present,NA
2103,summer,Neerar Dam,n14,2012-04-29,29/04/2012,9.2,frog,Frog,Anura,order,amphibia,UTM,EPSG:32643,Converted from UTM coordinates (grid 43 P of UTM Zone 43 N) to decimal degrees using QGIS,716720,1136282,76.978757693003,10.2731611075459,forest,1,present,NA
2104,summer,Neerar Dam,n14,2012-04-29,29/04/2012,9.2,frog,Frog,Anura,order,amphibia,UTM,EPSG:32643,Converted from UTM coordinates (grid 43 P of UTM Zone 43 N) to decimal degrees using QGIS,716364,1136165,76.9755020118492,10.2721233540318,tea,1,present,NA
2105,summer,Neerar Dam,n14,2012-04-29,29/04/2012,9.2,frog,Frog,Anura,order,amphibia,UTM,EPSG:32643,Converted from UTM coordinates (grid 43 P of UTM Zone 43 N) to decimal degrees using QGIS,716276,1136335,76.9747084022831,10.2736648789693,tea,1,present,NA
2106,summer,Neerar Dam,n14,2012-04-29,29/04/2012,9.2,frog,Frog,Anura,order,amphibia,UTM,EPSG:32643,Converted from UTM coordinates (grid 43 P of UTM Zone 43 N) to decimal degrees using QGIS,716088,1137540,76.9730601805074,10.2845673494955,tea,1,present,NA
2107,summer,Neerar Dam,n14,2012-04-29,29/04/2012,9.2,frog,Frog,Anura,order,amphibia,UTM,EPSG:32643,Converted from UTM coordinates (grid 43 P of UTM Zone 43 N) to decimal degrees using QGIS,716046,1137582,76.9726792008534,10.2849493233003,tea,1,present,NA
2108,summer,Neerar Dam,n14,2012-04-29,29/04/2012,9.2,frog,Frog,Anura,order,amphibia,UTM,EPSG:32643,Converted from UTM coordinates (grid 43 P of UTM Zone 43 N) to decimal degrees using QGIS,715524,1138999,76.9679942507791,10.2977866330204,tea,1,present,NA
2109,summer,Neerar Dam,n14,2012-04-29,29/04/2012,9.2,pill millipede,Pill millipede,Diplopoda,class,diplopoda,UTM,EPSG:32643,Converted from UTM coordinates (grid 43 P of UTM Zone 43 N) to decimal degrees using QGIS,714559,1140442,76.9592668066578,10.3108834951479,forest_tea,1,present,NA
2110,summer,Neerar Dam,n14,2012-04-29,29/04/2012,9.2,snail,Snail,Gastropoda,class,mollusca,UTM,EPSG:32643,Converted from UTM coordinates (grid 43 P of UTM Zone 43 N) to decimal degrees using QGIS,716523,1136586,76.9769768123179,10.2759199323819,tea,1,present,NA
2111,summer,Neerar Dam,n14,2012-04-29,29/04/2012,9.2,snail,Snail,Gastropoda,class,mollusca,UTM,EPSG:32643,Converted from UTM coordinates (grid 43 P of UTM Zone 43 N) to decimal degrees using QGIS,715944,1137621,76.9717504260659,10.2853075139824,tea,1,present,NA
2112,summer,Neerar Dam,n14,2012-04-29,29/04/2012,9.2,snail,Snail,Gastropoda,class,mollusca,UTM,EPSG:32643,Converted from UTM coordinates (grid 43 P of UTM Zone 43 N) to decimal degrees using QGIS,715772,1137948,76.970198898546,10.2882728319013,tea,1,present,NA
2113,summer,Neerar Dam,n14,2012-04-29,29/04/2012,9.2,snail,Snail,Gastropoda,class,mollusca,UTM,EPSG:32643,Converted from UTM coordinates (grid 43 P of UTM Zone 43 N) to decimal degrees using QGIS,715615,1138470,76.9687951864767,10.292999927618,tea,2,present,NA
2114,summer,Neerar Dam,n15,2012-05-09,09/05/2012,9.2,frog,Frog,Anura,order,amphibia,UTM,EPSG:32643,Converted from UTM coordinates (grid 43 P of UTM Zone 43 N) to decimal degrees using QGIS,715605,1138326,76.9686958409357,10.2916988608522,tea,1,present,NA
2115,summer,Neerar Dam,n15,2012-05-09,09/05/2012,9.2,frog,Frog,Anura,order,amphibia,UTM,EPSG:32643,Converted from UTM coordinates (grid 43 P of UTM Zone 43 N) to decimal degrees using QGIS,715736,1138044,76.9698757022747,10.2891425785515,tea,1,present,NA
2116,summer,Neerar Dam,n15,2012-05-09,09/05/2012,9.2,frog,Frog,Anura,order,amphibia,UTM,EPSG:32643,Converted from UTM coordinates (grid 43 P of UTM Zone 43 N) to decimal degrees using QGIS,716615,1137104,76.9778456089951,10.2805970122137,tea,1,present,NA
2117,summer,Neerar Dam,n15,2012-05-09,09/05/2012,9.2,frog,Frog,Anura,order,amphibia,UTM,EPSG:32643,Converted from UTM coordinates (grid 43 P of UTM Zone 43 N) to decimal degrees using QGIS,716606,1136705,76.9777410274009,10.2769909528199,tea,1,present,NA
2118,summer,Neerar Dam,n15,2012-05-09,09/05/2012,9.2,frog,Frog,Anura,order,amphibia,UTM,EPSG:32643,Converted from UTM coordinates (grid 43 P of UTM Zone 43 N) to decimal degrees using QGIS,716739,1136214,76.9789272762752,10.2725453975436,tea,1,present,NA
2119,summer,Neerar Dam,n15,2012-05-09,09/05/2012,9.2,frog,Frog,Anura,order,amphibia,UTM,EPSG:32643,Converted from UTM coordinates (grid 43 P of UTM Zone 43 N) to decimal degrees using QGIS,716604,1136817,76.9777290715787,10.2780034322256,tea,1,present,NA
2120,summer,Neerar Dam,n15,2012-05-09,09/05/2012,9.2,insect,Insects,Insecta,class,insecta,UTM,EPSG:32643,Converted from UTM coordinates (grid 43 P of UTM Zone 43 N) to decimal degrees using QGIS,715781,1137899,76.9702782954689,10.2878294193522,tea,1,present,NA
2121,summer,Neerar Dam,n15,2012-05-09,09/05/2012,9.2,snake,Snake,Squamata,order,reptilia,UTM,EPSG:32643,Converted from UTM coordinates (grid 43 P of UTM Zone 43 N) to decimal degrees using QGIS,716928,1136271,76.9806554287547,10.2730500885313,forest,1,present,NA
2122,summer,Neerar Dam,n16,2012-05-22,22/05/2012,9.2,butterfly,Butterfly,Lepidoptera,order,insecta,UTM,EPSG:32643,Converted from UTM coordinates (grid 43 P of UTM Zone 43 N) to decimal degrees using QGIS,716999,1136270,76.9813033678836,10.2730370907899,forest,1,present,NA
2123,summer,Neerar Dam,n16,2012-05-22,22/05/2012,9.2,frog,Frog,Anura,order,amphibia,UTM,EPSG:32643,Converted from UTM coordinates (grid 43 P of UTM Zone 43 N) to decimal degrees using QGIS,714674,1140187,76.9603022570834,10.3085721637977,forest_tea,1,present,NA
2124,summer,Neerar Dam,n16,2012-05-22,22/05/2012,9.2,frog,Frog,Anura,order,amphibia,UTM,EPSG:32643,Converted from UTM coordinates (grid 43 P of UTM Zone 43 N) to decimal degrees using QGIS,715114,1139582,76.9642846139688,10.3030791487059,tea,1,present,NA
2125,summer,Neerar Dam,n16,2012-05-22,22/05/2012,9.2,frog,Frog,Anura,order,amphibia,UTM,EPSG:32643,Converted from UTM coordinates (grid 43 P of UTM Zone 43 N) to decimal degrees using QGIS,715669,1138135,76.9692692796564,10.2899688511533,tea,1,present,NA
2126,summer,Neerar Dam,n16,2012-05-22,22/05/2012,9.2,frog,Frog,Anura,order,amphibia,UTM,EPSG:32643,Converted from UTM coordinates (grid 43 P of UTM Zone 43 N) to decimal degrees using QGIS,716498,1136635,76.9767513958525,10.2763642351127,tea,1,present,NA
2127,summer,Neerar Dam,n16,2012-05-22,22/05/2012,9.2,snail,Snail,Gastropoda,class,mollusca,UTM,EPSG:32643,Converted from UTM coordinates (grid 43 P of UTM Zone 43 N) to decimal degrees using QGIS,714867,1139788,76.9620416044974,10.3049548849874,tea,1,present,NA
2128,summer,Neerar Dam,n16,2012-05-22,22/05/2012,9.2,snail,Snail,Gastropoda,class,mollusca,UTM,EPSG:32643,Converted from UTM coordinates (grid 43 P of UTM Zone 43 N) to decimal degrees using QGIS,716786,1136287,76.9793603371355,10.273202626069,forest,1,present,NA
2129,summer,Neerar Dam,n17,2012-05-24,24/05/2012,9.2,frog,Frog,Anura,order,amphibia,UTM,EPSG:32643,Converted from UTM coordinates (grid 43 P of UTM Zone 43 N) to decimal degrees using QGIS,715920,1137622,76.9715314317681,10.2853178864496,tea,1,present,NA
2130,summer,Neerar Dam,n17,2012-05-24,24/05/2012,9.2,frog,Frog,Anura,order,amphibia,UTM,EPSG:32643,Converted from UTM coordinates (grid 43 P of UTM Zone 43 N) to decimal degrees using QGIS,715552,1138819,76.9682397276451,10.2961580508221,tea,1,present,NA
2131,summer,Neerar Dam,n17,2012-05-24,24/05/2012,9.2,frog,Frog,Anura,order,amphibia,UTM,EPSG:32643,Converted from UTM coordinates (grid 43 P of UTM Zone 43 N) to decimal degrees using QGIS,715022,1139714,76.9634522579018,10.3042774051696,tea,1,present,NA
2132,summer,Neerar Dam,n17,2012-05-24,24/05/2012,9.2,frog,Frog,Anura,order,amphibia,UTM,EPSG:32643,Converted from UTM coordinates (grid 43 P of UTM Zone 43 N) to decimal degrees using QGIS,714505,1140651,76.9587855791913,10.312775652181,tea,1,present,NA
2133,summer,Neerar Dam,n17,2012-05-24,24/05/2012,9.2,millipede,Millipede,Diplopoda,class,diplopoda,UTM,EPSG:32643,Converted from UTM coordinates (grid 43 P of UTM Zone 43 N) to decimal degrees using QGIS,715624,1138276,76.9688664567874,10.2912458540484,tea,1,present,NA
2134,summer,Neerar Dam,n17,2012-05-24,24/05/2012,9.2,snail,Snail,Gastropoda,class,mollusca,UTM,EPSG:32643,Converted from UTM coordinates (grid 43 P of UTM Zone 43 N) to decimal degrees using QGIS,716638,1136201,76.9780047492544,10.2724335145848,tea,1,present,NA
2135,summer,Puthuthotam,p14,2012-03-06,06/03/2012,3.7,caterpillar,Caterpillar,Lepidoptera,order,insecta,UTM,EPSG:32643,Converted from UTM coordinates (grid 43 P of UTM Zone 43 N) to decimal degrees using QGIS,715190,1143569,76.9652020405557,10.3391136065777,forest,1,present,NA
2136,summer,Puthuthotam,p14,2012-03-06,06/03/2012,3.7,frog,Frog,Anura,order,amphibia,UTM,EPSG:32643,Converted from UTM coordinates (grid 43 P of UTM Zone 43 N) to decimal degrees using QGIS,715629,1143825,76.9692239507701,10.3414031318469,forest,1,present,NA
2137,summer,Puthuthotam,p14,2012-03-06,06/03/2012,3.7,red-whiskered bulbul,Red-whiskered bulbul,Pycnonotus jocosus,species,aves,UTM,EPSG:32643,Converted from UTM coordinates (grid 43 P of UTM Zone 43 N) to decimal degrees using QGIS,715707,1144241,76.9699594438304,10.3451590059287,forest,1,present,NA
2138,summer,Puthuthotam,p14,2012-03-06,06/03/2012,3.7,mouse,Mouse,Muridae,family,mammalia,UTM,EPSG:32643,Converted from UTM coordinates (grid 43 P of UTM Zone 43 N) to decimal degrees using QGIS,715949,1144989,76.9722108589905,10.3519066523093,tea,1,present,NA
2139,summer,Puthuthotam,p14,2012-03-06,06/03/2012,3.7,shrew,Shrew,Soricidae,family,mammalia,UTM,EPSG:32643,Converted from UTM coordinates (grid 43 P of UTM Zone 43 N) to decimal degrees using QGIS,715031,1143279,76.9637342902803,10.336501131547,forest_tea,1,present,NA
2140,summer,Puthuthotam,p14,2012-03-06,06/03/2012,3.7,toad,Toad,Anura,order,amphibia,UTM,EPSG:32643,Converted from UTM coordinates (grid 43 P of UTM Zone 43 N) to decimal degrees using QGIS,714996,1143309,76.9634164732004,10.3367742490838,forest_tea,1,present,NA
2141,summer,Puthuthotam,p15,2012-03-21,21/03/2012,3.7,frog,Frog,Anura,order,amphibia,UTM,EPSG:32643,Converted from UTM coordinates (grid 43 P of UTM Zone 43 N) to decimal degrees using QGIS,716004,1144506,76.972685669864,10.3475377447035,forest_tea,1,present,NA
2142,summer,Puthuthotam,p16,2012-03-30,30/03/2012,3.7,toad,Toad,Anura,order,amphibia,UTM,EPSG:32643,Converted from UTM coordinates (grid 43 P of UTM Zone 43 N) to decimal degrees using QGIS,715278,1143505,76.9660017653752,10.3385302091369,forest,1,present,NA
2143,summer,Puthuthotam,p17,2012-04-09,09/04/2012,3.7,shrew,Shrew,Soricidae,family,mammalia,UTM,EPSG:32643,Converted from UTM coordinates (grid 43 P of UTM Zone 43 N) to decimal degrees using QGIS,715649,1144107,76.9694224180884,10.3439510166295,forest,1,present,NA
2144,summer,Puthuthotam,p17,2012-04-09,09/04/2012,3.7,toad,Toad,Anura,order,amphibia,UTM,EPSG:32643,Converted from UTM coordinates (grid 43 P of UTM Zone 43 N) to decimal degrees using QGIS,714963,1143420,76.9631214608165,10.3377794179945,forest,1,present,NA
2145,summer,Puthuthotam,p17,2012-04-09,09/04/2012,3.7,toad,Toad,Anura,order,amphibia,UTM,EPSG:32643,Converted from UTM coordinates (grid 43 P of UTM Zone 43 N) to decimal degrees using QGIS,715214,1143551,76.9654201169679,10.3389495679479,forest,1,present,NA
2146,summer,Puthuthotam,p17,2012-04-09,09/04/2012,3.7,toad,Toad,Anura,order,amphibia,UTM,EPSG:32643,Converted from UTM coordinates (grid 43 P of UTM Zone 43 N) to decimal degrees using QGIS,715473,1143724,76.9677941819922,10.3404988911579,forest,1,present,NA
2147,summer,Puthuthotam,p17,2012-04-09,09/04/2012,3.7,toad,Toad,Anura,order,amphibia,UTM,EPSG:32643,Converted from UTM coordinates (grid 43 P of UTM Zone 43 N) to decimal degrees using QGIS,716028,1144245,76.9728900225273,10.3451772265543,forest_tea,1,present,NA
2148,summer,Puthuthotam,p18,2012-04-23,23/04/2012,3.7,NA,Animals,Animalia,kingdom,NA,UTM,EPSG:32643,Converted from UTM coordinates (grid 43 P of UTM Zone 43 N) to decimal degrees using QGIS,715473,1143724,76.9677941819922,10.3404988911579,forest,0,absent,No roadkills on this day; location based on previous roadkill
2149,summer,Puthuthotam,p19,2012-05-01,01/05/2012,3.7,frog,Frog,Anura,order,amphibia,UTM,EPSG:32643,Converted from UTM coordinates (grid 43 P of UTM Zone 43 N) to decimal degrees using QGIS,715015,1143302,76.9635895240028,10.3367099192899,forest_tea,1,present,NA
2150,summer,Puthuthotam,p19,2012-05-01,01/05/2012,3.7,frog,Frog,Anura,order,amphibia,UTM,EPSG:32643,Converted from UTM coordinates (grid 43 P of UTM Zone 43 N) to decimal degrees using QGIS,715451,1143723,76.967593294053,10.3404910784795,forest,1,present,NA
2151,summer,Puthuthotam,p19,2012-05-01,01/05/2012,3.7,frog,Frog,Anura,order,amphibia,UTM,EPSG:32643,Converted from UTM coordinates (grid 43 P of UTM Zone 43 N) to decimal degrees using QGIS,715550,1143783,76.9685004154606,10.3410278998894,forest,2,present,NA
2152,summer,Puthuthotam,p19,2012-05-01,01/05/2012,3.7,frog,Frog,Anura,order,amphibia,UTM,EPSG:32643,Converted from UTM coordinates (grid 43 P of UTM Zone 43 N) to decimal degrees using QGIS,715614,1143799,76.9690855549875,10.341168954371,forest,1,present,NA
2153,summer,Puthuthotam,p19,2012-05-01,01/05/2012,3.7,frog,Frog,Anura,order,amphibia,UTM,EPSG:32643,Converted from UTM coordinates (grid 43 P of UTM Zone 43 N) to decimal degrees using QGIS,715652,1143864,76.9694361092381,10.3417543699727,forest,1,present,NA
2154,summer,Puthuthotam,p19,2012-05-01,01/05/2012,3.7,frog,Frog,Anura,order,amphibia,UTM,EPSG:32643,Converted from UTM coordinates (grid 43 P of UTM Zone 43 N) to decimal degrees using QGIS,715651,1143898,76.9694288965153,10.3420617521035,forest,1,present,NA
2155,summer,Puthuthotam,p19,2012-05-01,01/05/2012,3.7,frog,Frog,Anura,order,amphibia,UTM,EPSG:32643,Converted from UTM coordinates (grid 43 P of UTM Zone 43 N) to decimal degrees using QGIS,715622,1143999,76.9691698541194,10.3429763102992,forest,1,present,NA
2156,summer,Puthuthotam,p19,2012-05-01,01/05/2012,3.7,frog,Frog,Anura,order,amphibia,UTM,EPSG:32643,Converted from UTM coordinates (grid 43 P of UTM Zone 43 N) to decimal degrees using QGIS,715617,1144038,76.9691264079603,10.3433291107033,forest,2,present,NA
2157,summer,Puthuthotam,p19,2012-05-01,01/05/2012,3.7,frog,Frog,Anura,order,amphibia,UTM,EPSG:32643,Converted from UTM coordinates (grid 43 P of UTM Zone 43 N) to decimal degrees using QGIS,715646,1144091,76.9693941298696,10.3438065599174,forest,1,present,NA
2158,summer,Puthuthotam,p19,2012-05-01,01/05/2012,3.7,frog,Frog,Anura,order,amphibia,UTM,EPSG:32643,Converted from UTM coordinates (grid 43 P of UTM Zone 43 N) to decimal degrees using QGIS,715643,1144142,76.9693696180172,10.344267716796,forest,1,present,NA
2159,summer,Puthuthotam,p19,2012-05-01,01/05/2012,3.7,frog,Frog,Anura,order,amphibia,UTM,EPSG:32643,Converted from UTM coordinates (grid 43 P of UTM Zone 43 N) to decimal degrees using QGIS,715666,1144187,76.969582117393,10.3446731884265,forest,1,present,NA
2160,summer,Puthuthotam,p19,2012-05-01,01/05/2012,3.7,frog,Frog,Anura,order,amphibia,UTM,EPSG:32643,Converted from UTM coordinates (grid 43 P of UTM Zone 43 N) to decimal degrees using QGIS,714996,1143309,76.9634164732004,10.3367742490838,forest_tea,1,present,NA
2161,summer,Puthuthotam,p19,2012-05-01,01/05/2012,3.7,frog,Frog,Anura,order,amphibia,UTM,EPSG:32643,Converted from UTM coordinates (grid 43 P of UTM Zone 43 N) to decimal degrees using QGIS,715716,1144246,76.9700418852739,10.3452036984546,forest,1,present,NA
2162,summer,Puthuthotam,p19,2012-05-01,01/05/2012,3.7,frog,Frog,Anura,order,amphibia,UTM,EPSG:32643,Converted from UTM coordinates (grid 43 P of UTM Zone 43 N) to decimal degrees using QGIS,715752,1144261,76.9703713692558,10.3453372732892,forest,1,present,NA
2163,summer,Puthuthotam,p19,2012-05-01,01/05/2012,3.7,frog,Frog,Anura,order,amphibia,UTM,EPSG:32643,Converted from UTM coordinates (grid 43 P of UTM Zone 43 N) to decimal degrees using QGIS,715776,1144245,76.9705895588244,10.345191308923,forest,3,present,NA
2164,summer,Puthuthotam,p19,2012-05-01,01/05/2012,3.7,frog,Frog,Anura,order,amphibia,UTM,EPSG:32643,Converted from UTM coordinates (grid 43 P of UTM Zone 43 N) to decimal degrees using QGIS,715824,1144187,76.9710244705184,10.3446643658695,forest,2,present,NA
2165,summer,Puthuthotam,p19,2012-05-01,01/05/2012,3.7,frog,Frog,Anura,order,amphibia,UTM,EPSG:32643,Converted from UTM coordinates (grid 43 P of UTM Zone 43 N) to decimal degrees using QGIS,715879,1144206,76.9715276273183,10.3448330341508,forest,2,present,NA
2166,summer,Puthuthotam,p19,2012-05-01,01/05/2012,3.7,frog,Frog,Anura,order,amphibia,UTM,EPSG:32643,Converted from UTM coordinates (grid 43 P of UTM Zone 43 N) to decimal degrees using QGIS,716021,1144237,76.9728256690535,10.3451053060376,forest,1,present,NA
2167,summer,Puthuthotam,p19,2012-05-01,01/05/2012,3.7,frog,Frog,Anura,order,amphibia,UTM,EPSG:32643,Converted from UTM coordinates (grid 43 P of UTM Zone 43 N) to decimal degrees using QGIS,716022,1144315,76.9728392025832,10.3458102912788,forest_tea,3,present,NA
2168,summer,Puthuthotam,p19,2012-05-01,01/05/2012,3.7,frog,Frog,Anura,order,amphibia,UTM,EPSG:32643,Converted from UTM coordinates (grid 43 P of UTM Zone 43 N) to decimal degrees using QGIS,716029,1144629,76.9729208400083,10.3486481420088,forest_tea,3,present,NA
2169,summer,Puthuthotam,p19,2012-05-01,01/05/2012,3.7,frog,Frog,Anura,order,amphibia,UTM,EPSG:32643,Converted from UTM coordinates (grid 43 P of UTM Zone 43 N) to decimal degrees using QGIS,714933,1143318,76.9628418748181,10.3368591029274,forest_tea,1,present,NA
2170,summer,Puthuthotam,p19,2012-05-01,01/05/2012,3.7,frog,Frog,Anura,order,amphibia,UTM,EPSG:32643,Converted from UTM coordinates (grid 43 P of UTM Zone 43 N) to decimal degrees using QGIS,716019,1144713,76.9728342960263,10.3494079762632,forest_tea,1,present,NA
2171,summer,Puthuthotam,p19,2012-05-01,01/05/2012,3.7,frog,Frog,Anura,order,amphibia,UTM,EPSG:32643,Converted from UTM coordinates (grid 43 P of UTM Zone 43 N) to decimal degrees using QGIS,716010,1144756,76.9727545646929,10.3497971561303,forest_tea,1,present,NA
2172,summer,Puthuthotam,p19,2012-05-01,01/05/2012,3.7,frog,Frog,Anura,order,amphibia,UTM,EPSG:32643,Converted from UTM coordinates (grid 43 P of UTM Zone 43 N) to decimal degrees using QGIS,715956,1145039,76.9722775866939,10.3523582102057,tea,1,present,NA
2173,summer,Puthuthotam,p19,2012-05-01,01/05/2012,3.7,frog,Frog,Anura,order,amphibia,UTM,EPSG:32643,Converted from UTM coordinates (grid 43 P of UTM Zone 43 N) to decimal degrees using QGIS,715986,1145272,76.9725646236736,10.354462615802,tea,1,present,NA
2174,summer,Puthuthotam,p19,2012-05-01,01/05/2012,3.7,frog,Frog,Anura,order,amphibia,UTM,EPSG:32643,Converted from UTM coordinates (grid 43 P of UTM Zone 43 N) to decimal degrees using QGIS,715976,1145488,76.9724855402752,10.3564155962156,tea,1,present,NA
2175,summer,Puthuthotam,p19,2012-05-01,01/05/2012,3.7,frog,Frog,Anura,order,amphibia,UTM,EPSG:32643,Converted from UTM coordinates (grid 43 P of UTM Zone 43 N) to decimal degrees using QGIS,715137,1143502,76.9647144546887,10.3385109409627,forest,1,present,NA
2176,summer,Puthuthotam,p19,2012-05-01,01/05/2012,3.7,frog,Frog,Anura,order,amphibia,UTM,EPSG:32643,Converted from UTM coordinates (grid 43 P of UTM Zone 43 N) to decimal degrees using QGIS,715152,1143578,76.9648556563586,10.3391970729833,forest,2,present,NA
2177,summer,Puthuthotam,p19,2012-05-01,01/05/2012,3.7,frog,Frog,Anura,order,amphibia,UTM,EPSG:32643,Converted from UTM coordinates (grid 43 P of UTM Zone 43 N) to decimal degrees using QGIS,715207,1143555,76.9653564410964,10.3389861137674,forest,1,present,NA
2178,summer,Puthuthotam,p19,2012-05-01,01/05/2012,3.7,frog,Frog,Anura,order,amphibia,UTM,EPSG:32643,Converted from UTM coordinates (grid 43 P of UTM Zone 43 N) to decimal degrees using QGIS,715336,1143614,76.966537359525,10.3395122329671,forest,1,present,NA
2179,summer,Puthuthotam,p19,2012-05-01,01/05/2012,3.7,frog,Frog,Anura,order,amphibia,UTM,EPSG:32643,Converted from UTM coordinates (grid 43 P of UTM Zone 43 N) to decimal degrees using QGIS,715352,1143663,76.9666861754214,10.3399542539284,forest,2,present,NA
2180,summer,Puthuthotam,p19,2012-05-01,01/05/2012,3.7,frog,Frog,Anura,order,amphibia,UTM,EPSG:32643,Converted from UTM coordinates (grid 43 P of UTM Zone 43 N) to decimal degrees using QGIS,715360,1143679,76.9667601052932,10.340098432635,forest,1,present,NA
2181,summer,Puthuthotam,p19,2012-05-01,01/05/2012,3.7,millipede,Millipede,Diplopoda,class,diplopoda,UTM,EPSG:32643,Converted from UTM coordinates (grid 43 P of UTM Zone 43 N) to decimal degrees using QGIS,715828,1144184,76.9710608165244,10.344637025432,forest,1,present,NA
2182,summer,Puthuthotam,p19,2012-05-01,01/05/2012,3.7,snail,Snail,Gastropoda,class,mollusca,UTM,EPSG:32643,Converted from UTM coordinates (grid 43 P of UTM Zone 43 N) to decimal degrees using QGIS,715091,1143485,76.9642935806233,10.338359836817,forest,1,present,NA
2183,summer,Puthuthotam,p19,2012-05-01,01/05/2012,3.7,snail,Snail,Gastropoda,class,mollusca,UTM,EPSG:32643,Converted from UTM coordinates (grid 43 P of UTM Zone 43 N) to decimal degrees using QGIS,715363,1143686,76.966787885283,10.3401615386673,forest,1,present,NA
2184,summer,Puthuthotam,p19,2012-05-01,01/05/2012,3.7,snail,Snail,Gastropoda,class,mollusca,UTM,EPSG:32643,Converted from UTM coordinates (grid 43 P of UTM Zone 43 N) to decimal degrees using QGIS,715402,1143736,76.9671467187749,10.340611316725,forest,1,present,NA
2185,summer,Puthuthotam,p19,2012-05-01,01/05/2012,3.7,snail,Snail,Gastropoda,class,mollusca,UTM,EPSG:32643,Converted from UTM coordinates (grid 43 P of UTM Zone 43 N) to decimal degrees using QGIS,715592,1143788,76.9688841034042,10.3410707524514,forest,1,present,NA
2186,summer,Puthuthotam,p19,2012-05-01,01/05/2012,3.7,snake,Snake,Squamata,order,reptilia,UTM,EPSG:32643,Converted from UTM coordinates (grid 43 P of UTM Zone 43 N) to decimal degrees using QGIS,715022,1143294,76.9636529750988,10.336637217685,forest_tea,1,present,NA
2187,summer,Puthuthotam,p19,2012-05-01,01/05/2012,3.7,snake,Snake,Squamata,order,reptilia,UTM,EPSG:32643,Converted from UTM coordinates (grid 43 P of UTM Zone 43 N) to decimal degrees using QGIS,715326,1143601,76.9664453413243,10.3393952826461,forest,1,present,NA
2188,summer,Puthuthotam,p20,2012-05-10,10/05/2012,3.7,frog,Frog,Anura,order,amphibia,UTM,EPSG:32643,Converted from UTM coordinates (grid 43 P of UTM Zone 43 N) to decimal degrees using QGIS,714937,1143381,76.9628819261469,10.3374283406123,forest,1,present,NA
2189,summer,Puthuthotam,p20,2012-05-10,10/05/2012,3.7,frog,Frog,Anura,order,amphibia,UTM,EPSG:32643,Converted from UTM coordinates (grid 43 P of UTM Zone 43 N) to decimal degrees using QGIS,716002,1144509,76.9726675815224,10.3475649735133,forest_tea,1,present,NA
2190,summer,Puthuthotam,p20,2012-05-10,10/05/2012,3.7,frog,Frog,Anura,order,amphibia,UTM,EPSG:32643,Converted from UTM coordinates (grid 43 P of UTM Zone 43 N) to decimal degrees using QGIS,716005,1144882,76.9727160382405,10.3509363481793,tea,1,present,NA
2191,summer,Puthuthotam,p20,2012-05-10,10/05/2012,3.7,frog,Frog,Anura,order,amphibia,UTM,EPSG:32643,Converted from UTM coordinates (grid 43 P of UTM Zone 43 N) to decimal degrees using QGIS,715148,1143528,76.9648163313413,10.3387453437759,forest,1,present,NA
2192,summer,Puthuthotam,p20,2012-05-10,10/05/2012,3.7,frog,Frog,Anura,order,amphibia,UTM,EPSG:32643,Converted from UTM coordinates (grid 43 P of UTM Zone 43 N) to decimal degrees using QGIS,715233,1143522,76.9655919312897,10.3386863782278,forest,1,present,NA
2193,summer,Puthuthotam,p20,2012-05-10,10/05/2012,3.7,frog,Frog,Anura,order,amphibia,UTM,EPSG:32643,Converted from UTM coordinates (grid 43 P of UTM Zone 43 N) to decimal degrees using QGIS,715614,1144022,76.9690981199814,10.3431846539246,forest,1,present,NA
2194,summer,Puthuthotam,p20,2012-05-10,10/05/2012,3.7,frog,Frog,Anura,order,amphibia,UTM,EPSG:32643,Converted from UTM coordinates (grid 43 P of UTM Zone 43 N) to decimal degrees using QGIS,715644,1144093,76.9693759849998,10.343824749552,forest,1,present,NA
2195,summer,Puthuthotam,p20,2012-05-10,10/05/2012,3.7,frog,Frog,Anura,order,amphibia,UTM,EPSG:32643,Converted from UTM coordinates (grid 43 P of UTM Zone 43 N) to decimal degrees using QGIS,715653,1144185,76.9694633299715,10.3446558360299,forest,1,present,NA
2196,summer,Puthuthotam,p20,2012-05-10,10/05/2012,3.7,frog,Frog,Anura,order,amphibia,UTM,EPSG:32643,Converted from UTM coordinates (grid 43 P of UTM Zone 43 N) to decimal degrees using QGIS,715943,1144234,76.9721134519079,10.3450825494669,forest,2,present,NA
2197,summer,Puthuthotam,p20,2012-05-10,10/05/2012,3.7,frog,Frog,Anura,order,amphibia,UTM,EPSG:32643,Converted from UTM coordinates (grid 43 P of UTM Zone 43 N) to decimal degrees using QGIS,716029,1144294,76.9729019184817,10.3456200810924,forest_tea,1,present,NA
2198,summer,Puthuthotam,p20,2012-05-10,10/05/2012,3.7,grasshopper,Grasshopper,Orthoptera,order,insecta,UTM,EPSG:32643,Converted from UTM coordinates (grid 43 P of UTM Zone 43 N) to decimal degrees using QGIS,716007,1144577,76.9727170666468,10.348179345119,forest_tea,1,present,NA
2199,summer,Puthuthotam,p20,2012-05-10,10/05/2012,3.7,millipede,Millipede,Diplopoda,class,diplopoda,UTM,EPSG:32643,Converted from UTM coordinates (grid 43 P of UTM Zone 43 N) to decimal degrees using QGIS,714944,1143390,76.9629463319785,10.3375093029025,forest,2,present,NA
2200,summer,Puthuthotam,p20,2012-05-10,10/05/2012,3.7,millipede,Millipede,Diplopoda,class,diplopoda,UTM,EPSG:32643,Converted from UTM coordinates (grid 43 P of UTM Zone 43 N) to decimal degrees using QGIS,715345,1143645,76.9666212618008,10.3397919414299,forest,3,present,NA
2201,summer,Puthuthotam,p20,2012-05-10,10/05/2012,3.7,snail,Snail,Gastropoda,class,mollusca,UTM,EPSG:32643,Converted from UTM coordinates (grid 43 P of UTM Zone 43 N) to decimal degrees using QGIS,716030,1144671,76.9729323416001,10.3490277235177,forest_tea,1,present,NA
2202,summer,Puthuthotam,p20,2012-05-10,10/05/2012,3.7,snake,Snake,Squamata,order,reptilia,UTM,EPSG:32643,Converted from UTM coordinates (grid 43 P of UTM Zone 43 N) to decimal degrees using QGIS,714998,1143304,76.9634344496879,10.3367289426529,forest_tea,1,present,NA
2203,summer,Puthuthotam,p20,2012-05-10,10/05/2012,3.7,snake,Snake,Squamata,order,reptilia,UTM,EPSG:32643,Converted from UTM coordinates (grid 43 P of UTM Zone 43 N) to decimal degrees using QGIS,715978,1145558,76.972507755251,10.3570482132139,tea,1,present,NA
2204,summer,Puthuthotam,p21,2012-05-20,20/05/2012,3.7,pill millipede,Pill millipede,Diplopoda,class,diplopoda,UTM,EPSG:32643,Converted from UTM coordinates (grid 43 P of UTM Zone 43 N) to decimal degrees using QGIS,714990,1143449,76.9633695631363,10.3380400490363,forest,3,present,NA
2205,summer,Nallamudi,s12,2012-03-18,18/03/2012,9.3,butterfly,Butterfly,Lepidoptera,order,insecta,UTM,EPSG:32643,Converted from UTM coordinates (grid 43 P of UTM Zone 43 N) to decimal degrees using QGIS,713154,1139311,76.9463792848473,10.3007377195257,tea,1,present,NA
2206,summer,Nallamudi,s12,2012-03-18,18/03/2012,9.3,frog,Frog,Anura,order,amphibia,UTM,EPSG:32643,Converted from UTM coordinates (grid 43 P of UTM Zone 43 N) to decimal degrees using QGIS,711822,1136461,76.934064277598,10.2750488499099,tea,1,present,NA
2207,summer,Nallamudi,s12,2012-03-18,18/03/2012,9.3,skink,Skink,Scincidae,family,reptilia,UTM,EPSG:32643,Converted from UTM coordinates (grid 43 P of UTM Zone 43 N) to decimal degrees using QGIS,713078,1140487,76.9457508230193,10.3113719437594,tea,1,present,NA
2208,summer,Nallamudi,s12,2012-03-18,18/03/2012,9.3,snake,Snake,Squamata,order,reptilia,UTM,EPSG:32643,Converted from UTM coordinates (grid 43 P of UTM Zone 43 N) to decimal degrees using QGIS,712690,1137850,76.9420632275093,10.2875569305736,tea,1,present,NA
2209,summer,Nallamudi,s13,2012-03-28,28/03/2012,9.3,rat,Rat,Muridae,family,mammalia,UTM,EPSG:32643,Converted from UTM coordinates (grid 43 P of UTM Zone 43 N) to decimal degrees using QGIS,713106,1138898,76.9459182574692,10.2970071822351,tea,1,present,NA
2210,summer,Nallamudi,s13,2012-03-28,28/03/2012,9.3,toad,Toad,Anura,order,amphibia,UTM,EPSG:32643,Converted from UTM coordinates (grid 43 P of UTM Zone 43 N) to decimal degrees using QGIS,713385,1141335,76.9486002710309,10.3190202454194,tea,3,present,NA
2211,summer,Nallamudi,s13,2012-03-28,28/03/2012,9.3,toad,Toad,Anura,order,amphibia,UTM,EPSG:32643,Converted from UTM coordinates (grid 43 P of UTM Zone 43 N) to decimal degrees using QGIS,713260,1140953,76.9474380110272,10.3155741769427,tea,1,present,NA
2212,summer,Nallamudi,s13,2012-03-28,28/03/2012,9.3,toad,Toad,Anura,order,amphibia,UTM,EPSG:32643,Converted from UTM coordinates (grid 43 P of UTM Zone 43 N) to decimal degrees using QGIS,713385,1141335,76.9486002710309,10.3190202454194,tea,1,present,NA
2213,summer,Nallamudi,s13,2012-03-28,28/03/2012,9.3,jungle palm squirrel,Jungle striped squirrel,Funambulus tristriatus,species,mammalia,UTM,EPSG:32643,Converted from UTM coordinates (grid 43 P of UTM Zone 43 N) to decimal degrees using QGIS,711873,1137355,76.9345789361175,10.2831271474881,tea,1,present,NA
2214,summer,Nallamudi,s14,2012-04-06,06/04/2012,9.3,millipede,Millipede,Diplopoda,class,diplopoda,UTM,EPSG:32643,Converted from UTM coordinates (grid 43 P of UTM Zone 43 N) to decimal degrees using QGIS,713065,1138278,76.9455096741819,10.2914051498302,tea,15,present,NA
2215,summer,Nallamudi,s14,2012-04-06,06/04/2012,9.3,pill millipede,Pill millipede,Diplopoda,class,diplopoda,UTM,EPSG:32643,Converted from UTM coordinates (grid 43 P of UTM Zone 43 N) to decimal degrees using QGIS,713086,1139201,76.9457525031817,10.2997471463842,tea,1,present,NA
2216,summer,Nallamudi,s14,2012-04-06,06/04/2012,9.3,rat,Rat,Muridae,family,mammalia,UTM,EPSG:32643,Converted from UTM coordinates (grid 43 P of UTM Zone 43 N) to decimal degrees using QGIS,713056,1138100,76.9454176689571,10.2897966715049,tea,1,present,NA
2217,summer,Nallamudi,s14,2012-04-06,06/04/2012,9.3,snake,Snake,Squamata,order,reptilia,UTM,EPSG:32643,Converted from UTM coordinates (grid 43 P of UTM Zone 43 N) to decimal degrees using QGIS,711854,1135898,76.9343253936435,10.2699580162926,tea,1,present,NA
2218,summer,Nallamudi,s14,2012-04-06,06/04/2012,9.3,toad,Toad,Anura,order,amphibia,UTM,EPSG:32643,Converted from UTM coordinates (grid 43 P of UTM Zone 43 N) to decimal degrees using QGIS,713123,1140539,76.9461644696803,10.3118395058941,tea,1,present,NA
2219,summer,Nallamudi,s14,2012-04-06,06/04/2012,9.3,toad,Toad,Anura,order,amphibia,UTM,EPSG:32643,Converted from UTM coordinates (grid 43 P of UTM Zone 43 N) to decimal degrees using QGIS,713298,1141133,76.9477948858176,10.3171991307916,tea,2,present,NA
2220,summer,Nallamudi,s14,2012-04-06,06/04/2012,9.3,toad,Toad,Anura,order,amphibia,UTM,EPSG:32643,Converted from UTM coordinates (grid 43 P of UTM Zone 43 N) to decimal degrees using QGIS,713062,1139063,76.9455257894417,10.2985010595339,tea,1,present,NA
2221,summer,Nallamudi,s14,2012-04-06,06/04/2012,9.3,toad,Toad,Anura,order,amphibia,UTM,EPSG:32643,Converted from UTM coordinates (grid 43 P of UTM Zone 43 N) to decimal degrees using QGIS,712044,1137470,76.9361460278549,10.2841573340509,tea,1,present,NA
2222,summer,Nallamudi,s15,2012-04-18,18/04/2012,9.3,beetle,Beetle,Coleoptera,order,insecta,UTM,EPSG:32643,Converted from UTM coordinates (grid 43 P of UTM Zone 43 N) to decimal degrees using QGIS,713051,1140376,76.9454982069226,10.3103700813817,tea,1,present,NA
2223,summer,Nallamudi,s15,2012-04-18,18/04/2012,9.3,frog,Frog,Anura,order,amphibia,UTM,EPSG:32643,Converted from UTM coordinates (grid 43 P of UTM Zone 43 N) to decimal degrees using QGIS,711881,1137131,76.934639626978,10.2811019236289,tea,1,present,NA
2224,summer,Nallamudi,s15,2012-04-18,18/04/2012,9.3,frog,Frog,Anura,order,amphibia,UTM,EPSG:32643,Converted from UTM coordinates (grid 43 P of UTM Zone 43 N) to decimal degrees using QGIS,711964,1135375,76.935300598421,10.2652245073005,tea,1,present,NA
2225,summer,Nallamudi,s15,2012-04-18,18/04/2012,9.3,pill millipede,Pill millipede,Diplopoda,class,diplopoda,UTM,EPSG:32643,Converted from UTM coordinates (grid 43 P of UTM Zone 43 N) to decimal degrees using QGIS,712189,1137616,76.9374775286413,10.2854691463589,tea,4,present,NA
2226,summer,Nallamudi,s15,2012-04-18,18/04/2012,9.3,rat,Rat,Muridae,family,mammalia,UTM,EPSG:32643,Converted from UTM coordinates (grid 43 P of UTM Zone 43 N) to decimal degrees using QGIS,713046,1138341,76.9453397426815,10.2919756596615,tea,1,present,NA
2227,summer,Nallamudi,s15,2012-04-18,18/04/2012,9.3,skink,Skink,Scincidae,family,reptilia,UTM,EPSG:32643,Converted from UTM coordinates (grid 43 P of UTM Zone 43 N) to decimal degrees using QGIS,711871,1136254,76.9345001194231,10.2731750597076,tea,1,present,NA
2228,summer,Nallamudi,s15,2012-04-18,18/04/2012,9.3,toad,Toad,Anura,order,amphibia,UTM,EPSG:32643,Converted from UTM coordinates (grid 43 P of UTM Zone 43 N) to decimal degrees using QGIS,713327,1141167,76.9480614927265,10.3175048647902,tea,1,present,NA
2229,summer,Nallamudi,s15,2012-04-18,18/04/2012,9.3,toad,Toad,Anura,order,amphibia,UTM,EPSG:32643,Converted from UTM coordinates (grid 43 P of UTM Zone 43 N) to decimal degrees using QGIS,713093,1140514,76.9458892417283,10.3116151763824,tea,1,present,NA
2230,summer,Nallamudi,s16,2012-04-25,25/04/2012,9.3,rat,Rat,Muridae,family,mammalia,UTM,EPSG:32643,Converted from UTM coordinates (grid 43 P of UTM Zone 43 N) to decimal degrees using QGIS,711936,1135726,76.935064340943,10.2683988036744,tea,1,present,NA
2231,summer,Nallamudi,s16,2012-04-25,25/04/2012,9.3,toad,Toad,Anura,order,amphibia,UTM,EPSG:32643,Converted from UTM coordinates (grid 43 P of UTM Zone 43 N) to decimal degrees using QGIS,712074,1134993,76.9362835365553,10.2617655314075,tea,1,present,NA
2232,summer,Nallamudi,s16,2012-04-25,25/04/2012,9.3,jungle palm squirrel,Jungle striped squirrel,Funambulus tristriatus,species,mammalia,UTM,EPSG:32643,Converted from UTM coordinates (grid 43 P of UTM Zone 43 N) to decimal degrees using QGIS,713054,1138061,76.9453972544498,10.2894442535907,tea,1,present,NA
2233,summer,Nallamudi,s17,2012-04-28,28/04/2012,9.3,crab,Crabs,Decapoda,order,crustacea,UTM,EPSG:32643,Converted from UTM coordinates (grid 43 P of UTM Zone 43 N) to decimal degrees using QGIS,711976,1134857,76.9353816562057,10.2605415288364,tea,1,present,NA
2234,summer,Nallamudi,s17,2012-04-28,28/04/2012,9.3,frog,Frog,Anura,order,amphibia,UTM,EPSG:32643,Converted from UTM coordinates (grid 43 P of UTM Zone 43 N) to decimal degrees using QGIS,712027,1134873,76.9358479912793,10.26068338145,tea,1,present,NA
2235,summer,Nallamudi,s17,2012-04-28,28/04/2012,9.3,frog,Frog,Anura,order,amphibia,UTM,EPSG:32643,Converted from UTM coordinates (grid 43 P of UTM Zone 43 N) to decimal degrees using QGIS,711870,1135968,76.9344752707801,10.2705898921243,tea,3,present,NA
2236,summer,Nallamudi,s17,2012-04-28,28/04/2012,9.3,frog,Frog,Anura,order,amphibia,UTM,EPSG:32643,Converted from UTM coordinates (grid 43 P of UTM Zone 43 N) to decimal degrees using QGIS,711852,1136218,76.934324728261,10.2728506816418,tea,1,present,NA
2237,summer,Nallamudi,s17,2012-04-28,28/04/2012,9.3,frog,Frog,Anura,order,amphibia,UTM,EPSG:32643,Converted from UTM coordinates (grid 43 P of UTM Zone 43 N) to decimal degrees using QGIS,711792,1136595,76.9337978335001,10.2762617413137,tea,1,present,NA
2238,summer,Nallamudi,s17,2012-04-28,28/04/2012,9.3,frog,Frog,Anura,order,amphibia,UTM,EPSG:32643,Converted from UTM coordinates (grid 43 P of UTM Zone 43 N) to decimal degrees using QGIS,711940,1136998,76.9351708105745,10.279896490436,tea,1,present,NA
2239,summer,Nallamudi,s17,2012-04-28,28/04/2012,9.3,frog,Frog,Anura,order,amphibia,UTM,EPSG:32643,Converted from UTM coordinates (grid 43 P of UTM Zone 43 N) to decimal degrees using QGIS,711849,1137190,76.9343508032704,10.2816369821215,tea,2,present,NA
2240,summer,Nallamudi,s17,2012-04-28,28/04/2012,9.3,millipede,Millipede,Diplopoda,class,diplopoda,UTM,EPSG:32643,Converted from UTM coordinates (grid 43 P of UTM Zone 43 N) to decimal degrees using QGIS,713194,1139730,76.9467676418573,10.3045229279746,tea,1,present,NA
2241,summer,Nallamudi,s17,2012-04-28,28/04/2012,9.3,snail,Snail,Gastropoda,class,mollusca,UTM,EPSG:32643,Converted from UTM coordinates (grid 43 P of UTM Zone 43 N) to decimal degrees using QGIS,711913,1134731,76.9347997618,10.2594060114847,tea,6,present,NA
2242,summer,Nallamudi,s17,2012-04-28,28/04/2012,9.3,snail,Snail,Gastropoda,class,mollusca,UTM,EPSG:32643,Converted from UTM coordinates (grid 43 P of UTM Zone 43 N) to decimal degrees using QGIS,712064,1134961,76.936190511548,10.2614768202978,tea,5,present,NA
2243,summer,Nallamudi,s17,2012-04-28,28/04/2012,9.3,snail,Snail,Gastropoda,class,mollusca,UTM,EPSG:32643,Converted from UTM coordinates (grid 43 P of UTM Zone 43 N) to decimal degrees using QGIS,711908,1134691,76.9347519326317,10.2590447136749,tea,3,present,NA
2244,summer,Nallamudi,s17,2012-04-28,28/04/2012,9.3,snail,Snail,Gastropoda,class,mollusca,UTM,EPSG:32643,Converted from UTM coordinates (grid 43 P of UTM Zone 43 N) to decimal degrees using QGIS,711855,1135877,76.9343333664379,10.2697681378283,tea,1,present,NA
2245,summer,Nallamudi,s17,2012-04-28,28/04/2012,9.3,snail,Snail,Gastropoda,class,mollusca,UTM,EPSG:32643,Converted from UTM coordinates (grid 43 P of UTM Zone 43 N) to decimal degrees using QGIS,711852,1135919,76.9343082939919,10.2701479491853,tea,2,present,NA
2246,summer,Nallamudi,s17,2012-04-28,28/04/2012,9.3,snail,Snail,Gastropoda,class,mollusca,UTM,EPSG:32643,Converted from UTM coordinates (grid 43 P of UTM Zone 43 N) to decimal degrees using QGIS,711870,1135973,76.934475545599,10.2706350883174,tea,3,present,NA
2247,summer,Nallamudi,s17,2012-04-28,28/04/2012,9.3,snail,Snail,Gastropoda,class,mollusca,UTM,EPSG:32643,Converted from UTM coordinates (grid 43 P of UTM Zone 43 N) to decimal degrees using QGIS,713105,1138900,76.9459092407596,10.2970253154568,tea,1,present,NA
2248,summer,Nallamudi,s17,2012-04-28,28/04/2012,9.3,snail,Snail,Gastropoda,class,mollusca,UTM,EPSG:32643,Converted from UTM coordinates (grid 43 P of UTM Zone 43 N) to decimal degrees using QGIS,713127,1139531,76.9461450399871,10.3027278174196,tea,1,present,NA
2249,summer,Nallamudi,s17,2012-04-28,28/04/2012,9.3,snail,Snail,Gastropoda,class,mollusca,UTM,EPSG:32643,Converted from UTM coordinates (grid 43 P of UTM Zone 43 N) to decimal degrees using QGIS,713230,1140661,76.9471479431854,10.3129363972958,tea,1,present,NA
2250,summer,Nallamudi,s17,2012-04-28,28/04/2012,9.3,snail,Snail,Gastropoda,class,mollusca,UTM,EPSG:32643,Converted from UTM coordinates (grid 43 P of UTM Zone 43 N) to decimal degrees using QGIS,711920,1134782,76.934866448363,10.259866632148,tea,2,present,NA
2251,summer,Nallamudi,s17,2012-04-28,28/04/2012,9.3,snail,Snail,Gastropoda,class,mollusca,UTM,EPSG:32643,Converted from UTM coordinates (grid 43 P of UTM Zone 43 N) to decimal degrees using QGIS,711931,1134826,76.9349692571265,10.2602637604763,tea,4,present,NA
2252,summer,Nallamudi,s17,2012-04-28,28/04/2012,9.3,snail,Snail,Gastropoda,class,mollusca,UTM,EPSG:32643,Converted from UTM coordinates (grid 43 P of UTM Zone 43 N) to decimal degrees using QGIS,711974,1134857,76.9353634030302,10.2605416376532,tea,3,present,NA
2253,summer,Nallamudi,s17,2012-04-28,28/04/2012,9.3,snail,Snail,Gastropoda,class,mollusca,UTM,EPSG:32643,Converted from UTM coordinates (grid 43 P of UTM Zone 43 N) to decimal degrees using QGIS,712089,1135426,76.9364442428716,10.265678702208,tea,2,present,NA
2254,summer,Nallamudi,s17,2012-04-28,28/04/2012,9.3,snail,Snail,Gastropoda,class,mollusca,UTM,EPSG:32643,Converted from UTM coordinates (grid 43 P of UTM Zone 43 N) to decimal degrees using QGIS,711963,1135709,76.9353098303439,10.2682436666735,tea,1,present,NA
2255,summer,Nallamudi,s17,2012-04-28,28/04/2012,9.3,snail,Snail,Gastropoda,class,mollusca,UTM,EPSG:32643,Converted from UTM coordinates (grid 43 P of UTM Zone 43 N) to decimal degrees using QGIS,711836,1135761,76.9341535822494,10.2687206199387,tea,3,present,NA
2256,summer,Nallamudi,s18,2012-05-08,08/05/2012,9.3,frog,Frog,Anura,order,amphibia,UTM,EPSG:32643,Converted from UTM coordinates (grid 43 P of UTM Zone 43 N) to decimal degrees using QGIS,711794,1136598,76.933816252522,10.2762887501372,tea,1,present,NA
2257,summer,Nallamudi,s18,2012-05-08,08/05/2012,9.3,frog,Frog,Anura,order,amphibia,UTM,EPSG:32643,Converted from UTM coordinates (grid 43 P of UTM Zone 43 N) to decimal degrees using QGIS,711983,1135681,76.9354908270982,10.2679894791138,tea,1,present,NA
2258,summer,Nallamudi,s18,2012-05-08,08/05/2012,9.3,millipede,Millipede,Diplopoda,class,diplopoda,UTM,EPSG:32643,Converted from UTM coordinates (grid 43 P of UTM Zone 43 N) to decimal degrees using QGIS,712086,1135410,76.9364159828198,10.2655342379074,tea,1,present,NA
2259,summer,Nallamudi,s18,2012-05-08,08/05/2012,9.3,spider,Spider,Araneae,order,arachnida,UTM,EPSG:32643,Converted from UTM coordinates (grid 43 P of UTM Zone 43 N) to decimal degrees using QGIS,713374,1141198,76.9484922402208,10.3177824896716,tea,1,present,NA
2260,summer,Nallamudi,s19,2012-05-22,22/05/2012,9.3,butterfly,Butterfly,Lepidoptera,order,insecta,UTM,EPSG:32643,Converted from UTM coordinates (grid 43 P of UTM Zone 43 N) to decimal degrees using QGIS,712978,1137943,76.9446970428874,10.2883817984035,tea,1,present,NA
2261,summer,Nallamudi,s19,2012-05-22,22/05/2012,9.3,frog,Frog,Anura,order,amphibia,UTM,EPSG:32643,Converted from UTM coordinates (grid 43 P of UTM Zone 43 N) to decimal degrees using QGIS,711815,1136122,76.9339817550833,10.2719849288099,tea,1,present,NA
2262,summer,Nallamudi,s19,2012-05-22,22/05/2012,9.3,frog,Frog,Anura,order,amphibia,UTM,EPSG:32643,Converted from UTM coordinates (grid 43 P of UTM Zone 43 N) to decimal degrees using QGIS,711780,1136558,76.9336862749928,10.2759279427806,tea,1,present,NA
2263,summer,Nallamudi,s19,2012-05-22,22/05/2012,9.3,frog,Frog,Anura,order,amphibia,UTM,EPSG:32643,Converted from UTM coordinates (grid 43 P of UTM Zone 43 N) to decimal degrees using QGIS,711809,1136623,76.9339545327458,10.276513914356,tea,1,present,NA
2264,summer,Nallamudi,s19,2012-05-22,22/05/2012,9.3,frog,Frog,Anura,order,amphibia,UTM,EPSG:32643,Converted from UTM coordinates (grid 43 P of UTM Zone 43 N) to decimal degrees using QGIS,711904,1137111,76.9348484515102,10.2809198855462,tea,1,present,NA
2265,summer,Nallamudi,s19,2012-05-22,22/05/2012,9.3,frog,Frog,Anura,order,amphibia,UTM,EPSG:32643,Converted from UTM coordinates (grid 43 P of UTM Zone 43 N) to decimal degrees using QGIS,712024,1137440,76.9359618302451,10.2838872483838,tea,1,present,NA
2266,summer,Nallamudi,s19,2012-05-22,22/05/2012,9.3,frog,Frog,Anura,order,amphibia,UTM,EPSG:32643,Converted from UTM coordinates (grid 43 P of UTM Zone 43 N) to decimal degrees using QGIS,712359,1137756,76.9390368923606,10.2867253496985,tea,1,present,NA
2267,summer,Nallamudi,s19,2012-05-22,22/05/2012,9.3,millipede,Millipede,Diplopoda,class,diplopoda,UTM,EPSG:32643,Converted from UTM coordinates (grid 43 P of UTM Zone 43 N) to decimal degrees using QGIS,713049,1138178,76.9453580970052,10.2905021106144,tea,1,present,NA
2268,summer,Nallamudi,s19,2012-05-22,22/05/2012,9.3,snail,Snail,Gastropoda,class,mollusca,UTM,EPSG:32643,Converted from UTM coordinates (grid 43 P of UTM Zone 43 N) to decimal degrees using QGIS,711865,1135748,76.9344175458922,10.2686015316173,tea,2,present,NA
2269,summer,Nallamudi,s19,2012-05-22,22/05/2012,9.3,snail,Snail,Gastropoda,class,mollusca,UTM,EPSG:32643,Converted from UTM coordinates (grid 43 P of UTM Zone 43 N) to decimal degrees using QGIS,712096,1135486,76.9365114297365,10.2662206747615,tea,1,present,NA
2270,summer,Nallamudi,s19,2012-05-22,22/05/2012,9.3,snail,Snail,Gastropoda,class,mollusca,UTM,EPSG:32643,Converted from UTM coordinates (grid 43 P of UTM Zone 43 N) to decimal degrees using QGIS,711837,1135788,76.9341641925996,10.2689646250362,tea,1,present,NA
2271,summer,Nallamudi,s19,2012-05-22,22/05/2012,9.3,snail,Snail,Gastropoda,class,mollusca,UTM,EPSG:32643,Converted from UTM coordinates (grid 43 P of UTM Zone 43 N) to decimal degrees using QGIS,711867,1135994,76.93444931919,10.2708250756373,tea,1,present,NA
2272,summer,Nallamudi,s19,2012-05-22,22/05/2012,9.3,snail,Snail,Gastropoda,class,mollusca,UTM,EPSG:32643,Converted from UTM coordinates (grid 43 P of UTM Zone 43 N) to decimal degrees using QGIS,711824,1136460,76.9340824766425,10.2750397017758,tea,1,present,NA
2273,summer,Nallamudi,s19,2012-05-22,22/05/2012,9.3,snail,Snail,Gastropoda,class,mollusca,UTM,EPSG:32643,Converted from UTM coordinates (grid 43 P of UTM Zone 43 N) to decimal degrees using QGIS,711944,1137010,76.9352079795772,10.2800047431713,tea,1,present,NA
2274,summer,Sholayar,sh11,2012-03-09,09/03/2012,12.9,frog,Frog,Anura,order,amphibia,UTM,EPSG:32643,Converted from UTM coordinates (grid 43 P of UTM Zone 43 N) to decimal degrees using QGIS,706721,1140593,76.887728864776,10.3126743552377,tea,1,present,NA
2275,summer,Sholayar,sh11,2012-03-09,09/03/2012,12.9,frog,Frog,Anura,order,amphibia,UTM,EPSG:32643,Converted from UTM coordinates (grid 43 P of UTM Zone 43 N) to decimal degrees using QGIS,707611,1143423,76.8960063481453,10.3382083221708,tea,1,present,NA
2276,summer,Sholayar,sh11,2012-03-09,09/03/2012,12.9,grasshopper,Grasshopper,Orthoptera,order,insecta,UTM,EPSG:32643,Converted from UTM coordinates (grid 43 P of UTM Zone 43 N) to decimal degrees using QGIS,707710,1141991,76.8968324742023,10.325258577613,tea,1,present,NA
2277,summer,Sholayar,sh11,2012-03-09,09/03/2012,12.9,grasshopper,Grasshopper,Orthoptera,order,insecta,UTM,EPSG:32643,Converted from UTM coordinates (grid 43 P of UTM Zone 43 N) to decimal degrees using QGIS,710173,1144395,76.9194481532693,10.3468560721045,tea,1,present,NA
2278,summer,Sholayar,sh11,2012-03-09,09/03/2012,12.9,rat,Rat,Muridae,family,mammalia,UTM,EPSG:32643,Converted from UTM coordinates (grid 43 P of UTM Zone 43 N) to decimal degrees using QGIS,707561,1141024,76.8954199655851,10.3165254527561,tea,1,present,NA
2279,summer,Sholayar,sh12,2012-03-23,23/03/2012,12.9,butterfly,Butterfly,Lepidoptera,order,insecta,UTM,EPSG:32643,Converted from UTM coordinates (grid 43 P of UTM Zone 43 N) to decimal degrees using QGIS,707606,1143416,76.8959603233575,10.3381453148343,tea,1,present,NA
2280,summer,Sholayar,sh12,2012-03-23,23/03/2012,12.9,butterfly,Butterfly,Lepidoptera,order,insecta,UTM,EPSG:32643,Converted from UTM coordinates (grid 43 P of UTM Zone 43 N) to decimal degrees using QGIS,706323,1139666,76.8840459700908,10.3043159606479,tea,1,present,NA
2281,summer,Sholayar,sh12,2012-03-23,23/03/2012,12.9,caterpillar,Caterpillar,Lepidoptera,order,insecta,UTM,EPSG:32643,Converted from UTM coordinates (grid 43 P of UTM Zone 43 N) to decimal degrees using QGIS,707626,1142181,76.8960759594289,10.3269805721653,tea,1,present,NA
2282,summer,Sholayar,sh12,2012-03-23,23/03/2012,12.9,frog,Frog,Anura,order,amphibia,UTM,EPSG:32643,Converted from UTM coordinates (grid 43 P of UTM Zone 43 N) to decimal degrees using QGIS,708953,1143623,76.9082683825922,10.339943890993,tea,1,present,NA
2283,summer,Sholayar,sh12,2012-03-23,23/03/2012,12.9,rat,Rat,Muridae,family,mammalia,UTM,EPSG:32643,Converted from UTM coordinates (grid 43 P of UTM Zone 43 N) to decimal degrees using QGIS,711289,1145356,76.9296893722257,10.3554818799855,tea,1,present,NA
2284,summer,Sholayar,sh12,2012-03-23,23/03/2012,12.9,skink,Skink,Scincidae,family,reptilia,UTM,EPSG:32643,Converted from UTM coordinates (grid 43 P of UTM Zone 43 N) to decimal degrees using QGIS,707217,1140733,76.8922640743806,10.3139133902965,tea,1,present,NA
2285,summer,Sholayar,sh13,2012-04-02,02/04/2012,12.9,pill millipede,Pill millipede,Diplopoda,class,diplopoda,UTM,EPSG:32643,Converted from UTM coordinates (grid 43 P of UTM Zone 43 N) to decimal degrees using QGIS,706929,1140637,76.8896299307407,10.3130609916878,tea,1,present,NA
2286,summer,Sholayar,sh13,2012-04-02,02/04/2012,12.9,rat,Rat,Muridae,family,mammalia,UTM,EPSG:32643,Converted from UTM coordinates (grid 43 P of UTM Zone 43 N) to decimal degrees using QGIS,707699,1142034,76.8967343889885,10.3256478623987,tea,1,present,NA
2287,summer,Sholayar,sh13,2012-04-02,02/04/2012,12.9,toad,Toad,Anura,order,amphibia,UTM,EPSG:32643,Converted from UTM coordinates (grid 43 P of UTM Zone 43 N) to decimal degrees using QGIS,710099,1143952,76.9187482658745,10.3428556961553,tea,1,present,NA
2288,summer,Sholayar,sh13,2012-04-02,02/04/2012,12.9,toad,Toad,Anura,order,amphibia,UTM,EPSG:32643,Converted from UTM coordinates (grid 43 P of UTM Zone 43 N) to decimal degrees using QGIS,707547,1142891,76.8953932537196,10.3334027925583,tea,2,present,NA
2289,summer,Sholayar,sh13,2012-04-02,02/04/2012,12.9,toad,Toad,Anura,order,amphibia,UTM,EPSG:32643,Converted from UTM coordinates (grid 43 P of UTM Zone 43 N) to decimal degrees using QGIS,706148,1139432,76.8824359921572,10.3022100228528,tea,1,present,NA
2290,summer,Sholayar,sh13,2012-04-02,02/04/2012,12.9,toad,Toad,Anura,order,amphibia,UTM,EPSG:32643,Converted from UTM coordinates (grid 43 P of UTM Zone 43 N) to decimal degrees using QGIS,707709,1141238,76.8967825566591,10.3184519554409,tea,1,present,NA
2291,summer,Sholayar,sh13,2012-04-02,02/04/2012,12.9,toad,Toad,Anura,order,amphibia,UTM,EPSG:32643,Converted from UTM coordinates (grid 43 P of UTM Zone 43 N) to decimal degrees using QGIS,710603,1144858,76.9233991857839,10.3510178267949,tea,1,present,NA
2292,summer,Sholayar,sh14,2012-04-12,12/04/2012,12.9,skink,Skink,Scincidae,family,reptilia,UTM,EPSG:32643,Converted from UTM coordinates (grid 43 P of UTM Zone 43 N) to decimal degrees using QGIS,710107,1144126,76.9188308535163,10.3444280961745,tea,1,present,NA
2293,summer,Sholayar,sh14,2012-04-12,12/04/2012,12.9,toad,Toad,Anura,order,amphibia,UTM,EPSG:32643,Converted from UTM coordinates (grid 43 P of UTM Zone 43 N) to decimal degrees using QGIS,707288,1140727,76.8929118631477,10.313855356631,tea,1,present,NA
2294,summer,Sholayar,sh14,2012-04-12,12/04/2012,12.9,toad,Toad,Anura,order,amphibia,UTM,EPSG:32643,Converted from UTM coordinates (grid 43 P of UTM Zone 43 N) to decimal degrees using QGIS,707896,1141604,76.8985094174985,10.3217503449241,tea,1,present,NA
2295,summer,Sholayar,sh14,2012-04-12,12/04/2012,12.9,toad,Toad,Anura,order,amphibia,UTM,EPSG:32643,Converted from UTM coordinates (grid 43 P of UTM Zone 43 N) to decimal degrees using QGIS,706710,1140592,76.8876283991737,10.3126659024554,tea,2,present,NA
2296,summer,Sholayar,sh14,2012-04-12,12/04/2012,12.9,toad,Toad,Anura,order,amphibia,UTM,EPSG:32643,Converted from UTM coordinates (grid 43 P of UTM Zone 43 N) to decimal degrees using QGIS,710294,1144520,76.9205596541106,10.3479793954201,tea,1,present,NA
2297,summer,Sholayar,sh14,2012-04-12,12/04/2012,12.9,toad,Toad,Anura,order,amphibia,UTM,EPSG:32643,Converted from UTM coordinates (grid 43 P of UTM Zone 43 N) to decimal degrees using QGIS,710962,1145143,76.9266923139451,10.3535744110169,tea,1,present,NA
2298,summer,Sholayar,sh14,2012-04-12,12/04/2012,12.9,jungle palm squirrel,Jungle striped squirrel,Funambulus tristriatus,species,mammalia,UTM,EPSG:32643,Converted from UTM coordinates (grid 43 P of UTM Zone 43 N) to decimal degrees using QGIS,706405,1139737,76.8847982907918,10.3049534015218,tea,1,present,NA
2299,summer,Sholayar,sh15,2012-04-21,21/04/2012,12.9,insect,Insects,Insecta,class,insecta,UTM,EPSG:32643,Converted from UTM coordinates (grid 43 P of UTM Zone 43 N) to decimal degrees using QGIS,706697,1140054,76.8874807643953,10.307803363361,tea,1,present,NA
2300,summer,Sholayar,sh15,2012-04-21,21/04/2012,12.9,insect,Insects,Insecta,class,insecta,UTM,EPSG:32643,Converted from UTM coordinates (grid 43 P of UTM Zone 43 N) to decimal degrees using QGIS,710622,1144892,76.9235745147801,10.3513241249942,tea,1,present,NA
2301,summer,Sholayar,sh15,2012-04-21,21/04/2012,12.9,skink,Skink,Scincidae,family,reptilia,UTM,EPSG:32643,Converted from UTM coordinates (grid 43 P of UTM Zone 43 N) to decimal degrees using QGIS,706810,1140613,76.8885423645351,10.3128503964787,tea,1,present,NA
2302,summer,Sholayar,sh15,2012-04-21,21/04/2012,12.9,snake,Snake,Squamata,order,reptilia,UTM,EPSG:32643,Converted from UTM coordinates (grid 43 P of UTM Zone 43 N) to decimal degrees using QGIS,707389,1140971,76.8938470133787,10.3160555737878,tea,1,present,NA
2303,summer,Sholayar,sh15,2012-04-21,21/04/2012,12.9,toad,Toad,Anura,order,amphibia,UTM,EPSG:32643,Converted from UTM coordinates (grid 43 P of UTM Zone 43 N) to decimal degrees using QGIS,706417,1139755,76.884908795696,10.3051154736101,tea,1,present,NA
2304,summer,Sholayar,sh15,2012-04-21,21/04/2012,12.9,toad,Toad,Anura,order,amphibia,UTM,EPSG:32643,Converted from UTM coordinates (grid 43 P of UTM Zone 43 N) to decimal degrees using QGIS,707746,1141899,76.897156119826,10.324425020357,tea,1,present,NA
2305,summer,Sholayar,sh15,2012-04-21,21/04/2012,12.9,toad,Toad,Anura,order,amphibia,UTM,EPSG:32643,Converted from UTM coordinates (grid 43 P of UTM Zone 43 N) to decimal degrees using QGIS,710097,1143980,76.9187315452381,10.3431089047991,tea,1,present,NA
2306,summer,Sholayar,sh15,2012-04-21,21/04/2012,12.9,ui bird,Birds,Aves,class,aves,UTM,EPSG:32643,Converted from UTM coordinates (grid 43 P of UTM Zone 43 N) to decimal degrees using QGIS,707660,1142176,76.8963860645624,10.3269335510292,tea,1,present,NA
2307,summer,Sholayar,sh16,2012-05-06,06/05/2012,12.9,frog,Frog,Anura,order,amphibia,UTM,EPSG:32643,Converted from UTM coordinates (grid 43 P of UTM Zone 43 N) to decimal degrees using QGIS,710205,1144504,76.9197462771093,10.3478396117889,tea,1,present,NA
2308,summer,Sholayar,sh16,2012-05-06,06/05/2012,12.9,frog,Frog,Anura,order,amphibia,UTM,EPSG:32643,Converted from UTM coordinates (grid 43 P of UTM Zone 43 N) to decimal degrees using QGIS,707603,1143409,76.8959325566482,10.3380822000918,tea,1,present,NA
2309,summer,Sholayar,sh16,2012-05-06,06/05/2012,12.9,frog,Frog,Anura,order,amphibia,UTM,EPSG:32643,Converted from UTM coordinates (grid 43 P of UTM Zone 43 N) to decimal degrees using QGIS,707882,1141522,76.8983771725706,10.3210098655473,tea,1,present,NA
2310,summer,Sholayar,sh16,2012-05-06,06/05/2012,12.9,grasshopper,Grasshopper,Orthoptera,order,insecta,UTM,EPSG:32643,Converted from UTM coordinates (grid 43 P of UTM Zone 43 N) to decimal degrees using QGIS,707456,1141024,76.8944614822204,10.3165310765075,tea,1,present,NA
2311,summer,Sholayar,sh16,2012-05-06,06/05/2012,12.9,millipede,Millipede,Diplopoda,class,diplopoda,UTM,EPSG:32643,Converted from UTM coordinates (grid 43 P of UTM Zone 43 N) to decimal degrees using QGIS,710670,1144934,76.9240150338872,10.3517011547821,tea,1,present,NA
2312,summer,Sholayar,sh16,2012-05-06,06/05/2012,12.9,skink,Skink,Scincidae,family,reptilia,UTM,EPSG:32643,Converted from UTM coordinates (grid 43 P of UTM Zone 43 N) to decimal degrees using QGIS,707326,1140831,76.8932643591066,10.3147934249073,tea,1,present,NA
2313,summer,Sholayar,sh16,2012-05-06,06/05/2012,12.9,snail,Snail,Gastropoda,class,mollusca,UTM,EPSG:32643,Converted from UTM coordinates (grid 43 P of UTM Zone 43 N) to decimal degrees using QGIS,707515,1142547,76.8950824933997,10.3302949512533,tea,1,present,NA
2314,summer,Sholayar,sh17,2012-05-11,11/05/2012,12.9,snake,Snake,Squamata,order,reptilia,UTM,EPSG:32643,Converted from UTM coordinates (grid 43 P of UTM Zone 43 N) to decimal degrees using QGIS,710147,1144437,76.9192131028477,10.3472371363238,tea,1,present,coral
2315,summer,Sholayar,sh17,2012-05-11,11/05/2012,12.9,frog,Frog,Anura,order,amphibia,UTM,EPSG:32643,Converted from UTM coordinates (grid 43 P of UTM Zone 43 N) to decimal degrees using QGIS,706670,1140156,76.8872397928834,10.3087268282036,tea,1,present,NA
2316,summer,Sholayar,sh17,2012-05-11,11/05/2012,12.9,frog,Frog,Anura,order,amphibia,UTM,EPSG:32643,Converted from UTM coordinates (grid 43 P of UTM Zone 43 N) to decimal degrees using QGIS,707876,1143747,76.8984431367023,10.3411228452282,tea,1,present,NA
2317,summer,Sholayar,sh17,2012-05-11,11/05/2012,12.9,insect,Insects,Insecta,class,insecta,UTM,EPSG:32643,Converted from UTM coordinates (grid 43 P of UTM Zone 43 N) to decimal degrees using QGIS,707890,1141591,76.8984539414382,10.3216331548228,tea,1,present,NA
2318,summer,Sholayar,sh17,2012-05-11,11/05/2012,12.9,millipede,Millipede,Diplopoda,class,diplopoda,UTM,EPSG:32643,Converted from UTM coordinates (grid 43 P of UTM Zone 43 N) to decimal degrees using QGIS,707573,1142151,76.8955905129985,10.3267122325919,tea,1,present,NA
2319,summer,Sholayar,sh17,2012-05-11,11/05/2012,12.9,millipede,Millipede,Diplopoda,class,diplopoda,UTM,EPSG:32643,Converted from UTM coordinates (grid 43 P of UTM Zone 43 N) to decimal degrees using QGIS,710563,1144771,76.9230292240759,10.3502335931169,tea,1,present,NA
2320,summer,Sholayar,sh17,2012-05-11,11/05/2012,12.9,skink,Skink,Scincidae,family,reptilia,UTM,EPSG:32643,Converted from UTM coordinates (grid 43 P of UTM Zone 43 N) to decimal degrees using QGIS,707802,1141781,76.8976609268914,10.3233553651139,tea,2,present,NA
2321,summer,Sholayar,sh18,2012-05-23,23/05/2012,12.9,frog,Frog,Anura,order,amphibia,UTM,EPSG:32643,Converted from UTM coordinates (grid 43 P of UTM Zone 43 N) to decimal degrees using QGIS,706347,1139619,76.8842625202801,10.3038898281981,tea,1,present,NA
2322,summer,Sholayar,sh18,2012-05-23,23/05/2012,12.9,frog,Frog,Anura,order,amphibia,UTM,EPSG:32643,Converted from UTM coordinates (grid 43 P of UTM Zone 43 N) to decimal degrees using QGIS,706816,1140344,76.8885826409997,10.3104184618633,tea,1,present,NA
2323,summer,Sholayar,sh18,2012-05-23,23/05/2012,12.9,frog,Frog,Anura,order,amphibia,UTM,EPSG:32643,Converted from UTM coordinates (grid 43 P of UTM Zone 43 N) to decimal degrees using QGIS,706696,1140588,76.8875003869873,10.3126304912386,tea,1,present,NA
2324,summer,Sholayar,sh18,2012-05-23,23/05/2012,12.9,frog,Frog,Anura,order,amphibia,UTM,EPSG:32643,Converted from UTM coordinates (grid 43 P of UTM Zone 43 N) to decimal degrees using QGIS,706910,1140635,76.8894563844245,10.3130439271771,tea,1,present,NA
2325,summer,Sholayar,sh18,2012-05-23,23/05/2012,12.9,frog,Frog,Anura,order,amphibia,UTM,EPSG:32643,Converted from UTM coordinates (grid 43 P of UTM Zone 43 N) to decimal degrees using QGIS,707330,1140841,76.8933014129037,10.3148836052166,tea,2,present,NA
2326,summer,Sholayar,sh18,2012-05-23,23/05/2012,12.9,frog,Frog,Anura,order,amphibia,UTM,EPSG:32643,Converted from UTM coordinates (grid 43 P of UTM Zone 43 N) to decimal degrees using QGIS,707453,1141026,76.8944342051182,10.3165493159955,tea,1,present,NA
2327,summer,Sholayar,sh18,2012-05-23,23/05/2012,12.9,frog,Frog,Anura,order,amphibia,UTM,EPSG:32643,Converted from UTM coordinates (grid 43 P of UTM Zone 43 N) to decimal degrees using QGIS,707483,1141024,76.894707949424,10.3165296306713,tea,3,present,NA
2328,summer,Sholayar,sh18,2012-05-23,23/05/2012,12.9,frog,Frog,Anura,order,amphibia,UTM,EPSG:32643,Converted from UTM coordinates (grid 43 P of UTM Zone 43 N) to decimal degrees using QGIS,707839,1141404,76.8979782510135,10.31994552378,tea,2,present,NA
2329,summer,Sholayar,sh18,2012-05-23,23/05/2012,12.9,frog,Frog,Anura,order,amphibia,UTM,EPSG:32643,Converted from UTM coordinates (grid 43 P of UTM Zone 43 N) to decimal degrees using QGIS,707867,1141472,76.8982375345184,10.3205587005545,tea,1,present,NA
2330,summer,Sholayar,sh18,2012-05-23,23/05/2012,12.9,frog,Frog,Anura,order,amphibia,UTM,EPSG:32643,Converted from UTM coordinates (grid 43 P of UTM Zone 43 N) to decimal degrees using QGIS,707772,1141869,76.8973918382077,10.3241524428693,tea,1,present,NA
2331,summer,Sholayar,sh18,2012-05-23,23/05/2012,12.9,frog,Frog,Anura,order,amphibia,UTM,EPSG:32643,Converted from UTM coordinates (grid 43 P of UTM Zone 43 N) to decimal degrees using QGIS,707732,1141935,76.8970302698437,10.3247511902766,tea,1,present,NA
2332,summer,Sholayar,sh18,2012-05-23,23/05/2012,12.9,frog,Frog,Anura,order,amphibia,UTM,EPSG:32643,Converted from UTM coordinates (grid 43 P of UTM Zone 43 N) to decimal degrees using QGIS,706539,1139897,76.8860300641414,10.3063925846577,tea,1,present,NA
2333,summer,Sholayar,sh18,2012-05-23,23/05/2012,12.9,frog,Frog,Anura,order,amphibia,UTM,EPSG:32643,Converted from UTM coordinates (grid 43 P of UTM Zone 43 N) to decimal degrees using QGIS,707720,1141962,76.896922189251,10.3249958981992,tea,4,present,NA
2334,summer,Sholayar,sh18,2012-05-23,23/05/2012,12.9,frog,Frog,Anura,order,amphibia,UTM,EPSG:32643,Converted from UTM coordinates (grid 43 P of UTM Zone 43 N) to decimal degrees using QGIS,707698,1142042,76.8967256938167,10.3257202313228,tea,2,present,NA
2335,summer,Sholayar,sh18,2012-05-23,23/05/2012,12.9,frog,Frog,Anura,order,amphibia,UTM,EPSG:32643,Converted from UTM coordinates (grid 43 P of UTM Zone 43 N) to decimal degrees using QGIS,707604,1143357,76.8959388657385,10.3376120972953,tea,1,present,NA
2336,summer,Sholayar,sh18,2012-05-23,23/05/2012,12.9,frog,Frog,Anura,order,amphibia,UTM,EPSG:32643,Converted from UTM coordinates (grid 43 P of UTM Zone 43 N) to decimal degrees using QGIS,707600,1143390,76.8959041392013,10.3379106124745,tea,1,present,NA
2337,summer,Sholayar,sh18,2012-05-23,23/05/2012,12.9,frog,Frog,Anura,order,amphibia,UTM,EPSG:32643,Converted from UTM coordinates (grid 43 P of UTM Zone 43 N) to decimal degrees using QGIS,707619,1143435,76.8960800312351,10.338316365412,tea,3,present,NA
2338,summer,Sholayar,sh18,2012-05-23,23/05/2012,12.9,frog,Frog,Anura,order,amphibia,UTM,EPSG:32643,Converted from UTM coordinates (grid 43 P of UTM Zone 43 N) to decimal degrees using QGIS,707665,1143498,76.8965033845423,10.3388833771217,tea,2,present,NA
2339,summer,Sholayar,sh18,2012-05-23,23/05/2012,12.9,frog,Frog,Anura,order,amphibia,UTM,EPSG:32643,Converted from UTM coordinates (grid 43 P of UTM Zone 43 N) to decimal degrees using QGIS,707696,1143549,76.8967891523462,10.339342721153,tea,1,present,NA
2340,summer,Sholayar,sh18,2012-05-23,23/05/2012,12.9,frog,Frog,Anura,order,amphibia,UTM,EPSG:32643,Converted from UTM coordinates (grid 43 P of UTM Zone 43 N) to decimal degrees using QGIS,707747,1143625,76.8972588594672,10.3400269748719,tea,1,present,NA
2341,summer,Sholayar,sh18,2012-05-23,23/05/2012,12.9,frog,Frog,Anura,order,amphibia,UTM,EPSG:32643,Converted from UTM coordinates (grid 43 P of UTM Zone 43 N) to decimal degrees using QGIS,708128,1143764,76.9007445938492,10.3412629526575,tea,1,present,NA
2342,summer,Sholayar,sh18,2012-05-23,23/05/2012,12.9,frog,Frog,Anura,order,amphibia,UTM,EPSG:32643,Converted from UTM coordinates (grid 43 P of UTM Zone 43 N) to decimal degrees using QGIS,708166,1143770,76.9010918258239,10.3413151423991,tea,3,present,NA
2343,summer,Sholayar,sh18,2012-05-23,23/05/2012,12.9,frog,Frog,Anura,order,amphibia,UTM,EPSG:32643,Converted from UTM coordinates (grid 43 P of UTM Zone 43 N) to decimal degrees using QGIS,706550,1139931,76.8861323025853,10.3066993409634,tea,3,present,NA
2344,summer,Sholayar,sh18,2012-05-23,23/05/2012,12.9,frog,Frog,Anura,order,amphibia,UTM,EPSG:32643,Converted from UTM coordinates (grid 43 P of UTM Zone 43 N) to decimal degrees using QGIS,708186,1143779,76.9012748973309,10.3413954195098,tea,2,present,NA
2345,summer,Sholayar,sh18,2012-05-23,23/05/2012,12.9,frog,Frog,Anura,order,amphibia,UTM,EPSG:32643,Converted from UTM coordinates (grid 43 P of UTM Zone 43 N) to decimal degrees using QGIS,708927,1143578,76.908028571772,10.3395385260486,tea,7,present,NA
2346,summer,Sholayar,sh18,2012-05-23,23/05/2012,12.9,frog,Frog,Anura,order,amphibia,UTM,EPSG:32643,Converted from UTM coordinates (grid 43 P of UTM Zone 43 N) to decimal degrees using QGIS,708998,1143664,76.9086814271835,10.34031207099,tea,1,present,NA
2347,summer,Sholayar,sh18,2012-05-23,23/05/2012,12.9,frog,Frog,Anura,order,amphibia,UTM,EPSG:32643,Converted from UTM coordinates (grid 43 P of UTM Zone 43 N) to decimal degrees using QGIS,709193,1143759,76.9104667790325,10.3411602584038,tea,2,present,NA
2348,summer,Sholayar,sh18,2012-05-23,23/05/2012,12.9,frog,Frog,Anura,order,amphibia,UTM,EPSG:32643,Converted from UTM coordinates (grid 43 P of UTM Zone 43 N) to decimal degrees using QGIS,709207,1143792,76.9105963896223,10.3414577983932,tea,2,present,NA
2349,summer,Sholayar,sh18,2012-05-23,23/05/2012,12.9,frog,Frog,Anura,order,amphibia,UTM,EPSG:32643,Converted from UTM coordinates (grid 43 P of UTM Zone 43 N) to decimal degrees using QGIS,709212,1143802,76.910642581563,10.3415479209968,tea,2,present,NA
2350,summer,Sholayar,sh18,2012-05-23,23/05/2012,12.9,frog,Frog,Anura,order,amphibia,UTM,EPSG:32643,Converted from UTM coordinates (grid 43 P of UTM Zone 43 N) to decimal degrees using QGIS,709223,1143820,76.9107439852421,10.3417100333814,tea,3,present,NA
2351,summer,Sholayar,sh18,2012-05-23,23/05/2012,12.9,frog,Frog,Anura,order,amphibia,UTM,EPSG:32643,Converted from UTM coordinates (grid 43 P of UTM Zone 43 N) to decimal degrees using QGIS,709251,1143823,76.9109997628147,10.3417356354346,tea,2,present,NA
2352,summer,Sholayar,sh18,2012-05-23,23/05/2012,12.9,frog,Frog,Anura,order,amphibia,UTM,EPSG:32643,Converted from UTM coordinates (grid 43 P of UTM Zone 43 N) to decimal degrees using QGIS,709282,1143812,76.9112821619068,10.3416345243059,tea,3,present,NA
2353,summer,Sholayar,sh18,2012-05-23,23/05/2012,12.9,frog,Frog,Anura,order,amphibia,UTM,EPSG:32643,Converted from UTM coordinates (grid 43 P of UTM Zone 43 N) to decimal degrees using QGIS,709280,1143779,76.9112620991228,10.3413363349539,tea,1,present,NA
2354,summer,Sholayar,sh18,2012-05-23,23/05/2012,12.9,frog,Frog,Anura,order,amphibia,UTM,EPSG:32643,Converted from UTM coordinates (grid 43 P of UTM Zone 43 N) to decimal degrees using QGIS,706619,1139991,76.8867653747991,10.3072380336446,tea,1,present,NA
2355,summer,Sholayar,sh18,2012-05-23,23/05/2012,12.9,frog,Frog,Anura,order,amphibia,UTM,EPSG:32643,Converted from UTM coordinates (grid 43 P of UTM Zone 43 N) to decimal degrees using QGIS,709254,1143747,76.9110229942936,10.3410484843663,tea,1,present,NA
2356,summer,Sholayar,sh18,2012-05-23,23/05/2012,12.9,frog,Frog,Anura,order,amphibia,UTM,EPSG:32643,Converted from UTM coordinates (grid 43 P of UTM Zone 43 N) to decimal degrees using QGIS,709222,1143638,76.9107249064475,10.340064930185,tea,2,present,NA
2357,summer,Sholayar,sh18,2012-05-23,23/05/2012,12.9,frog,Frog,Anura,order,amphibia,UTM,EPSG:32643,Converted from UTM coordinates (grid 43 P of UTM Zone 43 N) to decimal degrees using QGIS,709415,1143777,76.9124944098567,10.3413109438401,tea,3,present,NA
2358,summer,Sholayar,sh18,2012-05-23,23/05/2012,12.9,frog,Frog,Anura,order,amphibia,UTM,EPSG:32643,Converted from UTM coordinates (grid 43 P of UTM Zone 43 N) to decimal degrees using QGIS,709741,1143909,76.9154777073193,10.3424864538148,tea,14,present,NA
2359,summer,Sholayar,sh18,2012-05-23,23/05/2012,12.9,frog,Frog,Anura,order,amphibia,UTM,EPSG:32643,Converted from UTM coordinates (grid 43 P of UTM Zone 43 N) to decimal degrees using QGIS,709753,1143932,76.9155885167368,10.3426937063864,tea,6,present,NA
2360,summer,Sholayar,sh18,2012-05-23,23/05/2012,12.9,frog,Frog,Anura,order,amphibia,UTM,EPSG:32643,Converted from UTM coordinates (grid 43 P of UTM Zone 43 N) to decimal degrees using QGIS,709798,1143913,76.9159982825371,10.3425195169401,tea,3,present,NA
2361,summer,Sholayar,sh18,2012-05-23,23/05/2012,12.9,frog,Frog,Anura,order,amphibia,UTM,EPSG:32643,Converted from UTM coordinates (grid 43 P of UTM Zone 43 N) to decimal degrees using QGIS,709844,1143860,76.9164153123383,10.3420379367177,tea,6,present,NA
2362,summer,Sholayar,sh18,2012-05-23,23/05/2012,12.9,frog,Frog,Anura,order,amphibia,UTM,EPSG:32643,Converted from UTM coordinates (grid 43 P of UTM Zone 43 N) to decimal degrees using QGIS,709891,1143875,76.9168451996554,10.3421709737877,tea,3,present,NA
2363,summer,Sholayar,sh18,2012-05-23,23/05/2012,12.9,frog,Frog,Anura,order,amphibia,UTM,EPSG:32643,Converted from UTM coordinates (grid 43 P of UTM Zone 43 N) to decimal degrees using QGIS,710123,1144248,76.9189836200596,10.3455300182198,tea,1,present,NA
2364,summer,Sholayar,sh18,2012-05-23,23/05/2012,12.9,frog,Frog,Anura,order,amphibia,UTM,EPSG:32643,Converted from UTM coordinates (grid 43 P of UTM Zone 43 N) to decimal degrees using QGIS,710302,1144527,76.9206330725154,10.3480422347222,tea,2,present,NA
2365,summer,Sholayar,sh18,2012-05-23,23/05/2012,12.9,frog,Frog,Anura,order,amphibia,UTM,EPSG:32643,Converted from UTM coordinates (grid 43 P of UTM Zone 43 N) to decimal degrees using QGIS,706675,1140087,76.8872817200996,10.3081028384285,tea,2,present,NA
2366,summer,Sholayar,sh18,2012-05-23,23/05/2012,12.9,frog,Frog,Anura,order,amphibia,UTM,EPSG:32643,Converted from UTM coordinates (grid 43 P of UTM Zone 43 N) to decimal degrees using QGIS,710415,1144583,76.9216677513533,10.3485422790648,tea,1,present,NA
2367,summer,Sholayar,sh18,2012-05-23,23/05/2012,12.9,frog,Frog,Anura,order,amphibia,UTM,EPSG:32643,Converted from UTM coordinates (grid 43 P of UTM Zone 43 N) to decimal degrees using QGIS,710406,1144623,76.9215877894833,10.3489043399442,tea,4,present,NA
2368,summer,Sholayar,sh18,2012-05-23,23/05/2012,12.9,frog,Frog,Anura,order,amphibia,UTM,EPSG:32643,Converted from UTM coordinates (grid 43 P of UTM Zone 43 N) to decimal degrees using QGIS,710425,1144657,76.92176311535,10.3492106396965,tea,2,present,NA
2369,summer,Sholayar,sh18,2012-05-23,23/05/2012,12.9,frog,Frog,Anura,order,amphibia,UTM,EPSG:32643,Converted from UTM coordinates (grid 43 P of UTM Zone 43 N) to decimal degrees using QGIS,710531,1144746,76.9227357119443,10.3500093564764,tea,1,present,NA
2370,summer,Sholayar,sh18,2012-05-23,23/05/2012,12.9,frog,Frog,Anura,order,amphibia,UTM,EPSG:32643,Converted from UTM coordinates (grid 43 P of UTM Zone 43 N) to decimal degrees using QGIS,710550,1144759,76.9229098831937,10.3501258308949,tea,2,present,NA
2371,summer,Sholayar,sh18,2012-05-23,23/05/2012,12.9,frog,Frog,Anura,order,amphibia,UTM,EPSG:32643,Converted from UTM coordinates (grid 43 P of UTM Zone 43 N) to decimal degrees using QGIS,710697,1144952,76.9242625163091,10.3518623879161,tea,1,present,NA
2372,summer,Sholayar,sh18,2012-05-23,23/05/2012,12.9,frog,Frog,Anura,order,amphibia,UTM,EPSG:32643,Converted from UTM coordinates (grid 43 P of UTM Zone 43 N) to decimal degrees using QGIS,710845,1145070,76.9256201571878,10.3529209387781,tea,2,present,NA
2373,summer,Sholayar,sh18,2012-05-23,23/05/2012,12.9,frog,Frog,Anura,order,amphibia,UTM,EPSG:32643,Converted from UTM coordinates (grid 43 P of UTM Zone 43 N) to decimal degrees using QGIS,711066,1145128,76.9276409338597,10.3534331375894,tea,1,present,NA
2374,summer,Sholayar,sh18,2012-05-23,23/05/2012,12.9,frog,Frog,Anura,order,amphibia,UTM,EPSG:32643,Converted from UTM coordinates (grid 43 P of UTM Zone 43 N) to decimal degrees using QGIS,711094,1145149,76.9278977141392,10.3536214303366,tea,1,present,NA
2375,summer,Sholayar,sh18,2012-05-23,23/05/2012,12.9,frog,Frog,Anura,order,amphibia,UTM,EPSG:32643,Converted from UTM coordinates (grid 43 P of UTM Zone 43 N) to decimal degrees using QGIS,711272,1145333,76.9295329016689,10.3552749086017,tea,1,present,NA
2376,summer,Sholayar,sh18,2012-05-23,23/05/2012,12.9,frog,Frog,Anura,order,amphibia,UTM,EPSG:32643,Converted from UTM coordinates (grid 43 P of UTM Zone 43 N) to decimal degrees using QGIS,706664,1140140,76.8871841623319,10.3085825165244,tea,12,present,NA
2377,summer,Sholayar,sh18,2012-05-23,23/05/2012,12.9,frog,Frog,Anura,order,amphibia,UTM,EPSG:32643,Converted from UTM coordinates (grid 43 P of UTM Zone 43 N) to decimal degrees using QGIS,706676,1140162,76.8872948852199,10.3087807451904,tea,4,present,NA
2378,summer,Sholayar,sh18,2012-05-23,23/05/2012,12.9,frog,Frog,Anura,order,amphibia,UTM,EPSG:32643,Converted from UTM coordinates (grid 43 P of UTM Zone 43 N) to decimal degrees using QGIS,706712,1140203,76.8876257088253,10.309149444167,tea,1,present,NA
2379,summer,Sholayar,sh18,2012-05-23,23/05/2012,12.9,frog,Frog,Anura,order,amphibia,UTM,EPSG:32643,Converted from UTM coordinates (grid 43 P of UTM Zone 43 N) to decimal degrees using QGIS,706788,1140306,76.8883250025481,10.3100764560033,tea,1,present,NA
2380,summer,Sholayar,sh18,2012-05-23,23/05/2012,12.9,insect,Insects,Insecta,class,insecta,UTM,EPSG:32643,Converted from UTM coordinates (grid 43 P of UTM Zone 43 N) to decimal degrees using QGIS,710250,1144499,76.9201568154653,10.3477919661236,tea,1,present,NA
2381,summer,Sholayar,sh18,2012-05-23,23/05/2012,12.9,millipede,Millipede,Diplopoda,class,diplopoda,UTM,EPSG:32643,Converted from UTM coordinates (grid 43 P of UTM Zone 43 N) to decimal degrees using QGIS,706740,1140277,76.8878852842438,10.3098168715654,tea,1,present,NA
2382,summer,Sholayar,sh18,2012-05-23,23/05/2012,12.9,snail,Snail,Gastropoda,class,mollusca,UTM,EPSG:32643,Converted from UTM coordinates (grid 43 P of UTM Zone 43 N) to decimal degrees using QGIS,707722,1143593,76.8970288957935,10.3397390576719,tea,1,present,NA
2383,summer,Sholayar,sh18,2012-05-23,23/05/2012,12.9,snake,Snake,Squamata,order,reptilia,UTM,EPSG:32643,Converted from UTM coordinates (grid 43 P of UTM Zone 43 N) to decimal degrees using QGIS,707475,1141028,76.894635138421,10.3165662167847,tea,1,present,NA
2384,summer,Sholayar,sh18,2012-05-23,23/05/2012,12.9,snake,Snake,Squamata,order,reptilia,UTM,EPSG:32643,Converted from UTM coordinates (grid 43 P of UTM Zone 43 N) to decimal degrees using QGIS,710669,1144933,76.9240058495069,10.3516921700968,tea,1,present,NA
2385,summer,Sholayar,sh18,2012-05-23,23/05/2012,12.9,snake,Snake,Squamata,order,reptilia,UTM,EPSG:32643,Converted from UTM coordinates (grid 43 P of UTM Zone 43 N) to decimal degrees using QGIS,710772,1145035,76.9249517882791,10.3526085515363,tea,1,present,NA
2386,summer,Waterfalls,wf12,2012-05-21,21/05/2012,5.2,scorpion,Scorpion,Scorpiones,order,arachnida,UTM,EPSG:32643,Converted from UTM coordinates (grid 43 P of UTM Zone 43 N) to decimal degrees using QGIS,717452,1154084,76.9864512121183,10.4340309928025,forest,1,present,black
2387,summer,Waterfalls,wf12,2012-05-21,21/05/2012,5.2,snake,Pitviper,Craspedocephalus,genus,reptilia,UTM,EPSG:32643,Converted from UTM coordinates (grid 43 P of UTM Zone 43 N) to decimal degrees using QGIS,717511,1153773,76.9869721194308,10.4312165562419,forest,1,present,brown pit viper
2388,summer,Waterfalls,wf12,2012-05-21,21/05/2012,5.2,snake,Pitviper,Craspedocephalus,genus,reptilia,UTM,EPSG:32643,Converted from UTM coordinates (grid 43 P of UTM Zone 43 N) to decimal degrees using QGIS,717827,1154224,76.9898834984945,10.4352751214466,forest,1,present,brown pit viper
2389,summer,Waterfalls,wf12,2012-05-21,21/05/2012,5.2,grasshopper,Grasshopper,Orthoptera,order,insecta,UTM,EPSG:32643,Converted from UTM coordinates (grid 43 P of UTM Zone 43 N) to decimal degrees using QGIS,717616,1153530,76.9879169560743,10.4290141505543,forest,1,present,NA
2390,summer,Waterfalls,wf12,2012-05-21,21/05/2012,5.2,snake,Pitviper,Craspedocephalus,genus,reptilia,UTM,EPSG:32643,Converted from UTM coordinates (grid 43 P of UTM Zone 43 N) to decimal degrees using QGIS,717449,1154083,76.986423760796,10.4340221242676,forest,1,present,green pit viper
2391,summer,Waterfalls,wf12,2012-05-21,21/05/2012,5.2,mouse,Mouse,Muridae,family,mammalia,UTM,EPSG:32643,Converted from UTM coordinates (grid 43 P of UTM Zone 43 N) to decimal degrees using QGIS,717692,1153302,76.9885978406453,10.4269489743905,forest,1,present,NA
2392,summer,Waterfalls,wf12,2012-05-21,21/05/2012,5.2,mouse,Mouse,Muridae,family,mammalia,UTM,EPSG:32643,Converted from UTM coordinates (grid 43 P of UTM Zone 43 N) to decimal degrees using QGIS,717689,1153310,76.98857090637,10.427021455646,forest,1,present,NA
2393,summer,Waterfalls,wf12,2012-05-21,21/05/2012,5.2,mouse,Mouse,Muridae,family,mammalia,UTM,EPSG:32643,Converted from UTM coordinates (grid 43 P of UTM Zone 43 N) to decimal degrees using QGIS,717255,1153856,76.9846392763288,10.4319813092795,forest,1,present,NA
2394,summer,Waterfalls,wf12,2012-05-21,21/05/2012,5.2,toad,Toad,Anura,order,amphibia,UTM,EPSG:32643,Converted from UTM coordinates (grid 43 P of UTM Zone 43 N) to decimal degrees using QGIS,717827,1154224,76.9898834984945,10.4352751214466,forest,1,present,NA
2395,summer,Waterfalls,wf13,2012-05-25,25/05/2012,5.2,snake,Pitviper,Craspedocephalus,genus,reptilia,UTM,EPSG:32643,Converted from UTM coordinates (grid 43 P of UTM Zone 43 N) to decimal degrees using QGIS,717771,1154012,76.9893599653961,10.4333620705441,forest,1,present,brown pit viper
2396,summer,Waterfalls,wf13,2012-05-25,25/05/2012,5.2,millipede,Millipede,Diplopoda,class,diplopoda,UTM,EPSG:32643,Converted from UTM coordinates (grid 43 P of UTM Zone 43 N) to decimal degrees using QGIS,717869,1154216,76.9902665548826,10.4352004214361,forest,2,present,NA
2397,summer,Waterfalls,wf13,2012-05-25,25/05/2012,5.2,mouse,Mouse,Muridae,family,mammalia,UTM,EPSG:32643,Converted from UTM coordinates (grid 43 P of UTM Zone 43 N) to decimal degrees using QGIS,717706,1153868,76.9887581636292,10.4320641708806,forest,1,present,NA
2398,summer,Waterfalls,wf13,2012-05-25,25/05/2012,5.2,red-whiskered bulbul,Red-whiskered bulbul,Pycnonotus jocosus,species,aves,UTM,EPSG:32643,Converted from UTM coordinates (grid 43 P of UTM Zone 43 N) to decimal degrees using QGIS,717494,1154067,76.9868337523199,10.4338749472713,forest,1,present,NA
2399,summer,Waterfalls,wf13,2012-05-25,25/05/2012,5.2,snake,Snake,Squamata,order,reptilia,UTM,EPSG:32643,Converted from UTM coordinates (grid 43 P of UTM Zone 43 N) to decimal degrees using QGIS,717494,1154067,76.9868337523199,10.4338749472713,forest,1,present,NA
2400,summer,Waterfalls,wf14,2012-05-27,27/05/2012,5.2,grasshopper,Grasshopper,Orthoptera,order,insecta,UTM,EPSG:32643,Converted from UTM coordinates (grid 43 P of UTM Zone 43 N) to decimal degrees using QGIS,717874,1154041,76.9903021540862,10.4336183394055,forest,1,present,NA
2401,summer,Waterfalls,wf14,2012-05-27,27/05/2012,5.2,snake,Pitviper,Craspedocephalus,genus,reptilia,UTM,EPSG:32643,Converted from UTM coordinates (grid 43 P of UTM Zone 43 N) to decimal degrees using QGIS,717363,1153834,76.9856241923192,10.4317763274677,forest,1,present,green pit viper
2402,summer,Waterfalls,wf14,2012-05-27,27/05/2012,5.2,mouse,Mouse,Muridae,family,mammalia,UTM,EPSG:32643,Converted from UTM coordinates (grid 43 P of UTM Zone 43 N) to decimal degrees using QGIS,717584,1153706,76.9876348554824,10.4306068072259,forest,1,present,NA
2403,summer,Waterfalls,wf14,2012-05-27,27/05/2012,5.2,shrew,Shrew,Soricidae,family,mammalia,UTM,EPSG:32643,Converted from UTM coordinates (grid 43 P of UTM Zone 43 N) to decimal degrees using QGIS,717555,1153737,76.9873718285606,10.4308886588035,forest,1,present,NA
2404,summer,Waterfalls,wf15,2012-05-29,29/05/2012,5.2,mouse,Mouse,Muridae,family,mammalia,UTM,EPSG:32643,Converted from UTM coordinates (grid 43 P of UTM Zone 43 N) to decimal degrees using QGIS,717555,1153737,76.9873718285606,10.4308886588035,forest,1,present,NA
2405,summer,Waterfalls,wf15,2012-05-29,29/05/2012,5.2,snake,Snake,Squamata,order,reptilia,UTM,EPSG:32643,Converted from UTM coordinates (grid 43 P of UTM Zone 43 N) to decimal degrees using QGIS,717432,1154485,76.9862915882667,10.4376567130027,forest,1,present,NA
2406,summer,Waterfalls,wf16,2012-06-05,05/06/2012,5.2,calotes,Calotes,Calotes,genus,reptilia,UTM,EPSG:32643,Converted from UTM coordinates (grid 43 P of UTM Zone 43 N) to decimal degrees using QGIS,717511,1154000,76.9869851408304,10.4332683780977,forest,1,present,green
2407,summer,Waterfalls,wf16,2012-06-05,05/06/2012,5.2,snake,Ornate flying snake,Chrysopelea ornata,species,reptilia,UTM,EPSG:32643,Converted from UTM coordinates (grid 43 P of UTM Zone 43 N) to decimal degrees using QGIS,717448,1153826,76.9863998905298,10.4316991925848,forest,1,present,flying
2408,summer,Waterfalls,wf16,2012-06-05,05/06/2012,5.2,mouse,Mouse,Muridae,family,mammalia,UTM,EPSG:32643,Converted from UTM coordinates (grid 43 P of UTM Zone 43 N) to decimal degrees using QGIS,717806,1153050,76.9896243204482,10.4246647068121,forest,1,present,NA
2409,summer,Waterfalls,wf16,2012-06-05,05/06/2012,5.2,mouse,Mouse,Muridae,family,mammalia,UTM,EPSG:32643,Converted from UTM coordinates (grid 43 P of UTM Zone 43 N) to decimal degrees using QGIS,717553,1154298,76.9873857568075,10.4359595728251,forest,1,present,NA
2410,summer,Waterfalls,wf16,2012-06-05,05/06/2012,5.2,snake,Rat snake,Ptyas mucosa,species,reptilia,UTM,EPSG:32643,Converted from UTM coordinates (grid 43 P of UTM Zone 43 N) to decimal degrees using QGIS,717590,1153698,76.9876891837804,10.4305341555879,forest,1,present,ratsnake
2411,summer,Waterfalls,wf16,2012-06-05,05/06/2012,5.2,toad,Toad,Anura,order,amphibia,UTM,EPSG:32643,Converted from UTM coordinates (grid 43 P of UTM Zone 43 N) to decimal degrees using QGIS,717550,1154322,76.9873597401806,10.4361766758715,forest,1,present,NA
2412,summer,Waterfalls,wf16,2012-06-05,05/06/2012,5.2,toad,Toad,Anura,order,amphibia,UTM,EPSG:32643,Converted from UTM coordinates (grid 43 P of UTM Zone 43 N) to decimal degrees using QGIS,717309,1154610,76.9851755902456,10.4387935551177,forest,1,present,NA
2413,summer,Waterfalls,wf17,2012-06-12,12/06/2012,5.2,calotes,Calotes,Calotes,genus,reptilia,UTM,EPSG:32643,Converted from UTM coordinates (grid 43 P of UTM Zone 43 N) to decimal degrees using QGIS,717793,1153070,76.989506764916,10.4248462224764,forest,1,present,green
2414,summer,Waterfalls,wf17,2012-06-12,12/06/2012,5.2,snake,Rat snake,Ptyas mucosa,species,reptilia,UTM,EPSG:32643,Converted from UTM coordinates (grid 43 P of UTM Zone 43 N) to decimal degrees using QGIS,717795,1153067,76.9895248548056,10.4248189922873,forest,1,present,rat snake
2415,summer,Waterfalls,wf18,2012-06-16,16/06/2012,5.2,mouse,Mouse,Muridae,family,mammalia,UTM,EPSG:32643,Converted from UTM coordinates (grid 43 P of UTM Zone 43 N) to decimal degrees using QGIS,717534,1153759,76.9871813347839,10.4310887062343,forest,1,present,NA
2416,summer,Waterfalls,wf19,2012-06-18,18/06/2012,5.2,snake,Pitviper,Craspedocephalus,genus,reptilia,UTM,EPSG:32643,Converted from UTM coordinates (grid 43 P of UTM Zone 43 N) to decimal degrees using QGIS,717468,1154413,76.9866161882073,10.4370038702639,forest,1,present,brown pit viper
2417,summer,Waterfalls,wf19,2012-06-18,18/06/2012,5.2,caecilian,Caecilian,Gymnophiona,order,amphibia,UTM,EPSG:32643,Converted from UTM coordinates (grid 43 P of UTM Zone 43 N) to decimal degrees using QGIS,717774,1153108,76.989335456036,10.4251907783602,forest,1,present,NA
2418,summer,Waterfalls,wf19,2012-06-18,18/06/2012,5.2,snake,Snake,Squamata,order,reptilia,UTM,EPSG:32643,Converted from UTM coordinates (grid 43 P of UTM Zone 43 N) to decimal degrees using QGIS,717709,1153862,76.9887852128996,10.4320097672645,forest,1,present,coral snake
2419,summer,Waterfalls,wf19,2012-06-18,18/06/2012,5.2,mouse,Mouse,Muridae,family,mammalia,UTM,EPSG:32643,Converted from UTM coordinates (grid 43 P of UTM Zone 43 N) to decimal degrees using QGIS,717584,1153706,76.9876348554824,10.4306068072259,forest,1,present,NA
2420,summer,Waterfalls,wf19,2012-06-18,18/06/2012,5.2,toad,toad,Anura,order,amphibia,UTM,EPSG:32643,Converted from UTM coordinates (grid 43 P of UTM Zone 43 N) to decimal degrees using QGIS,717583,1153707,76.9876257816396,10.4306159028784,forest,3,present,NA
2421,summer,Attakatti - 1 hpb,at19,2012-06-17,17/06/2012,6.7,NA,Animals,Animalia,kingdom,NA,UTM,EPSG:32643,Converted from UTM coordinates (grid 43 P of UTM Zone 43 N) to decimal degrees using QGIS,716647,1156219,76.9792226068121,10.4533746638893,forest,0,absent,No roadkills on this day; location based on previous roadkill
2422,NA,Opportunistic,opx1,2012-06-16,16/06/2012,0,bonnet macaque,Bonnet macaque,Macaca radiata,species,mammalia,UTM,EPSG:32643,Converted from UTM coordinates (grid 43 P of UTM Zone 43 N) to decimal degrees using QGIS,711852,1144704,76.9347930544773,10.349557464991,coffee_forest,1,present,NA
2423,NA,Opportunistic,opx2,2011-08-15,15/08/2011,0,calotes,Calotes,Calotes grandisquamis,species,reptilia,UTM,EPSG:32643,Converted from UTM coordinates (grid 43 P of UTM Zone 43 N) to decimal degrees using QGIS,711914,1144810,76.9353649367284,10.3505122173575,coffee_forest,1,present,grandisquamis
2424,NA,Opportunistic,opx3,2012-01-13,13/01/2012,0,common palm civet,Common palm civet,Paradoxurus hermaphroditus,species,mammalia,UTM,EPSG:32643,Converted from UTM coordinates (grid 43 P of UTM Zone 43 N) to decimal degrees using QGIS,716498,1155902,76.9778438136527,10.450517773565,forest,1,present,NA
2425,NA,Opportunistic,opx4,2012-05-12,12/05/2012,0,lion tailed macaque,Lion-tailed macaque,Macaca silenus,species,mammalia,UTM,EPSG:32643,Converted from UTM coordinates (grid 43 P of UTM Zone 43 N) to decimal degrees using QGIS,715312,1143593,76.9663170897109,10.3393237502178,forest,1,present,NA
2426,NA,Opportunistic,opx5,2011-12-08,08/12/2011,0,malabar giant squirrel,Indian giant squirrel,Ratufa indica,species,mammalia,UTM,EPSG:32643,Converted from UTM coordinates (grid 43 P of UTM Zone 43 N) to decimal degrees using QGIS,718241,1147224,76.9932621473234,10.3719796480389,forest,1,present,NA
2427,NA,Opportunistic,opx6,2011-08-26,26/08/2011,0,cecilian,Caecilian,Gymnophiona,order,amphibia,UTM,EPSG:32643,Converted from UTM coordinates (grid 43 P of UTM Zone 43 N) to decimal degrees using QGIS,714109,1141298,76.9552070062548,10.3186458469074,tea,1,present,NA
2428,NA,Opportunistic,opx6,2011-08-26,26/08/2011,0,cecilian,Caecilian,Gymnophiona,order,amphibia,UTM,EPSG:32643,Converted from UTM coordinates (grid 43 P of UTM Zone 43 N) to decimal degrees using QGIS,714224,1141036,76.9562421126831,10.3162712458265,tea,1,present,NA
2429,NA,Opportunistic,opx6,2011-08-26,26/08/2011,0,frog,Frog,Anura,order,amphibia,UTM,EPSG:32643,Converted from UTM coordinates (grid 43 P of UTM Zone 43 N) to decimal degrees using QGIS,714189,1141266,76.9559354712133,10.3183521731224,tea,1,present,NA
2430,NA,Opportunistic,opx6,2011-08-26,26/08/2011,0,snail,Snail,Gastropoda,class,mollusca,UTM,EPSG:32643,Converted from UTM coordinates (grid 43 P of UTM Zone 43 N) to decimal degrees using QGIS,713851,1141389,76.9528570155778,10.3194826581454,tea,1,present,NA
2431,NA,Opportunistic,opx6,2011-08-26,26/08/2011,0,snail,Snail,Gastropoda,class,mollusca,UTM,EPSG:32643,Converted from UTM coordinates (grid 43 P of UTM Zone 43 N) to decimal degrees using QGIS,713957,1141306,76.9538199732022,10.3187265583649,tea,5,present,NA
2432,NA,Opportunistic,opx6,2011-08-26,26/08/2011,0,toad,Toad,Anura,order,amphibia,UTM,EPSG:32643,Converted from UTM coordinates (grid 43 P of UTM Zone 43 N) to decimal degrees using QGIS,714009,1141315,76.9542951395433,10.3188050377551,tea,1,present,NA
2433,NA,Opportunistic,opx6,2011-08-26,26/08/2011,0,toad,Toad,Anura,order,amphibia,UTM,EPSG:32643,Converted from UTM coordinates (grid 43 P of UTM Zone 43 N) to decimal degrees using QGIS,714189,1141263,76.9559353037019,10.3183250558334,tea,1,present,NA
2434,NA,Opportunistic,opx7,2011-09-03,03/09/2011,0,frog,Frog,Anura,order,amphibia,UTM,EPSG:32643,Converted from UTM coordinates (grid 43 P of UTM Zone 43 N) to decimal degrees using QGIS,714198,1140894,76.9559968557006,10.3149891314398,tea,1,present,NA
2435,NA,Opportunistic,opx8,2011-09-27,27/09/2011,0,skink,Skink,Scincidae,family,reptilia,UTM,EPSG:32643,Converted from UTM coordinates (grid 43 P of UTM Zone 43 N) to decimal degrees using QGIS,714083,1141301,76.9549698417908,10.3186744012357,tea,1,present,NA
2436,NA,Opportunistic,opx9,2011-10-25,25/10/2011,0,frog,Frog,Anura,order,amphibia,UTM,EPSG:32643,Converted from UTM coordinates (grid 43 P of UTM Zone 43 N) to decimal degrees using QGIS,714212,1140925,76.9561263788183,10.3152685695543,tea,1,present,NA
2437,NA,Opportunistic,opx9,2011-10-25,25/10/2011,0,shield tail,Shieldtail,Uropeltidae,family,reptilia,UTM,EPSG:32643,Converted from UTM coordinates (grid 43 P of UTM Zone 43 N) to decimal degrees using QGIS,714187,1141112,76.9559086167021,10.3169602627935,tea,1,present,NA
2438,NA,Opportunistic,opx9,2011-10-25,25/10/2011,0,snail,Snail,Gastropoda,class,mollusca,UTM,EPSG:32643,Converted from UTM coordinates (grid 43 P of UTM Zone 43 N) to decimal degrees using QGIS,714130,1141303,76.9553989764959,10.3186898816023,tea,1,present,NA
2439,NA,Opportunistic,opx9,2011-10-25,25/10/2011,0,toad,Toad,Anura,order,amphibia,UTM,EPSG:32643,Converted from UTM coordinates (grid 43 P of UTM Zone 43 N) to decimal degrees using QGIS,714048,1141241,76.9546470084146,10.3181339892248,tea,2,present,NA
2440,NA,Opportunistic,opx9,2011-10-25,25/10/2011,0,frog,Frog,Anura,order,amphibia,UTM,EPSG:32643,Converted from UTM coordinates (grid 43 P of UTM Zone 43 N) to decimal degrees using QGIS,716285,1146487,76.9753630153942,10.3654282190052,tea,1,present,NA
2441,NA,Opportunistic,opx10,2011-07-01,01/07/2011,0,snake,Snake,Squamata,order,reptilia,UTM,EPSG:32643,Converted from UTM coordinates (grid 43 P of UTM Zone 43 N) to decimal degrees using QGIS,716358,1145892,76.97599574915,10.3600459410502,tea,1,present,CALLIOPHIS NIGRESCENS
2442,NA,Opportunistic,opx10,2011-07-01,01/07/2011,0,snake,Snake,Squamata,order,reptilia,UTM,EPSG:32643,Converted from UTM coordinates (grid 43 P of UTM Zone 43 N) to decimal degrees using QGIS,716426,1145890,76.9766164233814,10.3600240489206,tea,1,present,NA
2443,NA,Opportunistic,opx10,2011-07-01,01/07/2011,0,toad,Toad,Anura,order,amphibia,UTM,EPSG:32643,Converted from UTM coordinates (grid 43 P of UTM Zone 43 N) to decimal degrees using QGIS,715970,1145669,76.9724409964099,10.3580519882331,tea,1,present,NA
2444,NA,Opportunistic,opx10,2011-07-01,01/07/2011,0,shield tail,Shieldtail,Uropeltidae,family,reptilia,UTM,EPSG:32643,Converted from UTM coordinates (grid 43 P of UTM Zone 43 N) to decimal degrees using QGIS,716841,1146154,76.980420036597,10.3623870249947,tea,1,present,NA
2445,NA,Opportunistic,opx10,2011-07-01,01/07/2011,0,toad,Toad,Anura,order,amphibia,UTM,EPSG:32643,Converted from UTM coordinates (grid 43 P of UTM Zone 43 N) to decimal degrees using QGIS,716295,1146047,76.9754293852003,10.3614505135321,tea,1,present,NA
2446,NA,Opportunistic,opx11,2012-03-21,21/03/2012,0,cicada,Cicada,Hemiptera,order,insecta,UTM,EPSG:32643,Converted from UTM coordinates (grid 43 P of UTM Zone 43 N) to decimal degrees using QGIS,715272,1157081,76.9667152213112,10.4612439274166,tea,1,present,NA
2447,NA,Opportunistic,opx11,2012-03-21,21/03/2012,0,snake,Snake,Squamata,order,reptilia,UTM,EPSG:32643,Converted from UTM coordinates (grid 43 P of UTM Zone 43 N) to decimal degrees using QGIS,714666,1157886,76.9612268074959,10.4685544156621,forest,1,present,NA
2448,NA,Opportunistic,opx12,2012-03-30,30/03/2012,0,toad,Toad,Anura,order,amphibia,UTM,EPSG:32643,Converted from UTM coordinates (grid 43 P of UTM Zone 43 N) to decimal degrees using QGIS,715967,1145632,76.9724115173019,10.3577177137177,tea,2,present,NA
2449,NA,Opportunistic,opx13,2011-08-18,18/08/2011,0,cockroach,Cockroach,Blattodea,order,insecta,UTM,EPSG:32643,Converted from UTM coordinates (grid 43 P of UTM Zone 43 N) to decimal degrees using QGIS,716245,1145859,76.9749622775711,10.3597539907311,tea,1,present,NA
2450,NA,Opportunistic,opx13,2011-08-18,18/08/2011,0,frog,Frog,Anura,order,amphibia,UTM,EPSG:32643,Converted from UTM coordinates (grid 43 P of UTM Zone 43 N) to decimal degrees using QGIS,716140,1145867,76.9740041610437,10.3598321865242,tea,1,present,NA
2451,NA,Opportunistic,opx14,2012-04-23,23/04/2012,0,spotted dove,Spotted Dove,Streptopelia chinensis,species,aves,UTM,EPSG:32643,Converted from UTM coordinates (grid 43 P of UTM Zone 43 N) to decimal degrees using QGIS,714489,1142690,76.9587535856215,10.3312072203737,human,1,present,NA
2452,NA,Opportunistic,opx15,2011-08-08,08/08/2011,0,porcupine,Indian crested porcupine,Hystrix indica,species,mammalia,UTM,EPSG:32643,Converted from UTM coordinates (grid 43 P of UTM Zone 43 N) to decimal degrees using QGIS,715638,1143832,76.9693065037585,10.3414659027925,forest,1,present,NA
2453,NA,Opportunistic,opx16,2011-07-20,20/07/2011,0,python,Indian rock python,Python molurus,species,reptilia,UTM,EPSG:32643,Converted from UTM coordinates (grid 43 P of UTM Zone 43 N) to decimal degrees using QGIS,715227,1157197,76.9663108750744,10.4622949825536,forest,1,present,NA
2454,NA,Opportunistic,opx17,2011-06-29,29/06/2011,0,rat,Rat,Muridae,family,mammalia,UTM,EPSG:32643,Converted from UTM coordinates (grid 43 P of UTM Zone 43 N) to decimal degrees using QGIS,716645,1156283,76.9792080075121,10.453953266417,forest,1,present,NA
2455,NA,Opportunistic,opx18,2011-10-04,04/10/2011,0,skink,Skink,Scincidae,family,reptilia,UTM,EPSG:32643,Converted from UTM coordinates (grid 43 P of UTM Zone 43 N) to decimal degrees using QGIS,715292,1143530,76.9661309726836,10.3387554052691,forest,1,present,NA
2456,NA,Opportunistic,opx19,2011-09-30,30/09/2011,0,skink,Skink,Scincidae,family,reptilia,UTM,EPSG:32643,Converted from UTM coordinates (grid 43 P of UTM Zone 43 N) to decimal degrees using QGIS,711770,1136564,76.9335953344182,10.2759827226262,tea,1,present,NA
2457,NA,Opportunistic,opx20,2012-05-01,01/05/2012,0,small indian civet,Small Indian civet,Viverricula indica,species,mammalia,UTM,EPSG:32643,Converted from UTM coordinates (grid 43 P of UTM Zone 43 N) to decimal degrees using QGIS,714380,1142670,76.9577574604823,10.3310324802547,human,1,present,NA
2458,NA,Opportunistic,opx20,2012-05-01,01/05/2012,0,wgps,Jungle striped squirrel,Funambulus tristriatus,species,mammalia,UTM,EPSG:32643,Converted from UTM coordinates (grid 43 P of UTM Zone 43 N) to decimal degrees using QGIS,716192,1145865,76.9744787680133,10.3598111949371,tea,1,present,NA
2459,NA,Opportunistic,opx21,2012-05-02,02/05/2012,0,wgps,Jungle striped squirrel,Funambulus tristriatus,species,mammalia,UTM,EPSG:32643,Converted from UTM coordinates (grid 43 P of UTM Zone 43 N) to decimal degrees using QGIS,715983,1145341,76.9725411358846,10.3550864736711,tea,1,present,NA
2460,NA,Opportunistic,opx19,2011-09-30,30/09/2011,0,wgps,Jungle striped squirrel,Funambulus tristriatus,species,mammalia,UTM,EPSG:32643,Converted from UTM coordinates (grid 43 P of UTM Zone 43 N) to decimal degrees using QGIS,711813,1136127,76.933963776021,10.2720302338709,tea,1,present,NA
2461,NA,Opportunistic,opx22,2012-03-07,07/03/2012,0,nightjar,Nightjar,Caprimulgus,genus,aves,UTM,EPSG:32643,Converted from UTM coordinates (grid 43 P of UTM Zone 43 N) to decimal degrees using QGIS,717294,1153799,76.9849921296384,10.4314638814052,forest,1,present,NA
2462,NA,Opportunistic,opx23,2012-03-15,15/03/2012,0,sambar,Sambar,Cervus unicolor,species,mammalia,UTM,EPSG:32643,Converted from UTM coordinates (grid 43 P of UTM Zone 43 N) to decimal degrees using QGIS,NA,NA,,,forest,1,present,NA
2463,NA,Opportunistic,opx23,2012-03-15,15/03/2012,0,common palm civet,Common palm civet,Paradoxurus hermaphroditus,species,mammalia,UTM,EPSG:32643,Converted from UTM coordinates (grid 43 P of UTM Zone 43 N) to decimal degrees using QGIS,NA,NA,,,forest,1,present,NA
2464,NA,Opportunistic,opx24,2012-01/2013-05,2012-01/2013-05,0,wgps,Jungle striped squirrel,Funambulus tristriatus,species,mammalia,UTM,EPSG:32643,Converted from UTM coordinates (grid 43 P of UTM Zone 43 N) to decimal degrees using QGIS,NA,NA,,,tea,1,present,NA
2465,NA,Opportunistic,opx24,2012-01/2013-05,2012-01/2013-05,0,wgps,Jungle striped squirrel,Funambulus tristriatus,species,mammalia,UTM,EPSG:32643,Converted from UTM coordinates (grid 43 P of UTM Zone 43 N) to decimal degrees using QGIS,NA,NA,,,tea,1,present,NA
2466,NA,Opportunistic,opx24,2012-01/2013-05,2012-01/2013-05,0,skink,Skink,Scincidae,family,reptilia,UTM,EPSG:32643,Converted from UTM coordinates (grid 43 P of UTM Zone 43 N) to decimal degrees using QGIS,NA,NA,,,tea,1,present,NA
2467,NA,Opportunistic,opx24,2012-01/2013-05,2012-01/2013-05,0,snake,Snake,Squamata,order,reptilia,UTM,EPSG:32643,Converted from UTM coordinates (grid 43 P of UTM Zone 43 N) to decimal degrees using QGIS,NA,NA,,,forest,1,present,NA
2468,NA,Opportunistic,opx24,2012-01/2013-05,2012-01/2013-05,0,rat,Rat,Muridae,family,mammalia,UTM,EPSG:32643,Converted from UTM coordinates (grid 43 P of UTM Zone 43 N) to decimal degrees using QGIS,NA,NA,,,forest,1,present,NA
2469,NA,Opportunistic,opx24,2012-01/2013-05,2012-01/2013-05,0,calotes,Calotes,Calotes,genus,reptilia,UTM,EPSG:32643,Converted from UTM coordinates (grid 43 P of UTM Zone 43 N) to decimal degrees using QGIS,NA,NA,,,forest,1,present,NA
2470,NA,Opportunistic,opx24,2012-01/2013-05,2012-01/2013-05,0,lion tailed macaque,Lion-tailed macaque,Macaca silenus,species,mammalia,UTM,EPSG:32643,Converted from UTM coordinates (grid 43 P of UTM Zone 43 N) to decimal degrees using QGIS,NA,NA,,,tea,1,present,NA
2471,NA,Opportunistic,opx24,2012-01/2013-05,2012-01/2013-05,0,mouse deer,Indian spotted chevrotain,Moschiola indica,species,mammalia,UTM,EPSG:32643,Converted from UTM coordinates (grid 43 P of UTM Zone 43 N) to decimal degrees using QGIS,NA,NA,,,forest,1,present,NA
2472,NA,Opportunistic,opx25,2013-05-01,01/05/2013,0,coucal,Greater Coucal,Centropus sinensis,species,aves,UTM,EPSG:32643,Converted from UTM coordinates (grid 43 P of UTM Zone 43 N) to decimal degrees using QGIS,NA,NA,,,tea,1,present,NA
2473,NA,Opportunistic,opx25,2013-05-01,01/05/2013,0,barking deer,Indian muntjac,Muntiacus muntjak,species,mammalia,UTM,EPSG:32643,Converted from UTM coordinates (grid 43 P of UTM Zone 43 N) to decimal degrees using QGIS,NA,NA,,,forest,1,present,NA
