transect,verbatimroute,sno,canopycover,canopyoverlap,verticaloverlap,habcode,habno,longitude,latitude
Puthuthotam,puthuthottam,1,0,0,0,tf,2,76.963702,10.336091
Puthuthotam,puthuthottam,2,0,0,0,tf,2,76.963792,10.336293
Puthuthotam,puthuthottam,3,0,0,0,tf,2,76.963735,10.33651
Puthuthotam,puthuthottam,4,0,0,0,tf,2,76.963626,10.336676
Puthuthotam,puthuthottam,5,0,0,0,tf,2,76.963413,10.336748
Puthuthotam,puthuthottam,6,0,0,0,tf,2,76.963232,10.336872
Puthuthotam,puthuthottam,7,0,0,0,tf,2,76.963004,10.336861
Puthuthotam,puthuthottam,8,0,0,0,tf,2,76.962776,10.336868
Puthuthotam,puthuthottam,9,0,0,0,tf,2,76.962622,10.337007
Puthuthotam,puthuthottam,10,0,0,0,tf,2,76.962729,10.337196
Puthuthotam,puthuthottam,11,1,3,3,ff,3,76.962876,10.337331
Puthuthotam,puthuthottam,12,0,0,0,ff,3,76.962967,10.337534
Puthuthotam,puthuthottam,13,1,3,3,ff,3,76.963077,10.337729
Puthuthotam,puthuthottam,14,1,1,1,ff,3,76.963185,10.337922
Puthuthotam,puthuthottam,15,1,3,3,ff,3,76.963376,10.338042
Puthuthotam,puthuthottam,16,1,3,3,ff,3,76.963533,10.338202
Puthuthotam,puthuthottam,17,1,2,2,ff,3,76.963604,10.338415
Puthuthotam,puthuthottam,18,1,2,2,ff,3,76.963702,10.338614
Puthuthotam,puthuthottam,19,1,1,0,ff,3,76.963882,10.338569
Puthuthotam,puthuthottam,20,1,1,0,ff,3,76.964064,10.338436
Puthuthotam,puthuthottam,21,1,3,3,ff,3,76.964261,10.338363
Puthuthotam,puthuthottam,22,1,3,3,ff,3,76.964488,10.338358
Puthuthotam,puthuthottam,23,1,1,0,tf,2,76.964685,10.338465
Puthuthotam,puthuthottam,24,1,1,0,tf,2,76.964777,10.338664
Puthuthotam,puthuthottam,25,0,0,0,tf,2,76.964797,10.338889
Puthuthotam,puthuthottam,26,1,1,0,tf,2,76.964865,10.339068
Puthuthotam,puthuthottam,27,1,1,0,tf,2,76.964924,10.339236
Puthuthotam,puthuthottam,28,1,2,2,tf,2,76.965128,10.339158
Puthuthotam,puthuthottam,29,0,0,0,tf,2,76.965314,10.33903
Puthuthotam,puthuthottam,30,0,0,0,ff,3,76.965482,10.338881
Puthuthotam,puthuthottam,31,1,1,0,ff,3,76.965592,10.338685
Puthuthotam,puthuthottam,32,0,0,0,ff,3,76.965728,10.338507
Puthuthotam,puthuthottam,33,1,2,1,ff,3,76.965934,10.338476
Puthuthotam,puthuthottam,34,1,1,0,ff,3,76.966078,10.338649
Puthuthotam,puthuthottam,35,1,2,2,ff,3,76.966157,10.338859
Puthuthotam,puthuthottam,36,1,1,0,ff,3,76.966185,10.339081
Puthuthotam,puthuthottam,37,0,0,0,ff,3,76.966308,10.339268
Puthuthotam,puthuthottam,38,0,0,0,ff,3,76.966464,10.33943
Puthuthotam,puthuthottam,39,0,0,0,ff,3,76.966602,10.339607
Puthuthotam,puthuthottam,40,1,1,0,ff,3,76.966632,10.339828
Puthuthotam,puthuthottam,41,0,0,0,ff,3,76.966724,10.340035
Puthuthotam,puthuthottam,42,1,1,0,ff,3,76.966803,10.340244
Puthuthotam,puthuthottam,43,1,1,0,ff,3,76.966887,10.340395
Puthuthotam,puthuthottam,44,1,2,2,ff,3,76.966982,10.340569
Puthuthotam,puthuthottam,45,0,0,0,ff,3,76.967204,10.340614
Puthuthotam,puthuthottam,46,0,0,0,ff,3,76.967391,10.340571
Puthuthotam,puthuthottam,47,1,2,2,ff,3,76.967544,10.34048
Puthuthotam,puthuthottam,48,1,1,0,ff,3,76.96777,10.340499
Puthuthotam,puthuthottam,49,1,1,0,ff,3,76.967943,10.34064
Puthuthotam,puthuthottam,50,1,1,0,ff,3,76.968129,10.340766
Puthuthotam,puthuthottam,51,1,3,3,ff,3,76.968315,10.340891
Puthuthotam,puthuthottam,52,0,0,0,ff,3,76.968497,10.341027
Puthuthotam,puthuthottam,53,1,1,0,ff,3,76.968719,10.341065
Puthuthotam,puthuthottam,54,1,1,0,ff,3,76.968947,10.341069
Puthuthotam,puthuthottam,55,1,2,2,ff,3,76.969113,10.341206
Puthuthotam,puthuthottam,56,1,2,2,ff,3,76.969226,10.341401
Puthuthotam,puthuthottam,57,1,1,0,ff,3,76.969376,10.341563
Puthuthotam,puthuthottam,58,1,1,1,ff,3,76.969439,10.341774
Puthuthotam,puthuthottam,59,1,1,2,ff,3,76.969447,10.342
Puthuthotam,puthuthottam,60,1,1,1,ff,3,76.969445,10.342226
Puthuthotam,puthuthottam,61,1,2,2,ff,3,76.969448,10.342452
Puthuthotam,puthuthottam,62,1,1,1,ff,3,76.969364,10.34266
Puthuthotam,puthuthottam,63,1,1,1,ff,3,76.969242,10.342848
Puthuthotam,puthuthottam,64,1,2,2,ff,3,76.969134,10.343047
Puthuthotam,puthuthottam,65,1,1,0,ff,3,76.969112,10.343262
Puthuthotam,puthuthottam,66,1,2,2,ff,3,76.96923,10.343437
Puthuthotam,puthuthottam,67,1,1,1,ff,3,76.969343,10.34363
Puthuthotam,puthuthottam,68,1,1,1,ff,3,76.9694,10.343834
Puthuthotam,puthuthottam,69,1,2,2,ff,3,76.969377,10.344058
Puthuthotam,puthuthottam,70,1,1,2,ff,3,76.969371,10.344283
Puthuthotam,puthuthottam,71,1,1,0,ff,3,76.969375,10.344458
Puthuthotam,puthuthottam,72,1,1,1,ff,3,76.96945,10.344638
Puthuthotam,puthuthottam,73,1,1,1,ff,3,76.96967,10.344693
Puthuthotam,puthuthottam,74,1,2,2,ff,3,76.969812,10.34486
Puthuthotam,puthuthottam,75,1,1,0,ff,3,76.969931,10.345052
Puthuthotam,puthuthottam,76,1,1,2,ff,3,76.970068,10.345229
Puthuthotam,puthuthottam,77,1,1,2,ff,3,76.970266,10.345311
Puthuthotam,puthuthottam,78,1,1,0,ff,3,76.970491,10.345311
Puthuthotam,puthuthottam,79,1,1,0,ff,3,76.970589,10.345135
Puthuthotam,puthuthottam,80,1,1,1,ff,3,76.970657,10.344926
Puthuthotam,puthuthottam,81,1,1,1,ff,3,76.97082,10.344774
Puthuthotam,puthuthottam,82,1,2,2,ff,3,76.971018,10.344666
Puthuthotam,puthuthottam,83,1,1,1,ff,3,76.971233,10.344658
Puthuthotam,puthuthottam,84,1,1,0,ff,3,76.971354,10.344639
Puthuthotam,puthuthottam,85,1,1,0,ff,3,76.971506,10.344807
Puthuthotam,puthuthottam,86,1,1,0,ff,3,76.971655,10.344978
Puthuthotam,puthuthottam,87,1,1,0,ft,2,76.971843,10.345093
Puthuthotam,puthuthottam,88,1,1,1,ft,2,76.97207,10.345094
Puthuthotam,puthuthottam,89,0,0,0,ft,2,76.972293,10.345047
Puthuthotam,puthuthottam,90,0,0,0,ft,2,76.972511,10.344983
Puthuthotam,puthuthottam,91,0,0,0,ft,2,76.972728,10.345035
Puthuthotam,puthuthottam,92,0,0,0,ft,2,76.972904,10.345176
Puthuthotam,puthuthottam,93,0,0,0,ft,2,76.972911,10.345397
Puthuthotam,puthuthottam,94,0,0,0,ft,2,76.972906,10.345621
Puthuthotam,puthuthottam,95,1,1,0,ft,2,76.972835,10.345835
Puthuthotam,puthuthottam,96,1,1,0,ft,2,76.972805,10.346058
Puthuthotam,puthuthottam,97,1,1,0,ft,2,76.97281,10.346284
Puthuthotam,puthuthottam,98,1,1,0,ft,2,76.972828,10.346509
Puthuthotam,puthuthottam,99,0,0,0,ft,2,76.972827,10.346682
Puthuthotam,puthuthottam,100,1,2,1,ft,2,76.97282,10.346907
Puthuthotam,puthuthottam,101,1,2,1,ft,2,76.972794,10.347131
Puthuthotam,puthuthottam,102,1,2,1,ft,2,76.972771,10.347344
Puthuthotam,puthuthottam,103,0,0,0,ft,2,76.972659,10.347535
Puthuthotam,puthuthottam,104,0,0,0,tt,1,76.972687,10.347756
Puthuthotam,puthuthottam,105,0,0,0,tt,1,76.972702,10.34798
Puthuthotam,puthuthottam,106,0,0,0,tt,1,76.972733,10.348204
Puthuthotam,puthuthottam,107,0,0,0,tt,1,76.972864,10.34838
Puthuthotam,puthuthottam,108,0,0,0,tt,1,76.972922,10.348595
Puthuthotam,puthuthottam,109,0,0,0,tt,1,76.97291,10.34882
Puthuthotam,puthuthottam,110,0,0,0,tt,1,76.972911,10.349045
Puthuthotam,puthuthottam,111,0,0,0,tt,1,76.972885,10.349268
Puthuthotam,puthuthottam,112,0,0,0,tt,1,76.97282,10.349481
Puthuthotam,puthuthottam,113,0,0,0,tt,1,76.972779,10.349702
Puthuthotam,puthuthottam,114,0,0,0,tt,1,76.972742,10.349925
Puthuthotam,puthuthottam,115,0,0,0,tt,1,76.972742,10.35015
Puthuthotam,puthuthottam,116,0,0,0,tt,1,76.972747,10.350376
Puthuthotam,puthuthottam,117,0,0,0,tt,1,76.972756,10.350602
Puthuthotam,puthuthottam,118,0,0,0,tt,1,76.972757,10.350828
Puthuthotam,puthuthottam,119,0,0,0,tt,1,76.972711,10.351048
Puthuthotam,puthuthottam,120,0,0,0,tt,1,76.972592,10.351238
Puthuthotam,puthuthottam,121,0,0,0,tt,1,76.972432,10.351399
Puthuthotam,puthuthottam,122,0,0,0,tt,1,76.97228,10.351565
Puthuthotam,puthuthottam,123,0,0,0,tt,1,76.972187,10.35177
Puthuthotam,puthuthottam,124,1,1,0,tt,1,76.972254,10.351983
Puthuthotam,puthuthottam,125,1,1,0,tt,1,76.972309,10.352198
Puthuthotam,puthuthottam,126,0,0,0,tt,1,76.972263,10.352418
Puthuthotam,puthuthottam,127,0,0,0,tt,1,76.972172,10.352624
Puthuthotam,puthuthottam,128,0,0,0,tt,1,76.972081,10.352831
Puthuthotam,puthuthottam,129,0,0,0,tt,1,76.972018,10.353047
Puthuthotam,puthuthottam,130,0,0,0,tt,1,76.972065,10.353266
Puthuthotam,puthuthottam,131,0,0,0,tt,1,76.972201,10.353444
Puthuthotam,puthuthottam,132,0,0,0,tt,1,76.972374,10.353591
Puthuthotam,puthuthottam,133,0,0,0,tt,1,76.972529,10.353754
Puthuthotam,puthuthottam,134,0,0,0,tt,1,76.972643,10.353949
Puthuthotam,puthuthottam,135,0,0,0,tt,1,76.97274,10.354147
Puthuthotam,puthuthottam,136,0,0,0,tt,1,76.972644,10.354346
Puthuthotam,puthuthottam,137,0,0,0,tt,1,76.972551,10.354551
Puthuthotam,puthuthottam,138,0,0,0,tt,1,76.972507,10.354773
Puthuthotam,puthuthottam,139,0,0,0,tt,1,76.972466,10.354992
Puthuthotam,puthuthottam,140,0,0,0,tt,1,76.97249,10.355211
Puthuthotam,puthuthottam,141,0,0,0,tt,1,76.97247,10.355435
Puthuthotam,puthuthottam,142,0,0,0,tt,1,76.972507,10.355625
Puthuthotam,puthuthottam,143,0,0,0,tt,1,76.972546,10.355846
Puthuthotam,puthuthottam,144,0,0,0,tt,1,76.972513,10.356069
Puthuthotam,puthuthottam,145,0,0,0,tt,1,76.972498,10.356293
Puthuthotam,puthuthottam,146,0,0,0,tt,1,76.972478,10.356517
Puthuthotam,puthuthottam,147,0,0,0,tt,1,76.972491,10.356743
Puthuthotam,puthuthottam,148,0,0,0,tt,1,76.972501,10.356969
Waterfalls,water to at,1,1,1,0,tf,2,76.989705,10.4246135
Waterfalls,water to at,2,1,1,0,tf,2,76.9895472273,10.4247677074
Waterfalls,water to at,3,1,1,0,tf,2,76.9894421358,10.4249682001
Waterfalls,water to at,4,1,1,0,tf,2,76.9893417526,10.4251709805
Waterfalls,water to at,5,1,1,0,tf,2,76.9892312746,10.425368594
Waterfalls,water to at,6,1,1,0,tf,2,76.9891161621,10.4255634821
Waterfalls,water to at,7,1,1,0,tf,2,76.9890033478,10.4257594352
Waterfalls,water to at,8,0,0,0,tf,2,76.9889166992,10.4259673891
Waterfalls,water to at,9,1,2,1,tf,2,76.9888609907,10.4261858205
Waterfalls,water to at,10,1,1,1,ff,3,76.9888125785,10.4264053211
Waterfalls,water to at,11,1,1,1,ff,3,76.9887189266,10.4266113509
Waterfalls,water to at,12,1,1,0,ff,3,76.9886459002,10.4268252866
Waterfalls,water to at,13,0,0,0,ff,3,76.9885599974,10.4270345116
Waterfalls,water to at,14,0,0,0,ff,3,76.9884665517,10.427240685
Waterfalls,water to at,15,0,0,0,ff,3,76.9883988464,10.4274564288
Waterfalls,water to at,16,1,1,0,ff,3,76.9883358096,10.4276731344
Waterfalls,water to at,17,0,0,0,ff,3,76.9883017749,10.4278964436
Waterfalls,water to at,18,0,0,0,ff,3,76.9882366438,10.4281112475
Waterfalls,water to at,19,0,0,0,ff,3,76.9881484744,10.4283194571
Waterfalls,water to at,20,1,1,0,ff,3,76.9880672113,10.4285306236
Waterfalls,water to at,21,0,0,0,ff,3,76.9879754288,10.4287369406
Waterfalls,water to at,22,0,0,0,ff,3,76.9879283299,10.4289574512
Waterfalls,water to at,23,1,1,0,ff,3,76.987916857,10.4291825203
Waterfalls,water to at,24,1,1,1,ff,3,76.987894836,10.4294056518
Waterfalls,water to at,25,0,0,0,ff,3,76.9879166363,10.4296301353
Waterfalls,water to at,26,0,0,0,ff,3,76.9878970865,10.4298549606
Waterfalls,water to at,27,0,0,0,ff,3,76.9878550446,10.4300769038
Waterfalls,water to at,28,0,0,0,ff,3,76.9877955741,10.4302948013
Waterfalls,water to at,29,1,1,0,ff,3,76.9877047994,10.4305020234
Waterfalls,water to at,30,1,1,1,ff,3,76.987568503,10.43068192
Waterfalls,water to at,31,1,1,0,ff,3,76.9874070344,10.4308414427
Waterfalls,water to at,32,0,0,0,ff,3,76.9872625992,10.4310150965
Waterfalls,water to at,33,1,1,0,ff,3,76.9870903389,10.4311631952
Waterfalls,water to at,34,1,1,0,ff,3,76.9868895157,10.431270199
Waterfalls,water to at,35,1,3,3,ff,3,76.9867211087,10.4314154141
Waterfalls,water to at,36,1,3,3,ff,3,76.9865940324,10.4316027922
Waterfalls,water to at,37,1,1,0,ff,3,76.9864253649,10.4317056172
Waterfalls,water to at,38,1,2,1,ff,3,76.9862220394,10.4316042203
Waterfalls,water to at,39,1,0,0,ff,3,76.9860619886,10.4314506917
Waterfalls,water to at,40,1,1,0,ff,3,76.985931368,10.4312684681
Waterfalls,water to at,41,1,2,2,ff,3,76.9857292384,10.4311903759
Waterfalls,water to at,42,0,0,0,ff,3,76.9855211956,10.4312834067
Waterfalls,water to at,43,0,0,0,ff,3,76.9853178246,10.4313802725
Waterfalls,water to at,44,0,0,0,ff,3,76.9850976057,10.4314397847
Waterfalls,water to at,45,0,0,0,ff,3,76.9848761287,10.4314941999
Waterfalls,water to at,46,1,1,0,ff,3,76.9846776433,10.4315994841
Waterfalls,water to at,47,0,0,0,ff,3,76.9844821252,10.4317115654
Waterfalls,water to at,48,1,1,1,ff,3,76.9842629319,10.4316855879
Waterfalls,water to at,49,1,1,0,ff,3,76.9840778377,10.4315595992
Waterfalls,water to at,50,0,0,0,ff,3,76.9839449033,10.4314663159
Waterfalls,water to at,51,1,1,0,ff,3,76.984008158,10.4316826574
Waterfalls,water to at,52,0,0,0,ff,3,76.9841234721,10.43187537
Waterfalls,water to at,53,0,0,0,ff,3,76.9843214646,10.4319781727
Waterfalls,water to at,54,0,0,0,ff,3,76.9845485946,10.4319793416
Waterfalls,water to at,55,1,1,0,ff,3,76.984773821,10.4319432623
Waterfalls,water to at,56,1,1,0,ff,3,76.9849989867,10.4319090702
Waterfalls,water to at,57,0,0,0,ff,3,76.9852250782,10.4318941973
Waterfalls,water to at,58,0,0,0,ff,3,76.9854393024,10.431817269
Waterfalls,water to at,59,1,1,0,ff,3,76.9856596837,10.4317837562
Waterfalls,water to at,60,1,1,0,ff,3,76.9858251858,10.4319287536
Waterfalls,water to at,61,1,1,0,ff,3,76.9859197704,10.4321321085
Waterfalls,water to at,62,1,1,0,ff,3,76.9859682358,10.4323526151
Waterfalls,water to at,63,1,2,1,ff,3,76.9860441359,10.4325655525
Waterfalls,water to at,64,1,2,1,ff,3,76.9860994898,10.4327847679
Waterfalls,water to at,65,1,1,0,ff,3,76.9861690762,10.4329993696
Waterfalls,water to at,66,1,1,0,ff,3,76.9862899313,10.4331893234
Waterfalls,water to at,67,1,1,1,ff,3,76.9865028529,10.4332132756
Waterfalls,water to at,68,1,1,0,ff,3,76.9866826672,10.4330743406
Waterfalls,water to at,69,0,0,0,ff,3,76.9868373895,10.4329116659
Waterfalls,water to at,70,1,2,1,ff,3,76.9869875043,10.4327426687
Waterfalls,water to at,71,1,2,1,ff,3,76.9871594227,10.4326085723
Waterfalls,water to at,72,1,3,2,ff,3,76.9872717759,10.4324183317
Waterfalls,water to at,73,1,2,1,ff,3,76.987482913,10.4323355906
Waterfalls,water to at,74,0,0,0,ff,3,76.9876133828,10.4321598037
Waterfalls,water to at,75,0,0,0,ff,3,76.9877491313,10.4319949421
Waterfalls,water to at,76,0,0,0,ff,3,76.9876629546,10.4321875398
Waterfalls,water to at,77,1,1,0,ff,3,76.9875881893,10.4323973895
Waterfalls,water to at,78,1,2,1,ff,3,76.9874041249,10.4325240528
Waterfalls,water to at,79,0,0,0,ff,3,76.9872523403,10.4326902707
Waterfalls,water to at,80,1,1,0,ff,3,76.9870742541,10.4328312535
Waterfalls,water to at,81,0,0,0,ff,3,76.9870487393,10.4329702587
Waterfalls,water to at,82,0,0,0,ff,3,76.9872532,10.4328712357
Waterfalls,water to at,83,0,0,0,ff,3,76.9874450558,10.4327551834
Waterfalls,water to at,84,0,0,0,ff,3,76.987628744,10.4326219012
Waterfalls,water to at,85,1,1,0,ff,3,76.9876662434,10.4326853766
Waterfalls,water to at,86,0,0,0,ff,3,76.987478245,10.4328135412
Waterfalls,water to at,87,1,1,0,ff,3,76.9873125364,10.4329669791
Waterfalls,water to at,88,1,1,0,ff,3,76.98714437,10.4331157539
Waterfalls,water to at,89,1,2,1,ff,3,76.9869758062,10.4332626662
Waterfalls,water to at,90,1,1,1,ff,3,76.9868460451,10.4334481085
Waterfalls,water to at,91,1,1,1,ff,3,76.9867017053,10.4336230759
Waterfalls,water to at,92,1,1,1,ff,3,76.9865453031,10.433787632
Waterfalls,water to at,93,0,0,0,ff,3,76.9863739885,10.4339305344
Waterfalls,water to at,94,0,0,0,ff,3,76.9861741281,10.4340388206
Waterfalls,water to at,95,0,0,0,ff,3,76.9860569496,10.4341791783
Waterfalls,water to at,96,1,1,0,ff,3,76.9862315749,10.4340936131
Waterfalls,water to at,97,0,0,0,ff,3,76.9864431546,10.4340154609
Waterfalls,water to at,98,1,3,3,ff,3,76.9866619667,10.4339687333
Waterfalls,water to at,99,1,1,0,ff,3,76.9868563747,10.433853897
Waterfalls,water to at,100,1,1,0,ff,3,76.9870017835,10.4336805287
Waterfalls,water to at,101,0,0,0,ff,3,76.9871809477,10.4335426398
Waterfalls,water to at,102,1,1,0,ff,3,76.9873852291,10.4334537518
Waterfalls,water to at,103,1,1,1,ff,3,76.987611942,10.4334717916
Waterfalls,water to at,104,1,2,1,ff,3,76.9878380814,10.4334541003
Waterfalls,water to at,105,1,1,1,ff,3,76.9879703584,10.433293071
Waterfalls,water to at,106,1,3,2,ff,3,76.9880938367,10.4331043933
Waterfalls,water to at,107,1,2,1,ff,3,76.9882457451,10.432936904
Waterfalls,water to at,108,1,2,1,ff,3,76.9883445569,10.4327332994
Waterfalls,water to at,109,1,1,0,ff,3,76.9884002231,10.4325143495
Waterfalls,water to at,110,1,1,0,ff,3,76.9885153867,10.4323215207
Waterfalls,water to at,111,0,0,0,ff,3,76.9886763422,10.4321617245
Waterfalls,water to at,112,0,0,0,ff,3,76.988797396,10.4319738265
Waterfalls,water to at,113,0,0,0,ff,3,76.9889036571,10.4319009376
Waterfalls,water to at,114,1,1,1,ff,3,76.9888681159,10.4321222831
Waterfalls,water to at,115,1,1,0,ff,3,76.988855462,10.4323457504
Waterfalls,water to at,116,1,1,0,ff,3,76.9889462664,10.4325509151
Waterfalls,water to at,117,1,3,3,ff,3,76.9890773176,10.4327338092
Waterfalls,water to at,118,1,2,2,ff,3,76.9892324899,10.4328950968
Waterfalls,water to at,119,1,1,0,ff,3,76.9893106171,10.4331049446
Waterfalls,water to at,120,1,1,0,ff,3,76.9893454559,10.4333009918
Waterfalls,water to at,121,1,1,0,ff,3,76.9893989106,10.4335205778
Waterfalls,water to at,122,1,1,0,ff,3,76.9894501543,10.4337406505
Waterfalls,water to at,123,1,1,0,ff,3,76.98948337,10.4339641486
Waterfalls,water to at,124,0,0,0,ff,3,76.9895147621,10.4341858645
Waterfalls,water to at,125,0,0,0,ff,3,76.9896241887,10.4343839076
Waterfalls,water to at,126,0,0,0,ff,3,76.9898044799,10.4345049835
Waterfalls,water to at,127,1,1,0,ff,3,76.9899246895,10.4343427099
Waterfalls,water to at,128,0,0,0,ff,3,76.9900269439,10.4341519961
Waterfalls,water to at,129,1,1,1,ff,3,76.9901490814,10.4339667415
Waterfalls,water to at,130,1,1,0,ff,3,76.9901905275,10.4337454252
Waterfalls,water to at,131,0,0,0,ff,3,76.9902384876,10.4335289532
Waterfalls,water to at,132,1,1,1,ff,3,76.9902905387,10.4336211419
Waterfalls,water to at,133,1,2,1,ff,3,76.990355856,10.4338322399
Waterfalls,water to at,134,0,0,0,ff,3,76.9904605804,10.4340325406
Waterfalls,water to at,135,0,0,0,ff,3,76.9904872973,10.4342540791
Waterfalls,water to at,136,1,1,1,ff,3,76.9905091024,10.4344789886
Waterfalls,water to at,137,0,0,0,ff,3,76.9905570915,10.4346996897
Waterfalls,water to at,138,1,1,0,ff,3,76.9906003255,10.4349209056
Waterfalls,water to at,139,0,0,0,ff,3,76.9906027702,10.4351351121
Waterfalls,water to at,140,0,0,0,ff,3,76.9903837806,10.4351895221
Waterfalls,water to at,141,0,0,0,ff,3,76.9901580711,10.4352215085
Waterfalls,water to at,142,1,1,0,ff,3,76.9899337796,10.4352629832
Waterfalls,water to at,143,1,2,1,ff,3,76.9897065227,10.4352773681
Waterfalls,water to at,144,1,2,1,ff,3,76.9894793183,10.4352614019
Waterfalls,water to at,145,1,3,2,ff,3,76.9892559925,10.4352178424
Waterfalls,water to at,146,1,2,1,ff,3,76.9890311502,10.4351825918
Waterfalls,water to at,147,1,2,1,ff,3,76.9888040264,10.4351943285
Waterfalls,water to at,148,1,1,0,ff,3,76.9885793043,10.4352321768
Waterfalls,water to at,149,1,1,0,ff,3,76.9883602036,10.4351790791
Waterfalls,water to at,150,0,0,0,ff,3,76.988140922,10.4351601645
Waterfalls,water to at,151,0,0,0,ff,3,76.9880127956,10.4353409748
Waterfalls,water to at,152,0,0,0,ff,3,76.9878559305,10.4354902505
Waterfalls,water to at,153,1,1,0,ff,3,76.9876403094,10.4355643094
Waterfalls,water to at,154,1,2,1,ff,3,76.9874340787,10.4356521674
Waterfalls,water to at,155,0,0,0,ff,3,76.987386959,10.4358652395
Waterfalls,water to at,156,1,1,1,ff,3,76.9873691607,10.4360903479
Waterfalls,water to at,157,0,0,0,ff,3,76.9873226839,10.4363091894
Waterfalls,water to at,158,1,1,0,ff,3,76.9871605782,10.4364564419
Waterfalls,water to at,159,0,0,0,ff,3,76.9869521848,10.4365487049
Waterfalls,water to at,160,1,1,0,ff,3,76.9868105359,10.4367243215
Waterfalls,water to at,161,0,0,0,ff,3,76.9866835166,10.4369109833
Waterfalls,water to at,162,0,0,0,ff,3,76.9865406611,10.4370855557
Waterfalls,water to at,163,1,2,1,ff,3,76.9863373325,10.4371858315
Waterfalls,water to at,164,1,1,1,ff,3,76.9861374296,10.4372949615
Waterfalls,water to at,165,0,0,0,ff,3,76.9859270325,10.4373780015
Waterfalls,water to at,166,1,1,0,ff,3,76.9857061447,10.4373678932
Waterfalls,water to at,167,1,1,1,ff,3,76.9854980973,10.437275405
Waterfalls,water to at,168,0,0,0,ff,3,76.9852802987,10.4372188872
Waterfalls,water to at,169,0,0,0,ff,3,76.9850901149,10.4373204677
Waterfalls,water to at,170,0,0,0,ff,3,76.9849218588,10.4374536571
Waterfalls,water to at,171,0,0,0,ff,3,76.9848517061,10.4375073764
Waterfalls,water to at,172,1,2,1,ff,3,76.985071255,10.437529234
Waterfalls,water to at,173,1,1,1,ff,3,76.9852735703,10.4374300745
Waterfalls,water to at,174,1,1,0,ff,3,76.9854979339,10.4374285811
Waterfalls,water to at,175,1,1,1,ff,3,76.9856779275,10.4375653191
Waterfalls,water to at,176,0,0,0,ff,3,76.985869194,10.4376878565
Waterfalls,water to at,177,1,2,1,ff,3,76.9860904192,10.4377233084
Waterfalls,water to at,178,0,0,0,ff,3,76.9863039564,10.4376547172
Waterfalls,water to at,179,1,1,0,ff,3,76.9865133375,10.4375672195
Waterfalls,water to at,180,1,1,0,ff,3,76.986734105,10.4375098535
Waterfalls,water to at,181,0,0,0,ff,3,76.9869440898,10.4374216826
Waterfalls,water to at,182,1,1,0,ff,3,76.9869762807,10.437501361
Waterfalls,water to at,183,1,1,0,ff,3,76.9867709506,10.4376000077
Waterfalls,water to at,184,1,1,0,ff,3,76.9865612243,10.4376873855
Waterfalls,water to at,185,0,0,0,ff,3,76.9863944699,10.4378397688
Waterfalls,water to at,186,1,1,1,ff,3,76.9862229073,10.4379870036
Waterfalls,water to at,187,1,1,0,ff,3,76.9860046019,10.4380376963
Waterfalls,water to at,188,1,1,0,ff,3,76.9858704919,10.4381368961
Waterfalls,water to at,189,0,0,0,ff,3,76.9860868715,10.4381622043
Waterfalls,water to at,190,1,1,0,ff,3,76.9863082688,10.4381346589
Waterfalls,water to at,191,0,0,0,ff,3,76.9864854626,10.4379927794
Waterfalls,water to at,192,0,0,0,ff,3,76.9866592801,10.4378493902
Waterfalls,water to at,193,1,1,0,ff,3,76.9865563707,10.4379706499
Waterfalls,water to at,194,0,0,0,ff,3,76.9863789421,10.4381104248
Waterfalls,water to at,195,0,0,0,ff,3,76.9861859535,10.4382282854
Waterfalls,water to at,196,1,1,0,ff,3,76.9859891209,10.4383417906
Waterfalls,water to at,197,0,0,0,ff,3,76.9857983503,10.4384640346
Waterfalls,water to at,198,0,0,0,ff,3,76.9855761094,10.4385123473
Waterfalls,water to at,199,0,0,0,ff,3,76.9853501542,10.438543445
Waterfalls,water to at,200,1,1,0,ff,3,76.9851626778,10.4386369833
Waterfalls,water to at,201,0,0,0,ff,3,76.9852055274,10.4388424637
Waterfalls,water to at,202,1,1,0,ff,3,76.9853444438,10.4390216779
Waterfalls,water to at,203,0,0,0,ff,3,76.98540194,10.4392373989
Waterfalls,water to at,204,1,1,1,ff,3,76.9854097324,10.4394621404
Waterfalls,water to at,205,1,1,1,ff,3,76.9854022833,10.4396856131
Waterfalls,water to at,206,1,1,1,ff,3,76.985459709,10.4399041867
Waterfalls,water to at,207,0,0,0,ff,3,76.9855283754,10.4401176505
Waterfalls,water to at,208,1,1,0,ff,3,76.9856083059,10.4403123077
Attakatti - 1 hpb,at to 1 hb,1,1,2,1,ff,3,76.9856741,10.4444926
Attakatti - 1 hpb,at to 1 hb,2,1,1,0,ff,3,76.9857312496,10.4446921197
Attakatti - 1 hpb,at to 1 hb,3,0,0,0,ff,3,76.9858027263,10.4448903121
Attakatti - 1 hpb,at to 1 hb,4,1,1,0,ff,3,76.9857630354,10.4451111468
Attakatti - 1 hpb,at to 1 hb,5,1,1,0,ff,3,76.9856348996,10.4452962038
Attakatti - 1 hpb,at to 1 hb,6,1,1,0,ff,3,76.9855149825,10.4454847325
Attakatti - 1 hpb,at to 1 hb,7,1,2,1,ff,3,76.9854023725,10.4456781858
Attakatti - 1 hpb,at to 1 hb,8,1,1,0,ff,3,76.9852739406,10.4458640734
Attakatti - 1 hpb,at to 1 hb,9,1,1,0,ff,3,76.9851474932,10.4460519416
Attakatti - 1 hpb,at to 1 hb,10,1,1,0,ff,3,76.9851028278,10.4462696932
Attakatti - 1 hpb,at to 1 hb,11,1,2,1,ff,3,76.9850578349,10.4464842307
Attakatti - 1 hpb,at to 1 hb,12,0,0,0,ff,3,76.985037168,10.4467082417
Attakatti - 1 hpb,at to 1 hb,13,0,0,0,ff,3,76.9848818232,10.4468617758
Attakatti - 1 hpb,at to 1 hb,14,0,0,0,ff,3,76.9848147023,10.4470760948
Attakatti - 1 hpb,at to 1 hb,15,1,1,0,ff,3,76.9846719576,10.44725063
Attakatti - 1 hpb,at to 1 hb,16,0,0,0,ff,3,76.9844654658,10.4473334076
Attakatti - 1 hpb,at to 1 hb,17,0,0,0,ff,3,76.9844620712,10.4474113074
Attakatti - 1 hpb,at to 1 hb,18,0,0,0,ff,3,76.984685978,10.4473693022
Attakatti - 1 hpb,at to 1 hb,19,1,1,0,ff,3,76.9848948828,10.4472853142
Attakatti - 1 hpb,at to 1 hb,20,0,0,0,ff,3,76.9850827731,10.4471584184
Attakatti - 1 hpb,at to 1 hb,21,1,1,0,ff,3,76.9852421234,10.4470055524
Attakatti - 1 hpb,at to 1 hb,22,0,0,0,ff,3,76.9853312016,10.4468015743
Attakatti - 1 hpb,at to 1 hb,23,1,1,1,ff,3,76.9854354065,10.4466027218
Attakatti - 1 hpb,at to 1 hb,24,0,0,0,ff,3,76.9855622716,10.4464151064
Attakatti - 1 hpb,at to 1 hb,25,1,2,1,ff,3,76.9856914378,10.4462302129
Attakatti - 1 hpb,at to 1 hb,26,0,0,0,ff,3,76.9859133891,10.4462155257
Attakatti - 1 hpb,at to 1 hb,27,1,1,0,ff,3,76.9861406146,10.4462021773
Attakatti - 1 hpb,at to 1 hb,28,1,1,0,ff,3,76.9863645073,10.4462267788
Attakatti - 1 hpb,at to 1 hb,29,1,2,1,ff,3,76.9863107216,10.4463798702
Attakatti - 1 hpb,at to 1 hb,30,1,2,1,ff,3,76.9860869861,10.4463494155
Attakatti - 1 hpb,at to 1 hb,31,0,0,0,ff,3,76.9858635887,10.446382563
Attakatti - 1 hpb,at to 1 hb,32,0,0,0,ff,3,76.9857387823,10.4465642205
Attakatti - 1 hpb,at to 1 hb,33,1,1,0,ff,3,76.9856864081,10.4467823843
Attakatti - 1 hpb,at to 1 hb,34,1,1,0,ff,3,76.9856843715,10.4470081701
Attakatti - 1 hpb,at to 1 hb,35,1,1,1,ff,3,76.9857057643,10.447233022
Attakatti - 1 hpb,at to 1 hb,36,1,1,1,ff,3,76.9856725062,10.4474554742
Attakatti - 1 hpb,at to 1 hb,37,1,2,1,ff,3,76.9855982836,10.447667173
Attakatti - 1 hpb,at to 1 hb,38,0,0,0,ff,3,76.9854391187,10.4478215622
Attakatti - 1 hpb,at to 1 hb,39,0,0,0,ff,3,76.9852203455,10.4478838827
Attakatti - 1 hpb,at to 1 hb,40,1,1,0,ff,3,76.9850048017,10.4479511303
Attakatti - 1 hpb,at to 1 hb,41,0,0,0,ff,3,76.9847887081,10.4480231939
Attakatti - 1 hpb,at to 1 hb,42,1,1,0,ff,3,76.9845662648,10.448066167
Attakatti - 1 hpb,at to 1 hb,43,1,1,1,ff,3,76.9843398438,10.4480417728
Attakatti - 1 hpb,at to 1 hb,44,0,0,0,ff,3,76.9841152521,10.4480028037
Attakatti - 1 hpb,at to 1 hb,45,1,1,0,ff,3,76.9838874511,10.4479977694
Attakatti - 1 hpb,at to 1 hb,46,0,0,0,ff,3,76.9836618498,10.4480298272
Attakatti - 1 hpb,at to 1 hb,47,1,1,0,ff,3,76.9834500987,10.4481117443
Attakatti - 1 hpb,at to 1 hb,48,1,1,0,ff,3,76.9832327766,10.4481774428
Attakatti - 1 hpb,at to 1 hb,49,0,0,0,ff,3,76.9830110632,10.4482305376
Attakatti - 1 hpb,at to 1 hb,50,0,0,0,ff,3,76.9831308832,10.4483017565
Attakatti - 1 hpb,at to 1 hb,51,1,1,0,ff,3,76.9833508094,10.4482433172
Attakatti - 1 hpb,at to 1 hb,52,0,0,0,ff,3,76.9835684992,10.4481755151
Attakatti - 1 hpb,at to 1 hb,53,1,1,0,ff,3,76.9837912947,10.4481284734
Attakatti - 1 hpb,at to 1 hb,54,0,0,0,ff,3,76.9840130096,10.4481553459
Attakatti - 1 hpb,at to 1 hb,55,0,0,0,ff,3,76.9841991526,10.4482853494
Attakatti - 1 hpb,at to 1 hb,56,0,0,0,ff,3,76.9843855218,10.4484157635
Attakatti - 1 hpb,at to 1 hb,57,0,0,0,ff,3,76.9845868293,10.448521673
Attakatti - 1 hpb,at to 1 hb,58,0,0,0,ff,3,76.9848020858,10.4485894378
Attakatti - 1 hpb,at to 1 hb,59,1,1,0,ff,3,76.9849355753,10.4487515861
Attakatti - 1 hpb,at to 1 hb,60,0,0,0,ff,3,76.9848598775,10.4489528243
Attakatti - 1 hpb,at to 1 hb,61,0,0,0,ff,3,76.9846916645,10.4491025864
Attakatti - 1 hpb,at to 1 hb,62,0,0,0,ff,3,76.9845204483,10.4492506909
Attakatti - 1 hpb,at to 1 hb,63,0,0,0,ff,3,76.984345506,10.4492362054
Attakatti - 1 hpb,at to 1 hb,64,1,1,0,ff,3,76.9843203438,10.4490285712
Attakatti - 1 hpb,at to 1 hb,65,0,0,0,ff,3,76.9842780112,10.4488157207
Attakatti - 1 hpb,at to 1 hb,66,1,1,0,ff,3,76.9842084516,10.4486032887
Attakatti - 1 hpb,at to 1 hb,67,0,0,0,ff,3,76.9840380056,10.4484718268
Attakatti - 1 hpb,at to 1 hb,68,0,0,0,ff,3,76.9838167198,10.4484342086
Attakatti - 1 hpb,at to 1 hb,69,0,0,0,ff,3,76.9835989312,10.448479604
Attakatti - 1 hpb,at to 1 hb,70,0,0,0,ff,3,76.9833947195,10.4485781303
Attakatti - 1 hpb,at to 1 hb,71,0,0,0,ff,3,76.9831710461,10.4486215808
Attakatti - 1 hpb,at to 1 hb,72,0,0,0,ff,3,76.9829623814,10.4486907
Attakatti - 1 hpb,at to 1 hb,73,1,1,0,ff,3,76.9831854612,10.4487142066
Attakatti - 1 hpb,at to 1 hb,74,0,0,0,ff,3,76.98341096,10.4486833478
Attakatti - 1 hpb,at to 1 hb,75,0,0,0,ff,3,76.9836340221,10.448673511
Attakatti - 1 hpb,at to 1 hb,76,0,0,0,ff,3,76.9838512595,10.4486077179
Attakatti - 1 hpb,at to 1 hb,77,0,0,0,ff,3,76.9839799123,10.4487109137
Attakatti - 1 hpb,at to 1 hb,78,0,0,0,ff,3,76.98378307,10.4486396609
Attakatti - 1 hpb,at to 1 hb,79,0,0,0,ff,3,76.9835647492,10.4487018036
Attakatti - 1 hpb,at to 1 hb,80,1,1,0,ff,3,76.9833418139,10.4487384652
Attakatti - 1 hpb,at to 1 hb,81,0,0,0,ff,3,76.9831239338,10.4487998271
Attakatti - 1 hpb,at to 1 hb,82,0,0,0,ff,3,76.9829083616,10.4488517214
Attakatti - 1 hpb,at to 1 hb,83,0,0,0,ff,3,76.982702905,10.4488554955
Attakatti - 1 hpb,at to 1 hb,84,0,0,0,ff,3,76.9827874052,10.4489932351
Attakatti - 1 hpb,at to 1 hb,85,0,0,0,ff,3,76.9830105495,10.4490338132
Attakatti - 1 hpb,at to 1 hb,86,0,0,0,ff,3,76.9832366812,10.4490033075
Attakatti - 1 hpb,at to 1 hb,87,0,0,0,ff,3,76.9834644912,10.4489913958
Attakatti - 1 hpb,at to 1 hb,88,0,0,0,ff,3,76.9836892869,10.44901022
Attakatti - 1 hpb,at to 1 hb,89,1,1,0,ff,3,76.9838626736,10.4490821209
Attakatti - 1 hpb,at to 1 hb,90,0,0,0,ff,3,76.983916257,10.449300143
Attakatti - 1 hpb,at to 1 hb,91,1,1,0,ff,3,76.9839844112,10.4495152285
Attakatti - 1 hpb,at to 1 hb,92,0,0,0,ff,3,76.9840302708,10.4497349065
Attakatti - 1 hpb,at to 1 hb,93,0,0,0,ff,3,76.9840841476,10.4499476779
Attakatti - 1 hpb,at to 1 hb,94,0,0,0,ff,3,76.9841121483,10.4501367045
Attakatti - 1 hpb,at to 1 hb,95,1,1,0,ff,3,76.9840914153,10.450351341
Attakatti - 1 hpb,at to 1 hb,96,0,0,0,ff,3,76.9840274856,10.4505680853
Attakatti - 1 hpb,at to 1 hb,97,0,0,0,ff,3,76.9839975064,10.4507484179
Attakatti - 1 hpb,at to 1 hb,98,0,0,0,ff,3,76.9839952191,10.4505624585
Attakatti - 1 hpb,at to 1 hb,99,0,0,0,ff,3,76.9840174237,10.4503388468
Attakatti - 1 hpb,at to 1 hb,100,1,1,0,ff,3,76.9840148152,10.4501138024
Attakatti - 1 hpb,at to 1 hb,101,0,0,0,ff,3,76.9839428721,10.4499033624
Attakatti - 1 hpb,at to 1 hb,102,1,1,0,ff,3,76.9838021677,10.4497256943
Attakatti - 1 hpb,at to 1 hb,103,0,0,0,ff,3,76.983711955,10.4495198914
Attakatti - 1 hpb,at to 1 hb,104,0,0,0,ff,3,76.9835630213,10.4493681612
Attakatti - 1 hpb,at to 1 hb,105,0,0,0,ff,3,76.9833510941,10.4494460392
Attakatti - 1 hpb,at to 1 hb,106,1,1,0,ff,3,76.9831335802,10.4495138088
Attakatti - 1 hpb,at to 1 hb,107,0,0,0,ff,3,76.9829190167,10.449577892
Attakatti - 1 hpb,at to 1 hb,108,0,0,0,ff,3,76.9827141465,10.4494933741
Attakatti - 1 hpb,at to 1 hb,109,0,0,0,ff,3,76.9825209521,10.449377415
Attakatti - 1 hpb,at to 1 hb,110,1,1,0,ff,3,76.9822977907,10.449378531
Attakatti - 1 hpb,at to 1 hb,111,0,0,0,ff,3,76.9820824626,10.4493057031
Attakatti - 1 hpb,at to 1 hb,112,0,0,0,ff,3,76.9818642403,10.4492527381
Attakatti - 1 hpb,at to 1 hb,113,0,0,0,ff,3,76.9816403303,10.4492200488
Attakatti - 1 hpb,at to 1 hb,114,0,0,0,ff,3,76.9814229626,10.4491588592
Attakatti - 1 hpb,at to 1 hb,115,0,0,0,ff,3,76.9814821405,10.4492421211
Attakatti - 1 hpb,at to 1 hb,116,0,0,0,ff,3,76.9816910206,10.4493242217
Attakatti - 1 hpb,at to 1 hb,117,1,1,0,ff,3,76.9819140718,10.4493576699
Attakatti - 1 hpb,at to 1 hb,118,0,0,0,ff,3,76.9821092125,10.4494732694
Attakatti - 1 hpb,at to 1 hb,119,1,1,0,ff,3,76.9823223787,10.4494860624
Attakatti - 1 hpb,at to 1 hb,120,0,0,0,ff,3,76.9825215438,10.4495740319
Attakatti - 1 hpb,at to 1 hb,121,0,0,0,ff,3,76.982533536,10.4497941945
Attakatti - 1 hpb,at to 1 hb,122,0,0,0,ff,3,76.9826548877,10.4499703871
Attakatti - 1 hpb,at to 1 hb,123,0,0,0,ff,3,76.9828713642,10.4500359924
Attakatti - 1 hpb,at to 1 hb,124,0,0,0,ff,3,76.98308824,10.4499758847
Attakatti - 1 hpb,at to 1 hb,125,0,0,0,ff,3,76.9832902712,10.4499353835
Attakatti - 1 hpb,at to 1 hb,126,0,0,0,ff,3,76.9831565684,10.4500420433
Attakatti - 1 hpb,at to 1 hb,127,0,0,0,ff,3,76.9829314415,10.4500759276
Attakatti - 1 hpb,at to 1 hb,128,0,0,0,ff,3,76.9827117024,10.4501133427
Attakatti - 1 hpb,at to 1 hb,129,1,1,0,ff,3,76.9825240814,10.4501323608
Attakatti - 1 hpb,at to 1 hb,130,0,0,0,ff,3,76.9823359697,10.4500045469
Attakatti - 1 hpb,at to 1 hb,131,0,0,0,ff,3,76.9821159765,10.4499613859
Attakatti - 1 hpb,at to 1 hb,132,0,0,0,ff,3,76.9819030062,10.4498829311
Attakatti - 1 hpb,at to 1 hb,133,0,0,0,ff,3,76.9816854159,10.4498228932
Attakatti - 1 hpb,at to 1 hb,134,1,1,0,ff,3,76.9814771668,10.4497345653
Attakatti - 1 hpb,at to 1 hb,135,0,0,0,ff,3,76.9812527877,10.4497405654
Attakatti - 1 hpb,at to 1 hb,136,0,0,0,ff,3,76.9810287186,10.4497388591
Attakatti - 1 hpb,at to 1 hb,137,1,1,0,ff,3,76.9808093497,10.4497111012
Attakatti - 1 hpb,at to 1 hb,138,0,0,0,ff,3,76.9806019578,10.4496228021
Attakatti - 1 hpb,at to 1 hb,139,0,0,0,ff,3,76.9803997982,10.4496941317
Attakatti - 1 hpb,at to 1 hb,140,0,0,0,ff,3,76.9805418678,10.449747202
Attakatti - 1 hpb,at to 1 hb,141,1,1,0,ff,3,76.9807648486,10.449762919
Attakatti - 1 hpb,at to 1 hb,142,0,0,0,ff,3,76.9809604842,10.449870349
Attakatti - 1 hpb,at to 1 hb,143,0,0,0,ff,3,76.981149898,10.4499715102
Attakatti - 1 hpb,at to 1 hb,144,1,1,0,ff,3,76.9813641213,10.4499602661
Attakatti - 1 hpb,at to 1 hb,145,0,0,0,ff,3,76.9815091149,10.4501317334
Attakatti - 1 hpb,at to 1 hb,146,0,0,0,ff,3,76.9816823915,10.4502730494
Attakatti - 1 hpb,at to 1 hb,147,1,1,0,ff,3,76.9818550659,10.4504161657
Attakatti - 1 hpb,at to 1 hb,148,0,0,0,ff,3,76.9820579319,10.4505169777
Attakatti - 1 hpb,at to 1 hb,149,0,0,0,ff,3,76.9821980369,10.4506869526
Attakatti - 1 hpb,at to 1 hb,150,1,1,0,ff,3,76.9823669149,10.4508137548
Attakatti - 1 hpb,at to 1 hb,151,0,0,0,ff,3,76.9825890075,10.4508569235
Attakatti - 1 hpb,at to 1 hb,152,0,0,0,ff,3,76.9826845998,10.4508663098
Attakatti - 1 hpb,at to 1 hb,153,1,1,0,ff,3,76.9824615132,10.4508741771
Attakatti - 1 hpb,at to 1 hb,154,0,0,0,ff,3,76.9822462486,10.4508008293
Attakatti - 1 hpb,at to 1 hb,155,1,1,0,ff,3,76.9820248975,10.450761993
Attakatti - 1 hpb,at to 1 hb,156,0,0,0,ff,3,76.9818004018,10.4508009783
Attakatti - 1 hpb,at to 1 hb,157,0,0,0,ff,3,76.9816246093,10.4506980635
Attakatti - 1 hpb,at to 1 hb,158,0,0,0,ff,3,76.9814413729,10.4505804172
Attakatti - 1 hpb,at to 1 hb,159,0,0,0,ff,3,76.9813023971,10.450472964
Attakatti - 1 hpb,at to 1 hb,160,1,1,0,ff,3,76.9814137583,10.450658797
Attakatti - 1 hpb,at to 1 hb,161,0,0,0,ff,3,76.9815143879,10.4508610207
Attakatti - 1 hpb,at to 1 hb,162,1,1,0,ff,3,76.9815540955,10.4510809018
Attakatti - 1 hpb,at to 1 hb,163,0,0,0,ff,3,76.9817403913,10.4511980759
Attakatti - 1 hpb,at to 1 hb,164,0,0,0,ff,3,76.9819559069,10.451267507
Attakatti - 1 hpb,at to 1 hb,165,0,0,0,ff,3,76.982181713,10.4512773055
Attakatti - 1 hpb,at to 1 hb,166,0,0,0,ff,3,76.9824022681,10.4512199191
Attakatti - 1 hpb,at to 1 hb,167,0,0,0,ff,3,76.9826243384,10.4512284712
Attakatti - 1 hpb,at to 1 hb,168,0,0,0,ff,3,76.9828409178,10.4511777926
Attakatti - 1 hpb,at to 1 hb,169,0,0,0,ff,3,76.9830515967,10.4511872796
Attakatti - 1 hpb,at to 1 hb,170,0,0,0,ff,3,76.9831987254,10.4513590376
Attakatti - 1 hpb,at to 1 hb,171,0,0,0,ff,3,76.9832293213,10.4514540037
Attakatti - 1 hpb,at to 1 hb,172,0,0,0,ff,3,76.9830691472,10.4513084266
Attakatti - 1 hpb,at to 1 hb,173,1,1,0,ff,3,76.9828567324,10.4513584904
Attakatti - 1 hpb,at to 1 hb,174,0,0,0,ff,3,76.9826874325,10.4515089482
Attakatti - 1 hpb,at to 1 hb,175,0,0,0,ff,3,76.9825271027,10.4516637598
Attakatti - 1 hpb,at to 1 hb,176,0,0,0,ff,3,76.9823589082,10.4518118405
Attakatti - 1 hpb,at to 1 hb,177,0,0,0,ff,3,76.9821495697,10.4519007571
Attakatti - 1 hpb,at to 1 hb,178,0,0,0,ff,3,76.9819226762,10.4518761847
Attakatti - 1 hpb,at to 1 hb,179,0,0,0,ff,3,76.9817038016,10.4518162824
Attakatti - 1 hpb,at to 1 hb,180,0,0,0,ff,3,76.9814784106,10.4517815886
Attakatti - 1 hpb,at to 1 hb,181,0,0,0,ff,3,76.9812601425,10.4517167921
Attakatti - 1 hpb,at to 1 hb,182,0,0,0,ff,3,76.9810989868,10.4515639375
Attakatti - 1 hpb,at to 1 hb,183,0,0,0,ff,3,76.9810441011,10.4513482888
Attakatti - 1 hpb,at to 1 hb,184,1,1,0,ff,3,76.9809825804,10.4511658821
Attakatti - 1 hpb,at to 1 hb,185,0,0,0,ff,3,76.9807578881,10.4511596167
Attakatti - 1 hpb,at to 1 hb,186,0,0,0,ff,3,76.9805444701,10.4510878017
Attakatti - 1 hpb,at to 1 hb,187,1,1,0,ff,3,76.9804075074,10.4509146932
Attakatti - 1 hpb,at to 1 hb,188,1,1,1,ff,3,76.9803009486,10.4507158499
Attakatti - 1 hpb,at to 1 hb,189,1,3,2,ff,3,76.9801851061,10.4505307274
Attakatti - 1 hpb,at to 1 hb,190,1,1,1,ff,3,76.9799683995,10.4504846156
Attakatti - 1 hpb,at to 1 hb,191,1,1,0,ff,3,76.9797434775,10.4504462252
Attakatti - 1 hpb,at to 1 hb,192,1,1,0,ff,3,76.9795207443,10.45039757
Attakatti - 1 hpb,at to 1 hb,193,1,1,0,ff,3,76.9793038776,10.4503280149
Attakatti - 1 hpb,at to 1 hb,194,1,1,1,ff,3,76.9790945372,10.4503724876
Attakatti - 1 hpb,at to 1 hb,195,1,1,0,ff,3,76.978870737,10.4504044373
Attakatti - 1 hpb,at to 1 hb,196,1,1,1,ff,3,76.9786637677,10.4504795004
Attakatti - 1 hpb,at to 1 hb,197,0,0,0,ff,3,76.9784633937,10.4505788502
Attakatti - 1 hpb,at to 1 hb,198,0,0,0,ff,3,76.9782384571,10.4505571986
Attakatti - 1 hpb,at to 1 hb,199,1,1,0,ff,3,76.97801338,10.4505417574
Attakatti - 1 hpb,at to 1 hb,200,0,0,0,ff,3,76.9777870687,10.4505173856
Attakatti - 1 hpb,at to 1 hb,201,1,1,0,ff,3,76.9775592984,10.4505097493
Attakatti - 1 hpb,at to 1 hb,202,0,0,0,ff,3,76.9773476391,10.450442755
Attakatti - 1 hpb,at to 1 hb,203,0,0,0,ff,3,76.9771288274,10.4503798544
Attakatti - 1 hpb,at to 1 hb,204,0,0,0,ff,3,76.9769093063,10.4503178589
Attakatti - 1 hpb,at to 1 hb,205,1,1,0,ff,3,76.9766913371,10.4502514458
Attakatti - 1 hpb,at to 1 hb,206,1,1,0,ff,3,76.9765149187,10.4501164491
Attakatti - 1 hpb,at to 1 hb,207,1,1,0,ff,3,76.9763278725,10.4499961881
Attakatti - 1 hpb,at to 1 hb,208,0,0,0,ff,3,76.9761142525,10.4499202942
Attakatti - 1 hpb,at to 1 hb,209,0,0,0,ff,3,76.9759191926,10.4498033943
Attakatti - 1 hpb,at to 1 hb,210,0,0,0,ff,3,76.9757318056,10.44967522
Attakatti - 1 hpb,at to 1 hb,211,1,1,0,ff,3,76.9755160396,10.4496312145
Attakatti - 1 hpb,at to 1 hb,212,0,0,0,ff,3,76.9752888356,10.4496513713
Attakatti - 1 hpb,at to 1 hb,213,0,0,0,ff,3,76.9750695919,10.4496145381
Attakatti - 1 hpb,at to 1 hb,214,1,1,0,ff,3,76.974848466,10.4496665432
Attakatti - 1 hpb,at to 1 hb,215,1,1,0,ff,3,76.9746213949,10.449667204
Attakatti - 1 hpb,at to 1 hb,216,0,0,0,ff,3,76.974403092,10.4496100464
Attakatti - 1 hpb,at to 1 hb,217,0,0,0,ff,3,76.9741832515,10.4495506239
Attakatti - 1 hpb,at to 1 hb,218,1,1,0,ff,3,76.9739887783,10.4494357397
Attakatti - 1 hpb,at to 1 hb,219,0,0,0,ff,3,76.9737805932,10.4493451958
Attakatti - 1 hpb,at to 1 hb,220,0,0,0,ff,3,76.9735756246,10.4492466327
Attakatti - 1 hpb,at to 1 hb,221,0,0,0,ff,3,76.973382237,10.4491281283
Attakatti - 1 hpb,at to 1 hb,222,0,0,0,ff,3,76.9733372043,10.4492221529
Attakatti - 1 hpb,at to 1 hb,223,1,1,0,ff,3,76.9735403953,10.4493165474
Attakatti - 1 hpb,at to 1 hb,224,1,1,0,ff,3,76.9737248979,10.4494477817
Attakatti - 1 hpb,at to 1 hb,225,0,0,0,ff,3,76.9738961021,10.4495965059
Attakatti - 1 hpb,at to 1 hb,226,1,1,0,ff,3,76.9740967609,10.4496980553
Attakatti - 1 hpb,at to 1 hb,227,0,0,0,ff,3,76.9742926577,10.4498134443
Attakatti - 1 hpb,at to 1 hb,228,0,0,0,ff,3,76.9744760573,10.4499417182
Attakatti - 1 hpb,at to 1 hb,229,0,0,0,ff,3,76.9747007224,10.4499671997
Attakatti - 1 hpb,at to 1 hb,230,0,0,0,ff,3,76.97492744,10.449950637
Attakatti - 1 hpb,at to 1 hb,231,1,1,0,ff,3,76.9751532317,10.4499234213
Attakatti - 1 hpb,at to 1 hb,232,0,0,0,ff,3,76.9753768291,10.4499035053
Attakatti - 1 hpb,at to 1 hb,233,0,0,0,ff,3,76.9755721064,10.4500112977
Attakatti - 1 hpb,at to 1 hb,234,0,0,0,ff,3,76.9756640295,10.4502172936
Attakatti - 1 hpb,at to 1 hb,235,0,0,0,ff,3,76.9757490188,10.4504255914
Attakatti - 1 hpb,at to 1 hb,236,1,1,0,ff,3,76.9759446467,10.4505181374
Attakatti - 1 hpb,at to 1 hb,237,0,0,0,ff,3,76.97617155,10.4505312787
Attakatti - 1 hpb,at to 1 hb,238,0,0,0,ff,3,76.9763191155,10.4506973914
Attakatti - 1 hpb,at to 1 hb,239,1,1,0,ff,3,76.9765224593,10.4507948789
Attakatti - 1 hpb,at to 1 hb,240,0,0,0,ff,3,76.9767266053,10.4508940135
Attakatti - 1 hpb,at to 1 hb,241,0,0,0,ff,3,76.9769228695,10.4510093756
Attakatti - 1 hpb,at to 1 hb,242,0,0,0,ff,3,76.9770700999,10.4511770075
Attakatti - 1 hpb,at to 1 hb,243,0,0,0,ff,3,76.9771951564,10.4513583458
Attakatti - 1 hpb,at to 1 hb,244,1,1,0,ff,3,76.9773831145,10.451480183
Attakatti - 1 hpb,at to 1 hb,245,1,1,0,ff,3,76.9774481001,10.4516919168
Attakatti - 1 hpb,at to 1 hb,246,1,1,0,ff,3,76.9775724597,10.4518645845
Attakatti - 1 hpb,at to 1 hb,247,1,1,1,ff,3,76.9777740452,10.451781951
Attakatti - 1 hpb,at to 1 hb,248,0,0,0,ff,3,76.9779729333,10.4516849579
Attakatti - 1 hpb,at to 1 hb,249,1,1,0,ff,3,76.9781838222,10.4517629463
Attakatti - 1 hpb,at to 1 hb,250,0,0,0,ff,3,76.9783725955,10.451889939
Attakatti - 1 hpb,at to 1 hb,251,1,1,0,ff,3,76.9785774129,10.451983947
Attakatti - 1 hpb,at to 1 hb,252,1,2,1,ff,3,76.9786064991,10.4521660314
Attakatti - 1 hpb,at to 1 hb,253,1,1,1,ff,3,76.9784822247,10.452355386
Attakatti - 1 hpb,at to 1 hb,254,0,0,0,ff,3,76.9784687746,10.4525722117
Attakatti - 1 hpb,at to 1 hb,255,0,0,0,ff,3,76.9785072149,10.4527940817
Attakatti - 1 hpb,at to 1 hb,256,0,0,0,ff,3,76.9786588108,10.4529570825
Attakatti - 1 hpb,at to 1 hb,257,0,0,0,ff,3,76.9788630245,10.4530576657
Attakatti - 1 hpb,at to 1 hb,258,0,0,0,ff,3,76.9790485302,10.4531889085
Attakatti - 1 hpb,at to 1 hb,259,1,1,0,ff,3,76.9792037032,10.4533519834
Attakatti - 1 hpb,at to 1 hb,260,0,0,0,ff,3,76.9792559422,10.4535678927
Attakatti - 1 hpb,at to 1 hb,261,0,0,0,ff,3,76.9792236538,10.4537898684
Attakatti - 1 hpb,at to 1 hb,262,0,0,0,ff,3,76.9791858245,10.4540126152
Attakatti - 1 hpb,at to 1 hb,263,1,1,0,ff,3,76.9791822694,10.4542362378
Attakatti - 1 hpb,at to 1 hb,264,0,0,0,ff,3,76.9793001718,10.4544230078
Attakatti - 1 hpb,at to 1 hb,265,1,1,0,ff,3,76.9795076497,10.4545114395
Attakatti - 1 hpb,at to 1 hb,266,1,2,1,ff,3,76.9797344074,10.4545018196
Attakatti - 1 hpb,at to 1 hb,267,0,0,0,ff,3,76.9799618551,10.4544825044
Azhiyar,1st hb to azi,1,1,2,1,ff,3,76.9801637,10.4544555
Azhiyar,1st hb to azi,2,0,0,0,ff,3,76.980377976,10.454434639
Azhiyar,1st hb to azi,3,0,0,0,ff,3,76.9802092694,10.4544922357
Azhiyar,1st hb to azi,4,1,1,0,ff,3,76.979991233,10.454558082
Azhiyar,1st hb to azi,5,1,1,0,ff,3,76.9797735704,10.4546259156
Azhiyar,1st hb to azi,6,0,0,0,ff,3,76.9795566426,10.4546963272
Azhiyar,1st hb to azi,7,0,0,0,ff,3,76.9793438667,10.4547777498
Azhiyar,1st hb to azi,8,0,0,0,ff,3,76.9791524083,10.4548983382
Azhiyar,1st hb to azi,9,1,1,0,ff,3,76.9789739665,10.4550383248
Azhiyar,1st hb to azi,10,0,0,0,ff,3,76.9787651555,10.4551208889
Azhiyar,1st hb to azi,11,1,1,0,ff,3,76.9786963101,10.4549474383
Azhiyar,1st hb to azi,12,1,1,0,ff,3,76.9787234235,10.4547248501
Azhiyar,1st hb to azi,13,0,0,0,ff,3,76.9786722699,10.4545049639
Azhiyar,1st hb to azi,14,1,1,0,ff,3,76.9785902971,10.4542985999
Azhiyar,1st hb to azi,15,0,0,0,ff,3,76.9784423058,10.4541507251
Azhiyar,1st hb to azi,16,0,0,0,ff,3,76.9782197842,10.4541002024
Azhiyar,1st hb to azi,17,0,0,0,ff,3,76.9779991196,10.4540710861
Azhiyar,1st hb to azi,18,0,0,0,ff,3,76.9778403783,10.4539136046
Azhiyar,1st hb to azi,19,0,0,0,ff,3,76.9777028923,10.4537358811
Azhiyar,1st hb to azi,20,0,0,0,ff,3,76.9775172163,10.4536072715
Azhiyar,1st hb to azi,21,0,0,0,ff,3,76.9773394103,10.4534835838
Azhiyar,1st hb to azi,22,0,0,0,ff,3,76.9772627721,10.4532718812
Azhiyar,1st hb to azi,23,1,1,1,ff,3,76.9771217074,10.4531077889
Azhiyar,1st hb to azi,24,1,1,0,ff,3,76.9769335429,10.4529951967
Azhiyar,1st hb to azi,25,1,1,0,ff,3,76.9767103517,10.4530350602
Azhiyar,1st hb to azi,26,0,0,0,ff,3,76.9764937546,10.4530557105
Azhiyar,1st hb to azi,27,1,1,0,ff,3,76.9763890558,10.4528729482
Azhiyar,1st hb to azi,28,0,0,0,ff,3,76.9763831837,10.4526473025
Azhiyar,1st hb to azi,29,1,1,0,ff,3,76.9761731266,10.4526710761
Azhiyar,1st hb to azi,30,0,0,0,ff,3,76.9759704923,10.4527692375
Azhiyar,1st hb to azi,31,0,0,0,ff,3,76.9757540623,10.4527080418
Azhiyar,1st hb to azi,32,0,0,0,ff,3,76.975537791,10.4526483668
Azhiyar,1st hb to azi,33,1,1,0,ff,3,76.9753176352,10.4525913908
Azhiyar,1st hb to azi,34,1,1,0,ff,3,76.9750906697,10.4525867294
Azhiyar,1st hb to azi,35,0,0,0,ff,3,76.974873931,10.4525266713
Azhiyar,1st hb to azi,36,0,0,0,ff,3,76.9746679082,10.4524326957
Azhiyar,1st hb to azi,37,0,0,0,ff,3,76.9744465691,10.4523793293
Azhiyar,1st hb to azi,38,0,0,0,ff,3,76.974220675,10.4523564945
Azhiyar,1st hb to azi,39,0,0,0,ff,3,76.9740043533,10.4524246785
Azhiyar,1st hb to azi,40,0,0,0,ff,3,76.9737993821,10.452523761
Azhiyar,1st hb to azi,41,1,1,0,ff,3,76.9735832498,10.4525957389
Azhiyar,1st hb to azi,42,0,0,0,ff,3,76.9733677192,10.4526695878
Azhiyar,1st hb to azi,43,0,0,0,ff,3,76.9731613587,10.4527643073
Azhiyar,1st hb to azi,44,0,0,0,ff,3,76.9729429948,10.4528251989
Azhiyar,1st hb to azi,45,1,1,0,ff,3,76.9727318161,10.4529027408
Azhiyar,1st hb to azi,46,0,0,0,ff,3,76.9725885007,10.4530785026
Azhiyar,1st hb to azi,47,0,0,0,ff,3,76.9724425776,10.4532488627
Azhiyar,1st hb to azi,48,0,0,0,ff,3,76.9723104282,10.4534302799
Azhiyar,1st hb to azi,49,0,0,0,ff,3,76.9722296695,10.4536413564
Azhiyar,1st hb to azi,50,0,0,0,ff,3,76.9720616467,10.4537857596
Azhiyar,1st hb to azi,51,1,1,0,ff,3,76.9718429063,10.4538368774
Azhiyar,1st hb to azi,52,0,0,0,ff,3,76.9716563181,10.4539608152
Azhiyar,1st hb to azi,53,1,1,0,ff,3,76.9715454414,10.454152619
Azhiyar,1st hb to azi,54,1,1,1,ff,3,76.9716291282,10.4543595034
Azhiyar,1st hb to azi,55,1,1,0,ff,3,76.9716395247,10.454576309
Azhiyar,1st hb to azi,56,1,1,0,ff,3,76.9714761357,10.4547101292
Azhiyar,1st hb to azi,57,1,1,0,ff,3,76.9712593077,10.4546614028
Azhiyar,1st hb to azi,58,1,1,0,ff,3,76.971106274,10.4544987652
Azhiyar,1st hb to azi,59,0,0,0,ff,3,76.9709440761,10.4543400096
Azhiyar,1st hb to azi,60,1,1,1,ff,3,76.9707465221,10.4542400867
Azhiyar,1st hb to azi,61,1,1,0,ff,3,76.9705223437,10.4542687982
Azhiyar,1st hb to azi,62,1,1,1,ff,3,76.9703082148,10.4542118325
Azhiyar,1st hb to azi,63,1,2,1,ff,3,76.9700813846,10.4542035646
Azhiyar,1st hb to azi,64,0,0,0,ff,3,76.9698671426,10.4541392818
Azhiyar,1st hb to azi,65,0,0,0,ff,3,76.9696408187,10.4541655972
Azhiyar,1st hb to azi,66,0,0,0,ff,3,76.9694181276,10.454214716
Azhiyar,1st hb to azi,67,0,0,0,ff,3,76.9692219022,10.4542826605
Azhiyar,1st hb to azi,68,1,1,0,ff,3,76.9692314319,10.4545050039
Azhiyar,1st hb to azi,69,1,1,0,ff,3,76.9693452251,10.4547008222
Azhiyar,1st hb to azi,70,0,0,0,ff,3,76.969385974,10.4549209784
Azhiyar,1st hb to azi,71,0,0,0,ff,3,76.9694907679,10.4551202291
Azhiyar,1st hb to azi,72,0,0,0,ff,3,76.9696061542,10.4553121849
Azhiyar,1st hb to azi,73,1,1,1,ff,3,76.9697321084,10.4554989489
Azhiyar,1st hb to azi,74,1,1,0,ff,3,76.9698476422,10.4556935925
Azhiyar,1st hb to azi,75,0,0,0,ff,3,76.9699899516,10.4558694229
Azhiyar,1st hb to azi,76,1,1,0,ff,3,76.9700350465,10.4560760963
Azhiyar,1st hb to azi,77,1,1,0,ff,3,76.9700291753,10.4563015117
Azhiyar,1st hb to azi,78,1,2,1,ff,3,76.9701219762,10.4565027885
Azhiyar,1st hb to azi,79,1,1,0,ff,3,76.9703296654,10.4564831775
Azhiyar,1st hb to azi,80,1,2,1,ff,3,76.9705043747,10.4563387123
Azhiyar,1st hb to azi,81,0,0,0,ff,3,76.9707072017,10.4562387528
Azhiyar,1st hb to azi,82,0,0,0,ff,3,76.9709307537,10.4562389429
Azhiyar,1st hb to azi,83,0,0,0,ff,3,76.971084677,10.4563997941
Azhiyar,1st hb to azi,84,1,1,0,ff,3,76.9712231114,10.4565789961
Azhiyar,1st hb to azi,85,1,1,0,ff,3,76.9713309477,10.4567641037
Azhiyar,1st hb to azi,86,1,1,0,ff,3,76.9712399591,10.4569494922
Azhiyar,1st hb to azi,87,1,1,0,ff,3,76.9713442082,10.4571361929
Azhiyar,1st hb to azi,88,1,1,0,ff,3,76.9713579098,10.4573275576
Azhiyar,1st hb to azi,89,0,0,0,ff,3,76.9711933556,10.4574820841
Azhiyar,1st hb to azi,90,0,0,0,ff,3,76.9710159594,10.4576209423
Azhiyar,1st hb to azi,91,1,1,0,ff,3,76.9707947602,10.4576119005
Azhiyar,1st hb to azi,92,0,0,0,ff,3,76.9705828694,10.4575291143
Azhiyar,1st hb to azi,93,0,0,0,ff,3,76.970359623,10.4575298897
Azhiyar,1st hb to azi,94,0,0,0,ff,3,76.9701482147,10.4576049683
Azhiyar,1st hb to azi,95,1,1,0,ff,3,76.9699788886,10.4577541685
Azhiyar,1st hb to azi,96,1,1,0,ff,3,76.9698254369,10.457906723
Azhiyar,1st hb to azi,97,0,0,0,ff,3,76.9697810203,10.4581277182
Azhiyar,1st hb to azi,98,1,1,0,ff,3,76.9696956114,10.45833666
Azhiyar,1st hb to azi,99,1,1,0,ff,3,76.969661935,10.4585552564
Azhiyar,1st hb to azi,100,1,1,0,ff,3,76.9696912182,10.4587770657
Azhiyar,1st hb to azi,101,0,0,0,ff,3,76.9696705531,10.4590019722
Azhiyar,1st hb to azi,102,1,2,1,ff,3,76.9696235214,10.4592230746
Azhiyar,1st hb to azi,103,0,0,0,ff,3,76.9695697444,10.4594382065
Azhiyar,1st hb to azi,104,0,0,0,ff,3,76.9694287055,10.4596063322
Azhiyar,1st hb to azi,105,0,0,0,ff,3,76.9694360408,10.4598211861
Azhiyar,1st hb to azi,106,0,0,0,ff,3,76.9693600382,10.4600162516
Azhiyar,1st hb to azi,107,1,1,0,ff,3,76.9692050175,10.4601814811
Azhiyar,1st hb to azi,108,1,1,0,ff,3,76.9690170886,10.4603090637
Azhiyar,1st hb to azi,109,1,1,0,ff,3,76.968816798,10.4604172936
Azhiyar,1st hb to azi,110,1,1,0,ff,3,76.9686016079,10.4604919388
Azhiyar,1st hb to azi,111,0,0,0,ff,3,76.9683814442,10.4605517042
Azhiyar,1st hb to azi,112,0,0,0,ff,3,76.9681631663,10.4606164709
Azhiyar,1st hb to azi,113,0,0,0,ff,3,76.9679401838,10.4606605264
Azhiyar,1st hb to azi,114,0,0,0,ff,3,76.9677230482,10.4607302671
Azhiyar,1st hb to azi,115,1,1,0,ff,3,76.9675028623,10.4607893394
Azhiyar,1st hb to azi,116,0,0,0,ff,3,76.9672817679,10.4608456436
Azhiyar,1st hb to azi,117,0,0,0,ff,3,76.9670739036,10.460937183
Azhiyar,1st hb to azi,118,1,1,0,ff,3,76.9668801709,10.4610554722
Azhiyar,1st hb to azi,119,0,0,0,ff,3,76.9667421361,10.4612346981
Azhiyar,1st hb to azi,120,1,1,0,ff,3,76.9666346479,10.46143148
Azhiyar,1st hb to azi,121,1,1,0,ff,3,76.9665565883,10.4616437085
Azhiyar,1st hb to azi,122,1,1,0,ff,3,76.9664777104,10.4618543374
Azhiyar,1st hb to azi,123,1,1,1,ff,3,76.9664056187,10.4620674733
Azhiyar,1st hb to azi,124,1,2,1,ff,3,76.9663234034,10.4622779145
Azhiyar,1st hb to azi,125,1,1,1,ff,3,76.9662282239,10.4624825889
Azhiyar,1st hb to azi,126,1,1,1,ff,3,76.9662237601,10.4627082334
Azhiyar,1st hb to azi,127,1,1,1,ff,3,76.9663269428,10.4628960666
Azhiyar,1st hb to azi,128,1,1,0,ff,3,76.9663851017,10.4631109688
Azhiyar,1st hb to azi,129,1,1,0,ff,3,76.966427366,10.46333263
Azhiyar,1st hb to azi,130,1,1,1,ff,3,76.9665643745,10.4635039538
Azhiyar,1st hb to azi,131,1,1,1,ff,3,76.9667200927,10.4636690005
Azhiyar,1st hb to azi,132,1,2,1,ff,3,76.9669104934,10.4637902881
Azhiyar,1st hb to azi,133,0,0,0,ff,3,76.9671303858,10.4638416057
Azhiyar,1st hb to azi,134,1,1,1,ff,3,76.9672774939,10.4639987065
Azhiyar,1st hb to azi,135,1,1,0,ff,3,76.9672977495,10.4642149604
Azhiyar,1st hb to azi,136,0,0,0,ff,3,76.9671760366,10.4644051832
Azhiyar,1st hb to azi,137,1,2,1,ff,3,76.9670479859,10.4645911613
Azhiyar,1st hb to azi,138,1,1,1,ff,3,76.9668892757,10.464752978
Azhiyar,1st hb to azi,139,1,2,1,ff,3,76.966774328,10.4649465605
Azhiyar,1st hb to azi,140,1,1,1,ff,3,76.9666775777,10.4651510604
Azhiyar,1st hb to azi,141,1,2,1,ff,3,76.9666093054,10.4653665603
Azhiyar,1st hb to azi,142,1,1,1,ff,3,76.9665694177,10.4655874845
Azhiyar,1st hb to azi,143,1,1,1,ff,3,76.9665644976,10.4658123537
Azhiyar,1st hb to azi,144,0,0,0,ff,3,76.966581456,10.4660372825
Azhiyar,1st hb to azi,145,1,1,0,ff,3,76.9665388357,10.4662579204
Azhiyar,1st hb to azi,146,0,0,0,ff,3,76.966452538,10.4664660632
Azhiyar,1st hb to azi,147,1,1,0,ff,3,76.9663284976,10.4666491719
Azhiyar,1st hb to azi,148,0,0,0,ff,3,76.9661433947,10.4667795391
Azhiyar,1st hb to azi,149,1,1,0,ff,3,76.9659447467,10.466890521
Azhiyar,1st hb to azi,150,1,1,0,ff,3,76.9657288393,10.4669636105
Azhiyar,1st hb to azi,151,1,1,0,ff,3,76.9655169288,10.4670461624
Azhiyar,1st hb to azi,152,1,1,0,ff,3,76.9653073346,10.4671357074
Azhiyar,1st hb to azi,153,1,1,0,ff,3,76.9650973319,10.4672243284
Azhiyar,1st hb to azi,154,0,0,0,ff,3,76.9648914665,10.4673217139
Azhiyar,1st hb to azi,155,1,1,0,ff,3,76.9646839031,10.4674153566
Azhiyar,1st hb to azi,156,1,1,0,ff,3,76.9644819229,10.4675205662
Azhiyar,1st hb to azi,157,0,0,0,ff,3,76.9642744826,10.4676145854
Azhiyar,1st hb to azi,158,1,1,0,ff,3,76.9640605018,10.4676925783
Azhiyar,1st hb to azi,159,1,1,0,ff,3,76.9638512286,10.4677828827
Azhiyar,1st hb to azi,160,0,0,0,ff,3,76.963641804,10.4678723071
Azhiyar,1st hb to azi,161,1,1,0,ff,3,76.9634382932,10.4679737792
Azhiyar,1st hb to azi,162,1,1,0,ff,3,76.9632641068,10.4681176788
Azhiyar,1st hb to azi,163,1,1,0,ff,3,76.9630901456,10.4682622041
Azhiyar,1st hb to azi,164,0,0,0,ff,3,76.9629108641,10.4684012853
Azhiyar,1st hb to azi,165,1,1,0,ff,3,76.9627046911,10.46849665
Azhiyar,1st hb to azi,166,1,1,0,ff,3,76.9624864957,10.4685581013
Azhiyar,1st hb to azi,167,1,1,0,ff,3,76.9622596522,10.4685442605
Azhiyar,1st hb to azi,168,1,1,0,ff,3,76.9620497261,10.4684556184
Azhiyar,1st hb to azi,169,0,0,0,ff,3,76.9618275376,10.4684431996
Azhiyar,1st hb to azi,170,0,0,0,ff,3,76.961601416,10.4684731806
Azhiyar,1st hb to azi,171,0,0,0,ff,3,76.9613773265,10.4685158454
Azhiyar,1st hb to azi,172,0,0,0,ff,3,76.9611553681,10.4685623477
Azhiyar,1st hb to azi,173,0,0,0,ff,3,76.9609308943,10.4685963877
Azhiyar,1st hb to azi,174,0,0,0,ff,3,76.9607083176,10.4686464137
Azhiyar,1st hb to azi,175,1,1,0,ff,3,76.9604823755,10.4686708176
Azhiyar,1st hb to azi,176,1,1,1,ff,3,76.9602592309,10.4687091902
Azhiyar,1st hb to azi,177,0,0,0,ff,3,76.9600310616,10.4687126497
Azhiyar,1st hb to azi,178,0,0,0,ff,3,76.959806241,10.4687333285
Azhiyar,1st hb to azi,179,1,1,0,ff,3,76.9595794214,10.4687437615
Azhiyar,1st hb to azi,180,1,1,0,ff,3,76.9593592281,10.4687951199
Azhiyar,1st hb to azi,181,0,0,0,ff,3,76.9591349131,10.4688370482
Azhiyar,1st hb to azi,182,0,0,0,ff,3,76.9589074483,10.4688535656
Azhiyar,1st hb to azi,183,0,0,0,ff,3,76.958679474,10.4688550137
Azhiyar,1st hb to azi,184,0,0,0,ff,3,76.9584513798,10.4688560455
Azhiyar,1st hb to azi,185,1,1,0,ff,3,76.9582244687,10.4688790701
Azhiyar,1st hb to azi,186,0,0,0,ff,3,76.9580106527,10.468949873
Azhiyar,1st hb to azi,187,0,0,0,ff,3,76.9578149183,10.4690662139
Azhiyar,1st hb to azi,188,0,0,0,ff,3,76.957615517,10.4691761718
Azhiyar,1st hb to azi,189,0,0,0,ff,3,76.9573990703,10.4692474144
Azhiyar,1st hb to azi,190,0,0,0,ff,3,76.957187462,10.4693221993
Azhiyar,1st hb to azi,191,0,0,0,ff,3,76.9570493034,10.4694985624
Azhiyar,1st hb to azi,192,0,0,0,ff,3,76.9569696771,10.4697099236
Azhiyar,1st hb to azi,193,0,0,0,ff,3,76.9568960271,10.4699232503
Azhiyar,1st hb to azi,194,1,1,0,ff,3,76.9568211059,10.4701365155
Azhiyar,1st hb to azi,195,0,0,0,ff,3,76.9567409896,10.4703479861
Azhiyar,1st hb to azi,196,0,0,0,ff,3,76.9566501325,10.4705552272
Azhiyar,1st hb to azi,197,0,0,0,ff,3,76.9565284871,10.4707455878
Azhiyar,1st hb to azi,198,0,0,0,ff,3,76.9563767615,10.4709142772
Azhiyar,1st hb to azi,199,0,0,0,ff,3,76.9562380252,10.4710937077
Azhiyar,1st hb to azi,200,0,0,0,ff,3,76.9560987796,10.4712727323
Azhiyar,1st hb to azi,201,0,0,0,ff,3,76.9559612355,10.4714531013
Azhiyar,1st hb to azi,202,0,0,0,ff,3,76.955823947,10.4716336553
Azhiyar,1st hb to azi,203,0,0,0,ff,3,76.9556787643,10.4718080167
Azhiyar,1st hb to azi,204,0,0,0,ff,3,76.9555250061,10.4719749372
Waverly,waverly to 40,1,1,1,0,ft,2,76.9918394,10.4016054
Waverly,waverly to 40,2,0,0,0,ff,3,76.9916286638,10.4015234812
Waverly,waverly to 40,3,0,0,0,ff,3,76.991496916,10.401350733
Waverly,waverly to 40,4,1,1,0,ff,3,76.9914826115,10.4011254813
Waverly,waverly to 40,5,1,1,1,ff,3,76.9914642692,10.4009008862
Waverly,waverly to 40,6,1,1,0,ff,3,76.9913791628,10.4006961544
Waverly,waverly to 40,7,1,1,1,ff,3,76.9912238711,10.4005305638
Waverly,waverly to 40,8,1,2,1,ff,3,76.9910514219,10.4003841118
Waverly,waverly to 40,9,1,1,1,ff,3,76.9909047264,10.400216462
Waverly,waverly to 40,10,1,1,0,ff,3,76.9908191051,10.400009073
Waverly,waverly to 40,11,1,1,0,ff,3,76.9909592562,10.3998318715
Waverly,waverly to 40,12,1,1,0,ff,3,76.991127771,10.399682084
Waverly,waverly to 40,13,0,0,0,ff,3,76.9912079071,10.3994766392
Waverly,waverly to 40,14,1,3,2,ff,3,76.9912206058,10.3992511689
Waverly,waverly to 40,15,1,1,1,ff,3,76.9912606668,10.3990287037
Waverly,waverly to 40,16,0,0,0,ff,3,76.9912579971,10.3988029554
Waverly,waverly to 40,17,1,1,1,ff,3,76.9913092659,10.3985832472
Waverly,waverly to 40,18,1,1,0,ff,3,76.9913521601,10.3983637725
Waverly,waverly to 40,19,1,2,1,ff,3,76.9914346646,10.3981531829
Waverly,waverly to 40,20,0,0,0,ff,3,76.9914897016,10.3979350051
Waverly,waverly to 40,21,1,1,1,ff,3,76.9915635935,10.3977223956
Waverly,waverly to 40,22,1,1,0,ff,3,76.9915767888,10.3974982759
Waverly,waverly to 40,23,0,0,0,ff,3,76.9915327015,10.3972804334
Waverly,waverly to 40,24,1,1,1,ff,3,76.9914195054,10.3970871802
Waverly,waverly to 40,25,1,1,0,ff,3,76.9913911889,10.3968657312
Waverly,waverly to 40,26,1,1,1,ff,3,76.9915037691,10.396669579
Waverly,waverly to 40,27,1,1,1,ff,3,76.9915642756,10.3964526552
Waverly,waverly to 40,28,1,1,0,ff,3,76.9916118681,10.3962318659
Waverly,waverly to 40,29,1,1,1,ff,3,76.9916577316,10.3960106061
Waverly,waverly to 40,30,1,1,0,ff,3,76.9916956378,10.395788593
Waverly,waverly to 40,31,1,1,0,ff,3,76.9917782332,10.3955821905
Waverly,waverly to 40,32,1,2,1,ff,3,76.9917621334,10.3953582671
Waverly,waverly to 40,33,1,1,0,ff,3,76.9916821473,10.3951482218
Waverly,waverly to 40,34,1,1,0,ff,3,76.9916250408,10.3949313427
Waverly,waverly to 40,35,1,1,0,ff,3,76.9916359181,10.394710294
Waverly,waverly to 40,36,0,0,0,ff,3,76.9917377461,10.3945090949
Waverly,waverly to 40,37,1,1,0,ff,3,76.9919119327,10.3943764641
Waverly,waverly to 40,38,1,3,1,ff,3,76.9921240188,10.3943651929
Waverly,waverly to 40,39,1,1,1,ff,3,76.9922988301,10.3945050232
Waverly,waverly to 40,40,1,1,1,ff,3,76.9924941261,10.3946142978
Waverly,waverly to 40,41,1,2,1,ff,3,76.9926961663,10.3947193553
Waverly,waverly to 40,42,0,0,0,ff,3,76.9929108769,10.3946734867
Waverly,waverly to 40,43,1,1,0,ff,3,76.9930064293,10.3944782187
Waverly,waverly to 40,44,1,3,2,ff,3,76.9930823075,10.394265194
Waverly,waverly to 40,45,1,1,1,ff,3,76.9932034342,10.3940921962
Waverly,waverly to 40,46,1,1,0,ff,3,76.9934197292,10.3940920135
Waverly,waverly to 40,47,1,2,1,ff,3,76.9935290199,10.3939110996
Waverly,waverly to 40,48,1,1,1,ff,3,76.9936282657,10.3937114233
Waverly,waverly to 40,49,1,1,1,ff,3,76.9937789289,10.3935498088
Waverly,waverly to 40,50,1,2,1,ff,3,76.9939059662,10.3933628346
Waverly,waverly to 40,51,1,1,0,ff,3,76.9940002516,10.3931598171
Waverly,waverly to 40,52,1,1,1,ff,3,76.9940679581,10.3929456975
Waverly,waverly to 40,53,0,0,0,ff,3,76.9941008416,10.3927224702
Waverly,waverly to 40,54,0,0,0,ff,3,76.9941788647,10.39251215
Waverly,waverly to 40,55,0,0,0,ff,3,76.9942187837,10.3922920014
Waverly,waverly to 40,56,0,0,0,ff,3,76.9942527146,10.3920697191
Waverly,waverly to 40,57,0,0,0,ff,3,76.9942895683,10.3918508527
Waverly,waverly to 40,58,1,1,0,ff,3,76.9944036295,10.3916579216
Waverly,waverly to 40,59,0,0,0,ff,3,76.9944534536,10.39143757
Waverly,waverly to 40,60,0,0,0,ff,3,76.994491923,10.3912151229
Waverly,waverly to 40,61,0,0,0,ff,3,76.9945618415,10.3910001491
Waverly,waverly to 40,62,0,0,0,ff,3,76.994578933,10.390778008
Waverly,waverly to 40,63,0,0,0,ff,3,76.9947334651,10.3907472435
Waverly,waverly to 40,64,1,1,0,ff,3,76.9948679886,10.3909289619
Waverly,waverly to 40,65,1,1,0,ff,3,76.9950088359,10.3911066003
Waverly,waverly to 40,66,0,0,0,ff,3,76.9952049644,10.3912132058
Waverly,waverly to 40,67,0,0,0,ff,3,76.9954296529,10.3912436017
Waverly,waverly to 40,68,1,1,0,ff,3,76.9956348218,10.3913414914
Waverly,waverly to 40,69,1,1,0,tf,2,76.9957877248,10.3915063864
Waverly,waverly to 40,70,1,1,0,tf,2,76.9959727603,10.3916266203
Waverly,waverly to 40,71,1,2,1,tf,2,76.9961915634,10.3915838595
Waverly,waverly to 40,72,1,1,0,tf,2,76.9964112546,10.3915794132
Waverly,waverly to 40,73,1,1,0,tf,2,76.9966383066,10.3915643727
Waverly,waverly to 40,74,1,1,0,tf,2,76.996860049,10.391522776
Waverly,waverly to 40,75,1,1,0,tf,2,76.9970583306,10.3914110486
Waverly,waverly to 40,76,1,1,0,tf,2,76.9972319279,10.3912669165
Waverly,waverly to 40,77,1,2,0,tf,2,76.9973680531,10.3910855677
Waverly,waverly to 40,78,1,1,0,tf,2,76.9974625709,10.3908969129
Waverly,waverly to 40,79,0,0,0,tf,2,76.9976754903,10.3909472946
Waverly,waverly to 40,80,1,1,0,tf,2,76.9977513357,10.3911496723
Waverly,waverly to 40,81,1,1,0,tf,2,76.997895711,10.3913219909
Waverly,waverly to 40,82,0,0,0,tf,2,76.9981081891,10.3913934015
Waverly,waverly to 40,83,1,1,0,tf,2,76.9983201828,10.3914311647
Waverly,waverly to 40,84,1,1,0,tf,2,76.9985214581,10.3914960804
Waverly,waverly to 40,85,1,1,0,tf,2,76.9987286207,10.3914094784
Waverly,waverly to 40,86,1,1,0,tf,2,76.9989258178,10.3913099626
Waverly,waverly to 40,87,1,1,0,tf,2,76.9990823212,10.3914370046
Waverly,waverly to 40,88,0,0,0,tf,2,76.9992345253,10.3915960356
Waverly,waverly to 40,89,0,0,0,tf,2,76.9994573104,10.3916317138
Waverly,waverly to 40,90,1,1,0,tf,2,76.9996849988,10.3916205382
Waverly,waverly to 40,91,0,0,0,tf,2,76.9998884509,10.3917144229
Waverly,waverly to 40,92,1,1,0,tf,2,76.9998528975,10.3915737512
Waverly,waverly to 40,93,1,1,0,ff,3,76.9996315876,10.3915329059
Waverly,waverly to 40,94,1,1,0,ff,3,76.9994051186,10.3915094349
Waverly,waverly to 40,95,1,1,0,ff,3,76.9992097529,10.3913974777
Waverly,waverly to 40,96,1,2,1,ff,3,76.999096642,10.3912028358
Waverly,waverly to 40,97,1,3,2,ff,3,76.9990290623,10.3910011554
Waverly,waverly to 40,98,1,2,1,ff,3,76.9988093287,10.3910431994
Waverly,waverly to 40,99,1,2,1,ff,3,76.9985971852,10.3910498837
Waverly,waverly to 40,100,1,1,1,ff,3,76.9983936163,10.3909484908
Waverly,waverly to 40,101,1,1,1,ff,3,76.9981750489,10.3909061475
Waverly,waverly to 40,102,1,3,2,ff,3,76.9980731615,10.3907255574
Waverly,waverly to 40,103,1,1,0,ff,3,76.9980565495,10.3905004697
Waverly,waverly to 40,104,1,3,2,ff,3,76.9979526246,10.3903057326
Waverly,waverly to 40,105,1,2,1,ff,3,76.9977473325,10.3902069711
Waverly,waverly to 40,106,1,1,0,ff,3,76.9975450766,10.3901023467
Waverly,waverly to 40,107,0,0,0,ff,3,76.9973261917,10.3900530387
Waverly,waverly to 40,108,0,0,0,ff,3,76.9972085688,10.3902304019
Waverly,waverly to 40,109,1,1,0,ff,3,76.99707436,10.3904070243
Waverly,waverly to 40,110,1,2,1,ff,3,76.9968933163,10.3905435865
Waverly,waverly to 40,111,1,3,2,ff,3,76.9966742728,10.3906036316
Waverly,waverly to 40,112,1,2,1,ff,3,76.9964481263,10.3905966719
Waverly,waverly to 40,113,1,2,0,ff,3,76.9962405571,10.3905078116
Waverly,waverly to 40,114,1,1,0,ff,3,76.9960503642,10.3903830794
Waverly,waverly to 40,115,1,1,0,ff,3,76.9958728149,10.3902419191
Waverly,waverly to 40,116,1,2,1,ff,3,76.9956824874,10.3901186819
Waverly,waverly to 40,117,1,1,0,ff,3,76.9954870467,10.3900026691
Waverly,waverly to 40,118,1,1,0,ff,3,76.995317134,10.3898541923
Waverly,waverly to 40,119,1,1,0,ff,3,76.9951670156,10.3896846822
Waverly,waverly to 40,120,1,1,0,ff,3,76.9950841176,10.3894749296
Waverly,waverly to 40,121,1,1,0,ff,3,76.9950636775,10.3892508006
Waverly,waverly to 40,122,1,1,0,ff,3,76.995080674,10.3890268258
Waverly,waverly to 40,123,1,1,0,ff,3,76.9951041729,10.3888026697
Waverly,waverly to 40,124,0,0,0,ff,3,76.995121143,10.388577802
Waverly,waverly to 40,125,0,0,0,ff,3,76.9951272037,10.3883519739
Waverly,waverly to 40,126,0,0,0,ff,3,76.9950514095,10.3881398287
Waverly,waverly to 40,127,1,1,0,ff,3,76.9949486275,10.387942113
Waverly,waverly to 40,128,0,0,0,ff,3,76.9948099553,10.3877626741
Waverly,waverly to 40,129,0,0,0,ff,3,76.9946647989,10.3875890014
Waverly,waverly to 40,130,1,1,0,ff,3,76.9945402899,10.3874008375
Waverly,waverly to 40,131,1,1,0,ff,3,76.9944653833,10.3871881194
Waverly,waverly to 40,132,0,0,0,ff,3,76.9943801376,10.3869785291
Waverly,waverly to 40,133,0,0,0,ff,3,76.9942532722,10.3867919982
Waverly,waverly to 40,134,1,1,0,ff,3,76.9941314802,10.3866011738
Waverly,waverly to 40,135,0,0,0,ff,3,76.9940288284,10.3863994555
Waverly,waverly to 40,136,0,0,0,ff,3,76.9939305692,10.386209194
Waverly,waverly to 40,137,0,0,0,ff,3,76.9939347581,10.3859837276
Waverly,waverly to 40,138,0,0,0,ff,3,76.9939562,10.3857588662
Waverly,waverly to 40,139,0,0,0,ff,3,76.9939434206,10.3855335834
Waverly,waverly to 40,140,0,0,0,ff,3,76.9939264994,10.3853087132
Waverly,waverly to 40,141,0,0,0,tt,1,76.9939514218,10.3850844012
Waverly,waverly to 40,142,0,0,0,tt,1,76.9940897616,10.3849333671
Waverly,waverly to 40,143,0,0,0,tt,1,76.9942978982,10.3850181138
Waverly,waverly to 40,144,0,0,0,tt,1,76.9944700027,10.384925949
Waverly,waverly to 40,145,0,0,0,tt,1,76.9945582898,10.3847175667
Waverly,waverly to 40,146,0,0,0,tt,1,76.9946218921,10.3845010127
Waverly,waverly to 40,147,0,0,0,tt,1,76.9946485506,10.3842767618
Waverly,waverly to 40,148,0,0,0,tt,1,76.9946431039,10.3840510327
Waverly,waverly to 40,149,1,1,0,tt,1,76.9946556505,10.3838258968
Waverly,waverly to 40,150,1,1,0,tt,1,76.9946682952,10.3836012702
Waverly,waverly to 40,151,1,1,0,tt,1,76.9946450539,10.3833814476
Waverly,waverly to 40,152,0,0,0,tt,1,76.9946164052,10.383168764
Waverly,waverly to 40,153,0,0,0,tt,1,76.994683333,10.3829769378
Waverly,waverly to 40,154,1,1,0,tt,1,76.9948841037,10.3830533787
Waverly,waverly to 40,155,1,1,0,tt,1,76.9950355559,10.3832215091
Waverly,waverly to 40,156,0,0,0,tt,1,76.9951750663,10.3834003369
Waverly,waverly to 40,157,1,1,0,tt,1,76.9953161216,10.3835779584
Waverly,waverly to 40,158,0,0,0,ff,3,76.9954540482,10.3837578978
Waverly,waverly to 40,159,0,0,0,ff,3,76.9955803832,10.3839460952
Waverly,waverly to 40,160,0,0,0,ff,3,76.9956942172,10.3841412731
Waverly,waverly to 40,161,0,0,0,ff,3,76.9957991028,10.3843414216
Waverly,waverly to 40,162,0,0,0,ff,3,76.9958889206,10.3845488351
Waverly,waverly to 40,163,0,0,0,ff,3,76.9960029677,10.3847441182
Waverly,waverly to 40,164,0,0,0,tt,1,76.996097048,10.3849499467
Waverly,waverly to 40,165,0,0,0,tt,1,76.9961573494,10.385166014
Waverly,waverly to 40,166,0,0,0,tt,1,76.9962172416,10.385383688
Waverly,waverly to 40,167,0,0,0,tt,1,76.9962909197,10.3855974521
Waverly,waverly to 40,168,0,0,0,tt,1,76.9963678598,10.385809982
Waverly,waverly to 40,169,0,0,0,tt,1,76.9965414594,10.3858422569
Waverly,waverly to 40,170,0,0,0,tt,1,76.9965275027,10.3856372948
Waverly,waverly to 40,171,0,0,0,tt,1,76.9964845801,10.3854154581
Waverly,waverly to 40,172,0,0,0,tt,1,76.9964829636,10.3851922769
Waverly,waverly to 40,173,0,0,0,tt,1,76.9965009942,10.3849680261
Waverly,waverly to 40,174,0,0,0,tt,1,76.9964963883,10.3847422328
Waverly,waverly to 40,175,0,0,0,tt,1,76.9964747097,10.3845174709
Waverly,waverly to 40,176,0,0,0,tt,1,76.9964781181,10.3842945125
Waverly,waverly to 40,177,0,0,0,tt,1,76.9965686719,10.3840876309
Waverly,waverly to 40,178,0,0,0,tt,1,76.9967520921,10.3839972628
Waverly,waverly to 40,179,0,0,0,tt,1,76.9969031611,10.3841611574
Waverly,waverly to 40,180,0,0,0,tt,1,76.9970013188,10.3843600983
Waverly,waverly to 40,181,0,0,0,tt,1,76.9971094594,10.3842418108
Waverly,waverly to 40,182,0,0,0,tt,1,76.997146497,10.3840193797
Waverly,waverly to 40,183,0,0,0,tt,1,76.9972077259,10.3838039622
Waverly,waverly to 40,184,0,0,0,tt,1,76.9971893642,10.3835800728
Waverly,waverly to 40,185,0,0,0,tt,1,76.9971512192,10.3833574959
Waverly,waverly to 40,186,0,0,0,tt,1,76.997141818,10.3831321461
Waverly,waverly to 40,187,1,1,0,tt,1,76.9971543973,10.3829071397
Waverly,waverly to 40,188,1,1,0,tt,1,76.9972385764,10.3826994862
Waverly,waverly to 40,189,0,0,0,tt,1,76.9974255783,10.3825888674
Waverly,waverly to 40,190,0,0,0,tt,1,76.99761042,10.3827091707
Waverly,waverly to 40,191,0,0,0,tt,1,76.9977828651,10.3828384179
Waverly,waverly to 40,192,0,0,0,tt,1,76.9979468424,10.3826971952
Waverly,waverly to 40,193,0,0,0,tt,1,76.9980522998,10.3825022226
Waverly,waverly to 40,194,0,0,0,tt,1,76.9979817125,10.3822972282
Waverly,waverly to 40,195,0,0,0,tt,1,76.9979822712,10.3820742594
Waverly,waverly to 40,196,0,0,0,tt,1,76.9979809684,10.3818500535
Waverly,waverly to 40,197,1,1,0,tt,1,76.9978788931,10.3816511782
Waverly,waverly to 40,198,1,1,0,tt,1,76.9977975938,10.3814408079
Waverly,waverly to 40,199,1,1,0,tt,1,76.9977308368,10.3812256537
Waverly,waverly to 40,200,0,0,0,tt,1,76.9976587523,10.3810117161
Waverly,waverly to 40,201,1,1,0,tt,1,76.9976247116,10.3807885198
Waverly,waverly to 40,202,1,1,0,tt,1,76.9975530385,10.3805740993
Waverly,waverly to 40,203,1,1,0,tt,1,76.9974574536,10.3803691282
Waverly,waverly to 40,204,0,0,0,ff,3,76.9973562304,10.3801731144
Waverly,waverly to 40,205,0,0,0,ff,3,76.9972655577,10.3799697963
Waverly,waverly to 40,206,0,0,0,ff,3,76.9972796591,10.3797477209
Waverly,waverly to 40,207,0,0,0,tt,1,76.997287873,10.3795231555
Waverly,waverly to 40,208,0,0,0,ff,3,76.997299728,10.3792976897
Waverly,waverly to 40,209,0,0,0,tt,1,76.997318938,10.379072758
Waverly,waverly to 40,210,0,0,0,tt,1,76.9973856486,10.3788582703
Waverly,waverly to 40,211,0,0,0,tt,1,76.9974351482,10.3786419168
Waverly,waverly to 40,212,0,0,0,tt,1,76.9973304519,10.3784441502
Waverly,waverly to 40,213,0,0,0,tt,1,76.9971806254,10.378273752
Waverly,waverly to 40,214,0,0,0,tt,1,76.9970138259,10.3781197859
Waverly,waverly to 40,215,0,0,0,tt,1,76.9968554049,10.3779587506
Waverly,waverly to 40,216,0,0,0,tt,1,76.9967215312,10.3777759828
Waverly,waverly to 40,217,0,0,0,tt,1,76.9965934103,10.3775898543
Waverly,waverly to 40,218,0,0,0,tt,1,76.9965206864,10.3773761045
Waverly,waverly to 40,219,0,0,0,tt,1,76.9963881477,10.3771953901
Waverly,waverly to 40,220,0,0,0,tt,1,76.9961920918,10.3770814202
Waverly,waverly to 40,221,0,0,0,tt,1,76.9960100537,10.3769516899
Waverly,waverly to 40,222,0,0,0,tt,1,76.9959627957,10.3767828061
Waverly,waverly to 40,223,0,0,0,tt,1,76.9961299841,10.3768380888
Waverly,waverly to 40,224,0,0,0,tt,1,76.9963351801,10.3769327246
Waverly,waverly to 40,225,0,0,0,tt,1,76.9965316509,10.3770476417
Waverly,waverly to 40,226,0,0,0,tt,1,76.9967126564,10.3771845209
Waverly,waverly to 40,227,0,0,0,tt,1,76.9968810212,10.3771697819
Waverly,waverly to 40,228,0,0,0,tt,1,76.9967948183,10.3769676995
Waverly,waverly to 40,229,0,0,0,tt,1,76.9966604016,10.3767861708
Waverly,waverly to 40,230,0,0,0,tt,1,76.9965903311,10.3765721849
Waverly,waverly to 40,231,0,0,0,tt,1,76.9965487152,10.376350256
Waverly,waverly to 40,232,0,0,0,tt,1,76.9964082403,10.3761766898
Waverly,waverly to 40,233,0,0,0,tt,1,76.9962724191,10.3759953236
Waverly,waverly to 40,234,0,0,0,tt,1,76.9961662013,10.3757959064
Waverly,waverly to 40,235,0,0,0,tt,1,76.9961559865,10.375582211
Waverly,waverly to 40,236,0,0,0,tt,1,76.9962595413,10.3753865593
Waverly,waverly to 40,237,0,0,0,tt,1,76.9961189008,10.3753115594
Waverly,waverly to 40,238,1,1,0,tt,1,76.9959321585,10.3754301614
Waverly,waverly to 40,239,0,0,0,ff,3,76.9957427137,10.3753277397
Waverly,waverly to 40,240,1,1,0,ff,3,76.9955622666,10.3751905131
Waverly,waverly to 40,241,1,1,0,ff,3,76.995428711,10.3750308225
Waverly,waverly to 40,242,0,0,0,ff,3,76.9954611071,10.3748084894
Waverly,waverly to 40,243,0,0,0,ff,3,76.9953528854,10.374630581
Waverly,waverly to 40,244,1,1,0,ff,3,76.9951317257,10.3745893912
Waverly,waverly to 40,245,0,0,0,ff,3,76.9950028409,10.3744255543
Waverly,waverly to 40,246,1,1,0,ff,3,76.9949636146,10.3742035075
Waverly,waverly to 40,247,0,0,0,ff,3,76.9949479669,10.3739780749
Waverly,waverly to 40,248,0,0,0,ff,3,76.995004754,10.3737618195
Waverly,waverly to 40,249,0,0,0,ff,3,76.9949695665,10.3736293251
Waverly,waverly to 40,250,0,0,0,ff,3,76.994855237,10.3738240802
Waverly,waverly to 40,251,0,0,0,ff,3,76.9947757491,10.3740351301
Waverly,waverly to 40,252,1,1,0,ff,3,76.9946742619,10.3742130433
Waverly,waverly to 40,253,0,0,0,ff,3,76.9946015983,10.374406872
Waverly,waverly to 40,254,0,0,0,ff,3,76.9945312334,10.3744400157
Waverly,waverly to 40,255,1,1,0,ff,3,76.9945514321,10.3742158133
Waverly,waverly to 40,256,1,1,0,ff,3,76.9945177951,10.3739941926
Waverly,waverly to 40,257,1,1,0,ff,3,76.9944483513,10.3737792821
Waverly,waverly to 40,258,1,1,0,ff,3,76.9944433012,10.3735642692
Waverly,waverly to 40,259,1,1,0,ff,3,76.9945996473,10.3734018698
Waverly,waverly to 40,260,1,1,0,ff,3,76.9946004883,10.3731771368
Waverly,waverly to 40,261,1,1,1,ff,3,76.9944678111,10.3729981075
Waverly,waverly to 40,262,0,0,0,ff,3,76.994374719,10.3727959597
Waverly,waverly to 40,263,0,0,0,ff,3,76.9942889976,10.3725924704
Waverly,waverly to 40,264,1,2,1,ff,3,76.9942119409,10.3723817396
Waverly,waverly to 40,265,1,1,0,ff,3,76.9941238488,10.3721777535
Waverly,waverly to 40,266,1,2,1,ff,3,76.9941259822,10.3719537839
Waverly,waverly to 40,267,1,3,2,ff,3,76.9940861678,10.3717331204
Waverly,waverly to 40,268,1,3,2,ff,3,76.9941098259,10.3715090597
Waverly,waverly to 40,269,0,0,0,ff,3,76.9940643912,10.3712894531
Waverly,waverly to 40,270,1,1,1,ff,3,76.9940183253,10.3710686836
Waverly,waverly to 40,271,1,1,1,ff,3,76.9939842061,10.3708489542
Waverly,waverly to 40,272,1,1,1,ff,3,76.9939283179,10.3706309337
Waverly,waverly to 40,273,1,3,2,ff,3,76.9938988639,10.3704091668
Waverly,waverly to 40,274,0,0,0,ff,3,76.9938036999,10.3702047451
Waverly,waverly to 40,275,1,1,0,ff,3,76.9936560261,10.3700365153
Waverly,waverly to 40,276,0,0,0,ff,3,76.9935620351,10.3700269915
Waverly,waverly to 40,277,1,1,0,ff,3,76.9937260864,10.3701840552
Waverly,waverly to 40,278,1,1,0,ff,3,76.9937806949,10.370401639
Waverly,waverly to 40,279,1,1,0,ff,3,76.9937933608,10.3706252974
Waverly,waverly to 40,280,1,1,1,ff,3,76.9937731091,10.3708491426
Waverly,waverly to 40,281,1,3,2,ff,3,76.9938276753,10.3710685409
Waverly,waverly to 40,282,1,2,1,ff,3,76.9937855029,10.3712859428
Waverly,waverly to 40,283,1,1,0,ff,3,76.9937091214,10.3714843741
Waverly,waverly to 40,284,1,1,1,ff,3,76.993608671,10.371686065
Waverly,waverly to 40,285,1,1,0,ff,3,76.9935131808,10.3718906556
Waverly,waverly to 40,286,1,1,0,ff,3,76.9933916686,10.3720790727
Waverly,waverly to 40,287,0,0,0,ff,3,76.9932168787,10.3722207453
Waverly,waverly to 40,288,0,0,0,ff,3,76.9931811741,10.3722055513
Waverly,waverly to 40,289,1,1,0,ff,3,76.9932576922,10.3719938216
Waverly,waverly to 40,290,1,1,0,ff,3,76.9933861699,10.3718135094
Waverly,waverly to 40,291,1,1,0,ff,3,76.9934422373,10.3716080963
Waverly,waverly to 40,292,1,1,0,ff,3,76.9934518733,10.3713863228
Waverly,waverly to 40,293,1,2,1,ff,3,76.993467639,10.3711637888
Waverly,waverly to 40,294,1,1,0,ff,3,76.9935165208,10.3709448642
Waverly,waverly to 40,295,1,1,0,ff,3,76.9934816855,10.3707232328
Waverly,waverly to 40,296,1,1,0,ff,3,76.9934229494,10.3705089526
Waverly,waverly to 40,297,1,1,0,ff,3,76.9933136071,10.3704329251
Waverly,waverly to 40,298,1,1,1,ff,3,76.9932509228,10.3703580413
Waverly,waverly to 40,299,1,1,1,ff,3,76.9931235892,10.3701724998
Waverly,waverly to 40,300,1,1,1,ff,3,76.9929813778,10.3699997631
Waverly,waverly to 40,301,1,1,1,ff,3,76.9928960445,10.3697926074
Waverly,waverly to 40,302,1,1,0,ff,3,76.9928559658,10.36957286
Waverly,waverly to 40,303,1,2,1,ff,3,76.9928572778,10.3693489342
Waverly,waverly to 40,304,1,2,1,ff,3,76.992924601,10.3691331257
Waverly,waverly to 40,305,1,1,0,ff,3,76.9929417368,10.3689081223
Waverly,waverly to 40,306,1,1,1,ff,3,76.9930509546,10.3687169077
Waverly,waverly to 40,307,0,0,0,ff,3,76.9932153415,10.3685636044
Waverly,waverly to 40,308,1,1,0,ff,3,76.9934133238,10.3684520396
Waverly,waverly to 40,309,0,0,0,ff,3,76.9936336516,10.3683947144
Waverly,waverly to 40,310,0,0,0,ff,3,76.9938504841,10.3683301795
Waverly,waverly to 40,311,0,0,0,ff,3,76.9940379609,10.3682933429
Waverly,waverly to 40,312,1,1,0,ff,3,76.9938430171,10.3682839328
Waverly,waverly to 40,313,0,0,0,ff,3,76.9936239463,10.3682420623
Waverly,waverly to 40,314,1,1,0,ff,3,76.9933959161,10.368234853
Waverly,waverly to 40,315,1,1,0,ff,3,76.9931693276,10.3682587675
Waverly,waverly to 40,316,1,3,2,ff,3,76.9929514492,10.3683210628
Waverly,waverly to 40,317,1,1,0,ff,3,76.9927720115,10.3684585296
Waverly,waverly to 40,318,1,1,0,ff,3,76.9926047588,10.3686088978
Waverly,waverly to 40,319,1,1,1,ff,3,76.9924900813,10.3688034546
Waverly,waverly to 40,320,1,1,0,ff,3,76.9924599904,10.3690157755
Waverly,waverly to 40,321,1,1,0,ff,3,76.9923031704,10.369164866
Waverly,waverly to 40,322,1,1,0,ff,3,76.9921484524,10.3693306545
Waverly,waverly to 40,323,0,0,0,ff,3,76.991998486,10.3695005117
Waverly,waverly to 40,324,0,0,0,ff,3,76.9919028438,10.369703699
Waverly,waverly to 40,325,0,0,0,ff,3,76.9917632343,10.3697297172
Waverly,waverly to 40,326,0,0,0,ff,3,76.9918623728,10.36952676
Waverly,waverly to 40,327,0,0,0,ff,3,76.992005498,10.3693532149
Waverly,waverly to 40,328,1,1,0,ff,3,76.9921618779,10.3691886515
Waverly,waverly to 40,329,1,1,0,ff,3,76.9922494997,10.3689873014
Waverly,waverly to 40,330,1,1,0,ff,3,76.9921862219,10.3687756981
Waverly,waverly to 40,331,1,1,0,ff,3,76.9920981437,10.3685673289
Waverly,waverly to 40,332,1,1,0,ff,3,76.992154701,10.3683579051
Waverly,waverly to 40,333,0,0,0,ff,3,76.9922923234,10.3681777403
Waverly,waverly to 40,334,0,0,0,ff,3,76.9924500204,10.368016821
Waverly,waverly to 40,335,0,0,0,ff,3,76.9926416991,10.3678946099
Waverly,waverly to 40,336,0,0,0,ff,3,76.9928439521,10.3677942921
Waverly,waverly to 40,337,1,1,0,ff,3,76.9930392092,10.3676796837
Waverly,waverly to 40,338,0,0,0,ff,3,76.9932508101,10.3675952609
Waverly,waverly to 40,339,0,0,0,ff,3,76.9934472164,10.3674807359
Waverly,waverly to 40,340,0,0,0,ff,3,76.9936720334,10.3674692455
Waverly,waverly to 40,341,0,0,0,ff,3,76.9938873772,10.367543118
Waverly,waverly to 40,342,0,0,0,ff,3,76.9941033119,10.3675560088
Balaji Temple,balaji koil,1,0,0,0,tf,2,76.9948336196,10.3673304363
Balaji Temple,balaji koil,2,0,0,0,tf,2,76.9950115273,10.3672336019
Balaji Temple,balaji koil,3,1,1,0,tf,2,76.9952121049,10.3671366186
Balaji Temple,balaji koil,4,0,0,0,tf,2,76.9952228717,10.3669185728
Balaji Temple,balaji koil,5,0,0,0,tf,2,76.9951805669,10.3667026167
Balaji Temple,balaji koil,6,1,1,0,tf,2,76.9950940422,10.3664954069
Balaji Temple,balaji koil,7,1,1,0,tf,2,76.9950887603,10.3662723712
Balaji Temple,balaji koil,8,0,0,0,tf,2,76.9951069205,10.3660481906
Balaji Temple,balaji koil,9,0,0,0,tf,2,76.99514672,10.3658294222
Balaji Temple,balaji koil,10,0,0,0,tf,2,76.9949887969,10.3656752667
Balaji Temple,balaji koil,11,0,0,0,tf,2,76.9947868077,10.3655791955
Balaji Temple,balaji koil,12,0,0,0,tf,2,76.9947273412,10.3653680135
Balaji Temple,balaji koil,13,0,0,0,tf,2,76.9946681177,10.3651509554
Balaji Temple,balaji koil,14,1,1,0,tf,2,76.994682399,10.3649321641
Balaji Temple,balaji koil,15,1,1,1,tf,2,76.9947737356,10.3647264148
Balaji Temple,balaji koil,16,1,1,0,tf,2,76.9949026831,10.3645414536
Balaji Temple,balaji koil,17,1,1,0,tf,2,76.995027271,10.3643544318
Balaji Temple,balaji koil,18,1,1,0,tf,2,76.995223866,10.364249402
Balaji Temple,balaji koil,19,1,1,1,tf,2,76.9954284053,10.3641554698
Balaji Temple,balaji koil,20,1,2,1,tf,2,76.9956005403,10.3640254606
Balaji Temple,balaji koil,21,0,0,0,tf,2,76.9956215677,10.3638745811
Balaji Temple,balaji koil,22,1,1,0,tf,2,76.9956009787,10.3636582774
Balaji Temple,balaji koil,23,1,1,0,tf,2,76.995739045,10.3634806957
Balaji Temple,balaji koil,24,0,0,0,tf,2,76.9959072492,10.3633286231
Balaji Temple,balaji koil,25,0,0,0,tf,2,76.996096256,10.3632064019
Balaji Temple,balaji koil,26,0,0,0,tf,2,76.9961392341,10.3629904245
Balaji Temple,balaji koil,27,0,0,0,tf,2,76.9962764754,10.3628151247
Balaji Temple,balaji koil,28,0,0,0,tf,2,76.9963710706,10.3626113808
Balaji Temple,balaji koil,29,0,0,0,tf,2,76.9964495336,10.3624003161
Balaji Temple,balaji koil,30,1,1,0,tf,2,76.9965001245,10.3621799823
Balaji Temple,balaji koil,31,0,0,0,tf,2,76.9964820417,10.3619574799
Balaji Temple,balaji koil,32,0,0,0,tf,2,76.9965250122,10.3617479305
Balaji Temple,balaji koil,33,0,0,0,tf,2,76.9967407654,10.3617087606
Balaji Temple,balaji koil,34,1,1,0,tf,2,76.9969519419,10.3617917794
Balaji Temple,balaji koil,35,0,0,0,tf,2,76.9971679404,10.3617536605
Balaji Temple,balaji koil,36,0,0,0,tf,2,76.9971735584,10.3615686865
Balaji Temple,balaji koil,37,0,0,0,tf,2,76.997069023,10.3613687531
Balaji Temple,balaji koil,38,0,0,0,tf,2,76.997081965,10.3611504912
Balaji Temple,balaji koil,39,0,0,0,tf,2,76.9972039392,10.3609613657
Balaji Temple,balaji koil,40,0,0,0,tf,2,76.9973958747,10.3608421875
Balaji Temple,balaji koil,41,0,0,0,tf,2,76.9975571006,10.3606939563
Balaji Temple,balaji koil,42,1,1,0,tf,2,76.9975722777,10.3604722098
Balaji Temple,balaji koil,43,0,0,0,tf,2,76.997490843,10.3602623206
Balaji Temple,balaji koil,44,0,0,0,tf,2,76.9973651341,10.3600741808
Balaji Temple,balaji koil,45,0,0,0,tf,2,76.9973579557,10.3598519772
Balaji Temple,balaji koil,46,0,0,0,tf,2,76.9974567056,10.3596490005
Balaji Temple,balaji koil,47,0,0,0,tf,2,76.9975856394,10.3594627478
Balaji Temple,balaji koil,48,0,0,0,tf,2,76.9977154266,10.3592775423
Balaji Temple,balaji koil,49,0,0,0,tf,2,76.997814679,10.3590743457
Balaji Temple,balaji koil,50,0,0,0,tf,2,76.9978502631,10.3588530082
Balaji Temple,balaji koil,51,0,0,0,tf,2,76.9979138062,10.35864351
Balaji Temple,balaji koil,52,0,0,0,tf,2,76.9980349491,10.3584549139
Balaji Temple,balaji koil,53,0,0,0,tf,2,76.9981510025,10.3582675289
Balaji Temple,balaji koil,54,0,0,0,tf,2,76.9981739672,10.3580462478
Balaji Temple,balaji koil,55,0,0,0,tf,2,76.998284954,10.3578497804
Balaji Temple,balaji koil,56,0,0,0,tf,2,76.9982700871,10.3576314774
Balaji Temple,balaji koil,57,0,0,0,tf,2,76.9982762387,10.3574100859
Balaji Temple,balaji koil,58,0,0,0,tf,2,76.9984347402,10.3572490149
Balaji Temple,balaji koil,59,0,0,0,tf,2,76.9985753225,10.3570710796
Balaji Temple,balaji koil,60,0,0,0,tf,2,76.9987004011,10.3568821387
Balaji Temple,balaji koil,61,0,0,0,tf,2,76.9987710959,10.3566688005
Balaji Temple,balaji koil,62,0,0,0,tf,2,76.9988395459,10.3564536672
Balaji Temple,balaji koil,63,0,0,0,tf,2,76.9989128795,10.35624027
Balaji Temple,balaji koil,64,0,0,0,tf,2,76.9989776373,10.3560247794
Balaji Temple,balaji koil,65,0,0,0,tf,2,76.9989501698,10.3558037312
Balaji Temple,balaji koil,66,0,0,0,tf,2,76.9989217149,10.3555900884
Balaji Temple,balaji koil,67,0,0,0,tf,2,76.9989872108,10.3553822952
Balaji Temple,balaji koil,68,0,0,0,tf,2,76.9989453183,10.3551618631
Balaji Temple,balaji koil,69,0,0,0,tf,2,76.9989255358,10.3549451229
Balaji Temple,balaji koil,70,0,0,0,tf,2,76.9989565591,10.3547218992
Balaji Temple,balaji koil,71,0,0,0,tf,2,76.9990152987,10.3545045703
Balaji Temple,balaji koil,72,0,0,0,tf,2,76.9990545936,10.3542829858
Balaji Temple,balaji koil,73,0,0,0,tf,2,76.9991016666,10.3540622409
Balaji Temple,balaji koil,74,0,0,0,tf,2,76.9991153419,10.3538372784
Balaji Temple,balaji koil,75,1,1,0,tf,2,76.9991864044,10.3536238121
Balaji Temple,balaji koil,76,1,1,0,tf,2,76.9992002815,10.3533985912
Balaji Temple,balaji koil,77,1,1,0,tf,2,76.9991763582,10.3531779188
Balaji Temple,balaji koil,78,1,1,0,tf,2,76.9990907662,10.3529688725
Balaji Temple,balaji koil,79,1,1,0,tf,2,76.9990220425,10.3527535635
Balaji Temple,balaji koil,80,1,1,0,tf,2,76.9989477699,10.3525401871
Balaji Temple,balaji koil,81,1,1,1,tf,2,76.9988723587,10.3523277962
Balaji Temple,balaji koil,82,1,1,0,tf,2,76.9986906114,10.3521982188
Balaji Temple,balaji koil,83,1,1,1,tf,2,76.9984699336,10.3521508582
Balaji Temple,balaji koil,84,1,1,1,tf,2,76.9982618918,10.3520754126
Balaji Temple,balaji koil,85,1,1,1,tf,2,76.998117627,10.3519035716
Balaji Temple,balaji koil,86,0,0,0,tf,2,76.9979396463,10.3517684811
Balaji Temple,balaji koil,87,0,0,0,tf,2,76.9978873781,10.3515621842
Balaji Temple,balaji koil,88,0,0,0,tf,2,76.9980285309,10.3513991985
Balaji Temple,balaji koil,89,0,0,0,tf,2,76.998237999,10.3514829692
Balaji Temple,balaji koil,90,0,0,0,tf,2,76.9984527295,10.3514815061
Balaji Temple,balaji koil,91,0,0,0,tf,2,76.9985689713,10.3512965668
Balaji Temple,balaji koil,92,0,0,0,tf,2,76.9985852074,10.3510732526
Balaji Temple,balaji koil,93,0,0,0,ff,3,76.9985044738,10.3508651073
Balaji Temple,balaji koil,94,0,0,0,ff,3,76.9983841542,10.3506739339
Balaji Temple,balaji koil,95,0,0,0,ff,3,76.9982402874,10.3505008527
Balaji Temple,balaji koil,96,1,1,0,ff,3,76.998065304,10.3503570619
Balaji Temple,balaji koil,97,1,1,1,ff,3,76.9980023568,10.3501473851
Balaji Temple,balaji koil,98,0,0,0,tt,1,76.9980056532,10.3499215586
Balaji Temple,balaji koil,99,0,0,0,tt,1,76.9979449694,10.3497085178
Balaji Temple,balaji koil,100,0,0,0,tt,1,76.9977854064,10.3495495543
Balaji Temple,balaji koil,101,0,0,0,tt,1,76.9977227083,10.3493348121
Balaji Temple,balaji koil,102,0,0,0,tt,1,76.9976472217,10.3491217577
Balaji Temple,balaji koil,103,0,0,0,tt,1,76.9975154408,10.3489387372
Balaji Temple,balaji koil,104,0,0,0,tt,1,76.9974405098,10.3487316956
Balaji Temple,balaji koil,105,1,1,0,tt,1,76.9973693609,10.3485178446
Balaji Temple,balaji koil,106,1,1,0,tt,1,76.99721786,10.3483530575
Balaji Temple,balaji koil,107,0,0,0,tt,1,76.9970790896,10.348178193
Balaji Temple,balaji koil,108,0,0,0,tt,1,76.996875995,10.3480759701
Balaji Temple,balaji koil,109,0,0,0,tt,1,76.9966850166,10.3479576544
Balaji Temple,balaji koil,110,0,0,0,tt,1,76.9965923825,10.3477566082
Balaji Temple,balaji koil,111,0,0,0,tt,1,76.9964657671,10.3475688408
Balaji Temple,balaji koil,112,0,0,0,tt,1,76.996339256,10.3473810221
Balaji Temple,balaji koil,113,0,0,0,tt,1,76.9962389627,10.3471782405
Balaji Temple,balaji koil,114,0,0,0,tt,1,76.9960794293,10.3470281011
Balaji Temple,balaji koil,115,0,0,0,tt,1,76.9958551734,10.3469947298
Balaji Temple,balaji koil,116,0,0,0,tt,1,76.9956467489,10.3469064891
Balaji Temple,balaji koil,117,0,0,0,tt,1,76.9954480535,10.346795897
Balaji Temple,balaji koil,118,0,0,0,tt,1,76.9952310925,10.3467279333
Balaji Temple,balaji koil,119,0,0,0,tt,1,76.9950312013,10.3466218947
Balaji Temple,balaji koil,120,0,0,0,tt,1,76.9948730471,10.3464604415
Balaji Temple,balaji koil,121,0,0,0,tt,1,76.9947783473,10.3462557114
Balaji Temple,balaji koil,122,0,0,0,tt,1,76.9947362075,10.3460341408
Balaji Temple,balaji koil,123,0,0,0,tt,1,76.9947210835,10.3458089567
Balaji Temple,balaji koil,124,0,0,0,tt,1,76.9946454576,10.3455963817
Balaji Temple,balaji koil,125,0,0,0,tt,1,76.9946354264,10.3453724749
Balaji Temple,balaji koil,126,0,0,0,tt,1,76.9946350641,10.3451479567
Balaji Temple,balaji koil,127,0,0,0,tt,1,76.9945692806,10.3449321414
Balaji Temple,balaji koil,128,0,0,0,tt,1,76.994535558,10.3447127572
Balaji Temple,balaji koil,129,0,0,0,tt,1,76.9944767967,10.3445093664
Balaji Temple,balaji koil,130,0,0,0,tt,1,76.9943346552,10.3443326995
Balaji Temple,balaji koil,131,0,0,0,tt,1,76.9941752458,10.3441711461
Balaji Temple,balaji koil,132,0,0,0,tt,1,76.9939812647,10.3440525028
Balaji Temple,balaji koil,133,0,0,0,tt,1,76.9937680993,10.3439745874
Balaji Temple,balaji koil,134,0,0,0,tt,1,76.9935453028,10.3439259279
Balaji Temple,balaji koil,135,0,0,0,tt,1,76.9933327013,10.3438449384
Balaji Temple,balaji koil,136,0,0,0,tt,1,76.9931615562,10.343698817
Balaji Temple,balaji koil,137,0,0,0,tt,1,76.9930122506,10.3435297685
Balaji Temple,balaji koil,138,0,0,0,tt,1,76.992874964,10.3433507749
Balaji Temple,balaji koil,139,0,0,0,tt,1,76.992758896,10.3431563916
Balaji Temple,balaji koil,140,0,0,0,tt,1,76.992633971,10.3429698449
Balaji Temple,balaji koil,141,0,0,0,tt,1,76.992485314,10.342808904
Balaji Temple,balaji koil,142,0,0,0,tt,1,76.9922669292,10.3428330945
Balaji Temple,balaji koil,143,0,0,0,tt,1,76.9921003099,10.3427378621
Balaji Temple,balaji koil,144,0,0,0,tt,1,76.9921461479,10.3425245085
Balaji Temple,balaji koil,145,0,0,0,tt,1,76.9921670743,10.3423025634
Balaji Temple,balaji koil,146,1,1,0,ee,1,76.9921688346,10.3420771039
Balaji Temple,balaji koil,147,1,1,0,ee,1,76.9921274588,10.3418554495
Balaji Temple,balaji koil,148,1,1,0,ee,1,76.9920626926,10.3416411083
Balaji Temple,balaji koil,149,1,1,0,ee,1,76.9920116003,10.3414228569
Balaji Temple,balaji koil,150,1,1,0,ee,1,76.9919649399,10.3412022809
Balaji Temple,balaji koil,151,1,1,0,ee,1,76.9918858497,10.3409904688
Balaji Temple,balaji koil,152,1,1,1,ee,1,76.9918732861,10.3407669402
Balaji Temple,balaji koil,153,1,2,1,ee,1,76.9919325634,10.3405503313
Balaji Temple,balaji koil,154,1,2,1,ee,1,76.9919977383,10.340336487
Balaji Temple,balaji koil,155,1,1,0,ee,1,76.9919695067,10.3401134239
Balaji Temple,balaji koil,156,1,2,1,ee,1,76.9918856979,10.3399033518
Balaji Temple,balaji koil,157,1,1,1,ee,1,76.9918641642,10.3396825831
Balaji Temple,balaji koil,158,1,3,2,ee,1,76.9919760197,10.3395017363
Balaji Temple,balaji koil,159,1,1,1,ee,1,76.9921891158,10.3394225414
Balaji Temple,balaji koil,160,1,1,1,ee,1,76.9923992792,10.3393351149
Balaji Temple,balaji koil,161,0,0,0,ee,1,76.9925995667,10.3392283376
Balaji Temple,balaji koil,162,0,0,0,ee,1,76.992821375,10.3392126408
Balaji Temple,balaji koil,163,1,1,1,ee,1,76.9929985072,10.3393523871
Balaji Temple,balaji koil,164,1,1,1,ee,1,76.9931439611,10.3395259639
Balaji Temple,balaji koil,165,1,1,0,ee,1,76.9933211965,10.3396678567
Balaji Temple,balaji koil,166,1,1,0,ee,1,76.9934667264,10.3398405825
Balaji Temple,balaji koil,167,0,0,0,ee,1,76.9936356855,10.3399711837
Balaji Temple,balaji koil,168,0,0,0,tt,1,76.9938134382,10.3398405708
Balaji Temple,balaji koil,169,0,0,0,tt,1,76.9939798301,10.3396903754
Balaji Temple,balaji koil,170,0,0,0,tt,1,76.9941993634,10.3396408826
Balaji Temple,balaji koil,171,0,0,0,tt,1,76.994426672,10.3396314168
Balaji Temple,balaji koil,172,0,0,0,tt,1,76.9946277966,10.33954758
Balaji Temple,balaji koil,173,0,0,0,tt,1,76.9946703473,10.3393304351
Balaji Temple,balaji koil,174,0,0,0,tt,1,76.994721944,10.339111533
Balaji Temple,balaji koil,175,0,0,0,tt,1,76.9948562893,10.3389340495
Balaji Temple,balaji koil,176,0,0,0,tt,1,76.9950644471,10.338851021
Balaji Temple,balaji koil,177,0,0,0,tt,1,76.9952879065,10.3388079833
Balaji Temple,balaji koil,178,0,0,0,tt,1,76.9953553625,10.3386100537
Balaji Temple,balaji koil,179,1,1,0,tt,1,76.9951931957,10.3384904233
Balaji Temple,balaji koil,180,1,2,1,ee,1,76.9950403633,10.3383316116
Balaji Temple,balaji koil,181,0,0,0,tt,1,76.9949556554,10.3381218697
Balaji Temple,balaji koil,182,0,0,0,tt,1,76.9948011942,10.3379693708
Balaji Temple,balaji koil,183,0,0,0,tt,1,76.994604201,10.3378561349
Balaji Temple,balaji koil,184,0,0,0,tt,1,76.9944670968,10.3376790494
Balaji Temple,balaji koil,185,0,0,0,tt,1,76.994425755,10.337460738
Balaji Temple,balaji koil,186,0,0,0,tt,1,76.9944748746,10.3372454521
Balaji Temple,balaji koil,187,0,0,0,tt,1,76.9945412996,10.3370442059
Balaji Temple,balaji koil,188,0,0,0,tt,1,76.9943787305,10.3368871035
Balaji Temple,balaji koil,189,0,0,0,tt,1,76.9941810382,10.3367744157
Balaji Temple,balaji koil,190,0,0,0,tt,1,76.9939887114,10.3366535886
Balaji Temple,balaji koil,191,0,0,0,tt,1,76.9939380923,10.336450483
Balaji Temple,balaji koil,192,0,0,0,tt,1,76.9939887632,10.3362307068
Balaji Temple,balaji koil,193,0,0,0,tt,1,76.9940722662,10.336020635
Balaji Temple,balaji koil,194,0,0,0,tt,1,76.994149577,10.3358080231
Balaji Temple,balaji koil,195,0,0,0,tt,1,76.9942497483,10.3356073467
Balaji Temple,balaji koil,196,0,0,0,tt,1,76.9944002348,10.3354403022
Balaji Temple,balaji koil,197,0,0,0,tt,1,76.9946006886,10.3353334321
Balaji Temple,balaji koil,198,0,0,0,tt,1,76.994805634,10.3352404848
Balaji Temple,balaji koil,199,0,0,0,tt,1,76.9950287341,10.3351993855
Balaji Temple,balaji koil,200,0,0,0,tt,1,76.9952561609,10.3352000367
Balaji Temple,balaji koil,201,0,0,0,tt,1,76.9954785889,10.3351542568
Balaji Temple,balaji koil,202,0,0,0,tt,1,76.9956577788,10.3350153821
Balaji Temple,balaji koil,203,1,1,0,tt,1,76.995824779,10.3348614444
Balaji Temple,balaji koil,204,1,1,0,tt,1,76.9959469998,10.3346754918
Balaji Temple,balaji koil,205,0,0,0,tt,1,76.9959686347,10.334459851
Balaji Temple,balaji koil,206,0,0,0,tt,1,76.9957528493,10.3344144239
Balaji Temple,balaji koil,207,0,0,0,tt,1,76.9955292588,10.3343835575
Balaji Temple,balaji koil,208,0,0,0,tt,1,76.9953390509,10.3342609264
Balaji Temple,balaji koil,209,1,1,0,tt,1,76.9951795284,10.334100184
Balaji Temple,balaji koil,210,0,0,0,tt,1,76.9950838086,10.3338972113
Balaji Temple,balaji koil,211,0,0,0,tt,1,76.9950802183,10.3337561391
Balaji Temple,balaji koil,212,0,0,0,tt,1,76.995014751,10.3336746023
Balaji Temple,balaji koil,213,0,0,0,tt,1,76.9951503186,10.3335031794
Balaji Temple,balaji koil,214,0,0,0,tt,1,76.9953705164,10.3334663663
Balaji Temple,balaji koil,215,0,0,0,tt,1,76.9955985732,10.3334657102
Balaji Temple,balaji koil,216,0,0,0,tt,1,76.99582648,10.3334747959
Balaji Temple,balaji koil,217,0,0,0,tt,1,76.9960514058,10.3335122922
Balaji Temple,balaji koil,218,0,0,0,tt,1,76.9962662843,10.3334685283
Balaji Temple,balaji koil,219,0,0,0,tt,1,76.9962309727,10.3332669979
Balaji Temple,balaji koil,220,0,0,0,tt,1,76.9962522931,10.3330527939
Balaji Temple,balaji koil,221,0,0,0,tt,1,76.9963118198,10.3328464932
Balaji Temple,balaji koil,222,0,0,0,tt,1,76.9961362742,10.3327282996
Balaji Temple,balaji koil,223,0,0,0,tt,1,76.9959140794,10.332677332
Balaji Temple,balaji koil,224,0,0,0,tt,1,76.9956922078,10.3326274356
Balaji Temple,balaji koil,225,0,0,0,tt,1,76.9954903489,10.3325228699
Balaji Temple,balaji koil,226,0,0,0,tt,1,76.9952834753,10.3324291927
Balaji Temple,balaji koil,227,0,0,0,tt,1,76.9950908262,10.3323093654
Balaji Temple,balaji koil,228,0,0,0,tt,1,76.9949291725,10.3321529316
Balaji Temple,balaji koil,229,0,0,0,tt,1,76.9949417602,10.3319451645
Balaji Temple,balaji koil,230,0,0,0,tt,1,76.9951437636,10.3318639929
Balaji Temple,balaji koil,231,0,0,0,tt,1,76.9953717377,10.331856183
Balaji Temple,balaji koil,232,0,0,0,tt,1,76.9955998814,10.3318516914
Balaji Temple,balaji koil,233,0,0,0,tt,1,76.9958258946,10.3318752596
Balaji Temple,balaji koil,234,0,0,0,tt,1,76.9960325698,10.3319700629
Balaji Temple,balaji koil,235,0,0,0,tt,1,76.9962434474,10.3320532123
Balaji Temple,balaji koil,236,0,0,0,tt,1,76.9964641472,10.3320022395
Balaji Temple,balaji koil,237,0,0,0,tt,1,76.9966628974,10.3318968751
Balaji Temple,balaji koil,238,0,0,0,tt,1,76.9968802541,10.3318286059
Balaji Temple,balaji koil,239,0,0,0,tt,1,76.9970887351,10.3317367894
Balaji Temple,balaji koil,240,0,0,0,tt,1,76.9973107252,10.331686246
Balaji Temple,balaji koil,241,0,0,0,tt,1,76.9975346126,10.3316434359
Balaji Temple,balaji koil,242,0,0,0,tt,1,76.9976906197,10.3315797552
Balaji Temple,balaji koil,243,0,0,0,tt,1,76.9979046724,10.3315014655
Balaji Temple,balaji koil,244,0,0,0,tt,1,76.998128046,10.3314865344
Balaji Temple,balaji koil,245,0,0,0,tt,1,76.9983489272,10.3315099198
Balaji Temple,balaji koil,246,0,0,0,tt,1,76.9985220925,10.3313698351
Balaji Temple,balaji koil,247,0,0,0,tt,1,76.9986038618,10.3311625068
Balaji Temple,balaji koil,248,0,0,0,tt,1,76.9986142353,10.3309381692
Balaji Temple,balaji koil,249,0,0,0,tt,1,76.998720026,10.3307411631
Balaji Temple,balaji koil,250,1,1,0,tt,1,76.9987247303,10.3305330009
Balaji Temple,balaji koil,251,1,2,1,tt,1,76.9988181533,10.3305324585
Sholayar,sholayar ,1,0,0,0,tt,1,76.9297214613,10.3555290267
Sholayar,sholayar ,2,0,0,0,tt,1,76.9295884709,10.3553455999
Sholayar,sholayar ,3,0,0,0,tt,1,76.9294374489,10.3551767859
Sholayar,sholayar ,4,0,0,0,tt,1,76.9292714665,10.3550219167
Sholayar,sholayar ,5,0,0,0,tt,1,76.9290865908,10.3548905061
Sholayar,sholayar ,6,0,0,0,tt,1,76.9288936481,10.3547702133
Sholayar,sholayar ,7,0,0,0,tt,1,76.9287254086,10.3546176249
Sholayar,sholayar ,8,0,0,0,tt,1,76.92857607,10.3544470999
Sholayar,sholayar ,9,0,0,0,tt,1,76.9284639603,10.3542523632
Sholayar,sholayar ,10,0,0,0,tt,1,76.9284041895,10.3540342687
Sholayar,sholayar ,11,0,0,0,tt,1,76.9282637068,10.3538681342
Sholayar,sholayar ,12,0,0,0,tt,1,76.9280685077,10.3537511978
Sholayar,sholayar ,13,0,0,0,tt,1,76.9278869314,10.3536147102
Sholayar,sholayar ,14,0,0,0,tt,1,76.9277070045,10.3534761828
Sholayar,sholayar ,15,0,0,0,tt,1,76.9275033899,10.3533746913
Sholayar,sholayar ,16,0,0,0,tt,1,76.9272806042,10.3533317869
Sholayar,sholayar ,17,0,0,0,tt,1,76.9270526075,10.353340043
Sholayar,sholayar ,18,0,0,0,tt,1,76.9268282106,10.353374401
Sholayar,sholayar ,19,0,0,0,tt,1,76.9266799531,10.3535432387
Sholayar,sholayar ,20,0,0,0,tt,1,76.9265390657,10.353719847
Sholayar,sholayar ,21,0,0,0,tt,1,76.9263299728,10.3537765193
Sholayar,sholayar ,22,0,0,0,tt,1,76.9261471137,10.3536453513
Sholayar,sholayar ,23,0,0,0,tt,1,76.9260247481,10.3534582121
Sholayar,sholayar ,24,0,0,0,tt,1,76.926047635,10.3532378604
Sholayar,sholayar ,25,0,0,0,tt,1,76.9259554248,10.3530530415
Sholayar,sholayar ,26,0,0,0,tt,1,76.9257404907,10.3529782027
Sholayar,sholayar ,27,0,0,0,tt,1,76.9255537509,10.3528542935
Sholayar,sholayar ,28,0,0,0,tt,1,76.9253945994,10.3526943668
Sholayar,sholayar ,29,0,0,0,tt,1,76.925176755,10.3526391219
Sholayar,sholayar ,30,0,0,0,tt,1,76.9249517371,10.3526077603
Sholayar,sholayar ,31,0,0,0,tt,1,76.9247564587,10.3524947622
Sholayar,sholayar ,32,0,0,0,tt,1,76.9246006081,10.3523301139
Sholayar,sholayar ,33,1,1,0,tt,1,76.9244688737,10.3521464918
Sholayar,sholayar ,34,0,0,0,tt,1,76.9243446624,10.3519569784
Sholayar,sholayar ,35,0,0,0,tt,1,76.9241770103,10.3518063186
Sholayar,sholayar ,36,0,0,0,tt,1,76.9239877832,10.3516799723
Sholayar,sholayar ,37,0,0,0,tt,1,76.9238003292,10.351551117
Sholayar,sholayar ,38,0,0,0,tt,1,76.9236235211,10.3514121049
Sholayar,sholayar ,39,0,0,0,tt,1,76.9234966803,10.3512270412
Sholayar,sholayar ,40,0,0,0,tt,1,76.9233990499,10.3510231398
Sholayar,sholayar ,41,0,0,0,tt,1,76.9233290452,10.3508082008
Sholayar,sholayar ,42,0,0,0,tt,1,76.9232462369,10.3505977639
Sholayar,sholayar ,43,0,0,0,tt,1,76.9231477841,10.3503940766
Sholayar,sholayar ,44,0,0,0,tt,1,76.9230086325,10.3502161678
Sholayar,sholayar ,45,0,0,0,tt,1,76.9228296342,10.3500771607
Sholayar,sholayar ,46,0,0,0,tt,1,76.9226558489,10.349932578
Sholayar,sholayar ,47,0,0,0,tt,1,76.922487576,10.3497820895
Sholayar,sholayar ,48,0,0,0,tt,1,76.9222813116,10.3496863416
Sholayar,sholayar ,49,0,0,0,tt,1,76.922090211,10.3495645079
Sholayar,sholayar ,50,0,0,0,tt,1,76.9219284761,10.3494053123
Sholayar,sholayar ,51,0,0,0,tt,1,76.9217793108,10.3492345716
Sholayar,sholayar ,52,0,0,0,tt,1,76.9216512509,10.3490478348
Sholayar,sholayar ,53,0,0,0,tt,1,76.921585244,10.3488371636
Sholayar,sholayar ,54,0,0,0,tt,1,76.9216322222,10.3486180551
Sholayar,sholayar ,55,0,0,0,tt,1,76.921725528,10.348411842
Sholayar,sholayar ,56,0,0,0,tt,1,76.9218023321,10.3482001722
Sholayar,sholayar ,57,0,0,0,tt,1,76.9217029147,10.3480109337
Sholayar,sholayar ,58,0,0,0,tt,1,76.921480376,10.3480033015
Sholayar,sholayar ,59,0,0,0,tt,1,76.9212689093,10.3480873297
Sholayar,sholayar ,60,0,0,0,tt,1,76.9210603787,10.3481774559
Sholayar,sholayar ,61,0,0,0,tt,1,76.9208369628,10.3481571209
Sholayar,sholayar ,62,1,1,0,tt,1,76.9206395241,10.3480470665
Sholayar,sholayar ,63,0,0,0,tt,1,76.92045934,10.3479085975
Sholayar,sholayar ,64,0,0,0,tt,1,76.9202552081,10.3478154477
Sholayar,sholayar ,65,0,0,0,tt,1,76.9200278826,10.3478031618
Sholayar,sholayar ,66,0,0,0,tt,1,76.9198006571,10.347823718
Sholayar,sholayar ,67,0,0,0,tt,1,76.9195739626,10.3478430513
Sholayar,sholayar ,68,0,0,0,tt,1,76.9194077186,10.3477154925
Sholayar,sholayar ,69,0,0,0,tt,1,76.9193048897,10.3475167316
Sholayar,sholayar ,70,0,0,0,tt,1,76.9191848138,10.3473379271
Sholayar,sholayar ,71,0,0,0,tt,1,76.9192801641,10.3471467654
Sholayar,sholayar ,72,0,0,0,tt,1,76.9194202511,10.3469709382
Sholayar,sholayar ,73,0,0,0,tt,1,76.919410628,10.3467610562
Sholayar,sholayar ,74,0,0,0,tt,1,76.9193542351,10.3465437467
Sholayar,sholayar ,75,0,0,0,tt,1,76.9192782079,10.3463311755
Sholayar,sholayar ,76,0,0,0,tt,1,76.9192104002,10.3461207316
Sholayar,sholayar ,77,0,0,0,tt,1,76.9191092203,10.3459247362
Sholayar,sholayar ,78,0,0,0,tt,1,76.9190391739,10.3457099392
Sholayar,sholayar ,79,0,0,0,tt,1,76.9189816258,10.3454938869
Sholayar,sholayar ,80,0,0,0,tt,1,76.9190326154,10.3452750994
Sholayar,sholayar ,81,0,0,0,tt,1,76.9190389055,10.3450499612
Sholayar,sholayar ,82,0,0,0,tt,1,76.918932156,10.3448576695
Sholayar,sholayar ,83,0,0,0,tt,1,76.9188443322,10.3446536893
Sholayar,sholayar ,84,0,0,0,tt,1,76.9188504896,10.3444369463
Sholayar,sholayar ,85,0,0,0,tt,1,76.9188966644,10.3442160325
Sholayar,sholayar ,86,0,0,0,tt,1,76.9188926713,10.3439912381
Sholayar,sholayar ,87,0,0,0,tt,1,76.9188525318,10.3437688049
Sholayar,sholayar ,88,0,0,0,tt,1,76.9187866882,10.3435527946
Sholayar,sholayar ,89,0,0,0,tt,1,76.9187142074,10.3433386379
Sholayar,sholayar ,90,0,0,0,tt,1,76.9187244446,10.343117343
Sholayar,sholayar ,91,1,1,0,tt,1,76.9187502449,10.342893341
Sholayar,sholayar ,92,0,0,0,tt,1,76.9187060969,10.3426735254
Sholayar,sholayar ,93,0,0,0,tt,1,76.9186292406,10.3424608107
Sholayar,sholayar ,94,1,1,0,tt,1,76.9185126447,10.3422694961
Sholayar,sholayar ,95,0,0,0,tt,1,76.9183257939,10.3421399448
Sholayar,sholayar ,96,0,0,0,tt,1,76.9181471042,10.3422033028
Sholayar,sholayar ,97,0,0,0,tt,1,76.918129286,10.3424202095
Sholayar,sholayar ,98,0,0,0,tt,1,76.9181310581,10.3426427605
Sholayar,sholayar ,99,0,0,0,tt,1,76.9180134899,10.3428341495
Sholayar,sholayar ,100,0,0,0,tt,1,76.917807979,10.3428555541
Sholayar,sholayar ,101,0,0,0,tt,1,76.9176892569,10.3426644148
Sholayar,sholayar ,102,0,0,0,tt,1,76.9175819632,10.3424661945
Sholayar,sholayar ,103,0,0,0,tt,1,76.9174056912,10.3423252923
Sholayar,sholayar ,104,1,1,0,tt,1,76.9171916947,10.3422492127
Sholayar,sholayar ,105,0,0,0,tt,1,76.916966686,10.3422182232
Sholayar,sholayar ,106,0,0,0,tt,1,76.9167544368,10.3421361779
Sholayar,sholayar ,107,0,0,0,tt,1,76.91654213,10.3420543082
Sholayar,sholayar ,108,0,0,0,tt,1,76.9163226843,10.3419932831
Sholayar,sholayar ,109,0,0,0,tt,1,76.9160970219,10.3420032062
Sholayar,sholayar ,110,0,0,0,tt,1,76.9159508502,10.3421589231
Sholayar,sholayar ,111,0,0,0,tt,1,76.9159901992,10.3423773556
Sholayar,sholayar ,112,0,0,0,tt,1,76.9160405778,10.3425973281
Sholayar,sholayar ,113,1,1,0,tt,1,76.9160524018,10.3428223444
Sholayar,sholayar ,114,1,1,0,tt,1,76.9159232303,10.3429824851
Sholayar,sholayar ,115,0,0,0,tt,1,76.915719425,10.3429002199
Sholayar,sholayar ,116,1,1,0,tt,1,76.9155991345,10.3427092929
Sholayar,sholayar ,117,0,0,0,tt,1,76.9154916472,10.3425101068
Sholayar,sholayar ,118,0,0,0,tt,1,76.9153095606,10.3423893843
Sholayar,sholayar ,119,0,0,0,tt,1,76.9150822213,10.3423966564
Sholayar,sholayar ,120,0,0,0,tt,1,76.9148581377,10.3423563804
Sholayar,sholayar ,121,0,0,0,tt,1,76.9146423954,10.3422841227
Sholayar,sholayar ,122,0,0,0,tt,1,76.9144796463,10.3421321421
Sholayar,sholayar ,123,0,0,0,tt,1,76.9143934189,10.341923869
Sholayar,sholayar ,124,0,0,0,tt,1,76.9142567515,10.3417508092
Sholayar,sholayar ,125,0,0,0,tt,1,76.9140404447,10.3416872743
Sholayar,sholayar ,126,0,0,0,tt,1,76.9140150061,10.3416810093
Sholayar,sholayar ,127,0,0,0,tt,1,76.9138280457,10.3417151926
Sholayar,sholayar ,128,0,0,0,tt,1,76.913642185,10.3418460771
Sholayar,sholayar ,129,0,0,0,tt,1,76.9134306944,10.3419125031
Sholayar,sholayar ,130,0,0,0,tt,1,76.9132035946,10.3419222492
Sholayar,sholayar ,131,0,0,0,tt,1,76.9129792925,10.3419486719
Sholayar,sholayar ,132,0,0,0,tt,1,76.9127565092,10.3419485739
Sholayar,sholayar ,133,0,0,0,tt,1,76.9126068933,10.341787884
Sholayar,sholayar ,134,0,0,0,tt,1,76.9125093796,10.3415836219
Sholayar,sholayar ,135,0,0,0,tt,1,76.9124800128,10.3413646224
Sholayar,sholayar ,136,1,1,0,tt,1,76.9126068627,10.3411834984
Sholayar,sholayar ,137,1,1,0,tt,1,76.9127946584,10.3410570487
Sholayar,sholayar ,138,1,1,0,tt,1,76.9129305922,10.34087856
Sholayar,sholayar ,139,0,0,0,tt,1,76.9129365508,10.3406596048
Sholayar,sholayar ,140,0,0,0,tt,1,76.9128028825,10.3404791911
Sholayar,sholayar ,141,0,0,0,tt,1,76.9126583682,10.3403050534
Sholayar,sholayar ,142,0,0,0,tt,1,76.9125516457,10.3401137493
Sholayar,sholayar ,143,0,0,0,tt,1,76.9125350379,10.3398885521
Sholayar,sholayar ,144,0,0,0,tt,1,76.9124012548,10.3397169631
Sholayar,sholayar ,145,0,0,0,tt,1,76.9121843884,10.3396507943
Sholayar,sholayar ,146,0,0,0,tt,1,76.9119589601,10.3396189749
Sholayar,sholayar ,147,0,0,0,tt,1,76.9117552164,10.3397168985
Sholayar,sholayar ,148,0,0,0,tt,1,76.9115583588,10.3398306311
Sholayar,sholayar ,149,0,0,0,tt,1,76.9113438025,10.3399062968
Sholayar,sholayar ,150,0,0,0,tt,1,76.9111197531,10.3399491848
Sholayar,sholayar ,151,0,0,0,tt,1,76.9108968729,10.3399927703
Sholayar,sholayar ,152,0,0,0,tt,1,76.9107127523,10.3401198751
Sholayar,sholayar ,153,0,0,0,tt,1,76.9106574592,10.3403337318
Sholayar,sholayar ,154,0,0,0,tt,1,76.9106872675,10.3405573417
Sholayar,sholayar ,155,0,0,0,tt,1,76.9107861157,10.3407572873
Sholayar,sholayar ,156,0,0,0,tt,1,76.910928644,10.3409336515
Sholayar,sholayar ,157,0,0,0,tt,1,76.9110813286,10.3411015105
Sholayar,sholayar ,158,0,0,0,tt,1,76.9112351812,10.3412684112
Sholayar,sholayar ,159,0,0,0,tt,1,76.9113605885,10.3414504216
Sholayar,sholayar ,160,0,0,0,tt,1,76.9112760519,10.3416406433
Sholayar,sholayar ,161,0,0,0,tt,1,76.9110609995,10.3417126835
Sholayar,sholayar ,162,0,0,0,tt,1,76.910840145,10.3417509778
Sholayar,sholayar ,163,0,0,0,tt,1,76.9106716403,10.341613885
Sholayar,sholayar ,164,0,0,0,tt,1,76.9105744273,10.3414098493
Sholayar,sholayar ,165,0,0,0,tt,1,76.9104893364,10.3412003774
Sholayar,sholayar ,166,0,0,0,tt,1,76.9103963944,10.3409943813
Sholayar,sholayar ,167,0,0,0,tt,1,76.9102713798,10.3408054441
Sholayar,sholayar ,168,0,0,0,tt,1,76.9101260104,10.3406326605
Sholayar,sholayar ,169,0,0,0,tt,1,76.9099816622,10.3404736159
Sholayar,sholayar ,170,0,0,0,tt,1,76.9097867515,10.3403638926
Sholayar,sholayar ,171,0,0,0,tt,1,76.9095606526,10.3403364973
Sholayar,sholayar ,172,0,0,0,tt,1,76.9093377586,10.3403041359
Sholayar,sholayar ,173,0,0,0,tt,1,76.9091402864,10.3401933222
Sholayar,sholayar ,174,0,0,0,tt,1,76.9089183646,10.3402212628
Sholayar,sholayar ,175,0,0,0,tt,1,76.9087157146,10.3403142267
Sholayar,sholayar ,176,0,0,0,tt,1,76.9085553619,10.3401813549
Sholayar,sholayar ,177,0,0,0,tt,1,76.9084064051,10.3400149193
Sholayar,sholayar ,178,0,0,0,tt,1,76.9082097142,10.3399010443
Sholayar,sholayar ,179,0,0,0,tt,1,76.9080680434,10.3397314557
Sholayar,sholayar ,180,0,0,0,tt,1,76.908021039,10.3395104574
Sholayar,sholayar ,181,1,1,0,tt,1,76.9079092418,10.3393194843
Sholayar,sholayar ,182,1,1,0,tt,1,76.9077156449,10.3392010991
Sholayar,sholayar ,183,1,1,0,tt,1,76.9075741247,10.339028002
Sholayar,sholayar ,184,1,1,0,tt,1,76.9075545729,10.3388040143
Sholayar,sholayar ,185,0,0,0,tt,1,76.9075527894,10.3385788769
Sholayar,sholayar ,186,1,1,0,tt,1,76.9074820876,10.3383663299
Sholayar,sholayar ,187,0,0,0,tt,1,76.9073390424,10.3381906752
Sholayar,sholayar ,188,0,0,0,tt,1,76.9071902261,10.3380204764
Sholayar,sholayar ,189,0,0,0,tt,1,76.9070289187,10.3378607222
Sholayar,sholayar ,190,0,0,0,tt,1,76.9068479291,10.3377276429
Sholayar,sholayar ,191,0,0,0,tt,1,76.906638563,10.3377691046
Sholayar,sholayar ,192,0,0,0,tt,1,76.9065063553,10.3379524027
Sholayar,sholayar ,193,0,0,0,tt,1,76.9063418145,10.3381025162
Sholayar,sholayar ,194,0,0,0,tt,1,76.9061197875,10.3381534218
Sholayar,sholayar ,195,1,1,0,tt,1,76.9059037544,10.338127418
Sholayar,sholayar ,196,0,0,0,tt,1,76.9057375399,10.3379732336
Sholayar,sholayar ,197,0,0,0,tt,1,76.9055350969,10.3378756152
Sholayar,sholayar ,198,0,0,0,tt,1,76.905309484,10.3378749568
Sholayar,sholayar ,199,0,0,0,tt,1,76.9051168571,10.3379906008
Sholayar,sholayar ,200,0,0,0,tt,1,76.9050123491,10.3381883662
Sholayar,sholayar ,201,0,0,0,tt,1,76.904996238,10.3384090139
Sholayar,sholayar ,202,1,1,0,tt,1,76.9050510282,10.3386269504
Sholayar,sholayar ,203,1,1,0,tt,1,76.9051529948,10.3388290573
Sholayar,sholayar ,204,1,1,0,tt,1,76.9051329722,10.3390180099
Sholayar,sholayar ,205,0,0,0,tt,1,76.9049077479,10.3389847896
Sholayar,sholayar ,206,1,1,0,tt,1,76.9046858453,10.3390282662
Sholayar,sholayar ,207,1,1,0,tt,1,76.9044979789,10.3389274954
Sholayar,sholayar ,208,0,0,0,tt,1,76.9043764829,10.3387364294
Sholayar,sholayar ,209,0,0,0,tt,1,76.9041998053,10.3386049113
Sholayar,sholayar ,210,0,0,0,tt,1,76.9039782451,10.3386402211
Sholayar,sholayar ,211,0,0,0,tt,1,76.9037732954,10.3387212983
Sholayar,sholayar ,212,1,1,0,tt,1,76.9036582892,10.3389080637
Sholayar,sholayar ,213,1,1,0,tt,1,76.9036800078,10.3391314989
Sholayar,sholayar ,214,1,1,0,tt,1,76.9037362334,10.3393501749
Sholayar,sholayar ,215,0,0,0,tt,1,76.9037739074,10.3395730336
Sholayar,sholayar ,216,0,0,0,tt,1,76.9037968659,10.3397977904
Sholayar,sholayar ,217,0,0,0,tt,1,76.9038024729,10.3400235458
Sholayar,sholayar ,218,0,0,0,tt,1,76.9037761648,10.3402473066
Sholayar,sholayar ,219,0,0,0,tt,1,76.9037423688,10.3404707245
Sholayar,sholayar ,220,0,0,0,tt,1,76.903720326,10.3406955844
Sholayar,sholayar ,221,0,0,0,tt,1,76.9036942739,10.340919171
Sholayar,sholayar ,222,0,0,0,tt,1,76.9035276126,10.341049398
Sholayar,sholayar ,223,0,0,0,tt,1,76.9033043228,10.341013235
Sholayar,sholayar ,224,0,0,0,tt,1,76.903081308,10.3409790469
Sholayar,sholayar ,225,0,0,0,tt,1,76.9028832133,10.3410814738
Sholayar,sholayar ,226,1,1,0,tt,1,76.9026991143,10.3412148434
Sholayar,sholayar ,227,0,0,0,tt,1,76.9024994179,10.3413239559
Sholayar,sholayar ,228,0,0,0,tt,1,76.9023276808,10.3414713563
Sholayar,sholayar ,229,0,0,0,tt,1,76.9021765244,10.3416405587
Sholayar,sholayar ,230,0,0,0,tt,1,76.9020349939,10.3418164525
Sholayar,sholayar ,231,0,0,0,tt,1,76.9018343368,10.3417994327
Sholayar,sholayar ,232,0,0,0,tt,1,76.9016605065,10.3416536342
Sholayar,sholayar ,233,0,0,0,tt,1,76.9014734386,10.3415244913
Sholayar,sholayar ,234,0,0,0,tt,1,76.9012858857,10.3413981272
Sholayar,sholayar ,235,0,0,0,tt,1,76.9010801282,10.341301101
Sholayar,sholayar ,236,0,0,0,tt,1,76.9008604455,10.3412459153
Sholayar,sholayar ,237,0,0,0,tt,1,76.9006331977,10.3412634832
Sholayar,sholayar ,238,0,0,0,tt,1,76.9004126841,10.3412164587
Sholayar,sholayar ,239,0,0,0,tt,1,76.9002013222,10.3411319372
Sholayar,sholayar ,240,0,0,0,tt,1,76.8999788983,10.341147588
Sholayar,sholayar ,241,0,0,0,tt,1,76.8997722776,10.3412430629
Sholayar,sholayar ,242,0,0,0,tt,1,76.8995641833,10.3413358538
Sholayar,sholayar ,243,0,0,0,tt,1,76.8993529145,10.3414182297
Sholayar,sholayar ,244,0,0,0,tt,1,76.8991485474,10.3413445227
Sholayar,sholayar ,245,1,1,0,tt,1,76.8989990695,10.3411746149
Sholayar,sholayar ,246,1,2,1,tt,1,76.8987913,10.3411128722
Sholayar,sholayar ,247,0,0,0,tt,1,76.8985659914,10.3411413101
Sholayar,sholayar ,248,0,0,0,tt,1,76.8983435991,10.3410963085
Sholayar,sholayar ,249,0,0,0,tt,1,76.8981243321,10.3410338359
Sholayar,sholayar ,250,0,0,0,tt,1,76.8979168336,10.3409416728
Sholayar,sholayar ,251,0,0,0,tt,1,76.897731649,10.3408104007
Sholayar,sholayar ,252,0,0,0,tt,1,76.8975994874,10.3406292166
Sholayar,sholayar ,253,0,0,0,tt,1,76.8974969746,10.3404273263
Sholayar,sholayar ,254,0,0,0,tt,1,76.8973952643,10.3402251957
Sholayar,sholayar ,255,0,0,0,tt,1,76.8972765102,10.3400326458
Sholayar,sholayar ,256,1,2,1,tt,1,76.8971444057,10.3398547905
Sholayar,sholayar ,257,0,0,0,tt,1,76.8969938893,10.3396867731
Sholayar,sholayar ,258,0,0,0,tt,1,76.8968750826,10.3394939353
Sholayar,sholayar ,259,0,0,0,tt,1,76.8967637638,10.3392969536
Sholayar,sholayar ,260,1,1,1,tt,1,76.8966485609,10.3391027642
Sholayar,sholayar ,261,1,2,1,tt,1,76.8965299959,10.3389121576
Sholayar,sholayar ,262,1,2,1,tt,1,76.8963804015,10.338742341
Sholayar,sholayar ,263,1,1,1,tt,1,76.8962629983,10.3385500543
Sholayar,sholayar ,264,0,0,0,tt,1,76.896123608,10.3383711596
Sholayar,sholayar ,265,1,1,0,tt,1,76.8959913055,10.3381873675
Sholayar,sholayar ,266,1,1,0,tt,1,76.8959046795,10.3379802979
Sholayar,sholayar ,267,0,0,0,tt,1,76.8959121635,10.3377552375
Sholayar,sholayar ,268,1,1,0,tt,1,76.8959638311,10.3375366198
Sholayar,sholayar ,269,1,1,0,tt,1,76.8960904324,10.3373502494
Sholayar,sholayar ,270,1,1,0,tt,1,76.8961346106,10.3371430034
Sholayar,sholayar ,271,0,0,0,tt,1,76.8959910135,10.3369793774
Sholayar,sholayar ,272,1,1,0,tt,1,76.8957733762,10.33691156
Sholayar,sholayar ,273,1,1,1,tt,1,76.89557622,10.3368045278
Sholayar,sholayar ,274,1,1,1,tt,1,76.895428481,10.3366332198
Sholayar,sholayar ,275,1,1,1,tt,1,76.895314541,10.33643747
Sholayar,sholayar ,276,0,0,0,tt,1,76.8952491304,10.3362234871
Sholayar,sholayar ,277,1,1,0,tt,1,76.8953154053,10.3360081178
Sholayar,sholayar ,278,1,2,1,tt,1,76.8954387604,10.3358200245
Sholayar,sholayar ,279,1,1,0,tt,1,76.8956247859,10.3357072534
Sholayar,sholayar ,280,1,2,1,tt,1,76.8955677551,10.3355157346
Sholayar,sholayar ,281,1,2,1,tt,1,76.8955867597,10.3352907897
Sholayar,sholayar ,282,0,0,0,tt,1,76.8955951934,10.3350651169
Sholayar,sholayar ,283,1,2,1,tt,1,76.8955787626,10.334839838
Sholayar,sholayar ,284,1,2,1,tt,1,76.8955500417,10.3346167276
Sholayar,sholayar ,285,1,2,1,tt,1,76.8954935028,10.3343991283
Sholayar,sholayar ,286,1,2,1,tt,1,76.8954775182,10.334173818
Sholayar,sholayar ,287,1,2,1,tt,1,76.8954667945,10.3339481791
Sholayar,sholayar ,288,1,2,1,tt,1,76.8954358675,10.3337250983
Sholayar,sholayar ,289,1,2,1,tt,1,76.8954168717,10.3334999549
Sholayar,sholayar ,290,1,1,0,tt,1,76.8954079952,10.3332750703
Sholayar,sholayar ,291,0,0,0,tt,1,76.8953892364,10.3330499256
Sholayar,sholayar ,292,0,0,0,tt,1,76.8953755943,10.3328244641
Sholayar,sholayar ,293,0,0,0,tt,1,76.8953129794,10.3326100866
Sholayar,sholayar ,294,0,0,0,tt,1,76.8952100838,10.3324086907
Sholayar,sholayar ,295,0,0,0,tt,1,76.8951299465,10.3321989997
Sholayar,sholayar ,296,0,0,0,tt,1,76.8950240584,10.3319428805
Sholayar,sholayar ,297,0,0,0,tt,1,76.8949694137,10.3317241227
Sholayar,sholayar ,298,0,0,0,tt,1,76.8949853194,10.331503431
Sholayar,sholayar ,299,0,0,0,tt,1,76.895053236,10.3312916079
Sholayar,sholayar ,300,0,0,0,tt,1,76.895016333,10.3310693042
Sholayar,sholayar ,301,0,0,0,tt,1,76.8949437613,10.3308558112
Sholayar,sholayar ,302,0,0,0,tt,1,76.8949974998,10.330643664
Sholayar,sholayar ,303,0,0,0,tt,1,76.8950492929,10.3304253467
Sholayar,sholayar ,304,0,0,0,tt,1,76.8951083849,10.3302070742
Sholayar,sholayar ,305,0,0,0,tt,1,76.8951878668,10.3299959149
Sholayar,sholayar ,306,0,0,0,tt,1,76.8953243804,10.3298156437
Sholayar,sholayar ,307,0,0,0,tt,1,76.8954369626,10.3296199263
Sholayar,sholayar ,308,0,0,0,tt,1,76.895479018,10.3293984522
Sholayar,sholayar ,309,0,0,0,tt,1,76.8954808732,10.3291726192
Sholayar,sholayar ,310,0,0,0,tt,1,76.8954690781,10.3289469428
Sholayar,sholayar ,311,0,0,0,tt,1,76.8954407894,10.3287227682
Sholayar,sholayar ,312,0,0,0,tt,1,76.8954164662,10.3284980725
Sholayar,sholayar ,313,0,0,0,tt,1,76.8953759193,10.3282760641
Sholayar,sholayar ,314,0,0,0,tt,1,76.8953004371,10.3280632934
Sholayar,sholayar ,315,0,0,0,tt,1,76.8952212317,10.3278521731
Sholayar,sholayar ,316,0,0,0,tt,1,76.8952026419,10.3276278267
Sholayar,sholayar ,317,0,0,0,tt,1,76.8952078857,10.3274019977
Sholayar,sholayar ,318,0,0,0,tt,1,76.8952136564,10.3271771532
Sholayar,sholayar ,319,0,0,0,tt,1,76.8952537505,10.3269549742
Sholayar,sholayar ,320,0,0,0,tt,1,76.8953283928,10.3267414865
Sholayar,sholayar ,321,1,1,0,tt,1,76.8954546534,10.3265942521
Sholayar,sholayar ,322,0,0,0,tt,1,76.8956371537,10.326724825
Sholayar,sholayar ,323,0,0,0,tt,1,76.8958288696,10.3268472171
Sholayar,sholayar ,324,0,0,0,tt,1,76.8960247883,10.32696222
Sholayar,sholayar ,325,0,0,0,tt,1,76.8962470423,10.3269857152
Sholayar,sholayar ,326,0,0,0,tt,1,76.896446177,10.3268870167
Sholayar,sholayar ,327,0,0,0,tt,1,76.8966254344,10.3267471689
Sholayar,sholayar ,328,0,0,0,tt,1,76.8967951313,10.3265963746
Sholayar,sholayar ,329,0,0,0,tt,1,76.8968487283,10.3263869693
Sholayar,sholayar ,330,0,0,0,tt,1,76.8968113534,10.3261644123
Sholayar,sholayar ,331,0,0,0,tt,1,76.8967504835,10.3259466293
Sholayar,sholayar ,332,0,0,0,tt,1,76.8967277453,10.3257226304
Sholayar,sholayar ,333,0,0,0,tt,1,76.8967571286,10.3254992604
Sholayar,sholayar ,334,0,0,0,tt,1,76.8968194267,10.3252824745
Sholayar,sholayar ,335,0,0,0,tt,1,76.8969001826,10.3250712094
Sholayar,sholayar ,336,0,0,0,tt,1,76.89696763,10.3248560891
Sholayar,sholayar ,337,0,0,0,tt,1,76.897083614,10.3246629718
Sholayar,sholayar ,338,0,0,0,tt,1,76.8971628702,10.3244521004
Sholayar,sholayar ,339,0,0,0,tt,1,76.8973032055,10.3242740224
Sholayar,sholayar ,340,0,0,0,tt,1,76.8974302086,10.3240862799
Sholayar,sholayar ,341,0,0,0,tt,1,76.8975240365,10.3238836582
Sholayar,sholayar ,342,0,0,0,tt,1,76.897515302,10.3236581886
Sholayar,sholayar ,343,0,0,0,tt,1,76.8975815125,10.3234544654
Sholayar,sholayar ,344,0,0,0,tt,1,76.8976729372,10.3232618544
Sholayar,sholayar ,345,0,0,0,tt,1,76.897773172,10.3230793135
Sholayar,sholayar ,346,0,0,0,tt,1,76.8979748247,10.3229779255
Sholayar,sholayar ,347,0,0,0,tt,1,76.8981792809,10.322886795
Sholayar,sholayar ,348,0,0,0,tt,1,76.8983302629,10.3227174336
Sholayar,sholayar ,349,0,0,0,tt,1,76.8984830434,10.322549648
Sholayar,sholayar ,350,0,0,0,tt,1,76.8986486528,10.3223958479
Sholayar,sholayar ,351,0,0,0,tt,1,76.8987142679,10.3221852369
Sholayar,sholayar ,352,0,0,0,tt,1,76.8986754544,10.3219678957
Sholayar,sholayar ,353,0,0,0,tt,1,76.8985294633,10.3217955181
Sholayar,sholayar ,354,0,0,0,tt,1,76.8984457835,10.3215864292
Sholayar,sholayar ,355,0,0,0,tt,1,76.8984273149,10.3213622791
Sholayar,sholayar ,356,0,0,0,tt,1,76.8984033794,10.3211381183
Sholayar,sholayar ,357,0,0,0,tt,1,76.8983645316,10.3209155516
Sholayar,sholayar ,358,0,0,0,tt,1,76.898303373,10.3206982416
Sholayar,sholayar ,359,0,0,0,tt,1,76.8981948737,10.3205018455
Sholayar,sholayar ,360,0,0,0,tt,1,76.898062577,10.3203188484
Sholayar,sholayar ,361,0,0,0,tt,1,76.8980093734,10.3201020363
Sholayar,sholayar ,362,1,1,0,tm,2,76.8979470993,10.3198879553
Sholayar,sholayar ,363,1,1,0,tm,2,76.8977967676,10.3197183234
Sholayar,sholayar ,364,1,1,0,tm,2,76.8976593255,10.3195387723
Sholayar,sholayar ,365,1,1,0,tm,2,76.897533075,10.3193505451
Sholayar,sholayar ,366,1,1,0,tm,2,76.8973920358,10.319173453
Sholayar,sholayar ,367,1,1,0,tm,2,76.8972612201,10.3189895802
Sholayar,sholayar ,368,1,1,0,tm,2,76.8971447204,10.3187958437
Sholayar,sholayar ,369,0,0,0,tm,2,76.8970279819,10.3186023791
Sholayar,sholayar ,370,0,0,0,tm,2,76.896835642,10.3184833918
Sholayar,sholayar ,371,0,0,0,tm,2,76.8966687328,10.3183344402
Sholayar,sholayar ,372,0,0,0,tm,2,76.8965698,10.3181316173
Sholayar,sholayar ,373,0,0,0,tm,2,76.8964915589,10.3179199468
Sholayar,sholayar ,374,0,0,0,tm,2,76.8963745981,10.3177260007
Sholayar,sholayar ,375,0,0,0,tm,2,76.8962754742,10.3175239112
Sholayar,sholayar ,376,0,0,0,tm,2,76.8962833856,10.3174814388
Sholayar,sholayar ,377,0,0,0,tm,2,76.896249977,10.317447654
Sholayar,sholayar ,378,0,0,0,tm,2,76.8961730829,10.3173172454
Sholayar,sholayar ,379,0,0,0,tm,2,76.8959910496,10.3171873405
Sholayar,sholayar ,380,0,0,0,tm,2,76.895789139,10.3170884469
Sholayar,sholayar ,381,0,0,0,tm,2,76.8956685401,10.3168999457
Sholayar,sholayar ,382,0,0,0,tm,2,76.8955746364,10.3166940264
Sholayar,sholayar ,383,0,0,0,tm,2,76.8954267047,10.3165268573
Sholayar,sholayar ,384,0,0,0,tm,2,76.8952091737,10.3164710154
Sholayar,sholayar ,385,0,0,0,tm,2,76.89498358,10.3164843038
Sholayar,sholayar ,386,0,0,0,tm,2,76.894761121,10.3165338863
Sholayar,sholayar ,387,0,0,0,tm,2,76.8945349116,10.3165601429
Sholayar,sholayar ,388,0,0,0,tm,2,76.8943157308,10.3165055552
Sholayar,sholayar ,389,0,0,0,tm,2,76.8941055084,10.3164183022
Sholayar,sholayar ,390,0,0,0,tm,2,76.8939314534,10.3162778871
Sholayar,sholayar ,391,0,0,0,tm,2,76.8938534466,10.3160676103
Sholayar,sholayar ,392,0,0,0,tm,2,76.8937660048,10.3158599199
Sholayar,sholayar ,393,0,0,0,tm,2,76.8936970073,10.3156617139
Sholayar,sholayar ,394,0,0,0,tm,2,76.8936350737,10.3154653669
Sholayar,sholayar ,395,0,0,0,tm,2,76.893554771,10.3152545638
Sholayar,sholayar ,396,0,0,0,tm,2,76.8934255032,10.3150693931
Sholayar,sholayar ,397,0,0,0,tm,2,76.8933006658,10.3148806216
Sholayar,sholayar ,398,0,0,0,tm,2,76.8932071778,10.3146745886
Sholayar,sholayar ,399,0,0,0,tm,2,76.8931297938,10.3144620858
Sholayar,sholayar ,400,0,0,0,tm,2,76.8930663643,10.3142450095
Sholayar,sholayar ,401,0,0,0,tm,2,76.8929915681,10.3140316783
Sholayar,sholayar ,402,0,0,0,tm,2,76.8928678536,10.3138444421
Sholayar,sholayar ,403,0,0,0,tm,2,76.8926786748,10.3137397519
Sholayar,sholayar ,404,0,0,0,tm,2,76.8924623781,10.3138026674
Sholayar,sholayar ,405,0,0,0,tm,2,76.8922572354,10.313901608
Sholayar,sholayar ,406,0,0,0,tm,2,76.8920500028,10.3139943903
Sholayar,sholayar ,407,0,0,0,tm,2,76.8918274434,10.3140308244
Sholayar,sholayar ,408,0,0,0,tm,2,76.8916314654,10.3139360327
Sholayar,sholayar ,409,0,0,0,tm,2,76.8915990103,10.3137137836
Sholayar,sholayar ,410,0,0,0,tm,2,76.8916134956,10.313488351
Sholayar,sholayar ,411,0,0,0,tm,2,76.8915989689,10.3132636279
Sholayar,sholayar ,412,0,0,0,tm,2,76.8914700354,10.3130972291
Sholayar,sholayar ,413,0,0,0,tm,2,76.8912454677,10.3130656576
Sholayar,sholayar ,414,0,0,0,tm,2,76.8910188489,10.3130902448
Sholayar,sholayar ,415,0,0,0,tm,2,76.8908097567,10.3131777646
Sholayar,sholayar ,416,0,0,0,tm,2,76.8905917993,10.3132359079
Sholayar,sholayar ,417,0,0,0,tm,2,76.890364663,10.3132145083
Sholayar,sholayar ,418,0,0,0,tm,2,76.8901381869,10.3131868633
Sholayar,sholayar ,419,0,0,0,tm,2,76.8899136716,10.3131477424
Sholayar,sholayar ,420,0,0,0,tm,2,76.8896913132,10.3130990804
Sholayar,sholayar ,421,0,0,0,tm,2,76.8894693833,10.3130478294
Sholayar,sholayar ,422,0,0,0,tm,2,76.8892459343,10.3130022972
Sholayar,sholayar ,423,0,0,0,tm,2,76.8890219372,10.3129593916
Sholayar,sholayar ,424,0,0,0,tm,2,76.8888001082,10.3129064563
Sholayar,sholayar ,425,0,0,0,tm,2,76.8885768346,10.3128598626
Sholayar,sholayar ,426,0,0,0,tm,2,76.8883525072,10.3128196002
Sholayar,sholayar ,427,0,0,0,tm,2,76.8881305392,10.3127675454
Sholayar,sholayar ,428,0,0,0,tm,2,76.8879068641,10.3127228031
Sholayar,sholayar ,429,0,0,0,tm,2,76.887684696,10.3126723828
Sholayar,sholayar ,430,0,0,0,tm,2,76.8874628601,10.3126243475
Sholayar,sholayar ,431,0,0,0,tm,2,76.8872824644,10.3125014376
Sholayar,sholayar ,432,0,0,0,tm,2,76.8872716644,10.3122861476
Sholayar,sholayar ,433,0,0,0,tm,2,76.8873988294,10.3121000944
Sholayar,sholayar ,434,0,0,0,tm,2,76.8875703256,10.3119535809
Sholayar,sholayar ,435,0,0,0,tm,2,76.887793227,10.3119089486
Sholayar,sholayar ,436,0,0,0,tm,2,76.888017083,10.3118802774
Sholayar,sholayar ,437,0,0,0,tm,2,76.8881799343,10.3117343212
Sholayar,sholayar ,438,0,0,0,tm,2,76.8882454868,10.3115186795
Sholayar,sholayar ,439,0,0,0,tm,2,76.8883703025,10.3113306309
Sholayar,sholayar ,440,0,0,0,tm,2,76.8885365541,10.3111764771
Sholayar,sholayar ,441,0,0,0,tm,2,76.8886560711,10.3109859987
Sholayar,sholayar ,442,0,0,0,tm,2,76.8886743684,10.3107644182
Sholayar,sholayar ,443,0,0,0,tm,2,76.8886270328,10.3105434026
Sholayar,sholayar ,444,0,0,0,tm,2,76.8885492806,10.3103323524
Sholayar,sholayar ,445,0,0,0,tm,2,76.8884057736,10.3101567383
Sholayar,sholayar ,446,0,0,0,tm,2,76.8882333212,10.3100125623
Sholayar,sholayar ,447,0,0,0,tm,2,76.888033777,10.3099029574
Sholayar,sholayar ,448,0,0,0,tm,2,76.8878391921,10.3097855069
Sholayar,sholayar ,449,0,0,0,tm,2,76.8877007221,10.309608841
Sholayar,sholayar ,450,0,0,0,tm,2,76.8876552596,10.3093890061
Sholayar,sholayar ,451,0,0,0,tm,2,76.8876227928,10.3091661954
Sholayar,sholayar ,452,0,0,0,tm,2,76.8875577455,10.3089573135
Sholayar,sholayar ,453,0,0,0,tm,2,76.8873695568,10.3088346431
Sholayar,sholayar ,454,0,0,0,tm,2,76.8872239748,10.3086705806
Sholayar,sholayar ,455,0,0,0,tm,2,76.8872107182,10.3084478008
Sholayar,sholayar ,456,0,0,0,tm,2,76.8872262332,10.3082223765
Sholayar,sholayar ,457,0,0,0,tm,2,76.8873268397,10.3080201066
Sholayar,sholayar ,458,0,0,0,tm,2,76.8874576092,10.3078349417
Sholayar,sholayar ,459,0,0,0,tm,2,76.8875388,10.30762741
Sholayar,sholayar ,460,0,0,0,tm,2,76.8874323469,10.3074336404
Sholayar,sholayar ,461,0,0,0,tm,2,76.8872289571,10.3073359072
Sholayar,sholayar ,462,0,0,0,tm,2,76.8870057945,10.3072910497
Sholayar,sholayar ,463,0,0,0,tm,2,76.8867815647,10.307256208
Sholayar,sholayar ,464,0,0,0,tm,2,76.8866351387,10.3070944993
Sholayar,sholayar ,465,0,0,0,tm,2,76.8864686502,10.3069503984
Sholayar,sholayar ,466,0,0,0,tm,2,76.8862674412,10.3068470657
Sholayar,sholayar ,467,0,0,0,tm,2,76.8861186492,10.3066768599
Sholayar,sholayar ,468,0,0,0,tm,2,76.8860460546,10.3064642327
Sholayar,sholayar ,469,0,0,0,tm,2,76.8859935192,10.3062445156
Sholayar,sholayar ,470,0,0,0,tm,2,76.8858742959,10.3060547373
Sholayar,sholayar ,471,0,0,0,tm,2,76.885679696,10.3059451652
Sholayar,sholayar ,472,0,0,0,tm,2,76.8854654271,10.3058685604
Sholayar,sholayar ,473,0,0,0,tm,2,76.8852694244,10.3057543767
Sholayar,sholayar ,474,0,0,0,tm,2,76.8851022653,10.3056021932
Sholayar,sholayar ,475,0,0,0,tm,2,76.8849485221,10.3054372365
Sholayar,sholayar ,476,0,0,0,tm,2,76.8848934528,10.3052249206
Sholayar,sholayar ,477,0,0,0,tm,2,76.8848418789,10.3050100087
Sholayar,sholayar ,478,0,0,0,tm,2,76.8846689955,10.3048715296
Sholayar,sholayar ,479,0,0,0,tm,2,76.8844642291,10.3047722582
Sholayar,sholayar ,480,0,0,0,tm,2,76.8842570414,10.3046775399
Sholayar,sholayar ,481,0,0,0,tm,2,76.8840642012,10.3045627017
Sholayar,sholayar ,482,0,0,0,tm,2,76.8840338694,10.3043530688
Sholayar,sholayar ,483,0,0,0,tm,2,76.8841121001,10.3041414455
Sholayar,sholayar ,484,0,0,0,tm,2,76.8842353003,10.3039516309
Sholayar,sholayar ,485,0,0,0,tm,2,76.8842778973,10.303734845
Sholayar,sholayar ,486,0,0,0,tm,2,76.8841900521,10.3035265523
Sholayar,sholayar ,487,0,0,0,tm,2,76.8840917029,10.3033286214
Sholayar,sholayar ,488,0,0,0,tm,2,76.8839884118,10.3031272001
Sholayar,sholayar ,489,0,0,0,tm,2,76.8838750681,10.3029317674
Sholayar,sholayar ,490,0,0,0,tm,2,76.8837402494,10.3027495565
Sholayar,sholayar ,491,0,0,0,tm,2,76.8836028986,10.302569169
Sholayar,sholayar ,492,0,0,0,tm,2,76.8834636982,10.3023901711
Sholayar,sholayar ,493,0,0,0,tm,2,76.8833208063,10.3022143422
Sholayar,sholayar ,494,0,0,0,tm,2,76.8831483786,10.3020673842
Sholayar,sholayar ,495,0,0,0,tm,2,76.8829439212,10.301969578
Sholayar,sholayar ,496,0,0,0,tm,2,76.8827253263,10.3019957626
Sholayar,sholayar ,497,0,0,0,tm,2,76.8825379235,10.3021239027
Sholayar,sholayar ,498,0,0,0,tm,2,76.8823418736,10.3022336237
Sholayar,sholayar ,499,0,0,0,tm,2,76.8821228009,10.3022966343
Sholayar,sholayar ,500,0,0,0,tm,2,76.8819041347,10.3022737325
Sholayar,sholayar ,501,0,0,0,tm,2,76.8817348551,10.3021258424
Sholayar,sholayar ,502,0,0,0,tm,2,76.8815987987,10.3019451086
Sholayar,sholayar ,503,0,0,0,tm,2,76.881514412,10.3017354789
Sholayar,sholayar ,504,0,0,0,tm,2,76.881440512,10.3015218384
Sholayar,sholayar ,505,0,0,0,tm,2,76.8813238298,10.3013283359
Sholayar,sholayar ,506,0,0,0,tm,2,76.8811858321,10.3011486727
Sholayar,sholayar ,507,0,0,0,tm,2,76.8810229443,10.3009941207
Sholayar,sholayar ,508,0,0,0,tm,2,76.8808056474,10.3009339856
Sholayar,sholayar ,509,0,0,0,tm,2,76.8806437549,10.3009793039
Sholayar,sholayar ,510,0,0,0,tm,2,76.8804367643,10.3010731917
Sholayar,sholayar ,511,0,0,0,tm,2,76.8802234304,10.3011504641
Sholayar,sholayar ,512,0,0,0,tm,2,76.8800205,10.3011919
Nallamudi,seen god,1,1,1,0,tt,1,76.9512214,10.3223428
Nallamudi,seen god,2,1,1,0,tt,1,76.9511886617,10.322122767
Nallamudi,seen god,3,1,1,0,tt,1,76.9510884227,10.3219202439
Nallamudi,seen god,4,1,1,0,tt,1,76.9510048027,10.3217099784
Nallamudi,seen god,5,1,3,2,tt,1,76.9509552336,10.3214922952
Nallamudi,seen god,6,1,1,0,tt,1,76.9509443429,10.3212676105
Nallamudi,seen god,7,1,1,0,tt,1,76.9508480414,10.3210678014
Nallamudi,seen god,8,0,0,0,tt,1,76.9506701505,10.3209277932
Nallamudi,seen god,9,0,0,0,tt,1,76.9504849089,10.3207959474
Nallamudi,seen god,10,0,0,0,tt,1,76.9503002972,10.3206635534
Nallamudi,seen god,11,0,0,0,tt,1,76.9500975673,10.3205638718
Nallamudi,seen god,12,0,0,0,tt,1,76.9498717848,10.320535211
Nallamudi,seen god,13,0,0,0,tt,1,76.9496450795,10.3205557659
Nallamudi,seen god,14,0,0,0,tt,1,76.9494219772,10.3206028744
Nallamudi,seen god,15,0,0,0,tt,1,76.9491957988,10.3205971789
Nallamudi,seen god,16,0,0,0,tt,1,76.9490081977,10.3204788657
Nallamudi,seen god,17,0,0,0,tt,1,76.9489172361,10.3202758143
Nallamudi,seen god,18,0,0,0,tt,1,76.9488682488,10.3200569753
Nallamudi,seen god,19,0,0,0,tt,1,76.9487714931,10.3198523374
Nallamudi,seen god,20,0,0,0,tt,1,76.9486915625,10.3196408325
Nallamudi,seen god,21,0,0,0,tt,1,76.9486424579,10.3194207839
Nallamudi,seen god,22,0,0,0,tt,1,76.9486264269,10.3191953881
Nallamudi,seen god,23,0,0,0,tt,1,76.9485937,10.3189719082
Nallamudi,seen god,24,0,0,0,tt,1,76.9485392549,10.3187525066
Nallamudi,seen god,25,0,0,0,tt,1,76.9485111148,10.3185286555
Nallamudi,seen god,26,0,0,0,tt,1,76.9484943999,10.3183033486
Nallamudi,seen god,27,0,0,0,tt,1,76.9484509856,10.318081655
Nallamudi,seen god,28,0,0,0,tt,1,76.9484594604,10.31785819
Nallamudi,seen god,29,0,0,0,tt,1,76.9485803651,10.3176697367
Nallamudi,seen god,30,0,0,0,tt,1,76.94868838,10.3174797961
Nallamudi,seen god,31,0,0,0,tt,1,76.9484904178,10.3174190799
Nallamudi,seen god,32,0,0,0,tt,1,76.9482845388,10.3175150143
Nallamudi,seen god,33,0,0,0,tt,1,76.9480689616,10.3175298604
Nallamudi,seen god,34,0,0,0,tt,1,76.9478802521,10.3174049734
Nallamudi,seen god,35,0,0,0,tt,1,76.9477806212,10.3172042382
Nallamudi,seen god,36,0,0,0,tt,1,76.9477033631,10.3169919799
Nallamudi,seen god,37,0,0,0,tt,1,76.9476292662,10.3167787873
Nallamudi,seen god,38,0,0,0,tt,1,76.9475804863,10.3165584062
Nallamudi,seen god,39,0,0,0,tt,1,76.9474794829,10.3163576858
Nallamudi,seen god,40,0,0,0,tt,1,76.947415696,10.316145866
Nallamudi,seen god,41,0,0,0,tt,1,76.9474340136,10.3159249656
Nallamudi,seen god,42,0,0,0,tt,1,76.9474356543,10.3156997455
Nallamudi,seen god,43,0,0,0,tt,1,76.9474477459,10.3154741145
Nallamudi,seen god,44,0,0,0,tt,1,76.9474511531,10.3152481669
Nallamudi,seen god,45,0,0,0,tt,1,76.9474583351,10.315022311
Nallamudi,seen god,46,0,0,0,tt,1,76.9474300843,10.314799028
Nallamudi,seen god,47,0,0,0,tt,1,76.9473654935,10.3145824173
Nallamudi,seen god,48,0,0,0,tt,1,76.9473136453,10.3143630829
Nallamudi,seen god,49,0,0,0,tt,1,76.9473036916,10.3141375046
Nallamudi,seen god,50,0,0,0,tt,1,76.9472765456,10.3139141299
Nallamudi,seen god,51,0,0,0,tt,1,76.9472156377,10.3136964758
Nallamudi,seen god,52,0,0,0,tt,1,76.9471958981,10.3134721805
Nallamudi,seen god,53,0,0,0,tt,1,76.9472105826,10.3132467984
Nallamudi,seen god,54,0,0,0,tt,1,76.9471820001,10.313023783
Nallamudi,seen god,55,0,0,0,tt,1,76.9470481258,10.3128502868
Nallamudi,seen god,56,0,0,0,tt,1,76.9468538823,10.3127316978
Nallamudi,seen god,57,0,0,0,tt,1,76.9466589016,10.3126144126
Nallamudi,seen god,58,0,0,0,tt,1,76.9464788231,10.3124797102
Nallamudi,seen god,59,0,0,0,tt,1,76.9463768665,10.3122816648
Nallamudi,seen god,60,0,0,0,tt,1,76.9463417408,10.3120588029
Nallamudi,seen god,61,0,0,0,tt,1,76.9462196128,10.3118806071
Nallamudi,seen god,62,0,0,0,tt,1,76.9460361993,10.3117464874
Nallamudi,seen god,63,0,0,0,tt,1,76.9458792891,10.3115834816
Nallamudi,seen god,64,0,0,0,tt,1,76.9457595058,10.3113952739
Nallamudi,seen god,65,0,0,0,tt,1,76.9456784442,10.3111850355
Nallamudi,seen god,66,0,0,0,tt,1,76.9456051629,10.3109722092
Nallamudi,seen god,67,0,0,0,tt,1,76.945542334,10.3107551922
Nallamudi,seen god,68,0,0,0,tt,1,76.9455038115,10.310532781
Nallamudi,seen god,69,0,0,0,tt,1,76.9455006933,10.310307844
Nallamudi,seen god,70,0,0,0,tt,1,76.945581453,10.3100998841
Nallamudi,seen god,71,0,0,0,tt,1,76.9457229008,10.3099227018
Nallamudi,seen god,72,0,0,0,tt,1,76.9458653589,10.30974723
Nallamudi,seen god,73,0,0,0,tt,1,76.9459689727,10.3095459133
Nallamudi,seen god,74,0,0,0,tt,1,76.9460510526,10.3093363038
Nallamudi,seen god,75,0,0,0,tt,1,76.9460566311,10.3091110627
Nallamudi,seen god,76,0,0,0,tt,1,76.9460293217,10.3088876456
Nallamudi,seen god,77,0,0,0,tt,1,76.9459217851,10.3086898852
Nallamudi,seen god,78,0,0,0,tt,1,76.9457853006,10.3085088089
Nallamudi,seen god,79,0,0,0,tt,1,76.945706772,10.3083086722
Nallamudi,seen god,80,0,0,0,tt,1,76.9458148778,10.3081119847
Nallamudi,seen god,81,0,0,0,tt,1,76.945935531,10.3079202136
Nallamudi,seen god,82,0,0,0,tt,1,76.9460543765,10.3077273365
Nallamudi,seen god,83,0,0,0,tt,1,76.946172649,10.3075343463
Nallamudi,seen god,84,0,0,0,tt,1,76.9462896213,10.3073404133
Nallamudi,seen god,85,0,0,0,tt,1,76.9463722096,10.3071306058
Nallamudi,seen god,86,0,0,0,tt,1,76.9464158044,10.3069089423
Nallamudi,seen god,87,0,0,0,tt,1,76.9464749912,10.3066907722
Nallamudi,seen god,88,0,0,0,tt,1,76.9465124766,10.3064684253
Nallamudi,seen god,89,0,0,0,tt,1,76.9465511059,10.3062465614
Nallamudi,seen god,90,0,0,0,tt,1,76.9464866363,10.3060335269
Nallamudi,seen god,91,0,0,0,tt,1,76.9464141586,10.3058209724
Nallamudi,seen god,92,0,0,0,tt,1,76.9462473965,10.3056730109
Nallamudi,seen god,93,0,0,0,tt,1,76.9461816108,10.3054707948
Nallamudi,seen god,94,0,0,0,tt,1,76.9462696888,10.3052629661
Nallamudi,seen god,95,0,0,0,tt,1,76.9463653887,10.3050592469
Nallamudi,seen god,96,0,0,0,tt,1,76.9465416715,10.3049189454
Nallamudi,seen god,97,0,0,0,tt,1,76.9466788934,10.3047415162
Nallamudi,seen god,98,0,0,0,tt,1,76.9467645121,10.3045321251
Nallamudi,seen god,99,0,0,0,tt,1,76.946820674,10.3043160279
Nallamudi,seen god,100,0,0,0,tt,1,76.9467353484,10.3041107486
Nallamudi,seen god,101,0,0,0,tt,1,76.946677756,10.3038924545
Nallamudi,seen god,102,0,0,0,tt,1,76.9466376835,10.3036730689
Nallamudi,seen god,103,0,0,0,tt,1,76.946438639,10.3035929037
Nallamudi,seen god,104,0,0,0,tt,1,76.9462624808,10.3034703052
Nallamudi,seen god,105,0,0,0,tt,1,76.9461779832,10.3032603923
Nallamudi,seen god,106,0,0,0,tt,1,76.946140872,10.3030390078
Nallamudi,seen god,107,0,0,0,tt,1,76.9461310841,10.3028136045
Nallamudi,seen god,108,0,0,0,tt,1,76.9462171417,10.3026087321
Nallamudi,seen god,109,0,0,0,tt,1,76.9462692871,10.302395921
Nallamudi,seen god,110,0,0,0,tt,1,76.946166677,10.3022012558
Nallamudi,seen god,111,0,0,0,tt,1,76.9460822945,10.3019948139
Nallamudi,seen god,112,0,0,0,tt,1,76.9461205937,10.3017748248
Nallamudi,seen god,113,0,0,0,tt,1,76.9462170279,10.3015713294
Nallamudi,seen god,114,0,0,0,tt,1,76.9462152756,10.3013496286
Nallamudi,seen god,115,0,0,0,tt,1,76.9462377501,10.3011277788
Nallamudi,seen god,116,0,0,0,tt,1,76.9462981552,10.3009099792
Nallamudi,seen god,117,0,0,0,tt,1,76.9463949383,10.3007058381
Nallamudi,seen god,118,0,0,0,tt,1,76.9464615825,10.3004933047
Nallamudi,seen god,119,0,0,0,tt,1,76.946378343,10.3002940529
Nallamudi,seen god,120,0,0,0,tt,1,76.9462084385,10.300143381
Nallamudi,seen god,121,0,0,0,tt,1,76.9460309146,10.3000036539
Nallamudi,seen god,122,0,0,0,tt,1,76.9458464659,10.2998737415
Nallamudi,seen god,123,0,0,0,tt,1,76.9457231039,10.2996854659
Nallamudi,seen god,124,0,0,0,tt,1,76.9456039103,10.2994938709
Nallamudi,seen god,125,0,0,0,tt,1,76.9455077529,10.2992918016
Nallamudi,seen god,126,0,0,0,tt,1,76.9455049496,10.2990666511
Nallamudi,seen god,127,0,0,0,tt,1,76.9454976838,10.2988409025
Nallamudi,seen god,128,0,0,0,tt,1,76.9454919324,10.2986158383
Nallamudi,seen god,129,0,0,0,tt,1,76.9455583276,10.2984001953
Nallamudi,seen god,130,0,0,0,tt,1,76.9456216546,10.298183148
Nallamudi,seen god,131,0,0,0,tt,1,76.9456671455,10.2979628431
Nallamudi,seen god,132,0,0,0,tt,1,76.9456521532,10.2977374459
Nallamudi,seen god,133,0,0,0,tt,1,76.9456829402,10.2975151413
Nallamudi,seen god,134,0,0,0,tt,1,76.9457761555,10.2973097067
Nallamudi,seen god,135,0,0,0,tt,1,76.9458812949,10.2971095533
Nallamudi,seen god,136,0,0,0,tt,1,76.9459607496,10.2968978072
Nallamudi,seen god,137,0,0,0,tt,1,76.9460223608,10.2966802573
Nallamudi,seen god,138,0,0,0,tt,1,76.9460372875,10.2964577137
Nallamudi,seen god,139,0,0,0,tt,1,76.9460533196,10.2962364951
Nallamudi,seen god,140,0,0,0,tt,1,76.9461404712,10.296027869
Nallamudi,seen god,141,0,0,0,tt,1,76.9460756817,10.2958362529
Nallamudi,seen god,142,0,0,0,tt,1,76.9458607016,10.2957626719
Nallamudi,seen god,143,0,0,0,tt,1,76.9456681261,10.2956463851
Nallamudi,seen god,144,0,0,0,tt,1,76.9455402602,10.2954603926
Nallamudi,seen god,145,0,0,0,tt,1,76.9454460952,10.2952551022
Nallamudi,seen god,146,0,0,0,tt,1,76.9453399491,10.2950552484
Nallamudi,seen god,147,0,0,0,tt,1,76.9452634767,10.2948432527
Nallamudi,seen god,148,0,0,0,tt,1,76.9451740939,10.2946354869
Nallamudi,seen god,149,0,0,0,tt,1,76.9450984794,10.2944228425
Nallamudi,seen god,150,0,0,0,tt,1,76.9450404145,10.2942044492
Nallamudi,seen god,151,0,0,0,tt,1,76.9450221162,10.2939809604
Nallamudi,seen god,152,0,0,0,tt,1,76.9451030828,10.2937709139
Nallamudi,seen god,153,0,0,0,tt,1,76.9452081813,10.2935706813
Nallamudi,seen god,154,0,0,0,tt,1,76.9452685978,10.2933538119
Nallamudi,seen god,155,0,0,0,tt,1,76.9453313625,10.2931392069
Nallamudi,seen god,156,0,0,0,tt,1,76.9453090943,10.2929159542
Nallamudi,seen god,157,0,0,0,tt,1,76.9452032447,10.2927173485
Nallamudi,seen god,158,0,0,0,tt,1,76.9450360973,10.2925727899
Nallamudi,seen god,159,0,0,0,tt,1,76.9448305948,10.2924746334
Nallamudi,seen god,160,0,0,0,tt,1,76.9447820583,10.2923228469
Nallamudi,seen god,161,0,0,0,tt,1,76.945008444,10.2923163008
Nallamudi,seen god,162,0,0,0,tt,1,76.9451741715,10.2921756855
Nallamudi,seen god,163,0,0,0,tt,1,76.9453238777,10.292005262
Nallamudi,seen god,164,0,0,0,tt,1,76.9454439639,10.2918135842
Nallamudi,seen god,165,0,0,0,tt,1,76.9454883485,10.2915966044
Nallamudi,seen god,166,0,0,0,tt,1,76.94550656,10.2913736307
Nallamudi,seen god,167,0,0,0,tt,1,76.9454474093,10.2911566137
Nallamudi,seen god,168,0,0,0,tt,1,76.9454041025,10.2909429078
Nallamudi,seen god,169,0,0,0,tt,1,76.9453953494,10.2907185713
Nallamudi,seen god,170,0,0,0,tt,1,76.9453614058,10.2904964679
Nallamudi,seen god,171,0,0,0,tt,1,76.9453214806,10.2902769458
Nallamudi,seen god,172,0,0,0,tt,1,76.9453604882,10.2900553649
Nallamudi,seen god,173,0,0,0,tt,1,76.9454304125,10.2898402743
Nallamudi,seen god,174,0,0,0,tt,1,76.9454311407,10.2896176261
Nallamudi,seen god,175,0,0,0,tt,1,76.9453697139,10.2894018014
Nallamudi,seen god,176,0,0,0,tt,1,76.9453762277,10.289177401
Nallamudi,seen god,177,0,0,0,tt,1,76.9454592974,10.2889680191
Nallamudi,seen god,178,0,0,0,tt,1,76.9454852897,10.2887468061
Nallamudi,seen god,179,0,0,0,tt,1,76.9453324143,10.2885824956
Nallamudi,seen god,180,0,0,0,tt,1,76.9451275842,10.2884927461
Nallamudi,seen god,181,0,0,0,tt,1,76.9449058558,10.2884445329
Nallamudi,seen god,182,0,0,0,tt,1,76.9446890855,10.2883801039
Nallamudi,seen god,183,0,0,0,tt,1,76.9444636135,10.2883456326
Nallamudi,seen god,184,0,0,0,tt,1,76.9442763282,10.2882193801
Nallamudi,seen god,185,0,0,0,tt,1,76.9441017897,10.2880740809
Nallamudi,seen god,186,0,0,0,tt,1,76.9439133968,10.2879478902
Nallamudi,seen god,187,0,0,0,tt,1,76.9436981472,10.2878754273
Nallamudi,seen god,188,0,0,0,tt,1,76.9434742702,10.287831835
Nallamudi,seen god,189,0,0,0,tt,1,76.9432499619,10.2877905529
Nallamudi,seen god,190,0,0,0,tt,1,76.9430265738,10.2877447084
Nallamudi,seen god,191,0,0,0,tt,1,76.942802972,10.2876998981
Nallamudi,seen god,192,0,0,0,tt,1,76.9425779573,10.2876631167
Nallamudi,seen god,193,0,0,0,tt,1,76.9423509355,10.2876409924
Nallamudi,seen god,194,0,0,0,tt,1,76.942127777,10.2875968119
Nallamudi,seen god,195,0,0,0,tt,1,76.9419147317,10.2875169042
Nallamudi,seen god,196,0,0,0,tt,1,76.9417149446,10.2874079004
Nallamudi,seen god,197,0,0,0,tt,1,76.9415450118,10.2872592858
Nallamudi,seen god,198,0,0,0,tt,1,76.9414135294,10.2870747048
Nallamudi,seen god,199,0,0,0,tt,1,76.9412658672,10.2869027375
Nallamudi,seen god,200,0,0,0,tt,1,76.9410928475,10.2867562652
Nallamudi,seen god,201,0,0,0,tt,1,76.94087722,10.2866925844
Nallamudi,seen god,202,0,0,0,tt,1,76.9406499985,10.2867106054
Nallamudi,seen god,203,0,0,0,tt,1,76.9404267841,10.2866734145
Nallamudi,seen god,204,0,0,0,tt,1,76.9402175932,10.2865833147
Nallamudi,seen god,205,0,0,0,tt,1,76.9399935248,10.2865728194
Nallamudi,seen god,206,0,0,0,tt,1,76.9397673868,10.2866005008
Nallamudi,seen god,207,0,0,0,tt,1,76.9395420138,10.2866282975
Nallamudi,seen god,208,0,0,0,tt,1,76.9393290347,10.2867086043
Nallamudi,seen god,209,0,0,0,tt,1,76.9391040565,10.2867364622
Nallamudi,seen god,210,0,0,0,tt,1,76.9388838791,10.2866818667
Nallamudi,seen god,211,0,0,0,tt,1,76.9386828863,10.2865753978
Nallamudi,seen god,212,0,0,0,tt,1,76.938495513,10.2864465837
Nallamudi,seen god,213,0,0,0,tt,1,76.9382984852,10.2863328583
Nallamudi,seen god,214,0,0,0,tt,1,76.9381261968,10.286189654
Nallamudi,seen god,215,0,0,0,tt,1,76.9380174971,10.2859914749
Nallamudi,seen god,216,0,0,0,tt,1,76.9379251003,10.2857849068
Nallamudi,seen god,217,0,0,0,tt,1,76.9377716462,10.2856209705
Nallamudi,seen god,218,0,0,0,tt,1,76.937572504,10.2855113739
Nallamudi,seen god,219,0,0,0,tt,1,76.9373633525,10.2854211072
Nallamudi,seen god,220,0,0,0,tt,1,76.9371472467,10.285348646
Nallamudi,seen god,221,0,0,0,tt,1,76.9369299329,10.2852798809
Nallamudi,seen god,222,0,0,0,tt,1,76.9367180954,10.2851980695
Nallamudi,seen god,223,0,0,0,tt,1,76.9365380938,10.2850605292
Nallamudi,seen god,224,0,0,0,tt,1,76.9364109149,10.2848732468
Nallamudi,seen god,225,0,0,0,tt,1,76.9363269105,10.2846647654
Nallamudi,seen god,226,0,0,0,tt,1,76.9363060431,10.2844408081
Nallamudi,seen god,227,0,0,0,tt,1,76.9361971501,10.2842449635
Nallamudi,seen god,228,0,0,0,tt,1,76.9360875813,10.2840474308
Nallamudi,seen god,229,0,0,0,tt,1,76.9359446969,10.2838718846
Nallamudi,seen god,230,0,0,0,tt,1,76.9357796902,10.2837162032
Nallamudi,seen god,231,0,0,0,tt,1,76.9355746395,10.2836192909
Nallamudi,seen god,232,0,0,0,tt,1,76.9353791739,10.283502852
Nallamudi,seen god,233,0,0,0,tt,1,76.9351947339,10.2833713473
Nallamudi,seen god,234,0,0,0,tt,1,76.9349854705,10.2832836106
Nallamudi,seen god,235,0,0,0,tt,1,76.9347681471,10.2832148462
Nallamudi,seen god,236,0,0,0,tt,1,76.9345632567,10.2831164963
Nallamudi,seen god,237,0,0,0,tt,1,76.9344767034,10.28292866
Nallamudi,seen god,238,0,0,0,tt,1,76.934548737,10.2827150847
Nallamudi,seen god,239,0,0,0,tt,1,76.9345714874,10.2824902467
Nallamudi,seen god,240,0,0,0,tt,1,76.9345497541,10.2822671839
Nallamudi,seen god,241,0,0,0,tt,1,76.934463481,10.28205981
Nallamudi,seen god,242,0,0,0,tt,1,76.9343317223,10.2818794888
Nallamudi,seen god,243,0,0,0,tt,1,76.9343346998,10.2816567932
Nallamudi,seen god,244,0,0,0,tt,1,76.9343864281,10.2814368017
Nallamudi,seen god,245,0,0,0,tt,1,76.9344650728,10.2812265623
Nallamudi,seen god,246,0,0,0,tt,1,76.9346543115,10.2811064257
Nallamudi,seen god,247,0,0,0,tt,1,76.9348197628,10.2809540889
Nallamudi,seen god,248,0,0,0,tt,1,76.9349613435,10.2807769298
Nallamudi,seen god,249,0,0,0,tt,1,76.9351035031,10.2806001681
Nallamudi,seen god,250,0,0,0,tt,1,76.9351943822,10.2803954663
Nallamudi,seen god,251,0,0,0,tt,1,76.9352196274,10.2801713404
Nallamudi,seen god,252,0,0,0,tt,1,76.9351894555,10.2799489739
Nallamudi,seen god,253,0,0,0,tt,1,76.9350854034,10.2797485057
Nallamudi,seen god,254,0,0,0,tt,1,76.9350823109,10.2795278535
Nallamudi,seen god,255,0,0,0,tt,1,76.9351272087,10.2793066179
Nallamudi,seen god,256,0,0,0,tt,1,76.9350928599,10.2790861619
Nallamudi,seen god,257,0,0,0,tt,1,76.9350352451,10.2788675851
Nallamudi,seen god,258,0,0,0,tt,1,76.9349568111,10.2786577526
Nallamudi,seen god,259,0,0,0,tt,1,76.9347610382,10.2785645703
Nallamudi,seen god,260,0,0,0,tt,1,76.9345734347,10.2784594195
Nallamudi,seen god,261,0,0,0,tt,1,76.9345571606,10.2782348896
Nallamudi,seen god,262,0,0,0,tt,1,76.9345196761,10.2780134829
Nallamudi,seen god,263,0,0,0,tt,1,76.9344214736,10.2778098387
Nallamudi,seen god,264,0,0,0,tt,1,76.9343051561,10.2776154213
Nallamudi,seen god,265,0,0,0,tt,1,76.9341801172,10.2774265837
Nallamudi,seen god,266,0,0,0,tt,1,76.9340327257,10.2772543174
Nallamudi,seen god,267,0,0,0,tt,1,76.9339817792,10.2770390877
Nallamudi,seen god,268,0,0,0,tt,1,76.9339954059,10.2768136395
Nallamudi,seen god,269,0,0,0,tt,1,76.9339734851,10.2765897239
Nallamudi,seen god,270,0,0,0,tt,1,76.9338771457,10.2763875035
Nallamudi,seen god,271,0,0,0,tt,1,76.9337624136,10.2761922596
Nallamudi,seen god,272,0,0,0,tt,1,76.933700323,10.2759766075
Nallamudi,seen god,273,0,0,0,tt,1,76.933688585,10.2757510046
Nallamudi,seen god,274,0,0,0,tt,1,76.9336736197,10.2755255862
Nallamudi,seen god,275,0,0,0,tt,1,76.9336565608,10.2753164115
Nallamudi,seen god,276,0,0,0,tt,1,76.9337963198,10.2751425441
Nallamudi,seen god,277,0,0,0,tt,1,76.934004357,10.2750667388
Nallamudi,seen god,278,0,0,0,tt,1,76.9341854251,10.2749467148
Nallamudi,seen god,279,0,0,0,tt,1,76.934257567,10.2747341479
Nallamudi,seen god,280,0,0,0,tt,1,76.9342666667,10.274509018
Nallamudi,seen god,281,0,0,0,tt,1,76.9342316451,10.2742863526
Nallamudi,seen god,282,0,0,0,tt,1,76.9341812131,10.2740683119
Nallamudi,seen god,283,0,0,0,tt,1,76.9342117425,10.2738456197
Nallamudi,seen god,284,0,0,0,tt,1,76.9343010679,10.273638064
Nallamudi,seen god,285,0,0,0,tt,1,76.9344123951,10.2734408191
Nallamudi,seen god,286,0,0,0,tt,1,76.9345033294,10.2732341353
Nallamudi,seen god,287,0,0,0,tt,1,76.9344871328,10.2730131595
Nallamudi,seen god,288,0,0,0,tt,1,76.9343219828,10.2728630345
Nallamudi,seen god,289,0,0,0,tt,1,76.9341126164,10.2727768393
Nallamudi,seen god,290,0,0,0,tt,1,76.9339413948,10.2726783056
Nallamudi,seen god,291,0,0,0,tt,1,76.9339449223,10.2724530157
Nallamudi,seen god,292,0,0,0,tt,1,76.9339408182,10.2722271208
Nallamudi,seen god,293,0,0,0,tt,1,76.9339718893,10.2720033363
Nallamudi,seen god,294,0,0,0,tt,1,76.9340212471,10.2717832555
Nallamudi,seen god,295,0,0,0,tt,1,76.9341183124,10.2715791807
Nallamudi,seen god,296,0,0,0,tt,1,76.9342309707,10.2713827519
Nallamudi,seen god,297,0,0,0,tt,1,76.9343335432,10.271181072
Nallamudi,seen god,298,0,0,0,tt,1,76.934416568,10.2709707705
Nallamudi,seen god,299,0,0,0,tt,1,76.9344761585,10.2707532132
Nallamudi,seen god,300,0,0,0,tt,1,76.9344636635,10.2705285384
Nallamudi,seen god,301,0,0,0,tt,1,76.9343689166,10.2703252277
Nallamudi,seen god,302,0,0,0,tt,1,76.9343045209,10.270113053
Nallamudi,seen god,303,0,0,0,tt,1,76.9343221263,10.2698880653
Nallamudi,seen god,304,0,0,0,tt,1,76.9343215355,10.2696622927
Nallamudi,seen god,305,0,0,0,tt,1,76.9342213957,10.2694674985
Nallamudi,seen god,306,0,0,0,tt,1,76.9340817446,10.2692966408
Nallamudi,seen god,307,0,0,0,tt,1,76.9340945791,10.2690754561
Nallamudi,seen god,308,0,0,0,tt,1,76.9341525438,10.2688601487
Nallamudi,seen god,309,0,0,0,tt,1,76.9341832561,10.2686446832
Nallamudi,seen god,310,0,0,0,tt,1,76.9343954747,10.2685993393
Nallamudi,seen god,311,0,0,0,tt,1,76.9346234313,10.2685915275
Nallamudi,seen god,312,0,0,0,tt,1,76.9348432599,10.2685429855
Nallamudi,seen god,313,0,0,0,tt,1,76.9350350198,10.2684226852
Nallamudi,seen god,314,0,0,0,tt,1,76.9352136217,10.2682830278
Nallamudi,seen god,315,0,0,0,tt,1,76.9353924121,10.2681479018
Nallamudi,seen god,316,0,0,0,tt,1,76.9354995713,10.2679491312
Nallamudi,seen god,317,0,0,0,tt,1,76.9356323514,10.267766627
Nallamudi,seen god,318,0,0,0,tt,1,76.9357823446,10.2675965263
Nallamudi,seen god,319,0,0,0,tt,1,76.9359027061,10.2674053748
Nallamudi,seen god,320,0,0,0,tt,1,76.9360018153,10.2672020441
Nallamudi,seen god,321,0,0,0,tt,1,76.9361044594,10.2670007463
Nallamudi,seen god,322,0,0,0,tt,1,76.9362420305,10.2668208156
Nallamudi,seen god,323,0,0,0,tt,1,76.9363400149,10.2666176031
Nallamudi,seen god,324,0,0,0,tt,1,76.936447841,10.2664185378
Nallamudi,seen god,325,0,0,0,tt,1,76.9365211173,10.2662068348
Nallamudi,seen god,326,0,0,0,tt,1,76.9365141845,10.2659814523
Nallamudi,seen god,327,0,0,0,tt,1,76.9364636925,10.2657615774
Nallamudi,seen god,328,0,0,0,tt,1,76.9364144704,10.2655429361
Nallamudi,seen god,329,0,0,0,tt,1,76.9365938102,10.2654829542
Nallamudi,seen god,330,0,0,0,tt,1,76.9368096431,10.2655314399
Nallamudi,seen god,331,0,0,0,tt,1,76.9369798577,10.2653983279
Nallamudi,seen god,332,0,0,0,tt,1,76.9369887036,10.2651754835
Nallamudi,seen god,333,0,0,0,tt,1,76.9369132022,10.2649623655
Nallamudi,seen god,334,0,0,0,tt,1,76.9368536167,10.2647471419
Nallamudi,seen god,335,0,0,0,tt,1,76.9369127491,10.2645313772
Nallamudi,seen god,336,0,0,0,tt,1,76.9369951238,10.2643216103
Nallamudi,seen god,337,0,0,0,tt,1,76.9370279245,10.2640987997
Nallamudi,seen god,338,0,0,0,tt,1,76.9370010852,10.2638747861
Nallamudi,seen god,339,0,0,0,tt,1,76.936875492,10.2636906257
Nallamudi,seen god,340,0,0,0,tt,1,76.9367262248,10.2635220559
Nallamudi,seen god,341,0,0,0,tt,1,76.936583402,10.2633465315
Nallamudi,seen god,342,0,0,0,tt,1,76.9364523874,10.2631616881
Nallamudi,seen god,343,0,0,0,tt,1,76.9363234576,10.2629752958
Nallamudi,seen god,344,0,0,0,tt,1,76.9362788891,10.2627587589
Nallamudi,seen god,345,0,0,0,tt,1,76.9363243474,10.2625373508
Nallamudi,seen god,346,0,0,0,tt,1,76.9363432974,10.2623125102
Nallamudi,seen god,347,0,0,0,tt,1,76.9363485431,10.2620870378
Nallamudi,seen god,348,0,0,0,tt,1,76.9363037605,10.2618656491
Nallamudi,seen god,349,0,0,0,tt,1,76.9362500818,10.2616460095
Nallamudi,seen god,350,0,0,0,tt,1,76.9361749196,10.2614330017
Nallamudi,seen god,351,0,0,0,tt,1,76.9361251777,10.2612217636
Nallamudi,seen god,352,0,0,0,tt,1,76.9362724575,10.2610556455
Nallamudi,seen god,353,0,0,0,tt,1,76.9364167427,10.2608856683
Nallamudi,seen god,354,0,0,0,tt,1,76.9363979209,10.2606700719
Nallamudi,seen god,355,0,0,0,tt,1,76.9361948074,10.2606493121
Nallamudi,seen god,356,0,0,0,tt,1,76.9359748791,10.2607035604
Nallamudi,seen god,357,0,0,0,tt,1,76.9357491187,10.2606727254
Nallamudi,seen god,358,0,0,0,tt,1,76.9355326352,10.2606025371
Nallamudi,seen god,359,0,0,0,tt,1,76.9353284497,10.2605022091
Nallamudi,seen god,360,0,0,0,tt,1,76.9351217967,10.2604065818
Nallamudi,seen god,361,0,0,0,tt,1,76.9349704109,10.260250083
Nallamudi,seen god,362,0,0,0,tt,1,76.9349099365,10.2600323993
Nallamudi,seen god,363,0,0,0,tt,1,76.9348453924,10.2598157359
Nallamudi,seen god,364,0,0,0,tt,1,76.9347974087,10.2595952375
Nallamudi,seen god,365,0,0,0,tt,1,76.934802632,10.2593698291
Nallamudi,seen god,366,0,0,0,tt,1,76.9347599239,10.259149042
Nallamudi,seen god,367,0,0,0,tt,1,76.9347849102,10.2589328794
Nallamudi,seen god,368,0,0,0,tt,1,76.9349589528,10.2587940122
Chinnakallar,chinnakallar,1,1,1,0,tt,1,76.97918,10.28308
Chinnakallar,chinnakallar,2,1,1,0,tt,1,76.97909,10.28324
Chinnakallar,chinnakallar,3,0,0,0,tt,1,76.97928,10.28335
Chinnakallar,chinnakallar,4,0,0,0,tt,1,76.97943,10.28352
Chinnakallar,chinnakallar,5,1,1,0,tt,1,76.97961,10.28366
Chinnakallar,chinnakallar,6,1,1,0,tt,1,76.9798,10.2836
Chinnakallar,chinnakallar,7,1,1,0,tt,1,76.97997,10.28345
Chinnakallar,chinnakallar,8,1,1,0,tt,1,76.98018,10.28335
Chinnakallar,chinnakallar,9,1,1,0,tt,1,76.9804,10.28332
Chinnakallar,chinnakallar,10,1,1,0,tt,1,76.98063,10.28331
Chinnakallar,chinnakallar,11,1,1,0,tt,1,76.98085,10.28335
Chinnakallar,chinnakallar,12,1,1,0,tt,1,76.98108,10.28338
Chinnakallar,chinnakallar,13,1,1,0,tt,1,76.9813,10.28334
Chinnakallar,chinnakallar,14,1,1,0,tt,1,76.98152,10.28328
Chinnakallar,chinnakallar,15,1,1,0,tt,1,76.98175,10.28329
Chinnakallar,chinnakallar,16,0,0,0,tt,1,76.98195,10.28338
Chinnakallar,chinnakallar,17,0,0,0,tt,1,76.98216,10.28347
Chinnakallar,chinnakallar,18,0,0,0,tt,1,76.98238,10.28354
Chinnakallar,chinnakallar,19,0,0,0,tt,1,76.9826,10.2836
Chinnakallar,chinnakallar,20,0,0,0,tt,1,76.98283,10.28363
Chinnakallar,chinnakallar,21,0,0,0,tt,1,76.98305,10.28364
Chinnakallar,chinnakallar,22,0,0,0,tt,1,76.98326,10.28372
Chinnakallar,chinnakallar,23,0,0,0,tt,1,76.98347,10.28381
Chinnakallar,chinnakallar,24,0,0,0,tt,1,76.98363,10.28396
Chinnakallar,chinnakallar,25,0,0,0,tt,1,76.98367,10.28418
Chinnakallar,chinnakallar,26,0,0,0,tt,1,76.98372,10.28439
Chinnakallar,chinnakallar,27,0,0,0,tt,1,76.98379,10.28461
Chinnakallar,chinnakallar,28,0,0,0,tt,1,76.98381,10.28483
Chinnakallar,chinnakallar,29,0,0,0,tt,1,76.98375,10.28505
Chinnakallar,chinnakallar,30,0,0,0,tt,1,76.98367,10.28526
Chinnakallar,chinnakallar,31,0,0,0,tt,1,76.9836,10.28547
Chinnakallar,chinnakallar,32,1,1,0,tt,1,76.98369,10.28566
Chinnakallar,chinnakallar,33,0,0,0,tt,1,76.98383,10.28583
Chinnakallar,chinnakallar,34,0,0,0,tt,1,76.98383,10.28606
Chinnakallar,chinnakallar,35,1,1,0,tt,1,76.98385,10.28628
Chinnakallar,chinnakallar,36,1,1,0,tt,1,76.98379,10.2865
Chinnakallar,chinnakallar,37,0,0,0,tt,1,76.98372,10.28671
Chinnakallar,chinnakallar,38,0,0,0,tt,1,76.98368,10.28694
Chinnakallar,chinnakallar,39,1,1,0,tt,1,76.98361,10.28715
Chinnakallar,chinnakallar,40,1,1,0,tt,1,76.98359,10.28737
Chinnakallar,chinnakallar,41,1,1,0,tt,1,76.98374,10.28753
Chinnakallar,chinnakallar,42,0,0,0,tt,1,76.98392,10.28767
Chinnakallar,chinnakallar,43,1,1,0,tt,1,76.98409,10.28782
Chinnakallar,chinnakallar,44,1,1,0,tt,1,76.9842,10.28802
Chinnakallar,chinnakallar,45,1,1,0,tt,1,76.98429,10.28822
Chinnakallar,chinnakallar,46,1,1,0,tt,1,76.98431,10.28844
Chinnakallar,chinnakallar,47,0,0,0,tt,1,76.98422,10.28865
Chinnakallar,chinnakallar,48,1,1,1,tt,1,76.98419,10.28887
Chinnakallar,chinnakallar,49,1,1,0,tt,1,76.98421,10.28909
Chinnakallar,chinnakallar,50,1,1,0,tt,1,76.98427,10.28931
Chinnakallar,chinnakallar,51,1,1,0,tt,1,76.9844,10.28947
Chinnakallar,chinnakallar,52,0,0,0,tt,1,76.98459,10.28936
Chinnakallar,chinnakallar,53,0,0,0,tt,1,76.98479,10.28928
Chinnakallar,chinnakallar,54,1,1,0,tt,1,76.98502,10.2893
Chinnakallar,chinnakallar,55,1,1,0,tt,1,76.98523,10.28938
Chinnakallar,chinnakallar,56,0,0,0,tt,1,76.98529,10.28958
Chinnakallar,chinnakallar,57,1,1,0,tt,1,76.98527,10.28981
Chinnakallar,chinnakallar,58,1,1,0,tt,1,76.98536,10.29001
Chinnakallar,chinnakallar,59,0,0,0,tt,1,76.98556,10.29012
Chinnakallar,chinnakallar,60,0,0,0,tt,1,76.98578,10.29014
Chinnakallar,chinnakallar,61,0,0,0,tt,1,76.98601,10.29012
Chinnakallar,chinnakallar,62,1,1,0,tt,1,76.98623,10.29008
Chinnakallar,chinnakallar,63,1,1,0,tt,1,76.98644,10.2901
Chinnakallar,chinnakallar,64,1,1,0,tt,1,76.9865,10.29031
Chinnakallar,chinnakallar,65,1,1,0,tt,1,76.98655,10.29053
Chinnakallar,chinnakallar,66,1,1,0,tt,1,76.9867,10.2907
Chinnakallar,chinnakallar,67,0,0,0,tt,1,76.98683,10.29084
Chinnakallar,chinnakallar,68,1,1,0,tt,1,76.98705,10.29088
Chinnakallar,chinnakallar,69,0,0,0,tt,1,76.98727,10.29084
Chinnakallar,chinnakallar,70,1,1,0,tt,1,76.98749,10.29087
Chinnakallar,chinnakallar,71,0,0,0,tt,1,76.98769,10.29097
Chinnakallar,chinnakallar,72,0,0,0,tt,1,76.98791,10.29091
Chinnakallar,chinnakallar,73,1,1,0,tt,1,76.9881,10.29078
Chinnakallar,chinnakallar,74,1,1,0,tt,1,76.98828,10.29064
Chinnakallar,chinnakallar,75,0,0,0,tt,1,76.98847,10.29052
Chinnakallar,chinnakallar,76,0,0,0,tt,1,76.98869,10.29046
Chinnakallar,chinnakallar,77,0,0,0,tt,1,76.98892,10.29047
Chinnakallar,chinnakallar,78,0,0,0,tt,1,76.98914,10.29048
Chinnakallar,chinnakallar,79,0,0,0,tt,1,76.98936,10.29043
Chinnakallar,chinnakallar,80,1,1,0,tt,1,76.98957,10.29035
Chinnakallar,chinnakallar,81,1,1,0,tt,1,76.98979,10.29038
Chinnakallar,chinnakallar,82,1,1,0,tt,1,76.98999,10.29048
Chinnakallar,chinnakallar,83,1,1,0,tt,1,76.9902,10.29042
Chinnakallar,chinnakallar,84,1,1,0,tt,1,76.99031,10.29023
Chinnakallar,chinnakallar,85,0,0,0,tt,1,76.99046,10.29006
Chinnakallar,chinnakallar,86,0,0,0,tt,1,76.9906,10.2899
Chinnakallar,chinnakallar,87,0,0,0,tt,1,76.99073,10.28971
Chinnakallar,chinnakallar,88,1,1,0,tt,1,76.99092,10.2896
Chinnakallar,chinnakallar,89,1,1,0,tt,1,76.99115,10.28958
Chinnakallar,chinnakallar,90,0,0,0,tt,1,76.99137,10.28955
Chinnakallar,chinnakallar,91,1,1,0,tt,1,76.9916,10.28954
Chinnakallar,chinnakallar,92,0,0,0,tt,1,76.99183,10.28952
Chinnakallar,chinnakallar,93,0,0,0,tt,1,76.99206,10.28952
Chinnakallar,chinnakallar,94,0,0,0,tt,1,76.99228,10.28951
Chinnakallar,chinnakallar,95,0,0,0,tt,1,76.99249,10.28943
Chinnakallar,chinnakallar,96,0,0,0,tt,1,76.99255,10.28922
Chinnakallar,chinnakallar,97,0,0,0,tt,1,76.99258,10.289
Chinnakallar,chinnakallar,98,0,0,0,tt,1,76.99264,10.28878
Chinnakallar,chinnakallar,99,1,1,0,tt,1,76.99276,10.28859
Chinnakallar,chinnakallar,100,1,1,0,tt,1,76.99295,10.28848
Chinnakallar,chinnakallar,101,0,0,0,tt,1,76.99317,10.28845
Chinnakallar,chinnakallar,102,1,1,0,tt,1,76.99334,10.28859
Chinnakallar,chinnakallar,103,0,0,0,tt,1,76.99354,10.28864
Chinnakallar,chinnakallar,104,1,1,0,tt,1,76.99375,10.28856
Chinnakallar,chinnakallar,105,1,1,0,tt,1,76.99398,10.28853
Chinnakallar,chinnakallar,106,1,1,0,tt,1,76.9942,10.2885
Chinnakallar,chinnakallar,107,1,1,0,tt,1,76.99441,10.28845
Chinnakallar,chinnakallar,108,0,0,0,tt,1,76.99462,10.28854
Chinnakallar,chinnakallar,109,0,0,0,tt,1,76.99478,10.28869
Chinnakallar,chinnakallar,110,0,0,0,tt,1,76.99495,10.28885
Chinnakallar,chinnakallar,111,0,0,0,tt,1,76.99509,10.28902
Chinnakallar,chinnakallar,112,0,0,0,tt,1,76.99529,10.2891
Chinnakallar,chinnakallar,113,0,0,0,tt,1,76.99552,10.2891
Chinnakallar,chinnakallar,114,0,0,0,tt,1,76.99574,10.28915
Chinnakallar,chinnakallar,115,0,0,0,tt,1,76.99596,10.28911
Chinnakallar,chinnakallar,116,0,0,0,tt,1,76.9961,10.28894
Chinnakallar,chinnakallar,117,1,1,0,tt,1,76.99612,10.28872
Chinnakallar,chinnakallar,118,1,1,0,tt,1,76.99615,10.2885
Chinnakallar,chinnakallar,119,1,1,0,tt,1,76.99634,10.28839
Chinnakallar,chinnakallar,120,0,0,0,tt,1,76.99657,10.28837
Chinnakallar,chinnakallar,121,1,1,0,tf,2,76.99676,10.28847
Chinnakallar,chinnakallar,122,1,1,0,tf,2,76.99695,10.28859
Chinnakallar,chinnakallar,123,1,1,0,tf,2,76.99716,10.28867
Chinnakallar,chinnakallar,124,1,1,0,tf,2,76.99738,10.28867
Chinnakallar,chinnakallar,125,1,1,0,tf,2,76.99761,10.28862
Chinnakallar,chinnakallar,126,1,1,0,tf,2,76.99783,10.28867
Chinnakallar,chinnakallar,127,0,0,0,tf,2,76.99803,10.28877
Chinnakallar,chinnakallar,128,1,1,1,tf,2,76.99823,10.28887
Chinnakallar,chinnakallar,129,1,1,0,tf,2,76.99845,10.28893
Chinnakallar,chinnakallar,130,0,0,0,tf,2,76.99868,10.28894
Chinnakallar,chinnakallar,131,0,0,0,tf,2,76.9989,10.28889
Chinnakallar,chinnakallar,132,1,1,0,tf,2,76.99908,10.28875
Chinnakallar,chinnakallar,133,1,1,0,tf,2,76.99923,10.28859
Chinnakallar,chinnakallar,134,1,1,0,tf,2,76.99942,10.28846
Chinnakallar,chinnakallar,135,0,0,0,tf,2,76.9996,10.28833
Chinnakallar,chinnakallar,136,0,0,0,tf,2,76.99979,10.28821
Chinnakallar,chinnakallar,137,0,0,0,tf,2,77.00001,10.28814
Chinnakallar,chinnakallar,138,0,0,0,tf,2,77.00021,10.28804
Chinnakallar,chinnakallar,139,1,1,0,tf,2,77.00043,10.28799
Chinnakallar,chinnakallar,140,1,2,1,tf,2,77.00062,10.28811
Chinnakallar,chinnakallar,141,1,2,1,tf,2,77.00076,10.28829
Chinnakallar,chinnakallar,142,1,2,1,tf,2,77.00095,10.28834
Chinnakallar,chinnakallar,143,1,2,1,tf,2,77.00117,10.28827
Chinnakallar,chinnakallar,144,1,1,0,tf,2,77.00139,10.28822
Chinnakallar,chinnakallar,145,1,1,0,tf,2,77.00162,10.28823
Chinnakallar,chinnakallar,146,1,1,0,tf,2,77.00184,10.28826
Chinnakallar,chinnakallar,147,1,1,0,tf,2,77.00206,10.28832
Chinnakallar,chinnakallar,148,1,1,0,tf,2,77.00227,10.28842
Chinnakallar,chinnakallar,149,1,1,0,tf,2,77.0024,10.28852
Chinnakallar,chinnakallar,150,1,1,0,tf,2,77.00253,10.2887
Chinnakallar,chinnakallar,151,1,1,0,tf,2,77.00269,10.28885
Chinnakallar,chinnakallar,152,1,1,1,tf,2,77.00291,10.28884
Chinnakallar,chinnakallar,153,1,1,0,tf,2,77.00313,10.28877
Chinnakallar,chinnakallar,154,1,1,0,tf,2,77.00335,10.28872
Chinnakallar,chinnakallar,155,1,1,0,tf,2,77.00358,10.2887
Chinnakallar,chinnakallar,156,1,1,0,tf,2,77.0038,10.28865
Chinnakallar,chinnakallar,157,1,1,0,tf,2,77.00403,10.28865
Chinnakallar,chinnakallar,158,1,2,1,tf,2,77.00425,10.28868
Chinnakallar,chinnakallar,159,1,1,0,tf,2,77.00447,10.28876
Chinnakallar,chinnakallar,160,1,2,1,tf,2,77.00468,10.28884
Chinnakallar,chinnakallar,161,0,0,0,tf,2,77.0049,10.2889
Chinnakallar,chinnakallar,162,0,0,0,tf,2,77.0051,10.2888
Chinnakallar,chinnakallar,163,0,0,0,tf,2,77.00532,10.28874
Chinnakallar,chinnakallar,164,0,0,0,ft,2,77.00549,10.28887
Chinnakallar,chinnakallar,165,0,0,0,ft,2,77.00561,10.28906
Chinnakallar,chinnakallar,166,1,2,1,ft,2,77.00581,10.28911
Chinnakallar,chinnakallar,167,0,0,0,ft,2,77.00603,10.28914
Chinnakallar,chinnakallar,168,1,1,0,ft,2,77.00622,10.28926
Chinnakallar,chinnakallar,169,0,0,0,ft,2,77.0064,10.28939
Chinnakallar,chinnakallar,170,0,0,0,ft,2,77.00662,10.28945
Chinnakallar,chinnakallar,171,0,0,0,ft,2,77.00685,10.28944
Chinnakallar,chinnakallar,172,0,0,0,ft,2,77.00707,10.28949
Chinnakallar,chinnakallar,173,0,0,0,ft,2,77.00723,10.28965
Chinnakallar,chinnakallar,174,0,0,0,ft,2,77.00731,10.28985
Chinnakallar,chinnakallar,175,0,0,0,ft,2,77.00745,10.29003
Chinnakallar,chinnakallar,176,0,0,0,ft,2,77.00759,10.29022
Chinnakallar,chinnakallar,177,0,0,0,ff,3,77.00775,10.29038
Chinnakallar,chinnakallar,178,1,1,0,ff,3,77.00787,10.29056
Chinnakallar,chinnakallar,179,0,0,0,ff,3,77.00805,10.2907
Chinnakallar,chinnakallar,180,1,1,0,ff,3,77.00828,10.2907
Chinnakallar,chinnakallar,181,0,0,0,ff,3,77.00849,10.29063
Chinnakallar,chinnakallar,182,1,1,0,ff,3,77.00869,10.29052
Chinnakallar,chinnakallar,183,1,1,0,ff,3,77.00891,10.29046
Chinnakallar,chinnakallar,184,1,1,0,ff,3,77.00913,10.29045
Chinnakallar,chinnakallar,185,0,0,0,tt,1,77.00936,10.29048
Chinnakallar,chinnakallar,186,1,1,0,tt,1,77.00955,10.29038
Chinnakallar,chinnakallar,187,1,1,0,tt,1,77.00973,10.29026
Chinnakallar,chinnakallar,188,1,1,0,tt,1,77.00996,10.2903
Chinnakallar,chinnakallar,189,0,0,0,tt,1,77.01018,10.29035
Chinnakallar,chinnakallar,190,1,1,0,tt,1,77.0104,10.29041
Chinnakallar,chinnakallar,191,1,1,0,tt,1,77.01062,10.29045
Chinnakallar,chinnakallar,192,1,1,1,tt,1,77.01077,10.2903
Chinnakallar,chinnakallar,193,0,0,0,tt,1,77.01078,10.29008
Chinnakallar,chinnakallar,194,0,0,0,tt,1,77.01073,10.28986
Chinnakallar,chinnakallar,195,1,1,0,tt,1,77.01082,10.28966
Chinnakallar,chinnakallar,196,1,1,0,tt,1,77.01102,10.28957
Chinnakallar,chinnakallar,197,1,1,0,tt,1,77.01123,10.28947
Chinnakallar,chinnakallar,198,1,1,0,tt,1,77.01141,10.28934
Chinnakallar,chinnakallar,199,0,0,0,tt,1,77.01162,10.28939
Chinnakallar,chinnakallar,200,0,0,0,tt,1,77.01169,10.2896
Chinnakallar,chinnakallar,201,1,1,0,tt,1,77.0118,10.28979
Chinnakallar,chinnakallar,202,1,1,0,tt,1,77.012,10.2899
Chinnakallar,chinnakallar,203,1,1,0,tt,1,77.01219,10.29002
Chinnakallar,chinnakallar,204,1,1,1,tt,1,77.01228,10.29022
Chinnakallar,chinnakallar,205,1,1,0,tt,1,77.01225,10.29044
Chinnakallar,chinnakallar,206,1,1,0,tt,1,77.0121,10.2906
Chinnakallar,chinnakallar,207,1,1,0,tt,1,77.01189,10.29069
Chinnakallar,chinnakallar,208,1,1,0,tt,1,77.01188,10.2909
Chinnakallar,chinnakallar,209,1,1,1,tt,1,77.01202,10.29108
Chinnakallar,chinnakallar,210,1,1,0,tt,1,77.01215,10.29126
Chinnakallar,chinnakallar,211,0,0,0,tt,1,77.01225,10.29147
Chinnakallar,chinnakallar,212,1,1,0,tf,2,77.01241,10.29161
Chinnakallar,chinnakallar,213,1,1,1,tf,2,77.01262,10.29169
Chinnakallar,chinnakallar,214,1,1,0,tf,2,77.01283,10.29178
Chinnakallar,chinnakallar,215,1,1,1,tf,2,77.01302,10.29189
Chinnakallar,chinnakallar,216,1,1,1,tt,1,77.01321,10.29203
Chinnakallar,chinnakallar,217,1,1,0,tt,1,77.01343,10.29208
Chinnakallar,chinnakallar,218,1,1,0,tt,1,77.01365,10.29212
Chinnakallar,chinnakallar,219,1,1,0,tt,1,77.01384,10.29224
Chinnakallar,chinnakallar,220,1,1,0,tt,1,77.01391,10.29245
Chinnakallar,chinnakallar,221,0,0,0,tt,1,77.01395,10.29267
Chinnakallar,chinnakallar,222,0,0,0,tt,1,77.01414,10.29279
Chinnakallar,chinnakallar,223,0,0,0,tt,1,77.01436,10.29281
Chinnakallar,chinnakallar,224,0,0,0,tt,1,77.01454,10.29295
Chinnakallar,chinnakallar,225,1,1,0,tt,1,77.01473,10.29308
Chinnakallar,chinnakallar,226,1,1,0,tt,1,77.01495,10.29314
Chinnakallar,chinnakallar,227,1,1,0,tt,1,77.01515,10.29324
Chinnakallar,chinnakallar,228,1,1,0,tt,1,77.01534,10.29336
Chinnakallar,chinnakallar,229,1,1,0,tt,1,77.01556,10.2934
Chinnakallar,chinnakallar,230,1,1,0,tt,1,77.01578,10.29337
Chinnakallar,chinnakallar,231,1,1,0,tt,1,77.01601,10.29341
Chinnakallar,chinnakallar,232,1,1,0,tt,1,77.01622,10.29347
Chinnakallar,chinnakallar,233,0,0,0,tt,1,77.01644,10.29354
Chinnakallar,chinnakallar,234,0,0,0,tt,1,77.01664,10.29366
Chinnakallar,chinnakallar,235,1,1,0,tt,1,77.0168,10.29381
Chinnakallar,chinnakallar,236,1,1,0,tt,1,77.01693,10.294
Chinnakallar,chinnakallar,237,1,1,0,tt,1,77.01693,10.29422
Chinnakallar,chinnakallar,238,0,0,0,ft,2,77.01696,10.29444
Chinnakallar,chinnakallar,239,0,0,0,ft,2,77.01709,10.29462
Chinnakallar,chinnakallar,240,1,1,0,ft,2,77.01731,10.29466
Chinnakallar,chinnakallar,241,0,0,0,ft,2,77.0175,10.29475
Chinnakallar,chinnakallar,242,0,0,0,ft,2,77.01752,10.29497
Chinnakallar,chinnakallar,243,0,0,0,ft,2,77.01754,10.2952
Chinnakallar,chinnakallar,244,0,0,0,ft,2,77.01749,10.29541
Chinnakallar,chinnakallar,245,1,1,0,ft,2,77.01735,10.29558
Chinnakallar,chinnakallar,246,0,0,0,ft,2,77.01731,10.29579
Chinnakallar,chinnakallar,247,0,0,0,ff,3,77.01737,10.29601
Chinnakallar,chinnakallar,248,1,1,0,ff,3,77.01744,10.29622
Chinnakallar,chinnakallar,249,1,1,0,ff,3,77.01745,10.29645
Chinnakallar,chinnakallar,250,1,1,0,ff,3,77.01737,10.29666
Chinnakallar,chinnakallar,251,1,1,0,ff,3,77.01739,10.29688
Chinnakallar,chinnakallar,252,1,1,0,ff,3,77.01759,10.29682
Chinnakallar,chinnakallar,253,1,2,1,ff,3,77.0178,10.29675
Chinnakallar,chinnakallar,254,1,1,0,ft,2,77.01797,10.29689
Chinnakallar,chinnakallar,255,0,0,0,ft,2,77.01811,10.29706
Chinnakallar,chinnakallar,256,1,1,0,ft,2,77.01824,10.29725
Chinnakallar,chinnakallar,257,1,1,0,ft,2,77.0184,10.29741
Chinnakallar,chinnakallar,258,0,0,0,ft,2,77.01858,10.29754
Chinnakallar,chinnakallar,259,1,1,0,ft,2,77.01877,10.29767
Chinnakallar,chinnakallar,260,0,0,0,ft,2,77.01893,10.29783
Chinnakallar,chinnakallar,261,0,0,0,ft,2,77.01904,10.29802
Chinnakallar,chinnakallar,262,0,0,0,ft,2,77.01924,10.29802
Chinnakallar,chinnakallar,263,0,0,0,ft,2,77.01942,10.29788
Chinnakallar,chinnakallar,264,0,0,0,ft,2,77.01962,10.29777
Chinnakallar,chinnakallar,265,0,0,0,ft,2,77.01981,10.29765
Chinnakallar,chinnakallar,266,0,0,0,ft,2,77.02002,10.29755
Chinnakallar,chinnakallar,267,0,0,0,ft,2,77.02023,10.29747
Chinnakallar,chinnakallar,268,1,1,0,ft,2,77.02046,10.29747
Chinnakallar,chinnakallar,269,0,0,0,ft,2,77.02068,10.29752
Chinnakallar,chinnakallar,270,0,0,0,ft,2,77.02087,10.29763
Chinnakallar,chinnakallar,271,0,0,0,ft,2,77.02107,10.29775
Chinnakallar,chinnakallar,272,0,0,0,ft,2,77.02129,10.29781
Chinnakallar,chinnakallar,273,0,0,0,ft,2,77.02149,10.29791
Chinnakallar,chinnakallar,274,0,0,0,ft,2,77.02168,10.29803
Chinnakallar,chinnakallar,275,0,0,0,ft,2,77.02187,10.29816
Chinnakallar,chinnakallar,276,0,0,0,ft,2,77.02207,10.29827
Neerar Dam,neerar dam,1,0,0,0,ff,3,76.982887341,10.273924358
Neerar Dam,neerar dam,2,0,0,0,ff,3,76.9826820521,10.2738273157
Neerar Dam,neerar dam,3,0,0,0,ff,3,76.9824807691,10.2737247886
Neerar Dam,neerar dam,4,0,0,0,ff,3,76.9822610775,10.2736701669
Neerar Dam,neerar dam,5,0,0,0,ff,3,76.9820727148,10.273543748
Neerar Dam,neerar dam,6,0,0,0,ff,3,76.9818612844,10.2734616367
Neerar Dam,neerar dam,7,1,1,0,ff,3,76.981660757,10.2733567558
Neerar Dam,neerar dam,8,1,1,0,ff,3,76.9814856861,10.2732137412
Neerar Dam,neerar dam,9,1,1,0,ff,3,76.9813288122,10.2730537088
Neerar Dam,neerar dam,10,1,1,0,ff,3,76.9811300065,10.2730662137
Neerar Dam,neerar dam,11,1,1,0,ff,3,76.9809718293,10.2732272847
Neerar Dam,neerar dam,12,1,1,0,ff,3,76.9807673975,10.2732703254
Neerar Dam,neerar dam,13,1,1,0,ff,3,76.980665563,10.2730723171
Neerar Dam,neerar dam,14,1,1,1,ff,3,76.9806604416,10.2728481711
Neerar Dam,neerar dam,15,1,1,0,ff,3,76.9806610497,10.2726255371
Neerar Dam,neerar dam,16,1,1,0,ff,3,76.980490714,10.2725062105
Neerar Dam,neerar dam,17,1,1,0,ff,3,76.9802666023,10.2725408567
Neerar Dam,neerar dam,18,1,1,0,ff,3,76.9800881661,10.2726759946
Neerar Dam,neerar dam,19,1,1,0,ff,3,76.9798846261,10.2727780844
Neerar Dam,neerar dam,20,1,1,0,ff,3,76.9798189333,10.2729898859
Neerar Dam,neerar dam,21,1,1,0,ff,3,76.9796729062,10.273158192
Neerar Dam,neerar dam,22,1,1,0,ff,3,76.9794520677,10.2732029663
Neerar Dam,neerar dam,23,0,0,0,ff,3,76.9792249676,10.2732147058
Neerar Dam,neerar dam,24,0,0,0,ff,3,76.9790171171,10.2733047655
Neerar Dam,neerar dam,25,1,1,0,ff,3,76.9788297195,10.2734260843
Neerar Dam,neerar dam,26,1,1,1,ff,3,76.9787453194,10.2732691303
Neerar Dam,neerar dam,27,1,1,1,ff,3,76.9787751696,10.2730459412
Neerar Dam,neerar dam,28,0,0,0,ff,3,76.9788671778,10.2728391562
Neerar Dam,neerar dam,29,0,0,0,ft,2,76.9789380469,10.2726282861
Neerar Dam,neerar dam,30,1,1,0,ft,2,76.9788185294,10.2724693942
Neerar Dam,neerar dam,31,1,1,0,ft,2,76.9786208416,10.2724933603
Neerar Dam,neerar dam,32,1,1,0,ft,2,76.9784798374,10.2726575392
Neerar Dam,neerar dam,33,1,1,0,ft,2,76.9782627785,10.2726534601
Neerar Dam,neerar dam,34,1,1,0,ft,2,76.9781740796,10.2724483796
Neerar Dam,neerar dam,35,0,0,0,ft,2,76.9779667591,10.2724502542
Neerar Dam,neerar dam,36,0,0,0,ft,2,76.9777673149,10.2725597172
Neerar Dam,neerar dam,37,0,0,0,ft,2,76.9775500365,10.2726243603
Neerar Dam,neerar dam,38,1,1,0,ft,2,76.9773227794,10.2726141348
Neerar Dam,neerar dam,39,0,0,0,ft,2,76.9771278072,10.2725165795
Neerar Dam,neerar dam,40,0,0,0,ft,2,76.9769225603,10.2724191183
Neerar Dam,neerar dam,41,0,0,0,ft,2,76.9767050361,10.2723518256
Neerar Dam,neerar dam,42,1,1,0,ft,2,76.9764927549,10.2722708262
Neerar Dam,neerar dam,43,1,1,0,ft,2,76.9762693571,10.2722950512
Neerar Dam,neerar dam,44,1,1,0,ft,2,76.9761551018,10.2724788976
Neerar Dam,neerar dam,45,1,1,0,ft,2,76.9761392965,10.2726992812
Neerar Dam,neerar dam,46,0,0,0,ft,2,76.9760249753,10.272584986
Neerar Dam,neerar dam,47,1,1,0,ft,2,76.9760349618,10.2723608986
Neerar Dam,neerar dam,48,0,0,0,ft,2,76.9759838986,10.2721450737
Neerar Dam,neerar dam,49,1,1,0,ft,2,76.9757913878,10.272033412
Neerar Dam,neerar dam,50,0,0,0,ft,2,76.9755743881,10.272081282
Neerar Dam,neerar dam,51,1,1,0,ft,2,76.9753725966,10.2721842772
Neerar Dam,neerar dam,52,0,0,0,ft,2,76.9751627841,10.2722677558
Neerar Dam,neerar dam,53,0,0,0,tt,1,76.9749782454,10.2724005798
Neerar Dam,neerar dam,54,0,0,0,tt,1,76.9748468008,10.2725781301
Neerar Dam,neerar dam,55,0,0,0,tt,1,76.974925265,10.2727811218
Neerar Dam,neerar dam,56,0,0,0,tt,1,76.975066267,10.2729574441
Neerar Dam,neerar dam,57,0,0,0,tt,1,76.9751389623,10.2731683823
Neerar Dam,neerar dam,58,0,0,0,tt,1,76.9750264271,10.2733507621
Neerar Dam,neerar dam,59,1,1,0,tt,1,76.9748427817,10.27348448
Neerar Dam,neerar dam,60,1,1,0,tt,1,76.9746972467,10.2736576458
Neerar Dam,neerar dam,61,1,1,0,tt,1,76.974688036,10.2738761431
Neerar Dam,neerar dam,62,1,1,0,tt,1,76.9747594081,10.2740907673
Neerar Dam,neerar dam,63,1,1,0,tt,1,76.9749042778,10.274224912
Neerar Dam,neerar dam,64,1,1,0,tt,1,76.9749641506,10.274021586
Neerar Dam,neerar dam,65,0,0,0,tt,1,76.9750077517,10.2738001076
Neerar Dam,neerar dam,66,0,0,0,tt,1,76.975155575,10.273630098
Neerar Dam,neerar dam,67,0,0,0,tt,1,76.9753641528,10.273557909
Neerar Dam,neerar dam,68,0,0,0,tt,1,76.9755566819,10.2736609124
Neerar Dam,neerar dam,69,1,1,0,tt,1,76.9756359137,10.2738702578
Neerar Dam,neerar dam,70,0,0,0,tt,1,76.9756948217,10.2740885203
Neerar Dam,neerar dam,71,1,1,0,tt,1,76.9757698704,10.2743012268
Neerar Dam,neerar dam,72,0,0,0,tt,1,76.9758853288,10.274495938
Neerar Dam,neerar dam,73,0,0,0,tt,1,76.9760119384,10.2746813556
Neerar Dam,neerar dam,74,0,0,0,tt,1,76.9761670215,10.2748459373
Neerar Dam,neerar dam,75,1,1,0,tt,1,76.9763582484,10.2749690573
Neerar Dam,neerar dam,76,1,1,0,tt,1,76.9765390955,10.2751055536
Neerar Dam,neerar dam,77,1,1,0,tt,1,76.9765811901,10.2753241785
Neerar Dam,neerar dam,78,1,1,0,tt,1,76.9766224075,10.2755463842
Neerar Dam,neerar dam,79,0,0,0,tt,1,76.9767591885,10.2757114631
Neerar Dam,neerar dam,80,1,1,0,tt,1,76.9769380177,10.2758440641
Neerar Dam,neerar dam,81,1,1,0,tt,1,76.9769510525,10.2760520793
Neerar Dam,neerar dam,82,0,0,0,tt,1,76.97672676,10.27607958
Neerar Dam,neerar dam,83,1,1,0,tt,1,76.9765567586,10.2761773231
Neerar Dam,neerar dam,84,1,1,0,tt,1,76.976709133,10.2763323262
Neerar Dam,neerar dam,85,0,0,0,tt,1,76.9767275171,10.2764909278
Neerar Dam,neerar dam,86,0,0,0,tt,1,76.976507099,10.2764621653
Neerar Dam,neerar dam,87,1,1,0,tt,1,76.9762935029,10.276384523
Neerar Dam,neerar dam,88,1,1,0,tt,1,76.9760778432,10.2763283915
Neerar Dam,neerar dam,89,0,0,0,tt,1,76.9761707846,10.2764960282
Neerar Dam,neerar dam,90,1,1,0,tt,1,76.9763557218,10.2765875555
Neerar Dam,neerar dam,91,0,0,0,tt,1,76.9765683635,10.2766679734
Neerar Dam,neerar dam,92,1,1,0,tt,1,76.9767826477,10.2767446601
Neerar Dam,neerar dam,93,1,1,0,tt,1,76.9770078016,10.2767722406
Neerar Dam,neerar dam,94,0,0,0,tt,1,76.977230369,10.2768215333
Neerar Dam,neerar dam,95,0,0,0,tt,1,76.9774533519,10.2768688159
Neerar Dam,neerar dam,96,0,0,0,tt,1,76.977668236,10.276943963
Neerar Dam,neerar dam,97,0,0,0,tt,1,76.9778296449,10.2770709133
Neerar Dam,neerar dam,98,0,0,0,tt,1,76.9779559786,10.2772582361
Neerar Dam,neerar dam,99,0,0,0,tt,1,76.978115037,10.2774142367
Neerar Dam,neerar dam,100,0,0,0,tt,1,76.9783408072,10.2774216759
Neerar Dam,neerar dam,101,0,0,0,tt,1,76.9785650325,10.2774585999
Neerar Dam,neerar dam,102,0,0,0,tt,1,76.9787909318,10.2774793941
Neerar Dam,neerar dam,103,1,1,0,tt,1,76.9789888575,10.2775824433
Neerar Dam,neerar dam,104,0,0,0,tt,1,76.9791233533,10.2777599104
Neerar Dam,neerar dam,105,1,1,0,tt,1,76.9792791237,10.2779227667
Neerar Dam,neerar dam,106,1,1,0,tt,1,76.9794919749,10.2779654523
Neerar Dam,neerar dam,107,1,1,0,tt,1,76.9796898135,10.2778573667
Neerar Dam,neerar dam,108,1,1,0,tt,1,76.979903922,10.2778093525
Neerar Dam,neerar dam,109,1,1,0,tt,1,76.9798667566,10.2779920039
Neerar Dam,neerar dam,110,0,0,0,tt,1,76.9796900587,10.2781322102
Neerar Dam,neerar dam,111,0,0,0,tt,1,76.9794725672,10.2781967954
Neerar Dam,neerar dam,112,0,0,0,tt,1,76.979253183,10.278145829
Neerar Dam,neerar dam,113,0,0,0,tt,1,76.9790622292,10.2780234899
Neerar Dam,neerar dam,114,0,0,0,tt,1,76.9788788328,10.2778903719
Neerar Dam,neerar dam,115,1,1,0,tt,1,76.9786764311,10.2777895666
Neerar Dam,neerar dam,116,0,0,0,tt,1,76.9784575282,10.2777299806
Neerar Dam,neerar dam,117,0,0,0,tt,1,76.9782411901,10.2777788421
Neerar Dam,neerar dam,118,0,0,0,tt,1,76.9780176866,10.2778121923
Neerar Dam,neerar dam,119,0,0,0,tt,1,76.977807599,10.277885773
Neerar Dam,neerar dam,120,0,0,0,tt,1,76.9777084043,10.2780837714
Neerar Dam,neerar dam,121,0,0,0,tt,1,76.9777584949,10.2783012963
Neerar Dam,neerar dam,122,1,1,0,tt,1,76.9777978846,10.2785117975
Neerar Dam,neerar dam,123,1,1,0,tt,1,76.9777798721,10.2787309074
Neerar Dam,neerar dam,124,0,0,0,tt,1,76.9779145693,10.2789104945
Neerar Dam,neerar dam,125,1,1,0,tt,1,76.9780695063,10.2790763844
Neerar Dam,neerar dam,126,1,1,0,tt,1,76.9782078801,10.2792535546
Neerar Dam,neerar dam,127,0,0,0,tt,1,76.9781872247,10.2794685042
Neerar Dam,neerar dam,128,0,0,0,tt,1,76.9781222094,10.2796830815
Neerar Dam,neerar dam,129,1,1,0,tt,1,76.9781642589,10.2799036602
Neerar Dam,neerar dam,130,1,1,0,tt,1,76.9782665476,10.280105368
Neerar Dam,neerar dam,131,0,0,0,tt,1,76.9782810015,10.2803210348
Neerar Dam,neerar dam,132,0,0,0,tt,1,76.9780933076,10.2804146059
Neerar Dam,neerar dam,133,0,0,0,tt,1,76.977876342,10.2803549424
Neerar Dam,neerar dam,134,0,0,0,tt,1,76.9776844078,10.2802341876
Neerar Dam,neerar dam,135,0,0,0,tt,1,76.9774898354,10.2801173293
Neerar Dam,neerar dam,136,0,0,0,tt,1,76.9772864442,10.2800167325
Neerar Dam,neerar dam,137,0,0,0,tt,1,76.9770961391,10.2800403677
Neerar Dam,neerar dam,138,0,0,0,tt,1,76.9772553184,10.2801448078
Neerar Dam,neerar dam,139,0,0,0,tt,1,76.977457438,10.2802379859
Neerar Dam,neerar dam,140,0,0,0,tt,1,76.977627116,10.2803889535
Neerar Dam,neerar dam,141,0,0,0,tt,1,76.9777961063,10.280540375
Neerar Dam,neerar dam,142,0,0,0,tt,1,76.9779628436,10.280693472
Neerar Dam,neerar dam,143,1,1,0,tt,1,76.9781543194,10.2808159105
Neerar Dam,neerar dam,144,1,1,0,tt,1,76.9783630051,10.2809066042
Neerar Dam,neerar dam,145,0,0,0,tt,1,76.9785274549,10.2810559968
Neerar Dam,neerar dam,146,1,1,0,tt,1,76.9786630826,10.2812375293
Neerar Dam,neerar dam,147,0,0,0,tt,1,76.9788208807,10.2814006111
Neerar Dam,neerar dam,148,1,1,0,tt,1,76.9789842376,10.2815580361
Neerar Dam,neerar dam,149,0,0,0,tt,1,76.9791478548,10.2817152508
Neerar Dam,neerar dam,150,0,0,0,tt,1,76.9792550238,10.2819106645
Neerar Dam,neerar dam,151,0,0,0,tt,1,76.9792385906,10.2821338446
Neerar Dam,neerar dam,152,0,0,0,tt,1,76.9792178281,10.2823579163
Neerar Dam,neerar dam,153,0,0,0,tt,1,76.979174595,10.282576732
Neerar Dam,neerar dam,154,0,0,0,tt,1,76.9790902342,10.2827862612
Neerar Dam,neerar dam,155,1,1,0,tt,1,76.9789937342,10.2829905465
Neerar Dam,neerar dam,156,0,0,0,tt,1,76.9787867958,10.2830488627
Neerar Dam,neerar dam,157,1,1,0,tt,1,76.9785776335,10.2830038046
Neerar Dam,neerar dam,158,0,0,0,tt,1,76.9783696141,10.2830953336
Neerar Dam,neerar dam,159,0,0,0,tt,1,76.9781622929,10.2831887909
Neerar Dam,neerar dam,160,1,1,0,tt,1,76.9779536283,10.2832802307
Neerar Dam,neerar dam,161,0,0,0,tt,1,76.9777536032,10.2833882117
Neerar Dam,neerar dam,162,1,2,1,tt,1,76.9775688897,10.2835197822
Neerar Dam,neerar dam,163,1,2,1,tt,1,76.9773885834,10.2836576816
Neerar Dam,neerar dam,164,1,1,1,tt,1,76.9772223913,10.2838081031
Neerar Dam,neerar dam,165,1,2,1,tt,1,76.9770756587,10.2839779746
Neerar Dam,neerar dam,166,1,2,1,tt,1,76.9769136651,10.2841371239
Neerar Dam,neerar dam,167,1,2,1,tt,1,76.9767569413,10.284003894
Neerar Dam,neerar dam,168,1,1,1,tt,1,76.9765844354,10.2838665081
Neerar Dam,neerar dam,169,1,1,1,tt,1,76.9764187498,10.2837113826
Neerar Dam,neerar dam,170,1,1,0,tt,1,76.9762337347,10.2836936629
Neerar Dam,neerar dam,171,0,0,0,tt,1,76.9760809496,10.2838600032
Neerar Dam,neerar dam,172,0,0,0,tt,1,76.975932875,10.284031371
Neerar Dam,neerar dam,173,0,0,0,tt,1,76.9757640271,10.2841804406
Neerar Dam,neerar dam,174,0,0,0,tt,1,76.9755500355,10.2841513355
Neerar Dam,neerar dam,175,0,0,0,tt,1,76.9753535306,10.2840395857
Neerar Dam,neerar dam,176,0,0,0,tt,1,76.9751609888,10.2839192159
Neerar Dam,neerar dam,177,0,0,0,tt,1,76.9749428012,10.2838597032
Neerar Dam,neerar dam,178,0,0,0,tt,1,76.9747153311,10.2838689327
Neerar Dam,neerar dam,179,0,0,0,tt,1,76.9744874495,10.2838743698
Neerar Dam,neerar dam,180,0,0,0,tt,1,76.9742609654,10.2838497726
Neerar Dam,neerar dam,181,0,0,0,tt,1,76.9740389716,10.2837977401
Neerar Dam,neerar dam,182,0,0,0,tt,1,76.97381245,10.2837759078
Neerar Dam,neerar dam,183,0,0,0,tt,1,76.9735871971,10.2838067793
Neerar Dam,neerar dam,184,0,0,0,tt,1,76.9734447346,10.2839587006
Neerar Dam,neerar dam,185,0,0,0,tt,1,76.9733656911,10.2841612378
Neerar Dam,neerar dam,186,0,0,0,tt,1,76.9731775403,10.2842785157
Neerar Dam,neerar dam,187,0,0,0,tt,1,76.9730909245,10.2844857569
Neerar Dam,neerar dam,188,0,0,0,tt,1,76.9729619884,10.2846632901
Neerar Dam,neerar dam,189,0,0,0,tt,1,76.9727688869,10.2847816522
Neerar Dam,neerar dam,190,0,0,0,tt,1,76.9726697237,10.2849835679
Neerar Dam,neerar dam,191,1,1,0,tt,1,76.9725206894,10.285146316
Neerar Dam,neerar dam,192,1,1,0,tt,1,76.97230681,10.2852183157
Neerar Dam,neerar dam,193,1,1,0,tt,1,76.9720808144,10.2852465851
Neerar Dam,neerar dam,194,1,1,0,tt,1,76.9718624922,10.2853089427
Neerar Dam,neerar dam,195,1,1,0,tt,1,76.9716344918,10.2853046247
Neerar Dam,neerar dam,196,1,1,0,tt,1,76.971415306,10.2853573128
Neerar Dam,neerar dam,197,1,1,0,tt,1,76.9712206297,10.2854695063
Neerar Dam,neerar dam,198,1,1,0,tt,1,76.9711350492,10.2856785982
Neerar Dam,neerar dam,199,0,0,0,tf,2,76.9710571274,10.2858905491
Neerar Dam,neerar dam,200,0,0,0,tf,2,76.9710096281,10.286111097
Neerar Dam,neerar dam,201,1,1,0,tf,2,76.9709186103,10.286317817
Neerar Dam,neerar dam,202,0,0,0,tf,2,76.9708001622,10.286510485
Neerar Dam,neerar dam,203,0,0,0,tf,2,76.970710525,10.2867182292
Neerar Dam,neerar dam,204,0,0,0,tf,2,76.9706309723,10.2869292728
Neerar Dam,neerar dam,205,0,0,0,tf,2,76.9705351444,10.2871342941
Neerar Dam,neerar dam,206,0,0,0,tf,2,76.9704782834,10.2873486423
Neerar Dam,neerar dam,207,0,0,0,tf,2,76.9703732615,10.2875452367
Neerar Dam,neerar dam,208,0,0,0,tf,2,76.9703124571,10.2877615951
Neerar Dam,neerar dam,209,1,1,0,ff,3,76.9702318149,10.2879719855
Neerar Dam,neerar dam,210,0,0,0,ff,3,76.9701948873,10.2881949457
Neerar Dam,neerar dam,211,0,0,0,ff,3,76.9701681025,10.2884183922
Neerar Dam,neerar dam,212,0,0,0,ff,3,76.9701492859,10.2886384001
Neerar Dam,neerar dam,213,0,0,0,ff,3,76.9700613931,10.2888454931
Neerar Dam,neerar dam,214,0,0,0,ff,3,76.9699469689,10.2890407688
Neerar Dam,neerar dam,215,0,0,0,ff,3,76.9698301898,10.2892332108
Neerar Dam,neerar dam,216,0,0,0,tt,1,76.9697788591,10.2894524504
Neerar Dam,neerar dam,217,0,0,0,tt,1,76.9697139147,10.2896616563
Neerar Dam,neerar dam,218,0,0,0,tt,1,76.9695297933,10.2897910703
Neerar Dam,neerar dam,219,0,0,0,tt,1,76.9693335683,10.2899059905
Neerar Dam,neerar dam,220,0,0,0,tt,1,76.9691959477,10.2900834041
Neerar Dam,neerar dam,221,0,0,0,tt,1,76.9690873658,10.2902820908
Neerar Dam,neerar dam,222,0,0,0,tt,1,76.9690073786,10.2904928487
Neerar Dam,neerar dam,223,0,0,0,tt,1,76.9689754052,10.2907163569
Neerar Dam,neerar dam,224,0,0,0,tt,1,76.9689486648,10.2909406162
Neerar Dam,neerar dam,225,0,0,0,tt,1,76.9689067246,10.291162561
Neerar Dam,neerar dam,226,0,0,0,tt,1,76.9688375856,10.2913773919
Neerar Dam,neerar dam,227,0,0,0,tt,1,76.9687493479,10.2915852088
Neerar Dam,neerar dam,228,0,0,0,tt,1,76.9686774629,10.2917885163
Neerar Dam,neerar dam,229,0,0,0,tt,1,76.9687173166,10.2920069341
Neerar Dam,neerar dam,230,0,0,0,tt,1,76.9688121937,10.29221229
Neerar Dam,neerar dam,231,0,0,0,tt,1,76.9688633152,10.2924201989
Neerar Dam,neerar dam,232,0,0,0,tt,1,76.9688597948,10.2926452003
Neerar Dam,neerar dam,233,0,0,0,tt,1,76.9688281772,10.2928688362
Neerar Dam,neerar dam,234,0,0,0,tt,1,76.9687666603,10.2930861404
Neerar Dam,neerar dam,235,0,0,0,tt,1,76.9686724019,10.2932918861
Neerar Dam,neerar dam,236,0,0,0,tt,1,76.9685777166,10.2934974516
Neerar Dam,neerar dam,237,0,0,0,tt,1,76.9684605373,10.2936904029
Neerar Dam,neerar dam,238,0,0,0,tt,1,76.9683290278,10.2938746826
Neerar Dam,neerar dam,239,0,0,0,tt,1,76.9681845321,10.2940494916
Neerar Dam,neerar dam,240,0,0,0,tt,1,76.968042918,10.294226239
Neerar Dam,neerar dam,241,0,0,0,tt,1,76.9679204395,10.2944168416
Neerar Dam,neerar dam,242,0,0,0,tt,1,76.9678321322,10.2946247283
Neerar Dam,neerar dam,243,0,0,0,tt,1,76.9677804687,10.2948447321
Neerar Dam,neerar dam,244,0,0,0,tt,1,76.967708211,10.2950590067
Neerar Dam,neerar dam,245,0,0,0,tt,1,76.967698839,10.2952808059
Neerar Dam,neerar dam,246,0,0,0,tt,1,76.9678123075,10.2954751259
Neerar Dam,neerar dam,247,0,0,0,tt,1,76.9679544677,10.2956518095
Neerar Dam,neerar dam,248,0,0,0,tt,1,76.968104563,10.295821977
Neerar Dam,neerar dam,249,0,0,0,tt,1,76.9682245379,10.2960131049
Neerar Dam,neerar dam,250,0,0,0,tt,1,76.9682290656,10.2962372166
Neerar Dam,neerar dam,251,0,0,0,tt,1,76.9681883215,10.2964595114
Neerar Dam,neerar dam,252,0,0,0,tt,1,76.9681401837,10.2966802552
Neerar Dam,neerar dam,253,0,0,0,tt,1,76.9681175763,10.2969040168
Neerar Dam,neerar dam,254,0,0,0,tt,1,76.9681107491,10.2971296066
Neerar Dam,neerar dam,255,0,0,0,tt,1,76.9679801238,10.2973118983
Neerar Dam,neerar dam,256,0,0,0,tt,1,76.9679437572,10.2975332925
Neerar Dam,neerar dam,257,0,0,0,tt,1,76.9679866348,10.2977545968
Neerar Dam,neerar dam,258,0,0,0,tt,1,76.9680570854,10.2979684872
Neerar Dam,neerar dam,259,0,0,0,tt,1,76.968098205,10.2981894356
Neerar Dam,neerar dam,260,0,0,0,tt,1,76.9679926635,10.2983850702
Neerar Dam,neerar dam,261,0,0,0,tt,1,76.9678313662,10.2985447295
Neerar Dam,neerar dam,262,0,0,0,tt,1,76.9676537446,10.2986858071
Neerar Dam,neerar dam,263,0,0,0,tt,1,76.9674788749,10.2988309291
Neerar Dam,neerar dam,264,0,0,0,tt,1,76.9673106324,10.2989834498
Neerar Dam,neerar dam,265,0,0,0,tt,1,76.9671409912,10.2991345156
Neerar Dam,neerar dam,266,0,0,0,tt,1,76.966986968,10.2993008463
Neerar Dam,neerar dam,267,0,0,0,tt,1,76.966824114,10.2994554335
Neerar Dam,neerar dam,268,0,0,0,tt,1,76.9666252945,10.2995555786
Neerar Dam,neerar dam,269,0,0,0,tt,1,76.9664083977,10.2996249393
Neerar Dam,neerar dam,270,0,0,0,tt,1,76.9661995601,10.2997159088
Neerar Dam,neerar dam,271,0,0,0,tt,1,76.9659992516,10.2998240005
Neerar Dam,neerar dam,272,0,0,0,tt,1,76.9657960094,10.299926222
Neerar Dam,neerar dam,273,0,0,0,tt,1,76.9656392679,10.3000854888
Neerar Dam,neerar dam,274,0,0,0,tt,1,76.9655432478,10.3002897447
Neerar Dam,neerar dam,275,0,0,0,tt,1,76.9654805882,10.3005069741
Neerar Dam,neerar dam,276,0,0,0,tt,1,76.9654118426,10.3007220499
Neerar Dam,neerar dam,277,0,0,0,tt,1,76.965352829,10.3009396112
Neerar Dam,neerar dam,278,0,0,0,tt,1,76.9653024263,10.301158781
Neerar Dam,neerar dam,279,0,0,0,tt,1,76.9651539005,10.3013245097
Neerar Dam,neerar dam,280,0,0,0,tt,1,76.9649796995,10.3014699005
Neerar Dam,neerar dam,281,0,0,0,tt,1,76.9648603078,10.3016603251
Neerar Dam,neerar dam,282,0,0,0,tt,1,76.964763693,10.3018645052
Neerar Dam,neerar dam,283,0,0,0,tt,1,76.9647292581,10.301984688
Neerar Dam,neerar dam,284,0,0,0,tt,1,76.9646168142,10.302181188
Neerar Dam,neerar dam,285,0,0,0,tt,1,76.9645262187,10.3023885497
Neerar Dam,neerar dam,286,0,0,0,tt,1,76.9644410714,10.3025981681
Neerar Dam,neerar dam,287,0,0,0,tt,1,76.9643498755,10.3028051716
Neerar Dam,neerar dam,288,0,0,0,tt,1,76.9642908105,10.303022498
Neerar Dam,neerar dam,289,0,0,0,tt,1,76.9643439807,10.3032349227
Neerar Dam,neerar dam,290,0,0,0,tt,1,76.9645079277,10.3033909977
Neerar Dam,neerar dam,291,0,0,0,tt,1,76.9647024008,10.3035087258
Neerar Dam,neerar dam,292,0,0,0,tt,1,76.9649201044,10.3035688683
Neerar Dam,neerar dam,293,0,0,0,tt,1,76.9650361534,10.3037147543
Neerar Dam,neerar dam,294,0,0,0,tt,1,76.9648982364,10.3038910315
Neerar Dam,neerar dam,295,0,0,0,tt,1,76.964700244,10.3040015594
Neerar Dam,neerar dam,296,0,0,0,tt,1,76.9644789994,10.3040548841
Neerar Dam,neerar dam,297,0,0,0,tt,1,76.9642682094,10.3041395256
Neerar Dam,neerar dam,298,0,0,0,tt,1,76.9640764521,10.3042619161
Neerar Dam,neerar dam,299,0,0,0,tt,1,76.9638615425,10.3043196461
Neerar Dam,neerar dam,300,0,0,0,tt,1,76.9636343335,10.3043109548
Neerar Dam,neerar dam,301,0,0,0,tt,1,76.9634087444,10.3042772433
Neerar Dam,neerar dam,302,0,0,0,tt,1,76.9631869415,10.3043097646
Neerar Dam,neerar dam,303,0,0,0,tt,1,76.9629921279,10.3044260757
Neerar Dam,neerar dam,304,0,0,0,tt,1,76.9627962852,10.3045412603
Neerar Dam,neerar dam,305,0,0,0,tt,1,76.9625804799,10.3046136317
Neerar Dam,neerar dam,306,0,0,0,tt,1,76.9623703829,10.3047013294
Neerar Dam,neerar dam,307,0,0,0,tt,1,76.9621853434,10.3048322119
Neerar Dam,neerar dam,308,0,0,0,tt,1,76.9620115304,10.3049785843
Neerar Dam,neerar dam,309,0,0,0,tt,1,76.9619537039,10.3050329209
Neerar Dam,neerar dam,310,0,0,0,tt,1,76.9617775724,10.305176558
Neerar Dam,neerar dam,311,0,0,0,tt,1,76.9615992195,10.3053173611
Neerar Dam,neerar dam,312,0,0,0,tt,1,76.9614265938,10.3054644218
Neerar Dam,neerar dam,313,0,0,0,tt,1,76.9612683283,10.305625266
Neerar Dam,neerar dam,314,0,0,0,tt,1,76.96116464,10.3058260483
Neerar Dam,neerar dam,315,0,0,0,tt,1,76.9610772336,10.3060346318
Neerar Dam,neerar dam,316,0,0,0,tt,1,76.9609913193,10.3062439145
Neerar Dam,neerar dam,317,0,0,0,tt,1,76.9609789177,10.3064658778
Neerar Dam,neerar dam,318,0,0,0,tt,1,76.9611130565,10.3066376672
Neerar Dam,neerar dam,319,0,0,0,tt,1,76.9613335329,10.3066648489
Neerar Dam,neerar dam,320,0,0,0,tt,1,76.9615528116,10.3066029993
Neerar Dam,neerar dam,321,0,0,0,tt,1,76.96176809,10.3066497469
Neerar Dam,neerar dam,322,0,0,0,tt,1,76.9618738867,10.3068480885
Neerar Dam,neerar dam,323,0,0,0,tt,1,76.9619551465,10.307056933
Neerar Dam,neerar dam,324,0,0,0,tt,1,76.9618616143,10.3072538058
Neerar Dam,neerar dam,325,0,0,0,tt,1,76.9616900352,10.307401548
Neerar Dam,neerar dam,326,0,0,0,tt,1,76.9615266948,10.3075592371
Neerar Dam,neerar dam,327,0,0,0,tt,1,76.9613723105,10.3077256192
Neerar Dam,neerar dam,328,0,0,0,tt,1,76.9612154382,10.3078897128
Neerar Dam,neerar dam,329,0,0,0,tt,1,76.9610419043,10.30803498
Neerar Dam,neerar dam,330,0,0,0,tt,1,76.9608479584,10.3081532159
Neerar Dam,neerar dam,331,0,0,0,tt,1,76.9606586739,10.3082792222
Neerar Dam,neerar dam,332,0,0,0,tt,1,76.9604745111,10.3084121483
Neerar Dam,neerar dam,333,0,0,0,tt,1,76.9603071629,10.308565349
Neerar Dam,neerar dam,334,0,0,0,tt,1,76.9601479972,10.3087262462
Neerar Dam,neerar dam,335,0,0,0,tt,1,76.9599858942,10.3088845566
Neerar Dam,neerar dam,336,0,0,0,tt,1,76.9598052074,10.3090225117
Neerar Dam,neerar dam,337,0,0,0,fe,2,76.9596454614,10.3091833649
Neerar Dam,neerar dam,338,0,0,0,fe,2,76.9595434185,10.3093843624
Neerar Dam,neerar dam,339,0,0,0,fe,2,76.9595221712,10.3096075084
Neerar Dam,neerar dam,340,0,0,0,fe,2,76.9595371889,10.3098329633
Neerar Dam,neerar dam,341,0,0,0,fe,2,76.959516531,10.3100576353
Neerar Dam,neerar dam,342,0,0,0,fe,2,76.9594569314,10.3102743345
Neerar Dam,neerar dam,343,0,0,0,fe,2,76.9594007979,10.310493264
Neerar Dam,neerar dam,344,0,0,0,fe,2,76.9593317204,10.3107084911
Neerar Dam,neerar dam,345,0,0,0,fe,2,76.9592560073,10.3109213305
Neerar Dam,neerar dam,346,0,0,0,fe,2,76.959212504,10.3111429278
Neerar Dam,neerar dam,347,0,0,0,fe,2,76.9591795522,10.3113656255
Neerar Dam,neerar dam,348,0,0,0,fe,2,76.9591378721,10.3115874932
Neerar Dam,neerar dam,349,0,0,0,fe,2,76.9590881982,10.3118080098
Neerar Dam,neerar dam,350,0,0,0,fe,2,76.9590520353,10.3120284325
Neerar Dam,neerar dam,351,0,0,0,fe,2,76.9589507172,10.3122294836
Neerar Dam,neerar dam,352,0,0,0,fe,2,76.9589185628,10.3124511691
Neerar Dam,neerar dam,353,0,0,0,fe,2,76.9588738602,10.3126689097
Neerar Dam,neerar dam,354,0,0,0,tt,1,76.9587313953,10.3128447907
Neerar Dam,neerar dam,355,0,0,0,tt,1,76.9585393272,10.3129628487
Neerar Dam,neerar dam,356,0,0,0,tt,1,76.9583314474,10.3130559465
Neerar Dam,neerar dam,357,0,0,0,tt,1,76.9581874184,10.3132206445
Neerar Dam,neerar dam,358,0,0,0,tt,1,76.9580735697,10.3134156068
Neerar Dam,neerar dam,359,0,0,0,tt,1,76.9579645086,10.3136140537
Neerar Dam,neerar dam,360,0,0,0,tt,1,76.9578702675,10.3138196977
Neerar Dam,neerar dam,361,0,0,0,tt,1,76.9577898495,10.3140309826
Neerar Dam,neerar dam,362,0,0,0,tt,1,76.9576549561,10.3142047477
Neerar Dam,neerar dam,363,0,0,0,tt,1,76.9574362014,10.3141753254
Neerar Dam,neerar dam,364,0,0,0,tt,1,76.9572561564,10.3140378229
Neerar Dam,neerar dam,365,0,0,0,tt,1,76.9570963202,10.3138765632
Neerar Dam,neerar dam,366,0,0,0,tt,1,76.9569371637,10.3137146232
Neerar Dam,neerar dam,367,0,0,0,tt,1,76.9567458364,10.313602117
Neerar Dam,neerar dam,368,0,0,0,tt,1,76.9565252244,10.3136398063
Neerar Dam,neerar dam,369,0,0,0,tt,1,76.9563416283,10.3137708188
Neerar Dam,neerar dam,370,0,0,0,tt,1,76.9562127808,10.3139420027
Neerar Dam,neerar dam,371,0,0,0,tt,1,76.9561626645,10.314160692
Neerar Dam,neerar dam,372,0,0,0,tt,1,76.9560985004,10.3143748326
Old Valparai,matha jn,1,1,1,0,ff,3,76.929883067,10.3556944299
Old Valparai,matha jn,2,0,0,0,ff,3,76.930076629,10.355813076
Old Valparai,matha jn,3,0,0,0,ff,3,76.9302965354,10.35587048
Old Valparai,matha jn,4,1,2,1,ff,3,76.930523295,10.3558853291
Old Valparai,matha jn,5,1,1,0,ff,3,76.9306944406,10.3560181104
Old Valparai,matha jn,6,1,2,1,cc,4,76.9308330984,10.3561962655
Old Valparai,matha jn,7,1,1,1,cc,4,76.9310300477,10.3563081405
Old Valparai,matha jn,8,1,1,0,cc,4,76.9312450136,10.3563839441
Old Valparai,matha jn,9,1,3,2,cc,4,76.9314545408,10.35647348
Old Valparai,matha jn,10,1,3,2,cc,4,76.9316583795,10.356574451
Old Valparai,matha jn,11,1,1,0,cc,4,76.9318648624,10.3566705658
Old Valparai,matha jn,12,1,3,2,cc,4,76.9320719075,10.3567656594
Old Valparai,matha jn,13,1,1,1,cc,4,76.9322831674,10.3568509181
Old Valparai,matha jn,14,1,3,2,cc,4,76.9324999723,10.3569212458
Old Valparai,matha jn,15,1,1,1,cc,4,76.9327193119,10.3569828549
Old Valparai,matha jn,16,1,1,0,cc,4,76.9329234951,10.3570819165
Old Valparai,matha jn,17,0,0,0,cc,4,76.9330853369,10.3572411481
Old Valparai,matha jn,18,0,0,0,cc,4,76.9332359537,10.3574108922
Old Valparai,matha jn,19,0,0,0,cc,4,76.9333965904,10.3575712774
Old Valparai,matha jn,20,0,0,0,cc,4,76.9336006396,10.3576601273
Old Valparai,matha jn,21,0,0,0,cc,4,76.933827734,10.3576541074
Old Valparai,matha jn,22,0,0,0,cc,4,76.9340527139,10.3576167004
Old Valparai,matha jn,23,0,0,0,cc,4,76.9342650839,10.3575393679
Old Valparai,matha jn,24,1,1,0,cc,4,76.9344378215,10.3573930397
Old Valparai,matha jn,25,1,1,0,cc,4,76.9346213962,10.3572616337
Old Valparai,matha jn,26,0,0,0,cc,4,76.9348481446,10.3572417013
Old Valparai,matha jn,27,0,0,0,cc,4,76.9350532955,10.3571588937
Old Valparai,matha jn,28,0,0,0,cc,4,76.9351525776,10.3569615504
Old Valparai,matha jn,29,0,0,0,cc,4,76.9351744166,10.3567366656
Old Valparai,matha jn,30,0,0,0,cc,4,76.9352076647,10.3565134826
Old Valparai,matha jn,31,1,1,0,cc,4,76.9353166345,10.3563167834
Old Valparai,matha jn,32,0,0,0,cc,4,76.9354576954,10.3561391447
Old Valparai,matha jn,33,0,0,0,cc,4,76.9355902688,10.3559554203
Old Valparai,matha jn,34,1,1,0,cc,4,76.9357004296,10.3557576438
Old Valparai,matha jn,35,0,0,0,cc,4,76.9357613175,10.3555413601
Old Valparai,matha jn,36,0,0,0,cc,4,76.9357582857,10.3553159677
Old Valparai,matha jn,37,0,0,0,cc,4,76.9357327657,10.3550914083
Old Valparai,matha jn,38,0,0,0,cc,4,76.9356811396,10.3548717386
Old Valparai,matha jn,39,0,0,0,cc,4,76.9356435527,10.3546490335
Old Valparai,matha jn,40,1,1,0,cc,4,76.935645191,10.3544230616
Old Valparai,matha jn,41,0,0,0,cc,4,76.9356106708,10.354201355
Old Valparai,matha jn,42,0,0,0,cc,4,76.9355642952,10.3539801378
Old Valparai,matha jn,43,0,0,0,cc,4,76.9355614646,10.3537564216
Old Valparai,matha jn,44,0,0,0,cc,4,76.9356272792,10.3535402811
Old Valparai,matha jn,45,0,0,0,cc,4,76.9357107182,10.353330112
Old Valparai,matha jn,46,1,1,0,cc,4,76.9358522505,10.3531580129
Old Valparai,matha jn,47,1,1,0,cc,4,76.9360721117,10.3531302242
Old Valparai,matha jn,48,0,0,0,cc,4,76.9362597394,10.3532555464
Old Valparai,matha jn,49,0,0,0,cc,4,76.9364489669,10.3533804575
Old Valparai,matha jn,50,0,0,0,cc,4,76.936656654,10.3534737477
Old Valparai,matha jn,51,0,0,0,cc,4,76.9367912884,10.3536490967
Old Valparai,matha jn,52,0,0,0,cc,4,76.9369252335,10.3538210425
Old Valparai,matha jn,53,0,0,0,cc,4,76.9370975157,10.3537063662
Old Valparai,matha jn,54,0,0,0,cc,4,76.9372701965,10.3535742212
Old Valparai,matha jn,55,1,1,0,cf,2,76.937372353,10.353433475
Old Valparai,matha jn,56,1,2,1,cf,2,76.9372281023,10.3532595505
Old Valparai,matha jn,57,0,0,0,cf,2,76.9371857948,10.3530436359
Old Valparai,matha jn,58,0,0,0,cf,2,76.9371437474,10.3528248884
Old Valparai,matha jn,59,0,0,0,cf,2,76.9369945731,10.3526545661
Old Valparai,matha jn,60,0,0,0,cf,2,76.9370462894,10.3524861341
Old Valparai,matha jn,61,0,0,0,cf,2,76.9369559281,10.3523917835
Old Valparai,matha jn,62,0,0,0,cf,2,76.9368780116,10.3522701078
Old Valparai,matha jn,63,1,1,0,cf,2,76.9367155626,10.3521115599
Old Valparai,matha jn,64,1,1,0,cf,2,76.9365575997,10.3519488264
Old Valparai,matha jn,65,1,1,0,cf,2,76.936459727,10.3517453486
Old Valparai,matha jn,66,1,1,0,cf,2,76.9363756339,10.3515369419
Old Valparai,matha jn,67,1,1,1,cf,2,76.9361946348,10.3514020368
Old Valparai,matha jn,68,1,1,1,cf,2,76.9360186721,10.3512608919
Old Valparai,matha jn,69,1,1,1,cf,2,76.9358727034,10.351087672
Old Valparai,matha jn,70,1,1,0,cf,2,76.9357173763,10.3509222595
Old Valparai,matha jn,71,1,2,1,cf,2,76.9355564237,10.3507620991
Old Valparai,matha jn,72,1,1,1,cf,2,76.9354120843,10.3505873411
Old Valparai,matha jn,73,1,1,1,cf,2,76.9352938987,10.3503942549
Old Valparai,matha jn,74,1,1,0,cf,2,76.9351878457,10.3501942167
Old Valparai,matha jn,75,1,2,1,cf,2,76.9350704764,10.3500005262
Old Valparai,matha jn,76,0,0,0,cf,2,76.9349362518,10.349817787
Old Valparai,matha jn,77,1,2,1,cf,2,76.9348247237,10.3496208668
Old Valparai,matha jn,78,1,1,0,cf,2,76.9347285432,10.3494161543
Old Valparai,matha jn,79,1,2,1,cf,2,76.9346542644,10.349202522
Old Valparai,matha jn,80,0,0,0,ff,3,76.9345634134,10.3489954613
Old Valparai,matha jn,81,1,1,0,ff,3,76.93465337,10.3489195429
Old Valparai,matha jn,82,1,1,0,ff,3,76.9347524553,10.3491216687
Old Valparai,matha jn,83,1,1,0,ff,3,76.9348562802,10.3493224134
Old Valparai,matha jn,84,1,1,0,ff,3,76.9349886668,10.349506325
Old Valparai,matha jn,85,1,1,0,ff,3,76.935133581,10.3496809003
Old Valparai,matha jn,86,1,1,0,ff,3,76.9352842208,10.3498506071
Old Valparai,matha jn,87,0,0,0,ff,3,76.9354526131,10.3500026446
Old Valparai,matha jn,88,0,0,0,ff,3,76.9356137865,10.3501625666
Old Valparai,matha jn,89,0,0,0,ff,3,76.9357777025,10.3503195072
Old Valparai,matha jn,90,1,1,0,ff,3,76.9359225157,10.3504940592
Old Valparai,matha jn,91,1,3,2,ff,3,76.9360970565,10.3506389173
Old Valparai,matha jn,92,1,2,1,ff,3,76.9362973261,10.3507470998
Old Valparai,matha jn,93,1,1,0,ff,3,76.9364947699,10.3508602166
Old Valparai,matha jn,94,1,1,0,ff,3,76.9366742723,10.3509995175
Old Valparai,matha jn,95,1,1,0,ff,3,76.9368459606,10.3511483953
Old Valparai,matha jn,96,0,0,0,ff,3,76.937020712,10.3512937165
Old Valparai,matha jn,97,0,0,0,ff,3,76.9371898453,10.3514454107
Old Valparai,matha jn,98,1,1,0,ff,3,76.9373527545,10.3516036536
Old Valparai,matha jn,99,0,0,0,ff,3,76.9375201761,10.3517570058
Old Valparai,matha jn,100,0,0,0,ff,3,76.9377042587,10.351890517
Old Valparai,matha jn,101,0,0,0,ff,3,76.9378958611,10.3520132805
Old Valparai,matha jn,102,0,0,0,ff,3,76.938088538,10.3521342671
Old Valparai,matha jn,103,1,1,0,ff,3,76.9382853818,10.3522486293
Old Valparai,matha jn,104,1,1,0,ff,3,76.9384861401,10.3523560587
Old Valparai,matha jn,105,1,2,1,ff,3,76.9386891915,10.3524592459
Old Valparai,matha jn,106,1,1,1,ff,3,76.9388916157,10.3525636344
Old Valparai,matha jn,107,0,0,0,ff,3,76.9390980669,10.3526597315
Old Valparai,matha jn,108,0,0,0,ff,3,76.9393141146,10.3527321651
Old Valparai,matha jn,109,1,1,0,ff,3,76.9395345159,10.3527883258
Old Valparai,matha jn,110,0,0,0,ff,3,76.9397542345,10.352848729
Old Valparai,matha jn,111,1,1,0,ff,3,76.9399760637,10.3529013547
Old Valparai,matha jn,112,1,1,1,ff,3,76.9401926414,10.3529713505
Old Valparai,matha jn,113,0,0,0,ff,3,76.9404066447,10.3530495729
Old Valparai,matha jn,114,0,0,0,ff,3,76.9406262998,10.3530306195
Old Valparai,matha jn,115,0,0,0,ff,3,76.9408234182,10.3529169802
Old Valparai,matha jn,116,0,0,0,ff,3,76.9409278516,10.3527254272
Old Valparai,matha jn,117,0,0,0,vc,2,76.9409616398,10.3525020238
Old Valparai,matha jn,118,1,2,1,vc,2,76.9409305411,10.3522804443
Old Valparai,matha jn,119,0,0,0,vc,2,76.9407992286,10.3521048594
Old Valparai,matha jn,120,0,0,0,vc,2,76.9405736949,10.352070804
Old Valparai,matha jn,121,0,0,0,vc,2,76.9403562217,10.3520083069
Old Valparai,matha jn,122,1,1,0,vc,2,76.9401537717,10.3519043513
Old Valparai,matha jn,123,1,1,0,vc,2,76.940008864,10.351737921
Old Valparai,matha jn,124,1,1,0,vc,2,76.939946187,10.3515213722
Old Valparai,matha jn,125,0,0,0,vc,2,76.9398323354,10.3513265499
Old Valparai,matha jn,126,1,1,0,vc,2,76.9397736046,10.3511146412
Old Valparai,matha jn,127,1,1,0,vc,2,76.9398835297,10.3509185445
Old Valparai,matha jn,128,1,1,0,vc,2,76.9399810637,10.3507162965
Old Valparai,matha jn,129,0,0,0,vc,2,76.9399819976,10.3504946073
Old Valparai,matha jn,130,0,0,0,vc,2,76.9398782538,10.3502947727
Old Valparai,matha jn,131,1,1,0,vt,2,76.9397476484,10.3501100572
Old Valparai,matha jn,132,0,0,0,vt,2,76.9395674211,10.3499733663
Old Valparai,matha jn,133,0,0,0,vt,2,76.9393464643,10.349938647
Old Valparai,matha jn,134,0,0,0,vt,2,76.9391460085,10.3500393452
Old Valparai,matha jn,135,0,0,0,vt,2,76.9389470424,10.3501411153
Old Valparai,matha jn,136,1,1,0,vt,2,76.9387311195,10.3500890942
Old Valparai,matha jn,137,0,0,0,vt,2,76.9385195979,10.3500070285
Old Valparai,matha jn,138,0,0,0,vt,2,76.9382939203,10.3499748766
Old Valparai,matha jn,139,1,1,0,vt,2,76.938091359,10.349886059
Old Valparai,matha jn,140,1,1,0,vt,2,76.9379583976,10.3497032386
Old Valparai,matha jn,141,0,0,0,vt,2,76.9377952673,10.349551861
Old Valparai,matha jn,142,0,0,0,vt,2,76.9376070109,10.349424972
Old Valparai,matha jn,143,1,2,1,vt,2,76.9374483757,10.349262524
Old Valparai,matha jn,144,1,1,0,vt,2,76.9373532063,10.3490658193
Old Valparai,matha jn,145,1,1,0,vt,2,76.9373510452,10.3488407247
Old Valparai,matha jn,146,1,1,0,vt,2,76.937161373,10.3487347025
Old Valparai,matha jn,147,1,1,0,vt,2,76.9369582735,10.3486480172
Old Valparai,matha jn,148,1,1,0,vt,2,76.936930476,10.3484295612
Old Valparai,matha jn,149,1,1,1,vt,2,76.9369415997,10.3482067122
Old Valparai,matha jn,150,0,0,0,vt,2,76.9368072353,10.3480348668
Old Valparai,matha jn,151,0,0,0,vt,2,76.9365851516,10.3479964564
Old Valparai,matha jn,152,0,0,0,vt,2,76.9363745778,10.3479264934
Old Valparai,matha jn,153,0,0,0,vt,2,76.9363271893,10.3477120567
Old Valparai,matha jn,154,0,0,0,vt,2,76.9364153483,10.3475065024
Old Valparai,matha jn,155,0,0,0,vt,2,76.9365671037,10.3473388117
Old Valparai,matha jn,156,0,0,0,vt,2,76.9365961613,10.3471192201
Old Valparai,matha jn,157,0,0,0,vt,2,76.936483432,10.3469364311
Old Valparai,matha jn,158,0,0,0,vt,2,76.9363049835,10.3468075658
Old Valparai,matha jn,159,0,0,0,vt,2,76.936232647,10.3465952156
Old Valparai,matha jn,160,0,0,0,vt,2,76.9360399538,10.3464912371
Old Valparai,matha jn,161,0,0,0,vt,2,76.9358589614,10.3463595158
Old Valparai,matha jn,162,0,0,0,vt,2,76.9357306038,10.3461728557
Old Valparai,matha jn,163,1,2,1,vt,2,76.9355936784,10.3459921229
Old Valparai,matha jn,164,1,1,1,vt,2,76.935437973,10.345826944
Old Valparai,matha jn,165,1,1,0,vt,2,76.9352801437,10.3456637183
Old Valparai,matha jn,166,1,2,1,vt,2,76.9351530053,10.345479414
Old Valparai,matha jn,167,1,1,0,vt,2,76.9351433595,10.3452563032
Old Valparai,matha jn,168,0,0,0,vt,2,76.9351862179,10.3450345246
Old Valparai,matha jn,169,0,0,0,vt,2,76.9352438013,10.3448159809
Old Valparai,matha jn,170,1,1,0,vt,2,76.9352365129,10.3445955617
Old Valparai,matha jn,171,1,1,1,vt,2,76.9350633656,10.3444583358
Old Valparai,matha jn,172,0,0,0,vt,2,76.9348689196,10.3443467532
Old Valparai,matha jn,173,0,0,0,vt,2,76.9348000849,10.3441330717
Old Valparai,matha jn,174,0,0,0,vt,2,76.9346793662,10.3439516072
Old Valparai,matha jn,175,0,0,0,vt,2,76.9344626977,10.3439035007
Old Valparai,matha jn,176,1,1,0,vt,2,76.93425262,10.3438506097
Old Valparai,matha jn,177,1,1,0,vt,2,76.934203948,10.3436474031
Old Valparai,matha jn,178,1,1,0,vt,2,76.9342753844,10.3434329961
Old Valparai,matha jn,179,1,2,1,vt,2,76.9342848812,10.3432095825
Old Valparai,matha jn,180,0,0,0,vt,2,76.9342157322,10.3429950191
Old Valparai,matha jn,181,0,0,0,vt,2,76.9340465735,10.342849768
Old Valparai,matha jn,182,0,0,0,vt,2,76.9338218373,10.3428409205
Old Valparai,matha jn,183,0,0,0,vt,2,76.9335959686,10.342852272
Old Valparai,matha jn,184,1,1,1,vt,2,76.9334057172,10.3427412821
Old Valparai,matha jn,185,1,1,0,vt,2,76.933415008,10.3425342172
Old Valparai,matha jn,186,1,1,0,vt,2,76.9335588349,10.3423596244
Old Valparai,matha jn,187,1,1,0,vt,2,76.9336726887,10.3421666237
Old Valparai,matha jn,188,0,0,0,vt,2,76.9336699151,10.3419436986
Old Valparai,matha jn,189,0,0,0,vt,2,76.9336146458,10.3417244411
Old Valparai,matha jn,190,0,0,0,vt,2,76.9335588475,10.3415053153
Old Valparai,matha jn,191,1,1,0,vt,2,76.933521491,10.3412827615
Old Valparai,matha jn,192,1,2,1,vt,2,76.9335265061,10.3410575049
Old Valparai,matha jn,193,1,1,0,vt,2,76.9335742444,10.3408368049
Old Valparai,matha jn,194,1,1,0,vt,2,76.9336480274,10.3406230079
Old Valparai,matha jn,195,0,0,0,vt,2,76.9337209773,10.3404088824
Old Valparai,matha jn,196,0,0,0,vt,2,76.9337887625,10.3401931338
Old Valparai,matha jn,197,1,1,1,vt,2,76.9338530261,10.3399763265
Old Valparai,matha jn,198,0,0,0,vt,2,76.9339196793,10.3397607495
Old Valparai,matha jn,199,1,1,0,vt,2,76.9339840896,10.3395439528
Old Valparai,matha jn,200,1,1,0,vt,2,76.9340497418,10.3393275217
Old Valparai,matha jn,201,1,1,1,vt,2,76.934108495,10.3391091905
Old Valparai,matha jn,202,1,1,0,vt,2,76.9341845961,10.3388966165
Old Valparai,matha jn,203,1,1,0,ff,3,76.9342867871,10.3386946714
Old Valparai,matha jn,204,0,0,0,ff,3,76.9343979492,10.3384973484
Old Valparai,matha jn,205,1,1,1,ff,3,76.9344965131,10.3382935553
Old Valparai,matha jn,206,1,1,1,ff,3,76.9345857895,10.3380858695
Old Valparai,matha jn,207,1,1,1,ff,3,76.9346542125,10.3378705448
Old Valparai,matha jn,208,1,1,1,ff,3,76.9346924368,10.3376478539
Old Valparai,matha jn,209,0,0,0,tt,1,76.9347145623,10.3374231572
Old Valparai,matha jn,210,0,0,0,tt,1,76.9347397884,10.3371985601
Old Valparai,matha jn,211,0,0,0,tt,1,76.9347596379,10.3369734434
Old Valparai,matha jn,212,0,0,0,tt,1,76.9347826667,10.3367486318
Old Valparai,matha jn,213,0,0,0,tt,1,76.9348287779,10.3365277622
Old Valparai,matha jn,214,0,0,0,tt,1,76.9349165199,10.3363192764
Old Valparai,matha jn,215,0,0,0,tt,1,76.9349923114,10.3361066888
Old Valparai,matha jn,216,0,0,0,tt,1,76.9350149062,10.3358830278
Old Valparai,matha jn,217,0,0,0,tt,1,76.9349681786,10.3356628652
Old Valparai,matha jn,218,0,0,0,tt,1,76.9349141005,10.3354436439
Old Valparai,matha jn,219,0,0,0,tt,1,76.934886312,10.3352193953
Old Valparai,matha jn,220,1,1,0,tt,1,76.9348717163,10.3349940694
Old Valparai,matha jn,221,1,1,0,tt,1,76.934922487,10.3347745803
Old Valparai,matha jn,222,1,1,0,tt,1,76.9350469349,10.3345855514
Old Valparai,matha jn,223,1,2,1,tt,1,76.9351429735,10.3343878952
Old Valparai,matha jn,224,0,0,0,tt,1,76.9350862957,10.334170145
Old Valparai,matha jn,225,0,0,0,tt,1,76.9350761889,10.3339480886
Old Valparai,matha jn,226,0,0,0,tt,1,76.9351563655,10.3337370179
Old Valparai,matha jn,227,0,0,0,tt,1,76.9352868056,10.3335524612
Old Valparai,matha jn,228,0,0,0,tt,1,76.9354625418,10.3334090394
Old Valparai,matha jn,229,0,0,0,tt,1,76.9356430889,10.3332713832
Old Valparai,matha jn,230,0,0,0,tt,1,76.9357536225,10.3330797278
Old Valparai,matha jn,231,0,0,0,tt,1,76.9357786367,10.332856071
Old Valparai,matha jn,232,0,0,0,tt,1,76.9357434,10.3326331
Old Valparai,matha jn,233,0,0,0,tt,1,76.93569,10.3324
Old Valparai,matha jn,234,0,0,0,tt,1,76.9355,10.33224
Old Valparai,matha jn,235,0,0,0,tt,1,76.93533,10.33209
Old Valparai,matha jn,236,0,0,0,tt,1,76.93521,10.3318
Old Valparai,matha jn,237,0,0,0,tt,1,76.9351,10.33169
Old Valparai,matha jn,238,0,0,0,tt,1,76.93499,10.3315
Old Valparai,matha jn,239,0,0,0,tt,1,76.9348,10.3313
Old Valparai,matha jn,240,0,0,0,tt,1,76.9348,10.331094
Old Valparai,matha jn,241,0,0,0,tt,1,76.9347,10.3308
Old Valparai,matha jn,242,0,0,0,tt,1,76.9347,10.3306
Old Valparai,matha jn,243,0,0,0,tt,1,76.9347,10.3304
Old Valparai,matha jn,244,0,0,0,tt,1,76.9346,10.330211
Old Valparai,matha jn,245,0,0,0,tt,1,76.9345,10.3299
