"group","old_code","osuri_code","current_code","original_name","original_fullname","original_family","GBIFname","key","matchType","confidence","status","rank","kingdom","phylum","class","order","family","genus","species","canonicalName","authorship","scientificName"
"Understorey","Adi inc","NA","Adi inc","Adiantum incisum","Adiantum incisum Forsk.","Adiantaceae","Adiantum incisum Forssk.",8309462,"EXACT",97,"ACCEPTED","SPECIES","Plantae","Tracheophyta","Polypodiopsida","Polypodiales","Pteridaceae","Adiantum","Adiantum incisum","Adiantum incisum","Forssk.","Adiantum incisum"
"Understorey","Age con","NA","Age con","Ageratum conyzoides","Ageratum conyzoides L.","Asteraceae","Ageratum conyzoides L.",5401673,"EXACT",97,"ACCEPTED","SPECIES","Plantae","Tracheophyta","Magnoliopsida","Asterales","Asteraceae","Ageratum","Ageratum conyzoides","Ageratum conyzoides","L.","Ageratum conyzoides"
"Understorey","Amo can","NA","Amo can","Amomum cannicarpum","Amomum cannicarpum (Wight) Benth.","Zingiberaceae","Amomum cannicarpum (Wight) Benth. ex Baker",5301741,"EXACT",98,"ACCEPTED","SPECIES","Plantae","Tracheophyta","Liliopsida","Zingiberales","Zingiberaceae","Amomum","Amomum cannicarpum","Amomum cannicarpum","(Wight) Benth. ex Baker","Amomum cannicarpum"
"Understorey","Amo hoh","NA","Amo hoh","Amorphophallus hohenackeri","Amorphophallus hohenackeri Engl.","Araceae","Amorphophallus hohenackeri (Schott) Engl. & Gehrm.",2871744,"EXACT",99,"ACCEPTED","SPECIES","Plantae","Tracheophyta","Liliopsida","Alismatales","Araceae","Amorphophallus","Amorphophallus hohenackeri","Amorphophallus hohenackeri","(Schott) Engl. & Gehrm.","Amorphophallus hohenackeri"
"Understorey","Amo hyp","NA","Amo hyp","Amomum hypoleucum","Amomum hypoleucum Thw.","Zingiberaceae","Amomum hypoleucum Thwaites",5301733,"EXACT",99,"ACCEPTED","SPECIES","Plantae","Tracheophyta","Liliopsida","Zingiberales","Zingiberaceae","Amomum","Amomum hypoleucum","Amomum hypoleucum","Thwaites","Amomum hypoleucum"
"Understorey","Amo mur","NA","Amo mur","Amomum muricatum","Amomum muricatum Bedd.","Zingiberaceae","Amomum muricatum Bedd.",5301606,"EXACT",99,"ACCEPTED","SPECIES","Plantae","Tracheophyta","Liliopsida","Zingiberales","Zingiberaceae","Amomum","Amomum muricatum","Amomum muricatum","Bedd.","Amomum muricatum"
"Understorey","Amo pte","NA","Amo pte","Amomum pterocarpum","Amomum pterocarpum Thw.","Zingiberaceae","Amomum pterocarpum Thwaites",5301578,"EXACT",99,"ACCEPTED","SPECIES","Plantae","Tracheophyta","Liliopsida","Zingiberales","Zingiberaceae","Amomum","Amomum pterocarpum","Amomum pterocarpum","Thwaites","Amomum pterocarpum"
"Understorey","Ana bed","NA","Ana bed","Anaphyllum beddomei","Anaphyllum beddomei Engler ","Araceae","Anaphyllum beddomei Engl.",2870631,"EXACT",99,"ACCEPTED","SPECIES","Plantae","Tracheophyta","Liliopsida","Alismatales","Araceae","Anaphyllum","Anaphyllum beddomei","Anaphyllum beddomei","Engl.","Anaphyllum beddomei"
"Understorey","Ane mon","NA","Ane mon","Aneilema montana","Aneilema montana (Wight) Clarke","Commelinaceae","Aneilema montanum Wight",7366555,"FUZZY",95,"ACCEPTED","SPECIES","Plantae","Tracheophyta","Liliopsida","Commelinales","Commelinaceae","Aneilema","Aneilema montanum","Aneilema montanum","Wight","Aneilema montanum"
"Understorey","Ani cum","NA","Ani cum","Anisocampium cumingianum","Anisocampium cumingianum Presl.","Athyriaceae","Anisocampium cumingianum C.Presl",4015764,"EXACT",99,"ACCEPTED","SPECIES","Plantae","Tracheophyta","Polypodiopsida","Polypodiales","Athyriaceae","Anisocampium","Anisocampium cumingianum","Anisocampium cumingianum","C.Presl","Anisocampium cumingianum"
"Understorey","Ara ari","NA","Ara ari","Arachniodes aristata","Arachniodes aristata (Forsk.f.) Tindale","Aspidiaceae","Arachniodes aristata (G.Forst.) Tindale",4040718,"EXACT",99,"ACCEPTED","SPECIES","Plantae","Tracheophyta","Polypodiopsida","Polypodiales","Dryopteridaceae","Arachniodes","Arachniodes aristata","Arachniodes aristata","(G.Forst.) Tindale","Arachniodes aristata"
"Understorey","Arg hir","NA","Arg hir","Argyreia hirsuta","Argyreia hirsuta Wight & Arn.","Convolvulaceae","Argyreia hirsuta Wight & Arn.",3678879,"EDITED",114,"SYNONYM","SPECIES","Plantae","Tracheophyta","Magnoliopsida","Solanales","Convolvulaceae","Ipomoea","Ipomoea villifolia","Argyreia hirsuta",,"Ipomoea villifolia"
"Understorey","Ari les","NA","Ari les","Arisaema leschenaultii","Arisaema leschenaultii Bl.","Araceae","Arisaema leschenaultii Blume",2867030,"EXACT",99,"ACCEPTED","SPECIES","Plantae","Tracheophyta","Liliopsida","Alismatales","Araceae","Arisaema","Arisaema leschenaultii","Arisaema leschenaultii","Blume","Arisaema leschenaultii"
"Understorey","Asp ere","NA","Asp ere","Asplenium erectum","Asplenium erectum Bory ex Willd.","Aspleniaceae","Asplenium erectum Bory ex Willd.",7704358,"EXACT",97,"ACCEPTED","SPECIES","Plantae","Tracheophyta","Polypodiopsida","Polypodiales","Aspleniaceae","Asplenium","Asplenium erectum","Asplenium erectum","Bory ex Willd.","Asplenium erectum"
"Understorey","Asp ine","NA","Asp ine","Asplenium inequilaterale","Asplenium inequilaterale Willd.","Aspleniaceae","Asplenium inaequilaterale Bory ex Willd.",4258670,"EDITED",10,"ACCEPTED","SPECIES","Plantae","Tracheophyta","Polypodiopsida","Polypodiales","Aspleniaceae","Asplenium","Asplenium inaequilaterale","Asplenium inaequilaterale",,"Asplenium inaequilaterale"
"Understorey","Asp rac","NA","Asp rac","Asparagus racemosus","Asparagus racemosus Willd.","Liliaceae","Asparagus racemosus Willd.",2768632,"EXACT",99,"ACCEPTED","SPECIES","Plantae","Tracheophyta","Liliopsida","Asparagales","Asparagaceae","Asparagus","Asparagus racemosus","Asparagus racemosus","Willd.","Asparagus racemosus"
"Understorey","Beg mal","NA","Beg mal","Begonia malabarica","Begonia malabarica Lam.","Begoniaceae","Begonia malabarica Lam.",4158828,"EXACT",97,"ACCEPTED","SPECIES","Plantae","Tracheophyta","Magnoliopsida","Cucurbitales","Begoniaceae","Begonia","Begonia malabarica","Begonia malabarica","Lam.","Begonia malabarica"
"Understorey","Beg pic","NA","Beg pic","Begonia picta","Begonia picta Sm.","Begoniaceae","Begonia picta Sm.",4157045,"EXACT",97,"ACCEPTED","SPECIES","Plantae","Tracheophyta","Magnoliopsida","Cucurbitales","Begoniaceae","Begonia","Begonia picta","Begonia picta","Sm.","Begonia picta"
"Understorey","Bol sem","NA","Bol sem","Bolbitis semicordata","Bolbitis semicordata (Moore) Ching","Bolbitidaceae","Bolbitis semicordata (Baker) Ching",4011502,"EXACT",99,"ACCEPTED","SPECIES","Plantae","Tracheophyta","Polypodiopsida","Polypodiales","Dryopteridaceae","Bolbitis","Bolbitis semicordata","Bolbitis semicordata","(Baker) Ching","Bolbitis semicordata"
"Understorey","Bre vit","NA","Bre vit","Breynia vitis-idaea","Breynia vitis-idaea (Burm.f.) Fischer","Euphorbiaceae","Breynia vitis-idaea (Burm.f.) C.E.C.Fisch.",5382985,"EXACT",99,"ACCEPTED","SPECIES","Plantae","Tracheophyta","Magnoliopsida","Malpighiales","Phyllanthaceae","Breynia","Breynia vitis-idaea","Breynia vitis-idaea","(Burm.f.) C.E.C.Fisch.","Breynia vitis-idaea"
"Understorey","Car sp.","NA","Car sp.","Carex sp.","Carex sp.","Cyperaceae","Carex L.",2721893,"HIGHERRANK",94,"ACCEPTED","GENUS","Plantae","Tracheophyta","Liliopsida","Poales","Cyperaceae","Carex",,"Carex","L.","Carex"
"Understorey","Cay ten","NA","Cay ten","Cayratia tenuifolia","Cayratia tenuifolia (Wight & Arn.) Gagnep.","Vitaceae","Cayratia tenuifolia (Wight & Arn.) Gagnep.",4054215,"EXACT",99,"ACCEPTED","SPECIES","Plantae","Tracheophyta","Magnoliopsida","Vitales","Vitaceae","Cayratia","Cayratia tenuifolia","Cayratia tenuifolia","(Wight & Arn.) Gagnep.","Cayratia tenuifolia"
"Understorey","Cle sp.","NA","Cle sp.","Clematis sp.","Clematis sp.","Ranunculaceae","Clematis L.",3033512,"HIGHERRANK",94,"ACCEPTED","GENUS","Plantae","Tracheophyta","Magnoliopsida","Ranunculales","Ranunculaceae","Clematis",,"Clematis","L.","Clematis"
"Understorey","Cof rob","NA","Cof can","Coffea canephora","Coffea canephora Pierre ex A.Froehner","Rubiaceae","Coffea canephora Pierre ex A.Froehner",2895528,"EXACT",97,"ACCEPTED","SPECIES","Plantae","Tracheophyta","Magnoliopsida","Gentianales","Rubiaceae","Coffea","Coffea canephora","Coffea canephora","Pierre ex A.Froehner","Coffea canephora"
"Understorey","Col opp","NA","Col opp","Colebrookea oppositifolia","Colebrookea oppositifolia J.E. Smith","Lamiaceae","Colebrookea oppositifolia Sm.",3884974,"EXACT",97,"ACCEPTED","SPECIES","Plantae","Tracheophyta","Magnoliopsida","Lamiales","Lamiaceae","Colebrookea","Colebrookea oppositifolia","Colebrookea oppositifolia","Sm.","Colebrookea oppositifolia"
"Understorey","Com pal","NA","Com pal","Commelina paludosa","Commelina paludosa Bl.","Commelinaceae","Commelina paludosa Blume",2764435,"EXACT",98,"ACCEPTED","SPECIES","Plantae","Tracheophyta","Liliopsida","Commelinales","Commelinaceae","Commelina","Commelina paludosa","Commelina paludosa","Blume","Commelina paludosa"
"Understorey","Cro lae","NA","Cro lae","Crotalaria laevigata","Crotalaria laevigata Lam.","Papilionaceae","Crotalaria laevigata Lam.",2942048,"EXACT",97,"ACCEPTED","SPECIES","Plantae","Tracheophyta","Magnoliopsida","Fabales","Fabaceae","Crotalaria","Crotalaria laevigata","Crotalaria laevigata","Lam.","Crotalaria laevigata"
"Understorey","Cro zey","NA","Cro zey","Croton zeylanicus","Croton zeylanicus Muell.-Arg.","Euphorbiaceae","Croton zeylanicus Müll.Arg.",3059982,"EXACT",99,"ACCEPTED","SPECIES","Plantae","Tracheophyta","Magnoliopsida","Malpighiales","Euphorbiaceae","Croton","Croton zeylanicus","Croton zeylanicus","Müll.Arg.","Croton zeylanicus"
"Understorey","Cur ama","NA","Cur ama","Curcuma amada","Curcuma amada Roxb.","Zingiberaceae","Curcuma amada Roxb.",2757535,"EXACT",99,"ACCEPTED","SPECIES","Plantae","Tracheophyta","Liliopsida","Zingiberales","Zingiberaceae","Curcuma","Curcuma amada","Curcuma amada","Roxb.","Curcuma amada"
"Understorey","Cur tri","NA","Cur tri","Curculigo trichocarpa","Curculigo trichocarpa (Wight) Ben. & Raiz.","Hypoxidaceae","Curculigo trichocarpa (Wight) Bennet & Raizada",2852537,"EXACT",98,"SYNONYM","SPECIES","Plantae","Tracheophyta","Liliopsida","Asparagales","Hypoxidaceae","Molineria","Molineria trichocarpa","Curculigo trichocarpa","(Wight) Bennet & Raizada","Molineria trichocarpa"
"Understorey","Cya pro","NA","Cya pro","Cyathula prostrata","Cyathula prostrata (L.) Blume","Amaranthaceae","Cyathula prostrata (L.) Blume",5384314,"EXACT",98,"ACCEPTED","SPECIES","Plantae","Tracheophyta","Magnoliopsida","Caryophyllales","Amaranthaceae","Cyathula","Cyathula prostrata","Cyathula prostrata","(L.) Blume","Cyathula prostrata"
"Understorey","Cyc pel","NA","Cyc pel","Cyclea peltata","Cyclea peltata (Lam.) Hook.f.& Thoms.","Menispermaceae","Cyclea peltata Hook.fil. & Thomson",8187840,"EXACT",97,"ACCEPTED","SPECIES","Plantae","Tracheophyta","Magnoliopsida","Ranunculales","Menispermaceae","Cyclea","Cyclea peltata","Cyclea peltata","Hook.fil. & Thomson","Cyclea peltata"
"Understorey","Cyr oxy","NA","Cyr oxy","Cyrtococcum oxyphyllum","Cyrtococcum oxyphyllum (Steud.) Stapf","Poaceae","Cyrtococcum oxyphyllum (Hochst. ex Steud.) Stapf",4132960,"EXACT",99,"ACCEPTED","SPECIES","Plantae","Tracheophyta","Liliopsida","Poales","Poaceae","Cyrtococcum","Cyrtococcum oxyphyllum","Cyrtococcum oxyphyllum","(Hochst. ex Steud.) Stapf","Cyrtococcum oxyphyllum"
"Understorey","Cyr tri","NA","Cyr tri","Cyrtococcum trigonum","Cyrtococcum  trigonum (Retz.) A. Camus","Poaceae","Cyrtococcum trigonum (Retz.) A.Camus",4132897,"EXACT",99,"ACCEPTED","SPECIES","Plantae","Tracheophyta","Liliopsida","Poales","Poaceae","Cyrtococcum","Cyrtococcum trigonum","Cyrtococcum trigonum","(Retz.) A.Camus","Cyrtococcum trigonum"
"Understorey","Den str","NA","Den str","Dendrocalamus strictus","Dendrocalamus strictus (Roxb.) Nees    ","Poaceae","Dendrocalamus strictus (Roxb.) Nees",2703316,"EXACT",99,"ACCEPTED","SPECIES","Plantae","Tracheophyta","Liliopsida","Poales","Poaceae","Dendrocalamus","Dendrocalamus strictus","Dendrocalamus strictus","(Roxb.) Nees","Dendrocalamus strictus"
"Understorey","Dio opp","NA","Dio opp","Dioscorea oppositifolia","Dioscorea oppositifolia L.","Dioscoreaceae","Dioscorea oppositifolia L.",2754965,"EXACT",99,"ACCEPTED","SPECIES","Plantae","Tracheophyta","Liliopsida","Dioscoreales","Dioscoreaceae","Dioscorea","Dioscorea oppositifolia","Dioscorea oppositifolia","L.","Dioscorea oppositifolia"
"Understorey","Dra ter","NA","Dra ter","Dracaena terniflora","Dracaena terniflora Roxb.","Agavaceae","Dracaena terniflora Roxb.",5304617,"EXACT",97,"ACCEPTED","SPECIES","Plantae","Tracheophyta","Liliopsida","Asparagales","Asparagaceae","Dracaena","Dracaena terniflora","Dracaena terniflora","Roxb.","Dracaena terniflora"
"Understorey","Dry ser","NA","Dry ser","Dryopteris serrato-dentata","Dryopteris serrato-dentata (Bedd.) Hayata","Dryopteridaceae","Dryopteris serratodentata (Bedd.) Hayata",7771349,"FUZZY",96,"ACCEPTED","SPECIES","Plantae","Tracheophyta","Polypodiopsida","Polypodiales","Dryopteridaceae","Dryopteris","Dryopteris serratodentata","Dryopteris serratodentata","(Bedd.) Hayata","Dryopteris serratodentata"
"Understorey","Ecb vir","NA","Ecb vir","Ecbolium viride","Ecbolium viride (Forssk.)Alston","Acanthaceae","Ecbolium viride (Forssk.) Alston",7264277,"EXACT",99,"ACCEPTED","SPECIES","Plantae","Tracheophyta","Magnoliopsida","Lamiales","Acanthaceae","Ecbolium","Ecbolium viride","Ecbolium viride","(Forssk.) Alston","Ecbolium viride"
"Understorey","Ela acu","NA","Ela acu","Elatostemma acuminatum","Elatostemma acuminatum (Poir.) Brongn.","Urticaceae","Elatostema acuminatum (Poir.) Brongn.",7300569,"FUZZY",85,"ACCEPTED","SPECIES","Plantae","Tracheophyta","Magnoliopsida","Rosales","Urticaceae","Elatostema","Elatostema acuminatum","Elatostema acuminatum","(Poir.) Brongn.","Elatostema acuminatum"
"Understorey","Ela lin","NA","Ela lin","Elatostemma lineolatum","Elatostemma lineolatum Wight ","Urticaceae","Elatostema lineolatum Wight",7300505,"FUZZY",85,"ACCEPTED","SPECIES","Plantae","Tracheophyta","Magnoliopsida","Rosales","Urticaceae","Elatostema","Elatostema lineolatum","Elatostema lineolatum","Wight","Elatostema lineolatum"
"Understorey","Ele car","NA","Ele car","Elettaria cardamomum","Elettaria cardamomum (L.) Maton","Zingiberaceae","Elettaria cardamomum (L.) Maton",2759871,"EXACT",98,"ACCEPTED","SPECIES","Plantae","Tracheophyta","Liliopsida","Zingiberales","Zingiberaceae","Elettaria","Elettaria cardamomum","Elettaria cardamomum","(L.) Maton","Elettaria cardamomum"
"Understorey","Eup gla","NA","Eup gla","Eupatorium glandulosum","Eupatorium glandulosum HB. & K.","Asteraceae","Eupatorium glandulosum Kunth",9643986,"EDITED",114,"SYNONYM","SPECIES","Plantae","Tracheophyta","Magnoliopsida","Asterales","Asteraceae","Ageratina","Ageratina adenophora","Eupatorium glandulosum",,"Ageratina adenophora"
"Understorey","Glo oph","NA","Glo oph","Globba ophioglossa","Globba ophioglossa Wight","Zingiberaceae","Globba ophioglossa Wight",2757819,"EXACT",98,"SYNONYM","SPECIES","Plantae","Tracheophyta","Liliopsida","Zingiberales","Zingiberaceae","Globba","Globba sessiliflora","Globba ophioglossa","Wight","Globba sessiliflora"
"Understorey","Hyd jav","NA","Hyd jav","Hydrocotyle javanica","Hydrocotyle javanica Thunb.","Apiaceae","Hydrocotyle javanica Thunb.",6026987,"EXACT",99,"ACCEPTED","SPECIES","Plantae","Tracheophyta","Magnoliopsida","Apiales","Apiaceae","Hydrocotyle","Hydrocotyle javanica","Hydrocotyle javanica","Thunb.","Hydrocotyle javanica"
"Understorey","Imp sp.","NA","Imp sp.","Impatiens sp.","Impatiens sp.","Balsaminaceae","Impatiens L.",2891766,"HIGHERRANK",94,"ACCEPTED","GENUS","Plantae","Tracheophyta","Magnoliopsida","Ericales","Balsaminaceae","Impatiens",,"Impatiens","L.","Impatiens"
"Understorey","Ipo ind","NA","Ipo ind","Ipomoea indica","Ipomoea indica (Burm.f.) Merr.","Convolvulaceae","Ipomoea indica (Burm.) Merr.",2928598,"EXACT",98,"ACCEPTED","SPECIES","Plantae","Tracheophyta","Magnoliopsida","Solanales","Convolvulaceae","Ipomoea","Ipomoea indica","Ipomoea indica","(Burm.) Merr.","Ipomoea indica"
"Understorey","Ixo nig","NA","Ixo nig","Ixora nigricans","Ixora nigricans R.Br. ex Wight & Arn.","Rubiaceae","Ixora nigricans R.Br. ex Wight & Arn.",2905255,"EXACT",97,"ACCEPTED","SPECIES","Plantae","Tracheophyta","Magnoliopsida","Gentianales","Rubiaceae","Ixora","Ixora nigricans","Ixora nigricans","R.Br. ex Wight & Arn.","Ixora nigricans"
"Understorey","Ked cou","NA","Ked cou","Kedrostis courtallensis","Kedrostis courtallensis (Arn.) Jeffrey","Cucurbitaceae","Kedrostis courtallensis (Arn.) C.Jeffrey",3623953,"EXACT",99,"ACCEPTED","SPECIES","Plantae","Tracheophyta","Magnoliopsida","Cucurbitales","Cucurbitaceae","Kedrostis","Kedrostis courtallensis","Kedrostis courtallensis","(Arn.) C.Jeffrey","Kedrostis courtallensis"
"Understorey","Lan cam","NA","Lan cam","Lantana camara","Lantana camara L.","Verbenaceae","Lantana camara L.",2925303,"EXACT",99,"ACCEPTED","SPECIES","Plantae","Tracheophyta","Magnoliopsida","Lamiales","Verbenaceae","Lantana","Lantana camara","Lantana camara","L.","Lantana camara"
"Understorey","Lap bul","NA","Lap bul","Laportea bulbifera","Laportea bulbifera (Sieb. & Zucc.) Wedd.","Urticaceae","Laportea bulbifera (Siebold & Zucc.) Wedd.",7300666,"EXACT",99,"ACCEPTED","SPECIES","Plantae","Tracheophyta","Magnoliopsida","Rosales","Urticaceae","Laportea","Laportea bulbifera","Laportea bulbifera","(Siebold & Zucc.) Wedd.","Laportea bulbifera"
"Understorey","Lep sp.","NA","Lep sp.","Leptochilus sp.","Leptochilus sp.","Polypodiaceae","Leptochilus Kaulf.",2650941,"EDITED",69,"ACCEPTED","GENUS","Plantae","Tracheophyta","Polypodiopsida","Polypodiales","Polypodiaceae","Leptochilus",,"Leptochilus",,"Leptochilus"
"Understorey","Lep umb","NA","Lep umb","Lepianthes umbellata","Lepianthes umbellata (L.) Rafin.","Piperaceae","Lepianthes umbellata (L.) Raf. ex Ramamoorthy",7619316,"EXACT",98,"SYNONYM","SPECIES","Plantae","Tracheophyta","Magnoliopsida","Piperales","Piperaceae","Piper","Piper umbellatum","Lepianthes umbellata","(L.) Raf. ex Ramamoorthy","Piper umbellatum"
"Understorey","Mac gra","NA","Mac gra","Mackenziea gracilis","Mackenziea gracilis (Bedd.) Bremek.","Acanthaceae","Mackenziea gracilis (Bedd.) Bremek.",5574017,"EXACT",98,"SYNONYM","SPECIES","Plantae","Tracheophyta","Magnoliopsida","Lamiales","Acanthaceae","Strobilanthes","Strobilanthes gracilis","Mackenziea gracilis","(Bedd.) Bremek.","Strobilanthes gracilis"
"Understorey","Mik sp.","NA","Mik sp.","Mikania sp.","Mikania sp.","Asteraceae","Mikania Willd.",7722389,"HIGHERRANK",92,"ACCEPTED","GENUS","Plantae","Tracheophyta","Magnoliopsida","Asterales","Asteraceae","Mikania",,"Mikania","Willd.","Mikania"
"Understorey","Mim pud","NA","Mim pud","Mimosa pudica","Mimosa pudica L.","Mimosaceae","Mimosa pudica L.",2969284,"EXACT",98,"ACCEPTED","SPECIES","Plantae","Tracheophyta","Magnoliopsida","Fabales","Fabaceae","Mimosa","Mimosa pudica","Mimosa pudica","L.","Mimosa pudica"
"Understorey","Nic phy","NA","Nic phy","Nicandra physalodes","Nicandra physalodes (L.) Gaertn.","Solanaceae","Nicandra physalodes (L.) Gaertn.",5341754,"EXACT",97,"ACCEPTED","SPECIES","Plantae","Tracheophyta","Magnoliopsida","Solanales","Solanaceae","Nicandra","Nicandra physalodes","Nicandra physalodes","(L.) Gaertn.","Nicandra physalodes"
"Understorey","Nil bar","NA","Nil bar","Nilgirianthus barbatus","Nilgirianthus barbatus (Nees) Bremek.","Acanthaceae","Nilgirianthus barbatus (Nees) Bremek.",3781939,"EXACT",98,"SYNONYM","SPECIES","Plantae","Tracheophyta","Magnoliopsida","Lamiales","Acanthaceae","Strobilanthes","Strobilanthes barbatus","Nilgirianthus barbatus","(Nees) Bremek.","Strobilanthes barbatus"
"Understorey","Nil cil","NA","Nil cil","Nilgirianthus ciliatus","Nilgirianthus ciliatus (Nees) Bremek.","Acanthaceae","Nilgirianthus ciliatus (Wall. ex Nees) Bremek.",3781916,"EXACT",98,"SYNONYM","SPECIES","Plantae","Tracheophyta","Magnoliopsida","Lamiales","Acanthaceae","Strobilanthes","Strobilanthes ciliatus","Nilgirianthus ciliatus","(Wall. ex Nees) Bremek.","Strobilanthes ciliatus"
"Understorey","No herbs","NA","No herbs","NA","NA","NA","NA","NA","NONE",100,"NA","NA","NA","NA","NA","NA","NA","NA","NA","NA","NA","NA"
"Understorey","Oph hir","NA","Oph hir","Ophiorrhiza hirsutula","Ophiorrhiza hirsutula Wight ex Hook","Rubiaceae","Ophiorrhiza hirsutula Wight ex Hook.f.",5340926,"EXACT",97,"ACCEPTED","SPECIES","Plantae","Tracheophyta","Magnoliopsida","Gentianales","Rubiaceae","Ophiorrhiza","Ophiorrhiza hirsutula","Ophiorrhiza hirsutula","Wight ex Hook.f.","Ophiorrhiza hirsutula"
"Understorey","Oph int","NA","Oph int","Ophiopogon intermedius","Ophiopogon intermedius Don","Haemodoraceae","Ophiopogon intermedius D.Don",2774251,"EXACT",99,"ACCEPTED","SPECIES","Plantae","Tracheophyta","Liliopsida","Asparagales","Asparagaceae","Ophiopogon","Ophiopogon intermedius","Ophiopogon intermedius","D.Don","Ophiopogon intermedius"
"Understorey","Opl com","NA","Opl com","Oplismenus compositus","Oplismenus compositus (L.) P. Beauv.","Poaceae","Oplismenus compositus (L.) P.Beauv.",2705733,"EXACT",98,"ACCEPTED","SPECIES","Plantae","Tracheophyta","Liliopsida","Poales","Poaceae","Oplismenus","Oplismenus compositus","Oplismenus compositus","(L.) P.Beauv.","Oplismenus compositus"
"Understorey","Pan sp.","NA","Pan sp.","Pandanus sp.","Pandanus sp. ","Pandanaceae","Pandanus Parkinson",8404076,"HIGHERRANK",92,"ACCEPTED","GENUS","Plantae","Tracheophyta","Liliopsida","Pandanales","Pandanaceae","Pandanus",,"Pandanus","Parkinson","Pandanus"
"Understorey","Pas con","NA","Pas con","Paspalum conjugatum","Paspalum conjugatum Berg.","Poaceae","Paspalum conjugatum P.J.Bergius",2705656,"EXACT",98,"ACCEPTED","SPECIES","Plantae","Tracheophyta","Liliopsida","Poales","Poaceae","Paspalum","Paspalum conjugatum","Paspalum conjugatum","P.J.Bergius","Paspalum conjugatum"
"Understorey","Pas sub","NA","Pas sub","Passiflora subpeltata","Passiflora subpeltata Ortega ","Passifloraceae","Passiflora subpeltata Ortega",2874219,"EXACT",99,"ACCEPTED","SPECIES","Plantae","Tracheophyta","Magnoliopsida","Malpighiales","Passifloraceae","Passiflora","Passiflora subpeltata","Passiflora subpeltata","Ortega","Passiflora subpeltata"
"Understorey","Pel hey","NA","Pel hey","Pellionia heyneana","Pellionia heyneana Wedd.","Urticaceae","Pellionia heyneana Wedd.",4101506,"EXACT",98,"SYNONYM","SPECIES","Plantae","Tracheophyta","Magnoliopsida","Rosales","Urticaceae","Elatostema","Elatostema heyneanum","Pellionia heyneana","Wedd.","Elatostema heyneanum"
"Understorey","Pha sp.","NA","Pha sp.","Phaseolus sp.","Phaseolus sp.","Papilionaceae","Phaseolus L.",2947798,"EDITED",69,"ACCEPTED","GENUS","Plantae","Tracheophyta","Magnoliopsida","Fabales","Fabaceae","Phaseolus",,"Phaseolus",,"Phaseolus"
"Understorey","Phl ver","NA","Phl ver","Phlebophyllum versicolor","Phlebophyllum versicolor (Wight) Bremek.","Acanthaceae","Phlebophyllum versicolor (Wight) Bremek.",5574620,"EXACT",98,"SYNONYM","SPECIES","Plantae","Tracheophyta","Magnoliopsida","Lamiales","Acanthaceae","Strobilanthes","Strobilanthes benthamii","Phlebophyllum versicolor","(Wight) Bremek.","Strobilanthes benthamii"
"Understorey","Pil mel","NA","Pil mel","Pilea melastomoides","Pilea melastomoides (Poir.) Bl.","Urticaceae","Pilea melastomoides (Poir.) Wedd.",5670477,"EXACT",97,"ACCEPTED","SPECIES","Plantae","Tracheophyta","Magnoliopsida","Rosales","Urticaceae","Pilea","Pilea melastomoides","Pilea melastomoides","(Poir.) Wedd.","Pilea melastomoides"
"Understorey","Pre pau","NA","Pre pau","Premna paucinervis","Premna paucinervis (Clarke) Gamble","Verbenaceae","Premna paucinervis (C.B.Clarke) Gamble",3896588,"EXACT",99,"ACCEPTED","SPECIES","Plantae","Tracheophyta","Magnoliopsida","Lamiales","Lamiaceae","Premna","Premna paucinervis","Premna paucinervis","(C.B.Clarke) Gamble","Premna paucinervis"
"Understorey","Psy nig","NA","Psy nig","Psychotria nigra","Psychotria nigra (Gaertn.) Alston","Rubiaceae","Psychotria nigra (Gaertn.) Alston",2923876,"EXACT",99,"ACCEPTED","SPECIES","Plantae","Tracheophyta","Magnoliopsida","Gentianales","Rubiaceae","Psychotria","Psychotria nigra","Psychotria nigra","(Gaertn.) Alston","Psychotria nigra"
"Understorey","Psy sp1","NA","Psy sp1","Psychotria sp.1","Psychotria sp.1","Rubiaceae","Psychotria L.",2919963,"HIGHERRANK",94,"ACCEPTED","GENUS","Plantae","Tracheophyta","Magnoliopsida","Gentianales","Rubiaceae","Psychotria",,"Psychotria","L.","Psychotria"
"Understorey","Psy sp2","NA","Psy sp2","Psychotria sp.2","Psychotria sp.2","Rubiaceae","Psychotria L.",2919963,"HIGHERRANK",94,"ACCEPTED","GENUS","Plantae","Tracheophyta","Magnoliopsida","Gentianales","Rubiaceae","Psychotria",,"Psychotria","L.","Psychotria"
"Understorey","Pte mul","NA","Pte mul","Pteris multiaurita","Pteris multiaurita Ag.","Pteridaceae","Pteris multiaurita J.Agardh",5613696,"EXACT",98,"ACCEPTED","SPECIES","Plantae","Tracheophyta","Polypodiopsida","Polypodiales","Pteridaceae","Pteris","Pteris multiaurita","Pteris multiaurita","J.Agardh","Pteris multiaurita"
"Understorey","Pte pel","NA","Pte pel","Pteris pellucida","Pteris pellucida Presl.","Pteridaceae","Pteris pellucida C.Presl",5614306,"EXACT",97,"ACCEPTED","SPECIES","Plantae","Tracheophyta","Polypodiopsida","Polypodiales","Pteridaceae","Pteris","Pteris pellucida","Pteris pellucida","C.Presl","Pteris pellucida"
"Understorey","Ran sp.","NA","Ran sp.","Ranunculus sp.","Ranunculus sp.","Ranunculaceae","Ranunculus L.",3033294,"HIGHERRANK",94,"ACCEPTED","GENUS","Plantae","Tracheophyta","Magnoliopsida","Ranunculales","Ranunculaceae","Ranunculus",,"Ranunculus","L.","Ranunculus"
"Understorey","Rau den","NA","Rau den","Rauvolfia densiflora","Rauvolfia densiflora (Wall.) Benth. ex Hook.f.","Apocynaceae","Rauvolfia densiflora Warb.",3618121,"EXACT",97,"ACCEPTED","SPECIES","Plantae","Tracheophyta","Magnoliopsida","Gentianales","Apocynaceae","Rauvolfia","Rauvolfia densiflora","Rauvolfia densiflora","Warb.","Rauvolfia densiflora"
"Understorey","Rub niv","NA","Rub niv","Rubus niveus","Rubus niveus Thunb. ","Rosaceae","Rubus niveus Thunb.",2989183,"EXACT",97,"ACCEPTED","SPECIES","Plantae","Tracheophyta","Magnoliopsida","Rosales","Rosaceae","Rubus","Rubus niveus","Rubus niveus","Thunb.","Rubus niveus"
"Understorey","Sap glo","NA","Sap glo","Saprosma glomeratum","Saprosma glomeratum (Gard.) Bedd.","Rubiaceae","Saprosma glomerata (Gardner) Bedd.",8278422,"FUZZY",96,"ACCEPTED","SPECIES","Plantae","Tracheophyta","Magnoliopsida","Gentianales","Rubiaceae","Saprosma","Saprosma glomerata","Saprosma glomerata","(Gardner) Bedd.","Saprosma glomerata"
"Understorey","Sar chl","NA","Sar chl","Sarcandra chloranthoides","Sarcandra chloranthoides Gard. ","Chloranthaceae","Sarcandra chloranthoides Gardn.",3750591,"EXACT",99,"ACCEPTED","SPECIES","Plantae","Tracheophyta","Magnoliopsida","Chloranthales","Chloranthaceae","Sarcandra","Sarcandra chloranthoides","Sarcandra chloranthoides","Gardn.","Sarcandra chloranthoides"
"Understorey","Sar sal","NA","Sar sal","Sarcococca saligna","Sarcococca saligna (D. Don) Muell. Arg.","Buxaceae","Sarcococca saligna (D.Don) Müll.Arg.",3988022,"EXACT",99,"ACCEPTED","SPECIES","Plantae","Tracheophyta","Magnoliopsida","Buxales","Buxaceae","Sarcococca","Sarcococca saligna","Sarcococca saligna","(D.Don) Müll.Arg.","Sarcococca saligna"
"Understorey","Sch vir","NA","Sch vir","Schumannianthus virgatus","Schumannianthus virgatus (Roxb.) Rolfe","Marantaceae","Schumannianthus virgatus (Roxb.) Rolfe",2762452,"EXACT",98,"SYNONYM","SPECIES","Plantae","Tracheophyta","Liliopsida","Zingiberales","Marantaceae","Indianthus","Indianthus virgatus","Schumannianthus virgatus","(Roxb.) Rolfe","Indianthus virgatus"
"Understorey","Scl lit","NA","Scl lit","Scleria lithosperma","Scleria lithosperma (L.) Sw.","Cyperaceae","Scleria lithosperma (L.) Sw.",2712534,"EXACT",98,"ACCEPTED","SPECIES","Plantae","Tracheophyta","Liliopsida","Poales","Cyperaceae","Scleria","Scleria lithosperma","Scleria lithosperma","(L.) Sw.","Scleria lithosperma"
"Understorey","Scu wig","NA","Scu wig","Scutellaria wightiana","Scutellaria wightiana Benth.","Lamiaceae","Scutellaria wightiana Benth.",5607879,"EXACT",99,"ACCEPTED","SPECIES","Plantae","Tracheophyta","Magnoliopsida","Lamiales","Lamiaceae","Scutellaria","Scutellaria wightiana","Scutellaria wightiana","Benth.","Scutellaria wightiana"
"Understorey","Sel ten","NA","Sel ten","Selaginella tenera","Selaginella tenera (Hk.et Grew) Spring","Selaginellaceae","Selaginella tenera (Hook. & Grev.) Spring",7755438,"EXACT",99,"ACCEPTED","SPECIES","Plantae","Tracheophyta","Lycopodiopsida","Selaginellales","Selaginellaceae","Selaginella","Selaginella tenera","Selaginella tenera","(Hook. & Grev.) Spring","Selaginella tenera"
"Understorey","Sid cor","NA","Sid cor","Sida cordata","Sida cordata (Burm.f.) Borssum","Malvaceae","Sida cordata (Burm.fil.) Borss.Waalk.",5406739,"EXACT",99,"ACCEPTED","SPECIES","Plantae","Tracheophyta","Magnoliopsida","Malvales","Malvaceae","Sida","Sida cordata","Sida cordata","(Burm.fil.) Borss.Waalk.","Sida cordata"
"Understorey","Sid rho","NA","Sid rho","Sida rhombifolia","Sida rhombifolia L.","Malvaceae","Sida rhombifolia L.",5406735,"EXACT",99,"ACCEPTED","SPECIES","Plantae","Tracheophyta","Magnoliopsida","Malvales","Malvaceae","Sida","Sida rhombifolia","Sida rhombifolia","L.","Sida rhombifolia"
"Understorey","Sol ang","NA","Sol ang","Solena angulata","Solena angulata (Chakaravarthy) Babu ","Cucurbitaceae","Solena angulata (Chakrav.) M.Bieb. ex Raizada",5536842,"EXACT",97,"SYNONYM","SPECIES","Plantae","Tracheophyta","Magnoliopsida","Cucurbitales","Cucurbitaceae","Solena","Solena amplexicaulis","Solena angulata","(Chakrav.) M.Bieb. ex Raizada","Solena amplexicaulis"
"Understorey","Sol gig","NA","Sol gig","Solanum giganteum","Solanum giganteum Jacq.","Solanaceae","Solanum giganteum Jacq.",2930578,"EXACT",99,"ACCEPTED","SPECIES","Plantae","Tracheophyta","Magnoliopsida","Solanales","Solanaceae","Solanum","Solanum giganteum","Solanum giganteum","Jacq.","Solanum giganteum"
"Understorey","Sol mel","NA","Sol mel","Solanum melongena","Solanum melongena L. var. insanum (L) Prain","Solanaceae","Solanum melongena L.",2930617,"EXACT",97,"ACCEPTED","SPECIES","Plantae","Tracheophyta","Magnoliopsida","Solanales","Solanaceae","Solanum","Solanum melongena","Solanum melongena","L.","Solanum melongena"
"Understorey","Sol tor","NA","Sol tor","Solanum torvum","Solanum torvum Sw.","Solanaceae","Solanum torvum Sw.",2932389,"EXACT",97,"ACCEPTED","SPECIES","Plantae","Tracheophyta","Magnoliopsida","Solanales","Solanaceae","Solanum","Solanum torvum","Solanum torvum","Sw.","Solanum torvum"
"Understorey","Sta spi","NA","Sta spi","Stachyphrynium spicatum","Stachyphrynium spicatum K. Schum.","Marantaceae","Stachyphrynium spicatum (Roxb.) K.Schum.",2762378,"EXACT",99,"ACCEPTED","SPECIES","Plantae","Tracheophyta","Liliopsida","Zingiberales","Marantaceae","Stachyphrynium","Stachyphrynium spicatum","Stachyphrynium spicatum","(Roxb.) K.Schum.","Stachyphrynium spicatum"
"Understorey","Sta zey","NA","Sta zey","Staurogyne zeylanica","Staurogyne zeylanica (Nees) Kuntze","Acanthaceae","Staurogyne zeylanica (Nees) Kuntze",3772938,"EXACT",99,"ACCEPTED","SPECIES","Plantae","Tracheophyta","Magnoliopsida","Lamiales","Acanthaceae","Staurogyne","Staurogyne zeylanica","Staurogyne zeylanica","(Nees) Kuntze","Staurogyne zeylanica"
"Understorey","Ste jap","NA","Ste jap","Stephania japonica","Stephania japonica (Thunb.) Miers","Menispermaceae","Stephania japonica (Thunb.) Miers",7268792,"EXACT",99,"ACCEPTED","SPECIES","Plantae","Tracheophyta","Magnoliopsida","Ranunculales","Menispermaceae","Stephania","Stephania japonica","Stephania japonica","(Thunb.) Miers","Stephania japonica"
"Understorey","Ste wig","NA","Ste wig","Stenosiphonium wightii","Stenosiphonium wightii Bremek.","Acanthaceae","Stenosiphonium wightii Bremek.",3770942,"EXACT",98,"SYNONYM","SPECIES","Plantae","Tracheophyta","Magnoliopsida","Lamiales","Acanthaceae","Strobilanthes","Strobilanthes wightii","Stenosiphonium wightii","Bremek.","Strobilanthes wightii"
"Understorey","Str cau","NA","Str cau","Strobilanthes caudatus","Strobilanthes caudatus T. And.","Acanthaceae","Strobilanthes caudata T.Anderson",3781701,"FUZZY",96,"ACCEPTED","SPECIES","Plantae","Tracheophyta","Magnoliopsida","Lamiales","Acanthaceae","Strobilanthes","Strobilanthes caudata","Strobilanthes caudata","T.Anderson","Strobilanthes caudata"
"Understorey","Str sp.","NA","Str sp.","Strobilanthes sp.","Strobilanthes sp.","Str sp.","Strobilanthes Blume",6359394,"HIGHERRANK",94,"ACCEPTED","GENUS","Plantae","Tracheophyta","Magnoliopsida","Lamiales","Acanthaceae","Strobilanthes",,"Strobilanthes","Blume","Strobilanthes"
"Understorey","Tab gam","NA","Tab gam","Tabernaemontana gamblei","Tabernaemontana gamblei Subram. & Henry ","Apocynaceae","Tabernaemontana gamblei Subraman. & A.N.Henry",3617408,"EXACT",99,"ACCEPTED","SPECIES","Plantae","Tracheophyta","Magnoliopsida","Gentianales","Apocynaceae","Tabernaemontana","Tabernaemontana gamblei","Tabernaemontana gamblei","Subraman. & A.N.Henry","Tabernaemontana gamblei"
"Understorey","Tai bic","NA","Tai bic","Tainia bicornis","Tainia bicornis (Lindl.) Reichb.f.","Orchidaceae","Tainia bicornis (Lindl.) Rchb.f.",2781296,"EXACT",99,"ACCEPTED","SPECIES","Plantae","Tracheophyta","Liliopsida","Asparagales","Orchidaceae","Tainia","Tainia bicornis","Tainia bicornis","(Lindl.) Rchb.f.","Tainia bicornis"
"Understorey","Tec sp.","NA","Tec sp.","Tectaria sp.","Tectaria sp.","Dryopteridaceae","Tectaria Cav.",2651193,"HIGHERRANK",92,"ACCEPTED","GENUS","Plantae","Tracheophyta","Polypodiopsida","Polypodiales","Tectariaceae","Tectaria",,"Tectaria","Cav.","Tectaria"
"Understorey","Tho sil","NA","Tho sil","Thottea siliquosa","Thottea siliquosa (Lam.) Ding Hou ","Aristolochiaceae","Thottea siliquosa (Lam.) Ding Hou",3588512,"EXACT",97,"ACCEPTED","SPECIES","Plantae","Tracheophyta","Magnoliopsida","Piperales","Aristolochiaceae","Thottea","Thottea siliquosa","Thottea siliquosa","(Lam.) Ding Hou","Thottea siliquosa"
"Understorey","Tit div","NA","Tit div","Tithonia diversifolia","Tithonia diversifolia (Hemsl.) A. Gray","Asteraceae","Tithonia diversifolia (Hemsl.) A.Gray",5396557,"EXACT",99,"ACCEPTED","SPECIES","Plantae","Tracheophyta","Magnoliopsida","Asterales","Asteraceae","Tithonia","Tithonia diversifolia","Tithonia diversifolia","(Hemsl.) A.Gray","Tithonia diversifolia"
"Understorey","Tri cil","NA","Tri cil","Trigonospora ciliata","Trigonospora ciliata (Benth.) Holtt. ","Thelypteridaceae","Trigonospora ciliata (Wall. ex Benth.) Holttum",7160074,"EXACT",98,"SYNONYM","SPECIES","Plantae","Tracheophyta","Polypodiopsida","Polypodiales","Thelypteridaceae","Trigonospora","Trigonospora tenera","Trigonospora ciliata","(Wall. ex Benth.) Holttum","Trigonospora tenera"
"Understorey","Tro ang","NA","Tro ang","Tropidia angulosa","Tropidia angulosa (Lindl.) Bl.","Orchidaceae","Tropidia angulosa (Lindl.) Blume",5310235,"EXACT",99,"ACCEPTED","SPECIES","Plantae","Tracheophyta","Liliopsida","Asparagales","Orchidaceae","Tropidia","Tropidia angulosa","Tropidia angulosa","(Lindl.) Blume","Tropidia angulosa"
"Understorey","Ure lob","NA","Ure lob","Urena lobata","Urena lobata L.","Malvaceae","Urena lobata L.",3152253,"EXACT",99,"ACCEPTED","SPECIES","Plantae","Tracheophyta","Magnoliopsida","Malvales","Malvaceae","Urena","Urena lobata","Urena lobata","L.","Urena lobata"
"Understorey","Vig umb","NA","Vig umb","Vigna umbellata","Vigna umbellata (Thunb.) Ohwi & Ohashi","Papilionaceae","Vigna umbellata (Thunb.) Ohwi & H.Ohashi",2982753,"EXACT",99,"ACCEPTED","SPECIES","Plantae","Tracheophyta","Magnoliopsida","Fabales","Fabaceae","Vigna","Vigna umbellata","Vigna umbellata","(Thunb.) Ohwi & H.Ohashi","Vigna umbellata"
"Understorey","Xen pul","NA","Xen pul","Xenacanthus pulneyensis","Xenacanthus pulneyensis (Clarke) Bremek.","Acanthaceae","Xenacanthus pulneyensis (C.B.Clarke) Bremek.",5573334,"EXACT",98,"SYNONYM","SPECIES","Plantae","Tracheophyta","Magnoliopsida","Lamiales","Acanthaceae","Strobilanthes","Strobilanthes pulneyensis","Xenacanthus pulneyensis","(C.B.Clarke) Bremek.","Strobilanthes pulneyensis"
"Understorey","Zin wig","NA","Zin wig","Zingiber wightianum","Zingiber wightianum Thw. ","Zingiberaceae","Zingiber wightianum Thwaites",2757059,"EXACT",99,"ACCEPTED","SPECIES","Plantae","Tracheophyta","Liliopsida","Zingiberales","Zingiberaceae","Zingiber","Zingiber wightianum","Zingiber wightianum","Thwaites","Zingiber wightianum"
"Understorey","Zin zer","NA","Zin zer","Zingiber zerumbet","Zingiber zerumbet (L.) J.E. Smith","Zingiberaceae","Zingiber zerumbet (L.) Roscoe ex Sm.",2757108,"EXACT",97,"ACCEPTED","SPECIES","Plantae","Tracheophyta","Liliopsida","Zingiberales","Zingiberaceae","Zingiber","Zingiber zerumbet","Zingiber zerumbet","(L.) Roscoe ex Sm.","Zingiber zerumbet"
"liana","Aga cym","NA","Aga cym","Aganosma cymosa","Aganosma cymosa (Roxb.) G.Don","Apocynaceae","Aganosma cymosa (Roxb.) G.Don",3619029,"EXACT",99,"ACCEPTED","SPECIES","Plantae","Tracheophyta","Magnoliopsida","Gentianales","Apocynaceae","Aganosma","Aganosma cymosa","Aganosma cymosa","(Roxb.) G.Don","Aganosma cymosa"
"liana","All con","NA","All con","Allophylus concanicus","Allophylus concanicus Radlk.","Sapindaceae","Allophylus concanicus Radlk.",5577784,"EXACT",99,"ACCEPTED","SPECIES","Plantae","Tracheophyta","Magnoliopsida","Sapindales","Sapindaceae","Allophylus","Allophylus concanicus","Allophylus concanicus","Radlk.","Allophylus concanicus"
"liana","All ser","NA","All ser","Allophylus serratus","Allophylus serratus (Roxb.) Kurz","Sapindaceae","Allophylus serratus (Roxb.) Kurz",5576967,"EXACT",99,"ACCEPTED","SPECIES","Plantae","Tracheophyta","Magnoliopsida","Sapindales","Sapindaceae","Allophylus","Allophylus serratus","Allophylus serratus","(Roxb.) Kurz","Allophylus serratus"
"liana","Amp eri","NA","Amp eri","Ampelocissus eriocladus","Ampelocissus eriocladus (Wight & Arn.) Planch.","Vitaceae","Ampelocissus eriocladus (Wight & Arn.) Planch.",4053966,"EXACT",98,"SYNONYM","SPECIES","Plantae","Tracheophyta","Magnoliopsida","Vitales","Vitaceae","Ampelocissus","Ampelocissus wightiana","Ampelocissus eriocladus","(Wight & Arn.) Planch.","Ampelocissus wightiana"
"liana","Anc hey","NA","Anc hey","Ancistrocladus heyneanus","Ancistrocladus heyneanus Wall. ex Graham","Ancistrocladaceae","Ancistrocladus heyneanus Wall.",3658991,"EXACT",98,"ACCEPTED","SPECIES","Plantae","Tracheophyta","Magnoliopsida","Caryophyllales","Ancistrocladaceae","Ancistrocladus","Ancistrocladus heyneanus","Ancistrocladus heyneanus","Wall.","Ancistrocladus heyneanus"
"liana","Art zey","NA","Art zey","Artabotrys zeylanicus","Artabotrys zeylanicus Hook.f. & Thoms.","Annonaceae","Artabotrys zeylanicus Hook.f. & Thomson",3154951,"EXACT",99,"ACCEPTED","SPECIES","Plantae","Tracheophyta","Magnoliopsida","Magnoliales","Annonaceae","Artabotrys","Artabotrys zeylanicus","Artabotrys zeylanicus","Hook.f. & Thomson","Artabotrys zeylanicus"
"liana","Bra wal","NA","Bra wal","Bragantia wallichii","Bragantia wallichii Br.","Aristolochiaceae","Bragantia wallichii R.Br.",5528045,"EDITED",114,"SYNONYM","SPECIES","Plantae","Tracheophyta","Magnoliopsida","Piperales","Aristolochiaceae","Thottea","Thottea duchartrei","Bragantia wallichii",,"Thottea duchartrei"
"liana","Cal gam","NA","Cal gam","Calamus gamblei","Calamus gamblei Becc.ex Becc. & Hook.f.","Arecaceae","Calamus gamblei Becc.",5294182,"EXACT",99,"ACCEPTED","SPECIES","Plantae","Tracheophyta","Liliopsida","Arecales","Arecaceae","Calamus","Calamus gamblei","Calamus gamblei","Becc.","Calamus gamblei"
"liana","Cal pse","NA","Cal pse","Calamus pseudo-tenuis","Calamus pseudo-tenuis Beccari ex Beccari & Hook. f.","Arecaceae","Calamus pseudotenuis Becc.",5293997,"EDITED",,"ACCEPTED","SPECIES","Plantae","Tracheophyta","Liliopsida","Arecales","Arecaceae","Calamus","Calamus pseudotenuis","Calamus pseudotenuis","Becc.","Calamus pseudotenuis"
"liana","Can ang","NA","Can ang","Canthium angustifolium","Canthium angustifolium Roxb.","Rubiaceae","Canthium angustifolium Roxb.",2917470,"EXACT",99,"ACCEPTED","SPECIES","Plantae","Tracheophyta","Magnoliopsida","Gentianales","Rubiaceae","Canthium","Canthium angustifolium","Canthium angustifolium","Roxb.","Canthium angustifolium"
"liana","Can rhe","NA","Can rhe","Canthium rheedii","Canthium rheedii DC.","Rubiaceae","Canthium rheedei DC.",2917527,"FUZZY",96,"ACCEPTED","SPECIES","Plantae","Tracheophyta","Magnoliopsida","Gentianales","Rubiaceae","Canthium","Canthium rheedei","Canthium rheedei","DC.","Canthium rheedei"
"liana","Cap moo","NA","Cap moo","Capparis moonii","Capparis moonii Wight","Capparaceae","Capparis moonii Wight",5601822,"EXACT",99,"ACCEPTED","SPECIES","Plantae","Tracheophyta","Magnoliopsida","Brassicales","Capparaceae","Capparis","Capparis moonii","Capparis moonii","Wight","Capparis moonii"
"liana","Car ine","NA","Car ine","Carissa inermis","Carissa inermis Vahl","Apocynaceae","Carissa inermis Vahl",5536425,"EXACT",99,"ACCEPTED","SPECIES","Plantae","Tracheophyta","Magnoliopsida","Gentianales","Apocynaceae","Carissa","Carissa inermis","Carissa inermis","Vahl","Carissa inermis"
"liana","Cay ped","NA","Cay ped","Cayratia pedata","Cayratia pedata (Lam.) Juss. ex Gagnep.","Vitaceae","Cayratia pedata (Wall.) Gagnep.",4054403,"EXACT",98,"ACCEPTED","SPECIES","Plantae","Tracheophyta","Magnoliopsida","Vitales","Vitaceae","Cayratia","Cayratia pedata","Cayratia pedata","(Wall.) Gagnep.","Cayratia pedata"
"liana","Cel pan","NA","Cel pan","Celastrus paniculatus","Celastrus paniculatus Willd.","Celastraceae","Celastrus paniculatus Willd.",7265565,"EXACT",99,"ACCEPTED","SPECIES","Plantae","Tracheophyta","Magnoliopsida","Celastrales","Celastraceae","Celastrus","Celastrus paniculatus","Celastrus paniculatus","Willd.","Celastrus paniculatus"
"liana","Chi atr","NA","Chi atr","Chilocarpus atrovirens","Chilocarpus atrovirens (G.Don) Bl.","Apocynaceae","Chilocarpus atroviridis (G.Don) Blume",3617535,"EDITED",,"SYNONYM","SPECIES","Plantae","Tracheophyta","Magnoliopsida","Gentianales","Apocynaceae","Chilocarpus","Chilocarpus denudatus","Chilocarpus atroviridis","(G.Don) Blume","Chilocarpus denudatus"
"liana","Com lat","NA","Com lat","Combretum latifolium","Combretum latifolium Bl.","Combretaceae","Combretum latifolium Blume",8344668,"EXACT",98,"ACCEPTED","SPECIES","Plantae","Tracheophyta","Magnoliopsida","Myrtales","Combretaceae","Combretum","Combretum latifolium","Combretum latifolium","Blume","Combretum latifolium"
"liana","Con scl","NA","Con scl","Connarus sclerocarpus","Connarus  sclerocarpus (Wight & Arn.) Schellenb.","Connaraceae","Connarus sclerocarpus (Wight & Arn.) Schellenb.",3687221,"EXACT",99,"ACCEPTED","SPECIES","Plantae","Tracheophyta","Magnoliopsida","Oxalidales","Connaraceae","Connarus","Connarus sclerocarpus","Connarus sclerocarpus","(Wight & Arn.) Schellenb.","Connarus sclerocarpus"
"liana","Cos rac","NA","Cos rac","Cosmostigma racemosum","Cosmostigma racemosum (Roxb.) Wight ","Asclepiadaceae","Cosmostigma racemosum (Roxb.) Wight",8006096,"EXACT",99,"ACCEPTED","SPECIES","Plantae","Tracheophyta","Magnoliopsida","Gentianales","Apocynaceae","Cosmostigma","Cosmostigma racemosum","Cosmostigma racemosum","(Roxb.) Wight","Cosmostigma racemosum"
"liana","Cro cau","NA","Cro cau","Croton caudatus","Croton caudatus Geiseler","Euphorbiaceae","Croton caudatus Geiseler",3057531,"EXACT",99,"ACCEPTED","SPECIES","Plantae","Tracheophyta","Magnoliopsida","Malpighiales","Euphorbiaceae","Croton","Croton caudatus","Croton caudatus","Geiseler","Croton caudatus"
"liana","Der ben","NA","Der ben","Derris benthamii","Derris benthamii var. benthamii (Thw.) Thw.","Papilionaceae","Derris benthamii (Thwaites) Thwaites",5350265,"EXACT",99,"ACCEPTED","SPECIES","Plantae","Tracheophyta","Magnoliopsida","Fabales","Fabaceae","Derris","Derris benthamii","Derris benthamii","(Thwaites) Thwaites","Derris benthamii"
"liana","Der bre","NA","Der bre","Derris brevipes","Derris brevipes (Benth.) Baker","Papilionaceae","Derris brevipes (Benth.) Baker",5350326,"EXACT",99,"ACCEPTED","SPECIES","Plantae","Tracheophyta","Magnoliopsida","Fabales","Fabaceae","Derris","Derris brevipes","Derris brevipes","(Benth.) Baker","Derris brevipes"
"liana","Der tri","NA","Der tri","Derris trifoliata","Derris trifoliata Lour.","Papilionaceae","Derris trifoliata Lour.",5350336,"EXACT",99,"ACCEPTED","SPECIES","Plantae","Tracheophyta","Magnoliopsida","Fabales","Fabaceae","Derris","Derris trifoliata","Derris trifoliata","Lour.","Derris trifoliata"
"liana","Ehr can","NA","Ehr can","Ehretia canarensis","Ehretia canarensis (Clarke) Gamble","Boraginaceae","Ehretia canarensis Miq. ex C.B.Clarke",4066978,"EXACT",97,"SYNONYM","SPECIES","Plantae","Tracheophyta","Magnoliopsida","Boraginales","Ehretiaceae","Ehretia","Ehretia laevis","Ehretia canarensis","Miq. ex C.B.Clarke","Ehretia laevis"
"liana","Ela con","NA","Ela con","Elaeagnus conferta","Elaeagnus conferta Roxb. ","Elaeagnaceae","Elaeagnus conferta Roxb.",7293128,"EXACT",99,"ACCEPTED","SPECIES","Plantae","Tracheophyta","Magnoliopsida","Rosales","Elaeagnaceae","Elaeagnus","Elaeagnus conferta","Elaeagnus conferta","Roxb.","Elaeagnus conferta"
"liana","Emb bas","NA","Emb bas","Embelia basaal","Embelia basaal A.DC. ","Myrsinaceae","Embelia basaal A.DC.",7331026,"EXACT",98,"SYNONYM","SPECIES","Plantae","Tracheophyta","Magnoliopsida","Ericales","Primulaceae","Embelia","Embelia tsjeriam-cottam","Embelia basaal","A.DC.","Embelia tsjeriam-cottam"
"liana","Ery pan","NA","Ery pan","Erycibe paniculata","Erycibe paniculata Roxb.","Convolvulaceae","Erycibe paniculata Roxb.",7324227,"EXACT",99,"ACCEPTED","SPECIES","Plantae","Tracheophyta","Magnoliopsida","Solanales","Convolvulaceae","Erycibe","Erycibe paniculata","Erycibe paniculata","Roxb.","Erycibe paniculata"
"liana","Ery pop","NA","Ery pop","Erythropalum populifolium","Erythropalum populifolium (Arn.) Mast.","Erythropalaceae","Erythropalum populifolium Mast.",3685997,"EXACT",98,"SYNONYM","SPECIES","Plantae","Tracheophyta","Magnoliopsida","Santalales","Erythropalaceae","Erythropalum","Erythropalum scandens","Erythropalum populifolium","Mast.","Erythropalum scandens"
"liana","Gne ula","NA","Gne ula","Gnetum ula","Gnetum ula Brongn.","Gnetaceae","Gnetum ula Brongn.",2653157,"EXACT",97,"SYNONYM","SPECIES","Plantae","Tracheophyta","Gnetopsida","Gnetales","Gnetaceae","Gnetum","Gnetum edule","Gnetum ula","Brongn.","Gnetum edule"
"liana","Gre rha","NA","Gre rha","Grewia rhamnifolia","Grewia rhamnifolia Heyne ex Roth","Tiliaceae","Grewia rhamnifolia B.Heyne ex Roth",4260718,"EXACT",97,"ACCEPTED","SPECIES","Plantae","Tracheophyta","Magnoliopsida","Malvales","Malvaceae","Grewia","Grewia rhamnifolia","Grewia rhamnifolia","B.Heyne ex Roth","Grewia rhamnifolia"
"liana","Hip ben","NA","Hip ben","Hiptage benghalensis","Hiptage benghalensis (L.) Kurz","Malpighiaceae","Hiptage benghalensis (L.) Kurz",3191302,"EXACT",98,"ACCEPTED","SPECIES","Plantae","Tracheophyta","Magnoliopsida","Malpighiales","Malpighiaceae","Hiptage","Hiptage benghalensis","Hiptage benghalensis","(L.) Kurz","Hiptage benghalensis"
"liana","Hip bou","NA","Hip bou","Hippocratea bourdillonii","Hippocratea bourdillonii Gamble","Hippocrateaceae","Hippocratea bourdillonii Gamble",10912535,"EXACT",98,"SYNONYM","SPECIES","Plantae","Tracheophyta","Magnoliopsida","Celastrales","Celastraceae","Loeseneriella","Loeseneriella bourdillonii","Hippocratea bourdillonii","Gamble","Loeseneriella bourdillonii"
"liana","Jas azo","NA","Jas azo","Jasminum azoricum","Jasminum azoricum L.","Oleaceae","Jasminum azoricum L.",3172271,"EXACT",97,"ACCEPTED","SPECIES","Plantae","Tracheophyta","Magnoliopsida","Lamiales","Oleaceae","Jasminum","Jasminum azoricum","Jasminum azoricum","L.","Jasminum azoricum"
"liana","Jas rot","NA","Jas rot","Jasminum rottlerianum","Jasminum rottlerianum Wall. ex A.DC.","Oleaceae","Jasminum rottlerianum Wall., 1831",3682295,"EXACT",97,"ACCEPTED","SPECIES","Plantae","Tracheophyta","Magnoliopsida","Lamiales","Oleaceae","Jasminum","Jasminum rottlerianum","Jasminum rottlerianum","Wall., 1831","Jasminum rottlerianum"
"liana","Jas sca","NA","Jas sca","Jasminum scandens","Jasminum scandens Vahl","Oleaceae","Jasminum scandens (Retz.) Vahl",3682207,"EXACT",97,"ACCEPTED","SPECIES","Plantae","Tracheophyta","Magnoliopsida","Lamiales","Oleaceae","Jasminum","Jasminum scandens","Jasminum scandens","(Retz.) Vahl","Jasminum scandens"
"liana","Kun ker","NA","Kun ker","Kunstleria keralense","Kunstleria keralense Mohanan & Nair","Papilionaceae","Kunstleria keralensis C.N.Mohanan & N.C.Nair",5354472,"FUZZY",93,"ACCEPTED","SPECIES","Plantae","Tracheophyta","Magnoliopsida","Fabales","Fabaceae","Kunstleria","Kunstleria keralensis","Kunstleria keralensis","C.N.Mohanan & N.C.Nair","Kunstleria keralensis"
"liana","Luv sar","NA","Luv sar","Luvunga sarmentosa","Luvunga sarmentosa (Blume) Kurz","Rutaceae","Luvunga sarmentosa (Blume) Kurz",3834748,"EXACT",99,"ACCEPTED","SPECIES","Plantae","Tracheophyta","Magnoliopsida","Sapindales","Rutaceae","Luvunga","Luvunga sarmentosa","Luvunga sarmentosa","(Blume) Kurz","Luvunga sarmentosa"
"liana","Mez cuc","NA","Mez cuc","Mezoneuron cucullatum","Mezoneuron cucullatum (Roxb.) Wight & Arn.","Caesalpiniaceae","Mezoneuron cucullatum (Roxb.) Wight & Arn.",5354740,"EXACT",99,"ACCEPTED","SPECIES","Plantae","Tracheophyta","Magnoliopsida","Fabales","Fabaceae","Mezoneuron","Mezoneuron cucullatum","Mezoneuron cucullatum","(Roxb.) Wight & Arn.","Mezoneuron cucullatum"
"liana","Mus bel","NA","Mus bel","Mussaenda belilla","Mussaenda belilla Buch.-Ham.","Rubiaceae","Mussaenda belilla Buch.-Ham.",2892481,"EXACT",98,"SYNONYM","SPECIES","Plantae","Tracheophyta","Magnoliopsida","Gentianales","Rubiaceae","Mussaenda","Mussaenda frondosa","Mussaenda belilla","Buch.-Ham.","Mussaenda frondosa"
"liana","Myx ser","NA","Myx ser","Myxopyrum serratulum","Myxopyrum serratulum A.W. Hill","Oleaceae","Myxopyrum serratulum A.W.Hill",3684134,"EXACT",98,"SYNONYM","SPECIES","Plantae","Tracheophyta","Magnoliopsida","Lamiales","Oleaceae","Myxopyrum","Myxopyrum smilacifolium","Myxopyrum serratulum","A.W.Hill","Myxopyrum smilacifolium"
"liana","Noliana","NA","Noliana","NA","NA","NA","NA","NA","NONE",100,"NA","NA","NA","NA","NA","NA","NA","NA","NA","NA","NA","NA"
"liana","Ola sca","NA","Ola sca","Olax scandens","Olax scandens Roxb.","Olacaceae","Olax scandens Roxb.",3686095,"EXACT",98,"SYNONYM","SPECIES","Plantae","Tracheophyta","Magnoliopsida","Santalales","Olacaceae","Olax","Olax psittacorum","Olax scandens","Roxb.","Olax psittacorum"
"liana","Opi ame","NA","Opi ame","Opilia amentacea","Opilia amentacea Roxb.","Ophiliaceae","Opilia amentacea Roxb.",3658866,"EXACT",97,"ACCEPTED","SPECIES","Plantae","Tracheophyta","Magnoliopsida","Santalales","Opiliaceae","Opilia","Opilia amentacea","Opilia amentacea","Roxb.","Opilia amentacea"
"liana","Par alb","NA","Par alb","Parsonsia alboflavescens","Parsonsia alboflavescens (Dennst.) Mabberley ","Apocynaceae","Parsonsia alboflavescens (Dennst.) Mabb.",7317262,"EXACT",99,"ACCEPTED","SPECIES","Plantae","Tracheophyta","Magnoliopsida","Gentianales","Apocynaceae","Parsonsia","Parsonsia alboflavescens","Parsonsia alboflavescens","(Dennst.) Mabb.","Parsonsia alboflavescens"
"liana","Pip bra","NA","Pip bra","Piper brachystachyum","Piper brachystachyum Wall.","Piperaceae","Piper brachystachyum Wall.",4188155,"EDITED",114,"SYNONYM","SPECIES","Plantae","Tracheophyta","Magnoliopsida","Piperales","Piperaceae","Piper","Piper mullesua","Piper brachystachyum",,"Piper mullesua"
"liana","Pip mul","NA","Pip mul","Piper mullesua","Piper mullesua Buch.-Ham.ex D. Don","Piperaceae","Piper mullesua Buch.-Ham. ex D.Don",8023840,"EXACT",97,"ACCEPTED","SPECIES","Plantae","Tracheophyta","Magnoliopsida","Piperales","Piperaceae","Piper","Piper mullesua","Piper mullesua","Buch.-Ham. ex D.Don","Piper mullesua"
"liana","Pip nig","NA","Pip nig","Piper nigrum","Piper nigrum L.","Piperaceae","Piper nigrum L.",3086357,"EXACT",97,"ACCEPTED","SPECIES","Plantae","Tracheophyta","Magnoliopsida","Piperales","Piperaceae","Piper","Piper nigrum","Piper nigrum","L.","Piper nigrum"
"liana","Pol chi","NA","Pol chi","Polygonum chinense","Polygonum chinense L.","Polygonaceae","Polygonum chinense L.",5334425,"EDITED",114,"SYNONYM","SPECIES","Plantae","Tracheophyta","Magnoliopsida","Caryophyllales","Polygonaceae","Persicaria","Persicaria chinensis","Polygonum chinense",,"Persicaria chinensis"
"liana","Pse spe","NA","Pse spe","Pseudaidia speciosa","Pseudaidia speciosa (Bedd.) Tirveng.","Rubiaceae","Pseudaidia speciosa (Bedd.) Tirveng.",2907656,"EXACT",99,"ACCEPTED","SPECIES","Plantae","Tracheophyta","Magnoliopsida","Gentianales","Rubiaceae","Pseudaidia","Pseudaidia speciosa","Pseudaidia speciosa","(Bedd.) Tirveng.","Pseudaidia speciosa"
"liana","Rap lac","NA","Rap lac","Rhaphidophora laciniata","Rhaphidophora laciniata (Burm.f.) Men.","Araceae","Rhaphidophora laciniata (Burm.f.) Merr.",5330257,"EXACT",98,"SYNONYM","SPECIES","Plantae","Tracheophyta","Liliopsida","Alismatales","Araceae","Epipremnum","Epipremnum pinnatum","Rhaphidophora laciniata","(Burm.f.) Merr.","Epipremnum pinnatum"
"liana","Rou min","NA","Rou min","Rourea minor","Rourea minor (Gaertn.) Alston ","Connaraceae","Rourea minor (Gaertn.) Alston",7780480,"EXACT",97,"ACCEPTED","SPECIES","Plantae","Tracheophyta","Magnoliopsida","Oxalidales","Connaraceae","Rourea","Rourea minor","Rourea minor","(Gaertn.) Alston","Rourea minor"
"liana","Rub ell","NA","Rub ell","Rubus ellipticus","Rubus ellipticus Smith ","Rosaceae","Rubus ellipticus Sm.",2991314,"EXACT",98,"ACCEPTED","SPECIES","Plantae","Tracheophyta","Magnoliopsida","Rosales","Rosaceae","Rubus","Rubus ellipticus","Rubus ellipticus","Sm.","Rubus ellipticus"
"liana","Rub mic","NA","Rub mic","Rubus micropetalus","Rubus micropetalus Gard.","Rosaceae","Rubus micropetalus Gardner",2995436,"EXACT",98,"ACCEPTED","SPECIES","Plantae","Tracheophyta","Magnoliopsida","Rosales","Rosaceae","Rubus","Rubus micropetalus","Rubus micropetalus","Gardner","Rubus micropetalus"
"liana","Sal chi","NA","Sal chi","Salacia chinensis","Salacia chinensis L.","Hippocrateaceae","Salacia chinensis L.",5414293,"EXACT",99,"ACCEPTED","SPECIES","Plantae","Tracheophyta","Magnoliopsida","Celastrales","Celastraceae","Salacia","Salacia chinensis","Salacia chinensis","L.","Salacia chinensis"
"liana","Sal mal","NA","Sal mal","Salacia malabarica","Salacia malabarica Gamble","Hippocrateaceae","Salacia malabarica Gamble",5580318,"EXACT",99,"ACCEPTED","SPECIES","Plantae","Tracheophyta","Magnoliopsida","Celastrales","Celastraceae","Salacia","Salacia malabarica","Salacia malabarica","Gamble","Salacia malabarica"
"liana","Sal sp.","NA","Sal sp.","Salacia sp.","Salacia sp.","Hippocrateaceae","Salacia L.",3169160,"EDITED",69,"ACCEPTED","GENUS","Plantae","Tracheophyta","Magnoliopsida","Celastrales","Celastraceae","Salacia",,"Salacia",,"Salacia"
"liana","Sar kle","NA","Sar kle","Sarcostigma kleinii","Sarcostigma kleinii Wight & Arn.","Icacinaceae","Sarcostigma kleinii Wight & Arn.",3597414,"EXACT",99,"ACCEPTED","SPECIES","Plantae","Tracheophyta","Magnoliopsida","Icacinales","Icacinaceae","Sarcostigma","Sarcostigma kleinii","Sarcostigma kleinii","Wight & Arn.","Sarcostigma kleinii"
"liana","Smi per","NA","Smi per","Smilax perfoliata","Smilax perfoliata Lour.","Smilacaceae","Smilax perfoliata Lour.",5295267,"EXACT",97,"ACCEPTED","SPECIES","Plantae","Tracheophyta","Liliopsida","Liliales","Smilacaceae","Smilax","Smilax perfoliata","Smilax perfoliata","Lour.","Smilax perfoliata"
"liana","Str van","NA","Str van","Strychnos vanprukii","Strychnos vanprukii Craib ","Loganiaceae","Strychnos vanprukii Craib",7289431,"EXACT",99,"ACCEPTED","SPECIES","Plantae","Tracheophyta","Magnoliopsida","Gentianales","Loganiaceae","Strychnos","Strychnos vanprukii","Strychnos vanprukii","Craib","Strychnos vanprukii"
"liana","Tet sul","NA","Tet sul","Tetrastigma sulcatum","Tetrastigma sulcatum (Lawson) Gamble","Vitaceae","Tetrastigma sulcatum (M.A.Lawson) Gamble",5659159,"EXACT",99,"ACCEPTED","SPECIES","Plantae","Tracheophyta","Magnoliopsida","Vitales","Vitaceae","Tetrastigma","Tetrastigma sulcatum","Tetrastigma sulcatum","(M.A.Lawson) Gamble","Tetrastigma sulcatum"
"liana","Tod asi","NA","Tod asi","Toddalia asiatica","Toddalia asiatica (L.) Lam.","Rutaceae","Toddalia asiatica (L.) Lam.",7896627,"EXACT",98,"SYNONYM","SPECIES","Plantae","Tracheophyta","Magnoliopsida","Sapindales","Rutaceae","Zanthoxylum","Zanthoxylum asiaticum","Toddalia asiatica","(L.) Lam.","Zanthoxylum asiaticum"
"liana","Ven mad","NA","Ven mad","Ventilago madraspatana","Ventilago madraspatana Gaertn.","Rhamnaceae","Ventilago madraspatana Gaertn.",4928549,"EXACT",99,"ACCEPTED","SPECIES","Plantae","Tracheophyta","Magnoliopsida","Rosales","Rhamnaceae","Ventilago","Ventilago madraspatana","Ventilago madraspatana","Gaertn.","Ventilago madraspatana"
"liana","Zan ova","NA","Zan ova","Zanthoxylum ovalifolium","Zanthoxylum ovalifolium Wight","Rutaceae","Zanthoxylum ovalifolium Wight",7269328,"EXACT",98,"ACCEPTED","SPECIES","Plantae","Tracheophyta","Magnoliopsida","Sapindales","Rutaceae","Zanthoxylum","Zanthoxylum ovalifolium","Zanthoxylum ovalifolium","Wight","Zanthoxylum ovalifolium"
"treeregen","Acr ped","Acr ped","Acr ped","Acronychia pedunculata","Acronychia pedunculata (L.) Miq. ","Rutaceae","Acronychia pedunculata (L.) Miq.",3836457,"EXACT",99,"ACCEPTED","SPECIES","Plantae","Tracheophyta","Magnoliopsida","Sapindales","Rutaceae","Acronychia","Acronychia pedunculata","Acronychia pedunculata","(L.) Miq.","Acronychia pedunculata"
"treeregen","Act ang","Act gul","Act gul","Actinodaphne gullavara","Actinodaphne angustifolia Nees","Lauraceae","Actinodaphne gullavara (Buch.-Ham. ex Nees) M.R.Almeida",8320462,"EXACT",99,"ACCEPTED","SPECIES","Plantae","Tracheophyta","Magnoliopsida","Laurales","Lauraceae","Actinodaphne","Actinodaphne gullavara","Actinodaphne gullavara","(Buch.-Ham. ex Nees) M.R.Almeida","Actinodaphne gullavara"
"treeregen","Act bou","Act bou","Act bou","Actinodaphne bourdillonii","Actinodaphne bourdillonii Gamble","Lauraceae","Actinodaphne bourdillonii Gamble",4178168,"EXACT",99,"ACCEPTED","SPECIES","Plantae","Tracheophyta","Magnoliopsida","Laurales","Lauraceae","Actinodaphne","Actinodaphne bourdillonii","Actinodaphne bourdillonii","Gamble","Actinodaphne bourdillonii"
"treeregen","Act tad","Act tad","Act tad","Actinodaphne tadulingami","Actinodaphne tadulingamii Gamble","Lauraceae","Actinodaphne tadulingami Gamble",4176659,"EXACT",99,"ACCEPTED","SPECIES","Plantae","Tracheophyta","Magnoliopsida","Laurales","Lauraceae","Actinodaphne","Actinodaphne tadulingami","Actinodaphne tadulingami","Gamble","Actinodaphne tadulingami"
"treeregen","Agl ela","NA","Agl ela","Aglaia elaeagnoidea","Aglaia elaeagnoidea (A.Juss.) Benth. ","Meliaceae","Aglaia elaeagnoidea (A.Juss.) Benth.",5597755,"EXACT",99,"ACCEPTED","SPECIES","Plantae","Tracheophyta","Magnoliopsida","Sapindales","Meliaceae","Aglaia","Aglaia elaeagnoidea","Aglaia elaeagnoidea","(A.Juss.) Benth.","Aglaia elaeagnoidea"
"treeregen","Agl ela bed","NA","Agl ela","Aglaia elaeagnoidea","Aglaia elaeagnoidea var. beddomei","Meliaceae","Aglaia elaegnoidea var. beddomei (Gamble) K.K.N.Nair, 1981",5597753,"EDITED",,"SYNONYM","VARIETY","Plantae","Tracheophyta","Magnoliopsida","Sapindales","Meliaceae","Aglaia","Aglaia elaeagnoidea","Aglaia elaegnoidea beddomei","(Gamble) K.K.N.Nair, 1981","Aglaia elaeagnoidea"
"treeregen","Agl exs","Agl exs","Agl exs","Aglaia exstipulata","Aglaia exstipulata (Griff.) Theob.","Meliaceae","Aglaia exstipulata (Griff.) W.Theob.",7271387,"EXACT",97,"ACCEPTED","SPECIES","Plantae","Tracheophyta","Magnoliopsida","Sapindales","Meliaceae","Aglaia","Aglaia exstipulata","Aglaia exstipulata","(Griff.) W.Theob.","Aglaia exstipulata"
"treeregen","Agl jai","Agl jai","Agl law","Aglaia lawii","Aglaia jainii Viswa. & Ramachan.  ","Meliaceae","Aglaia lawii (Wight) C.J.Saldanha",7271334,"EXACT",98,"ACCEPTED","SPECIES","Plantae","Tracheophyta","Magnoliopsida","Sapindales","Meliaceae","Aglaia","Aglaia lawii","Aglaia lawii","(Wight) C.J.Saldanha","Aglaia lawii"
"treeregen","Agl sim","Agl sim","Agl sim","Aglaia simplicifolia","Aglaia simplicifolia (Bedd.) Harms","Meliaceae","Aglaia simplicifolia (Bedd.) Harms",5597964,"EXACT",97,"ACCEPTED","SPECIES","Plantae","Tracheophyta","Magnoliopsida","Sapindales","Meliaceae","Aglaia","Aglaia simplicifolia","Aglaia simplicifolia","(Bedd.) Harms","Aglaia simplicifolia"
"treeregen","Agr ind","Agr ind","Agr ind","Agrostistachys indica","Agrostistachys borneensis Becc. ","Euphorbiaceae","Agrostistachys indica Dalzell",3063595,"EXACT",99,"ACCEPTED","SPECIES","Plantae","Tracheophyta","Magnoliopsida","Malpighiales","Euphorbiaceae","Agrostistachys","Agrostistachys indica","Agrostistachys indica","Dalzell","Agrostistachys indica"
"treeregen","Agr mee","Agr bor","Agr bor","Agrostistachys borneensis","Agrostistachys indica Dalz.","Euphorbiaceae","Agrostistachys borneensis Becc.",3063602,"EXACT",99,"ACCEPTED","SPECIES","Plantae","Tracheophyta","Magnoliopsida","Malpighiales","Euphorbiaceae","Agrostistachys","Agrostistachys borneensis","Agrostistachys borneensis","Becc.","Agrostistachys borneensis"
"treeregen","Als sch","Als sch","Als sch","Alstonia scholaris","Alstonia scholaris (L.) R.Br. ","Apocynaceae","Alstonia scholaris (L.) R.Br.",5414410,"EXACT",98,"ACCEPTED","SPECIES","Plantae","Tracheophyta","Magnoliopsida","Gentianales","Apocynaceae","Alstonia","Alstonia scholaris","Alstonia scholaris","(L.) R.Br.","Alstonia scholaris"
"treeregen","Ant men","Ant mon","Ant mon","Antidesma montanum","Antidesma menasu (Tul.) Miq.ex Muell.-Arg. ","Phyllanthaceae","Antidesma montanum Blume",3076595,"EXACT",97,"ACCEPTED","SPECIES","Plantae","Tracheophyta","Magnoliopsida","Malpighiales","Phyllanthaceae","Antidesma","Antidesma montanum","Antidesma montanum","Blume","Antidesma montanum"
"treeregen","Ant tox","Ant tox","Ant tox","Antiaris toxicaria","Antiaris toxicaria (Pers.) Lesch. ","Moraceae","Antiaris toxicaria (Pers.) Lesch.",7262663,"EXACT",99,"ACCEPTED","SPECIES","Plantae","Tracheophyta","Magnoliopsida","Rosales","Moraceae","Antiaris","Antiaris toxicaria","Antiaris toxicaria","(Pers.) Lesch.","Antiaris toxicaria"
"treeregen","Ant zey","Ant ale","Ant ale","Antidesma alexiteria","Antidesma alexiteria L.","Phyllanthaceae","Antidesma alexiteria L.",3076437,"EXACT",97,"ACCEPTED","SPECIES","Plantae","Tracheophyta","Magnoliopsida","Malpighiales","Phyllanthaceae","Antidesma","Antidesma alexiteria","Antidesma alexiteria","L.","Antidesma alexiteria"
"treeregen","Aph pol","Aph pol","Aph pol","Aphanamixis polystachya","Aphanamixis polystachya (Wall.) Parker ","Meliaceae","Aphanamixis polystachya (Wall.) R.Parker",5597304,"EXACT",99,"ACCEPTED","SPECIES","Plantae","Tracheophyta","Magnoliopsida","Sapindales","Meliaceae","Aphanamixis","Aphanamixis polystachya","Aphanamixis polystachya","(Wall.) R.Parker","Aphanamixis polystachya"
"treeregen","Apo acu","Apo acu","Apo ind","Aporosa indoacuminata","Aporosa acuminata Thwaites","Phyllanthaceae","Aporosa indoacuminata Chakrab. & N.P.Balakr.",9620424,"EDITED",,"ACCEPTED","SPECIES","Plantae","Tracheophyta","Magnoliopsida","Malpighiales","Phyllanthaceae","Aporosa","Aporosa indoacuminata","Aporosa indoacuminata","Chakrab. & N.P.Balakr.","Aporosa indoacuminata"
"treeregen","Apo arn","Apo arn","Apo arn","Apollonias arnottii","Apollonias arnottii Nees","Lauraceae","Apollonias arnottii Nees",4179823,"EXACT",99,"ACCEPTED","SPECIES","Plantae","Tracheophyta","Magnoliopsida","Laurales","Lauraceae","Apollonias","Apollonias arnottii","Apollonias arnottii","Nees","Apollonias arnottii"
"treeregen","Apo lin","Apo car","Apo car","Aporosa cardiosperma","Aporusa lindleyana (Wt.) Baill. ","Phyllanthaceae","Aporosa cardiosperma (Gaertn.) Merr.",5383413,"EXACT",99,"ACCEPTED","SPECIES","Plantae","Tracheophyta","Magnoliopsida","Malpighiales","Phyllanthaceae","Aporosa","Aporosa cardiosperma","Aporosa cardiosperma","(Gaertn.) Merr.","Aporosa cardiosperma"
"treeregen","Apo sil","Tho sil","Tho sil","Thottea siliquosa","Thottea siliquosa (Lam.) Ding Hou","Aristolochiaceae","Thottea siliquosa (Lam.) Ding Hou",3588512,"EXACT",97,"ACCEPTED","SPECIES","Plantae","Tracheophyta","Magnoliopsida","Piperales","Aristolochiaceae","Thottea","Thottea siliquosa","Thottea siliquosa","(Lam.) Ding Hou","Thottea siliquosa"
"treeregen","Ard bla","Ard bla","Ard bla","Ardisia blatteri","Ardisia blatteri Gamble","Primulaceae","Ardisia blatteri Gamble",5557698,"EXACT",99,"ACCEPTED","SPECIES","Plantae","Tracheophyta","Magnoliopsida","Ericales","Primulaceae","Ardisia","Ardisia blatteri","Ardisia blatteri","Gamble","Ardisia blatteri"
"treeregen","Ard pau","Ard pau","Ard pau","Ardisia pauciflora","Ardisia pauciflora B.Heyne ex Roxb.","Primulaceae","Ardisia pauciflora B.Heyne ex Roxb.",5558624,"EXACT",97,"ACCEPTED","SPECIES","Plantae","Tracheophyta","Magnoliopsida","Ericales","Primulaceae","Ardisia","Ardisia pauciflora","Ardisia pauciflora","B.Heyne ex Roxb.","Ardisia pauciflora"
"treeregen","Ard rha","Ard rho","Ard rho","Ardisia rhomboidea","Ardisia rhomboidea Wt.","Primulaceae","Ardisia rhomboidea Wight",5558217,"EXACT",99,"ACCEPTED","SPECIES","Plantae","Tracheophyta","Magnoliopsida","Ericales","Primulaceae","Ardisia","Ardisia rhomboidea","Ardisia rhomboidea","Wight","Ardisia rhomboidea"
"treeregen","Art het","Art het","Art het","Artocarpus heterophyllus","Artocarpus heterophyllus Lam. ","Moraceae","Artocarpus heterophyllus Lam.",2984565,"EXACT",99,"ACCEPTED","SPECIES","Plantae","Tracheophyta","Magnoliopsida","Rosales","Moraceae","Artocarpus","Artocarpus heterophyllus","Artocarpus heterophyllus","Lam.","Artocarpus heterophyllus"
"treeregen","Ata rac","Ata rac","Ata rac","Atalantia racemosa","Atalantia racemosa Wight & Arn.","Rutaceae","Atalantia racemosa Wight & Arn.",7269150,"EXACT",98,"ACCEPTED","SPECIES","Plantae","Tracheophyta","Magnoliopsida","Sapindales","Rutaceae","Atalantia","Atalantia racemosa","Atalantia racemosa","Wight & Arn.","Atalantia racemosa"
"treeregen","Ata wig","Ata wig","Ata wig","Atalantia wightii","Atalantia wightii Tanaka","Rutaceae","Atalantia wightii Tanaka",5593696,"EXACT",99,"ACCEPTED","SPECIES","Plantae","Tracheophyta","Magnoliopsida","Sapindales","Rutaceae","Atalantia","Atalantia wightii","Atalantia wightii","Tanaka","Atalantia wightii"
"treeregen","Bac cou","NA","Bac cou","Baccaurea courtallensis","Baccaurea courtallensis (Wt.) Muell.-Arg.  ","Phyllanthaceae","Baccaurea courtallensis (Wight) Müll.Arg.",3082076,"EXACT",99,"ACCEPTED","SPECIES","Plantae","Tracheophyta","Magnoliopsida","Malpighiales","Phyllanthaceae","Baccaurea","Baccaurea courtallensis","Baccaurea courtallensis","(Wight) Müll.Arg.","Baccaurea courtallensis"
"treeregen","Bei wig","Bei wig","Bei wig","Beilschmiedia wightii","Beilschmiedia wightii (Nees) Benth. ex Hook.f.  ","Lauraceae","Beilschmiedia wightii (Nees) Benth. ex Hook.fil.",4182577,"EXACT",97,"ACCEPTED","SPECIES","Plantae","Tracheophyta","Magnoliopsida","Laurales","Lauraceae","Beilschmiedia","Beilschmiedia wightii","Beilschmiedia wightii","(Nees) Benth. ex Hook.fil.","Beilschmiedia wightii"
"treeregen","Bhe ind","Bhe ind","Bhe ind","Bhesa indica","Bhesa indica (Bedd.) Ding Hou","Centroplacaceae","Bhesa indica (Bedd.) Ding Hou",3793960,"EXACT",97,"ACCEPTED","SPECIES","Plantae","Tracheophyta","Magnoliopsida","Malpighiales","Centroplacaceae","Bhesa","Bhesa indica","Bhesa indica","(Bedd.) Ding Hou","Bhesa indica"
"treeregen","Bis jav","Bis jav","Bis jav","Bischofia javanica","Bischofia javanica Blume ","Phyllanthaceae","Bischofia javanica Blume",5383085,"EXACT",99,"ACCEPTED","SPECIES","Plantae","Tracheophyta","Magnoliopsida","Malpighiales","Phyllanthaceae","Bischofia","Bischofia javanica","Bischofia javanica","Blume","Bischofia javanica"
"treeregen","Bom cei","Bom cei","Bom cei","Bombax ceiba","Bombax ceiba L. ","Malvaceae","Bombax ceiba L.",3152226,"EXACT",97,"ACCEPTED","SPECIES","Plantae","Tracheophyta","Magnoliopsida","Malvales","Malvaceae","Bombax","Bombax ceiba","Bombax ceiba","L.","Bombax ceiba"
"treeregen","Cal aus","Cal aus","Cal aus","Calophyllum austroindicum","Calophyllum austroindicum  Kosterm. ex Stevens ","Clusiaceae","Calophyllum austroindicum Kosterm. ex P.F.Stevens",8282273,"EXACT",97,"ACCEPTED","SPECIES","Plantae","Tracheophyta","Magnoliopsida","Malpighiales","Calophyllaceae","Calophyllum","Calophyllum austroindicum","Calophyllum austroindicum","Kosterm. ex P.F.Stevens","Calophyllum austroindicum"
"treeregen","Cal pol","Cal pol","Cal pol","Calophyllum polyanthum","Calophyllum polyanthum Wall. ex Choisy ","Calophyllaceae","Calophyllum polyanthum Wall. ex Choisy",5556276,"EXACT",98,"ACCEPTED","SPECIES","Plantae","Tracheophyta","Magnoliopsida","Malpighiales","Calophyllaceae","Calophyllum","Calophyllum polyanthum","Calophyllum polyanthum","Wall. ex Choisy","Calophyllum polyanthum"
"treeregen","Can dic","Can dic","Psy dic","Psydrax dicoccos","Canthium dicoccum (Gaertn.) Teijsm & Binn. var. umbellata (Wight) Sant. & Merch. ","Rubiaceae","Psydrax dicoccos Gaertn.",2893147,"EXACT",99,"ACCEPTED","SPECIES","Plantae","Tracheophyta","Magnoliopsida","Gentianales","Rubiaceae","Psydrax","Psydrax dicoccos","Psydrax dicoccos","Gaertn.","Psydrax dicoccos"
"treeregen","Can str","Can str","Can str","Canarium strictum","Canarium strictum Roxb. ","Burseraceae","Canarium strictum Roxb.",5421349,"EXACT",99,"ACCEPTED","SPECIES","Plantae","Tracheophyta","Magnoliopsida","Sapindales","Burseraceae","Canarium","Canarium strictum","Canarium strictum","Roxb.","Canarium strictum"
"treeregen","Cas esc","NA","Cas zey","Casearia zeylanica","Casearia esculenta Roxb. ","Salicaceae","Casearia zeylanica (Gaertn.) Thwaites",8255574,"EXACT",99,"ACCEPTED","SPECIES","Plantae","Tracheophyta","Magnoliopsida","Malpighiales","Salicaceae","Casearia","Casearia zeylanica","Casearia zeylanica","(Gaertn.) Thwaites","Casearia zeylanica"
"treeregen","Cas rub","Cas rub","Cas rub","Casearia rubescens","Casearia rubescens Dalz.","Salicaceae","Casearia rubescens Dalzell",7640853,"EXACT",99,"ACCEPTED","SPECIES","Plantae","Tracheophyta","Magnoliopsida","Malpighiales","Salicaceae","Casearia","Casearia rubescens","Casearia rubescens","Dalzell","Casearia rubescens"
"treeregen","Chr lan","NA","Don lan","Donella lanceolata","Chrysophyllum roxburghii G.Don ","Sapotaceae","Donella lanceolata (Blume) Aubrév.",5333765,"EXACT",99,"ACCEPTED","SPECIES","Plantae","Tracheophyta","Magnoliopsida","Ericales","Sapotaceae","Donella","Donella lanceolata","Donella lanceolata","(Blume) Aubrév.","Donella lanceolata"
"treeregen","Cin mal","Cin mal","Cin mal","Cinnamomum malabatrum","Cinnamomum malabatrum (Burm.f.) Blume  ","Lauraceae","Cinnamomum malabatrum (Burm.fil.) J.Presl",7845827,"EXACT",99,"ACCEPTED","SPECIES","Plantae","Tracheophyta","Magnoliopsida","Laurales","Lauraceae","Cinnamomum","Cinnamomum malabatrum","Cinnamomum malabatrum","(Burm.fil.) J.Presl","Cinnamomum malabatrum"
"treeregen","Cin sul","Cin sul","Cin sul","Cinnamomum sulphuratum","Cinnamomum sulphuratum Nees","Lauraceae","Cinnamomum sulphuratum Nees",4179847,"EXACT",97,"ACCEPTED","SPECIES","Plantae","Tracheophyta","Magnoliopsida","Laurales","Lauraceae","Cinnamomum","Cinnamomum sulphuratum","Cinnamomum sulphuratum","Nees","Cinnamomum sulphuratum"
"treeregen","Cla den","NA","Cla den","Clausena dentata","Clausena dentata (Willd.) M.Roem.","Rutaceae","Clausena dentata (Willd.) M.Roem.",3190414,"EXACT",97,"ACCEPTED","SPECIES","Plantae","Tracheophyta","Magnoliopsida","Sapindales","Rutaceae","Clausena","Clausena dentata","Clausena dentata","(Willd.) M.Roem.","Clausena dentata"
"treeregen","Cle spi","NA","Cle spi","Cleidion spiciflorum","Cleidion spiciflorum (Burm.f.) Merr. ","Euphorbiaceae","Cleidion spiciflorum (Burm.f.) Merr.",3917864,"EXACT",98,"SYNONYM","SPECIES","Plantae","Tracheophyta","Magnoliopsida","Malpighiales","Euphorbiaceae","Acalypha","Acalypha spiciflora","Cleidion spiciflorum","(Burm.f.) Merr.","Acalypha spiciflora"
"treeregen","Cle vis","Cle inf","Cle inf","Clerodendrum infortunatum","Clerodendrum viscosum Vent.","Lamiaceae","Clerodendrum infortunatum L.",3892486,"EXACT",97,"ACCEPTED","SPECIES","Plantae","Tracheophyta","Magnoliopsida","Lamiales","Lamiaceae","Clerodendrum","Clerodendrum infortunatum","Clerodendrum infortunatum","L.","Clerodendrum infortunatum"
"treeregen","Cof ara","Cof ara","Cof ara","Coffea arabica","Coffea arabica L.","Rubiaceae","Coffea arabica L.",2895345,"EXACT",98,"ACCEPTED","SPECIES","Plantae","Tracheophyta","Magnoliopsida","Gentianales","Rubiaceae","Coffea","Coffea arabica","Coffea arabica","L.","Coffea arabica"
"treeregen","Cro lac","Cro lac","Cro lac","Croton laccifer","Croton laccifer L.","Euphorbiaceae","Croton laccifer L.",3059838,"EXACT",97,"ACCEPTED","SPECIES","Plantae","Tracheophyta","Magnoliopsida","Malpighiales","Euphorbiaceae","Croton","Croton laccifer","Croton laccifer","L.","Croton laccifer"
"treeregen","Cro mal","Cro mal","Cro mal","Croton malabaricus","Croton malabaricus Bedd.   ","Euphorbiaceae","Croton malabaricus Bedd.",3058913,"EXACT",99,"ACCEPTED","SPECIES","Plantae","Tracheophyta","Magnoliopsida","Malpighiales","Euphorbiaceae","Croton","Croton malabaricus","Croton malabaricus","Bedd.","Croton malabaricus"
"treeregen","Cry bou","Cry wig","Cry wig","Cryptocarya wightiana","Cryptocarya bourdillonii Gamble  ","Lauraceae","Cryptocarya wightiana Thwaites",4180909,"EXACT",99,"ACCEPTED","SPECIES","Plantae","Tracheophyta","Magnoliopsida","Laurales","Lauraceae","Cryptocarya","Cryptocarya wightiana","Cryptocarya wightiana","Thwaites","Cryptocarya wightiana"
"treeregen","Cul exa","Cul exa","Cul exa","Cullenia exarillata","Cullenia exarillata A. Robyns ","Malvaceae","Cullenia exarillata A.Robyns",4073259,"EXACT",99,"ACCEPTED","SPECIES","Plantae","Tracheophyta","Magnoliopsida","Malvales","Malvaceae","Cullenia","Cullenia exarillata","Cullenia exarillata","A.Robyns","Cullenia exarillata"
"treeregen","Dat sp.","Dat sp.","Dat sp.","Datura sp.","Datura L.","Solanaceae","Datura L.",2928734,"HIGHERRANK",94,"ACCEPTED","GENUS","Plantae","Tracheophyta","Magnoliopsida","Solanales","Solanaceae","Datura",,"Datura","L.","Datura"
"treeregen","Deb lon","Deb lon","Deb lon","Debregeasia longifolia","Debregeasia longifolia (Burm.fil.) Wedd.","Urticaceae","Debregeasia longifolia (Burm.fil.) Wedd.",4099305,"EXACT",99,"ACCEPTED","SPECIES","Plantae","Tracheophyta","Magnoliopsida","Rosales","Urticaceae","Debregeasia","Debregeasia longifolia","Debregeasia longifolia","(Burm.fil.) Wedd.","Debregeasia longifolia"
"treeregen","Den sin","Den sin","Den sin","Dendrocnide sinuata","Dendrocnide sinuata (Blume) Chew","Urticaceae","Dendrocnide sinuata (Blume) Chew",4098506,"EXACT",99,"ACCEPTED","SPECIES","Plantae","Tracheophyta","Magnoliopsida","Rosales","Urticaceae","Dendrocnide","Dendrocnide sinuata","Dendrocnide sinuata","(Blume) Chew","Dendrocnide sinuata"
"treeregen","Dim bed","Dim bed","Dim bed","Dimorphocalyx beddomei","Dimorphocalyx beddomei (Benth.) Airy Shaw  ","Euphorbiaceae","Dimorphocalyx beddomei (Benth.) Airy Shaw",3061481,"EXACT",97,"ACCEPTED","SPECIES","Plantae","Tracheophyta","Magnoliopsida","Malpighiales","Euphorbiaceae","Dimorphocalyx","Dimorphocalyx beddomei","Dimorphocalyx beddomei","(Benth.) Airy Shaw","Dimorphocalyx beddomei"
"treeregen","Dim lon","Dim lon","Dim lon","Dimocarpus longan","Dimocarpus longan Lour. ","Sapindaceae","Dimocarpus longan Lour.",3190008,"EXACT",99,"ACCEPTED","SPECIES","Plantae","Tracheophyta","Magnoliopsida","Sapindales","Sapindaceae","Dimocarpus","Dimocarpus longan","Dimocarpus longan","Lour.","Dimocarpus longan"
"treeregen","Dio ass","Dio ass","Dio ebe","Diospyros ebenum","Diospyros assimilis Bedd.","Ebenaceae","Diospyros ebenum J.Koenig ex Retz.",3032979,"EXACT",97,"ACCEPTED","SPECIES","Plantae","Tracheophyta","Magnoliopsida","Ericales","Ebenaceae","Diospyros","Diospyros ebenum","Diospyros ebenum","J.Koenig ex Retz.","Diospyros ebenum"
"treeregen","Dio bou","Dio bou","Dio bou","Diospyros bourdillonii","Diospyros bourdillonii Brandis","Ebenaceae","Diospyros bourdillonii Brandis",8160270,"EXACT",99,"ACCEPTED","SPECIES","Plantae","Tracheophyta","Magnoliopsida","Ericales","Ebenaceae","Diospyros","Diospyros bourdillonii","Diospyros bourdillonii","Brandis","Diospyros bourdillonii"
"treeregen","Dio bux","NA","Dio bux","Diospyros buxifolia","Diospyros buxifolia (Blume) Hiern ","Ebenaceae","Diospyros buxifolia (Blume) Hiern",4070235,"EXACT",97,"ACCEPTED","SPECIES","Plantae","Tracheophyta","Magnoliopsida","Ericales","Ebenaceae","Diospyros","Diospyros buxifolia","Diospyros buxifolia","(Blume) Hiern","Diospyros buxifolia"
"treeregen","Dio nil","Dio nil","Dio nil","Diospyros nilagirica","Diospyros nilgirica Bedd.","Ebenaceae","Diospyros nilagirica Bedd.",4070325,"EXACT",99,"ACCEPTED","SPECIES","Plantae","Tracheophyta","Magnoliopsida","Ericales","Ebenaceae","Diospyros","Diospyros nilagirica","Diospyros nilagirica","Bedd.","Diospyros nilagirica"
"treeregen","Dio syl","Dio syl","Dio syl","Diospyros sylvatica","Diospyros sylvatica Roxb. ","Ebenaceae","Diospyros sylvatica Roxb.",8321948,"EXACT",98,"ACCEPTED","SPECIES","Plantae","Tracheophyta","Magnoliopsida","Ericales","Ebenaceae","Diospyros","Diospyros sylvatica","Diospyros sylvatica","Roxb.","Diospyros sylvatica"
"treeregen","Dry ela","Dry ven","Dry wig","Drypetes venusta","Drypetes wightii (Hook.f.) Pax & Hoffm.  ","Putranjivaceae","Drypetes wightii (Hook.f.) Pax & K.Hoffm.",3075679,"EXACT",100,"ACCEPTED","SPECIES","Plantae","Tracheophyta","Magnoliopsida","Malpighiales","Putranjivaceae","Drypetes","Drypetes wightii","Drypetes wightii","(Hook.f.) Pax & K.Hoffm.","Drypetes wightii"
"treeregen","Dry lon","NA","Dry obl","Drypetes oblongifolia","Drypetes longifolia (Blume) Pax & Hoffm.  ","Putranjivaceae","Drypetes oblongifolia (Bedd.) Airy Shaw",3075718,"EXACT",97,"ACCEPTED","SPECIES","Plantae","Tracheophyta","Magnoliopsida","Malpighiales","Putranjivaceae","Drypetes","Drypetes oblongifolia","Drypetes oblongifolia","(Bedd.) Airy Shaw","Drypetes oblongifolia"
"treeregen","Dry mal","Dry mal","Dry mal","Drypetes malabarica","Drypetes malabarica (Bedd.) Airy Shaw","Putranjivaceae","Drypetes malabarica (Bedd.) Airy Shaw",3075861,"EXACT",97,"ACCEPTED","SPECIES","Plantae","Tracheophyta","Magnoliopsida","Malpighiales","Putranjivaceae","Drypetes","Drypetes malabarica","Drypetes malabarica","(Bedd.) Airy Shaw","Drypetes malabarica"
"treeregen","Dry sub","NA","Dry sub","Drypetes subsessilis","Drypetes subsessilis (Kurz) Pax & Hoffm.","Putranjivaceae","Drypetes subsessilis (Kurz) Pax & K.Hoffm.",3075853,"EXACT",98,"ACCEPTED","SPECIES","Plantae","Tracheophyta","Magnoliopsida","Malpighiales","Putranjivaceae","Drypetes","Drypetes subsessilis","Drypetes subsessilis","(Kurz) Pax & K.Hoffm.","Drypetes subsessilis"
"treeregen","Dys mal","Dys mal","Dys mal","Dysoxylum malabaricum","Dysoxylum malabaricum Bedd. ex Hiern  ","Meliaceae","Dysoxylum malabaricum Bedd. ex C.DC.",3852884,"EXACT",97,"ACCEPTED","SPECIES","Plantae","Tracheophyta","Magnoliopsida","Sapindales","Meliaceae","Dysoxylum","Dysoxylum malabaricum","Dysoxylum malabaricum","Bedd. ex C.DC.","Dysoxylum malabaricum"
"treeregen","Ele gla","Ela gla","Ela gla","Elaeodendron glaucum","Cassine glauca (Rottb.) Kuntze","Celastraceae","Elaeodendron glaucum (Rottb.) Pers.",3791886,"EXACT",97,"ACCEPTED","SPECIES","Plantae","Tracheophyta","Magnoliopsida","Celastrales","Celastraceae","Elaeodendron","Elaeodendron glaucum","Elaeodendron glaucum","(Rottb.) Pers.","Elaeodendron glaucum"
"treeregen","Ele mun","Ela mun","Ela mun","Elaeocarpus munroi","Elaeocarpus munronii (Wt.) Mast.","Elaeocarpaceae","Elaeocarpus munroii (Wight) Mast.",4032258,"FUZZY",95,"ACCEPTED","SPECIES","Plantae","Tracheophyta","Magnoliopsida","Oxalidales","Elaeocarpaceae","Elaeocarpus","Elaeocarpus munroii","Elaeocarpus munroii","(Wight) Mast.","Elaeocarpus munroii"
"treeregen","Ele ser","Ela ser","Ela ser","Elaeocarpus serratus","Elaeocarpus serratus L. ","Elaeocarpaceae","Elaeocarpus serratus L.",7880979,"EXACT",97,"ACCEPTED","SPECIES","Plantae","Tracheophyta","Magnoliopsida","Oxalidales","Elaeocarpaceae","Elaeocarpus","Elaeocarpus serratus","Elaeocarpus serratus","L.","Elaeocarpus serratus"
"treeregen","Ele tub","Ela tub","Ela tub","Elaeocarpus tuberculatus","Elaeocarpus tuberculatus Roxb.","Elaeocarpaceae","Elaeocarpus tuberculatus Roxb.",4031240,"EXACT",99,"ACCEPTED","SPECIES","Plantae","Tracheophyta","Magnoliopsida","Oxalidales","Elaeocarpaceae","Elaeocarpus","Elaeocarpus tuberculatus","Elaeocarpus tuberculatus","Roxb.","Elaeocarpus tuberculatus"
"treeregen","Ery mys","Ery var","Ery var","Erythrina variegata","Erythrina mysorensis Gamble","Fabaceae","Erythrina variegata L.",5349581,"EXACT",99,"ACCEPTED","SPECIES","Plantae","Tracheophyta","Magnoliopsida","Fabales","Fabaceae","Erythrina","Erythrina variegata","Erythrina variegata","L.","Erythrina variegata"
"treeregen","Eucalyptus","Euc sp.","Euc sp.","Eucalyptus sp.","Eucalyptus sp","Myrtaceae","Eucalyptus L'Hér.",7493935,"HIGHERRANK",94,"ACCEPTED","GENUS","Plantae","Tracheophyta","Magnoliopsida","Myrtales","Myrtaceae","Eucalyptus",,"Eucalyptus","L'Hér.","Eucalyptus"
"treeregen","Euo lun","Mel lun","Mel lun","Melicope lunu-ankenda","Euodia lunu-ankenda (Gaertn.) Merr. ","Rutaceae","Melicope lunu-ankenda (Gaertn.) T.G.Hartley",3832621,"EXACT",99,"ACCEPTED","SPECIES","Plantae","Tracheophyta","Magnoliopsida","Sapindales","Rutaceae","Melicope","Melicope lunu-ankenda","Melicope lunu-ankenda","(Gaertn.) T.G.Hartley","Melicope lunu-ankenda"
"treeregen","Exc opp","Exc opp","Exc opp","Excoecaria oppositifolia","Excoecaria oppositifolia Griff.","Euphorbiaceae","Excoecaria oppositifolia Griff.",3071675,"EXACT",98,"ACCEPTED","SPECIES","Plantae","Tracheophyta","Magnoliopsida","Malpighiales","Euphorbiaceae","Excoecaria","Excoecaria oppositifolia","Excoecaria oppositifolia","Griff.","Excoecaria oppositifolia"
"treeregen","Fah zey","Par pen","Par pen","Paracroton pendulus","Fahrenheitia zeylanica (Thw.) Airy Shaw ","Euphorbiaceae","Paracroton pendulus (Hassk.) Miq.",3072515,"EXACT",99,"ACCEPTED","SPECIES","Plantae","Tracheophyta","Magnoliopsida","Malpighiales","Euphorbiaceae","Paracroton","Paracroton pendulus","Paracroton pendulus","(Hassk.) Miq.","Paracroton pendulus"
"treeregen","Fic bed","Fic bed","Fic bed","Ficus beddomei","Ficus beddomei King  ","Moraceae","Ficus beddomei King",5571555,"EXACT",99,"ACCEPTED","SPECIES","Plantae","Tracheophyta","Magnoliopsida","Rosales","Moraceae","Ficus","Ficus beddomei","Ficus beddomei","King","Ficus beddomei"
"treeregen","Fic exa","Fic exa","Fic exa","Ficus exasperata","Ficus exasperata Vahl.","Moraceae","Ficus exasperata Vahl",7687857,"EXACT",97,"ACCEPTED","SPECIES","Plantae","Tracheophyta","Magnoliopsida","Rosales","Moraceae","Ficus","Ficus exasperata","Ficus exasperata","Vahl","Ficus exasperata"
"treeregen","Fic his","Fic his","Fic his","Ficus hispida","Ficus hispida L.f.","Moraceae","Ficus hispida L.fil.",7879404,"EXACT",97,"ACCEPTED","SPECIES","Plantae","Tracheophyta","Magnoliopsida","Rosales","Moraceae","Ficus","Ficus hispida","Ficus hispida","L.fil.","Ficus hispida"
"treeregen","Fic mic","Fic mic","Fic mic","Ficus microcarpa","Ficus microcarpa L.f.","Moraceae","Ficus microcarpa L.fil.",7467639,"EXACT",97,"ACCEPTED","SPECIES","Plantae","Tracheophyta","Magnoliopsida","Rosales","Moraceae","Ficus","Ficus microcarpa","Ficus microcarpa","L.fil.","Ficus microcarpa"
"treeregen","Fic ner","Fic ner","Fic ner","Ficus nervosa","Ficus nervosa Heyne ex Roth ","Moraceae","Ficus nervosa B.Heyne ex Roth",7262544,"EXACT",97,"ACCEPTED","SPECIES","Plantae","Tracheophyta","Magnoliopsida","Rosales","Moraceae","Ficus","Ficus nervosa","Ficus nervosa","B.Heyne ex Roth","Ficus nervosa"
"treeregen","Fic tal","Fic tal","Fic tal","Ficus talbotii","Ficus talbotii King ","Moraceae","Ficus talbotii King",5569748,"EXACT",99,"ACCEPTED","SPECIES","Plantae","Tracheophyta","Magnoliopsida","Rosales","Moraceae","Ficus","Ficus talbotii","Ficus talbotii","King","Ficus talbotii"
"treeregen","Fic vir","Fic vir","Fic vir","Ficus virens","Ficus virens Ait.","Moraceae","Ficus virens W.T.Aiton",8292438,"EXACT",98,"ACCEPTED","SPECIES","Plantae","Tracheophyta","Magnoliopsida","Rosales","Moraceae","Ficus","Ficus virens","Ficus virens","W.T.Aiton","Ficus virens"
"treeregen","Fil dec","NA","Fil dec","Filicium decipiens","Filicium decipiens (Wt. & Arn.)  Thw. ","Sapindaceae","Filicium decipiens (Wight & Arn.) Thwaites",3189977,"EXACT",98,"ACCEPTED","SPECIES","Plantae","Tracheophyta","Magnoliopsida","Sapindales","Sapindaceae","Filicium","Filicium decipiens","Filicium decipiens","(Wight & Arn.) Thwaites","Filicium decipiens"
"treeregen","Flo mon","NA","Fla mon","Flacourtia montana","Flacourtia montana Graham  ","Salicaceae","Flacourtia montana J.Graham",5603911,"EXACT",97,"ACCEPTED","SPECIES","Plantae","Tracheophyta","Magnoliopsida","Malpighiales","Salicaceae","Flacourtia","Flacourtia montana","Flacourtia montana","J.Graham","Flacourtia montana"
"treeregen","Gar gum","Gar gum","Gar gum","Garcinia gummi-gutta","Garcinia gummi-gutta (L.)Robs.  ","Clusiaceae","Garcinia gummi-gutta (L.) N.Robson",7330311,"EXACT",97,"ACCEPTED","SPECIES","Plantae","Tracheophyta","Magnoliopsida","Malpighiales","Clusiaceae","Garcinia","Garcinia gummi-gutta","Garcinia gummi-gutta","(L.) N.Robson","Garcinia gummi-gutta"
"treeregen","Gar mor","Gar mor","Gar mor","Garcinia morella","Garcinia morella (Gaertn.) Desr. ","Clusiaceae","Garcinia morella (Gaertn.) Desr.",7624454,"EXACT",97,"ACCEPTED","SPECIES","Plantae","Tracheophyta","Magnoliopsida","Malpighiales","Clusiaceae","Garcinia","Garcinia morella","Garcinia morella","(Gaertn.) Desr.","Garcinia morella"
"treeregen","Gar tal","Gar tal","Gar tal","Garcinia talbotii","Garcinia talbotii Raiz. ex Sant.   ","Clusiaceae","Garcinia talbotii Raizada",3712560,"EXACT",97,"ACCEPTED","SPECIES","Plantae","Tracheophyta","Magnoliopsida","Malpighiales","Clusiaceae","Garcinia","Garcinia talbotii","Garcinia talbotii","Raizada","Garcinia talbotii"
"treeregen","Glo ell","Glo ell","Glo ell","Glochidion ellipticum","Glochidion ellipticum Wt. ","Phyllanthaceae","Glochidion ellipticum Wight",3080441,"EXACT",98,"SYNONYM","SPECIES","Plantae","Tracheophyta","Magnoliopsida","Malpighiales","Phyllanthaceae","Phyllanthus","Phyllanthus assamicus","Glochidion ellipticum","Wight","Phyllanthus assamicus"
"treeregen","Gly pen","Gly pen","Gly pen","Glycosmis pentaphylla","Glycosmis pentaphylla (Retz.) Corrêa","Rutaceae","Glycosmis pentaphylla (Retz.) Corrêa",8241662,"EXACT",97,"ACCEPTED","SPECIES","Plantae","Tracheophyta","Magnoliopsida","Sapindales","Rutaceae","Glycosmis","Glycosmis pentaphylla","Glycosmis pentaphylla","(Retz.) Corrêa","Glycosmis pentaphylla"
"treeregen","Gom cor","Gom cor","Gom cor","Gomphandra coriacea","Gomphondra coriacea Wt.","Stemonuraceae","Gomphandra coriacea Wight",3596893,"EXACT",99,"ACCEPTED","SPECIES","Plantae","Tracheophyta","Magnoliopsida","Aquifoliales","Stemonuraceae","Gomphandra","Gomphandra coriacea","Gomphandra coriacea","Wight","Gomphandra coriacea"
"treeregen","Har arb","Har arb","Har arb","Harpullia arborea","Harpullia arborea (Blanco) Radlk. ","Sapindaceae","Harpullia arborea (Blanco) Radlk.",3190016,"EXACT",99,"ACCEPTED","SPECIES","Plantae","Tracheophyta","Magnoliopsida","Sapindales","Sapindaceae","Harpullia","Harpullia arborea","Harpullia arborea","(Blanco) Radlk.","Harpullia arborea"
"treeregen","Her pop","Her pap","Her pap","Heritiera papilio","Heritiera papilio Bedd.","Malvaceae","Heritiera papilio Bedd.",8293474,"EXACT",99,"ACCEPTED","SPECIES","Plantae","Tracheophyta","Magnoliopsida","Malvales","Malvaceae","Heritiera","Heritiera papilio","Heritiera papilio","Bedd.","Heritiera papilio"
"treeregen","Hol nig","Hol nig","Hol nig","Holigarna nigra","Holigarna nigra Bourd.  ","Anacardiaceae","Holigarna nigra Bourd.",3661556,"EXACT",99,"ACCEPTED","SPECIES","Plantae","Tracheophyta","Magnoliopsida","Sapindales","Anacardiaceae","Holigarna","Holigarna nigra","Holigarna nigra","Bourd.","Holigarna nigra"
"treeregen","Hop par","NA","Hop par","Hopea parviflora","Hopea parviflora Bedd. ","Dipterocarpaceae","Hopea parviflora Bedd.",5669214,"EXACT",99,"ACCEPTED","SPECIES","Plantae","Tracheophyta","Magnoliopsida","Malvales","Dipterocarpaceae","Hopea","Hopea parviflora","Hopea parviflora","Bedd.","Hopea parviflora"
"treeregen","Hyd alp","Hyd alp","Hyd alp","Hydnocarpus alpinus","Hydnocarpus alpina Wt.","Achariaceae","Hydnocarpus alpinus Wight",4930795,"EXACT",99,"ACCEPTED","SPECIES","Plantae","Tracheophyta","Magnoliopsida","Malpighiales","Achariaceae","Hydnocarpus","Hydnocarpus alpinus","Hydnocarpus alpinus","Wight","Hydnocarpus alpinus"
"treeregen","Hyd pen","Hyd pen","Hyd pen","Hydnocarpus pentandrus","Hydnocarpus pentandra (Buch.-Ham.) Oken  ","Achariaceae","Hydnocarpus pentandrus (Buch.-Ham.) Oken",3877971,"EXACT",99,"ACCEPTED","SPECIES","Plantae","Tracheophyta","Magnoliopsida","Malpighiales","Achariaceae","Hydnocarpus","Hydnocarpus pentandrus","Hydnocarpus pentandrus","(Buch.-Ham.) Oken","Hydnocarpus pentandrus"
"treeregen","Iso lan","Iso lan","Iso lan","Isonandra lanceolata","Isonandra lanceolata Wt. ","Sapotaceae","Isonandra lanceolata Wight",2886491,"EXACT",97,"ACCEPTED","SPECIES","Plantae","Tracheophyta","Magnoliopsida","Ericales","Sapotaceae","Isonandra","Isonandra lanceolata","Isonandra lanceolata","Wight","Isonandra lanceolata"
"treeregen","Kne att","Kne att","Kne att","Knema attenuata","Knema attenuata (Wall. ex Hook.f. & Thoms.) Warb.  ","Myristicaceae","Knema attenuata (Hook.fil. & Thomson) Warb.",3743700,"EXACT",99,"ACCEPTED","SPECIES","Plantae","Tracheophyta","Magnoliopsida","Magnoliales","Myristicaceae","Knema","Knema attenuata","Knema attenuata","(Hook.fil. & Thomson) Warb.","Knema attenuata"
"treeregen","Lee ind","Lee ind","Lee ind","Leea indica","Leea indica (Burm.fil.) Merr.","Vitaceae","Leea indica (Burm.fil.) Merr.",4160336,"EXACT",98,"ACCEPTED","SPECIES","Plantae","Tracheophyta","Magnoliopsida","Vitales","Vitaceae","Leea","Leea indica","Leea indica","(Burm.fil.) Merr.","Leea indica"
"treeregen","Lep dec","Lep def","Lep def","Lepisanthes deficiens","Lepisanthus decipiens (Wt. &Arn.) Thw.","Sapindaceae","Lepisanthes deficiens (Wight & Arn.) Radlk.",3785162,"EXACT",98,"SYNONYM","SPECIES","Plantae","Tracheophyta","Magnoliopsida","Sapindales","Sapindaceae","Lepisanthes","Lepisanthes tetraphylla","Lepisanthes deficiens","(Wight & Arn.) Radlk.","Lepisanthes tetraphylla"
"treeregen","Lit bou","Lit bou","Lit bou","Litsea bourdillonii","Litsea bourdillonii Gamble","Lauraceae","Litsea bourdillonii Gamble",4178396,"EXACT",99,"ACCEPTED","SPECIES","Plantae","Tracheophyta","Magnoliopsida","Laurales","Lauraceae","Litsea","Litsea bourdillonii","Litsea bourdillonii","Gamble","Litsea bourdillonii"
"treeregen","Lit dec","NA","Lit gha","Litsea ghatica","Litsea ghatica Saldanha","Lauraceae","Litsea ghatica Saldanha",8411944,"EXACT",99,"ACCEPTED","SPECIES","Plantae","Tracheophyta","Magnoliopsida","Laurales","Lauraceae","Litsea","Litsea ghatica","Litsea ghatica","Saldanha","Litsea ghatica"
"treeregen","Lit flo","Lit flo","Lit flo","Litsea floribunda","Litsea floribunda (Blume) Gamble  ","Lauraceae","Litsea floribunda (Blume) Gamble",4176629,"EXACT",99,"ACCEPTED","SPECIES","Plantae","Tracheophyta","Magnoliopsida","Laurales","Lauraceae","Litsea","Litsea floribunda","Litsea floribunda","(Blume) Gamble","Litsea floribunda"
"treeregen","Lit gla","Lit ole","Lit nig","Litsea nigrescens","Litsea glabrata (Wall.ex Nees) Hook.","Lauraceae","Litsea nigrescens Gamble",4182105,"EXACT",100,"ACCEPTED","SPECIES","Plantae","Tracheophyta","Magnoliopsida","Laurales","Lauraceae","Litsea","Litsea nigrescens","Litsea nigrescens","Gamble","Litsea nigrescens"
"treeregen","Lit mys","Lit mys","Lit mys","Litsea mysorensis","Litsea mysorensis Gamble","Lauraceae","Litsea mysorensis Gamble",4182224,"EXACT",99,"ACCEPTED","SPECIES","Plantae","Tracheophyta","Magnoliopsida","Laurales","Lauraceae","Litsea","Litsea mysorensis","Litsea mysorensis","Gamble","Litsea mysorensis"
"treeregen","Lit sp","Lit sp.","Lit sp.","Litsea sp.","Litsea sp.","Lauraceae","Litsea Lam.",3033976,"HIGHERRANK",94,"ACCEPTED","GENUS","Plantae","Tracheophyta","Magnoliopsida","Laurales","Lauraceae","Litsea",,"Litsea","Lam.","Litsea"
"treeregen","Lit sp_1","Lit sp_1","Lit sp_1","Litsea sp_1","Litsea sp_1","Lauraceae","Litsea Lam.",3033976,"HIGHERRANK",94,"ACCEPTED","GENUS","Plantae","Tracheophyta","Magnoliopsida","Laurales","Lauraceae","Litsea",,"Litsea","Lam.","Litsea"
"treeregen","Mac pel","Mac pel","Mac pel","Macaranga peltata","Macaranga peltata (Roxb.) Muell.-Arg. ","Euphorbiaceae","Macaranga peltata (Roxb.) Müll.Arg.",3074300,"EXACT",97,"ACCEPTED","SPECIES","Plantae","Tracheophyta","Magnoliopsida","Malpighiales","Euphorbiaceae","Macaranga","Macaranga peltata","Macaranga peltata","(Roxb.) Müll.Arg.","Macaranga peltata"
"treeregen","Mae emi","Mae emi","Mae emi","Maesopsis eminii","Maesopsis eminii Engl.","Rhamnaceae","Maesopsis eminii Engl.",3039521,"EXACT",99,"ACCEPTED","SPECIES","Plantae","Tracheophyta","Magnoliopsida","Rosales","Rhamnaceae","Maesopsis","Maesopsis eminii","Maesopsis eminii","Engl.","Maesopsis eminii"
"treeregen","Mae ind","Mae ind","Mae ind","Maesa indica","Maesa indica (Roxb.) DC","Primulaceae","Maesa indica (Roxb.) A.DC.",7736989,"EXACT",97,"ACCEPTED","SPECIES","Plantae","Tracheophyta","Magnoliopsida","Ericales","Primulaceae","Maesa","Maesa indica","Maesa indica","(Roxb.) A.DC.","Maesa indica"
"treeregen","Mal phi","Mal phi","Mal phi","Mallotus philippensis","Mallotus philippensis (Lam.) Muell.-Arg. ","Euphorbiaceae","Mallotus philippensis (Lam.) Müll.Arg.",5378605,"EXACT",98,"ACCEPTED","SPECIES","Plantae","Tracheophyta","Magnoliopsida","Malpighiales","Euphorbiaceae","Mallotus","Mallotus philippensis","Mallotus philippensis","(Lam.) Müll.Arg.","Mallotus philippensis"
"treeregen","Mal ste","Mal res","Mal res","Mallotus resinosus","Mallotus stenanthus Muell.-Arg.","Euphorbiaceae","Mallotus resinosus (Blanco) Merr.",5378500,"EXACT",99,"ACCEPTED","SPECIES","Plantae","Tracheophyta","Magnoliopsida","Malpighiales","Euphorbiaceae","Mallotus","Mallotus resinosus","Mallotus resinosus","(Blanco) Merr.","Mallotus resinosus"
"treeregen","Mal tet","Mal tet","Mal tet","Mallotus tetracoccus","Mallotus tetrococcus (Roxb.) Kurz","Euphorbiaceae","Mallotus tetracoccus (Roxb.) Kurz",5378538,"EXACT",99,"ACCEPTED","SPECIES","Plantae","Tracheophyta","Magnoliopsida","Malpighiales","Euphorbiaceae","Mallotus","Mallotus tetracoccus","Mallotus tetracoccus","(Roxb.) Kurz","Mallotus tetracoccus"
"treeregen","Man ind","Man ind","Man ind","Mangifera indica","Mangifera indica L. ","Anacardiaceae","Mangifera indica L.",3190638,"EXACT",97,"ACCEPTED","SPECIES","Plantae","Tracheophyta","Magnoliopsida","Sapindales","Anacardiaceae","Mangifera","Mangifera indica","Mangifera indica","L.","Mangifera indica"
"treeregen","Mar ind","NA","Mar ind","Margaritaria indica","Margaritaria indica (Dalz.)Airy Shaw ","Phyllanthaceae","Margaritaria indica (Dalzell) Airy Shaw",5383240,"EXACT",97,"ACCEPTED","SPECIES","Plantae","Tracheophyta","Magnoliopsida","Malpighiales","Phyllanthaceae","Margaritaria","Margaritaria indica","Margaritaria indica","(Dalzell) Airy Shaw","Margaritaria indica"
"treeregen","Mas arb","Mas arb","Mas arb","Mastixia arborea","Mastixia arborea (Wight) Bedd.  ","Cornaceae","Mastixia arborea (Wight) C.B.Clarke",7322079,"EXACT",99,"ACCEPTED","SPECIES","Plantae","Tracheophyta","Magnoliopsida","Cornales","Nyssaceae","Mastixia","Mastixia arborea","Mastixia arborea","(Wight) C.B.Clarke","Mastixia arborea"
"treeregen","Mei pan","Mei pan","Mei pan","Meiogyne pannosa","Meiogyne pannosa (Dalz.) Sinclair ","Annonaceae","Meiogyne pannosa (Dalzell) J.Sinclair",3158404,"EXACT",99,"ACCEPTED","SPECIES","Plantae","Tracheophyta","Magnoliopsida","Magnoliales","Annonaceae","Meiogyne","Meiogyne pannosa","Meiogyne pannosa","(Dalzell) J.Sinclair","Meiogyne pannosa"
"treeregen","Mel pin arn","Mel pin arn","Mel pin","Meliosma pinnata","Meliosma pinnata (Roxb.) Walp. subsp. arnottiana (Walp.) Beus. ","Sabiaceae","Meliosma pinnata (Roxb.) Maxim.",7269655,"EXACT",99,"ACCEPTED","SPECIES","Plantae","Tracheophyta","Magnoliopsida","Proteales","Sabiaceae","Meliosma","Meliosma pinnata","Meliosma pinnata","(Roxb.) Maxim.","Meliosma pinnata"
"treeregen","Mel sim","Mel sim","Mel sim","Meliosma simplicifolia","Meliosma simplicifolia (Roxb.) Walp.","Sabiaceae","Meliosma simplicifolia (Roxb.) Walp.",7269667,"EXACT",99,"ACCEPTED","SPECIES","Plantae","Tracheophyta","Magnoliopsida","Proteales","Sabiaceae","Meliosma","Meliosma simplicifolia","Meliosma simplicifolia","(Roxb.) Walp.","Meliosma simplicifolia"
"treeregen","Mem sis","NA","Mem sis","Memecylon sisparense","Memecylon sisparense Gamble","Melastomataceae","Memecylon sisparense Gamble",3863986,"EXACT",99,"ACCEPTED","SPECIES","Plantae","Tracheophyta","Magnoliopsida","Myrtales","Melastomataceae","Memecylon","Memecylon sisparense","Memecylon sisparense","Gamble","Memecylon sisparense"
"treeregen","Mes fer","Mes fer","Mes fer","Mesua ferrea","Mesua ferrea L. ","Calophyllaceae","Mesua ferrea L.",7330039,"EXACT",99,"ACCEPTED","SPECIES","Plantae","Tracheophyta","Magnoliopsida","Malpighiales","Calophyllaceae","Mesua","Mesua ferrea","Mesua ferrea","L.","Mesua ferrea"
"treeregen","Mic cha","Mic cha","Mag cha","Magnolia champaca","Michaelia champaca L.","Magnoliaceae","Magnolia champaca (L.) Baill. ex Pierre",3153099,"EXACT",97,"ACCEPTED","SPECIES","Plantae","Tracheophyta","Magnoliopsida","Magnoliales","Magnoliaceae","Magnolia","Magnolia champaca","Magnolia champaca","(L.) Baill. ex Pierre","Magnolia champaca"
"treeregen","Mil wig","Mil wig","Mil wig","Miliusa wightiana","Miliusa wightiana Hook.f. & Thomson","Annonaceae","Miliusa wightiana Hook.f. & Thomson",3156575,"EXACT",99,"ACCEPTED","SPECIES","Plantae","Tracheophyta","Magnoliopsida","Magnoliales","Annonaceae","Miliusa","Miliusa wightiana","Miliusa wightiana","Hook.f. & Thomson","Miliusa wightiana"
"treeregen","Mur pan","Mur pan","Mur pan","Murraya paniculata","Murraya paniculata (L.) Jacq.","Rutaceae","Murraya paniculata (L.) Jacq.",8190743,"EXACT",97,"ACCEPTED","SPECIES","Plantae","Tracheophyta","Magnoliopsida","Sapindales","Rutaceae","Murraya","Murraya paniculata","Murraya paniculata","(L.) Jacq.","Murraya paniculata"
"treeregen","Myr dac","Myr dac","Myr bed","Myristica beddomei","Myristica dactyloides Gaertn. ","Myristicaceae","Myristica beddomei King",7333695,"EDITED",,"ACCEPTED","SPECIES","Plantae","Tracheophyta","Magnoliopsida","Magnoliales","Myristicaceae","Myristica","Myristica beddomei","Myristica beddomei","King","Myristica beddomei"
"treeregen","Neo scr","Neo scr","Neo scr","Neolitsea scrobiculata","Neolitsea scrobiculata (Meisner) Gamble","Lauraceae","Neolitsea scrobiculata (Meisn.) Gamble",4179253,"EXACT",98,"SYNONYM","SPECIES","Plantae","Tracheophyta","Magnoliopsida","Laurales","Lauraceae","Neolitsea","Neolitsea pallens","Neolitsea scrobiculata","(Meisn.) Gamble","Neolitsea pallens"
"treeregen","Neo zey","Neo zey","Neo cas","Neolitsea cassia","Neolitsea zeylanica (Nees) Merr.","Lauraceae","Neolitsea cassia (L.) Kosterm.",4180148,"EXACT",98,"ACCEPTED","SPECIES","Plantae","Tracheophyta","Magnoliopsida","Laurales","Lauraceae","Neolitsea","Neolitsea cassia","Neolitsea cassia","(L.) Kosterm.","Neolitsea cassia"
"treeregen","Not bed","Not bed","Not bed","Nothopegia beddomei","Nothopegia beddomi Gamble","Anacardiaceae","Nothopegia beddomei Gamble",7321636,"EXACT",99,"ACCEPTED","SPECIES","Plantae","Tracheophyta","Magnoliopsida","Sapindales","Anacardiaceae","Nothopegia","Nothopegia beddomei","Nothopegia beddomei","Gamble","Nothopegia beddomei"
"treeregen","Not rac","Not rac","Not rac","Nothopegia racemosa","Nothopegia racemosa (Dalz.) Ramam. ","Anacardiaceae","Nothopegia racemosa (Dalzell) Ramamoorthy",7321616,"EXACT",98,"SYNONYM","SPECIES","Plantae","Tracheophyta","Magnoliopsida","Sapindales","Anacardiaceae","Nothopegia","Nothopegia castaneifolia","Nothopegia racemosa","(Dalzell) Ramamoorthy","Nothopegia castaneifolia"
"treeregen","Ole dio","Ole dio","Ole dio","Olea dioica","Olea dioica Roxb.","Oleaceae","Olea dioica Roxb.",7325912,"EXACT",99,"ACCEPTED","SPECIES","Plantae","Tracheophyta","Magnoliopsida","Lamiales","Oleaceae","Olea","Olea dioica","Olea dioica","Roxb.","Olea dioica"
"treeregen","Ore int","Ore int","Ore int","Oreocnide integrifolia","Oreocnide integrifolia (Gaudich.) Miq. ","Urticaceae","Oreocnide integrifolia (Gaudich.) Miq.",7300622,"EXACT",97,"ACCEPTED","SPECIES","Plantae","Tracheophyta","Magnoliopsida","Rosales","Urticaceae","Oreocnide","Oreocnide integrifolia","Oreocnide integrifolia","(Gaudich.) Miq.","Oreocnide integrifolia"
"treeregen","Orm tra","Orm tra","Orm tra","Ormosia travancorica","Ormosia travancorica Bedd.  ","Fabaceae","Ormosia travancorica Bedd.",5355445,"EXACT",99,"ACCEPTED","SPECIES","Plantae","Tracheophyta","Magnoliopsida","Fabales","Fabaceae","Ormosia","Ormosia travancorica","Ormosia travancorica","Bedd.","Ormosia travancorica"
"treeregen","Oro ery","NA","Oro ery","Orophea erythrocarpa","Orophea erythrocarpa Bedd.  ","Annonaceae","Orophea erythrocarpa Bedd.",3157947,"EXACT",99,"ACCEPTED","SPECIES","Plantae","Tracheophyta","Magnoliopsida","Magnoliales","Annonaceae","Orophea","Orophea erythrocarpa","Orophea erythrocarpa","Bedd.","Orophea erythrocarpa"
"treeregen","Oto sti","NA","Oto sti","Otonephelium stipulaceum","Otonephelium stipulaceum (Bedd.) Radlk.  ","Sapindaceae","Otonephelium stipulaceum (Bedd.) Radlk.",3786294,"EXACT",99,"ACCEPTED","SPECIES","Plantae","Tracheophyta","Magnoliopsida","Sapindales","Sapindaceae","Otonephelium","Otonephelium stipulaceum","Otonephelium stipulaceum","(Bedd.) Radlk.","Otonephelium stipulaceum"
"treeregen","Pal bou","Pal rav","Pal rav","Palaquium ravii","Palaquium bourdillonii Brandis","Sapotaceae","Palaquium ravii Sasidh. & Vink",2886647,"EXACT",99,"ACCEPTED","SPECIES","Plantae","Tracheophyta","Magnoliopsida","Ericales","Sapotaceae","Palaquium","Palaquium ravii","Palaquium ravii","Sasidh. & Vink","Palaquium ravii"
"treeregen","Pal ell","Pal ell","Pal ell","Palaquium ellipticum","Palaquium ellipticum (Dalz.)Baillon ","Sapotaceae","Palaquium ellipticum (Dalzell) Baill.",2886731,"EXACT",98,"ACCEPTED","SPECIES","Plantae","Tracheophyta","Magnoliopsida","Ericales","Sapotaceae","Palaquium","Palaquium ellipticum","Palaquium ellipticum","(Dalzell) Baill.","Palaquium ellipticum"
"treeregen","Per mac","Per mac","Per mac","Persea macrantha","Persea macrantha (Nees) Kosterm. ","Lauraceae","Persea macrantha (Nees) Kosterm.",4180895,"EXACT",98,"SYNONYM","SPECIES","Plantae","Tracheophyta","Magnoliopsida","Laurales","Lauraceae","Machilus","Machilus macranthus","Persea macrantha","(Nees) Kosterm.","Machilus macranthus"
"treeregen","Pho lan","Oco lan","Oco lan","Ocotea lancifolia","Phoebe lanceolata Nees ","Lauraceae","Ocotea lancifolia (Schott) Mez",4179892,"EXACT",99,"ACCEPTED","SPECIES","Plantae","Tracheophyta","Magnoliopsida","Laurales","Lauraceae","Ocotea","Ocotea lancifolia","Ocotea lancifolia","(Schott) Mez","Ocotea lancifolia"
"treeregen","Pho pan","Pho pan","Pho pan","Phoebe paniculata","Phoebe paniculata Nees","Lauraceae","Phoebe paniculata (Nees) Nees",5686154,"EXACT",98,"SYNONYM","SPECIES","Plantae","Tracheophyta","Magnoliopsida","Laurales","Lauraceae","Phoebe","Phoebe cathia","Phoebe paniculata","(Nees) Nees","Phoebe cathia"
"treeregen","Pod wal","Nag wal","Nag wal","Nageia wallichiana","Nageia wallichiana (Presl) Kuntze","Podocarpaceae","Nageia wallichiana (Presl) Kuntze",2687771,"EXACT",99,"ACCEPTED","SPECIES","Plantae","Tracheophyta","Pinopsida","Pinales","Podocarpaceae","Nageia","Nageia wallichiana","Nageia wallichiana","(Presl) Kuntze","Nageia wallichiana"
"treeregen","Pol fra","NA","Mon fra","Monoon fragrans","Polyalthia fragrans (Dalz.) Bedd. ","Annonaceae","Monoon fragrans (Dalzell) B.Xue & R.M.K.Saunders",10977892,"EXACT",98,"SYNONYM","SPECIES","Plantae","Tracheophyta","Magnoliopsida","Magnoliales","Annonaceae","Polyalthia","Polyalthia fragrans","Monoon fragrans","(Dalzell) B.Xue & R.M.K.Saunders","Polyalthia fragrans"
"treeregen","Pru cey","Pru cey","Pru cey","Prunus ceylanica","Prunus ceylanica (Wight) Miq. ","Rosaceae","Prunus ceylanica (Wight) Miq.",3023388,"EXACT",98,"SYNONYM","SPECIES","Plantae","Tracheophyta","Magnoliopsida","Rosales","Rosaceae","Pygeum","Pygeum ceylanicum","Prunus ceylanica","(Wight) Miq.","Pygeum ceylanicum"
"treeregen","Pse ana","Pse ana","Phy ana","Phyllanthus anamalayanus","Pseudoglochidion anamalayanum Gamble","Phyllanthaceae","Phyllanthus anamalayanus (Gamble) G.L.Webster",5382317,"EXACT",99,"ACCEPTED","SPECIES","Plantae","Tracheophyta","Magnoliopsida","Malpighiales","Phyllanthaceae","Phyllanthus","Phyllanthus anamalayanus","Phyllanthus anamalayanus","(Gamble) G.L.Webster","Phyllanthus anamalayanus"
"treeregen","Psy glo","Psy glo","Psy glo","Psychotria globicephala","Psychotria globicephala Gamble","Rubiaceae","Psychotria globicephala Gamble",2923520,"EXACT",99,"ACCEPTED","SPECIES","Plantae","Tracheophyta","Magnoliopsida","Gentianales","Rubiaceae","Psychotria","Psychotria globicephala","Psychotria globicephala","Gamble","Psychotria globicephala"
"treeregen","Psy sp.","Psy sp.","Psy sp.","Psychotria sp.",,"Rubiaceae","Psychotria L.",2919963,"HIGHERRANK",94,"ACCEPTED","GENUS","Plantae","Tracheophyta","Magnoliopsida","Gentianales","Rubiaceae","Psychotria",,"Psychotria","L.","Psychotria"
"treeregen","Rap wig","Rap wig","Myr wig","Myrsine wightiana","Rapanea wightiana (Wall. ex DC) Mez.","Primulaceae","Myrsine wightiana Wall.",3719191,"EXACT",97,"ACCEPTED","SPECIES","Plantae","Tracheophyta","Magnoliopsida","Ericales","Primulaceae","Myrsine","Myrsine wightiana","Myrsine wightiana","Wall.","Myrsine wightiana"
"treeregen","Rei ana","Rei ana","Rei ana","Reinwardtiodendron anamalaiense","Reinwardtiodendron anamallayanum (Bedd.) Saldanha ","Meliaceae","Reinwardtiodendron anamalaiense (Bedd.) Mabb.",3851637,"EXACT",99,"ACCEPTED","SPECIES","Plantae","Tracheophyta","Magnoliopsida","Sapindales","Meliaceae","Reinwardtiodendron","Reinwardtiodendron anamalaiense","Reinwardtiodendron anamalaiense","(Bedd.) Mabb.","Reinwardtiodendron anamalaiense"
"treeregen","Sco cre","Sco cre","Sco cre","Scolopia crenata","Scolopia crenata (Wt. & Arn.)","Salicaceae","Scolopia crenata (Wight & Arn.) Clos",7274178,"EXACT",99,"ACCEPTED","SPECIES","Plantae","Tracheophyta","Magnoliopsida","Malpighiales","Salicaceae","Scolopia","Scolopia crenata","Scolopia crenata","(Wight & Arn.) Clos","Scolopia crenata"
"treeregen","Sem tra","Sem tra","Sem tra","Semecarpus travancorica","Semecarpus travancorica Bedd.","Anacardiaceae","Semecarpus travancorica Bedd.",3662675,"EXACT",99,"ACCEPTED","SPECIES","Plantae","Tracheophyta","Magnoliopsida","Sapindales","Anacardiaceae","Semecarpus","Semecarpus travancorica","Semecarpus travancorica","Bedd.","Semecarpus travancorica"
"treeregen","Spa com","Spa cam","Spa cam","Spathodea campanulata","Spathodea campanulata Beauv.","Bignoniaceae","Spathodea campanulata Beauv.",3172574,"EXACT",97,"ACCEPTED","SPECIES","Plantae","Tracheophyta","Magnoliopsida","Lamiales","Bignoniaceae","Spathodea","Spathodea campanulata","Spathodea campanulata","Beauv.","Spathodea campanulata"
"treeregen","Spo acu","NA","Spo pin","Spondias pinnata","Spondias pinnata (L.f.) Kurz.","Anacardiaceae","Spondias pinnata (L.fil.) Kurz",3661030,"EXACT",99,"ACCEPTED","SPECIES","Plantae","Tracheophyta","Magnoliopsida","Sapindales","Anacardiaceae","Spondias","Spondias pinnata","Spondias pinnata","(L.fil.) Kurz","Spondias pinnata"
"treeregen","Ste gut","Ste gut","Ste gut","Sterculia guttata","Sterculia guttata Roxb.ex DC. ","Sterculiaceae","Sterculia guttata Roxb.",5546691,"EXACT",98,"ACCEPTED","SPECIES","Plantae","Tracheophyta","Magnoliopsida","Malvales","Malvaceae","Sterculia","Sterculia guttata","Sterculia guttata","Roxb.","Sterculia guttata"
"treeregen","Str cey","NA","Str cey","Strombosia ceylanica","Strombosia ceylanica Gardn.","Olacaceae","Strombosia ceylanica Gardner",3685749,"EXACT",99,"ACCEPTED","SPECIES","Plantae","Tracheophyta","Magnoliopsida","Santalales","Strombosiaceae","Strombosia","Strombosia ceylanica","Strombosia ceylanica","Gardner","Strombosia ceylanica"
"treeregen","Stro","NA","Stro sp.","Strobilanthes sp.","Strobilanthes sp.","Acanthaceae","Strobilanthes Blume",6359394,"HIGHERRANK",94,"ACCEPTED","GENUS","Plantae","Tracheophyta","Magnoliopsida","Lamiales","Acanthaceae","Strobilanthes",,"Strobilanthes","Blume","Strobilanthes"
"treeregen","Sym coc lau","NA","Sym acu","Symplocos acuminata","Symplocos cochinchinensis (Lour.) Moore subsp. laurina (Retz.) Nooteb. ","Symplocaceae","Symplocos acuminata Miq.",3643394,"EDITED",114,"SYNONYM","SPECIES","Plantae","Tracheophyta","Magnoliopsida","Ericales","Symplocaceae","Symplocos","Symplocos cochinchinensis","Symplocos acuminata",,"Symplocos cochinchinensis"
"treeregen","Sym mac mac","Sym mac","Sym mac","Symplocos macrophylla macrophylla","Symplocos macrophylla macrophylla","Symplocaceae","Symplocos macrophylla subsp. macrophylla",7318886,"EXACT",99,"ACCEPTED","SUBSPECIES","Plantae","Tracheophyta","Magnoliopsida","Ericales","Symplocaceae","Symplocos","Symplocos macrophylla","Symplocos macrophylla macrophylla",,"Symplocos macrophylla"
"treeregen","Sym mac ros","Sym mac","Sym ros","Symplocos macrophylla rosea","Symplocos macrophylla rosea (Bedd.) Noot.","Symplocaceae","Symplocos macrophylla subsp. rosea (Bedd.) Noot.",3643938,"EXACT",99,"SYNONYM","SUBSPECIES","Plantae","Tracheophyta","Magnoliopsida","Ericales","Symplocaceae","Symplocos","Symplocos rosea","Symplocos macrophylla rosea","(Bedd.) Noot.","Symplocos rosea"
"treeregen","Syz car","Syz car","Syz car","Syzygium caryophyllatum","Syzygium caryophyllatum (L.) Alston","Myrtaceae","Syzygium caryophyllatum (L.) Alston",3184431,"EXACT",98,"ACCEPTED","SPECIES","Plantae","Tracheophyta","Magnoliopsida","Myrtales","Myrtaceae","Syzygium","Syzygium caryophyllatum","Syzygium caryophyllatum","(L.) Alston","Syzygium caryophyllatum"
"treeregen","Syz den","Syz den","Syz den","Syzygium densiflorum","Syzygium densiflorum Wall. ex Wight & Arn.  ","Myrtaceae","Syzygium densiflorum Wall. ex Wight & Arn.",3182461,"EXACT",97,"ACCEPTED","SPECIES","Plantae","Tracheophyta","Magnoliopsida","Myrtales","Myrtaceae","Syzygium","Syzygium densiflorum","Syzygium densiflorum","Wall. ex Wight & Arn.","Syzygium densiflorum"
"treeregen","Syz gar","Syz gar","Syz gar","Syzygium gardneri","Syzygium gardneri Thw.","Myrtaceae","Syzygium gardneri Thwaites",3184746,"EXACT",99,"ACCEPTED","SPECIES","Plantae","Tracheophyta","Magnoliopsida","Myrtales","Myrtaceae","Syzygium","Syzygium gardneri","Syzygium gardneri","Thwaites","Syzygium gardneri"
"treeregen","Syz hem","Syz hem","Syz hem","Syzygium hemisphericum","Syzygium hemisphericum (Wight) Alston ","Myrtaceae","Syzygium hemisphericum (Walp.) Alston",3182227,"EXACT",99,"ACCEPTED","SPECIES","Plantae","Tracheophyta","Magnoliopsida","Myrtales","Myrtaceae","Syzygium","Syzygium hemisphericum","Syzygium hemisphericum","(Walp.) Alston","Syzygium hemisphericum"
"treeregen","Syz lae","Syz lae","Syz lae","Syzygium laetum","Syzygium laetum (Buch.-Ham.) Gandhi","Myrtaceae","Syzygium laetum (Ham.) Gandhi",3184698,"EXACT",98,"ACCEPTED","SPECIES","Plantae","Tracheophyta","Magnoliopsida","Myrtales","Myrtaceae","Syzygium","Syzygium laetum","Syzygium laetum","(Ham.) Gandhi","Syzygium laetum"
"treeregen","Ter bel","NA","Ter bel","Terminalia bellirica","Terminalia bellirica (Gaertn.) Roxb.  ","Combretaceae","Terminalia bellirica (Gaertn.) Roxb.",3189390,"EXACT",99,"ACCEPTED","SPECIES","Plantae","Tracheophyta","Magnoliopsida","Myrtales","Combretaceae","Terminalia","Terminalia bellirica","Terminalia bellirica","(Gaertn.) Roxb.","Terminalia bellirica"
"treeregen","Tet nud","Tet nud","Tet nud","Tetrameles nudiflora","Tetrameles nudiflora R.Br.  ","Tetramelaceae","Tetrameles nudiflora R.Br.",4205817,"EXACT",99,"ACCEPTED","SPECIES","Plantae","Tracheophyta","Magnoliopsida","Cucurbitales","Tetramelaceae","Tetrameles","Tetrameles nudiflora","Tetrameles nudiflora","R.Br.","Tetrameles nudiflora"
"treeregen","Tit dev","NA","Tit div","Tithonia diversifolia","Tithonia diversifolia (Hemsl.) A. Gray","Asteraceae","Tithonia diversifolia (Hemsl.) A.Gray",5396557,"EXACT",99,"ACCEPTED","SPECIES","Plantae","Tracheophyta","Magnoliopsida","Asterales","Asteraceae","Tithonia","Tithonia diversifolia","Tithonia diversifolia","(Hemsl.) A.Gray","Tithonia diversifolia"
"treeregen","Too cil","Too cil","Too cil","Toona ciliata","Toona ciliata M.Roem ","Meliaceae","Toona ciliata M.Roem.",3190472,"EXACT",99,"ACCEPTED","SPECIES","Plantae","Tracheophyta","Magnoliopsida","Sapindales","Meliaceae","Toona","Toona ciliata","Toona ciliata","M.Roem.","Toona ciliata"
"treeregen","Tri api","Dis api","Dis api","Discospermum apiocarpum","Tricalysia apiocarpa (Dalz.) Gamble","Rubiaceae","Discospermum apiocarpum Dalzell ex Hook.f.",2900402,"EXACT",98,"ACCEPTED","SPECIES","Plantae","Tracheophyta","Magnoliopsida","Gentianales","Rubiaceae","Discospermum","Discospermum apiocarpum","Discospermum apiocarpum","Dalzell ex Hook.f.","Discospermum apiocarpum"
"treeregen","Tri con","Hey tri","Hey tri","Heynea trijuga","Trichilia connaroides (Wight & Arn.) Bentvelzen ","Meliaceae","Heynea trijuga Roxb.",3852273,"EXACT",97,"ACCEPTED","SPECIES","Plantae","Tracheophyta","Magnoliopsida","Sapindales","Meliaceae","Heynea","Heynea trijuga","Heynea trijuga","Roxb.","Heynea trijuga"
"treeregen","Tur mal","Tur mal","Tur mal","Turpinia malabarica","Turpinia malabarica Gamble  ","Staphyleaceae","Turpinia malabarica Gamble",5550154,"EXACT",98,"SYNONYM","SPECIES","Plantae","Tracheophyta","Magnoliopsida","Crossosomatales","Staphyleaceae","Staphylea","Staphylea malabarica","Turpinia malabarica","Gamble","Staphylea malabarica"
"treeregen","UID_Celastraceae","UID_Celastraceae","UID_Celastraceae","UID_Celastraceae",,"Celastraceae","Celastraceae",6715,"EDITED",,"ACCEPTED","FAMILY","Plantae","Tracheophyta","Magnoliopsida","Celastrales","Celastraceae",,,"Celastraceae",,"Celastraceae"
"treeregen","UID_Rubiaceae","UID_Rubiaceae","UID_Rubiaceae","UID_Rubiaceae",,"Rubiaceae","Rubiaceae",8798,"EDITED",,"ACCEPTED","FAMILY","Plantae","Tracheophyta","Magnoliopsida","Gentianales","Rubiaceae",,,"Rubiaceae",,"Rubiaceae"
"treeregen","Vat ind","Vat ind","Vat ind","Vateria indica","Vateria indica L.  ","Dipterocarpaceae","Vateria indica L.",3189688,"EXACT",97,"ACCEPTED","SPECIES","Plantae","Tracheophyta","Magnoliopsida","Malvales","Dipterocarpaceae","Vateria","Vateria indica","Vateria indica","L.","Vateria indica"
"treeregen","Vep bil","Vep bil","Vep bil","Vepris bilocularis","Vepris bilocularis (Wight & Arn.) Engler  ","Rutaceae","Vepris bilocularis (Wight & Arn.) Engl.",3834708,"EXACT",99,"ACCEPTED","SPECIES","Plantae","Tracheophyta","Magnoliopsida","Sapindales","Rutaceae","Vepris","Vepris bilocularis","Vepris bilocularis","(Wight & Arn.) Engl.","Vepris bilocularis"
"treeregen","Ver mon","Ver arb","Ver arb","Vernonia arborea","Vernonia arborea Buch.-Ham.","Compositae","Vernonia arborea Buch.-Ham.",7883048,"EDITED",114,"SYNONYM","SPECIES","Plantae","Tracheophyta","Magnoliopsida","Asterales","Asteraceae","Strobocalyx","Strobocalyx arborea","Vernonia arborea",,"Strobocalyx arborea"
"treeregen","Zan rhe","NA","Zan rhe","Zanthoxylum rhetsa","Zanthoxylum rhetsa (Roxb.) DC. ","Rutaceae","Zanthoxylum rhetsa (Roxb.) DC.",3834800,"EXACT",99,"ACCEPTED","SPECIES","Plantae","Tracheophyta","Magnoliopsida","Sapindales","Rutaceae","Zanthoxylum","Zanthoxylum rhetsa","Zanthoxylum rhetsa","(Roxb.) DC.","Zanthoxylum rhetsa"
"canopy","Phy ret","NA","Phy ret","Phyllanthus reticulatus","Phyllanthus reticulatus Poir.","Phyllanthaceae","Phyllanthus reticulatus Poir.",5382478,"EXACT",99,"ACCEPTED","SPECIES","Plantae","Tracheophyta","Magnoliopsida","Malpighiales","Phyllanthaceae","Phyllanthus","Phyllanthus reticulatus","Phyllanthus reticulatus","Poir.","Phyllanthus reticulatus"
"canopy","Fic sp.","NA","Fic sp.","Ficus sp.","Ficus L.","Moraceae","Ficus L.",2984588,"EXACT",96,"ACCEPTED","GENUS","Plantae","Tracheophyta","Magnoliopsida","Rosales","Moraceae","Ficus",,"Ficus","L.",
