WeirdSiteID,PlotID,Plant.year,Site_ID,Site_type,treespecies,gbh1,gbh2,gbh3,gbh4,gbh5,gbh6,gbh7,gbh8,gbh9,gbh10,gbh11,height,Notes
IPTOP,R04,2004,IPTO_04R,Restored,Maesa indica,16.0,14.0,10.0,0.0,0.0,0.0,0.0,0.0,0.0,0.0,0.0,4.0,
IPTOP,R04,2004,IPTO_04R,Restored,Litsea floribunda,15.0,13.0,11.0,0.0,0.0,0.0,0.0,0.0,0.0,0.0,0.0,5.0,
IPTOP,R04,2004,IPTO_04R,Restored,Maesa indica,10.0,0.0,0.0,0.0,0.0,0.0,0.0,0.0,0.0,0.0,0.0,5.0,
IPTOP,R04,2004,IPTO_04R,Restored,Maesa indica,12.0,14.0,0.0,0.0,0.0,0.0,0.0,0.0,0.0,0.0,0.0,5.0,
IPTOP,R04,2004,IPTO_04R,Restored,Maesa indica,20.0,22.0,0.0,0.0,0.0,0.0,0.0,0.0,0.0,0.0,0.0,7.0,
IPTOP,R04,2004,IPTO_04R,Restored,Litsea floribunda,55.0,17.0,0.0,0.0,0.0,0.0,0.0,0.0,0.0,0.0,0.0,9.0,
IPTOP,R04,2004,IPTO_04R,Restored,Litsea oleiodes,27.0,0.0,0.0,0.0,0.0,0.0,0.0,0.0,0.0,0.0,0.0,7.0,
IPTOP,R04,2004,IPTO_04R,Restored,Maesa indica,17.0,13.0,0.0,0.0,0.0,0.0,0.0,0.0,0.0,0.0,0.0,5.0,
IPTOP,R04,2004,IPTO_04R,Restored,Maesa indica,21.0,13.0,0.0,0.0,0.0,0.0,0.0,0.0,0.0,0.0,0.0,6.0,
IPTOP,R04,2004,IPTO_04R,Restored,Euodia lunu-ankenda,11.0,0.0,0.0,0.0,0.0,0.0,0.0,0.0,0.0,0.0,0.0,4.5,
IPTOP,R04,2004,IPTO_04R,Restored,Maesa indica,11.0,0.0,0.0,0.0,0.0,0.0,0.0,0.0,0.0,0.0,0.0,4.5,
IPTOP,R04,2004,IPTO_04R,Restored,Litsea oleiodes,37.0,0.0,0.0,0.0,0.0,0.0,0.0,0.0,0.0,0.0,0.0,9.0,
IPTOP,R04,2004,IPTO_04R,Restored,Cinnamomum malabathrum,28.0,0.0,0.0,0.0,0.0,0.0,0.0,0.0,0.0,0.0,0.0,5.0,
IPTOP,R04,2004,IPTO_04R,Restored,Litsea floribunda,19.0,0.0,0.0,0.0,0.0,0.0,0.0,0.0,0.0,0.0,0.0,5.0,
IPTOP,R04,2004,IPTO_04R,Restored,Maesa indica,16.0,13.0,0.0,0.0,0.0,0.0,0.0,0.0,0.0,0.0,0.0,5.5,
IPTOP,R04,2004,IPTO_04R,Restored,Cinnamomum malabathrum,40.0,0.0,0.0,0.0,0.0,0.0,0.0,0.0,0.0,0.0,0.0,8.5,
IPTOP,R04,2004,IPTO_04R,Restored,Olea dioica,23.0,0.0,0.0,0.0,0.0,0.0,0.0,0.0,0.0,0.0,0.0,8.0,
IPTOP,R04,2004,IPTO_04R,Restored,Maesa indica,20.0,15.0,0.0,0.0,0.0,0.0,0.0,0.0,0.0,0.0,0.0,6.0,
IPTOP,R04,2004,IPTO_04R,Restored,Maesa indica,18.0,0.0,0.0,0.0,0.0,0.0,0.0,0.0,0.0,0.0,0.0,4.0,
IPTOP,R04,2004,IPTO_04R,Restored,Maesa indica,21.0,13.0,12.0,14.0,0.0,0.0,0.0,0.0,0.0,0.0,0.0,5.0,
IPTOP,R04,2004,IPTO_04R,Restored,Olea dioica,10.0,10.0,17.0,0.0,0.0,0.0,0.0,0.0,0.0,0.0,0.0,5.0,
IPTOP,R04,2004,IPTO_04R,Restored,Litsea stocksii,21.0,0.0,0.0,0.0,0.0,0.0,0.0,0.0,0.0,0.0,0.0,5.0,
IPTOP,R04,2004,IPTO_04R,Restored,Mallotus tetracoccus,78.0,84.0,0.0,0.0,0.0,0.0,0.0,0.0,0.0,0.0,0.0,10.0,
IPTOP,R04,2004,IPTO_04R,Restored,Maesa indica,16.0,20.0,0.0,0.0,0.0,0.0,0.0,0.0,0.0,0.0,0.0,6.0,
IPTOP,R04,2004,IPTO_04R,Restored,Persea macarantha,16.0,0.0,0.0,0.0,0.0,0.0,0.0,0.0,0.0,0.0,0.0,5.0,
IPTOP,R04,2004,IPTO_04R,Restored,Maesa indica,20.0,0.0,0.0,0.0,0.0,0.0,0.0,0.0,0.0,0.0,0.0,5.0,
IPTOP,R04,2004,IPTO_04R,Restored,Maesa indica,14.0,0.0,0.0,0.0,0.0,0.0,0.0,0.0,0.0,0.0,0.0,4.5,
IPTOP,R04,2004,IPTO_04R,Restored,Cinnamomum malabathrum,12.0,0.0,0.0,0.0,0.0,0.0,0.0,0.0,0.0,0.0,0.0,4.0,
IPTOP,R04,2004,IPTO_04R,Restored,Maesa indica,20.0,13.0,18.0,0.0,0.0,0.0,0.0,0.0,0.0,0.0,0.0,4.5,
IPTOP,R04,2004,IPTO_04R,Restored,Syzygium densiflorum,23.0,0.0,0.0,0.0,0.0,0.0,0.0,0.0,0.0,0.0,0.0,7.0,
IPTOP,R04,2004,IPTO_04R,Restored,Bischofia javanica,13.0,22.0,30.0,0.0,0.0,0.0,0.0,0.0,0.0,0.0,0.0,8.0,
IPTOP,R04,2004,IPTO_04R,Restored,Clerodendrum infortunatum,17.0,0.0,0.0,0.0,0.0,0.0,0.0,0.0,0.0,0.0,0.0,6.0,
IPTOP,R04,2004,IPTO_04R,Restored,Mallotus tetracoccus,73.0,0.0,0.0,0.0,0.0,0.0,0.0,0.0,0.0,0.0,0.0,13.0,
IPTOP,R04,2004,IPTO_04R,Restored,Clerodendrum infortunatum,15.0,0.0,0.0,0.0,0.0,0.0,0.0,0.0,0.0,0.0,0.0,5.0,
IPTOP,R04,2004,IPTO_04R,Restored,Clerodendrum infortunatum,15.0,0.0,0.0,0.0,0.0,0.0,0.0,0.0,0.0,0.0,0.0,6.5,
IPTOP,R04,2004,IPTO_04R,Restored,Clerodendrum infortunatum,16.0,0.0,0.0,0.0,0.0,0.0,0.0,0.0,0.0,0.0,0.0,6.0,
IPTOP,R04,2004,IPTO_04R,Restored,Clerodendrum infortunatum,15.0,0.0,0.0,0.0,0.0,0.0,0.0,0.0,0.0,0.0,0.0,5.0,
IPTOP,R04,2004,IPTO_04R,Restored,Clerodendrum infortunatum,13.0,18.0,15.0,0.0,0.0,0.0,0.0,0.0,0.0,0.0,0.0,6.0,
IPTOP,R04,2004,IPTO_04R,Restored,Clerodendrum infortunatum,15.0,0.0,0.0,0.0,0.0,0.0,0.0,0.0,0.0,0.0,0.0,5.0,
IPTOP,R04,2004,IPTO_04R,Restored,Clerodendrum infortunatum,12.0,12.0,11.0,0.0,0.0,0.0,0.0,0.0,0.0,0.0,0.0,5.0,
IPTOP,R04,2004,IPTO_04R,Restored,Litsea floribunda,73.0,0.0,0.0,0.0,0.0,0.0,0.0,0.0,0.0,0.0,0.0,8.0,
IPTOP,R04,2004,IPTO_04R,Restored,Persea macarantha,27.0,0.0,0.0,0.0,0.0,0.0,0.0,0.0,0.0,0.0,0.0,9.0,
IPTOP,R04,2004,IPTO_04R,Restored,Clerodendrum infortunatum,15.0,0.0,0.0,0.0,0.0,0.0,0.0,0.0,0.0,0.0,0.0,4.0,
IPTOP,R04,2004,IPTO_04R,Restored,Clerodendrum infortunatum,11.0,0.0,0.0,0.0,0.0,0.0,0.0,0.0,0.0,0.0,0.0,3.0,
IPTOP,R04,2004,IPTO_04R,Restored,Actinodaphne malabaricum,47.0,31.0,0.0,0.0,0.0,0.0,0.0,0.0,0.0,0.0,0.0,9.0,
IPTOP,R04,2004,IPTO_04R,Restored,Syzygium hemisphericum,15.0,0.0,0.0,0.0,0.0,0.0,0.0,0.0,0.0,0.0,0.0,4.0,
IPTOP,R04,2004,IPTO_04R,Restored,Litsea floribunda,48.0,0.0,0.0,0.0,0.0,0.0,0.0,0.0,0.0,0.0,0.0,9.0,
IPTOP,R04,2004,IPTO_04R,Restored,Olea dioica,15.0,11.0,0.0,0.0,0.0,0.0,0.0,0.0,0.0,0.0,0.0,5.0,
IPTOP,R04,2004,IPTO_04R,Restored,Clerodendrum infortunatum,13.0,0.0,0.0,0.0,0.0,0.0,0.0,0.0,0.0,0.0,0.0,4.0,
IPTOP,R04,2004,IPTO_04R,Restored,Clerodendrum infortunatum,13.0,0.0,0.0,0.0,0.0,0.0,0.0,0.0,0.0,0.0,0.0,4.0,
IPTOP,R04,2004,IPTO_04R,Restored,Clerodendrum infortunatum,17.0,0.0,0.0,0.0,0.0,0.0,0.0,0.0,0.0,0.0,0.0,4.0,
IPTOP,R04,2004,IPTO_04R,Restored,Maesa indica,28.0,16.0,0.0,0.0,0.0,0.0,0.0,0.0,0.0,0.0,0.0,6.0,
IPTOP,R04,2004,IPTO_04R,Restored,Litsea floribunda,35.0,27.0,23.0,0.0,0.0,0.0,0.0,0.0,0.0,0.0,0.0,7.0,
IPTOP,R04,2004,IPTO_04U,Unrestored,Maesa indica,21.0,0.0,0.0,0.0,0.0,0.0,0.0,0.0,0.0,0.0,0.0,3.0,
IPTOP,R04,2004,IPTO_04U,Unrestored,Clerodendrum infortunatum,19.0,0.0,0.0,0.0,0.0,0.0,0.0,0.0,0.0,0.0,0.0,3.5,
IPTOP,R04,2004,IPTO_04U,Unrestored,Clerodendrum infortunatum,16.0,0.0,0.0,0.0,0.0,0.0,0.0,0.0,0.0,0.0,0.0,4.5,
IPTOP,R04,2004,IPTO_04U,Unrestored,Litsea stocksii,25.0,0.0,0.0,0.0,0.0,0.0,0.0,0.0,0.0,0.0,0.0,6.0,
IPTOP,R04,2004,IPTO_04U,Unrestored,Maesa indica,11.0,0.0,0.0,0.0,0.0,0.0,0.0,0.0,0.0,0.0,0.0,4.0,
IPTOP,R04,2004,IPTO_04U,Unrestored,Clerodendrum infortunatum,18.0,20.0,0.0,0.0,0.0,0.0,0.0,0.0,0.0,0.0,0.0,4.5,
IPTOP,R04,2004,IPTO_04U,Unrestored,Ficus hispida,16.0,30.0,0.0,0.0,0.0,0.0,0.0,0.0,0.0,0.0,0.0,5.0,
IPTOP,R04,2004,IPTO_04U,Unrestored,Actinodaphne tadulingamii,14.0,0.0,0.0,0.0,0.0,0.0,0.0,0.0,0.0,0.0,0.0,4.0,
IPTOP,R04,2004,IPTO_04U,Unrestored,Clerodendrum infortunatum,10.0,0.0,0.0,0.0,0.0,0.0,0.0,0.0,0.0,0.0,0.0,4.0,
IPTOP,R04,2004,IPTO_04U,Unrestored,Acronychia pedunculata,20.0,79.0,20.0,0.0,0.0,0.0,0.0,0.0,0.0,0.0,0.0,6.0,
IPTOP,R04,2004,IPTO_04U,Unrestored,Clerodendrum infortunatum,27.0,0.0,0.0,0.0,0.0,0.0,0.0,0.0,0.0,0.0,0.0,6.0,
IPTOP,R04,2004,IPTO_04U,Unrestored,Clerodendrum infortunatum,11.0,0.0,0.0,0.0,0.0,0.0,0.0,0.0,0.0,0.0,0.0,5.0,
IPTOP,R04,2004,IPTO_04U,Unrestored,Maesa indica,10.0,0.0,0.0,0.0,0.0,0.0,0.0,0.0,0.0,0.0,0.0,4.0,
IPTOP,R04,2004,IPTO_04U,Unrestored,Clerodendrum infortunatum,13.0,0.0,0.0,0.0,0.0,0.0,0.0,0.0,0.0,0.0,0.0,4.0,
IPTOP,R04,2004,IPTO_04U,Unrestored,Acronychia pedunculata,28.0,25.0,0.0,0.0,0.0,0.0,0.0,0.0,0.0,0.0,0.0,5.5,
IPTOP,R04,2004,IPTO_04U,Unrestored,Acronychia pedunculata,27.0,17.0,0.0,0.0,0.0,0.0,0.0,0.0,0.0,0.0,0.0,6.0,
IPTOP,R04,2004,IPTO_04U,Unrestored,Persea macarantha,17.0,0.0,0.0,0.0,0.0,0.0,0.0,0.0,0.0,0.0,0.0,5.0,
IPTOP,R04,2004,IPTO_04U,Unrestored,Eugenia sp.,17.0,0.0,0.0,0.0,0.0,0.0,0.0,0.0,0.0,0.0,0.0,5.0,
IPTOP,R04,2004,IPTO_04U,Unrestored,Litsea floribunda,21.0,0.0,0.0,0.0,0.0,0.0,0.0,0.0,0.0,0.0,0.0,6.0,
IPTOP,R04,2004,IPTO_04U,Unrestored,Cinnamomum malabathrum,23.0,0.0,0.0,0.0,0.0,0.0,0.0,0.0,0.0,0.0,0.0,5.0,
IPTOP,R04,2004,IPTO_04U,Unrestored,Macaranga peltata,39.0,0.0,0.0,0.0,0.0,0.0,0.0,0.0,0.0,0.0,0.0,6.0,
IPTOP,R04,2004,IPTO_04U,Unrestored,Ficus hispida,18.0,0.0,0.0,0.0,0.0,0.0,0.0,0.0,0.0,0.0,0.0,4.0,
IPTOP,R04,2004,IPTO_04U,Unrestored,Heritiera papilio,10.0,0.0,0.0,0.0,0.0,0.0,0.0,0.0,0.0,0.0,0.0,5.0,
IPTOP,R04,2004,IPTO_04U,Unrestored,Cinnamomum malabathrum,22.0,0.0,0.0,0.0,0.0,0.0,0.0,0.0,0.0,0.0,0.0,5.5,
IPTOP,R04,2004,IPTO_04U,Unrestored,Macaranga peltata,36.0,0.0,0.0,0.0,0.0,0.0,0.0,0.0,0.0,0.0,0.0,9.0,
IPTOP,R04,2004,IPTO_04U,Unrestored,Clerodendrum infortunatum,13.0,0.0,0.0,0.0,0.0,0.0,0.0,0.0,0.0,0.0,0.0,4.5,
IPTOP,R04,2004,IPTO_04U,Unrestored,Clerodendrum infortunatum,24.0,0.0,0.0,0.0,0.0,0.0,0.0,0.0,0.0,0.0,0.0,5.0,
IPTOP,R04,2004,IPTO_04U,Unrestored,Eugenia sp.,16.0,0.0,0.0,0.0,0.0,0.0,0.0,0.0,0.0,0.0,0.0,5.5,
IPTOP,R04,2004,IPTO_04U,Unrestored,Neolitsea zeylanica,12.0,0.0,0.0,0.0,0.0,0.0,0.0,0.0,0.0,0.0,0.0,4.5,
IPTOP,R04,2004,IPTO_04U,Unrestored,Clerodendrum infortunatum,14.0,0.0,0.0,0.0,0.0,0.0,0.0,0.0,0.0,0.0,0.0,4.5,
IPTOP,R04,2004,IPTO_04U,Unrestored,Litsea floribunda,27.0,0.0,0.0,0.0,0.0,0.0,0.0,0.0,0.0,0.0,0.0,6.0,
IPTOP,R04,2004,IPTO_04U,Unrestored,Maesa indica,13.0,0.0,0.0,0.0,0.0,0.0,0.0,0.0,0.0,0.0,0.0,5.0,
IPTOP,R04,2004,IPTO_04U,Unrestored,Maesa indica,10.0,0.0,0.0,0.0,0.0,0.0,0.0,0.0,0.0,0.0,0.0,4.0,
IPTOP,R04,2004,IPTO_04U,Unrestored,Cinnamomum malabathrum,11.0,0.0,0.0,0.0,0.0,0.0,0.0,0.0,0.0,0.0,0.0,3.0,
IPTOP,R04,2004,IPTO_04U,Unrestored,Litsea floribunda,16.0,0.0,0.0,0.0,0.0,0.0,0.0,0.0,0.0,0.0,0.0,4.5,
IPTOP,R04,2004,IPTO_04U,Unrestored,Ficus hispida,38.0,0.0,0.0,0.0,0.0,0.0,0.0,0.0,0.0,0.0,0.0,6.0,
IPTOP,R04,2004,IPTO_04U,Unrestored,Ficus hispida,13.0,0.0,0.0,0.0,0.0,0.0,0.0,0.0,0.0,0.0,0.0,4.5,
IPTOP,R04,2004,IPTO_04U,Unrestored,Clerodendrum infortunatum,21.0,0.0,0.0,0.0,0.0,0.0,0.0,0.0,0.0,0.0,0.0,4.0,
IPTOP,R04,2004,IPTO_04U,Unrestored,Litsea floribunda,14.0,0.0,0.0,0.0,0.0,0.0,0.0,0.0,0.0,0.0,0.0,4.5,
IPTOP,R05,2005,IPTO_05U,Unrestored,Cinnamomum malabathrum,25.0,30.0,0.0,0.0,0.0,0.0,0.0,0.0,0.0,0.0,0.0,5.5,
IPTOP,R05,2005,IPTO_05U,Unrestored,Cinnamomum malabathrum,30.0,0.0,0.0,0.0,0.0,0.0,0.0,0.0,0.0,0.0,0.0,4.0,
IPTOP,R05,2005,IPTO_05U,Unrestored,Cinnamomum malabathrum,17.0,0.0,0.0,0.0,0.0,0.0,0.0,0.0,0.0,0.0,0.0,4.5,
IPTOP,R05,2005,IPTO_05U,Unrestored,Ficus hispida,18.0,18.0,0.0,0.0,0.0,0.0,0.0,0.0,0.0,0.0,0.0,4.5,
IPTOP,R05,2005,IPTO_05U,Unrestored,Clerodendrum infortunatum,32.0,0.0,0.0,0.0,0.0,0.0,0.0,0.0,0.0,0.0,0.0,4.5,
IPTOP,R05,2005,IPTO_05U,Unrestored,Clerodendrum infortunatum,16.0,0.0,0.0,0.0,0.0,0.0,0.0,0.0,0.0,0.0,0.0,4.0,
IPTOP,R05,2005,IPTO_05U,Unrestored,Mallotus tetracoccus,30.0,0.0,0.0,0.0,0.0,0.0,0.0,0.0,0.0,0.0,0.0,6.5,
IPTOP,R05,2005,IPTO_05U,Unrestored,Clerodendrum infortunatum,16.0,0.0,0.0,0.0,0.0,0.0,0.0,0.0,0.0,0.0,0.0,4.0,
IPTOP,R05,2005,IPTO_05U,Unrestored,Macaranga peltata,37.0,0.0,0.0,0.0,0.0,0.0,0.0,0.0,0.0,0.0,0.0,6.5,
IPTOP,R05,2005,IPTO_05U,Unrestored,Trema orientalis,27.0,0.0,0.0,0.0,0.0,0.0,0.0,0.0,0.0,0.0,0.0,5.5,
IPTOP,R05,2005,IPTO_05U,Unrestored,Neolitsea zeylanica,24.0,27.0,0.0,0.0,0.0,0.0,0.0,0.0,0.0,0.0,0.0,5.5,
IPTOP,R05,2005,IPTO_05U,Unrestored,Clerodendrum infortunatum,17.0,0.0,0.0,0.0,0.0,0.0,0.0,0.0,0.0,0.0,0.0,4.5,
IPTOP,R05,2005,IPTO_05U,Unrestored,Mesua ferrea,23.0,19.0,16.0,0.0,0.0,0.0,0.0,0.0,0.0,0.0,0.0,6.0,
IPTOP,R05,2005,IPTO_05U,Unrestored,Cinnamomum malabathrum,16.0,0.0,0.0,0.0,0.0,0.0,0.0,0.0,0.0,0.0,0.0,5.0,
IPTOP,R05,2005,IPTO_05U,Unrestored,Litsea floribunda,22.0,13.0,0.0,0.0,0.0,0.0,0.0,0.0,0.0,0.0,0.0,5.5,
IPTOP,R05,2005,IPTO_05U,Unrestored,Mallotus tetracoccus,55.0,0.0,0.0,0.0,0.0,0.0,0.0,0.0,0.0,0.0,0.0,7.5,
IPTOP,R05,2005,IPTO_05U,Unrestored,Macaranga peltata,28.0,0.0,0.0,0.0,0.0,0.0,0.0,0.0,0.0,0.0,0.0,5.5,
IPTOP,R05,2005,IPTO_05U,Unrestored,Cinnamomum malabathrum,17.5,0.0,0.0,0.0,0.0,0.0,0.0,0.0,0.0,0.0,0.0,5.0,
IPTOP,R05,2005,IPTO_05U,Unrestored,Ficus hispida,12.0,0.0,0.0,0.0,0.0,0.0,0.0,0.0,0.0,0.0,0.0,3.0,
IPTOP,R05,2005,IPTO_05U,Unrestored,Cinnamomum malabathrum,25.0,0.0,0.0,0.0,0.0,0.0,0.0,0.0,0.0,0.0,0.0,4.5,
IPTOP,R05,2005,IPTO_05U,Unrestored,Macaranga peltata,23.0,0.0,0.0,0.0,0.0,0.0,0.0,0.0,0.0,0.0,0.0,5.5,
IPTOP,R05,2005,IPTO_05U,Unrestored,Clerodendrum infortunatum,11.0,0.0,0.0,0.0,0.0,0.0,0.0,0.0,0.0,0.0,0.0,3.5,
IPTOP,R05,2005,IPTO_05U,Unrestored,Cinnamomum malabathrum,37.0,0.0,0.0,0.0,0.0,0.0,0.0,0.0,0.0,0.0,0.0,4.0,
IPTOP,R05,2005,IPTO_05U,Unrestored,Clerodendrum infortunatum,17.0,0.0,0.0,0.0,0.0,0.0,0.0,0.0,0.0,0.0,0.0,3.0,
IPTOP,R05,2005,IPTO_05U,Unrestored,Clerodendrum infortunatum,14.0,0.0,0.0,0.0,0.0,0.0,0.0,0.0,0.0,0.0,0.0,3.5,
IPTOP,R05,2005,IPTO_05U,Unrestored,Cinnamomum malabathrum,21.0,13.0,10.0,0.0,0.0,0.0,0.0,0.0,0.0,0.0,0.0,4.5,
IPTOP,R05,2005,IPTO_05U,Unrestored,Mallotus tetracoccus,40.0,0.0,0.0,0.0,0.0,0.0,0.0,0.0,0.0,0.0,0.0,6.5,
IPTOP,R05,2005,IPTO_05U,Unrestored,Clerodendrum infortunatum,14.0,0.0,0.0,0.0,0.0,0.0,0.0,0.0,0.0,0.0,0.0,3.5,
IPTOP,R05,2005,IPTO_05U,Unrestored,Ficus hispida,10.0,0.0,0.0,0.0,0.0,0.0,0.0,0.0,0.0,0.0,0.0,4.0,
IPTOP,R05,2005,IPTO_05U,Unrestored,Trema orientalis,31.0,0.0,0.0,0.0,0.0,0.0,0.0,0.0,0.0,0.0,0.0,6.5,
IPTOP,R05,2005,IPTO_05U,Unrestored,Clerodendrum infortunatum,18.0,0.0,0.0,0.0,0.0,0.0,0.0,0.0,0.0,0.0,0.0,4.0,
IPTOP,R05,2005,IPTO_05U,Unrestored,Ficus hispida,28.0,0.0,0.0,0.0,0.0,0.0,0.0,0.0,0.0,0.0,0.0,4.0,
IPTOP,R05,2005,IPTO_05U,Unrestored,Persea macarantha,11.0,0.0,0.0,0.0,0.0,0.0,0.0,0.0,0.0,0.0,0.0,3.5,
IPTOP,R05,2005,IPTO_05U,Unrestored,Ficus hispida,14.0,0.0,0.0,0.0,0.0,0.0,0.0,0.0,0.0,0.0,0.0,4.5,
IPTOP,R05,2005,IPTO_05U,Unrestored,Cinnamomum malabathrum,14.0,0.0,0.0,0.0,0.0,0.0,0.0,0.0,0.0,0.0,0.0,3.5,
IPTOP,R05,2005,IPTO_05U,Unrestored,Macaranga peltata,23.0,0.0,0.0,0.0,0.0,0.0,0.0,0.0,0.0,0.0,0.0,5.5,
IPTOP,R05,2005,IPTO_05U,Unrestored,Maesa indica,18.0,0.0,0.0,0.0,0.0,0.0,0.0,0.0,0.0,0.0,0.0,3.5,
IPTOP,R05,2005,IPTO_05U,Unrestored,Macaranga peltata,30.0,0.0,0.0,0.0,0.0,0.0,0.0,0.0,0.0,0.0,0.0,5.0,
IPTOP,R05,2005,IPTO_05U,Unrestored,Cinnamomum malabathrum,28.0,0.0,0.0,0.0,0.0,0.0,0.0,0.0,0.0,0.0,0.0,5.0,
IPTOP,R05,2005,IPTO_05U,Unrestored,Ficus hispida,12.0,0.0,0.0,0.0,0.0,0.0,0.0,0.0,0.0,0.0,0.0,3.0,
IPTOP,R05,2005,IPTO_05U,Unrestored,Persea macarantha,33.0,0.0,0.0,0.0,0.0,0.0,0.0,0.0,0.0,0.0,0.0,6.0,
IPTOP,R05,2005,IPTO_05U,Unrestored,Mallotus tetracoccus,70.0,0.0,0.0,0.0,0.0,0.0,0.0,0.0,0.0,0.0,0.0,8.5,
IPTOP,R05,2005,IPTO_05U,Unrestored,Ficus hispida,31.0,27.0,0.0,0.0,0.0,0.0,0.0,0.0,0.0,0.0,0.0,5.5,
IPTOP,R05,2005,IPTO_05U,Unrestored,Ficus hispida,18.0,0.0,0.0,0.0,0.0,0.0,0.0,0.0,0.0,0.0,0.0,4.0,
IPTOP,R05,2005,IPTO_05U,Unrestored,Macaranga peltata,26.0,0.0,0.0,0.0,0.0,0.0,0.0,0.0,0.0,0.0,0.0,5.0,
IPTOP,R05,2005,IPTO_05U,Unrestored,Maesa indica,15.0,0.0,0.0,0.0,0.0,0.0,0.0,0.0,0.0,0.0,0.0,4.0,
IPTOP,R05,2005,IPTO_05U,Unrestored,Maesa indica,25.0,0.0,0.0,0.0,0.0,0.0,0.0,0.0,0.0,0.0,0.0,5.0,
IPTOP,R05,2005,IPTO_05U,Unrestored,Maesa indica,13.0,0.0,0.0,0.0,0.0,0.0,0.0,0.0,0.0,0.0,0.0,3.0,
IPTOP,R05,2005,IPTO_05U,Unrestored,Maesa indica,14.0,16.0,0.0,0.0,0.0,0.0,0.0,0.0,0.0,0.0,0.0,3.5,
IPTOP,R05,2005,IPTO_05U,Unrestored,Clerodendrum infortunatum,16.0,0.0,0.0,0.0,0.0,0.0,0.0,0.0,0.0,0.0,0.0,3.5,
IPTOP,R05,2005,IPTO_05U,Unrestored,Clerodendrum infortunatum,23.0,0.0,0.0,0.0,0.0,0.0,0.0,0.0,0.0,0.0,0.0,4.5,
IPTOP,R05,2005,IPTO_05U,Unrestored,Clerodendrum infortunatum,21.0,0.0,0.0,0.0,0.0,0.0,0.0,0.0,0.0,0.0,0.0,3.0,
IPTOP,R05,2005,IPTO_05U,Unrestored,Ficus hispida,13.0,0.0,0.0,0.0,0.0,0.0,0.0,0.0,0.0,0.0,0.0,4.0,
IPTOP,R05,2005,IPTO_05U,Unrestored,Clerodendrum infortunatum,23.0,0.0,0.0,0.0,0.0,0.0,0.0,0.0,0.0,0.0,0.0,4.0,
IPTOP,R05,2005,IPTO_05U,Unrestored,Syzygium rubicundum,10.0,10.0,0.0,0.0,0.0,0.0,0.0,0.0,0.0,0.0,0.0,4.5,
IPTOP,R05,2005,IPTO_05U,Unrestored,Litsea oleiodes,16.0,0.0,0.0,0.0,0.0,0.0,0.0,0.0,0.0,0.0,0.0,5.0,
IPTOP,R05,2005,IPTO_05U,Unrestored,Ficus hispida,25.0,0.0,0.0,0.0,0.0,0.0,0.0,0.0,0.0,0.0,0.0,4.0,
IPTOP,R05,2005,IPTO_05U,Unrestored,Clerodendrum infortunatum,16.0,0.0,0.0,0.0,0.0,0.0,0.0,0.0,0.0,0.0,0.0,4.0,
IPTOP,R05,2005,IPTO_05U,Unrestored,Clerodendrum infortunatum,12.0,0.0,0.0,0.0,0.0,0.0,0.0,0.0,0.0,0.0,0.0,3.5,
IPTOP,R05,2005,IPTO_05U,Unrestored,Clerodendrum infortunatum,20.0,0.0,0.0,0.0,0.0,0.0,0.0,0.0,0.0,0.0,0.0,5.0,
IPTOP,R05,2005,IPTO_05U,Unrestored,Cinnamomum malabathrum,37.0,0.0,0.0,0.0,0.0,0.0,0.0,0.0,0.0,0.0,0.0,5.0,
IPTOP,R05,2005,IPTO_05R,Restored,Litsea floribunda,30.0,0.0,0.0,0.0,0.0,0.0,0.0,0.0,0.0,0.0,0.0,5.5,
IPTOP,R05,2005,IPTO_05R,Restored,Acronychia pedunculata,23.0,14.0,0.0,0.0,0.0,0.0,0.0,0.0,0.0,0.0,0.0,6.5,
IPTOP,R05,2005,IPTO_05R,Restored,Cinnamomum malabathrum,14.0,0.0,0.0,0.0,0.0,0.0,0.0,0.0,0.0,0.0,0.0,6.0,
IPTOP,R05,2005,IPTO_05R,Restored,Cinnamomum malabathrum,107.0,0.0,0.0,0.0,0.0,0.0,0.0,0.0,0.0,0.0,0.0,9.0,
IPTOP,R05,2005,IPTO_05R,Restored,Heritiera papilio,18.0,0.0,0.0,0.0,0.0,0.0,0.0,0.0,0.0,0.0,0.0,5.5,
IPTOP,R05,2005,IPTO_05R,Restored,Acronychia pedunculata,30.0,17.0,34.0,0.0,0.0,0.0,0.0,0.0,0.0,0.0,0.0,6.0,
IPTOP,R05,2005,IPTO_05R,Restored,Macaranga peltata,44.0,0.0,0.0,0.0,0.0,0.0,0.0,0.0,0.0,0.0,0.0,8.0,
IPTOP,R05,2005,IPTO_05R,Restored,Maesa indica,14.0,10.0,0.0,0.0,0.0,0.0,0.0,0.0,0.0,0.0,0.0,4.0,
IPTOP,R05,2005,IPTO_05R,Restored,Acronychia pedunculata,48.0,0.0,0.0,0.0,0.0,0.0,0.0,0.0,0.0,0.0,0.0,6.5,
IPTOP,R05,2005,IPTO_05R,Restored,Cinnamomum malabathrum,29.0,0.0,0.0,0.0,0.0,0.0,0.0,0.0,0.0,0.0,0.0,5.0,
IPTOP,R05,2005,IPTO_05R,Restored,Cinnamomum malabathrum,30.0,0.0,0.0,0.0,0.0,0.0,0.0,0.0,0.0,0.0,0.0,6.0,
IPTOP,R05,2005,IPTO_05R,Restored,Clerodendrum infortunatum,12.0,0.0,0.0,0.0,0.0,0.0,0.0,0.0,0.0,0.0,0.0,5.0,
IPTOP,R05,2005,IPTO_05R,Restored,Maesa indica,16.0,0.0,0.0,0.0,0.0,0.0,0.0,0.0,0.0,0.0,0.0,5.0,
IPTOP,R05,2005,IPTO_05R,Restored,Cinnamomum malabathrum,13.0,0.0,0.0,0.0,0.0,0.0,0.0,0.0,0.0,0.0,0.0,3.0,
IPTOP,R05,2005,IPTO_05R,Restored,Cinnamomum malabathrum,18.0,0.0,0.0,0.0,0.0,0.0,0.0,0.0,0.0,0.0,0.0,4.0,
IPTOP,R05,2005,IPTO_05R,Restored,Acronychia pedunculata,38.0,0.0,0.0,0.0,0.0,0.0,0.0,0.0,0.0,0.0,0.0,8.0,
IPTOP,R05,2005,IPTO_05R,Restored,Acronychia pedunculata,11.0,0.0,0.0,0.0,0.0,0.0,0.0,0.0,0.0,0.0,0.0,5.0,
IPTOP,R05,2005,IPTO_05R,Restored,Acronychia pedunculata,37.0,0.0,0.0,0.0,0.0,0.0,0.0,0.0,0.0,0.0,0.0,6.0,
IPTOP,R05,2005,IPTO_05R,Restored,Persea macarantha,20.0,48.0,0.0,0.0,0.0,0.0,0.0,0.0,0.0,0.0,0.0,12.0,
IPTOP,R05,2005,IPTO_05R,Restored,Acronychia pedunculata,35.0,0.0,0.0,0.0,0.0,0.0,0.0,0.0,0.0,0.0,0.0,8.0,
IPTOP,R05,2005,IPTO_05R,Restored,Symplocos racemosa,55.0,0.0,0.0,0.0,0.0,0.0,0.0,0.0,0.0,0.0,0.0,12.0,
IPTOP,R05,2005,IPTO_05R,Restored,Cryptocarya wightii,10.0,0.0,0.0,0.0,0.0,0.0,0.0,0.0,0.0,0.0,0.0,3.5,
IPTOP,R05,2005,IPTO_05R,Restored,Acronychia pedunculata,21.0,18.0,12.0,0.0,0.0,0.0,0.0,0.0,0.0,0.0,0.0,4.5,
IPTOP,R05,2005,IPTO_05R,Restored,Atalantia racemosa,16.0,0.0,0.0,0.0,0.0,0.0,0.0,0.0,0.0,0.0,0.0,2.5,
IPTOP,R05,2005,IPTO_05R,Restored,Clerodendrum infortunatum,17.0,0.0,0.0,0.0,0.0,0.0,0.0,0.0,0.0,0.0,0.0,3.5,
IPTOP,R05,2005,IPTO_05R,Restored,Clerodendrum infortunatum,14.0,16.0,0.0,0.0,0.0,0.0,0.0,0.0,0.0,0.0,0.0,4.5,
IPTOP,R05,2005,IPTO_05R,Restored,Clerodendrum infortunatum,15.0,0.0,0.0,0.0,0.0,0.0,0.0,0.0,0.0,0.0,0.0,5.0,
IPTOP,R05,2005,IPTO_05R,Restored,Clerodendrum infortunatum,12.0,0.0,0.0,0.0,0.0,0.0,0.0,0.0,0.0,0.0,0.0,4.5,
IPTOP,R05,2005,IPTO_05R,Restored,Clerodendrum infortunatum,10.0,0.0,0.0,0.0,0.0,0.0,0.0,0.0,0.0,0.0,0.0,4.0,
IPTOP,R05,2005,IPTO_05R,Restored,Cinnamomum malabathrum,52.0,0.0,0.0,0.0,0.0,0.0,0.0,0.0,0.0,0.0,0.0,8.5,
IPTOP,R05,2005,IPTO_05R,Restored,Clerodendrum infortunatum,14.0,0.0,0.0,0.0,0.0,0.0,0.0,0.0,0.0,0.0,0.0,3.5,
IPTOP,R05,2005,IPTO_05R,Restored,Clerodendrum infortunatum,14.0,0.0,0.0,0.0,0.0,0.0,0.0,0.0,0.0,0.0,0.0,4.0,
IPTOP,R05,2005,IPTO_05R,Restored,Clerodendrum infortunatum,17.0,0.0,0.0,0.0,0.0,0.0,0.0,0.0,0.0,0.0,0.0,5.0,
IPTOP,R05,2005,IPTO_05R,Restored,Clerodendrum infortunatum,11.0,0.0,0.0,0.0,0.0,0.0,0.0,0.0,0.0,0.0,0.0,4.5,
IPTOP,R05,2005,IPTO_05R,Restored,Macaranga peltata,55.0,0.0,0.0,0.0,0.0,0.0,0.0,0.0,0.0,0.0,0.0,7.0,
IPTOP,R05,2005,IPTO_05R,Restored,Clerodendrum infortunatum,20.0,0.0,0.0,0.0,0.0,0.0,0.0,0.0,0.0,0.0,0.0,4.5,
IPTOP,R05,2005,IPTO_05R,Restored,Maesa indica,17.0,0.0,0.0,0.0,0.0,0.0,0.0,0.0,0.0,0.0,0.0,5.5,
IPTOP,R05,2005,IPTO_05R,Restored,Litsea floribunda,15.0,12.0,12.0,0.0,0.0,0.0,0.0,0.0,0.0,0.0,0.0,5.5,
IPTOP,R05,2005,IPTO_05R,Restored,Acronychia pedunculata,28.0,0.0,0.0,0.0,0.0,0.0,0.0,0.0,0.0,0.0,0.0,6.0,
IPTOP,R05,2005,IPTO_05R,Restored,Cinnamomum malabathrum,24.0,0.0,0.0,0.0,0.0,0.0,0.0,0.0,0.0,0.0,0.0,7.0,
IPTOP,R05,2005,IPTO_05R,Restored,Macaranga peltata,48.0,0.0,0.0,0.0,0.0,0.0,0.0,0.0,0.0,0.0,0.0,7.5,
IPTOP,R05,2005,IPTO_05R,Restored,Acronychia pedunculata,14.0,11.0,0.0,0.0,0.0,0.0,0.0,0.0,0.0,0.0,0.0,6.0,
IPTOP,R05,2005,IPTO_05R,Restored,Acronychia pedunculata,45.0,0.0,0.0,0.0,0.0,0.0,0.0,0.0,0.0,0.0,0.0,6.0,
IPTOP,R05,2005,IPTO_05R,Restored,Acronychia pedunculata,38.0,0.0,0.0,0.0,0.0,0.0,0.0,0.0,0.0,0.0,0.0,7.5,
IPTOP,R05,2005,IPTO_05R,Restored,Acronychia pedunculata,25.0,12.0,0.0,0.0,0.0,0.0,0.0,0.0,0.0,0.0,0.0,7.5,
IPTOP,R05,2005,IPTO_05R,Restored,Syzygium rubicundum,27.0,0.0,0.0,0.0,0.0,0.0,0.0,0.0,0.0,0.0,0.0,5.0,
IPTOP,R05,2005,IPTO_05R,Restored,Acronychia pedunculata,20.0,0.0,0.0,0.0,0.0,0.0,0.0,0.0,0.0,0.0,0.0,6.0,
IPTOP,R05,2005,IPTO_05R,Restored,Vernonia arborea,78.0,0.0,0.0,0.0,0.0,0.0,0.0,0.0,0.0,0.0,0.0,9.5,
IPTOP,R05,2005,IPTO_05R,Restored,Heritiera papilio,16.0,0.0,0.0,0.0,0.0,0.0,0.0,0.0,0.0,0.0,0.0,6.5,
IPTOP,R05,2005,IPTO_05R,Restored,Cinnamomum malabathrum,18.0,0.0,0.0,0.0,0.0,0.0,0.0,0.0,0.0,0.0,0.0,3.5,
IPTOP,R05,2005,IPTO_05R,Restored,Acronychia pedunculata,12.0,0.0,0.0,0.0,0.0,0.0,0.0,0.0,0.0,0.0,0.0,4.0,
IPTOP,R05,2005,IPTO_05R,Restored,Acronychia pedunculata,36.0,0.0,0.0,0.0,0.0,0.0,0.0,0.0,0.0,0.0,0.0,8.0,
IPTOP,R05,2005,IPTO_05R,Restored,Acronychia pedunculata,37.0,0.0,0.0,0.0,0.0,0.0,0.0,0.0,0.0,0.0,0.0,8.0,
IPTOP,R05,2005,IPTO_05R,Restored,Acronychia pedunculata,24.0,21.0,0.0,0.0,0.0,0.0,0.0,0.0,0.0,0.0,0.0,7.5,
IPTOP,R05,2005,IPTO_05R,Restored,Acronychia pedunculata,26.0,15.0,0.0,0.0,0.0,0.0,0.0,0.0,0.0,0.0,0.0,8.0,
IPTOP,R05,2005,IPTO_05R,Restored,Acronychia pedunculata,37.0,0.0,0.0,0.0,0.0,0.0,0.0,0.0,0.0,0.0,0.0,7.0,
IPTOP,R05,2005,IPTO_05R,Restored,Clerodendrum infortunatum,12.0,0.0,0.0,0.0,0.0,0.0,0.0,0.0,0.0,0.0,0.0,5.5,
IPTOP,R05,2005,IPTO_05R,Restored,Litsea floribunda,37.0,0.0,0.0,0.0,0.0,0.0,0.0,0.0,0.0,0.0,0.0,7.0,
IPTOP,R05,2005,IPTO_05R,Restored,Acronychia pedunculata,12.0,0.0,0.0,0.0,0.0,0.0,0.0,0.0,0.0,0.0,0.0,6.0,
IPTOP,R05,2005,IPTO_05R,Restored,Acronychia pedunculata,42.0,55.0,63.0,30.0,0.0,0.0,0.0,0.0,0.0,0.0,0.0,8.0,
IPTOP,R05,2005,IPTO_05R,Restored,Cinnamomum malabathrum,40.0,11.0,0.0,0.0,0.0,0.0,0.0,0.0,0.0,0.0,0.0,5.0,
IPTOP,R05,2005,IPTO_05R,Restored,Cinnamomum malabathrum,12.0,0.0,0.0,0.0,0.0,0.0,0.0,0.0,0.0,0.0,0.0,2.5,
IPTOP,R05,2005,IPTO_05R,Restored,Clerodendrum infortunatum,25.0,0.0,0.0,0.0,0.0,0.0,0.0,0.0,0.0,0.0,0.0,5.0,
IPTOP,R05,2005,IPTO_05R,Restored,Clerodendrum infortunatum,16.0,0.0,0.0,0.0,0.0,0.0,0.0,0.0,0.0,0.0,0.0,4.5,
IPTOP,R05,2005,IPTO_05R,Restored,Acronychia pedunculata,10.0,0.0,0.0,0.0,0.0,0.0,0.0,0.0,0.0,0.0,0.0,4.0,
IPTOP,R05,2005,IPTO_05R,Restored,Acronychia pedunculata,10.0,0.0,0.0,0.0,0.0,0.0,0.0,0.0,0.0,0.0,0.0,4.0,
IPTOP,R05,2005,IPTO_05R,Restored,Clerodendrum infortunatum,15.0,0.0,0.0,0.0,0.0,0.0,0.0,0.0,0.0,0.0,0.0,4.0,
IPTOP,R05,2005,IPTO_05R,Restored,Acronychia pedunculata,10.0,10.0,0.0,0.0,0.0,0.0,0.0,0.0,0.0,0.0,0.0,5.5,
IPTOP,R05,2005,IPTO_05R,Restored,Acronychia pedunculata,15.0,0.0,0.0,0.0,0.0,0.0,0.0,0.0,0.0,0.0,0.0,5.5,
IPTOP,R05,2005,IPTO_05R,Restored,Acronychia pedunculata,15.0,0.0,0.0,0.0,0.0,0.0,0.0,0.0,0.0,0.0,0.0,4.0,
IPTOP,R05,2005,IPTO_05R,Restored,Clerodendrum infortunatum,19.0,0.0,0.0,0.0,0.0,0.0,0.0,0.0,0.0,0.0,0.0,6.5,
IPTOP,R05,2005,IPTO_05R,Restored,Acronychia pedunculata,24.0,0.0,0.0,0.0,0.0,0.0,0.0,0.0,0.0,0.0,0.0,6.5,
IPTOP,R05,2005,IPTO_05R,Restored,Acronychia pedunculata,22.0,0.0,0.0,0.0,0.0,0.0,0.0,0.0,0.0,0.0,0.0,6.5,
IPTOP,R05,2005,IPTO_05R,Restored,Cinnamomum malabathrum,50.0,0.0,0.0,0.0,0.0,0.0,0.0,0.0,0.0,0.0,0.0,8.0,
IPTOP,R05,2005,IPTO_05R,Restored,Acronychia pedunculata,15.0,10.0,0.0,0.0,0.0,0.0,0.0,0.0,0.0,0.0,0.0,6.5,
IPTOP,R05,2005,IPTO_05R,Restored,Persea macarantha,56.0,0.0,0.0,0.0,0.0,0.0,0.0,0.0,0.0,0.0,0.0,11.0,
IPTOP,R05,2005,IPTO_05R,Restored,Chionanthus ramiflorus,18.0,0.0,0.0,0.0,0.0,0.0,0.0,0.0,0.0,0.0,0.0,3.5,
IPTOP,R05,2005,IPTO_05R,Restored,Cinnamomum malabathrum,21.0,12.0,0.0,0.0,0.0,0.0,0.0,0.0,0.0,0.0,0.0,4.0,
IPTOP,R05,2005,IPTO_05R,Restored,Acronychia pedunculata,20.0,16.0,15.0,12.0,0.0,0.0,0.0,0.0,0.0,0.0,0.0,5.0,
IPTOP,R05,2005,IPTO_05R,Restored,Clerodendrum infortunatum,16.0,0.0,0.0,0.0,0.0,0.0,0.0,0.0,0.0,0.0,0.0,6.0,
VART2,VART2,2010,VAR2_10R,Restored,Maesopsis eminii,80.0,0.0,0.0,0.0,0.0,0.0,0.0,0.0,0.0,0.0,0.0,21.0,
VART2,VART2,2010,VAR2_10R,Restored,Syzygium densiflorum,13.0,0.0,0.0,0.0,0.0,0.0,0.0,0.0,0.0,0.0,0.0,5.0,
VART2,VART2,2010,VAR2_10R,Restored,Litsea bourdillonii,46.0,0.0,0.0,0.0,0.0,0.0,0.0,0.0,0.0,0.0,0.0,13.0,
VART2,VART2,2010,VAR2_10R,Restored,Maesopsis eminii,13.0,0.0,0.0,0.0,0.0,0.0,0.0,0.0,0.0,0.0,0.0,6.0,
VART2,VART2,2010,VAR2_10R,Restored,Litsea bourdillonii,14.0,0.0,0.0,0.0,0.0,0.0,0.0,0.0,0.0,0.0,0.0,4.0,
VART2,VART2,2010,VAR2_10R,Restored,Maesopsis eminii,32.0,0.0,0.0,0.0,0.0,0.0,0.0,0.0,0.0,0.0,0.0,11.5,
VART2,VART2,2010,VAR2_10R,Restored,Maesopsis eminii,25.0,0.0,0.0,0.0,0.0,0.0,0.0,0.0,0.0,0.0,0.0,7.0,
VART2,VART2,2010,VAR2_10R,Restored,Maesopsis eminii,23.0,0.0,0.0,0.0,0.0,0.0,0.0,0.0,0.0,0.0,0.0,8.0,
VART2,VART2,2010,VAR2_10R,Restored,Maesopsis eminii,30.0,0.0,0.0,0.0,0.0,0.0,0.0,0.0,0.0,0.0,0.0,8.0,
VART2,VART2,2010,VAR2_10R,Restored,Maesopsis eminii,53.0,0.0,0.0,0.0,0.0,0.0,0.0,0.0,0.0,0.0,0.0,18.0,
VART2,VART2,2010,VAR2_10R,Restored,Maesopsis eminii,95.0,0.0,0.0,0.0,0.0,0.0,0.0,0.0,0.0,0.0,0.0,20.0,
VART2,VART2,2010,VAR2_10R,Restored,Maesopsis eminii,26.0,0.0,0.0,0.0,0.0,0.0,0.0,0.0,0.0,0.0,0.0,9.0,
VART2,VART2,2010,VAR2_10R,Restored,Maesopsis eminii,30.0,18.0,0.0,0.0,0.0,0.0,0.0,0.0,0.0,0.0,0.0,13.0,
VART2,VART2,2010,VAR2_10R,Restored,Maesopsis eminii,33.0,13.0,0.0,0.0,0.0,0.0,0.0,0.0,0.0,0.0,0.0,12.0,
VART2,VART2,2010,VAR2_10R,Restored,Maesopsis eminii,60.0,0.0,0.0,0.0,0.0,0.0,0.0,0.0,0.0,0.0,0.0,20.0,
VART2,VART2,2010,VAR2_10R,Restored,Vernonia arborea,25.0,0.0,0.0,0.0,0.0,0.0,0.0,0.0,0.0,0.0,0.0,6.5,
VART2,VART2,2010,VAR2_10R,Restored,Semecarpus travancorica,223.0,0.0,0.0,0.0,0.0,0.0,0.0,0.0,0.0,0.0,0.0,27.0,
VART2,VART2,2010,VAR2_10R,Restored,Maesopsis eminii,38.0,0.0,0.0,0.0,0.0,0.0,0.0,0.0,0.0,0.0,0.0,10.0,
VART2,VART2,2010,VAR2_10R,Restored,Semecarpus travancorica,16.0,0.0,0.0,0.0,0.0,0.0,0.0,0.0,0.0,0.0,0.0,6.5,
VART2,VART2,2010,VAR2_10R,Restored,Maesopsis eminii,45.0,0.0,0.0,0.0,0.0,0.0,0.0,0.0,0.0,0.0,0.0,10.5,
VART2,VART2,2010,VAR2_10R,Restored,Macaranga peltata,110.0,0.0,0.0,0.0,0.0,0.0,0.0,0.0,0.0,0.0,0.0,20.0,
VART2,VART2,2010,VAR2_10R,Restored,Maesopsis eminii,22.0,0.0,0.0,0.0,0.0,0.0,0.0,0.0,0.0,0.0,0.0,8.5,
VART2,VART2,2010,VAR2_10R,Restored,Syzygium densiflorum,20.0,0.0,0.0,0.0,0.0,0.0,0.0,0.0,0.0,0.0,0.0,4.5,
VART2,VART2,2010,VAR2_10R,Restored,Maesopsis eminii,17.0,0.0,0.0,0.0,0.0,0.0,0.0,0.0,0.0,0.0,0.0,10.0,
VART2,VART2,2010,VAR2_10R,Restored,Maesopsis eminii,31.0,0.0,0.0,0.0,0.0,0.0,0.0,0.0,0.0,0.0,0.0,11.0,
VART2,VART2,2010,VAR2_10R,Restored,Cinnamomum malabathrum,13.0,0.0,0.0,0.0,0.0,0.0,0.0,0.0,0.0,0.0,0.0,5.0,
VART2,VART2,2010,VAR2_10R,Restored,Villebrunea integrifolia,58.0,0.0,0.0,0.0,0.0,0.0,0.0,0.0,0.0,0.0,0.0,9.5,
VART2,VART2,2010,VAR2_10R,Restored,Vernonia arborea,52.0,0.0,0.0,0.0,0.0,0.0,0.0,0.0,0.0,0.0,0.0,11.0,
VART2,VART2,2010,VAR2_10R,Restored,Litsea bourdillonii,40.0,0.0,0.0,0.0,0.0,0.0,0.0,0.0,0.0,0.0,0.0,6.0,
VART2,VART2,2010,VAR2_10R,Restored,Maesopsis eminii,44.0,0.0,0.0,0.0,0.0,0.0,0.0,0.0,0.0,0.0,0.0,12.0,
VART2,VART2,2010,VAR2_10R,Restored,Litsea bourdillonii,14.0,0.0,0.0,0.0,0.0,0.0,0.0,0.0,0.0,0.0,0.0,5.0,
VART2,VART2,2010,VAR2_10R,Restored,Maesopsis eminii,103.0,38.0,0.0,0.0,0.0,0.0,0.0,0.0,0.0,0.0,0.0,18.0,
VART2,VART2,2010,VAR2_10R,Restored,Litsea oleiodes,10.0,0.0,0.0,0.0,0.0,0.0,0.0,0.0,0.0,0.0,0.0,4.5,
VART2,VART2,2010,VAR2_10R,Restored,Vernonia arborea,20.0,0.0,0.0,0.0,0.0,0.0,0.0,0.0,0.0,0.0,0.0,5.0,
VART2,VART2,2010,VAR2_10R,Restored,Litsea oleiodes,38.0,0.0,0.0,0.0,0.0,0.0,0.0,0.0,0.0,0.0,0.0,13.0,
VART2,VART2,2010,VAR2_10R,Restored,Maesopsis eminii,14.0,0.0,0.0,0.0,0.0,0.0,0.0,0.0,0.0,0.0,0.0,7.0,
VART2,VART2,2010,VAR2_10R,Restored,Maesopsis eminii,36.0,0.0,0.0,0.0,0.0,0.0,0.0,0.0,0.0,0.0,0.0,10.0,
VART2,VART2,2010,VAR2_10R,Restored,Maesopsis eminii,21.0,0.0,0.0,0.0,0.0,0.0,0.0,0.0,0.0,0.0,0.0,9.5,
VART2,VART2,2010,VAR2_10R,Restored,Apollonias arnottii,14.0,0.0,0.0,0.0,0.0,0.0,0.0,0.0,0.0,0.0,0.0,6.0,
VART2,VART2,2010,VAR2_10R,Restored,Neolitsea scrobiculata,30.0,0.0,0.0,0.0,0.0,0.0,0.0,0.0,0.0,0.0,0.0,8.0,
VART2,VART2,2010,VAR2_10R,Restored,Maesopsis eminii,17.0,0.0,0.0,0.0,0.0,0.0,0.0,0.0,0.0,0.0,0.0,6.5,
VART2,VART2,2010,VAR2_10R,Restored,Acronychia pedunculata,68.0,0.0,0.0,0.0,0.0,0.0,0.0,0.0,0.0,0.0,0.0,17.0,
VART2,VART2,2010,VAR2_10R,Restored,Litsea oleiodes,25.0,0.0,0.0,0.0,0.0,0.0,0.0,0.0,0.0,0.0,0.0,7.0,
VART2,VART2,2010,VAR2_10R,Restored,Litsea oleiodes,10.0,0.0,0.0,0.0,0.0,0.0,0.0,0.0,0.0,0.0,0.0,3.0,
VART2,VART2,2010,VAR2_10R,Restored,Maesa indica,23.0,14.0,0.0,0.0,0.0,0.0,0.0,0.0,0.0,0.0,0.0,6.5,
VART2,VART2,2010,VAR2_10R,Restored,Maesopsis eminii,110.0,22.0,50.0,180.0,0.0,0.0,0.0,0.0,0.0,0.0,0.0,23.0,
VART2,VART2,2010,VAR2_10R,Restored,Litsea oleiodes,18.0,0.0,0.0,0.0,0.0,0.0,0.0,0.0,0.0,0.0,0.0,8.5,
VART2,VART2,2010,VAR2_10R,Restored,Artocarpus heterophyllus,18.0,0.0,0.0,0.0,0.0,0.0,0.0,0.0,0.0,0.0,0.0,9.5,
VART2,VART2,2010,VAR2_10R,Restored,Maesopsis eminii,20.0,0.0,0.0,0.0,0.0,0.0,0.0,0.0,0.0,0.0,0.0,9.5,
VART2,VART2,2010,VAR2_10R,Restored,Syzygium densiflorum,12.0,0.0,0.0,0.0,0.0,0.0,0.0,0.0,0.0,0.0,0.0,4.5,
VART2,VART2,2010,VAR2_10R,Restored,Maesa indica,14.0,0.0,0.0,0.0,0.0,0.0,0.0,0.0,0.0,0.0,0.0,5.0,
VART2,VART2,2010,VAR2_10R,Restored,Apollonias arnottii,13.0,15.0,18.0,0.0,0.0,0.0,0.0,0.0,0.0,0.0,0.0,6.5,
VART2,VART2,2010,VAR2_10R,Restored,Macaranga peltata,90.0,0.0,0.0,0.0,0.0,0.0,0.0,0.0,0.0,0.0,0.0,15.5,
VART2,VART2,2010,VAR2_10R,Restored,Maesopsis eminii,17.0,0.0,0.0,0.0,0.0,0.0,0.0,0.0,0.0,0.0,0.0,5.5,
VART2,VART2,2010,VAR2_10R,Restored,Syzygium densiflorum,13.0,0.0,0.0,0.0,0.0,0.0,0.0,0.0,0.0,0.0,0.0,5.0,
VART2,VART2,2010,VAR2_10R,Restored,Maesopsis eminii,32.0,0.0,0.0,0.0,0.0,0.0,0.0,0.0,0.0,0.0,0.0,9.0,
VART2,VART2,2010,VAR2_10R,Restored,Ficus nervosa,12.0,0.0,0.0,0.0,0.0,0.0,0.0,0.0,0.0,0.0,0.0,5.0,
VART2,VART2,2010,VAR2_10R,Restored,Dimocarpus longan,11.0,0.0,0.0,0.0,0.0,0.0,0.0,0.0,0.0,0.0,0.0,4.0,
VART2,VART2,2010,VAR2_10R,Restored,Apollonias arnottii,11.0,17.0,0.0,0.0,0.0,0.0,0.0,0.0,0.0,0.0,0.0,6.5,
VART2,VART2,2010,VAR2_10R,Restored,Artocarpus heterophyllus,15.0,0.0,0.0,0.0,0.0,0.0,0.0,0.0,0.0,0.0,0.0,8.5,
VART2,VART2,2010,VAR2_10R,Restored,Litsea oleiodes,27.0,0.0,0.0,0.0,0.0,0.0,0.0,0.0,0.0,0.0,0.0,7.5,
VART3,VART3,2010,VAR3_10R,Restored,Gliricidia sepium,22.0,0.0,0.0,0.0,0.0,0.0,0.0,0.0,0.0,0.0,0.0,7.5,
VART3,VART3,2010,VAR3_10R,Restored,Maesa indica,17.0,0.0,0.0,0.0,0.0,0.0,0.0,0.0,0.0,0.0,0.0,6.0,
VART3,VART3,2010,VAR3_10R,Restored,Syzygium densiflorum,12.0,12.0,0.0,0.0,0.0,0.0,0.0,0.0,0.0,0.0,0.0,5.5,
VART3,VART3,2010,VAR3_10R,Restored,Maesopsis eminii,16.0,0.0,0.0,0.0,0.0,0.0,0.0,0.0,0.0,0.0,0.0,8.5,
VART3,VART3,2010,VAR3_10R,Restored,Acronychia pedunculata,17.0,0.0,0.0,0.0,0.0,0.0,0.0,0.0,0.0,0.0,0.0,6.0,
VART3,VART3,2010,VAR3_10R,Restored,Maesopsis eminii,11.0,50.0,0.0,0.0,0.0,0.0,0.0,0.0,0.0,0.0,0.0,16.5,
VART3,VART3,2010,VAR3_10R,Restored,Maesopsis eminii,23.0,0.0,0.0,0.0,0.0,0.0,0.0,0.0,0.0,0.0,0.0,8.5,
VART3,VART3,2010,VAR3_10R,Restored,Maesopsis eminii,12.0,0.0,0.0,0.0,0.0,0.0,0.0,0.0,0.0,0.0,0.0,7.5,
VART3,VART3,2010,VAR3_10R,Restored,Maesopsis eminii,21.0,0.0,0.0,0.0,0.0,0.0,0.0,0.0,0.0,0.0,0.0,7.5,
VART3,VART3,2010,VAR3_10R,Restored,Maesopsis eminii,14.0,11.0,12.0,0.0,0.0,0.0,0.0,0.0,0.0,0.0,0.0,7.0,
VART3,VART3,2010,VAR3_10R,Restored,Dysoxylum malabaricum,28.0,0.0,0.0,0.0,0.0,0.0,0.0,0.0,0.0,0.0,0.0,5.5,
VART3,VART3,2010,VAR3_10R,Restored,Litsea bourdillonii,20.0,18.0,0.0,0.0,0.0,0.0,0.0,0.0,0.0,0.0,0.0,6.0,
VART3,VART3,2010,VAR3_10R,Restored,Maesopsis eminii,28.0,0.0,0.0,0.0,0.0,0.0,0.0,0.0,0.0,0.0,0.0,8.5,
VART3,VART3,2010,VAR3_10R,Restored,Aporosa lindleyana,16.0,4.0,0.0,0.0,0.0,0.0,0.0,0.0,0.0,0.0,0.0,4.5,
VART3,VART3,2010,VAR3_10R,Restored,Maesopsis eminii,18.0,0.0,0.0,0.0,0.0,0.0,0.0,0.0,0.0,0.0,0.0,8.5,
VART3,VART3,2010,VAR3_10R,Restored,Maesopsis eminii,16.0,12.0,0.0,0.0,0.0,0.0,0.0,0.0,0.0,0.0,0.0,6.5,
VART3,VART3,2010,VAR3_10R,Restored,Actinodaphne malabaricum,28.0,0.0,0.0,0.0,0.0,0.0,0.0,0.0,0.0,0.0,0.0,9.0,
VART3,VART3,2010,VAR3_10R,Restored,Maesopsis eminii,120.0,0.0,0.0,0.0,0.0,0.0,0.0,0.0,0.0,0.0,0.0,22.0,
VART3,VART3,2010,VAR3_10R,Restored,Syzygium densiflorum,17.0,13.0,0.0,0.0,0.0,0.0,0.0,0.0,0.0,0.0,0.0,4.5,
VART3,VART3,2010,VAR3_10R,Restored,Syzygium densiflorum,12.0,0.0,0.0,0.0,0.0,0.0,0.0,0.0,0.0,0.0,0.0,4.5,
VART3,VART3,2010,VAR3_10R,Restored,Maesopsis eminii,16.0,0.0,0.0,0.0,0.0,0.0,0.0,0.0,0.0,0.0,0.0,7.0,
VART3,VART3,2010,VAR3_10R,Restored,Maesopsis eminii,28.0,0.0,0.0,0.0,0.0,0.0,0.0,0.0,0.0,0.0,0.0,7.0,
VART3,VART3,2010,VAR3_10R,Restored,Maesopsis eminii,38.0,0.0,0.0,0.0,0.0,0.0,0.0,0.0,0.0,0.0,0.0,8.5,
VART3,VART3,2010,VAR3_10R,Restored,Coffea robusta,11.0,0.0,0.0,0.0,0.0,0.0,0.0,0.0,0.0,0.0,0.0,4.5,
VART3,VART3,2010,VAR3_10R,Restored,Maesopsis eminii,96.0,0.0,0.0,0.0,0.0,0.0,0.0,0.0,0.0,0.0,0.0,19.0,
HP37,B1,,HP37_P1B,Benchmark,Gomphandra coriacea,51.0,0.0,0.0,0.0,0.0,0.0,0.0,0.0,0.0,0.0,0.0,8.5,corrected: 510 to 51
VART3,VART3,2010,VAR3_10R,Restored,Semecarpus travancorica,312.0,0.0,0.0,0.0,0.0,0.0,0.0,0.0,0.0,0.0,0.0,33.0,
VART3,VART3,2010,VAR3_10R,Restored,Syzygium densiflorum,10.0,13.0,0.0,0.0,0.0,0.0,0.0,0.0,0.0,0.0,0.0,4.5,
VART3,VART3,2010,VAR3_10R,Restored,Actinodaphne tadulingamii,14.0,0.0,0.0,0.0,0.0,0.0,0.0,0.0,0.0,0.0,0.0,5.0,
VART3,VART3,2010,VAR3_10R,Restored,Apollonias arnottii,10.0,0.0,0.0,0.0,0.0,0.0,0.0,0.0,0.0,0.0,0.0,4.5,
VART3,VART3,2010,VAR3_10R,Restored,Maesa indica,11.0,0.0,0.0,0.0,0.0,0.0,0.0,0.0,0.0,0.0,0.0,3.0,
VART3,VART3,2010,VAR3_10R,Restored,Maesopsis eminii,23.0,12.0,0.0,0.0,0.0,0.0,0.0,0.0,0.0,0.0,0.0,6.5,
VART3,VART3,2010,VAR3_10R,Restored,Cinnamomum malabathrum,43.0,0.0,0.0,0.0,0.0,0.0,0.0,0.0,0.0,0.0,0.0,12.5,
VART3,VART3,2010,VAR3_10R,Restored,Atalantia racemosa,15.0,10.0,12.0,12.0,11.0,0.0,0.0,0.0,0.0,0.0,0.0,3.0,
VART3,VART3,2010,VAR3_10R,Restored,Syzygium densiflorum,11.0,0.0,0.0,0.0,0.0,0.0,0.0,0.0,0.0,0.0,0.0,5.0,
VART3,VART3,2010,VAR3_10R,Restored,Atalantia racemosa,10.0,0.0,0.0,0.0,0.0,0.0,0.0,0.0,0.0,0.0,0.0,3.0,
VART3,VART3,2010,VAR3_10R,Restored,Syzygium densiflorum,42.0,0.0,0.0,0.0,0.0,0.0,0.0,0.0,0.0,0.0,0.0,8.0,
VART3,VART3,2010,VAR3_10R,Restored,Aporosa lindleyana,18.0,14.0,22.0,0.0,0.0,0.0,0.0,0.0,0.0,0.0,0.0,5.5,
VART3,VART3,2010,VAR3_10R,Restored,Ficus exasperata,170.0,0.0,0.0,0.0,0.0,0.0,0.0,0.0,0.0,0.0,0.0,20.0,
VART3,VART3,2010,VAR3_10R,Restored,Maesopsis eminii,154.0,0.0,0.0,0.0,0.0,0.0,0.0,0.0,0.0,0.0,0.0,31.0,
VART3,VART3,2010,VAR3_10R,Restored,Syzygium densiflorum,18.0,0.0,0.0,0.0,0.0,0.0,0.0,0.0,0.0,0.0,0.0,4.5,
VART3,VART3,2010,VAR3_10R,Restored,Maesopsis eminii,195.0,0.0,0.0,0.0,0.0,0.0,0.0,0.0,0.0,0.0,0.0,35.0,
VART3,VART3,2010,VAR3_10R,Restored,Maesopsis eminii,24.0,33.0,0.0,0.0,0.0,0.0,0.0,0.0,0.0,0.0,0.0,8.5,
VART3,VART3,2010,VAR3_10R,Restored,Dimocarpus longan,11.0,0.0,0.0,0.0,0.0,0.0,0.0,0.0,0.0,0.0,0.0,5.5,
VART3,VART3,2010,VAR3_10R,Restored,Aporosa lindleyana,13.0,12.0,13.0,14.0,0.0,0.0,0.0,0.0,0.0,0.0,0.0,3.5,
VART3,VART3,2010,VAR3_10R,Restored,Mesua ferrea,12.0,0.0,0.0,0.0,0.0,0.0,0.0,0.0,0.0,0.0,0.0,5.0,
VART3,VART3,2010,VAR3_10R,Restored,Clausena dentata,12.0,0.0,0.0,0.0,0.0,0.0,0.0,0.0,0.0,0.0,0.0,4.5,
VART3,VART3,2010,VAR3_10R,Restored,Cinnamomum malabathrum,15.0,25.0,0.0,0.0,0.0,0.0,0.0,0.0,0.0,0.0,0.0,7.5,
VART3,VART3,2010,VAR3_10R,Restored,Unidentified,23.0,0.0,0.0,0.0,0.0,0.0,0.0,0.0,0.0,0.0,0.0,9.0,
VART3,VART3,2010,VAR3_10R,Restored,Bhesa indica,86.0,0.0,0.0,0.0,0.0,0.0,0.0,0.0,0.0,0.0,0.0,14.0,
VART3,VART3,2010,VAR3_10R,Restored,Aporosa lindleyana,19.0,15.0,0.0,0.0,0.0,0.0,0.0,0.0,0.0,0.0,0.0,5.5,
VART3,VART3,2010,VAR3_10R,Restored,Aporosa lindleyana,14.0,15.0,21.0,0.0,0.0,0.0,0.0,0.0,0.0,0.0,0.0,5.5,
VART3,VART3,2010,VAR3_10R,Restored,Litsea bourdillonii,18.0,0.0,0.0,0.0,0.0,0.0,0.0,0.0,0.0,0.0,0.0,8.0,
VART3,VART3,2010,VAR3_10R,Restored,Litsea bourdillonii,13.0,0.0,0.0,0.0,0.0,0.0,0.0,0.0,0.0,0.0,0.0,7.5,
VART3,VART3,2010,VAR3_10R,Restored,Holigarna nigra,135.0,0.0,0.0,0.0,0.0,0.0,0.0,0.0,0.0,0.0,0.0,18.0,
VART3,VART3,2010,VAR3_10R,Restored,Acronychia pedunculata,23.0,0.0,0.0,0.0,0.0,0.0,0.0,0.0,0.0,0.0,0.0,8.5,
VART3,VART3,2010,VAR3_10R,Restored,Maesopsis eminii,95.0,68.0,0.0,0.0,0.0,0.0,0.0,0.0,0.0,0.0,0.0,23.0,
VART3,VART3,2010,VAR3_10R,Restored,Syzygium densiflorum,11.0,0.0,0.0,0.0,0.0,0.0,0.0,0.0,0.0,0.0,0.0,4.5,
VART3,VART3,2010,VAR3_10R,Restored,Dimocarpus longan,10.0,0.0,0.0,0.0,0.0,0.0,0.0,0.0,0.0,0.0,0.0,4.0,
SEL2,SEL2,2007,SEL2_07R,Restored,Eucalyptus sp.,63.0,0.0,0.0,0.0,0.0,0.0,0.0,0.0,0.0,0.0,0.0,11.0,
SEL2,SEL2,2007,SEL2_07R,Restored,Macaranga peltata,57.0,0.0,0.0,0.0,0.0,0.0,0.0,0.0,0.0,0.0,0.0,17.0,
SEL2,SEL2,2007,SEL2_07R,Restored,Litsea oleiodes,23.0,0.0,0.0,0.0,0.0,0.0,0.0,0.0,0.0,0.0,0.0,8.5,
SEL2,SEL2,2007,SEL2_07R,Restored,Litsea deccanensis,49.0,0.0,0.0,0.0,0.0,0.0,0.0,0.0,0.0,0.0,0.0,12.5,
SEL2,SEL2,2007,SEL2_07R,Restored,Cinnamomum malabathrum,66.0,0.0,0.0,0.0,0.0,0.0,0.0,0.0,0.0,0.0,0.0,11.5,
SEL2,SEL2,2007,SEL2_07R,Restored,Litsea deccanensis,17.0,0.0,0.0,0.0,0.0,0.0,0.0,0.0,0.0,0.0,0.0,8.0,
SEL2,SEL2,2007,SEL2_07R,Restored,Macaranga peltata,37.0,0.0,0.0,0.0,0.0,0.0,0.0,0.0,0.0,0.0,0.0,12.5,
SEL2,SEL2,2007,SEL2_07R,Restored,Litsea deccanensis,45.0,0.0,0.0,0.0,0.0,0.0,0.0,0.0,0.0,0.0,0.0,12.0,
SEL2,SEL2,2007,SEL2_07R,Restored,Eucalyptus sp.,109.0,0.0,0.0,0.0,0.0,0.0,0.0,0.0,0.0,0.0,0.0,33.0,
SEL2,SEL2,2007,SEL2_07R,Restored,Persea macarantha,51.0,0.0,0.0,0.0,0.0,0.0,0.0,0.0,0.0,0.0,0.0,12.0,
SEL2,SEL2,2007,SEL2_07R,Restored,Litsea oleiodes,14.0,0.0,0.0,0.0,0.0,0.0,0.0,0.0,0.0,0.0,0.0,6.5,
SEL2,SEL2,2007,SEL2_07R,Restored,Persea macarantha,16.0,0.0,0.0,0.0,0.0,0.0,0.0,0.0,0.0,0.0,0.0,6.0,
SEL2,SEL2,2007,SEL2_07R,Restored,Macaranga peltata,70.0,0.0,0.0,0.0,0.0,0.0,0.0,0.0,0.0,0.0,0.0,10.5,
SEL2,SEL2,2007,SEL2_07R,Restored,Eucalyptus sp.,140.0,0.0,0.0,0.0,0.0,0.0,0.0,0.0,0.0,0.0,0.0,33.0,
SEL2,SEL2,2007,SEL2_07R,Restored,Litsea deccanensis,28.0,0.0,0.0,0.0,0.0,0.0,0.0,0.0,0.0,0.0,0.0,6.5,
SEL2,SEL2,2007,SEL2_07R,Restored,Litsea deccanensis,38.0,0.0,0.0,0.0,0.0,0.0,0.0,0.0,0.0,0.0,0.0,10.5,
SEL2,SEL2,2007,SEL2_07R,Restored,Litsea deccanensis,38.0,0.0,0.0,0.0,0.0,0.0,0.0,0.0,0.0,0.0,0.0,11.5,
SEL2,SEL2,2007,SEL2_07R,Restored,Actinodaphne malabaricum,38.0,0.0,0.0,0.0,0.0,0.0,0.0,0.0,0.0,0.0,0.0,11.0,
SEL2,SEL2,2007,SEL2_07R,Restored,Eucalyptus sp.,277.0,0.0,0.0,0.0,0.0,0.0,0.0,0.0,0.0,0.0,0.0,35.0,
SEL2,SEL2,2007,SEL2_07R,Restored,Litsea deccanensis,50.0,0.0,0.0,0.0,0.0,0.0,0.0,0.0,0.0,0.0,0.0,7.0,
SEL2,SEL2,2007,SEL2_07R,Restored,Clerodendrum infortunatum,22.0,0.0,0.0,0.0,0.0,0.0,0.0,0.0,0.0,0.0,0.0,6.5,
SEL2,SEL2,2007,SEL2_07R,Restored,Litsea insignis,15.0,0.0,0.0,0.0,0.0,0.0,0.0,0.0,0.0,0.0,0.0,4.0,
SEL2,SEL2,2007,SEL2_07R,Restored,Clerodendrum infortunatum,30.0,0.0,0.0,0.0,0.0,0.0,0.0,0.0,0.0,0.0,0.0,7.5,
SEL1,SEL1,2007,SEL1_07U,Unrestored,Maesa indica,11.0,0.0,0.0,0.0,0.0,0.0,0.0,0.0,0.0,0.0,0.0,2.0,
SEL1,SEL1,2007,SEL1_07U,Unrestored,Maesa indica,10.0,0.0,0.0,0.0,0.0,0.0,0.0,0.0,0.0,0.0,0.0,2.0,
SEL1,SEL1,2007,SEL1_07U,Unrestored,Clerodendrum infortunatum,13.0,0.0,0.0,0.0,0.0,0.0,0.0,0.0,0.0,0.0,0.0,2.0,
SEL1,SEL1,2007,SEL1_07U,Unrestored,Spathodea campanulata,83.0,56.0,44.0,245.0,0.0,0.0,0.0,0.0,0.0,0.0,0.0,18.0,
SEL1,SEL1,2007,SEL1_07U,Unrestored,Vernonia arborea,31.0,0.0,0.0,0.0,0.0,0.0,0.0,0.0,0.0,0.0,0.0,7.0,
SEL1,SEL1,2007,SEL1_07U,Unrestored,Eucalyptus sp.,262.0,0.0,0.0,0.0,0.0,0.0,0.0,0.0,0.0,0.0,0.0,37.0,
SEL1,SEL1,2007,SEL1_07U,Unrestored,Trichilia connaroides,15.0,13.0,0.0,0.0,0.0,0.0,0.0,0.0,0.0,0.0,0.0,4.0,
SEL1,SEL1,2007,SEL1_07U,Unrestored,Actinodaphne malabaricum,34.0,0.0,0.0,0.0,0.0,0.0,0.0,0.0,0.0,0.0,0.0,6.5,
SEL1,SEL1,2007,SEL1_07U,Unrestored,Eucalyptus sp.,190.0,0.0,0.0,0.0,0.0,0.0,0.0,0.0,0.0,0.0,0.0,32.0,
SEL1,SEL1,2007,SEL1_07U,Unrestored,Eucalyptus sp.,275.0,0.0,0.0,0.0,0.0,0.0,0.0,0.0,0.0,0.0,0.0,38.0,
SEL1,SEL1,2007,SEL1_07U,Unrestored,Clerodendrum infortunatum,11.0,0.0,0.0,0.0,0.0,0.0,0.0,0.0,0.0,0.0,0.0,3.5,
SEL1,SEL1,2007,SEL1_07U,Unrestored,Cinnamomum malabathrum,11.0,0.0,0.0,0.0,0.0,0.0,0.0,0.0,0.0,0.0,0.0,3.5,
SEL1,SEL1,2007,SEL1_07U,Unrestored,Maesa indica,10.0,0.0,0.0,0.0,0.0,0.0,0.0,0.0,0.0,0.0,0.0,3.5,
SEL1,SEL1,2007,SEL1_07U,Unrestored,Trichilia connaroides,16.0,0.0,0.0,0.0,0.0,0.0,0.0,0.0,0.0,0.0,0.0,3.0,
SEL1,SEL1,2007,SEL1_07U,Unrestored,Vernonia arborea,25.0,0.0,0.0,0.0,0.0,0.0,0.0,0.0,0.0,0.0,0.0,6.0,
SEL1,SEL1,2007,SEL1_07U,Unrestored,Vernonia arborea,10.0,11.0,0.0,0.0,0.0,0.0,0.0,0.0,0.0,0.0,0.0,4.0,
SEL1,SEL1,2007,SEL1_07U,Unrestored,Litsea oleiodes,12.0,0.0,0.0,0.0,0.0,0.0,0.0,0.0,0.0,0.0,0.0,3.5,
SEL1,SEL1,2007,SEL1_07U,Unrestored,Eucalyptus sp.,195.0,0.0,0.0,0.0,0.0,0.0,0.0,0.0,0.0,0.0,0.0,39.0,
SEL1,SEL1,2007,SEL1_07U,Unrestored,Clerodendrum infortunatum,14.0,0.0,0.0,0.0,0.0,0.0,0.0,0.0,0.0,0.0,0.0,1.5,
SEL1,SEL1,2007,SEL1_07U,Unrestored,Clerodendrum infortunatum,20.0,0.0,0.0,0.0,0.0,0.0,0.0,0.0,0.0,0.0,0.0,4.0,
SEL1,SEL1,2007,SEL1_07U,Unrestored,Rauwolfia densiflora,12.0,10.0,17.0,11.0,0.0,0.0,0.0,0.0,0.0,0.0,0.0,2.0,
SEL1,SEL1,2007,SEL1_07U,Unrestored,Trichilia connaroides,11.0,0.0,0.0,0.0,0.0,0.0,0.0,0.0,0.0,0.0,0.0,2.0,
SEL1,SEL1,2007,SEL1_07U,Unrestored,Nothapodytes nimmoniana,17.0,0.0,0.0,0.0,0.0,0.0,0.0,0.0,0.0,0.0,0.0,4.5,
SEL1,SEL1,2007,SEL1_07U,Unrestored,Clerodendrum infortunatum,10.0,0.0,0.0,0.0,0.0,0.0,0.0,0.0,0.0,0.0,0.0,2.5,
SEL1,SEL1,2007,SEL1_07R,Restored,Maesa indica,18.0,0.0,0.0,0.0,0.0,0.0,0.0,0.0,0.0,0.0,0.0,5.0,
SEL1,SEL1,2007,SEL1_07R,Restored,Clerodendrum infortunatum,13.0,0.0,0.0,0.0,0.0,0.0,0.0,0.0,0.0,0.0,0.0,4.5,
SEL1,SEL1,2007,SEL1_07R,Restored,Dimocarpus longan,15.0,0.0,0.0,0.0,0.0,0.0,0.0,0.0,0.0,0.0,0.0,8.0,
SEL1,SEL1,2007,SEL1_07R,Restored,Maesa indica,11.0,0.0,0.0,0.0,0.0,0.0,0.0,0.0,0.0,0.0,0.0,6.0,
SEL1,SEL1,2007,SEL1_07R,Restored,Actinodaphne malabaricum,61.0,56.0,0.0,0.0,0.0,0.0,0.0,0.0,0.0,0.0,0.0,15.0,
SEL1,SEL1,2007,SEL1_07R,Restored,Diospyros sylvatica,17.0,0.0,0.0,0.0,0.0,0.0,0.0,0.0,0.0,0.0,0.0,7.5,
SEL1,SEL1,2007,SEL1_07R,Restored,Dimocarpus longan,40.0,0.0,0.0,0.0,0.0,0.0,0.0,0.0,0.0,0.0,0.0,12.0,
SEL1,SEL1,2007,SEL1_07R,Restored,Dimocarpus longan,11.0,0.0,0.0,0.0,0.0,0.0,0.0,0.0,0.0,0.0,0.0,4.5,
SEL1,SEL1,2007,SEL1_07R,Restored,Rauwolfia densiflora,19.0,16.0,0.0,0.0,0.0,0.0,0.0,0.0,0.0,0.0,0.0,5.0,
SEL1,SEL1,2007,SEL1_07R,Restored,Clerodendrum infortunatum,29.0,0.0,0.0,0.0,0.0,0.0,0.0,0.0,0.0,0.0,0.0,6.5,
SEL1,SEL1,2007,SEL1_07R,Restored,Litsea bourdillonii,49.0,11.0,0.0,0.0,0.0,0.0,0.0,0.0,0.0,0.0,0.0,11.5,
SEL1,SEL1,2007,SEL1_07R,Restored,Clerodendrum infortunatum,11.0,0.0,0.0,0.0,0.0,0.0,0.0,0.0,0.0,0.0,0.0,4.5,
SEL1,SEL1,2007,SEL1_07R,Restored,Clerodendrum infortunatum,10.0,0.0,0.0,0.0,0.0,0.0,0.0,0.0,0.0,0.0,0.0,4.0,
SEL1,SEL1,2007,SEL1_07R,Restored,Maesa indica,11.0,16.0,12.0,0.0,0.0,0.0,0.0,0.0,0.0,0.0,0.0,4.5,
SEL1,SEL1,2007,SEL1_07R,Restored,Clerodendrum infortunatum,14.0,16.0,0.0,0.0,0.0,0.0,0.0,0.0,0.0,0.0,0.0,6.0,
SEL1,SEL1,2007,SEL1_07R,Restored,Litsea bourdillonii,28.0,15.0,0.0,0.0,0.0,0.0,0.0,0.0,0.0,0.0,0.0,8.5,
SEL1,SEL1,2007,SEL1_07R,Restored,Clerodendrum infortunatum,24.0,0.0,0.0,0.0,0.0,0.0,0.0,0.0,0.0,0.0,0.0,7.5,
SEL1,SEL1,2007,SEL1_07R,Restored,Clerodendrum infortunatum,44.0,0.0,0.0,0.0,0.0,0.0,0.0,0.0,0.0,0.0,0.0,7.0,
SEL1,SEL1,2007,SEL1_07R,Restored,Clerodendrum infortunatum,19.0,0.0,0.0,0.0,0.0,0.0,0.0,0.0,0.0,0.0,0.0,7.0,
SEL1,SEL1,2007,SEL1_07R,Restored,Clerodendrum infortunatum,16.0,21.0,0.0,0.0,0.0,0.0,0.0,0.0,0.0,0.0,0.0,7.0,
SEL1,SEL1,2007,SEL1_07R,Restored,Litsea oleiodes,14.0,0.0,0.0,0.0,0.0,0.0,0.0,0.0,0.0,0.0,0.0,6.5,
SEL1,SEL1,2007,SEL1_07R,Restored,Cinnamomum malabathrum,11.0,0.0,0.0,0.0,0.0,0.0,0.0,0.0,0.0,0.0,0.0,4.5,
SEL1,SEL1,2007,SEL1_07R,Restored,Litsea floribunda,18.0,0.0,0.0,0.0,0.0,0.0,0.0,0.0,0.0,0.0,0.0,7.0,
SEL1,SEL1,2007,SEL1_07R,Restored,Clerodendrum infortunatum,34.0,0.0,0.0,0.0,0.0,0.0,0.0,0.0,0.0,0.0,0.0,6.5,
SEL1,SEL1,2007,SEL1_07R,Restored,Clerodendrum infortunatum,28.0,0.0,0.0,0.0,0.0,0.0,0.0,0.0,0.0,0.0,0.0,6.5,
SEL1,SEL1,2007,SEL1_07R,Restored,Litsea floribunda,75.0,22.0,0.0,0.0,0.0,0.0,0.0,0.0,0.0,0.0,0.0,14.0,
SEL1,SEL1,2007,SEL1_07R,Restored,Litsea oleiodes,17.0,0.0,0.0,0.0,0.0,0.0,0.0,0.0,0.0,0.0,0.0,5.5,
SEL1,SEL1,2007,SEL1_07R,Restored,Maesa indica,12.0,0.0,0.0,0.0,0.0,0.0,0.0,0.0,0.0,0.0,0.0,4.0,
SEL1,SEL1,2007,SEL1_07R,Restored,Clerodendrum infortunatum,30.0,0.0,0.0,0.0,0.0,0.0,0.0,0.0,0.0,0.0,0.0,7.0,
SEL1,SEL1,2007,SEL1_07R,Restored,Rauwolfia densiflora,14.0,11.0,0.0,0.0,0.0,0.0,0.0,0.0,0.0,0.0,0.0,3.5,
SEL1,SEL1,2007,SEL1_07R,Restored,Actinodaphne malabaricum,25.0,62.0,0.0,0.0,0.0,0.0,0.0,0.0,0.0,0.0,0.0,12.5,
SEL1,SEL1,2007,SEL1_07R,Restored,Cinnamomum malabathrum,12.0,12.0,0.0,0.0,0.0,0.0,0.0,0.0,0.0,0.0,0.0,5.5,
SEL1,SEL1,2007,SEL1_07R,Restored,Diospyros sylvatica,12.0,0.0,0.0,0.0,0.0,0.0,0.0,0.0,0.0,0.0,0.0,5.0,
SEL1,SEL1,2007,SEL1_07R,Restored,Vernonia arborea,64.0,0.0,0.0,0.0,0.0,0.0,0.0,0.0,0.0,0.0,0.0,13.0,
SEL1,SEL1,2007,SEL1_07R,Restored,Rauwolfia densiflora,12.0,13.0,0.0,0.0,0.0,0.0,0.0,0.0,0.0,0.0,0.0,3.5,
SEL1,SEL1,2007,SEL1_07R,Restored,Clerodendrum infortunatum,29.0,21.0,0.0,0.0,0.0,0.0,0.0,0.0,0.0,0.0,0.0,7.0,
SEL1,SEL1,2007,SEL1_07R,Restored,Clerodendrum infortunatum,23.0,0.0,0.0,0.0,0.0,0.0,0.0,0.0,0.0,0.0,0.0,7.0,
SEL1,SEL1,2007,SEL1_07R,Restored,Cinnamomum malabathrum,25.0,0.0,0.0,0.0,0.0,0.0,0.0,0.0,0.0,0.0,0.0,6.5,
SEL1,SEL1,2007,SEL1_07R,Restored,Maesa indica,12.0,0.0,0.0,0.0,0.0,0.0,0.0,0.0,0.0,0.0,0.0,3.0,
SEL1,SEL1,2007,SEL1_07R,Restored,Clerodendrum infortunatum,30.0,0.0,0.0,0.0,0.0,0.0,0.0,0.0,0.0,0.0,0.0,11.0,
SEL1,SEL1,2007,SEL1_07R,Restored,Clerodendrum infortunatum,17.0,0.0,0.0,0.0,0.0,0.0,0.0,0.0,0.0,0.0,0.0,5.5,
SEL1,SEL1,2007,SEL1_07R,Restored,Litsea oleiodes,23.0,0.0,0.0,0.0,0.0,0.0,0.0,0.0,0.0,0.0,0.0,7.0,
SEL1,SEL1,2007,SEL1_07R,Restored,Olea dioica,15.0,0.0,0.0,0.0,0.0,0.0,0.0,0.0,0.0,0.0,0.0,5.5,
SEL1,SEL1,2007,SEL1_07R,Restored,Clerodendrum infortunatum,12.0,0.0,0.0,0.0,0.0,0.0,0.0,0.0,0.0,0.0,0.0,5.0,
SEL1,SEL1,2007,SEL1_07R,Restored,Mallotus tetracoccus,180.0,0.0,0.0,0.0,0.0,0.0,0.0,0.0,0.0,0.0,0.0,15.0,
SEL1,SEL1,2007,SEL1_07R,Restored,Clerodendrum infortunatum,18.0,0.0,0.0,0.0,0.0,0.0,0.0,0.0,0.0,0.0,0.0,6.5,
SEL1,SEL1,2007,SEL1_07R,Restored,Clerodendrum infortunatum,21.0,0.0,0.0,0.0,0.0,0.0,0.0,0.0,0.0,0.0,0.0,7.5,
SEL1,SEL1,2007,SEL1_07R,Restored,Maesa indica,16.0,0.0,0.0,0.0,0.0,0.0,0.0,0.0,0.0,0.0,0.0,4.5,
SEL1,SEL1,2007,SEL1_07R,Restored,Clerodendrum infortunatum,25.0,0.0,0.0,0.0,0.0,0.0,0.0,0.0,0.0,0.0,0.0,6.5,
SEL1,SEL1,2007,SEL1_07R,Restored,Maesa indica,12.0,0.0,0.0,0.0,0.0,0.0,0.0,0.0,0.0,0.0,0.0,4.5,
SEL1,SEL1,2007,SEL1_07R,Restored,Clerodendrum infortunatum,19.0,0.0,0.0,0.0,0.0,0.0,0.0,0.0,0.0,0.0,0.0,7.5,
SEL1,SEL1,2007,SEL1_07R,Restored,Spathodea campanulata,59.0,0.0,0.0,0.0,0.0,0.0,0.0,0.0,0.0,0.0,0.0,9.0,
SEL1,SEL1,2007,SEL1_07R,Restored,Macaranga peltata,74.0,0.0,0.0,0.0,0.0,0.0,0.0,0.0,0.0,0.0,0.0,13.0,
SEL1,SEL1,2007,SEL1_07R,Restored,Mesua ferrea,19.0,0.0,0.0,0.0,0.0,0.0,0.0,0.0,0.0,0.0,0.0,6.5,
SEL1,SEL1,2007,SEL1_07R,Restored,Maesa indica,14.0,0.0,0.0,0.0,0.0,0.0,0.0,0.0,0.0,0.0,0.0,5.5,
VART4,VART4,2010,VAR4_10R,Restored,Apollonias arnottii,11.0,0.0,0.0,0.0,0.0,0.0,0.0,0.0,0.0,0.0,0.0,4.5,
VART4,VART4,2010,VAR4_10R,Restored,Macaranga peltata,175.0,0.0,0.0,0.0,0.0,0.0,0.0,0.0,0.0,0.0,0.0,10.0,
VART4,VART4,2010,VAR4_10R,Restored,Gliricidia sepium,11.0,0.0,0.0,0.0,0.0,0.0,0.0,0.0,0.0,0.0,0.0,2.0,
VART4,VART4,2010,VAR4_10R,Restored,Gliricidia sepium,12.0,0.0,0.0,0.0,0.0,0.0,0.0,0.0,0.0,0.0,0.0,4.5,
VART4,VART4,2010,VAR4_10R,Restored,Gliricidia sepium,12.0,0.0,0.0,0.0,0.0,0.0,0.0,0.0,0.0,0.0,0.0,4.5,
VART4,VART4,2010,VAR4_10R,Restored,Croton zeylanicus,60.0,60.0,48.0,0.0,0.0,0.0,0.0,0.0,0.0,0.0,0.0,7.5,
VART4,VART4,2010,VAR4_10R,Restored,Maesa indica,11.0,0.0,0.0,0.0,0.0,0.0,0.0,0.0,0.0,0.0,0.0,5.0,
VART4,VART4,2010,VAR4_10R,Restored,Gliricidia sepium,16.0,0.0,0.0,0.0,0.0,0.0,0.0,0.0,0.0,0.0,0.0,5.5,
VART4,VART4,2010,VAR4_10R,Restored,Meiogyne pannosa,15.0,0.0,0.0,0.0,0.0,0.0,0.0,0.0,0.0,0.0,0.0,4.0,
VART4,VART4,2010,VAR4_10R,Restored,Actinodaphne bourdillonii,16.0,0.0,0.0,0.0,0.0,0.0,0.0,0.0,0.0,0.0,0.0,7.5,
VART4,VART4,2010,VAR4_10R,Restored,Meiogyne pannosa,14.0,0.0,0.0,0.0,0.0,0.0,0.0,0.0,0.0,0.0,0.0,2.5,
VART4,VART4,2010,VAR4_10R,Restored,Actinodaphne bourdillonii,22.0,0.0,0.0,0.0,0.0,0.0,0.0,0.0,0.0,0.0,0.0,7.0,
VART4,VART4,2010,VAR4_10R,Restored,Dimocarpus longan,17.0,0.0,0.0,0.0,0.0,0.0,0.0,0.0,0.0,0.0,0.0,6.0,
VART4,VART4,2010,VAR4_10R,Restored,Clerodendrum infortunatum,13.0,0.0,0.0,0.0,0.0,0.0,0.0,0.0,0.0,0.0,0.0,3.5,
VART4,VART4,2010,VAR4_10R,Restored,Clerodendrum infortunatum,17.0,0.0,0.0,0.0,0.0,0.0,0.0,0.0,0.0,0.0,0.0,6.0,
VART4,VART4,2010,VAR4_10R,Restored,Clerodendrum infortunatum,10.0,0.0,0.0,0.0,0.0,0.0,0.0,0.0,0.0,0.0,0.0,3.0,
VART4,VART4,2010,VAR4_10R,Restored,Litsea oleiodes,55.0,0.0,0.0,0.0,0.0,0.0,0.0,0.0,0.0,0.0,0.0,10.0,
VART4,VART4,2010,VAR4_10R,Restored,Actinodaphne bourdillonii,24.0,0.0,0.0,0.0,0.0,0.0,0.0,0.0,0.0,0.0,0.0,7.5,
VART4,VART4,2010,VAR4_10R,Restored,Dimocarpus longan,16.0,37.0,30.0,0.0,0.0,0.0,0.0,0.0,0.0,0.0,0.0,7.5,
VART4,VART4,2010,VAR4_10R,Restored,Montonoa sp.,15.0,13.0,13.0,0.0,0.0,0.0,0.0,0.0,0.0,0.0,0.0,6.0,
VART4,VART4,2010,VAR4_10R,Restored,Montonoa sp.,17.0,0.0,0.0,0.0,0.0,0.0,0.0,0.0,0.0,0.0,0.0,5.5,
VART4,VART4,2010,VAR4_10R,Restored,Maesopsis eminii,48.0,0.0,0.0,0.0,0.0,0.0,0.0,0.0,0.0,0.0,0.0,11.0,
VART4,VART4,2010,VAR4_10R,Restored,Actinodaphne bourdillonii,113.0,12.0,10.0,0.0,0.0,0.0,0.0,0.0,0.0,0.0,0.0,11.5,
VART4,VART4,2010,VAR4_10R,Restored,Hydnocarpus alpina,29.0,23.0,21.0,0.0,0.0,0.0,0.0,0.0,0.0,0.0,0.0,7.5,
VART4,VART4,2010,VAR4_10R,Restored,Macaranga peltata,101.0,0.0,0.0,0.0,0.0,0.0,0.0,0.0,0.0,0.0,0.0,15.0,
VART4,VART4,2010,VAR4_10R,Restored,Apollonias arnottii,17.0,12.0,0.0,0.0,0.0,0.0,0.0,0.0,0.0,0.0,0.0,4.5,
VART4,VART4,2010,VAR4_10R,Restored,Mangifera indica,105.0,0.0,0.0,0.0,0.0,0.0,0.0,0.0,0.0,0.0,0.0,12.0,
VART4,VART4,2010,VAR4_10R,Restored,Clerodendrum infortunatum,17.0,0.0,0.0,0.0,0.0,0.0,0.0,0.0,0.0,0.0,0.0,5.0,
VART4,VART4,2010,VAR4_10R,Restored,Cinnamomum malabathrum,20.0,0.0,0.0,0.0,0.0,0.0,0.0,0.0,0.0,0.0,0.0,5.5,
VART4,VART4,2010,VAR4_10R,Restored,Gliricidia sepium,18.0,0.0,0.0,0.0,0.0,0.0,0.0,0.0,0.0,0.0,0.0,3.5,
VART4,VART4,2010,VAR4_10R,Restored,Actinodaphne bourdillonii,12.0,0.0,0.0,0.0,0.0,0.0,0.0,0.0,0.0,0.0,0.0,5.0,
VART4,VART4,2010,VAR4_10R,Restored,Gliricidia sepium,14.0,0.0,0.0,0.0,0.0,0.0,0.0,0.0,0.0,0.0,0.0,6.0,
VART4,VART4,2010,VAR4_10R,Restored,Actinodaphne bourdillonii,19.0,0.0,0.0,0.0,0.0,0.0,0.0,0.0,0.0,0.0,0.0,7.5,
VART4,VART4,2010,VAR4_10R,Restored,Actinodaphne bourdillonii,27.0,0.0,0.0,0.0,0.0,0.0,0.0,0.0,0.0,0.0,0.0,8.5,
VART4,VART4,2010,VAR4_10R,Restored,Clerodendrum infortunatum,17.0,0.0,0.0,0.0,0.0,0.0,0.0,0.0,0.0,0.0,0.0,4.5,
VART4,VART4,2010,VAR4_10R,Restored,Clerodendrum infortunatum,26.0,0.0,0.0,0.0,0.0,0.0,0.0,0.0,0.0,0.0,0.0,5.0,
VART4,VART4,2010,VAR4_10R,Restored,Clerodendrum infortunatum,17.0,0.0,0.0,0.0,0.0,0.0,0.0,0.0,0.0,0.0,0.0,4.5,
VART4,VART4,2010,VAR4_10R,Restored,Mallotus philippensis,12.0,0.0,0.0,0.0,0.0,0.0,0.0,0.0,0.0,0.0,0.0,3.0,
VART4,VART4,2010,VAR4_10R,Restored,Montonoa sp.,13.0,11.0,12.0,0.0,0.0,0.0,0.0,0.0,0.0,0.0,0.0,4.5,
VART4,VART4,2010,VAR4_10R,Restored,Apollonias arnottii,12.0,12.0,14.0,0.0,0.0,0.0,0.0,0.0,0.0,0.0,0.0,4.5,
VART4,VART4,2010,VAR4_10R,Restored,Montonoa sp.,11.0,0.0,0.0,0.0,0.0,0.0,0.0,0.0,0.0,0.0,0.0,3.0,
VART4,VART4,2010,VAR4_10R,Restored,Actinodaphne bourdillonii,20.0,0.0,0.0,0.0,0.0,0.0,0.0,0.0,0.0,0.0,0.0,5.5,
VART4,VART4,2010,VAR4_10R,Restored,Clerodendrum infortunatum,15.0,12.0,0.0,0.0,0.0,0.0,0.0,0.0,0.0,0.0,0.0,3.5,
VART4,VART4,2010,VAR4_10R,Restored,Hydnocarpus alpina,10.0,0.0,0.0,0.0,0.0,0.0,0.0,0.0,0.0,0.0,0.0,3.0,
VART4,VART4,2010,VAR4_10R,Restored,Gliricidia sepium,11.0,0.0,0.0,0.0,0.0,0.0,0.0,0.0,0.0,0.0,0.0,4.5,
VART4,VART4,2010,VAR4_10R,Restored,Montonoa sp.,10.0,11.0,12.0,0.0,0.0,0.0,0.0,0.0,0.0,0.0,0.0,4.5,
VART4,VART4,2010,VAR4_10R,Restored,Gliricidia sepium,12.0,0.0,0.0,0.0,0.0,0.0,0.0,0.0,0.0,0.0,0.0,5.0,
VART4,VART4,2010,VAR4_10R,Restored,Maesa indica,22.0,0.0,0.0,0.0,0.0,0.0,0.0,0.0,0.0,0.0,0.0,4.5,
VART4,VART4,2010,VAR4_10R,Restored,Actinodaphne bourdillonii,22.0,0.0,0.0,0.0,0.0,0.0,0.0,0.0,0.0,0.0,0.0,5.0,
HP40,R05,2005,HP40_05R,Restored,Mallotus tetracoccus,55.0,0.0,0.0,0.0,0.0,0.0,0.0,0.0,0.0,0.0,0.0,8.0,
HP40,R05,2005,HP40_05R,Restored,Mallotus tetracoccus,61.0,0.0,0.0,0.0,0.0,0.0,0.0,0.0,0.0,0.0,0.0,8.0,
HP40,R05,2005,HP40_05R,Restored,Mallotus tetracoccus,65.0,0.0,0.0,0.0,0.0,0.0,0.0,0.0,0.0,0.0,0.0,8.5,
HP40,R05,2005,HP40_05R,Restored,Mallotus tetracoccus,83.0,0.0,0.0,0.0,0.0,0.0,0.0,0.0,0.0,0.0,0.0,9.0,
HP40,R05,2005,HP40_05R,Restored,Nothapodytes nimmoniana,17.0,0.0,0.0,0.0,0.0,0.0,0.0,0.0,0.0,0.0,0.0,4.5,
HP40,R05,2005,HP40_05R,Restored,Maesa indica,14.0,10.0,0.0,0.0,0.0,0.0,0.0,0.0,0.0,0.0,0.0,2.0,
HP40,R05,2005,HP40_05R,Restored,Macaranga peltata,65.0,0.0,0.0,0.0,0.0,0.0,0.0,0.0,0.0,0.0,0.0,9.5,
HP40,R05,2005,HP40_05R,Restored,Clerodendrum infortunatum,20.0,0.0,0.0,0.0,0.0,0.0,0.0,0.0,0.0,0.0,0.0,5.0,
HP40,R05,2005,HP40_05R,Restored,Mallotus tetracoccus,61.0,0.0,0.0,0.0,0.0,0.0,0.0,0.0,0.0,0.0,0.0,8.0,
HP40,R05,2005,HP40_05R,Restored,Macaranga peltata,17.0,0.0,0.0,0.0,0.0,0.0,0.0,0.0,0.0,0.0,0.0,5.0,
HP40,R05,2005,HP40_05R,Restored,Ficus hispida,33.0,0.0,0.0,0.0,0.0,0.0,0.0,0.0,0.0,0.0,0.0,6.0,
HP40,R05,2005,HP40_05R,Restored,Mallotus tetracoccus,46.0,0.0,0.0,0.0,0.0,0.0,0.0,0.0,0.0,0.0,0.0,9.0,
HP40,R05,2005,HP40_05R,Restored,Mallotus tetracoccus,67.0,0.0,0.0,0.0,0.0,0.0,0.0,0.0,0.0,0.0,0.0,9.5,
HP40,R05,2005,HP40_05R,Restored,Mallotus tetracoccus,43.0,0.0,0.0,0.0,0.0,0.0,0.0,0.0,0.0,0.0,0.0,8.5,
HP40,R05,2005,HP40_05R,Restored,Mallotus tetracoccus,33.0,50.0,0.0,0.0,0.0,0.0,0.0,0.0,0.0,0.0,0.0,8.5,
HP40,R05,2005,HP40_05R,Restored,Persea macarantha,11.0,0.0,0.0,0.0,0.0,0.0,0.0,0.0,0.0,0.0,0.0,2.0,
HP40,R05,2005,HP40_05R,Restored,Mallotus tetracoccus,54.0,0.0,0.0,0.0,0.0,0.0,0.0,0.0,0.0,0.0,0.0,8.5,
HP40,R05,2005,HP40_05R,Restored,Mallotus tetracoccus,57.0,0.0,0.0,0.0,0.0,0.0,0.0,0.0,0.0,0.0,0.0,9.0,
HP40,R05,2005,HP40_05R,Restored,Mallotus tetracoccus,56.0,0.0,0.0,0.0,0.0,0.0,0.0,0.0,0.0,0.0,0.0,8.5,
HP37,B4,,HP37_P4B,Benchmark,Litsea stocksii,50.0,0.0,0.0,0.0,0.0,0.0,0.0,0.0,0.0,0.0,0.0,,corrected: cut
HP40,R05,2005,HP40_05R,Restored,Mallotus tetracoccus,86.0,0.0,0.0,0.0,0.0,0.0,0.0,0.0,0.0,0.0,0.0,8.5,
HP40,R05,2005,HP40_05R,Restored,Macaranga peltata,56.0,0.0,0.0,0.0,0.0,0.0,0.0,0.0,0.0,0.0,0.0,7.0,
HP40,R05,2005,HP40_05R,Restored,Macaranga peltata,39.0,0.0,0.0,0.0,0.0,0.0,0.0,0.0,0.0,0.0,0.0,7.5,
HP40,R05,2005,HP40_05R,Restored,Mallotus tetracoccus,63.0,0.0,0.0,0.0,0.0,0.0,0.0,0.0,0.0,0.0,0.0,8.0,
HP40,R05,2005,HP40_05R,Restored,Mallotus tetracoccus,71.0,0.0,0.0,0.0,0.0,0.0,0.0,0.0,0.0,0.0,0.0,8.5,
HP40,R05,2005,HP40_05R,Restored,Mallotus tetracoccus,52.0,0.0,0.0,0.0,0.0,0.0,0.0,0.0,0.0,0.0,0.0,8.0,
HP40,R05,2005,HP40_05R,Restored,Mallotus tetracoccus,38.0,45.0,0.0,0.0,0.0,0.0,0.0,0.0,0.0,0.0,0.0,8.0,
HP40,R05,2005,HP40_05R,Restored,Clerodendrum infortunatum,10.0,0.0,0.0,0.0,0.0,0.0,0.0,0.0,0.0,0.0,0.0,4.0,
HP40,R05,2005,HP40_05R,Restored,Mallotus tetracoccus,52.0,0.0,0.0,0.0,0.0,0.0,0.0,0.0,0.0,0.0,0.0,8.0,
HP40,R05,2005,HP40_05R,Restored,Persea macarantha,10.0,10.0,0.0,0.0,0.0,0.0,0.0,0.0,0.0,0.0,0.0,3.5,
HP40,R0608,2007,HP40_08R,Restored,Clerodendrum infortunatum,17.0,0.0,0.0,0.0,0.0,0.0,0.0,0.0,0.0,0.0,0.0,6.5,
HP40,R0608,2007,HP40_08R,Restored,Clerodendrum infortunatum,17.0,0.0,0.0,0.0,0.0,0.0,0.0,0.0,0.0,0.0,0.0,5.0,
HP40,R0608,2007,HP40_08R,Restored,Clerodendrum infortunatum,16.0,10.0,0.0,0.0,0.0,0.0,0.0,0.0,0.0,0.0,0.0,5.5,
HP40,R0608,2007,HP40_08R,Restored,Clerodendrum infortunatum,11.0,0.0,0.0,0.0,0.0,0.0,0.0,0.0,0.0,0.0,0.0,5.0,
HP40,R0608,2007,HP40_08R,Restored,Clerodendrum infortunatum,22.0,0.0,0.0,0.0,0.0,0.0,0.0,0.0,0.0,0.0,0.0,5.5,
HP40,R0608,2007,HP40_08R,Restored,Clerodendrum infortunatum,25.0,0.0,0.0,0.0,0.0,0.0,0.0,0.0,0.0,0.0,0.0,6.5,
HP40,R0608,2007,HP40_08R,Restored,Neolitsea scrobiculata,28.0,33.0,0.0,0.0,0.0,0.0,0.0,0.0,0.0,0.0,0.0,7.0,
HP40,R0608,2007,HP40_08R,Restored,Litsea oleiodes,10.0,0.0,0.0,0.0,0.0,0.0,0.0,0.0,0.0,0.0,0.0,3.0,
HP40,R0608,2007,HP40_08R,Restored,Clerodendrum infortunatum,20.0,0.0,0.0,0.0,0.0,0.0,0.0,0.0,0.0,0.0,0.0,5.5,
HP40,R0608,2007,HP40_08R,Restored,Maesa indica,10.0,0.0,0.0,0.0,0.0,0.0,0.0,0.0,0.0,0.0,0.0,4.0,
HP40,R0608,2007,HP40_08R,Restored,Clerodendrum infortunatum,15.0,0.0,0.0,0.0,0.0,0.0,0.0,0.0,0.0,0.0,0.0,5.0,
HP40,R0608,2007,HP40_08R,Restored,Clerodendrum infortunatum,10.0,0.0,0.0,0.0,0.0,0.0,0.0,0.0,0.0,0.0,0.0,4.5,
HP40,R0608,2007,HP40_08R,Restored,Clerodendrum infortunatum,12.0,0.0,0.0,0.0,0.0,0.0,0.0,0.0,0.0,0.0,0.0,5.0,
HP40,R0608,2007,HP40_08R,Restored,Clerodendrum infortunatum,20.0,0.0,0.0,0.0,0.0,0.0,0.0,0.0,0.0,0.0,0.0,6.0,
HP40,R0608,2007,HP40_08R,Restored,Clerodendrum infortunatum,12.0,0.0,0.0,0.0,0.0,0.0,0.0,0.0,0.0,0.0,0.0,5.0,
HP40,R0608,2007,HP40_08R,Restored,Clerodendrum infortunatum,22.0,0.0,0.0,0.0,0.0,0.0,0.0,0.0,0.0,0.0,0.0,7.0,
HP40,R0608,2007,HP40_08R,Restored,Maesa indica,14.0,12.0,0.0,0.0,0.0,0.0,0.0,0.0,0.0,0.0,0.0,6.0,
HP40,R0608,2007,HP40_08R,Restored,Maesa indica,18.0,0.0,0.0,0.0,0.0,0.0,0.0,0.0,0.0,0.0,0.0,5.5,
HP40,R0608,2007,HP40_08R,Restored,Maesa indica,11.0,11.0,0.0,0.0,0.0,0.0,0.0,0.0,0.0,0.0,0.0,5.0,
HP40,R0608,2007,HP40_08R,Restored,Maesa indica,10.0,0.0,0.0,0.0,0.0,0.0,0.0,0.0,0.0,0.0,0.0,4.5,
HP40,R0608,2007,HP40_08R,Restored,Clerodendrum infortunatum,13.0,0.0,0.0,0.0,0.0,0.0,0.0,0.0,0.0,0.0,0.0,5.5,
HP40,R0608,2007,HP40_08R,Restored,Maesa indica,10.0,0.0,0.0,0.0,0.0,0.0,0.0,0.0,0.0,0.0,0.0,4.5,
HP40,R0608,2007,HP40_08R,Restored,Mallotus tetracoccus,25.0,0.0,0.0,0.0,0.0,0.0,0.0,0.0,0.0,0.0,0.0,8.0,
HP40,R0608,2007,HP40_08R,Restored,Clerodendrum infortunatum,17.0,0.0,0.0,0.0,0.0,0.0,0.0,0.0,0.0,0.0,0.0,5.5,
HP40,R0608,2007,HP40_08R,Restored,Clerodendrum infortunatum,16.0,0.0,0.0,0.0,0.0,0.0,0.0,0.0,0.0,0.0,0.0,5.5,
HP40,R0608,2007,HP40_08R,Restored,Clerodendrum infortunatum,15.0,0.0,0.0,0.0,0.0,0.0,0.0,0.0,0.0,0.0,0.0,6.0,
HP40,R0608,2007,HP40_08R,Restored,Mallotus tetracoccus,91.0,0.0,0.0,0.0,0.0,0.0,0.0,0.0,0.0,0.0,0.0,12.0,
HP40,R0608,2007,HP40_08R,Restored,Clerodendrum infortunatum,23.0,0.0,0.0,0.0,0.0,0.0,0.0,0.0,0.0,0.0,0.0,6.5,
HP40,R0608,2007,HP40_08R,Restored,Maesa indica,20.0,21.0,14.0,18.0,0.0,0.0,0.0,0.0,0.0,0.0,0.0,7.5,
HP40,R0608,2007,HP40_08R,Restored,Maesa indica,16.0,16.0,0.0,0.0,0.0,0.0,0.0,0.0,0.0,0.0,0.0,6.5,
HP40,R0608,2007,HP40_08R,Restored,Mallotus tetracoccus,58.0,0.0,0.0,0.0,0.0,0.0,0.0,0.0,0.0,0.0,0.0,10.0,
HP40,R0608,2007,HP40_08R,Restored,Clerodendrum infortunatum,16.0,0.0,0.0,0.0,0.0,0.0,0.0,0.0,0.0,0.0,0.0,4.5,
HP40,R0608,2007,HP40_08R,Restored,Maesa indica,28.0,0.0,0.0,0.0,0.0,0.0,0.0,0.0,0.0,0.0,0.0,6.0,
HP40,R0608,2007,HP40_08R,Restored,Mallotus tetracoccus,90.0,0.0,0.0,0.0,0.0,0.0,0.0,0.0,0.0,0.0,0.0,11.0,
HP40,R0608,2007,HP40_08R,Restored,Clerodendrum infortunatum,12.0,0.0,0.0,0.0,0.0,0.0,0.0,0.0,0.0,0.0,0.0,1.5,
HP40,R0608,2007,HP40_08R,Restored,Maesa indica,17.0,0.0,0.0,0.0,0.0,0.0,0.0,0.0,0.0,0.0,0.0,5.0,
HP40,R05,2005,HP40_05R,Restored,Mallotus tetracoccus,61.0,0.0,0.0,0.0,0.0,0.0,0.0,0.0,0.0,0.0,0.0,,corrected: cut
HP40,R0608,2007,HP40_08R,Restored,Clerodendrum infortunatum,21.0,0.0,0.0,0.0,0.0,0.0,0.0,0.0,0.0,0.0,0.0,6.5,
HP40,R0608,2007,HP40_08R,Restored,Clerodendrum infortunatum,19.0,0.0,0.0,0.0,0.0,0.0,0.0,0.0,0.0,0.0,0.0,5.0,
HP40,R0608,2007,HP40_08R,Restored,Maesa indica,21.0,0.0,0.0,0.0,0.0,0.0,0.0,0.0,0.0,0.0,0.0,5.5,
HP40,R0608,2007,HP40_08R,Restored,Maesa indica,20.0,0.0,0.0,0.0,0.0,0.0,0.0,0.0,0.0,0.0,0.0,7.5,
HP40,R0608,2007,HP40_08R,Restored,Maesa indica,11.0,0.0,0.0,0.0,0.0,0.0,0.0,0.0,0.0,0.0,0.0,5.5,
HP40,R0608,2007,HP40_08R,Restored,Clerodendrum infortunatum,12.0,0.0,0.0,0.0,0.0,0.0,0.0,0.0,0.0,0.0,0.0,5.5,
HP40,R0608,2007,HP40_08R,Restored,Mallotus tetracoccus,80.0,48.0,0.0,0.0,0.0,0.0,0.0,0.0,0.0,0.0,0.0,11.0,
HP40,R0608,2007,HP40_08R,Restored,Maesa indica,20.0,0.0,0.0,0.0,0.0,0.0,0.0,0.0,0.0,0.0,0.0,6.0,
HP40,R0608,2007,HP40_08R,Restored,Maesa indica,24.0,16.0,10.0,0.0,0.0,0.0,0.0,0.0,0.0,0.0,0.0,5.5,
HP40,R0608,2007,HP40_08R,Restored,Maesa indica,15.0,21.0,0.0,0.0,0.0,0.0,0.0,0.0,0.0,0.0,0.0,5.5,
HP40,R0608,2007,HP40_08R,Restored,Nothapodytes nimmoniana,12.0,10.0,0.0,0.0,0.0,0.0,0.0,0.0,0.0,0.0,0.0,5.0,
HP40,R0608,2007,HP40_08R,Restored,Litsea floribunda,12.0,0.0,0.0,0.0,0.0,0.0,0.0,0.0,0.0,0.0,0.0,5.5,
HP40,R0608,2007,HP40_08R,Restored,Maesa indica,19.0,38.0,34.0,30.0,17.0,0.0,0.0,0.0,0.0,0.0,0.0,6.5,
HP40,R0608,2007,HP40_08R,Restored,Maesa indica,17.0,0.0,0.0,0.0,0.0,0.0,0.0,0.0,0.0,0.0,0.0,6.0,
HP40,R0608,2007,HP40_08R,Restored,Maesa indica,10.0,0.0,0.0,0.0,0.0,0.0,0.0,0.0,0.0,0.0,0.0,4.5,
HP40,R0608,2007,HP40_08R,Restored,Solanum sp.,28.0,0.0,0.0,0.0,0.0,0.0,0.0,0.0,0.0,0.0,0.0,6.0,
HP40,R0608,2007,HP40_08R,Restored,Neolitsea scrobiculata,25.0,0.0,0.0,0.0,0.0,0.0,0.0,0.0,0.0,0.0,0.0,6.0,
HP40,R0608,2007,HP40_08R,Restored,Maesa indica,20.0,0.0,0.0,0.0,0.0,0.0,0.0,0.0,0.0,0.0,0.0,5.0,
HP40,R0608,2007,HP40_08R,Restored,Clerodendrum infortunatum,33.0,0.0,0.0,0.0,0.0,0.0,0.0,0.0,0.0,0.0,0.0,6.5,
HP40,R0608,2007,HP40_08R,Restored,Clerodendrum infortunatum,21.0,0.0,0.0,0.0,0.0,0.0,0.0,0.0,0.0,0.0,0.0,6.5,
HP40,R0608,2007,HP40_08R,Restored,Nothapodytes nimmoniana,15.0,0.0,0.0,0.0,0.0,0.0,0.0,0.0,0.0,0.0,0.0,4.5,
HP40,R0608,2007,HP40_08R,Restored,Clerodendrum infortunatum,12.0,0.0,0.0,0.0,0.0,0.0,0.0,0.0,0.0,0.0,0.0,2.5,
HP40,R0608,2007,HP40_08R,Restored,Clerodendrum infortunatum,23.0,0.0,0.0,0.0,0.0,0.0,0.0,0.0,0.0,0.0,0.0,6.0,
HP40,R0608,2007,HP40_08R,Restored,Clerodendrum infortunatum,20.0,0.0,0.0,0.0,0.0,0.0,0.0,0.0,0.0,0.0,0.0,6.5,
HP40,R0608,2007,HP40_08R,Restored,Clerodendrum infortunatum,16.0,0.0,0.0,0.0,0.0,0.0,0.0,0.0,0.0,0.0,0.0,6.0,
HP40,R0608,2007,HP40_08R,Restored,Clerodendrum infortunatum,10.0,0.0,0.0,0.0,0.0,0.0,0.0,0.0,0.0,0.0,0.0,5.5,
HP40,R0608,2007,HP40_08R,Restored,Clerodendrum infortunatum,17.0,0.0,0.0,0.0,0.0,0.0,0.0,0.0,0.0,0.0,0.0,7.0,
HP40,R0608,2007,HP40_08R,Restored,Clerodendrum infortunatum,19.0,0.0,0.0,0.0,0.0,0.0,0.0,0.0,0.0,0.0,0.0,6.5,
HP40,R0608,2007,HP40_08R,Restored,Maesa indica,15.0,13.0,0.0,0.0,0.0,0.0,0.0,0.0,0.0,0.0,0.0,5.0,
HP40,R0608,2007,HP40_08R,Restored,Maesa indica,23.0,0.0,0.0,0.0,0.0,0.0,0.0,0.0,0.0,0.0,0.0,6.5,
HP40,R0608,2007,HP40_08R,Restored,Maesa indica,16.0,0.0,0.0,0.0,0.0,0.0,0.0,0.0,0.0,0.0,0.0,5.5,
HP40,R05,2005,HP40_05U,Unrestored,Cinnamomum malabathrum,50.0,0.0,0.0,0.0,0.0,0.0,0.0,0.0,0.0,0.0,0.0,5.0,
HP40,R05,2005,HP40_05U,Unrestored,Cinnamomum malabathrum,10.0,0.0,0.0,0.0,0.0,0.0,0.0,0.0,0.0,0.0,0.0,2.0,
HP40,R05,2005,HP40_05U,Unrestored,Clerodendrum infortunatum,12.0,0.0,0.0,0.0,0.0,0.0,0.0,0.0,0.0,0.0,0.0,4.0,
HP40,R05,2005,HP40_05U,Unrestored,Olea dioica,35.0,0.0,0.0,0.0,0.0,0.0,0.0,0.0,0.0,0.0,0.0,6.0,
HP40,R05,2005,HP40_05U,Unrestored,Macaranga peltata,74.0,0.0,0.0,0.0,0.0,0.0,0.0,0.0,0.0,0.0,0.0,8.0,
HP40,R05,2005,HP40_05U,Unrestored,Mallotus tetracoccus,130.0,0.0,0.0,0.0,0.0,0.0,0.0,0.0,0.0,0.0,0.0,10.0,
HP40,R05,2005,HP40_05U,Unrestored,Syzygium densiflorum,22.0,0.0,0.0,0.0,0.0,0.0,0.0,0.0,0.0,0.0,0.0,5.0,
HP40,R05,2005,HP40_05U,Unrestored,Syzygium densiflorum,17.0,0.0,0.0,0.0,0.0,0.0,0.0,0.0,0.0,0.0,0.0,5.0,
HP40,R05,2005,HP40_05U,Unrestored,Syzygium densiflorum,14.0,0.0,0.0,0.0,0.0,0.0,0.0,0.0,0.0,0.0,0.0,3.0,
HP40,R05,2005,HP40_05U,Unrestored,Diospyros sylvatica,15.0,0.0,0.0,0.0,0.0,0.0,0.0,0.0,0.0,0.0,0.0,3.0,
HP40,R05,2005,HP40_05U,Unrestored,Acronychia pedunculata,66.0,39.0,0.0,0.0,0.0,0.0,0.0,0.0,0.0,0.0,0.0,6.0,
HP40,R05,2005,HP40_05U,Unrestored,Syzygium densiflorum,12.0,12.0,10.0,0.0,0.0,0.0,0.0,0.0,0.0,0.0,0.0,3.5,
HP40,R05,2005,HP40_05U,Unrestored,Sterculia guttata,20.0,12.0,0.0,0.0,0.0,0.0,0.0,0.0,0.0,0.0,0.0,3.5,
HP40,R05,2005,HP40_05U,Unrestored,Clerodendrum infortunatum,12.0,0.0,0.0,0.0,0.0,0.0,0.0,0.0,0.0,0.0,0.0,2.0,
HP40,R05,2005,HP40_05U,Unrestored,Mallotus tetracoccus,31.0,0.0,0.0,0.0,0.0,0.0,0.0,0.0,0.0,0.0,0.0,7.5,
HP40,R05,2005,HP40_05U,Unrestored,Syzygium densiflorum,11.0,14.0,12.0,12.0,0.0,0.0,0.0,0.0,0.0,0.0,0.0,6.0,
HP40,R05,2005,HP40_05U,Unrestored,Garcinia morella,15.0,10.0,0.0,0.0,0.0,0.0,0.0,0.0,0.0,0.0,0.0,3.0,
HP40,R05,2005,HP40_05U,Unrestored,Ficus microcarpa,38.0,20.0,0.0,0.0,0.0,0.0,0.0,0.0,0.0,0.0,0.0,7.0,
HP40,R05,2005,HP40_05U,Unrestored,Persea macarantha,11.0,0.0,0.0,0.0,0.0,0.0,0.0,0.0,0.0,0.0,0.0,4.0,
HP40,R0608,2007,HP40_08U,Unrestored,Villebrunea integrifolia,18.0,0.0,0.0,0.0,0.0,0.0,0.0,0.0,0.0,0.0,0.0,6.5,
HP40,R0608,2007,HP40_08U,Unrestored,Villebrunea integrifolia,95.0,32.0,38.0,41.0,16.0,0.0,0.0,0.0,0.0,0.0,0.0,8.0,
HP40,R0608,2007,HP40_08U,Unrestored,Clerodendrum infortunatum,21.0,0.0,0.0,0.0,0.0,0.0,0.0,0.0,0.0,0.0,0.0,6.0,
HP40,R0608,2007,HP40_08U,Unrestored,Clerodendrum infortunatum,39.0,0.0,0.0,0.0,0.0,0.0,0.0,0.0,0.0,0.0,0.0,7.0,
HP40,R0608,2007,HP40_08U,Unrestored,Dysoxylum malabaricum,15.0,14.0,0.0,0.0,0.0,0.0,0.0,0.0,0.0,0.0,0.0,5.0,
HP40,R0608,2007,HP40_08U,Unrestored,Dysoxylum malabaricum,20.0,16.0,0.0,0.0,0.0,0.0,0.0,0.0,0.0,0.0,0.0,5.0,
HP40,R0608,2007,HP40_08U,Unrestored,Solanum sp.,20.0,0.0,0.0,0.0,0.0,0.0,0.0,0.0,0.0,0.0,0.0,6.0,
HP40,R0608,2007,HP40_08U,Unrestored,Cinnamomum malabathrum,14.0,14.0,0.0,0.0,0.0,0.0,0.0,0.0,0.0,0.0,0.0,6.5,
HP40,R0608,2007,HP40_08U,Unrestored,Persea macarantha,134.0,0.0,0.0,0.0,0.0,0.0,0.0,0.0,0.0,0.0,0.0,14.0,
HP40,R0608,2007,HP40_08U,Unrestored,Neolitsea scrobiculata,10.0,0.0,0.0,0.0,0.0,0.0,0.0,0.0,0.0,0.0,0.0,7.0,
HP40,R0608,2007,HP40_08U,Unrestored,Clerodendrum infortunatum,16.0,0.0,0.0,0.0,0.0,0.0,0.0,0.0,0.0,0.0,0.0,7.0,
HP40,R0608,2007,HP40_08U,Unrestored,Clerodendrum infortunatum,14.0,0.0,0.0,0.0,0.0,0.0,0.0,0.0,0.0,0.0,0.0,7.0,
HP40,R0608,2007,HP40_08U,Unrestored,Clerodendrum infortunatum,14.0,0.0,0.0,0.0,0.0,0.0,0.0,0.0,0.0,0.0,0.0,6.5,
HP40,R0608,2007,HP40_08U,Unrestored,Scolopia crenata,12.0,0.0,0.0,0.0,0.0,0.0,0.0,0.0,0.0,0.0,0.0,5.5,
HP40,R0608,2007,HP40_08U,Unrestored,Clerodendrum infortunatum,14.0,0.0,0.0,0.0,0.0,0.0,0.0,0.0,0.0,0.0,0.0,6.5,
HP40,R0608,2007,HP40_08U,Unrestored,Montonoa sp.,16.0,20.0,0.0,0.0,0.0,0.0,0.0,0.0,0.0,0.0,0.0,7.0,
HP40,R0608,2007,HP40_08U,Unrestored,Meiogyne pannosa,14.0,0.0,0.0,0.0,0.0,0.0,0.0,0.0,0.0,0.0,0.0,2.0,
HP40,R0608,2007,HP40_08U,Unrestored,Meiogyne pannosa,12.0,0.0,0.0,0.0,0.0,0.0,0.0,0.0,0.0,0.0,0.0,3.5,
HP40,R0608,2007,HP40_08U,Unrestored,Litsea bourdillonii,15.0,0.0,0.0,0.0,0.0,0.0,0.0,0.0,0.0,0.0,0.0,7.0,
HP40,R0608,2007,HP40_08U,Unrestored,Clerodendrum infortunatum,82.0,0.0,0.0,0.0,0.0,0.0,0.0,0.0,0.0,0.0,0.0,8.5,
HP40,R0608,2007,HP40_08U,Unrestored,Clerodendrum infortunatum,80.0,0.0,0.0,0.0,0.0,0.0,0.0,0.0,0.0,0.0,0.0,8.0,
HP40,R0608,2007,HP40_08U,Unrestored,Clerodendrum infortunatum,14.0,0.0,0.0,0.0,0.0,0.0,0.0,0.0,0.0,0.0,0.0,5.0,
HP40,R0608,2007,HP40_08U,Unrestored,Dysoxylum malabaricum,16.0,0.0,0.0,0.0,0.0,0.0,0.0,0.0,0.0,0.0,0.0,7.0,
HP40,R0608,2007,HP40_08U,Unrestored,Dimocarpus longan,70.0,0.0,0.0,0.0,0.0,0.0,0.0,0.0,0.0,0.0,0.0,10.0,
HP40,R0608,2007,HP40_08U,Unrestored,Litsea bourdillonii,13.0,0.0,0.0,0.0,0.0,0.0,0.0,0.0,0.0,0.0,0.0,5.0,
HP40,R0608,2007,HP40_08U,Unrestored,Ficus hispida,50.0,0.0,0.0,0.0,0.0,0.0,0.0,0.0,0.0,0.0,0.0,8.0,
HP40,R0608,2007,HP40_08U,Unrestored,Clerodendrum infortunatum,49.0,0.0,0.0,0.0,0.0,0.0,0.0,0.0,0.0,0.0,0.0,8.0,
HP40,R0608,2007,HP40_08U,Unrestored,Acronychia pedunculata,51.0,0.0,0.0,0.0,0.0,0.0,0.0,0.0,0.0,0.0,0.0,5.5,
HP40,R0608,2007,HP40_08U,Unrestored,Dimocarpus longan,25.0,0.0,0.0,0.0,0.0,0.0,0.0,0.0,0.0,0.0,0.0,6.0,
OLVA1,OLVA1,2008,OLV1_10R,Restored,Litsea floribunda,27.0,31.0,41.0,0.0,0.0,0.0,0.0,0.0,0.0,0.0,0.0,8.5,
OLVA1,OLVA1,2008,OLV1_10R,Restored,Clerodendrum infortunatum,25.0,0.0,0.0,0.0,0.0,0.0,0.0,0.0,0.0,0.0,0.0,7.0,
OLVA1,OLVA1,2008,OLV1_10R,Restored,Clerodendrum infortunatum,25.0,0.0,0.0,0.0,0.0,0.0,0.0,0.0,0.0,0.0,0.0,7.0,
OLVA1,OLVA1,2008,OLV1_10R,Restored,Litsea floribunda,33.0,0.0,0.0,0.0,0.0,0.0,0.0,0.0,0.0,0.0,0.0,8.5,
OLVA1,OLVA1,2008,OLV1_10R,Restored,Clerodendrum infortunatum,23.0,17.0,0.0,0.0,0.0,0.0,0.0,0.0,0.0,0.0,0.0,8.0,
OLVA1,OLVA1,2008,OLV1_10R,Restored,Clerodendrum infortunatum,11.0,0.0,0.0,0.0,0.0,0.0,0.0,0.0,0.0,0.0,0.0,4.0,
OLVA1,OLVA1,2008,OLV1_10R,Restored,Maesa indica,16.0,13.0,0.0,0.0,0.0,0.0,0.0,0.0,0.0,0.0,0.0,4.5,
OLVA1,OLVA1,2008,OLV1_10R,Restored,Clerodendrum infortunatum,10.0,0.0,0.0,0.0,0.0,0.0,0.0,0.0,0.0,0.0,0.0,3.0,
OLVA1,OLVA1,2008,OLV1_10R,Restored,Cinnamomum malabathrum,17.0,0.0,0.0,0.0,0.0,0.0,0.0,0.0,0.0,0.0,0.0,6.0,
OLVA1,OLVA1,2008,OLV1_10R,Restored,Dimocarpus longan,14.0,10.0,0.0,0.0,0.0,0.0,0.0,0.0,0.0,0.0,0.0,7.0,
OLVA1,OLVA1,2008,OLV1_10R,Restored,Clerodendrum infortunatum,16.0,0.0,0.0,0.0,0.0,0.0,0.0,0.0,0.0,0.0,0.0,6.5,
OLVA1,OLVA1,2008,OLV1_10R,Restored,Persea macarantha,29.0,0.0,0.0,0.0,0.0,0.0,0.0,0.0,0.0,0.0,0.0,6.0,
OLVA1,OLVA1,2008,OLV1_10R,Restored,Acronychia pedunculata,38.0,10.0,0.0,0.0,0.0,0.0,0.0,0.0,0.0,0.0,0.0,7.0,
OLVA1,OLVA1,2008,OLV1_10R,Restored,Clerodendrum infortunatum,20.0,0.0,0.0,0.0,0.0,0.0,0.0,0.0,0.0,0.0,0.0,7.0,
OLVA1,OLVA1,2008,OLV1_10R,Restored,Clerodendrum infortunatum,21.0,0.0,0.0,0.0,0.0,0.0,0.0,0.0,0.0,0.0,0.0,8.5,
OLVA1,OLVA1,2008,OLV1_10R,Restored,Villebrunea integrifolia,15.0,14.0,0.0,0.0,0.0,0.0,0.0,0.0,0.0,0.0,0.0,6.5,
OLVA1,OLVA1,2008,OLV1_10R,Restored,Clerodendrum infortunatum,16.0,0.0,0.0,0.0,0.0,0.0,0.0,0.0,0.0,0.0,0.0,5.5,
OLVA1,OLVA1,2008,OLV1_10R,Restored,Clerodendrum infortunatum,15.0,0.0,0.0,0.0,0.0,0.0,0.0,0.0,0.0,0.0,0.0,4.5,
OLVA1,OLVA1,2008,OLV1_10R,Restored,Clerodendrum infortunatum,14.0,0.0,0.0,0.0,0.0,0.0,0.0,0.0,0.0,0.0,0.0,5.0,
OLVA1,OLVA1,2008,OLV1_10R,Restored,Clerodendrum infortunatum,24.0,0.0,0.0,0.0,0.0,0.0,0.0,0.0,0.0,0.0,0.0,6.5,
OLVA1,OLVA1,2008,OLV1_10R,Restored,Clerodendrum infortunatum,10.0,0.0,0.0,0.0,0.0,0.0,0.0,0.0,0.0,0.0,0.0,4.5,
OLVA1,OLVA1,2008,OLV1_10R,Restored,Acronychia pedunculata,16.0,0.0,0.0,0.0,0.0,0.0,0.0,0.0,0.0,0.0,0.0,6.5,
OLVA1,OLVA1,2008,OLV1_10R,Restored,Maesa indica,13.0,12.0,0.0,0.0,0.0,0.0,0.0,0.0,0.0,0.0,0.0,5.0,
OLVA1,OLVA1,2008,OLV1_10R,Restored,Acronychia pedunculata,18.0,0.0,0.0,0.0,0.0,0.0,0.0,0.0,0.0,0.0,0.0,6.5,
OLVA1,OLVA1,2008,OLV1_10R,Restored,Clerodendrum infortunatum,15.0,0.0,0.0,0.0,0.0,0.0,0.0,0.0,0.0,0.0,0.0,7.0,
OLVA1,OLVA1,2008,OLV1_10R,Restored,Clerodendrum infortunatum,17.0,0.0,0.0,0.0,0.0,0.0,0.0,0.0,0.0,0.0,0.0,8.0,
OLVA1,OLVA1,2008,OLV1_10R,Restored,Clerodendrum infortunatum,15.0,0.0,0.0,0.0,0.0,0.0,0.0,0.0,0.0,0.0,0.0,8.0,
OLVA1,OLVA1,2008,OLV1_10R,Restored,Maesopsis eminii,18.0,0.0,0.0,0.0,0.0,0.0,0.0,0.0,0.0,0.0,0.0,7.5,
OLVA1,OLVA1,2008,OLV1_10R,Restored,Clerodendrum infortunatum,71.0,0.0,0.0,0.0,0.0,0.0,0.0,0.0,0.0,0.0,0.0,13.5,
OLVA1,OLVA1,2008,OLV1_10R,Restored,Litsea deccanensis,28.0,11.0,0.0,0.0,0.0,0.0,0.0,0.0,0.0,0.0,0.0,6.5,
OLVA1,OLVA1,2008,OLV1_10R,Restored,Maesopsis eminii,10.0,0.0,0.0,0.0,0.0,0.0,0.0,0.0,0.0,0.0,0.0,4.0,
OLVA1,OLVA1,2008,OLV1_10R,Restored,Litsea oleiodes,46.0,30.0,0.0,0.0,0.0,0.0,0.0,0.0,0.0,0.0,0.0,12.5,
OLVA1,OLVA1,2008,OLV1_10R,Restored,Clerodendrum infortunatum,18.0,0.0,0.0,0.0,0.0,0.0,0.0,0.0,0.0,0.0,0.0,6.0,
OLVA1,OLVA1,2008,OLV1_10R,Restored,Leea indica,17.0,0.0,0.0,0.0,0.0,0.0,0.0,0.0,0.0,0.0,0.0,6.0,
OLVA1,OLVA1,2008,OLV1_10R,Restored,Clerodendrum infortunatum,12.0,0.0,0.0,0.0,0.0,0.0,0.0,0.0,0.0,0.0,0.0,7.0,
OLVA1,OLVA1,2008,OLV1_10R,Restored,Dimocarpus longan,18.0,0.0,0.0,0.0,0.0,0.0,0.0,0.0,0.0,0.0,0.0,5.5,
OLVA1,OLVA1,2008,OLV1_10R,Restored,Cinnamomum malabathrum,58.0,0.0,0.0,0.0,0.0,0.0,0.0,0.0,0.0,0.0,0.0,9.5,
OLVA1,OLVA1,2008,OLV1_10R,Restored,Cinnamomum malabathrum,23.0,0.0,0.0,0.0,0.0,0.0,0.0,0.0,0.0,0.0,0.0,9.0,
OLVA1,OLVA1,2008,OLV1_10R,Restored,Dysoxylum malabaricum,13.0,0.0,0.0,0.0,0.0,0.0,0.0,0.0,0.0,0.0,0.0,6.0,
OLVA1,OLVA1,2008,OLV1_10R,Restored,Clerodendrum infortunatum,11.0,0.0,0.0,0.0,0.0,0.0,0.0,0.0,0.0,0.0,0.0,6.0,
OLVA1,OLVA1,2008,OLV1_10R,Restored,Clerodendrum infortunatum,11.0,0.0,0.0,0.0,0.0,0.0,0.0,0.0,0.0,0.0,0.0,6.0,
OLVA1,OLVA1,2008,OLV1_10R,Restored,Clerodendrum infortunatum,13.0,0.0,0.0,0.0,0.0,0.0,0.0,0.0,0.0,0.0,0.0,6.0,
OLVA1,OLVA1,2008,OLV1_10R,Restored,Clerodendrum infortunatum,14.0,0.0,0.0,0.0,0.0,0.0,0.0,0.0,0.0,0.0,0.0,4.0,
OLVA1,OLVA1,2008,OLV1_10R,Restored,Cinnamomum malabathrum,16.0,0.0,0.0,0.0,0.0,0.0,0.0,0.0,0.0,0.0,0.0,4.0,
OLVA1,OLVA1,2008,OLV1_10R,Restored,Diospyros sylvatica,12.0,0.0,0.0,0.0,0.0,0.0,0.0,0.0,0.0,0.0,0.0,7.0,
OLVA1,OLVA1,2008,OLV1_10R,Restored,Clerodendrum infortunatum,14.0,0.0,0.0,0.0,0.0,0.0,0.0,0.0,0.0,0.0,0.0,7.0,
OLVA1,OLVA1,2008,OLV1_10R,Restored,Solanum sp.,36.0,0.0,0.0,0.0,0.0,0.0,0.0,0.0,0.0,0.0,0.0,8.0,
OLVA1,OLVA1,2008,OLV1_10R,Restored,Cinnamomum malabathrum,43.0,0.0,0.0,0.0,0.0,0.0,0.0,0.0,0.0,0.0,0.0,8.0,
OLVA1,OLVA1,2008,OLV1_10R,Restored,Actinodaphne malabaricum,40.0,27.0,0.0,0.0,0.0,0.0,0.0,0.0,0.0,0.0,0.0,8.5,
OLVA1,OLVA1,2008,OLV1_10R,Restored,Clerodendrum infortunatum,18.0,0.0,0.0,0.0,0.0,0.0,0.0,0.0,0.0,0.0,0.0,8.5,
HP40,R0608,2007,HP40_08R,Restored,Maesa indica,19.0,0.0,0.0,0.0,0.0,0.0,0.0,0.0,0.0,0.0,0.0,,corrected: cut
OLVA1,OLVA1,2008,OLV1_10R,Restored,Clerodendrum infortunatum,10.0,0.0,0.0,0.0,0.0,0.0,0.0,0.0,0.0,0.0,0.0,4.5,
OLVA1,OLVA1,2008,OLV1_10R,Restored,Clerodendrum infortunatum,11.0,0.0,0.0,0.0,0.0,0.0,0.0,0.0,0.0,0.0,0.0,4.5,
OLVA1,OLVA1,2008,OLV1_10R,Restored,Clerodendrum infortunatum,15.0,10.0,0.0,0.0,0.0,0.0,0.0,0.0,0.0,0.0,0.0,7.0,
OLVA1,OLVA1,2008,OLV1_10R,Restored,Clerodendrum infortunatum,19.0,0.0,0.0,0.0,0.0,0.0,0.0,0.0,0.0,0.0,0.0,4.0,
OLVA1,OLVA1,2008,OLV1_10R,Restored,Clerodendrum infortunatum,12.0,0.0,0.0,0.0,0.0,0.0,0.0,0.0,0.0,0.0,0.0,8.0,
OLVA1,OLVA1,2008,OLV1_10R,Restored,Clerodendrum infortunatum,14.0,0.0,0.0,0.0,0.0,0.0,0.0,0.0,0.0,0.0,0.0,8.0,
OLVA1,OLVA1,2008,OLV1_10R,Restored,Clerodendrum infortunatum,12.0,0.0,0.0,0.0,0.0,0.0,0.0,0.0,0.0,0.0,0.0,5.5,
OLVA1,OLVA1,2008,OLV1_10R,Restored,Maesopsis eminii,17.0,0.0,0.0,0.0,0.0,0.0,0.0,0.0,0.0,0.0,0.0,7.0,
OLVA1,OLVA1,2008,OLV1_10R,Restored,Clerodendrum infortunatum,17.0,0.0,0.0,0.0,0.0,0.0,0.0,0.0,0.0,0.0,0.0,5.5,
OLVA1,OLVA1,2008,OLV1_10R,Restored,Clerodendrum infortunatum,11.0,0.0,0.0,0.0,0.0,0.0,0.0,0.0,0.0,0.0,0.0,4.5,
OLVA1,OLVA1,2008,OLV1_10R,Restored,Nothapodytes nimmoniana,15.0,0.0,0.0,0.0,0.0,0.0,0.0,0.0,0.0,0.0,0.0,4.5,
OLVA1,OLVA1,2008,OLV1_10R,Restored,Persea macarantha,30.0,0.0,0.0,0.0,0.0,0.0,0.0,0.0,0.0,0.0,0.0,6.0,
OLVA1,OLVA1,2008,OLV1_10R,Restored,Maesa indica,21.0,16.0,0.0,0.0,0.0,0.0,0.0,0.0,0.0,0.0,0.0,6.5,
OLVA1,OLVA1,2008,OLV1_10R,Restored,Maesa indica,20.0,0.0,0.0,0.0,0.0,0.0,0.0,0.0,0.0,0.0,0.0,5.5,
OLVA1,OLVA1,2008,OLV1_10R,Restored,Maesa indica,17.0,16.0,0.0,0.0,0.0,0.0,0.0,0.0,0.0,0.0,0.0,6.0,
OLVA1,OLVA1,2008,OLV1_10R,Restored,Apollonias arnottii,17.0,0.0,0.0,0.0,0.0,0.0,0.0,0.0,0.0,0.0,0.0,6.0,
OLVA1,OLVA1,2008,OLV1_10R,Restored,Maesa indica,14.0,0.0,0.0,0.0,0.0,0.0,0.0,0.0,0.0,0.0,0.0,5.5,
OLVA1,OLVA1,2008,OLV1_10R,Restored,Clerodendrum infortunatum,15.0,0.0,0.0,0.0,0.0,0.0,0.0,0.0,0.0,0.0,0.0,5.0,
OLVA1,OLVA1,2008,OLV1_10R,Restored,Clerodendrum infortunatum,17.0,0.0,0.0,0.0,0.0,0.0,0.0,0.0,0.0,0.0,0.0,6.0,
OLVA1,OLVA1,2008,OLV1_10R,Restored,Clerodendrum infortunatum,20.0,0.0,0.0,0.0,0.0,0.0,0.0,0.0,0.0,0.0,0.0,5.0,
OLVA1,OLVA1,2008,OLV1_10R,Restored,Maesa indica,19.0,15.0,0.0,0.0,0.0,0.0,0.0,0.0,0.0,0.0,0.0,5.5,
OLVA1,OLVA1,2008,OLV1_10R,Restored,Maesa indica,20.0,0.0,0.0,0.0,0.0,0.0,0.0,0.0,0.0,0.0,0.0,6.5,
OLVA1,OLVA1,2008,OLV1_10R,Restored,Clerodendrum infortunatum,20.0,0.0,0.0,0.0,0.0,0.0,0.0,0.0,0.0,0.0,0.0,6.5,
OLVA1,OLVA1,2008,OLV1_10R,Restored,Maesa indica,17.0,17.0,0.0,0.0,0.0,0.0,0.0,0.0,0.0,0.0,0.0,5.0,
OLVA1,OLVA1,2008,OLV1_10R,Restored,Maesa indica,10.0,0.0,0.0,0.0,0.0,0.0,0.0,0.0,0.0,0.0,0.0,4.5,
OLVA1,OLVA1,2008,OLV1_10R,Restored,Clerodendrum infortunatum,17.0,0.0,0.0,0.0,0.0,0.0,0.0,0.0,0.0,0.0,0.0,5.5,
OLVA1,OLVA1,2008,OLV1_10R,Restored,Maesa indica,14.0,12.0,0.0,0.0,0.0,0.0,0.0,0.0,0.0,0.0,0.0,5.0,
OLVA1,OLVA1,2008,OLV1_10R,Restored,Clerodendrum infortunatum,26.0,0.0,0.0,0.0,0.0,0.0,0.0,0.0,0.0,0.0,0.0,6.5,
OLVA1,OLVA1,2008,OLV1_10R,Restored,Clerodendrum infortunatum,19.0,0.0,0.0,0.0,0.0,0.0,0.0,0.0,0.0,0.0,0.0,6.5,
OLVA1,OLVA1,2008,OLV1_10R,Restored,Maesa indica,17.0,13.0,0.0,0.0,0.0,0.0,0.0,0.0,0.0,0.0,0.0,5.5,
OLVA1,OLVA1,2008,OLV1_10R,Restored,Maesa indica,16.0,13.0,0.0,0.0,0.0,0.0,0.0,0.0,0.0,0.0,0.0,6.5,
OLVA1,OLVA1,2008,OLV1_10R,Restored,Litsea bourdillonii,22.0,20.0,25.0,0.0,0.0,0.0,0.0,0.0,0.0,0.0,0.0,7.5,
OLVA1,OLVA1,2008,OLV1_10R,Restored,Maesa indica,14.0,10.0,0.0,0.0,0.0,0.0,0.0,0.0,0.0,0.0,0.0,4.5,
OLVA1,OLVA1,2008,OLV1_10R,Restored,Maesa indica,16.0,0.0,0.0,0.0,0.0,0.0,0.0,0.0,0.0,0.0,0.0,4.5,
OLVA1,OLVA1,2008,OLV1_10R,Restored,Myristica dactyloides,12.0,0.0,0.0,0.0,0.0,0.0,0.0,0.0,0.0,0.0,0.0,3.0,
OLVA1,OLVA1,2008,OLV1_10R,Restored,Tetrameles nudiflora,435.0,0.0,0.0,0.0,0.0,0.0,0.0,0.0,0.0,0.0,0.0,35.0,
OLVA2,OLVA2,2009,OLV2_08R,Restored,Gliricidia sepium,28.0,25.0,16.0,24.0,24.0,23.0,25.0,0.0,0.0,0.0,0.0,6.5,
OLVA2,OLVA2,2009,OLV2_08R,Restored,Clerodendrum infortunatum,31.0,0.0,0.0,0.0,0.0,0.0,0.0,0.0,0.0,0.0,0.0,8.0,
OLVA2,OLVA2,2009,OLV2_08R,Restored,Vepris bilocularis,60.0,0.0,0.0,0.0,0.0,0.0,0.0,0.0,0.0,0.0,0.0,5.5,
OLVA2,OLVA2,2009,OLV2_08R,Restored,Gliricidia sepium,19.0,18.0,12.0,0.0,0.0,0.0,0.0,0.0,0.0,0.0,0.0,5.0,
OLVA2,OLVA2,2009,OLV2_08R,Restored,Gliricidia sepium,20.0,10.0,0.0,0.0,0.0,0.0,0.0,0.0,0.0,0.0,0.0,5.5,
OLVA2,OLVA2,2009,OLV2_08R,Restored,Gliricidia sepium,20.0,0.0,0.0,0.0,0.0,0.0,0.0,0.0,0.0,0.0,0.0,5.5,
OLVA2,OLVA2,2009,OLV2_08R,Restored,Gliricidia sepium,19.0,27.0,0.0,0.0,0.0,0.0,0.0,0.0,0.0,0.0,0.0,6.5,
OLVA2,OLVA2,2009,OLV2_08R,Restored,Acronychia pedunculata,16.0,0.0,0.0,0.0,0.0,0.0,0.0,0.0,0.0,0.0,0.0,4.5,
OLVA2,OLVA2,2009,OLV2_08R,Restored,Syzygium densiflorum,12.0,0.0,0.0,0.0,0.0,0.0,0.0,0.0,0.0,0.0,0.0,4.5,
OLVA2,OLVA2,2009,OLV2_08R,Restored,Gliricidia sepium,13.0,0.0,0.0,0.0,0.0,0.0,0.0,0.0,0.0,0.0,0.0,6.0,
OLVA2,OLVA2,2009,OLV2_08R,Restored,Actinodaphne bourdillonii,43.0,22.0,0.0,0.0,0.0,0.0,0.0,0.0,0.0,0.0,0.0,7.5,
OLVA2,OLVA2,2009,OLV2_08R,Restored,Gliricidia sepium,23.0,18.0,21.0,38.0,40.0,17.0,38.0,0.0,0.0,0.0,0.0,8.5,
OLVA2,OLVA2,2009,OLV2_08R,Restored,Gliricidia sepium,57.0,12.0,14.0,12.0,26.0,15.0,22.0,20.0,30.0,27.0,44.0,13.0,
OLVA2,OLVA2,2009,OLV2_08R,Restored,Gliricidia sepium,28.0,29.0,0.0,0.0,0.0,0.0,0.0,0.0,0.0,0.0,0.0,8.0,
OLVA2,OLVA2,2009,OLV2_08R,Restored,Gliricidia sepium,35.0,36.0,32.0,35.0,0.0,0.0,0.0,0.0,0.0,0.0,0.0,9.5,
OLVA2,OLVA2,2009,OLV2_08R,Restored,Gliricidia sepium,20.0,0.0,0.0,0.0,0.0,0.0,0.0,0.0,0.0,0.0,0.0,4.5,
OLVA2,OLVA2,2009,OLV2_08R,Restored,Gliricidia sepium,11.0,0.0,0.0,0.0,0.0,0.0,0.0,0.0,0.0,0.0,0.0,5.5,
OLVA2,OLVA2,2009,OLV2_08R,Restored,Gliricidia sepium,26.0,32.0,31.0,24.0,17.0,16.0,13.0,70.0,0.0,0.0,0.0,9.5,
OLVA2,OLVA2,2009,OLV2_08R,Restored,Gliricidia sepium,10.0,0.0,0.0,0.0,0.0,0.0,0.0,0.0,0.0,0.0,0.0,5.0,
OLVA2,OLVA2,2009,OLV2_08R,Restored,Gliricidia sepium,16.0,14.0,12.0,12.0,18.0,13.0,14.0,0.0,0.0,0.0,0.0,7.0,
OLVA2,OLVA2,2009,OLV2_08R,Restored,Gliricidia sepium,10.0,0.0,0.0,0.0,0.0,0.0,0.0,0.0,0.0,0.0,0.0,5.5,
OLVA2,OLVA2,2009,OLV2_08R,Restored,Litsea floribunda,11.0,0.0,0.0,0.0,0.0,0.0,0.0,0.0,0.0,0.0,0.0,4.5,
OLVA2,OLVA2,2009,OLV2_08R,Restored,Gliricidia sepium,14.0,0.0,0.0,0.0,0.0,0.0,0.0,0.0,0.0,0.0,0.0,6.5,
OLVA2,OLVA2,2009,OLV2_08R,Restored,Maesa indica,15.0,0.0,0.0,0.0,0.0,0.0,0.0,0.0,0.0,0.0,0.0,4.5,
OLVA2,OLVA2,2009,OLV2_08R,Restored,Gliricidia sepium,17.0,12.0,11.0,14.0,0.0,0.0,0.0,0.0,0.0,0.0,0.0,5.5,
OLVA2,OLVA2,2009,OLV2_08R,Restored,Gliricidia sepium,35.0,12.0,0.0,0.0,0.0,0.0,0.0,0.0,0.0,0.0,0.0,9.0,
OLVA2,OLVA2,2009,OLV2_08R,Restored,Gliricidia sepium,18.0,0.0,0.0,0.0,0.0,0.0,0.0,0.0,0.0,0.0,0.0,6.5,
OLVA2,OLVA2,2009,OLV2_08R,Restored,Clerodendrum infortunatum,20.0,0.0,0.0,0.0,0.0,0.0,0.0,0.0,0.0,0.0,0.0,6.5,
OLVA2,OLVA2,2009,OLV2_08R,Restored,Clerodendrum infortunatum,31.0,0.0,0.0,0.0,0.0,0.0,0.0,0.0,0.0,0.0,0.0,7.0,
SEL2,SEL2,2007,SEL2_07U,Unrestored,Eucalyptus sp.,149.0,0.0,0.0,0.0,0.0,0.0,0.0,0.0,0.0,0.0,0.0,31.0,
SEL2,SEL2,2007,SEL2_07U,Unrestored,Eucalyptus sp.,55.0,0.0,0.0,0.0,0.0,0.0,0.0,0.0,0.0,0.0,0.0,19.0,
SEL2,SEL2,2007,SEL2_07U,Unrestored,Eucalyptus sp.,79.0,0.0,0.0,0.0,0.0,0.0,0.0,0.0,0.0,0.0,0.0,28.0,
SEL2,SEL2,2007,SEL2_07U,Unrestored,Eucalyptus sp.,126.0,0.0,0.0,0.0,0.0,0.0,0.0,0.0,0.0,0.0,0.0,40.0,
SEL2,SEL2,2007,SEL2_07U,Unrestored,Eucalyptus sp.,47.0,0.0,0.0,0.0,0.0,0.0,0.0,0.0,0.0,0.0,0.0,15.0,
SEL2,SEL2,2007,SEL2_07U,Unrestored,Eucalyptus sp.,83.0,0.0,0.0,0.0,0.0,0.0,0.0,0.0,0.0,0.0,0.0,36.0,
SEL2,SEL2,2007,SEL2_07U,Unrestored,Eucalyptus sp.,107.0,48.5,0.0,0.0,0.0,0.0,0.0,0.0,0.0,0.0,0.0,33.0,
SEL2,SEL2,2007,SEL2_07U,Unrestored,Eucalyptus sp.,75.0,0.0,0.0,0.0,0.0,0.0,0.0,0.0,0.0,0.0,0.0,25.0,
SEL2,SEL2,2007,SEL2_07U,Unrestored,Eucalyptus sp.,36.0,0.0,0.0,0.0,0.0,0.0,0.0,0.0,0.0,0.0,0.0,9.0,
SEL2,SEL2,2007,SEL2_07U,Unrestored,Eucalyptus sp.,57.0,0.0,0.0,0.0,0.0,0.0,0.0,0.0,0.0,0.0,0.0,25.0,
SEL2,SEL2,2007,SEL2_07U,Unrestored,Eucalyptus sp.,63.0,0.0,0.0,0.0,0.0,0.0,0.0,0.0,0.0,0.0,0.0,33.0,
SEL2,SEL2,2007,SEL2_07U,Unrestored,Eucalyptus sp.,57.0,0.0,0.0,0.0,0.0,0.0,0.0,0.0,0.0,0.0,0.0,15.0,
SEL2,SEL2,2007,SEL2_07U,Unrestored,Eucalyptus sp.,16.0,20.0,0.0,0.0,0.0,0.0,0.0,0.0,0.0,0.0,0.0,6.5,
OLVA2,OLVA2,2009,OLV2_08U,Unrestored,Nothapodytes nimmoniana,17.0,0.0,0.0,0.0,0.0,0.0,0.0,0.0,0.0,0.0,0.0,5.0,
OLVA2,OLVA2,2009,OLV2_08U,Unrestored,Cinnamomum malabathrum,87.0,0.0,0.0,0.0,0.0,0.0,0.0,0.0,0.0,0.0,0.0,12.0,
OLVA2,OLVA2,2009,OLV2_08U,Unrestored,Cinnamomum malabathrum,26.0,0.0,0.0,0.0,0.0,0.0,0.0,0.0,0.0,0.0,0.0,5.0,
OLVA2,OLVA2,2009,OLV2_08U,Unrestored,Maesa indica,10.0,0.0,0.0,0.0,0.0,0.0,0.0,0.0,0.0,0.0,0.0,4.5,
OLVA2,OLVA2,2009,OLV2_08U,Unrestored,Cinnamomum malabathrum,12.0,0.0,0.0,0.0,0.0,0.0,0.0,0.0,0.0,0.0,0.0,5.5,
OLVA2,OLVA2,2009,OLV2_08U,Unrestored,Cinnamomum malabathrum,22.0,0.0,0.0,0.0,0.0,0.0,0.0,0.0,0.0,0.0,0.0,8.5,
OLVA2,OLVA2,2009,OLV2_08U,Unrestored,Ficus nervosa,70.0,0.0,0.0,0.0,0.0,0.0,0.0,0.0,0.0,0.0,0.0,9.0,
OLVA2,OLVA2,2009,OLV2_08U,Unrestored,Maesa indica,12.0,0.0,0.0,0.0,0.0,0.0,0.0,0.0,0.0,0.0,0.0,6.0,
OLVA2,OLVA2,2009,OLV2_08U,Unrestored,Maesa indica,23.0,0.0,0.0,0.0,0.0,0.0,0.0,0.0,0.0,0.0,0.0,6.0,
OLVA2,OLVA2,2009,OLV2_08U,Unrestored,Maesa indica,10.0,0.0,0.0,0.0,0.0,0.0,0.0,0.0,0.0,0.0,0.0,4.5,
OLVA2,OLVA2,2009,OLV2_08U,Unrestored,Maesa indica,21.0,0.0,0.0,0.0,0.0,0.0,0.0,0.0,0.0,0.0,0.0,5.0,
OLVA2,OLVA2,2009,OLV2_08U,Unrestored,Maesa indica,14.0,0.0,0.0,0.0,0.0,0.0,0.0,0.0,0.0,0.0,0.0,4.0,
OLVA2,OLVA2,2009,OLV2_08U,Unrestored,Neolitsea scrobiculata,26.0,0.0,0.0,0.0,0.0,0.0,0.0,0.0,0.0,0.0,0.0,7.5,
OLVA2,OLVA2,2009,OLV2_08U,Unrestored,Maesa indica,22.0,16.0,0.0,0.0,0.0,0.0,0.0,0.0,0.0,0.0,0.0,5.0,
OLVA2,OLVA2,2009,OLV2_08U,Unrestored,Clerodendrum infortunatum,12.0,0.0,0.0,0.0,0.0,0.0,0.0,0.0,0.0,0.0,0.0,5.0,
OLVA2,OLVA2,2009,OLV2_08U,Unrestored,Clerodendrum infortunatum,15.0,0.0,0.0,0.0,0.0,0.0,0.0,0.0,0.0,0.0,0.0,4.0,
OLVA2,OLVA2,2009,OLV2_08U,Unrestored,Acronychia pedunculata,20.0,0.0,0.0,0.0,0.0,0.0,0.0,0.0,0.0,0.0,0.0,5.5,
OLVA2,OLVA2,2009,OLV2_08U,Unrestored,Cinnamomum malabathrum,33.0,0.0,0.0,0.0,0.0,0.0,0.0,0.0,0.0,0.0,0.0,10.0,
OLVA2,OLVA2,2009,OLV2_08U,Unrestored,Cinnamomum malabathrum,12.0,0.0,0.0,0.0,0.0,0.0,0.0,0.0,0.0,0.0,0.0,4.5,
OLVA2,OLVA2,2009,OLV2_08U,Unrestored,Maesa indica,13.0,0.0,0.0,0.0,0.0,0.0,0.0,0.0,0.0,0.0,0.0,4.0,
OLVA2,OLVA2,2009,OLV2_08U,Unrestored,Cinnamomum malabathrum,12.0,0.0,0.0,0.0,0.0,0.0,0.0,0.0,0.0,0.0,0.0,14.0,
INJ,03 U2,2003,INME_03U,Unrestored,Litsea floribunda,44.0,0.0,0.0,0.0,0.0,0.0,0.0,0.0,0.0,0.0,0.0,7.5,corrected: 75 to 7.5
OLVA2,OLVA2,2009,OLV2_08U,Unrestored,Cinnamomum malabathrum,16.0,0.0,0.0,0.0,0.0,0.0,0.0,0.0,0.0,0.0,0.0,8.0,
OLVA2,OLVA2,2009,OLV2_08U,Unrestored,Clerodendrum infortunatum,54.0,0.0,0.0,0.0,0.0,0.0,0.0,0.0,0.0,0.0,0.0,8.5,
OLVA2,OLVA2,2009,OLV2_08U,Unrestored,Clerodendrum infortunatum,23.0,0.0,0.0,0.0,0.0,0.0,0.0,0.0,0.0,0.0,0.0,7.0,
OLVA2,OLVA2,2009,OLV2_08U,Unrestored,Maesa indica,19.0,25.0,17.0,0.0,0.0,0.0,0.0,0.0,0.0,0.0,0.0,5.0,
OLVA2,OLVA2,2009,OLV2_08U,Unrestored,Atalantia wightii,12.0,0.0,0.0,0.0,0.0,0.0,0.0,0.0,0.0,0.0,0.0,3.5,
OLVA2,OLVA2,2009,OLV2_08U,Unrestored,Clerodendrum infortunatum,33.0,0.0,0.0,0.0,0.0,0.0,0.0,0.0,0.0,0.0,0.0,7.5,
OLVA2,OLVA2,2009,OLV2_08U,Unrestored,Clerodendrum infortunatum,25.0,0.0,0.0,0.0,0.0,0.0,0.0,0.0,0.0,0.0,0.0,7.0,
OLVA2,OLVA2,2009,OLV2_08U,Unrestored,Tabernaemontana heyneana,17.0,0.0,0.0,0.0,0.0,0.0,0.0,0.0,0.0,0.0,0.0,8.0,
OLVA2,OLVA2,2009,OLV2_08U,Unrestored,Cinnamomum malabathrum,12.0,0.0,0.0,0.0,0.0,0.0,0.0,0.0,0.0,0.0,0.0,7.5,
OLVA2,OLVA2,2009,OLV2_08U,Unrestored,Clerodendrum infortunatum,28.0,0.0,0.0,0.0,0.0,0.0,0.0,0.0,0.0,0.0,0.0,7.0,
OLVA2,OLVA2,2009,OLV2_08U,Unrestored,Cinnamomum malabathrum,10.0,0.0,0.0,0.0,0.0,0.0,0.0,0.0,0.0,0.0,0.0,4.5,
OLVA2,OLVA2,2009,OLV2_08U,Unrestored,Cinnamomum malabathrum,10.0,0.0,0.0,0.0,0.0,0.0,0.0,0.0,0.0,0.0,0.0,6.0,
OLVA2,OLVA2,2009,OLV2_08U,Unrestored,Maesa indica,11.0,0.0,0.0,0.0,0.0,0.0,0.0,0.0,0.0,0.0,0.0,4.5,
OLVA2,OLVA2,2009,OLV2_08U,Unrestored,Clerodendrum infortunatum,39.0,0.0,0.0,0.0,0.0,0.0,0.0,0.0,0.0,0.0,0.0,6.0,
OLVA2,OLVA2,2009,OLV2_08U,Unrestored,Maesa indica,17.0,0.0,0.0,0.0,0.0,0.0,0.0,0.0,0.0,0.0,0.0,5.0,
OLVA2,OLVA2,2009,OLV2_08U,Unrestored,Maesa indica,10.0,0.0,0.0,0.0,0.0,0.0,0.0,0.0,0.0,0.0,0.0,4.5,
OLVA2,OLVA2,2009,OLV2_08U,Unrestored,Maesa indica,11.0,0.0,0.0,0.0,0.0,0.0,0.0,0.0,0.0,0.0,0.0,5.5,
OLVA2,OLVA2,2009,OLV2_08U,Unrestored,Clerodendrum infortunatum,27.0,0.0,0.0,0.0,0.0,0.0,0.0,0.0,0.0,0.0,0.0,8.5,
OLVA2,OLVA2,2009,OLV2_08U,Unrestored,Actinodaphne malabaricum,42.0,35.0,14.0,0.0,0.0,0.0,0.0,0.0,0.0,0.0,0.0,9.0,
OLVA2,OLVA2,2009,OLV2_08U,Unrestored,Clerodendrum infortunatum,25.0,0.0,0.0,0.0,0.0,0.0,0.0,0.0,0.0,0.0,0.0,7.5,
OLVA2,OLVA2,2009,OLV2_08U,Unrestored,Maesa indica,11.0,0.0,0.0,0.0,0.0,0.0,0.0,0.0,0.0,0.0,0.0,5.0,
OLVA2,OLVA2,2009,OLV2_08U,Unrestored,Clerodendrum infortunatum,32.0,0.0,0.0,0.0,0.0,0.0,0.0,0.0,0.0,0.0,0.0,6.0,
OLVA2,OLVA2,2009,OLV2_08U,Unrestored,Maesa indica,18.0,0.0,0.0,0.0,0.0,0.0,0.0,0.0,0.0,0.0,0.0,6.0,
OLVA2,OLVA2,2009,OLV2_08U,Unrestored,Clerodendrum infortunatum,32.0,0.0,0.0,0.0,0.0,0.0,0.0,0.0,0.0,0.0,0.0,7.0,
OLVA1,OLVA1,2008,OLV1_10U,Unrestored,Clerodendrum infortunatum,16.0,0.0,0.0,0.0,0.0,0.0,0.0,0.0,0.0,0.0,0.0,3.5,
OLVA1,OLVA1,2008,OLV1_10U,Unrestored,Maesa indica,12.0,11.0,0.0,0.0,0.0,0.0,0.0,0.0,0.0,0.0,0.0,3.5,
OLVA1,OLVA1,2008,OLV1_10U,Unrestored,Litsea floribunda,14.0,10.0,0.0,0.0,0.0,0.0,0.0,0.0,0.0,0.0,0.0,5.0,
OLVA1,OLVA1,2008,OLV1_10U,Unrestored,Litsea laevigata,17.0,0.0,0.0,0.0,0.0,0.0,0.0,0.0,0.0,0.0,0.0,6.0,
OLVA1,OLVA1,2008,OLV1_10U,Unrestored,Clerodendrum infortunatum,12.0,0.0,0.0,0.0,0.0,0.0,0.0,0.0,0.0,0.0,0.0,2.0,
OLVA1,OLVA1,2008,OLV1_10U,Unrestored,Clerodendrum infortunatum,10.0,0.0,0.0,0.0,0.0,0.0,0.0,0.0,0.0,0.0,0.0,2.5,
OLVA1,OLVA1,2008,OLV1_10U,Unrestored,Litsea laevigata,15.0,16.0,0.0,0.0,0.0,0.0,0.0,0.0,0.0,0.0,0.0,5.0,
OLVA1,OLVA1,2008,OLV1_10U,Unrestored,Eucalyptus sp.,161.0,0.0,0.0,0.0,0.0,0.0,0.0,0.0,0.0,0.0,0.0,35.0,
OLVA1,OLVA1,2008,OLV1_10U,Unrestored,Clerodendrum infortunatum,43.0,0.0,0.0,0.0,0.0,0.0,0.0,0.0,0.0,0.0,0.0,8.0,
VART2,VART2,2010,VAR2_10U,Unrestored,Clerodendrum infortunatum,10.0,0.0,0.0,0.0,0.0,0.0,0.0,0.0,0.0,0.0,0.0,5.0,
VART2,VART2,2010,VAR2_10U,Unrestored,Montonoa sp.,13.0,15.0,0.0,0.0,0.0,0.0,0.0,0.0,0.0,0.0,0.0,5.0,
VART2,VART2,2010,VAR2_10U,Unrestored,Clerodendrum infortunatum,12.0,13.0,0.0,0.0,0.0,0.0,0.0,0.0,0.0,0.0,0.0,6.0,
VART2,VART2,2010,VAR2_10U,Unrestored,Clerodendrum infortunatum,13.0,0.0,0.0,0.0,0.0,0.0,0.0,0.0,0.0,0.0,0.0,5.5,
VART2,VART2,2010,VAR2_10U,Unrestored,Montonoa sp.,10.0,12.0,10.0,12.0,11.0,10.0,16.0,10.0,0.0,0.0,0.0,5.5,
VART2,VART2,2010,VAR2_10U,Unrestored,Clerodendrum infortunatum,10.0,0.0,0.0,0.0,0.0,0.0,0.0,0.0,0.0,0.0,0.0,4.5,
VART2,VART2,2010,VAR2_10U,Unrestored,Clerodendrum infortunatum,13.0,0.0,0.0,0.0,0.0,0.0,0.0,0.0,0.0,0.0,0.0,5.5,
VART2,VART2,2010,VAR2_10U,Unrestored,Clerodendrum infortunatum,12.0,0.0,0.0,0.0,0.0,0.0,0.0,0.0,0.0,0.0,0.0,4.5,
VART2,VART2,2010,VAR2_10U,Unrestored,Clerodendrum infortunatum,14.0,0.0,0.0,0.0,0.0,0.0,0.0,0.0,0.0,0.0,0.0,5.0,
VART2,VART2,2010,VAR2_10U,Unrestored,Clerodendrum infortunatum,10.0,12.0,10.0,0.0,0.0,0.0,0.0,0.0,0.0,0.0,0.0,4.5,
VART2,VART2,2010,VAR2_10U,Unrestored,Montonoa sp.,14.0,16.0,10.0,14.0,17.0,16.0,13.0,14.0,16.0,0.0,0.0,6.0,
VART2,VART2,2010,VAR2_10U,Unrestored,Montonoa sp.,14.0,14.0,10.0,11.0,15.0,14.0,12.0,14.0,12.0,11.0,0.0,5.5,
VART2,VART2,2010,VAR2_10U,Unrestored,Montonoa sp.,10.0,11.0,0.0,0.0,0.0,0.0,0.0,0.0,0.0,0.0,0.0,5.5,
VART2,VART2,2010,VAR2_10U,Unrestored,Clerodendrum infortunatum,16.0,0.0,0.0,0.0,0.0,0.0,0.0,0.0,0.0,0.0,0.0,4.5,
VART2,VART2,2010,VAR2_10U,Unrestored,Clerodendrum infortunatum,12.0,0.0,0.0,0.0,0.0,0.0,0.0,0.0,0.0,0.0,0.0,3.5,
VART2,VART2,2010,VAR2_10U,Unrestored,Clerodendrum infortunatum,13.0,10.0,0.0,0.0,0.0,0.0,0.0,0.0,0.0,0.0,0.0,5.0,
VART2,VART2,2010,VAR2_10U,Unrestored,Clerodendrum infortunatum,12.0,0.0,0.0,0.0,0.0,0.0,0.0,0.0,0.0,0.0,0.0,2.5,
VART2,VART2,2010,VAR2_10U,Unrestored,Clerodendrum infortunatum,11.0,0.0,0.0,0.0,0.0,0.0,0.0,0.0,0.0,0.0,0.0,3.0,
VART2,VART2,2010,VAR2_10U,Unrestored,Clerodendrum infortunatum,16.0,0.0,0.0,0.0,0.0,0.0,0.0,0.0,0.0,0.0,0.0,2.0,
VART2,VART2,2010,VAR2_10U,Unrestored,Clerodendrum infortunatum,16.0,0.0,0.0,0.0,0.0,0.0,0.0,0.0,0.0,0.0,0.0,3.5,
VART2,VART2,2010,VAR2_10U,Unrestored,Solanum sp.,14.0,31.0,0.0,0.0,0.0,0.0,0.0,0.0,0.0,0.0,0.0,5.0,
VART2,VART2,2010,VAR2_10U,Unrestored,Dimocarpus longan,21.0,0.0,0.0,0.0,0.0,0.0,0.0,0.0,0.0,0.0,0.0,6.5,
VART2,VART2,2010,VAR2_10U,Unrestored,Montonoa sp.,11.0,12.0,0.0,0.0,0.0,0.0,0.0,0.0,0.0,0.0,0.0,6.0,
VART2,VART2,2010,VAR2_10U,Unrestored,Montonoa sp.,10.0,10.0,10.0,0.0,0.0,0.0,0.0,0.0,0.0,0.0,0.0,5.5,
VART3,VART3,2010,VAR3_10U,Unrestored,Montonoa sp.,17.0,16.0,10.0,30.0,0.0,0.0,0.0,0.0,0.0,0.0,0.0,6.0,
VART3,VART3,2010,VAR3_10U,Unrestored,Maesa indica,23.0,16.0,0.0,0.0,0.0,0.0,0.0,0.0,0.0,0.0,0.0,5.5,
VART3,VART3,2010,VAR3_10U,Unrestored,Maesa indica,10.0,10.0,0.0,0.0,0.0,0.0,0.0,0.0,0.0,0.0,0.0,3.5,
VART3,VART3,2010,VAR3_10U,Unrestored,Syzygium densiflorum,10.0,0.0,0.0,0.0,0.0,0.0,0.0,0.0,0.0,0.0,0.0,2.0,
VART3,VART3,2010,VAR3_10U,Unrestored,Montonoa sp.,16.0,12.0,14.0,13.0,16.0,0.0,0.0,0.0,0.0,0.0,0.0,6.0,
VART3,VART3,2010,VAR3_10U,Unrestored,Montonoa sp.,10.0,0.0,0.0,0.0,0.0,0.0,0.0,0.0,0.0,0.0,0.0,6.0,
VART3,VART3,2010,VAR3_10U,Unrestored,Montonoa sp.,12.0,0.0,0.0,0.0,0.0,0.0,0.0,0.0,0.0,0.0,0.0,5.5,
VART3,VART3,2010,VAR3_10U,Unrestored,Clerodendrum infortunatum,16.0,0.0,0.0,0.0,0.0,0.0,0.0,0.0,0.0,0.0,0.0,5.5,
VART3,VART3,2010,VAR3_10U,Unrestored,Clerodendrum infortunatum,12.0,0.0,0.0,0.0,0.0,0.0,0.0,0.0,0.0,0.0,0.0,6.0,
VART3,VART3,2010,VAR3_10U,Unrestored,Villebrunea integrifolia,43.0,62.0,0.0,0.0,0.0,0.0,0.0,0.0,0.0,0.0,0.0,7.5,
VART3,VART3,2010,VAR3_10U,Unrestored,Villebrunea integrifolia,57.0,0.0,0.0,0.0,0.0,0.0,0.0,0.0,0.0,0.0,0.0,7.0,
VART3,VART3,2010,VAR3_10U,Unrestored,Litsea oleiodes,13.0,0.0,0.0,0.0,0.0,0.0,0.0,0.0,0.0,0.0,0.0,5.5,
VART3,VART3,2010,VAR3_10U,Unrestored,Villebrunea integrifolia,97.0,0.0,0.0,0.0,0.0,0.0,0.0,0.0,0.0,0.0,0.0,7.0,
VART3,VART3,2010,VAR3_10U,Unrestored,Villebrunea integrifolia,76.0,0.0,0.0,0.0,0.0,0.0,0.0,0.0,0.0,0.0,0.0,6.5,
VART3,VART3,2010,VAR3_10U,Unrestored,Clerodendrum infortunatum,24.0,0.0,0.0,0.0,0.0,0.0,0.0,0.0,0.0,0.0,0.0,6.0,
VART3,VART3,2010,VAR3_10U,Unrestored,Litsea bourdillonii,15.0,12.0,0.0,0.0,0.0,0.0,0.0,0.0,0.0,0.0,0.0,5.5,
VART3,VART3,2010,VAR3_10U,Unrestored,Atalantia wightii,17.0,0.0,0.0,0.0,0.0,0.0,0.0,0.0,0.0,0.0,0.0,2.5,
VART3,VART3,2010,VAR3_10U,Unrestored,Atalantia wightii,14.0,10.0,0.0,0.0,0.0,0.0,0.0,0.0,0.0,0.0,0.0,1.5,
VART3,VART3,2010,VAR3_10U,Unrestored,Syzygium densiflorum,12.0,0.0,0.0,0.0,0.0,0.0,0.0,0.0,0.0,0.0,0.0,4.5,
VART3,VART3,2010,VAR3_10U,Unrestored,Villebrunea integrifolia,83.0,0.0,0.0,0.0,0.0,0.0,0.0,0.0,0.0,0.0,0.0,7.0,
VART3,VART3,2010,VAR3_10U,Unrestored,Villebrunea integrifolia,72.0,0.0,0.0,0.0,0.0,0.0,0.0,0.0,0.0,0.0,0.0,6.5,
VART3,VART3,2010,VAR3_10U,Unrestored,Clerodendrum infortunatum,13.0,0.0,0.0,0.0,0.0,0.0,0.0,0.0,0.0,0.0,0.0,6.5,
VART3,VART3,2010,VAR3_10U,Unrestored,Montonoa sp.,10.0,12.0,0.0,0.0,0.0,0.0,0.0,0.0,0.0,0.0,0.0,5.5,
VART3,VART3,2010,VAR3_10U,Unrestored,Montonoa sp.,11.0,10.0,0.0,0.0,0.0,0.0,0.0,0.0,0.0,0.0,0.0,5.5,
VART3,VART3,2010,VAR3_10U,Unrestored,Montonoa sp.,13.0,10.0,10.0,0.0,0.0,0.0,0.0,0.0,0.0,0.0,0.0,5.5,
VART3,VART3,2010,VAR3_10U,Unrestored,Montonoa sp.,10.0,0.0,0.0,0.0,0.0,0.0,0.0,0.0,0.0,0.0,0.0,5.0,
VART3,VART3,2010,VAR3_10U,Unrestored,Maesa indica,10.0,0.0,0.0,0.0,0.0,0.0,0.0,0.0,0.0,0.0,0.0,4.0,
VART3,VART3,2010,VAR3_10U,Unrestored,Clerodendrum infortunatum,13.0,0.0,0.0,0.0,0.0,0.0,0.0,0.0,0.0,0.0,0.0,5.5,
VART3,VART3,2010,VAR3_10U,Unrestored,Clerodendrum infortunatum,15.0,0.0,0.0,0.0,0.0,0.0,0.0,0.0,0.0,0.0,0.0,5.5,
VART3,VART3,2010,VAR3_10U,Unrestored,Atalantia wightii,14.0,0.0,0.0,0.0,0.0,0.0,0.0,0.0,0.0,0.0,0.0,2.0,
VART3,VART3,2010,VAR3_10U,Unrestored,Maesa indica,14.0,0.0,0.0,0.0,0.0,0.0,0.0,0.0,0.0,0.0,0.0,3.5,
VART3,VART3,2010,VAR3_10U,Unrestored,Atalantia wightii,19.0,0.0,0.0,0.0,0.0,0.0,0.0,0.0,0.0,0.0,0.0,2.5,
VART3,VART3,2010,VAR3_10U,Unrestored,Villebrunea integrifolia,55.0,0.0,0.0,0.0,0.0,0.0,0.0,0.0,0.0,0.0,0.0,7.0,
VART4,VART4,2010,VAR4_10U,Unrestored,Diospyros sylvatica,12.0,0.0,0.0,0.0,0.0,0.0,0.0,0.0,0.0,0.0,0.0,5.5,
VART4,VART4,2010,VAR4_10U,Unrestored,Apollonias arnottii,15.0,0.0,0.0,0.0,0.0,0.0,0.0,0.0,0.0,0.0,0.0,6.0,
VART4,VART4,2010,VAR4_10U,Unrestored,Litsea oleiodes,16.0,0.0,0.0,0.0,0.0,0.0,0.0,0.0,0.0,0.0,0.0,6.5,
VART4,VART4,2010,VAR4_10U,Unrestored,Nothapodytes nimmoniana,16.0,0.0,0.0,0.0,0.0,0.0,0.0,0.0,0.0,0.0,0.0,5.5,
VART4,VART4,2010,VAR4_10U,Unrestored,Coffea robusta,12.0,10.0,0.0,0.0,0.0,0.0,0.0,0.0,0.0,0.0,0.0,5.0,
VART4,VART4,2010,VAR4_10U,Unrestored,Syzygium densiflorum,15.0,0.0,0.0,0.0,0.0,0.0,0.0,0.0,0.0,0.0,0.0,4.0,
VART4,VART4,2010,VAR4_10U,Unrestored,Syzygium densiflorum,22.0,0.0,0.0,0.0,0.0,0.0,0.0,0.0,0.0,0.0,0.0,6.0,
VART4,VART4,2010,VAR4_10U,Unrestored,Dimocarpus longan,28.0,0.0,0.0,0.0,0.0,0.0,0.0,0.0,0.0,0.0,0.0,7.5,
VART4,VART4,2010,VAR4_10U,Unrestored,Rauwolfia densiflora,25.0,23.0,17.0,0.0,0.0,0.0,0.0,0.0,0.0,0.0,0.0,6.0,
VART4,VART4,2010,VAR4_10U,Unrestored,Aporosa acuminata,16.0,12.0,15.0,14.0,0.0,0.0,0.0,0.0,0.0,0.0,0.0,5.0,
VART4,VART4,2010,VAR4_10U,Unrestored,Apollonias arnottii,21.0,0.0,0.0,0.0,0.0,0.0,0.0,0.0,0.0,0.0,0.0,7.0,
VART4,VART4,2010,VAR4_10U,Unrestored,Clerodendrum infortunatum,24.0,0.0,0.0,0.0,0.0,0.0,0.0,0.0,0.0,0.0,0.0,6.5,
VART4,VART4,2010,VAR4_10U,Unrestored,Aporosa acuminata,10.0,0.0,0.0,0.0,0.0,0.0,0.0,0.0,0.0,0.0,0.0,2.0,
VART4,VART4,2010,VAR4_10U,Unrestored,Litsea oleiodes,51.0,0.0,0.0,0.0,0.0,0.0,0.0,0.0,0.0,0.0,0.0,9.5,
VART4,VART4,2010,VAR4_10U,Unrestored,Syzygium densiflorum,13.0,0.0,0.0,0.0,0.0,0.0,0.0,0.0,0.0,0.0,0.0,5.0,
VART4,VART4,2010,VAR4_10U,Unrestored,Litsea floribunda,12.0,0.0,0.0,0.0,0.0,0.0,0.0,0.0,0.0,0.0,0.0,3.0,
VART4,VART4,2010,VAR4_10U,Unrestored,Syzygium densiflorum,12.0,0.0,0.0,0.0,0.0,0.0,0.0,0.0,0.0,0.0,0.0,3.0,
VART4,VART4,2010,VAR4_10U,Unrestored,Dimocarpus longan,11.0,0.0,0.0,0.0,0.0,0.0,0.0,0.0,0.0,0.0,0.0,2.5,
VART4,VART4,2010,VAR4_10U,Unrestored,Clerodendrum infortunatum,35.0,0.0,0.0,0.0,0.0,0.0,0.0,0.0,0.0,0.0,0.0,7.5,
VART4,VART4,2010,VAR4_10U,Unrestored,Clerodendrum infortunatum,22.0,0.0,0.0,0.0,0.0,0.0,0.0,0.0,0.0,0.0,0.0,6.5,
VART4,VART4,2010,VAR4_10U,Unrestored,Clerodendrum infortunatum,23.0,0.0,0.0,0.0,0.0,0.0,0.0,0.0,0.0,0.0,0.0,7.0,
VART4,VART4,2010,VAR4_10U,Unrestored,Cinnamomum malabathrum,31.0,0.0,0.0,0.0,0.0,0.0,0.0,0.0,0.0,0.0,0.0,8.0,
VART4,VART4,2010,VAR4_10U,Unrestored,Aporosa acuminata,10.0,10.0,0.0,0.0,0.0,0.0,0.0,0.0,0.0,0.0,0.0,6.5,
VART4,VART4,2010,VAR4_10U,Unrestored,Bhesa indica,71.0,0.0,0.0,0.0,0.0,0.0,0.0,0.0,0.0,0.0,0.0,8.5,
VART4,VART4,2010,VAR4_10U,Unrestored,Dimocarpus longan,46.0,23.0,0.0,0.0,0.0,0.0,0.0,0.0,0.0,0.0,0.0,8.5,
VART4,VART4,2010,VAR4_10U,Unrestored,Maesa indica,18.0,0.0,0.0,0.0,0.0,0.0,0.0,0.0,0.0,0.0,0.0,5.0,
VART4,VART4,2010,VAR4_10U,Unrestored,Dimocarpus longan,10.0,10.0,0.0,0.0,0.0,0.0,0.0,0.0,0.0,0.0,0.0,5.5,
VART4,VART4,2010,VAR4_10U,Unrestored,Mesua ferrea,12.0,0.0,0.0,0.0,0.0,0.0,0.0,0.0,0.0,0.0,0.0,6.0,
VART4,VART4,2010,VAR4_10U,Unrestored,Cinnamomum malabathrum,30.0,0.0,0.0,0.0,0.0,0.0,0.0,0.0,0.0,0.0,0.0,7.5,
VART4,VART4,2010,VAR4_10U,Unrestored,Dysoxylum malabaricum,25.0,0.0,0.0,0.0,0.0,0.0,0.0,0.0,0.0,0.0,0.0,8.0,
VART4,VART4,2010,VAR4_10U,Unrestored,Chrysophyllum lanceolatum,99.0,0.0,0.0,0.0,0.0,0.0,0.0,0.0,0.0,0.0,0.0,9.5,
VART4,VART4,2010,VAR4_10U,Unrestored,Aporosa acuminata,12.0,12.0,14.0,0.0,0.0,0.0,0.0,0.0,0.0,0.0,0.0,3.5,
VART4,VART4,2010,VAR4_10U,Unrestored,Clerodendrum infortunatum,25.0,0.0,0.0,0.0,0.0,0.0,0.0,0.0,0.0,0.0,0.0,7.5,
VART4,VART4,2010,VAR4_10U,Unrestored,Actinodaphne malabaricum,31.0,21.0,0.0,0.0,0.0,0.0,0.0,0.0,0.0,0.0,0.0,7.0,
IPCOL,R07,2007,IPCO_07R,Restored,Clerodendrum infortunatum,23.0,0.0,0.0,0.0,0.0,0.0,0.0,0.0,0.0,0.0,0.0,,corrected: no change
IPCOL,R07,2007,IPCO_07R,Restored,Clerodendrum infortunatum,14.0,0.0,0.0,0.0,0.0,0.0,0.0,0.0,0.0,0.0,0.0,,corrected: no change
IPCOL,R07,2007,IPCO_07R,Restored,Clerodendrum infortunatum,32.0,0.0,0.0,0.0,0.0,0.0,0.0,0.0,0.0,0.0,0.0,,corrected: no change
VART4,VART4,2010,VAR4_10U,Unrestored,Cinnamomum malabathrum,16.0,0.0,0.0,0.0,0.0,0.0,0.0,0.0,0.0,0.0,0.0,5.5,
VART4,VART4,2010,VAR4_10U,Unrestored,Clerodendrum infortunatum,18.0,0.0,0.0,0.0,0.0,0.0,0.0,0.0,0.0,0.0,0.0,6.0,
VART4,VART4,2010,VAR4_10U,Unrestored,Clerodendrum infortunatum,28.0,0.0,0.0,0.0,0.0,0.0,0.0,0.0,0.0,0.0,0.0,7.5,
VART4,VART4,2010,VAR4_10U,Unrestored,Lepisanthes deficiens,20.0,0.0,0.0,0.0,0.0,0.0,0.0,0.0,0.0,0.0,0.0,7.0,
VART4,VART4,2010,VAR4_10U,Unrestored,Litsea floribunda,19.0,14.0,0.0,0.0,0.0,0.0,0.0,0.0,0.0,0.0,0.0,6.0,
VART4,VART4,2010,VAR4_10U,Unrestored,Clerodendrum infortunatum,42.0,0.0,0.0,0.0,0.0,0.0,0.0,0.0,0.0,0.0,0.0,6.0,
VART4,VART4,2010,VAR4_10U,Unrestored,Coffea robusta,17.0,0.0,0.0,0.0,0.0,0.0,0.0,0.0,0.0,0.0,0.0,5.0,
VART4,VART4,2010,VAR4_10U,Unrestored,Epiprinus mallotiformis,15.0,0.0,0.0,0.0,0.0,0.0,0.0,0.0,0.0,0.0,0.0,5.5,
VART4,VART4,2010,VAR4_10U,Unrestored,Clerodendrum infortunatum,20.0,0.0,0.0,0.0,0.0,0.0,0.0,0.0,0.0,0.0,0.0,6.0,
VART4,VART4,2010,VAR4_10U,Unrestored,Clerodendrum infortunatum,25.0,0.0,0.0,0.0,0.0,0.0,0.0,0.0,0.0,0.0,0.0,6.0,
VART4,VART4,2010,VAR4_10U,Unrestored,Maesopsis eminii,20.0,0.0,0.0,0.0,0.0,0.0,0.0,0.0,0.0,0.0,0.0,7.5,
IPCOL,R07,2007,IPCO_07R,Restored,Ficus hispida,24.0,0.0,0.0,0.0,0.0,0.0,0.0,0.0,0.0,0.0,0.0,3.0,
IPCOL,R07,2007,IPCO_07R,Restored,Ficus hispida,36.0,0.0,0.0,0.0,0.0,0.0,0.0,0.0,0.0,0.0,0.0,5.0,
IPCOL,R07,2007,IPCO_07R,Restored,Clerodendrum infortunatum,38.0,0.0,0.0,0.0,0.0,0.0,0.0,0.0,0.0,0.0,0.0,5.0,
IPCOL,R07,2007,IPCO_07R,Restored,Clerodendrum infortunatum,33.0,0.0,0.0,0.0,0.0,0.0,0.0,0.0,0.0,0.0,0.0,6.0,
IPCOL,R07,2007,IPCO_07R,Restored,Cinnamomum malabathrum,10.0,0.0,0.0,0.0,0.0,0.0,0.0,0.0,0.0,0.0,0.0,3.0,
IPCOL,R07,2007,IPCO_07R,Restored,Clerodendrum infortunatum,16.0,0.0,0.0,0.0,0.0,0.0,0.0,0.0,0.0,0.0,0.0,4.5,
IPCOL,R07,2007,IPCO_07R,Restored,Clerodendrum infortunatum,11.0,0.0,0.0,0.0,0.0,0.0,0.0,0.0,0.0,0.0,0.0,2.5,
IPCOL,R07,2007,IPCO_07R,Restored,Maesa indica,15.0,13.0,0.0,0.0,0.0,0.0,0.0,0.0,0.0,0.0,0.0,5.0,
IPCOL,R07,2007,IPCO_07R,Restored,Clerodendrum infortunatum,10.0,0.0,0.0,0.0,0.0,0.0,0.0,0.0,0.0,0.0,0.0,3.5,
IPCOL,R07,2007,IPCO_07R,Restored,Clerodendrum infortunatum,14.0,0.0,0.0,0.0,0.0,0.0,0.0,0.0,0.0,0.0,0.0,4.0,
IPCOL,R07,2007,IPCO_07R,Restored,Clerodendrum infortunatum,70.0,0.0,0.0,0.0,0.0,0.0,0.0,0.0,0.0,0.0,0.0,7.5,
IPCOL,R07,2007,IPCO_07R,Restored,Clerodendrum infortunatum,20.0,0.0,0.0,0.0,0.0,0.0,0.0,0.0,0.0,0.0,0.0,5.0,
IPCOL,R07,2007,IPCO_07R,Restored,Clerodendrum infortunatum,40.0,0.0,0.0,0.0,0.0,0.0,0.0,0.0,0.0,0.0,0.0,6.0,
IPCOL,R07,2007,IPCO_07R,Restored,Clerodendrum infortunatum,22.0,0.0,0.0,0.0,0.0,0.0,0.0,0.0,0.0,0.0,0.0,4.0,
IPCOL,R07,2007,IPCO_07R,Restored,Clerodendrum infortunatum,13.0,0.0,0.0,0.0,0.0,0.0,0.0,0.0,0.0,0.0,0.0,4.0,
IPCOL,R07,2007,IPCO_07R,Restored,Clerodendrum infortunatum,10.0,14.0,0.0,0.0,0.0,0.0,0.0,0.0,0.0,0.0,0.0,3.5,
IPCOL,R07,2007,IPCO_07R,Restored,Mallotus tetracoccus,140.0,0.0,0.0,0.0,0.0,0.0,0.0,0.0,0.0,0.0,0.0,13.0,
IPCOL,R07,2007,IPCO_07U,Unrestored,Gliricidia sepium,60.0,0.0,0.0,0.0,0.0,0.0,0.0,0.0,0.0,0.0,0.0,,corrected: no change
IPCOL,R07,2007,IPCO_07R,Restored,Clerodendrum infortunatum,13.0,0.0,0.0,0.0,0.0,0.0,0.0,0.0,0.0,0.0,0.0,4.0,
IPCOL,R07,2007,IPCO_07R,Restored,Clerodendrum infortunatum,15.0,15.0,0.0,0.0,0.0,0.0,0.0,0.0,0.0,0.0,0.0,4.0,
IPCOL,R07,2007,IPCO_07R,Restored,Clerodendrum infortunatum,18.0,0.0,0.0,0.0,0.0,0.0,0.0,0.0,0.0,0.0,0.0,4.0,
IPCOL,R08,2008,IPCO_08R,Restored,Persea macarantha,10.0,10.0,0.0,0.0,0.0,0.0,0.0,0.0,0.0,0.0,0.0,,corrected: cut
IPCOL,R07,2007,IPCO_07R,Restored,Clerodendrum infortunatum,15.0,0.0,0.0,0.0,0.0,0.0,0.0,0.0,0.0,0.0,0.0,3.5,
IPCOL,R07,2007,IPCO_07R,Restored,Clerodendrum infortunatum,16.0,0.0,0.0,0.0,0.0,0.0,0.0,0.0,0.0,0.0,0.0,3.0,
IPCOL,R08,2008,IPCO_08R,Restored,Clerodendrum infortunatum,28.0,0.0,0.0,0.0,0.0,0.0,0.0,0.0,0.0,0.0,0.0,,corrected: cut
IPCOL,R07,2007,IPCO_07R,Restored,Clerodendrum infortunatum,11.0,0.0,0.0,0.0,0.0,0.0,0.0,0.0,0.0,0.0,0.0,4.5,
IPCOL,R07,2007,IPCO_07R,Restored,Lepisanthes deficiens,45.0,0.0,0.0,0.0,0.0,0.0,0.0,0.0,0.0,0.0,0.0,5.5,
IPCOL,R07,2007,IPCO_07R,Restored,Clerodendrum infortunatum,15.0,0.0,0.0,0.0,0.0,0.0,0.0,0.0,0.0,0.0,0.0,4.5,
IPCOL,R07,2007,IPCO_07R,Restored,Clerodendrum infortunatum,28.0,25.0,0.0,0.0,0.0,0.0,0.0,0.0,0.0,0.0,0.0,5.5,
IPCOL,R08,2008,IPCO_08R,Restored,Cinnamomum malabathrum,13.0,0.0,0.0,0.0,0.0,0.0,0.0,0.0,0.0,0.0,0.0,5.0,
IPCOL,R08,2008,IPCO_08R,Restored,Scolopia crenata,28.0,0.0,0.0,0.0,0.0,0.0,0.0,0.0,0.0,0.0,0.0,5.0,
IPCOL,R08,2008,IPCO_08R,Restored,Persea macarantha,13.0,0.0,0.0,0.0,0.0,0.0,0.0,0.0,0.0,0.0,0.0,4.0,
IPCOL,R08,2008,IPCO_08R,Restored,Acronychia pedunculata,24.0,0.0,0.0,0.0,0.0,0.0,0.0,0.0,0.0,0.0,0.0,5.0,
IPCOL,R08,2008,IPCO_08R,Restored,Clerodendrum infortunatum,14.0,0.0,0.0,0.0,0.0,0.0,0.0,0.0,0.0,0.0,0.0,4.0,
IPCOL,R08,2008,IPCO_08R,Restored,Clerodendrum infortunatum,22.0,0.0,0.0,0.0,0.0,0.0,0.0,0.0,0.0,0.0,0.0,3.5,
IPCOL,R08,2008,IPCO_08R,Restored,Clerodendrum infortunatum,16.0,16.0,0.0,0.0,0.0,0.0,0.0,0.0,0.0,0.0,0.0,4.5,
IPCOL,R08,2008,IPCO_08R,Restored,Acronychia pedunculata,11.0,12.0,0.0,0.0,0.0,0.0,0.0,0.0,0.0,0.0,0.0,3.5,
IPCOL,R08,2008,IPCO_08R,Restored,Mallotus tetracoccus,65.0,0.0,0.0,0.0,0.0,0.0,0.0,0.0,0.0,0.0,0.0,,corrected: cut
IPCOL,R08,2008,IPCO_08R,Restored,Litsea floribunda,17.0,16.0,14.0,0.0,0.0,0.0,0.0,0.0,0.0,0.0,0.0,3.0,
IPCOL,R08,2008,IPCO_08R,Restored,Clerodendrum infortunatum,13.0,0.0,0.0,0.0,0.0,0.0,0.0,0.0,0.0,0.0,0.0,2.5,
IPCOL,R08,2008,IPCO_08R,Restored,Dimocarpus longan,11.0,0.0,0.0,0.0,0.0,0.0,0.0,0.0,0.0,0.0,0.0,3.0,
IPCOL,R08,2008,IPCO_08R,Restored,Heritiera papilio,13.0,0.0,0.0,0.0,0.0,0.0,0.0,0.0,0.0,0.0,0.0,2.5,
IPCOL,R08,2008,IPCO_08R,Restored,Persea macarantha,15.0,10.0,0.0,0.0,0.0,0.0,0.0,0.0,0.0,0.0,0.0,2.5,
IPCOL,R08,2008,IPCO_08R,Restored,Clerodendrum infortunatum,13.0,0.0,0.0,0.0,0.0,0.0,0.0,0.0,0.0,0.0,0.0,2.5,
IPCOL,R08,2008,IPCO_08R,Restored,Clerodendrum infortunatum,14.0,0.0,0.0,0.0,0.0,0.0,0.0,0.0,0.0,0.0,0.0,3.0,
IPCOL,R08,2008,IPCO_08R,Restored,Acronychia pedunculata,16.0,13.0,13.0,0.0,0.0,0.0,0.0,0.0,0.0,0.0,0.0,5.0,
IPCOL,R08,2008,IPCO_08R,Restored,Mallotus tetracoccus,15.0,15.0,13.0,13.0,0.0,0.0,0.0,0.0,0.0,0.0,0.0,3.5,
IPCOL,R08,2008,IPCO_08R,Restored,Ficus microcarpa,506.0,0.0,0.0,0.0,0.0,0.0,0.0,0.0,0.0,0.0,0.0,10.5,corrected: no change
IPCOL,R08,2008,IPCO_08R,Restored,Clerodendrum infortunatum,12.0,0.0,0.0,0.0,0.0,0.0,0.0,0.0,0.0,0.0,0.0,3.0,
IPCOL,R08,2008,IPCO_08R,Restored,Clerodendrum infortunatum,18.0,0.0,0.0,0.0,0.0,0.0,0.0,0.0,0.0,0.0,0.0,3.5,
IPTOP,R06,2006,IPTO_06R,Restored,Acronychia pedunculata,21.0,0.0,0.0,0.0,0.0,0.0,0.0,0.0,0.0,0.0,0.0,,corrected: cut
IPCOL,R08,2008,IPCO_08R,Restored,Clerodendrum infortunatum,10.0,0.0,0.0,0.0,0.0,0.0,0.0,0.0,0.0,0.0,0.0,2.5,
IPCOL,R08,2008,IPCO_08R,Restored,Actinodaphne malabaricum,11.0,0.0,0.0,0.0,0.0,0.0,0.0,0.0,0.0,0.0,0.0,3.0,
IPCOL,R08,2008,IPCO_08R,Restored,Ficus racemosa,110.0,0.0,0.0,0.0,0.0,0.0,0.0,0.0,0.0,0.0,0.0,7.0,
IPCOL,R08,2008,IPCO_08R,Restored,Clerodendrum infortunatum,19.0,0.0,0.0,0.0,0.0,0.0,0.0,0.0,0.0,0.0,0.0,7.0,
IPCOL,R08,2008,IPCO_08R,Restored,Persea macarantha,14.0,0.0,0.0,0.0,0.0,0.0,0.0,0.0,0.0,0.0,0.0,5.0,
IPCOL,R08,2008,IPCO_08R,Restored,Cinnamomum malabathrum,10.0,0.0,0.0,0.0,0.0,0.0,0.0,0.0,0.0,0.0,0.0,3.0,
IPCOL,R08,2008,IPCO_08R,Restored,Clerodendrum infortunatum,11.0,0.0,0.0,0.0,0.0,0.0,0.0,0.0,0.0,0.0,0.0,3.0,
IPCOL,R08,2008,IPCO_08R,Restored,Vernonia arborea,13.0,15.0,17.0,0.0,0.0,0.0,0.0,0.0,0.0,0.0,0.0,4.0,
IPCOL,R08,2008,IPCO_08R,Restored,Dimocarpus longan,14.0,12.0,0.0,0.0,0.0,0.0,0.0,0.0,0.0,0.0,0.0,5.0,
IPTOP,R06,2006,IPTO_06R,Restored,Acronychia pedunculata,32.0,0.0,0.0,0.0,0.0,0.0,0.0,0.0,0.0,0.0,0.0,,corrected: cut
IPCOL,R08,2008,IPCO_08R,Restored,Syzygium densiflorum,840.0,0.0,0.0,0.0,0.0,0.0,0.0,0.0,0.0,0.0,0.0,40.0,
IPCOL,R07,2007,IPCO_07U,Unrestored,Persea macarantha,105.0,0.0,0.0,0.0,0.0,0.0,0.0,0.0,0.0,0.0,0.0,12.0,
IPCOL,R07,2007,IPCO_07U,Unrestored,Clerodendrum infortunatum,13.0,0.0,0.0,0.0,0.0,0.0,0.0,0.0,0.0,0.0,0.0,4.5,
IPCOL,R07,2007,IPCO_07U,Unrestored,Gliricidia sepium,17.0,0.0,0.0,0.0,0.0,0.0,0.0,0.0,0.0,0.0,0.0,6.0,
IPCOL,R07,2007,IPCO_07U,Unrestored,Clerodendrum infortunatum,14.0,0.0,0.0,0.0,0.0,0.0,0.0,0.0,0.0,0.0,0.0,4.0,
IPCOL,R07,2007,IPCO_07U,Unrestored,Clerodendrum infortunatum,21.0,0.0,0.0,0.0,0.0,0.0,0.0,0.0,0.0,0.0,0.0,6.0,
IPTOP,R07,2007,IPTO_07R,Restored,Cinnamomum malabathrum,25.0,0.0,0.0,0.0,0.0,0.0,0.0,0.0,0.0,0.0,0.0,,corrected: cut
IPCOL,R07,2007,IPCO_07U,Unrestored,Erythrina sp.,175.0,0.0,0.0,0.0,0.0,0.0,0.0,0.0,0.0,0.0,0.0,15.0,
IPCOL,R08,2008,IPCO_08U,Unrestored,Ficus hispida,23.0,0.0,0.0,0.0,0.0,0.0,0.0,0.0,0.0,0.0,0.0,7.5,
IPCOL,R08,2008,IPCO_08U,Unrestored,Persea macarantha,160.0,0.0,0.0,0.0,0.0,0.0,0.0,0.0,0.0,0.0,0.0,13.0,
IPCOL,R08,2008,IPCO_08U,Unrestored,Maesa indica,29.0,0.0,0.0,0.0,0.0,0.0,0.0,0.0,0.0,0.0,0.0,7.0,
IPCOL,R08,2008,IPCO_08U,Unrestored,Ficus hispida,44.0,0.0,0.0,0.0,0.0,0.0,0.0,0.0,0.0,0.0,0.0,9.5,
IPCOL,R08,2008,IPCO_08U,Unrestored,Artocarpus heterophyllus,128.0,0.0,0.0,0.0,0.0,0.0,0.0,0.0,0.0,0.0,0.0,10.0,
IPCOL,R08,2008,IPCO_08U,Unrestored,Nothapodytes nimmoniana,22.0,0.0,0.0,0.0,0.0,0.0,0.0,0.0,0.0,0.0,0.0,4.5,
IPCOL,R08,2008,IPCO_08U,Unrestored,Persea macarantha,123.0,0.0,0.0,0.0,0.0,0.0,0.0,0.0,0.0,0.0,0.0,12.5,
IPCOL,R08,2008,IPCO_08U,Unrestored,Vernonia arborea,44.0,0.0,0.0,0.0,0.0,0.0,0.0,0.0,0.0,0.0,0.0,8.5,
IPTOP,R07,2007,IPTO_07R,Restored,Clerodendrum infortunatum,11.0,0.0,0.0,0.0,0.0,0.0,0.0,0.0,0.0,0.0,0.0,2.0,
IPTOP,R07,2007,IPTO_07R,Restored,Cinnamomum malabathrum,27.0,13.0,0.0,0.0,0.0,0.0,0.0,0.0,0.0,0.0,0.0,5.0,
IPTOP,R07,2007,IPTO_07R,Restored,Clerodendrum infortunatum,14.0,0.0,0.0,0.0,0.0,0.0,0.0,0.0,0.0,0.0,0.0,2.5,
IPTOP,R07,2007,IPTO_07R,Restored,Clerodendrum infortunatum,13.0,0.0,0.0,0.0,0.0,0.0,0.0,0.0,0.0,0.0,0.0,2.5,
IPTOP,R07,2007,IPTO_07R,Restored,Maesa indica,23.0,0.0,0.0,0.0,0.0,0.0,0.0,0.0,0.0,0.0,0.0,5.5,
IPTOP,R07,2007,IPTO_07R,Restored,Neolitsea scrobiculata,17.0,13.0,15.0,15.0,16.0,0.0,0.0,0.0,0.0,0.0,0.0,6.0,
IPTOP,R07,2007,IPTO_07R,Restored,Clerodendrum infortunatum,12.0,0.0,0.0,0.0,0.0,0.0,0.0,0.0,0.0,0.0,0.0,2.5,
IPTOP,R07,2007,IPTO_07R,Restored,Maesa indica,20.0,0.0,0.0,0.0,0.0,0.0,0.0,0.0,0.0,0.0,0.0,5.5,
IPTOP,R07,2007,IPTO_07R,Restored,Cinnamomum malabathrum,16.0,0.0,0.0,0.0,0.0,0.0,0.0,0.0,0.0,0.0,0.0,5.5,
IPTOP,R07,2007,IPTO_07R,Restored,Clerodendrum infortunatum,18.0,0.0,0.0,0.0,0.0,0.0,0.0,0.0,0.0,0.0,0.0,4.5,
IPTOP,R07,2007,IPTO_07R,Restored,Clerodendrum infortunatum,24.0,0.0,0.0,0.0,0.0,0.0,0.0,0.0,0.0,0.0,0.0,5.5,
IPTOP,R07,2007,IPTO_07R,Restored,Clerodendrum infortunatum,12.0,0.0,0.0,0.0,0.0,0.0,0.0,0.0,0.0,0.0,0.0,5.0,
IPTOP,R07,2007,IPTO_07R,Restored,Scolopia crenata,22.0,0.0,0.0,0.0,0.0,0.0,0.0,0.0,0.0,0.0,0.0,5.0,
IPTOP,R07,2007,IPTO_07R,Restored,Clerodendrum infortunatum,15.0,0.0,0.0,0.0,0.0,0.0,0.0,0.0,0.0,0.0,0.0,3.5,
IPTOP,R07,2007,IPTO_07R,Restored,Maesa indica,14.0,0.0,0.0,0.0,0.0,0.0,0.0,0.0,0.0,0.0,0.0,4.5,
IPTOP,R07,2007,IPTO_07R,Restored,Cinnamomum malabathrum,51.0,0.0,0.0,0.0,0.0,0.0,0.0,0.0,0.0,0.0,0.0,7.5,
IPTOP,R07,2007,IPTO_07R,Restored,Cinnamomum malabathrum,15.0,0.0,0.0,0.0,0.0,0.0,0.0,0.0,0.0,0.0,0.0,5.5,
IPTOP,R07,2007,IPTO_07R,Restored,Cinnamomum malabathrum,44.0,0.0,0.0,0.0,0.0,0.0,0.0,0.0,0.0,0.0,0.0,8.5,
IPTOP,R07,2007,IPTO_07R,Restored,Maesa indica,18.0,0.0,0.0,0.0,0.0,0.0,0.0,0.0,0.0,0.0,0.0,5.5,
IPTOP,R07,2007,IPTO_07R,Restored,Macaranga peltata,34.0,0.0,0.0,0.0,0.0,0.0,0.0,0.0,0.0,0.0,0.0,6.5,
IPTOP,R07,2007,IPTO_07R,Restored,Litsea bourdillonii,21.0,0.0,0.0,0.0,0.0,0.0,0.0,0.0,0.0,0.0,0.0,6.0,
IPTOP,R07,2007,IPTO_07R,Restored,Clerodendrum infortunatum,15.0,0.0,0.0,0.0,0.0,0.0,0.0,0.0,0.0,0.0,0.0,5.0,
IPTOP,R07,2007,IPTO_07R,Restored,Clerodendrum infortunatum,15.0,0.0,0.0,0.0,0.0,0.0,0.0,0.0,0.0,0.0,0.0,3.5,
IPTOP,R07,2007,IPTO_07R,Restored,Clerodendrum infortunatum,16.0,0.0,0.0,0.0,0.0,0.0,0.0,0.0,0.0,0.0,0.0,5.5,
IPTOP,R07,2007,IPTO_07R,Restored,Maesa indica,15.0,18.0,0.0,0.0,0.0,0.0,0.0,0.0,0.0,0.0,0.0,5.5,
IPTOP,R07,2007,IPTO_07R,Restored,Maesa indica,20.0,0.0,0.0,0.0,0.0,0.0,0.0,0.0,0.0,0.0,0.0,5.0,
IPTOP,R07,2007,IPTO_07R,Restored,Maesa indica,17.0,0.0,0.0,0.0,0.0,0.0,0.0,0.0,0.0,0.0,0.0,5.0,
IPTOP,R07,2007,IPTO_07R,Restored,Clerodendrum infortunatum,14.0,0.0,0.0,0.0,0.0,0.0,0.0,0.0,0.0,0.0,0.0,5.5,
IPTOP,R07,2007,IPTO_07R,Restored,Maesa indica,12.0,0.0,0.0,0.0,0.0,0.0,0.0,0.0,0.0,0.0,0.0,4.5,
IPTOP,R07,2007,IPTO_07R,Restored,Acronychia pedunculata,29.0,37.0,26.0,25.0,0.0,0.0,0.0,0.0,0.0,0.0,0.0,8.5,
IPTOP,R07,2007,IPTO_07R,Restored,Maesa indica,17.0,0.0,0.0,0.0,0.0,0.0,0.0,0.0,0.0,0.0,0.0,5.0,
IPTOP,R07,2007,IPTO_07R,Restored,Clerodendrum infortunatum,13.0,0.0,0.0,0.0,0.0,0.0,0.0,0.0,0.0,0.0,0.0,5.0,
IPTOP,R07,2007,IPTO_07R,Restored,Clerodendrum infortunatum,27.0,0.0,0.0,0.0,0.0,0.0,0.0,0.0,0.0,0.0,0.0,6.0,
IPTOP,R07,2007,IPTO_07R,Restored,Cinnamomum malabathrum,20.0,20.0,0.0,0.0,0.0,0.0,0.0,0.0,0.0,0.0,0.0,7.0,
IPTOP,R07,2007,IPTO_07R,Restored,Maesa indica,27.0,0.0,0.0,0.0,0.0,0.0,0.0,0.0,0.0,0.0,0.0,5.5,
IPTOP,R07,2007,IPTO_07R,Restored,Maesa indica,15.0,0.0,0.0,0.0,0.0,0.0,0.0,0.0,0.0,0.0,0.0,4.5,
IPTOP,R07,2007,IPTO_07R,Restored,Litsea bourdillonii,15.0,15.0,0.0,0.0,0.0,0.0,0.0,0.0,0.0,0.0,0.0,5.5,
IPTOP,R07,2007,IPTO_07R,Restored,Ficus hispida,29.0,0.0,0.0,0.0,0.0,0.0,0.0,0.0,0.0,0.0,0.0,6.5,
IPTOP,R07,2007,IPTO_07R,Restored,Ficus hispida,26.0,0.0,0.0,0.0,0.0,0.0,0.0,0.0,0.0,0.0,0.0,7.5,
OLVA1,OLVA1,2008,OLV1_10R,Restored,Clerodendrum infortunatum,16.0,0.0,0.0,0.0,0.0,0.0,0.0,0.0,0.0,0.0,0.0,,corrected: cut
IPTOP,R07,2007,IPTO_07R,Restored,Litsea bourdillonii,12.0,0.0,0.0,0.0,0.0,0.0,0.0,0.0,0.0,0.0,0.0,7.5,
IPTOP,R07,2007,IPTO_07R,Restored,Litsea floribunda,21.0,0.0,0.0,0.0,0.0,0.0,0.0,0.0,0.0,0.0,0.0,7.0,
IPTOP,R07,2007,IPTO_07R,Restored,Clerodendrum infortunatum,15.0,0.0,0.0,0.0,0.0,0.0,0.0,0.0,0.0,0.0,0.0,2.5,
IPTOP,R07,2007,IPTO_07R,Restored,Cinnamomum malabathrum,37.0,0.0,0.0,0.0,0.0,0.0,0.0,0.0,0.0,0.0,0.0,7.5,
IPTOP,R07,2007,IPTO_07R,Restored,Clerodendrum infortunatum,40.0,0.0,0.0,0.0,0.0,0.0,0.0,0.0,0.0,0.0,0.0,5.5,
IPTOP,R07,2007,IPTO_07R,Restored,Cinnamomum malabathrum,18.0,0.0,0.0,0.0,0.0,0.0,0.0,0.0,0.0,0.0,0.0,5.5,
IPTOP,R07,2007,IPTO_07R,Restored,Persea macarantha,55.0,0.0,0.0,0.0,0.0,0.0,0.0,0.0,0.0,0.0,0.0,9.5,
IPTOP,R07,2007,IPTO_07R,Restored,Persea macarantha,50.0,0.0,0.0,0.0,0.0,0.0,0.0,0.0,0.0,0.0,0.0,8.5,
IPTOP,R07,2007,IPTO_07R,Restored,Litsea floribunda,53.0,0.0,0.0,0.0,0.0,0.0,0.0,0.0,0.0,0.0,0.0,8.0,
IPTOP,R07,2007,IPTO_07R,Restored,Macaranga peltata,52.0,30.0,0.0,0.0,0.0,0.0,0.0,0.0,0.0,0.0,0.0,10.0,
IPTOP,R07,2007,IPTO_07R,Restored,Macaranga peltata,48.0,0.0,0.0,0.0,0.0,0.0,0.0,0.0,0.0,0.0,0.0,8.5,
IPTOP,R07,2007,IPTO_07R,Restored,Clerodendrum infortunatum,11.0,0.0,0.0,0.0,0.0,0.0,0.0,0.0,0.0,0.0,0.0,5.5,
IPTOP,R07,2007,IPTO_07R,Restored,Clerodendrum infortunatum,15.0,0.0,0.0,0.0,0.0,0.0,0.0,0.0,0.0,0.0,0.0,4.5,
IPTOP,R07,2007,IPTO_07R,Restored,Mallotus tetracoccus,37.0,0.0,0.0,0.0,0.0,0.0,0.0,0.0,0.0,0.0,0.0,7.5,
IPTOP,R07,2007,IPTO_07R,Restored,Litsea bourdillonii,43.0,0.0,0.0,0.0,0.0,0.0,0.0,0.0,0.0,0.0,0.0,7.5,
IPTOP,R07,2007,IPTO_07R,Restored,Macaranga peltata,52.0,0.0,0.0,0.0,0.0,0.0,0.0,0.0,0.0,0.0,0.0,9.5,
IPTOP,R07,2007,IPTO_07R,Restored,Ficus hispida,24.0,0.0,0.0,0.0,0.0,0.0,0.0,0.0,0.0,0.0,0.0,6.0,
IPTOP,R07,2007,IPTO_07R,Restored,Litsea bourdillonii,29.0,0.0,0.0,0.0,0.0,0.0,0.0,0.0,0.0,0.0,0.0,8.5,
IPTOP,R06,2006,IPTO_06R,Restored,Acronychia pedunculata,39.0,15.0,16.0,19.0,0.0,0.0,0.0,0.0,0.0,0.0,0.0,6.5,
IPTOP,R06,2006,IPTO_06R,Restored,Clerodendrum infortunatum,10.0,0.0,0.0,0.0,0.0,0.0,0.0,0.0,0.0,0.0,0.0,4.0,
IPTOP,R06,2006,IPTO_06R,Restored,Maesa indica,11.0,0.0,0.0,0.0,0.0,0.0,0.0,0.0,0.0,0.0,0.0,4.5,
IPTOP,R06,2006,IPTO_06R,Restored,Clerodendrum infortunatum,13.0,0.0,0.0,0.0,0.0,0.0,0.0,0.0,0.0,0.0,0.0,4.5,
IPTOP,R06,2006,IPTO_06R,Restored,Cinnamomum malabathrum,16.0,17.0,0.0,0.0,0.0,0.0,0.0,0.0,0.0,0.0,0.0,5.5,
IPTOP,R06,2006,IPTO_06R,Restored,Cinnamomum malabathrum,10.0,0.0,0.0,0.0,0.0,0.0,0.0,0.0,0.0,0.0,0.0,3.0,
IPTOP,R06,2006,IPTO_06R,Restored,Clerodendrum infortunatum,17.0,0.0,0.0,0.0,0.0,0.0,0.0,0.0,0.0,0.0,0.0,4.5,
IPTOP,R06,2006,IPTO_06R,Restored,Acronychia pedunculata,34.0,0.0,0.0,0.0,0.0,0.0,0.0,0.0,0.0,0.0,0.0,6.0,
IPTOP,R06,2006,IPTO_06R,Restored,Acronychia pedunculata,20.0,26.0,15.0,12.0,0.0,0.0,0.0,0.0,0.0,0.0,0.0,6.0,
IPTOP,R06,2006,IPTO_06R,Restored,Persea macarantha,55.0,0.0,0.0,0.0,0.0,0.0,0.0,0.0,0.0,0.0,0.0,8.0,
IPTOP,R06,2006,IPTO_06R,Restored,Cinnamomum malabathrum,52.0,0.0,0.0,0.0,0.0,0.0,0.0,0.0,0.0,0.0,0.0,7.0,
IPTOP,R06,2006,IPTO_06R,Restored,Clerodendrum infortunatum,14.0,0.0,0.0,0.0,0.0,0.0,0.0,0.0,0.0,0.0,0.0,3.0,
IPTOP,R06,2006,IPTO_06R,Restored,Clerodendrum infortunatum,17.0,0.0,0.0,0.0,0.0,0.0,0.0,0.0,0.0,0.0,0.0,5.0,
IPTOP,R06,2006,IPTO_06R,Restored,Clerodendrum infortunatum,11.0,0.0,0.0,0.0,0.0,0.0,0.0,0.0,0.0,0.0,0.0,4.5,
IPTOP,R06,2006,IPTO_06R,Restored,Clerodendrum infortunatum,16.0,0.0,0.0,0.0,0.0,0.0,0.0,0.0,0.0,0.0,0.0,5.5,
IPTOP,R06,2006,IPTO_06R,Restored,Clerodendrum infortunatum,15.0,0.0,0.0,0.0,0.0,0.0,0.0,0.0,0.0,0.0,0.0,5.0,
IPTOP,R06,2006,IPTO_06R,Restored,Acronychia pedunculata,20.0,0.0,0.0,0.0,0.0,0.0,0.0,0.0,0.0,0.0,0.0,5.0,
IPTOP,R06,2006,IPTO_06R,Restored,Acronychia pedunculata,15.0,0.0,0.0,0.0,0.0,0.0,0.0,0.0,0.0,0.0,0.0,5.0,
OLVA2,OLVA2,2009,OLV2_08U,Unrestored,Cinnamomum malabathrum,29.0,0.0,0.0,0.0,0.0,0.0,0.0,0.0,0.0,0.0,0.0,,corrected: cut
IPTOP,R06,2006,IPTO_06R,Restored,Acronychia pedunculata,23.0,0.0,0.0,0.0,0.0,0.0,0.0,0.0,0.0,0.0,0.0,6.5,
IPTOP,R06,2006,IPTO_06R,Restored,Clerodendrum infortunatum,18.0,0.0,0.0,0.0,0.0,0.0,0.0,0.0,0.0,0.0,0.0,5.0,
IPTOP,R06,2006,IPTO_06R,Restored,Acronychia pedunculata,16.0,0.0,0.0,0.0,0.0,0.0,0.0,0.0,0.0,0.0,0.0,6.5,
IPTOP,R06,2006,IPTO_06R,Restored,Cinnamomum malabathrum,48.0,0.0,0.0,0.0,0.0,0.0,0.0,0.0,0.0,0.0,0.0,7.0,
IPTOP,R06,2006,IPTO_06R,Restored,Acronychia pedunculata,21.0,0.0,0.0,0.0,0.0,0.0,0.0,0.0,0.0,0.0,0.0,7.0,
IPTOP,R06,2006,IPTO_06R,Restored,Clerodendrum infortunatum,25.0,0.0,0.0,0.0,0.0,0.0,0.0,0.0,0.0,0.0,0.0,4.0,
IPTOP,R06,2006,IPTO_06R,Restored,Clerodendrum infortunatum,17.0,0.0,0.0,0.0,0.0,0.0,0.0,0.0,0.0,0.0,0.0,4.0,
IPTOP,R06,2006,IPTO_06R,Restored,Acronychia pedunculata,12.0,0.0,0.0,0.0,0.0,0.0,0.0,0.0,0.0,0.0,0.0,4.0,
IPTOP,R06,2006,IPTO_06R,Restored,Acronychia pedunculata,10.0,0.0,0.0,0.0,0.0,0.0,0.0,0.0,0.0,0.0,0.0,4.5,
IPTOP,R06,2006,IPTO_06R,Restored,Clerodendrum infortunatum,14.0,0.0,0.0,0.0,0.0,0.0,0.0,0.0,0.0,0.0,0.0,4.0,
IPTOP,R06,2006,IPTO_06R,Restored,Acronychia pedunculata,12.0,11.0,0.0,0.0,0.0,0.0,0.0,0.0,0.0,0.0,0.0,5.0,
IPTOP,R06,2006,IPTO_06R,Restored,Acronychia pedunculata,15.0,0.0,0.0,0.0,0.0,0.0,0.0,0.0,0.0,0.0,0.0,5.5,
IPTOP,R06,2006,IPTO_06R,Restored,Acronychia pedunculata,15.0,0.0,0.0,0.0,0.0,0.0,0.0,0.0,0.0,0.0,0.0,4.5,
IPTOP,R06,2006,IPTO_06R,Restored,Acronychia pedunculata,34.0,62.0,36.0,16.0,0.0,0.0,0.0,0.0,0.0,0.0,0.0,8.0,
IPTOP,R06,2006,IPTO_06R,Restored,Cinnamomum malabathrum,53.0,0.0,0.0,0.0,0.0,0.0,0.0,0.0,0.0,0.0,0.0,7.5,
IPTOP,R06,2006,IPTO_06R,Restored,Acronychia pedunculata,14.0,0.0,0.0,0.0,0.0,0.0,0.0,0.0,0.0,0.0,0.0,5.0,
IPTOP,R06,2006,IPTO_06R,Restored,Acronychia pedunculata,17.0,28.0,0.0,0.0,0.0,0.0,0.0,0.0,0.0,0.0,0.0,5.5,
IPTOP,R06,2006,IPTO_06R,Restored,Acronychia pedunculata,27.0,0.0,0.0,0.0,0.0,0.0,0.0,0.0,0.0,0.0,0.0,6.5,
IPTOP,R06,2006,IPTO_06R,Restored,Macaranga peltata,48.0,0.0,0.0,0.0,0.0,0.0,0.0,0.0,0.0,0.0,0.0,7.5,
IPTOP,R06,2006,IPTO_06R,Restored,Macaranga peltata,17.0,0.0,0.0,0.0,0.0,0.0,0.0,0.0,0.0,0.0,0.0,4.5,
IPTOP,R06,2006,IPTO_06R,Restored,Acronychia pedunculata,26.0,34.0,0.0,0.0,0.0,0.0,0.0,0.0,0.0,0.0,0.0,7.0,
IPTOP,R06,2006,IPTO_06R,Restored,Maesa indica,11.0,10.0,0.0,0.0,0.0,0.0,0.0,0.0,0.0,0.0,0.0,4.5,
IPTOP,R06,2006,IPTO_06R,Restored,Acronychia pedunculata,12.0,0.0,0.0,0.0,0.0,0.0,0.0,0.0,0.0,0.0,0.0,5.5,
IPTOP,R06,2006,IPTO_06R,Restored,Maesa indica,15.0,0.0,0.0,0.0,0.0,0.0,0.0,0.0,0.0,0.0,0.0,5.5,
IPTOP,R06,2006,IPTO_06R,Restored,Acronychia pedunculata,50.0,0.0,0.0,0.0,0.0,0.0,0.0,0.0,0.0,0.0,0.0,7.0,
IPTOP,R06,2006,IPTO_06R,Restored,Acronychia pedunculata,12.0,27.0,0.0,0.0,0.0,0.0,0.0,0.0,0.0,0.0,0.0,6.5,
PNMD,2,,PANM_P2B,Benchmark,Syzygium munronii,18.0,0.0,0.0,0.0,0.0,0.0,0.0,0.0,0.0,0.0,0.0,4.5,corrected: 45 to 4.5
IPTOP,R06,2006,IPTO_06R,Restored,Macaranga peltata,18.0,0.0,0.0,0.0,0.0,0.0,0.0,0.0,0.0,0.0,0.0,6.5,
IPTOP,R06,2006,IPTO_06R,Restored,Acronychia pedunculata,20.0,0.0,0.0,0.0,0.0,0.0,0.0,0.0,0.0,0.0,0.0,5.0,
IPTOP,R06,2006,IPTO_06R,Restored,Cinnamomum malabathrum,17.0,28.0,0.0,0.0,0.0,0.0,0.0,0.0,0.0,0.0,0.0,4.0,
IPTOP,R06,2006,IPTO_06R,Restored,Cinnamomum malabathrum,24.0,0.0,0.0,0.0,0.0,0.0,0.0,0.0,0.0,0.0,0.0,4.0,
IPTOP,R06,2006,IPTO_06R,Restored,Persea macarantha,21.0,20.0,0.0,0.0,0.0,0.0,0.0,0.0,0.0,0.0,0.0,5.0,
IPTOP,R06,2006,IPTO_06R,Restored,Cinnamomum malabathrum,12.0,0.0,0.0,0.0,0.0,0.0,0.0,0.0,0.0,0.0,0.0,4.0,
IPTOP,R06,2006,IPTO_06R,Restored,Acronychia pedunculata,36.0,0.0,0.0,0.0,0.0,0.0,0.0,0.0,0.0,0.0,0.0,6.0,
IPTOP,R06,2006,IPTO_06R,Restored,Acronychia pedunculata,22.0,0.0,0.0,0.0,0.0,0.0,0.0,0.0,0.0,0.0,0.0,5.0,
IPTOP,R06,2006,IPTO_06R,Restored,Acronychia pedunculata,32.0,0.0,0.0,0.0,0.0,0.0,0.0,0.0,0.0,0.0,0.0,5.0,
IPTOP,R06,2006,IPTO_06R,Restored,Acronychia pedunculata,28.0,21.0,0.0,0.0,0.0,0.0,0.0,0.0,0.0,0.0,0.0,5.0,
IPTOP,R06,2006,IPTO_06R,Restored,Acronychia pedunculata,43.0,0.0,0.0,0.0,0.0,0.0,0.0,0.0,0.0,0.0,0.0,5.0,
IPTOP,R06,2006,IPTO_06R,Restored,Clerodendrum infortunatum,11.0,0.0,0.0,0.0,0.0,0.0,0.0,0.0,0.0,0.0,0.0,2.5,
IPTOP,R06,2006,IPTO_06R,Restored,Cinnamomum malabathrum,21.0,25.0,22.0,0.0,0.0,0.0,0.0,0.0,0.0,0.0,0.0,4.5,
IPTOP,R06,2006,IPTO_06R,Restored,Acronychia pedunculata,24.0,0.0,0.0,0.0,0.0,0.0,0.0,0.0,0.0,0.0,0.0,4.5,
IPTOP,R06,2006,IPTO_06R,Restored,Maesa indica,15.0,0.0,0.0,0.0,0.0,0.0,0.0,0.0,0.0,0.0,0.0,2.5,
IPTOP,R06,2006,IPTO_06R,Restored,Clerodendrum infortunatum,20.0,0.0,0.0,0.0,0.0,0.0,0.0,0.0,0.0,0.0,0.0,5.0,
IPTOP,R06,2006,IPTO_06R,Restored,Acronychia pedunculata,42.0,0.0,0.0,0.0,0.0,0.0,0.0,0.0,0.0,0.0,0.0,6.0,
IPTOP,R06,2006,IPTO_06R,Restored,Acronychia pedunculata,16.0,0.0,0.0,0.0,0.0,0.0,0.0,0.0,0.0,0.0,0.0,4.5,
IPTOP,R06,2006,IPTO_06R,Restored,Cinnamomum malabathrum,44.0,0.0,0.0,0.0,0.0,0.0,0.0,0.0,0.0,0.0,0.0,6.0,
IPTOP,R06,2006,IPTO_06R,Restored,Cinnamomum malabathrum,23.0,0.0,0.0,0.0,0.0,0.0,0.0,0.0,0.0,0.0,0.0,6.0,
IPTOP,R06,2006,IPTO_06R,Restored,Acronychia pedunculata,23.0,0.0,0.0,0.0,0.0,0.0,0.0,0.0,0.0,0.0,0.0,4.5,
IPTOP,R06,2006,IPTO_06R,Restored,Acronychia pedunculata,19.0,0.0,0.0,0.0,0.0,0.0,0.0,0.0,0.0,0.0,0.0,5.0,
IPTOP,R06,2006,IPTO_06R,Restored,Maesa indica,12.0,0.0,0.0,0.0,0.0,0.0,0.0,0.0,0.0,0.0,0.0,4.5,
IPTOP,R06,2006,IPTO_06R,Restored,Clerodendrum infortunatum,13.0,0.0,0.0,0.0,0.0,0.0,0.0,0.0,0.0,0.0,0.0,4.0,
IPTOP,R06,2006,IPTO_06R,Restored,Maesa indica,11.0,10.0,0.0,0.0,0.0,0.0,0.0,0.0,0.0,0.0,0.0,4.5,
IPTOP,R06,2006,IPTO_06R,Restored,Maesa indica,13.0,0.0,0.0,0.0,0.0,0.0,0.0,0.0,0.0,0.0,0.0,4.5,
IPTOP,R06,2006,IPTO_06R,Restored,Apollonias arnottii,20.0,16.0,0.0,0.0,0.0,0.0,0.0,0.0,0.0,0.0,0.0,4.5,
IPTOP,R06,2006,IPTO_06R,Restored,Syzygium sp.,12.0,14.0,13.0,12.0,10.0,0.0,0.0,0.0,0.0,0.0,0.0,4.0,
IPTOP,R06,2006,IPTO_06R,Restored,Cinnamomum malabathrum,19.0,0.0,0.0,0.0,0.0,0.0,0.0,0.0,0.0,0.0,0.0,4.5,
IPTOP,R06,2006,IPTO_06R,Restored,Atalantia wightii,10.0,0.0,0.0,0.0,0.0,0.0,0.0,0.0,0.0,0.0,0.0,2.0,
IPTOP,R06,2006,IPTO_06U,Unrestored,Eucalyptus sp.,92.0,0.0,0.0,0.0,0.0,0.0,0.0,0.0,0.0,0.0,0.0,18.5,
IPTOP,R06,2006,IPTO_06U,Unrestored,Eucalyptus sp.,75.0,0.0,0.0,0.0,0.0,0.0,0.0,0.0,0.0,0.0,0.0,17.5,
IPTOP,R06,2006,IPTO_06U,Unrestored,Clerodendrum infortunatum,14.0,0.0,0.0,0.0,0.0,0.0,0.0,0.0,0.0,0.0,0.0,2.5,
IPTOP,R06,2006,IPTO_06U,Unrestored,Clerodendrum infortunatum,19.0,0.0,0.0,0.0,0.0,0.0,0.0,0.0,0.0,0.0,0.0,2.5,
IPTOP,R06,2006,IPTO_06U,Unrestored,Clerodendrum infortunatum,17.0,0.0,0.0,0.0,0.0,0.0,0.0,0.0,0.0,0.0,0.0,2.5,
IPTOP,R06,2006,IPTO_06U,Unrestored,Ficus hispida,21.0,29.0,0.0,0.0,0.0,0.0,0.0,0.0,0.0,0.0,0.0,5.5,
IPTOP,R06,2006,IPTO_06U,Unrestored,Clerodendrum infortunatum,20.0,0.0,0.0,0.0,0.0,0.0,0.0,0.0,0.0,0.0,0.0,3.0,
IPTOP,R06,2006,IPTO_06U,Unrestored,Maesa indica,12.0,0.0,0.0,0.0,0.0,0.0,0.0,0.0,0.0,0.0,0.0,2.0,
IPTOP,R06,2006,IPTO_06U,Unrestored,Ficus hispida,22.0,0.0,0.0,0.0,0.0,0.0,0.0,0.0,0.0,0.0,0.0,5.0,
IPTOP,R06,2006,IPTO_06U,Unrestored,Clerodendrum infortunatum,23.0,0.0,0.0,0.0,0.0,0.0,0.0,0.0,0.0,0.0,0.0,4.5,
IPTOP,R06,2006,IPTO_06U,Unrestored,Clerodendrum infortunatum,15.0,0.0,0.0,0.0,0.0,0.0,0.0,0.0,0.0,0.0,0.0,2.5,
IPTOP,R06,2006,IPTO_06U,Unrestored,Clerodendrum infortunatum,19.0,21.0,0.0,0.0,0.0,0.0,0.0,0.0,0.0,0.0,0.0,5.5,
IPTOP,R06,2006,IPTO_06U,Unrestored,Maesa indica,18.0,0.0,0.0,0.0,0.0,0.0,0.0,0.0,0.0,0.0,0.0,3.0,
IPTOP,R06,2006,IPTO_06U,Unrestored,Maesa indica,14.0,0.0,0.0,0.0,0.0,0.0,0.0,0.0,0.0,0.0,0.0,3.0,
IPTOP,R06,2006,IPTO_06U,Unrestored,Maesa indica,12.0,0.0,0.0,0.0,0.0,0.0,0.0,0.0,0.0,0.0,0.0,2.5,
IPTOP,R06,2006,IPTO_06U,Unrestored,Maesa indica,11.0,0.0,0.0,0.0,0.0,0.0,0.0,0.0,0.0,0.0,0.0,3.0,
IPTOP,R06,2006,IPTO_06U,Unrestored,Maesa indica,10.0,0.0,0.0,0.0,0.0,0.0,0.0,0.0,0.0,0.0,0.0,2.5,
IPTOP,R06,2006,IPTO_06U,Unrestored,Maesa indica,13.0,0.0,0.0,0.0,0.0,0.0,0.0,0.0,0.0,0.0,0.0,3.5,
IPTOP,R06,2006,IPTO_06U,Unrestored,Maesa indica,10.0,0.0,0.0,0.0,0.0,0.0,0.0,0.0,0.0,0.0,0.0,3.0,
IPTOP,R06,2006,IPTO_06U,Unrestored,Maesa indica,12.0,0.0,0.0,0.0,0.0,0.0,0.0,0.0,0.0,0.0,0.0,3.0,
IPTOP,R06,2006,IPTO_06U,Unrestored,Erythrina (thorny),52.0,0.0,0.0,0.0,0.0,0.0,0.0,0.0,0.0,0.0,0.0,7.5,
IPTOP,R06,2006,IPTO_06U,Unrestored,Maesa indica,12.0,0.0,0.0,0.0,0.0,0.0,0.0,0.0,0.0,0.0,0.0,2.5,
IPTOP,R06,2006,IPTO_06U,Unrestored,Maesa indica,10.0,0.0,0.0,0.0,0.0,0.0,0.0,0.0,0.0,0.0,0.0,2.5,
IPTOP,R06,2006,IPTO_06U,Unrestored,Persea macarantha,16.0,0.0,0.0,0.0,0.0,0.0,0.0,0.0,0.0,0.0,0.0,4.0,
IPTOP,R06,2006,IPTO_06U,Unrestored,Clerodendrum infortunatum,15.0,0.0,0.0,0.0,0.0,0.0,0.0,0.0,0.0,0.0,0.0,4.0,
IPTOP,R06,2006,IPTO_06U,Unrestored,Clerodendrum infortunatum,19.0,0.0,0.0,0.0,0.0,0.0,0.0,0.0,0.0,0.0,0.0,4.0,
IPTOP,R06,2006,IPTO_06U,Unrestored,Mallotus tetracoccus,47.0,0.0,0.0,0.0,0.0,0.0,0.0,0.0,0.0,0.0,0.0,7.5,
IPTOP,R06,2006,IPTO_06U,Unrestored,Clerodendrum infortunatum,13.0,0.0,0.0,0.0,0.0,0.0,0.0,0.0,0.0,0.0,0.0,2.5,
IPTOP,R06,2006,IPTO_06U,Unrestored,Clerodendrum infortunatum,10.0,0.0,0.0,0.0,0.0,0.0,0.0,0.0,0.0,0.0,0.0,2.5,
IPTOP,R06,2006,IPTO_06U,Unrestored,Clerodendrum infortunatum,12.0,0.0,0.0,0.0,0.0,0.0,0.0,0.0,0.0,0.0,0.0,3.5,
IPTOP,R06,2006,IPTO_06U,Unrestored,Ficus hispida,18.0,0.0,0.0,0.0,0.0,0.0,0.0,0.0,0.0,0.0,0.0,3.0,
IPTOP,R06,2006,IPTO_06U,Unrestored,Ficus hispida,16.0,0.0,0.0,0.0,0.0,0.0,0.0,0.0,0.0,0.0,0.0,3.5,
IPTOP,R06,2006,IPTO_06U,Unrestored,Clerodendrum infortunatum,22.0,0.0,0.0,0.0,0.0,0.0,0.0,0.0,0.0,0.0,0.0,3.5,
IPTOP,R06,2006,IPTO_06U,Unrestored,Maesa indica,21.0,17.0,12.0,0.0,0.0,0.0,0.0,0.0,0.0,0.0,0.0,3.5,
IPTOP,R06,2006,IPTO_06U,Unrestored,Erythrina (thorny),24.0,0.0,0.0,0.0,0.0,0.0,0.0,0.0,0.0,0.0,0.0,5.5,
IPTOP,R06,2006,IPTO_06U,Unrestored,Maesa indica,13.0,0.0,0.0,0.0,0.0,0.0,0.0,0.0,0.0,0.0,0.0,3.0,
IPTOP,R06,2006,IPTO_06U,Unrestored,Clerodendrum infortunatum,12.0,0.0,0.0,0.0,0.0,0.0,0.0,0.0,0.0,0.0,0.0,2.5,
IPTOP,R06,2006,IPTO_06U,Unrestored,Clerodendrum infortunatum,18.0,0.0,0.0,0.0,0.0,0.0,0.0,0.0,0.0,0.0,0.0,3.0,
IPTOP,R06,2006,IPTO_06U,Unrestored,Clerodendrum infortunatum,16.0,0.0,0.0,0.0,0.0,0.0,0.0,0.0,0.0,0.0,0.0,2.5,
IPTOP,R06,2006,IPTO_06U,Unrestored,Cinnamomum malabathrum,14.0,0.0,0.0,0.0,0.0,0.0,0.0,0.0,0.0,0.0,0.0,3.5,
IPTOP,R06,2006,IPTO_06U,Unrestored,Clerodendrum infortunatum,12.0,0.0,0.0,0.0,0.0,0.0,0.0,0.0,0.0,0.0,0.0,3.0,
IPTOP,R06,2006,IPTO_06U,Unrestored,Syzygium gardneri,37.0,0.0,0.0,0.0,0.0,0.0,0.0,0.0,0.0,0.0,0.0,5.5,
IPTOP,R06,2006,IPTO_06U,Unrestored,Clerodendrum infortunatum,14.0,0.0,0.0,0.0,0.0,0.0,0.0,0.0,0.0,0.0,0.0,3.0,
IPTOP,R06,2006,IPTO_06U,Unrestored,Clerodendrum infortunatum,10.0,0.0,0.0,0.0,0.0,0.0,0.0,0.0,0.0,0.0,0.0,3.0,
IPTOP,R06,2006,IPTO_06U,Unrestored,Clerodendrum infortunatum,14.0,0.0,0.0,0.0,0.0,0.0,0.0,0.0,0.0,0.0,0.0,2.5,
IPTOP,R06,2006,IPTO_06U,Unrestored,Clerodendrum infortunatum,10.0,0.0,0.0,0.0,0.0,0.0,0.0,0.0,0.0,0.0,0.0,2.5,
IPTOP,R06,2006,IPTO_06U,Unrestored,Maesa indica,12.0,14.0,10.0,0.0,0.0,0.0,0.0,0.0,0.0,0.0,0.0,3.0,
IPTOP,R07,2007,IPTO_07U,Unrestored,Ficus hispida,17.0,10.0,15.0,20.0,21.0,0.0,0.0,0.0,0.0,0.0,0.0,4.5,
IPTOP,R07,2007,IPTO_07U,Unrestored,Maesa indica,11.0,14.0,15.0,0.0,0.0,0.0,0.0,0.0,0.0,0.0,0.0,3.0,
THEN,R10,2010,THEN_10R,Restored,Litsea floribunda,10.0,0.0,0.0,0.0,0.0,0.0,0.0,0.0,0.0,0.0,0.0,2.5,
THEN,R10,2010,THEN_10R,Restored,Maesa indica,12.0,0.0,0.0,0.0,0.0,0.0,0.0,0.0,0.0,0.0,0.0,3.5,
THEN,R10,2010,THEN_10R,Restored,Maesa indica,13.0,14.0,12.0,0.0,0.0,0.0,0.0,0.0,0.0,0.0,0.0,4.5,
THEN,R10,2010,THEN_10R,Restored,Maesa indica,12.0,0.0,0.0,0.0,0.0,0.0,0.0,0.0,0.0,0.0,0.0,3.5,
THEN,R10,2010,THEN_10R,Restored,Spathodea campanulata,253.0,0.0,0.0,0.0,0.0,0.0,0.0,0.0,0.0,0.0,0.0,18.5,
THEN,R10,2010,THEN_10R,Restored,Cullenia exarillata,325.0,0.0,0.0,0.0,0.0,0.0,0.0,0.0,0.0,0.0,0.0,45.0,
THEN,R10,2010,THEN_10R,Restored,Maesa indica,18.0,0.0,0.0,0.0,0.0,0.0,0.0,0.0,0.0,0.0,0.0,4.0,
THEN,R10,2010,THEN_10R,Restored,Maesa indica,20.0,0.0,0.0,0.0,0.0,0.0,0.0,0.0,0.0,0.0,0.0,4.0,
THEN,R10,2010,THEN_10R,Restored,Maesa indica,17.0,0.0,0.0,0.0,0.0,0.0,0.0,0.0,0.0,0.0,0.0,4.5,
THEN,R10,2010,THEN_10R,Restored,Maesa indica,14.0,0.0,0.0,0.0,0.0,0.0,0.0,0.0,0.0,0.0,0.0,4.0,
THEN,R10,2010,THEN_10R,Restored,Apollonias arnottii,15.0,0.0,0.0,0.0,0.0,0.0,0.0,0.0,0.0,0.0,0.0,4.5,
THEN,R10,2010,THEN_10R,Restored,Maesa indica,15.0,0.0,0.0,0.0,0.0,0.0,0.0,0.0,0.0,0.0,0.0,4.5,
THEN,R10,2010,THEN_10R,Restored,Maesa indica,16.0,0.0,0.0,0.0,0.0,0.0,0.0,0.0,0.0,0.0,0.0,4.0,
THEN,R10,2010,THEN_10R,Restored,Apollonias arnottii,10.0,0.0,0.0,0.0,0.0,0.0,0.0,0.0,0.0,0.0,0.0,5.0,
THEN,R10,2010,THEN_10R,Restored,Maesa indica,17.0,10.0,0.0,0.0,0.0,0.0,0.0,0.0,0.0,0.0,0.0,4.5,
THEN,R10,2010,THEN_10R,Restored,Maesa indica,17.0,12.0,0.0,0.0,0.0,0.0,0.0,0.0,0.0,0.0,0.0,5.5,
THEN,R10,2010,THEN_10R,Restored,Mallotus tetracoccus,124.0,0.0,0.0,0.0,0.0,0.0,0.0,0.0,0.0,0.0,0.0,17.0,
THEN,R10,2010,THEN_10R,Restored,Maesa indica,10.0,0.0,0.0,0.0,0.0,0.0,0.0,0.0,0.0,0.0,0.0,4.5,
THEN,R10,2010,THEN_10R,Restored,Litsea oleiodes,21.0,0.0,0.0,0.0,0.0,0.0,0.0,0.0,0.0,0.0,0.0,7.0,
THEN,R10,2010,THEN_10R,Restored,Maesa indica,14.0,0.0,0.0,0.0,0.0,0.0,0.0,0.0,0.0,0.0,0.0,3.0,
THEN,R10,2010,THEN_10R,Restored,Trichilia connaroides,38.0,30.0,0.0,0.0,0.0,0.0,0.0,0.0,0.0,0.0,0.0,8.0,
THEN,R10,2010,THEN_10R,Restored,Myristica dactyloides,254.0,0.0,0.0,0.0,0.0,0.0,0.0,0.0,0.0,0.0,0.0,34.0,
THEN,R10,2010,THEN_10R,Restored,Villebrunea integrifolia,30.0,56.0,27.0,28.0,0.0,0.0,0.0,0.0,0.0,0.0,0.0,7.0,
THEN,R10,2010,THEN_10R,Restored,Syzygium densiflorum,68.0,0.0,0.0,0.0,0.0,0.0,0.0,0.0,0.0,0.0,0.0,7.0,
THEN,R10,2010,THEN_10R,Restored,Murraya paniculata,36.0,14.0,0.0,0.0,0.0,0.0,0.0,0.0,0.0,0.0,0.0,4.5,
THEN,R10,2010,THEN_10R,Restored,Olea dioica,34.0,0.0,0.0,0.0,0.0,0.0,0.0,0.0,0.0,0.0,0.0,6.5,
THEN,R10,2010,THEN_10R,Restored,Maesopsis eminii,61.0,0.0,0.0,0.0,0.0,0.0,0.0,0.0,0.0,0.0,0.0,14.0,
THEN,R10,2010,THEN_10R,Restored,Maesa indica,13.0,0.0,0.0,0.0,0.0,0.0,0.0,0.0,0.0,0.0,0.0,3.0,
THEN,R10,2010,THEN_10R,Restored,Antidesma menausa,47.0,0.0,0.0,0.0,0.0,0.0,0.0,0.0,0.0,0.0,0.0,6.5,
THEN,R10,2010,THEN_10R,Restored,Clerodendrum infortunatum,14.0,0.0,0.0,0.0,0.0,0.0,0.0,0.0,0.0,0.0,0.0,4.0,
THEN,R10,2010,THEN_10R,Restored,Murraya paniculata,14.0,15.0,16.0,10.0,0.0,0.0,0.0,0.0,0.0,0.0,0.0,4.5,
THEN,R10,2010,THEN_10R,Restored,Ficus hispida,117.0,0.0,0.0,0.0,0.0,0.0,0.0,0.0,0.0,0.0,0.0,10.0,
THEN,R10,2010,THEN_10R,Restored,Clerodendrum infortunatum,17.0,0.0,0.0,0.0,0.0,0.0,0.0,0.0,0.0,0.0,0.0,4.0,
THEN,R10,2010,THEN_10R,Restored,Clerodendrum infortunatum,21.0,0.0,0.0,0.0,0.0,0.0,0.0,0.0,0.0,0.0,0.0,4.0,
THEN,R10,2010,THEN_10R,Restored,Litsea floribunda,10.0,0.0,0.0,0.0,0.0,0.0,0.0,0.0,0.0,0.0,0.0,3.0,
THEN,R10,2010,THEN_10R,Restored,Maesa indica,14.0,0.0,0.0,0.0,0.0,0.0,0.0,0.0,0.0,0.0,0.0,3.5,
THEN,R10,2010,THEN_10R,Restored,Clerodendrum infortunatum,14.0,0.0,0.0,0.0,0.0,0.0,0.0,0.0,0.0,0.0,0.0,3.5,
THEN,R10,2010,THEN_10U,Unrestored,Maesopsis eminii,29.0,31.0,0.0,0.0,0.0,0.0,0.0,0.0,0.0,0.0,0.0,,corrected: cut
THEN,R10,2010,THEN_10U,Unrestored,Meliosma pinnata,71.0,0.0,0.0,0.0,0.0,0.0,0.0,0.0,0.0,0.0,0.0,12.0,
THEN,R10,2010,THEN_10U,Unrestored,Maesa indica,16.0,0.0,0.0,0.0,0.0,0.0,0.0,0.0,0.0,0.0,0.0,6.5,
THEN,R10,2010,THEN_10U,Unrestored,Clerodendrum infortunatum,26.0,0.0,0.0,0.0,0.0,0.0,0.0,0.0,0.0,0.0,0.0,6.0,
THEN,R10,2010,THEN_10U,Unrestored,Maesopsis eminii,12.0,11.0,0.0,0.0,0.0,0.0,0.0,0.0,0.0,0.0,0.0,7.5,
THEN,R10,2010,THEN_10U,Unrestored,Clerodendrum infortunatum,20.0,0.0,0.0,0.0,0.0,0.0,0.0,0.0,0.0,0.0,0.0,5.0,
THEN,R10,2010,THEN_10U,Unrestored,Maesopsis eminii,26.0,0.0,0.0,0.0,0.0,0.0,0.0,0.0,0.0,0.0,0.0,,corrected: cut
THEN,R10,2010,THEN_10U,Unrestored,Maesopsis eminii,31.0,0.0,0.0,0.0,0.0,0.0,0.0,0.0,0.0,0.0,0.0,,corrected: cut
THEN,R10,2010,THEN_10U,Unrestored,Clerodendrum infortunatum,37.0,0.0,0.0,0.0,0.0,0.0,0.0,0.0,0.0,0.0,0.0,6.0,
THEN,R10,2010,THEN_10U,Unrestored,Maesa indica,14.0,0.0,0.0,0.0,0.0,0.0,0.0,0.0,0.0,0.0,0.0,5.0,
THEN,R10,2010,THEN_10U,Unrestored,Maesopsis eminii,25.0,0.0,0.0,0.0,0.0,0.0,0.0,0.0,0.0,0.0,0.0,,corrected: cut
THEN,R10,2010,THEN_10U,Unrestored,Clerodendrum infortunatum,32.0,0.0,0.0,0.0,0.0,0.0,0.0,0.0,0.0,0.0,0.0,6.0,
THEN,R10,2010,THEN_10U,Unrestored,Clerodendrum infortunatum,29.0,0.0,0.0,0.0,0.0,0.0,0.0,0.0,0.0,0.0,0.0,6.0,
THEN,R10,2010,THEN_10U,Unrestored,Apollonias arnottii,32.0,0.0,0.0,0.0,0.0,0.0,0.0,0.0,0.0,0.0,0.0,6.5,
THEN,R10,2010,THEN_10U,Unrestored,Clerodendrum infortunatum,24.0,0.0,0.0,0.0,0.0,0.0,0.0,0.0,0.0,0.0,0.0,6.5,
THEN,R10,2010,THEN_10U,Unrestored,Maesa indica,15.0,0.0,0.0,0.0,0.0,0.0,0.0,0.0,0.0,0.0,0.0,6.0,
THEN,R10,2010,THEN_10U,Unrestored,Clerodendrum infortunatum,23.0,0.0,0.0,0.0,0.0,0.0,0.0,0.0,0.0,0.0,0.0,6.0,
THEN,R10,2010,THEN_10U,Unrestored,Clerodendrum infortunatum,20.0,0.0,0.0,0.0,0.0,0.0,0.0,0.0,0.0,0.0,0.0,5.5,
THEN,R10,2010,THEN_10U,Unrestored,Maesa indica,27.0,0.0,0.0,0.0,0.0,0.0,0.0,0.0,0.0,0.0,0.0,5.0,
THEN,R10,2010,THEN_10U,Unrestored,Clerodendrum infortunatum,28.0,0.0,0.0,0.0,0.0,0.0,0.0,0.0,0.0,0.0,0.0,6.5,
THEN,R10,2010,THEN_10U,Unrestored,Clerodendrum infortunatum,18.0,0.0,0.0,0.0,0.0,0.0,0.0,0.0,0.0,0.0,0.0,5.0,
THEN,R10,2010,THEN_10U,Unrestored,Maesa indica,23.0,0.0,0.0,0.0,0.0,0.0,0.0,0.0,0.0,0.0,0.0,5.5,
THEN,R10,2010,THEN_10U,Unrestored,Maesopsis eminii,21.0,0.0,0.0,0.0,0.0,0.0,0.0,0.0,0.0,0.0,0.0,,corrected: cut
THEN,R10,2010,THEN_10U,Unrestored,Clerodendrum infortunatum,16.0,0.0,0.0,0.0,0.0,0.0,0.0,0.0,0.0,0.0,0.0,5.0,
THEN,R10,2010,THEN_10U,Unrestored,Clerodendrum infortunatum,32.0,0.0,0.0,0.0,0.0,0.0,0.0,0.0,0.0,0.0,0.0,5.5,
THEN,R10,2010,THEN_10U,Unrestored,Clerodendrum infortunatum,10.0,0.0,0.0,0.0,0.0,0.0,0.0,0.0,0.0,0.0,0.0,4.5,
THEN,R10,2010,THEN_10U,Unrestored,Clerodendrum infortunatum,11.0,0.0,0.0,0.0,0.0,0.0,0.0,0.0,0.0,0.0,0.0,4.5,
THEN,R10,2010,THEN_10U,Unrestored,Clerodendrum infortunatum,10.0,0.0,0.0,0.0,0.0,0.0,0.0,0.0,0.0,0.0,0.0,3.5,
THEN,R10,2010,THEN_10U,Unrestored,Clerodendrum infortunatum,14.0,0.0,0.0,0.0,0.0,0.0,0.0,0.0,0.0,0.0,0.0,4.5,
THEN,R10,2010,THEN_10U,Unrestored,Clerodendrum infortunatum,15.0,0.0,0.0,0.0,0.0,0.0,0.0,0.0,0.0,0.0,0.0,4.0,
THEN,R10,2010,THEN_10U,Unrestored,Clerodendrum infortunatum,20.0,0.0,0.0,0.0,0.0,0.0,0.0,0.0,0.0,0.0,0.0,4.0,
THEN,R10,2010,THEN_10U,Unrestored,Clerodendrum infortunatum,14.0,0.0,0.0,0.0,0.0,0.0,0.0,0.0,0.0,0.0,0.0,4.5,
THEN,R10,2010,THEN_10U,Unrestored,Clerodendrum infortunatum,11.0,0.0,0.0,0.0,0.0,0.0,0.0,0.0,0.0,0.0,0.0,3.0,
THEN,R10,2010,THEN_10U,Unrestored,Clerodendrum infortunatum,11.0,0.0,0.0,0.0,0.0,0.0,0.0,0.0,0.0,0.0,0.0,2.5,
THEN,R10,2010,THEN_10U,Unrestored,Clerodendrum infortunatum,24.0,0.0,0.0,0.0,0.0,0.0,0.0,0.0,0.0,0.0,0.0,4.5,
THEN,R10,2010,THEN_10U,Unrestored,Clerodendrum infortunatum,10.0,0.0,0.0,0.0,0.0,0.0,0.0,0.0,0.0,0.0,0.0,3.5,
THEN,R10,2010,THEN_10U,Unrestored,Clerodendrum infortunatum,30.0,0.0,0.0,0.0,0.0,0.0,0.0,0.0,0.0,0.0,0.0,6.5,
THEN,R10,2010,THEN_10U,Unrestored,Litsea floribunda,21.0,0.0,0.0,0.0,0.0,0.0,0.0,0.0,0.0,0.0,0.0,7.0,
THEN,R10,2010,THEN_10U,Unrestored,Clerodendrum infortunatum,25.0,0.0,0.0,0.0,0.0,0.0,0.0,0.0,0.0,0.0,0.0,6.0,
THEN,R10,2010,THEN_10U,Unrestored,Clerodendrum infortunatum,11.0,0.0,0.0,0.0,0.0,0.0,0.0,0.0,0.0,0.0,0.0,4.0,
THEN,R10,2010,THEN_10U,Unrestored,Actinodaphne malabaricum,10.0,0.0,0.0,0.0,0.0,0.0,0.0,0.0,0.0,0.0,0.0,4.0,
THEN,R10,2010,THEN_10U,Unrestored,Clerodendrum infortunatum,19.0,0.0,0.0,0.0,0.0,0.0,0.0,0.0,0.0,0.0,0.0,4.5,
THEN,R10,2010,THEN_10U,Unrestored,Clerodendrum infortunatum,13.0,0.0,0.0,0.0,0.0,0.0,0.0,0.0,0.0,0.0,0.0,4.5,
THEN,R10,2010,THEN_10U,Unrestored,Clerodendrum infortunatum,16.0,0.0,0.0,0.0,0.0,0.0,0.0,0.0,0.0,0.0,0.0,3.0,
THEN,R10,2010,THEN_10U,Unrestored,Litsea floribunda,25.0,25.0,0.0,0.0,0.0,0.0,0.0,0.0,0.0,0.0,0.0,7.0,
THEN,R10,2010,THEN_10U,Unrestored,Callicarpa tomentosa,53.0,0.0,0.0,0.0,0.0,0.0,0.0,0.0,0.0,0.0,0.0,7.5,
THEN,R10,2010,THEN_10U,Unrestored,Clerodendrum infortunatum,15.0,0.0,0.0,0.0,0.0,0.0,0.0,0.0,0.0,0.0,0.0,3.0,
THEN,R10,2010,THEN_10U,Unrestored,Litsea floribunda,20.0,0.0,0.0,0.0,0.0,0.0,0.0,0.0,0.0,0.0,0.0,7.0,
HP37,B1,,HP37_P1B,Benchmark,Dimocarpus longan,185.0,0.0,0.0,0.0,0.0,0.0,0.0,0.0,0.0,0.0,0.0,20.5,
HP37,B1,,HP37_P1B,Benchmark,Gomphandra coriacea,58.0,0.0,0.0,0.0,0.0,0.0,0.0,0.0,0.0,0.0,0.0,10.0,
HP37,B1,,HP37_P1B,Benchmark,Ardisia pauciflora,29.0,20.0,0.0,0.0,0.0,0.0,0.0,0.0,0.0,0.0,0.0,8.0,
VART3,VART3,2010,VAR3_10R,Restored,Maesopsis eminii,23.0,0.0,0.0,0.0,0.0,0.0,0.0,0.0,0.0,0.0,0.0,,corrected: cut
HP37,B1,,HP37_P1B,Benchmark,Diospyros sylvatica,12.0,0.0,0.0,0.0,0.0,0.0,0.0,0.0,0.0,0.0,0.0,4.5,
HP37,B1,,HP37_P1B,Benchmark,Ardisia pauciflora,19.0,0.0,0.0,0.0,0.0,0.0,0.0,0.0,0.0,0.0,0.0,5.5,
HP37,B1,,HP37_P1B,Benchmark,Nageia wallichiana,15.0,0.0,0.0,0.0,0.0,0.0,0.0,0.0,0.0,0.0,0.0,4.5,
HP37,B1,,HP37_P1B,Benchmark,Unidentified,14.0,0.0,0.0,0.0,0.0,0.0,0.0,0.0,0.0,0.0,0.0,5.0,
HP37,B1,,HP37_P1B,Benchmark,Ixora nigricans,13.0,0.0,0.0,0.0,0.0,0.0,0.0,0.0,0.0,0.0,0.0,4.5,
HP37,B1,,HP37_P1B,Benchmark,Agrostistachys indica,13.0,0.0,0.0,0.0,0.0,0.0,0.0,0.0,0.0,0.0,0.0,4.0,
HP37,B1,,HP37_P1B,Benchmark,Bhesa indica,33.0,0.0,0.0,0.0,0.0,0.0,0.0,0.0,0.0,0.0,0.0,10.0,
HP37,B1,,HP37_P1B,Benchmark,Clerodendrum infortunatum,10.0,0.0,0.0,0.0,0.0,0.0,0.0,0.0,0.0,0.0,0.0,8.0,
HP37,B1,,HP37_P1B,Benchmark,Cryptocarya wightii,13.0,0.0,0.0,0.0,0.0,0.0,0.0,0.0,0.0,0.0,0.0,4.5,
HP37,B1,,HP37_P1B,Benchmark,Aglaia simplicifolia,16.0,0.0,0.0,0.0,0.0,0.0,0.0,0.0,0.0,0.0,0.0,5.0,
HP37,B1,,HP37_P1B,Benchmark,Bhesa indica,21.0,0.0,0.0,0.0,0.0,0.0,0.0,0.0,0.0,0.0,0.0,8.0,
HP37,B1,,HP37_P1B,Benchmark,Litsea udayanii,13.0,0.0,0.0,0.0,0.0,0.0,0.0,0.0,0.0,0.0,0.0,5.5,
HP37,B1,,HP37_P1B,Benchmark,Cryptocarya wightii,11.0,0.0,0.0,0.0,0.0,0.0,0.0,0.0,0.0,0.0,0.0,5.0,
HP37,B1,,HP37_P1B,Benchmark,Villebrunea integrifolia,47.0,0.0,0.0,0.0,0.0,0.0,0.0,0.0,0.0,0.0,0.0,10.0,
HP37,B1,,HP37_P1B,Benchmark,Gomphandra coriacea,59.0,0.0,0.0,0.0,0.0,0.0,0.0,0.0,0.0,0.0,0.0,9.0,
HP37,B1,,HP37_P1B,Benchmark,Cryptocarya wightii,15.0,0.0,0.0,0.0,0.0,0.0,0.0,0.0,0.0,0.0,0.0,6.0,
HP37,B1,,HP37_P1B,Benchmark,Clerodendrum infortunatum,13.0,0.0,0.0,0.0,0.0,0.0,0.0,0.0,0.0,0.0,0.0,6.5,
HP37,B1,,HP37_P1B,Benchmark,Ormosia travancorica,12.0,0.0,0.0,0.0,0.0,0.0,0.0,0.0,0.0,0.0,0.0,6.5,
HP37,B1,,HP37_P1B,Benchmark,Diospyros sylvatica,27.0,0.0,0.0,0.0,0.0,0.0,0.0,0.0,0.0,0.0,0.0,8.0,
HP37,B1,,HP37_P1B,Benchmark,Gomphandra coriacea,86.0,0.0,0.0,0.0,0.0,0.0,0.0,0.0,0.0,0.0,0.0,11.0,
HP37,B1,,HP37_P1B,Benchmark,Bhesa indica,52.0,0.0,0.0,0.0,0.0,0.0,0.0,0.0,0.0,0.0,0.0,15.0,
HP37,B1,,HP37_P1B,Benchmark,Pseudoglochidion anamalayanum,15.0,0.0,0.0,0.0,0.0,0.0,0.0,0.0,0.0,0.0,0.0,4.5,
HP37,B1,,HP37_P1B,Benchmark,Litsea floribunda,12.0,0.0,0.0,0.0,0.0,0.0,0.0,0.0,0.0,0.0,0.0,5.5,
HP37,B1,,HP37_P1B,Benchmark,Antidesma menausa,37.0,0.0,0.0,0.0,0.0,0.0,0.0,0.0,0.0,0.0,0.0,7.5,
HP37,B1,,HP37_P1B,Benchmark,Dimocarpus longan,225.0,0.0,0.0,0.0,0.0,0.0,0.0,0.0,0.0,0.0,0.0,23.0,
HP37,B1,,HP37_P1B,Benchmark,Litsea bourdillonii,33.0,0.0,0.0,0.0,0.0,0.0,0.0,0.0,0.0,0.0,0.0,6.0,
HP37,B1,,HP37_P1B,Benchmark,Ardisia pauciflora,23.0,0.0,0.0,0.0,0.0,0.0,0.0,0.0,0.0,0.0,0.0,7.0,
HP37,B1,,HP37_P1B,Benchmark,Ardisia pauciflora,10.0,0.0,0.0,0.0,0.0,0.0,0.0,0.0,0.0,0.0,0.0,3.0,
HP37,B1,,HP37_P1B,Benchmark,Agrostistachys indica,14.0,0.0,0.0,0.0,0.0,0.0,0.0,0.0,0.0,0.0,0.0,6.0,
HP37,B1,,HP37_P1B,Benchmark,Litsea stocksii,26.0,0.0,0.0,0.0,0.0,0.0,0.0,0.0,0.0,0.0,0.0,9.0,
HP37,B1,,HP37_P1B,Benchmark,Cryptocarya wightii,13.0,0.0,0.0,0.0,0.0,0.0,0.0,0.0,0.0,0.0,0.0,3.0,
HP37,B1,,HP37_P1B,Benchmark,Ardisia pauciflora,19.0,0.0,0.0,0.0,0.0,0.0,0.0,0.0,0.0,0.0,0.0,6.0,
HP37,B1,,HP37_P1B,Benchmark,Aphanamixis polystachya,14.0,0.0,0.0,0.0,0.0,0.0,0.0,0.0,0.0,0.0,0.0,4.5,
HP37,B1,,HP37_P1B,Benchmark,Litsea oleiodes,18.0,0.0,0.0,0.0,0.0,0.0,0.0,0.0,0.0,0.0,0.0,9.0,
HP37,B1,,HP37_P1B,Benchmark,Nageia wallichiana,11.0,0.0,0.0,0.0,0.0,0.0,0.0,0.0,0.0,0.0,0.0,3.5,
HP37,B1,,HP37_P1B,Benchmark,Mesua ferrea,185.0,0.0,0.0,0.0,0.0,0.0,0.0,0.0,0.0,0.0,0.0,27.0,
HP37,B1,,HP37_P1B,Benchmark,Litsea bourdillonii,11.0,0.0,0.0,0.0,0.0,0.0,0.0,0.0,0.0,0.0,0.0,6.0,
HP37,B1,,HP37_P1B,Benchmark,Antidesma menausa,17.0,0.0,0.0,0.0,0.0,0.0,0.0,0.0,0.0,0.0,0.0,11.5,
HP37,B1,,HP37_P1B,Benchmark,Artocarpus heterophyllus,13.0,0.0,0.0,0.0,0.0,0.0,0.0,0.0,0.0,0.0,0.0,6.0,
HP37,B1,,HP37_P1B,Benchmark,Garcinia morella,19.0,0.0,0.0,0.0,0.0,0.0,0.0,0.0,0.0,0.0,0.0,3.5,
HP37,B1,,HP37_P1B,Benchmark,Antidesma menausa,68.0,33.0,0.0,0.0,0.0,0.0,0.0,0.0,0.0,0.0,0.0,8.5,
HP37,B1,,HP37_P1B,Benchmark,Myristica dactyloides,173.0,0.0,0.0,0.0,0.0,0.0,0.0,0.0,0.0,0.0,0.0,23.0,
HP37,B1,,HP37_P1B,Benchmark,Actinodaphne bourdillonii,15.0,0.0,0.0,0.0,0.0,0.0,0.0,0.0,0.0,0.0,0.0,7.0,
HP37,B1,,HP37_P1B,Benchmark,Holigarna nigra,195.0,0.0,0.0,0.0,0.0,0.0,0.0,0.0,0.0,0.0,0.0,25.0,
HP37,B1,,HP37_P1B,Benchmark,Casearia rubescens,13.0,0.0,0.0,0.0,0.0,0.0,0.0,0.0,0.0,0.0,0.0,6.5,
HP37,B1,,HP37_P1B,Benchmark,Holigarna nigra,11.0,0.0,0.0,0.0,0.0,0.0,0.0,0.0,0.0,0.0,0.0,3.5,
HP37,B1,,HP37_P1B,Benchmark,Mesua ferrea,182.0,0.0,0.0,0.0,0.0,0.0,0.0,0.0,0.0,0.0,0.0,25.0,
HP37,B1,,HP37_P1B,Benchmark,Syzygium gardneri,345.0,0.0,0.0,0.0,0.0,0.0,0.0,0.0,0.0,0.0,0.0,30.0,
HP37,B1,,HP37_P1B,Benchmark,Clerodendrum infortunatum,18.0,0.0,0.0,0.0,0.0,0.0,0.0,0.0,0.0,0.0,0.0,6.0,
HP37,B1,,HP37_P1B,Benchmark,Syzygium hemisphericum,20.0,0.0,0.0,0.0,0.0,0.0,0.0,0.0,0.0,0.0,0.0,8.0,
HP37,B1,,HP37_P1B,Benchmark,Syzygium hemisphericum,21.0,0.0,0.0,0.0,0.0,0.0,0.0,0.0,0.0,0.0,0.0,8.5,
HP37,B1,,HP37_P1B,Benchmark,Bhesa indica,193.0,0.0,0.0,0.0,0.0,0.0,0.0,0.0,0.0,0.0,0.0,26.0,
HP37,B1,,HP37_P1B,Benchmark,Pseudoglochidion anamalayanum,36.0,0.0,0.0,0.0,0.0,0.0,0.0,0.0,0.0,0.0,0.0,8.0,
HP37,B1,,HP37_P1B,Benchmark,Clerodendrum infortunatum,21.0,0.0,0.0,0.0,0.0,0.0,0.0,0.0,0.0,0.0,0.0,8.5,
HP37,B1,,HP37_P1B,Benchmark,Meiogyne pannosa,18.0,0.0,0.0,0.0,0.0,0.0,0.0,0.0,0.0,0.0,0.0,5.0,
HP37,B1,,HP37_P1B,Benchmark,Syzygium hemisphericum,36.0,0.0,0.0,0.0,0.0,0.0,0.0,0.0,0.0,0.0,0.0,7.5,
HP37,B1,,HP37_P1B,Benchmark,Antidesma menausa,30.0,0.0,0.0,0.0,0.0,0.0,0.0,0.0,0.0,0.0,0.0,6.0,
HP37,B1,,HP37_P1B,Benchmark,Villebrunea integrifolia,31.0,0.0,0.0,0.0,0.0,0.0,0.0,0.0,0.0,0.0,0.0,8.5,
HP37,B1,,HP37_P1B,Benchmark,Clerodendrum infortunatum,36.0,0.0,0.0,0.0,0.0,0.0,0.0,0.0,0.0,0.0,0.0,7.5,
HP37,B1,,HP37_P1B,Benchmark,Aphanamixis polystachya,12.0,0.0,0.0,0.0,0.0,0.0,0.0,0.0,0.0,0.0,0.0,6.0,
HP37,B2,,HP37_P2B,Benchmark,Thottea siliquosa,17.0,0.0,0.0,0.0,0.0,0.0,0.0,0.0,0.0,0.0,0.0,6.5,
HP37,B2,,HP37_P2B,Benchmark,Mesua ferrea,14.0,0.0,0.0,0.0,0.0,0.0,0.0,0.0,0.0,0.0,0.0,6.0,
HP37,B2,,HP37_P2B,Benchmark,Villebrunea integrifolia,86.0,0.0,0.0,0.0,0.0,0.0,0.0,0.0,0.0,0.0,0.0,11.0,
HP37,B2,,HP37_P2B,Benchmark,Villebrunea integrifolia,62.0,0.0,0.0,0.0,0.0,0.0,0.0,0.0,0.0,0.0,0.0,11.0,
HP37,B2,,HP37_P2B,Benchmark,Mesua ferrea,10.0,0.0,0.0,0.0,0.0,0.0,0.0,0.0,0.0,0.0,0.0,4.5,
HP37,B2,,HP37_P2B,Benchmark,Ardisia pauciflora,13.0,0.0,0.0,0.0,0.0,0.0,0.0,0.0,0.0,0.0,0.0,5.5,
HP37,B2,,HP37_P2B,Benchmark,Litsea udayanii,13.0,0.0,0.0,0.0,0.0,0.0,0.0,0.0,0.0,0.0,0.0,5.0,
HP37,B2,,HP37_P2B,Benchmark,Psychotria anamallayana,16.0,0.0,0.0,0.0,0.0,0.0,0.0,0.0,0.0,0.0,0.0,4.0,
HP37,B2,,HP37_P2B,Benchmark,Dimocarpus longan,15.0,0.0,0.0,0.0,0.0,0.0,0.0,0.0,0.0,0.0,0.0,7.0,
HP37,B2,,HP37_P2B,Benchmark,Cullenia exarillata,10.0,0.0,0.0,0.0,0.0,0.0,0.0,0.0,0.0,0.0,0.0,4.5,
HP37,B2,,HP37_P2B,Benchmark,Macaranga indica,123.0,0.0,0.0,0.0,0.0,0.0,0.0,0.0,0.0,0.0,0.0,16.0,
HP37,B2,,HP37_P2B,Benchmark,Antidesma menausa,36.0,0.0,0.0,0.0,0.0,0.0,0.0,0.0,0.0,0.0,0.0,10.0,
HP37,B2,,HP37_P2B,Benchmark,Ardisia pauciflora,15.0,0.0,0.0,0.0,0.0,0.0,0.0,0.0,0.0,0.0,0.0,6.0,
HP37,B2,,HP37_P2B,Benchmark,Litsea udayanii,15.0,0.0,0.0,0.0,0.0,0.0,0.0,0.0,0.0,0.0,0.0,6.5,
HP37,B2,,HP37_P2B,Benchmark,Gomphandra coriacea,105.0,0.0,0.0,0.0,0.0,0.0,0.0,0.0,0.0,0.0,0.0,8.0,
HP37,B2,,HP37_P2B,Benchmark,Litsea floribunda,29.0,0.0,0.0,0.0,0.0,0.0,0.0,0.0,0.0,0.0,0.0,8.5,
HP37,B2,,HP37_P2B,Benchmark,Nothopegia beddomei,41.0,0.0,0.0,0.0,0.0,0.0,0.0,0.0,0.0,0.0,0.0,6.0,
HP37,B2,,HP37_P2B,Benchmark,Villebrunea integrifolia,55.0,0.0,0.0,0.0,0.0,0.0,0.0,0.0,0.0,0.0,0.0,8.5,
HP37,B2,,HP37_P2B,Benchmark,Villebrunea integrifolia,50.0,0.0,0.0,0.0,0.0,0.0,0.0,0.0,0.0,0.0,0.0,8.5,
HP37,B2,,HP37_P2B,Benchmark,Gomphandra coriacea,37.0,0.0,0.0,0.0,0.0,0.0,0.0,0.0,0.0,0.0,0.0,9.5,
HP37,B2,,HP37_P2B,Benchmark,Myristica dactyloides,170.0,0.0,0.0,0.0,0.0,0.0,0.0,0.0,0.0,0.0,0.0,23.0,
HP37,B2,,HP37_P2B,Benchmark,Antidesma menausa,73.0,0.0,0.0,0.0,0.0,0.0,0.0,0.0,0.0,0.0,0.0,8.0,
HP37,B2,,HP37_P2B,Benchmark,Epiprinus mallotiformis,32.0,0.0,0.0,0.0,0.0,0.0,0.0,0.0,0.0,0.0,0.0,4.5,
HP37,B2,,HP37_P2B,Benchmark,Litsea stocksii,23.0,0.0,0.0,0.0,0.0,0.0,0.0,0.0,0.0,0.0,0.0,8.5,
HP37,B2,,HP37_P2B,Benchmark,Villebrunea integrifolia,57.0,0.0,0.0,0.0,0.0,0.0,0.0,0.0,0.0,0.0,0.0,9.5,
HP37,B2,,HP37_P2B,Benchmark,Pseudoglochidion anamalayanum,16.0,0.0,0.0,0.0,0.0,0.0,0.0,0.0,0.0,0.0,0.0,3.0,
HP37,B2,,HP37_P2B,Benchmark,Pseudoglochidion anamalayanum,49.0,0.0,0.0,0.0,0.0,0.0,0.0,0.0,0.0,0.0,0.0,8.5,
HP37,B2,,HP37_P2B,Benchmark,Cullenia exarillata,325.0,0.0,0.0,0.0,0.0,0.0,0.0,0.0,0.0,0.0,0.0,28.0,
HP37,B2,,HP37_P2B,Benchmark,Mastixia arborea,28.0,0.0,0.0,0.0,0.0,0.0,0.0,0.0,0.0,0.0,0.0,7.0,
HP37,B2,,HP37_P2B,Benchmark,Litsea udayanii,12.0,0.0,0.0,0.0,0.0,0.0,0.0,0.0,0.0,0.0,0.0,4.5,
HP37,B2,,HP37_P2B,Benchmark,Litsea udayanii,15.0,0.0,0.0,0.0,0.0,0.0,0.0,0.0,0.0,0.0,0.0,5.0,
HP37,B2,,HP37_P2B,Benchmark,Clerodendrum infortunatum,13.0,0.0,0.0,0.0,0.0,0.0,0.0,0.0,0.0,0.0,0.0,6.0,
HP37,B2,,HP37_P2B,Benchmark,Ardisia pauciflora,16.0,0.0,0.0,0.0,0.0,0.0,0.0,0.0,0.0,0.0,0.0,4.0,
HP37,B2,,HP37_P2B,Benchmark,Ardisia pauciflora,20.0,0.0,0.0,0.0,0.0,0.0,0.0,0.0,0.0,0.0,0.0,7.0,
HP37,B2,,HP37_P2B,Benchmark,Ardisia pauciflora,14.0,0.0,0.0,0.0,0.0,0.0,0.0,0.0,0.0,0.0,0.0,5.0,
HP37,B2,,HP37_P2B,Benchmark,Dimocarpus longan,34.0,26.0,0.0,0.0,0.0,0.0,0.0,0.0,0.0,0.0,0.0,9.5,
HP37,B2,,HP37_P2B,Benchmark,Cryptocarya wightii,24.0,0.0,0.0,0.0,0.0,0.0,0.0,0.0,0.0,0.0,0.0,5.5,
HP37,B2,,HP37_P2B,Benchmark,Atalantia wightii,13.0,0.0,0.0,0.0,0.0,0.0,0.0,0.0,0.0,0.0,0.0,2.5,
HP37,B2,,HP37_P2B,Benchmark,Pseudoglochidion anamalayanum,26.0,27.0,0.0,0.0,0.0,0.0,0.0,0.0,0.0,0.0,0.0,6.5,
HP37,B2,,HP37_P2B,Benchmark,Meiogyne pannosa,17.0,0.0,0.0,0.0,0.0,0.0,0.0,0.0,0.0,0.0,0.0,2.5,
HP37,B2,,HP37_P2B,Benchmark,Litsea bourdillonii,26.0,27.0,0.0,0.0,0.0,0.0,0.0,0.0,0.0,0.0,0.0,5.0,
HP37,B3,,HP37_P3B,Benchmark,Symplocos sp.,11.0,0.0,0.0,0.0,0.0,0.0,0.0,0.0,0.0,0.0,0.0,5.0,
HP37,B3,,HP37_P3B,Benchmark,Litsea floribunda,10.0,0.0,0.0,0.0,0.0,0.0,0.0,0.0,0.0,0.0,0.0,4.5,
HP37,B3,,HP37_P3B,Benchmark,Cullenia exarillata,71.0,0.0,0.0,0.0,0.0,0.0,0.0,0.0,0.0,0.0,0.0,19.0,
HP37,B3,,HP37_P3B,Benchmark,Cullenia exarillata,17.0,0.0,0.0,0.0,0.0,0.0,0.0,0.0,0.0,0.0,0.0,5.0,
HP37,B3,,HP37_P3B,Benchmark,Litsea stocksii,13.0,0.0,0.0,0.0,0.0,0.0,0.0,0.0,0.0,0.0,0.0,6.0,
HP37,B3,,HP37_P3B,Benchmark,Apollonias arnottii,12.0,0.0,0.0,0.0,0.0,0.0,0.0,0.0,0.0,0.0,0.0,5.0,
HP37,B3,,HP37_P3B,Benchmark,Diospyros sylvatica,127.0,0.0,0.0,0.0,0.0,0.0,0.0,0.0,0.0,0.0,0.0,19.5,
HP37,B3,,HP37_P3B,Benchmark,Litsea floribunda,10.0,0.0,0.0,0.0,0.0,0.0,0.0,0.0,0.0,0.0,0.0,5.0,
HP37,B3,,HP37_P3B,Benchmark,Cullenia exarillata,59.0,0.0,0.0,0.0,0.0,0.0,0.0,0.0,0.0,0.0,0.0,11.0,
HP37,B3,,HP37_P3B,Benchmark,Gomphandra coriacea,87.0,0.0,0.0,0.0,0.0,0.0,0.0,0.0,0.0,0.0,0.0,12.5,
HP37,B3,,HP37_P3B,Benchmark,Litsea floribunda,13.0,0.0,0.0,0.0,0.0,0.0,0.0,0.0,0.0,0.0,0.0,6.5,
HP37,B3,,HP37_P3B,Benchmark,Litsea floribunda,13.0,0.0,0.0,0.0,0.0,0.0,0.0,0.0,0.0,0.0,0.0,5.5,
HP37,B3,,HP37_P3B,Benchmark,Cinnamomum malabathrum,12.0,0.0,0.0,0.0,0.0,0.0,0.0,0.0,0.0,0.0,0.0,6.0,
HP37,B3,,HP37_P3B,Benchmark,Syzygium densiflorum,10.0,0.0,0.0,0.0,0.0,0.0,0.0,0.0,0.0,0.0,0.0,3.0,
HP37,B3,,HP37_P3B,Benchmark,Cullenia exarillata,167.0,0.0,0.0,0.0,0.0,0.0,0.0,0.0,0.0,0.0,0.0,21.0,
HP37,B3,,HP37_P3B,Benchmark,Garcinia morella,18.0,0.0,0.0,0.0,0.0,0.0,0.0,0.0,0.0,0.0,0.0,4.5,
HP37,B3,,HP37_P3B,Benchmark,Murraya paniculata,10.0,0.0,0.0,0.0,0.0,0.0,0.0,0.0,0.0,0.0,0.0,5.0,
HP37,B3,,HP37_P3B,Benchmark,Litsea stocksii,15.0,0.0,0.0,0.0,0.0,0.0,0.0,0.0,0.0,0.0,0.0,6.5,
HP37,B3,,HP37_P3B,Benchmark,Heritiera papilio,10.0,0.0,0.0,0.0,0.0,0.0,0.0,0.0,0.0,0.0,0.0,5.0,
HP37,B3,,HP37_P3B,Benchmark,Syzygium densiflorum,10.0,0.0,0.0,0.0,0.0,0.0,0.0,0.0,0.0,0.0,0.0,5.0,
HP37,B3,,HP37_P3B,Benchmark,Litsea udayanii,10.0,0.0,0.0,0.0,0.0,0.0,0.0,0.0,0.0,0.0,0.0,5.5,
HP37,B3,,HP37_P3B,Benchmark,Litsea udayanii,11.0,0.0,0.0,0.0,0.0,0.0,0.0,0.0,0.0,0.0,0.0,5.5,
HP37,B3,,HP37_P3B,Benchmark,Aglaia simplicifolia,21.0,0.0,0.0,0.0,0.0,0.0,0.0,0.0,0.0,0.0,0.0,6.0,
HP37,B3,,HP37_P3B,Benchmark,Aglaia simplicifolia,12.0,0.0,0.0,0.0,0.0,0.0,0.0,0.0,0.0,0.0,0.0,5.0,
HP37,B3,,HP37_P3B,Benchmark,Actinodaphne malabaricum,13.0,0.0,0.0,0.0,0.0,0.0,0.0,0.0,0.0,0.0,0.0,6.0,
HP37,B3,,HP37_P3B,Benchmark,Mesua ferrea,11.0,0.0,0.0,0.0,0.0,0.0,0.0,0.0,0.0,0.0,0.0,5.0,
HP37,B3,,HP37_P3B,Benchmark,Litsea stocksii,13.0,0.0,0.0,0.0,0.0,0.0,0.0,0.0,0.0,0.0,0.0,6.5,
HP37,B3,,HP37_P3B,Benchmark,Unidentified,12.0,0.0,0.0,0.0,0.0,0.0,0.0,0.0,0.0,0.0,0.0,3.0,
HP37,B3,,HP37_P3B,Benchmark,Unidentified,11.0,0.0,0.0,0.0,0.0,0.0,0.0,0.0,0.0,0.0,0.0,6.0,
HP37,B3,,HP37_P3B,Benchmark,Litsea floribunda,10.0,0.0,0.0,0.0,0.0,0.0,0.0,0.0,0.0,0.0,0.0,5.5,
HP37,B3,,HP37_P3B,Benchmark,Litsea stocksii,15.0,0.0,0.0,0.0,0.0,0.0,0.0,0.0,0.0,0.0,0.0,7.0,
HP37,B3,,HP37_P3B,Benchmark,Litsea udayanii,12.0,0.0,0.0,0.0,0.0,0.0,0.0,0.0,0.0,0.0,0.0,6.5,
HP37,B3,,HP37_P3B,Benchmark,Drypetes wightii,11.0,0.0,0.0,0.0,0.0,0.0,0.0,0.0,0.0,0.0,0.0,4.5,
HP37,B3,,HP37_P3B,Benchmark,Phoebe lanceolata,15.0,13.0,0.0,0.0,0.0,0.0,0.0,0.0,0.0,0.0,0.0,7.0,
HP37,B3,,HP37_P3B,Benchmark,Cullenia exarillata,235.0,0.0,0.0,0.0,0.0,0.0,0.0,0.0,0.0,0.0,0.0,25.0,
HP37,B3,,HP37_P3B,Benchmark,Litsea udayanii,16.0,0.0,0.0,0.0,0.0,0.0,0.0,0.0,0.0,0.0,0.0,7.0,
HP37,B3,,HP37_P3B,Benchmark,Mastixia arborea,10.0,0.0,0.0,0.0,0.0,0.0,0.0,0.0,0.0,0.0,0.0,5.0,
HP37,B3,,HP37_P3B,Benchmark,Symplocos sp.,14.0,0.0,0.0,0.0,0.0,0.0,0.0,0.0,0.0,0.0,0.0,6.0,
HP37,B3,,HP37_P3B,Benchmark,Agrostistachys borneansis,92.0,0.0,0.0,0.0,0.0,0.0,0.0,0.0,0.0,0.0,0.0,15.0,
HP37,B3,,HP37_P3B,Benchmark,Cryptocarya wightii,10.0,0.0,0.0,0.0,0.0,0.0,0.0,0.0,0.0,0.0,0.0,5.5,
HP37,B3,,HP37_P3B,Benchmark,Litsea floribunda,12.0,0.0,0.0,0.0,0.0,0.0,0.0,0.0,0.0,0.0,0.0,6.0,
HP37,B3,,HP37_P3B,Benchmark,Litsea udayanii,13.0,0.0,0.0,0.0,0.0,0.0,0.0,0.0,0.0,0.0,0.0,7.0,
HP37,B3,,HP37_P3B,Benchmark,Litsea stocksii,16.0,0.0,0.0,0.0,0.0,0.0,0.0,0.0,0.0,0.0,0.0,7.0,
HP37,B3,,HP37_P3B,Benchmark,Litsea stocksii,12.0,0.0,0.0,0.0,0.0,0.0,0.0,0.0,0.0,0.0,0.0,6.0,
HP37,B3,,HP37_P3B,Benchmark,Litsea udayanii,10.0,0.0,0.0,0.0,0.0,0.0,0.0,0.0,0.0,0.0,0.0,6.5,
HP37,B3,,HP37_P3B,Benchmark,Litsea stocksii,16.0,0.0,0.0,0.0,0.0,0.0,0.0,0.0,0.0,0.0,0.0,7.0,
HP37,B3,,HP37_P3B,Benchmark,Dimocarpus longan,13.0,0.0,0.0,0.0,0.0,0.0,0.0,0.0,0.0,0.0,0.0,5.5,
HP37,B3,,HP37_P3B,Benchmark,Bhesa indica,11.0,0.0,0.0,0.0,0.0,0.0,0.0,0.0,0.0,0.0,0.0,7.0,
HP37,B3,,HP37_P3B,Benchmark,Litsea stocksii,20.0,0.0,0.0,0.0,0.0,0.0,0.0,0.0,0.0,0.0,0.0,8.0,
HP37,B3,,HP37_P3B,Benchmark,Gomphandra coriacea,101.0,0.0,0.0,0.0,0.0,0.0,0.0,0.0,0.0,0.0,0.0,14.5,
HP37,B3,,HP37_P3B,Benchmark,Mesua ferrea,11.0,0.0,0.0,0.0,0.0,0.0,0.0,0.0,0.0,0.0,0.0,5.5,
HP37,B3,,HP37_P3B,Benchmark,Epiprinus mallotiformis,28.0,0.0,0.0,0.0,0.0,0.0,0.0,0.0,0.0,0.0,0.0,6.5,
HP37,B3,,HP37_P3B,Benchmark,Litsea stocksii,15.0,0.0,0.0,0.0,0.0,0.0,0.0,0.0,0.0,0.0,0.0,6.5,
HP37,B3,,HP37_P3B,Benchmark,Litsea oleiodes,10.0,0.0,0.0,0.0,0.0,0.0,0.0,0.0,0.0,0.0,0.0,5.0,
HP37,B3,,HP37_P3B,Benchmark,Litsea stocksii,10.0,0.0,0.0,0.0,0.0,0.0,0.0,0.0,0.0,0.0,0.0,7.0,
HP37,B3,,HP37_P3B,Benchmark,Syzygium gardneri,10.0,0.0,0.0,0.0,0.0,0.0,0.0,0.0,0.0,0.0,0.0,4.0,
HP37,B3,,HP37_P3B,Benchmark,Drypetes wightii,12.0,0.0,0.0,0.0,0.0,0.0,0.0,0.0,0.0,0.0,0.0,5.5,
HP37,B3,,HP37_P3B,Benchmark,Syzygium densiflorum,13.0,0.0,0.0,0.0,0.0,0.0,0.0,0.0,0.0,0.0,0.0,6.0,
HP37,B3,,HP37_P3B,Benchmark,Cullenia exarillata,82.0,0.0,0.0,0.0,0.0,0.0,0.0,0.0,0.0,0.0,0.0,20.0,
HP37,B3,,HP37_P3B,Benchmark,Gomphandra coriacea,40.0,0.0,0.0,0.0,0.0,0.0,0.0,0.0,0.0,0.0,0.0,8.0,
HP37,B3,,HP37_P3B,Benchmark,Mesua ferrea,12.0,0.0,0.0,0.0,0.0,0.0,0.0,0.0,0.0,0.0,0.0,5.0,
HP37,B3,,HP37_P3B,Benchmark,Mastixia arborea,12.0,0.0,0.0,0.0,0.0,0.0,0.0,0.0,0.0,0.0,0.0,5.5,
HP37,B3,,HP37_P3B,Benchmark,Antidesma menausa,35.0,0.0,0.0,0.0,0.0,0.0,0.0,0.0,0.0,0.0,0.0,9.5,
HP37,B3,,HP37_P3B,Benchmark,Cinnamomum malabathrum,20.0,0.0,0.0,0.0,0.0,0.0,0.0,0.0,0.0,0.0,0.0,8.5,
HP37,B3,,HP37_P3B,Benchmark,Unidentified,21.0,0.0,0.0,0.0,0.0,0.0,0.0,0.0,0.0,0.0,0.0,7.5,
HP37,B3,,HP37_P3B,Benchmark,Cullenia exarillata,150.0,0.0,0.0,0.0,0.0,0.0,0.0,0.0,0.0,0.0,0.0,24.0,
HP37,B3,,HP37_P3B,Benchmark,Pseudoglochidion anamalayanum,20.0,0.0,0.0,0.0,0.0,0.0,0.0,0.0,0.0,0.0,0.0,6.5,
HP37,B3,,HP37_P3B,Benchmark,Unidentified,22.0,0.0,0.0,0.0,0.0,0.0,0.0,0.0,0.0,0.0,0.0,4.5,
HP37,B3,,HP37_P3B,Benchmark,Palaquium ellipticum,195.0,0.0,0.0,0.0,0.0,0.0,0.0,0.0,0.0,0.0,0.0,25.0,
HP37,B3,,HP37_P3B,Benchmark,Mesua ferrea,10.0,0.0,0.0,0.0,0.0,0.0,0.0,0.0,0.0,0.0,0.0,5.0,
HP37,B3,,HP37_P3B,Benchmark,Agrostistachys borneansis,82.0,0.0,0.0,0.0,0.0,0.0,0.0,0.0,0.0,0.0,0.0,17.0,
HP37,B4,,HP37_P4B,Benchmark,Macaranga indica,40.0,0.0,0.0,0.0,0.0,0.0,0.0,0.0,0.0,0.0,0.0,10.5,
HP37,B4,,HP37_P4B,Benchmark,Villebrunea integrifolia,16.0,0.0,0.0,0.0,0.0,0.0,0.0,0.0,0.0,0.0,0.0,5.0,
HP37,B4,,HP37_P4B,Benchmark,Persea macarantha,60.0,0.0,0.0,0.0,0.0,0.0,0.0,0.0,0.0,0.0,0.0,15.0,
HP37,B4,,HP37_P4B,Benchmark,Litsea bourdillonii,16.0,12.0,0.0,0.0,0.0,0.0,0.0,0.0,0.0,0.0,0.0,6.5,
HP37,B4,,HP37_P4B,Benchmark,Clerodendrum infortunatum,27.0,0.0,0.0,0.0,0.0,0.0,0.0,0.0,0.0,0.0,0.0,8.5,
HP37,B4,,HP37_P4B,Benchmark,Pseudoglochidion anamalayanum,15.0,0.0,0.0,0.0,0.0,0.0,0.0,0.0,0.0,0.0,0.0,6.5,
HP37,B4,,HP37_P4B,Benchmark,Clerodendrum infortunatum,17.0,0.0,0.0,0.0,0.0,0.0,0.0,0.0,0.0,0.0,0.0,6.0,
HP37,B4,,HP37_P4B,Benchmark,Clerodendrum infortunatum,20.0,0.0,0.0,0.0,0.0,0.0,0.0,0.0,0.0,0.0,0.0,6.5,
HP37,B4,,HP37_P4B,Benchmark,Macaranga indica,34.0,0.0,0.0,0.0,0.0,0.0,0.0,0.0,0.0,0.0,0.0,8.5,
HP37,B4,,HP37_P4B,Benchmark,Cullenia exarillata,300.0,0.0,0.0,0.0,0.0,0.0,0.0,0.0,0.0,0.0,0.0,23.0,
HP37,B4,,HP37_P4B,Benchmark,Litsea stocksii,13.0,0.0,0.0,0.0,0.0,0.0,0.0,0.0,0.0,0.0,0.0,5.5,
HP37,B4,,HP37_P4B,Benchmark,Macaranga indica,58.0,0.0,0.0,0.0,0.0,0.0,0.0,0.0,0.0,0.0,0.0,8.5,
HP37,B4,,HP37_P4B,Benchmark,Callicarpa tomentosa,23.0,0.0,0.0,0.0,0.0,0.0,0.0,0.0,0.0,0.0,0.0,10.5,
HP37,B4,,HP37_P4B,Benchmark,Murraya paniculata,27.0,0.0,0.0,0.0,0.0,0.0,0.0,0.0,0.0,0.0,0.0,6.5,
HP37,B4,,HP37_P4B,Benchmark,Syzygium densiflorum,13.0,0.0,0.0,0.0,0.0,0.0,0.0,0.0,0.0,0.0,0.0,6.0,
HP37,B4,,HP37_P4B,Benchmark,Cinnamomum malabathrum,11.0,0.0,0.0,0.0,0.0,0.0,0.0,0.0,0.0,0.0,0.0,7.5,
HP37,B4,,HP37_P4B,Benchmark,Macaranga indica,51.0,0.0,0.0,0.0,0.0,0.0,0.0,0.0,0.0,0.0,0.0,15.0,
HP37,B4,,HP37_P4B,Benchmark,Acronychia pedunculata,50.0,0.0,0.0,0.0,0.0,0.0,0.0,0.0,0.0,0.0,0.0,12.0,
HP37,B4,,HP37_P4B,Benchmark,Acronychia pedunculata,13.0,0.0,0.0,0.0,0.0,0.0,0.0,0.0,0.0,0.0,0.0,6.5,
HP37,B4,,HP37_P4B,Benchmark,Pseudoglochidion anamalayanum,17.0,20.0,0.0,0.0,0.0,0.0,0.0,0.0,0.0,0.0,0.0,5.5,
HP37,B4,,HP37_P4B,Benchmark,Syzygium densiflorum,203.0,0.0,0.0,0.0,0.0,0.0,0.0,0.0,0.0,0.0,0.0,30.0,
HP37,B4,,HP37_P4B,Benchmark,Antidesma menausa,42.0,0.0,0.0,0.0,0.0,0.0,0.0,0.0,0.0,0.0,0.0,7.5,
HP37,B4,,HP37_P4B,Benchmark,Palaquium ellipticum,187.0,0.0,0.0,0.0,0.0,0.0,0.0,0.0,0.0,0.0,0.0,30.0,
HP37,B4,,HP37_P4B,Benchmark,Neolitsea zeylanica,11.0,0.0,0.0,0.0,0.0,0.0,0.0,0.0,0.0,0.0,0.0,5.0,
HP37,B4,,HP37_P4B,Benchmark,Palaquium ellipticum,173.0,0.0,0.0,0.0,0.0,0.0,0.0,0.0,0.0,0.0,0.0,30.0,
HP37,B4,,HP37_P4B,Benchmark,Cinnamomum malabathrum,48.0,0.0,0.0,0.0,0.0,0.0,0.0,0.0,0.0,0.0,0.0,9.5,
HP37,B4,,HP37_P4B,Benchmark,Ardisia pauciflora,30.0,20.0,0.0,0.0,0.0,0.0,0.0,0.0,0.0,0.0,0.0,7.5,
HP37,B4,,HP37_P4B,Benchmark,Litsea stocksii,10.0,10.0,0.0,0.0,0.0,0.0,0.0,0.0,0.0,0.0,0.0,6.0,
HP37,B4,,HP37_P4B,Benchmark,Syzygium densiflorum,13.0,18.0,15.0,0.0,0.0,0.0,0.0,0.0,0.0,0.0,0.0,6.0,
HP37,B4,,HP37_P4B,Benchmark,Clerodendrum infortunatum,20.0,0.0,0.0,0.0,0.0,0.0,0.0,0.0,0.0,0.0,0.0,6.5,
HP37,B4,,HP37_P4B,Benchmark,Actinodaphne bourdillonii,17.0,0.0,0.0,0.0,0.0,0.0,0.0,0.0,0.0,0.0,0.0,5.5,
HP37,B4,,HP37_P4B,Benchmark,Glochidion malabaricum,14.0,0.0,0.0,0.0,0.0,0.0,0.0,0.0,0.0,0.0,0.0,5.5,
HP37,B4,,HP37_P4B,Benchmark,Macaranga indica,27.0,0.0,0.0,0.0,0.0,0.0,0.0,0.0,0.0,0.0,0.0,8.0,
HP37,B4,,HP37_P4B,Benchmark,Pseudoglochidion anamalayanum,13.0,0.0,0.0,0.0,0.0,0.0,0.0,0.0,0.0,0.0,0.0,5.5,
HP37,B4,,HP37_P4B,Benchmark,Litsea udayanii,14.0,0.0,0.0,0.0,0.0,0.0,0.0,0.0,0.0,0.0,0.0,6.0,
HP37,B4,,HP37_P4B,Benchmark,Cullenia exarillata,185.0,0.0,0.0,0.0,0.0,0.0,0.0,0.0,0.0,0.0,0.0,30.0,
HP37,B4,,HP37_P4B,Benchmark,Macaranga indica,43.0,0.0,0.0,0.0,0.0,0.0,0.0,0.0,0.0,0.0,0.0,10.5,
HP37,B4,,HP37_P4B,Benchmark,Actinodaphne bourdillonii,11.0,0.0,0.0,0.0,0.0,0.0,0.0,0.0,0.0,0.0,0.0,6.0,
HP37,B4,,HP37_P4B,Benchmark,Litsea stocksii,11.0,0.0,0.0,0.0,0.0,0.0,0.0,0.0,0.0,0.0,0.0,6.0,
HP37,B4,,HP37_P4B,Benchmark,Actinodaphne malabaricum,11.0,22.0,29.0,18.0,0.0,0.0,0.0,0.0,0.0,0.0,0.0,10.5,
HP37,B4,,HP37_P4B,Benchmark,Litsea floribunda,11.0,0.0,0.0,0.0,0.0,0.0,0.0,0.0,0.0,0.0,0.0,7.5,
HP37,B4,,HP37_P4B,Benchmark,Litsea stocksii,22.0,0.0,0.0,0.0,0.0,0.0,0.0,0.0,0.0,0.0,0.0,10.5,
HP37,B4,,HP37_P4B,Benchmark,Macaranga indica,50.0,0.0,0.0,0.0,0.0,0.0,0.0,0.0,0.0,0.0,0.0,9.0,
HP37,B4,,HP37_P4B,Benchmark,Villebrunea integrifolia,15.0,13.0,0.0,0.0,0.0,0.0,0.0,0.0,0.0,0.0,0.0,8.0,
HP37,B4,,HP37_P4B,Benchmark,Callicarpa tomentosa,21.0,0.0,0.0,0.0,0.0,0.0,0.0,0.0,0.0,0.0,0.0,8.0,
HP37,B4,,HP37_P4B,Benchmark,Clerodendrum infortunatum,37.0,0.0,0.0,0.0,0.0,0.0,0.0,0.0,0.0,0.0,0.0,10.5,
HP37,B4,,HP37_P4B,Benchmark,Litsea udayanii,15.0,15.0,0.0,0.0,0.0,0.0,0.0,0.0,0.0,0.0,0.0,9.0,
HP37,B4,,HP37_P4B,Benchmark,Litsea bourdillonii,17.0,0.0,0.0,0.0,0.0,0.0,0.0,0.0,0.0,0.0,0.0,8.0,
HP37,B4,,HP37_P4B,Benchmark,Clerodendrum infortunatum,19.0,0.0,0.0,0.0,0.0,0.0,0.0,0.0,0.0,0.0,0.0,7.5,
HP37,B4,,HP37_P4B,Benchmark,Mastixia arborea,15.0,0.0,0.0,0.0,0.0,0.0,0.0,0.0,0.0,0.0,0.0,7.5,
HP37,B4,,HP37_P4B,Benchmark,Litsea stocksii,25.0,0.0,0.0,0.0,0.0,0.0,0.0,0.0,0.0,0.0,0.0,7.0,
HP37,B4,,HP37_P4B,Benchmark,Cinnamomum malabathrum,20.0,0.0,0.0,0.0,0.0,0.0,0.0,0.0,0.0,0.0,0.0,8.0,
HP37,B4,,HP37_P4B,Benchmark,Macaranga indica,27.0,0.0,0.0,0.0,0.0,0.0,0.0,0.0,0.0,0.0,0.0,7.5,
HP37,B4,,HP37_P4B,Benchmark,Thottea siliquosa,11.0,0.0,0.0,0.0,0.0,0.0,0.0,0.0,0.0,0.0,0.0,3.5,
HP37,B4,,HP37_P4B,Benchmark,Thottea siliquosa,14.0,13.0,0.0,0.0,0.0,0.0,0.0,0.0,0.0,0.0,0.0,4.0,
HP37,B4,,HP37_P4B,Benchmark,Litsea udayanii,20.0,0.0,0.0,0.0,0.0,0.0,0.0,0.0,0.0,0.0,0.0,9.0,
HP37,B4,,HP37_P4B,Benchmark,Villebrunea integrifolia,14.0,0.0,0.0,0.0,0.0,0.0,0.0,0.0,0.0,0.0,0.0,7.0,
HP37,B4,,HP37_P4B,Benchmark,Litsea udayanii,19.0,0.0,0.0,0.0,0.0,0.0,0.0,0.0,0.0,0.0,0.0,7.5,
HP37,B4,,HP37_P4B,Benchmark,Litsea udayanii,18.0,0.0,0.0,0.0,0.0,0.0,0.0,0.0,0.0,0.0,0.0,7.5,
HP37,B4,,HP37_P4B,Benchmark,Macaranga indica,69.0,0.0,0.0,0.0,0.0,0.0,0.0,0.0,0.0,0.0,0.0,11.0,
HP37,B4,,HP37_P4B,Benchmark,Litsea stocksii,14.0,0.0,0.0,0.0,0.0,0.0,0.0,0.0,0.0,0.0,0.0,5.5,
HP37,B4,,HP37_P4B,Benchmark,Acronychia pedunculata,17.0,40.0,0.0,0.0,0.0,0.0,0.0,0.0,0.0,0.0,0.0,12.0,
HP37,B4,,HP37_P4B,Benchmark,Villebrunea integrifolia,12.0,0.0,0.0,0.0,0.0,0.0,0.0,0.0,0.0,0.0,0.0,4.5,
HP37,B4,,HP37_P4B,Benchmark,Villebrunea integrifolia,11.0,0.0,0.0,0.0,0.0,0.0,0.0,0.0,0.0,0.0,0.0,4.0,
HP37,B4,,HP37_P4B,Benchmark,Litsea oleiodes,108.0,0.0,0.0,0.0,0.0,0.0,0.0,0.0,0.0,0.0,0.0,19.0,
HP37,B4,,HP37_P4B,Benchmark,Acronychia pedunculata,13.0,0.0,0.0,0.0,0.0,0.0,0.0,0.0,0.0,0.0,0.0,5.5,
HP37,B4,,HP37_P4B,Benchmark,Litsea stocksii,17.0,0.0,0.0,0.0,0.0,0.0,0.0,0.0,0.0,0.0,0.0,7.0,
HP37,B4,,HP37_P4B,Benchmark,Litsea stocksii,20.0,0.0,0.0,0.0,0.0,0.0,0.0,0.0,0.0,0.0,0.0,7.0,
HP37,B4,,HP37_P4B,Benchmark,Acronychia pedunculata,84.0,0.0,0.0,0.0,0.0,0.0,0.0,0.0,0.0,0.0,0.0,16.0,
HP37,B4,,HP37_P4B,Benchmark,Macaranga indica,67.0,0.0,0.0,0.0,0.0,0.0,0.0,0.0,0.0,0.0,0.0,12.0,
HP37,B4,,HP37_P4B,Benchmark,Villebrunea integrifolia,33.0,13.0,21.0,0.0,0.0,0.0,0.0,0.0,0.0,0.0,0.0,9.5,
HP37,B4,,HP37_P4B,Benchmark,Acronychia pedunculata,27.0,0.0,0.0,0.0,0.0,0.0,0.0,0.0,0.0,0.0,0.0,8.5,
HP37,B4,,HP37_P4B,Benchmark,Acronychia pedunculata,32.0,34.0,0.0,0.0,0.0,0.0,0.0,0.0,0.0,0.0,0.0,11.0,
HP37,B4,,HP37_P4B,Benchmark,Litsea bourdillonii,14.0,16.0,0.0,0.0,0.0,0.0,0.0,0.0,0.0,0.0,0.0,8.5,
HP37,B4,,HP37_P4B,Benchmark,Calophyllum polyanthum,282.0,0.0,0.0,0.0,0.0,0.0,0.0,0.0,0.0,0.0,0.0,32.0,
HP37,B4,,HP37_P4B,Benchmark,Syzygium densiflorum,13.0,0.0,0.0,0.0,0.0,0.0,0.0,0.0,0.0,0.0,0.0,8.0,
HP37,B4,,HP37_P4B,Benchmark,Macaranga indica,60.0,0.0,0.0,0.0,0.0,0.0,0.0,0.0,0.0,0.0,0.0,12.0,
HP37,B4,,HP37_P4B,Benchmark,Clerodendrum infortunatum,11.0,0.0,0.0,0.0,0.0,0.0,0.0,0.0,0.0,0.0,0.0,5.5,
HP37,B4,,HP37_P4B,Benchmark,Macaranga indica,58.0,0.0,0.0,0.0,0.0,0.0,0.0,0.0,0.0,0.0,0.0,11.0,
HP37,B4,,HP37_P4B,Benchmark,Clerodendrum infortunatum,12.0,0.0,0.0,0.0,0.0,0.0,0.0,0.0,0.0,0.0,0.0,6.0,
HP37,B4,,HP37_P4B,Benchmark,Persea macarantha,11.0,0.0,0.0,0.0,0.0,0.0,0.0,0.0,0.0,0.0,0.0,4.5,
HP37,B4,,HP37_P4B,Benchmark,Glochidion zeylanicum,14.0,0.0,0.0,0.0,0.0,0.0,0.0,0.0,0.0,0.0,0.0,5.0,
HP37,B4,,HP37_P4B,Benchmark,Syzygium densiflorum,53.0,0.0,0.0,0.0,0.0,0.0,0.0,0.0,0.0,0.0,0.0,13.0,
HP37,B4,,HP37_P4B,Benchmark,Clerodendrum infortunatum,11.0,0.0,0.0,0.0,0.0,0.0,0.0,0.0,0.0,0.0,0.0,6.5,
HP37,B4,,HP37_P4B,Benchmark,Clerodendrum infortunatum,19.0,0.0,0.0,0.0,0.0,0.0,0.0,0.0,0.0,0.0,0.0,7.5,
HP37,B4,,HP37_P4B,Benchmark,Clerodendrum infortunatum,12.0,0.0,0.0,0.0,0.0,0.0,0.0,0.0,0.0,0.0,0.0,6.5,
HP37,B4,,HP37_P4B,Benchmark,Syzygium gardneri,11.0,0.0,0.0,0.0,0.0,0.0,0.0,0.0,0.0,0.0,0.0,5.0,
HP37,B4,,HP37_P4B,Benchmark,Clerodendrum infortunatum,14.0,0.0,0.0,0.0,0.0,0.0,0.0,0.0,0.0,0.0,0.0,6.5,
HP37,B4,,HP37_P4B,Benchmark,Clerodendrum infortunatum,14.0,0.0,0.0,0.0,0.0,0.0,0.0,0.0,0.0,0.0,0.0,5.5,
HP37,B4,,HP37_P4B,Benchmark,Macaranga indica,70.0,0.0,0.0,0.0,0.0,0.0,0.0,0.0,0.0,0.0,0.0,12.0,
HP37,B4,,HP37_P4B,Benchmark,Pseudoglochidion anamalayanum,13.0,12.0,0.0,0.0,0.0,0.0,0.0,0.0,0.0,0.0,0.0,5.0,
HP37,B4,,HP37_P4B,Benchmark,Glochidion malabaricum,27.0,25.0,0.0,0.0,0.0,0.0,0.0,0.0,0.0,0.0,0.0,10.0,
VART4,VART4,2010,VAR4_10U,Unrestored,Diospyros sylvatica,36.0,0.0,0.0,0.0,0.0,0.0,0.0,0.0,0.0,0.0,0.0,,corrected: cut
HP36,B1,,HP36_P1B,Benchmark,Clerodendrum infortunatum,32.0,0.0,0.0,0.0,0.0,0.0,0.0,0.0,0.0,0.0,0.0,12.0,
HP36,B1,,HP36_P1B,Benchmark,Apollonias arnottii,10.0,0.0,0.0,0.0,0.0,0.0,0.0,0.0,0.0,0.0,0.0,6.0,
HP36,B1,,HP36_P1B,Benchmark,Ardisia pauciflora,16.0,0.0,0.0,0.0,0.0,0.0,0.0,0.0,0.0,0.0,0.0,5.5,
HP36,B1,,HP36_P1B,Benchmark,Ardisia pauciflora,10.0,0.0,0.0,0.0,0.0,0.0,0.0,0.0,0.0,0.0,0.0,4.0,
HP36,B1,,HP36_P1B,Benchmark,Ardisia pauciflora,17.0,0.0,0.0,0.0,0.0,0.0,0.0,0.0,0.0,0.0,0.0,6.5,
HP36,B1,,HP36_P1B,Benchmark,Dimocarpus longan,125.0,0.0,0.0,0.0,0.0,0.0,0.0,0.0,0.0,0.0,0.0,19.0,
HP36,B1,,HP36_P1B,Benchmark,Syzygium gardneri,55.0,0.0,0.0,0.0,0.0,0.0,0.0,0.0,0.0,0.0,0.0,13.5,
HP36,B1,,HP36_P1B,Benchmark,Litsea bourdillonii,16.0,0.0,0.0,0.0,0.0,0.0,0.0,0.0,0.0,0.0,0.0,8.0,
HP36,B1,,HP36_P1B,Benchmark,Lasianthus jackianus,11.0,0.0,0.0,0.0,0.0,0.0,0.0,0.0,0.0,0.0,0.0,4.5,
HP36,B1,,HP36_P1B,Benchmark,Phoebe lanceolata,11.0,0.0,0.0,0.0,0.0,0.0,0.0,0.0,0.0,0.0,0.0,4.5,
HP36,B1,,HP36_P1B,Benchmark,Cinnamomum malabathrum,10.0,0.0,0.0,0.0,0.0,0.0,0.0,0.0,0.0,0.0,0.0,4.5,
HP36,B1,,HP36_P1B,Benchmark,Litsea bourdillonii,16.0,0.0,0.0,0.0,0.0,0.0,0.0,0.0,0.0,0.0,0.0,6.5,
HP36,B1,,HP36_P1B,Benchmark,Litsea bourdillonii,11.0,0.0,0.0,0.0,0.0,0.0,0.0,0.0,0.0,0.0,0.0,5.5,
HP36,B1,,HP36_P1B,Benchmark,Ardisia pauciflora,10.0,0.0,0.0,0.0,0.0,0.0,0.0,0.0,0.0,0.0,0.0,4.5,
HP36,B1,,HP36_P1B,Benchmark,Ardisia pauciflora,12.0,0.0,0.0,0.0,0.0,0.0,0.0,0.0,0.0,0.0,0.0,6.0,
HP36,B1,,HP36_P1B,Benchmark,Cryptocarya wightii,94.0,0.0,0.0,0.0,0.0,0.0,0.0,0.0,0.0,0.0,0.0,20.5,
HP36,B1,,HP36_P1B,Benchmark,Beilschmiedia wightii,12.0,0.0,0.0,0.0,0.0,0.0,0.0,0.0,0.0,0.0,0.0,5.0,
HP36,B1,,HP36_P1B,Benchmark,Atalantia racemosa,12.0,0.0,0.0,0.0,0.0,0.0,0.0,0.0,0.0,0.0,0.0,4.5,
HP36,B1,,HP36_P1B,Benchmark,Myristica dactyloides,22.0,0.0,0.0,0.0,0.0,0.0,0.0,0.0,0.0,0.0,0.0,4.0,
HP36,B1,,HP36_P1B,Benchmark,Neolitsea zeylanica,10.0,0.0,0.0,0.0,0.0,0.0,0.0,0.0,0.0,0.0,0.0,6.5,
HP36,B1,,HP36_P1B,Benchmark,Clerodendrum infortunatum,21.0,0.0,0.0,0.0,0.0,0.0,0.0,0.0,0.0,0.0,0.0,6.0,
HP36,B1,,HP36_P1B,Benchmark,Dimocarpus longan,12.0,0.0,0.0,0.0,0.0,0.0,0.0,0.0,0.0,0.0,0.0,6.5,
HP36,B1,,HP36_P1B,Benchmark,Clerodendrum infortunatum,20.0,0.0,0.0,0.0,0.0,0.0,0.0,0.0,0.0,0.0,0.0,8.5,
HP36,B1,,HP36_P1B,Benchmark,Persea macarantha,15.0,0.0,0.0,0.0,0.0,0.0,0.0,0.0,0.0,0.0,0.0,6.0,
HP36,B1,,HP36_P1B,Benchmark,Litsea bourdillonii,10.0,0.0,0.0,0.0,0.0,0.0,0.0,0.0,0.0,0.0,0.0,6.5,
HP36,B1,,HP36_P1B,Benchmark,Croton zeylanicus,18.0,0.0,0.0,0.0,0.0,0.0,0.0,0.0,0.0,0.0,0.0,5.0,
HP36,B1,,HP36_P1B,Benchmark,Litsea stocksii,21.0,0.0,0.0,0.0,0.0,0.0,0.0,0.0,0.0,0.0,0.0,9.0,
HP36,B1,,HP36_P1B,Benchmark,Ormosia travancorica,10.0,0.0,0.0,0.0,0.0,0.0,0.0,0.0,0.0,0.0,0.0,5.0,
HP36,B1,,HP36_P1B,Benchmark,Litsea stocksii,14.0,0.0,0.0,0.0,0.0,0.0,0.0,0.0,0.0,0.0,0.0,6.0,
HP36,B1,,HP36_P1B,Benchmark,Cinnamomum malabathrum,61.0,0.0,0.0,0.0,0.0,0.0,0.0,0.0,0.0,0.0,0.0,10.5,
HP36,B1,,HP36_P1B,Benchmark,Litsea stocksii,20.0,0.0,0.0,0.0,0.0,0.0,0.0,0.0,0.0,0.0,0.0,10.0,
HP36,B1,,HP36_P1B,Benchmark,Croton zeylanicus,11.0,0.0,0.0,0.0,0.0,0.0,0.0,0.0,0.0,0.0,0.0,4.0,
HP36,B1,,HP36_P1B,Benchmark,Cinnamomum malabathrum,10.0,0.0,0.0,0.0,0.0,0.0,0.0,0.0,0.0,0.0,0.0,6.0,
HP36,B1,,HP36_P1B,Benchmark,Litsea floribunda,11.0,0.0,0.0,0.0,0.0,0.0,0.0,0.0,0.0,0.0,0.0,6.5,
HP36,B1,,HP36_P1B,Benchmark,Croton zeylanicus,13.0,0.0,0.0,0.0,0.0,0.0,0.0,0.0,0.0,0.0,0.0,4.5,
HP36,B1,,HP36_P1B,Benchmark,Croton zeylanicus,15.0,0.0,0.0,0.0,0.0,0.0,0.0,0.0,0.0,0.0,0.0,5.5,
HP36,B1,,HP36_P1B,Benchmark,Myristica dactyloides,145.0,0.0,0.0,0.0,0.0,0.0,0.0,0.0,0.0,0.0,0.0,27.0,
HP36,B1,,HP36_P1B,Benchmark,Litsea stocksii,15.0,0.0,0.0,0.0,0.0,0.0,0.0,0.0,0.0,0.0,0.0,6.5,
HP36,B1,,HP36_P1B,Benchmark,Litsea floribunda,10.0,0.0,0.0,0.0,0.0,0.0,0.0,0.0,0.0,0.0,0.0,6.0,
HP36,B1,,HP36_P1B,Benchmark,Atalantia racemosa,12.0,0.0,0.0,0.0,0.0,0.0,0.0,0.0,0.0,0.0,0.0,5.0,
HP36,B1,,HP36_P1B,Benchmark,Bhesa indica,160.0,0.0,0.0,0.0,0.0,0.0,0.0,0.0,0.0,0.0,0.0,26.0,
HP36,B1,,HP36_P1B,Benchmark,Actinodaphne tadulingamii,19.0,0.0,0.0,0.0,0.0,0.0,0.0,0.0,0.0,0.0,0.0,8.5,
HP36,B1,,HP36_P1B,Benchmark,Croton zeylanicus,14.0,0.0,0.0,0.0,0.0,0.0,0.0,0.0,0.0,0.0,0.0,4.5,
HP36,B1,,HP36_P1B,Benchmark,Croton zeylanicus,12.0,0.0,0.0,0.0,0.0,0.0,0.0,0.0,0.0,0.0,0.0,4.0,
HP36,B1,,HP36_P1B,Benchmark,Cinnamomum malabathrum,11.0,0.0,0.0,0.0,0.0,0.0,0.0,0.0,0.0,0.0,0.0,4.5,
HP36,B1,,HP36_P1B,Benchmark,Antidesma menausa,54.0,12.0,0.0,0.0,0.0,0.0,0.0,0.0,0.0,0.0,0.0,13.0,
HP36,B1,,HP36_P1B,Benchmark,Beilschmiedia wightii,16.0,0.0,0.0,0.0,0.0,0.0,0.0,0.0,0.0,0.0,0.0,7.0,
HP36,B1,,HP36_P1B,Benchmark,Ardisia pauciflora,29.0,11.0,0.0,0.0,0.0,0.0,0.0,0.0,0.0,0.0,0.0,6.0,
HP36,B1,,HP36_P1B,Benchmark,Croton zeylanicus,10.0,0.0,0.0,0.0,0.0,0.0,0.0,0.0,0.0,0.0,0.0,4.5,
HP36,B1,,HP36_P1B,Benchmark,Ardisia pauciflora,27.0,0.0,0.0,0.0,0.0,0.0,0.0,0.0,0.0,0.0,0.0,6.0,
HP36,B1,,HP36_P1B,Benchmark,Clerodendrum infortunatum,31.0,0.0,0.0,0.0,0.0,0.0,0.0,0.0,0.0,0.0,0.0,12.0,
HP36,B1,,HP36_P1B,Benchmark,Mastixia arborea,73.0,0.0,0.0,0.0,0.0,0.0,0.0,0.0,0.0,0.0,0.0,15.0,
HP36,B1,,HP36_P1B,Benchmark,Ardisia pauciflora,16.0,0.0,0.0,0.0,0.0,0.0,0.0,0.0,0.0,0.0,0.0,6.0,
HP36,B1,,HP36_P1B,Benchmark,Palaquium ellipticum,215.0,0.0,0.0,0.0,0.0,0.0,0.0,0.0,0.0,0.0,0.0,25.0,
HP36,B1,,HP36_P1B,Benchmark,Litsea stocksii,13.0,0.0,0.0,0.0,0.0,0.0,0.0,0.0,0.0,0.0,0.0,5.5,
HP36,B1,,HP36_P1B,Benchmark,Croton zeylanicus,12.0,0.0,0.0,0.0,0.0,0.0,0.0,0.0,0.0,0.0,0.0,4.5,
HP36,B1,,HP36_P1B,Benchmark,Syzygium densiflorum,16.0,0.0,0.0,0.0,0.0,0.0,0.0,0.0,0.0,0.0,0.0,5.0,
HP36,B1,,HP36_P1B,Benchmark,Actinodaphne tadulingamii,16.0,0.0,0.0,0.0,0.0,0.0,0.0,0.0,0.0,0.0,0.0,8.0,
HP36,B1,,HP36_P1B,Benchmark,Neolitsea zeylanica,12.0,0.0,0.0,0.0,0.0,0.0,0.0,0.0,0.0,0.0,0.0,5.0,
HP36,B1,,HP36_P1B,Benchmark,Palaquium ellipticum,165.0,0.0,0.0,0.0,0.0,0.0,0.0,0.0,0.0,0.0,0.0,28.0,
HP36,B1,,HP36_P1B,Benchmark,Diospyros sylvatica,96.0,0.0,0.0,0.0,0.0,0.0,0.0,0.0,0.0,0.0,0.0,20.0,
HP36,B1,,HP36_P1B,Benchmark,Aphanamixis polystachya,42.0,0.0,0.0,0.0,0.0,0.0,0.0,0.0,0.0,0.0,0.0,6.5,
HP36,B1,,HP36_P1B,Benchmark,Litsea stocksii,16.0,0.0,0.0,0.0,0.0,0.0,0.0,0.0,0.0,0.0,0.0,7.0,
HP36,B1,,HP36_P1B,Benchmark,Murraya paniculata,11.0,0.0,0.0,0.0,0.0,0.0,0.0,0.0,0.0,0.0,0.0,5.5,
HP36,B1,,HP36_P1B,Benchmark,Litsea stocksii,10.0,0.0,0.0,0.0,0.0,0.0,0.0,0.0,0.0,0.0,0.0,4.5,
HP36,B1,,HP36_P1B,Benchmark,Beilschmiedia wightii,13.0,0.0,0.0,0.0,0.0,0.0,0.0,0.0,0.0,0.0,0.0,5.5,
HP36,B1,,HP36_P1B,Benchmark,Dimocarpus longan,15.0,0.0,0.0,0.0,0.0,0.0,0.0,0.0,0.0,0.0,0.0,7.5,
HP36,B1,,HP36_P1B,Benchmark,Litsea stocksii,11.0,0.0,0.0,0.0,0.0,0.0,0.0,0.0,0.0,0.0,0.0,6.0,
HP36,B1,,HP36_P1B,Benchmark,Litsea stocksii,10.0,0.0,0.0,0.0,0.0,0.0,0.0,0.0,0.0,0.0,0.0,5.5,
HP36,B1,,HP36_P1B,Benchmark,Croton zeylanicus,11.0,11.0,0.0,0.0,0.0,0.0,0.0,0.0,0.0,0.0,0.0,6.0,
HP36,B1,,HP36_P1B,Benchmark,Ardisia pauciflora,16.0,0.0,0.0,0.0,0.0,0.0,0.0,0.0,0.0,0.0,0.0,6.0,
HP36,B1,,HP36_P1B,Benchmark,Dimocarpus longan,137.0,0.0,0.0,0.0,0.0,0.0,0.0,0.0,0.0,0.0,0.0,23.0,
HP36,B1,,HP36_P1B,Benchmark,Thottea siliquosa,11.0,10.0,0.0,0.0,0.0,0.0,0.0,0.0,0.0,0.0,0.0,3.5,
HP36,B1,,HP36_P1B,Benchmark,Ardisia pauciflora,32.0,26.0,0.0,0.0,0.0,0.0,0.0,0.0,0.0,0.0,0.0,7.5,
HP36,B1,,HP36_P1B,Benchmark,Cullenia exarillata,267.0,0.0,0.0,0.0,0.0,0.0,0.0,0.0,0.0,0.0,0.0,31.0,
HP36,B1,,HP36_P1B,Benchmark,Mastixia arborea,87.0,0.0,0.0,0.0,0.0,0.0,0.0,0.0,0.0,0.0,0.0,18.0,
HP36,B1,,HP36_P1B,Benchmark,Litsea stocksii,11.0,0.0,0.0,0.0,0.0,0.0,0.0,0.0,0.0,0.0,0.0,6.0,
HP36,B2,,HP36_P2B,Benchmark,Dimocarpus longan,13.0,0.0,0.0,0.0,0.0,0.0,0.0,0.0,0.0,0.0,0.0,6.0,
HP36,B2,,HP36_P2B,Benchmark,Litsea oleiodes,11.0,0.0,0.0,0.0,0.0,0.0,0.0,0.0,0.0,0.0,0.0,4.5,
HP36,B2,,HP36_P2B,Benchmark,Litsea stocksii,18.0,0.0,0.0,0.0,0.0,0.0,0.0,0.0,0.0,0.0,0.0,7.0,
HP36,B2,,HP36_P2B,Benchmark,Cinnamomum malabathrum,10.0,0.0,0.0,0.0,0.0,0.0,0.0,0.0,0.0,0.0,0.0,4.5,
HP36,B2,,HP36_P2B,Benchmark,Clerodendrum infortunatum,18.0,0.0,0.0,0.0,0.0,0.0,0.0,0.0,0.0,0.0,0.0,8.0,
HP36,B2,,HP36_P2B,Benchmark,Litsea stocksii,12.0,0.0,0.0,0.0,0.0,0.0,0.0,0.0,0.0,0.0,0.0,6.5,
HP36,B2,,HP36_P2B,Benchmark,Thottea siliquosa,10.0,0.0,0.0,0.0,0.0,0.0,0.0,0.0,0.0,0.0,0.0,4.0,
HP36,B2,,HP36_P2B,Benchmark,Antidesma menausa,26.0,0.0,0.0,0.0,0.0,0.0,0.0,0.0,0.0,0.0,0.0,7.0,
HP36,B2,,HP36_P2B,Benchmark,Thottea siliquosa,11.0,0.0,0.0,0.0,0.0,0.0,0.0,0.0,0.0,0.0,0.0,5.0,
HP36,B2,,HP36_P2B,Benchmark,Thottea siliquosa,15.0,0.0,0.0,0.0,0.0,0.0,0.0,0.0,0.0,0.0,0.0,5.5,
HP36,B2,,HP36_P2B,Benchmark,Ardisia pauciflora,12.0,0.0,0.0,0.0,0.0,0.0,0.0,0.0,0.0,0.0,0.0,4.5,
HP36,B2,,HP36_P2B,Benchmark,Cryptocarya wightii,10.0,0.0,0.0,0.0,0.0,0.0,0.0,0.0,0.0,0.0,0.0,8.5,
HP36,B2,,HP36_P2B,Benchmark,Thottea siliquosa,11.0,0.0,0.0,0.0,0.0,0.0,0.0,0.0,0.0,0.0,0.0,4.0,
HP36,B2,,HP36_P2B,Benchmark,Maesa indica,14.0,0.0,0.0,0.0,0.0,0.0,0.0,0.0,0.0,0.0,0.0,5.0,
HP36,B2,,HP36_P2B,Benchmark,Villebrunea integrifolia,13.0,0.0,0.0,0.0,0.0,0.0,0.0,0.0,0.0,0.0,0.0,5.0,
HP36,B2,,HP36_P2B,Benchmark,Maesa indica,21.0,0.0,0.0,0.0,0.0,0.0,0.0,0.0,0.0,0.0,0.0,6.5,
HP36,B2,,HP36_P2B,Benchmark,Persea macarantha,14.0,0.0,0.0,0.0,0.0,0.0,0.0,0.0,0.0,0.0,0.0,8.0,
HP36,B2,,HP36_P2B,Benchmark,Litsea stocksii,10.0,0.0,0.0,0.0,0.0,0.0,0.0,0.0,0.0,0.0,0.0,5.0,
HP36,B2,,HP36_P2B,Benchmark,Thottea siliquosa,10.0,0.0,0.0,0.0,0.0,0.0,0.0,0.0,0.0,0.0,0.0,3.5,
HP36,B2,,HP36_P2B,Benchmark,Dimocarpus longan,12.0,0.0,0.0,0.0,0.0,0.0,0.0,0.0,0.0,0.0,0.0,5.0,
HP36,B2,,HP36_P2B,Benchmark,Litsea stocksii,14.0,0.0,0.0,0.0,0.0,0.0,0.0,0.0,0.0,0.0,0.0,4.5,
HP36,B2,,HP36_P2B,Benchmark,Atalantia racemosa,10.0,0.0,0.0,0.0,0.0,0.0,0.0,0.0,0.0,0.0,0.0,3.5,
HP36,B2,,HP36_P2B,Benchmark,Cinnamomum malabathrum,15.0,0.0,0.0,0.0,0.0,0.0,0.0,0.0,0.0,0.0,0.0,5.5,
HP36,B2,,HP36_P2B,Benchmark,Dimocarpus longan,10.0,0.0,0.0,0.0,0.0,0.0,0.0,0.0,0.0,0.0,0.0,5.0,
HP36,B2,,HP36_P2B,Benchmark,Dimocarpus longan,10.0,0.0,0.0,0.0,0.0,0.0,0.0,0.0,0.0,0.0,0.0,5.0,
HP36,B2,,HP36_P2B,Benchmark,Thottea siliquosa,11.0,11.0,11.0,0.0,0.0,0.0,0.0,0.0,0.0,0.0,0.0,5.5,
HP36,B2,,HP36_P2B,Benchmark,Litsea oleiodes,16.0,0.0,0.0,0.0,0.0,0.0,0.0,0.0,0.0,0.0,0.0,11.0,
HP36,B2,,HP36_P2B,Benchmark,Litsea stocksii,12.0,0.0,0.0,0.0,0.0,0.0,0.0,0.0,0.0,0.0,0.0,4.5,
HP36,B2,,HP36_P2B,Benchmark,Thottea siliquosa,11.0,0.0,0.0,0.0,0.0,0.0,0.0,0.0,0.0,0.0,0.0,4.5,
HP36,B2,,HP36_P2B,Benchmark,Thottea siliquosa,12.0,0.0,0.0,0.0,0.0,0.0,0.0,0.0,0.0,0.0,0.0,4.0,
HP36,B2,,HP36_P2B,Benchmark,Dimocarpus longan,12.0,0.0,0.0,0.0,0.0,0.0,0.0,0.0,0.0,0.0,0.0,7.0,
HP36,B2,,HP36_P2B,Benchmark,Bhesa indica,129.0,0.0,0.0,0.0,0.0,0.0,0.0,0.0,0.0,0.0,0.0,28.0,
HP36,B2,,HP36_P2B,Benchmark,Psychotria sp.,10.0,0.0,0.0,0.0,0.0,0.0,0.0,0.0,0.0,0.0,0.0,3.5,
HP36,B2,,HP36_P2B,Benchmark,Litsea stocksii,13.0,0.0,0.0,0.0,0.0,0.0,0.0,0.0,0.0,0.0,0.0,6.5,
HP36,B2,,HP36_P2B,Benchmark,Thottea siliquosa,13.0,13.0,10.0,0.0,0.0,0.0,0.0,0.0,0.0,0.0,0.0,4.0,
HP36,B2,,HP36_P2B,Benchmark,Clerodendrum infortunatum,21.0,0.0,0.0,0.0,0.0,0.0,0.0,0.0,0.0,0.0,0.0,7.5,
HP36,B2,,HP36_P2B,Benchmark,Thottea siliquosa,11.0,0.0,0.0,0.0,0.0,0.0,0.0,0.0,0.0,0.0,0.0,4.5,
HP36,B2,,HP36_P2B,Benchmark,Thottea siliquosa,10.0,0.0,0.0,0.0,0.0,0.0,0.0,0.0,0.0,0.0,0.0,4.5,
HP36,B2,,HP36_P2B,Benchmark,Villebrunea integrifolia,28.0,0.0,0.0,0.0,0.0,0.0,0.0,0.0,0.0,0.0,0.0,7.0,
HP36,B2,,HP36_P2B,Benchmark,Thottea siliquosa,11.0,0.0,0.0,0.0,0.0,0.0,0.0,0.0,0.0,0.0,0.0,5.5,
HP36,B2,,HP36_P2B,Benchmark,Actinodaphne tadulingamii,10.0,0.0,0.0,0.0,0.0,0.0,0.0,0.0,0.0,0.0,0.0,5.0,
HP36,B2,,HP36_P2B,Benchmark,Cullenia exarillata,142.0,0.0,0.0,0.0,0.0,0.0,0.0,0.0,0.0,0.0,0.0,25.0,
HP36,B2,,HP36_P2B,Benchmark,Thottea siliquosa,11.0,10.0,0.0,0.0,0.0,0.0,0.0,0.0,0.0,0.0,0.0,4.5,
HP36,B2,,HP36_P2B,Benchmark,Litsea oleiodes,10.0,0.0,0.0,0.0,0.0,0.0,0.0,0.0,0.0,0.0,0.0,5.0,
HP36,B2,,HP36_P2B,Benchmark,Atalantia racemosa,10.0,0.0,0.0,0.0,0.0,0.0,0.0,0.0,0.0,0.0,0.0,3.5,
HP36,B2,,HP36_P2B,Benchmark,Litsea stocksii,27.0,0.0,0.0,0.0,0.0,0.0,0.0,0.0,0.0,0.0,0.0,8.0,
HP36,B2,,HP36_P2B,Benchmark,Clerodendrum infortunatum,16.0,0.0,0.0,0.0,0.0,0.0,0.0,0.0,0.0,0.0,0.0,6.5,
HP36,B2,,HP36_P2B,Benchmark,Litsea stocksii,11.0,0.0,0.0,0.0,0.0,0.0,0.0,0.0,0.0,0.0,0.0,4.0,
HP36,B2,,HP36_P2B,Benchmark,Litsea stocksii,11.0,0.0,0.0,0.0,0.0,0.0,0.0,0.0,0.0,0.0,0.0,4.5,
HP36,B2,,HP36_P2B,Benchmark,Litsea floribunda,16.0,0.0,0.0,0.0,0.0,0.0,0.0,0.0,0.0,0.0,0.0,6.5,
HP36,B2,,HP36_P2B,Benchmark,Litsea stocksii,11.0,0.0,0.0,0.0,0.0,0.0,0.0,0.0,0.0,0.0,0.0,5.0,
HP36,B2,,HP36_P2B,Benchmark,Dimocarpus longan,12.0,0.0,0.0,0.0,0.0,0.0,0.0,0.0,0.0,0.0,0.0,5.0,
HP36,B2,,HP36_P2B,Benchmark,Dimocarpus longan,11.0,0.0,0.0,0.0,0.0,0.0,0.0,0.0,0.0,0.0,0.0,5.5,
HP36,B2,,HP36_P2B,Benchmark,Litsea oleiodes,10.0,0.0,0.0,0.0,0.0,0.0,0.0,0.0,0.0,0.0,0.0,4.0,
HP36,B2,,HP36_P2B,Benchmark,Litsea stocksii,14.0,0.0,0.0,0.0,0.0,0.0,0.0,0.0,0.0,0.0,0.0,5.0,
HP36,B2,,HP36_P2B,Benchmark,Myristica dactyloides,11.0,0.0,0.0,0.0,0.0,0.0,0.0,0.0,0.0,0.0,0.0,4.5,
HP36,B2,,HP36_P2B,Benchmark,Thottea siliquosa,13.0,0.0,0.0,0.0,0.0,0.0,0.0,0.0,0.0,0.0,0.0,5.0,
HP36,B2,,HP36_P2B,Benchmark,Litsea stocksii,14.0,0.0,0.0,0.0,0.0,0.0,0.0,0.0,0.0,0.0,0.0,5.0,
HP36,B2,,HP36_P2B,Benchmark,Cullenia exarillata,177.0,0.0,0.0,0.0,0.0,0.0,0.0,0.0,0.0,0.0,0.0,20.0,
HP36,B2,,HP36_P2B,Benchmark,Clerodendrum infortunatum,20.0,0.0,0.0,0.0,0.0,0.0,0.0,0.0,0.0,0.0,0.0,8.5,
HP36,B2,,HP36_P2B,Benchmark,Litsea stocksii,15.0,0.0,0.0,0.0,0.0,0.0,0.0,0.0,0.0,0.0,0.0,6.0,
HP36,B2,,HP36_P2B,Benchmark,Litsea stocksii,13.0,0.0,0.0,0.0,0.0,0.0,0.0,0.0,0.0,0.0,0.0,6.5,
HP36,B2,,HP36_P2B,Benchmark,Litsea stocksii,11.0,0.0,0.0,0.0,0.0,0.0,0.0,0.0,0.0,0.0,0.0,4.5,
HP36,B2,,HP36_P2B,Benchmark,Clerodendrum infortunatum,25.0,0.0,0.0,0.0,0.0,0.0,0.0,0.0,0.0,0.0,0.0,9.0,
HP36,B2,,HP36_P2B,Benchmark,Litsea stocksii,14.0,0.0,0.0,0.0,0.0,0.0,0.0,0.0,0.0,0.0,0.0,6.0,
HP36,B2,,HP36_P2B,Benchmark,Litsea stocksii,21.0,0.0,0.0,0.0,0.0,0.0,0.0,0.0,0.0,0.0,0.0,7.0,
HP36,B2,,HP36_P2B,Benchmark,Litsea stocksii,13.0,0.0,0.0,0.0,0.0,0.0,0.0,0.0,0.0,0.0,0.0,6.5,
HP36,B2,,HP36_P2B,Benchmark,Litsea floribunda,10.0,0.0,0.0,0.0,0.0,0.0,0.0,0.0,0.0,0.0,0.0,4.5,
HP36,B2,,HP36_P2B,Benchmark,Diospyros sylvatica,131.0,12.0,0.0,0.0,0.0,0.0,0.0,0.0,0.0,0.0,0.0,23.0,
HP36,B2,,HP36_P2B,Benchmark,Palaquium ellipticum,180.0,0.0,0.0,0.0,0.0,0.0,0.0,0.0,0.0,0.0,0.0,30.0,
HP36,B2,,HP36_P2B,Benchmark,Cinnamomum malabathrum,10.0,0.0,0.0,0.0,0.0,0.0,0.0,0.0,0.0,0.0,0.0,5.0,
HP36,B2,,HP36_P2B,Benchmark,Litsea stocksii,22.0,0.0,0.0,0.0,0.0,0.0,0.0,0.0,0.0,0.0,0.0,6.5,
HP36,B2,,HP36_P2B,Benchmark,Clerodendrum infortunatum,15.0,0.0,0.0,0.0,0.0,0.0,0.0,0.0,0.0,0.0,0.0,8.5,
HP36,B2,,HP36_P2B,Benchmark,Croton zeylanicus,14.0,0.0,0.0,0.0,0.0,0.0,0.0,0.0,0.0,0.0,0.0,4.5,
HP36,B2,,HP36_P2B,Benchmark,Neolitsea zeylanica,10.0,0.0,0.0,0.0,0.0,0.0,0.0,0.0,0.0,0.0,0.0,4.5,
HP36,B2,,HP36_P2B,Benchmark,Ardisia pauciflora,11.0,0.0,0.0,0.0,0.0,0.0,0.0,0.0,0.0,0.0,0.0,4.0,
HP36,B2,,HP36_P2B,Benchmark,Clerodendrum infortunatum,16.0,0.0,0.0,0.0,0.0,0.0,0.0,0.0,0.0,0.0,0.0,6.0,
HP36,B2,,HP36_P2B,Benchmark,Thottea siliquosa,12.0,0.0,0.0,0.0,0.0,0.0,0.0,0.0,0.0,0.0,0.0,4.0,
HP36,B2,,HP36_P2B,Benchmark,Ardisia pauciflora,15.0,0.0,0.0,0.0,0.0,0.0,0.0,0.0,0.0,0.0,0.0,5.5,
HP36,B2,,HP36_P2B,Benchmark,Clerodendrum infortunatum,33.0,0.0,0.0,0.0,0.0,0.0,0.0,0.0,0.0,0.0,0.0,9.0,
HP36,B2,,HP36_P2B,Benchmark,Litsea stocksii,15.0,0.0,0.0,0.0,0.0,0.0,0.0,0.0,0.0,0.0,0.0,6.0,
HP36,B2,,HP36_P2B,Benchmark,Litsea bourdillonii,15.0,0.0,0.0,0.0,0.0,0.0,0.0,0.0,0.0,0.0,0.0,6.0,
HP36,B2,,HP36_P2B,Benchmark,Clerodendrum infortunatum,11.0,0.0,0.0,0.0,0.0,0.0,0.0,0.0,0.0,0.0,0.0,5.0,
HP36,B3,,HP36_P3B,Benchmark,Litsea bourdillonii,12.0,0.0,0.0,0.0,0.0,0.0,0.0,0.0,0.0,0.0,0.0,5.5,
HP36,B3,,HP36_P3B,Benchmark,Gomphandra coriacea,73.0,0.0,0.0,0.0,0.0,0.0,0.0,0.0,0.0,0.0,0.0,10.0,
HP36,B3,,HP36_P3B,Benchmark,Aglaia canarana,103.0,0.0,0.0,0.0,0.0,0.0,0.0,0.0,0.0,0.0,0.0,16.0,
HP36,B3,,HP36_P3B,Benchmark,Lepisanthes deficiens,30.0,0.0,0.0,0.0,0.0,0.0,0.0,0.0,0.0,0.0,0.0,4.5,
HP36,B3,,HP36_P3B,Benchmark,Neolitsea zeylanica,12.0,0.0,0.0,0.0,0.0,0.0,0.0,0.0,0.0,0.0,0.0,5.0,
HP36,B3,,HP36_P3B,Benchmark,Cryptocarya wightii,10.0,0.0,0.0,0.0,0.0,0.0,0.0,0.0,0.0,0.0,0.0,4.5,
HP36,B3,,HP36_P3B,Benchmark,Litsea stocksii,11.0,0.0,0.0,0.0,0.0,0.0,0.0,0.0,0.0,0.0,0.0,5.0,
HP36,B3,,HP36_P3B,Benchmark,Persea macarantha,44.0,0.0,0.0,0.0,0.0,0.0,0.0,0.0,0.0,0.0,0.0,10.0,
HP36,B3,,HP36_P3B,Benchmark,Lepisanthes deficiens,16.0,0.0,0.0,0.0,0.0,0.0,0.0,0.0,0.0,0.0,0.0,6.5,
HP36,B3,,HP36_P3B,Benchmark,Ardisia pauciflora,23.0,24.0,0.0,0.0,0.0,0.0,0.0,0.0,0.0,0.0,0.0,8.0,
HP36,B3,,HP36_P3B,Benchmark,Cinnamomum malabathrum,10.0,0.0,0.0,0.0,0.0,0.0,0.0,0.0,0.0,0.0,0.0,5.5,
HP36,B3,,HP36_P3B,Benchmark,Ardisia pauciflora,21.0,0.0,0.0,0.0,0.0,0.0,0.0,0.0,0.0,0.0,0.0,7.0,
HP36,B3,,HP36_P3B,Benchmark,Clerodendrum infortunatum,39.0,0.0,0.0,0.0,0.0,0.0,0.0,0.0,0.0,0.0,0.0,12.0,
HP36,B3,,HP36_P3B,Benchmark,Litsea stocksii,16.0,0.0,0.0,0.0,0.0,0.0,0.0,0.0,0.0,0.0,0.0,7.0,
HP36,B3,,HP36_P3B,Benchmark,Ardisia pauciflora,10.0,0.0,0.0,0.0,0.0,0.0,0.0,0.0,0.0,0.0,0.0,4.5,
HP36,B3,,HP36_P3B,Benchmark,Lepisanthes deficiens,24.0,0.0,0.0,0.0,0.0,0.0,0.0,0.0,0.0,0.0,0.0,8.0,
HP36,B3,,HP36_P3B,Benchmark,Ardisia pauciflora,26.0,0.0,0.0,0.0,0.0,0.0,0.0,0.0,0.0,0.0,0.0,8.5,
HP36,B3,,HP36_P3B,Benchmark,Litsea stocksii,23.0,0.0,0.0,0.0,0.0,0.0,0.0,0.0,0.0,0.0,0.0,8.0,
HP36,B3,,HP36_P3B,Benchmark,Ardisia pauciflora,31.0,0.0,0.0,0.0,0.0,0.0,0.0,0.0,0.0,0.0,0.0,7.5,
HP36,B3,,HP36_P3B,Benchmark,Ardisia pauciflora,11.0,0.0,0.0,0.0,0.0,0.0,0.0,0.0,0.0,0.0,0.0,6.0,
HP36,B3,,HP36_P3B,Benchmark,Cinnamomum malabathrum,31.0,0.0,0.0,0.0,0.0,0.0,0.0,0.0,0.0,0.0,0.0,12.0,
HP36,B3,,HP36_P3B,Benchmark,Beilschmiedia wightii,176.0,0.0,0.0,0.0,0.0,0.0,0.0,0.0,0.0,0.0,0.0,22.0,
HP36,B3,,HP36_P3B,Benchmark,Actinodaphne tadulingamii,22.0,0.0,0.0,0.0,0.0,0.0,0.0,0.0,0.0,0.0,0.0,10.0,
HP36,B3,,HP36_P3B,Benchmark,Ardisia pauciflora,28.0,0.0,0.0,0.0,0.0,0.0,0.0,0.0,0.0,0.0,0.0,9.5,
HP36,B3,,HP36_P3B,Benchmark,Ardisia pauciflora,18.0,0.0,0.0,0.0,0.0,0.0,0.0,0.0,0.0,0.0,0.0,6.5,
HP36,B3,,HP36_P3B,Benchmark,Neolitsea zeylanica,13.0,0.0,0.0,0.0,0.0,0.0,0.0,0.0,0.0,0.0,0.0,5.5,
HP36,B3,,HP36_P3B,Benchmark,Litsea oleiodes,120.0,0.0,0.0,0.0,0.0,0.0,0.0,0.0,0.0,0.0,0.0,23.0,
HP36,B3,,HP36_P3B,Benchmark,Bhesa indica,182.0,0.0,0.0,0.0,0.0,0.0,0.0,0.0,0.0,0.0,0.0,27.0,
HP36,B3,,HP36_P3B,Benchmark,Ardisia pauciflora,16.0,0.0,0.0,0.0,0.0,0.0,0.0,0.0,0.0,0.0,0.0,6.0,
HP36,B3,,HP36_P3B,Benchmark,Beilschmiedia wightii,11.0,0.0,0.0,0.0,0.0,0.0,0.0,0.0,0.0,0.0,0.0,4.5,
HP36,B3,,HP36_P3B,Benchmark,Canarium strictum,12.0,0.0,0.0,0.0,0.0,0.0,0.0,0.0,0.0,0.0,0.0,6.5,
HP36,B3,,HP36_P3B,Benchmark,Villebrunea integrifolia,82.0,24.0,0.0,0.0,0.0,0.0,0.0,0.0,0.0,0.0,0.0,12.0,
HP36,B3,,HP36_P3B,Benchmark,Cullenia exarillata,226.0,0.0,0.0,0.0,0.0,0.0,0.0,0.0,0.0,0.0,0.0,29.0,
HP36,B3,,HP36_P3B,Benchmark,Persea macarantha,26.0,0.0,0.0,0.0,0.0,0.0,0.0,0.0,0.0,0.0,0.0,12.0,
HP36,B3,,HP36_P3B,Benchmark,Litsea stocksii,10.0,0.0,0.0,0.0,0.0,0.0,0.0,0.0,0.0,0.0,0.0,5.5,
HP36,B3,,HP36_P3B,Benchmark,Ardisia pauciflora,17.0,0.0,0.0,0.0,0.0,0.0,0.0,0.0,0.0,0.0,0.0,7.0,
HP36,B3,,HP36_P3B,Benchmark,Beilschmiedia wightii,11.0,0.0,0.0,0.0,0.0,0.0,0.0,0.0,0.0,0.0,0.0,6.5,
HP36,B3,,HP36_P3B,Benchmark,Ardisia pauciflora,27.0,11.0,0.0,0.0,0.0,0.0,0.0,0.0,0.0,0.0,0.0,6.5,
HP36,B3,,HP36_P3B,Benchmark,Litsea bourdillonii,28.0,0.0,0.0,0.0,0.0,0.0,0.0,0.0,0.0,0.0,0.0,8.5,
HP36,B3,,HP36_P3B,Benchmark,Lepisanthes deficiens,29.0,0.0,0.0,0.0,0.0,0.0,0.0,0.0,0.0,0.0,0.0,8.0,
HP36,B3,,HP36_P3B,Benchmark,Beilschmiedia wightii,12.0,0.0,0.0,0.0,0.0,0.0,0.0,0.0,0.0,0.0,0.0,6.5,
HP36,B3,,HP36_P3B,Benchmark,Villebrunea integrifolia,45.0,0.0,0.0,0.0,0.0,0.0,0.0,0.0,0.0,0.0,0.0,12.0,
HP36,B3,,HP36_P3B,Benchmark,Ardisia pauciflora,17.0,0.0,0.0,0.0,0.0,0.0,0.0,0.0,0.0,0.0,0.0,4.5,
HP36,B3,,HP36_P3B,Benchmark,Litsea bourdillonii,15.0,0.0,0.0,0.0,0.0,0.0,0.0,0.0,0.0,0.0,0.0,8.0,
HP36,B3,,HP36_P3B,Benchmark,Myristica dactyloides,21.0,0.0,0.0,0.0,0.0,0.0,0.0,0.0,0.0,0.0,0.0,10.0,
HP36,B3,,HP36_P3B,Benchmark,Cryptocarya wightii,14.0,0.0,0.0,0.0,0.0,0.0,0.0,0.0,0.0,0.0,0.0,6.0,
HP36,B3,,HP36_P3B,Benchmark,Litsea stocksii,10.0,0.0,0.0,0.0,0.0,0.0,0.0,0.0,0.0,0.0,0.0,6.0,
HP36,B3,,HP36_P3B,Benchmark,Persea macarantha,39.0,0.0,0.0,0.0,0.0,0.0,0.0,0.0,0.0,0.0,0.0,15.0,
HP36,B3,,HP36_P3B,Benchmark,Ardisia pauciflora,25.0,0.0,0.0,0.0,0.0,0.0,0.0,0.0,0.0,0.0,0.0,9.0,
HP36,B3,,HP36_P3B,Benchmark,Litsea stocksii,17.0,0.0,0.0,0.0,0.0,0.0,0.0,0.0,0.0,0.0,0.0,6.0,
HP36,B3,,HP36_P3B,Benchmark,Cryptocarya wightii,13.0,0.0,0.0,0.0,0.0,0.0,0.0,0.0,0.0,0.0,0.0,6.0,
HP36,B3,,HP36_P3B,Benchmark,Canarium strictum,25.0,0.0,0.0,0.0,0.0,0.0,0.0,0.0,0.0,0.0,0.0,11.0,
HP36,B3,,HP36_P3B,Benchmark,Persea macarantha,66.0,0.0,0.0,0.0,0.0,0.0,0.0,0.0,0.0,0.0,0.0,14.0,
HP36,B3,,HP36_P3B,Benchmark,Ardisia pauciflora,20.0,0.0,0.0,0.0,0.0,0.0,0.0,0.0,0.0,0.0,0.0,6.5,
HP36,B3,,HP36_P3B,Benchmark,Ardisia pauciflora,12.0,0.0,0.0,0.0,0.0,0.0,0.0,0.0,0.0,0.0,0.0,4.5,
HP36,B3,,HP36_P3B,Benchmark,Ardisia pauciflora,20.0,25.0,22.0,0.0,0.0,0.0,0.0,0.0,0.0,0.0,0.0,6.5,
HP36,B3,,HP36_P3B,Benchmark,Ardisia pauciflora,22.0,14.0,0.0,0.0,0.0,0.0,0.0,0.0,0.0,0.0,0.0,7.0,
HP36,B3,,HP36_P3B,Benchmark,Litsea stocksii,20.0,0.0,0.0,0.0,0.0,0.0,0.0,0.0,0.0,0.0,0.0,6.0,
HP36,B3,,HP36_P3B,Benchmark,Villebrunea integrifolia,52.0,0.0,0.0,0.0,0.0,0.0,0.0,0.0,0.0,0.0,0.0,12.5,
HP36,B3,,HP36_P3B,Benchmark,Neolitsea zeylanica,47.0,0.0,0.0,0.0,0.0,0.0,0.0,0.0,0.0,0.0,0.0,13.0,
HP36,B3,,HP36_P3B,Benchmark,Lepisanthes deficiens,25.0,0.0,0.0,0.0,0.0,0.0,0.0,0.0,0.0,0.0,0.0,7.0,
HP36,B3,,HP36_P3B,Benchmark,Villebrunea integrifolia,23.0,21.0,0.0,0.0,0.0,0.0,0.0,0.0,0.0,0.0,0.0,6.0,
HP36,B3,,HP36_P3B,Benchmark,Litsea stocksii,14.0,0.0,0.0,0.0,0.0,0.0,0.0,0.0,0.0,0.0,0.0,6.0,
HP36,B3,,HP36_P3B,Benchmark,Ardisia pauciflora,26.0,0.0,0.0,0.0,0.0,0.0,0.0,0.0,0.0,0.0,0.0,6.5,
HP36,B3,,HP36_P3B,Benchmark,Lepisanthes deficiens,39.0,0.0,0.0,0.0,0.0,0.0,0.0,0.0,0.0,0.0,0.0,7.5,
HP36,B3,,HP36_P3B,Benchmark,Ardisia pauciflora,13.0,0.0,0.0,0.0,0.0,0.0,0.0,0.0,0.0,0.0,0.0,5.0,
HP36,B3,,HP36_P3B,Benchmark,Villebrunea integrifolia,12.0,0.0,0.0,0.0,0.0,0.0,0.0,0.0,0.0,0.0,0.0,7.5,
HP36,B3,,HP36_P3B,Benchmark,Elaeocarpus tuberculatus,588.0,110.0,0.0,0.0,0.0,0.0,0.0,0.0,0.0,0.0,0.0,36.0,
HP36,B3,,HP36_P3B,Benchmark,Aphanamixis polystachya,11.0,0.0,0.0,0.0,0.0,0.0,0.0,0.0,0.0,0.0,0.0,4.5,
HP36,B3,,HP36_P3B,Benchmark,Litsea stocksii,18.0,0.0,0.0,0.0,0.0,0.0,0.0,0.0,0.0,0.0,0.0,7.0,
HP36,B3,,HP36_P3B,Benchmark,Litsea stocksii,22.0,0.0,0.0,0.0,0.0,0.0,0.0,0.0,0.0,0.0,0.0,7.0,
HP36,B3,,HP36_P3B,Benchmark,Aphanamixis polystachya,19.0,0.0,0.0,0.0,0.0,0.0,0.0,0.0,0.0,0.0,0.0,6.0,
HP36,B3,,HP36_P3B,Benchmark,Litsea stocksii,10.0,0.0,0.0,0.0,0.0,0.0,0.0,0.0,0.0,0.0,0.0,5.5,
HP36,B3,,HP36_P3B,Benchmark,Litsea stocksii,13.0,0.0,0.0,0.0,0.0,0.0,0.0,0.0,0.0,0.0,0.0,6.0,
HP36,B3,,HP36_P3B,Benchmark,Litsea stocksii,11.0,0.0,0.0,0.0,0.0,0.0,0.0,0.0,0.0,0.0,0.0,5.5,
HP36,B3,,HP36_P3B,Benchmark,Lepisanthes deficiens,30.0,0.0,0.0,0.0,0.0,0.0,0.0,0.0,0.0,0.0,0.0,7.5,
HP36,B3,,HP36_P3B,Benchmark,Syzygium hemisphericum,11.0,0.0,0.0,0.0,0.0,0.0,0.0,0.0,0.0,0.0,0.0,4.5,
HP36,B3,,HP36_P3B,Benchmark,Ardisia pauciflora,14.0,0.0,0.0,0.0,0.0,0.0,0.0,0.0,0.0,0.0,0.0,5.5,
HP36,B3,,HP36_P3B,Benchmark,Neolitsea zeylanica,10.0,0.0,0.0,0.0,0.0,0.0,0.0,0.0,0.0,0.0,0.0,5.5,
HP36,B3,,HP36_P3B,Benchmark,Actinodaphne bourdillonii,18.0,0.0,0.0,0.0,0.0,0.0,0.0,0.0,0.0,0.0,0.0,8.0,
HP36,B3,,HP36_P3B,Benchmark,Cinnamomum malabathrum,72.0,0.0,0.0,0.0,0.0,0.0,0.0,0.0,0.0,0.0,0.0,15.0,
HP36,B3,,HP36_P3B,Benchmark,Litsea bourdillonii,13.0,0.0,0.0,0.0,0.0,0.0,0.0,0.0,0.0,0.0,0.0,6.5,
HP36,B4,,HP36_P4B,Benchmark,Cullenia exarillata,168.0,0.0,0.0,0.0,0.0,0.0,0.0,0.0,0.0,0.0,0.0,23.0,
HP36,B4,,HP36_P4B,Benchmark,Villebrunea integrifolia,49.0,0.0,0.0,0.0,0.0,0.0,0.0,0.0,0.0,0.0,0.0,9.0,
HP36,B4,,HP36_P4B,Benchmark,Heritiera papilio,12.0,0.0,0.0,0.0,0.0,0.0,0.0,0.0,0.0,0.0,0.0,6.0,
HP36,B4,,HP36_P4B,Benchmark,Lepisanthes deficiens,13.0,0.0,0.0,0.0,0.0,0.0,0.0,0.0,0.0,0.0,0.0,5.5,
HP36,B4,,HP36_P4B,Benchmark,Actinodaphne bourdillonii,110.0,0.0,0.0,0.0,0.0,0.0,0.0,0.0,0.0,0.0,0.0,24.0,
HP36,B4,,HP36_P4B,Benchmark,Litsea stocksii,13.0,0.0,0.0,0.0,0.0,0.0,0.0,0.0,0.0,0.0,0.0,5.5,
HP36,B4,,HP36_P4B,Benchmark,Myristica dactyloides,47.0,0.0,0.0,0.0,0.0,0.0,0.0,0.0,0.0,0.0,0.0,3.5,
HP36,B4,,HP36_P4B,Benchmark,Heritiera papilio,11.0,0.0,0.0,0.0,0.0,0.0,0.0,0.0,0.0,0.0,0.0,5.5,
HP36,B4,,HP36_P4B,Benchmark,Acronychia pedunculata,54.0,0.0,0.0,0.0,0.0,0.0,0.0,0.0,0.0,0.0,0.0,14.0,
HP36,B4,,HP36_P4B,Benchmark,Litsea stocksii,14.0,0.0,0.0,0.0,0.0,0.0,0.0,0.0,0.0,0.0,0.0,5.5,
HP36,B4,,HP36_P4B,Benchmark,Aphanamixis polystachya,11.0,0.0,0.0,0.0,0.0,0.0,0.0,0.0,0.0,0.0,0.0,6.0,
HP36,B4,,HP36_P4B,Benchmark,Cryptocarya wightii,58.0,0.0,0.0,0.0,0.0,0.0,0.0,0.0,0.0,0.0,0.0,13.0,
HP36,B4,,HP36_P4B,Benchmark,Persea macarantha,10.0,0.0,0.0,0.0,0.0,0.0,0.0,0.0,0.0,0.0,0.0,6.0,
HP36,B4,,HP36_P4B,Benchmark,Syzygium densiflorum,108.0,0.0,0.0,0.0,0.0,0.0,0.0,0.0,0.0,0.0,0.0,21.0,
HP36,B4,,HP36_P4B,Benchmark,Myristica dactyloides,13.0,0.0,0.0,0.0,0.0,0.0,0.0,0.0,0.0,0.0,0.0,5.5,
HP36,B4,,HP36_P4B,Benchmark,Litsea stocksii,11.0,0.0,0.0,0.0,0.0,0.0,0.0,0.0,0.0,0.0,0.0,5.5,
HP36,B4,,HP36_P4B,Benchmark,Litsea stocksii,16.0,0.0,0.0,0.0,0.0,0.0,0.0,0.0,0.0,0.0,0.0,6.5,
HP36,B4,,HP36_P4B,Benchmark,Hydnocarpus alpina,86.0,0.0,0.0,0.0,0.0,0.0,0.0,0.0,0.0,0.0,0.0,13.0,
HP36,B4,,HP36_P4B,Benchmark,Clerodendrum infortunatum,19.0,0.0,0.0,0.0,0.0,0.0,0.0,0.0,0.0,0.0,0.0,7.0,
HP36,B4,,HP36_P4B,Benchmark,Clerodendrum infortunatum,26.0,0.0,0.0,0.0,0.0,0.0,0.0,0.0,0.0,0.0,0.0,9.0,
HP36,B4,,HP36_P4B,Benchmark,Litsea stocksii,10.0,0.0,0.0,0.0,0.0,0.0,0.0,0.0,0.0,0.0,0.0,5.5,
HP36,B4,,HP36_P4B,Benchmark,Cinnamomum malabathrum,16.0,0.0,0.0,0.0,0.0,0.0,0.0,0.0,0.0,0.0,0.0,4.5,
HP36,B4,,HP36_P4B,Benchmark,Syzygium densiflorum,17.0,0.0,0.0,0.0,0.0,0.0,0.0,0.0,0.0,0.0,0.0,6.5,
HP36,B4,,HP36_P4B,Benchmark,Ardisia pauciflora,10.0,0.0,0.0,0.0,0.0,0.0,0.0,0.0,0.0,0.0,0.0,4.5,
HP36,B4,,HP36_P4B,Benchmark,Croton zeylanicus,15.0,0.0,0.0,0.0,0.0,0.0,0.0,0.0,0.0,0.0,0.0,4.0,
HP36,B4,,HP36_P4B,Benchmark,Myristica dactyloides,10.0,0.0,0.0,0.0,0.0,0.0,0.0,0.0,0.0,0.0,0.0,5.5,
HP36,B4,,HP36_P4B,Benchmark,Murraya paniculata,11.0,0.0,0.0,0.0,0.0,0.0,0.0,0.0,0.0,0.0,0.0,4.5,
HP36,B4,,HP36_P4B,Benchmark,Litsea stocksii,16.0,0.0,0.0,0.0,0.0,0.0,0.0,0.0,0.0,0.0,0.0,5.0,
HP36,B4,,HP36_P4B,Benchmark,Neolitsea zeylanica,28.0,0.0,0.0,0.0,0.0,0.0,0.0,0.0,0.0,0.0,0.0,9.0,
HP36,B4,,HP36_P4B,Benchmark,Croton zeylanicus,10.0,0.0,0.0,0.0,0.0,0.0,0.0,0.0,0.0,0.0,0.0,4.5,
HP36,B4,,HP36_P4B,Benchmark,Lepisanthes deficiens,10.0,0.0,0.0,0.0,0.0,0.0,0.0,0.0,0.0,0.0,0.0,4.5,
HP36,B4,,HP36_P4B,Benchmark,Villebrunea integrifolia,24.0,0.0,0.0,0.0,0.0,0.0,0.0,0.0,0.0,0.0,0.0,6.5,
HP36,B4,,HP36_P4B,Benchmark,Myristica dactyloides,129.0,0.0,0.0,0.0,0.0,0.0,0.0,0.0,0.0,0.0,0.0,19.0,
HP36,B4,,HP36_P4B,Benchmark,Croton zeylanicus,16.0,10.0,0.0,0.0,0.0,0.0,0.0,0.0,0.0,0.0,0.0,4.0,
HP36,B4,,HP36_P4B,Benchmark,Heritiera papilio,15.0,0.0,0.0,0.0,0.0,0.0,0.0,0.0,0.0,0.0,0.0,4.5,
HP36,B4,,HP36_P4B,Benchmark,Syzygium densiflorum,16.0,0.0,0.0,0.0,0.0,0.0,0.0,0.0,0.0,0.0,0.0,6.0,
HP36,B4,,HP36_P4B,Benchmark,Heritiera papilio,10.0,0.0,0.0,0.0,0.0,0.0,0.0,0.0,0.0,0.0,0.0,5.5,
HP36,B4,,HP36_P4B,Benchmark,Gomphandra coriacea,80.0,0.0,0.0,0.0,0.0,0.0,0.0,0.0,0.0,0.0,0.0,9.5,
HP36,B4,,HP36_P4B,Benchmark,Syzygium densiflorum,10.0,13.0,0.0,0.0,0.0,0.0,0.0,0.0,0.0,0.0,0.0,5.5,
HP36,B4,,HP36_P4B,Benchmark,Lepisanthes deficiens,12.0,0.0,0.0,0.0,0.0,0.0,0.0,0.0,0.0,0.0,0.0,5.5,
HP36,B4,,HP36_P4B,Benchmark,Croton zeylanicus,17.0,0.0,0.0,0.0,0.0,0.0,0.0,0.0,0.0,0.0,0.0,4.0,
HP36,B4,,HP36_P4B,Benchmark,Cryptocarya wightii,10.0,18.0,83.0,10.0,0.0,0.0,0.0,0.0,0.0,0.0,0.0,15.0,
HP36,B4,,HP36_P4B,Benchmark,Croton zeylanicus,10.0,0.0,0.0,0.0,0.0,0.0,0.0,0.0,0.0,0.0,0.0,3.5,
HP36,B4,,HP36_P4B,Benchmark,Cinnamomum malabathrum,110.0,0.0,0.0,0.0,0.0,0.0,0.0,0.0,0.0,0.0,0.0,19.0,
HP36,B4,,HP36_P4B,Benchmark,Litsea stocksii,50.0,0.0,0.0,0.0,0.0,0.0,0.0,0.0,0.0,0.0,0.0,12.0,
HP36,B4,,HP36_P4B,Benchmark,Litsea stocksii,10.0,0.0,0.0,0.0,0.0,0.0,0.0,0.0,0.0,0.0,0.0,4.5,
HP36,B4,,HP36_P4B,Benchmark,Clerodendrum infortunatum,23.0,0.0,0.0,0.0,0.0,0.0,0.0,0.0,0.0,0.0,0.0,8.0,
HP36,B4,,HP36_P4B,Benchmark,Heritiera papilio,10.0,0.0,0.0,0.0,0.0,0.0,0.0,0.0,0.0,0.0,0.0,4.0,
HP36,B4,,HP36_P4B,Benchmark,Litsea stocksii,20.0,0.0,0.0,0.0,0.0,0.0,0.0,0.0,0.0,0.0,0.0,7.0,
HP36,B4,,HP36_P4B,Benchmark,Cryptocarya wightii,18.0,0.0,0.0,0.0,0.0,0.0,0.0,0.0,0.0,0.0,0.0,6.0,
HP36,B4,,HP36_P4B,Benchmark,Heritiera papilio,238.0,0.0,0.0,0.0,0.0,0.0,0.0,0.0,0.0,0.0,0.0,30.0,
HP36,B4,,HP36_P4B,Benchmark,Holigarna nigra,160.0,0.0,0.0,0.0,0.0,0.0,0.0,0.0,0.0,0.0,0.0,26.0,
HP36,B4,,HP36_P4B,Benchmark,Mesua ferrea,238.0,0.0,0.0,0.0,0.0,0.0,0.0,0.0,0.0,0.0,0.0,22.0,
HP36,B4,,HP36_P4B,Benchmark,Syzygium densiflorum,16.0,0.0,0.0,0.0,0.0,0.0,0.0,0.0,0.0,0.0,0.0,8.0,
HP36,B4,,HP36_P4B,Benchmark,Clerodendrum infortunatum,34.0,0.0,0.0,0.0,0.0,0.0,0.0,0.0,0.0,0.0,0.0,7.5,
Old_Cavarkal,B1,,OLCA_P1B,Benchmark,Villebrunea integrifolia,23.0,0.0,0.0,0.0,0.0,0.0,0.0,0.0,0.0,0.0,0.0,6.0,
Old_Cavarkal,B1,,OLCA_P1B,Benchmark,Villebrunea integrifolia,15.0,12.0,0.0,0.0,0.0,0.0,0.0,0.0,0.0,0.0,0.0,5.0,
Old_Cavarkal,B1,,OLCA_P1B,Benchmark,Dendrocnide sinuata,17.0,0.0,0.0,0.0,0.0,0.0,0.0,0.0,0.0,0.0,0.0,5.0,
Old_Cavarkal,B1,,OLCA_P1B,Benchmark,Phoebe lanceolata,15.0,0.0,0.0,0.0,0.0,0.0,0.0,0.0,0.0,0.0,0.0,4.5,
Old_Cavarkal,B1,,OLCA_P1B,Benchmark,Neolitsea sp.,10.0,0.0,0.0,0.0,0.0,0.0,0.0,0.0,0.0,0.0,0.0,3.5,
Old_Cavarkal,B1,,OLCA_P1B,Benchmark,Syzygium densiflorum,10.0,0.0,0.0,0.0,0.0,0.0,0.0,0.0,0.0,0.0,0.0,3.5,
Old_Cavarkal,B1,,OLCA_P1B,Benchmark,Dimocarpus longan,13.0,0.0,0.0,0.0,0.0,0.0,0.0,0.0,0.0,0.0,0.0,6.5,
Old_Cavarkal,B1,,OLCA_P1B,Benchmark,Syzygium densiflorum,12.0,11.0,0.0,0.0,0.0,0.0,0.0,0.0,0.0,0.0,0.0,4.5,
Old_Cavarkal,B1,,OLCA_P1B,Benchmark,Dimocarpus longan,12.0,0.0,0.0,0.0,0.0,0.0,0.0,0.0,0.0,0.0,0.0,6.5,
Old_Cavarkal,B1,,OLCA_P1B,Benchmark,Syzygium densiflorum,13.0,0.0,0.0,0.0,0.0,0.0,0.0,0.0,0.0,0.0,0.0,4.5,
Old_Cavarkal,B1,,OLCA_P1B,Benchmark,Ardisia pauciflora,12.0,0.0,0.0,0.0,0.0,0.0,0.0,0.0,0.0,0.0,0.0,3.5,
Old_Cavarkal,B1,,OLCA_P1B,Benchmark,Myristica dactyloides,20.0,0.0,0.0,0.0,0.0,0.0,0.0,0.0,0.0,0.0,0.0,5.5,
Old_Cavarkal,B1,,OLCA_P1B,Benchmark,Cinnamomum malabathrum,19.0,0.0,0.0,0.0,0.0,0.0,0.0,0.0,0.0,0.0,0.0,5.5,
Old_Cavarkal,B1,,OLCA_P1B,Benchmark,Eugenia sp.,10.0,0.0,0.0,0.0,0.0,0.0,0.0,0.0,0.0,0.0,0.0,3.0,
Old_Cavarkal,B1,,OLCA_P1B,Benchmark,Cullenia exarillata,282.0,0.0,0.0,0.0,0.0,0.0,0.0,0.0,0.0,0.0,0.0,36.0,
Old_Cavarkal,B1,,OLCA_P1B,Benchmark,Syzygium gardneri,10.0,0.0,0.0,0.0,0.0,0.0,0.0,0.0,0.0,0.0,0.0,5.0,
Old_Cavarkal,B1,,OLCA_P1B,Benchmark,Actinodaphne tadulingamii,13.0,0.0,0.0,0.0,0.0,0.0,0.0,0.0,0.0,0.0,0.0,6.5,
Old_Cavarkal,B1,,OLCA_P1B,Benchmark,Mangifera indica,34.0,0.0,0.0,0.0,0.0,0.0,0.0,0.0,0.0,0.0,0.0,4.5,
Old_Cavarkal,B1,,OLCA_P1B,Benchmark,Neolitsea sp.,13.0,0.0,0.0,0.0,0.0,0.0,0.0,0.0,0.0,0.0,0.0,6.5,
Old_Cavarkal,B1,,OLCA_P1B,Benchmark,Neolitsea sp.,15.0,0.0,0.0,0.0,0.0,0.0,0.0,0.0,0.0,0.0,0.0,6.5,
Old_Cavarkal,B1,,OLCA_P1B,Benchmark,Apollonias arnottii,15.0,0.0,0.0,0.0,0.0,0.0,0.0,0.0,0.0,0.0,0.0,5.0,
Old_Cavarkal,B1,,OLCA_P1B,Benchmark,Villebrunea integrifolia,30.0,0.0,0.0,0.0,0.0,0.0,0.0,0.0,0.0,0.0,0.0,7.0,
Old_Cavarkal,B1,,OLCA_P1B,Benchmark,Palaquium ellipticum,295.0,0.0,0.0,0.0,0.0,0.0,0.0,0.0,0.0,0.0,0.0,34.0,
Old_Cavarkal,B1,,OLCA_P1B,Benchmark,Villebrunea integrifolia,18.0,0.0,0.0,0.0,0.0,0.0,0.0,0.0,0.0,0.0,0.0,6.0,
Old_Cavarkal,B1,,OLCA_P1B,Benchmark,Villebrunea integrifolia,31.0,0.0,0.0,0.0,0.0,0.0,0.0,0.0,0.0,0.0,0.0,6.0,
Old_Cavarkal,B1,,OLCA_P1B,Benchmark,Cinnamomum malabathrum,35.0,0.0,0.0,0.0,0.0,0.0,0.0,0.0,0.0,0.0,0.0,12.0,
Old_Cavarkal,B1,,OLCA_P1B,Benchmark,Psychotria anamallayana,12.0,0.0,0.0,0.0,0.0,0.0,0.0,0.0,0.0,0.0,0.0,3.5,
Old_Cavarkal,B1,,OLCA_P1B,Benchmark,Eugenia sp.,13.0,0.0,0.0,0.0,0.0,0.0,0.0,0.0,0.0,0.0,0.0,5.0,
Old_Cavarkal,B1,,OLCA_P1B,Benchmark,Syzygium densiflorum,13.0,0.0,0.0,0.0,0.0,0.0,0.0,0.0,0.0,0.0,0.0,4.0,
Old_Cavarkal,B1,,OLCA_P1B,Benchmark,Ardisia pauciflora,16.0,0.0,0.0,0.0,0.0,0.0,0.0,0.0,0.0,0.0,0.0,5.5,
Old_Cavarkal,B1,,OLCA_P1B,Benchmark,Dimocarpus longan,10.0,0.0,0.0,0.0,0.0,0.0,0.0,0.0,0.0,0.0,0.0,5.5,
Old_Cavarkal,B1,,OLCA_P1B,Benchmark,Apollonias arnottii,10.0,0.0,0.0,0.0,0.0,0.0,0.0,0.0,0.0,0.0,0.0,5.0,
Old_Cavarkal,B1,,OLCA_P1B,Benchmark,Gomphandra coriacea,46.0,0.0,0.0,0.0,0.0,0.0,0.0,0.0,0.0,0.0,0.0,5.5,
Old_Cavarkal,B1,,OLCA_P1B,Benchmark,Dimocarpus longan,16.0,0.0,0.0,0.0,0.0,0.0,0.0,0.0,0.0,0.0,0.0,6.5,
Old_Cavarkal,B1,,OLCA_P1B,Benchmark,Gomphandra coriacea,18.0,0.0,0.0,0.0,0.0,0.0,0.0,0.0,0.0,0.0,0.0,4.5,
Old_Cavarkal,B1,,OLCA_P1B,Benchmark,Eugenia sp.,13.0,0.0,0.0,0.0,0.0,0.0,0.0,0.0,0.0,0.0,0.0,4.5,
Old_Cavarkal,B1,,OLCA_P1B,Benchmark,Gomphandra coriacea,70.0,0.0,0.0,0.0,0.0,0.0,0.0,0.0,0.0,0.0,0.0,6.5,
Old_Cavarkal,B1,,OLCA_P1B,Benchmark,Neolitsea sp.,20.0,0.0,0.0,0.0,0.0,0.0,0.0,0.0,0.0,0.0,0.0,5.5,
Old_Cavarkal,B1,,OLCA_P1B,Benchmark,Eugenia sp.,12.0,0.0,0.0,0.0,0.0,0.0,0.0,0.0,0.0,0.0,0.0,4.0,
Old_Cavarkal,B1,,OLCA_P1B,Benchmark,Eugenia sp.,27.0,0.0,0.0,0.0,0.0,0.0,0.0,0.0,0.0,0.0,0.0,4.5,
Old_Cavarkal,B1,,OLCA_P1B,Benchmark,Litsea floribunda,14.0,0.0,0.0,0.0,0.0,0.0,0.0,0.0,0.0,0.0,0.0,4.0,
Old_Cavarkal,B1,,OLCA_P1B,Benchmark,Neolitsea sp.,20.0,0.0,0.0,0.0,0.0,0.0,0.0,0.0,0.0,0.0,0.0,6.0,
Old_Cavarkal,B1,,OLCA_P1B,Benchmark,Villebrunea integrifolia,29.0,0.0,0.0,0.0,0.0,0.0,0.0,0.0,0.0,0.0,0.0,6.0,
Old_Cavarkal,B1,,OLCA_P1B,Benchmark,Palaquium ellipticum,162.0,0.0,0.0,0.0,0.0,0.0,0.0,0.0,0.0,0.0,0.0,25.0,
Old_Cavarkal,B1,,OLCA_P1B,Benchmark,Psychotria anamallayana,12.0,0.0,0.0,0.0,0.0,0.0,0.0,0.0,0.0,0.0,0.0,4.5,
Old_Cavarkal,B1,,OLCA_P1B,Benchmark,Mastixia arborea,14.0,0.0,0.0,0.0,0.0,0.0,0.0,0.0,0.0,0.0,0.0,5.5,
Old_Cavarkal,B1,,OLCA_P1B,Benchmark,Neolitsea sp.,30.0,0.0,0.0,0.0,0.0,0.0,0.0,0.0,0.0,0.0,0.0,6.5,
Old_Cavarkal,B1,,OLCA_P1B,Benchmark,Villebrunea integrifolia,15.0,0.0,0.0,0.0,0.0,0.0,0.0,0.0,0.0,0.0,0.0,6.0,
Old_Cavarkal,B1,,OLCA_P1B,Benchmark,Phoebe lanceolata,13.0,0.0,0.0,0.0,0.0,0.0,0.0,0.0,0.0,0.0,0.0,5.0,
Old_Cavarkal,B1,,OLCA_P1B,Benchmark,Villebrunea integrifolia,48.0,17.0,0.0,0.0,0.0,0.0,0.0,0.0,0.0,0.0,0.0,8.0,
Old_Cavarkal,B1,,OLCA_P1B,Benchmark,Neolitsea sp.,10.0,0.0,0.0,0.0,0.0,0.0,0.0,0.0,0.0,0.0,0.0,3.5,
Old_Cavarkal,B1,,OLCA_P1B,Benchmark,Villebrunea integrifolia,35.0,17.0,0.0,0.0,0.0,0.0,0.0,0.0,0.0,0.0,0.0,7.0,
Old_Cavarkal,B1,,OLCA_P1B,Benchmark,Apollonias arnottii,12.0,0.0,0.0,0.0,0.0,0.0,0.0,0.0,0.0,0.0,0.0,3.0,
Old_Cavarkal,B1,,OLCA_P1B,Benchmark,Syzygium densiflorum,12.0,0.0,0.0,0.0,0.0,0.0,0.0,0.0,0.0,0.0,0.0,4.5,
Old_Cavarkal,B1,,OLCA_P1B,Benchmark,Mesua ferrea,220.0,0.0,0.0,0.0,0.0,0.0,0.0,0.0,0.0,0.0,0.0,29.0,
Old_Cavarkal,B1,,OLCA_P1B,Benchmark,Memecylon sp.,14.0,0.0,0.0,0.0,0.0,0.0,0.0,0.0,0.0,0.0,0.0,4.0,
Old_Cavarkal,B1,,OLCA_P1B,Benchmark,Litsea floribunda,14.0,0.0,0.0,0.0,0.0,0.0,0.0,0.0,0.0,0.0,0.0,5.5,
Old_Cavarkal,B1,,OLCA_P1B,Benchmark,Palaquium ellipticum,215.0,0.0,0.0,0.0,0.0,0.0,0.0,0.0,0.0,0.0,0.0,30.0,
Old_Cavarkal,B2,,OLCA_P2B,Benchmark,Villebrunea integrifolia,77.0,0.0,0.0,0.0,0.0,0.0,0.0,0.0,0.0,0.0,0.0,7.0,
Old_Cavarkal,B2,,OLCA_P2B,Benchmark,Litsea floribunda,20.0,0.0,0.0,0.0,0.0,0.0,0.0,0.0,0.0,0.0,0.0,6.0,
Old_Cavarkal,B2,,OLCA_P2B,Benchmark,Cryptocarya wightii,15.0,0.0,0.0,0.0,0.0,0.0,0.0,0.0,0.0,0.0,0.0,7.0,
Old_Cavarkal,B2,,OLCA_P2B,Benchmark,Ficus hispida,11.0,0.0,0.0,0.0,0.0,0.0,0.0,0.0,0.0,0.0,0.0,6.0,
Old_Cavarkal,B2,,OLCA_P2B,Benchmark,Villebrunea integrifolia,11.0,0.0,0.0,0.0,0.0,0.0,0.0,0.0,0.0,0.0,0.0,5.5,
Old_Cavarkal,B2,,OLCA_P2B,Benchmark,Diospyros sylvatica,12.0,0.0,0.0,0.0,0.0,0.0,0.0,0.0,0.0,0.0,0.0,5.5,
Old_Cavarkal,B2,,OLCA_P2B,Benchmark,Litsea floribunda,17.0,0.0,0.0,0.0,0.0,0.0,0.0,0.0,0.0,0.0,0.0,4.5,
Old_Cavarkal,B2,,OLCA_P2B,Benchmark,Dimocarpus longan,19.0,0.0,0.0,0.0,0.0,0.0,0.0,0.0,0.0,0.0,0.0,7.0,
Old_Cavarkal,B2,,OLCA_P2B,Benchmark,Villebrunea integrifolia,22.0,0.0,0.0,0.0,0.0,0.0,0.0,0.0,0.0,0.0,0.0,5.0,
Old_Cavarkal,B2,,OLCA_P2B,Benchmark,Ficus nervosa,17.0,0.0,0.0,0.0,0.0,0.0,0.0,0.0,0.0,0.0,0.0,5.5,
Old_Cavarkal,B2,,OLCA_P2B,Benchmark,Dendrocnide sinuata,12.0,12.0,0.0,0.0,0.0,0.0,0.0,0.0,0.0,0.0,0.0,3.5,
Old_Cavarkal,B2,,OLCA_P2B,Benchmark,Villebrunea integrifolia,23.0,28.0,0.0,0.0,0.0,0.0,0.0,0.0,0.0,0.0,0.0,7.5,
Old_Cavarkal,B2,,OLCA_P2B,Benchmark,Eugenia sp.,27.0,0.0,0.0,0.0,0.0,0.0,0.0,0.0,0.0,0.0,0.0,6.5,
Old_Cavarkal,B2,,OLCA_P2B,Benchmark,Villebrunea integrifolia,12.0,0.0,0.0,0.0,0.0,0.0,0.0,0.0,0.0,0.0,0.0,5.5,
Old_Cavarkal,B2,,OLCA_P2B,Benchmark,Dendrocnide sinuata,27.0,12.0,0.0,0.0,0.0,0.0,0.0,0.0,0.0,0.0,0.0,6.0,
Old_Cavarkal,B2,,OLCA_P2B,Benchmark,Villebrunea integrifolia,35.0,116.0,0.0,0.0,0.0,0.0,0.0,0.0,0.0,0.0,0.0,12.0,
Old_Cavarkal,B2,,OLCA_P2B,Benchmark,Villebrunea integrifolia,12.0,0.0,0.0,0.0,0.0,0.0,0.0,0.0,0.0,0.0,0.0,3.0,
Old_Cavarkal,B2,,OLCA_P2B,Benchmark,Ficus hispida,12.0,0.0,0.0,0.0,0.0,0.0,0.0,0.0,0.0,0.0,0.0,5.5,
Old_Cavarkal,B2,,OLCA_P2B,Benchmark,Villebrunea integrifolia,18.0,0.0,0.0,0.0,0.0,0.0,0.0,0.0,0.0,0.0,0.0,5.5,
Old_Cavarkal,B2,,OLCA_P2B,Benchmark,Holigarna nigra,101.0,0.0,0.0,0.0,0.0,0.0,0.0,0.0,0.0,0.0,0.0,24.5,
Old_Cavarkal,B2,,OLCA_P2B,Benchmark,Villebrunea integrifolia,22.0,0.0,0.0,0.0,0.0,0.0,0.0,0.0,0.0,0.0,0.0,5.5,
Old_Cavarkal,B2,,OLCA_P2B,Benchmark,Villebrunea integrifolia,14.0,11.0,0.0,0.0,0.0,0.0,0.0,0.0,0.0,0.0,0.0,5.5,
Old_Cavarkal,B2,,OLCA_P2B,Benchmark,Villebrunea integrifolia,25.0,10.0,0.0,0.0,0.0,0.0,0.0,0.0,0.0,0.0,0.0,7.0,
Old_Cavarkal,B2,,OLCA_P2B,Benchmark,Apollonias arnottii,16.0,0.0,0.0,0.0,0.0,0.0,0.0,0.0,0.0,0.0,0.0,4.5,
Old_Cavarkal,B2,,OLCA_P2B,Benchmark,Dimocarpus longan,101.0,0.0,0.0,0.0,0.0,0.0,0.0,0.0,0.0,0.0,0.0,14.5,
Old_Cavarkal,B2,,OLCA_P2B,Benchmark,Dendrocnide sinuata,10.0,0.0,0.0,0.0,0.0,0.0,0.0,0.0,0.0,0.0,0.0,4.0,
Old_Cavarkal,B2,,OLCA_P2B,Benchmark,Villebrunea integrifolia,17.0,0.0,0.0,0.0,0.0,0.0,0.0,0.0,0.0,0.0,0.0,4.5,
Old_Cavarkal,B2,,OLCA_P2B,Benchmark,Villebrunea integrifolia,25.0,0.0,0.0,0.0,0.0,0.0,0.0,0.0,0.0,0.0,0.0,5.5,
Old_Cavarkal,B2,,OLCA_P2B,Benchmark,Garcinia morella,14.0,0.0,0.0,0.0,0.0,0.0,0.0,0.0,0.0,0.0,0.0,4.0,
Old_Cavarkal,B2,,OLCA_P2B,Benchmark,Dendrocnide sinuata,21.0,0.0,0.0,0.0,0.0,0.0,0.0,0.0,0.0,0.0,0.0,5.5,
Old_Cavarkal,B2,,OLCA_P2B,Benchmark,Villebrunea integrifolia,36.0,11.0,0.0,0.0,0.0,0.0,0.0,0.0,0.0,0.0,0.0,7.5,
Old_Cavarkal,B2,,OLCA_P2B,Benchmark,Dendrocnide sinuata,17.0,0.0,0.0,0.0,0.0,0.0,0.0,0.0,0.0,0.0,0.0,4.5,
Old_Cavarkal,B2,,OLCA_P2B,Benchmark,Villebrunea integrifolia,21.0,0.0,0.0,0.0,0.0,0.0,0.0,0.0,0.0,0.0,0.0,6.0,
Old_Cavarkal,B2,,OLCA_P2B,Benchmark,Dendrocnide sinuata,19.0,0.0,0.0,0.0,0.0,0.0,0.0,0.0,0.0,0.0,0.0,5.5,
Old_Cavarkal,B2,,OLCA_P2B,Benchmark,Clerodendrum infortunatum,12.0,0.0,0.0,0.0,0.0,0.0,0.0,0.0,0.0,0.0,0.0,5.5,
Old_Cavarkal,B2,,OLCA_P2B,Benchmark,Villebrunea integrifolia,33.0,0.0,0.0,0.0,0.0,0.0,0.0,0.0,0.0,0.0,0.0,8.0,
Old_Cavarkal,B2,,OLCA_P2B,Benchmark,Villebrunea integrifolia,21.0,0.0,0.0,0.0,0.0,0.0,0.0,0.0,0.0,0.0,0.0,8.0,
Old_Cavarkal,B2,,OLCA_P2B,Benchmark,Villebrunea integrifolia,49.0,0.0,0.0,0.0,0.0,0.0,0.0,0.0,0.0,0.0,0.0,8.5,
Old_Cavarkal,B2,,OLCA_P2B,Benchmark,Villebrunea integrifolia,14.0,0.0,0.0,0.0,0.0,0.0,0.0,0.0,0.0,0.0,0.0,4.5,
Old_Cavarkal,B2,,OLCA_P2B,Benchmark,Villebrunea integrifolia,18.0,0.0,0.0,0.0,0.0,0.0,0.0,0.0,0.0,0.0,0.0,5.5,
Old_Cavarkal,B2,,OLCA_P2B,Benchmark,Villebrunea integrifolia,21.0,12.0,0.0,0.0,0.0,0.0,0.0,0.0,0.0,0.0,0.0,7.0,
Old_Cavarkal,B2,,OLCA_P2B,Benchmark,Dendrocnide sinuata,16.0,18.0,15.0,0.0,0.0,0.0,0.0,0.0,0.0,0.0,0.0,4.5,
Old_Cavarkal,B2,,OLCA_P2B,Benchmark,Dendrocnide sinuata,14.0,0.0,0.0,0.0,0.0,0.0,0.0,0.0,0.0,0.0,0.0,3.0,
Old_Cavarkal,B2,,OLCA_P2B,Benchmark,Agrostistachys borneansis,94.0,0.0,0.0,0.0,0.0,0.0,0.0,0.0,0.0,0.0,0.0,15.0,
Old_Cavarkal,B2,,OLCA_P2B,Benchmark,Dendrocnide sinuata,12.0,0.0,0.0,0.0,0.0,0.0,0.0,0.0,0.0,0.0,0.0,3.0,
Old_Cavarkal,B2,,OLCA_P2B,Benchmark,Dimocarpus longan,203.0,0.0,0.0,0.0,0.0,0.0,0.0,0.0,0.0,0.0,0.0,23.0,
Old_Cavarkal,B2,,OLCA_P2B,Benchmark,Villebrunea integrifolia,74.0,17.0,21.0,14.0,0.0,0.0,0.0,0.0,0.0,0.0,0.0,8.5,
Old_Cavarkal,B2,,OLCA_P2B,Benchmark,Cullenia exarillata,345.0,0.0,0.0,0.0,0.0,0.0,0.0,0.0,0.0,0.0,0.0,34.0,
Old_Cavarkal,B2,,OLCA_P2B,Benchmark,Dimocarpus longan,11.0,0.0,0.0,0.0,0.0,0.0,0.0,0.0,0.0,0.0,0.0,5.0,
UMB,B1,,UPMA_P1B,Benchmark,Dendrocnide sinuata,23.0,23.0,0.0,0.0,0.0,0.0,0.0,0.0,0.0,0.0,0.0,5.5,
UMB,B1,,UPMA_P1B,Benchmark,Dendrocnide sinuata,20.0,23.0,11.0,21.0,0.0,0.0,0.0,0.0,0.0,0.0,0.0,5.0,
UMB,B1,,UPMA_P1B,Benchmark,Hydnocarpus alpina,16.0,0.0,0.0,0.0,0.0,0.0,0.0,0.0,0.0,0.0,0.0,5.0,
UMB,B1,,UPMA_P1B,Benchmark,Paracroton pendulus,14.0,0.0,0.0,0.0,0.0,0.0,0.0,0.0,0.0,0.0,0.0,5.5,
UMB,B1,,UPMA_P1B,Benchmark,Litsea oleiodes,11.0,0.0,0.0,0.0,0.0,0.0,0.0,0.0,0.0,0.0,0.0,5.0,
UMB,B1,,UPMA_P1B,Benchmark,Syzygium densiflorum,10.0,0.0,0.0,0.0,0.0,0.0,0.0,0.0,0.0,0.0,0.0,5.5,
UMB,B1,,UPMA_P1B,Benchmark,Coffea robusta,10.0,0.0,0.0,0.0,0.0,0.0,0.0,0.0,0.0,0.0,0.0,6.5,
UMB,B1,,UPMA_P1B,Benchmark,Coffea robusta,10.0,0.0,0.0,0.0,0.0,0.0,0.0,0.0,0.0,0.0,0.0,7.0,
UMB,B1,,UPMA_P1B,Benchmark,Dendrocnide sinuata,20.0,0.0,0.0,0.0,0.0,0.0,0.0,0.0,0.0,0.0,0.0,6.0,
UMB,B1,,UPMA_P1B,Benchmark,Drypetes malabarica,170.0,0.0,0.0,0.0,0.0,0.0,0.0,0.0,0.0,0.0,0.0,21.5,
UMB,B1,,UPMA_P1B,Benchmark,Drypetes malabarica,173.0,0.0,0.0,0.0,0.0,0.0,0.0,0.0,0.0,0.0,0.0,22.5,
UMB,B1,,UPMA_P1B,Benchmark,Coffea robusta,10.0,0.0,0.0,0.0,0.0,0.0,0.0,0.0,0.0,0.0,0.0,4.5,
UMB,B1,,UPMA_P1B,Benchmark,Coffea robusta,12.0,0.0,0.0,0.0,0.0,0.0,0.0,0.0,0.0,0.0,0.0,5.5,
UMB,B1,,UPMA_P1B,Benchmark,Meiogyne pannosa,10.0,0.0,0.0,0.0,0.0,0.0,0.0,0.0,0.0,0.0,0.0,2.5,
UMB,B1,,UPMA_P1B,Benchmark,Aglaia elaeagnoidea,15.0,0.0,0.0,0.0,0.0,0.0,0.0,0.0,0.0,0.0,0.0,6.0,
UMB,B1,,UPMA_P1B,Benchmark,Dendrocnide sinuata,15.0,13.0,0.0,0.0,0.0,0.0,0.0,0.0,0.0,0.0,0.0,4.5,
UMB,B1,,UPMA_P1B,Benchmark,Paracroton pendulus,145.0,0.0,0.0,0.0,0.0,0.0,0.0,0.0,0.0,0.0,0.0,24.0,
UMB,B1,,UPMA_P1B,Benchmark,Palaquium ellipticum,177.0,0.0,0.0,0.0,0.0,0.0,0.0,0.0,0.0,0.0,0.0,36.0,
UMB,B1,,UPMA_P1B,Benchmark,Reinwardtiodendron anaimalaiense,15.0,0.0,0.0,0.0,0.0,0.0,0.0,0.0,0.0,0.0,0.0,6.0,
UMB,B1,,UPMA_P1B,Benchmark,Aglaia elaeagnoidea,17.0,0.0,0.0,0.0,0.0,0.0,0.0,0.0,0.0,0.0,0.0,5.5,
UMB,B1,,UPMA_P1B,Benchmark,Mesua ferrea,410.0,0.0,0.0,0.0,0.0,0.0,0.0,0.0,0.0,0.0,0.0,27.0,
UMB,B1,,UPMA_P1B,Benchmark,Coffea robusta,10.0,0.0,0.0,0.0,0.0,0.0,0.0,0.0,0.0,0.0,0.0,6.0,
UMB,B1,,UPMA_P1B,Benchmark,Diospyros paniculata,13.0,0.0,0.0,0.0,0.0,0.0,0.0,0.0,0.0,0.0,0.0,5.5,
UMB,B1,,UPMA_P1B,Benchmark,Orophea malabarica,10.0,0.0,0.0,0.0,0.0,0.0,0.0,0.0,0.0,0.0,0.0,3.0,
UMB,B1,,UPMA_P1B,Benchmark,Paracroton pendulus,13.0,0.0,0.0,0.0,0.0,0.0,0.0,0.0,0.0,0.0,0.0,5.0,
UMB,B1,,UPMA_P1B,Benchmark,Coffea robusta,10.0,0.0,0.0,0.0,0.0,0.0,0.0,0.0,0.0,0.0,0.0,6.0,
UMB,B1,,UPMA_P1B,Benchmark,Paracroton pendulus,14.0,0.0,0.0,0.0,0.0,0.0,0.0,0.0,0.0,0.0,0.0,6.0,
UMB,B1,,UPMA_P1B,Benchmark,Orophea malabarica,11.0,0.0,0.0,0.0,0.0,0.0,0.0,0.0,0.0,0.0,0.0,4.0,
UMB,B1,,UPMA_P1B,Benchmark,Diospyros sylvatica,10.0,0.0,0.0,0.0,0.0,0.0,0.0,0.0,0.0,0.0,0.0,5.5,
UMB,B1,,UPMA_P1B,Benchmark,Memecylon sp.,12.0,0.0,0.0,0.0,0.0,0.0,0.0,0.0,0.0,0.0,0.0,3.5,
UMB,B1,,UPMA_P1B,Benchmark,Hydnocarpus alpina,18.0,0.0,0.0,0.0,0.0,0.0,0.0,0.0,0.0,0.0,0.0,7.0,
UMB,B1,,UPMA_P1B,Benchmark,Hydnocarpus alpina,12.0,0.0,0.0,0.0,0.0,0.0,0.0,0.0,0.0,0.0,0.0,5.5,
UMB,B1,,UPMA_P1B,Benchmark,Mallotus stenanthus,39.0,0.0,0.0,0.0,0.0,0.0,0.0,0.0,0.0,0.0,0.0,6.5,
UMB,B1,,UPMA_P1B,Benchmark,Dimocarpus longan,103.0,0.0,0.0,0.0,0.0,0.0,0.0,0.0,0.0,0.0,0.0,20.0,
UMB,B1,,UPMA_P1B,Benchmark,Coffea robusta,11.0,0.0,0.0,0.0,0.0,0.0,0.0,0.0,0.0,0.0,0.0,6.0,
UMB,B1,,UPMA_P1B,Benchmark,Villebrunea integrifolia,50.0,0.0,0.0,0.0,0.0,0.0,0.0,0.0,0.0,0.0,0.0,7.5,
UMB,B1,,UPMA_P1B,Benchmark,Ardisia pauciflora,16.0,0.0,0.0,0.0,0.0,0.0,0.0,0.0,0.0,0.0,0.0,4.5,
UMB,B1,,UPMA_P1B,Benchmark,Croton zeylanicus,10.0,0.0,0.0,0.0,0.0,0.0,0.0,0.0,0.0,0.0,0.0,3.5,
UMB,B1,,UPMA_P1B,Benchmark,Coffea robusta,13.0,0.0,0.0,0.0,0.0,0.0,0.0,0.0,0.0,0.0,0.0,5.0,
UMB,B1,,UPMA_P1B,Benchmark,Coffea robusta,14.0,0.0,0.0,0.0,0.0,0.0,0.0,0.0,0.0,0.0,0.0,6.5,
UMB,B1,,UPMA_P1B,Benchmark,Coffea robusta,13.0,0.0,0.0,0.0,0.0,0.0,0.0,0.0,0.0,0.0,0.0,6.0,
UMB,B1,,UPMA_P1B,Benchmark,Palaquium ellipticum,390.0,0.0,0.0,0.0,0.0,0.0,0.0,0.0,0.0,0.0,0.0,36.5,
UMB,B1,,UPMA_P1B,Benchmark,Dimocarpus longan,11.0,0.0,0.0,0.0,0.0,0.0,0.0,0.0,0.0,0.0,0.0,5.5,
UMB,B1,,UPMA_P1B,Benchmark,Dimocarpus longan,19.0,0.0,0.0,0.0,0.0,0.0,0.0,0.0,0.0,0.0,0.0,6.0,
UMB,B1,,UPMA_P1B,Benchmark,Orophea malabarica,17.0,12.0,0.0,0.0,0.0,0.0,0.0,0.0,0.0,0.0,0.0,5.5,
UMB,B1,,UPMA_P1B,Benchmark,Diospyros sylvatica,12.0,0.0,0.0,0.0,0.0,0.0,0.0,0.0,0.0,0.0,0.0,5.5,
UMB,B1,,UPMA_P1B,Benchmark,Mesua ferrea,200.0,0.0,0.0,0.0,0.0,0.0,0.0,0.0,0.0,0.0,0.0,27.5,
UMB,B2,,UPMA_P2B,Benchmark,Villebrunea integrifolia,113.0,20.0,32.0,15.0,39.0,0.0,0.0,0.0,0.0,0.0,0.0,9.0,
UMB,B2,,UPMA_P2B,Benchmark,Orophea malabarica,13.0,0.0,0.0,0.0,0.0,0.0,0.0,0.0,0.0,0.0,0.0,5.5,
UMB,B2,,UPMA_P2B,Benchmark,Croton zeylanicus,11.0,0.0,0.0,0.0,0.0,0.0,0.0,0.0,0.0,0.0,0.0,5.0,
UMB,B2,,UPMA_P2B,Benchmark,Ardisia pauciflora,17.0,0.0,0.0,0.0,0.0,0.0,0.0,0.0,0.0,0.0,0.0,5.5,
UMB,B2,,UPMA_P2B,Benchmark,Palaquium ellipticum,233.0,0.0,0.0,0.0,0.0,0.0,0.0,0.0,0.0,0.0,0.0,21.5,
UMB,B2,,UPMA_P2B,Benchmark,Garcinia morella,92.0,0.0,0.0,0.0,0.0,0.0,0.0,0.0,0.0,0.0,0.0,16.5,
UMB,B2,,UPMA_P2B,Benchmark,Syzygium laetum,10.0,0.0,0.0,0.0,0.0,0.0,0.0,0.0,0.0,0.0,0.0,4.5,
UMB,B2,,UPMA_P2B,Benchmark,Coffea robusta,12.0,0.0,0.0,0.0,0.0,0.0,0.0,0.0,0.0,0.0,0.0,7.5,
UMB,B2,,UPMA_P2B,Benchmark,Litsea floribunda,97.0,0.0,0.0,0.0,0.0,0.0,0.0,0.0,0.0,0.0,0.0,17.5,
UMB,B2,,UPMA_P2B,Benchmark,Croton zeylanicus,13.0,0.0,0.0,0.0,0.0,0.0,0.0,0.0,0.0,0.0,0.0,3.5,
UMB,B2,,UPMA_P2B,Benchmark,Paracroton pendulus,14.0,0.0,0.0,0.0,0.0,0.0,0.0,0.0,0.0,0.0,0.0,7.0,
UMB,B2,,UPMA_P2B,Benchmark,Croton zeylanicus,12.0,14.0,0.0,0.0,0.0,0.0,0.0,0.0,0.0,0.0,0.0,3.0,
UMB,B2,,UPMA_P2B,Benchmark,Coffea robusta,10.0,0.0,0.0,0.0,0.0,0.0,0.0,0.0,0.0,0.0,0.0,6.0,
UMB,B2,,UPMA_P2B,Benchmark,Antidesma menausa,68.0,0.0,0.0,0.0,0.0,0.0,0.0,0.0,0.0,0.0,0.0,8.0,
UMB,B2,,UPMA_P2B,Benchmark,Coffea robusta,18.0,11.0,0.0,0.0,0.0,0.0,0.0,0.0,0.0,0.0,0.0,7.5,
UMB,B2,,UPMA_P2B,Benchmark,Coffea robusta,10.0,0.0,0.0,0.0,0.0,0.0,0.0,0.0,0.0,0.0,0.0,5.5,
UMB,B2,,UPMA_P2B,Benchmark,Coffea robusta,10.0,0.0,0.0,0.0,0.0,0.0,0.0,0.0,0.0,0.0,0.0,5.0,
UMB,B2,,UPMA_P2B,Benchmark,Cryptocarya wightii,11.0,0.0,0.0,0.0,0.0,0.0,0.0,0.0,0.0,0.0,0.0,6.0,
UMB,B2,,UPMA_P2B,Benchmark,Myristica dactyloides,25.0,0.0,0.0,0.0,0.0,0.0,0.0,0.0,0.0,0.0,0.0,7.5,
UMB,B2,,UPMA_P2B,Benchmark,Dendrocnide sinuata,20.0,0.0,0.0,0.0,0.0,0.0,0.0,0.0,0.0,0.0,0.0,6.5,
UMB,B2,,UPMA_P2B,Benchmark,Paracroton pendulus,32.0,0.0,0.0,0.0,0.0,0.0,0.0,0.0,0.0,0.0,0.0,11.5,
UMB,B2,,UPMA_P2B,Benchmark,Macaranga peltata,24.0,0.0,0.0,0.0,0.0,0.0,0.0,0.0,0.0,0.0,0.0,10.5,
UMB,B2,,UPMA_P2B,Benchmark,Paracroton pendulus,26.0,0.0,0.0,0.0,0.0,0.0,0.0,0.0,0.0,0.0,0.0,8.5,
UMB,B2,,UPMA_P2B,Benchmark,Antidesma menausa,83.0,0.0,0.0,0.0,0.0,0.0,0.0,0.0,0.0,0.0,0.0,15.0,
UMB,B2,,UPMA_P2B,Benchmark,Orophea malabarica,18.0,0.0,0.0,0.0,0.0,0.0,0.0,0.0,0.0,0.0,0.0,6.5,
UMB,B2,,UPMA_P2B,Benchmark,Villebrunea integrifolia,15.0,0.0,0.0,0.0,0.0,0.0,0.0,0.0,0.0,0.0,0.0,6.0,
UMB,B2,,UPMA_P2B,Benchmark,Dendrocnide sinuata,14.0,12.0,0.0,0.0,0.0,0.0,0.0,0.0,0.0,0.0,0.0,5.5,
UMB,B2,,UPMA_P2B,Benchmark,Villebrunea integrifolia,37.0,0.0,0.0,0.0,0.0,0.0,0.0,0.0,0.0,0.0,0.0,8.0,
UMB,B2,,UPMA_P2B,Benchmark,Villebrunea integrifolia,20.0,0.0,0.0,0.0,0.0,0.0,0.0,0.0,0.0,0.0,0.0,8.0,
UMB,B2,,UPMA_P2B,Benchmark,Semecarpus travancorica,44.0,0.0,0.0,0.0,0.0,0.0,0.0,0.0,0.0,0.0,0.0,14.5,
UMB,B2,,UPMA_P2B,Benchmark,Litsea floribunda,21.0,0.0,0.0,0.0,0.0,0.0,0.0,0.0,0.0,0.0,0.0,8.5,
UMB,B2,,UPMA_P2B,Benchmark,Dysoxylum malabaricum,10.0,0.0,0.0,0.0,0.0,0.0,0.0,0.0,0.0,0.0,0.0,7.5,
UMB,B2,,UPMA_P2B,Benchmark,Coffea robusta,90.0,27.0,0.0,0.0,0.0,0.0,0.0,0.0,0.0,0.0,0.0,7.5,
UMB,B2,,UPMA_P2B,Benchmark,Coffea robusta,13.0,0.0,0.0,0.0,0.0,0.0,0.0,0.0,0.0,0.0,0.0,6.5,
UMB,B2,,UPMA_P2B,Benchmark,Coffea robusta,10.0,0.0,0.0,0.0,0.0,0.0,0.0,0.0,0.0,0.0,0.0,6.0,
UMB,B2,,UPMA_P2B,Benchmark,Coffea robusta,10.0,0.0,0.0,0.0,0.0,0.0,0.0,0.0,0.0,0.0,0.0,5.0,
UMB,B2,,UPMA_P2B,Benchmark,Orophea malabarica,13.0,0.0,0.0,0.0,0.0,0.0,0.0,0.0,0.0,0.0,0.0,4.5,
UMB,B2,,UPMA_P2B,Benchmark,Antidesma menausa,11.0,0.0,0.0,0.0,0.0,0.0,0.0,0.0,0.0,0.0,0.0,4.5,
UMB,B2,,UPMA_P2B,Benchmark,Paracroton pendulus,33.0,0.0,0.0,0.0,0.0,0.0,0.0,0.0,0.0,0.0,0.0,9.5,
UMB,B2,,UPMA_P2B,Benchmark,Syzygium gardneri,23.0,0.0,0.0,0.0,0.0,0.0,0.0,0.0,0.0,0.0,0.0,10.5,
UMB,B2,,UPMA_P2B,Benchmark,Syzygium densiflorum,20.0,0.0,0.0,0.0,0.0,0.0,0.0,0.0,0.0,0.0,0.0,9.5,
UMB,B2,,UPMA_P2B,Benchmark,Coffea robusta,15.0,0.0,0.0,0.0,0.0,0.0,0.0,0.0,0.0,0.0,0.0,8.0,
UMB,B2,,UPMA_P2B,Benchmark,Coffea robusta,10.0,0.0,0.0,0.0,0.0,0.0,0.0,0.0,0.0,0.0,0.0,7.0,
UMB,B2,,UPMA_P2B,Benchmark,Bhesa indica,18.0,0.0,0.0,0.0,0.0,0.0,0.0,0.0,0.0,0.0,0.0,7.5,
UMB,B2,,UPMA_P2B,Benchmark,Coffea robusta,14.0,0.0,0.0,0.0,0.0,0.0,0.0,0.0,0.0,0.0,0.0,7.0,
UMB,B2,,UPMA_P2B,Benchmark,Coffea robusta,18.0,0.0,0.0,0.0,0.0,0.0,0.0,0.0,0.0,0.0,0.0,8.5,
UMB,B2,,UPMA_P2B,Benchmark,Coffea robusta,12.0,0.0,0.0,0.0,0.0,0.0,0.0,0.0,0.0,0.0,0.0,8.5,
UMB,B2,,UPMA_P2B,Benchmark,Unidentified,120.0,0.0,0.0,0.0,0.0,0.0,0.0,0.0,0.0,0.0,0.0,30.5,
UMB,B2,,UPMA_P2B,Benchmark,Hydnocarpus alpina,21.0,18.0,0.0,0.0,0.0,0.0,0.0,0.0,0.0,0.0,0.0,8.5,
UMB,B2,,UPMA_P2B,Benchmark,Coffea robusta,11.0,0.0,0.0,0.0,0.0,0.0,0.0,0.0,0.0,0.0,0.0,5.5,
UMB,B2,,UPMA_P2B,Benchmark,Litsea floribunda,23.0,0.0,0.0,0.0,0.0,0.0,0.0,0.0,0.0,0.0,0.0,7.5,
UMB,B2,,UPMA_P2B,Benchmark,Antidesma menausa,58.0,0.0,0.0,0.0,0.0,0.0,0.0,0.0,0.0,0.0,0.0,11.5,
UMB,B2,,UPMA_P2B,Benchmark,Apollonias arnottii,11.0,0.0,0.0,0.0,0.0,0.0,0.0,0.0,0.0,0.0,0.0,5.0,
UMB,B2,,UPMA_P2B,Benchmark,Coffea robusta,11.0,0.0,0.0,0.0,0.0,0.0,0.0,0.0,0.0,0.0,0.0,6.0,
UMB,B2,,UPMA_P2B,Benchmark,Syzygium densiflorum,11.0,0.0,0.0,0.0,0.0,0.0,0.0,0.0,0.0,0.0,0.0,5.0,
UMB,B2,,UPMA_P2B,Benchmark,Coffea robusta,10.0,0.0,0.0,0.0,0.0,0.0,0.0,0.0,0.0,0.0,0.0,7.0,
UMB,B2,,UPMA_P2B,Benchmark,Dendrocnide sinuata,11.0,16.0,0.0,0.0,0.0,0.0,0.0,0.0,0.0,0.0,0.0,5.5,
UMB,B2,,UPMA_P2B,Benchmark,Drypetes malabarica,11.0,0.0,0.0,0.0,0.0,0.0,0.0,0.0,0.0,0.0,0.0,6.5,
UMB,B2,,UPMA_P2B,Benchmark,Vateria indica,92.0,0.0,0.0,0.0,0.0,0.0,0.0,0.0,0.0,0.0,0.0,19.5,
UMB,B2,,UPMA_P2B,Benchmark,Dendrocnide sinuata,16.0,0.0,0.0,0.0,0.0,0.0,0.0,0.0,0.0,0.0,0.0,7.0,
UMB,B2,,UPMA_P2B,Benchmark,Villebrunea integrifolia,25.0,0.0,0.0,0.0,0.0,0.0,0.0,0.0,0.0,0.0,0.0,8.5,
UMB,B2,,UPMA_P2B,Benchmark,Villebrunea integrifolia,38.0,0.0,0.0,0.0,0.0,0.0,0.0,0.0,0.0,0.0,0.0,10.5,
UMB,B2,,UPMA_P2B,Benchmark,Palaquium ellipticum,245.0,0.0,0.0,0.0,0.0,0.0,0.0,0.0,0.0,0.0,0.0,31.5,
UMB,B2,,UPMA_P2B,Benchmark,Mallotus stenanthus,20.0,0.0,0.0,0.0,0.0,0.0,0.0,0.0,0.0,0.0,0.0,2.5,
UMB,B2,,UPMA_P2B,Benchmark,Villebrunea integrifolia,16.0,0.0,0.0,0.0,0.0,0.0,0.0,0.0,0.0,0.0,0.0,6.5,
UMB,B2,,UPMA_P2B,Benchmark,Villebrunea integrifolia,16.0,0.0,0.0,0.0,0.0,0.0,0.0,0.0,0.0,0.0,0.0,9.5,
UMB,B2,,UPMA_P2B,Benchmark,Dendrocnide sinuata,20.0,0.0,0.0,0.0,0.0,0.0,0.0,0.0,0.0,0.0,0.0,6.0,
UMB,B2,,UPMA_P2B,Benchmark,Dendrocnide sinuata,13.0,0.0,0.0,0.0,0.0,0.0,0.0,0.0,0.0,0.0,0.0,5.0,
UMB,B2,,UPMA_P2B,Benchmark,Dendrocnide sinuata,10.0,0.0,0.0,0.0,0.0,0.0,0.0,0.0,0.0,0.0,0.0,5.0,
UMB,B2,,UPMA_P2B,Benchmark,Dendrocnide sinuata,29.0,0.0,0.0,0.0,0.0,0.0,0.0,0.0,0.0,0.0,0.0,10.0,
UMB,B2,,UPMA_P2B,Benchmark,Cryptocarya wightii,23.0,0.0,0.0,0.0,0.0,0.0,0.0,0.0,0.0,0.0,0.0,7.0,
UMB,B3,,UPMA_P3B,Benchmark,Dendrocnide sinuata,35.0,0.0,0.0,0.0,0.0,0.0,0.0,0.0,0.0,0.0,0.0,6.5,
UMB,B3,,UPMA_P3B,Benchmark,Drypetes malabarica,11.0,0.0,0.0,0.0,0.0,0.0,0.0,0.0,0.0,0.0,0.0,5.5,
UMB,B3,,UPMA_P3B,Benchmark,Drypetes malabarica,10.0,0.0,0.0,0.0,0.0,0.0,0.0,0.0,0.0,0.0,0.0,6.0,
UMB,B3,,UPMA_P3B,Benchmark,Paracroton pendulus,56.0,0.0,0.0,0.0,0.0,0.0,0.0,0.0,0.0,0.0,0.0,10.5,
UMB,B3,,UPMA_P3B,Benchmark,Syzygium densiflorum,11.0,0.0,0.0,0.0,0.0,0.0,0.0,0.0,0.0,0.0,0.0,6.0,
UMB,B3,,UPMA_P3B,Benchmark,Vateria indica,65.0,0.0,0.0,0.0,0.0,0.0,0.0,0.0,0.0,0.0,0.0,15.0,
UMB,B3,,UPMA_P3B,Benchmark,Dendrocnide sinuata,26.0,0.0,0.0,0.0,0.0,0.0,0.0,0.0,0.0,0.0,0.0,6.0,
UMB,B3,,UPMA_P3B,Benchmark,Lepisanthes deficiens,12.0,0.0,0.0,0.0,0.0,0.0,0.0,0.0,0.0,0.0,0.0,4.5,
UMB,B3,,UPMA_P3B,Benchmark,Coffea robusta,12.0,0.0,0.0,0.0,0.0,0.0,0.0,0.0,0.0,0.0,0.0,6.0,
UMB,B3,,UPMA_P3B,Benchmark,Actinodaphne malabaricum,17.0,0.0,0.0,0.0,0.0,0.0,0.0,0.0,0.0,0.0,0.0,6.0,
UMB,B3,,UPMA_P3B,Benchmark,Unidentified,12.0,0.0,0.0,0.0,0.0,0.0,0.0,0.0,0.0,0.0,0.0,6.5,
UMB,B3,,UPMA_P3B,Benchmark,Vateria indica,289.0,0.0,0.0,0.0,0.0,0.0,0.0,0.0,0.0,0.0,0.0,34.5,
UMB,B3,,UPMA_P3B,Benchmark,Diospyros sylvatica,61.0,0.0,0.0,0.0,0.0,0.0,0.0,0.0,0.0,0.0,0.0,9.5,
UMB,B3,,UPMA_P3B,Benchmark,Aglaia extipulata,67.0,0.0,0.0,0.0,0.0,0.0,0.0,0.0,0.0,0.0,0.0,11.5,
UMB,B3,,UPMA_P3B,Benchmark,Cryptocarya wightii,36.0,0.0,0.0,0.0,0.0,0.0,0.0,0.0,0.0,0.0,0.0,10.5,
UMB,B3,,UPMA_P3B,Benchmark,Apollonias arnottii,13.0,0.0,0.0,0.0,0.0,0.0,0.0,0.0,0.0,0.0,0.0,5.5,
UMB,B3,,UPMA_P3B,Benchmark,Actinodaphne malabaricum,16.0,0.0,0.0,0.0,0.0,0.0,0.0,0.0,0.0,0.0,0.0,6.5,
UMB,B3,,UPMA_P3B,Benchmark,Ardisia pauciflora,16.0,0.0,0.0,0.0,0.0,0.0,0.0,0.0,0.0,0.0,0.0,4.0,
UMB,B3,,UPMA_P3B,Benchmark,Actinodaphne malabaricum,11.0,0.0,0.0,0.0,0.0,0.0,0.0,0.0,0.0,0.0,0.0,7.0,
UMB,B3,,UPMA_P3B,Benchmark,Ardisia pauciflora,13.0,0.0,0.0,0.0,0.0,0.0,0.0,0.0,0.0,0.0,0.0,5.5,
UMB,B3,,UPMA_P3B,Benchmark,Lepisanthes deficiens,13.0,0.0,0.0,0.0,0.0,0.0,0.0,0.0,0.0,0.0,0.0,6.0,
UMB,B3,,UPMA_P3B,Benchmark,Cullenia exarillata,27.0,0.0,0.0,0.0,0.0,0.0,0.0,0.0,0.0,0.0,0.0,7.0,
UMB,B3,,UPMA_P3B,Benchmark,Cinnamomum malabathrum,11.0,0.0,0.0,0.0,0.0,0.0,0.0,0.0,0.0,0.0,0.0,5.5,
UMB,B3,,UPMA_P3B,Benchmark,Calophyllum polyanthum,12.0,0.0,0.0,0.0,0.0,0.0,0.0,0.0,0.0,0.0,0.0,6.5,
UMB,B3,,UPMA_P3B,Benchmark,Aglaia elaeagnoidea,19.0,0.0,0.0,0.0,0.0,0.0,0.0,0.0,0.0,0.0,0.0,6.5,
UMB,B3,,UPMA_P3B,Benchmark,Hydnocarpus alpina,19.0,0.0,0.0,0.0,0.0,0.0,0.0,0.0,0.0,0.0,0.0,7.5,
UMB,B3,,UPMA_P3B,Benchmark,Orophea malabarica,10.0,10.0,0.0,0.0,0.0,0.0,0.0,0.0,0.0,0.0,0.0,4.5,
UMB,B3,,UPMA_P3B,Benchmark,Syzygium densiflorum,11.0,0.0,0.0,0.0,0.0,0.0,0.0,0.0,0.0,0.0,0.0,5.5,
UMB,B3,,UPMA_P3B,Benchmark,Syzygium densiflorum,11.0,0.0,0.0,0.0,0.0,0.0,0.0,0.0,0.0,0.0,0.0,5.5,
UMB,B3,,UPMA_P3B,Benchmark,Syzygium densiflorum,12.0,0.0,0.0,0.0,0.0,0.0,0.0,0.0,0.0,0.0,0.0,7.5,
UMB,B3,,UPMA_P3B,Benchmark,Palaquium ellipticum,180.0,0.0,0.0,0.0,0.0,0.0,0.0,0.0,0.0,0.0,0.0,32.5,
UMB,B3,,UPMA_P3B,Benchmark,Aglaia elaeagnoidea,28.0,0.0,0.0,0.0,0.0,0.0,0.0,0.0,0.0,0.0,0.0,12.5,
UMB,B3,,UPMA_P3B,Benchmark,Ardisia pauciflora,11.0,0.0,0.0,0.0,0.0,0.0,0.0,0.0,0.0,0.0,0.0,3.5,
UMB,B3,,UPMA_P3B,Benchmark,Syzygium densiflorum,33.0,0.0,0.0,0.0,0.0,0.0,0.0,0.0,0.0,0.0,0.0,10.5,
UMB,B3,,UPMA_P3B,Benchmark,Calophyllum polyanthum,10.0,0.0,0.0,0.0,0.0,0.0,0.0,0.0,0.0,0.0,0.0,5.5,
UMB,B3,,UPMA_P3B,Benchmark,Drypetes malabarica,11.0,0.0,0.0,0.0,0.0,0.0,0.0,0.0,0.0,0.0,0.0,4.5,
UMB,B3,,UPMA_P3B,Benchmark,Diospyros sylvatica,13.0,0.0,0.0,0.0,0.0,0.0,0.0,0.0,0.0,0.0,0.0,6.0,
UMB,B3,,UPMA_P3B,Benchmark,Ardisia pauciflora,26.0,0.0,0.0,0.0,0.0,0.0,0.0,0.0,0.0,0.0,0.0,4.5,
UMB,B3,,UPMA_P3B,Benchmark,Diospyros sylvatica,11.0,0.0,0.0,0.0,0.0,0.0,0.0,0.0,0.0,0.0,0.0,5.0,
UMB,B3,,UPMA_P3B,Benchmark,Litsea floribunda,26.0,0.0,0.0,0.0,0.0,0.0,0.0,0.0,0.0,0.0,0.0,10.5,
UMB,B3,,UPMA_P3B,Benchmark,Dysoxylum malabaricum,25.0,0.0,0.0,0.0,0.0,0.0,0.0,0.0,0.0,0.0,0.0,11.5,
UMB,B3,,UPMA_P3B,Benchmark,Syzygium densiflorum,12.0,0.0,0.0,0.0,0.0,0.0,0.0,0.0,0.0,0.0,0.0,5.0,
UMB,B3,,UPMA_P3B,Benchmark,Cullenia exarillata,13.0,0.0,0.0,0.0,0.0,0.0,0.0,0.0,0.0,0.0,0.0,5.5,
UMB,B3,,UPMA_P3B,Benchmark,Coffea robusta,10.0,0.0,0.0,0.0,0.0,0.0,0.0,0.0,0.0,0.0,0.0,5.0,
UMB,B3,,UPMA_P3B,Benchmark,Syzygium sp.,33.0,0.0,0.0,0.0,0.0,0.0,0.0,0.0,0.0,0.0,0.0,14.0,
UMB,B3,,UPMA_P3B,Benchmark,Paracroton pendulus,12.0,0.0,0.0,0.0,0.0,0.0,0.0,0.0,0.0,0.0,0.0,5.5,
UMB,B3,,UPMA_P3B,Benchmark,Mesua ferrea,10.0,0.0,0.0,0.0,0.0,0.0,0.0,0.0,0.0,0.0,0.0,5.0,
UMB,B3,,UPMA_P3B,Benchmark,Maesa indica,14.0,0.0,0.0,0.0,0.0,0.0,0.0,0.0,0.0,0.0,0.0,4.0,
UMB,B3,,UPMA_P3B,Benchmark,Lepisanthes deficiens,13.0,0.0,0.0,0.0,0.0,0.0,0.0,0.0,0.0,0.0,0.0,5.5,
UMB,B3,,UPMA_P3B,Benchmark,Cinnamomum malabathrum,13.0,0.0,0.0,0.0,0.0,0.0,0.0,0.0,0.0,0.0,0.0,3.0,
UMB,B3,,UPMA_P3B,Benchmark,Cryptocarya wightii,33.0,17.0,27.0,0.0,0.0,0.0,0.0,0.0,0.0,0.0,0.0,10.0,
UMB,B3,,UPMA_P3B,Benchmark,Mesua ferrea,12.0,0.0,0.0,0.0,0.0,0.0,0.0,0.0,0.0,0.0,0.0,4.0,
UMB,B3,,UPMA_P3B,Benchmark,Paracroton pendulus,40.0,0.0,0.0,0.0,0.0,0.0,0.0,0.0,0.0,0.0,0.0,10.5,
UMB,B3,,UPMA_P3B,Benchmark,Coffea robusta,11.0,0.0,0.0,0.0,0.0,0.0,0.0,0.0,0.0,0.0,0.0,4.5,
UMB,B3,,UPMA_P3B,Benchmark,Diospyros sylvatica,15.0,0.0,0.0,0.0,0.0,0.0,0.0,0.0,0.0,0.0,0.0,5.0,
UMB,B3,,UPMA_P3B,Benchmark,Unidentified,13.0,0.0,0.0,0.0,0.0,0.0,0.0,0.0,0.0,0.0,0.0,5.0,
UMB,B3,,UPMA_P3B,Benchmark,Lepisanthes deficiens,12.0,0.0,0.0,0.0,0.0,0.0,0.0,0.0,0.0,0.0,0.0,4.5,
UMB,B3,,UPMA_P3B,Benchmark,Syzygium densiflorum,10.0,0.0,0.0,0.0,0.0,0.0,0.0,0.0,0.0,0.0,0.0,5.0,
UMB,B3,,UPMA_P3B,Benchmark,Hydnocarpus alpina,13.0,0.0,0.0,0.0,0.0,0.0,0.0,0.0,0.0,0.0,0.0,5.5,
UMB,B3,,UPMA_P3B,Benchmark,Diospyros sylvatica,32.0,0.0,0.0,0.0,0.0,0.0,0.0,0.0,0.0,0.0,0.0,10.5,
UMB,B3,,UPMA_P3B,Benchmark,Syzygium densiflorum,10.0,0.0,0.0,0.0,0.0,0.0,0.0,0.0,0.0,0.0,0.0,6.0,
UMB,B3,,UPMA_P3B,Benchmark,Diospyros sylvatica,11.0,0.0,0.0,0.0,0.0,0.0,0.0,0.0,0.0,0.0,0.0,8.5,
UMB,B3,,UPMA_P3B,Benchmark,Cullenia exarillata,10.0,0.0,0.0,0.0,0.0,0.0,0.0,0.0,0.0,0.0,0.0,6.0,
UMB,B3,,UPMA_P3B,Benchmark,Syzygium densiflorum,12.0,0.0,0.0,0.0,0.0,0.0,0.0,0.0,0.0,0.0,0.0,6.0,
UMB,B3,,UPMA_P3B,Benchmark,Litsea floribunda,17.0,0.0,0.0,0.0,0.0,0.0,0.0,0.0,0.0,0.0,0.0,7.5,
UMB,B3,,UPMA_P3B,Benchmark,Cinnamomum malabathrum,44.0,0.0,0.0,0.0,0.0,0.0,0.0,0.0,0.0,0.0,0.0,12.5,
UMB,B3,,UPMA_P3B,Benchmark,Palaquium ellipticum,216.0,0.0,0.0,0.0,0.0,0.0,0.0,0.0,0.0,0.0,0.0,34.0,
UMB,B3,,UPMA_P3B,Benchmark,Ardisia pauciflora,17.0,0.0,0.0,0.0,0.0,0.0,0.0,0.0,0.0,0.0,0.0,5.0,
UMB,B3,,UPMA_P3B,Benchmark,Cinnamomum malabathrum,17.0,0.0,0.0,0.0,0.0,0.0,0.0,0.0,0.0,0.0,0.0,6.0,
UMB,B3,,UPMA_P3B,Benchmark,Diospyros sylvatica,21.0,0.0,0.0,0.0,0.0,0.0,0.0,0.0,0.0,0.0,0.0,11.0,
UMB,B3,,UPMA_P3B,Benchmark,Dendrocnide sinuata,34.0,0.0,0.0,0.0,0.0,0.0,0.0,0.0,0.0,0.0,0.0,6.5,
UMB,B3,,UPMA_P3B,Benchmark,Vateria indica,110.0,0.0,0.0,0.0,0.0,0.0,0.0,0.0,0.0,0.0,0.0,25.5,
UMB,B3,,UPMA_P3B,Benchmark,Dysoxylum malabaricum,13.0,0.0,0.0,0.0,0.0,0.0,0.0,0.0,0.0,0.0,0.0,6.0,
UMB,B3,,UPMA_P3B,Benchmark,Drypetes malabarica,10.0,0.0,0.0,0.0,0.0,0.0,0.0,0.0,0.0,0.0,0.0,5.0,
UMB,B3,,UPMA_P3B,Benchmark,Hydnocarpus alpina,21.0,0.0,0.0,0.0,0.0,0.0,0.0,0.0,0.0,0.0,0.0,7.5,
UMB,B3,,UPMA_P3B,Benchmark,Vateria indica,241.0,0.0,0.0,0.0,0.0,0.0,0.0,0.0,0.0,0.0,0.0,34.5,
UMB,B3,,UPMA_P3B,Benchmark,Apollonias arnottii,19.0,17.0,0.0,0.0,0.0,0.0,0.0,0.0,0.0,0.0,0.0,6.5,
UMB,B4,,UPMA_P4B,Benchmark,Vateria indica,96.0,0.0,0.0,0.0,0.0,0.0,0.0,0.0,0.0,0.0,0.0,32.5,
UMB,B4,,UPMA_P4B,Benchmark,Reinwardtiodendron anaimalaiense,11.0,0.0,0.0,0.0,0.0,0.0,0.0,0.0,0.0,0.0,0.0,6.5,
UMB,B4,,UPMA_P4B,Benchmark,Reinwardtiodendron anaimalaiense,30.0,0.0,0.0,0.0,0.0,0.0,0.0,0.0,0.0,0.0,0.0,17.5,
UMB,B4,,UPMA_P4B,Benchmark,Aglaia elaeagnoidea,20.0,0.0,0.0,0.0,0.0,0.0,0.0,0.0,0.0,0.0,0.0,11.0,
UMB,B4,,UPMA_P4B,Benchmark,Meiogyne pannosa,12.0,16.0,0.0,0.0,0.0,0.0,0.0,0.0,0.0,0.0,0.0,4.0,
UMB,B4,,UPMA_P4B,Benchmark,Reinwardtiodendron anaimalaiense,20.0,0.0,0.0,0.0,0.0,0.0,0.0,0.0,0.0,0.0,0.0,9.0,
UMB,B4,,UPMA_P4B,Benchmark,Unidentified,23.0,0.0,0.0,0.0,0.0,0.0,0.0,0.0,0.0,0.0,0.0,8.5,
UMB,B4,,UPMA_P4B,Benchmark,Apollonias arnottii,33.0,15.0,10.0,0.0,0.0,0.0,0.0,0.0,0.0,0.0,0.0,7.0,
UMB,B4,,UPMA_P4B,Benchmark,Harpulia arborea,133.0,0.0,0.0,0.0,0.0,0.0,0.0,0.0,0.0,0.0,0.0,20.5,
UMB,B4,,UPMA_P4B,Benchmark,Cullenia exarillata,10.0,0.0,0.0,0.0,0.0,0.0,0.0,0.0,0.0,0.0,0.0,5.5,
UMB,B4,,UPMA_P4B,Benchmark,Glochidion malabaricum,69.0,0.0,0.0,0.0,0.0,0.0,0.0,0.0,0.0,0.0,0.0,11.0,
UMB,B4,,UPMA_P4B,Benchmark,Vateria indica,40.0,0.0,0.0,0.0,0.0,0.0,0.0,0.0,0.0,0.0,0.0,11.5,
UMB,B4,,UPMA_P4B,Benchmark,Reinwardtiodendron anaimalaiense,14.0,0.0,0.0,0.0,0.0,0.0,0.0,0.0,0.0,0.0,0.0,6.0,
UMB,B4,,UPMA_P4B,Benchmark,Palaquium ellipticum,182.0,0.0,0.0,0.0,0.0,0.0,0.0,0.0,0.0,0.0,0.0,25.5,
UMB,B4,,UPMA_P4B,Benchmark,Villebrunea integrifolia,33.0,0.0,0.0,0.0,0.0,0.0,0.0,0.0,0.0,0.0,0.0,8.5,
UMB,B4,,UPMA_P4B,Benchmark,Apollonias arnottii,14.0,0.0,0.0,0.0,0.0,0.0,0.0,0.0,0.0,0.0,0.0,6.5,
UMB,B4,,UPMA_P4B,Benchmark,Artocarpus heterophyllus,10.0,0.0,0.0,0.0,0.0,0.0,0.0,0.0,0.0,0.0,0.0,7.5,
UMB,B4,,UPMA_P4B,Benchmark,Meiogyne pannosa,14.0,14.0,0.0,0.0,0.0,0.0,0.0,0.0,0.0,0.0,0.0,5.0,
UMB,B4,,UPMA_P4B,Benchmark,Psychotria anamallayana,13.0,0.0,0.0,0.0,0.0,0.0,0.0,0.0,0.0,0.0,0.0,5.0,
UMB,B4,,UPMA_P4B,Benchmark,Syzygium sp.,16.0,0.0,0.0,0.0,0.0,0.0,0.0,0.0,0.0,0.0,0.0,8.5,
UMB,B4,,UPMA_P4B,Benchmark,Apollonias arnottii,16.0,0.0,0.0,0.0,0.0,0.0,0.0,0.0,0.0,0.0,0.0,8.5,
UMB,B4,,UPMA_P4B,Benchmark,Diospyros paniculata,13.0,0.0,0.0,0.0,0.0,0.0,0.0,0.0,0.0,0.0,0.0,5.5,
UMB,B4,,UPMA_P4B,Benchmark,Ardisia pauciflora,31.0,21.0,0.0,0.0,0.0,0.0,0.0,0.0,0.0,0.0,0.0,7.5,
UMB,B4,,UPMA_P4B,Benchmark,Apollonias arnottii,19.0,0.0,0.0,0.0,0.0,0.0,0.0,0.0,0.0,0.0,0.0,6.5,
UMB,B4,,UPMA_P4B,Benchmark,Drypetes malabarica,75.0,0.0,0.0,0.0,0.0,0.0,0.0,0.0,0.0,0.0,0.0,12.5,
UMB,B4,,UPMA_P4B,Benchmark,Syzygium densiflorum,15.0,0.0,0.0,0.0,0.0,0.0,0.0,0.0,0.0,0.0,0.0,6.5,
UMB,B4,,UPMA_P4B,Benchmark,Syzygium densiflorum,10.0,0.0,0.0,0.0,0.0,0.0,0.0,0.0,0.0,0.0,0.0,5.0,
UMB,B4,,UPMA_P4B,Benchmark,Meiogyne pannosa,10.0,0.0,0.0,0.0,0.0,0.0,0.0,0.0,0.0,0.0,0.0,3.5,
UMB,B4,,UPMA_P4B,Benchmark,Paracroton pendulus,10.0,0.0,0.0,0.0,0.0,0.0,0.0,0.0,0.0,0.0,0.0,4.5,
UMB,B4,,UPMA_P4B,Benchmark,Meiogyne pannosa,20.0,24.0,0.0,0.0,0.0,0.0,0.0,0.0,0.0,0.0,0.0,4.5,
UMB,B4,,UPMA_P4B,Benchmark,Mallotus stenanthus,22.0,0.0,0.0,0.0,0.0,0.0,0.0,0.0,0.0,0.0,0.0,7.0,
UMB,B4,,UPMA_P4B,Benchmark,Syzygium densiflorum,27.0,0.0,0.0,0.0,0.0,0.0,0.0,0.0,0.0,0.0,0.0,11.5,
UMB,B4,,UPMA_P4B,Benchmark,Meiogyne pannosa,20.0,0.0,0.0,0.0,0.0,0.0,0.0,0.0,0.0,0.0,0.0,4.5,
UMB,B4,,UPMA_P4B,Benchmark,Meiogyne pannosa,14.0,0.0,0.0,0.0,0.0,0.0,0.0,0.0,0.0,0.0,0.0,4.5,
UMB,B4,,UPMA_P4B,Benchmark,Dimocarpus longan,14.0,0.0,0.0,0.0,0.0,0.0,0.0,0.0,0.0,0.0,0.0,9.5,
UMB,B4,,UPMA_P4B,Benchmark,Cullenia exarillata,15.0,0.0,0.0,0.0,0.0,0.0,0.0,0.0,0.0,0.0,0.0,9.0,
UMB,B4,,UPMA_P4B,Benchmark,Garcinia morella,15.0,0.0,0.0,0.0,0.0,0.0,0.0,0.0,0.0,0.0,0.0,4.5,
UMB,B4,,UPMA_P4B,Benchmark,Apollonias arnottii,20.0,0.0,0.0,0.0,0.0,0.0,0.0,0.0,0.0,0.0,0.0,8.0,
UMB,B4,,UPMA_P4B,Benchmark,Calophyllum polyanthum,48.0,0.0,0.0,0.0,0.0,0.0,0.0,0.0,0.0,0.0,0.0,38.5,
UMB,B4,,UPMA_P4B,Benchmark,Mesua ferrea,279.0,0.0,0.0,0.0,0.0,0.0,0.0,0.0,0.0,0.0,0.0,34.0,
UMB,B4,,UPMA_P4B,Benchmark,Croton zeylanicus,10.0,0.0,0.0,0.0,0.0,0.0,0.0,0.0,0.0,0.0,0.0,4.0,
UMB,B4,,UPMA_P4B,Benchmark,Dimocarpus longan,10.0,0.0,0.0,0.0,0.0,0.0,0.0,0.0,0.0,0.0,0.0,11.5,
UMB,B4,,UPMA_P4B,Benchmark,Reinwardtiodendron anaimalaiense,14.0,0.0,0.0,0.0,0.0,0.0,0.0,0.0,0.0,0.0,0.0,8.5,
UMB,B4,,UPMA_P4B,Benchmark,Croton zeylanicus,10.0,0.0,0.0,0.0,0.0,0.0,0.0,0.0,0.0,0.0,0.0,6.0,
UMB,B4,,UPMA_P4B,Benchmark,Dysoxylum malabaricum,14.0,0.0,0.0,0.0,0.0,0.0,0.0,0.0,0.0,0.0,0.0,7.0,
UMB,B4,,UPMA_P4B,Benchmark,Cullenia exarillata,134.0,0.0,0.0,0.0,0.0,0.0,0.0,0.0,0.0,0.0,0.0,21.5,
UMB,B4,,UPMA_P4B,Benchmark,Gomphandra coriacea,61.0,0.0,0.0,0.0,0.0,0.0,0.0,0.0,0.0,0.0,0.0,7.0,
UMB,B4,,UPMA_P4B,Benchmark,Paracroton pendulus,37.0,0.0,0.0,0.0,0.0,0.0,0.0,0.0,0.0,0.0,0.0,10.0,
UMB,B4,,UPMA_P4B,Benchmark,Syzygium laetum,15.0,0.0,0.0,0.0,0.0,0.0,0.0,0.0,0.0,0.0,0.0,4.5,
UMB,B4,,UPMA_P4B,Benchmark,Actinodaphne malabaricum,11.0,0.0,0.0,0.0,0.0,0.0,0.0,0.0,0.0,0.0,0.0,6.5,
UMB,B4,,UPMA_P4B,Benchmark,Villebrunea integrifolia,33.0,0.0,0.0,0.0,0.0,0.0,0.0,0.0,0.0,0.0,0.0,10.5,
UMB,B4,,UPMA_P4B,Benchmark,Drypetes malabarica,12.0,0.0,0.0,0.0,0.0,0.0,0.0,0.0,0.0,0.0,0.0,5.5,
UMB,B4,,UPMA_P4B,Benchmark,Cullenia exarillata,16.0,0.0,0.0,0.0,0.0,0.0,0.0,0.0,0.0,0.0,0.0,7.5,
UMB,B4,,UPMA_P4B,Benchmark,Glochidion malabaricum,113.0,0.0,0.0,0.0,0.0,0.0,0.0,0.0,0.0,0.0,0.0,12.5,
UMB,B4,,UPMA_P4B,Benchmark,Persea macarantha,25.0,0.0,0.0,0.0,0.0,0.0,0.0,0.0,0.0,0.0,0.0,10.5,
UMB,B4,,UPMA_P4B,Benchmark,Drypetes malabarica,12.0,0.0,0.0,0.0,0.0,0.0,0.0,0.0,0.0,0.0,0.0,5.0,
UMB,B4,,UPMA_P4B,Benchmark,Paracroton pendulus,11.0,0.0,0.0,0.0,0.0,0.0,0.0,0.0,0.0,0.0,0.0,4.5,
UMB,B4,,UPMA_P4B,Benchmark,Croton zeylanicus,10.0,0.0,0.0,0.0,0.0,0.0,0.0,0.0,0.0,0.0,0.0,4.5,
UMB,B4,,UPMA_P4B,Benchmark,Psychotria anamallayana,13.0,0.0,0.0,0.0,0.0,0.0,0.0,0.0,0.0,0.0,0.0,4.0,
UMB,B4,,UPMA_P4B,Benchmark,Syzygium densiflorum,14.0,48.0,0.0,0.0,0.0,0.0,0.0,0.0,0.0,0.0,0.0,6.5,
UMB,B4,,UPMA_P4B,Benchmark,Villebrunea integrifolia,25.0,0.0,0.0,0.0,0.0,0.0,0.0,0.0,0.0,0.0,0.0,8.5,
UMB,B4,,UPMA_P4B,Benchmark,Villebrunea integrifolia,42.0,0.0,0.0,0.0,0.0,0.0,0.0,0.0,0.0,0.0,0.0,10.5,
UMB,B4,,UPMA_P4B,Benchmark,Croton zeylanicus,11.0,0.0,0.0,0.0,0.0,0.0,0.0,0.0,0.0,0.0,0.0,4.0,
UMB,B4,,UPMA_P4B,Benchmark,Villebrunea integrifolia,66.0,0.0,0.0,0.0,0.0,0.0,0.0,0.0,0.0,0.0,0.0,12.5,
UMB,B4,,UPMA_P4B,Benchmark,Actinodaphne malabaricum,11.0,0.0,0.0,0.0,0.0,0.0,0.0,0.0,0.0,0.0,0.0,6.0,
UMB,B5,,UPMA_P5B,Benchmark,Drypetes malabarica,112.0,0.0,0.0,0.0,0.0,0.0,0.0,0.0,0.0,0.0,0.0,21.5,
UMB,B5,,UPMA_P5B,Benchmark,Agrostistachys borneansis,45.0,0.0,0.0,0.0,0.0,0.0,0.0,0.0,0.0,0.0,0.0,8.5,
UMB,B5,,UPMA_P5B,Benchmark,Vateria indica,58.0,0.0,0.0,0.0,0.0,0.0,0.0,0.0,0.0,0.0,0.0,21.0,
UMB,B5,,UPMA_P5B,Benchmark,Actinodaphne malabaricum,60.0,0.0,0.0,0.0,0.0,0.0,0.0,0.0,0.0,0.0,0.0,6.5,
UMB,B5,,UPMA_P5B,Benchmark,Diospyros sylvatica,32.0,0.0,0.0,0.0,0.0,0.0,0.0,0.0,0.0,0.0,0.0,8.5,
UMB,B5,,UPMA_P5B,Benchmark,Cullenia exarillata,11.0,0.0,0.0,0.0,0.0,0.0,0.0,0.0,0.0,0.0,0.0,5.0,
UMB,B5,,UPMA_P5B,Benchmark,Paracroton pendulus,21.0,0.0,0.0,0.0,0.0,0.0,0.0,0.0,0.0,0.0,0.0,9.0,
UMB,B5,,UPMA_P5B,Benchmark,Agrostistachys borneansis,38.0,0.0,0.0,0.0,0.0,0.0,0.0,0.0,0.0,0.0,0.0,11.5,
UMB,B5,,UPMA_P5B,Benchmark,Cullenia exarillata,11.0,0.0,0.0,0.0,0.0,0.0,0.0,0.0,0.0,0.0,0.0,6.0,
UMB,B5,,UPMA_P5B,Benchmark,Cinnamomum malabathrum,17.0,0.0,0.0,0.0,0.0,0.0,0.0,0.0,0.0,0.0,0.0,2.0,
UMB,B5,,UPMA_P5B,Benchmark,Paracroton pendulus,15.0,0.0,0.0,0.0,0.0,0.0,0.0,0.0,0.0,0.0,0.0,5.0,
UMB,B5,,UPMA_P5B,Benchmark,Vateria indica,52.0,0.0,0.0,0.0,0.0,0.0,0.0,0.0,0.0,0.0,0.0,20.0,
UMB,B5,,UPMA_P5B,Benchmark,Palaquium ellipticum,19.0,0.0,0.0,0.0,0.0,0.0,0.0,0.0,0.0,0.0,0.0,24.0,
UMB,B5,,UPMA_P5B,Benchmark,Agrostistachys borneansis,20.0,0.0,0.0,0.0,0.0,0.0,0.0,0.0,0.0,0.0,0.0,10.0,
UMB,B5,,UPMA_P5B,Benchmark,Syzygium densiflorum,13.0,0.0,0.0,0.0,0.0,0.0,0.0,0.0,0.0,0.0,0.0,6.5,
UMB,B5,,UPMA_P5B,Benchmark,Orophea malabarica,10.0,0.0,0.0,0.0,0.0,0.0,0.0,0.0,0.0,0.0,0.0,4.5,
UMB,B5,,UPMA_P5B,Benchmark,Cinnamomum malabathrum,16.0,0.0,0.0,0.0,0.0,0.0,0.0,0.0,0.0,0.0,0.0,8.5,
UMB,B5,,UPMA_P5B,Benchmark,Agrostistachys borneansis,40.0,0.0,0.0,0.0,0.0,0.0,0.0,0.0,0.0,0.0,0.0,12.5,
UMB,B5,,UPMA_P5B,Benchmark,Cinnamomum malabathrum,10.0,0.0,0.0,0.0,0.0,0.0,0.0,0.0,0.0,0.0,0.0,4.0,
UMB,B5,,UPMA_P5B,Benchmark,Drypetes malabarica,15.0,0.0,0.0,0.0,0.0,0.0,0.0,0.0,0.0,0.0,0.0,4.5,
UMB,B5,,UPMA_P5B,Benchmark,Vateria indica,250.0,0.0,0.0,0.0,0.0,0.0,0.0,0.0,0.0,0.0,0.0,31.0,
UMB,B5,,UPMA_P5B,Benchmark,Palaquium ellipticum,122.0,0.0,0.0,0.0,0.0,0.0,0.0,0.0,0.0,0.0,0.0,26.5,
UMB,B5,,UPMA_P5B,Benchmark,Paracroton pendulus,85.0,0.0,0.0,0.0,0.0,0.0,0.0,0.0,0.0,0.0,0.0,18.5,
UMB,B5,,UPMA_P5B,Benchmark,Villebrunea integrifolia,19.0,0.0,0.0,0.0,0.0,0.0,0.0,0.0,0.0,0.0,0.0,9.0,
UMB,B5,,UPMA_P5B,Benchmark,Reinwardtiodendron anaimalaiense,14.0,0.0,0.0,0.0,0.0,0.0,0.0,0.0,0.0,0.0,0.0,6.5,
UMB,B5,,UPMA_P5B,Benchmark,Orophea malabarica,45.0,0.0,0.0,0.0,0.0,0.0,0.0,0.0,0.0,0.0,0.0,12.0,
UMB,B5,,UPMA_P5B,Benchmark,Vateria indica,71.0,0.0,0.0,0.0,0.0,0.0,0.0,0.0,0.0,0.0,0.0,21.5,
UMB,B5,,UPMA_P5B,Benchmark,Vateria indica,57.0,0.0,0.0,0.0,0.0,0.0,0.0,0.0,0.0,0.0,0.0,17.0,
UMB,B5,,UPMA_P5B,Benchmark,Agrostistachys borneansis,24.0,0.0,0.0,0.0,0.0,0.0,0.0,0.0,0.0,0.0,0.0,9.5,
UMB,B5,,UPMA_P5B,Benchmark,Paracroton pendulus,111.0,0.0,0.0,0.0,0.0,0.0,0.0,0.0,0.0,0.0,0.0,24.5,
UMB,B5,,UPMA_P5B,Benchmark,Murraya paniculata,14.0,0.0,0.0,0.0,0.0,0.0,0.0,0.0,0.0,0.0,0.0,4.5,
UMB,B5,,UPMA_P5B,Benchmark,Drypetes wightii,90.0,0.0,0.0,0.0,0.0,0.0,0.0,0.0,0.0,0.0,0.0,17.0,
UMB,B5,,UPMA_P5B,Benchmark,Reinwardtiodendron anaimalaiense,19.0,0.0,0.0,0.0,0.0,0.0,0.0,0.0,0.0,0.0,0.0,8.5,
UMB,B5,,UPMA_P5B,Benchmark,Syzygium laetum,12.0,0.0,0.0,0.0,0.0,0.0,0.0,0.0,0.0,0.0,0.0,4.5,
UMB,B5,,UPMA_P5B,Benchmark,Agrostistachys borneansis,77.0,0.0,0.0,0.0,0.0,0.0,0.0,0.0,0.0,0.0,0.0,17.5,
UMB,B5,,UPMA_P5B,Benchmark,Litsea floribunda,27.0,0.0,0.0,0.0,0.0,0.0,0.0,0.0,0.0,0.0,0.0,7.0,
UMB,B5,,UPMA_P5B,Benchmark,Agrostistachys borneansis,38.0,57.0,0.0,0.0,0.0,0.0,0.0,0.0,0.0,0.0,0.0,15.5,
UMB,B5,,UPMA_P5B,Benchmark,Drypetes malabarica,14.0,0.0,0.0,0.0,0.0,0.0,0.0,0.0,0.0,0.0,0.0,6.5,
UMB,B5,,UPMA_P5B,Benchmark,Symplocos sp.,12.0,0.0,0.0,0.0,0.0,0.0,0.0,0.0,0.0,0.0,0.0,6.0,
UMB,B5,,UPMA_P5B,Benchmark,Agrostistachys borneansis,46.0,0.0,0.0,0.0,0.0,0.0,0.0,0.0,0.0,0.0,0.0,14.5,
UMB,B5,,UPMA_P5B,Benchmark,Mallotus stenanthus,28.0,0.0,0.0,0.0,0.0,0.0,0.0,0.0,0.0,0.0,0.0,6.5,
UMB,B5,,UPMA_P5B,Benchmark,Aglaia elaeagnoidea,23.0,0.0,0.0,0.0,0.0,0.0,0.0,0.0,0.0,0.0,0.0,11.5,
UMB,B5,,UPMA_P5B,Benchmark,Paracroton pendulus,23.0,0.0,0.0,0.0,0.0,0.0,0.0,0.0,0.0,0.0,0.0,10.5,
UMB,B5,,UPMA_P5B,Benchmark,Agrostistachys borneansis,71.0,0.0,0.0,0.0,0.0,0.0,0.0,0.0,0.0,0.0,0.0,14.5,
UMB,B5,,UPMA_P5B,Benchmark,Paracroton pendulus,148.0,0.0,0.0,0.0,0.0,0.0,0.0,0.0,0.0,0.0,0.0,25.5,
UMB,B5,,UPMA_P5B,Benchmark,Vateria indica,14.0,0.0,0.0,0.0,0.0,0.0,0.0,0.0,0.0,0.0,0.0,6.5,
UMB,B5,,UPMA_P5B,Benchmark,Apollonias arnottii,15.0,0.0,0.0,0.0,0.0,0.0,0.0,0.0,0.0,0.0,0.0,6.0,
UMB,B5,,UPMA_P5B,Benchmark,Dendrocnide sinuata,25.0,0.0,0.0,0.0,0.0,0.0,0.0,0.0,0.0,0.0,0.0,7.0,
UMB,B5,,UPMA_P5B,Benchmark,Cullenia exarillata,12.0,0.0,0.0,0.0,0.0,0.0,0.0,0.0,0.0,0.0,0.0,6.0,
UMB,B5,,UPMA_P5B,Benchmark,Drypetes confertiflora,79.0,0.0,0.0,0.0,0.0,0.0,0.0,0.0,0.0,0.0,0.0,20.5,
UMB,B5,,UPMA_P5B,Benchmark,Apollonias arnottii,16.0,13.0,0.0,0.0,0.0,0.0,0.0,0.0,0.0,0.0,0.0,7.5,
UMB,B5,,UPMA_P5B,Benchmark,Villebrunea integrifolia,44.0,0.0,0.0,0.0,0.0,0.0,0.0,0.0,0.0,0.0,0.0,11.0,
UMB,B5,,UPMA_P5B,Benchmark,Paracroton pendulus,10.0,0.0,0.0,0.0,0.0,0.0,0.0,0.0,0.0,0.0,0.0,6.5,
UMB,B5,,UPMA_P5B,Benchmark,Paracroton pendulus,22.0,0.0,0.0,0.0,0.0,0.0,0.0,0.0,0.0,0.0,0.0,5.5,
UMB,B5,,UPMA_P5B,Benchmark,Agrostistachys borneansis,55.0,0.0,0.0,0.0,0.0,0.0,0.0,0.0,0.0,0.0,0.0,14.5,
UMB,B5,,UPMA_P5B,Benchmark,Syzygium densiflorum,10.0,0.0,0.0,0.0,0.0,0.0,0.0,0.0,0.0,0.0,0.0,6.0,
UMB,B5,,UPMA_P5B,Benchmark,Drypetes malabarica,10.0,0.0,0.0,0.0,0.0,0.0,0.0,0.0,0.0,0.0,0.0,5.0,
UMB,B5,,UPMA_P5B,Benchmark,Diospyros sylvatica,22.0,0.0,0.0,0.0,0.0,0.0,0.0,0.0,0.0,0.0,0.0,10.5,
UMB,B5,,UPMA_P5B,Benchmark,Aglaia elaeagnoidea,37.0,0.0,0.0,0.0,0.0,0.0,0.0,0.0,0.0,0.0,0.0,13.5,
UMB,B5,,UPMA_P5B,Benchmark,Persea macarantha,11.0,0.0,0.0,0.0,0.0,0.0,0.0,0.0,0.0,0.0,0.0,5.0,
UMB,B5,,UPMA_P5B,Benchmark,Apollonias arnottii,21.0,0.0,0.0,0.0,0.0,0.0,0.0,0.0,0.0,0.0,0.0,11.0,
UMB,B5,,UPMA_P5B,Benchmark,Apollonias arnottii,15.0,0.0,0.0,0.0,0.0,0.0,0.0,0.0,0.0,0.0,0.0,6.0,
UMB,B5,,UPMA_P5B,Benchmark,Paracroton pendulus,75.0,0.0,0.0,0.0,0.0,0.0,0.0,0.0,0.0,0.0,0.0,15.5,
UMB,B5,,UPMA_P5B,Benchmark,Croton malabaricus,78.0,0.0,0.0,0.0,0.0,0.0,0.0,0.0,0.0,0.0,0.0,20.5,
UMB,B5,,UPMA_P5B,Benchmark,Cinnamomum malabathrum,27.0,0.0,0.0,0.0,0.0,0.0,0.0,0.0,0.0,0.0,0.0,8.0,
UMB,B5,,UPMA_P5B,Benchmark,Vateria indica,86.0,0.0,0.0,0.0,0.0,0.0,0.0,0.0,0.0,0.0,0.0,16.5,
UMB,B5,,UPMA_P5B,Benchmark,Mangifera indica,31.0,20.0,0.0,0.0,0.0,0.0,0.0,0.0,0.0,0.0,0.0,11.5,
UMB,B5,,UPMA_P5B,Benchmark,Croton malabaricus,102.0,0.0,0.0,0.0,0.0,0.0,0.0,0.0,0.0,0.0,0.0,22.5,
UMB,B5,,UPMA_P5B,Benchmark,Drypetes malabarica,14.0,0.0,0.0,0.0,0.0,0.0,0.0,0.0,0.0,0.0,0.0,7.0,
UMB,B5,,UPMA_P5B,Benchmark,Epiprinus mallotiformis,21.0,0.0,0.0,0.0,0.0,0.0,0.0,0.0,0.0,0.0,0.0,8.0,
UMB,B5,,UPMA_P5B,Benchmark,Dysoxylum malabaricum,30.0,13.0,0.0,0.0,0.0,0.0,0.0,0.0,0.0,0.0,0.0,11.5,
UMB,B5,,UPMA_P5B,Benchmark,Aglaia elaeagnoidea,13.0,0.0,0.0,0.0,0.0,0.0,0.0,0.0,0.0,0.0,0.0,6.0,
UMB,B5,,UPMA_P5B,Benchmark,Epiprinus mallotiformis,11.0,0.0,0.0,0.0,0.0,0.0,0.0,0.0,0.0,0.0,0.0,3.5,
UMB,B5,,UPMA_P5B,Benchmark,Dendrocnide sinuata,20.0,0.0,0.0,0.0,0.0,0.0,0.0,0.0,0.0,0.0,0.0,8.5,
UMB,B5,,UPMA_P5B,Benchmark,Drypetes malabarica,10.0,0.0,0.0,0.0,0.0,0.0,0.0,0.0,0.0,0.0,0.0,5.5,
UMB,B5,,UPMA_P5B,Benchmark,Coffea robusta,13.0,0.0,0.0,0.0,0.0,0.0,0.0,0.0,0.0,0.0,0.0,11.0,
INJ,R03,2003,INME_03R,Restored,Clerodendrum infortunatum,17.0,0.0,0.0,0.0,0.0,0.0,0.0,0.0,0.0,0.0,0.0,2.5,
INJ,R03,2003,INME_03R,Restored,Clerodendrum infortunatum,10.5,0.0,0.0,0.0,0.0,0.0,0.0,0.0,0.0,0.0,0.0,4.0,
INJ,R03,2003,INME_03R,Restored,Maesopsis eminii,31.0,0.0,0.0,0.0,0.0,0.0,0.0,0.0,0.0,0.0,0.0,8.0,
INJ,R03,2003,INME_03R,Restored,Litsea stocksii,58.0,0.0,0.0,0.0,0.0,0.0,0.0,0.0,0.0,0.0,0.0,13.0,
INJ,R03,2003,INME_03R,Restored,Ole_maram,14.0,0.0,0.0,0.0,0.0,0.0,0.0,0.0,0.0,0.0,0.0,1.0,
INJ,R03,2003,INME_03R,Restored,Trichilia connaroides,49.0,0.0,0.0,0.0,0.0,0.0,0.0,0.0,0.0,0.0,0.0,13.0,
INJ,R03,2003,INME_03R,Restored,Eucalyptus sp.,102.0,0.0,0.0,0.0,0.0,0.0,0.0,0.0,0.0,0.0,0.0,33.0,
INJ,R03,2003,INME_03R,Restored,Euodia lunu-ankenda,50.0,0.0,0.0,0.0,0.0,0.0,0.0,0.0,0.0,0.0,0.0,13.0,
INJ,R03,2003,INME_03R,Restored,Cinnamomum malabathrum,15.0,0.0,0.0,0.0,0.0,0.0,0.0,0.0,0.0,0.0,0.0,1.0,
INJ,R03,2003,INME_03R,Restored,Eucalyptus sp.,176.0,180.0,0.0,0.0,0.0,0.0,0.0,0.0,0.0,0.0,0.0,41.0,
INJ,R03,2003,INME_03R,Restored,Eucalyptus sp.,183.0,0.0,0.0,0.0,0.0,0.0,0.0,0.0,0.0,0.0,0.0,45.0,
INJ,R03,2003,INME_03R,Restored,Cinnamomum malabathrum,57.0,0.0,0.0,0.0,0.0,0.0,0.0,0.0,0.0,0.0,0.0,14.0,
INJ,R03,2003,INME_03R,Restored,Trichilia connaroides,30.0,0.0,0.0,0.0,0.0,0.0,0.0,0.0,0.0,0.0,0.0,13.0,
INJ,R03,2003,INME_03R,Restored,Eucalyptus sp.,197.0,0.0,0.0,0.0,0.0,0.0,0.0,0.0,0.0,0.0,0.0,35.0,
INJ,R03,2003,INME_03R,Restored,Eucalyptus sp.,108.0,0.0,0.0,0.0,0.0,0.0,0.0,0.0,0.0,0.0,0.0,23.0,
INJ,R03,2003,INME_03R,Restored,Actinodaphne malabaricum,42.0,0.0,0.0,0.0,0.0,0.0,0.0,0.0,0.0,0.0,0.0,14.0,
INJ,R03,2003,INME_03R,Restored,Euodia lunu-ankenda,48.0,0.0,0.0,0.0,0.0,0.0,0.0,0.0,0.0,0.0,0.0,13.0,
INJ,R03,2003,INME_03R,Restored,Litsea floribunda,21.0,22.0,0.0,0.0,0.0,0.0,0.0,0.0,0.0,0.0,0.0,1.0,
INJ,R03,2003,INME_03R,Restored,Maesopsis eminii,11.0,0.0,0.0,0.0,0.0,0.0,0.0,0.0,0.0,0.0,0.0,3.0,
INJ,R03,2003,INME_03R,Restored,Olea dioica,24.0,0.0,0.0,0.0,0.0,0.0,0.0,0.0,0.0,0.0,0.0,12.0,
INJ,R03,2003,INME_03R,Restored,Macaranga indica,41.0,69.0,0.0,0.0,0.0,0.0,0.0,0.0,0.0,0.0,0.0,17.0,
INJ,R03,2003,INME_03R,Restored,Macaranga indica,48.0,0.0,0.0,0.0,0.0,0.0,0.0,0.0,0.0,0.0,0.0,17.0,
INJ,R03,2003,INME_03R,Restored,Eucalyptus sp.,123.0,0.0,0.0,0.0,0.0,0.0,0.0,0.0,0.0,0.0,0.0,33.0,
INJ,R03,2003,INME_03R,Restored,Cinnamomum malabathrum,43.0,33.0,0.0,0.0,0.0,0.0,0.0,0.0,0.0,0.0,0.0,13.0,
INJ,R03,2003,INME_03R,Restored,Maesopsis eminii,154.0,0.0,0.0,0.0,0.0,0.0,0.0,0.0,0.0,0.0,0.0,27.0,
INJ,R03,2003,INME_03R,Restored,Euodia lunu-ankenda,55.0,0.0,0.0,0.0,0.0,0.0,0.0,0.0,0.0,0.0,0.0,14.0,
INJ,R03,2003,INME_03R,Restored,Cinnamomum malabathrum,10.0,0.0,0.0,0.0,0.0,0.0,0.0,0.0,0.0,0.0,0.0,3.5,
INJ,R03,2003,INME_03R,Restored,Cullenia exarillata,12.0,0.0,0.0,0.0,0.0,0.0,0.0,0.0,0.0,0.0,0.0,4.5,
INJ,R03,2003,INME_03R,Restored,Macaranga indica,47.0,0.0,0.0,0.0,0.0,0.0,0.0,0.0,0.0,0.0,0.0,12.0,
INJ,R03,2003,INME_03R,Restored,Actinodaphne malabaricum,45.0,0.0,0.0,0.0,0.0,0.0,0.0,0.0,0.0,0.0,0.0,11.0,
INJ,R03,2003,INME_03R,Restored,Clerodendrum infortunatum,17.0,0.0,0.0,0.0,0.0,0.0,0.0,0.0,0.0,0.0,0.0,6.0,
INJ,DSR03,2003,INDS_03R,Restored,Dimocarpus longan,12.5,0.0,0.0,0.0,0.0,0.0,0.0,0.0,0.0,0.0,0.0,6.5,
INJ,DSR03,2003,INDS_03R,Restored,Spathodea campanulata,75.0,0.0,0.0,0.0,0.0,0.0,0.0,0.0,0.0,0.0,0.0,18.0,
INJ,DSR03,2003,INDS_03R,Restored,Coffea robusta,11.0,10.0,0.0,0.0,0.0,0.0,0.0,0.0,0.0,0.0,0.0,6.0,
INJ,DSR03,2003,INDS_03R,Restored,Coffea robusta,15.0,0.0,0.0,0.0,0.0,0.0,0.0,0.0,0.0,0.0,0.0,5.0,
INJ,DSR03,2003,INDS_03R,Restored,Dimocarpus longan,18.0,11.0,0.0,0.0,0.0,0.0,0.0,0.0,0.0,0.0,0.0,6.0,
INJ,DSR03,2003,INDS_03R,Restored,Dimocarpus longan,16.0,0.0,0.0,0.0,0.0,0.0,0.0,0.0,0.0,0.0,0.0,8.0,
INJ,DSR03,2003,INDS_03R,Restored,Dimocarpus longan,11.0,0.0,0.0,0.0,0.0,0.0,0.0,0.0,0.0,0.0,0.0,8.0,
INJ,DSR03,2003,INDS_03R,Restored,Spathodea campanulata,13.0,0.0,0.0,0.0,0.0,0.0,0.0,0.0,0.0,0.0,0.0,4.5,
INJ,DSR03,2003,INDS_03R,Restored,Coffea robusta,18.0,10.0,9.0,0.0,0.0,0.0,0.0,0.0,0.0,0.0,0.0,8.0,
INJ,DSR03,2003,INDS_03R,Restored,Dimocarpus longan,22.0,0.0,0.0,0.0,0.0,0.0,0.0,0.0,0.0,0.0,0.0,10.0,
INJ,DSR03,2003,INDS_03R,Restored,Dimocarpus longan,17.0,0.0,0.0,0.0,0.0,0.0,0.0,0.0,0.0,0.0,0.0,6.5,
INJ,DSR03,2003,INDS_03R,Restored,Spathodea campanulata,48.0,0.0,0.0,0.0,0.0,0.0,0.0,0.0,0.0,0.0,0.0,13.0,
INJ,DSR03,2003,INDS_03R,Restored,Spathodea campanulata,77.0,0.0,0.0,0.0,0.0,0.0,0.0,0.0,0.0,0.0,0.0,16.0,
INJ,DSR03,2003,INDS_03R,Restored,Maesa indica,10.0,0.0,0.0,0.0,0.0,0.0,0.0,0.0,0.0,0.0,0.0,2.0,
INJ,DSR03,2003,INDS_03R,Restored,Litsea floribunda,18.0,0.0,0.0,0.0,0.0,0.0,0.0,0.0,0.0,0.0,0.0,2.0,
INJ,DSR03,2003,INDS_03R,Restored,Spathodea campanulata,15.0,0.0,0.0,0.0,0.0,0.0,0.0,0.0,0.0,0.0,0.0,5.0,
INJ,DSR03,2003,INDS_03R,Restored,Maesopsis eminii,76.0,0.0,0.0,0.0,0.0,0.0,0.0,0.0,0.0,0.0,0.0,19.0,
INJ,DSR03,2003,INDS_03R,Restored,Spathodea campanulata,15.0,0.0,0.0,0.0,0.0,0.0,0.0,0.0,0.0,0.0,0.0,6.0,
INJ,DSR03,2003,INDS_03R,Restored,Spathodea campanulata,13.0,66.0,0.0,0.0,0.0,0.0,0.0,0.0,0.0,0.0,0.0,14.0,
INJ,DSR03,2003,INDS_03R,Restored,Litsea oleiodes,18.0,0.0,0.0,0.0,0.0,0.0,0.0,0.0,0.0,0.0,0.0,6.5,
INJ,DSR03,2003,INDS_03R,Restored,Litsea oleiodes,10.0,0.0,0.0,0.0,0.0,0.0,0.0,0.0,0.0,0.0,0.0,5.5,
INJ,DSR03,2003,INDS_03R,Restored,Spathodea campanulata,111.0,0.0,0.0,0.0,0.0,0.0,0.0,0.0,0.0,0.0,0.0,22.0,
INJ,DSR03,2003,INDS_03R,Restored,Clerodendrum infortunatum,12.0,0.0,0.0,0.0,0.0,0.0,0.0,0.0,0.0,0.0,0.0,5.0,
INJ,DSR03,2003,INDS_03R,Restored,Actinodaphne malabaricum,20.0,0.0,0.0,0.0,0.0,0.0,0.0,0.0,0.0,0.0,0.0,10.0,
INJ,DSR03,2003,INDS_03R,Restored,Euodia lunu-ankenda,29.0,0.0,0.0,0.0,0.0,0.0,0.0,0.0,0.0,0.0,0.0,10.0,
INJ,DSR03,2003,INDS_03R,Restored,Spathodea campanulata,19.0,0.0,0.0,0.0,0.0,0.0,0.0,0.0,0.0,0.0,0.0,6.0,
INJ,DSR03,2003,INDS_03R,Restored,Maesa indica,16.0,0.0,0.0,0.0,0.0,0.0,0.0,0.0,0.0,0.0,0.0,5.0,
INJ,DSR03,2003,INDS_03R,Restored,Clerodendrum infortunatum,16.0,0.0,0.0,0.0,0.0,0.0,0.0,0.0,0.0,0.0,0.0,3.0,
INJ,DSR03,2003,INDS_03R,Restored,Spathodea campanulata,55.0,0.0,0.0,0.0,0.0,0.0,0.0,0.0,0.0,0.0,0.0,14.0,
INJ,DSR03,2003,INDS_03R,Restored,Actinodaphne malabaricum,12.0,0.0,0.0,0.0,0.0,0.0,0.0,0.0,0.0,0.0,0.0,7.0,
INJ,DSR03,2003,INDS_03R,Restored,Spathodea campanulata,138.0,0.0,0.0,0.0,0.0,0.0,0.0,0.0,0.0,0.0,0.0,21.0,
INJ,DSR03,2003,INDS_03R,Restored,Maesa indica,10.0,0.0,0.0,0.0,0.0,0.0,0.0,0.0,0.0,0.0,0.0,4.5,
INJ,DSR03,2003,INDS_03R,Restored,Litsea floribunda,24.0,0.0,0.0,0.0,0.0,0.0,0.0,0.0,0.0,0.0,0.0,13.0,
INJ,DSR03,2003,INDS_03R,Restored,Clerodendrum infortunatum,10.0,0.0,0.0,0.0,0.0,0.0,0.0,0.0,0.0,0.0,0.0,3.0,
INJ,DSR03,2003,INDS_03R,Restored,Maesa indica,11.0,0.0,0.0,0.0,0.0,0.0,0.0,0.0,0.0,0.0,0.0,5.0,
INJ,DSR03,2003,INDS_03R,Restored,Clerodendrum infortunatum,13.0,0.0,0.0,0.0,0.0,0.0,0.0,0.0,0.0,0.0,0.0,5.5,
INJ,DSR03,2003,INDS_03R,Restored,Spathodea campanulata,100.0,0.0,0.0,0.0,0.0,0.0,0.0,0.0,0.0,0.0,0.0,21.0,
INJ,DSR03,2003,INDS_03R,Restored,Actinodaphne malabaricum,14.0,0.0,0.0,0.0,0.0,0.0,0.0,0.0,0.0,0.0,0.0,6.5,
INJ,DSR03,2003,INDS_03R,Restored,Spathodea campanulata,116.0,0.0,0.0,0.0,0.0,0.0,0.0,0.0,0.0,0.0,0.0,26.0,
INJ,DSR03,2003,INDS_03R,Restored,Acronychia pedunculata,10.0,0.0,0.0,0.0,0.0,0.0,0.0,0.0,0.0,0.0,0.0,6.5,
INJ,DSR03,2003,INDS_03R,Restored,Spathodea campanulata,15.0,0.0,0.0,0.0,0.0,0.0,0.0,0.0,0.0,0.0,0.0,4.5,
INJ,DSR03,2003,INDS_03R,Restored,Spathodea campanulata,31.0,0.0,0.0,0.0,0.0,0.0,0.0,0.0,0.0,0.0,0.0,9.0,
INJ,DSR03,2003,INDS_03R,Restored,Maesa indica,10.0,0.0,0.0,0.0,0.0,0.0,0.0,0.0,0.0,0.0,0.0,4.5,
INJ,DSR03,2003,INDS_03R,Restored,Spathodea campanulata,14.0,36.0,0.0,0.0,0.0,0.0,0.0,0.0,0.0,0.0,0.0,9.0,
INJ,DSR03,2003,INDS_03R,Restored,Spathodea campanulata,32.0,0.0,0.0,0.0,0.0,0.0,0.0,0.0,0.0,0.0,0.0,13.0,
INJ,DSR03,2003,INDS_03R,Restored,Spathodea campanulata,33.0,0.0,0.0,0.0,0.0,0.0,0.0,0.0,0.0,0.0,0.0,8.5,
INJ,DSR03,2003,INDS_03R,Restored,Spathodea campanulata,12.0,0.0,0.0,0.0,0.0,0.0,0.0,0.0,0.0,0.0,0.0,4.5,
INJ,DSR03,2003,INDS_03R,Restored,Clerodendrum infortunatum,15.0,0.0,0.0,0.0,0.0,0.0,0.0,0.0,0.0,0.0,0.0,4.0,
INJ,DSR03,2003,INDS_03R,Restored,Bhesa indica,31.0,18.0,11.0,9.0,0.0,0.0,0.0,0.0,0.0,0.0,0.0,10.0,
INJ,DSR03,2003,INDS_03R,Restored,Litsea oleiodes,22.0,0.0,0.0,0.0,0.0,0.0,0.0,0.0,0.0,0.0,0.0,9.0,
INJ,DSR03,2003,INDS_03R,Restored,Drypetes wightii,10.0,0.0,0.0,0.0,0.0,0.0,0.0,0.0,0.0,0.0,0.0,4.0,
INJ,DSR03,2003,INDS_03R,Restored,Litsea oleiodes,10.0,0.0,0.0,0.0,0.0,0.0,0.0,0.0,0.0,0.0,0.0,3.5,
INJ,DSR03,2003,INDS_03R,Restored,Dimocarpus longan,17.0,12.0,10.0,0.0,0.0,0.0,0.0,0.0,0.0,0.0,0.0,8.0,
INJ,DSR03,2003,INDS_03R,Restored,Cinnamomum malabathrum,14.0,0.0,0.0,0.0,0.0,0.0,0.0,0.0,0.0,0.0,0.0,5.0,
INJ,DSR03,2003,INDS_03R,Restored,Spathodea campanulata,26.0,0.0,0.0,0.0,0.0,0.0,0.0,0.0,0.0,0.0,0.0,10.0,
INJ,DSR03,2003,INDS_03R,Restored,Spathodea campanulata,46.0,0.0,0.0,0.0,0.0,0.0,0.0,0.0,0.0,0.0,0.0,15.0,
INJ,DSR03,2003,INDS_03R,Restored,Spathodea campanulata,37.0,0.0,0.0,0.0,0.0,0.0,0.0,0.0,0.0,0.0,0.0,9.0,
INJ,DSR03,2003,INDS_03R,Restored,Spathodea campanulata,41.0,0.0,0.0,0.0,0.0,0.0,0.0,0.0,0.0,0.0,0.0,9.0,
INJ,DSR03,2003,INDS_03R,Restored,Spathodea campanulata,25.0,0.0,0.0,0.0,0.0,0.0,0.0,0.0,0.0,0.0,0.0,7.0,
INJ,DSR03,2003,INDS_03R,Restored,Cinnamomum malabathrum,25.0,0.0,0.0,0.0,0.0,0.0,0.0,0.0,0.0,0.0,0.0,1.5,
INJ,DSR03,2003,INDS_03R,Restored,Spathodea campanulata,12.0,0.0,0.0,0.0,0.0,0.0,0.0,0.0,0.0,0.0,0.0,1.5,
INJ,DSR03,2003,INDS_03R,Restored,Spathodea campanulata,91.0,0.0,0.0,0.0,0.0,0.0,0.0,0.0,0.0,0.0,0.0,19.0,
INJ,DSR03,2003,INDS_03R,Restored,Spathodea campanulata,108.0,0.0,0.0,0.0,0.0,0.0,0.0,0.0,0.0,0.0,0.0,19.0,
INJ,DSR03,2003,INDS_03R,Restored,Cinnamomum malabathrum,21.0,0.0,0.0,0.0,0.0,0.0,0.0,0.0,0.0,0.0,0.0,8.0,
INJ,DSR03,2003,INDS_03R,Restored,Spathodea campanulata,39.0,0.0,0.0,0.0,0.0,0.0,0.0,0.0,0.0,0.0,0.0,8.0,
INJ,DSR03,2003,INDS_03R,Restored,Spathodea campanulata,35.0,0.0,0.0,0.0,0.0,0.0,0.0,0.0,0.0,0.0,0.0,13.0,
INJ,DSR03,2003,INDS_03R,Restored,Spathodea campanulata,10.0,0.0,0.0,0.0,0.0,0.0,0.0,0.0,0.0,0.0,0.0,3.0,
INJ,DSR03,2003,INDS_03R,Restored,Spathodea campanulata,36.0,0.0,0.0,0.0,0.0,0.0,0.0,0.0,0.0,0.0,0.0,12.0,
INJ,DSR03,2003,INDS_03R,Restored,Spathodea campanulata,215.0,0.0,0.0,0.0,0.0,0.0,0.0,0.0,0.0,0.0,0.0,26.0,
INJ,DSR03,2003,INDS_03R,Restored,Spathodea campanulata,12.0,0.0,0.0,0.0,0.0,0.0,0.0,0.0,0.0,0.0,0.0,3.5,
INJ,DSR03,2003,INDS_03R,Restored,Actinodaphne malabaricum,12.0,0.0,0.0,0.0,0.0,0.0,0.0,0.0,0.0,0.0,0.0,6.0,
INJ,DSR03,2003,INDS_03R,Restored,Spathodea campanulata,15.0,0.0,0.0,0.0,0.0,0.0,0.0,0.0,0.0,0.0,0.0,5.5,
INJ,DSR03,2003,INDS_03R,Restored,Dimocarpus longan,18.0,0.0,0.0,0.0,0.0,0.0,0.0,0.0,0.0,0.0,0.0,6.0,
INJ,DSR03,2003,INDS_03R,Restored,Clerodendrum infortunatum,12.0,0.0,0.0,0.0,0.0,0.0,0.0,0.0,0.0,0.0,0.0,4.5,
INJ,DSR03,2003,INDS_03R,Restored,Actinodaphne malabaricum,25.0,0.0,0.0,0.0,0.0,0.0,0.0,0.0,0.0,0.0,0.0,2.0,
INJ,DSR03,2003,INDS_03R,Restored,Maesopsis eminii,12.0,0.0,0.0,0.0,0.0,0.0,0.0,0.0,0.0,0.0,0.0,4.0,
INJ,BSR04,2004,INBS_04R,Restored,Actinodaphne malabaricum,51.0,0.0,0.0,0.0,0.0,0.0,0.0,0.0,0.0,0.0,0.0,12.0,
INJ,BSR04,2004,INBS_04R,Restored,Acronychia pedunculata,33.0,42.0,28.0,0.0,0.0,0.0,0.0,0.0,0.0,0.0,0.0,13.0,
INJ,BSR04,2004,INBS_04R,Restored,Clerodendrum infortunatum,12.0,0.0,0.0,0.0,0.0,0.0,0.0,0.0,0.0,0.0,0.0,5.5,
INJ,BSR04,2004,INBS_04R,Restored,Acronychia pedunculata,32.0,28.0,0.0,0.0,0.0,0.0,0.0,0.0,0.0,0.0,0.0,10.0,
INJ,BSR04,2004,INBS_04R,Restored,Clerodendrum infortunatum,12.5,0.0,0.0,0.0,0.0,0.0,0.0,0.0,0.0,0.0,0.0,7.0,
INJ,BSR04,2004,INBS_04R,Restored,Toona ciliata,50.0,31.0,0.0,0.0,0.0,0.0,0.0,0.0,0.0,0.0,0.0,11.5,
INJ,BSR04,2004,INBS_04R,Restored,Glochidion malabaricum,14.0,24.0,15.0,0.0,0.0,0.0,0.0,0.0,0.0,0.0,0.0,7.0,
INJ,BSR04,2004,INBS_04R,Restored,Glochidion malabaricum,20.0,22.0,0.0,0.0,0.0,0.0,0.0,0.0,0.0,0.0,0.0,7.0,
INJ,BSR04,2004,INBS_04R,Restored,Macaranga indica,46.0,0.0,0.0,0.0,0.0,0.0,0.0,0.0,0.0,0.0,0.0,12.0,
INJ,BSR04,2004,INBS_04R,Restored,Syzygium densiflorum,22.0,0.0,0.0,0.0,0.0,0.0,0.0,0.0,0.0,0.0,0.0,10.0,
INJ,BSR04,2004,INBS_04R,Restored,Lepisanthes deficiens,12.0,0.0,0.0,0.0,0.0,0.0,0.0,0.0,0.0,0.0,0.0,4.0,
INJ,BSR04,2004,INBS_04R,Restored,Glochidion malabaricum,22.0,19.0,0.0,0.0,0.0,0.0,0.0,0.0,0.0,0.0,0.0,7.0,
INJ,BSR04,2004,INBS_04R,Restored,Euodia lunu-ankenda,35.0,0.0,0.0,0.0,0.0,0.0,0.0,0.0,0.0,0.0,0.0,11.0,
INJ,BSR04,2004,INBS_04R,Restored,Clerodendrum infortunatum,11.0,0.0,0.0,0.0,0.0,0.0,0.0,0.0,0.0,0.0,0.0,3.5,
INJ,BSR04,2004,INBS_04R,Restored,Maesa indica,12.0,10.0,0.0,0.0,0.0,0.0,0.0,0.0,0.0,0.0,0.0,6.5,
INJ,BSR04,2004,INBS_04R,Restored,Glochidion malabaricum,22.0,23.0,17.0,0.0,0.0,0.0,0.0,0.0,0.0,0.0,0.0,6.0,
INJ,BSR04,2004,INBS_04R,Restored,Glochidion malabaricum,26.0,0.0,0.0,0.0,0.0,0.0,0.0,0.0,0.0,0.0,0.0,7.0,
INJ,BSR04,2004,INBS_04R,Restored,Persea macarantha,17.0,0.0,0.0,0.0,0.0,0.0,0.0,0.0,0.0,0.0,0.0,6.5,
INJ,BSR04,2004,INBS_04R,Restored,Glochidion malabaricum,24.0,15.0,0.0,0.0,0.0,0.0,0.0,0.0,0.0,0.0,0.0,5.5,
INJ,BSR04,2004,INBS_04R,Restored,Actinodaphne malabaricum,40.0,0.0,0.0,0.0,0.0,0.0,0.0,0.0,0.0,0.0,0.0,12.0,
INJ,BSR04,2004,INBS_04R,Restored,Eucalyptus sp.,178.0,0.0,0.0,0.0,0.0,0.0,0.0,0.0,0.0,0.0,0.0,43.0,
INJ,BSR04,2004,INBS_04R,Restored,Litsea floribunda,25.0,0.0,0.0,0.0,0.0,0.0,0.0,0.0,0.0,0.0,0.0,7.0,
INJ,BSR04,2004,INBS_04R,Restored,Clerodendrum infortunatum,14.0,0.0,0.0,0.0,0.0,0.0,0.0,0.0,0.0,0.0,0.0,4.5,
INJ,BSR04,2004,INBS_04R,Restored,Acronychia pedunculata,71.0,56.0,53.0,0.0,0.0,0.0,0.0,0.0,0.0,0.0,0.0,12.0,
INJ,BSR04,2004,INBS_04R,Restored,Actinodaphne malabaricum,35.0,0.0,0.0,0.0,0.0,0.0,0.0,0.0,0.0,0.0,0.0,10.0,
INJ,BSR04,2004,INBS_04R,Restored,Dimocarpus longan,15.0,0.0,0.0,0.0,0.0,0.0,0.0,0.0,0.0,0.0,0.0,7.0,
INJ,BSR04,2004,INBS_04R,Restored,Actinodaphne malabaricum,37.0,0.0,0.0,0.0,0.0,0.0,0.0,0.0,0.0,0.0,0.0,8.0,
INJ,BSR04,2004,INBS_04R,Restored,Maesa indica,12.0,0.0,0.0,0.0,0.0,0.0,0.0,0.0,0.0,0.0,0.0,4.5,
INJ,BSR04,2004,INBS_04R,Restored,Clerodendrum infortunatum,10.0,0.0,0.0,0.0,0.0,0.0,0.0,0.0,0.0,0.0,0.0,4.0,
INJ,BSR04,2004,INBS_04R,Restored,Harpulia arborea,13.0,0.0,0.0,0.0,0.0,0.0,0.0,0.0,0.0,0.0,0.0,2.0,
INJ,BSR04,2004,INBS_04R,Restored,Bhesa indica,21.0,0.0,0.0,0.0,0.0,0.0,0.0,0.0,0.0,0.0,0.0,7.5,
INJ,BSR04,2004,INBS_04R,Restored,Glochidion malabaricum,22.0,38.0,0.0,0.0,0.0,0.0,0.0,0.0,0.0,0.0,0.0,7.0,
INJ,BSR04,2004,INBS_04R,Restored,Spathodea campanulata,38.0,0.0,0.0,0.0,0.0,0.0,0.0,0.0,0.0,0.0,0.0,8.0,
INJ,BSR04,2004,INBS_04R,Restored,Spathodea campanulata,93.0,0.0,0.0,0.0,0.0,0.0,0.0,0.0,0.0,0.0,0.0,14.0,
INJ,BSR04,2004,INBS_04R,Restored,Spathodea campanulata,31.0,0.0,0.0,0.0,0.0,0.0,0.0,0.0,0.0,0.0,0.0,6.5,
INJ,BSR04,2004,INBS_04R,Restored,Spathodea campanulata,61.0,0.0,0.0,0.0,0.0,0.0,0.0,0.0,0.0,0.0,0.0,8.5,
INJ,BSR04,2004,INBS_04R,Restored,Acronychia pedunculata,21.0,18.0,0.0,0.0,0.0,0.0,0.0,0.0,0.0,0.0,0.0,7.0,
INJ,BSR04,2004,INBS_04R,Restored,Litsea floribunda,30.0,0.0,0.0,0.0,0.0,0.0,0.0,0.0,0.0,0.0,0.0,12.0,
INJ,BSR04,2004,INBS_04R,Restored,Spathodea campanulata,10.0,0.0,0.0,0.0,0.0,0.0,0.0,0.0,0.0,0.0,0.0,4.0,
INJ,BSR04,2004,INBS_04R,Restored,Acronychia pedunculata,36.0,80.0,0.0,0.0,0.0,0.0,0.0,0.0,0.0,0.0,0.0,17.0,
INJ,BSR04,2004,INBS_04R,Restored,Glochidion malabaricum,10.0,0.0,0.0,0.0,0.0,0.0,0.0,0.0,0.0,0.0,0.0,3.5,
INJ,OPR03,2004,INOA_03R,Restored,Bischofia javanica,100.0,0.0,0.0,0.0,0.0,0.0,0.0,0.0,0.0,0.0,0.0,16.0,
INJ,OPR03,2004,INOA_03R,Restored,Vernonia arborea,12.0,53.0,54.0,0.0,0.0,0.0,0.0,0.0,0.0,0.0,0.0,15.0,
INJ,OPR03,2004,INOA_03R,Restored,Persea macarantha,68.0,0.0,0.0,0.0,0.0,0.0,0.0,0.0,0.0,0.0,0.0,17.0,
INJ,OPR03,2004,INOA_03R,Restored,Leea indica,12.0,10.0,0.0,0.0,0.0,0.0,0.0,0.0,0.0,0.0,0.0,2.5,
INJ,OPR03,2004,INOA_03R,Restored,Meliosma pinnata,99.0,88.0,0.0,0.0,0.0,0.0,0.0,0.0,0.0,0.0,0.0,16.0,
INJ,OPR03,2004,INOA_03R,Restored,Cinnamomum malabathrum,70.0,0.0,0.0,0.0,0.0,0.0,0.0,0.0,0.0,0.0,0.0,12.5,
INJ,OPR03,2004,INOA_03R,Restored,Vernonia arborea,77.5,0.0,0.0,0.0,0.0,0.0,0.0,0.0,0.0,0.0,0.0,18.0,
INJ,OPR03,2004,INOA_03R,Restored,Cullenia exarillata,10.5,0.0,0.0,0.0,0.0,0.0,0.0,0.0,0.0,0.0,0.0,3.0,
INJ,OPR03,2004,INOA_03R,Restored,Bischofia javanica,61.0,10.0,0.0,0.0,0.0,0.0,0.0,0.0,0.0,0.0,0.0,12.5,
INJ,OPR03,2004,INOA_03R,Restored,Cinnamomum malabathrum,57.0,0.0,0.0,0.0,0.0,0.0,0.0,0.0,0.0,0.0,0.0,13.0,
INJ,OPR03,2004,INOA_03R,Restored,Ficus hispida,44.0,0.0,0.0,0.0,0.0,0.0,0.0,0.0,0.0,0.0,0.0,4.5,
INJ,OPR03,2004,INOA_03R,Restored,Ficus hispida,51.0,0.0,0.0,0.0,0.0,0.0,0.0,0.0,0.0,0.0,0.0,6.0,
INJ,OPR03,2004,INOA_03R,Restored,Syzygium densiflorum,9.5,0.0,0.0,0.0,0.0,0.0,0.0,0.0,0.0,0.0,0.0,3.5,
INJ,OPR03,2004,INOA_03R,Restored,Bombax ceiba,98.0,0.0,0.0,0.0,0.0,0.0,0.0,0.0,0.0,0.0,0.0,16.0,
INJ,OPR03,2004,INOA_03R,Restored,Montonoa sp.,12.0,11.0,9.5,0.0,0.0,0.0,0.0,0.0,0.0,0.0,0.0,5.4,
ST,MJR02,2002,STM1_02R,Restored,Maesopsis eminii,24.0,0.0,0.0,0.0,0.0,0.0,0.0,0.0,0.0,0.0,0.0,7.0,
ST,MJR02,2002,STM1_02R,Restored,Clerodendrum infortunatum,18.0,0.0,0.0,0.0,0.0,0.0,0.0,0.0,0.0,0.0,0.0,5.0,
ST,MJR02,2002,STM1_02R,Restored,Clerodendrum infortunatum,26.0,0.0,0.0,0.0,0.0,0.0,0.0,0.0,0.0,0.0,0.0,6.0,
ST,MJR02,2002,STM1_02R,Restored,Cinnamomum malabathrum,47.0,0.0,0.0,0.0,0.0,0.0,0.0,0.0,0.0,0.0,0.0,11.0,
ST,MJR02,2002,STM1_02R,Restored,Vernonia arborea,82.0,0.0,0.0,0.0,0.0,0.0,0.0,0.0,0.0,0.0,0.0,20.0,
ST,MJR02,2002,STM1_02R,Restored,Actinodaphne malabaricum,22.0,0.0,0.0,0.0,0.0,0.0,0.0,0.0,0.0,0.0,0.0,11.0,
ST,MJR02,2002,STM1_02R,Restored,Elaeocarpus tuberculatus,56.0,0.0,0.0,0.0,0.0,0.0,0.0,0.0,0.0,0.0,0.0,17.0,
ST,MJR02,2002,STM1_02R,Restored,Olea dioica,15.0,0.0,0.0,0.0,0.0,0.0,0.0,0.0,0.0,0.0,0.0,6.5,
ST,MJR02,2002,STM1_02R,Restored,Trichilia connaroides,11.0,0.0,0.0,0.0,0.0,0.0,0.0,0.0,0.0,0.0,0.0,4.5,
ST,MJR02,2002,STM1_02R,Restored,Clerodendrum infortunatum,13.0,0.0,0.0,0.0,0.0,0.0,0.0,0.0,0.0,0.0,0.0,6.0,
ST,MJR02,2002,STM1_02R,Restored,Dimocarpus longan,10.0,0.0,0.0,0.0,0.0,0.0,0.0,0.0,0.0,0.0,0.0,6.5,
ST,MJR02,2002,STM1_02R,Restored,Litsea insignis,13.0,0.0,0.0,0.0,0.0,0.0,0.0,0.0,0.0,0.0,0.0,4.5,
ST,MJR02,2002,STM1_02R,Restored,Maesopsis eminii,62.0,26.0,0.0,0.0,0.0,0.0,0.0,0.0,0.0,0.0,0.0,8.0,
ST,MJR02,2002,STM1_02R,Restored,Maesopsis eminii,29.0,0.0,0.0,0.0,0.0,0.0,0.0,0.0,0.0,0.0,0.0,8.0,
ST,MJR02,2002,STM1_02R,Restored,Maesopsis eminii,10.0,0.0,0.0,0.0,0.0,0.0,0.0,0.0,0.0,0.0,0.0,7.5,
ST,MJR02,2002,STM1_02R,Restored,Litsea oleiodes,55.0,0.0,0.0,0.0,0.0,0.0,0.0,0.0,0.0,0.0,0.0,14.0,
ST,MJR02,2002,STM1_02R,Restored,Syzygium munronii,20.0,11.0,0.0,0.0,0.0,0.0,0.0,0.0,0.0,0.0,0.0,7.0,
ST,MJR02,2002,STM1_02R,Restored,Artocarpus heterophyllus,27.0,0.0,0.0,0.0,0.0,0.0,0.0,0.0,0.0,0.0,0.0,13.0,
ST,MJR02,2002,STM1_02R,Restored,Maesopsis eminii,137.0,0.0,0.0,0.0,0.0,0.0,0.0,0.0,0.0,0.0,0.0,25.0,
ST,MJR02,2002,STM1_02R,Restored,Dimocarpus longan,16.0,0.0,0.0,0.0,0.0,0.0,0.0,0.0,0.0,0.0,0.0,6.5,
ST,MJR02,2002,STM1_02R,Restored,Litsea oleiodes,64.0,0.0,0.0,0.0,0.0,0.0,0.0,0.0,0.0,0.0,0.0,15.0,
ST,MJR02,2002,STM1_02R,Restored,Actinodaphne malabaricum,30.0,0.0,0.0,0.0,0.0,0.0,0.0,0.0,0.0,0.0,0.0,12.0,
ST,MJR02,2002,STM1_02R,Restored,Actinodaphne malabaricum,42.0,0.0,0.0,0.0,0.0,0.0,0.0,0.0,0.0,0.0,0.0,13.0,
ST,MJR02,2002,STM1_02R,Restored,Michelia champaca,36.0,0.0,0.0,0.0,0.0,0.0,0.0,0.0,0.0,0.0,0.0,11.0,
ST,MJR02,2002,STM1_02R,Restored,Dimocarpus longan,16.0,0.0,0.0,0.0,0.0,0.0,0.0,0.0,0.0,0.0,0.0,6.5,
ST,MJR02,2002,STM1_02R,Restored,Dimocarpus longan,16.0,0.0,0.0,0.0,0.0,0.0,0.0,0.0,0.0,0.0,0.0,7.0,
ST,MJR02,2002,STM1_02R,Restored,Maesopsis eminii,10.0,0.0,0.0,0.0,0.0,0.0,0.0,0.0,0.0,0.0,0.0,5.0,
ST,MJR02,2002,STM1_02R,Restored,Clerodendrum infortunatum,20.0,0.0,0.0,0.0,0.0,0.0,0.0,0.0,0.0,0.0,0.0,6.0,
ST,MJR02,2002,STM1_02R,Restored,Clerodendrum infortunatum,26.0,0.0,0.0,0.0,0.0,0.0,0.0,0.0,0.0,0.0,0.0,6.0,
ST,MJR02,2002,STM1_02R,Restored,Maesopsis eminii,26.0,0.0,0.0,0.0,0.0,0.0,0.0,0.0,0.0,0.0,0.0,8.0,
ST,MJR02,2002,STM1_02R,Restored,Clerodendrum infortunatum,33.0,0.0,0.0,0.0,0.0,0.0,0.0,0.0,0.0,0.0,0.0,7.0,
ST,MJR02,2002,STM1_02R,Restored,Maesopsis eminii,12.0,0.0,0.0,0.0,0.0,0.0,0.0,0.0,0.0,0.0,0.0,6.5,
ST,MJR02,2002,STM1_02R,Restored,Michelia champaca,103.0,0.0,0.0,0.0,0.0,0.0,0.0,0.0,0.0,0.0,0.0,14.0,
ST,MJR02,2002,STM1_02R,Restored,Syzygium munronii,27.0,39.0,32.0,0.0,0.0,0.0,0.0,0.0,0.0,0.0,0.0,9.0,
ST,MJR02,2002,STM1_02R,Restored,Clerodendrum infortunatum,31.0,0.0,0.0,0.0,0.0,0.0,0.0,0.0,0.0,0.0,0.0,6.5,
ST,MJR02,2002,STM1_02R,Restored,Trichilia connaroides,27.0,0.0,0.0,0.0,0.0,0.0,0.0,0.0,0.0,0.0,0.0,8.0,
ST,MJR02,2002,STM1_02R,Restored,Persea macarantha,22.0,0.0,0.0,0.0,0.0,0.0,0.0,0.0,0.0,0.0,0.0,8.0,
ST,MJR02,2002,STM1_02R,Restored,Semecarpus travancorica,44.0,0.0,0.0,0.0,0.0,0.0,0.0,0.0,0.0,0.0,0.0,15.0,
ST,MJR02,2002,STM1_02R,Restored,Trichilia connaroides,13.0,0.0,0.0,0.0,0.0,0.0,0.0,0.0,0.0,0.0,0.0,5.0,
ST,MJR02,2002,STM1_02R,Restored,Cinnamomum malabathrum,38.0,0.0,0.0,0.0,0.0,0.0,0.0,0.0,0.0,0.0,0.0,13.0,
ST,MJR02,2002,STM1_02R,Restored,Sterculia guttata,11.0,0.0,0.0,0.0,0.0,0.0,0.0,0.0,0.0,0.0,0.0,4.0,
ST,MJR02,2002,STM1_02R,Restored,Artocarpus heterophyllus,29.0,0.0,0.0,0.0,0.0,0.0,0.0,0.0,0.0,0.0,0.0,14.0,
ST,MJR02,2002,STM1_02R,Restored,Artocarpus heterophyllus,36.0,0.0,0.0,0.0,0.0,0.0,0.0,0.0,0.0,0.0,0.0,12.0,
ST,MJR02,2002,STM1_02R,Restored,Cinnamomum malabathrum,45.0,0.0,0.0,0.0,0.0,0.0,0.0,0.0,0.0,0.0,0.0,10.0,
ST,MJR02,2002,STM1_02R,Restored,Dimocarpus longan,14.0,0.0,0.0,0.0,0.0,0.0,0.0,0.0,0.0,0.0,0.0,6.0,
ST,MJR02,2002,STM1_02R,Restored,Trichilia connaroides,17.0,0.0,0.0,0.0,0.0,0.0,0.0,0.0,0.0,0.0,0.0,5.0,
ST,MJR02,2002,STM1_02R,Restored,Trichilia connaroides,14.0,0.0,0.0,0.0,0.0,0.0,0.0,0.0,0.0,0.0,0.0,5.0,
ST,MJR02,2002,STM1_02R,Restored,Syzygium munronii,30.0,28.0,0.0,0.0,0.0,0.0,0.0,0.0,0.0,0.0,0.0,9.0,
ST,MJR02,2002,STM1_02R,Restored,Artocarpus heterophyllus,11.0,0.0,0.0,0.0,0.0,0.0,0.0,0.0,0.0,0.0,0.0,5.0,
ST,MJR02,2002,STM1_02R,Restored,Actinodaphne malabaricum,45.0,0.0,0.0,0.0,0.0,0.0,0.0,0.0,0.0,0.0,0.0,14.0,
ST,MJR02,2002,STM1_02R,Restored,Artocarpus heterophyllus,37.0,0.0,0.0,0.0,0.0,0.0,0.0,0.0,0.0,0.0,0.0,12.0,
ST,MJR02,2002,STM1_02R,Restored,Sterculia guttata,13.0,0.0,0.0,0.0,0.0,0.0,0.0,0.0,0.0,0.0,0.0,4.5,
ST,MJR02,2002,STM1_02R,Restored,Dimocarpus longan,11.0,0.0,0.0,0.0,0.0,0.0,0.0,0.0,0.0,0.0,0.0,7.0,
ST,MJR02,2002,STM1_02R,Restored,Actinodaphne malabaricum,42.0,0.0,0.0,0.0,0.0,0.0,0.0,0.0,0.0,0.0,0.0,15.5,
ST,MJR02,2002,STM1_02R,Restored,Elaeocarpus tuberculatus,49.0,0.0,0.0,0.0,0.0,0.0,0.0,0.0,0.0,0.0,0.0,14.0,
ST,MJR02,2002,STM1_02R,Restored,Michelia champaca,41.0,0.0,0.0,0.0,0.0,0.0,0.0,0.0,0.0,0.0,0.0,14.0,
ST,MJR02,2002,STM1_02R,Restored,Syzygium munronii,18.0,19.0,21.0,0.0,0.0,0.0,0.0,0.0,0.0,0.0,0.0,9.0,
ST,MJR02,2002,STM1_02R,Restored,Dimocarpus longan,11.0,0.0,0.0,0.0,0.0,0.0,0.0,0.0,0.0,0.0,0.0,6.0,
ST,MJR02,2002,STM1_02R,Restored,Artocarpus heterophyllus,31.0,0.0,0.0,0.0,0.0,0.0,0.0,0.0,0.0,0.0,0.0,12.0,
ST,MJR02,2002,STM1_02R,Restored,Elaeocarpus tuberculatus,57.0,0.0,0.0,0.0,0.0,0.0,0.0,0.0,0.0,0.0,0.0,18.0,
ST,MJR02,2002,STM1_02R,Restored,Maesopsis eminii,29.0,0.0,0.0,0.0,0.0,0.0,0.0,0.0,0.0,0.0,0.0,2.0,
ST,MJR02,2002,STM1_02R,Restored,Artocarpus heterophyllus,48.0,0.0,0.0,0.0,0.0,0.0,0.0,0.0,0.0,0.0,0.0,11.0,
ST,MJR02,2002,STM1_02R,Restored,Michelia champaca,21.0,19.0,0.0,0.0,0.0,0.0,0.0,0.0,0.0,0.0,0.0,7.5,
ST,MJR02,2002,STM1_02R,Restored,Maesopsis eminii,16.0,0.0,0.0,0.0,0.0,0.0,0.0,0.0,0.0,0.0,0.0,7.0,
ST,MJR02,2002,STM1_02R,Restored,Actinodaphne malabaricum,95.0,0.0,0.0,0.0,0.0,0.0,0.0,0.0,0.0,0.0,0.0,17.0,
ST,MJR02,2002,STM1_02R,Restored,Trichilia connaroides,16.0,0.0,0.0,0.0,0.0,0.0,0.0,0.0,0.0,0.0,0.0,6.5,
ST,MJR02,2002,STM1_02R,Restored,Michelia champaca,35.0,0.0,0.0,0.0,0.0,0.0,0.0,0.0,0.0,0.0,0.0,12.0,
ST,MJR02,2002,STM1_02R,Restored,Trichilia connaroides,11.0,0.0,0.0,0.0,0.0,0.0,0.0,0.0,0.0,0.0,0.0,5.0,
ST,MJR02,2002,STM1_02R,Restored,Maesopsis eminii,10.0,0.0,0.0,0.0,0.0,0.0,0.0,0.0,0.0,0.0,0.0,7.0,
ST,MJR02,2002,STM1_02R,Restored,Artocarpus heterophyllus,31.0,0.0,0.0,0.0,0.0,0.0,0.0,0.0,0.0,0.0,0.0,13.0,
ST,MJR02,2002,STM1_02R,Restored,Artocarpus heterophyllus,24.0,0.0,0.0,0.0,0.0,0.0,0.0,0.0,0.0,0.0,0.0,8.0,
ST,MJR02,2002,STM1_02R,Restored,Actinodaphne malabaricum,58.0,0.0,0.0,0.0,0.0,0.0,0.0,0.0,0.0,0.0,0.0,17.0,
ST,MJR02,2002,STM1_02R,Restored,Dimocarpus longan,10.0,0.0,0.0,0.0,0.0,0.0,0.0,0.0,0.0,0.0,0.0,6.0,
ST,MJR02,2002,STM1_02R,Restored,Ormosia travancorica,11.0,0.0,0.0,0.0,0.0,0.0,0.0,0.0,0.0,0.0,0.0,4.0,
ST,MJR02,2002,STM1_02R,Restored,Actinodaphne malabaricum,24.0,0.0,0.0,0.0,0.0,0.0,0.0,0.0,0.0,0.0,0.0,12.5,
ST,MJR02,2002,STM1_02R,Restored,Maesopsis eminii,150.0,0.0,0.0,0.0,0.0,0.0,0.0,0.0,0.0,0.0,0.0,25.0,
ST,MJR02,2002,STM1_02R,Restored,Trichilia connaroides,20.0,0.0,0.0,0.0,0.0,0.0,0.0,0.0,0.0,0.0,0.0,7.0,
ST,MJR02,2002,STM1_02R,Restored,Ormosia travancorica,10.0,0.0,0.0,0.0,0.0,0.0,0.0,0.0,0.0,0.0,0.0,3.5,
ST,MJR02,2002,STM1_02R,Restored,Trichilia connaroides,15.0,15.0,0.0,0.0,0.0,0.0,0.0,0.0,0.0,0.0,0.0,7.0,
ST,MJR02,2002,STM1_02R,Restored,Trichilia connaroides,13.0,0.0,0.0,0.0,0.0,0.0,0.0,0.0,0.0,0.0,0.0,7.0,
ST,MJR02,2002,STM1_02R,Restored,Maesopsis eminii,10.0,0.0,0.0,0.0,0.0,0.0,0.0,0.0,0.0,0.0,0.0,6.0,
ST,MJR02,2002,STM1_02R,Restored,Actinodaphne malabaricum,23.0,0.0,0.0,0.0,0.0,0.0,0.0,0.0,0.0,0.0,0.0,9.0,
ST,MJR02,2002,STM1_02R,Restored,Maesopsis eminii,13.0,0.0,0.0,0.0,0.0,0.0,0.0,0.0,0.0,0.0,0.0,5.0,
ST,MJR02,2002,STM1_02R,Restored,Macaranga indica,106.0,0.0,0.0,0.0,0.0,0.0,0.0,0.0,0.0,0.0,0.0,15.0,
ST,MJR02,2002,STM1_02R,Restored,Macaranga indica,81.0,40.0,0.0,0.0,0.0,0.0,0.0,0.0,0.0,0.0,0.0,16.0,
ST,MJR02,2002,STM1_02R,Restored,Semecarpus travancorica,16.0,0.0,0.0,0.0,0.0,0.0,0.0,0.0,0.0,0.0,0.0,4.5,
ST,MJR02,2002,STM1_02R,Restored,Trichilia connaroides,26.0,0.0,0.0,0.0,0.0,0.0,0.0,0.0,0.0,0.0,0.0,6.5,
ST,MJR02,2002,STM1_02R,Restored,Clerodendrum infortunatum,23.0,0.0,0.0,0.0,0.0,0.0,0.0,0.0,0.0,0.0,0.0,4.5,
ST,MJR02,2002,STM1_02R,Restored,Michelia champaca,38.0,0.0,0.0,0.0,0.0,0.0,0.0,0.0,0.0,0.0,0.0,10.0,
ST,MJR02,2002,STM1_02R,Restored,Actinodaphne malabaricum,46.0,0.0,0.0,0.0,0.0,0.0,0.0,0.0,0.0,0.0,0.0,10.0,
ST,MJR02,2002,STM1_02R,Restored,Cinnamomum malabathrum,15.0,0.0,0.0,0.0,0.0,0.0,0.0,0.0,0.0,0.0,0.0,6.5,
ST,MJR02,2002,STM1_02R,Restored,Maesopsis eminii,12.0,0.0,0.0,0.0,0.0,0.0,0.0,0.0,0.0,0.0,0.0,5.0,
ST,MJR02,2002,STM1_02R,Restored,Michelia champaca,25.0,0.0,0.0,0.0,0.0,0.0,0.0,0.0,0.0,0.0,0.0,11.0,
ST,MJR02,2002,STM1_02R,Restored,Macaranga indica,66.0,0.0,0.0,0.0,0.0,0.0,0.0,0.0,0.0,0.0,0.0,15.0,
ST,MJR02,2002,STM1_02R,Restored,Litsea oleiodes,11.0,0.0,0.0,0.0,0.0,0.0,0.0,0.0,0.0,0.0,0.0,4.0,
ST,MJR02,2002,STM1_02R,Restored,Clerodendrum infortunatum,33.0,0.0,0.0,0.0,0.0,0.0,0.0,0.0,0.0,0.0,0.0,6.0,
ST,MJR02,2002,STM1_02R,Restored,Clerodendrum infortunatum,33.0,15.0,0.0,0.0,0.0,0.0,0.0,0.0,0.0,0.0,0.0,6.0,
ST,MJR02,2002,STM1_02R,Restored,Spathodea campanulata,11.0,0.0,0.0,0.0,0.0,0.0,0.0,0.0,0.0,0.0,0.0,5.0,
ST,MJR02,2002,STM1_02R,Restored,Clerodendrum infortunatum,16.0,0.0,0.0,0.0,0.0,0.0,0.0,0.0,0.0,0.0,0.0,4.0,
ST,MJR02,2002,STM1_02R,Restored,Clerodendrum infortunatum,16.0,0.0,0.0,0.0,0.0,0.0,0.0,0.0,0.0,0.0,0.0,4.5,
ST,MJR02,2002,STM1_02R,Restored,Clerodendrum infortunatum,12.0,0.0,0.0,0.0,0.0,0.0,0.0,0.0,0.0,0.0,0.0,4.0,
ST,MJR02,2002,STM1_02R,Restored,Clerodendrum infortunatum,14.0,0.0,0.0,0.0,0.0,0.0,0.0,0.0,0.0,0.0,0.0,3.0,
ST,MJR02,2002,STM1_02R,Restored,Michelia champaca,36.0,0.0,0.0,0.0,0.0,0.0,0.0,0.0,0.0,0.0,0.0,11.0,
ST,MJR02,2002,STM1_02R,Restored,Michelia champaca,25.0,0.0,0.0,0.0,0.0,0.0,0.0,0.0,0.0,0.0,0.0,9.0,
ST,MJR02,2002,STM1_02R,Restored,Olea dioica,19.0,0.0,0.0,0.0,0.0,0.0,0.0,0.0,0.0,0.0,0.0,7.5,
ST,MJR02,2002,STM1_02R,Restored,Maesopsis eminii,13.0,0.0,0.0,0.0,0.0,0.0,0.0,0.0,0.0,0.0,0.0,6.5,
ST,MJR02,2002,STM1_02R,Restored,Michelia champaca,56.0,32.0,0.0,0.0,0.0,0.0,0.0,0.0,0.0,0.0,0.0,14.0,
ST,MJR02,2002,STM1_02R,Restored,Trichilia connaroides,25.0,0.0,0.0,0.0,0.0,0.0,0.0,0.0,0.0,0.0,0.0,11.0,
ST,MJR02,2002,STM1_02R,Restored,Actinodaphne malabaricum,57.0,0.0,0.0,0.0,0.0,0.0,0.0,0.0,0.0,0.0,0.0,13.0,
ST,MJR02,2002,STM1_02R,Restored,Dimocarpus longan,16.0,0.0,0.0,0.0,0.0,0.0,0.0,0.0,0.0,0.0,0.0,6.5,
ST,MJR02,2002,STM1_02R,Restored,Artocarpus heterophyllus,33.0,0.0,0.0,0.0,0.0,0.0,0.0,0.0,0.0,0.0,0.0,12.0,
ST,MJR02,2002,STM1_02R,Restored,Persea macarantha,14.0,0.0,0.0,0.0,0.0,0.0,0.0,0.0,0.0,0.0,0.0,5.5,
ST,MJR02,2002,STM1_02R,Restored,Artocarpus heterophyllus,24.0,0.0,0.0,0.0,0.0,0.0,0.0,0.0,0.0,0.0,0.0,9.0,
ST,MJR02,2002,STM1_02R,Restored,Trichilia connaroides,24.0,0.0,0.0,0.0,0.0,0.0,0.0,0.0,0.0,0.0,0.0,12.0,
ST,MJR02,2002,STM1_02R,Restored,Dimocarpus longan,21.0,0.0,0.0,0.0,0.0,0.0,0.0,0.0,0.0,0.0,0.0,8.0,
ST,MJR02,2002,STM1_02R,Restored,Litsea oleiodes,54.0,0.0,0.0,0.0,0.0,0.0,0.0,0.0,0.0,0.0,0.0,15.0,
ST,MJR02,2002,STM1_02R,Restored,Dimocarpus longan,27.0,0.0,0.0,0.0,0.0,0.0,0.0,0.0,0.0,0.0,0.0,8.0,
ST,MJR02,2002,STM1_02R,Restored,Dimocarpus longan,19.0,0.0,0.0,0.0,0.0,0.0,0.0,0.0,0.0,0.0,0.0,7.0,
ST,MJR02,2002,STM1_02R,Restored,Trichilia connaroides,16.0,0.0,0.0,0.0,0.0,0.0,0.0,0.0,0.0,0.0,0.0,5.0,
ST,MJR02,2002,STM1_02R,Restored,Michelia champaca,34.0,0.0,0.0,0.0,0.0,0.0,0.0,0.0,0.0,0.0,0.0,12.0,
ST,MJR02,2002,STM1_02R,Restored,Maesopsis eminii,38.0,0.0,0.0,0.0,0.0,0.0,0.0,0.0,0.0,0.0,0.0,13.0,
ST,MJR02,2002,STM1_02R,Restored,Ficus callosa,18.0,0.0,0.0,0.0,0.0,0.0,0.0,0.0,0.0,0.0,0.0,10.0,
ST,MJR02,2002,STM1_02R,Restored,Clerodendrum infortunatum,18.0,0.0,0.0,0.0,0.0,0.0,0.0,0.0,0.0,0.0,0.0,4.0,
ST,MJR02,2002,STM1_02R,Restored,Artocarpus heterophyllus,37.0,0.0,0.0,0.0,0.0,0.0,0.0,0.0,0.0,0.0,0.0,12.5,
ST,MJR02,2002,STM1_02R,Restored,Dimocarpus longan,22.0,0.0,0.0,0.0,0.0,0.0,0.0,0.0,0.0,0.0,0.0,7.0,
ST,MJR02,2002,STM1_02R,Restored,Litsea oleiodes,14.0,0.0,0.0,0.0,0.0,0.0,0.0,0.0,0.0,0.0,0.0,7.0,
ST,MJR02,2002,STM1_02R,Restored,Trichilia connaroides,15.0,0.0,0.0,0.0,0.0,0.0,0.0,0.0,0.0,0.0,0.0,7.0,
ST,MJR02,2002,STM1_02R,Restored,Maesopsis eminii,11.0,0.0,0.0,0.0,0.0,0.0,0.0,0.0,0.0,0.0,0.0,6.0,
ST,MJR02,2002,STM1_02R,Restored,Cinnamomum malabathrum,65.0,0.0,0.0,0.0,0.0,0.0,0.0,0.0,0.0,0.0,0.0,12.5,
ST,MJR02,2002,STM1_02R,Restored,Unidentified,54.0,20.0,0.0,0.0,0.0,0.0,0.0,0.0,0.0,0.0,0.0,9.5,
ST,MJR02,2002,STM1_02R,Restored,Actinodaphne malabaricum,48.0,0.0,0.0,0.0,0.0,0.0,0.0,0.0,0.0,0.0,0.0,10.5,
ST,MJR02,2002,STM1_02R,Restored,Artocarpus heterophyllus,38.0,0.0,0.0,0.0,0.0,0.0,0.0,0.0,0.0,0.0,0.0,12.0,
ST,MJR02,2002,STM1_02R,Restored,Trichilia connaroides,41.0,0.0,0.0,0.0,0.0,0.0,0.0,0.0,0.0,0.0,0.0,12.0,
ST,MJR02,2002,STM1_02R,Restored,Litsea oleiodes,51.0,0.0,0.0,0.0,0.0,0.0,0.0,0.0,0.0,0.0,0.0,13.0,
ST,R04,2004,STM2_04R,Restored,Turpinia malabarica,44.0,0.0,0.0,0.0,0.0,0.0,0.0,0.0,0.0,0.0,0.0,12.0,
ST,R04,2004,STM2_04R,Restored,Actinodaphne malabaricum,35.0,0.0,0.0,0.0,0.0,0.0,0.0,0.0,0.0,0.0,0.0,16.0,
ST,R04,2004,STM2_04R,Restored,Elaeocarpus tuberculatus,19.0,0.0,0.0,0.0,0.0,0.0,0.0,0.0,0.0,0.0,0.0,8.0,
ST,R04,2004,STM2_04R,Restored,Actinodaphne malabaricum,23.0,0.0,0.0,0.0,0.0,0.0,0.0,0.0,0.0,0.0,0.0,10.0,
ST,R04,2004,STM2_04R,Restored,Ficus hispida,74.0,10.0,0.0,0.0,0.0,0.0,0.0,0.0,0.0,0.0,0.0,9.0,
ST,R04,2004,STM2_04R,Restored,Ficus hispida,34.0,0.0,0.0,0.0,0.0,0.0,0.0,0.0,0.0,0.0,0.0,8.0,
ST,R04,2004,STM2_04R,Restored,Maesopsis eminii,19.0,0.0,0.0,0.0,0.0,0.0,0.0,0.0,0.0,0.0,0.0,6.0,
ST,R04,2004,STM2_04R,Restored,Cullenia exarillata,12.0,0.0,0.0,0.0,0.0,0.0,0.0,0.0,0.0,0.0,0.0,4.5,
ST,R04,2004,STM2_04R,Restored,Bhesa indica,15.0,0.0,0.0,0.0,0.0,0.0,0.0,0.0,0.0,0.0,0.0,8.0,
ST,R04,2004,STM2_04R,Restored,Actinodaphne malabaricum,80.0,75.0,26.0,0.0,0.0,0.0,0.0,0.0,0.0,0.0,0.0,16.0,
ST,R04,2004,STM2_04R,Restored,Cullenia exarillata,12.0,0.0,0.0,0.0,0.0,0.0,0.0,0.0,0.0,0.0,0.0,4.5,
ST,R04,2004,STM2_04R,Restored,Cullenia exarillata,11.0,0.0,0.0,0.0,0.0,0.0,0.0,0.0,0.0,0.0,0.0,4.5,
ST,R04,2004,STM2_04R,Restored,Olea dioica,10.0,0.0,0.0,0.0,0.0,0.0,0.0,0.0,0.0,0.0,0.0,4.0,
ST,R04,2004,STM2_04R,Restored,Maesopsis eminii,23.0,0.0,0.0,0.0,0.0,0.0,0.0,0.0,0.0,0.0,0.0,5.0,
ST,R04,2004,STM2_04R,Restored,Litsea insignis,19.0,0.0,0.0,0.0,0.0,0.0,0.0,0.0,0.0,0.0,0.0,7.5,
ST,R04,2004,STM2_04R,Restored,Clerodendrum infortunatum,28.0,0.0,0.0,0.0,0.0,0.0,0.0,0.0,0.0,0.0,0.0,8.0,
ST,R04,2004,STM2_04R,Restored,Ficus hispida,49.0,41.0,46.0,0.0,0.0,0.0,0.0,0.0,0.0,0.0,0.0,12.0,
ST,R04,2004,STM2_04R,Restored,Bhesa indica,11.0,0.0,0.0,0.0,0.0,0.0,0.0,0.0,0.0,0.0,0.0,1.0,
ST,R04,2004,STM2_04R,Restored,Ficus exasperata,38.0,0.0,0.0,0.0,0.0,0.0,0.0,0.0,0.0,0.0,0.0,10.0,
ST,R04,2004,STM2_04R,Restored,Ficus hispida,25.0,0.0,0.0,0.0,0.0,0.0,0.0,0.0,0.0,0.0,0.0,1.0,
ST,R04,2004,STM2_04R,Restored,Clerodendrum infortunatum,24.0,0.0,0.0,0.0,0.0,0.0,0.0,0.0,0.0,0.0,0.0,8.5,
ST,R04,2004,STM2_04R,Restored,Clerodendrum infortunatum,17.0,0.0,0.0,0.0,0.0,0.0,0.0,0.0,0.0,0.0,0.0,6.5,
ST,R04,2004,STM2_04R,Restored,Ficus hispida,26.0,27.0,0.0,0.0,0.0,0.0,0.0,0.0,0.0,0.0,0.0,1.0,
ST,R04,2004,STM2_04R,Restored,Clerodendrum infortunatum,17.0,0.0,0.0,0.0,0.0,0.0,0.0,0.0,0.0,0.0,0.0,7.0,
ST,R04,2004,STM2_04R,Restored,Ficus hispida,37.0,0.0,0.0,0.0,0.0,0.0,0.0,0.0,0.0,0.0,0.0,8.0,
ST,R04,2004,STM2_04R,Restored,Trichilia connaroides,41.0,0.0,0.0,0.0,0.0,0.0,0.0,0.0,0.0,0.0,0.0,12.0,
ST,R04,2004,STM2_04R,Restored,Clerodendrum infortunatum,29.0,0.0,0.0,0.0,0.0,0.0,0.0,0.0,0.0,0.0,0.0,8.5,
ST,R04,2004,STM2_04R,Restored,Cinnamomum malabathrum,21.0,0.0,0.0,0.0,0.0,0.0,0.0,0.0,0.0,0.0,0.0,10.0,
ST,R04,2004,STM2_04R,Restored,Clerodendrum infortunatum,24.0,0.0,0.0,0.0,0.0,0.0,0.0,0.0,0.0,0.0,0.0,8.0,
ST,R04,2004,STM2_04R,Restored,Litsea oleiodes,27.0,0.0,0.0,0.0,0.0,0.0,0.0,0.0,0.0,0.0,0.0,0.5,
ST,R04,2004,STM2_04R,Restored,Bhesa indica,17.0,0.0,0.0,0.0,0.0,0.0,0.0,0.0,0.0,0.0,0.0,8.5,
ST,R04,2004,STM2_04R,Restored,Maesopsis eminii,16.0,0.0,0.0,0.0,0.0,0.0,0.0,0.0,0.0,0.0,0.0,2.0,
ST,R04,2004,STM2_04R,Restored,Maesopsis eminii,13.0,0.0,0.0,0.0,0.0,0.0,0.0,0.0,0.0,0.0,0.0,2.0,
ST,R04,2004,STM2_04R,Restored,Ficus hispida,23.0,0.0,0.0,0.0,0.0,0.0,0.0,0.0,0.0,0.0,0.0,1.0,
ST,R04,2004,STM2_04R,Restored,Clerodendrum infortunatum,28.0,0.0,0.0,0.0,0.0,0.0,0.0,0.0,0.0,0.0,0.0,8.0,
ST,R04,2004,STM2_04R,Restored,Clerodendrum infortunatum,35.0,0.0,0.0,0.0,0.0,0.0,0.0,0.0,0.0,0.0,0.0,8.0,
ST,R04,2004,STM2_04R,Restored,Litsea oleiodes,35.0,0.0,0.0,0.0,0.0,0.0,0.0,0.0,0.0,0.0,0.0,1.0,
ST,R04,2004,STM2_04R,Restored,Persea macarantha,15.0,0.0,0.0,0.0,0.0,0.0,0.0,0.0,0.0,0.0,0.0,6.5,
ST,R04,2004,STM2_04R,Restored,Trichilia connaroides,15.0,0.0,0.0,0.0,0.0,0.0,0.0,0.0,0.0,0.0,0.0,6.5,
ST,R04,2004,STM2_04R,Restored,Clerodendrum infortunatum,18.0,0.0,0.0,0.0,0.0,0.0,0.0,0.0,0.0,0.0,0.0,7.0,
ST,R04,2004,STM2_04R,Restored,Maesopsis eminii,20.0,0.0,0.0,0.0,0.0,0.0,0.0,0.0,0.0,0.0,0.0,6.5,
ST,R04,2004,STM2_04R,Restored,Poeciloneuron indicum,10.0,0.0,0.0,0.0,0.0,0.0,0.0,0.0,0.0,0.0,0.0,4.5,
ST,R04,2004,STM2_04R,Restored,Macaranga peltata,80.0,0.0,0.0,0.0,0.0,0.0,0.0,0.0,0.0,0.0,0.0,19.0,
ST,R04,2004,STM2_04R,Restored,Clerodendrum infortunatum,17.0,0.0,0.0,0.0,0.0,0.0,0.0,0.0,0.0,0.0,0.0,8.5,
ST,R04,2004,STM2_04R,Restored,Unidentified,124.0,80.0,0.0,0.0,0.0,0.0,0.0,0.0,0.0,0.0,0.0,23.0,
ST,R04,2004,STM2_04R,Restored,Cinnamomum malabathrum,25.0,0.0,0.0,0.0,0.0,0.0,0.0,0.0,0.0,0.0,0.0,9.0,
ST,R04,2004,STM2_04R,Restored,Clerodendrum infortunatum,25.0,0.0,0.0,0.0,0.0,0.0,0.0,0.0,0.0,0.0,0.0,8.0,
ST,R04,2004,STM2_04R,Restored,Litsea oleiodes,26.0,0.0,0.0,0.0,0.0,0.0,0.0,0.0,0.0,0.0,0.0,8.5,
ST,R04,2004,STM2_04R,Restored,Meliosma pinnata,20.0,0.0,0.0,0.0,0.0,0.0,0.0,0.0,0.0,0.0,0.0,9.0,
ST,R04,2004,STM2_04R,Restored,Trichilia connaroides,12.0,0.0,0.0,0.0,0.0,0.0,0.0,0.0,0.0,0.0,0.0,2.0,
ST,R04,2004,STM2_04R,Restored,Mallotus tetracoccus,46.0,0.0,0.0,0.0,0.0,0.0,0.0,0.0,0.0,0.0,0.0,14.0,
ST,R04,2004,STM2_04R,Restored,Ficus exasperata,34.0,0.0,0.0,0.0,0.0,0.0,0.0,0.0,0.0,0.0,0.0,11.0,
ST,R04,2004,STM2_04R,Restored,Clerodendrum infortunatum,17.0,0.0,0.0,0.0,0.0,0.0,0.0,0.0,0.0,0.0,0.0,6.0,
ST,R04,2004,STM2_04R,Restored,Maesopsis eminii,20.0,0.0,0.0,0.0,0.0,0.0,0.0,0.0,0.0,0.0,0.0,7.0,
ST,R04,2004,STM2_04R,Restored,Diospyros sylvatica,13.0,0.0,0.0,0.0,0.0,0.0,0.0,0.0,0.0,0.0,0.0,5.0,
ST,R04,2004,STM2_04R,Restored,Clerodendrum infortunatum,25.0,0.0,0.0,0.0,0.0,0.0,0.0,0.0,0.0,0.0,0.0,9.0,
ST,R04,2004,STM2_04R,Restored,Macaranga indica,51.0,0.0,0.0,0.0,0.0,0.0,0.0,0.0,0.0,0.0,0.0,18.0,
ST,R04,2004,STM2_04R,Restored,Ficus exasperata,10.0,0.0,0.0,0.0,0.0,0.0,0.0,0.0,0.0,0.0,0.0,3.5,
ST,R04,2004,STM2_04R,Restored,Maesopsis eminii,86.0,0.0,0.0,0.0,0.0,0.0,0.0,0.0,0.0,0.0,0.0,17.0,
ST,R04,2004,STM2_04R,Restored,Maesopsis eminii,17.0,0.0,0.0,0.0,0.0,0.0,0.0,0.0,0.0,0.0,0.0,8.5,
ST,R04,2004,STM2_04R,Restored,Toona ciliata,13.0,0.0,0.0,0.0,0.0,0.0,0.0,0.0,0.0,0.0,0.0,4.0,
ST,R04,2004,STM2_04R,Restored,Prunus ceylanica,13.0,0.0,0.0,0.0,0.0,0.0,0.0,0.0,0.0,0.0,0.0,6.5,
ST,R04,2004,STM2_04R,Restored,Cullenia exarillata,10.0,0.0,0.0,0.0,0.0,0.0,0.0,0.0,0.0,0.0,0.0,4.0,
ST,R04,2004,STM2_04R,Restored,Maesopsis eminii,17.0,0.0,0.0,0.0,0.0,0.0,0.0,0.0,0.0,0.0,0.0,6.5,
ST,R04,2004,STM2_04R,Restored,Trichilia connaroides,16.0,0.0,0.0,0.0,0.0,0.0,0.0,0.0,0.0,0.0,0.0,6.0,
ST,R04,2004,STM2_04R,Restored,Cinnamomum malabathrum,15.0,0.0,0.0,0.0,0.0,0.0,0.0,0.0,0.0,0.0,0.0,6.0,
ST,R04,2004,STM2_04R,Restored,Clerodendrum infortunatum,14.0,0.0,0.0,0.0,0.0,0.0,0.0,0.0,0.0,0.0,0.0,5.5,
ST,R04,2004,STM2_04R,Restored,Acronychia pedunculata,18.0,11.0,0.0,0.0,0.0,0.0,0.0,0.0,0.0,0.0,0.0,7.5,
ST,R04,2004,STM2_04R,Restored,Ficus callosa,148.0,0.0,0.0,0.0,0.0,0.0,0.0,0.0,0.0,0.0,0.0,20.0,
ST,R04,2004,STM2_04R,Restored,Maesopsis eminii,19.0,0.0,0.0,0.0,0.0,0.0,0.0,0.0,0.0,0.0,0.0,8.0,
ST,R04,2004,STM2_04R,Restored,Mallotus tetracoccus,25.0,35.0,0.0,0.0,0.0,0.0,0.0,0.0,0.0,0.0,0.0,13.0,
ST,R04,2004,STM2_04R,Restored,Persea macarantha,11.0,0.0,0.0,0.0,0.0,0.0,0.0,0.0,0.0,0.0,0.0,4.0,
ST,R04,2004,STM2_04R,Restored,Maesopsis eminii,37.0,0.0,0.0,0.0,0.0,0.0,0.0,0.0,0.0,0.0,0.0,8.0,
ST,R04,2004,STM2_04R,Restored,Maesa indica,13.0,0.0,0.0,0.0,0.0,0.0,0.0,0.0,0.0,0.0,0.0,5.0,
ST,R04,2004,STM2_04R,Restored,Antidesma menausa,21.0,0.0,0.0,0.0,0.0,0.0,0.0,0.0,0.0,0.0,0.0,7.5,
ST,R04,2004,STM2_04R,Restored,Acronychia pedunculata,39.0,12.0,9.0,0.0,0.0,0.0,0.0,0.0,0.0,0.0,0.0,13.0,
ST,R04,2004,STM2_04R,Restored,Ficus hispida,20.0,0.0,0.0,0.0,0.0,0.0,0.0,0.0,0.0,0.0,0.0,7.0,
ST,R04,2004,STM2_04R,Restored,Trichilia connaroides,18.0,0.0,0.0,0.0,0.0,0.0,0.0,0.0,0.0,0.0,0.0,7.0,
ST,R04,2004,STM2_04R,Restored,Maesopsis eminii,73.0,0.0,0.0,0.0,0.0,0.0,0.0,0.0,0.0,0.0,0.0,16.0,
ST,INR02,2002,STIN_02R,Restored,Clerodendrum infortunatum,24.0,0.0,0.0,0.0,0.0,0.0,0.0,0.0,0.0,0.0,0.0,8.0,
ST,INR02,2002,STIN_02R,Restored,Cinnamomum malabathrum,43.0,0.0,0.0,0.0,0.0,0.0,0.0,0.0,0.0,0.0,0.0,12.0,
ST,INR02,2002,STIN_02R,Restored,Litsea floribunda,41.0,0.0,0.0,0.0,0.0,0.0,0.0,0.0,0.0,0.0,0.0,10.0,
ST,INR02,2002,STIN_02R,Restored,Litsea floribunda,48.0,0.0,0.0,0.0,0.0,0.0,0.0,0.0,0.0,0.0,0.0,11.5,
ST,INR02,2002,STIN_02R,Restored,Clerodendrum infortunatum,14.0,0.0,0.0,0.0,0.0,0.0,0.0,0.0,0.0,0.0,0.0,4.5,
ST,INR02,2002,STIN_02R,Restored,Clerodendrum infortunatum,14.0,0.0,0.0,0.0,0.0,0.0,0.0,0.0,0.0,0.0,0.0,4.5,
ST,INR02,2002,STIN_02R,Restored,Maesopsis eminii,13.0,0.0,0.0,0.0,0.0,0.0,0.0,0.0,0.0,0.0,0.0,4.0,
ST,INR02,2002,STIN_02R,Restored,Clerodendrum infortunatum,12.0,0.0,0.0,0.0,0.0,0.0,0.0,0.0,0.0,0.0,0.0,3.5,
ST,INR02,2002,STIN_02R,Restored,Persea macarantha,83.0,0.0,0.0,0.0,0.0,0.0,0.0,0.0,0.0,0.0,0.0,18.0,
ST,INR02,2002,STIN_02R,Restored,Trichilia connaroides,66.0,0.0,0.0,0.0,0.0,0.0,0.0,0.0,0.0,0.0,0.0,15.0,
ST,INR02,2002,STIN_02R,Restored,Clerodendrum infortunatum,19.0,0.0,0.0,0.0,0.0,0.0,0.0,0.0,0.0,0.0,0.0,6.0,
ST,INR02,2002,STIN_02R,Restored,Clerodendrum infortunatum,36.0,0.0,0.0,0.0,0.0,0.0,0.0,0.0,0.0,0.0,0.0,11.0,
ST,INR02,2002,STIN_02R,Restored,Clerodendrum infortunatum,19.0,0.0,0.0,0.0,0.0,0.0,0.0,0.0,0.0,0.0,0.0,7.5,
ST,INR02,2002,STIN_02R,Restored,Litsea floribunda,44.0,0.0,0.0,0.0,0.0,0.0,0.0,0.0,0.0,0.0,0.0,12.5,
ST,INR02,2002,STIN_02R,Restored,Trichilia connaroides,28.0,0.0,0.0,0.0,0.0,0.0,0.0,0.0,0.0,0.0,0.0,12.0,
ST,INR02,2002,STIN_02R,Restored,Actinodaphne malabaricum,51.0,51.0,34.0,0.0,0.0,0.0,0.0,0.0,0.0,0.0,0.0,16.0,
ST,INR02,2002,STIN_02R,Restored,Canarium strictum,480.0,0.0,0.0,0.0,0.0,0.0,0.0,0.0,0.0,0.0,0.0,40.0,
ST,INR02,2002,STIN_02R,Restored,Syzygium gardneri,17.0,0.0,0.0,0.0,0.0,0.0,0.0,0.0,0.0,0.0,0.0,7.0,
ST,INR02,2002,STIN_02R,Restored,Artocarpus heterophyllus,341.0,0.0,0.0,0.0,0.0,0.0,0.0,0.0,0.0,0.0,0.0,19.0,
ST,INR02,2002,STIN_02R,Restored,Maesopsis eminii,171.0,0.0,0.0,0.0,0.0,0.0,0.0,0.0,0.0,0.0,0.0,20.0,
ST,INR02,2002,STIN_02R,Restored,Maesopsis eminii,105.0,0.0,0.0,0.0,0.0,0.0,0.0,0.0,0.0,0.0,0.0,21.0,
ST,INR02,2002,STIN_02R,Restored,Actinodaphne malabaricum,29.0,0.0,0.0,0.0,0.0,0.0,0.0,0.0,0.0,0.0,0.0,14.5,
ST,INR02,2002,STIN_02R,Restored,Litsea oleiodes,15.0,0.0,0.0,0.0,0.0,0.0,0.0,0.0,0.0,0.0,0.0,2.0,
ST,INR02,2002,STIN_02R,Restored,Cinnamomum malabathrum,46.0,0.0,0.0,0.0,0.0,0.0,0.0,0.0,0.0,0.0,0.0,12.0,
ST,INR02,2002,STIN_02R,Restored,Acronychia pedunculata,14.0,14.0,0.0,0.0,0.0,0.0,0.0,0.0,0.0,0.0,0.0,2.0,
ST,INR02,2002,STIN_02R,Restored,Clerodendrum infortunatum,29.0,0.0,0.0,0.0,0.0,0.0,0.0,0.0,0.0,0.0,0.0,10.0,
ST,INR02,2002,STIN_02R,Restored,Clerodendrum infortunatum,12.0,0.0,0.0,0.0,0.0,0.0,0.0,0.0,0.0,0.0,0.0,5.0,
ST,INR02,2002,STIN_02R,Restored,Litsea floribunda,19.0,0.0,0.0,0.0,0.0,0.0,0.0,0.0,0.0,0.0,0.0,9.0,
ST,INR02,2002,STIN_02R,Restored,Litsea floribunda,30.0,0.0,0.0,0.0,0.0,0.0,0.0,0.0,0.0,0.0,0.0,3.0,
ST,INR02,2002,STIN_02R,Restored,Trichilia connaroides,51.0,35.0,22.0,0.0,0.0,0.0,0.0,0.0,0.0,0.0,0.0,15.5,
ST,INR02,2002,STIN_02R,Restored,Clerodendrum infortunatum,12.0,0.0,0.0,0.0,0.0,0.0,0.0,0.0,0.0,0.0,0.0,6.0,
ST,INR02,2002,STIN_02R,Restored,Trichilia connaroides,24.0,0.0,0.0,0.0,0.0,0.0,0.0,0.0,0.0,0.0,0.0,9.0,
ST,INR02,2002,STIN_02R,Restored,Mallotus tetracoccus,89.0,121.0,0.0,0.0,0.0,0.0,0.0,0.0,0.0,0.0,0.0,18.0,
ST,INR02,2002,STIN_02R,Restored,Trichilia connaroides,37.0,0.0,0.0,0.0,0.0,0.0,0.0,0.0,0.0,0.0,0.0,9.0,
ST,INR02,2002,STIN_02R,Restored,Litsea floribunda,40.0,0.0,0.0,0.0,0.0,0.0,0.0,0.0,0.0,0.0,0.0,2.0,
ST,INR02,2002,STIN_02R,Restored,Litsea floribunda,49.0,0.0,0.0,0.0,0.0,0.0,0.0,0.0,0.0,0.0,0.0,12.0,
ST,INR02,2002,STIN_02R,Restored,Clerodendrum infortunatum,17.0,0.0,0.0,0.0,0.0,0.0,0.0,0.0,0.0,0.0,0.0,7.0,
ST,INR02,2002,STIN_02R,Restored,Ficus hispida,20.0,0.0,0.0,0.0,0.0,0.0,0.0,0.0,0.0,0.0,0.0,5.0,
ST,U04,2004,STM2_04U,Unrestored,Eucalyptus sp.,98.0,0.0,0.0,0.0,0.0,0.0,0.0,0.0,0.0,0.0,0.0,19.0,
ST,U04,2004,STM2_04U,Unrestored,Clerodendrum infortunatum,15.0,0.0,0.0,0.0,0.0,0.0,0.0,0.0,0.0,0.0,0.0,4.5,
ST,U04,2004,STM2_04U,Unrestored,Clerodendrum infortunatum,18.0,0.0,0.0,0.0,0.0,0.0,0.0,0.0,0.0,0.0,0.0,5.0,
ST,U04,2004,STM2_04U,Unrestored,Clerodendrum infortunatum,14.0,0.0,0.0,0.0,0.0,0.0,0.0,0.0,0.0,0.0,0.0,5.0,
ST,U04,2004,STM2_04U,Unrestored,Clerodendrum infortunatum,18.0,0.0,0.0,0.0,0.0,0.0,0.0,0.0,0.0,0.0,0.0,5.0,
ST,U04,2004,STM2_04U,Unrestored,Clerodendrum infortunatum,13.0,0.0,0.0,0.0,0.0,0.0,0.0,0.0,0.0,0.0,0.0,3.0,
ST,U04,2004,STM2_04U,Unrestored,Clerodendrum infortunatum,12.0,0.0,0.0,0.0,0.0,0.0,0.0,0.0,0.0,0.0,0.0,3.0,
ST,U04,2004,STM2_04U,Unrestored,Clerodendrum infortunatum,22.0,0.0,0.0,0.0,0.0,0.0,0.0,0.0,0.0,0.0,0.0,5.0,
ST,U04,2004,STM2_04U,Unrestored,Clerodendrum infortunatum,14.0,0.0,0.0,0.0,0.0,0.0,0.0,0.0,0.0,0.0,0.0,3.0,
ST,U04,2004,STM2_04U,Unrestored,Clerodendrum infortunatum,16.0,0.0,0.0,0.0,0.0,0.0,0.0,0.0,0.0,0.0,0.0,4.0,
ST,U04,2004,STM2_04U,Unrestored,Clerodendrum infortunatum,11.0,0.0,0.0,0.0,0.0,0.0,0.0,0.0,0.0,0.0,0.0,4.5,
ST,U04,2004,STM2_04U,Unrestored,Eucalyptus sp.,20.0,65.0,86.0,0.0,0.0,0.0,0.0,0.0,0.0,0.0,0.0,19.0,
ST,U04,2004,STM2_04U,Unrestored,Actinodaphne malabaricum,30.0,0.0,0.0,0.0,0.0,0.0,0.0,0.0,0.0,0.0,0.0,7.0,
ST,U04,2004,STM2_04U,Unrestored,Clerodendrum infortunatum,19.0,0.0,0.0,0.0,0.0,0.0,0.0,0.0,0.0,0.0,0.0,4.0,
ST,U04,2004,STM2_04U,Unrestored,Eucalyptus sp.,74.0,0.0,0.0,0.0,0.0,0.0,0.0,0.0,0.0,0.0,0.0,12.0,
ST,U04,2004,STM2_04U,Unrestored,Clerodendrum infortunatum,15.0,0.0,0.0,0.0,0.0,0.0,0.0,0.0,0.0,0.0,0.0,5.0,
ST,U04,2004,STM2_04U,Unrestored,Actinodaphne malabaricum,19.0,0.0,0.0,0.0,0.0,0.0,0.0,0.0,0.0,0.0,0.0,5.0,
ST,U04,2004,STM2_04U,Unrestored,Clerodendrum infortunatum,18.0,0.0,0.0,0.0,0.0,0.0,0.0,0.0,0.0,0.0,0.0,5.0,
ST,U04,2004,STM2_04U,Unrestored,Clerodendrum infortunatum,22.0,0.0,0.0,0.0,0.0,0.0,0.0,0.0,0.0,0.0,0.0,5.5,
ST,U04,2004,STM2_04U,Unrestored,Clerodendrum infortunatum,22.0,0.0,0.0,0.0,0.0,0.0,0.0,0.0,0.0,0.0,0.0,3.0,
ST,U04,2004,STM2_04U,Unrestored,Clerodendrum infortunatum,31.0,0.0,0.0,0.0,0.0,0.0,0.0,0.0,0.0,0.0,0.0,5.5,
ST,U04,2004,STM2_04U,Unrestored,Clerodendrum infortunatum,20.0,0.0,0.0,0.0,0.0,0.0,0.0,0.0,0.0,0.0,0.0,2.0,
ST,U04,2004,STM2_04U,Unrestored,Clerodendrum infortunatum,12.0,0.0,0.0,0.0,0.0,0.0,0.0,0.0,0.0,0.0,0.0,3.0,
ST,U04,2004,STM2_04U,Unrestored,Clerodendrum infortunatum,24.0,0.0,0.0,0.0,0.0,0.0,0.0,0.0,0.0,0.0,0.0,4.0,
ST,U04,2004,STM2_04U,Unrestored,Clerodendrum infortunatum,11.0,0.0,0.0,0.0,0.0,0.0,0.0,0.0,0.0,0.0,0.0,5.0,
ST,U04,2004,STM2_04U,Unrestored,Clerodendrum infortunatum,25.0,0.0,0.0,0.0,0.0,0.0,0.0,0.0,0.0,0.0,0.0,5.5,
ST,U04,2004,STM2_04U,Unrestored,Clerodendrum infortunatum,23.0,0.0,0.0,0.0,0.0,0.0,0.0,0.0,0.0,0.0,0.0,5.0,
ST,U04,2004,STM2_04U,Unrestored,Eucalyptus sp.,64.0,31.0,0.0,0.0,0.0,0.0,0.0,0.0,0.0,0.0,0.0,18.0,
ST,U04,2004,STM2_04U,Unrestored,Clerodendrum infortunatum,11.0,0.0,0.0,0.0,0.0,0.0,0.0,0.0,0.0,0.0,0.0,5.0,
ST,U04,2004,STM2_04U,Unrestored,Clerodendrum infortunatum,15.0,0.0,0.0,0.0,0.0,0.0,0.0,0.0,0.0,0.0,0.0,5.0,
ST,U04,2004,STM2_04U,Unrestored,Clerodendrum infortunatum,19.0,0.0,0.0,0.0,0.0,0.0,0.0,0.0,0.0,0.0,0.0,4.5,
ST,U04,2004,STM2_04U,Unrestored,Clerodendrum infortunatum,10.0,0.0,0.0,0.0,0.0,0.0,0.0,0.0,0.0,0.0,0.0,3.5,
ST,U04,2004,STM2_04U,Unrestored,Clerodendrum infortunatum,13.0,0.0,0.0,0.0,0.0,0.0,0.0,0.0,0.0,0.0,0.0,4.5,
ST,U04,2004,STM2_04U,Unrestored,Clerodendrum infortunatum,15.0,0.0,0.0,0.0,0.0,0.0,0.0,0.0,0.0,0.0,0.0,3.0,
ST,U04,2004,STM2_04U,Unrestored,Clerodendrum infortunatum,19.0,0.0,0.0,0.0,0.0,0.0,0.0,0.0,0.0,0.0,0.0,5.0,
ST,U04,2004,STM2_04U,Unrestored,Clerodendrum infortunatum,18.0,20.0,0.0,0.0,0.0,0.0,0.0,0.0,0.0,0.0,0.0,4.0,
ST,U04,2004,STM2_04U,Unrestored,Clerodendrum infortunatum,13.0,0.0,0.0,0.0,0.0,0.0,0.0,0.0,0.0,0.0,0.0,4.0,
ST,U04,2004,STM2_04U,Unrestored,Clerodendrum infortunatum,16.0,0.0,0.0,0.0,0.0,0.0,0.0,0.0,0.0,0.0,0.0,5.0,
ST,U04,2004,STM2_04U,Unrestored,Clerodendrum infortunatum,13.0,0.0,0.0,0.0,0.0,0.0,0.0,0.0,0.0,0.0,0.0,5.0,
ST,U04,2004,STM2_04U,Unrestored,Clerodendrum infortunatum,17.0,0.0,0.0,0.0,0.0,0.0,0.0,0.0,0.0,0.0,0.0,4.0,
ST,U04,2004,STM2_04U,Unrestored,Clerodendrum infortunatum,17.0,0.0,0.0,0.0,0.0,0.0,0.0,0.0,0.0,0.0,0.0,5.0,
ST,MJU02,2002,STM1_02U,Unrestored,Artocarpus heterophyllus,171.0,0.0,0.0,0.0,0.0,0.0,0.0,0.0,0.0,0.0,0.0,11.0,
ST,MJU02,2002,STM1_02U,Unrestored,Elaeocarpus tuberculatus,107.0,0.0,0.0,0.0,0.0,0.0,0.0,0.0,0.0,0.0,0.0,12.5,
ST,MJU02,2002,STM1_02U,Unrestored,Syzygium munronii,35.0,0.0,0.0,0.0,0.0,0.0,0.0,0.0,0.0,0.0,0.0,7.0,
ST,MJU02,2002,STM1_02U,Unrestored,Actinodaphne malabaricum,82.0,0.0,0.0,0.0,0.0,0.0,0.0,0.0,0.0,0.0,0.0,11.5,
ST,MJU02,2002,STM1_02U,Unrestored,Ficus exasperata,49.0,0.0,0.0,0.0,0.0,0.0,0.0,0.0,0.0,0.0,0.0,7.0,
ST,MJU02,2002,STM1_02U,Unrestored,Ficus exasperata,42.0,30.0,65.0,44.0,0.0,0.0,0.0,0.0,0.0,0.0,0.0,8.0,
ST,INU02,2002,STIN_02U,Unrestored,Clerodendrum infortunatum,13.0,0.0,0.0,0.0,0.0,0.0,0.0,0.0,0.0,0.0,0.0,4.0,
ST,INU02,2002,STIN_02U,Unrestored,Eucalyptus sp.,37.0,0.0,0.0,0.0,0.0,0.0,0.0,0.0,0.0,0.0,0.0,8.0,
ST,INU02,2002,STIN_02U,Unrestored,Ficus racemosa,31.0,41.0,19.0,28.0,0.0,0.0,0.0,0.0,0.0,0.0,0.0,5.5,
ST,INU02,2002,STIN_02U,Unrestored,Macaranga indica,32.0,0.0,0.0,0.0,0.0,0.0,0.0,0.0,0.0,0.0,0.0,8.0,
ST,INU02,2002,STIN_02U,Unrestored,Clerodendrum infortunatum,16.0,0.0,0.0,0.0,0.0,0.0,0.0,0.0,0.0,0.0,0.0,3.5,
ST,INU02,2002,STIN_02U,Unrestored,Clerodendrum infortunatum,17.0,0.0,0.0,0.0,0.0,0.0,0.0,0.0,0.0,0.0,0.0,3.0,
ST,INU02,2002,STIN_02U,Unrestored,Clerodendrum infortunatum,15.0,0.0,0.0,0.0,0.0,0.0,0.0,0.0,0.0,0.0,0.0,5.0,
ST,INU02,2002,STIN_02U,Unrestored,Clerodendrum infortunatum,20.0,0.0,0.0,0.0,0.0,0.0,0.0,0.0,0.0,0.0,0.0,3.0,
ST,INU02,2002,STIN_02U,Unrestored,Clerodendrum infortunatum,11.0,0.0,0.0,0.0,0.0,0.0,0.0,0.0,0.0,0.0,0.0,3.0,
ST,INU02,2002,STIN_02U,Unrestored,Clerodendrum infortunatum,13.0,0.0,0.0,0.0,0.0,0.0,0.0,0.0,0.0,0.0,0.0,2.5,
ST,INU02,2002,STIN_02U,Unrestored,Eucalyptus sp.,119.0,0.0,0.0,0.0,0.0,0.0,0.0,0.0,0.0,0.0,0.0,28.0,
ST,INU02,2002,STIN_02U,Unrestored,Clerodendrum infortunatum,24.0,0.0,0.0,0.0,0.0,0.0,0.0,0.0,0.0,0.0,0.0,4.0,
ST,INU02,2002,STIN_02U,Unrestored,Clerodendrum infortunatum,16.0,0.0,0.0,0.0,0.0,0.0,0.0,0.0,0.0,0.0,0.0,4.0,
ST,INU02,2002,STIN_02U,Unrestored,Clerodendrum infortunatum,14.0,20.0,10.0,0.0,0.0,0.0,0.0,0.0,0.0,0.0,0.0,6.0,
ST,INU02,2002,STIN_02U,Unrestored,Clerodendrum infortunatum,14.0,15.0,0.0,0.0,0.0,0.0,0.0,0.0,0.0,0.0,0.0,4.0,
ST,INU02,2002,STIN_02U,Unrestored,Clerodendrum infortunatum,17.0,0.0,0.0,0.0,0.0,0.0,0.0,0.0,0.0,0.0,0.0,2.5,
ST,INU02,2002,STIN_02U,Unrestored,Clerodendrum infortunatum,26.0,0.0,0.0,0.0,0.0,0.0,0.0,0.0,0.0,0.0,0.0,5.5,
ST,INU02,2002,STIN_02U,Unrestored,Clerodendrum infortunatum,29.0,0.0,0.0,0.0,0.0,0.0,0.0,0.0,0.0,0.0,0.0,5.0,
ST,INU02,2002,STIN_02U,Unrestored,Clerodendrum infortunatum,10.0,0.0,0.0,0.0,0.0,0.0,0.0,0.0,0.0,0.0,0.0,4.0,
ST,INU02,2002,STIN_02U,Unrestored,Maesa indica,21.0,20.0,0.0,0.0,0.0,0.0,0.0,0.0,0.0,0.0,0.0,3.0,
ST,INU02,2002,STIN_02U,Unrestored,Clerodendrum infortunatum,20.0,0.0,0.0,0.0,0.0,0.0,0.0,0.0,0.0,0.0,0.0,5.0,
ST,INU02,2002,STIN_02U,Unrestored,Clerodendrum infortunatum,14.0,0.0,0.0,0.0,0.0,0.0,0.0,0.0,0.0,0.0,0.0,4.0,
ST,INU02,2002,STIN_02U,Unrestored,Clerodendrum infortunatum,15.0,0.0,0.0,0.0,0.0,0.0,0.0,0.0,0.0,0.0,0.0,4.0,
ST,INU02,2002,STIN_02U,Unrestored,Clerodendrum infortunatum,13.0,0.0,0.0,0.0,0.0,0.0,0.0,0.0,0.0,0.0,0.0,2.0,
ST,INU02,2002,STIN_02U,Unrestored,Clerodendrum infortunatum,12.0,0.0,0.0,0.0,0.0,0.0,0.0,0.0,0.0,0.0,0.0,2.5,
ST,INU02,2002,STIN_02U,Unrestored,Macaranga peltata,20.0,18.0,0.0,0.0,0.0,0.0,0.0,0.0,0.0,0.0,0.0,4.5,
ST,INU02,2002,STIN_02U,Unrestored,Clerodendrum infortunatum,10.0,0.0,0.0,0.0,0.0,0.0,0.0,0.0,0.0,0.0,0.0,2.0,
ST,INU02,2002,STIN_02U,Unrestored,Clerodendrum infortunatum,10.0,0.0,0.0,0.0,0.0,0.0,0.0,0.0,0.0,0.0,0.0,1.5,
ST,INU02,2002,STIN_02U,Unrestored,Clerodendrum infortunatum,13.0,0.0,0.0,0.0,0.0,0.0,0.0,0.0,0.0,0.0,0.0,2.5,
ST,INU02,2002,STIN_02U,Unrestored,Clerodendrum infortunatum,15.0,11.0,0.0,0.0,0.0,0.0,0.0,0.0,0.0,0.0,0.0,3.0,
ST,INU02,2002,STIN_02U,Unrestored,Clerodendrum infortunatum,13.0,0.0,0.0,0.0,0.0,0.0,0.0,0.0,0.0,0.0,0.0,3.0,
ST,INU02,2002,STIN_02U,Unrestored,Clerodendrum infortunatum,12.0,0.0,0.0,0.0,0.0,0.0,0.0,0.0,0.0,0.0,0.0,4.0,
ST,INU02,2002,STIN_02U,Unrestored,Clerodendrum infortunatum,11.0,0.0,0.0,0.0,0.0,0.0,0.0,0.0,0.0,0.0,0.0,2.5,
ST,INU02,2002,STIN_02U,Unrestored,Clerodendrum infortunatum,10.0,0.0,0.0,0.0,0.0,0.0,0.0,0.0,0.0,0.0,0.0,3.0,
ST,INU02,2002,STIN_02U,Unrestored,Clerodendrum infortunatum,10.0,0.0,0.0,0.0,0.0,0.0,0.0,0.0,0.0,0.0,0.0,3.0,
ST,INU02,2002,STIN_02U,Unrestored,Clerodendrum infortunatum,11.0,0.0,0.0,0.0,0.0,0.0,0.0,0.0,0.0,0.0,0.0,3.5,
ST,INU02,2002,STIN_02U,Unrestored,Clerodendrum infortunatum,13.0,0.0,0.0,0.0,0.0,0.0,0.0,0.0,0.0,0.0,0.0,3.0,
ST,INU02,2002,STIN_02U,Unrestored,Clerodendrum infortunatum,15.0,0.0,0.0,0.0,0.0,0.0,0.0,0.0,0.0,0.0,0.0,4.0,
ST,INU02,2002,STIN_02U,Unrestored,Clerodendrum infortunatum,15.0,0.0,0.0,0.0,0.0,0.0,0.0,0.0,0.0,0.0,0.0,4.0,
ST,INU02,2002,STIN_02U,Unrestored,Clerodendrum infortunatum,11.0,0.0,0.0,0.0,0.0,0.0,0.0,0.0,0.0,0.0,0.0,2.0,
INJ,OSU03,2003,INOA_03U,Unrestored,Eucalyptus sp.,78.0,0.0,0.0,0.0,0.0,0.0,0.0,0.0,0.0,0.0,0.0,23.5,
INJ,OSU03,2003,INOA_03U,Unrestored,Eucalyptus sp.,76.0,33.0,76.0,0.0,0.0,0.0,0.0,0.0,0.0,0.0,0.0,19.0,
INJ,OSU03,2003,INOA_03U,Unrestored,Eucalyptus sp.,12.0,0.0,0.0,0.0,0.0,0.0,0.0,0.0,0.0,0.0,0.0,3.5,
INJ,OSU03,2003,INOA_03U,Unrestored,Eucalyptus sp.,147.0,21.0,9.0,0.0,0.0,0.0,0.0,0.0,0.0,0.0,0.0,29.0,
INJ,OSU03,2003,INOA_03U,Unrestored,Clerodendrum infortunatum,10.0,9.0,0.0,0.0,0.0,0.0,0.0,0.0,0.0,0.0,0.0,3.0,
INJ,OSU03,2003,INOA_03U,Unrestored,Eucalyptus sp.,115.0,55.0,0.0,0.0,0.0,0.0,0.0,0.0,0.0,0.0,0.0,25.5,
INJ,OSU03,2003,INOA_03U,Unrestored,Eucalyptus sp.,15.0,0.0,0.0,0.0,0.0,0.0,0.0,0.0,0.0,0.0,0.0,5.5,
INJ,OSU03,2003,INOA_03U,Unrestored,Eucalyptus sp.,29.0,0.0,0.0,0.0,0.0,0.0,0.0,0.0,0.0,0.0,0.0,7.5,
INJ,OSU03,2003,INOA_03U,Unrestored,Eucalyptus sp.,101.0,0.0,0.0,0.0,0.0,0.0,0.0,0.0,0.0,0.0,0.0,21.5,
INJ,OSU03,2003,INOA_03U,Unrestored,Clerodendrum infortunatum,12.0,0.0,0.0,0.0,0.0,0.0,0.0,0.0,0.0,0.0,0.0,3.0,
INJ,OSU03,2003,INOA_03U,Unrestored,Eucalyptus sp.,103.0,108.0,0.0,0.0,0.0,0.0,0.0,0.0,0.0,0.0,0.0,31.5,
INJ,OSU03,2003,INOA_03U,Unrestored,Eucalyptus sp.,61.0,0.0,0.0,0.0,0.0,0.0,0.0,0.0,0.0,0.0,0.0,20.0,
INJ,OSU03,2003,INOA_03U,Unrestored,Eucalyptus sp.,122.0,98.0,45.0,119.0,0.0,0.0,0.0,0.0,0.0,0.0,0.0,30.0,
INJ,BSU04,2004,INBS_04U,Unrestored,Eucalyptus sp.,39.0,0.0,0.0,0.0,0.0,0.0,0.0,0.0,0.0,0.0,0.0,13.0,
INJ,BSU04,2004,INBS_04U,Unrestored,Eucalyptus sp.,48.0,0.0,0.0,0.0,0.0,0.0,0.0,0.0,0.0,0.0,0.0,11.0,
INJ,BSU04,2004,INBS_04U,Unrestored,Eucalyptus sp.,23.0,0.0,0.0,0.0,0.0,0.0,0.0,0.0,0.0,0.0,0.0,10.0,
INJ,BSU04,2004,INBS_04U,Unrestored,Eucalyptus sp.,39.0,0.0,0.0,0.0,0.0,0.0,0.0,0.0,0.0,0.0,0.0,9.5,
INJ,BSU04,2004,INBS_04U,Unrestored,Eucalyptus sp.,16.0,10.0,11.0,0.0,0.0,0.0,0.0,0.0,0.0,0.0,0.0,5.0,
INJ,BSU04,2004,INBS_04U,Unrestored,Eucalyptus sp.,54.0,0.0,0.0,0.0,0.0,0.0,0.0,0.0,0.0,0.0,0.0,15.0,
INJ,BSU04,2004,INBS_04U,Unrestored,Eucalyptus sp.,32.0,0.0,0.0,0.0,0.0,0.0,0.0,0.0,0.0,0.0,0.0,10.5,
INJ,BSU04,2004,INBS_04U,Unrestored,Eucalyptus sp.,37.0,0.0,0.0,0.0,0.0,0.0,0.0,0.0,0.0,0.0,0.0,15.0,
INJ,BSU04,2004,INBS_04U,Unrestored,Eucalyptus sp.,54.0,0.0,0.0,0.0,0.0,0.0,0.0,0.0,0.0,0.0,0.0,16.5,
INJ,BSU04,2004,INBS_04U,Unrestored,Eucalyptus sp.,16.0,19.0,7.0,0.0,0.0,0.0,0.0,0.0,0.0,0.0,0.0,6.0,
INJ,BSU04,2004,INBS_04U,Unrestored,Eucalyptus sp.,10.0,6.0,0.0,0.0,0.0,0.0,0.0,0.0,0.0,0.0,0.0,5.5,
INJ,BSU04,2004,INBS_04U,Unrestored,Eucalyptus sp.,45.0,0.0,0.0,0.0,0.0,0.0,0.0,0.0,0.0,0.0,0.0,10.5,
INJ,BSU04,2004,INBS_04U,Unrestored,Eucalyptus sp.,39.0,0.0,0.0,0.0,0.0,0.0,0.0,0.0,0.0,0.0,0.0,11.0,
INJ,BSU04,2004,INBS_04U,Unrestored,Eucalyptus sp.,30.0,0.0,0.0,0.0,0.0,0.0,0.0,0.0,0.0,0.0,0.0,8.5,
INJ,BSU04,2004,INBS_04U,Unrestored,Eucalyptus sp.,53.0,0.0,0.0,0.0,0.0,0.0,0.0,0.0,0.0,0.0,0.0,17.5,
INJ,DSU03,2003,INDS_03U,Unrestored,Cinnamomum malabathrum,26.0,12.0,0.0,0.0,0.0,0.0,0.0,0.0,0.0,0.0,0.0,6.5,
INJ,DSU03,2003,INDS_03U,Unrestored,Maesopsis eminii,80.0,0.0,0.0,0.0,0.0,0.0,0.0,0.0,0.0,0.0,0.0,13.5,
INJ,DSU03,2003,INDS_03U,Unrestored,Maesopsis eminii,10.0,0.0,0.0,0.0,0.0,0.0,0.0,0.0,0.0,0.0,0.0,4.5,
INJ,DSU03,2003,INDS_03U,Unrestored,Dimocarpus longan,12.0,0.0,0.0,0.0,0.0,0.0,0.0,0.0,0.0,0.0,0.0,5.0,
INJ,DSU03,2003,INDS_03U,Unrestored,Dimocarpus longan,11.0,0.0,0.0,0.0,0.0,0.0,0.0,0.0,0.0,0.0,0.0,5.0,
INJ,DSU03,2003,INDS_03U,Unrestored,Litsea floribunda,12.0,0.0,0.0,0.0,0.0,0.0,0.0,0.0,0.0,0.0,0.0,6.5,
INJ,DSU03,2003,INDS_03U,Unrestored,Cinnamomum malabathrum,11.0,0.0,0.0,0.0,0.0,0.0,0.0,0.0,0.0,0.0,0.0,3.5,
INJ,DSU03,2003,INDS_03U,Unrestored,Eucalyptus sp.,122.0,0.0,0.0,0.0,0.0,0.0,0.0,0.0,0.0,0.0,0.0,33.0,
INJ,DSU03,2003,INDS_03U,Unrestored,Maesopsis eminii,53.0,0.0,0.0,0.0,0.0,0.0,0.0,0.0,0.0,0.0,0.0,9.5,
INJ,DSU03,2003,INDS_03U,Unrestored,Dimocarpus longan,12.0,0.0,0.0,0.0,0.0,0.0,0.0,0.0,0.0,0.0,0.0,5.0,
INJ,DSU03,2003,INDS_03U,Unrestored,Macaranga indica,28.0,0.0,0.0,0.0,0.0,0.0,0.0,0.0,0.0,0.0,0.0,11.5,
INJ,DSU03,2003,INDS_03U,Unrestored,Trichilia connaroides,14.0,0.0,0.0,0.0,0.0,0.0,0.0,0.0,0.0,0.0,0.0,7.0,
INJ,DSU03,2003,INDS_03U,Unrestored,Maesopsis eminii,36.0,0.0,0.0,0.0,0.0,0.0,0.0,0.0,0.0,0.0,0.0,7.0,
INJ,DSU03,2003,INDS_03U,Unrestored,Persea macarantha,12.0,0.0,0.0,0.0,0.0,0.0,0.0,0.0,0.0,0.0,0.0,4.5,
INJ,DSU03,2003,INDS_03U,Unrestored,Eucalyptus sp.,196.0,0.0,0.0,0.0,0.0,0.0,0.0,0.0,0.0,0.0,0.0,45.0,corrected: 4.5 to 45 
INJ,DSU03,2003,INDS_03U,Unrestored,Spathodea campanulata,25.0,0.0,0.0,0.0,0.0,0.0,0.0,0.0,0.0,0.0,0.0,7.0,
INJ,DSU03,2003,INDS_03U,Unrestored,Spathodea campanulata,19.0,0.0,0.0,0.0,0.0,0.0,0.0,0.0,0.0,0.0,0.0,6.0,
INJ,DSU03,2003,INDS_03U,Unrestored,Macaranga indica,54.0,0.0,0.0,0.0,0.0,0.0,0.0,0.0,0.0,0.0,0.0,13.0,
INJ,DSU03,2003,INDS_03U,Unrestored,Spathodea campanulata,10.0,0.0,0.0,0.0,0.0,0.0,0.0,0.0,0.0,0.0,0.0,15.0,
INJ,DSU03,2003,INDS_03U,Unrestored,Meliosma pinnata,70.0,0.0,0.0,0.0,0.0,0.0,0.0,0.0,0.0,0.0,0.0,8.0,
INJ,DSU03,2003,INDS_03U,Unrestored,Litsea floribunda,23.0,0.0,0.0,0.0,0.0,0.0,0.0,0.0,0.0,0.0,0.0,7.0,
INJ,DSU03,2003,INDS_03U,Unrestored,Acronychia pedunculata,52.0,0.0,0.0,0.0,0.0,0.0,0.0,0.0,0.0,0.0,0.0,12.5,
INJ,DSU03,2003,INDS_03U,Unrestored,Euodia lunu-ankenda,36.0,0.0,0.0,0.0,0.0,0.0,0.0,0.0,0.0,0.0,0.0,12.0,
INJ,DSU03,2003,INDS_03U,Unrestored,Spathodea campanulata,162.0,72.0,19.0,13.0,89.0,21.0,10.0,25.0,10.0,14.0,20.0,24.0,
INJ,DSU03,2003,INDS_03U,Unrestored,Dimocarpus longan,15.0,0.0,0.0,0.0,0.0,0.0,0.0,0.0,0.0,0.0,0.0,5.5,
INJ,DSU03,2003,INDS_03U,Unrestored,Spathodea campanulata,10.0,0.0,0.0,0.0,0.0,0.0,0.0,0.0,0.0,0.0,0.0,4.0,
INJ,DSU03,2003,INDS_03U,Unrestored,Spathodea campanulata,11.0,0.0,0.0,0.0,0.0,0.0,0.0,0.0,0.0,0.0,0.0,4.0,
INJ,DSU03,2003,INDS_03U,Unrestored,Cinnamomum malabathrum,17.0,0.0,0.0,0.0,0.0,0.0,0.0,0.0,0.0,0.0,0.0,7.5,
INJ,DSU03,2003,INDS_03U,Unrestored,Maesopsis eminii,22.0,0.0,0.0,0.0,0.0,0.0,0.0,0.0,0.0,0.0,0.0,9.0,
INJ,DSU03,2003,INDS_03U,Unrestored,Litsea floribunda,16.0,0.0,0.0,0.0,0.0,0.0,0.0,0.0,0.0,0.0,0.0,8.0,
INJ,DSU03,2003,INDS_03U,Unrestored,Dimocarpus longan,12.0,0.0,0.0,0.0,0.0,0.0,0.0,0.0,0.0,0.0,0.0,4.5,
INJ,DSU03,2003,INDS_03U,Unrestored,Spathodea campanulata,16.0,0.0,0.0,0.0,0.0,0.0,0.0,0.0,0.0,0.0,0.0,7.5,
INJ,DSU03,2003,INDS_03U,Unrestored,Spathodea campanulata,148.0,147.0,45.0,6.0,5.0,0.0,0.0,0.0,0.0,0.0,0.0,22.0,
INJ,DSU03,2003,INDS_03U,Unrestored,Litsea floribunda,18.0,10.0,6.0,0.0,0.0,0.0,0.0,0.0,0.0,0.0,0.0,7.5,
INJ,DSU03,2003,INDS_03U,Unrestored,Michelia champaca,14.0,0.0,0.0,0.0,0.0,0.0,0.0,0.0,0.0,0.0,0.0,5.0,
INJ,DSU03,2003,INDS_03U,Unrestored,Cryptocarya wightii,34.0,5.0,3.0,5.0,0.0,0.0,0.0,0.0,0.0,0.0,0.0,10.0,
INJ,DSU03,2003,INDS_03U,Unrestored,Actinodaphne malabaricum,195.0,0.0,0.0,0.0,0.0,0.0,0.0,0.0,0.0,0.0,0.0,20.5,
INJ,DSU03,2003,INDS_03U,Unrestored,Elaeocarpus tuberculatus,212.0,0.0,0.0,0.0,0.0,0.0,0.0,0.0,0.0,0.0,0.0,22.0,
INJ,DSU03,2003,INDS_03U,Unrestored,Litsea floribunda,14.0,0.0,0.0,0.0,0.0,0.0,0.0,0.0,0.0,0.0,0.0,7.5,
INJ,DSU03,2003,INDS_03U,Unrestored,Spathodea campanulata,220.0,20.0,0.0,0.0,0.0,0.0,0.0,0.0,0.0,0.0,0.0,21.0,
INJ,DSU03,2003,INDS_03U,Unrestored,Spathodea campanulata,31.0,0.0,0.0,0.0,0.0,0.0,0.0,0.0,0.0,0.0,0.0,10.0,
INJ,DSU03,2003,INDS_03U,Unrestored,Dimocarpus longan,15.0,0.0,0.0,0.0,0.0,0.0,0.0,0.0,0.0,0.0,0.0,6.0,
INJ,DSU03,2003,INDS_03U,Unrestored,Maesa indica,13.0,0.0,0.0,0.0,0.0,0.0,0.0,0.0,0.0,0.0,0.0,6.0,
INJ,DSU03,2003,INDS_03U,Unrestored,Cinnamomum malabathrum,12.0,0.0,0.0,0.0,0.0,0.0,0.0,0.0,0.0,0.0,0.0,5.5,
INJ,DSU03,2003,INDS_03U,Unrestored,Dimocarpus longan,12.0,0.0,0.0,0.0,0.0,0.0,0.0,0.0,0.0,0.0,0.0,5.0,
INJ,DSU03,2003,INDS_03U,Unrestored,Maesopsis eminii,15.0,0.0,0.0,0.0,0.0,0.0,0.0,0.0,0.0,0.0,0.0,5.0,
INJ,DSU03,2003,INDS_03U,Unrestored,Litsea floribunda,13.0,0.0,0.0,0.0,0.0,0.0,0.0,0.0,0.0,0.0,0.0,5.0,
INJ,DSU03,2003,INDS_03U,Unrestored,Cinnamomum malabathrum,16.0,0.0,0.0,0.0,0.0,0.0,0.0,0.0,0.0,0.0,0.0,8.0,
INJ,DSU03,2003,INDS_03U,Unrestored,Syzygium cuminii,24.0,0.0,0.0,0.0,0.0,0.0,0.0,0.0,0.0,0.0,0.0,7.0,
INJ,DSU03,2003,INDS_03U,Unrestored,Maesopsis eminii,10.0,0.0,0.0,0.0,0.0,0.0,0.0,0.0,0.0,0.0,0.0,5.0,
INJ,DSU03,2003,INDS_03U,Unrestored,Maesopsis eminii,13.0,0.0,0.0,0.0,0.0,0.0,0.0,0.0,0.0,0.0,0.0,6.0,
INJ,DSU03,2003,INDS_03U,Unrestored,Trichilia connaroides,12.0,0.0,0.0,0.0,0.0,0.0,0.0,0.0,0.0,0.0,0.0,3.5,
INJ,03 U2,2003,INME_03U,Unrestored,Maesopsis eminii,85.0,75.0,55.0,0.0,0.0,0.0,0.0,0.0,0.0,0.0,0.0,16.0,
INJ,03 U2,2003,INME_03U,Unrestored,Actinodaphne malabaricum,97.0,0.0,0.0,0.0,0.0,0.0,0.0,0.0,0.0,0.0,0.0,14.0,
INJ,03 U2,2003,INME_03U,Unrestored,Cinnamomum malabathrum,41.0,11.0,0.0,0.0,0.0,0.0,0.0,0.0,0.0,0.0,0.0,7.5,
INJ,03 U2,2003,INME_03U,Unrestored,Actinodaphne malabaricum,23.0,0.0,0.0,0.0,0.0,0.0,0.0,0.0,0.0,0.0,0.0,5.5,
INJ,03 U2,2003,INME_03U,Unrestored,Rauwolfia densiflora,22.0,0.0,0.0,0.0,0.0,0.0,0.0,0.0,0.0,0.0,0.0,2.0,
INJ,03 U2,2003,INME_03U,Unrestored,Eucalyptus sp.,62.0,0.0,0.0,0.0,0.0,0.0,0.0,0.0,0.0,0.0,0.0,19.5,
INJ,03 U2,2003,INME_03U,Unrestored,Litsea coriacea,20.0,0.0,0.0,0.0,0.0,0.0,0.0,0.0,0.0,0.0,0.0,4.0,
INJ,03 U2,2003,INME_03U,Unrestored,Cinnamomum malabathrum,13.0,0.0,0.0,0.0,0.0,0.0,0.0,0.0,0.0,0.0,0.0,4.5,
INJ,03 U2,2003,INME_03U,Unrestored,Actinodaphne malabaricum,11.0,0.0,0.0,0.0,0.0,0.0,0.0,0.0,0.0,0.0,0.0,4.5,
INJ,03 U2,2003,INME_03U,Unrestored,Eucalyptus sp.,171.0,0.0,0.0,0.0,0.0,0.0,0.0,0.0,0.0,0.0,0.0,29.0,
INJ,03 U2,2003,INME_03U,Unrestored,Rauwolfia densiflora,11.0,0.0,0.0,0.0,0.0,0.0,0.0,0.0,0.0,0.0,0.0,2.5,
INJ,03 U2,2003,INME_03U,Unrestored,Rauwolfia densiflora,18.0,17.0,10.0,0.0,0.0,0.0,0.0,0.0,0.0,0.0,0.0,4.0,
INJ,03 U2,2003,INME_03U,Unrestored,Litsea floribunda,40.0,0.0,0.0,0.0,0.0,0.0,0.0,0.0,0.0,0.0,0.0,8.5,
INJ,03 U2,2003,INME_03U,Unrestored,Eucalyptus sp.,116.0,147.0,0.0,0.0,0.0,0.0,0.0,0.0,0.0,0.0,0.0,37.0,
INJ,03 U2,2003,INME_03U,Unrestored,Mallotus tetracoccus,69.0,0.0,0.0,0.0,0.0,0.0,0.0,0.0,0.0,0.0,0.0,11.0,
INJ,03 U2,2003,INME_03U,Unrestored,Litsea floribunda,41.0,0.0,0.0,0.0,0.0,0.0,0.0,0.0,0.0,0.0,0.0,9.0,
INJ,03 U2,2003,INME_03U,Unrestored,Maesa indica,11.0,0.0,0.0,0.0,0.0,0.0,0.0,0.0,0.0,0.0,0.0,3.5,
INJ,03 U2,2003,INME_03U,Unrestored,Litsea floribunda,23.0,0.0,0.0,0.0,0.0,0.0,0.0,0.0,0.0,0.0,0.0,6.0,
VART4,VART4,2010,VAR4_10U,Unrestored,Clerodendrum infortunatum,21.0,0.0,0.0,0.0,0.0,0.0,0.0,0.0,0.0,0.0,0.0,,corrected: cut
INJ,03 U2,2003,INME_03U,Unrestored,Mallotus tetracoccus,76.0,65.0,0.0,0.0,0.0,0.0,0.0,0.0,0.0,0.0,0.0,12.0,
INJ,03 U2,2003,INME_03U,Unrestored,Litsea coriacea,13.0,6.0,0.0,0.0,0.0,0.0,0.0,0.0,0.0,0.0,0.0,3.5,
PNMD,1,,PANM_P1B,Benchmark,Villebrunea integrifolia,8.0,73.0,9.0,6.0,4.0,11.0,0.0,0.0,0.0,0.0,0.0,8.0,
PNMD,1,,PANM_P1B,Benchmark,Villebrunea integrifolia,13.0,0.0,0.0,0.0,0.0,0.0,0.0,0.0,0.0,0.0,0.0,4.5,
PNMD,1,,PANM_P1B,Benchmark,Dendrocnide sinuata,19.0,0.0,0.0,0.0,0.0,0.0,0.0,0.0,0.0,0.0,0.0,4.5,
PNMD,1,,PANM_P1B,Benchmark,Acronychia pedunculata,13.0,9.0,0.0,0.0,0.0,0.0,0.0,0.0,0.0,0.0,0.0,4.0,
PNMD,1,,PANM_P1B,Benchmark,Villebrunea integrifolia,35.0,0.0,0.0,0.0,0.0,0.0,0.0,0.0,0.0,0.0,0.0,8.0,
PNMD,1,,PANM_P1B,Benchmark,Meiogyne pannosa,21.0,0.0,0.0,0.0,0.0,0.0,0.0,0.0,0.0,0.0,0.0,5.0,
PNMD,1,,PANM_P1B,Benchmark,Dendrocnide sinuata,19.0,6.0,0.0,0.0,0.0,0.0,0.0,0.0,0.0,0.0,0.0,5.0,
PNMD,1,,PANM_P1B,Benchmark,Dendrocnide sinuata,25.0,0.0,0.0,0.0,0.0,0.0,0.0,0.0,0.0,0.0,0.0,4.0,
PNMD,1,,PANM_P1B,Benchmark,Dendrocnide sinuata,13.0,0.0,0.0,0.0,0.0,0.0,0.0,0.0,0.0,0.0,0.0,2.5,
PNMD,1,,PANM_P1B,Benchmark,Dendrocnide sinuata,10.0,0.0,0.0,0.0,0.0,0.0,0.0,0.0,0.0,0.0,0.0,3.0,
PNMD,1,,PANM_P1B,Benchmark,Dendrocnide sinuata,16.0,11.0,4.0,6.0,0.0,0.0,0.0,0.0,0.0,0.0,0.0,4.0,
PNMD,1,,PANM_P1B,Benchmark,Dendrocnide sinuata,12.0,6.0,0.0,0.0,0.0,0.0,0.0,0.0,0.0,0.0,0.0,2.5,
PNMD,1,,PANM_P1B,Benchmark,Villebrunea integrifolia,15.0,0.0,0.0,0.0,0.0,0.0,0.0,0.0,0.0,0.0,0.0,6.5,
PNMD,1,,PANM_P1B,Benchmark,Villebrunea integrifolia,14.0,0.0,0.0,0.0,0.0,0.0,0.0,0.0,0.0,0.0,0.0,4.5,
PNMD,1,,PANM_P1B,Benchmark,Villebrunea integrifolia,58.0,20.0,0.0,0.0,0.0,0.0,0.0,0.0,0.0,0.0,0.0,9.5,
PNMD,1,,PANM_P1B,Benchmark,Canarium strictum,322.0,0.0,0.0,0.0,0.0,0.0,0.0,0.0,0.0,0.0,0.0,41.0,
PNMD,1,,PANM_P1B,Benchmark,Antidesma menausa,42.0,14.0,0.0,0.0,0.0,0.0,0.0,0.0,0.0,0.0,0.0,7.5,
PNMD,1,,PANM_P1B,Benchmark,Meiogyne pannosa,23.0,0.0,0.0,0.0,0.0,0.0,0.0,0.0,0.0,0.0,0.0,2.5,
PNMD,1,,PANM_P1B,Benchmark,Antidesma menausa,53.0,0.0,0.0,0.0,0.0,0.0,0.0,0.0,0.0,0.0,0.0,10.0,
PNMD,1,,PANM_P1B,Benchmark,Litsea floribunda,22.0,0.0,0.0,0.0,0.0,0.0,0.0,0.0,0.0,0.0,0.0,6.0,
PNMD,1,,PANM_P1B,Benchmark,Villebrunea integrifolia,24.0,0.0,0.0,0.0,0.0,0.0,0.0,0.0,0.0,0.0,0.0,5.0,
PNMD,1,,PANM_P1B,Benchmark,Ardisia pauciflora,17.0,0.0,0.0,0.0,0.0,0.0,0.0,0.0,0.0,0.0,0.0,2.0,
PNMD,1,,PANM_P1B,Benchmark,Meiogyne pannosa,13.0,0.0,0.0,0.0,0.0,0.0,0.0,0.0,0.0,0.0,0.0,3.0,
PNMD,1,,PANM_P1B,Benchmark,Dendrocnide sinuata,30.0,0.0,0.0,0.0,0.0,0.0,0.0,0.0,0.0,0.0,0.0,4.0,
PNMD,1,,PANM_P1B,Benchmark,Cullenia exarillata,159.0,0.0,0.0,0.0,0.0,0.0,0.0,0.0,0.0,0.0,0.0,31.0,
PNMD,1,,PANM_P1B,Benchmark,Villebrunea integrifolia,32.0,15.0,0.0,0.0,0.0,0.0,0.0,0.0,0.0,0.0,0.0,4.5,
PNMD,1,,PANM_P1B,Benchmark,Villebrunea integrifolia,55.0,14.0,0.0,0.0,0.0,0.0,0.0,0.0,0.0,0.0,0.0,9.0,
PNMD,1,,PANM_P1B,Benchmark,Dendrocnide sinuata,18.0,0.0,0.0,0.0,0.0,0.0,0.0,0.0,0.0,0.0,0.0,4.0,
PNMD,1,,PANM_P1B,Benchmark,Villebrunea integrifolia,11.0,0.0,0.0,0.0,0.0,0.0,0.0,0.0,0.0,0.0,0.0,6.0,
PNMD,1,,PANM_P1B,Benchmark,Glochidion malabaricum,54.0,0.0,0.0,0.0,0.0,0.0,0.0,0.0,0.0,0.0,0.0,11.8,
PNMD,1,,PANM_P1B,Benchmark,Aglaia canarana,58.0,0.0,0.0,0.0,0.0,0.0,0.0,0.0,0.0,0.0,0.0,9.5,
PNMD,1,,PANM_P1B,Benchmark,Antidesma menausa,45.0,0.0,0.0,0.0,0.0,0.0,0.0,0.0,0.0,0.0,0.0,10.0,
PNMD,1,,PANM_P1B,Benchmark,Villebrunea integrifolia,75.0,55.0,14.0,0.0,0.0,0.0,0.0,0.0,0.0,0.0,0.0,10.0,
PNMD,1,,PANM_P1B,Benchmark,Dimocarpus longan,51.0,0.0,0.0,0.0,0.0,0.0,0.0,0.0,0.0,0.0,0.0,16.5,
PNMD,1,,PANM_P1B,Benchmark,Villebrunea integrifolia,13.0,0.0,0.0,0.0,0.0,0.0,0.0,0.0,0.0,0.0,0.0,5.0,
PNMD,1,,PANM_P1B,Benchmark,Meiogyne pannosa,13.0,0.0,0.0,0.0,0.0,0.0,0.0,0.0,0.0,0.0,0.0,1.8,
PNMD,1,,PANM_P1B,Benchmark,Villebrunea integrifolia,61.0,25.0,24.0,0.0,0.0,0.0,0.0,0.0,0.0,0.0,0.0,9.0,
PNMD,1,,PANM_P1B,Benchmark,Villebrunea integrifolia,16.0,13.0,0.0,0.0,0.0,0.0,0.0,0.0,0.0,0.0,0.0,6.0,
PNMD,1,,PANM_P1B,Benchmark,Cullenia exarillata,260.0,0.0,0.0,0.0,0.0,0.0,0.0,0.0,0.0,0.0,0.0,30.0,
PNMD,1,,PANM_P1B,Benchmark,Villebrunea integrifolia,41.0,0.0,0.0,0.0,0.0,0.0,0.0,0.0,0.0,0.0,0.0,11.0,
PNMD,1,,PANM_P1B,Benchmark,Psychotria anamallayana,10.0,0.0,0.0,0.0,0.0,0.0,0.0,0.0,0.0,0.0,0.0,2.5,
PNMD,1,,PANM_P1B,Benchmark,Villebrunea integrifolia,114.0,21.0,61.0,0.0,0.0,0.0,0.0,0.0,0.0,0.0,0.0,10.0,
PNMD,1,,PANM_P1B,Benchmark,Palaquium ellipticum,132.0,0.0,0.0,0.0,0.0,0.0,0.0,0.0,0.0,0.0,0.0,28.0,
PNMD,1,,PANM_P1B,Benchmark,Villebrunea integrifolia,10.0,0.0,0.0,0.0,0.0,0.0,0.0,0.0,0.0,0.0,0.0,4.0,
PNMD,1,,PANM_P1B,Benchmark,Villebrunea integrifolia,10.0,0.0,0.0,0.0,0.0,0.0,0.0,0.0,0.0,0.0,0.0,4.0,
PNMD,1,,PANM_P1B,Benchmark,Myristica dactyloides,14.0,0.0,0.0,0.0,0.0,0.0,0.0,0.0,0.0,0.0,0.0,5.5,
PNMD,1,,PANM_P1B,Benchmark,Dendrocnide sinuata,22.0,14.0,0.0,0.0,0.0,0.0,0.0,0.0,0.0,0.0,0.0,6.0,
PNMD,1,,PANM_P1B,Benchmark,Mastixia arborea,18.0,0.0,0.0,0.0,0.0,0.0,0.0,0.0,0.0,0.0,0.0,5.0,
PNMD,1,,PANM_P1B,Benchmark,Dimocarpus longan,11.0,0.0,0.0,0.0,0.0,0.0,0.0,0.0,0.0,0.0,0.0,4.5,
PNMD,1,,PANM_P1B,Benchmark,Dendrocnide sinuata,25.0,0.0,0.0,0.0,0.0,0.0,0.0,0.0,0.0,0.0,0.0,7.0,
PNMD,1,,PANM_P1B,Benchmark,Syzygium munronii,11.0,0.0,0.0,0.0,0.0,0.0,0.0,0.0,0.0,0.0,0.0,4.0,
PNMD,1,,PANM_P1B,Benchmark,Dimocarpus longan,18.0,0.0,0.0,0.0,0.0,0.0,0.0,0.0,0.0,0.0,0.0,4.5,
PNMD,1,,PANM_P1B,Benchmark,Syzygium munronii,13.0,0.0,0.0,0.0,0.0,0.0,0.0,0.0,0.0,0.0,0.0,7.0,
PNMD,1,,PANM_P1B,Benchmark,Villebrunea integrifolia,12.0,0.0,0.0,0.0,0.0,0.0,0.0,0.0,0.0,0.0,0.0,4.0,
PNMD,1,,PANM_P1B,Benchmark,Villebrunea integrifolia,39.0,6.0,15.0,8.0,0.0,0.0,0.0,0.0,0.0,0.0,0.0,8.0,
PNMD,1,,PANM_P1B,Benchmark,Dendrocnide sinuata,25.0,0.0,0.0,0.0,0.0,0.0,0.0,0.0,0.0,0.0,0.0,7.0,
PNMD,1,,PANM_P1B,Benchmark,Dimocarpus longan,23.0,0.0,0.0,0.0,0.0,0.0,0.0,0.0,0.0,0.0,0.0,8.0,
PNMD,1,,PANM_P1B,Benchmark,Beilschmiedia wightii,23.0,0.0,0.0,0.0,0.0,0.0,0.0,0.0,0.0,0.0,0.0,8.5,
PNMD,1,,PANM_P1B,Benchmark,Dendrocnide sinuata,24.0,0.0,0.0,0.0,0.0,0.0,0.0,0.0,0.0,0.0,0.0,6.0,
PNMD,2,,PANM_P2B,Benchmark,Dimocarpus longan,140.0,0.0,0.0,0.0,0.0,0.0,0.0,0.0,0.0,0.0,0.0,19.0,
PNMD,2,,PANM_P2B,Benchmark,Artocarpus heterophyllus,185.0,0.0,0.0,0.0,0.0,0.0,0.0,0.0,0.0,0.0,0.0,27.0,
PNMD,2,,PANM_P2B,Benchmark,Macaranga indica,75.0,0.0,0.0,0.0,0.0,0.0,0.0,0.0,0.0,0.0,0.0,10.0,
VART4,VART4,2010,VAR4_10U,Unrestored,Clerodendrum infortunatum,26.0,0.0,0.0,0.0,0.0,0.0,0.0,0.0,0.0,0.0,0.0,,corrected: cut
PNMD,2,,PANM_P2B,Benchmark,Diospyros sylvatica,15.0,0.0,0.0,0.0,0.0,0.0,0.0,0.0,0.0,0.0,0.0,6.0,
PNMD,2,,PANM_P2B,Benchmark,Apollonias arnottii,10.0,9.0,0.0,0.0,0.0,0.0,0.0,0.0,0.0,0.0,0.0,4.0,
PNMD,2,,PANM_P2B,Benchmark,Dimocarpus longan,10.0,9.0,0.0,0.0,0.0,0.0,0.0,0.0,0.0,0.0,0.0,6.0,
PNMD,2,,PANM_P2B,Benchmark,Villebrunea integrifolia,13.0,0.0,0.0,0.0,0.0,0.0,0.0,0.0,0.0,0.0,0.0,6.0,
PNMD,2,,PANM_P2B,Benchmark,Dendrocnide sinuata,20.0,0.0,0.0,0.0,0.0,0.0,0.0,0.0,0.0,0.0,0.0,1.0,
PNMD,2,,PANM_P2B,Benchmark,Villebrunea integrifolia,18.0,13.0,0.0,0.0,0.0,0.0,0.0,0.0,0.0,0.0,0.0,5.5,
PNMD,2,,PANM_P2B,Benchmark,Villebrunea integrifolia,21.0,40.0,43.0,19.0,0.0,0.0,0.0,0.0,0.0,0.0,0.0,7.5,
PNMD,2,,PANM_P2B,Benchmark,Syzygium munronii,12.0,0.0,0.0,0.0,0.0,0.0,0.0,0.0,0.0,0.0,0.0,3.5,
PNMD,2,,PANM_P2B,Benchmark,Dimocarpus longan,144.0,0.0,0.0,0.0,0.0,0.0,0.0,0.0,0.0,0.0,0.0,27.0,
PNMD,2,,PANM_P2B,Benchmark,Litsea floribunda,19.0,0.0,0.0,0.0,0.0,0.0,0.0,0.0,0.0,0.0,0.0,6.5,
PNMD,2,,PANM_P2B,Benchmark,Dendrocnide sinuata,16.0,0.0,0.0,0.0,0.0,0.0,0.0,0.0,0.0,0.0,0.0,2.0,
PNMD,2,,PANM_P2B,Benchmark,Litsea oleiodes,17.0,0.0,0.0,0.0,0.0,0.0,0.0,0.0,0.0,0.0,0.0,6.0,
PNMD,2,,PANM_P2B,Benchmark,Meliosma simplicifolia,15.0,0.0,0.0,0.0,0.0,0.0,0.0,0.0,0.0,0.0,0.0,7.0,
PNMD,2,,PANM_P2B,Benchmark,Dendrocnide sinuata,26.0,16.0,12.0,0.0,0.0,0.0,0.0,0.0,0.0,0.0,0.0,8.0,
PNMD,2,,PANM_P2B,Benchmark,Apollonias arnottii,16.0,16.0,16.0,10.0,8.0,0.0,0.0,0.0,0.0,0.0,0.0,5.0,
PNMD,2,,PANM_P2B,Benchmark,Cullenia exarillata,428.0,0.0,0.0,0.0,0.0,0.0,0.0,0.0,0.0,0.0,0.0,40.0,
PNMD,2,,PANM_P2B,Benchmark,Dendrocnide sinuata,18.0,26.0,17.0,16.0,0.0,0.0,0.0,0.0,0.0,0.0,0.0,6.0,
PNMD,2,,PANM_P2B,Benchmark,Syzygium munronii,13.0,0.0,0.0,0.0,0.0,0.0,0.0,0.0,0.0,0.0,0.0,1.5,
PNMD,2,,PANM_P2B,Benchmark,Villebrunea integrifolia,23.0,8.0,0.0,0.0,0.0,0.0,0.0,0.0,0.0,0.0,0.0,6.0,
PNMD,2,,PANM_P2B,Benchmark,Syzygium munronii,10.0,0.0,0.0,0.0,0.0,0.0,0.0,0.0,0.0,0.0,0.0,3.5,
PNMD,2,,PANM_P2B,Benchmark,Syzygium munronii,15.0,7.0,0.0,0.0,0.0,0.0,0.0,0.0,0.0,0.0,0.0,7.0,
PNMD,2,,PANM_P2B,Benchmark,Villebrunea integrifolia,37.0,53.0,27.0,15.0,14.0,0.0,0.0,0.0,0.0,0.0,0.0,9.0,
PNMD,2,,PANM_P2B,Benchmark,Mesua ferrea,13.0,0.0,0.0,0.0,0.0,0.0,0.0,0.0,0.0,0.0,0.0,6.0,
PNMD,2,,PANM_P2B,Benchmark,Meiogyne pannosa,16.0,0.0,0.0,0.0,0.0,0.0,0.0,0.0,0.0,0.0,0.0,4.5,
PNMD,2,,PANM_P2B,Benchmark,Antidesma menausa,56.0,0.0,0.0,0.0,0.0,0.0,0.0,0.0,0.0,0.0,0.0,7.0,
PNMD,2,,PANM_P2B,Benchmark,Syzygium munronii,10.0,0.0,0.0,0.0,0.0,0.0,0.0,0.0,0.0,0.0,0.0,4.0,
PNMD,2,,PANM_P2B,Benchmark,Syzygium munronii,13.0,0.0,0.0,0.0,0.0,0.0,0.0,0.0,0.0,0.0,0.0,5.0,
PNMD,2,,PANM_P2B,Benchmark,Syzygium munronii,17.0,0.0,0.0,0.0,0.0,0.0,0.0,0.0,0.0,0.0,0.0,8.5,
PNMD,2,,PANM_P2B,Benchmark,Syzygium munronii,24.0,0.0,0.0,0.0,0.0,0.0,0.0,0.0,0.0,0.0,0.0,7.5,
PNMD,2,,PANM_P2B,Benchmark,Syzygium munronii,24.0,0.0,0.0,0.0,0.0,0.0,0.0,0.0,0.0,0.0,0.0,6.0,
PNMD,2,,PANM_P2B,Benchmark,Villebrunea integrifolia,39.0,11.0,0.0,0.0,0.0,0.0,0.0,0.0,0.0,0.0,0.0,7.5,
PNMD,2,,PANM_P2B,Benchmark,Villebrunea integrifolia,15.0,0.0,0.0,0.0,0.0,0.0,0.0,0.0,0.0,0.0,0.0,7.5,
PNMD,2,,PANM_P2B,Benchmark,Villebrunea integrifolia,20.0,0.0,0.0,0.0,0.0,0.0,0.0,0.0,0.0,0.0,0.0,7.5,
PNMD,2,,PANM_P2B,Benchmark,Litsea floribunda,28.0,0.0,0.0,0.0,0.0,0.0,0.0,0.0,0.0,0.0,0.0,9.0,
PNMD,2,,PANM_P2B,Benchmark,Meiogyne pannosa,13.0,0.0,0.0,0.0,0.0,0.0,0.0,0.0,0.0,0.0,0.0,4.0,
PNMD,2,,PANM_P2B,Benchmark,Villebrunea integrifolia,35.0,18.0,16.0,0.0,0.0,0.0,0.0,0.0,0.0,0.0,0.0,7.5,
PNMD,2,,PANM_P2B,Benchmark,Villebrunea integrifolia,80.0,28.0,42.0,32.0,0.0,0.0,0.0,0.0,0.0,0.0,0.0,9.0,
PNMD,2,,PANM_P2B,Benchmark,Villebrunea integrifolia,20.0,10.0,0.0,0.0,0.0,0.0,0.0,0.0,0.0,0.0,0.0,6.0,
PNMD,2,,PANM_P2B,Benchmark,Meiogyne pannosa,15.0,0.0,0.0,0.0,0.0,0.0,0.0,0.0,0.0,0.0,0.0,3.0,
PNMD,2,,PANM_P2B,Benchmark,Meiogyne pannosa,16.0,0.0,0.0,0.0,0.0,0.0,0.0,0.0,0.0,0.0,0.0,3.0,
PNMD,2,,PANM_P2B,Benchmark,Villebrunea integrifolia,33.0,35.0,24.0,14.0,20.0,17.0,0.0,0.0,0.0,0.0,0.0,9.0,
PNMD,2,,PANM_P2B,Benchmark,Antidesma menausa,47.0,0.0,0.0,0.0,0.0,0.0,0.0,0.0,0.0,0.0,0.0,10.0,
PNMD,2,,PANM_P2B,Benchmark,Dimocarpus longan,97.0,0.0,0.0,0.0,0.0,0.0,0.0,0.0,0.0,0.0,0.0,23.0,
PNMD,2,,PANM_P2B,Benchmark,Dimocarpus longan,77.0,0.0,0.0,0.0,0.0,0.0,0.0,0.0,0.0,0.0,0.0,16.0,
PNMD,2,,PANM_P2B,Benchmark,Meiogyne pannosa,18.0,0.0,0.0,0.0,0.0,0.0,0.0,0.0,0.0,0.0,0.0,4.5,
PNMD,2,,PANM_P2B,Benchmark,Dimocarpus longan,140.0,0.0,0.0,0.0,0.0,0.0,0.0,0.0,0.0,0.0,0.0,26.0,
PNMD,2,,PANM_P2B,Benchmark,Dimocarpus longan,75.0,0.0,0.0,0.0,0.0,0.0,0.0,0.0,0.0,0.0,0.0,18.0,
PNMD,2,,PANM_P2B,Benchmark,Diospyros sylvatica,15.0,0.0,0.0,0.0,0.0,0.0,0.0,0.0,0.0,0.0,0.0,6.5,
PNMD,2,,PANM_P2B,Benchmark,Palaquium ellipticum,196.0,0.0,0.0,0.0,0.0,0.0,0.0,0.0,0.0,0.0,0.0,37.0,
PNMD,3,,PANM_P3B,Benchmark,Unidentified,59.2,0.0,0.0,0.0,0.0,0.0,0.0,0.0,0.0,0.0,0.0,11.0,
PNMD,3,,PANM_P3B,Benchmark,Dendrocnide sinuata,19.6,0.0,0.0,0.0,0.0,0.0,0.0,0.0,0.0,0.0,0.0,4.0,
PNMD,3,,PANM_P3B,Benchmark,Villebrunea integrifolia,49.4,27.0,25.0,17.3,0.0,0.0,0.0,0.0,0.0,0.0,0.0,7.5,
PNMD,3,,PANM_P3B,Benchmark,Villebrunea integrifolia,43.2,40.0,0.0,0.0,0.0,0.0,0.0,0.0,0.0,0.0,0.0,8.0,
PNMD,3,,PANM_P3B,Benchmark,Villebrunea integrifolia,23.0,0.0,0.0,0.0,0.0,0.0,0.0,0.0,0.0,0.0,0.0,5.5,
PNMD,3,,PANM_P3B,Benchmark,Villebrunea integrifolia,32.0,18.7,23.9,0.0,0.0,0.0,0.0,0.0,0.0,0.0,0.0,6.0,
PNMD,3,,PANM_P3B,Benchmark,Unidentified,68.2,0.0,0.0,0.0,0.0,0.0,0.0,0.0,0.0,0.0,0.0,12.0,
PNMD,3,,PANM_P3B,Benchmark,Phoebe lanceolata,22.1,0.0,0.0,0.0,0.0,0.0,0.0,0.0,0.0,0.0,0.0,6.0,
PNMD,3,,PANM_P3B,Benchmark,Dimocarpus longan,19.0,0.0,0.0,0.0,0.0,0.0,0.0,0.0,0.0,0.0,0.0,6.5,
PNMD,3,,PANM_P3B,Benchmark,Litsea floribunda,53.5,0.0,0.0,0.0,0.0,0.0,0.0,0.0,0.0,0.0,0.0,9.0,
PNMD,3,,PANM_P3B,Benchmark,Litsea floribunda,31.3,0.0,0.0,0.0,0.0,0.0,0.0,0.0,0.0,0.0,0.0,6.0,
PNMD,3,,PANM_P3B,Benchmark,Litsea floribunda,16.0,0.0,0.0,0.0,0.0,0.0,0.0,0.0,0.0,0.0,0.0,5.5,
PNMD,3,,PANM_P3B,Benchmark,Villebrunea integrifolia,15.0,13.3,0.0,0.0,0.0,0.0,0.0,0.0,0.0,0.0,0.0,6.0,
PNMD,3,,PANM_P3B,Benchmark,Aglaia tomentosa,18.8,0.0,0.0,0.0,0.0,0.0,0.0,0.0,0.0,0.0,0.0,9.5,
PNMD,3,,PANM_P3B,Benchmark,Unidentified,18.0,13.2,14.6,0.0,0.0,0.0,0.0,0.0,0.0,0.0,0.0,4.0,
PNMD,3,,PANM_P3B,Benchmark,Unidentified,16.1,0.0,0.0,0.0,0.0,0.0,0.0,0.0,0.0,0.0,0.0,3.5,
PNMD,3,,PANM_P3B,Benchmark,Villebrunea integrifolia,38.0,0.0,0.0,0.0,0.0,0.0,0.0,0.0,0.0,0.0,0.0,8.0,
PNMD,3,,PANM_P3B,Benchmark,Cullenia exarillata,26.5,0.0,0.0,0.0,0.0,0.0,0.0,0.0,0.0,0.0,0.0,7.5,
PNMD,3,,PANM_P3B,Benchmark,Glochidion malabaricum,66.5,0.0,0.0,0.0,0.0,0.0,0.0,0.0,0.0,0.0,0.0,9.5,
PNMD,3,,PANM_P3B,Benchmark,Syzygium munronii,18.2,0.0,0.0,0.0,0.0,0.0,0.0,0.0,0.0,0.0,0.0,6.5,
PNMD,3,,PANM_P3B,Benchmark,Palaquium ellipticum,99.3,0.0,0.0,0.0,0.0,0.0,0.0,0.0,0.0,0.0,0.0,16.0,
PNMD,3,,PANM_P3B,Benchmark,Neolitsea sp.,14.2,0.0,0.0,0.0,0.0,0.0,0.0,0.0,0.0,0.0,0.0,6.0,
PNMD,3,,PANM_P3B,Benchmark,Dimocarpus longan,148.0,0.0,0.0,0.0,0.0,0.0,0.0,0.0,0.0,0.0,0.0,20.0,
PNMD,3,,PANM_P3B,Benchmark,Villebrunea integrifolia,24.3,23.1,0.0,0.0,0.0,0.0,0.0,0.0,0.0,0.0,0.0,10.0,
PNMD,3,,PANM_P3B,Benchmark,Villebrunea integrifolia,54.7,57.8,0.0,0.0,0.0,0.0,0.0,0.0,0.0,0.0,0.0,10.0,
PNMD,3,,PANM_P3B,Benchmark,Drypetes malabarica,30.4,0.0,0.0,0.0,0.0,0.0,0.0,0.0,0.0,0.0,0.0,4.0,
PNMD,3,,PANM_P3B,Benchmark,Phoebe lanceolata,32.0,0.0,0.0,0.0,0.0,0.0,0.0,0.0,0.0,0.0,0.0,7.5,
PNMD,3,,PANM_P3B,Benchmark,Phoebe lanceolata,13.0,0.0,0.0,0.0,0.0,0.0,0.0,0.0,0.0,0.0,0.0,4.0,
PNMD,3,,PANM_P3B,Benchmark,Syzygium laetum,23.0,0.0,0.0,0.0,0.0,0.0,0.0,0.0,0.0,0.0,0.0,4.5,
PNMD,3,,PANM_P3B,Benchmark,Villebrunea integrifolia,51.5,0.0,0.0,0.0,0.0,0.0,0.0,0.0,0.0,0.0,0.0,7.5,
PNMD,3,,PANM_P3B,Benchmark,Litsea stocksii,69.7,0.0,0.0,0.0,0.0,0.0,0.0,0.0,0.0,0.0,0.0,11.0,
PNMD,3,,PANM_P3B,Benchmark,Villebrunea integrifolia,37.7,0.0,0.0,0.0,0.0,0.0,0.0,0.0,0.0,0.0,0.0,7.5,
PNMD,3,,PANM_P3B,Benchmark,Unidentified,11.7,10.8,0.0,0.0,0.0,0.0,0.0,0.0,0.0,0.0,0.0,3.5,
PNMD,3,,PANM_P3B,Benchmark,Dimocarpus longan,14.4,0.0,0.0,0.0,0.0,0.0,0.0,0.0,0.0,0.0,0.0,7.5,
PNMD,3,,PANM_P3B,Benchmark,Litsea floribunda,14.7,0.0,0.0,0.0,0.0,0.0,0.0,0.0,0.0,0.0,0.0,4.0,
PNMD,3,,PANM_P3B,Benchmark,Acronychia pedunculata,71.7,0.0,0.0,0.0,0.0,0.0,0.0,0.0,0.0,0.0,0.0,12.0,
PNMD,3,,PANM_P3B,Benchmark,Villebrunea integrifolia,16.5,0.0,0.0,0.0,0.0,0.0,0.0,0.0,0.0,0.0,0.0,4.0,
PNMD,3,,PANM_P3B,Benchmark,Syzygium munronii,18.5,0.0,0.0,0.0,0.0,0.0,0.0,0.0,0.0,0.0,0.0,5.0,
PNMD,3,,PANM_P3B,Benchmark,Villebrunea integrifolia,26.8,0.0,0.0,0.0,0.0,0.0,0.0,0.0,0.0,0.0,0.0,3.5,
PNMD,3,,PANM_P3B,Benchmark,Dimocarpus longan,15.7,0.0,0.0,0.0,0.0,0.0,0.0,0.0,0.0,0.0,0.0,5.5,
PNMD,3,,PANM_P3B,Benchmark,Litsea floribunda,26.1,0.0,0.0,0.0,0.0,0.0,0.0,0.0,0.0,0.0,0.0,6.0,
PNMD,3,,PANM_P3B,Benchmark,Mesua ferrea,15.2,0.0,0.0,0.0,0.0,0.0,0.0,0.0,0.0,0.0,0.0,6.0,
PNMD,3,,PANM_P3B,Benchmark,Diospyros sylvatica,27.7,0.0,0.0,0.0,0.0,0.0,0.0,0.0,0.0,0.0,0.0,7.5,
PNMD,3,,PANM_P3B,Benchmark,Beilschmiedia wightii,11.4,0.0,0.0,0.0,0.0,0.0,0.0,0.0,0.0,0.0,0.0,4.0,
PNMD,3,,PANM_P3B,Benchmark,Villebrunea integrifolia,24.8,0.0,0.0,0.0,0.0,0.0,0.0,0.0,0.0,0.0,0.0,2.5,
PNMD,3,,PANM_P3B,Benchmark,Syzygium munronii,20.8,0.0,0.0,0.0,0.0,0.0,0.0,0.0,0.0,0.0,0.0,4.5,
PNMD,3,,PANM_P3B,Benchmark,Unidentified,10.0,11.1,0.0,0.0,0.0,0.0,0.0,0.0,0.0,0.0,0.0,3.0,
PNMD,3,,PANM_P3B,Benchmark,Dendrocnide sinuata,15.4,0.0,0.0,0.0,0.0,0.0,0.0,0.0,0.0,0.0,0.0,1.0,
PNMD,3,,PANM_P3B,Benchmark,Villebrunea integrifolia,60.0,68.7,18.7,24.5,52.4,12.3,0.0,0.0,0.0,0.0,0.0,10.0,
PNMD,3,,PANM_P3B,Benchmark,Litsea floribunda,21.7,0.0,0.0,0.0,0.0,0.0,0.0,0.0,0.0,0.0,0.0,7.5,
PNMD,3,,PANM_P3B,Benchmark,Dimocarpus longan,12.0,10.1,0.0,0.0,0.0,0.0,0.0,0.0,0.0,0.0,0.0,7.5,
PNMD,3,,PANM_P3B,Benchmark,Murraya paniculata,13.3,0.0,0.0,0.0,0.0,0.0,0.0,0.0,0.0,0.0,0.0,3.5,
PNMD,3,,PANM_P3B,Benchmark,Dimocarpus longan,12.7,0.0,0.0,0.0,0.0,0.0,0.0,0.0,0.0,0.0,0.0,6.0,
PNMD,3,,PANM_P3B,Benchmark,Litsea stocksii,17.9,0.0,0.0,0.0,0.0,0.0,0.0,0.0,0.0,0.0,0.0,5.5,
PNMD,3,,PANM_P3B,Benchmark,Dimocarpus longan,29.4,16.7,11.8,0.0,0.0,0.0,0.0,0.0,0.0,0.0,0.0,6.5,
PNMD,3,,PANM_P3B,Benchmark,Murraya paniculata,12.0,0.0,0.0,0.0,0.0,0.0,0.0,0.0,0.0,0.0,0.0,2.0,
PNMD,3,,PANM_P3B,Benchmark,Villebrunea integrifolia,18.1,0.0,0.0,0.0,0.0,0.0,0.0,0.0,0.0,0.0,0.0,6.5,
PNMD,3,,PANM_P3B,Benchmark,Beilschmiedia wightii,111.2,0.0,0.0,0.0,0.0,0.0,0.0,0.0,0.0,0.0,0.0,18.0,
PNMD,3,,PANM_P3B,Benchmark,Unidentified,23.7,0.0,0.0,0.0,0.0,0.0,0.0,0.0,0.0,0.0,0.0,5.5,
PNMD,3,,PANM_P3B,Benchmark,Litsea bourdillonii,10.8,0.0,0.0,0.0,0.0,0.0,0.0,0.0,0.0,0.0,0.0,4.0,
PNMD,4,,PANM_P4B,Benchmark,Cryptocarya wightii,32.0,0.0,0.0,0.0,0.0,0.0,0.0,0.0,0.0,0.0,0.0,6.5,
PNMD,4,,PANM_P4B,Benchmark,Syzygium munronii,28.5,0.0,0.0,0.0,0.0,0.0,0.0,0.0,0.0,0.0,0.0,7.5,
PNMD,4,,PANM_P4B,Benchmark,Aporosa sp.,28.1,0.0,0.0,0.0,0.0,0.0,0.0,0.0,0.0,0.0,0.0,8.0,
PNMD,4,,PANM_P4B,Benchmark,Aporosa sp.,23.2,0.0,0.0,0.0,0.0,0.0,0.0,0.0,0.0,0.0,0.0,6.0,
PNMD,4,,PANM_P4B,Benchmark,Myristica dactyloides,42.5,0.0,0.0,0.0,0.0,0.0,0.0,0.0,0.0,0.0,0.0,10.0,
PNMD,4,,PANM_P4B,Benchmark,Symplocos cochinchinensis,20.5,0.0,0.0,0.0,0.0,0.0,0.0,0.0,0.0,0.0,0.0,6.0,
PNMD,4,,PANM_P4B,Benchmark,Murraya paniculata,17.5,0.0,0.0,0.0,0.0,0.0,0.0,0.0,0.0,0.0,0.0,3.5,
PNMD,4,,PANM_P4B,Benchmark,Gomphandra coriacea,72.3,0.0,0.0,0.0,0.0,0.0,0.0,0.0,0.0,0.0,0.0,10.5,
PNMD,4,,PANM_P4B,Benchmark,Litsea floribunda,11.7,0.0,0.0,0.0,0.0,0.0,0.0,0.0,0.0,0.0,0.0,4.5,
PNMD,4,,PANM_P4B,Benchmark,Aporosa sp.,15.8,0.0,0.0,0.0,0.0,0.0,0.0,0.0,0.0,0.0,0.0,5.5,
PNMD,4,,PANM_P4B,Benchmark,Psychotria anamallayana,26.3,0.0,0.0,0.0,0.0,0.0,0.0,0.0,0.0,0.0,0.0,4.0,
PNMD,4,,PANM_P4B,Benchmark,Aporosa sp.,15.5,15.0,12.5,0.0,0.0,0.0,0.0,0.0,0.0,0.0,0.0,2.5,
PNMD,4,,PANM_P4B,Benchmark,Mesua ferrea,375.0,0.0,0.0,0.0,0.0,0.0,0.0,0.0,0.0,0.0,0.0,31.0,
PNMD,4,,PANM_P4B,Benchmark,Croton zeylanicus,16.0,0.0,0.0,0.0,0.0,0.0,0.0,0.0,0.0,0.0,0.0,3.0,
PNMD,4,,PANM_P4B,Benchmark,Psychotria anamallayana,16.7,0.0,0.0,0.0,0.0,0.0,0.0,0.0,0.0,0.0,0.0,2.0,
PNMD,4,,PANM_P4B,Benchmark,Aporosa sp.,13.2,0.0,0.0,0.0,0.0,0.0,0.0,0.0,0.0,0.0,0.0,2.5,
PNMD,4,,PANM_P4B,Benchmark,Aporosa sp.,13.0,0.0,0.0,0.0,0.0,0.0,0.0,0.0,0.0,0.0,0.0,2.5,
PNMD,4,,PANM_P4B,Benchmark,Murraya paniculata,17.4,0.0,0.0,0.0,0.0,0.0,0.0,0.0,0.0,0.0,0.0,2.0,
PNMD,4,,PANM_P4B,Benchmark,Psychotria anamallayana,22.1,0.0,0.0,0.0,0.0,0.0,0.0,0.0,0.0,0.0,0.0,3.5,
PNMD,4,,PANM_P4B,Benchmark,Murraya paniculata,22.0,0.0,0.0,0.0,0.0,0.0,0.0,0.0,0.0,0.0,0.0,3.5,
PNMD,4,,PANM_P4B,Benchmark,Aporosa sp.,15.0,0.0,0.0,0.0,0.0,0.0,0.0,0.0,0.0,0.0,0.0,3.0,
PNMD,4,,PANM_P4B,Benchmark,Cryptocarya wightii,91.4,0.0,0.0,0.0,0.0,0.0,0.0,0.0,0.0,0.0,0.0,12.0,
PNMD,4,,PANM_P4B,Benchmark,Symplocos cochinchinensis,18.5,0.0,0.0,0.0,0.0,0.0,0.0,0.0,0.0,0.0,0.0,3.5,
PNMD,4,,PANM_P4B,Benchmark,Aporosa sp.,31.5,0.0,0.0,0.0,0.0,0.0,0.0,0.0,0.0,0.0,0.0,5.5,
PNMD,4,,PANM_P4B,Benchmark,Aporosa sp.,25.4,14.4,0.0,0.0,0.0,0.0,0.0,0.0,0.0,0.0,0.0,2.5,
PNMD,4,,PANM_P4B,Benchmark,Myristica dactyloides,79.6,0.0,0.0,0.0,0.0,0.0,0.0,0.0,0.0,0.0,0.0,20.0,
PNMD,4,,PANM_P4B,Benchmark,Mesua ferrea,158.0,0.0,0.0,0.0,0.0,0.0,0.0,0.0,0.0,0.0,0.0,27.5,
PNMD,4,,PANM_P4B,Benchmark,Litsea floribunda,40.0,0.0,0.0,0.0,0.0,0.0,0.0,0.0,0.0,0.0,0.0,8.0,
PNMD,4,,PANM_P4B,Benchmark,Psychotria anamallayana,18.5,19.0,0.0,0.0,0.0,0.0,0.0,0.0,0.0,0.0,0.0,2.5,
PNMD,4,,PANM_P4B,Benchmark,Syzygium munronii,11.5,0.0,0.0,0.0,0.0,0.0,0.0,0.0,0.0,0.0,0.0,2.5,
PNMD,4,,PANM_P4B,Benchmark,Murraya paniculata,21.2,0.0,0.0,0.0,0.0,0.0,0.0,0.0,0.0,0.0,0.0,3.5,
PNMD,4,,PANM_P4B,Benchmark,Aporosa sp.,15.9,10.1,0.0,0.0,0.0,0.0,0.0,0.0,0.0,0.0,0.0,2.0,
PNMD,4,,PANM_P4B,Benchmark,Unidentified,124.2,0.0,0.0,0.0,0.0,0.0,0.0,0.0,0.0,0.0,0.0,15.0,
PNMD,4,,PANM_P4B,Benchmark,Pseudoglochidion anamalayanum,17.0,13.5,0.0,0.0,0.0,0.0,0.0,0.0,0.0,0.0,0.0,3.0,
PNMD,4,,PANM_P4B,Benchmark,Aporosa sp.,17.0,0.0,0.0,0.0,0.0,0.0,0.0,0.0,0.0,0.0,0.0,3.0,
PNMD,4,,PANM_P4B,Benchmark,Dimocarpus longan,130.0,0.0,0.0,0.0,0.0,0.0,0.0,0.0,0.0,0.0,0.0,26.5,
UMB,6,,UPMA_P6B,Benchmark,Actinodaphne bourdillonii,23.0,0.0,0.0,0.0,0.0,0.0,0.0,0.0,0.0,0.0,0.0,6.5,
UMB,6,,UPMA_P6B,Benchmark,Drypetes malabarica,52.0,0.0,0.0,0.0,0.0,0.0,0.0,0.0,0.0,0.0,0.0,10.0,
UMB,6,,UPMA_P6B,Benchmark,Vateria indica,152.0,0.0,0.0,0.0,0.0,0.0,0.0,0.0,0.0,0.0,0.0,19.5,
UMB,6,,UPMA_P6B,Benchmark,Hydnocarpus alpina,26.5,21.5,0.0,0.0,0.0,0.0,0.0,0.0,0.0,0.0,0.0,5.5,
UMB,6,,UPMA_P6B,Benchmark,Syzygium laetum,56.0,0.0,0.0,0.0,0.0,0.0,0.0,0.0,0.0,0.0,0.0,7.5,
UMB,6,,UPMA_P6B,Benchmark,Vateria indica,27.0,0.0,0.0,0.0,0.0,0.0,0.0,0.0,0.0,0.0,0.0,9.0,
UMB,6,,UPMA_P6B,Benchmark,Hydnocarpus alpina,14.0,0.0,0.0,0.0,0.0,0.0,0.0,0.0,0.0,0.0,0.0,5.0,
UMB,6,,UPMA_P6B,Benchmark,Holigarna nigra,99.0,0.0,0.0,0.0,0.0,0.0,0.0,0.0,0.0,0.0,0.0,17.0,
UMB,6,,UPMA_P6B,Benchmark,Hydnocarpus alpina,12.2,0.0,0.0,0.0,0.0,0.0,0.0,0.0,0.0,0.0,0.0,3.0,
UMB,6,,UPMA_P6B,Benchmark,Antidesma menausa,92.0,0.0,0.0,0.0,0.0,0.0,0.0,0.0,0.0,0.0,0.0,12.0,
UMB,6,,UPMA_P6B,Benchmark,Vateria indica,96.5,0.0,0.0,0.0,0.0,0.0,0.0,0.0,0.0,0.0,0.0,22.0,
UMB,6,,UPMA_P6B,Benchmark,Litsea oleiodes,24.5,0.0,0.0,0.0,0.0,0.0,0.0,0.0,0.0,0.0,0.0,9.0,
UMB,6,,UPMA_P6B,Benchmark,Villebrunea integrifolia,22.0,0.0,0.0,0.0,0.0,0.0,0.0,0.0,0.0,0.0,0.0,6.5,
UMB,6,,UPMA_P6B,Benchmark,Unidentified,21.0,0.0,0.0,0.0,0.0,0.0,0.0,0.0,0.0,0.0,0.0,2.5,
UMB,6,,UPMA_P6B,Benchmark,Villebrunea integrifolia,19.5,0.0,0.0,0.0,0.0,0.0,0.0,0.0,0.0,0.0,0.0,6.0,
UMB,6,,UPMA_P6B,Benchmark,Paracroton pendulus,12.0,0.0,0.0,0.0,0.0,0.0,0.0,0.0,0.0,0.0,0.0,4.5,
UMB,6,,UPMA_P6B,Benchmark,Palaquium ellipticum,164.5,0.0,0.0,0.0,0.0,0.0,0.0,0.0,0.0,0.0,0.0,22.0,
UMB,6,,UPMA_P6B,Benchmark,Cinnamomum malabathrum,10.5,0.0,0.0,0.0,0.0,0.0,0.0,0.0,0.0,0.0,0.0,4.5,
UMB,6,,UPMA_P6B,Benchmark,Drypetes malabarica,94.0,0.0,0.0,0.0,0.0,0.0,0.0,0.0,0.0,0.0,0.0,13.5,
UMB,6,,UPMA_P6B,Benchmark,Palaquium ellipticum,13.8,0.0,0.0,0.0,0.0,0.0,0.0,0.0,0.0,0.0,0.0,5.5,
UMB,6,,UPMA_P6B,Benchmark,Hydnocarpus alpina,13.5,0.0,0.0,0.0,0.0,0.0,0.0,0.0,0.0,0.0,0.0,4.5,
UMB,6,,UPMA_P6B,Benchmark,Vateria indica,216.0,0.0,0.0,0.0,0.0,0.0,0.0,0.0,0.0,0.0,0.0,21.0,
UMB,6,,UPMA_P6B,Benchmark,Aphanamixis polystachya,16.1,0.0,0.0,0.0,0.0,0.0,0.0,0.0,0.0,0.0,0.0,6.0,
UMB,6,,UPMA_P6B,Benchmark,Diospyros sylvatica,12.5,0.0,0.0,0.0,0.0,0.0,0.0,0.0,0.0,0.0,0.0,5.0,
UMB,6,,UPMA_P6B,Benchmark,Unidentified,29.0,0.0,0.0,0.0,0.0,0.0,0.0,0.0,0.0,0.0,0.0,3.5,
UMB,6,,UPMA_P6B,Benchmark,Syzygium sp.,24.5,0.0,0.0,0.0,0.0,0.0,0.0,0.0,0.0,0.0,0.0,6.5,
UMB,6,,UPMA_P6B,Benchmark,Mesua ferrea,17.4,0.0,0.0,0.0,0.0,0.0,0.0,0.0,0.0,0.0,0.0,5.5,
UMB,6,,UPMA_P6B,Benchmark,Palaquium ellipticum,19.4,0.0,0.0,0.0,0.0,0.0,0.0,0.0,0.0,0.0,0.0,6.0,
UMB,6,,UPMA_P6B,Benchmark,Diospyros sylvatica,17.0,0.0,0.0,0.0,0.0,0.0,0.0,0.0,0.0,0.0,0.0,5.0,
UMB,6,,UPMA_P6B,Benchmark,Cullenia exarillata,19.5,0.0,0.0,0.0,0.0,0.0,0.0,0.0,0.0,0.0,0.0,4.5,
UMB,6,,UPMA_P6B,Benchmark,cinnamomum sp.,14.5,0.0,0.0,0.0,0.0,0.0,0.0,0.0,0.0,0.0,0.0,6.5,
UMB,6,,UPMA_P6B,Benchmark,Syzygium sp.,20.1,0.0,0.0,0.0,0.0,0.0,0.0,0.0,0.0,0.0,0.0,4.5,
UMB,6,,UPMA_P6B,Benchmark,Myristica dactyloides,140.0,0.0,0.0,0.0,0.0,0.0,0.0,0.0,0.0,0.0,0.0,24.5,
UMB,6,,UPMA_P6B,Benchmark,Paracroton pendulus,74.5,0.0,0.0,0.0,0.0,0.0,0.0,0.0,0.0,0.0,0.0,15.0,
UMB,6,,UPMA_P6B,Benchmark,Cullenia exarillata,13.5,0.0,0.0,0.0,0.0,0.0,0.0,0.0,0.0,0.0,0.0,4.5,
UMB,6,,UPMA_P6B,Benchmark,Dimorphocalyx beddomei,79.0,0.0,0.0,0.0,0.0,0.0,0.0,0.0,0.0,0.0,0.0,10.0,
UMB,6,,UPMA_P6B,Benchmark,Croton zeylanicus,13.5,0.0,0.0,0.0,0.0,0.0,0.0,0.0,0.0,0.0,0.0,1.5,
UMB,6,,UPMA_P6B,Benchmark,Aglaia elaeagnoidea,155.0,0.0,0.0,0.0,0.0,0.0,0.0,0.0,0.0,0.0,0.0,18.5,
UMB,6,,UPMA_P6B,Benchmark,Orophea sp.,11.5,0.0,0.0,0.0,0.0,0.0,0.0,0.0,0.0,0.0,0.0,3.0,
UMB,6,,UPMA_P6B,Benchmark,Hydnocarpus alpina,16.5,0.0,0.0,0.0,0.0,0.0,0.0,0.0,0.0,0.0,0.0,6.0,
UMB,6,,UPMA_P6B,Benchmark,Nothopegia racemosa,69.5,0.0,0.0,0.0,0.0,0.0,0.0,0.0,0.0,0.0,0.0,10.0,
UMB,6,,UPMA_P6B,Benchmark,Palaquium ellipticum,180.5,0.0,0.0,0.0,0.0,0.0,0.0,0.0,0.0,0.0,0.0,18.5,
UMB,6,,UPMA_P6B,Benchmark,Paracroton pendulus,21.4,0.0,0.0,0.0,0.0,0.0,0.0,0.0,0.0,0.0,0.0,6.0,
UMB,6,,UPMA_P6B,Benchmark,Drypetes malabarica,80.5,0.0,0.0,0.0,0.0,0.0,0.0,0.0,0.0,0.0,0.0,16.5,
UMB,6,,UPMA_P6B,Benchmark,Syzygium sp.,15.5,0.0,0.0,0.0,0.0,0.0,0.0,0.0,0.0,0.0,0.0,6.5,
UMB,6,,UPMA_P6B,Benchmark,Mesua ferrea,240.8,0.0,0.0,0.0,0.0,0.0,0.0,0.0,0.0,0.0,0.0,23.0,
UMB,6,,UPMA_P6B,Benchmark,Cullenia exarillata,185.0,0.0,0.0,0.0,0.0,0.0,0.0,0.0,0.0,0.0,0.0,28.0,
UMB,6,,UPMA_P6B,Benchmark,Orophea sp.,13.0,0.0,0.0,0.0,0.0,0.0,0.0,0.0,0.0,0.0,0.0,4.0,
UMB,6,,UPMA_P6B,Benchmark,Actinodaphne malabaricum,15.0,0.0,0.0,0.0,0.0,0.0,0.0,0.0,0.0,0.0,0.0,7.5,
UMB,6,,UPMA_P6B,Benchmark,Paracroton pendulus,27.1,0.0,0.0,0.0,0.0,0.0,0.0,0.0,0.0,0.0,0.0,6.5,
UMB,6,,UPMA_P6B,Benchmark,Elaeocarpus serratus,433.0,0.0,0.0,0.0,0.0,0.0,0.0,0.0,0.0,0.0,0.0,27.5,
UMB,6,,UPMA_P6B,Benchmark,Croton lacifer,14.5,0.0,0.0,0.0,0.0,0.0,0.0,0.0,0.0,0.0,0.0,5.5,
UMB,6,,UPMA_P6B,Benchmark,Ardisia pauciflora,12.3,0.0,0.0,0.0,0.0,0.0,0.0,0.0,0.0,0.0,0.0,3.5,
UMB,6,,UPMA_P6B,Benchmark,Dimocarpus longan,14.5,0.0,0.0,0.0,0.0,0.0,0.0,0.0,0.0,0.0,0.0,3.5,
UMB,6,,UPMA_P6B,Benchmark,Dimocarpus longan,15.2,0.0,0.0,0.0,0.0,0.0,0.0,0.0,0.0,0.0,0.0,5.5,
UMB,6,,UPMA_P6B,Benchmark,Villebrunea integrifolia,24.5,0.0,0.0,0.0,0.0,0.0,0.0,0.0,0.0,0.0,0.0,6.0,
UMB,6,,UPMA_P6B,Benchmark,Croton zeylanicus,11.2,0.0,0.0,0.0,0.0,0.0,0.0,0.0,0.0,0.0,0.0,3.0,
UMB,6,,UPMA_P6B,Benchmark,Dimocarpus longan,31.5,0.0,0.0,0.0,0.0,0.0,0.0,0.0,0.0,0.0,0.0,8.5,
UMB,6,,UPMA_P6B,Benchmark,Clerodendrum infortunatum,15.5,0.0,0.0,0.0,0.0,0.0,0.0,0.0,0.0,0.0,0.0,5.5,
UMB,6,,UPMA_P6B,Benchmark,Palaquium ellipticum,150.5,0.0,0.0,0.0,0.0,0.0,0.0,0.0,0.0,0.0,0.0,16.5,
UMB,6,,UPMA_P6B,Benchmark,Drypetes wightii,55.5,0.0,0.0,0.0,0.0,0.0,0.0,0.0,0.0,0.0,0.0,6.5,
Old_Cavarkal,3,,OLCA_P3B,Benchmark,Cullenia exarillata,260.9,0.0,0.0,0.0,0.0,0.0,0.0,0.0,0.0,0.0,0.0,27.0,
Old_Cavarkal,3,,OLCA_P3B,Benchmark,Myristica dactyloides,13.5,0.0,0.0,0.0,0.0,0.0,0.0,0.0,0.0,0.0,0.0,7.0,
Old_Cavarkal,3,,OLCA_P3B,Benchmark,Cryptocarya anamalayana,12.0,0.0,0.0,0.0,0.0,0.0,0.0,0.0,0.0,0.0,0.0,3.5,
Old_Cavarkal,3,,OLCA_P3B,Benchmark,Cryptocarya wightiana,14.5,0.0,0.0,0.0,0.0,0.0,0.0,0.0,0.0,0.0,0.0,3.5,
Old_Cavarkal,3,,OLCA_P3B,Benchmark,Ficus hispida,52.5,0.0,0.0,0.0,0.0,0.0,0.0,0.0,0.0,0.0,0.0,5.5,
Old_Cavarkal,3,,OLCA_P3B,Benchmark,Ardisia pauciflora,28.8,0.0,0.0,0.0,0.0,0.0,0.0,0.0,0.0,0.0,0.0,6.0,
Old_Cavarkal,3,,OLCA_P3B,Benchmark,Unidentified,10.0,9.0,0.0,0.0,0.0,0.0,0.0,0.0,0.0,0.0,0.0,4.0,
Old_Cavarkal,3,,OLCA_P3B,Benchmark,Villebrunea integrifolia,42.9,32.2,24.7,0.0,0.0,0.0,0.0,0.0,0.0,0.0,0.0,7.5,
Old_Cavarkal,3,,OLCA_P3B,Benchmark,Gomphandra coriacea,20.5,0.0,0.0,0.0,0.0,0.0,0.0,0.0,0.0,0.0,0.0,5.5,
Old_Cavarkal,3,,OLCA_P3B,Benchmark,Villebrunea integrifolia,45.5,36.8,0.0,0.0,0.0,0.0,0.0,0.0,0.0,0.0,0.0,7.5,
Old_Cavarkal,3,,OLCA_P3B,Benchmark,Croton zeylanicus,11.3,0.0,0.0,0.0,0.0,0.0,0.0,0.0,0.0,0.0,0.0,3.5,
Old_Cavarkal,3,,OLCA_P3B,Benchmark,Gomphandra coriacea,15.4,0.0,0.0,0.0,0.0,0.0,0.0,0.0,0.0,0.0,0.0,7.5,
Old_Cavarkal,3,,OLCA_P3B,Benchmark,Apollonias arnottii,10.0,10.2,0.0,0.0,0.0,0.0,0.0,0.0,0.0,0.0,0.0,7.5,
Old_Cavarkal,3,,OLCA_P3B,Benchmark,Villebrunea integrifolia,31.2,0.0,0.0,0.0,0.0,0.0,0.0,0.0,0.0,0.0,0.0,8.0,
Old_Cavarkal,3,,OLCA_P3B,Benchmark,Unidentified,12.2,12.7,0.0,0.0,0.0,0.0,0.0,0.0,0.0,0.0,0.0,3.5,
Old_Cavarkal,3,,OLCA_P3B,Benchmark,Beilschmiedia wightii,16.9,0.0,0.0,0.0,0.0,0.0,0.0,0.0,0.0,0.0,0.0,7.0,
Old_Cavarkal,3,,OLCA_P3B,Benchmark,Dimocarpus longan,13.0,0.0,0.0,0.0,0.0,0.0,0.0,0.0,0.0,0.0,0.0,7.0,
Old_Cavarkal,3,,OLCA_P3B,Benchmark,Ardisia pauciflora,13.2,0.0,0.0,0.0,0.0,0.0,0.0,0.0,0.0,0.0,0.0,7.0,
Old_Cavarkal,3,,OLCA_P3B,Benchmark,Villebrunea integrifolia,14.8,0.0,0.0,0.0,0.0,0.0,0.0,0.0,0.0,0.0,0.0,7.0,
Old_Cavarkal,3,,OLCA_P3B,Benchmark,Villebrunea integrifolia,23.5,0.0,0.0,0.0,0.0,0.0,0.0,0.0,0.0,0.0,0.0,6.5,
Old_Cavarkal,3,,OLCA_P3B,Benchmark,Cryptocarya anamalayana,10.0,9.0,0.0,0.0,0.0,0.0,0.0,0.0,0.0,0.0,0.0,4.0,
Old_Cavarkal,3,,OLCA_P3B,Benchmark,Agrostistachys borneansis,12.0,0.0,0.0,0.0,0.0,0.0,0.0,0.0,0.0,0.0,0.0,4.0,
Old_Cavarkal,3,,OLCA_P3B,Benchmark,Apollonias arnottii,11.0,11.0,0.0,0.0,0.0,0.0,0.0,0.0,0.0,0.0,0.0,5.5,
Old_Cavarkal,3,,OLCA_P3B,Benchmark,Ardisia pauciflora,14.7,0.0,0.0,0.0,0.0,0.0,0.0,0.0,0.0,0.0,0.0,4.0,
Old_Cavarkal,3,,OLCA_P3B,Benchmark,Myristica dactyloides,21.8,0.0,0.0,0.0,0.0,0.0,0.0,0.0,0.0,0.0,0.0,6.0,
Old_Cavarkal,3,,OLCA_P3B,Benchmark,Villebrunea integrifolia,17.9,0.0,0.0,0.0,0.0,0.0,0.0,0.0,0.0,0.0,0.0,6.0,
Old_Cavarkal,3,,OLCA_P3B,Benchmark,Villebrunea integrifolia,14.1,14.2,0.0,0.0,0.0,0.0,0.0,0.0,0.0,0.0,0.0,6.0,
Old_Cavarkal,3,,OLCA_P3B,Benchmark,Persea macarantha,10.0,0.0,0.0,0.0,0.0,0.0,0.0,0.0,0.0,0.0,0.0,5.5,
Old_Cavarkal,3,,OLCA_P3B,Benchmark,Ficus hispida,18.2,0.0,0.0,0.0,0.0,0.0,0.0,0.0,0.0,0.0,0.0,6.0,
Old_Cavarkal,3,,OLCA_P3B,Benchmark,Elaeocarpus serratus,14.2,0.0,0.0,0.0,0.0,0.0,0.0,0.0,0.0,0.0,0.0,6.0,
Old_Cavarkal,3,,OLCA_P3B,Benchmark,Villebrunea integrifolia,19.8,31.5,19.6,0.0,0.0,0.0,0.0,0.0,0.0,0.0,0.0,5.5,
Old_Cavarkal,3,,OLCA_P3B,Benchmark,Cullenia exarillata,296.0,0.0,0.0,0.0,0.0,0.0,0.0,0.0,0.0,0.0,0.0,30.0,
Old_Cavarkal,3,,OLCA_P3B,Benchmark,Palaquium ellipticum,215.0,0.0,0.0,0.0,0.0,0.0,0.0,0.0,0.0,0.0,0.0,25.0,
Old_Cavarkal,3,,OLCA_P3B,Benchmark,Villebrunea integrifolia,25.8,0.0,0.0,0.0,0.0,0.0,0.0,0.0,0.0,0.0,0.0,4.5,
Old_Cavarkal,3,,OLCA_P3B,Benchmark,Neolitsea sp.,14.5,0.0,0.0,0.0,0.0,0.0,0.0,0.0,0.0,0.0,0.0,5.5,
Old_Cavarkal,3,,OLCA_P3B,Benchmark,Syzygium sp.,8.5,12.1,12.0,0.0,0.0,0.0,0.0,0.0,0.0,0.0,0.0,3.5,
Old_Cavarkal,3,,OLCA_P3B,Benchmark,Syzygium sp.,11.0,0.0,0.0,0.0,0.0,0.0,0.0,0.0,0.0,0.0,0.0,3.0,
Old_Cavarkal,3,,OLCA_P3B,Benchmark,Mesua ferrea,13.2,0.0,0.0,0.0,0.0,0.0,0.0,0.0,0.0,0.0,0.0,5.5,
Old_Cavarkal,3,,OLCA_P3B,Benchmark,Gomphandra coriacea,12.7,0.0,0.0,0.0,0.0,0.0,0.0,0.0,0.0,0.0,0.0,3.5,
Old_Cavarkal,3,,OLCA_P3B,Benchmark,Litsea floribunda,14.2,0.0,0.0,0.0,0.0,0.0,0.0,0.0,0.0,0.0,0.0,4.0,
Old_Cavarkal,3,,OLCA_P3B,Benchmark,Apollonias arnottii,16.3,0.0,0.0,0.0,0.0,0.0,0.0,0.0,0.0,0.0,0.0,3.0,
Old_Cavarkal,3,,OLCA_P3B,Benchmark,Gomphandra coriacea,13.8,0.0,0.0,0.0,0.0,0.0,0.0,0.0,0.0,0.0,0.0,3.0,
Old_Cavarkal,4,,OLCA_P4B,Benchmark,Gomphandra coriacea,110.0,0.0,0.0,0.0,0.0,0.0,0.0,0.0,0.0,0.0,0.0,11.0,
Old_Cavarkal,4,,OLCA_P4B,Benchmark,Villebrunea integrifolia,97.5,0.0,0.0,0.0,0.0,0.0,0.0,0.0,0.0,0.0,0.0,12.0,
Old_Cavarkal,4,,OLCA_P4B,Benchmark,Villebrunea integrifolia,55.5,25.0,0.0,0.0,0.0,0.0,0.0,0.0,0.0,0.0,0.0,11.0,
Old_Cavarkal,4,,OLCA_P4B,Benchmark,Villebrunea integrifolia,24.8,0.0,0.0,0.0,0.0,0.0,0.0,0.0,0.0,0.0,0.0,5.5,
Old_Cavarkal,4,,OLCA_P4B,Benchmark,Villebrunea integrifolia,63.6,14.8,64.8,0.0,0.0,0.0,0.0,0.0,0.0,0.0,0.0,11.0,
Old_Cavarkal,4,,OLCA_P4B,Benchmark,Dendrocnide sinuata,20.2,9.8,0.0,0.0,0.0,0.0,0.0,0.0,0.0,0.0,0.0,5.5,
Old_Cavarkal,4,,OLCA_P4B,Benchmark,Villebrunea integrifolia,27.6,0.0,0.0,0.0,0.0,0.0,0.0,0.0,0.0,0.0,0.0,6.0,
Old_Cavarkal,4,,OLCA_P4B,Benchmark,Vepris bilocularis,17.6,0.0,0.0,0.0,0.0,0.0,0.0,0.0,0.0,0.0,0.0,6.0,
Old_Cavarkal,4,,OLCA_P4B,Benchmark,Antidesma menausa,10.5,0.0,0.0,0.0,0.0,0.0,0.0,0.0,0.0,0.0,0.0,3.5,
Old_Cavarkal,4,,OLCA_P4B,Benchmark,Villebrunea integrifolia,22.8,14.5,0.0,0.0,0.0,0.0,0.0,0.0,0.0,0.0,0.0,6.5,
Old_Cavarkal,4,,OLCA_P4B,Benchmark,Villebrunea integrifolia,58.0,0.0,0.0,0.0,0.0,0.0,0.0,0.0,0.0,0.0,0.0,6.5,
Old_Cavarkal,4,,OLCA_P4B,Benchmark,Unidentified,14.1,0.0,0.0,0.0,0.0,0.0,0.0,0.0,0.0,0.0,0.0,4.0,
Old_Cavarkal,4,,OLCA_P4B,Benchmark,Villebrunea integrifolia,72.4,57.0,0.0,0.0,0.0,0.0,0.0,0.0,0.0,0.0,0.0,7.0,
Old_Cavarkal,4,,OLCA_P4B,Benchmark,Villebrunea integrifolia,30.0,0.0,0.0,0.0,0.0,0.0,0.0,0.0,0.0,0.0,0.0,6.0,
Old_Cavarkal,4,,OLCA_P4B,Benchmark,Villebrunea integrifolia,151.0,0.0,0.0,0.0,0.0,0.0,0.0,0.0,0.0,0.0,0.0,7.0,
Old_Cavarkal,4,,OLCA_P4B,Benchmark,Villebrunea integrifolia,44.0,59.5,0.0,0.0,0.0,0.0,0.0,0.0,0.0,0.0,0.0,8.0,
Old_Cavarkal,4,,OLCA_P4B,Benchmark,Villebrunea integrifolia,22.3,0.0,0.0,0.0,0.0,0.0,0.0,0.0,0.0,0.0,0.0,5.5,
Old_Cavarkal,4,,OLCA_P4B,Benchmark,Unidentified,11.7,0.0,0.0,0.0,0.0,0.0,0.0,0.0,0.0,0.0,0.0,5.5,
Old_Cavarkal,4,,OLCA_P4B,Benchmark,Villebrunea integrifolia,20.9,0.0,0.0,0.0,0.0,0.0,0.0,0.0,0.0,0.0,0.0,6.5,
Old_Cavarkal,4,,OLCA_P4B,Benchmark,Villebrunea integrifolia,14.2,0.0,0.0,0.0,0.0,0.0,0.0,0.0,0.0,0.0,0.0,4.5,
Old_Cavarkal,4,,OLCA_P4B,Benchmark,Villebrunea integrifolia,37.5,0.0,0.0,0.0,0.0,0.0,0.0,0.0,0.0,0.0,0.0,6.5,
Old_Cavarkal,4,,OLCA_P4B,Benchmark,Villebrunea integrifolia,116.0,0.0,0.0,0.0,0.0,0.0,0.0,0.0,0.0,0.0,0.0,7.0,
Old_Cavarkal,4,,OLCA_P4B,Benchmark,Villebrunea integrifolia,26.4,0.0,0.0,0.0,0.0,0.0,0.0,0.0,0.0,0.0,0.0,6.5,
Old_Cavarkal,4,,OLCA_P4B,Benchmark,Villebrunea integrifolia,39.4,0.0,0.0,0.0,0.0,0.0,0.0,0.0,0.0,0.0,0.0,7.0,
Old_Cavarkal,4,,OLCA_P4B,Benchmark,Villebrunea integrifolia,14.3,0.0,0.0,0.0,0.0,0.0,0.0,0.0,0.0,0.0,0.0,5.5,
Old_Cavarkal,4,,OLCA_P4B,Benchmark,Villebrunea integrifolia,17.5,16.5,18.6,0.0,0.0,0.0,0.0,0.0,0.0,0.0,0.0,6.5,
Old_Cavarkal,4,,OLCA_P4B,Benchmark,Villebrunea integrifolia,12.5,0.0,0.0,0.0,0.0,0.0,0.0,0.0,0.0,0.0,0.0,5.5,
Old_Cavarkal,4,,OLCA_P4B,Benchmark,Villebrunea integrifolia,11.8,11.1,0.0,0.0,0.0,0.0,0.0,0.0,0.0,0.0,0.0,5.0,
Old_Cavarkal,4,,OLCA_P4B,Benchmark,Villebrunea integrifolia,38.1,0.0,0.0,0.0,0.0,0.0,0.0,0.0,0.0,0.0,0.0,8.0,
Old_Cavarkal,4,,OLCA_P4B,Benchmark,Villebrunea integrifolia,11.4,0.0,0.0,0.0,0.0,0.0,0.0,0.0,0.0,0.0,0.0,4.0,
Old_Cavarkal,4,,OLCA_P4B,Benchmark,Villebrunea integrifolia,10.3,0.0,0.0,0.0,0.0,0.0,0.0,0.0,0.0,0.0,0.0,4.0,
Old_Cavarkal,4,,OLCA_P4B,Benchmark,Palaquium ellipticum,199.2,0.0,0.0,0.0,0.0,0.0,0.0,0.0,0.0,0.0,0.0,30.0,
Old_Cavarkal,4,,OLCA_P4B,Benchmark,Cullenia exarillata,451.5,0.0,0.0,0.0,0.0,0.0,0.0,0.0,0.0,0.0,0.0,35.0,
Old_Cavarkal,5,,OLCA_P5B,Benchmark,Clerodendrum infortunatum,15.2,0.0,0.0,0.0,0.0,0.0,0.0,0.0,0.0,0.0,0.0,4.0,
Old_Cavarkal,5,,OLCA_P5B,Benchmark,Maesa indica,12.0,0.0,0.0,0.0,0.0,0.0,0.0,0.0,0.0,0.0,0.0,5.0,
Old_Cavarkal,5,,OLCA_P5B,Benchmark,Villebrunea integrifolia,17.0,14.0,0.0,0.0,0.0,0.0,0.0,0.0,0.0,0.0,0.0,5.0,
Old_Cavarkal,5,,OLCA_P5B,Benchmark,Maesa indica,14.0,0.0,0.0,0.0,0.0,0.0,0.0,0.0,0.0,0.0,0.0,5.0,
Old_Cavarkal,5,,OLCA_P5B,Benchmark,Clerodendrum infortunatum,13.0,8.0,0.0,0.0,0.0,0.0,0.0,0.0,0.0,0.0,0.0,4.0,
Old_Cavarkal,5,,OLCA_P5B,Benchmark,Litsea floribunda,24.1,0.0,0.0,0.0,0.0,0.0,0.0,0.0,0.0,0.0,0.0,5.5,
Old_Cavarkal,5,,OLCA_P5B,Benchmark,Litsea floribunda,12.0,11.7,0.0,0.0,0.0,0.0,0.0,0.0,0.0,0.0,0.0,3.5,
Old_Cavarkal,5,,OLCA_P5B,Benchmark,Ficus exasperata,100.0,0.0,0.0,0.0,0.0,0.0,0.0,0.0,0.0,0.0,0.0,15.0,
Old_Cavarkal,5,,OLCA_P5B,Benchmark,Litsea floribunda,14.1,0.0,0.0,0.0,0.0,0.0,0.0,0.0,0.0,0.0,0.0,3.0,
Old_Cavarkal,5,,OLCA_P5B,Benchmark,Dimocarpus longan,15.3,0.0,0.0,0.0,0.0,0.0,0.0,0.0,0.0,0.0,0.0,6.0,
Old_Cavarkal,5,,OLCA_P5B,Benchmark,Syzygium laetum,13.5,0.0,0.0,0.0,0.0,0.0,0.0,0.0,0.0,0.0,0.0,3.0,
Old_Cavarkal,5,,OLCA_P5B,Benchmark,Antidesma menausa,79.8,0.0,0.0,0.0,0.0,0.0,0.0,0.0,0.0,0.0,0.0,8.0,
Old_Cavarkal,5,,OLCA_P5B,Benchmark,Ficus exasperata,92.5,0.0,0.0,0.0,0.0,0.0,0.0,0.0,0.0,0.0,0.0,11.0,
Old_Cavarkal,5,,OLCA_P5B,Benchmark,Clerodendrum infortunatum,14.0,0.0,0.0,0.0,0.0,0.0,0.0,0.0,0.0,0.0,0.0,4.5,
Old_Cavarkal,5,,OLCA_P5B,Benchmark,Dimocarpus longan,13.4,0.0,0.0,0.0,0.0,0.0,0.0,0.0,0.0,0.0,0.0,5.0,
Old_Cavarkal,5,,OLCA_P5B,Benchmark,Clerodendrum infortunatum,18.9,0.0,0.0,0.0,0.0,0.0,0.0,0.0,0.0,0.0,0.0,5.0,
Old_Cavarkal,5,,OLCA_P5B,Benchmark,Myristica dactyloides,15.6,9.5,0.0,0.0,0.0,0.0,0.0,0.0,0.0,0.0,0.0,4.5,
Old_Cavarkal,5,,OLCA_P5B,Benchmark,Clerodendrum infortunatum,19.0,0.0,0.0,0.0,0.0,0.0,0.0,0.0,0.0,0.0,0.0,5.0,
Old_Cavarkal,5,,OLCA_P5B,Benchmark,Clerodendrum infortunatum,12.7,0.0,0.0,0.0,0.0,0.0,0.0,0.0,0.0,0.0,0.0,4.0,
Old_Cavarkal,5,,OLCA_P5B,Benchmark,Holigarna nigra,12.5,0.0,0.0,0.0,0.0,0.0,0.0,0.0,0.0,0.0,0.0,3.0,
Old_Cavarkal,5,,OLCA_P5B,Benchmark,Myristica dactyloides,16.8,0.0,0.0,0.0,0.0,0.0,0.0,0.0,0.0,0.0,0.0,4.5,
Old_Cavarkal,5,,OLCA_P5B,Benchmark,Actinodaphne bourdillonii,13.0,0.0,0.0,0.0,0.0,0.0,0.0,0.0,0.0,0.0,0.0,4.0,
Old_Cavarkal,5,,OLCA_P5B,Benchmark,Antidesma menausa,15.0,0.0,0.0,0.0,0.0,0.0,0.0,0.0,0.0,0.0,0.0,4.0,
Old_Cavarkal,5,,OLCA_P5B,Benchmark,Symplocos cochinchinensis,26.5,13.0,0.0,0.0,0.0,0.0,0.0,0.0,0.0,0.0,0.0,5.5,
Old_Cavarkal,5,,OLCA_P5B,Benchmark,Unidentified,12.1,0.0,0.0,0.0,0.0,0.0,0.0,0.0,0.0,0.0,0.0,3.0,
Old_Cavarkal,5,,OLCA_P5B,Benchmark,Persea macarantha,22.5,15.0,15.9,0.0,0.0,0.0,0.0,0.0,0.0,0.0,0.0,6.0,
Old_Cavarkal,5,,OLCA_P5B,Benchmark,Maesa indica,13.5,0.0,0.0,0.0,0.0,0.0,0.0,0.0,0.0,0.0,0.0,4.0,
Old_Cavarkal,5,,OLCA_P5B,Benchmark,Litsea floribunda,21.5,20.0,0.0,0.0,0.0,0.0,0.0,0.0,0.0,0.0,0.0,6.0,
Old_Cavarkal,5,,OLCA_P5B,Benchmark,Cinnamomum malabathrum,15.0,0.0,0.0,0.0,0.0,0.0,0.0,0.0,0.0,0.0,0.0,6.0,
Old_Cavarkal,5,,OLCA_P5B,Benchmark,Dimocarpus longan,11.4,0.0,0.0,0.0,0.0,0.0,0.0,0.0,0.0,0.0,0.0,5.5,
Old_Cavarkal,5,,OLCA_P5B,Benchmark,Clerodendrum infortunatum,31.5,0.0,0.0,0.0,0.0,0.0,0.0,0.0,0.0,0.0,0.0,6.0,
Old_Cavarkal,5,,OLCA_P5B,Benchmark,Dimocarpus longan,16.0,15.1,11.8,11.9,0.0,0.0,0.0,0.0,0.0,0.0,0.0,6.5,
Old_Cavarkal,5,,OLCA_P5B,Benchmark,Dimocarpus longan,14.7,10.4,0.0,0.0,0.0,0.0,0.0,0.0,0.0,0.0,0.0,5.5,
Old_Cavarkal,5,,OLCA_P5B,Benchmark,Ficus callosa,177.5,0.0,0.0,0.0,0.0,0.0,0.0,0.0,0.0,0.0,0.0,17.0,
Old_Cavarkal,5,,OLCA_P5B,Benchmark,Dimocarpus longan,14.9,0.0,0.0,0.0,0.0,0.0,0.0,0.0,0.0,0.0,0.0,6.0,
Old_Cavarkal,5,,OLCA_P5B,Benchmark,Diospyros sylvatica,89.3,0.0,0.0,0.0,0.0,0.0,0.0,0.0,0.0,0.0,0.0,13.0,
Old_Cavarkal,5,,OLCA_P5B,Benchmark,Syzygium sp.,15.0,24.5,22.0,0.0,0.0,0.0,0.0,0.0,0.0,0.0,0.0,7.0,
Old_Cavarkal,5,,OLCA_P5B,Benchmark,Mastixia arborea,196.5,0.0,0.0,0.0,0.0,0.0,0.0,0.0,0.0,0.0,0.0,27.0,
Old_Cavarkal,5,,OLCA_P5B,Benchmark,Heritiera papilio,274.0,0.0,0.0,0.0,0.0,0.0,0.0,0.0,0.0,0.0,0.0,30.0,
Old_Cavarkal,5,,OLCA_P5B,Benchmark,Maesa indica,12.3,0.0,0.0,0.0,0.0,0.0,0.0,0.0,0.0,0.0,0.0,4.0,
Old_Cavarkal,5,,OLCA_P5B,Benchmark,Atalantia racemosa,13.0,11.0,0.0,0.0,0.0,0.0,0.0,0.0,0.0,0.0,0.0,2.0,
Old_Cavarkal,5,,OLCA_P5B,Benchmark,Myristica dactyloides,18.6,0.0,0.0,0.0,0.0,0.0,0.0,0.0,0.0,0.0,0.0,6.0,
Old_Cavarkal,5,,OLCA_P5B,Benchmark,Cinnamomum malabathrum,13.0,0.0,0.0,0.0,0.0,0.0,0.0,0.0,0.0,0.0,0.0,4.0,
Old_Cavarkal,5,,OLCA_P5B,Benchmark,Syzygium laetum,11.4,0.0,0.0,0.0,0.0,0.0,0.0,0.0,0.0,0.0,0.0,3.0,
Old_Cavarkal,5,,OLCA_P5B,Benchmark,Cinnamomum malabathrum,15.6,0.0,0.0,0.0,0.0,0.0,0.0,0.0,0.0,0.0,0.0,3.0,
Old_Cavarkal,5,,OLCA_P5B,Benchmark,Syzygium laetum,14.8,11.0,0.0,0.0,0.0,0.0,0.0,0.0,0.0,0.0,0.0,3.0,
Old_Cavarkal,5,,OLCA_P5B,Benchmark,Antidesma menausa,74.6,0.0,0.0,0.0,0.0,0.0,0.0,0.0,0.0,0.0,0.0,6.0,
Old_Cavarkal,5,,OLCA_P5B,Benchmark,Syzygium laetum,12.4,0.0,0.0,0.0,0.0,0.0,0.0,0.0,0.0,0.0,0.0,3.5,
Old_Cavarkal,5,,OLCA_P5B,Benchmark,Macaranga peltata,59.0,0.0,0.0,0.0,0.0,0.0,0.0,0.0,0.0,0.0,0.0,8.0,
Old_Cavarkal,5,,OLCA_P5B,Benchmark,Cullenia exarillata,404.5,0.0,0.0,0.0,0.0,0.0,0.0,0.0,0.0,0.0,0.0,26.0,
